timeSec,scenarioName,networkRuntimeMode,networkModeSendingEnabled,networkModeReceivingEnabled,networkExperimentActive,networkExperimentScenarioName,networkExperimentAdaptiveMode,networkExperimentRemainingSec,networkExperimentStepIndex,networkExperimentStepCount,frameId,receiveFps,decodeFps,displayFps,currentLatencyMs,averageLatencyMs,currentRttMs,averageRttMs,currentJitterMs,packetLossRate,frameDropRate,receivedPackets,missingPackets,sequenceGapPackets,sequenceGapRecoveredPackets,duplicatePackets,duplicateOriginalPackets,duplicateRetransmitPackets,duplicateLateAfterCompletedPackets,duplicateLateAfterCompletedOriginalPackets,duplicateLateAfterCompletedRetransmitPackets,duplicateLateAfterExpiredPackets,duplicateLateAfterRejectedPackets,reorderedPackets,completedFrames,droppedFrames,deadlineDroppedFrames,outputQueueDroppedFrames,outputQueueDropEvents,outputQueueDropBurstEvents,startupWarmupSec,startupWarmupActive,outputQueueDroppedFramesDelta,outputQueueDropEventsDelta,outputQueueDropBurstEventsDelta,startupOutputQueueDroppedFrames,startupOutputQueueDropEvents,startupOutputQueueDropBurstEvents,steadyOutputQueueDroppedFrames,steadyOutputQueueDropEvents,steadyOutputQueueDropBurstEvents,evaluationOutputQueueDroppedFrames,evaluationOutputQueueDropEvents,evaluationOutputQueueDropBurstEvents,lastOutputQueueDropFrameCount,lastOutputQueueDropQueueSize,lastOutputQueueDropOldestAgeMs,lastOutputQueueDropNewestAgeMs,maxOutputQueueDropOldestAgeMs,lastOutputQueueDropReason,completedQueuePushes,completedQueuePops,completedQueueEmptyPolls,completedQueueSize,maxCompletedQueueSize,completedQueueLastPopAgeMs,completedQueueMaxPopAgeMs,completedQueueLastPushIntervalMs,completedQueueMaxPushIntervalMs,lastOutputQueueDropPopAgeMs,lastOutputQueueDropPushIntervalMs,decodedFrames,displayedFrames,frameRecoveryOutcomeEvents,frameRecoveryCompletedFrames,frameRecoveryExpiredFrames,frameRecoveryRejectedFrames,frameRecoveryNackSentFrames,frameRecoveryFecRecoveredFrames,frameRecoveryLastFrameId,frameRecoveryLastStreamId,frameRecoveryLastEvent,frameRecoveryLastOutcome,frameRecoveryLastCodec,frameRecoveryLastKeyFrame,frameRecoveryLastLargeFrame,frameRecoveryLastChunkCount,frameRecoveryLastReceivedChunks,frameRecoveryLastMissingChunks,frameRecoveryLastFecParityPackets,frameRecoveryLastFecRecoveredChunks,frameRecoveryLastNackCount,frameRecoveryLastPostNackReceivedChunks,frameRecoveryLastNackRequestedChunks,frameRecoveryLastRetransmitReceivedChunks,frameRecoveryLastRetransmitDuplicatePackets,frameRecoveryLastPacketSequence,frameRecoveryLastPacketChunkIndex,frameRecoveryLastRetransmitSequence,frameRecoveryLastRetransmitChunkIndex,frameRecoveryLastEventPacketSequence,frameRecoveryLastEventPacketChunkIndex,frameRecoveryLastEventWasRetransmit,frameRecoveryLastAgeMs,retransmitUsefulChunks,retransmitDuplicatePackets,retransmitLateAfterCompletedPackets,retransmitLateAfterCompletedLargePackets,retransmitLateAfterCompletedSentBeforeCompletePackets,retransmitLateAfterCompletedSentAfterCompletePackets,retransmitLateAfterCompletedAvgSendToCompleteMs,retransmitLateAfterCompletedAvgDelayMs,retransmitLateAfterCompletedMaxDelayMs,retransmitLateAfterExpiredPackets,retransmitLateAfterRejectedPackets,retransmitClassifiedPackets,retransmitNotArrivedPackets,retransmitAccountedPackets,retransmitUnclassifiedPackets,retransmitCompletedFrames,retransmitExpiredFrames,retransmitUsefulnessRatio,retransmitDuplicateRatio,retransmitFinalClassificationRatio,retransmitFinalAccountingRatio,retransmitExpiredAfterUsefulRatio,dynamicNackDeadlineMs,dynamicNackUsefulnessRatio,dynamicNackDuplicateRatio,dynamicNackExpiredAfterRetransmitRatio,dynamicNackDecisionReason,nackSuppressedFrames,nackSuppressedMissingChunks,nackPreflightSuppressedFrames,nackPreflightSuppressedChunks,nackFecGraceSuppressedFrames,nackFecGraceSuppressedChunks,nackPredictedUsefulFrames,nackPredictedUsefulChunks,nackDeferredForLikelyArrivalFrames,nackDeferredForLikelyArrivalChunks,nackSkippedTooLateFrames,nackSkippedTooLateChunks,nackRequestedChunkBudget,nackLastShapingReason,nackLastSuppressionReason,ackCount,lastAckMissingRate,ackRetransmittedFrames,ackRetransmittedChunks,repairCanceledByCompleteAckPackets,repairSkippedByTtlPackets,repairQueuedButCanceledPackets,repairSentAfterCompleteAckPackets,repairSentAfterCompleteAckLargePackets,repairSuppressedByFecLikelyFrames,repairSuppressedByFecLikelyPackets,repairSuppressedByFecLikelyLargeFrames,repairSuppressedByFecLikelyLargePackets,repairBudgetSuppressedFrames,repairBudgetSuppressedPackets,repairBudgetSuppressedLargeFrames,repairBudgetSuppressedLargePackets,repairRaceGuardSuppressedFrames,repairRaceGuardSuppressedPackets,repairRaceGuardSuppressedLargePackets,repairBudgetProfile,repairBudgetProfileSwitches,repairBudgetSmoothedMissingRate,repairBudgetSmoothedPacingQueueDelayMs,repairBudgetSmoothedDeliveryMs,repairFecLikelySuppressedCompletedFrames,repairFecLikelySuppressedCompletedPackets,repairFecLikelySuppressedExpiredFrames,repairFecLikelySuppressedExpiredPackets,repairFecLikelySuppressedPendingFrames,repairFecLikelySuppressedPendingPackets,repairFecLikelySuppressionRescueFrames,repairFecLikelySuppressionRescuePackets,lateRepairSavedPackets,ackStaleDroppedFrames,ackKeyFrameRequests,ackKeyFramePending,pacingEnabled,pacingTargetBitrateBps,pacingRepairTargetBitrateBps,pacingQueuedPackets,pacingHighPriorityQueuedPackets,pacingNormalQueuedPackets,pacingEnqueuedPackets,pacingSentPackets,pacingSentBytes,pacingRepairSentPackets,pacingRepairSentBytes,pacingRepairBorrowedPackets,pacingRepairBorrowedBytes,pacingDroppedPackets,pacingDeadlineDroppedPackets,pacingHighPriorityDeadlineDroppedPackets,pacingNormalDeadlineDroppedPackets,pacingOverflowDroppedPackets,pacingCurrentQueueDelayMs,pacingMaxQueueDelayMs,pacingVideoCreditBytes,pacingRepairCreditBytes,transportFeedbackPackets,transportFeedbackPacketStatuses,transportFeedbackReceivedPackets,transportFeedbackMissingPackets,transportFeedbackSequenceGapPackets,transportFeedbackSequenceGapRecoveredPackets,transportFeedbackLossRate,transportFeedbackArrivalJitterMs,transportFeedbackQueueDelayTrendMs,transportFeedbackLastSequence,estimatedBandwidthBps,deliveryRateBps,bandwidthQueueDelayMs,bandwidthRttTrendMs,bandwidthLossTrend,bandwidthJitterTrendMs,bandwidthFeedbackSamples,deadlineNackSentFrames,deadlineNackRecoveredFrames,deadlineNackMissingChunks,deadlineNackSentH264KeyFrames,deadlineNackSentH264LargeFrames,deadlineNackSentH264DeltaFrames,deadlineNackExpiredDroppedFrames,deadlineNackExpiredAfterNackFrames,deadlineNackExpiredMissingChunks,deadlineNackExpiredH264KeyFrames,deadlineNackExpiredH264LargeFrames,deadlineNackExpiredH264DeltaFrames,fecEnabled,adaptiveFecEnabled,fecGroupChunkCount,fecParityPackets,fecRecoveredFrames,fecRecoveredChunks,h264ReassemblerAuRejectedFrames,h264ReassemblerHeaderFailures,h264ReassemblerPayloadSizeMismatches,h264ReassemblerFrameIdMismatches,h264ReassemblerCrcMismatches,h264ReassemblerLastRejectReason,adaptiveFecDecisionReason,adaptiveFecHoldReason,adaptiveFecG8ToG4Recovery,adaptiveFecQualityHoldActive,adaptiveFecQualityHoldCanceled,adaptiveFecEmergencyG2Active,adaptiveFecEarlyOffReason,adaptiveEnabled,adaptiveControlMode,adaptiveCongestionControlMode,targetJpegQuality,targetFps,targetBitrateKbps,adaptiveBandwidthCeilingKbps,targetWidth,targetHeight,actualCodec,actualEncodeWidth,actualEncodeHeight,actualRawFrameBytes,actualEncodedFrameBytes,rawFrameBytes,encodedFrameBytes,compressionRatio,captureFps,cameraCaptureSubtype,cameraCaptureWidth,cameraCaptureHeight,cameraCaptureFormatFps,encodeMs,resizeMs,nv12PrepareMs,h264EncodeMs,h264EncoderRequestedBitrateKbps,h264EncoderTargetBitrateKbps,h264EncoderAppliedBitrateKbps,h264DynamicBitrateUpdateRequests,h264DynamicBitrateUpdateSuccesses,h264DynamicBitrateUpdateFailures,h264EncoderReinitializations,pacingBudgetTargetBitrateKbps,h264VideoBudgetScale,pacingBurstGuardActive,fixedPacingRecentMaxQueueDelayMs,fixedPacingQueueReleaseStableSec,fixedPacingQueueRecovered,fixedPacingQueueReleaseEligible,adaptiveRepairBudgetUtilization,adaptiveRepairBorrowedRatio,adaptiveRepairSentBytesDelta,adaptiveRepairBorrowedBytesDelta,adaptiveRepairBudgetGuardActive,adaptiveRepairVideoBudgetPressure,adaptiveRetransmitUsefulRatio,adaptiveLateRepairWasteRatio,adaptiveRetransmitNotArrivedRatio,adaptiveRetransmitAccountingComplete,adaptiveLateRepairWastePressure,adaptiveRetransmitNotArrivedPressure,adaptiveRepairDecisionReason,h264AuChunkCount,h264AuIsIdr,h264AuIsDecoderSync,h264AuProtectionLevel,h264AuDroppedBeforeSend,h264AuDropReason,h264AuDroppedBytes,h264AuDroppedChunks,h264AuPacingQueueDelayMs,h264AuEstimatedSendMs,h264InputGatedByPacing,h264InputGateReason,h264InputGateQueueDelayMs,h264InputGateVideoCreditBytes,h264InputGateFrameBudgetBytes,h264InputGateDurationMs,h264InputGateConsecutiveFrames,h264InputGateSkippedInputFrames,h264InputGateForcedOpen,h264InputGateReleaseReason,fecProtectedH264KeyFrames,fecProtectedH264LargeFrames,h264EncoderDelayFrames,h264EncoderDelayMs,h264EncoderPendingFrames,h264EncodedInputFrameId,h264EncoderCallMs,h264EncoderSampleCreateMs,h264EncoderProcessInputMs,h264EncoderPreInputPollMs,h264EncoderPostInputWaitMs,h264EncoderProcessOutputMs,h264EncoderOutputCopyMs,h264EncoderProcessOutputAttempts,h264EncoderAsyncEventCount,h264EncoderHardware,h264EncoderAsync,h264EncoderNeedInputSignaled,h264EncoderOutputProduced,h264EncoderOutputProducedBeforeInput,h264SubmittedNewInput,h264AsyncSubmittedWithoutOutput,h264AsyncPendingNoOutput,h264AsyncCadenceHoldActive,h264AsyncPendingNoOutputStreak,h264AsyncCadenceScale,h264AsyncCadenceHoldRemainingMs,h264AsyncOutputPollBackoffMs,h264InputCadenceFps,h264NeedInputSubmitWake,h264NeedInputSubmitLeadMs,encodedCameraFrameId,encodedCameraSourceTimestamp100ns,encodedCameraCaptureCompletedTimeUs,encodedCameraFrameAgeMs,encodedCameraReadSampleMs,encodedCameraReadSampleEndToCaptureMs,encodedCameraCaptureToPublishMs,encodedCameraPublishToAcquireMs,encodedCameraAcquireToEncoderInputMs,jpegEncodeMs,packetizeMs,sendFrameIntervalMs,cameraFrameReady,cameraFrameId,cameraSourceTimestamp100ns,cameraReadSampleStartTimeUs,cameraReadSampleEndTimeUs,cameraCaptureCompletedTimeUs,cameraFramePublishedTimeUs,cameraSenderAcquireTimeUs,cameraReadSampleMs,cameraReadSampleEndToCaptureMs,cameraCaptureToPublishMs,cameraPublishToAcquireMs,cameraAcquireToSendMs,cameraFrameAgeMs,cameraFrameCacheUsed,receiveJpegDecodeMs,receiveDecodeWorkerFps,receiveDecodeWorkerFrames,receiveDecodePopSuccesses,receiveDecodePopEmptyPolls,receiveDecodeLoopLastPopGapMs,receiveDecodeLoopMaxPopGapMs,receiveStartupDecodeLoopMaxPopGapMs,receiveSteadyDecodeLoopMaxPopGapMs,receiveSteadyDecodeLoopMaxPopGapAtMs,receiveSteadyDecodeLoopMaxPopGapFrameId,receiveSteadyDecodeLoopMaxPopGapStreamId,receiveSteadyDecodeLoopMaxPopGapCodec,receiveSteadyDecodeLoopMaxPopGapInputFrameAgeMs,receiveSteadyDecodeLoopMaxPopGapDecodedQueueSize,receiveSteadyDecodeLoopMaxPopGapCompletedQueueSize,receiveSteadyDecodeLoopMaxPopGapCompletedQueuePopAgeMs,receiveSteadyDecodeLoopMaxPopGapCompletedQueuePushIntervalMs,receiveSteadyDecodeLoopMaxPopGapArrivalRatio,receiveSteadyDecodeLoopMaxPopGapReceiverJitterMs,receiveSteadyDecodeLoopMaxPopGapReceiverLatencyMs,receiveSteadyDecodeLoopMaxPopGapClass,receiveSteadyDecodeLoopMaxPopGapAgeMs,receiveH264StartupActive,receiveH264StartupDecoderSynced,receiveH264StartupFirstDecoded,receiveH264StartupFirstDisplayed,receiveH264StartupReady,receiveH264StartupElapsedMs,receiveH264StartupDecoderSyncMs,receiveH264StartupFirstDecodedMs,receiveH264StartupFirstDisplayedMs,receiveH264StartupReadyMs,receiveH264StartupQueueFlushFrames,receiveDecodeOverwrittenFrames,receiveDecodeQueueDroppedFrames,receiveDecodeRenderOverwriteFrames,receiveDecodeFailures,receiveFreshnessDroppedFrames,receiveFreshnessDroppedFramesDelta,receiveFreshnessDropClass,receiveFreshnessDropEvidence,receiveLastFreshnessDropAgeMs,receiveMaxFreshnessDropAgeMs,receiveLastFreshnessDropFrameId,receiveLastFreshnessDropStreamId,receiveLastFreshnessDropCodec,receiveH264AuInvalidFrames,receiveH264AuCrcMismatches,receiveH264AuPayloadSizeMismatches,receiveH264AuNalCountMismatches,receiveH264AuNoAnnexBNals,receiveH264AuIdrFlagMismatches,receiveH264AuSpsPpsFlagMismatches,receiveH264AuSyncWithoutIdr,receiveH264AuIdrWithoutSpsPps,receiveH264AuForbiddenZeroBit,receiveH264AuLastInvalidReason,receiveDecodeInputFrameAgeMs,receiveDecodeInputCameraFrameAgeMs,receiveDecodeInputEncoderOutputAgeMs,receiveLatestDecodedFrameAgeMs,receiveLatestDecodedCameraFrameAgeMs,receiveLatestDecodedEncoderOutputAgeMs,receiveFreshnessDropThresholdMs,receiveDecodeLastDropReason,receiveUploadBufferWaitMs,receiveDisplayFrameId,receiveDisplayCameraFrameAgeMs,receiveDisplayEncoderOutputAgeMs,receiveDisplayDecodedFrameAgeMs,textureUploadMs,presentGpuWaitMs,renderFramePacingWaitMs,waitableSwapChainWaitMs,presentMs,presentSyncInterval,lowLatencyPresentMode,waitableSwapChainPacingEnabled,waitableSwapChainAvailable,swapChainBufferCount,adaptiveInputPacketLossRate,adaptiveInputReceiveFps,adaptiveInputDecodeFps,adaptiveInputJitterMs,adaptiveInputDisplayFps,adaptiveQoeScore,adaptiveDegradationCause,adaptiveArrivalGapJitterSpikeActive,adaptiveFecRecoveryWorking,adaptiveFecGuardActive,adaptiveFecRecoveryEfficiency,adaptiveFecParityPacketDelta,adaptiveFecRecoveredFrameDelta,adaptiveFecRecoveredChunkDelta,simEnabled,simLossRate,simDuplicateRate,simReorderRate,simMinDelayMs,simMaxDelayMs,simBurstLossLength,simSubmittedPackets,simSentPackets,simDroppedPackets,simDuplicatedPackets,simReorderedPackets
0.117,Custom_loss6_delay0-100_dup0_reorder6_burst0,Loopback,1,1,0,,,0.000,0,21,0,0.000,0.000,0.000,0.000,0.000,0.000,0.000,0.000,0.000,0.000,0,0,0,0,0,0,0,0,0,0,0,0,0,0,0,0,0,0,0,5.000,1,0,0,0,0,0,0,0,0,0,0,0,0,0,0,0.000,0.000,0.000,,0,0,11,0,0,0.000,0.000,0.000,0.000,0.000,0.000,0,0,0,0,0,0,0,0,0,0,,,,0,0,0,0,0,0,0,0,0,0,0,0,0,0,0,0,0,0,0,0.000,0,0,0,0,0,0,0.000,0.000,0.000,0,0,0,0,0,0,0,0,0.000,0.000,0.000,0.000,0.000,0.000,0.000,0.000,0.000,,0,0,0,0,0,0,0,0,0,0,0,0,0,,,0,0.000,0,0,0,0,0,0,0,0,0,0,0,0,0,0,0,0,0,0,balanced,0,0.000,0.000,0.000,0,0,0,0,0,0,0,0,0,0,0,0,1,9500000,1200000,0,0,0,0,0,0,0,0,0,0,0,0,0,0,0,0.000,0.000,3750.000,4800.000,0,0,0,0,0,0,0.000,0.000,0.000,0,6000000,0,0.000,0.000,0.000,0.000,0,0,0,0,0,0,0,0,0,0,0,0,0,1,0,4,0,0,0,0,0,0,0,0,,disabled,,0,0,0,0,,1,Fixed Quality,Hybrid,85,30,9500,12000,640,360,,0,0,0,0,0,0,0.000,0.000,,0,0,0.000,0.000,0.000,0.000,0.000,0,0,0,0,0,0,0,0,1.000,0,0.000,0.000,1,0,0.000,0.000,0,0,0,0,0.000,0.000,0.000,0,0,0,disabled,0,0,0,,0,,0,0,0.000,0.000,0,,0.000,0.000,0.000,0.000,0,0,0,,0,0,0,0.000,0,0,0.000,0.000,0.000,0.000,0.000,0.000,0.000,0,0,0,0,0,0,0,0,0,0,0,0,1.000,0.000,0.000,0,0,0.000,0,0,0,0.000,0.000,0.000,0.000,0.000,0.000,0.000,0.000,0.000,0,0,0,0,0,0,0,0,0.000,0.000,0.000,0.000,0.000,0.000,0,0.000,0.000,0,0,11,0.000,0.000,0.000,0.000,0.000,0,0,,0.000,0,0,0.000,0.000,0.000,0.000,0.000,,-1.000,1,0,0,0,0,116.989,0.000,0.000,0.000,0.000,0,0,0,0,0,0,0,,,0.000,0.000,0,0,,0,0,0,0,0,0,0,0,0,0,,0.000,0.000,0.000,0.000,0.000,0.000,120.000,,0.000,0,0.000,0.000,0.000,0.000,0.000,0.000,0.000,0.000,1,0,0,1,3,0.000,0.000,0.000,0.000,0.000,0.000,None,0,0,0,0.000,0,0,0,1,0.060,0.000,0.060,0,100,0,0,0,0,0,0
1.119,Custom_loss6_delay0-100_dup0_reorder6_burst0,Loopback,1,1,0,,,0.000,0,21,17,22.026,18.299,17.792,121.692,72.353,0.000,0.000,84.551,0.159,0.158,296,56,298,242,43,19,1,23,14,9,0,0,242,16,3,0,0,0,0,5.000,1,0,0,0,0,0,0,0,0,0,0,0,0,0,0,0.000,0.000,0.000,,13,13,107,0,1,46.208,87.893,47.244,88.090,0.000,0.000,12,12,152,25,0,0,33,37,18,1,fec-recovered,pending,H.264,1,1,26,25,1,5,5,3,17,56,2,0,241,11,298,2,0,0,0,131.169,10,1,9,2,9,0,40.450,48.836,141.039,0,0,20,5,25,0,11,0,0.909,0.091,0.800,1.000,0.000,30.000,0.333,0.667,0.000,stable,1,7,0,0,1,7,33,328,0,0,0,0,328,predicted-useful,fec-grace,65,0.192,9,25,0,0,0,0,0,0,0,0,0,3,54,3,54,0,0,0,jitter-ack-loss,0,0.791,1.602,109.602,0,0,0,0,0,0,0,0,54,36,47,0,1,9500000,1200000,17,0,17,397,380,457101,25,29770,2,2488,0,0,0,0,0,0.741,30.067,358.062,4800.000,22,562,273,172,289,117,0.387,3.624,1.281,22,6803601,10427560,1.146,0.000,0.488,12.909,562,33,11,328,31,2,0,0,0,0,0,0,0,1,0,4,45,37,37,0,0,0,0,0,,disabled,,0,0,0,0,,1,Fixed Quality,Hybrid,85,30,9500,12000,640,360,H.264,480,270,518400,30264,518400,30264,0.058,0.000,,0,0,0.000,2.403,0.000,0.000,0.059,7250,7250,7250,0,0,0,1,9500,1.000,0,15.747,0.000,0,0,0.000,0.000,0,0,0,0,0.400,0.400,0.200,1,0,0,disabled,26,1,1,decoder-sync-observed,0,,0,0,17.537,25.485,0,,0.000,0.000,0.000,0.000,0,0,0,,0,0,0,6.573,0,22,0.059,0.000,0.000,0.059,0.000,0.039,0.006,1,1,1,1,0,1,1,0,0,0,0,0,1.000,0.000,0.000,30,0,0.000,0,0,0,0.000,0.000,0.000,0.000,0.000,0.000,0.000,2.313,10.495,0,0,0,0,0,0,0,0,0.000,0.000,0.000,0.000,0.000,0.000,0,0.129,18.298,12,13,107,47.273,88.075,67.990,88.075,610.374,6,1,H.264,66.508,0,0,87.893,88.090,1.000,43.705,66.317,arrival-gap-jitter-spike,508.772,0,1,1,1,1,1119.146,429.726,490.967,491.583,491.583,0,0,0,0,0,0,0,,,0.000,0.000,0,0,,0,0,0,0,0,0,0,0,0,0,,86.359,0.000,88.655,0.000,0.000,0.000,145.000,,0.001,17,0.000,94.920,4.242,0.093,0.248,0.000,0.000,0.247,1,0,0,1,3,0.162,22.026,18.299,84.551,17.792,2.000,Jitter,1,1,0,0.500,2,1,1,1,0.060,0.000,0.060,0,100,0,381,299,29,0,22
2.122,Custom_loss6_delay0-100_dup0_reorder6_burst0,Loopback,1,1,0,,,0.000,0,21,47,26.974,21.446,18.362,118.303,93.875,88.481,88.481,20.638,0.084,0.226,1107,102,1059,957,167,91,15,59,40,19,2,0,957,41,12,0,0,0,0,5.000,1,0,0,0,0,0,0,0,0,0,0,0,0,0,0,0.000,0.000,0.000,,35,35,200,0,1,0.003,119.164,1.058,119.267,0.000,0.000,34,32,561,60,7,0,112,152,49,1,fec-recovered,pending,H.264,1,1,22,11,11,2,1,1,3,15,0,0,1172,9,0,0,0,0,0,55.152,21,15,19,12,19,0,49.728,42.086,141.039,1,0,56,9,65,0,19,4,0.583,0.417,0.862,1.000,0.174,40.000,0.100,0.900,0.000,duplicate-guard,1,7,0,0,1,7,112,1124,0,0,0,0,1124,predicted-useful,fec-grace,195,0.682,23,65,0,0,0,0,0,0,0,0,0,16,241,16,241,0,0,0,pacing,1,0.649,5.385,113.385,0,0,0,0,0,0,0,0,241,125,152,0,1,9500000,1200000,0,0,0,1220,1220,1482510,65,79530,3,3732,0,0,0,0,0,0.061,37.612,4723.938,1104.150,69,2162,1103,529,1059,530,0.324,30.723,2.800,69,3147906,6014122,1.695,0.000,0.490,19.656,2162,112,34,1124,110,2,0,6,6,10,6,0,0,1,0,4,193,152,152,0,0,0,0,0,,disabled,,0,0,0,0,,1,Fixed Quality,Hybrid,85,30,9500,12000,640,360,H.264,480,270,518400,0,518400,26094,0.050,0.000,,0,0,0.000,6.231,0.000,5.526,0.662,6250,6250,6250,2,2,0,1,9500,0.880,1,6.834,0.000,0,0,0.000,0.000,0,0,0,0,0.323,0.538,0.138,1,0,0,latency-pressure-freshness-hold,0,0,0,async-output-pending,0,,0,0,0.000,0.000,0,,0.000,0.000,0.000,0.000,0,0,0,,0,0,0,0.000,1,0,0.655,0.187,0.467,0.000,0.000,0.000,0.000,0,0,1,1,1,0,0,1,1,0,0,0,1.000,0.000,0.000,27,0,0.000,0,0,0,0.000,0.000,0.000,0.000,0.000,0.000,0.000,0.000,20.102,0,0,0,0,0,0,0,0,0.000,0.000,0.000,0.000,0.000,0.000,0,0.124,21.446,34,35,200,2.101,119.609,67.990,119.609,1754.950,38,1,H.264,101.497,0,0,119.164,119.267,0.997,37.547,101.042,arrival-gap-jitter-spike,367.539,0,1,1,1,1,2122.489,429.726,490.967,491.583,491.583,0,0,2,0,0,2,2,latency-pressure freshness,latency-over-80ms,135.978,146.323,46,1,decoded,0,0,0,0,0,0,0,0,0,0,,97.266,0.000,99.693,0.000,0.000,0.000,120.000,stale-before-upload,0.001,48,0.000,98.584,3.862,0.092,0.366,0.026,0.000,0.341,1,0,0,1,3,0.085,26.974,21.446,20.638,18.362,1.000,Jitter,1,1,0,1.000,0,1,1,1,0.060,0.000,0.060,0,100,0,1222,1110,71,0,67
3.129,Custom_loss6_delay0-100_dup0_reorder6_burst0,Loopback,1,1,0,,,0.000,0,21,75,18.711,19.491,21.301,92.096,95.980,49.445,68.963,29.997,0.070,0.235,1859,141,1752,1611,288,153,23,105,68,37,7,0,1611,62,19,0,0,0,0,5.000,1,0,0,0,0,0,0,0,0,0,0,0,0,0,0,0.000,0.000,0.000,,55,55,294,0,1,22.412,119.164,23.446,119.267,0.000,0.000,54,51,942,99,13,0,185,264,76,1,nack-sent,pending,H.264,1,1,22,14,8,3,1,2,5,22,0,0,1962,9,0,0,0,0,0,61.894,27,23,37,30,37,0,52.687,33.902,141.039,1,0,88,10,98,0,27,5,0.540,0.460,0.898,1.000,0.156,40.000,0.222,0.778,0.500,retransmit-late,1,7,0,0,1,7,185,1735,0,0,0,0,1735,predicted-useful,fec-grace,314,0.364,34,98,0,0,0,0,0,0,0,0,0,27,374,27,374,0,0,0,pacing,1,0.684,6.532,114.532,0,0,0,0,0,0,0,0,374,210,250,1,1,9500000,1200000,0,0,0,2010,2010,2458440,98,120582,3,3732,0,0,0,0,0,15.034,37.612,6125.062,3236.850,110,3597,1847,926,1750,824,0.334,8.674,0.331,110,6871578,10141435,0.877,-39.036,0.470,10.773,3597,185,55,1735,183,2,0,12,12,22,12,0,0,1,0,4,330,264,264,0,0,0,0,0,,disabled,,0,0,0,0,,1,Fixed Quality,Hybrid,85,30,9500,12000,640,360,H.264,480,270,518400,27392,518400,27392,0.053,0.000,,0,0,0.000,2.136,0.000,0.000,0.102,7000,6500,6500,3,3,0,1,9500,0.963,1,15.034,0.000,0,0,0.000,0.000,0,0,0,0,0.276,0.622,0.102,1,0,0,fixed-pacing-queue-hold,23,1,1,decoder-sync-observed,0,,0,0,14.692,23.067,0,,0.000,0.000,0.000,0.000,0,0,0,,0,0,0,5.749,0,77,0.102,0.000,0.000,0.101,0.000,0.059,0.009,1,1,1,1,0,1,1,0,0,0,0,0,1.000,0.000,0.000,24,0,0.000,0,0,0,0.000,0.000,0.000,0.000,0.000,0.000,0.000,2.002,10.361,0,0,0,0,0,0,0,0,0.000,0.000,0.000,0.000,0.000,0.000,0,0.090,19.491,54,55,294,23.203,119.609,67.990,119.609,1754.950,38,1,H.264,101.497,0,0,119.164,119.267,0.997,37.547,101.042,arrival-gap-jitter-spike,1373.726,0,1,1,1,1,3128.676,429.726,490.967,491.583,491.583,0,0,3,0,0,3,1,latency-pressure freshness,latency-over-80ms,139.442,146.323,50,1,decoded,0,0,0,0,0,0,0,0,0,0,,97.870,0.000,100.511,0.000,0.000,0.000,126.048,stale-before-upload,0.001,75,0.000,106.139,5.683,0.077,0.652,0.418,0.000,0.234,1,0,0,1,3,0.071,18.711,19.491,29.997,21.301,1.000,RecoveryDeadline,1,1,0,0.000,1,1,1,1,0.060,0.000,0.060,0,100,0,2013,1862,115,0,114
4.136,Custom_loss6_delay0-100_dup0_reorder6_burst0,Loopback,1,1,0,,,0.000,0,21,102,22.963,21.813,21.210,113.474,97.782,48.952,62.293,11.370,0.068,0.202,2651,194,2505,2311,407,212,36,152,103,49,7,0,2311,87,22,0,0,0,0,5.000,1,0,0,0,0,0,0,0,0,0,0,0,0,0,0,0.000,0.000,0.000,,79,79,383,0,1,53.962,119.164,54.919,119.267,0.000,0.000,78,74,1344,136,15,0,260,382,104,1,nack-sent,pending,H.264,1,1,23,14,9,3,1,1,0,9,0,0,2821,18,0,0,0,0,0,48.089,39,36,49,42,49,0,55.777,33.083,141.039,1,0,125,11,136,0,42,5,0.520,0.480,0.919,1.000,0.106,45.000,0.500,0.500,0.000,duplicate-guard,1,7,0,0,1,7,260,2326,0,0,0,0,2326,predicted-useful,fec-grace,438,0.000,46,136,0,0,0,0,0,0,0,0,0,39,545,39,545,0,0,0,pacing,1,0.708,8.154,116.154,0,0,0,0,0,0,0,0,545,295,349,1,1,9500000,1200000,0,0,0,2861,2861,3505546,136,167854,5,6220,0,0,0,0,0,14.923,37.612,5081.438,4800.000,154,5147,2646,1265,2501,1236,0.323,7.221,1.030,154,6125426,9986853,0.824,-0.493,0.432,14.320,5147,259,80,2317,257,2,0,14,14,24,14,0,0,1,0,4,475,382,382,0,0,0,0,0,,disabled,,0,0,0,0,,1,Fixed Quality,Hybrid,85,30,9500,12000,640,360,H.264,480,270,518400,28432,518400,28432,0.055,0.000,,0,0,0.000,2.521,0.000,0.000,0.178,7250,6750,6750,4,4,0,1,9500,1.000,0,14.923,0.000,0,0,0.000,0.000,0,0,0,0,0.000,1.000,0.000,1,0,0,disabled,24,1,1,decoder-sync-observed,0,,0,0,13.140,23.943,0,,0.000,0.000,0.000,0.000,0,0,0,,0,0,0,5.162,0,105,0.177,0.000,0.000,0.177,0.000,0.138,0.017,1,1,1,1,0,1,1,0,0,0,0,0,1.000,0.000,0.000,30,0,0.000,0,0,0,0.000,0.000,0.000,0.000,0.000,0.000,0.000,2.316,10.092,0,0,0,0,0,0,0,0,0.000,0.000,0.000,0.000,0.000,0.000,0,0.092,21.813,78,79,383,54.815,119.609,67.990,119.609,1754.950,38,1,H.264,101.497,0,0,119.164,119.267,0.997,37.547,101.042,arrival-gap-jitter-spike,2380.733,0,1,1,1,1,4135.683,429.726,490.967,491.583,491.583,0,0,3,0,0,3,0,,,139.442,146.323,50,1,decoded,0,0,0,0,0,0,0,0,0,0,,103.244,0.000,106.057,5.214,0.000,122.662,136.737,stale-before-upload,0.001,101,0.000,109.283,5.901,0.076,0.824,0.598,0.000,0.226,1,0,0,1,3,0.068,22.963,21.813,11.370,21.210,1.000,Loss,0,1,0,1.000,0,2,2,1,0.060,0.000,0.060,0,100,0,2865,2659,166,0,150
5.136,Custom_loss6_delay0-100_dup0_reorder6_burst0,Loopback,1,1,0,,,0.000,0,21,129,17.553,15.151,14.799,98.593,98.210,85.799,68.169,7.975,0.066,0.206,3356,237,3157,2920,517,272,53,178,124,54,14,0,2920,108,28,0,0,0,0,5.000,0,0,0,0,0,0,0,0,0,0,0,0,0,0,0,0.000,0.000,0.000,,100,100,473,0,1,48.108,207.425,48.996,208.393,0.000,0.000,99,94,1698,162,22,0,332,481,131,1,fec-parity,pending,H.264,1,1,22,7,15,1,0,0,0,0,0,0,3588,18,0,0,0,0,0,16.718,47,53,54,46,54,0,55.949,33.109,141.039,2,0,156,13,169,0,48,6,0.470,0.530,0.923,1.000,0.111,40.000,0.000,1.000,0.000,duplicate-guard,1,7,0,0,1,7,332,2913,0,0,0,0,2913,predicted-useful,fec-grace,556,0.000,57,169,0,0,0,0,0,0,0,0,0,49,679,49,679,0,0,0,pacing,1,0.743,9.672,117.672,0,0,0,0,0,0,0,0,679,380,447,0,1,9500000,1200000,0,0,0,3593,3593,4406538,169,208906,5,6220,0,0,0,0,0,14.586,37.612,6962.375,4800.000,192,6494,3342,1571,3152,1581,0.320,12.875,0.471,192,7028114,10576366,1.010,36.847,0.476,11.337,6494,332,99,2913,330,2,0,20,20,38,20,0,0,1,0,4,600,481,481,0,0,0,0,0,,disabled,,0,0,0,0,,1,Fixed Quality,Hybrid,85,30,9500,12000,640,360,H.264,480,270,518400,26094,518400,26094,0.050,0.000,,0,0,0.000,2.169,0.000,0.000,0.131,7000,6250,6250,5,5,0,1,9500,0.977,1,14.586,0.000,0,0,0.000,0.000,0,0,0,0,0.278,0.645,0.077,1,0,0,fixed-pacing-queue-hold,22,1,1,decoder-sync-observed,0,,0,0,17.651,21.974,0,,0.000,0.000,0.000,0.000,0,0,0,,0,0,0,11.425,0,131,0.131,0.000,0.000,0.130,0.000,0.088,0.013,1,1,1,1,0,1,1,0,0,0,0,0,1.000,0.000,0.000,24,0,0.000,0,0,0,0.000,0.000,0.000,0.000,0.000,0.000,0.000,1.978,31.661,0,0,0,0,0,0,0,0,0.000,0.000,0.000,0.000,0.000,0.000,0,0.090,15.151,99,100,473,49.014,208.372,67.990,208.372,4428.241,110,1,H.264,124.907,0,0,207.425,208.393,1.000,169.683,123.950,arrival-gap-jitter-spike,707.735,0,1,1,1,1,5135.976,429.726,490.967,491.583,491.583,0,0,4,0,0,4,1,latency-pressure freshness,latency-over-80ms,133.106,146.323,103,1,decoded,0,0,0,0,0,0,0,0,0,0,,101.508,0.000,104.181,5.259,0.000,107.523,129.297,stale-before-upload,0.001,128,0.000,111.275,6.508,0.082,0.755,0.525,0.000,0.230,1,0,0,1,3,0.066,17.553,15.151,7.975,14.799,1.000,RecoveryDeadline,1,1,0,0.500,2,1,1,1,0.060,0.000,0.060,0,100,0,3598,3362,205,0,193
6.140,Custom_loss6_delay0-100_dup0_reorder6_burst0,Loopback,1,1,0,,,0.000,0,21,158,23.898,22.687,22.462,97.359,98.544,85.799,68.169,3.590,0.062,0.198,4176,278,3902,3624,633,335,59,225,159,66,14,0,3624,134,33,0,0,0,0,5.000,0,0,0,0,0,0,0,0,0,0,0,0,0,0,0,0.000,0.000,0.000,,124,124,564,0,1,38.500,207.425,40.159,208.393,0.000,0.000,123,118,2084,200,25,0,409,592,160,1,fec-parity,pending,H.264,1,1,23,7,16,2,0,0,0,0,0,0,4431,3,0,0,0,0,0,25.732,55,59,66,58,66,0,56.793,32.665,141.039,2,0,182,14,196,0,64,7,0.482,0.518,0.929,1.000,0.099,45.000,0.375,0.625,0.125,duplicate-guard,1,7,0,0,1,7,409,3477,0,0,0,0,3477,predicted-useful,fec-grace,686,0.000,66,196,0,0,0,0,0,0,0,0,0,58,786,58,786,0,0,0,pacing,1,0.646,4.327,112.327,0,0,0,0,0,0,0,0,786,475,553,0,1,9500000,1200000,9,0,9,4480,4471,5488568,196,242494,5,6220,0,0,0,0,0,0.859,37.612,225.938,4800.000,237,8062,4161,1917,3901,1984,0.315,12.865,2.183,237,5136882,8503096,1.677,36.847,0.478,12.373,8062,409,125,3477,407,2,0,23,23,43,23,0,0,1,0,4,743,592,592,0,0,0,0,0,,disabled,,0,0,0,0,,1,Fixed Quality,Hybrid,85,30,9500,12000,640,360,H.264,480,270,518400,27136,518400,27136,0.052,0.000,,0,0,0.000,2.168,0.000,0.000,0.083,7250,6500,6500,6,6,0,1,9500,1.000,0,11.636,0.000,0,0,0.000,0.000,0,0,0,0,0.281,0.648,0.071,1,0,0,disabled,23,1,1,decoder-sync-observed,0,,0,0,13.686,22.851,0,,0.000,0.000,0.000,0.000,0,0,0,,0,0,0,8.576,0,161,0.083,0.000,0.000,0.083,0.000,0.057,0.008,1,1,1,1,0,1,1,0,0,0,0,0,1.000,0.000,0.000,30,0,0.000,0,0,0,0.000,0.000,0.000,0.000,0.000,0.000,0.000,2.041,13.779,0,0,0,0,0,0,0,0,0.000,0.000,0.000,0.000,0.000,0.000,0,0.117,22.687,123,124,564,39.518,208.372,67.990,208.372,4428.241,110,1,H.264,124.907,0,0,207.425,208.393,1.000,169.683,123.950,arrival-gap-jitter-spike,1711.952,0,1,1,1,1,6140.193,429.726,490.967,491.583,491.583,0,0,4,0,0,4,0,,,133.106,146.323,103,1,decoded,0,0,0,0,0,0,0,0,0,0,,101.082,0.000,103.980,2.386,0.000,103.860,128.679,stale-before-upload,0.000,157,0.000,109.727,4.886,0.081,0.430,0.136,0.000,0.294,1,0,0,1,3,0.062,23.898,22.687,3.590,22.462,1.000,RecoveryDeadline,0,1,0,2.000,2,4,4,1,0.060,0.000,0.060,0,100,0,4477,4182,248,0,240
7.143,Custom_loss6_delay0-100_dup0_reorder6_burst0,Loopback,1,1,0,,,0.000,0,21,187,26.682,24.760,22.672,101.268,99.453,60.059,66.547,13.315,0.064,0.200,4935,335,4616,4281,736,395,69,258,189,69,14,0,4281,160,40,0,0,0,0,5.000,0,0,0,0,0,0,0,0,0,0,0,0,0,0,0,0.000,0.000,0.000,,146,146,661,0,1,40.373,207.425,41.502,208.393,0.000,0.000,145,139,2477,229,28,0,484,718,187,1,completed,completed,H.264,1,1,22,22,0,5,4,3,5,16,0,0,5212,19,0,0,0,0,0,100.308,63,69,69,61,69,0,56.889,32.617,141.039,2,0,203,17,220,0,69,8,0.477,0.523,0.923,1.000,0.104,45.000,0.400,0.600,0.000,duplicate-guard,1,7,0,0,1,7,484,4129,0,0,0,0,4129,predicted-useful,fec-grace,812,0.000,74,220,0,0,0,0,0,0,0,0,0,66,904,66,904,0,0,0,pacing,1,0.768,3.559,111.559,0,0,0,0,0,0,0,0,904,564,652,0,1,9500000,1200000,0,0,0,5273,5273,6473740,220,272350,6,7464,0,0,0,0,0,11.996,37.612,4014.188,4800.000,280,9543,4928,2268,4615,2347,0.315,8.002,1.033,280,4385381,6897444,1.004,24.330,0.465,9.964,9543,484,149,4129,482,2,0,26,26,47,26,0,0,1,0,4,885,718,718,0,0,0,0,0,,disabled,,0,0,0,0,,1,Fixed Quality,Hybrid,85,30,9500,12000,640,360,H.264,480,270,518400,26094,518400,26094,0.050,0.000,,0,0,0.000,1.981,0.000,0.000,0.060,6250,6250,6250,8,8,0,1,9500,0.880,1,11.996,0.000,0,0,0.000,0.000,0,0,0,0,0.286,0.636,0.077,1,0,0,latency-pressure-freshness-hold,22,1,1,decoder-sync-observed,0,,0,0,11.996,21.974,0,,0.000,0.000,0.000,0.000,0,0,0,,0,0,0,2.592,0,190,0.060,0.000,0.000,0.060,0.000,0.040,0.005,1,1,1,1,0,1,1,0,0,0,0,0,1.000,0.000,0.000,27,0,0.000,0,0,0,0.000,0.000,0.000,0.000,0.000,0.000,0.000,1.872,6.636,0,0,0,0,0,0,0,0,0.000,0.000,0.000,0.000,0.000,0.000,0,0.089,24.760,145,146,661,41.349,208.372,67.990,208.372,4428.241,110,1,H.264,124.907,0,0,207.425,208.393,1.000,169.683,123.950,arrival-gap-jitter-spike,2714.976,0,1,1,1,1,7143.217,429.726,490.967,491.583,491.583,0,0,5,0,0,5,1,latency-pressure freshness,latency-over-80ms,149.917,149.917,173,1,decoded,0,0,0,0,0,0,0,0,0,0,,91.249,0.000,93.510,5.141,0.000,110.143,130.634,stale-before-upload,0.001,186,0.000,93.937,4.343,0.083,0.755,0.507,0.000,0.248,1,0,0,1,3,0.064,26.682,24.760,13.315,22.672,0.500,Loss,0,1,0,1.000,1,1,1,1,0.060,0.000,0.060,0,100,0,5280,4947,304,0,277
8.143,Custom_loss6_delay0-100_dup0_reorder6_burst0,Loopback,1,1,0,,,0.000,0,21,212,16.837,17.789,17.043,107.257,99.774,14.788,57.921,26.717,0.064,0.209,5667,385,5308,4923,858,462,87,292,213,79,17,0,4923,178,47,0,0,0,0,5.000,0,0,0,0,0,0,0,0,0,0,0,0,0,0,0,0.000,0.000,0.000,,164,164,755,0,1,31.582,207.425,32.675,208.393,0.000,0.000,163,158,2858,257,36,0,557,826,214,1,fec-parity,pending,H.264,1,1,23,17,6,6,3,1,3,11,0,0,6009,12,0,0,0,0,0,43.836,69,87,79,71,79,0,58.005,32.166,141.039,3,0,238,24,262,0,73,10,0.442,0.558,0.908,1.000,0.120,29.000,0.111,0.778,0.500,retransmit-late,1,7,0,0,1,7,557,4744,0,0,0,0,4744,predicted-useful,fec-grace,929,0.826,88,262,0,0,0,0,0,0,0,0,0,80,1067,80,1067,0,0,0,pacing,1,0.714,4.292,112.292,0,0,0,0,0,0,0,0,1067,646,750,1,1,9500000,1200000,10,0,10,6079,6069,7456436,262,324598,6,7464,0,0,0,0,0,0.818,37.612,1194.625,1104.750,319,10968,5660,2611,5308,2697,0.316,11.636,0.045,319,5481121,9198876,0.468,10.409,0.498,19.378,10968,557,167,4744,555,2,0,33,33,56,33,0,0,1,0,4,1025,826,826,0,0,0,0,0,,disabled,,0,0,0,0,,1,Fixed Quality,Hybrid,85,30,9500,12000,640,360,H.264,480,270,518400,27138,518400,27138,0.052,0.000,,0,0,0.000,1.780,0.000,0.000,0.069,7250,6500,6500,9,9,0,1,9500,1.000,0,23.293,0.000,0,0,3.272,0.000,3732,0,0,0,0.000,0.000,1.000,1,0,0,disabled,23,1,1,decoder-sync-observed,0,,0,0,25.270,22.853,0,,0.000,0.000,0.000,0.000,0,0,0,,0,0,0,5.934,0,216,0.068,0.000,0.000,0.068,0.000,0.046,0.006,1,1,1,1,0,1,1,0,0,0,1,0,0.860,109.241,0.000,26,0,0.000,0,0,0,0.000,0.000,0.000,0.000,0.000,0.000,0.000,1.681,10.008,0,0,0,0,0,0,0,0,0.000,0.000,0.000,0.000,0.000,0.000,0,0.088,17.789,163,164,755,32.598,208.372,67.990,208.372,4428.241,110,1,H.264,124.907,0,0,207.425,208.393,1.000,169.683,123.950,arrival-gap-jitter-spike,3715.342,0,1,1,1,1,8143.583,429.726,490.967,491.583,491.583,0,0,5,0,0,5,0,,,149.917,149.917,173,1,decoded,0,0,0,0,0,0,0,0,0,0,,108.541,0.000,111.259,0.000,0.000,0.000,133.629,stale-before-upload,0.000,212,0.000,115.079,3.707,0.080,0.806,0.532,0.000,0.274,1,0,0,1,3,0.064,16.837,17.789,26.717,17.043,1.000,Loss,0,1,0,1.000,2,2,2,1,0.060,0.000,0.060,0,100,0,6077,5678,351,0,322
9.150,Custom_loss6_delay0-100_dup0_reorder6_burst0,Loopback,1,1,0,,,0.000,0,21,240,24.289,24.598,22.444,82.332,100.507,82.500,61.432,20.796,0.065,0.202,6425,445,6033,5588,968,521,103,322,235,87,22,0,5588,202,51,0,0,0,0,5.000,0,0,0,0,0,0,0,0,0,0,0,0,0,0,0,0.000,0.000,0.000,,188,188,845,0,1,19.408,207.425,20.374,208.393,0.000,0.000,186,180,3234,289,40,0,633,935,241,1,fec-recovered,pending,H.264,1,1,23,9,14,3,1,1,1,16,2,0,6826,12,6847,4,0,0,0,49.940,81,103,87,79,87,0,58.754,31.083,141.039,3,0,274,23,297,0,85,10,0.440,0.560,0.923,1.000,0.105,44.000,0.333,0.667,0.000,stable,1,7,0,0,1,7,633,5439,0,0,0,0,5439,predicted-useful,fec-grace,1047,0.696,99,297,0,0,0,0,0,0,0,0,0,91,1220,91,1220,0,0,0,pacing,1,0.800,10.006,118.006,0,0,0,0,0,0,0,0,1220,727,844,1,1,9500000,1200000,0,0,0,6868,6868,8439176,297,368138,11,13684,0,0,0,0,0,11.539,37.612,2362.938,4800.000,360,12447,6414,2990,6033,3043,0.318,23.007,1.573,360,7345668,11060567,1.035,21.870,0.515,11.909,12447,633,191,5439,631,2,0,37,37,63,37,0,0,1,0,4,1152,935,935,0,0,0,0,0,,disabled,,0,0,0,0,,1,Fixed Quality,Hybrid,85,30,9500,12000,640,360,H.264,480,270,518400,0,518400,27138,0.052,0.000,,0,0,0.000,5.040,0.000,4.330,0.668,6250,6500,6500,9,9,0,1,9500,0.880,1,11.539,0.000,0,0,0.000,0.000,0,0,0,0,0.273,0.650,0.077,1,0,0,latency-pressure-freshness-hold,0,0,0,async-output-pending,0,,0,0,0.000,0.000,0,,0.000,0.000,0.000,0.000,0,0,0,,0,0,0,0.000,1,0,0.659,0.197,0.462,0.000,0.000,0.000,0.000,0,0,1,1,1,0,0,1,1,0,0,0,1.000,0.000,0.000,27,0,0.000,0,0,0,0.000,0.000,0.000,0.000,0.000,0.000,0.000,0.000,24.213,0,0,0,0,0,0,0,0,0.000,0.000,0.000,0.000,0.000,0.000,0,0.099,24.598,186,188,845,20.560,208.372,67.990,208.372,4428.241,110,1,H.264,124.907,0,0,207.425,208.393,1.000,169.683,123.950,arrival-gap-jitter-spike,4722.260,0,1,1,1,1,9150.501,429.726,490.967,491.583,491.583,0,0,7,0,0,7,2,latency-pressure freshness,latency-over-80ms,144.948,149.917,230,1,decoded,0,0,0,0,0,0,0,0,0,0,,100.353,0.000,103.197,0.000,0.000,0.000,121.166,stale-before-upload,0.001,240,0.000,109.309,6.826,0.093,0.329,0.003,0.000,0.326,1,0,0,1,3,0.065,24.289,24.598,20.796,22.444,1.000,RecoveryDeadline,0,1,0,1.000,0,1,1,1,0.060,0.000,0.060,0,100,0,6877,6439,399,0,376
10.157,Custom_loss6_delay0-100_dup0_reorder6_burst0,Loopback,1,1,0,,,0.000,0,21,266,21.265,20.563,21.270,97.440,100.632,8.565,54.824,20.049,0.063,0.197,7199,480,6751,6271,1078,589,113,352,259,93,24,0,6271,224,55,0,0,0,0,5.000,0,0,0,0,0,0,0,0,0,0,0,0,0,0,0,0.000,0.000,0.000,,210,210,944,0,1,65.924,207.425,67.074,208.393,0.000,0.000,208,202,3602,317,44,0,706,1047,268,1,nack-sent,pending,H.264,1,1,24,12,12,3,1,1,0,12,0,0,7653,15,0,0,0,0,0,44.191,89,113,93,85,93,0,59.242,29.849,141.039,3,0,298,26,324,0,90,11,0.441,0.559,0.920,1.000,0.109,44.000,0.667,0.333,0.000,insufficient-sample,1,7,0,0,1,7,706,6013,0,0,0,0,6013,predicted-useful,fec-grace,1166,0.500,108,324,0,0,0,0,0,0,0,0,0,100,1341,100,1341,0,0,0,pacing,1,0.709,6.118,114.118,0,0,0,0,0,0,0,0,1341,814,942,1,1,9500000,1200000,0,0,0,7688,7688,9446702,324,401726,11,13684,0,0,0,0,0,35.735,37.612,5569.000,4800.000,402,13940,7189,3234,6751,3517,0.310,26.723,3.080,402,5301991,8449858,2.303,2.709,0.493,16.828,13940,706,213,6013,704,2,0,41,41,69,41,0,0,1,0,4,1285,1047,1047,0,0,0,0,0,,disabled,,0,0,0,0,,1,Fixed Quality,Hybrid,85,30,9500,12000,640,360,H.264,480,270,518400,0,518400,28176,0.054,0.000,,0,0,0.000,4.805,0.000,4.070,0.695,7250,6750,6750,10,10,0,1,9500,0.820,1,35.735,0.000,0,0,0.000,0.000,0,0,1,0,0.275,0.645,0.080,1,0,0,fixed-pacing-queue-pressure,0,0,0,async-output-pending,0,,0,0,0.000,0.000,0,,0.000,0.000,0.000,0.000,0,0,0,,0,0,0,0.000,1,0,0.687,0.181,0.505,0.000,0.000,0.000,0.000,0,0,1,1,1,0,0,1,1,0,0,0,1.000,0.000,0.000,30,0,0.000,0,0,0,0.000,0.000,0.000,0.000,0.000,0.000,0.000,0.000,38.231,0,0,0,0,0,0,0,0,0.000,0.000,0.000,0.000,0.000,0.000,0,0.086,20.563,208,210,944,66.953,208.372,67.990,208.372,4428.241,110,1,H.264,124.907,0,0,207.425,208.393,1.000,169.683,123.950,arrival-gap-jitter-spike,5729.437,0,1,1,1,1,10157.678,429.726,490.967,491.583,491.583,0,0,7,0,0,7,0,,,144.948,149.917,230,1,decoded,0,0,0,0,0,0,0,0,0,0,,97.076,0.000,99.958,0.000,0.000,0.000,128.720,stale-before-upload,0.001,266,0.000,104.709,4.615,0.077,0.784,0.448,0.000,0.336,1,0,0,1,3,0.063,21.265,20.563,20.049,21.270,1.000,RecoveryDeadline,0,1,0,1.000,4,4,4,1,0.060,0.000,0.060,0,100,0,7698,7214,439,0,421
11.163,Custom_loss6_delay0-100_dup0_reorder6_burst0,Loopback,1,1,0,,,0.000,0,21,290,23.673,22.290,21.690,102.268,100.806,89.446,58.671,0.169,0.061,0.191,7840,511,7336,6825,1173,633,121,395,295,100,24,0,6825,246,58,0,0,0,0,5.000,0,0,0,0,0,0,0,0,0,0,0,0,0,0,0,0.000,0.000,0.000,,231,231,1036,0,1,41.352,207.425,42.411,208.393,0.000,0.000,229,223,3917,346,46,0,770,1139,292,1,fec-recovered,pending,H.264,1,1,22,22,0,5,4,3,10,21,1,0,8294,3,8352,3,0,0,0,102.531,95,121,100,92,100,0,59.343,29.370,141.039,3,0,319,32,351,0,96,11,0.440,0.560,0.909,1.000,0.103,45.000,0.333,0.667,0.000,duplicate-guard,1,7,0,0,1,7,770,6508,0,0,0,0,6508,predicted-useful,fec-grace,1274,0.636,117,351,0,0,0,0,0,0,0,0,0,109,1456,109,1456,0,0,0,pacing,1,0.660,5.907,113.907,0,0,0,0,0,0,0,0,1456,889,1028,1,1,9500000,1200000,9,0,9,8370,8361,10277354,351,435314,12,14928,0,0,0,0,0,0.539,37.612,1112.688,4800.000,436,15147,7820,3468,7327,3859,0.307,24.530,0.000,436,4310835,6974513,0.732,18.343,0.484,14.831,15147,770,235,6508,768,2,0,43,43,75,43,0,0,1,0,4,1399,1139,1139,0,0,0,0,0,,disabled,,0,0,0,0,,1,Fixed Quality,Hybrid,85,30,9500,12000,640,360,H.264,480,270,518400,26096,518400,26096,0.050,0.000,,0,0,0.000,1.812,0.000,0.000,0.107,6250,6250,6250,11,11,0,1,9500,0.868,1,15.686,0.000,0,0,0.000,0.000,0,0,0,0,0.271,0.638,0.091,1,0,0,fixed-pacing-queue-hold,22,1,1,decoder-sync-observed,0,,0,0,17.457,21.976,0,,0.000,0.000,0.000,0.000,0,0,0,,0,0,0,10.906,0,294,0.106,0.000,0.000,0.106,0.000,0.062,0.021,1,1,1,1,0,1,1,0,0,0,1,0,0.860,53.245,0.000,24,0,0.000,0,0,0,0.000,0.000,0.000,0.000,0.000,0.000,0.000,1.667,15.023,0,0,0,0,0,0,0,0,0.000,0.000,0.000,0.000,0.000,0.000,0,0.092,22.290,229,231,1036,42.486,208.372,67.990,208.372,4428.241,110,1,H.264,124.907,0,0,207.425,208.393,1.000,169.683,123.950,arrival-gap-jitter-spike,6735.336,0,1,1,1,1,11163.577,429.726,490.967,491.583,491.583,0,0,7,0,0,7,0,,,144.948,149.917,230,1,decoded,0,0,0,0,0,0,0,0,0,0,,97.541,0.000,100.227,0.000,0.000,0.000,131.134,stale-before-upload,0.001,290,0.000,105.488,5.116,0.081,0.745,0.498,0.000,0.247,1,0,0,1,3,0.061,23.673,22.290,0.169,21.690,1.000,RecoveryDeadline,0,1,0,0.000,0,1,1,1,0.060,0.000,0.060,0,100,0,8372,7863,481,0,455
12.167,Custom_loss6_delay0-100_dup0_reorder6_burst0,Loopback,1,1,0,,,0.000,0,21,318,23.973,19.464,21.639,81.128,100.890,70.005,59.804,34.227,0.063,0.192,8578,577,8039,7462,1286,687,136,439,323,116,24,0,7462,269,64,0,0,0,0,5.000,0,0,0,0,0,0,0,0,0,0,0,0,0,0,0,0.000,0.000,0.000,,253,253,1128,0,1,6.409,207.425,7.487,208.393,0.000,0.000,251,244,4285,385,51,0,836,1239,319,1,fec-recovered,pending,H.264,1,1,22,15,7,3,1,1,6,14,0,2,9104,8,9125,1,0,0,0,64.172,109,136,116,108,116,0,59.322,28.996,141.039,3,0,364,37,401,0,117,11,0.445,0.555,0.908,1.000,0.086,45.000,0.385,0.615,0.000,duplicate-guard,1,7,0,0,1,7,836,6960,0,0,0,0,6960,predicted-useful,fec-grace,1389,0.818,133,401,0,0,0,0,0,0,0,0,0,125,1674,125,1674,0,0,0,pacing,1,0.799,7.923,115.923,0,0,0,0,0,0,0,0,1674,965,1122,1,1,9500000,1200000,0,0,0,9148,9148,11249456,401,497514,14,17416,0,0,0,0,0,0.170,37.612,12396.375,1091.400,477,16610,8574,3837,8036,4199,0.309,15.758,0.032,477,6504253,10127075,1.554,10.787,0.489,13.582,16610,836,258,6960,834,2,0,48,48,85,48,0,0,1,0,4,1528,1239,1239,0,0,0,0,0,,disabled,,0,0,0,0,,1,Fixed Quality,Hybrid,85,30,9500,12000,640,360,H.264,480,270,518400,26094,518400,26094,0.050,0.000,,0,0,0.000,2.328,0.000,0.000,0.073,6750,6250,6250,11,11,0,1,9500,0.942,1,6.425,0.000,0,0,3.975,0.000,3732,0,0,0,0.000,0.000,1.000,1,0,0,fixed-pacing-queue-hold,22,1,1,decoder-sync-observed,0,,0,0,12.153,21.974,0,,0.000,0.000,0.000,0.000,0,0,0,,0,0,0,6.589,0,320,0.073,0.000,0.000,0.072,0.000,0.049,0.007,1,1,1,1,0,1,1,0,0,0,0,0,1.000,0.000,0.000,24,0,0.000,0,0,0,0.000,0.000,0.000,0.000,0.000,0.000,0.000,2.219,10.490,0,0,0,0,0,0,0,0,0.000,0.000,0.000,0.000,0.000,0.000,0,0.144,19.464,251,253,1128,7.489,208.372,67.990,208.372,4428.241,110,1,H.264,124.907,0,0,207.425,208.393,1.000,169.683,123.950,arrival-gap-jitter-spike,7739.069,0,1,1,1,1,12167.310,429.726,490.967,491.583,491.583,0,0,8,0,0,8,1,latency-pressure freshness,latency-over-80ms,127.477,149.917,296,1,decoded,0,0,0,0,0,0,0,0,0,0,,97.436,0.000,100.120,0.000,0.000,0.000,120.564,stale-before-upload,0.001,318,0.000,106.088,5.816,0.092,0.302,0.001,0.000,0.302,1,0,0,1,3,0.063,23.973,19.464,34.227,21.639,1.000,Loss,0,1,0,0.500,2,1,1,1,0.060,0.000,0.060,0,100,0,9160,8595,530,0,498
13.170,Custom_loss6_delay0-100_dup0_reorder6_burst0,Loopback,1,1,0,,,0.000,0,21,344,26.521,15.681,22.748,89.867,100.746,103.235,63.752,1.458,0.061,0.191,9238,605,8631,8026,1384,739,146,475,352,123,24,0,8026,293,69,0,0,0,0,5.000,0,0,0,0,0,0,0,0,0,0,0,0,0,0,0,0.000,0.000,0.000,,274,274,1220,0,1,35.019,207.425,36.248,208.393,0.000,0.000,271,264,4619,416,53,0,900,1335,345,1,nack-sent,pending,H.264,1,1,21,16,5,3,2,1,0,5,2,0,9809,19,9842,0,0,0,0,48.304,122,146,123,114,123,0,59.658,28.712,141.039,3,0,394,33,427,0,125,11,0.455,0.545,0.923,1.000,0.081,45.000,0.667,0.333,0.000,stable,1,7,0,0,1,7,900,7431,0,0,0,0,7431,predicted-useful,fec-grace,1498,0.238,142,427,0,2,0,0,0,0,0,0,0,133,1757,133,1757,0,0,0,pacing,1,0.633,3.366,111.366,0,0,0,0,0,0,0,0,1759,1041,1209,1,1,9500000,1200000,0,0,0,9832,9832,12094337,427,529858,18,22392,0,0,0,0,0,7.164,37.612,589.250,1094.250,512,17857,9226,4113,8631,4518,0.308,34.584,0.000,512,4443271,7245691,1.369,15.275,0.508,18.795,17857,900,280,7431,898,2,0,50,50,89,50,0,0,1,0,4,1646,1335,1335,0,0,0,0,0,,disabled,,0,0,0,0,,1,Fixed Quality,Hybrid,85,30,9500,12000,640,360,H.264,480,270,518400,0,518400,25054,0.048,0.000,,0,0,0.000,4.643,0.000,4.002,0.599,6000,6000,6000,13,13,0,1,9500,0.820,1,7.164,0.000,0,0,0.000,0.000,0,0,0,0,0.286,0.637,0.077,1,0,0,latency-pressure-freshness-hold,0,0,0,async-output-pending,0,,0,0,0.000,0.000,0,,0.000,0.000,0.000,0.000,0,0,0,,0,0,0,0.000,1,0,0.592,0.169,0.422,0.000,0.000,0.000,0.000,0,0,1,1,1,0,0,1,1,0,0,0,1.000,0.000,0.000,27,0,0.000,0,0,0,0.000,0.000,0.000,0.000,0.000,0.000,0.000,0.000,30.007,0,0,0,0,0,0,0,0,0.000,0.000,0.000,0.000,0.000,0.000,0,0.106,15.681,271,274,1220,35.902,208.372,67.990,208.372,4428.241,110,1,H.264,124.907,0,0,207.425,208.393,1.000,169.683,123.950,arrival-gap-jitter-spike,8742.284,0,1,1,1,1,13170.525,429.726,490.967,491.583,491.583,0,0,9,0,0,9,1,latency-pressure freshness,latency-over-80ms,163.252,163.252,322,1,H.264,0,0,0,0,0,0,0,0,0,0,,96.126,0.000,98.461,0.000,0.000,0.000,124.934,stale-before-decode,0.001,344,0.000,101.880,3.266,0.075,0.809,0.553,0.000,0.256,1,0,0,1,3,0.061,26.521,15.681,1.458,22.748,2.000,DecodeLoad,0,1,0,0.000,2,2,2,1,0.060,0.000,0.060,0,100,0,9845,9254,565,0,519
14.171,Custom_loss6_delay0-100_dup0_reorder6_burst0,Loopback,1,1,0,,,0.000,0,21,369,22.172,23.689,20.317,97.318,100.933,56.439,63.143,24.210,0.062,0.189,9896,649,9246,8597,1478,795,162,497,369,128,24,0,8597,314,73,0,0,0,0,5.000,0,0,0,0,0,0,0,0,0,0,0,0,0,0,0,0.000,0.000,0.000,,295,295,1312,0,1,19.957,207.425,20.892,208.393,0.000,0.000,292,284,4962,442,57,0,971,1432,371,1,fec-parity,pending,H.264,1,1,21,16,5,5,3,2,7,25,2,0,10510,16,10522,4,0,0,0,83.067,128,162,128,119,128,0,60.031,28.299,141.039,3,0,421,33,454,0,130,12,0.441,0.559,0.927,1.000,0.085,45.000,0.286,0.714,0.000,duplicate-guard,1,7,0,0,1,7,971,7986,0,0,0,0,7986,predicted-useful,fec-grace,1612,0.524,151,454,0,2,0,0,0,0,0,0,0,142,1877,142,1877,0,0,0,pacing,1,0.768,8.081,116.081,0,0,0,0,0,0,0,0,1879,1125,1304,0,1,9500000,1200000,7,0,7,10561,10554,12989761,454,563446,18,22392,0,0,0,0,0,0.546,37.612,999.875,4800.000,547,19124,9878,4446,9246,4800,0.310,9.547,1.551,547,3796564,6531104,1.670,2.861,0.521,11.508,19124,971,301,7986,969,2,0,54,54,96,54,0,0,1,0,4,1769,1432,1432,0,0,0,0,0,,disabled,,0,0,0,0,,1,Fixed Quality,Hybrid,85,30,9500,12000,640,360,H.264,480,270,518400,25054,518400,25054,0.048,0.000,,0,0,0.000,2.150,0.000,0.000,0.065,6250,6000,6000,13,13,0,1,9500,0.880,1,5.879,0.000,0,0,0.000,0.000,0,0,0,0,0.282,0.645,0.073,1,0,0,latency-pressure-freshness-hold,21,1,1,decoder-sync-observed,0,,0,0,7.621,21.098,0,,0.000,0.000,0.000,0.000,0,0,0,,0,0,0,6.366,0,373,0.065,0.000,0.000,0.065,0.000,0.043,0.007,1,1,1,1,0,1,1,0,0,0,0,0,1.000,0.000,0.000,27,0,0.000,0,0,0,0.000,0.000,0.000,0.000,0.000,0.000,0.000,2.023,10.443,0,0,0,0,0,0,0,0,0.000,0.000,0.000,0.000,0.000,0.000,0,0.098,23.689,292,295,1312,20.938,208.372,67.990,208.372,4428.241,110,1,H.264,124.907,0,0,207.425,208.393,1.000,169.683,123.950,arrival-gap-jitter-spike,9742.526,0,1,1,1,1,14170.767,429.726,490.967,491.583,491.583,0,0,10,0,0,10,1,latency-pressure freshness,latency-over-80ms,144.553,163.252,355,1,decoded,0,0,0,0,0,0,0,0,0,0,,103.332,0.000,105.926,0.000,0.000,0.000,128.659,stale-before-upload,0.001,369,0.000,110.737,5.116,0.078,0.536,0.242,0.000,0.294,1,0,0,1,3,0.062,22.172,23.689,24.210,20.317,1.000,Loss,0,1,0,2.000,1,2,2,1,0.060,0.000,0.060,0,100,0,10568,9914,609,0,560
15.177,Custom_loss6_delay0-100_dup0_reorder6_burst0,Loopback,1,1,0,,,0.000,0,21,397,16.484,18.121,14.651,111.991,101.170,41.644,61.489,44.464,0.061,0.195,10592,694,9895,9201,1575,850,169,531,396,135,25,0,9201,334,81,0,0,0,0,5.000,0,0,0,0,0,0,0,0,0,0,0,0,0,0,0,0.000,0.000,0.000,,315,315,1403,0,1,15.300,207.425,16.201,208.393,0.000,0.000,312,302,5304,469,65,0,1048,1532,399,1,nack-sent,pending,H.264,1,1,21,14,7,4,2,1,0,7,0,0,11268,19,0,0,0,0,0,42.450,136,169,135,126,135,0,60.330,27.816,141.039,3,0,443,37,480,0,140,13,0.446,0.554,0.923,1.000,0.085,40.000,0.375,0.625,0.500,retransmit-late,1,7,0,0,1,7,1048,8508,0,0,0,0,8508,predicted-useful,fec-grace,1729,0.000,159,480,0,2,0,0,0,0,0,0,0,150,1964,150,1964,0,0,0,pacing,1,0.680,5.512,113.512,0,0,0,0,0,0,0,0,1966,1214,1403,0,1,9500000,1200000,0,0,0,11289,11289,13901143,480,595790,20,24880,0,0,0,0,0,7.707,37.612,1165.188,4800.000,585,20483,10589,4764,9894,5130,0.310,41.000,0.054,585,4943038,7619289,0.696,-0.670,0.451,19.373,20483,1046,321,8498,1044,2,0,62,62,105,62,0,0,1,0,4,1884,1532,1532,0,0,0,0,0,,disabled,,0,0,0,0,,1,Fixed Quality,Hybrid,85,30,9500,12000,640,360,H.264,480,270,518400,25054,518400,25054,0.048,0.000,,0,0,0.000,1.775,0.000,0.000,0.077,6000,6000,6000,13,13,0,1,9500,0.820,1,7.707,0.000,0,0,0.000,0.000,0,0,0,0,0.283,0.640,0.077,1,0,0,latency-pressure-freshness-hold,21,1,1,decoder-sync-observed,0,,0,0,7.601,21.098,0,,0.000,0.000,0.000,0.000,0,0,0,,0,0,0,5.955,0,400,0.076,0.000,0.000,0.076,0.000,0.051,0.008,1,1,1,1,0,1,1,0,0,0,1,0,0.860,137.780,0.000,26,0,0.000,0,0,0,0.000,0.000,0.000,0.000,0.000,0.000,0.000,1.648,11.934,0,0,0,0,0,0,0,0,0.000,0.000,0.000,0.000,0.000,0.000,0,0.112,18.121,312,315,1403,16.247,208.372,67.990,208.372,4428.241,110,1,H.264,124.907,0,0,207.425,208.393,1.000,169.683,123.950,arrival-gap-jitter-spike,10748.775,0,1,1,1,1,15177.016,429.726,490.967,491.583,491.583,0,0,12,0,0,12,2,latency-pressure freshness,latency-over-80ms,146.101,163.252,393,1,decoded,0,0,0,0,0,0,0,0,0,0,,111.676,0.000,114.249,0.000,0.000,0.000,140.995,stale-before-upload,0.001,397,0.000,116.251,5.794,0.101,0.322,0.001,0.000,0.322,1,0,0,1,3,0.061,16.484,18.121,44.464,14.651,1.000,Jitter,0,1,0,1.000,2,2,2,1,0.060,0.000,0.060,0,100,0,11304,10612,655,0,600
16.178,Custom_loss6_delay0-100_dup0_reorder6_burst0,Loopback,1,1,0,,,0.000,0,21,423,21.260,20.288,21.501,94.145,100.899,28.874,59.159,18.656,0.062,0.197,11292,743,10551,9808,1697,901,186,583,432,151,27,0,9808,354,87,0,0,0,0,5.000,0,0,0,0,0,0,0,0,0,0,0,0,0,0,0,0.000,0.000,0.000,,335,335,1495,0,1,27.432,207.425,28.381,208.393,0.000,0.000,332,322,5666,505,71,0,1119,1633,426,1,nack-sent,pending,H.264,1,1,21,9,12,4,0,1,0,12,0,0,12015,17,0,0,0,0,0,44.123,148,186,151,142,151,0,60.748,27.371,141.039,3,0,488,35,523,0,155,15,0.443,0.557,0.933,1.000,0.088,44.000,0.467,0.533,0.000,duplicate-guard,1,7,0,0,1,7,1119,9068,0,0,0,0,9068,predicted-useful,fec-grace,1844,0.143,172,523,0,2,0,0,0,0,0,0,0,163,2126,163,2126,0,0,0,pacing,1,0.794,7.124,115.124,0,0,0,0,0,0,0,0,2128,1296,1500,1,1,9500000,1200000,3,0,3,12034,12031,14821317,523,649282,25,31100,0,0,0,0,0,4.218,37.612,683.375,4800.000,623,21835,11291,5132,10544,5412,0.312,1.870,0.857,623,5548681,8484608,1.586,-12.770,0.418,7.952,21835,1118,341,9056,1116,2,0,68,68,113,68,0,0,1,0,4,2003,1633,1633,0,0,0,0,0,,disabled,,0,0,0,0,,1,Fixed Quality,Hybrid,85,30,9500,12000,640,360,H.264,480,270,518400,25056,518400,25056,0.048,0.000,,0,0,0.000,2.309,0.000,0.000,0.104,6500,6000,6000,13,13,0,1,9500,0.890,1,6.291,0.000,0,0,0.000,0.000,0,0,0,0,0.283,0.650,0.067,1,0,0,fixed-pacing-queue-hold,21,1,1,decoder-sync-observed,0,,0,0,11.642,21.100,0,,0.000,0.000,0.000,0.000,0,0,0,,0,0,0,3.097,0,427,0.104,0.000,0.000,0.103,0.000,0.078,0.008,1,1,1,1,0,1,1,0,0,0,0,0,1.000,0.000,0.000,24,0,0.000,0,0,0,0.000,0.000,0.000,0.000,0.000,0.000,0.000,1.963,7.051,0,0,0,0,0,0,0,0,0.000,0.000,0.000,0.000,0.000,0.000,0,0.085,20.288,332,335,1495,28.361,208.372,67.990,208.372,4428.241,110,1,H.264,124.907,0,0,207.425,208.393,1.000,169.683,123.950,arrival-gap-jitter-spike,11750.186,0,1,1,1,1,16178.427,429.726,490.967,491.583,491.583,0,0,12,0,0,12,0,,,146.101,163.252,393,1,decoded,0,0,0,0,0,0,0,0,0,0,,98.725,0.000,101.332,0.000,0.000,0.000,127.072,stale-before-upload,0.001,423,0.000,106.639,5.220,0.109,0.685,0.426,0.000,0.259,1,0,0,1,3,0.062,21.260,20.288,18.656,21.501,1.000,Loss,0,1,0,0.000,1,1,1,1,0.060,0.000,0.060,0,100,0,12047,11315,703,0,639
17.179,Custom_loss6_delay0-100_dup0_reorder6_burst0,Loopback,1,1,0,,,0.000,0,21,448,13.814,17.525,11.514,139.378,101.307,62.185,59.361,65.849,0.063,0.209,11967,808,11200,10392,1790,959,194,607,451,156,30,0,10392,371,98,0,0,0,0,5.000,0,0,0,0,0,0,0,0,0,0,0,0,0,0,0,0.000,0.000,0.000,,350,350,1596,0,1,83.316,207.425,84.224,208.393,0.000,0.000,346,335,6017,527,80,0,1190,1737,451,1,nack-sent,pending,H.264,1,1,22,15,7,4,2,2,3,18,0,0,12718,14,0,0,0,0,0,68.509,152,194,156,147,156,0,60.652,27.234,141.039,3,0,505,36,541,0,160,15,0.439,0.561,0.933,1.000,0.086,45.000,0.250,0.750,0.000,duplicate-guard,1,7,0,0,1,7,1190,9576,0,0,0,0,9576,predicted-useful,fec-grace,1955,0.318,178,541,0,2,0,0,0,0,0,0,0,169,2198,169,2198,0,0,0,pacing,1,0.709,4.368,112.368,0,0,0,0,0,0,0,0,2200,1383,1595,1,1,9500000,1200000,7,0,7,12774,12767,15731219,541,671674,25,31100,0,0,0,0,0,2.158,37.612,468.875,4800.000,659,23165,11965,5449,11200,5751,0.313,17.526,1.383,659,5637094,8800213,1.049,33.311,0.491,12.736,23165,1190,358,9576,1188,2,0,77,77,132,77,0,0,1,0,4,2136,1737,1737,0,0,0,0,0,,disabled,,0,0,0,0,,1,Fixed Quality,Hybrid,85,30,9500,12000,640,360,H.264,480,270,518400,26094,518400,26094,0.050,0.000,,0,0,0.000,2.088,0.000,0.000,0.127,6000,6250,6250,14,14,0,1,9500,0.820,1,15.295,0.000,0,0,0.000,0.000,0,0,0,0,0.000,1.000,0.000,1,0,0,latency-pressure-freshness-hold,22,1,1,decoder-sync-observed,0,,0,0,17.370,21.974,0,,0.000,0.000,0.000,0.000,0,0,0,,0,0,0,6.709,0,453,0.126,0.000,0.000,0.125,0.000,0.050,0.033,1,1,1,1,0,1,1,0,0,0,0,0,1.000,0.000,0.000,27,0,0.000,0,0,0,0.000,0.000,0.000,0.000,0.000,0.000,0.000,1.922,10.632,0,0,0,0,0,0,0,0,0.000,0.000,0.000,0.000,0.000,0.000,0,0.087,17.525,346,350,1596,84.302,208.372,67.990,208.372,4428.241,110,1,H.264,124.907,0,0,207.425,208.393,1.000,169.683,123.950,arrival-gap-jitter-spike,12750.873,0,1,1,1,1,17179.114,429.726,490.967,491.583,491.583,0,0,14,0,0,14,2,latency-pressure freshness,latency-over-80ms,147.801,163.252,440,1,decoded,0,0,0,0,0,0,0,0,0,0,,101.045,0.000,103.694,0.000,0.000,0.000,127.822,stale-before-upload,0.001,449,0.000,106.848,5.917,0.081,0.796,0.536,0.000,0.260,1,0,0,1,3,0.063,13.814,17.525,65.849,11.514,2.000,RecoveryDeadline,0,1,0,2.000,1,2,2,1,0.060,0.000,0.060,0,100,0,12784,11989,745,0,694
18.183,Custom_loss6_delay0-100_dup0_reorder6_burst0,Loopback,1,1,0,,,0.000,0,21,474,20.670,19.317,19.017,147.545,101.687,90.501,61.307,35.005,0.062,0.213,12667,836,11832,10996,1899,1028,205,636,478,158,30,0,10996,392,106,0,0,0,0,5.000,0,0,0,0,0,0,0,0,0,0,0,0,0,0,0,0.000,0.000,0.000,,368,368,1695,0,1,72.666,207.425,73.745,208.393,0.000,0.000,364,353,6374,550,85,0,1258,1846,476,1,fec-recovered,pending,H.264,1,1,23,18,5,4,3,2,9,27,0,0,13432,1,0,0,0,0,0,84.987,158,205,158,149,158,0,60.909,27.014,141.039,3,0,524,37,561,0,167,16,0.435,0.565,0.934,1.000,0.087,45.000,0.333,0.667,0.000,duplicate-guard,1,7,0,0,1,7,1258,10112,0,0,0,0,10112,predicted-useful,fec-grace,2066,0.435,184,561,0,2,0,0,0,0,0,0,0,175,2272,175,2272,0,0,0,pacing,1,0.707,5.009,113.009,0,0,0,0,0,0,0,0,2274,1467,1686,0,1,9500000,1200000,0,0,0,13500,13500,16635701,561,696554,27,33588,0,0,0,0,0,17.904,37.612,10077.750,4800.000,696,24481,12654,5795,11827,6032,0.314,23.278,0.007,696,4609225,7349347,0.803,32.312,0.478,19.416,24481,1258,379,10112,1256,2,0,82,82,139,82,0,0,1,0,4,2271,1846,1846,0,0,0,0,0,,disabled,,0,0,0,0,,1,Fixed Quality,Hybrid,85,30,9500,12000,640,360,H.264,480,270,518400,27136,518400,27136,0.052,0.000,,0,0,0.000,2.021,0.000,0.000,0.064,7250,6500,6500,15,15,0,1,9500,1.000,0,17.904,0.000,0,0,0.000,0.000,0,0,0,0,0.282,0.652,0.066,1,0,0,disabled,23,1,1,decoder-sync-observed,0,,0,0,14.802,22.851,0,,0.000,0.000,0.000,0.000,0,0,0,,0,0,0,6.106,0,478,0.063,0.000,0.000,0.063,0.000,0.043,0.006,1,1,1,1,0,1,1,0,0,0,0,0,1.000,0.000,0.000,30,0,0.000,0,0,0,0.000,0.000,0.000,0.000,0.000,0.000,0.000,1.929,20.538,0,0,0,0,0,0,0,0,0.000,0.000,0.000,0.000,0.000,0.000,0,0.104,19.317,364,368,1695,73.725,208.372,67.990,208.372,4428.241,110,1,H.264,124.907,0,0,207.425,208.393,1.000,169.683,123.950,arrival-gap-jitter-spike,13755.160,0,1,1,1,1,18183.401,429.726,490.967,491.583,491.583,0,0,14,0,0,14,0,,,147.801,163.252,440,1,decoded,0,0,0,0,0,0,0,0,0,0,,102.925,0.000,105.651,0.000,0.000,0.000,124.838,stale-before-upload,0.001,475,0.000,110.745,4.965,0.078,0.249,0.001,0.000,0.248,1,0,0,1,3,0.062,20.670,19.317,35.005,19.017,2.000,Jitter,0,1,0,2.000,1,2,2,1,0.060,0.000,0.060,0,100,0,13518,12692,789,0,739
19.186,Custom_loss6_delay0-100_dup0_reorder6_burst0,Loopback,1,1,0,,,0.000,0,21,504,24.031,16.835,18.462,102.009,102.084,52.241,60.774,28.061,0.063,0.216,13403,902,12538,11636,2017,1092,216,679,513,166,30,0,11636,415,114,0,0,0,0,5.000,0,0,0,0,0,0,0,0,0,0,0,0,0,0,0,0.000,0.000,0.000,,388,388,1791,0,1,68.725,207.425,69.674,208.393,0.000,0.000,383,372,6767,581,90,0,1335,1968,506,1,nack-sent,pending,H.264,1,1,21,6,15,2,0,1,0,15,0,0,14271,12,0,0,0,0,0,45.430,168,216,166,157,166,0,61.137,26.854,141.039,3,0,553,42,595,0,178,17,0.438,0.562,0.929,1.000,0.087,45.000,0.444,0.556,0.000,duplicate-guard,1,7,0,0,1,7,1335,10696,0,0,0,0,10696,predicted-useful,fec-grace,2190,0.095,196,595,0,2,0,0,0,0,0,0,0,186,2435,186,2435,0,0,0,pacing,1,0.725,7.113,115.113,0,0,0,0,0,0,0,0,2437,1555,1788,1,1,9500000,1200000,3,0,3,14292,14289,17608278,595,738850,28,34832,0,0,0,0,0,4.265,37.612,693.688,4800.000,737,25913,13397,6115,12516,6401,0.313,2.496,1.627,737,4904178,7463745,1.465,18.198,0.440,15.368,25913,1335,402,10696,1333,2,0,87,87,145,87,0,0,1,0,4,2408,1968,1968,0,0,0,0,0,,disabled,,0,0,0,0,,1,Fixed Quality,Hybrid,85,30,9500,12000,640,360,H.264,480,270,518400,25054,518400,25054,0.048,0.000,,0,0,0.000,1.735,0.000,0.000,0.074,6000,6000,6000,16,16,0,1,9500,0.820,1,11.571,0.000,0,0,0.000,0.000,0,0,0,0,0.282,0.647,0.071,1,0,0,latency-pressure-freshness-hold,21,1,1,decoder-sync-observed,0,,0,0,15.450,21.098,0,,0.000,0.000,0.000,0.000,0,0,0,,0,0,0,5.682,0,507,0.073,0.000,0.000,0.073,0.000,0.050,0.009,1,1,1,1,0,1,1,0,0,0,0,0,1.000,0.000,0.000,27,0,0.000,0,0,0,0.000,0.000,0.000,0.000,0.000,0.000,0.000,1.631,10.074,0,0,0,0,0,0,0,0,0.000,0.000,0.000,0.000,0.000,0.000,0,0.087,16.835,383,388,1791,69.572,208.372,67.990,208.372,4428.241,110,1,H.264,124.907,0,0,207.425,208.393,1.000,169.683,123.950,arrival-gap-jitter-spike,14757.592,0,1,1,1,1,19185.833,429.726,490.967,491.583,491.583,0,0,15,0,0,15,1,latency-pressure freshness,latency-over-80ms,164.835,164.835,490,1,H.264,0,0,0,0,0,0,0,0,0,0,,107.537,0.000,108.174,0.000,0.000,0.000,131.005,stale-before-decode,0.001,504,0.000,114.361,6.051,0.078,0.883,0.652,0.000,0.231,1,0,0,1,3,0.062,24.031,16.835,28.061,18.462,2.000,RecoveryDeadline,0,1,0,0.000,1,2,2,1,0.060,0.000,0.060,0,100,0,14308,13434,833,0,791
20.186,Custom_loss6_delay0-100_dup0_reorder6_burst0,Loopback,1,1,0,,,0.000,0,21,532,21.130,23.057,19.203,67.458,101.913,8.171,57.852,40.509,0.062,0.215,14097,930,13182,12252,2122,1150,225,717,539,178,30,0,12252,437,120,0,0,0,0,5.000,0,0,0,0,0,0,0,0,0,0,0,0,0,0,0,0.000,0.000,0.000,,410,410,1889,0,1,5.850,207.425,6.817,208.393,0.000,0.000,405,393,7104,615,96,0,1406,2064,531,1,retransmit-late-after-completed,completed,H.264,1,1,21,21,0,0,0,2,0,0,0,1,14966,1,14966,1,14966,1,1,105.345,179,225,178,169,178,0,61.138,26.839,141.039,3,0,585,47,632,0,191,19,0.443,0.557,0.926,1.000,0.090,45.000,0.556,0.444,0.000,duplicate-guard,1,7,0,0,1,7,1406,11259,0,0,0,0,11259,predicted-useful,fec-grace,2311,0.714,207,632,0,2,0,0,0,0,0,0,0,197,2572,197,2572,0,0,0,pacing,1,0.803,7.601,115.601,0,0,0,0,0,0,0,0,2574,1643,1889,1,1,9500000,1200000,0,0,0,15031,15031,18528500,632,784878,31,38564,0,0,0,0,0,8.217,37.612,1825.812,4800.000,774,27245,14078,6418,13167,6749,0.313,5.572,1.776,774,4938846,7762086,1.409,5.744,0.455,9.828,27245,1406,424,11259,1404,2,0,93,93,158,93,0,0,1,0,4,2518,2064,2064,0,0,0,0,0,,disabled,,0,0,0,0,,1,Fixed Quality,Hybrid,85,30,9500,12000,640,360,H.264,480,270,518400,25056,518400,25056,0.048,0.000,,0,0,0.000,1.817,0.000,0.000,0.068,6000,6000,6000,16,16,0,1,9500,0.820,1,8.217,0.000,0,0,0.000,0.000,0,0,0,0,0.000,1.000,0.000,1,0,0,latency-pressure-freshness-hold,21,1,1,decoder-sync-observed,0,,0,0,7.933,21.100,0,,0.000,0.000,0.000,0.000,0,0,0,,0,0,0,6.262,0,534,0.068,0.000,0.000,0.068,0.000,0.046,0.006,1,1,1,1,0,1,1,0,0,0,0,0,1.000,0.000,0.000,27,0,0.000,0,0,0,0.000,0.000,0.000,0.000,0.000,0.000,0.000,1.706,10.466,0,0,0,0,0,0,0,0,0.000,0.000,0.000,0.000,0.000,0.000,0,0.115,23.057,405,410,1889,7.005,208.372,67.990,208.372,4428.241,110,1,H.264,124.907,0,0,207.425,208.393,1.000,169.683,123.950,arrival-gap-jitter-spike,15757.547,0,1,1,1,1,20185.788,429.726,490.967,491.583,491.583,0,0,16,0,0,16,1,cadence-limited freshness,input-cadence-or-video-budget,145.273,164.835,521,1,decoded,0,0,0,0,0,0,0,0,0,0,,95.224,0.000,97.817,0.000,0.000,0.000,120.000,stale-before-upload,0.001,532,0.000,100.925,4.595,0.076,0.721,0.484,0.000,0.236,1,0,0,1,3,0.062,21.130,23.057,40.509,19.203,1.000,RecoveryDeadline,0,1,0,0.000,0,1,1,1,0.060,0.000,0.060,0,100,0,15051,14125,880,0,833
21.192,Custom_loss6_delay0-100_dup0_reorder6_burst0,Loopback,1,1,0,,,0.000,0,21,558,18.999,20.945,17.097,88.281,101.938,37.621,56.787,31.539,0.062,0.217,14789,979,13840,12861,2225,1197,246,749,562,187,33,0,12861,457,127,0,0,0,0,5.000,0,0,0,0,0,0,0,0,0,0,0,0,0,0,0,0.000,0.000,0.000,,429,429,1991,0,1,20.174,207.425,21.096,208.393,0.000,0.000,424,412,7426,644,102,0,1478,2143,559,1,nack-sent,pending,H.264,1,1,22,10,12,1,0,1,0,12,0,0,15718,1,0,0,0,0,0,41.702,190,246,187,178,187,0,61.105,27.062,141.039,3,0,626,47,673,0,202,20,0.436,0.564,0.930,1.000,0.090,40.000,0.385,0.615,0.500,retransmit-late,1,7,0,0,1,7,1478,11795,0,0,0,0,11795,predicted-useful,fec-grace,2424,0.000,220,673,0,2,0,0,0,0,0,0,0,210,2738,210,2738,0,0,0,pacing,1,0.754,5.789,113.789,0,0,0,0,0,0,0,0,2740,1723,1984,1,1,9500000,1200000,0,0,0,15752,15752,19422630,673,835882,32,39808,0,0,0,0,0,15.892,37.612,8328.375,4800.000,811,28599,14780,6740,13819,7079,0.313,2.761,1.218,811,4502927,7179749,4.183,10.485,0.436,17.636,28599,1478,444,11795,1476,2,0,99,99,168,99,0,0,1,0,4,2622,2143,2143,0,0,0,0,0,,disabled,,0,0,0,0,,1,Fixed Quality,Hybrid,85,30,9500,12000,640,360,H.264,480,270,518400,26096,518400,26096,0.050,0.000,,0,0,0.000,2.043,0.000,0.000,0.058,6750,6250,6250,17,17,0,1,9500,0.943,1,15.892,0.000,0,0,0.000,0.000,0,0,0,0,0.282,0.648,0.070,1,0,0,fixed-pacing-queue-hold,22,1,1,decoder-sync-observed,0,,0,0,20.948,21.976,0,,0.000,0.000,0.000,0.000,0,0,0,,0,0,0,3.215,0,560,0.058,0.000,0.000,0.058,0.000,0.039,0.006,1,1,1,1,0,1,1,0,0,0,0,0,1.000,0.000,0.000,24,0,0.000,0,0,0,0.000,0.000,0.000,0.000,0.000,0.000,0.000,1.955,7.329,0,0,0,0,0,0,0,0,0.000,0.000,0.000,0.000,0.000,0.000,0,0.099,20.945,424,429,1991,21.142,208.372,67.990,208.372,4428.241,110,1,H.264,124.907,0,0,207.425,208.393,1.000,169.683,123.950,arrival-gap-jitter-spike,16763.785,0,1,1,1,1,21192.026,429.726,490.967,491.583,491.583,0,0,16,0,0,16,0,,,145.273,164.835,521,1,decoded,0,0,0,0,0,0,0,0,0,0,,101.259,0.000,103.845,0.000,0.000,0.000,124.141,stale-before-upload,0.001,558,0.000,110.126,6.152,0.080,0.610,0.287,0.000,0.322,1,0,0,1,3,0.062,18.999,20.945,31.539,17.097,1.000,Loss,0,1,0,0.000,0,2,2,1,0.060,0.000,0.060,0,100,0,15773,14821,915,0,886
22.192,Custom_loss6_delay0-100_dup0_reorder6_burst0,Loopback,1,1,0,,,0.000,0,21,584,25.326,25.226,25.285,133.043,101.853,8.843,54.390,33.155,0.062,0.216,15549,1028,14551,13523,2326,1256,251,785,587,198,34,0,13523,480,132,0,0,0,0,5.000,0,0,0,0,0,0,0,0,0,0,0,0,0,0,0,0.000,0.000,0.000,,451,451,2087,0,1,71.200,207.425,72.211,208.393,0.000,0.000,446,434,7791,678,106,0,1550,2248,587,1,nack-sent,pending,H.264,1,1,23,10,13,2,0,1,0,13,0,0,16539,10,0,0,0,0,0,47.982,199,251,198,189,198,0,61.211,26.892,141.039,3,0,651,49,700,0,211,20,0.442,0.558,0.930,1.000,0.087,45.000,0.750,0.250,0.000,stable,1,7,0,0,1,7,1550,12341,0,0,0,0,12341,predicted-useful,fec-grace,2544,0.318,229,700,0,2,0,0,0,0,0,0,0,219,2855,219,2855,0,0,0,pacing,1,0.749,12.245,120.245,0,0,0,0,0,0,0,0,2857,1811,2083,1,1,9500000,1200000,0,0,0,16565,16565,20426756,700,869470,32,39808,0,0,0,0,0,13.759,37.612,295.062,4800.000,853,30064,15532,7061,14532,7471,0.313,29.601,6.616,853,5746021,8898381,2.662,2.633,0.467,15.215,30064,1548,467,12323,1546,2,0,103,103,175,103,0,0,1,0,4,2758,2248,2248,0,0,0,0,0,,disabled,,0,0,0,0,,1,Fixed Quality,Hybrid,85,30,9500,12000,640,360,H.264,480,270,518400,27136,518400,27136,0.052,0.000,,0,0,0.000,1.896,0.000,0.000,0.069,7250,6500,6500,18,18,0,1,9500,1.000,0,13.759,0.000,0,0,0.000,0.000,0,0,0,0,0.000,1.000,0.000,1,0,0,disabled,23,1,1,decoder-sync-observed,0,,0,0,12.517,22.851,0,,0.000,0.000,0.000,0.000,0,0,0,,0,0,0,8.041,0,588,0.068,0.000,0.000,0.068,0.000,0.047,0.007,1,1,1,1,0,1,1,0,0,0,0,0,1.000,0.000,0.000,30,0,0.000,0,0,0,0.000,0.000,0.000,0.000,0.000,0.000,0.000,1.797,11.975,0,0,0,0,0,0,0,0,0.000,0.000,0.000,0.000,0.000,0.000,0,0.086,25.226,446,451,2087,72.317,208.372,67.990,208.372,4428.241,110,1,H.264,124.907,0,0,207.425,208.393,1.000,169.683,123.950,arrival-gap-jitter-spike,17763.756,0,1,1,1,1,22191.997,429.726,490.967,491.583,491.583,0,0,16,0,0,16,0,,,145.273,164.835,521,1,decoded,0,0,0,0,0,0,0,0,0,0,,97.422,0.000,100.231,0.000,0.000,0.000,125.600,stale-before-upload,0.001,585,0.000,105.093,4.732,0.075,0.669,0.413,0.000,0.255,1,0,0,1,3,0.062,25.326,25.226,33.155,25.285,2.000,Loss,0,1,0,0.000,1,1,1,1,0.060,0.000,0.060,0,100,0,16587,15583,961,0,932
23.192,Custom_loss6_delay0-100_dup0_reorder6_burst0,Loopback,1,1,0,,,0.000,0,21,612,14.815,20.724,13.997,97.984,101.856,61.376,54.722,40.382,0.062,0.216,16325,1071,15279,14208,2430,1325,259,811,606,205,35,0,14208,501,138,0,0,0,0,5.000,0,0,0,0,0,0,0,0,0,0,0,0,0,0,0,0.000,0.000,0.000,,472,472,2182,0,1,26.158,207.425,27.116,208.393,0.000,0.000,467,454,8156,706,112,0,1625,2353,615,1,nack-sent,pending,H.264,1,1,23,11,12,1,0,1,0,12,0,0,17385,18,0,0,0,0,0,48.506,209,259,205,196,205,0,61.279,26.667,141.039,3,0,676,52,728,0,225,21,0.447,0.553,0.929,1.000,0.085,45.000,0.286,0.714,0.200,duplicate-guard,1,7,0,0,1,7,1625,12907,0,0,0,0,12907,predicted-useful,fec-grace,2667,0.348,237,728,0,2,0,0,0,0,0,0,0,227,2958,227,2958,0,0,0,pacing,1,0.711,5.663,113.663,0,0,0,0,0,0,0,0,2960,1904,2186,1,1,9500000,1200000,10,0,10,17405,17395,21448058,728,904302,35,43540,0,0,0,0,0,0.406,37.612,869.250,4800.000,894,31588,16309,7496,15279,7783,0.315,0.897,0.548,894,5780962,8915144,1.611,12.613,0.490,8.540,31588,1624,488,12895,1622,2,0,109,109,185,109,0,0,1,0,4,2891,2353,2353,0,0,0,0,0,,disabled,,0,0,0,0,,1,Fixed Quality,Hybrid,85,30,9500,12000,640,360,H.264,480,270,518400,27138,518400,27138,0.052,0.000,,0,0,0.000,2.068,0.000,0.000,0.081,6750,6500,6500,18,18,0,1,9500,0.953,1,13.999,0.000,0,0,0.000,0.000,0,0,0,0,0.287,0.641,0.071,1,0,0,fixed-pacing-queue-hold,23,1,1,decoder-sync-observed,0,,0,0,17.707,22.853,0,,0.000,0.000,0.000,0.000,0,0,0,,0,0,0,6.455,0,616,0.081,0.000,0.000,0.081,0.000,0.046,0.009,1,1,1,1,0,1,1,0,0,0,0,0,1.000,0.000,0.000,24,0,0.000,0,0,0,0.000,0.000,0.000,0.000,0.000,0.000,0.000,1.956,10.625,0,0,0,0,0,0,0,0,0.000,0.000,0.000,0.000,0.000,0.000,0,0.096,20.724,467,472,2182,27.214,208.372,67.990,208.372,4428.241,110,1,H.264,124.907,0,0,207.425,208.393,1.000,169.683,123.950,arrival-gap-jitter-spike,18763.945,0,1,1,1,1,23192.186,429.726,490.967,491.583,491.583,0,0,17,0,0,17,1,latency-pressure freshness,latency-over-80ms,134.373,164.835,589,1,decoded,0,0,0,0,0,0,0,0,0,0,,100.323,0.000,103.133,0.000,0.000,0.000,133.992,stale-before-upload,0.001,612,0.000,106.875,3.731,0.075,0.755,0.440,0.000,0.314,1,0,0,1,3,0.062,14.815,20.724,40.382,13.997,1.000,RecoveryDeadline,0,1,0,0.000,1,1,1,1,0.060,0.000,0.060,0,100,0,17418,16364,1011,0,975
24.199,Custom_loss6_delay0-100_dup0_reorder6_burst0,Loopback,1,1,0,,,0.000,0,21,642,17.766,17.013,15.759,89.097,102.079,83.814,56.045,5.049,0.060,0.222,17112,1101,15996,14895,2546,1397,273,835,623,212,41,0,14895,520,148,0,0,0,0,5.000,0,0,0,0,0,0,0,0,0,0,0,0,0,0,0,0.000,0.000,0.000,,491,491,2277,0,1,60.385,207.425,61.337,208.393,0.000,0.000,485,472,8543,732,123,0,1703,2459,642,1,completed,completed,H.264,1,0,1,1,0,0,0,0,0,0,0,0,18206,0,0,0,0,0,0,0.000,217,273,212,203,212,0,61.228,26.756,141.039,4,0,706,52,758,0,238,23,0.443,0.557,0.931,1.000,0.088,40.000,0.222,0.667,0.500,retransmit-late,1,7,0,0,1,7,1703,13552,0,0,0,0,13552,predicted-useful,fec-grace,2790,0.000,247,758,0,2,0,0,0,0,0,0,0,237,3094,237,3094,0,0,0,pacing,1,0.675,6.914,114.914,0,0,0,0,0,0,0,0,3096,1998,2292,1,1,9500000,1200000,2,0,2,18219,18217,22455711,758,941622,35,43540,0,0,0,0,0,7.665,37.612,1170.875,4800.000,937,33095,17103,7793,15992,8199,0.313,4.566,2.892,937,4863882,8734556,2.017,14.578,0.364,16.783,33095,1703,506,13552,1701,2,0,119,119,204,119,0,0,1,0,4,3035,2459,2459,0,0,0,0,0,,disabled,,0,0,0,0,,1,Fixed Quality,Hybrid,85,30,9500,12000,640,360,H.264,480,270,518400,26096,518400,26096,0.050,0.000,,0,0,0.000,1.859,0.000,0.000,0.068,6000,6250,6250,20,20,0,1,9500,0.820,1,7.665,0.000,0,0,0.000,0.000,0,0,0,0,0.286,0.645,0.069,1,0,0,latency-pressure-freshness-hold,22,1,1,decoder-sync-observed,0,,0,0,0.107,21.976,0,,0.000,0.000,0.000,0.000,0,0,0,,0,0,0,6.310,0,644,0.068,0.000,0.000,0.068,0.000,0.045,0.008,1,1,1,1,0,1,1,0,0,0,0,0,1.000,0.000,0.000,27,0,0.000,0,0,0,0.000,0.000,0.000,0.000,0.000,0.000,0.000,1.762,10.648,0,0,0,0,0,0,0,0,0.000,0.000,0.000,0.000,0.000,0.000,0,0.094,17.013,485,491,2277,60.572,208.372,67.990,208.372,4428.241,110,1,H.264,124.907,0,0,207.425,208.393,1.000,169.683,123.950,arrival-gap-jitter-spike,19770.992,0,1,1,1,1,24199.233,429.726,490.967,491.583,491.583,0,0,18,0,0,18,1,latency-pressure freshness,latency-over-80ms,154.658,164.835,636,1,H.264,0,0,0,0,0,0,0,0,0,0,,105.631,0.000,103.468,0.000,0.000,0.000,124.548,stale-before-decode,0.001,642,0.000,107.411,3.807,0.079,0.942,0.635,0.000,0.307,1,0,0,1,3,0.060,17.766,17.013,5.049,15.759,1.000,RecoveryDeadline,0,1,0,0.000,2,1,1,1,0.060,0.000,0.060,0,100,0,18241,17144,1066,0,1023
25.206,Custom_loss6_delay0-100_dup0_reorder6_burst0,Loopback,1,1,0,,,0.000,0,21,667,19.208,20.851,20.585,101.121,102.182,69.374,56.624,6.759,0.062,0.222,17849,1170,16698,15528,2660,1459,289,867,646,221,45,0,15528,540,154,0,0,0,0,5.000,0,0,0,0,0,0,0,0,0,0,0,0,0,0,0,0.000,0.000,0.000,,511,511,2373,0,1,44.320,207.425,45.302,208.393,0.000,0.000,504,491,8924,761,129,0,1776,2567,669,1,nack-sent,pending,H.264,1,1,22,21,1,4,3,3,11,27,0,0,18961,9,0,0,0,0,0,90.452,225,289,221,212,221,0,61.432,26.618,141.039,4,0,739,58,797,0,249,23,0.438,0.562,0.927,1.000,0.085,45.000,0.167,0.833,0.000,duplicate-guard,1,7,0,0,1,7,1776,14092,0,0,0,0,14092,predicted-useful,fec-grace,2910,0.409,260,797,0,2,0,0,0,0,0,0,0,250,3265,250,3265,0,0,0,pacing,1,0.758,9.363,117.363,0,0,0,0,0,0,0,0,3267,2084,2393,1,1,9500000,1200000,0,0,0,19014,19014,23440269,797,990138,35,43540,0,0,0,0,0,17.550,37.612,10684.375,4800.000,978,34541,17843,8099,16698,8599,0.312,15.650,1.758,978,4684365,7882547,1.630,8.774,0.470,11.716,34541,1776,526,14092,1774,2,0,125,125,216,125,0,0,1,0,4,3176,2567,2567,0,0,0,0,0,,disabled,,0,0,0,0,,1,Fixed Quality,Hybrid,85,30,9500,12000,640,360,H.264,480,270,518400,26096,518400,26096,0.050,0.000,,0,0,0.000,2.002,0.000,0.000,0.072,6000,6250,6250,20,20,0,1,9500,0.820,1,17.550,0.000,0,0,0.000,0.000,0,0,0,0,0.282,0.645,0.073,1,0,0,latency-pressure-freshness-hold,22,1,1,decoder-sync-observed,0,,0,0,0.013,21.976,0,,0.000,0.000,0.000,0.000,0,0,0,,0,0,0,5.901,0,671,0.072,0.000,0.000,0.072,0.000,0.047,0.009,1,1,1,1,0,1,1,0,0,0,0,0,1.000,0.000,0.000,27,0,0.000,0,0,0,0.000,0.000,0.000,0.000,0.000,0.000,0.000,1.897,9.946,0,0,0,0,0,0,0,0,0.000,0.000,0.000,0.000,0.000,0.000,0,0.083,20.851,504,511,2373,45.672,208.372,67.990,208.372,4428.241,110,1,H.264,124.907,0,0,207.425,208.393,1.000,169.683,123.950,arrival-gap-jitter-spike,20777.527,0,1,1,1,1,25205.768,429.726,490.967,491.583,491.583,0,0,19,0,0,19,1,latency-pressure freshness,latency-over-80ms,160.615,164.835,659,1,H.264,0,0,0,0,0,0,0,0,0,0,,107.162,0.000,106.862,0.000,0.000,0.000,130.560,stale-before-decode,0.001,667,0.000,111.267,4.278,0.075,0.743,0.515,0.000,0.228,1,0,0,1,3,0.062,19.208,20.851,6.759,20.585,1.000,Loss,0,1,0,1.000,0,3,3,1,0.060,0.000,0.060,0,100,0,19039,17882,1109,0,1071
26.209,Custom_loss6_delay0-100_dup0_reorder6_burst0,Loopback,1,1,0,,,0.000,0,21,695,23.909,19.082,22.182,89.806,102.112,71.942,57.263,26.105,0.061,0.220,18574,1209,17369,16160,2775,1524,297,907,678,229,47,0,16160,563,159,0,0,0,0,5.000,0,0,0,0,0,0,0,0,0,0,0,0,0,0,0,0.000,0.000,0.000,,534,534,2466,0,1,14.575,207.425,15.720,208.393,0.000,0.000,527,513,9298,792,135,0,1846,2682,696,1,fec-parity,pending,H.264,1,1,22,19,3,4,2,2,10,20,0,2,19749,16,19761,1,0,0,0,75.371,233,297,229,220,229,0,61.797,26.121,141.039,5,0,764,57,821,0,262,26,0.440,0.560,0.931,1.000,0.090,44.000,0.333,0.667,0.000,duplicate-guard,1,7,0,0,1,7,1846,14653,0,0,0,0,14653,predicted-useful,fec-grace,3028,0.227,268,821,0,2,0,0,0,0,0,0,0,258,3365,258,3365,0,0,0,pacing,1,0.713,10.039,118.039,0,0,0,0,0,0,0,0,3367,2168,2487,0,1,9500000,1200000,21,0,21,19788,19767,24370331,821,1019994,35,43540,0,0,0,0,0,0.095,37.612,17585.438,4800.000,1017,35942,18573,8461,17369,8908,0.313,17.830,0.742,1017,4977220,8001182,1.217,7.533,0.450,4.181,35942,1846,549,14653,1844,2,0,130,130,229,130,0,0,1,0,4,3312,2682,2682,0,0,0,0,0,,disabled,,0,0,0,0,,1,Fixed Quality,Hybrid,85,30,9500,12000,640,360,H.264,480,270,518400,26096,518400,26096,0.050,0.000,,0,0,0.000,2.295,0.000,0.000,0.092,6000,6250,6250,20,20,0,1,9500,0.820,1,12.366,0.000,0,0,0.000,0.000,0,0,0,0,0.284,0.647,0.069,1,0,0,latency-pressure-freshness-hold,22,1,1,decoder-sync-observed,0,,0,0,14.282,21.976,0,,0.000,0.000,0.000,0.000,0,0,0,,0,0,0,3.737,0,698,0.092,0.000,0.000,0.091,0.000,0.060,0.011,1,1,1,1,0,1,1,0,0,0,0,0,1.000,0.000,0.000,27,0,0.000,0,0,0,0.000,0.000,0.000,0.000,0.000,0.000,0.000,2.159,7.955,0,0,0,0,0,0,0,0,0.000,0.000,0.000,0.000,0.000,0.000,0,0.105,19.082,527,534,2466,15.628,208.372,67.990,208.372,4428.241,110,1,H.264,124.907,0,0,207.425,208.393,1.000,169.683,123.950,arrival-gap-jitter-spike,21781.602,0,1,1,1,1,26209.843,429.726,490.967,491.583,491.583,0,0,20,0,0,20,1,latency-pressure freshness,latency-over-80ms,145.076,164.835,693,1,decoded,0,0,0,0,0,0,0,0,0,0,,104.387,0.000,107.172,0.000,0.000,0.000,124.903,stale-before-upload,0.001,695,0.000,107.827,5.333,0.080,0.458,0.123,0.000,0.334,1,0,0,1,3,0.061,23.909,19.082,26.105,22.182,1.000,Loss,0,1,0,0.000,0,1,1,1,0.060,0.000,0.060,0,100,0,19793,18610,1155,0,1114
27.213,Custom_loss6_delay0-100_dup0_reorder6_burst0,Loopback,1,1,0,,,0.000,0,21,719,22.801,22.690,18.811,137.776,102.345,59.547,57.354,42.526,0.061,0.219,19309,1264,18065,16801,2886,1585,310,943,711,232,48,0,16801,586,164,0,0,0,0,5.000,0,0,0,0,0,0,0,0,0,0,0,0,0,0,0,0.000,0.000,0.000,,554,554,2560,0,1,68.193,207.425,69.404,208.393,0.000,0.000,547,533,9682,818,137,0,1916,2804,723,1,nack-sent,pending,H.264,1,1,22,18,4,2,2,2,6,15,1,0,20518,1,20574,4,0,0,0,69.042,241,310,232,223,232,0,61.737,26.406,141.039,5,0,788,60,848,0,269,26,0.437,0.563,0.929,1.000,0.088,44.000,0.000,0.000,0.000,insufficient-sample,1,7,0,0,1,7,1916,15234,0,0,0,0,15234,predicted-useful,fec-grace,3145,0.182,277,848,0,2,0,0,0,0,0,0,0,267,3486,267,3486,0,0,0,pacing,1,0.756,4.374,112.374,0,0,0,0,0,0,0,0,3488,2250,2580,1,1,9500000,1200000,23,0,23,20577,20553,25341189,848,1053582,36,44784,0,0,0,0,0,0.491,37.612,18001.438,4800.000,1057,37348,19283,8833,18065,9232,0.314,33.630,0.000,1057,5046689,8052627,1.940,3.547,0.547,20.323,37348,1916,572,15234,1914,2,0,132,132,233,132,0,0,1,0,4,3455,2804,2804,0,0,0,0,0,,disabled,,0,0,0,0,,1,Fixed Quality,Hybrid,85,30,9500,12000,640,360,H.264,480,270,518400,26094,518400,26094,0.050,0.000,,0,0,0.000,1.982,0.000,0.000,0.067,6250,6250,6250,20,20,0,1,9500,0.868,1,15.681,0.000,0,0,0.000,0.000,0,0,0,0,0.000,1.000,0.000,1,0,0,latency-pressure-freshness-hold,22,1,1,decoder-sync-observed,0,,0,0,17.386,21.974,0,,0.000,0.000,0.000,0.000,0,0,0,,0,0,0,3.235,0,725,0.066,0.000,0.000,0.066,0.000,0.042,0.007,1,1,1,1,0,1,1,0,0,0,0,0,1.000,0.000,0.000,27,0,0.000,0,0,0,0.000,0.000,0.000,0.000,0.000,0.000,0.000,1.783,7.165,0,0,0,0,0,0,0,0,0.000,0.000,0.000,0.000,0.000,0.000,0,0.090,22.690,547,554,2560,69.343,208.372,67.990,208.372,4428.241,110,1,H.264,124.907,0,0,207.425,208.393,1.000,169.683,123.950,arrival-gap-jitter-spike,22784.580,0,1,1,1,1,27212.821,429.726,490.967,491.583,491.583,0,0,20,0,0,20,0,,,145.076,164.835,693,1,decoded,0,0,0,0,0,0,0,0,0,0,,107.468,0.000,110.283,0.000,0.000,0.000,132.821,stale-before-upload,0.001,720,0.000,115.408,5.031,0.090,0.585,0.340,0.000,0.245,1,0,0,1,3,0.061,22.801,22.690,42.526,18.811,2.000,RecoveryDeadline,0,1,0,1.000,0,1,1,1,0.060,0.000,0.060,0,100,0,20581,19344,1201,0,1178
28.213,Custom_loss6_delay0-100_dup0_reorder6_burst0,Loopback,1,1,0,,,0.000,0,21,749,22.339,21.729,22.445,97.855,102.303,60.384,57.470,19.132,0.062,0.219,20045,1328,18766,17438,2980,1639,314,976,736,240,51,0,17438,609,171,0,0,0,0,5.000,0,0,0,0,0,0,0,0,0,0,0,0,0,0,0,0.000,0.000,0.000,,576,576,2656,0,1,24.104,207.425,25.632,208.393,0.000,0.000,569,554,10030,849,144,0,1988,2909,750,1,fec-recovered,pending,H.264,1,1,23,9,14,5,1,1,2,17,0,0,21322,12,0,0,0,0,0,59.677,247,314,240,231,240,0,61.137,26.670,141.039,6,0,807,58,865,0,276,28,0.440,0.560,0.933,1.000,0.092,44.000,0.000,0.000,0.000,insufficient-sample,1,7,0,0,1,7,1988,15803,0,0,0,0,15803,predicted-useful,fec-grace,3262,0.000,282,865,0,2,0,0,0,0,0,0,0,272,3534,272,3534,0,0,0,pacing,1,0.627,4.739,112.739,0,0,0,0,0,0,0,0,3536,2337,2674,0,1,9500000,1200000,14,0,14,21369,21355,26329343,865,1074730,38,47272,0,0,0,0,0,0.784,37.612,974.750,4800.000,1097,38771,20019,9161,18752,9591,0.314,5.039,0.884,1097,5637923,8897430,1.534,3.005,0.514,13.218,38771,1988,595,15803,1986,2,0,138,138,240,138,0,0,1,0,4,3578,2909,2909,0,0,0,0,0,,disabled,,0,0,0,0,,1,Fixed Quality,Hybrid,85,30,9500,12000,640,360,H.264,480,270,518400,27138,518400,27138,0.052,0.000,,0,0,0.000,2.154,0.000,0.000,0.097,7250,6500,6500,21,21,0,1,9500,1.000,0,11.333,0.000,0,0,0.000,0.000,0,0,0,0,0.286,0.647,0.067,1,0,0,disabled,23,1,1,decoder-sync-observed,0,,0,0,13.093,22.853,0,,0.000,0.000,0.000,0.000,0,0,0,,0,0,0,6.023,0,752,0.097,0.000,0.000,0.097,0.000,0.043,0.007,1,1,1,1,0,1,1,0,0,0,0,0,1.000,0.000,0.000,30,0,0.000,0,0,0,0.000,0.000,0.000,0.000,0.000,0.000,0.000,2.023,10.011,0,0,0,0,0,0,0,0,0.000,0.000,0.000,0.000,0.000,0.000,0,0.089,21.729,569,576,2656,25.339,208.372,67.990,208.372,4428.241,110,1,H.264,124.907,0,0,207.425,208.393,1.000,169.683,123.950,arrival-gap-jitter-spike,23784.701,0,1,1,1,1,28212.942,429.726,490.967,491.583,491.583,0,0,20,0,0,20,0,,,145.076,164.835,693,1,decoded,0,0,0,0,0,0,0,0,0,0,,101.338,0.000,104.245,1.239,0.000,103.047,128.928,stale-before-upload,0.001,748,0.000,109.285,4.256,0.075,0.526,0.253,0.000,0.273,1,0,0,1,3,0.062,22.339,21.729,19.132,22.445,1.000,Loss,0,1,0,2.000,2,4,4,1,0.060,0.000,0.060,0,100,0,21383,20081,1254,0,1212
29.218,Custom_loss6_delay0-100_dup0_reorder6_burst0,Loopback,1,1,0,,,0.000,0,21,777,26.149,25.776,24.952,85.214,102.496,7.886,55.634,24.454,0.062,0.216,20899,1385,19572,18187,3102,1715,328,1008,761,247,51,0,18187,634,175,0,0,0,0,5.000,0,0,0,0,0,0,0,0,0,0,0,0,0,0,0,0.000,0.000,0.000,,600,600,2746,0,1,12.657,207.425,13.789,208.393,0.000,0.000,593,579,10450,881,147,0,2069,3036,780,1,nack-sent,pending,H.264,1,1,24,13,11,3,1,1,0,11,0,0,22245,7,0,0,0,0,0,44.141,262,328,247,238,247,0,61.423,26.551,141.039,6,0,843,62,905,0,285,29,0.444,0.556,0.931,1.000,0.092,40.000,0.714,0.286,0.500,retransmit-late,1,7,0,0,1,7,2069,16471,0,0,0,0,16471,predicted-useful,fec-grace,3395,0.083,294,905,0,2,0,0,0,0,0,0,0,284,3718,284,3718,0,0,0,pacing,1,0.775,12.371,120.371,0,0,0,0,0,0,0,0,3720,2432,2783,1,1,9500000,1200000,6,0,6,22269,22263,27443619,905,1124490,42,52248,0,0,0,0,0,4.746,37.612,413.125,4800.000,1142,40441,20888,9533,19553,10020,0.313,3.299,1.029,1142,6560131,10101003,0.753,-8.095,0.423,17.818,40441,2068,620,16460,2066,2,0,141,141,245,141,0,0,1,0,4,3726,3036,3036,0,0,0,0,0,,disabled,,0,0,0,0,,1,Fixed Quality,Hybrid,85,30,9500,12000,640,360,H.264,480,270,518400,28178,518400,28178,0.054,0.000,,0,0,0.000,2.218,0.000,0.000,0.091,7250,6750,6750,22,22,0,1,9500,1.000,0,11.591,0.000,0,0,0.000,0.000,0,0,0,0,0.290,0.642,0.069,1,0,0,disabled,24,1,1,decoder-sync-observed,0,,0,0,15.179,23.729,0,,0.000,0.000,0.000,0.000,0,0,0,,0,0,0,5.853,0,781,0.090,0.000,0.000,0.090,0.000,0.061,0.013,1,1,1,1,0,1,1,0,0,0,0,0,1.000,0.000,0.000,30,0,0.000,0,0,0,0.000,0.000,0.000,0.000,0.000,0.000,0.000,2.091,10.289,0,0,0,0,0,0,0,0,0.000,0.000,0.000,0.000,0.000,0.000,0,0.127,25.776,593,600,2746,13.671,208.372,67.990,208.372,4428.241,110,1,H.264,124.907,0,0,207.425,208.393,1.000,169.683,123.950,arrival-gap-jitter-spike,24789.799,0,1,1,1,1,29218.040,429.726,490.967,491.583,491.583,0,0,20,0,0,20,0,,,145.076,164.835,693,1,decoded,0,0,0,0,0,0,0,0,0,0,,100.814,0.000,103.818,0.000,0.000,0.000,122.607,stale-before-upload,0.001,777,0.000,110.153,6.149,0.096,0.371,0.001,0.000,0.369,1,0,0,1,3,0.062,26.149,25.776,24.454,24.952,1.000,Loss,0,1,0,0.000,2,3,3,1,0.060,0.000,0.060,0,100,0,22292,20941,1309,0,1252
30.221,Custom_loss6_delay0-100_dup0_reorder6_burst0,Loopback,1,1,0,,,0.000,0,21,807,23.336,19.504,22.614,107.615,102.706,55.695,55.636,12.786,0.062,0.218,21782,1440,20417,18977,3234,1790,349,1041,787,254,54,0,18977,658,183,0,0,0,0,5.000,0,0,0,0,0,0,0,0,0,0,0,0,0,0,0,0.000,0.000,0.000,,622,622,2850,0,1,28.560,207.425,30.067,208.393,0.000,0.000,615,601,10868,912,153,0,2153,3153,809,1,fec-recovered,pending,H.264,1,1,24,17,7,5,3,2,5,26,0,0,23173,22,0,0,0,0,0,77.652,276,349,254,245,254,0,61.670,26.242,141.039,6,0,885,62,947,0,301,30,0.442,0.558,0.935,1.000,0.091,45.000,0.357,0.643,0.125,duplicate-guard,1,7,0,0,1,7,2153,17213,0,0,0,0,17213,predicted-useful,fec-grace,3528,0.458,308,947,0,2,0,0,0,0,0,0,0,298,3930,298,3930,0,0,0,pacing,1,0.783,6.314,114.314,0,0,0,0,0,0,0,0,3932,2527,2894,1,1,9500000,1200000,0,0,0,23211,23211,28605747,947,1176738,44,54736,0,0,0,0,0,17.127,37.612,236.312,4800.000,1191,42183,21773,9972,20410,10438,0.314,4.688,0.361,1191,6610542,12161639,0.871,47.809,0.466,7.406,42183,2153,644,17213,2151,2,0,147,147,255,147,0,0,1,0,4,3871,3153,3153,0,0,0,0,0,,disabled,,0,0,0,0,,1,Fixed Quality,Hybrid,85,30,9500,12000,640,360,H.264,480,270,518400,28178,518400,28178,0.054,0.000,,0,0,0.000,2.548,0.000,0.000,0.102,7250,6750,6750,22,22,0,1,9500,1.000,0,17.127,0.000,0,0,0.000,0.000,0,0,0,0,0.291,0.643,0.065,1,0,0,disabled,24,1,1,decoder-sync-observed,0,,0,0,14.303,23.729,0,,0.000,0.000,0.000,0.000,0,0,0,,0,0,0,3.047,0,811,0.102,0.000,0.000,0.101,0.000,0.054,0.023,1,1,1,1,0,1,1,0,0,0,0,0,1.000,0.000,0.000,30,0,0.000,0,0,0,0.000,0.000,0.000,0.000,0.000,0.000,0.000,2.407,7.381,0,0,0,0,0,0,0,0,0.000,0.000,0.000,0.000,0.000,0.000,0,0.105,19.504,615,622,2850,29.847,208.372,67.990,208.372,4428.241,110,1,H.264,124.907,0,0,207.425,208.393,1.000,169.683,123.950,arrival-gap-jitter-spike,25792.869,0,1,1,1,1,30221.110,429.726,490.967,491.583,491.583,0,0,20,0,0,20,0,,,145.076,164.835,693,1,decoded,0,0,0,0,0,0,0,0,0,0,,107.044,0.000,110.467,0.000,0.000,0.000,133.808,stale-before-upload,0.001,807,0.000,115.156,4.525,0.085,0.250,0.001,0.000,0.249,1,0,0,1,3,0.062,23.336,19.504,12.786,22.614,1.000,Loss,0,1,0,1.000,0,1,1,1,0.060,0.000,0.060,0,100,0,23241,21824,1367,0,1305
31.226,Custom_loss6_delay0-100_dup0_reorder6_burst0,Loopback,1,1,0,,,0.000,0,21,838,26.771,26.765,23.613,107.837,102.836,92.414,56.904,6.196,0.061,0.216,22659,1480,21239,19759,3346,1859,362,1069,811,258,56,0,19759,684,189,0,0,0,0,5.000,0,0,0,0,0,0,0,0,0,0,0,0,0,0,0,0.000,0.000,0.000,,647,647,2944,0,1,30.811,207.425,31.867,208.393,0.000,0.000,640,626,11276,942,158,0,2236,3276,840,1,nack-sent,pending,H.264,1,1,24,15,9,2,1,1,0,9,0,0,24124,16,0,0,0,0,0,50.623,283,362,258,249,258,0,62.023,26.067,141.039,6,0,909,64,973,0,307,30,0.439,0.561,0.934,1.000,0.089,45.000,0.333,0.667,0.000,duplicate-guard,1,7,0,0,1,7,2236,17908,0,0,0,0,17908,predicted-useful,fec-grace,3665,0.375,316,973,0,2,0,0,0,0,0,0,0,306,4057,306,4057,0,0,0,pacing,1,0.768,4.753,112.753,0,0,0,0,0,0,0,0,4059,2624,3001,1,1,9500000,1200000,3,0,3,24137,24134,29736703,973,1209082,46,57224,0,0,0,0,0,7.781,37.612,435.750,4800.000,1238,43876,22640,10446,21236,10790,0.316,13.162,1.578,1238,5924321,9443071,0.888,45.591,0.466,15.960,43876,2236,670,17908,2234,2,0,152,152,263,152,0,0,1,0,4,4018,3276,3276,0,0,0,0,0,,disabled,,0,0,0,0,,1,Fixed Quality,Hybrid,85,30,9500,12000,640,360,H.264,480,270,518400,28178,518400,28178,0.054,0.000,,0,0,0.000,2.099,0.000,0.000,0.100,7250,6750,6750,22,22,0,1,9500,1.000,0,10.222,0.000,0,0,0.000,0.000,0,0,0,0,0.291,0.643,0.066,1,0,0,disabled,24,1,1,decoder-sync-observed,0,,0,0,15.528,23.729,0,,0.000,0.000,0.000,0.000,0,0,0,,0,0,0,6.112,0,841,0.100,0.000,0.000,0.099,0.000,0.075,0.008,1,1,1,1,0,1,1,0,0,0,0,0,1.000,0.000,0.000,30,0,0.000,0,0,0,0.000,0.000,0.000,0.000,0.000,0.000,0.000,1.967,10.044,0,0,0,0,0,0,0,0,0.000,0.000,0.000,0.000,0.000,0.000,0,0.090,26.765,640,647,2944,31.903,208.372,67.990,208.372,4428.241,110,1,H.264,124.907,0,0,207.425,208.393,1.000,169.683,123.950,arrival-gap-jitter-spike,26798.435,0,1,1,1,1,31226.676,429.726,490.967,491.583,491.583,0,0,20,0,0,20,0,,,145.076,164.835,693,1,decoded,0,0,0,0,0,0,0,0,0,0,,105.009,0.000,107.940,0.000,0.000,0.000,133.918,stale-before-upload,0.001,838,0.000,112.024,3.943,0.074,0.709,0.455,0.000,0.254,1,0,0,1,3,0.061,26.771,26.765,6.196,23.613,1.000,Loss,0,1,0,0.000,0,1,1,1,0.060,0.000,0.060,0,100,0,24165,22703,1417,0,1352
32.232,Custom_loss6_delay0-100_dup0_reorder6_burst0,Loopback,1,1,0,,,0.000,0,21,868,23.169,19.315,22.927,98.733,103.034,76.381,57.554,22.896,0.062,0.218,23511,1549,22058,20509,3448,1927,375,1087,827,260,59,0,20509,707,197,0,0,0,0,5.000,0,0,0,0,0,0,0,0,0,0,0,0,0,0,0,0.000,0.000,0.000,,668,668,3041,0,1,64.888,207.425,66.057,208.393,0.000,0.000,661,647,11669,967,164,0,2318,3389,870,1,fec-parity,pending,H.264,1,1,24,11,13,1,0,0,0,0,0,0,25050,14,0,0,0,0,0,27.921,295,375,260,251,260,0,61.996,25.989,141.039,6,0,936,64,1000,0,317,31,0.440,0.560,0.936,1.000,0.089,45.000,0.231,0.769,0.200,duplicate-guard,1,7,0,0,1,7,2318,18563,0,0,0,0,18563,predicted-useful,fec-grace,3795,0.000,325,1000,0,2,0,0,0,0,0,0,0,315,4183,315,4183,0,0,0,pacing,1,0.728,6.017,114.017,0,0,0,0,0,0,0,0,4185,2722,3110,0,1,9500000,1200000,0,0,0,25034,25034,30839669,1000,1242670,47,58468,0,0,0,0,0,23.735,37.612,16393.438,4800.000,1283,45535,23481,10816,22054,11238,0.315,4.921,2.046,1283,5403057,8885302,1.242,33.266,0.490,13.564,45535,2318,693,18563,2316,2,0,158,158,274,158,0,0,1,0,4,4160,3389,3389,0,0,0,0,0,,disabled,,0,0,0,0,,1,Fixed Quality,Hybrid,85,30,9500,12000,640,360,H.264,480,270,518400,0,518400,28178,0.054,0.000,,0,0,0.000,5.781,0.000,5.010,0.715,7250,6750,6750,22,22,0,1,9500,1.000,0,23.735,0.000,0,0,0.000,0.000,0,0,0,0,0.295,0.641,0.064,1,0,0,disabled,0,0,0,async-output-pending,0,,0,0,0.000,0.000,0,,0.000,0.000,0.000,0.000,0,0,0,,0,0,0,0.000,1,0,0.686,0.205,0.479,0.000,0.000,0.000,0.000,0,0,1,1,1,0,0,1,1,0,0,0,1.000,0.000,0.000,30,0,0.000,0,0,0,0.000,0.000,0.000,0.000,0.000,0.000,0.000,0.000,10.678,0,0,0,0,0,0,0,0,0.000,0.000,0.000,0.000,0.000,0.000,0,0.109,19.315,661,668,3041,66.159,208.372,67.990,208.372,4428.241,110,1,H.264,124.907,0,0,207.425,208.393,1.000,169.683,123.950,arrival-gap-jitter-spike,27804.417,0,1,1,1,1,32232.658,429.726,490.967,491.583,491.583,0,0,20,0,0,20,0,,,145.076,164.835,693,1,decoded,0,0,0,0,0,0,0,0,0,0,,106.679,0.000,109.603,0.000,0.000,0.000,129.367,stale-before-upload,0.001,868,0.000,114.178,4.411,0.101,0.349,0.001,0.000,0.349,1,0,0,1,3,0.062,23.169,19.315,22.896,22.927,1.000,Loss,0,1,0,0.000,0,2,2,1,0.060,0.000,0.060,0,100,0,25066,23556,1482,0,1414
33.233,Custom_loss6_delay0-100_dup0_reorder6_burst0,Loopback,1,1,0,,,0.000,0,21,897,26.118,24.255,21.531,79.192,103.058,106.669,59.138,25.174,0.061,0.217,24299,1578,22773,21195,3554,1994,383,1116,850,266,61,0,21195,732,203,0,0,0,0,5.000,0,0,0,0,0,0,0,0,0,0,0,0,0,0,0,0.000,0.000,0.000,,692,692,3132,0,1,12.032,207.425,13.113,208.393,0.000,0.000,684,670,12048,998,169,0,2393,3504,898,1,nack-sent,pending,H.264,1,0,6,3,3,2,1,1,0,3,0,1,25877,4,25877,4,0,0,0,48.162,300,383,266,257,266,0,61.949,25.733,141.039,6,0,955,67,1022,0,325,31,0.439,0.561,0.934,1.000,0.087,45.000,0.000,1.000,0.000,duplicate-guard,1,7,0,0,1,7,2393,19131,0,0,0,0,19131,predicted-useful,fec-grace,3921,0.500,332,1022,0,2,0,0,0,0,0,0,0,321,4277,321,4277,0,0,0,pacing,1,0.739,4.840,112.840,0,0,0,0,0,0,0,0,4279,2812,3209,1,1,9500000,1200000,0,0,0,25873,25873,31867596,1022,1270038,47,58468,0,0,0,0,0,14.815,37.612,7501.875,4800.000,1326,47053,24283,11128,22770,11642,0.314,13.535,0.906,1326,5078915,8573486,0.799,32.671,0.398,15.060,47053,2393,717,19131,2391,2,0,163,163,282,163,0,0,1,0,4,4300,3504,3504,0,0,0,0,0,,disabled,,0,0,0,0,,1,Fixed Quality,Hybrid,85,30,9500,12000,640,360,H.264,480,270,518400,26096,518400,26096,0.050,0.000,,0,0,0.000,1.996,0.000,0.000,0.127,6000,6250,6250,23,23,0,1,9500,0.820,1,14.815,0.000,0,0,0.000,0.000,0,0,0,0,0.000,1.000,0.000,1,0,0,latency-pressure-freshness-hold,22,1,1,decoder-sync-observed,0,,0,0,1.219,21.976,0,,0.000,0.000,0.000,0.000,0,0,0,,0,0,0,6.022,0,899,0.127,0.000,0.000,0.127,0.000,0.102,0.007,1,1,1,1,0,1,1,0,0,0,0,0,1.000,0.000,0.000,27,0,0.000,0,0,0,0.000,0.000,0.000,0.000,0.000,0.000,0.000,1.812,10.093,0,0,0,0,0,0,0,0,0.000,0.000,0.000,0.000,0.000,0.000,0,0.089,24.255,684,692,3132,12.272,208.372,67.990,208.372,4428.241,110,1,H.264,124.907,0,0,207.425,208.393,1.000,169.683,123.950,arrival-gap-jitter-spike,28805.409,0,1,1,1,1,33233.650,429.726,490.967,491.583,491.583,0,0,21,0,0,21,1,cadence-limited freshness,input-cadence-or-video-budget,149.031,164.835,892,1,H.264,0,0,0,0,0,0,0,0,0,0,,102.352,0.000,100.883,0.000,0.000,0.000,120.000,stale-before-decode,0.000,897,0.000,105.745,4.728,0.073,0.935,0.692,0.000,0.243,1,0,0,1,3,0.061,26.118,24.255,25.174,21.531,1.000,RecoveryDeadline,0,1,0,0.000,2,1,1,1,0.060,0.000,0.060,0,100,0,25906,24347,1529,0,1452
34.240,Custom_loss6_delay0-100_dup0_reorder6_burst0,Loopback,1,1,0,,,0.000,0,21,922,18.724,18.725,17.765,99.394,102.976,90.643,60.122,11.456,0.063,0.218,25018,1669,23481,21812,3665,2062,395,1146,871,275,62,0,21812,751,209,0,0,0,0,5.000,0,0,0,0,0,0,0,0,0,0,0,0,0,0,0,0.000,0.000,0.000,,711,711,3224,0,1,40.776,207.425,41.952,208.393,0.000,0.000,703,688,12415,1026,175,0,2464,3610,924,1,nack-sent,pending,H.264,1,1,22,18,4,5,4,3,8,27,0,0,26624,14,0,0,0,0,0,90.503,310,395,275,263,275,0,61.771,25.739,141.039,6,0,986,67,1053,0,339,31,0.440,0.560,0.936,1.000,0.084,45.000,0.400,0.600,0.000,duplicate-guard,1,7,0,0,1,7,2464,19649,0,0,0,0,19649,predicted-useful,fec-grace,4035,0.727,341,1053,0,2,0,0,0,0,0,0,0,330,4393,330,4393,0,0,0,pacing,1,0.722,9.878,117.878,0,0,0,0,0,0,0,0,4395,2896,3304,1,1,9500000,1200000,0,0,0,26660,26660,32839698,1053,1308602,51,63444,0,0,0,0,0,13.547,37.612,5742.000,4800.000,1366,48486,25014,11488,23472,11984,0.315,40.742,0.000,1366,4270403,7154642,0.608,22.931,0.482,19.510,48486,2464,736,19649,2462,2,0,169,169,294,169,0,0,1,0,4,4434,3610,3610,0,0,0,0,0,,disabled,,0,0,0,0,,1,Fixed Quality,Hybrid,85,30,9500,12000,640,360,H.264,480,270,518400,26096,518400,26096,0.050,0.000,,0,0,0.000,2.019,0.000,0.000,0.063,6000,6250,6250,23,23,0,1,9500,0.846,1,13.547,0.000,0,0,0.000,0.000,0,0,0,0,0.000,1.000,0.000,1,0,0,latency-pressure-freshness-hold,22,1,1,decoder-sync-observed,0,,0,0,12.404,21.976,0,,0.000,0.000,0.000,0.000,0,0,0,,0,0,0,4.035,0,926,0.062,0.000,0.000,0.062,0.000,0.041,0.007,1,1,1,1,0,1,1,0,0,0,0,0,1.000,0.000,0.000,27,0,0.000,0,0,0,0.000,0.000,0.000,0.000,0.000,0.000,0.000,1.927,7.982,0,0,0,0,0,0,0,0,0.000,0.000,0.000,0.000,0.000,0.000,0,0.108,18.725,703,711,3224,41.766,208.372,67.990,208.372,4428.241,110,1,H.264,124.907,0,0,207.425,208.393,1.000,169.683,123.950,arrival-gap-jitter-spike,29812.060,0,1,1,1,1,34240.301,429.726,490.967,491.583,491.583,0,0,22,0,0,22,1,latency-pressure freshness,latency-over-80ms,148.266,164.835,905,1,decoded,0,0,0,0,0,0,0,0,0,0,,100.966,0.000,103.724,0.000,0.000,0.000,129.697,stale-before-upload,0.001,922,0.000,107.772,4.418,0.083,0.887,0.653,0.000,0.234,1,0,0,1,3,0.063,18.724,18.725,11.456,17.765,1.000,RecoveryDeadline,0,1,0,0.500,2,1,1,1,0.060,0.000,0.060,0,100,0,26694,25068,1585,0,1487
35.243,Custom_loss6_delay0-100_dup0_reorder6_burst0,Loopback,1,1,0,,,0.000,0,21,949,22.981,22.991,21.493,108.328,102.883,78.437,60.677,17.943,0.062,0.219,25780,1706,24179,22473,3797,2128,408,1195,909,286,66,0,22473,771,216,0,0,0,0,5.000,0,0,0,0,0,0,0,0,0,0,0,0,0,0,0,0.000,0.000,0.000,,731,731,3315,0,1,60.390,207.425,61.457,208.393,0.000,0.000,723,708,12814,1057,182,0,2538,3728,951,1,nack-sent,pending,H.264,1,1,23,20,3,5,3,2,5,14,0,0,27430,8,0,0,0,0,0,69.550,329,408,286,274,286,0,61.506,26.201,141.039,6,0,1029,66,1095,0,357,34,0.446,0.554,0.940,1.000,0.087,45.000,0.364,0.636,0.000,duplicate-guard,1,7,0,0,1,7,2538,20221,0,0,0,0,20221,predicted-useful,fec-grace,4152,0.130,355,1095,0,2,0,0,0,0,0,0,0,344,4593,344,4593,0,0,0,pacing,1,0.784,8.693,116.693,0,0,0,0,0,0,0,0,4595,2977,3401,1,1,9500000,1200000,8,0,8,27474,27466,33833562,1095,1360850,52,64688,0,0,0,0,0,8.284,37.612,997.938,4800.000,1407,49942,25771,11798,24171,12373,0.314,17.581,0.803,1407,7561083,11229707,1.466,15.904,0.440,19.990,49942,2537,756,20218,2535,2,0,176,176,305,176,0,0,1,0,4,4571,3728,3728,0,0,0,0,0,,disabled,,0,0,0,0,,1,Fixed Quality,Hybrid,85,30,9500,12000,640,360,H.264,480,270,518400,27138,518400,27138,0.052,0.000,,0,0,0.000,2.042,0.000,0.000,0.067,7250,6500,6500,24,24,0,1,9500,1.000,0,8.610,0.000,0,0,0.000,0.000,0,0,0,0,0.300,0.639,0.060,1,0,0,disabled,23,1,1,decoder-sync-observed,0,,0,0,13.917,22.853,0,,0.000,0.000,0.000,0.000,0,0,0,,0,0,0,3.678,0,953,0.066,0.000,0.000,0.066,0.000,0.043,0.008,1,1,1,1,0,1,1,0,0,0,0,0,1.000,0.000,0.000,30,0,0.000,0,0,0,0.000,0.000,0.000,0.000,0.000,0.000,0.000,1.946,7.641,0,0,0,0,0,0,0,0,0.000,0.000,0.000,0.000,0.000,0.000,0,0.139,22.991,723,731,3315,61.395,208.372,67.990,208.372,4428.241,110,1,H.264,124.907,0,0,207.425,208.393,1.000,169.683,123.950,arrival-gap-jitter-spike,30814.883,0,1,1,1,1,35243.124,429.726,490.967,491.583,491.583,0,0,22,0,0,22,0,,,148.266,164.835,905,1,decoded,0,0,0,0,0,0,0,0,0,0,,102.059,0.000,104.768,0.000,0.000,0.000,134.164,stale-before-upload,0.001,949,0.000,111.301,6.332,0.102,0.304,0.001,0.000,0.303,1,0,0,1,3,0.062,22.981,22.991,17.943,21.493,1.000,RecoveryDeadline,0,1,0,1.000,2,2,2,1,0.060,0.000,0.060,0,100,0,27501,25832,1630,0,1533
36.247,Custom_loss6_delay0-100_dup0_reorder6_burst0,Loopback,1,1,0,,,0.000,0,21,978,22.728,20.823,19.840,105.471,102.927,17.343,59.403,5.702,0.062,0.219,26590,1769,24958,23189,3905,2187,414,1236,941,295,68,0,23189,794,223,0,0,0,0,5.000,0,0,0,0,0,0,0,0,0,0,0,0,0,0,0,0.000,0.000,0.000,,753,753,3410,0,1,48.685,207.425,49.701,208.393,0.000,0.000,745,730,13183,1089,188,0,2614,3835,980,1,nack-sent,pending,H.264,1,1,24,11,13,1,0,1,0,13,0,0,28327,21,0,0,0,0,0,48.596,337,414,295,283,295,0,61.835,26.142,141.039,6,0,1052,72,1124,0,366,34,0.449,0.551,0.936,1.000,0.085,45.000,0.125,0.875,0.000,duplicate-guard,1,7,0,0,1,7,2614,20808,0,0,0,0,20808,predicted-useful,fec-grace,4278,0.167,364,1124,0,2,0,0,0,0,0,0,0,353,4720,353,4720,0,0,0,pacing,1,0.755,9.514,117.514,0,0,0,0,0,0,0,0,4722,3071,3506,1,1,9500000,1200000,0,0,0,28330,28330,34894202,1124,1396926,53,65932,0,0,0,0,0,17.065,37.612,7710.438,4800.000,1452,51527,26577,12215,24950,12735,0.315,7.078,1.346,1452,5928962,9097202,1.010,0.504,0.508,9.877,51527,2613,779,20795,2611,2,0,182,182,315,182,0,0,1,0,4,4705,3835,3835,0,0,0,0,0,,disabled,,0,0,0,0,,1,Fixed Quality,Hybrid,85,30,9500,12000,640,360,H.264,480,270,518400,0,518400,28178,0.054,0.000,,0,0,0.000,5.210,0.000,4.497,0.672,7250,6750,6750,25,25,0,1,9500,1.000,0,17.065,0.000,0,0,0.000,0.000,0,0,0,0,0.300,0.636,0.064,1,0,0,disabled,0,0,0,async-output-pending,0,,0,0,0.000,0.000,0,,0.000,0.000,0.000,0.000,0,0,0,,0,0,0,0.000,1,0,0.664,0.140,0.522,0.000,0.000,0.000,0.000,0,0,1,1,1,0,0,1,1,0,0,0,1.000,0.000,0.000,30,0,0.000,0,0,0,0.000,0.000,0.000,0.000,0.000,0.000,0.000,0.000,20.367,0,0,0,0,0,0,0,0,0.000,0.000,0.000,0.000,0.000,0.000,0,0.089,20.823,745,753,3410,49.747,208.372,67.990,208.372,4428.241,110,1,H.264,124.907,0,0,207.425,208.393,1.000,169.683,123.950,arrival-gap-jitter-spike,31819.415,0,1,1,1,1,36247.656,429.726,490.967,491.583,491.583,0,0,22,0,0,22,0,,,148.266,164.835,905,1,decoded,0,0,0,0,0,0,0,0,0,0,,103.384,0.000,106.365,0.000,0.000,0.000,132.736,stale-before-upload,0.001,978,0.000,112.052,5.551,0.076,0.498,0.171,0.000,0.327,1,0,0,1,3,0.062,22.728,20.823,5.702,19.840,1.000,RecoveryDeadline,0,1,0,0.000,0,2,2,1,0.060,0.000,0.060,0,100,0,28366,26643,1678,0,1586
37.249,Custom_loss6_delay0-100_dup0_reorder6_burst0,Loopback,1,1,0,,,0.000,0,21,1005,25.690,23.713,22.013,101.976,102.920,97.639,60.495,7.728,0.062,0.216,27445,1809,25744,23935,4030,2249,429,1284,976,308,68,0,23935,819,226,0,0,0,0,5.000,0,0,0,0,0,0,0,0,0,0,0,0,0,0,0,0.000,0.000,0.000,,777,777,3509,0,1,30.221,207.425,31.198,208.393,0.000,0.000,769,754,13584,1127,190,0,2690,3958,1008,1,fec-recovered,pending,H.264,1,1,24,16,8,3,1,2,6,26,0,0,29202,23,0,0,0,0,0,72.943,340,429,308,296,308,0,62.147,26.159,141.039,6,0,1083,73,1156,0,370,34,0.442,0.558,0.937,1.000,0.084,45.000,0.000,1.000,0.000,duplicate-guard,1,7,0,0,1,7,2690,21403,0,0,0,0,21403,predicted-useful,fec-grace,4404,0.333,374,1156,0,2,0,0,0,0,0,0,0,363,4879,363,4879,0,0,0,pacing,1,0.796,12.547,120.547,0,0,0,0,0,0,0,0,4881,3162,3609,1,1,9500000,1200000,0,0,0,29232,29232,35999632,1156,1436734,55,68420,0,0,0,0,0,18.553,37.612,1587.688,4800.000,1498,53165,27428,12543,25737,13194,0.314,21.928,0.286,1498,5916888,9465385,0.634,16.463,0.486,13.849,53165,2690,804,21403,2688,2,0,184,184,317,184,0,0,1,0,4,4849,3958,3958,0,0,0,0,0,,disabled,,0,0,0,0,,1,Fixed Quality,Hybrid,85,30,9500,12000,640,360,H.264,480,270,518400,28178,518400,28178,0.054,0.000,,0,0,0.000,1.972,0.000,0.000,0.083,7250,6750,6750,25,25,0,1,9500,1.000,0,18.553,0.000,0,0,0.000,0.000,0,0,0,0,0.294,0.643,0.063,1,0,0,disabled,24,1,1,decoder-sync-observed,0,,0,0,14.238,23.729,0,,0.000,0.000,0.000,0.000,0,0,0,,0,0,0,3.525,0,1010,0.082,0.000,0.000,0.082,0.000,0.044,0.023,1,1,1,1,0,1,1,0,0,0,0,0,1.000,0.000,0.000,30,0,0.000,0,0,0,0.000,0.000,0.000,0.000,0.000,0.000,0.000,1.863,7.588,0,0,0,0,0,0,0,0,0.000,0.000,0.000,0.000,0.000,0.000,0,0.102,23.713,769,777,3509,31.384,208.372,67.990,208.372,4428.241,110,1,H.264,124.907,0,0,207.425,208.393,1.000,169.683,123.950,arrival-gap-jitter-spike,32820.372,0,1,1,1,1,37248.613,429.726,490.967,491.583,491.583,0,0,22,0,0,22,0,,,148.266,164.835,905,1,decoded,0,0,0,0,0,0,0,0,0,0,,101.150,0.000,104.158,0.000,0.000,0.000,130.988,stale-before-upload,0.001,1005,0.000,107.630,3.318,0.073,0.613,0.360,0.000,0.253,1,0,0,1,3,0.062,25.690,23.713,7.728,22.013,1.000,RecoveryDeadline,0,1,0,1.000,0,1,1,1,0.060,0.000,0.060,0,100,0,29269,27495,1723,0,1641
38.251,Custom_loss6_delay0-100_dup0_reorder6_burst0,Loopback,1,1,0,,,0.000,0,21,1036,21.881,19.896,18.753,82.938,103.060,21.796,59.420,37.000,0.062,0.222,28236,1853,26481,24628,4137,2321,440,1306,993,313,70,0,24628,839,240,0,0,0,0,5.000,0,0,0,0,0,0,0,0,0,0,0,0,0,0,0,0.000,0.000,0.000,,794,794,3611,0,1,82.226,207.425,82.702,208.393,0.000,0.000,786,770,13967,1152,201,0,2768,4070,1037,1,fec-recovered,pending,H.264,1,1,22,20,2,3,3,2,2,10,0,0,30036,17,0,0,0,0,0,76.158,346,440,313,300,313,0,61.986,26.104,141.039,6,0,1105,76,1181,0,374,34,0.440,0.560,0.936,1.000,0.083,45.000,0.364,0.636,0.000,duplicate-guard,1,7,0,0,1,7,2768,21991,0,0,0,0,21991,predicted-useful,fec-grace,4530,0.182,383,1181,0,2,0,0,0,0,0,0,0,371,4988,371,4988,0,0,0,pacing,1,0.623,4.436,112.436,0,0,0,0,0,0,0,0,4990,3257,3715,1,1,9500000,1200000,0,0,0,30068,30068,37024779,1181,1467834,55,68420,0,0,0,0,0,11.394,37.612,1343.562,1924.350,1540,54707,28227,12917,26480,13563,0.314,27.206,1.559,1540,3750563,6327929,1.178,-1.999,0.504,10.769,54707,2768,823,21991,2766,2,0,195,195,333,195,0,0,1,0,4,4989,4070,4070,0,0,0,0,0,,disabled,,0,0,0,0,,1,Fixed Quality,Hybrid,85,30,9500,12000,640,360,H.264,480,270,518400,26094,518400,26094,0.050,0.000,,0,0,0.000,1.949,0.000,0.000,0.068,6250,6250,6250,26,26,0,1,9500,0.880,1,11.394,0.000,0,0,0.000,0.000,0,0,0,0,0.293,0.643,0.064,1,0,0,latency-pressure-freshness-hold,22,1,1,decoder-sync-observed,0,,0,0,11.283,21.974,0,,0.000,0.000,0.000,0.000,0,0,0,,0,0,0,3.024,0,1039,0.068,0.000,0.000,0.067,0.000,0.045,0.007,1,1,1,1,0,1,1,0,0,0,0,0,1.000,0.000,0.000,27,0,0.000,0,0,0,0.000,0.000,0.000,0.000,0.000,0.000,0.000,1.853,7.032,0,0,0,0,0,0,0,0,0.000,0.000,0.000,0.000,0.000,0.000,0,0.108,19.896,786,794,3611,83.123,208.372,67.990,208.372,4428.241,110,1,H.264,124.907,0,0,207.425,208.393,1.000,169.683,123.950,arrival-gap-jitter-spike,33822.764,0,1,1,1,1,38251.005,429.726,490.967,491.583,491.583,0,0,23,0,0,23,1,latency-pressure freshness,latency-over-80ms,146.177,164.835,1029,1,decoded,0,0,0,0,0,0,0,0,0,0,,97.224,0.000,99.730,0.000,0.000,0.000,126.469,stale-before-upload,0.001,1036,0.000,100.127,3.030,0.088,0.258,0.000,0.000,0.258,1,0,0,1,3,0.062,21.881,19.896,37.000,18.753,1.000,RecoveryDeadline,0,1,0,1.000,1,1,1,1,0.060,0.000,0.060,0,100,0,30106,28289,1768,0,1703
39.254,Custom_loss6_delay0-100_dup0_reorder6_burst0,Loopback,1,1,0,,,0.000,0,21,1063,19.450,19.446,19.471,96.355,102.968,69.864,59.703,25.250,0.062,0.223,28951,1909,27173,25264,4248,2391,448,1338,1017,321,71,0,25264,859,246,0,0,0,0,5.000,0,0,0,0,0,0,0,0,0,0,0,0,0,0,0,0.000,0.000,0.000,,814,814,3710,0,1,75.613,207.425,76.663,208.393,0.000,0.000,806,789,14336,1180,207,0,2842,4182,1064,1,nack-sent,pending,H.264,1,1,23,13,10,1,1,2,2,23,0,0,30812,3,0,0,0,0,0,66.437,358,448,321,308,321,0,62.004,26.053,141.039,6,0,1133,78,1211,0,387,36,0.444,0.556,0.936,1.000,0.085,40.000,0.333,0.667,0.000,stable,1,7,0,0,1,7,2842,22581,0,0,0,0,22581,predicted-useful,fec-grace,4647,0.435,393,1211,0,2,0,0,0,0,0,0,0,381,5121,381,5121,0,0,0,pacing,1,0.690,8.154,116.154,0,0,0,0,0,0,0,0,5123,3342,3812,0,1,9500000,1200000,24,0,24,30858,30833,37969231,1211,1505154,55,68420,0,0,0,0,0,0.362,37.612,18669.625,4462.500,1579,56103,28935,13239,27168,13929,0.314,14.473,2.031,1579,5488738,8583206,1.176,48.068,0.488,13.651,56103,2842,843,22581,2840,2,0,201,201,341,201,0,0,1,0,4,5118,4182,4182,0,0,0,0,0,,disabled,,0,0,0,0,,1,Fixed Quality,Hybrid,85,30,9500,12000,640,360,H.264,480,270,518400,27136,518400,27136,0.052,0.000,,0,0,0.000,2.000,0.000,0.000,0.074,7250,6500,6500,27,27,0,1,9500,1.000,0,13.662,0.000,0,0,0.000,0.000,0,0,0,0,0.296,0.640,0.064,1,0,0,disabled,23,1,1,decoder-sync-observed,0,,0,0,15.393,22.851,0,,0.000,0.000,0.000,0.000,0,0,0,,0,0,0,6.426,0,1066,0.074,0.000,0.000,0.073,0.000,0.051,0.007,1,1,1,1,0,1,1,0,0,0,0,0,1.000,0.000,0.000,30,0,0.000,0,0,0,0.000,0.000,0.000,0.000,0.000,0.000,0.000,1.891,10.600,0,0,0,0,0,0,0,0,0.000,0.000,0.000,0.000,0.000,0.000,0,0.091,19.446,806,814,3710,76.604,208.372,67.990,208.372,4428.241,110,1,H.264,124.907,0,0,207.425,208.393,1.000,169.683,123.950,arrival-gap-jitter-spike,34825.921,0,1,1,1,1,39254.162,429.726,490.967,491.583,491.583,0,0,23,0,0,23,0,,,146.177,164.835,1029,1,decoded,0,0,0,0,0,0,0,0,0,0,,98.527,0.000,101.207,4.795,0.000,104.863,128.178,stale-before-upload,0.001,1061,0.000,106.422,4.791,0.076,0.713,0.448,0.000,0.264,1,0,0,1,3,0.062,19.450,19.446,25.250,19.471,1.000,Loss,0,1,0,1.000,2,2,2,1,0.060,0.000,0.060,0,100,0,30873,29006,1825,0,1741
40.254,Custom_loss6_delay0-100_dup0_reorder6_burst0,Loopback,1,1,0,,,0.000,0,21,1090,22.792,20.885,20.832,98.645,102.958,132.076,61.607,2.201,0.062,0.224,29643,1959,27827,25868,4359,2450,467,1370,1037,333,72,0,25868,880,254,0,0,0,0,5.000,0,0,0,0,0,0,0,0,0,0,0,0,0,0,0,0.000,0.000,0.000,,834,834,3803,0,1,40.709,207.425,41.674,208.393,0.000,0.000,825,808,14694,1213,214,0,2913,4279,1092,1,fec-parity,pending,H.264,1,1,21,6,15,3,0,0,0,0,0,0,31575,15,0,0,0,0,0,30.381,368,467,333,319,333,0,62.320,25.736,141.039,6,0,1174,78,1252,0,396,38,0.441,0.559,0.938,1.000,0.088,40.000,0.222,0.778,0.667,retransmit-late,1,7,0,0,1,7,2913,23103,0,0,0,0,23103,predicted-useful,fec-grace,4761,0.238,405,1252,0,2,0,0,0,0,0,0,0,392,5269,392,5269,0,0,0,pacing,1,0.793,5.896,113.896,0,0,0,0,0,0,0,0,5271,3424,3908,1,1,9500000,1200000,0,0,0,31572,31572,38883155,1252,1556158,62,77128,0,0,0,0,0,7.642,37.612,1091.938,4800.000,1619,57444,29634,13522,27810,14288,0.313,30.783,0.000,1619,4540013,7658180,0.740,50.897,0.469,20.897,57444,2913,862,23103,2911,2,0,208,208,353,208,0,0,1,0,4,5239,4279,4279,0,0,0,0,0,,disabled,,0,0,0,0,,1,Fixed Quality,Hybrid,85,30,9500,12000,640,360,H.264,480,270,518400,25056,518400,25056,0.048,0.000,,0,0,0.000,2.101,0.000,0.000,0.061,6000,6000,6000,28,28,0,1,9500,0.820,1,7.642,0.000,0,0,0.000,0.000,0,0,0,0,0.294,0.644,0.062,1,0,0,latency-pressure-freshness-hold,21,1,1,decoder-sync-observed,0,,0,0,8.263,21.100,0,,0.000,0.000,0.000,0.000,0,0,0,,0,0,0,6.036,0,1093,0.061,0.000,0.000,0.060,0.000,0.040,0.007,1,1,1,1,0,1,1,0,0,0,0,0,1.000,0.000,0.000,27,0,0.000,0,0,0,0.000,0.000,0.000,0.000,0.000,0.000,0.000,2.010,10.066,0,0,0,0,0,0,0,0,0.000,0.000,0.000,0.000,0.000,0.000,0,0.089,20.886,825,834,3803,41.589,208.372,67.990,208.372,4428.241,110,1,H.264,124.907,0,0,207.425,208.393,1.000,169.683,123.950,arrival-gap-jitter-spike,35826.108,0,1,1,1,1,40254.349,429.726,490.967,491.583,491.583,0,0,25,0,0,25,2,latency-pressure freshness,latency-over-80ms,151.857,164.835,1067,1,H.264,0,0,0,0,0,0,0,0,0,0,,96.383,0.000,98.747,0.000,0.000,0.000,129.322,stale-before-decode,0.001,1090,0.000,103.839,5.078,0.080,0.804,0.585,0.000,0.218,1,0,0,1,3,0.062,22.792,20.885,2.201,20.832,0.750,Loss,0,1,0,0.500,2,1,1,1,0.060,0.000,0.060,0,100,0,31612,29699,1870,0,1770
41.261,Custom_loss6_delay0-100_dup0_reorder6_burst0,Loopback,1,1,0,,,0.000,0,21,1116,17.518,15.570,15.632,98.406,103.110,91.690,62.379,50.233,0.062,0.229,30348,2012,28501,26489,4479,2521,486,1397,1053,344,75,0,26489,898,266,0,0,0,0,5.000,0,0,0,0,0,0,0,0,0,0,0,0,0,0,0,0.000,0.000,0.000,,848,848,3902,0,1,33.279,207.425,34.350,208.393,0.000,0.000,839,822,15072,1242,222,0,2990,4379,1119,1,fec-parity,pending,H.264,1,1,22,2,20,1,0,0,0,0,0,0,32347,10,0,0,0,0,0,5.402,385,486,344,330,344,0,62.515,25.641,141.039,6,0,1221,82,1303,0,405,42,0.442,0.558,0.937,1.000,0.094,40.000,0.400,0.600,0.400,retransmit-late,1,7,0,0,1,7,2990,23713,0,0,0,0,23713,predicted-useful,fec-grace,4878,0.591,420,1303,0,5,0,0,0,0,0,0,0,408,5467,408,5467,0,0,0,pacing,1,0.715,5.742,113.742,0,0,0,0,0,0,0,0,5472,3507,4009,1,1,9500000,1200000,0,0,0,32327,32327,39817771,1303,1619602,69,85836,0,0,0,0,0,14.485,37.612,5043.000,1147.800,1659,58839,30338,13837,28501,14664,0.313,9.507,0.533,1659,6284737,9273611,1.610,32.640,0.510,10.597,58839,2990,880,23713,2988,2,0,216,216,369,216,0,0,1,0,4,5367,4379,4379,0,0,0,0,0,,disabled,,0,0,0,0,,1,Fixed Quality,Hybrid,85,30,9500,12000,640,360,H.264,480,270,518400,26096,518400,26096,0.050,0.000,,0,0,0.000,1.940,0.000,0.000,0.069,7250,6250,6250,29,29,0,1,9500,1.000,0,14.485,0.000,0,0,0.000,0.000,0,0,0,0,0.295,0.642,0.063,1,0,0,disabled,22,1,1,decoder-sync-observed,0,,0,0,13.950,21.976,0,,0.000,0.000,0.000,0.000,0,0,0,,0,0,0,7.021,0,1119,0.069,0.000,0.000,0.069,0.000,0.046,0.007,1,1,1,1,0,1,1,0,0,0,1,0,0.860,151.487,0.000,26,0,0.000,0,0,0,0.000,0.000,0.000,0.000,0.000,0.000,0.000,1.840,10.918,0,0,0,0,0,0,0,0,0.000,0.000,0.000,0.000,0.000,0.000,0,0.092,15.570,839,848,3902,34.188,208.372,67.990,208.372,4428.241,110,1,H.264,124.907,0,0,207.425,208.393,1.000,169.683,123.950,arrival-gap-jitter-spike,36832.625,0,1,1,1,1,41260.866,429.726,490.967,491.583,491.583,0,0,25,0,0,25,0,,,151.857,164.835,1067,1,H.264,0,0,0,0,0,0,0,0,0,0,,101.613,0.000,104.285,0.000,0.000,0.000,134.203,stale-before-decode,0.001,1116,0.000,109.938,5.517,0.086,0.757,0.517,0.000,0.240,1,0,0,1,3,0.062,17.518,15.570,50.233,15.632,2.000,Jitter,0,1,0,0.000,1,1,1,1,0.060,0.000,0.060,0,100,0,32368,30405,1919,0,1824
42.261,Custom_loss6_delay0-100_dup0_reorder6_burst0,Loopback,1,1,0,,,0.000,0,21,1145,18.926,18.922,17.998,95.611,103.000,8.292,61.026,11.412,0.062,0.230,31131,2066,29243,27177,4593,2575,497,1445,1089,356,76,0,27177,919,274,0,0,0,0,5.000,0,0,0,0,0,0,0,0,0,0,0,0,0,0,0,0.000,0.000,0.000,,869,869,3998,0,1,27.719,228.321,28.709,229.456,0.000,0.000,860,843,15462,1275,230,0,3069,4492,1147,1,fec-recovered,pending,H.264,1,1,23,8,15,2,1,0,0,0,0,0,33191,21,0,0,0,0,0,34.185,393,497,356,342,356,0,61.796,26.374,141.039,6,0,1252,81,1333,0,414,43,0.442,0.558,0.939,1.000,0.094,44.000,0.667,0.333,0.000,insufficient-sample,1,7,0,0,1,7,3069,24379,0,0,0,0,24379,predicted-useful,fec-grace,5004,0.826,430,1333,0,5,0,0,0,0,0,0,0,418,5590,418,5590,0,0,0,pacing,1,0.711,8.232,116.232,0,0,0,0,0,0,0,0,5595,3599,4113,0,1,9500000,1200000,10,0,10,33186,33176,40864457,1333,1656922,69,85836,0,0,0,0,0,0.594,37.612,831.250,4800.000,1702,60365,31123,14220,29242,15022,0.314,53.332,0.000,1702,7331488,15196296,0.903,9.433,0.471,18.149,60365,3069,901,24379,3067,2,0,224,224,384,224,0,0,1,0,4,5505,4492,4492,0,0,0,0,0,,disabled,,0,0,0,0,,1,Fixed Quality,Hybrid,85,30,9500,12000,640,360,H.264,480,270,518400,27136,518400,27136,0.052,0.000,,0,0,0.000,2.084,0.000,0.000,0.069,7250,6500,6500,30,30,0,1,9500,1.000,0,24.753,0.000,0,0,0.000,0.000,0,0,0,0,0.295,0.644,0.061,1,0,0,disabled,23,1,1,decoder-sync-observed,0,,0,0,26.591,22.851,0,,0.000,0.000,0.000,0.000,0,0,0,,0,0,0,6.212,0,1148,0.068,0.000,0.000,0.068,0.000,0.045,0.008,1,1,1,1,0,1,1,0,0,0,0,0,1.000,0.000,0.000,30,0,0.000,0,0,0,0.000,0.000,0.000,0.000,0.000,0.000,0.000,1.977,10.384,0,0,0,0,0,0,0,0,0.000,0.000,0.000,0.000,0.000,0.000,0,0.098,18.922,860,869,3998,28.765,229.291,67.990,229.291,42083.856,1139,1,H.264,129.275,0,0,228.321,229.456,1.001,189.335,128.302,arrival-gap-jitter-spike,177.489,0,1,1,1,1,42261.345,429.726,490.967,491.583,491.583,0,0,25,0,0,25,0,,,151.857,164.835,1067,1,H.264,0,0,0,0,0,0,0,0,0,0,,105.535,0.000,108.300,0.000,0.000,0.000,127.805,stale-before-decode,0.001,1145,0.000,113.431,4.982,0.074,0.591,0.374,0.000,0.217,1,0,0,1,3,0.062,18.926,18.922,11.412,17.998,1.000,Jitter,1,1,0,1.000,1,1,1,1,0.060,0.000,0.060,0,100,0,33218,31189,1981,0,1874
43.268,Custom_loss6_delay0-100_dup0_reorder6_burst0,Loopback,1,1,0,,,0.000,0,21,1175,25.822,25.816,21.989,100.531,103.001,48.778,60.728,32.273,0.063,0.228,32004,2144,30084,27940,4718,2651,507,1483,1119,364,77,0,27940,943,279,0,0,0,0,5.000,0,0,0,0,0,0,0,0,0,0,0,0,0,0,0,0.000,0.000,0.000,,893,893,4092,0,1,70.001,228.321,70.999,229.456,0.000,0.000,884,867,15892,1307,235,0,3158,4619,1178,1,fec-parity,pending,H.264,1,1,24,4,20,1,0,0,0,0,0,0,34123,5,0,0,0,0,0,12.944,404,507,364,350,364,0,61.876,26.410,141.039,6,0,1281,92,1373,0,420,44,0.443,0.557,0.933,1.000,0.095,45.000,0.500,0.500,0.000,duplicate-guard,1,7,0,0,1,7,3158,25122,0,0,0,0,25122,predicted-useful,fec-grace,5146,0.958,442,1373,0,5,0,0,0,0,0,0,0,430,5766,430,5766,0,0,0,pacing,1,0.798,8.793,116.793,0,0,0,0,0,0,0,0,5771,3703,4231,1,1,9500000,1200000,0,0,0,34113,34113,42014757,1373,1706682,75,93300,0,0,0,0,0,15.240,37.612,1770.875,702.050,1751,62067,31990,14617,30077,15460,0.314,28.223,3.377,1751,5425094,9226695,1.534,15.643,0.529,14.903,62067,3158,925,25122,3156,2,0,229,229,394,229,0,0,1,0,4,5661,4619,4619,0,0,0,0,0,,disabled,,0,0,0,0,,1,Fixed Quality,Hybrid,85,30,9500,12000,640,360,H.264,480,270,518400,28178,518400,28178,0.054,0.000,,0,0,0.000,2.044,0.000,0.000,0.062,7250,6750,6750,31,31,0,1,9500,1.000,0,15.240,0.000,0,0,4.000,0.750,4976,3732,0,0,0.000,1.000,0.000,1,0,0,disabled,24,1,1,decoder-sync-observed,0,,0,0,17.206,23.729,0,,0.000,0.000,0.000,0.000,0,0,0,,0,0,0,2.526,0,1178,0.061,0.000,0.000,0.061,0.000,0.039,0.009,1,1,1,1,0,1,1,0,0,0,0,0,1.000,0.000,0.000,30,0,0.000,0,0,0,0.000,0.000,0.000,0.000,0.000,0.000,0.000,1.928,6.713,0,0,0,0,0,0,0,0,0.000,0.000,0.000,0.000,0.000,0.000,0,0.089,25.816,884,893,4092,70.983,229.291,67.990,229.291,42083.856,1139,1,H.264,129.275,0,0,228.321,229.456,1.001,189.335,128.302,arrival-gap-jitter-spike,1184.116,0,1,1,1,1,43267.972,429.726,490.967,491.583,491.583,0,0,25,0,0,25,0,,,151.857,164.835,1067,1,H.264,0,0,0,0,0,0,0,0,0,0,,103.365,0.000,106.242,0.000,0.000,0.000,130.266,stale-before-decode,0.001,1175,0.000,111.808,5.429,0.078,0.696,0.466,0.000,0.230,1,0,0,1,3,0.063,25.822,25.816,32.273,21.989,1.000,Jitter,1,1,0,0.000,1,1,1,1,0.060,0.000,0.060,0,100,0,34156,32064,2037,0,1936
44.268,Custom_loss6_delay0-100_dup0_reorder6_burst0,Loopback,1,1,0,,,0.000,0,21,1204,25.227,21.343,21.451,99.827,102.996,48.778,60.728,28.265,0.062,0.230,32879,2187,30896,28709,4864,2726,530,1531,1153,378,77,0,28709,966,288,0,0,0,0,5.000,0,0,0,0,0,0,0,0,0,0,0,0,0,0,0,0.000,0.000,0.000,,914,914,4187,0,1,10.276,228.321,11.376,229.456,0.000,0.000,905,888,16337,1344,242,0,3244,4744,1206,1,fec-recovered,pending,H.264,1,1,24,11,13,1,1,1,1,15,0,0,35019,6,0,0,0,0,0,48.778,422,530,378,364,378,0,62.106,25.853,141.039,6,0,1336,86,1422,0,435,46,0.443,0.557,0.940,1.000,0.096,45.000,0.333,0.667,0.000,duplicate-guard,1,7,0,0,1,7,3244,25871,0,0,0,0,25871,predicted-useful,fec-grace,5279,0.625,457,1422,0,5,0,0,0,0,0,0,0,445,5996,445,5996,0,0,0,pacing,1,0.793,5.867,113.867,0,0,0,0,0,0,0,0,6001,3798,4343,1,1,9500000,1200000,0,0,0,35032,35032,43141335,1422,1767638,79,98276,0,0,0,0,0,22.479,37.612,9276.375,4800.000,1798,63770,32874,14990,30896,15906,0.313,15.502,0.220,1798,6195875,9903109,1.076,15.643,0.506,18.448,63770,3244,948,25871,3242,2,0,236,236,406,236,0,0,1,0,4,5810,4744,4744,0,0,0,0,0,,disabled,,0,0,0,0,,1,Fixed Quality,Hybrid,85,30,9500,12000,640,360,H.264,480,270,518400,28178,518400,28178,0.054,0.000,,0,0,0.000,1.950,0.000,0.000,0.094,7250,6750,6750,31,31,0,1,9500,1.000,0,22.479,0.000,0,0,0.000,0.000,0,0,0,0,0.297,0.643,0.060,1,0,0,disabled,24,1,1,decoder-sync-observed,0,,0,0,18.297,23.729,0,,0.000,0.000,0.000,0.000,0,0,0,,0,0,0,5.929,0,1207,0.094,0.000,0.000,0.094,0.000,0.073,0.007,1,1,1,1,0,1,1,0,0,0,0,0,1.000,0.000,0.000,30,0,0.000,0,0,0,0.000,0.000,0.000,0.000,0.000,0.000,0.000,1.827,24.835,0,0,0,0,0,0,0,0,0.000,0.000,0.000,0.000,0.000,0.000,0,0.093,21.343,905,914,4187,11.278,229.291,67.990,229.291,42083.856,1139,1,H.264,129.275,0,0,228.321,229.456,1.001,189.335,128.302,arrival-gap-jitter-spike,2184.358,0,1,1,1,1,44268.214,429.726,490.967,491.583,491.583,0,0,25,0,0,25,0,,,151.857,164.835,1067,1,H.264,0,0,0,0,0,0,0,0,0,0,,102.908,0.000,105.814,0.000,0.000,0.000,129.913,stale-before-decode,0.001,1204,0.000,111.035,5.080,0.087,0.763,0.514,0.000,0.249,1,0,0,1,3,0.062,25.227,21.343,28.265,21.451,1.000,RecoveryDeadline,0,1,0,2.000,1,2,2,1,0.060,0.000,0.060,0,100,0,35076,32941,2084,0,1985
45.275,Custom_loss6_delay0-100_dup0_reorder6_burst0,Loopback,1,1,0,,,0.000,0,21,1233,27.650,25.679,25.983,95.702,103.093,34.925,60.113,41.892,0.062,0.230,33778,2230,31728,29498,4996,2798,547,1572,1182,390,79,0,29498,989,295,0,0,0,0,5.000,0,0,0,0,0,0,0,0,0,0,0,0,0,0,0,0.000,0.000,0.000,,936,936,4279,0,1,77.001,228.321,78.059,229.456,0.000,0.000,927,910,16776,1379,248,0,3329,4864,1235,1,fec-recovered,pending,H.264,1,1,24,19,5,4,3,3,9,34,0,0,35929,6,0,0,0,0,0,82.982,432,547,390,376,390,0,61.973,26.098,141.039,6,0,1375,89,1464,0,447,48,0.441,0.559,0.939,1.000,0.097,40.000,0.444,0.556,0.500,retransmit-late,1,7,0,0,1,7,3329,26590,0,0,0,0,26590,predicted-useful,fec-grace,5419,0.958,471,1464,0,5,0,0,0,0,0,0,0,459,6202,459,6202,0,0,0,pacing,1,0.770,7.487,115.487,0,0,0,0,0,0,0,0,6207,3899,4460,1,1,9500000,1200000,0,0,0,35974,35974,44295951,1464,1819886,79,98276,0,0,0,0,0,15.476,37.612,6349.562,1192.200,1847,65500,33772,15297,31728,16431,0.312,5.126,1.497,1847,6387702,10129570,1.152,9.744,0.476,12.066,65500,3329,971,26590,3327,2,0,242,242,416,242,0,0,1,0,4,5976,4864,4864,0,0,0,0,0,,disabled,,0,0,0,0,,1,Fixed Quality,Hybrid,85,30,9500,12000,640,360,H.264,480,270,518400,28178,518400,28178,0.054,0.000,,0,0,0.000,2.232,0.000,0.000,0.065,7250,6750,6750,31,31,0,1,9500,1.000,0,15.476,0.000,0,0,3.402,0.000,3732,0,0,0,0.000,0.000,1.000,1,0,0,disabled,24,1,1,decoder-sync-observed,0,,0,0,0.046,23.729,0,,0.000,0.000,0.000,0.000,0,0,0,,0,0,0,6.283,0,1237,0.065,0.000,0.000,0.064,0.000,0.041,0.008,1,1,1,1,0,1,1,0,0,0,1,0,0.860,103.251,0.000,26,0,0.000,0,0,0,0.000,0.000,0.000,0.000,0.000,0.000,0.000,2.137,10.163,0,0,0,0,0,0,0,0,0.000,0.000,0.000,0.000,0.000,0.000,0,0.105,25.679,927,936,4279,78.023,229.291,67.990,229.291,42083.856,1139,1,H.264,129.275,0,0,228.321,229.456,1.001,189.335,128.302,arrival-gap-jitter-spike,3191.262,0,1,1,1,1,45275.118,429.726,490.967,491.583,491.583,0,0,25,0,0,25,0,,,151.857,164.835,1067,1,H.264,0,0,0,0,0,0,0,0,0,0,,101.497,0.000,104.420,0.000,0.000,0.000,132.851,stale-before-decode,0.001,1233,0.000,108.207,3.637,0.075,0.837,0.551,0.000,0.286,1,0,0,1,3,0.062,27.650,25.679,41.892,25.983,1.000,RecoveryDeadline,0,1,0,1.000,1,1,1,1,0.060,0.000,0.060,0,100,0,36019,33843,2131,0,2051
46.276,Custom_loss6_delay0-100_dup0_reorder6_burst0,Loopback,1,1,0,,,0.000,0,21,1262,15.793,15.801,15.438,96.832,103.098,23.546,59.263,38.915,0.062,0.232,34521,2267,32416,30149,5114,2873,554,1604,1204,400,83,0,30149,1008,304,0,0,0,0,5.000,0,0,0,0,0,0,0,0,0,0,0,0,0,0,0,0.000,0.000,0.000,,955,955,4368,0,1,101.282,228.321,102.233,229.456,0.000,0.000,946,928,17152,1408,257,0,3403,4976,1263,1,retransmit-duplicate,pending,H.264,1,1,22,13,9,5,1,1,1,10,1,1,36789,2,36789,2,36789,2,1,48.739,443,554,400,385,400,0,61.809,26.281,141.039,6,0,1403,88,1491,0,460,49,0.444,0.556,0.941,1.000,0.096,45.000,0.222,0.778,0.000,duplicate-guard,1,7,0,0,1,7,3403,27221,0,0,0,0,27221,predicted-useful,fec-grace,5535,0.455,480,1491,0,5,0,0,0,0,0,0,0,468,6312,467,6310,0,0,0,pacing,1,0.769,2.679,110.679,0,0,0,0,0,0,0,0,6317,3985,4557,1,1,9500000,1200000,9,0,9,36772,36763,45265052,1491,1853474,79,98276,0,0,0,0,0,0.623,37.612,1235.000,4800.000,1887,66910,34495,15668,32415,16747,0.312,57.000,0.000,1887,4765353,7394676,1.158,5.519,0.550,26.353,66910,3403,989,27221,3401,2,0,251,251,431,251,0,0,1,0,4,6110,4976,4976,0,0,0,0,0,,disabled,,0,0,0,0,,1,Fixed Quality,Hybrid,85,30,9500,12000,640,360,H.264,480,270,518400,26096,518400,26096,0.050,0.000,,0,0,0.000,2.373,0.000,0.000,0.190,6000,6250,6250,32,32,0,1,9500,0.820,1,16.931,0.000,0,0,0.000,0.000,0,0,0,0,0.000,1.000,0.000,1,0,0,latency-pressure-freshness-hold,22,1,1,decoder-sync-observed,0,,0,0,18.899,21.976,0,,0.000,0.000,0.000,0.000,0,0,0,,0,0,0,6.258,0,1265,0.189,0.000,0.000,0.189,0.000,0.113,0.044,1,1,1,1,0,1,1,0,0,0,0,0,1.000,0.000,0.000,27,0,0.000,0,0,0,0.000,0.000,0.000,0.000,0.000,0.000,0.000,2.120,10.510,0,0,0,0,0,0,0,0,0.000,0.000,0.000,0.000,0.000,0.000,0,0.101,15.801,946,955,4368,102.240,229.291,67.990,229.291,42083.856,1139,1,H.264,129.275,0,0,228.321,229.456,1.001,189.335,128.302,arrival-gap-jitter-spike,4192.236,0,1,1,1,1,46276.092,429.726,490.967,491.583,491.583,0,0,26,0,0,26,1,latency-pressure freshness,latency-over-80ms,148.324,164.835,1250,1,decoded,0,0,0,0,0,0,0,0,0,0,,101.482,0.000,103.871,0.000,0.000,0.000,133.416,stale-before-upload,0.001,1262,0.000,107.020,4.199,0.078,0.348,0.058,0.000,0.290,1,0,0,1,3,0.062,15.793,15.801,38.915,15.438,1.000,RecoveryDeadline,0,1,0,0.667,3,2,2,1,0.060,0.000,0.060,0,100,0,36809,34587,2176,0,2094
47.282,Custom_loss6_delay0-100_dup0_reorder6_burst0,Loopback,1,1,0,,,0.000,0,21,1289,22.765,22.762,22.751,97.021,103.068,39.802,58.821,25.504,0.062,0.233,35248,2322,33106,30784,5228,2943,566,1634,1227,407,85,0,30784,1028,313,0,0,0,0,5.000,0,0,0,0,0,0,0,0,0,0,0,0,0,0,0,0.000,0.000,0.000,,974,974,4464,0,1,31.410,228.321,32.416,229.456,0.000,0.000,965,947,17541,1435,266,0,3476,5092,1290,1,fec-recovered,pending,H.264,1,1,22,14,8,3,1,1,2,11,0,0,37521,0,0,0,0,0,0,48.708,453,566,407,392,407,0,61.851,26.257,141.039,7,0,1433,91,1524,0,474,52,0.445,0.555,0.940,1.000,0.099,45.000,0.308,0.692,0.200,duplicate-guard,1,7,0,0,1,7,3476,27721,0,0,0,0,27721,predicted-useful,fec-grace,5650,0.000,491,1524,0,5,0,0,0,0,0,0,0,479,6438,478,6436,0,0,0,pacing,1,0.646,5.119,113.119,0,0,0,0,0,0,0,0,6443,4067,4652,1,1,9500000,1200000,3,0,3,37533,37530,46212250,1524,1894526,80,99520,0,0,0,0,0,6.453,37.612,1140.375,4800.000,1928,68346,35244,15954,33102,17148,0.312,29.283,1.576,1928,4453048,7777228,0.936,7.667,0.470,25.102,68346,3476,1009,27721,3474,2,0,259,259,443,259,0,0,1,0,4,6252,5092,5092,0,0,0,0,0,,disabled,,0,0,0,0,,1,Fixed Quality,Hybrid,85,30,9500,12000,640,360,H.264,480,270,518400,26096,518400,26096,0.050,0.000,,0,0,0.000,2.394,0.000,0.000,0.065,7000,6500,6500,33,33,0,1,9500,0.958,1,12.494,0.000,0,0,0.000,0.000,0,0,0,0,0.297,0.643,0.060,1,0,0,fixed-pacing-queue-hold,22,1,1,decoder-sync-observed,0,,0,0,17.949,21.976,0,,0.000,0.000,0.000,0.000,0,0,0,,0,0,0,6.152,0,1291,0.065,0.000,0.000,0.065,0.000,0.043,0.007,1,1,1,1,0,1,1,0,0,0,0,0,1.000,0.000,0.000,24,0,0.000,0,0,0,0.000,0.000,0.000,0.000,0.000,0.000,0.000,1.833,9.855,0,0,0,0,0,0,0,0,0.000,0.000,0.000,0.000,0.000,0.000,0,0.126,22.762,965,974,4464,32.524,229.291,67.990,229.291,42083.856,1139,1,H.264,129.275,0,0,228.321,229.456,1.001,189.335,128.302,arrival-gap-jitter-spike,5198.045,0,1,1,1,1,47281.901,429.726,490.967,491.583,491.583,0,0,26,0,0,26,0,,,148.324,164.835,1250,1,decoded,0,0,0,0,0,0,0,0,0,0,,100.300,0.000,103.130,0.000,0.000,0.000,128.511,stale-before-upload,0.001,1289,0.000,107.574,4.285,0.086,0.667,0.373,0.000,0.294,1,0,0,1,3,0.062,22.765,22.762,25.504,22.751,1.000,Loss,0,1,0,1.000,0,1,1,1,0.060,0.000,0.060,0,100,0,37577,35317,2226,0,2133
48.282,Custom_loss6_delay0-100_dup0_reorder6_burst0,Loopback,1,1,0,,,0.000,0,21,1316,29.235,29.338,27.646,84.728,102.996,90.358,59.521,0.233,0.062,0.230,35946,2360,33754,31394,5335,2994,577,1679,1262,417,85,0,31394,1054,314,0,0,0,0,5.000,0,0,0,0,0,0,0,0,0,0,0,0,0,0,0,0.000,0.000,0.000,,1000,1000,4551,0,1,33.483,228.321,34.439,229.456,0.000,0.000,991,972,17881,1471,267,0,3541,5195,1317,1,fec-parity,pending,H.264,1,1,21,13,8,2,0,1,3,11,0,0,38279,18,0,0,0,0,0,55.822,461,577,417,402,417,0,61.750,26.466,141.039,7,0,1462,94,1556,0,486,52,0.444,0.556,0.940,1.000,0.097,45.000,0.400,0.600,0.000,duplicate-guard,1,7,0,0,1,7,3541,28221,0,0,0,0,28221,predicted-useful,fec-grace,5764,0.000,502,1556,0,6,0,0,0,0,0,0,0,490,6568,489,6566,0,0,0,pacing,1,0.683,5.816,113.816,0,0,0,0,0,0,0,0,6574,4142,4740,0,1,9500000,1200000,0,0,0,38268,38268,47122207,1556,1934334,80,99520,0,0,0,0,0,16.235,37.612,11386.000,4800.000,1965,69690,35937,16307,33753,17446,0.312,12.239,2.850,1965,4741597,7409801,2.175,16.245,0.499,19.038,69690,3541,1033,28221,3539,2,0,260,260,444,260,0,0,1,0,4,6368,5195,5195,0,0,0,0,0,,disabled,,0,0,0,0,,1,Fixed Quality,Hybrid,85,30,9500,12000,640,360,H.264,480,270,518400,0,518400,25054,0.048,0.000,,0,0,0.000,4.867,0.000,4.194,0.577,6000,6000,6000,34,34,0,1,9500,0.820,1,16.235,0.000,0,0,0.000,0.000,0,0,0,0,0.296,0.643,0.060,1,0,0,latency-pressure-freshness-hold,0,0,0,async-output-pending,0,,0,0,0.000,0.000,0,,0.000,0.000,0.000,0.000,0,0,0,,0,0,0,0.000,1,0,0.567,0.150,0.416,0.000,0.000,0.000,0.000,0,0,1,1,1,0,0,1,1,0,0,0,1.000,0.000,0.000,27,0,0.000,0,0,0,0.000,0.000,0.000,0.000,0.000,0.000,0.000,0.000,19.046,0,0,0,0,0,0,0,0,0.000,0.000,0.000,0.000,0.000,0.000,0,0.098,29.337,991,1000,4551,34.389,229.291,67.990,229.291,42083.856,1139,1,H.264,129.275,0,0,228.321,229.456,1.001,189.335,128.302,arrival-gap-jitter-spike,6198.405,0,1,1,1,1,48282.261,429.726,490.967,491.583,491.583,0,0,27,0,0,27,1,latency-pressure freshness,latency-over-80ms,145.757,164.835,1302,1,decoded,0,0,0,0,0,0,0,0,0,0,,93.943,0.000,96.308,0.000,0.000,0.000,122.364,stale-before-upload,0.001,1316,0.000,100.773,4.734,0.081,0.764,0.524,0.000,0.240,1,0,0,1,3,0.062,29.235,29.338,0.233,27.646,1.000,RecoveryDeadline,0,1,0,1.000,1,1,1,1,0.060,0.000,0.060,0,100,0,38316,36014,2262,0,2190
49.286,Custom_loss6_delay0-100_dup0_reorder6_burst0,Loopback,1,1,0,,,0.000,0,21,1342,23.027,21.092,20.839,93.874,102.918,6.080,58.360,4.793,0.061,0.229,36625,2394,34385,31991,5445,3051,588,1720,1290,430,86,0,31991,1075,320,0,0,0,0,5.000,0,0,0,0,0,0,0,0,0,0,0,0,0,0,0,0.000,0.000,0.000,,1020,1020,4644,0,1,37.650,228.321,38.635,229.456,0.000,0.000,1011,992,18230,1505,272,0,3609,5300,1343,1,fec-recovered,pending,H.264,1,1,22,8,14,3,1,1,0,15,0,0,38974,2,0,0,0,0,0,57.821,464,588,430,415,430,0,61.872,26.328,141.039,7,0,1489,94,1583,0,492,53,0.441,0.559,0.941,1.000,0.097,45.000,0.143,0.857,0.000,duplicate-guard,1,7,0,0,1,7,3609,28750,0,0,0,0,28750,predicted-useful,fec-grace,5876,0.682,511,1583,0,6,0,0,0,0,0,0,0,499,6682,498,6680,0,0,0,pacing,1,0.748,12.074,120.074,0,0,0,0,0,0,0,0,6688,4223,4832,0,1,9500000,1200000,0,0,0,38979,38979,48003597,1583,1967922,80,99520,0,0,0,0,0,16.290,37.612,9051.188,4800.000,2000,70975,36606,16561,34369,17808,0.311,20.517,1.734,2000,4720544,7635440,1.695,-3.860,0.447,19.585,70975,3609,1054,28750,3607,2,0,265,265,456,265,0,0,1,0,4,6491,5300,5300,0,0,0,0,0,,disabled,,0,0,0,0,,1,Fixed Quality,Hybrid,85,30,9500,12000,640,360,H.264,480,270,518400,26094,518400,26094,0.050,0.000,,0,0,0.000,1.994,0.000,0.000,0.078,7000,6250,6250,35,35,0,1,9500,0.967,1,16.290,0.000,0,0,0.000,0.000,0,0,0,0,0.293,0.648,0.059,1,0,0,fixed-pacing-queue-hold,22,1,1,decoder-sync-observed,0,,0,0,14.921,21.974,0,,0.000,0.000,0.000,0.000,0,0,0,,0,0,0,5.624,0,1344,0.078,0.000,0.000,0.078,0.000,0.053,0.009,1,1,1,1,0,1,1,0,0,0,1,0,0.860,12.263,0.000,24,0,0.000,0,0,0,0.000,0.000,0.000,0.000,0.000,0.000,0.000,1.879,40.213,0,0,0,0,0,0,0,0,0.000,0.000,0.000,0.000,0.000,0.000,0,0.094,21.092,1011,1020,4644,38.652,229.291,67.990,229.291,42083.856,1139,1,H.264,129.275,0,0,228.321,229.456,1.001,189.335,128.302,arrival-gap-jitter-spike,7202.881,0,1,1,1,1,49286.737,429.726,490.967,491.583,491.583,0,0,27,0,0,27,0,,,145.757,164.835,1302,1,decoded,0,0,0,0,0,0,0,0,0,0,,99.006,0.000,101.670,0.000,0.000,0.000,126.937,stale-before-upload,0.001,1342,0.000,106.287,4.479,0.090,0.372,0.001,0.000,0.371,1,0,0,1,3,0.061,23.027,21.092,4.793,20.839,1.000,Loss,0,1,0,1.000,1,1,1,1,0.060,0.000,0.060,0,100,0,39028,36695,2307,0,2228
50.289,Custom_loss6_delay0-100_dup0_reorder6_burst0,Loopback,1,1,0,,,0.000,0,21,1369,24.844,24.844,24.821,101.708,102.906,6.080,58.360,1.134,0.062,0.230,37350,2455,35081,32626,5545,3107,596,1753,1318,435,89,0,32626,1095,328,0,0,0,0,5.000,0,0,0,0,0,0,0,0,0,0,0,0,0,0,0,0.000,0.000,0.000,,1039,1039,4744,0,1,38.154,228.321,39.117,229.456,0.000,0.000,1030,1011,18594,1530,279,0,3683,5408,1370,1,fec-parity,pending,H.264,1,1,23,13,10,5,1,2,2,23,0,0,39775,20,0,0,0,0,0,72.002,473,596,435,420,435,0,61.796,26.361,141.039,7,0,1511,96,1607,0,500,54,0.442,0.558,0.940,1.000,0.097,44.000,0.375,0.625,0.000,duplicate-guard,1,7,0,0,1,7,3683,29324,0,0,0,0,29324,predicted-useful,fec-grace,5997,0.739,519,1607,0,9,0,0,0,0,0,0,0,509,6785,508,6783,0,0,0,pacing,1,0.596,4.817,112.817,0,0,0,0,0,0,0,0,6794,4313,4934,1,1,9500000,1200000,15,0,15,39794,39779,48991491,1609,2000266,80,99520,0,0,0,0,0,0.725,37.612,6295.812,2327.150,2039,72410,37336,16837,35074,18237,0.311,3.199,1.092,2039,3712783,6505406,1.989,-3.860,0.471,12.208,72410,3683,1074,29324,3681,2,0,272,272,469,272,0,0,1,0,4,6624,5408,5408,0,0,0,0,0,,disabled,,0,0,0,0,,1,Fixed Quality,Hybrid,85,30,9500,12000,640,360,H.264,480,270,518400,27136,518400,27136,0.052,0.000,,0,0,0.000,1.926,0.000,0.000,0.062,7250,6500,6500,36,36,0,1,9500,1.000,0,17.141,0.000,0,0,1.233,0.000,1244,0,0,0,0.294,0.646,0.060,1,0,0,disabled,23,1,1,decoder-sync-observed,0,,0,0,18.890,22.851,0,,0.000,0.000,0.000,0.000,0,0,0,,0,0,0,3.072,0,1372,0.062,0.000,0.000,0.061,0.000,0.039,0.008,1,1,1,1,0,1,1,0,0,0,1,0,0.860,64.002,0.000,26,0,0.000,0,0,0,0.000,0.000,0.000,0.000,0.000,0.000,0.000,1.835,7.611,0,0,0,0,0,0,0,0,0.000,0.000,0.000,0.000,0.000,0.000,0,0.091,24.844,1030,1039,4744,39.234,229.291,67.990,229.291,42083.856,1139,1,H.264,129.275,0,0,228.321,229.456,1.001,189.335,128.302,arrival-gap-jitter-spike,8205.240,0,1,1,1,1,50289.096,429.726,490.967,491.583,491.583,0,0,27,0,0,27,0,,,145.757,164.835,1302,1,decoded,0,0,0,0,0,0,0,0,0,0,,99.264,0.000,102.156,0.000,0.000,0.000,130.854,stale-before-upload,0.001,1369,0.000,107.234,4.939,0.074,0.718,0.427,0.000,0.291,1,0,0,1,3,0.062,24.844,24.844,1.134,24.821,1.000,RecoveryDeadline,0,1,0,0.000,1,1,1,1,0.060,0.000,0.060,0,100,0,39829,37419,2362,0,2264
51.295,Custom_loss6_delay0-100_dup0_reorder6_burst0,Loopback,1,1,0,,,0.000,0,21,1395,27.966,25.964,24.307,105.305,102.919,99.183,59.228,47.561,0.062,0.228,38128,2518,35829,33311,5660,3165,606,1800,1355,445,89,0,33311,1119,331,0,0,0,0,5.000,0,0,0,0,0,0,0,0,0,0,0,0,0,0,0,0.000,0.000,0.000,,1062,1062,4836,0,1,82.231,228.321,83.318,229.456,0.000,0.000,1053,1033,18972,1564,281,0,3755,5523,1398,1,fec-parity,pending,H.264,1,1,23,13,10,2,1,1,3,14,0,0,40608,13,0,0,0,0,0,51.794,480,606,445,430,445,0,61.863,26.116,141.039,7,0,1538,96,1634,0,510,54,0.442,0.558,0.941,1.000,0.096,45.000,0.375,0.625,0.000,duplicate-guard,1,7,0,0,1,7,3755,29922,0,0,0,0,29922,predicted-useful,fec-grace,6114,0.609,528,1634,0,9,0,0,0,0,0,0,0,517,6898,516,6896,0,0,0,pacing,1,0.722,9.994,117.994,0,0,0,0,0,0,0,0,6907,4394,5025,1,1,9500000,1200000,0,0,0,40602,40602,50003669,1634,2031366,82,102008,0,0,0,0,0,18.069,37.612,9747.625,4800.000,2080,73937,38119,17229,35818,18589,0.311,2.330,1.187,2080,4597271,7500278,1.457,93.103,0.481,10.032,73937,3755,1098,29922,3753,2,0,274,274,473,274,0,0,1,0,4,6762,5523,5523,0,0,0,0,0,,disabled,,0,0,0,0,,1,Fixed Quality,Hybrid,85,30,9500,12000,640,360,H.264,480,270,518400,27136,518400,27136,0.052,0.000,,0,0,0.000,1.980,0.000,0.000,0.061,6500,6500,6500,36,36,0,1,9500,0.909,1,18.069,0.000,0,0,0.000,0.000,0,0,0,0,0.294,0.647,0.059,1,0,0,latency-pressure-freshness-hold,23,1,1,decoder-sync-observed,0,,0,0,15.881,22.851,0,,0.000,0.000,0.000,0.000,0,0,0,,0,0,0,3.547,0,1399,0.061,0.000,0.000,0.060,0.000,0.038,0.007,1,1,1,1,0,1,1,0,0,0,0,0,1.000,0.000,0.000,27,0,0.000,0,0,0,0.000,0.000,0.000,0.000,0.000,0.000,0.000,1.893,7.550,0,0,0,0,0,0,0,0,0.000,0.000,0.000,0.000,0.000,0.000,0,0.095,25.964,1053,1062,4836,83.405,229.291,67.990,229.291,42083.856,1139,1,H.264,129.275,0,0,228.321,229.456,1.001,189.335,128.302,arrival-gap-jitter-spike,9211.389,0,1,1,1,1,51295.245,429.726,490.967,491.583,491.583,0,0,28,0,0,28,1,latency-pressure freshness,latency-over-80ms,138.621,164.835,1377,1,decoded,0,0,0,0,0,0,0,0,0,0,,98.646,0.000,101.429,0.000,0.000,0.000,137.653,stale-before-upload,0.001,1395,0.000,106.880,5.520,0.077,0.667,0.419,0.000,0.247,1,0,0,1,3,0.062,27.966,25.964,47.561,24.307,1.000,RecoveryDeadline,0,1,0,0.000,0,1,1,1,0.060,0.000,0.060,0,100,0,40653,38200,2407,0,2312
52.296,Custom_loss6_delay0-100_dup0_reorder6_burst0,Loopback,1,1,0,,,0.000,0,21,1423,16.596,16.608,15.532,105.630,102.918,9.594,58.194,18.717,0.062,0.230,38835,2557,36494,33937,5766,3225,621,1830,1381,449,90,0,33937,1138,340,0,0,0,0,5.000,0,0,0,0,0,0,0,0,0,0,0,0,0,0,0,0.000,0.000,0.000,,1081,1081,4927,0,1,40.597,228.321,41.537,229.456,0.000,0.000,1072,1050,19334,1587,290,0,3826,5629,1423,1,completed,completed,H.264,1,1,22,22,0,6,5,3,7,17,0,0,41323,16,0,0,0,0,0,81.848,490,621,449,433,449,0,61.853,26.071,141.039,7,0,1567,101,1668,0,518,58,0.441,0.559,0.939,1.000,0.101,39.000,0.333,0.667,0.500,retransmit-late,1,7,0,0,1,7,3826,30542,0,0,0,0,30542,predicted-useful,fec-grace,6229,0.000,540,1668,0,11,0,0,0,0,0,0,0,528,7036,527,7034,0,0,0,pacing,1,0.637,1.863,109.863,0,0,0,0,0,0,0,0,7047,4476,5121,1,1,9500000,1200000,0,0,0,41345,41345,50917010,1668,2073662,82,102008,0,0,0,0,0,14.855,37.612,7412.812,2617.800,2119,75310,38820,17563,36490,18927,0.311,5.761,0.811,2119,4063100,6671353,1.699,56.565,0.521,7.738,75310,3826,1117,30542,3824,2,0,283,283,489,283,0,0,1,0,4,6890,5629,5629,0,0,0,0,0,,disabled,,0,0,0,0,,1,Fixed Quality,Hybrid,85,30,9500,12000,640,360,H.264,480,270,518400,0,518400,26096,0.050,0.000,,0,0,0.000,5.169,0.000,4.387,0.737,6000,6250,6250,38,38,0,1,9500,0.820,1,14.855,0.000,0,0,0.000,0.000,0,0,0,0,0.294,0.646,0.061,1,0,0,latency-pressure-freshness-hold,0,0,0,async-output-pending,0,,0,0,0.000,0.000,0,,0.000,0.000,0.000,0.000,0,0,0,,0,0,0,0.000,1,0,0.728,0.215,0.511,0.000,0.000,0.000,0.000,0,0,1,1,1,0,0,1,1,0,0,0,1.000,0.000,0.000,27,0,0.000,0,0,0,0.000,0.000,0.000,0.000,0.000,0.000,0.000,0.000,27.552,0,0,0,0,0,0,0,0,0.000,0.000,0.000,0.000,0.000,0.000,0,0.118,16.609,1072,1081,4927,41.485,229.291,67.990,229.291,42083.856,1139,1,H.264,129.275,0,0,228.321,229.456,1.001,189.335,128.302,arrival-gap-jitter-spike,10212.658,0,1,1,1,1,52296.514,429.726,490.967,491.583,491.583,0,0,29,0,0,29,1,latency-pressure freshness,latency-over-80ms,149.389,164.835,1405,1,decoded,0,0,0,0,0,0,0,0,0,0,,100.807,0.000,103.262,5.397,0.000,114.713,132.815,stale-before-upload,0.001,1422,0.000,105.556,4.347,0.082,0.290,0.001,0.000,0.290,1,0,0,1,3,0.062,16.596,16.608,18.717,15.532,1.000,Loss,0,1,0,0.500,2,1,1,1,0.060,0.000,0.060,0,100,0,41397,38908,2457,0,2357
53.296,Custom_loss6_delay0-100_dup0_reorder6_burst0,Loopback,1,1,0,,,0.000,0,21,1449,19.727,17.750,17.858,93.664,102.937,55.706,58.143,35.012,0.062,0.232,39528,2615,37158,34543,5868,3280,633,1865,1411,454,90,0,34543,1157,349,0,0,0,0,5.000,0,0,0,0,0,0,0,0,0,0,0,0,0,0,0,0.000,0.000,0.000,,1097,1097,5024,0,1,84.542,228.321,85.704,229.456,0.000,0.000,1088,1066,19694,1611,296,0,3897,5738,1450,1,nack-sent,pending,H.264,1,1,23,9,14,3,0,1,0,14,0,0,42104,5,0,0,0,0,0,49.780,498,633,454,438,454,0,61.820,26.097,141.039,7,0,1592,101,1693,0,526,58,0.440,0.560,0.940,1.000,0.099,45.000,0.571,0.429,0.000,duplicate-guard,1,7,0,0,1,7,3897,31109,0,0,0,0,31109,predicted-useful,fec-grace,6340,0.000,547,1693,0,11,0,0,0,0,0,0,0,535,7125,534,7123,0,0,0,pacing,1,0.754,3.876,111.876,0,0,0,0,0,0,0,0,7136,4559,5213,1,1,9500000,1200000,3,0,3,42104,42101,51850082,1693,2104762,86,106984,0,0,0,0,0,7.293,37.612,878.125,4800.000,2158,76676,39522,17847,37154,19307,0.311,25.649,0.029,2158,4786727,7356294,1.561,54.474,0.515,15.502,76676,3896,1136,31095,3894,2,0,289,289,499,289,0,0,1,0,4,7020,5738,5738,0,0,0,0,0,,disabled,,0,0,0,0,,1,Fixed Quality,Hybrid,85,30,9500,12000,640,360,H.264,480,270,518400,27136,518400,27136,0.052,0.000,,0,0,0.000,2.312,0.000,0.000,0.357,7250,6500,6500,39,39,0,1,9500,1.000,0,12.076,0.000,0,0,0.000,0.000,0,0,0,0,0.294,0.646,0.060,1,0,0,disabled,23,1,1,decoder-sync-observed,0,,0,0,17.825,22.851,0,,0.000,0.000,0.000,0.000,0,0,0,,0,0,0,6.094,0,1451,0.356,0.000,0.000,0.355,0.000,0.312,0.009,1,1,1,1,0,1,1,0,0,0,0,0,1.000,0.000,0.000,30,0,0.000,0,0,0,0.000,0.000,0.000,0.000,0.000,0.000,0.000,1.849,10.318,0,0,0,0,0,0,0,0,0.000,0.000,0.000,0.000,0.000,0.000,0,0.150,17.750,1088,1097,5024,85.537,229.291,67.990,229.291,42083.856,1139,1,H.264,129.275,0,0,228.321,229.456,1.001,189.335,128.302,arrival-gap-jitter-spike,11212.815,0,1,1,1,1,53296.671,429.726,490.967,491.583,491.583,0,0,29,0,0,29,0,,,149.389,164.835,1405,1,decoded,0,0,0,0,0,0,0,0,0,0,,97.866,0.000,100.627,6.112,0.000,103.802,131.832,stale-before-upload,0.001,1447,0.000,106.681,5.089,0.075,0.765,0.443,0.000,0.322,1,0,0,1,3,0.062,19.727,17.750,35.012,17.858,1.000,Jitter,0,1,0,1.000,0,1,1,1,0.060,0.000,0.060,0,100,0,42154,39609,2511,0,2400
54.302,Custom_loss6_delay0-100_dup0_reorder6_burst0,Loopback,1,1,0,,,0.000,0,21,1478,25.566,25.562,25.656,101.943,102.890,62.090,58.222,30.132,0.062,0.230,40396,2664,37960,35296,6005,3353,644,1914,1450,464,94,0,35296,1183,353,0,0,0,0,5.000,0,0,0,0,0,0,0,0,0,0,0,0,0,0,0,0.000,0.000,0.000,,1123,1123,5116,0,1,7.967,228.321,8.982,229.456,0.000,0.000,1114,1093,20115,1647,300,0,3979,5862,1480,1,nack-sent,pending,H.264,1,1,24,10,14,1,0,1,0,14,0,0,43022,6,0,0,0,0,0,48.323,511,644,464,448,464,0,62.094,25.919,141.039,7,0,1626,108,1734,0,544,58,0.442,0.558,0.938,1.000,0.096,45.000,0.444,0.556,0.000,duplicate-guard,1,7,0,0,1,7,3979,31743,0,0,0,0,31743,predicted-useful,fec-grace,6475,0.333,560,1734,0,11,0,0,0,0,0,0,0,548,7309,547,7307,0,0,0,pacing,1,0.780,11.094,119.094,0,0,0,0,0,0,0,0,7320,4652,5321,1,1,9500000,1200000,3,0,3,43022,43019,52978752,1734,2155766,90,111960,0,0,0,0,0,7.648,37.612,289.688,4800.000,2205,78324,40384,18247,37940,19693,0.311,9.092,1.215,2205,9644175,12880560,0.955,44.856,0.439,15.676,78324,3978,1162,31729,3976,2,0,293,293,506,293,0,0,1,0,4,7171,5862,5862,0,0,0,0,0,,disabled,,0,0,0,0,,1,Fixed Quality,Hybrid,85,30,9500,12000,640,360,H.264,480,270,518400,28178,518400,28178,0.054,0.000,,0,0,0.000,2.086,0.000,0.000,0.069,7250,6750,6750,40,40,0,1,9500,1.000,0,10.317,0.000,0,0,0.000,0.000,0,0,0,0,0.295,0.643,0.062,1,0,0,disabled,24,1,1,decoder-sync-observed,0,,0,0,15.391,23.729,0,,0.000,0.000,0.000,0.000,0,0,0,,0,0,0,8.634,0,1481,0.068,0.000,0.000,0.068,0.000,0.046,0.008,1,1,1,1,0,1,1,0,0,0,0,0,1.000,0.000,0.000,30,0,0.000,0,0,0,0.000,0.000,0.000,0.000,0.000,0.000,0.000,1.987,12.684,0,0,0,0,0,0,0,0,0.000,0.000,0.000,0.000,0.000,0.000,0,0.086,25.562,1114,1123,5116,9.362,229.291,67.990,229.291,42083.856,1139,1,H.264,129.275,0,0,228.321,229.456,1.001,189.335,128.302,arrival-gap-jitter-spike,12218.157,0,1,1,1,1,54302.013,429.726,490.967,491.583,491.583,0,0,29,0,0,29,0,,,149.389,164.835,1405,1,decoded,0,0,0,0,0,0,0,0,0,0,,103.543,0.000,106.500,0.000,0.000,0.000,130.971,stale-before-upload,0.001,1478,0.000,110.570,3.939,0.073,0.489,0.262,0.000,0.227,1,0,0,1,3,0.062,25.566,25.562,30.132,25.656,1.000,Loss,0,1,0,0.000,1,2,2,1,0.060,0.000,0.060,0,100,0,43073,40473,2555,0,2457
55.304,Custom_loss6_delay0-100_dup0_reorder6_burst0,Loopback,1,1,0,,,0.000,0,21,1509,27.102,25.164,23.666,86.089,102.942,21.576,57.504,13.414,0.062,0.229,41287,2713,38796,36083,6125,3419,652,1959,1482,477,95,0,36083,1209,359,0,0,0,0,5.000,0,0,0,0,0,0,0,0,0,0,0,0,0,0,0,0.000,0.000,0.000,,1147,1147,5217,0,1,51.013,228.321,52.245,229.456,0.000,0.000,1138,1116,20540,1686,305,0,4061,5994,1511,1,fec-parity,pending,H.264,1,1,24,9,15,1,0,0,0,0,0,0,43994,20,0,0,0,0,0,29.372,515,652,477,461,477,0,62.253,26.039,141.039,8,0,1652,109,1761,0,551,58,0.441,0.559,0.938,1.000,0.095,45.000,0.500,0.500,0.000,stable,1,7,0,0,1,7,4061,32434,0,0,0,0,32434,predicted-useful,fec-grace,6609,0.500,569,1761,0,11,0,0,0,0,0,0,0,557,7442,556,7440,0,0,0,pacing,1,0.723,8.154,116.154,0,0,0,0,0,0,0,0,7453,4748,5428,0,1,9500000,1200000,0,0,0,43949,43949,54118464,1761,2189354,91,113204,0,0,0,0,0,14.879,37.612,2473.188,4800.000,2253,80044,41259,18717,38785,20068,0.312,22.370,0.051,2253,8424313,12248646,0.799,27.782,0.496,14.417,80044,4061,1188,32434,4059,2,0,297,297,512,297,0,0,1,0,4,7326,5994,5994,0,0,0,0,0,,disabled,,0,0,0,0,,1,Fixed Quality,Hybrid,85,30,9500,12000,640,360,H.264,480,270,518400,28178,518400,28178,0.054,0.000,,0,0,0.000,2.039,0.000,0.000,0.070,7250,6750,6750,40,40,0,1,9500,1.000,0,14.879,0.000,0,0,0.000,0.000,0,0,0,0,0.292,0.646,0.062,1,0,0,disabled,24,1,1,decoder-sync-observed,0,,0,0,17.690,23.729,0,,0.000,0.000,0.000,0.000,0,0,0,,0,0,0,5.296,0,1511,0.069,0.000,0.000,0.069,0.000,0.044,0.010,1,1,1,1,0,1,1,0,0,0,0,0,1.000,0.000,0.000,30,0,0.000,0,0,0,0.000,0.000,0.000,0.000,0.000,0.000,0.000,1.938,27.307,0,0,0,0,0,0,0,0,0.000,0.000,0.000,0.000,0.000,0.000,0,0.101,25.164,1138,1147,5217,52.010,229.291,67.990,229.291,42083.856,1139,1,H.264,129.275,0,0,228.321,229.456,1.001,189.335,128.302,arrival-gap-jitter-spike,13220.597,0,1,1,1,1,55304.453,429.726,490.967,491.583,491.583,0,0,29,0,0,29,0,,,149.389,164.835,1405,1,decoded,0,0,0,0,0,0,0,0,0,0,,102.582,0.000,105.513,4.601,0.000,94.971,123.044,stale-before-upload,0.001,1507,0.000,112.719,3.200,0.086,0.257,0.000,0.000,0.257,1,0,0,1,3,0.062,27.102,25.164,13.414,23.666,1.000,RecoveryDeadline,0,1,0,4.000,1,4,4,1,0.060,0.000,0.060,0,100,0,44004,41366,2599,0,2518
56.309,Custom_loss6_delay0-100_dup0_reorder6_burst0,Loopback,1,1,0,,,0.000,0,21,1535,25.852,21.888,20.695,105.491,102.933,55.772,57.471,30.406,0.061,0.228,41991,2744,39446,36702,6230,3472,660,2002,1519,483,96,0,36702,1233,364,0,0,0,0,5.000,0,0,0,0,0,0,0,0,0,0,0,0,0,0,0,0.000,0.000,0.000,,1169,1169,5306,0,1,68.216,228.321,69.088,229.456,0.000,0.000,1160,1138,20890,1716,308,0,4130,6096,1537,1,nack-sent,pending,H.264,1,1,22,16,6,4,2,2,4,17,0,0,44693,3,0,0,0,0,0,69.420,525,660,483,465,483,0,62.242,26.237,141.039,8,0,1676,109,1785,0,561,58,0.443,0.557,0.939,1.000,0.094,45.000,0.571,0.429,0.000,duplicate-guard,1,7,0,0,1,7,4130,32965,0,0,0,0,32965,predicted-useful,fec-grace,6724,0.273,577,1785,0,11,0,0,0,0,0,0,0,565,7526,563,7523,0,0,0,pacing,1,0.679,5.938,113.938,0,0,0,0,0,0,0,0,7537,4831,5521,1,1,9500000,1200000,22,0,22,44715,44692,55034473,1785,2219210,92,114448,0,0,0,0,0,0.375,37.612,20411.062,4800.000,2292,81411,41983,18998,39428,20430,0.312,19.893,1.933,2292,4132864,7219209,1.631,29.065,0.404,16.453,81411,4130,1211,32965,4128,2,0,300,300,518,300,0,0,1,0,4,7454,6096,6096,0,0,0,0,0,,disabled,,0,0,0,0,,1,Fixed Quality,Hybrid,85,30,9500,12000,640,360,H.264,480,270,518400,26096,518400,26096,0.050,0.000,,0,0,0.000,1.905,0.000,0.000,0.067,7000,6250,6250,41,41,0,1,9500,0.967,1,11.781,0.000,0,0,0.000,0.000,0,0,0,0,0.294,0.645,0.061,1,0,0,fixed-pacing-queue-hold,22,1,1,decoder-sync-observed,0,,0,0,13.483,21.976,0,,0.000,0.000,0.000,0.000,0,0,0,,0,0,0,3.196,0,1539,0.067,0.000,0.000,0.067,0.000,0.043,0.009,1,1,1,1,0,1,1,0,0,0,0,0,1.000,0.000,0.000,24,0,0.000,0,0,0,0.000,0.000,0.000,0.000,0.000,0.000,0.000,1.808,7.782,0,0,0,0,0,0,0,0,0.000,0.000,0.000,0.000,0.000,0.000,0,0.089,21.888,1160,1169,5306,69.169,229.291,67.990,229.291,42083.856,1139,1,H.264,129.275,0,0,228.321,229.456,1.001,189.335,128.302,arrival-gap-jitter-spike,14225.789,0,1,1,1,1,56309.645,429.726,490.967,491.583,491.583,0,0,30,0,0,30,1,latency-pressure freshness,latency-over-80ms,128.967,164.835,1511,1,decoded,0,0,0,0,0,0,0,0,0,0,,102.708,0.000,105.350,0.000,0.000,0.000,132.745,stale-before-upload,0.001,1535,0.000,111.310,5.862,0.075,0.663,0.402,0.000,0.260,1,0,0,1,3,0.061,25.852,21.888,30.406,20.695,1.000,Loss,0,1,0,0.500,2,1,1,1,0.060,0.000,0.060,0,100,0,44749,42070,2643,0,2564
57.317,Custom_loss6_delay0-100_dup0_reorder6_burst0,Loopback,1,1,0,,,0.000,0,21,1561,17.382,17.359,15.986,107.700,103.022,76.925,57.838,10.193,0.062,0.230,42707,2824,40163,37339,6315,3535,669,2014,1531,483,97,0,37339,1250,374,0,0,0,0,5.000,0,0,0,0,0,0,0,0,0,0,0,0,0,0,0,0.000,0.000,0.000,,1185,1185,5402,0,1,46.293,228.321,47.338,229.456,0.000,0.000,1176,1153,21247,1733,317,0,4205,6205,1564,1,fec-parity,pending,H.264,1,1,23,10,13,3,0,1,1,14,0,0,45497,10,0,0,0,0,0,54.859,531,669,483,465,483,0,62.242,26.237,141.039,8,0,1691,112,1803,0,563,60,0.443,0.557,0.938,1.000,0.096,43.000,0.333,0.667,1.000,insufficient-sample,1,7,0,0,1,7,4205,33647,0,0,0,0,33647,predicted-useful,fec-grace,6839,0.522,583,1803,0,11,0,0,0,0,0,0,0,571,7609,569,7606,0,0,0,pacing,1,0.750,12.428,120.428,0,0,0,0,0,0,0,0,7620,4922,5620,1,1,9500000,1200000,0,0,0,45488,45488,56014211,1803,2241602,92,114448,0,0,0,0,0,18.316,37.612,10276.062,4800.000,2333,82868,42705,19300,40163,20863,0.311,6.721,2.251,2333,5220391,9089124,1.429,27.482,0.483,9.322,82868,4205,1228,33647,4203,2,0,309,309,536,309,0,0,1,0,4,7586,6205,6205,0,0,0,0,0,,disabled,,0,0,0,0,,1,Fixed Quality,Hybrid,85,30,9500,12000,640,360,H.264,480,270,518400,27136,518400,27136,0.052,0.000,,0,0,0.000,2.062,0.000,0.000,0.060,6250,6500,6500,42,42,0,1,9500,0.885,1,18.316,0.000,0,0,0.000,0.000,0,0,0,0,0.000,1.000,0.000,1,0,0,latency-pressure-freshness-hold,23,1,1,decoder-sync-observed,0,,0,0,12.503,22.851,0,,0.000,0.000,0.000,0.000,0,0,0,,0,0,0,5.963,0,1565,0.060,0.000,0.000,0.060,0.000,0.039,0.008,1,1,1,1,0,1,1,0,0,0,1,0,0.860,62.739,0.000,26,0,0.000,0,0,0,0.000,0.000,0.000,0.000,0.000,0.000,0.000,1.956,10.039,0,0,0,0,0,0,0,0,0.000,0.000,0.000,0.000,0.000,0.000,0,0.098,17.359,1176,1185,5402,47.307,229.291,67.990,229.291,42083.856,1139,1,H.264,129.275,0,0,228.321,229.456,1.001,189.335,128.302,arrival-gap-jitter-spike,15232.958,0,1,1,1,1,57316.814,429.726,490.967,491.583,491.583,0,0,31,0,0,31,1,latency-pressure freshness,latency-over-80ms,140.188,164.835,1546,1,decoded,0,0,0,0,0,0,0,0,0,0,,106.811,0.000,109.648,0.000,0.000,0.000,133.850,stale-before-upload,0.001,1561,0.000,112.753,3.570,0.078,0.959,0.644,0.000,0.316,1,0,0,1,3,0.062,17.382,17.359,10.193,15.986,1.000,RecoveryDeadline,0,1,0,0.000,2,2,2,1,0.060,0.000,0.060,0,100,0,45545,42790,2711,0,2610
58.323,Custom_loss6_delay0-100_dup0_reorder6_burst0,Loopback,1,1,0,,,0.000,0,21,1588,18.728,17.906,17.783,98.547,102.899,49.589,57.685,32.525,0.062,0.231,43361,2864,40777,37913,6405,3582,682,2042,1554,488,99,0,37913,1270,382,0,0,0,0,5.000,0,0,0,0,0,0,0,0,0,0,0,0,0,0,0,0.000,0.000,0.000,,1204,1204,5499,0,1,19.903,228.321,20.871,229.456,0.000,0.000,1194,1171,21552,1758,324,0,4271,6290,1591,1,fec-parity,pending,H.264,1,1,21,12,9,3,2,0,0,0,0,0,46179,0,0,0,0,0,0,31.343,538,682,488,470,488,0,62.237,26.226,141.039,8,0,1716,117,1833,0,571,60,0.441,0.559,0.936,1.000,0.095,45.000,0.455,0.545,0.000,duplicate-guard,1,7,0,0,1,7,4271,34102,0,0,0,0,34102,predicted-useful,fec-grace,6948,0.571,593,1833,0,14,0,0,0,0,0,0,0,582,7736,580,7733,0,0,0,pacing,1,0.718,5.401,113.401,0,0,0,0,0,0,0,0,7750,5000,5711,1,1,9500000,1200000,0,0,0,46176,46176,56866338,1833,2278922,94,116936,0,0,0,0,0,7.914,37.612,1501.625,1548.150,2369,84128,43351,19571,40777,21206,0.311,2.848,0.811,2369,6273436,9116201,1.564,16.519,0.515,16.272,84128,4271,1246,34102,4269,2,0,316,316,550,316,0,0,1,0,4,7688,6290,6290,0,0,0,0,0,,disabled,,0,0,0,0,,1,Fixed Quality,Hybrid,85,30,9500,12000,640,360,H.264,480,270,518400,25056,518400,25056,0.048,0.000,,0,0,0.000,1.805,0.000,0.000,0.068,6250,6000,6000,43,43,0,1,9500,0.854,1,7.914,0.000,0,0,0.000,0.000,0,0,0,0,0.294,0.643,0.064,1,0,0,latency-pressure-freshness-hold,21,1,1,decoder-sync-observed,0,,0,0,6.578,21.100,0,,0.000,0.000,0.000,0.000,0,0,0,,0,0,0,9.450,0,1592,0.068,0.000,0.000,0.067,0.000,0.046,0.006,1,1,1,1,0,1,1,0,0,0,0,0,1.000,0.000,0.000,27,0,0.000,0,0,0,0.000,0.000,0.000,0.000,0.000,0.000,0.000,1.706,13.643,0,0,0,0,0,0,0,0,0.000,0.000,0.000,0.000,0.000,0.000,0,0.106,17.906,1194,1204,5499,20.869,229.291,67.990,229.291,42083.856,1139,1,H.264,129.275,0,0,228.321,229.456,1.001,189.335,128.302,arrival-gap-jitter-spike,16239.181,0,1,1,1,1,58323.037,429.726,490.967,491.583,491.583,0,0,32,0,0,32,1,latency-pressure freshness,latency-over-80ms,145.967,164.835,1562,1,H.264,0,0,0,0,0,0,0,0,0,0,,99.878,0.000,102.352,0.000,0.000,0.000,129.274,stale-before-decode,0.001,1588,0.000,106.143,3.626,0.082,0.760,0.450,0.000,0.310,1,0,0,1,3,0.062,18.728,17.906,32.525,17.783,1.000,Loss,0,1,0,0.000,2,1,1,1,0.060,0.000,0.060,0,100,0,46234,43448,2756,0,2648
59.323,Custom_loss6_delay0-100_dup0_reorder6_burst0,Loopback,1,1,0,,,0.000,0,21,1615,17.982,17.980,17.987,90.790,102.824,8.252,56.786,21.184,0.062,0.232,44072,2915,41432,38517,6530,3650,700,2080,1580,500,100,0,38517,1289,390,0,0,0,0,5.000,0,0,0,0,0,0,0,0,0,0,0,0,0,0,0,0.000,0.000,0.000,,1223,1223,5593,0,1,33.274,228.321,34.428,229.456,0.000,0.000,1213,1190,21928,1789,332,0,4342,6393,1618,1,fec-parity,pending,H.264,1,1,22,3,19,2,0,0,0,0,0,0,46974,11,0,0,0,0,0,27.967,553,700,500,482,500,0,62.156,26.306,141.039,8,0,1761,114,1875,0,580,63,0.441,0.559,0.939,1.000,0.098,40.000,0.308,0.692,0.000,duplicate-guard,1,7,0,0,1,7,4342,34676,0,0,0,0,34676,predicted-useful,fec-grace,7058,0.136,607,1875,0,14,0,0,0,0,0,0,0,596,7921,594,7918,0,0,0,pacing,1,0.741,6.130,114.130,0,0,0,0,0,0,0,0,7935,5075,5802,0,1,9500000,1200000,0,0,0,46932,46932,57801442,1875,2331170,97,120668,0,0,0,0,0,30.766,37.612,17938.688,4800.000,2407,85472,44056,19870,41416,21546,0.311,33.127,0.031,2407,6855314,10521995,1.458,4.948,0.460,19.144,85472,4342,1265,34676,4340,2,0,324,324,562,324,0,0,1,0,4,7818,6393,6393,0,0,0,0,0,,disabled,,0,0,0,0,,1,Fixed Quality,Hybrid,85,30,9500,12000,640,360,H.264,480,270,518400,0,518400,26094,0.050,0.000,,0,0,0.000,4.836,0.000,4.107,0.686,7250,6250,6250,44,44,0,1,9500,1.000,0,30.766,0.000,0,0,0.000,0.000,0,0,0,0,0.295,0.644,0.061,1,0,0,disabled,0,0,0,async-output-pending,0,,0,0,0.000,0.000,0,,0.000,0.000,0.000,0.000,0,0,0,,0,0,0,0.000,1,0,0.674,0.163,0.510,0.000,0.000,0.000,0.000,0,0,1,1,1,0,0,1,1,0,0,0,1.000,0.000,0.000,30,0,0.000,0,0,0,0.000,0.000,0.000,0.000,0.000,0.000,0.000,0.000,33.334,0,0,0,0,0,0,0,0,0.000,0.000,0.000,0.000,0.000,0.000,0,0.092,17.979,1213,1223,5594,34.279,229.291,67.990,229.291,42083.856,1139,1,H.264,129.275,0,0,228.321,229.456,1.001,189.335,128.302,arrival-gap-jitter-spike,17239.497,0,1,1,1,1,59323.353,429.726,490.967,491.583,491.583,0,0,32,0,0,32,0,,,145.967,164.835,1562,1,H.264,0,0,0,0,0,0,0,0,0,0,,96.889,0.000,99.685,0.000,0.000,0.000,125.395,stale-before-decode,0.001,1615,0.000,104.293,4.471,0.075,0.936,0.645,0.000,0.292,1,0,0,1,3,0.062,17.982,17.980,21.184,17.987,1.000,Loss,0,1,0,0.000,2,2,2,1,0.060,0.000,0.060,0,100,0,46991,44161,2793,0,2684
60.324,Custom_loss6_delay0-100_dup0_reorder6_burst0,Loopback,1,1,0,,,0.000,0,21,1644,22.585,20.854,21.071,91.133,102.870,77.495,57.156,23.764,0.062,0.232,44850,2942,42123,39181,6656,3718,717,2120,1612,508,101,0,39181,1314,396,0,0,0,0,5.000,0,0,0,0,0,0,0,0,0,0,0,0,0,0,0,0.000,0.000,0.000,,1246,1246,5687,0,1,34.025,228.321,35.013,229.456,0.000,0.000,1235,1211,22328,1822,336,0,4421,6505,1645,1,fec-parity,pending,H.264,1,1,22,10,12,4,1,0,0,0,0,0,47777,12,0,0,0,0,0,31.973,568,717,508,490,508,0,62.209,26.083,141.039,8,0,1801,119,1920,0,596,63,0.442,0.558,0.938,1.000,0.096,45.000,0.444,0.556,0.000,duplicate-guard,1,7,0,0,1,7,4421,35241,0,0,0,0,35241,predicted-useful,fec-grace,7189,0.000,622,1920,0,14,0,0,0,0,0,0,0,611,8129,609,8126,0,0,0,pacing,1,0.778,10.823,118.823,0,0,0,0,0,0,0,0,8143,5164,5908,0,1,9500000,1200000,0,0,0,47761,47761,58825536,1920,2387150,97,120668,0,0,0,0,0,17.754,37.612,10538.312,4800.000,2449,86944,44828,20187,42116,21929,0.310,6.008,1.775,2449,4871052,8001902,0.972,17.807,0.458,14.485,86944,4421,1290,35241,4419,2,0,328,328,571,328,0,0,1,0,4,7958,6505,6505,0,0,0,0,0,,disabled,,0,0,0,0,,1,Fixed Quality,Hybrid,85,30,9500,12000,640,360,H.264,480,270,518400,26096,518400,26096,0.050,0.000,,0,0,0.000,2.212,0.000,0.000,0.089,6000,6250,6250,44,44,0,1,9500,0.820,1,17.754,0.000,0,0,0.000,0.000,0,0,0,0,0.296,0.642,0.062,1,0,0,latency-pressure-freshness-hold,22,1,1,decoder-sync-observed,0,,0,0,15.168,21.976,0,,0.000,0.000,0.000,0.000,0,0,0,,0,0,0,3.122,0,1646,0.089,0.000,0.000,0.089,0.000,0.041,0.031,1,1,1,1,0,1,1,0,0,0,0,0,1.000,0.000,0.000,27,0,0.000,0,0,0,0.000,0.000,0.000,0.000,0.000,0.000,0.000,2.015,20.615,0,0,0,0,0,0,0,0,0.000,0.000,0.000,0.000,0.000,0.000,0,0.090,20.854,1235,1246,5687,34.976,229.291,67.990,229.291,42083.856,1139,1,H.264,129.275,0,0,228.321,229.456,1.001,189.335,128.302,arrival-gap-jitter-spike,18240.447,0,1,1,1,1,60324.303,429.726,490.967,491.583,491.583,0,0,33,0,0,33,1,latency-pressure freshness,latency-over-80ms,145.551,164.835,1620,1,H.264,0,0,0,0,0,0,0,0,0,0,,95.589,0.000,98.120,6.151,0.000,101.009,125.566,stale-before-decode,0.001,1643,0.000,103.119,4.008,0.073,0.839,0.517,0.000,0.322,1,0,0,1,3,0.062,22.585,20.854,23.764,21.071,1.000,Loss,0,1,0,1.000,2,2,2,1,0.060,0.000,0.060,0,100,0,47821,44935,2840,0,2728
