timeSec,scenarioName,networkRuntimeMode,networkModeSendingEnabled,networkModeReceivingEnabled,networkExperimentActive,networkExperimentScenarioName,networkExperimentAdaptiveMode,networkExperimentRemainingSec,networkExperimentStepIndex,networkExperimentStepCount,frameId,receiveFps,decodeFps,displayFps,currentLatencyMs,averageLatencyMs,currentRttMs,averageRttMs,currentJitterMs,packetLossRate,frameDropRate,receivedPackets,missingPackets,sequenceGapPackets,sequenceGapRecoveredPackets,duplicatePackets,duplicateOriginalPackets,duplicateRetransmitPackets,duplicateLateAfterCompletedPackets,duplicateLateAfterCompletedOriginalPackets,duplicateLateAfterCompletedRetransmitPackets,duplicateLateAfterExpiredPackets,duplicateLateAfterRejectedPackets,reorderedPackets,completedFrames,droppedFrames,deadlineDroppedFrames,outputQueueDroppedFrames,outputQueueDropEvents,outputQueueDropBurstEvents,startupWarmupSec,startupWarmupActive,outputQueueDroppedFramesDelta,outputQueueDropEventsDelta,outputQueueDropBurstEventsDelta,startupOutputQueueDroppedFrames,startupOutputQueueDropEvents,startupOutputQueueDropBurstEvents,steadyOutputQueueDroppedFrames,steadyOutputQueueDropEvents,steadyOutputQueueDropBurstEvents,evaluationOutputQueueDroppedFrames,evaluationOutputQueueDropEvents,evaluationOutputQueueDropBurstEvents,lastOutputQueueDropFrameCount,lastOutputQueueDropQueueSize,lastOutputQueueDropOldestAgeMs,lastOutputQueueDropNewestAgeMs,maxOutputQueueDropOldestAgeMs,lastOutputQueueDropReason,completedQueuePushes,completedQueuePops,completedQueueEmptyPolls,completedQueueSize,maxCompletedQueueSize,completedQueueLastPopAgeMs,completedQueueMaxPopAgeMs,completedQueueLastPushIntervalMs,completedQueueMaxPushIntervalMs,lastOutputQueueDropPopAgeMs,lastOutputQueueDropPushIntervalMs,decodedFrames,displayedFrames,frameRecoveryOutcomeEvents,frameRecoveryCompletedFrames,frameRecoveryExpiredFrames,frameRecoveryRejectedFrames,frameRecoveryNackSentFrames,frameRecoveryFecRecoveredFrames,frameRecoveryLastFrameId,frameRecoveryLastStreamId,frameRecoveryLastEvent,frameRecoveryLastOutcome,frameRecoveryLastCodec,frameRecoveryLastKeyFrame,frameRecoveryLastLargeFrame,frameRecoveryLastChunkCount,frameRecoveryLastReceivedChunks,frameRecoveryLastMissingChunks,frameRecoveryLastFecParityPackets,frameRecoveryLastFecRecoveredChunks,frameRecoveryLastNackCount,frameRecoveryLastPostNackReceivedChunks,frameRecoveryLastNackRequestedChunks,frameRecoveryLastRetransmitReceivedChunks,frameRecoveryLastRetransmitDuplicatePackets,frameRecoveryLastPacketSequence,frameRecoveryLastPacketChunkIndex,frameRecoveryLastRetransmitSequence,frameRecoveryLastRetransmitChunkIndex,frameRecoveryLastEventPacketSequence,frameRecoveryLastEventPacketChunkIndex,frameRecoveryLastEventWasRetransmit,frameRecoveryLastAgeMs,retransmitUsefulChunks,retransmitDuplicatePackets,retransmitLateAfterCompletedPackets,retransmitLateAfterCompletedLargePackets,retransmitLateAfterCompletedSentBeforeCompletePackets,retransmitLateAfterCompletedSentAfterCompletePackets,retransmitLateAfterCompletedAvgSendToCompleteMs,retransmitLateAfterCompletedAvgDelayMs,retransmitLateAfterCompletedMaxDelayMs,retransmitLateAfterExpiredPackets,retransmitLateAfterRejectedPackets,retransmitClassifiedPackets,retransmitNotArrivedPackets,retransmitAccountedPackets,retransmitUnclassifiedPackets,retransmitCompletedFrames,retransmitExpiredFrames,retransmitUsefulnessRatio,retransmitDuplicateRatio,retransmitFinalClassificationRatio,retransmitFinalAccountingRatio,retransmitExpiredAfterUsefulRatio,dynamicNackDeadlineMs,dynamicNackUsefulnessRatio,dynamicNackDuplicateRatio,dynamicNackExpiredAfterRetransmitRatio,dynamicNackDecisionReason,nackSuppressedFrames,nackSuppressedMissingChunks,nackPreflightSuppressedFrames,nackPreflightSuppressedChunks,nackFecGraceSuppressedFrames,nackFecGraceSuppressedChunks,nackPredictedUsefulFrames,nackPredictedUsefulChunks,nackDeferredForLikelyArrivalFrames,nackDeferredForLikelyArrivalChunks,nackSkippedTooLateFrames,nackSkippedTooLateChunks,nackRequestedChunkBudget,nackLastShapingReason,nackLastSuppressionReason,ackCount,lastAckMissingRate,ackRetransmittedFrames,ackRetransmittedChunks,repairCanceledByCompleteAckPackets,repairSkippedByTtlPackets,repairQueuedButCanceledPackets,repairSentAfterCompleteAckPackets,repairSentAfterCompleteAckLargePackets,repairSuppressedByFecLikelyFrames,repairSuppressedByFecLikelyPackets,repairSuppressedByFecLikelyLargeFrames,repairSuppressedByFecLikelyLargePackets,repairBudgetSuppressedFrames,repairBudgetSuppressedPackets,repairBudgetSuppressedLargeFrames,repairBudgetSuppressedLargePackets,repairRaceGuardSuppressedFrames,repairRaceGuardSuppressedPackets,repairRaceGuardSuppressedLargePackets,repairBudgetProfile,repairBudgetProfileSwitches,repairBudgetSmoothedMissingRate,repairBudgetSmoothedPacingQueueDelayMs,repairBudgetSmoothedDeliveryMs,repairFecLikelySuppressedCompletedFrames,repairFecLikelySuppressedCompletedPackets,repairFecLikelySuppressedExpiredFrames,repairFecLikelySuppressedExpiredPackets,repairFecLikelySuppressedPendingFrames,repairFecLikelySuppressedPendingPackets,repairFecLikelySuppressionRescueFrames,repairFecLikelySuppressionRescuePackets,h264KeyTinyMissingCriticalFrames,h264KeyTinyMissingCriticalPackets,h264KeyTinyMissingCriticalSentPackets,h264KeyTinyMissingCriticalSkippedPackets,h264KeyTinyMissingCriticalLastFrameId,h264KeyTinyMissingCriticalLastAckMissingChunks,h264KeyTinyMissingCriticalLastRequestedChunks,h264KeyTinyMissingCriticalLastEvent,h264KeySmallMissingAckFrames,h264KeySmallMissingAckMissingChunks,h264KeySmallMissingAckHistoryMissingFrames,h264KeySmallMissingAckStaleFrameLagFrames,h264KeySmallMissingAckStaleAgeFrames,h264KeySmallMissingAckRetransmitBudgetExhaustedFrames,h264KeySmallMissingAckDynamicBudgetSuppressedFrames,h264KeySmallMissingAckDynamicBudgetSuppressedPackets,h264KeySmallMissingAckSelectedRepairFrames,h264KeySmallMissingAckSelectedRepairPackets,h264KeySelectedRepair1To2Frames,h264KeySelectedRepair1To2Packets,h264KeySelectedRepair3To4Frames,h264KeySelectedRepair3To4Packets,h264KeySmallMissingAckLastFrameId,h264KeySmallMissingAckLastMissingChunks,h264KeySmallMissingAckLastGate,h264KeyRepair1To2CompletedFrames,h264KeyRepair1To2ExpiredFrames,h264KeyRepair1To2ArrivedPackets,h264KeyRepair1To2DuplicatePackets,h264KeyRepair1To2LateCompletedPackets,h264KeyRepair1To2LateExpiredPackets,h264KeyRepair1To2LateRejectedPackets,h264KeyRepair3To4CompletedFrames,h264KeyRepair3To4ExpiredFrames,h264KeyRepair3To4ArrivedPackets,h264KeyRepair3To4DuplicatePackets,h264KeyRepair3To4LateCompletedPackets,h264KeyRepair3To4LateExpiredPackets,h264KeyRepair3To4LateRejectedPackets,lateRepairSavedPackets,ackStaleDroppedFrames,ackKeyFrameRequests,ackKeyFramePending,pacingEnabled,pacingTargetBitrateBps,pacingRepairTargetBitrateBps,pacingQueuedPackets,pacingHighPriorityQueuedPackets,pacingNormalQueuedPackets,pacingEnqueuedPackets,pacingSentPackets,pacingSentBytes,pacingRepairSentPackets,pacingRepairSentBytes,pacingRepairBorrowedPackets,pacingRepairBorrowedBytes,pacingEmergencySentPackets,pacingEmergencySentBytes,pacingEmergencyBorrowedPackets,pacingEmergencyBorrowedBytes,h264KeyTinyEmergencyLastQueueAgeMs,h264KeyTinyEmergencyMaxQueueAgeMs,h264KeyTinyEmergencyAvgQueueAgeMs,pacingDroppedPackets,pacingDeadlineDroppedPackets,pacingHighPriorityDeadlineDroppedPackets,pacingNormalDeadlineDroppedPackets,pacingOverflowDroppedPackets,pacingCurrentQueueDelayMs,pacingMaxQueueDelayMs,pacingVideoCreditBytes,pacingRepairCreditBytes,transportFeedbackPackets,transportFeedbackPacketStatuses,transportFeedbackReceivedPackets,transportFeedbackMissingPackets,transportFeedbackSequenceGapPackets,transportFeedbackSequenceGapRecoveredPackets,transportFeedbackLossRate,transportFeedbackArrivalJitterMs,transportFeedbackQueueDelayTrendMs,transportFeedbackLastSequence,estimatedBandwidthBps,deliveryRateBps,bandwidthQueueDelayMs,bandwidthRttTrendMs,bandwidthLossTrend,bandwidthJitterTrendMs,bandwidthFeedbackSamples,deadlineNackSentFrames,deadlineNackRecoveredFrames,deadlineNackMissingChunks,deadlineNackSentH264KeyFrames,deadlineNackSentH264LargeFrames,deadlineNackSentH264DeltaFrames,deadlineNackExpiredDroppedFrames,deadlineNackExpiredAfterNackFrames,deadlineNackExpiredMissingChunks,deadlineNackExpiredH264KeyFrames,deadlineNackExpiredH264KeyMissingChunks,deadlineNackLastExpiredH264KeyMissingChunks,deadlineNackExpiredH264KeyMissingChunks1,deadlineNackExpiredH264KeyMissingChunks2To4,deadlineNackExpiredH264KeyMissingChunks5To8,deadlineNackExpiredH264KeyMissingChunks9To16,deadlineNackExpiredH264KeyMissingChunks17Plus,h264KeySmallMissingDeadlineRescueFrames,h264KeySmallMissingDeadlineRescueMissingChunks,h264KeySmallMissingDeadlineRescueCompletedFrames,h264KeySmallMissingDeadlineRescueRejectedFrames,h264KeySmallMissingDeadlineRescueExpiredFrames,h264KeySmallMissingDeadlineRescueCompletedMissingChunks,h264KeySmallMissingDeadlineRescueExpiredMissingChunks,deadlineNackExpiredH264LargeFrames,deadlineNackExpiredH264DeltaFrames,fecEnabled,adaptiveFecEnabled,fecGroupChunkCount,fecParityPackets,fecRecoveredFrames,fecRecoveredChunks,h264ReassemblerAuRejectedFrames,h264ReassemblerHeaderFailures,h264ReassemblerPayloadSizeMismatches,h264ReassemblerFrameIdMismatches,h264ReassemblerCrcMismatches,h264ReassemblerLastRejectReason,adaptiveFecDecisionReason,adaptiveFecHoldReason,adaptiveFecG8ToG4Recovery,adaptiveFecQualityHoldActive,adaptiveFecQualityHoldCanceled,adaptiveFecEmergencyG2Active,adaptiveFecEarlyOffReason,adaptiveEnabled,adaptiveControlMode,adaptiveCongestionControlMode,targetJpegQuality,targetFps,targetBitrateKbps,adaptiveBandwidthCeilingKbps,targetWidth,targetHeight,actualCodec,actualEncodeWidth,actualEncodeHeight,actualRawFrameBytes,actualEncodedFrameBytes,rawFrameBytes,encodedFrameBytes,compressionRatio,captureFps,cameraCaptureSubtype,cameraCaptureWidth,cameraCaptureHeight,cameraCaptureFormatFps,encodeMs,resizeMs,nv12PrepareMs,h264EncodeMs,h264EncoderRequestedBitrateKbps,h264EncoderTargetBitrateKbps,h264EncoderAppliedBitrateKbps,h264DynamicBitrateUpdateRequests,h264DynamicBitrateUpdateSuccesses,h264DynamicBitrateUpdateFailures,h264EncoderReinitializations,pacingBudgetTargetBitrateKbps,h264VideoBudgetScale,pacingBurstGuardActive,fixedPacingRecentMaxQueueDelayMs,fixedPacingQueueReleaseStableSec,fixedPacingQueueRecovered,fixedPacingQueueReleaseEligible,adaptiveRepairBudgetUtilization,adaptiveRepairBorrowedRatio,adaptiveRepairSentBytesDelta,adaptiveRepairBorrowedBytesDelta,adaptiveRepairBudgetGuardActive,adaptiveRepairVideoBudgetPressure,adaptiveRetransmitUsefulRatio,adaptiveLateRepairWasteRatio,adaptiveRetransmitNotArrivedRatio,adaptiveRetransmitAccountingComplete,adaptiveLateRepairWastePressure,adaptiveRetransmitNotArrivedPressure,adaptiveRepairDecisionReason,h264AuChunkCount,h264AuIsIdr,h264AuIsDecoderSync,h264RequestedKeyFrameConsumedFrames,h264EncoderKeyFrameRequests,h264RecoveryKeyFrameRequests,h264AwaitingSyncKeyFrameRequests,h264PeriodicIdrRequests,h264IdrFrames,h264DecoderSyncFrames,h264ConsecutiveIdrFrames,h264MaxConsecutiveIdrFrames,h264AuProtectionLevel,h264AuDroppedBeforeSend,h264AuDropReason,h264AuDroppedBytes,h264AuDroppedChunks,h264AuPacingQueueDelayMs,h264AuEstimatedSendMs,h264InputGatedByPacing,h264InputGateReason,h264InputGateQueueDelayMs,h264InputGateVideoCreditBytes,h264InputGateFrameBudgetBytes,h264InputGateDurationMs,h264InputGateConsecutiveFrames,h264InputGateSkippedInputFrames,h264InputGateForcedOpen,h264InputGateReleaseReason,fecProtectedH264KeyFrames,fecProtectedH264LargeFrames,h264EncoderDelayFrames,h264EncoderDelayMs,h264EncoderPendingFrames,h264EncodedInputFrameId,h264EncoderCallMs,h264EncoderSampleCreateMs,h264EncoderProcessInputMs,h264EncoderPreInputPollMs,h264EncoderPostInputWaitMs,h264EncoderProcessOutputMs,h264EncoderOutputCopyMs,h264EncoderProcessOutputAttempts,h264EncoderAsyncEventCount,h264EncoderHardware,h264EncoderAsync,h264EncoderNeedInputSignaled,h264EncoderOutputProduced,h264EncoderOutputProducedBeforeInput,h264SubmittedNewInput,h264AsyncSubmittedWithoutOutput,h264AsyncPendingNoOutput,h264AsyncCadenceHoldActive,h264AsyncPendingNoOutputStreak,h264AsyncCadenceScale,h264AsyncCadenceHoldRemainingMs,h264AsyncOutputPollBackoffMs,h264InputCadenceFps,h264NeedInputSubmitWake,h264NeedInputSubmitLeadMs,encodedCameraFrameId,encodedCameraSourceTimestamp100ns,encodedCameraCaptureCompletedTimeUs,encodedCameraFrameAgeMs,encodedCameraReadSampleMs,encodedCameraReadSampleEndToCaptureMs,encodedCameraCaptureToPublishMs,encodedCameraPublishToAcquireMs,encodedCameraAcquireToEncoderInputMs,jpegEncodeMs,packetizeMs,sendFrameIntervalMs,cameraFrameReady,cameraFrameId,cameraSourceTimestamp100ns,cameraReadSampleStartTimeUs,cameraReadSampleEndTimeUs,cameraCaptureCompletedTimeUs,cameraFramePublishedTimeUs,cameraSenderAcquireTimeUs,cameraReadSampleMs,cameraReadSampleEndToCaptureMs,cameraCaptureToPublishMs,cameraPublishToAcquireMs,cameraAcquireToSendMs,cameraFrameAgeMs,cameraFrameCacheUsed,receiveJpegDecodeMs,receiveDecodeWorkerFps,receiveDecodeWorkerFrames,receiveDecodePopSuccesses,receiveDecodePopEmptyPolls,receiveDecodeLoopLastPopGapMs,receiveDecodeLoopMaxPopGapMs,receiveStartupDecodeLoopMaxPopGapMs,receiveSteadyDecodeLoopMaxPopGapMs,receiveSteadyDecodeLoopMaxPopGapAtMs,receiveSteadyDecodeLoopMaxPopGapFrameId,receiveSteadyDecodeLoopMaxPopGapStreamId,receiveSteadyDecodeLoopMaxPopGapCodec,receiveSteadyDecodeLoopMaxPopGapInputFrameAgeMs,receiveSteadyDecodeLoopMaxPopGapDecodedQueueSize,receiveSteadyDecodeLoopMaxPopGapCompletedQueueSize,receiveSteadyDecodeLoopMaxPopGapCompletedQueuePopAgeMs,receiveSteadyDecodeLoopMaxPopGapCompletedQueuePushIntervalMs,receiveSteadyDecodeLoopMaxPopGapArrivalRatio,receiveSteadyDecodeLoopMaxPopGapReceiverJitterMs,receiveSteadyDecodeLoopMaxPopGapReceiverLatencyMs,receiveSteadyDecodeLoopMaxPopGapClass,receiveSteadyDecodeLoopMaxPopGapAgeMs,receiveH264StartupActive,receiveH264StartupDecoderSynced,receiveH264StartupFirstDecoded,receiveH264StartupFirstDisplayed,receiveH264StartupReady,receiveH264StartupElapsedMs,receiveH264StartupDecoderSyncMs,receiveH264StartupFirstDecodedMs,receiveH264StartupFirstDisplayedMs,receiveH264StartupReadyMs,receiveH264StartupQueueFlushFrames,receiveDecodeOverwrittenFrames,receiveDecodeQueueDroppedFrames,receiveDecodeRenderOverwriteFrames,receiveDecodeFailures,receiveFreshnessDroppedFrames,receiveFreshnessDroppedFramesDelta,receiveFreshnessDropClass,receiveFreshnessDropEvidence,receiveLastFreshnessDropAgeMs,receiveMaxFreshnessDropAgeMs,receiveLastFreshnessDropFrameId,receiveLastFreshnessDropStreamId,receiveLastFreshnessDropCodec,receiveH264AuInvalidFrames,receiveH264AuCrcMismatches,receiveH264AuPayloadSizeMismatches,receiveH264AuNalCountMismatches,receiveH264AuNoAnnexBNals,receiveH264AuIdrFlagMismatches,receiveH264AuSpsPpsFlagMismatches,receiveH264AuSyncWithoutIdr,receiveH264AuIdrWithoutSpsPps,receiveH264AuForbiddenZeroBit,receiveH264AuLastInvalidReason,receiveDecodeInputFrameAgeMs,receiveDecodeInputCameraFrameAgeMs,receiveDecodeInputEncoderOutputAgeMs,receiveLatestDecodedFrameAgeMs,receiveLatestDecodedCameraFrameAgeMs,receiveLatestDecodedEncoderOutputAgeMs,receiveFreshnessDropThresholdMs,receiveDecodeLastDropReason,receiveUploadBufferWaitMs,receiveDisplayFrameId,receiveDisplayCameraFrameAgeMs,receiveDisplayEncoderOutputAgeMs,receiveDisplayDecodedFrameAgeMs,textureUploadMs,presentGpuWaitMs,renderFramePacingWaitMs,waitableSwapChainWaitMs,presentMs,presentSyncInterval,lowLatencyPresentMode,waitableSwapChainPacingEnabled,waitableSwapChainAvailable,swapChainBufferCount,adaptiveInputPacketLossRate,adaptiveInputReceiveFps,adaptiveInputDecodeFps,adaptiveInputJitterMs,adaptiveInputDisplayFps,adaptiveQoeScore,adaptiveDegradationCause,adaptiveArrivalGapJitterSpikeActive,adaptiveFecRecoveryWorking,adaptiveFecGuardActive,adaptiveFecRecoveryEfficiency,adaptiveFecParityPacketDelta,adaptiveFecRecoveredFrameDelta,adaptiveFecRecoveredChunkDelta,simEnabled,simLossRate,simDuplicateRate,simReorderRate,simMinDelayMs,simMaxDelayMs,simBurstLossLength,simSubmittedPackets,simSentPackets,simDroppedPackets,simDuplicatedPackets,simReorderedPackets
0.208,Custom_loss6_delay0-100_dup0_reorder6_burst0,Loopback,1,1,0,,,0.000,0,21,0,0.000,0.000,0.000,0.000,0.000,0.000,0.000,0.000,0.000,0.000,0,0,0,0,0,0,0,0,0,0,0,0,0,0,0,0,0,0,0,5.000,1,0,0,0,0,0,0,0,0,0,0,0,0,0,0,0.000,0.000,0.000,,0,0,20,0,0,0.000,0.000,0.000,0.000,0.000,0.000,0,0,0,0,0,0,0,0,0,0,,,,0,0,0,0,0,0,0,0,0,0,0,0,0,0,0,0,0,0,0,0.000,0,0,0,0,0,0,0.000,0.000,0.000,0,0,0,0,0,0,0,0,0.000,0.000,0.000,0.000,0.000,0.000,0.000,0.000,0.000,,0,0,0,0,0,0,0,0,0,0,0,0,0,,,0,0.000,0,0,0,0,0,0,0,0,0,0,0,0,0,0,0,0,0,0,balanced,0,0.000,0.000,0.000,0,0,0,0,0,0,0,0,0,0,0,0,0,0,0,,0,0,0,0,0,0,0,0,0,0,0,0,0,0,0,0,,0,0,0,0,0,0,0,0,0,0,0,0,0,0,0,0,0,0,1,9500000,1200000,0,0,0,0,0,0,0,0,0,0,0,0,0,0,0.000,0.000,0.000,0,0,0,0,0,0.000,0.000,3750.000,4800.000,0,0,0,0,0,0,0.000,0.000,0.000,0,6000000,0,0.000,0.000,0.000,0.000,0,0,0,0,0,0,0,0,0,0,0,0,0,0,0,0,0,0,0,0,0,0,0,0,0,0,0,1,0,4,0,0,0,0,0,0,0,0,,disabled,,0,0,0,0,,1,Fixed Quality,Hybrid,85,30,9500,12000,640,360,,0,0,0,0,0,0,0.000,0.000,,0,0,0.000,0.000,0.000,0.000,0.000,0,0,0,0,0,0,0,0,1.000,0,0.000,0.000,1,0,0.000,0.000,0,0,0,0,0.000,0.000,0.000,0,0,0,disabled,0,0,0,0,0,0,0,0,0,0,0,0,,0,,0,0,0.000,0.000,0,,0.000,0.000,0.000,0.000,0,0,0,,0,0,0,0.000,0,0,0.000,0.000,0.000,0.000,0.000,0.000,0.000,0,0,0,0,0,0,0,0,0,0,0,0,1.000,0.000,0.000,0,0,0.000,0,0,0,0.000,0.000,0.000,0.000,0.000,0.000,0.000,0.000,0.000,0,0,0,0,0,0,0,0,0.000,0.000,0.000,0.000,0.000,0.000,0,0.000,0.000,0,0,20,0.000,0.000,0.000,0.000,0.000,0,0,,0.000,0,0,0.000,0.000,0.000,0.000,0.000,,-1.000,1,0,0,0,0,208.492,0.000,0.000,0.000,0.000,0,0,0,0,0,0,0,,,0.000,0.000,0,0,,0,0,0,0,0,0,0,0,0,0,,0.000,0.000,0.000,0.000,0.000,0.000,120.000,,0.000,0,0.000,0.000,0.000,0.000,0.000,0.000,0.000,0.000,1,0,0,1,3,0.000,0.000,0.000,0.000,0.000,0.000,None,0,0,0,0.000,0,0,0,1,0.060,0.000,0.060,0,100,0,0,0,0,0,0
1.213,Custom_loss6_delay0-100_dup0_reorder6_burst0,Loopback,1,1,0,,,0.000,0,21,19,24.747,12.324,11.863,92.082,82.860,0.000,0.000,35.867,0.117,0.182,354,47,344,297,43,22,1,20,15,5,0,0,297,18,4,0,0,0,0,5.000,1,0,0,0,0,0,0,0,0,0,0,0,0,0,0,0.000,0.000,0.000,,15,15,114,0,1,2.599,97.512,4.542,97.725,0.000,0.000,10,10,193,23,1,0,35,50,20,1,fec-recovered,pending,H.264,0,1,26,26,0,7,7,2,10,28,0,0,338,18,0,0,0,0,0,81.077,3,1,5,1,5,0,31.159,47.966,85.116,0,0,9,0,9,0,6,0,0.750,0.250,1.000,1.000,0.000,28.000,0.500,0.500,0.000,insufficient-sample,20,126,0,0,13,114,35,321,7,12,0,0,321,predicted-useful,likely-arrival,71,0.308,4,9,0,0,0,0,0,0,0,0,0,1,20,1,20,0,0,0,jitter-ack-loss,0,0.885,0.816,108.816,0,0,0,0,0,0,0,0,3,6,6,0,2,2,2,sent,8,13,0,0,2,3,0,0,3,6,3,6,0,0,2,2,stale-age,1,0,1,0,4,0,0,1,0,1,0,0,0,0,20,42,4,0,1,9500000,1200000,20,0,20,451,431,516401,14,14905,1,1252,6,6134,0,0,0.129,0.129,0.048,0,0,0,0,0,0.734,39.862,936.812,4800.000,25,691,347,174,344,170,0.334,17.925,0.121,25,6257640,10102134,0.400,0.000,0.453,18.889,691,35,12,321,13,20,2,1,1,1,1,1,1,1,0,0,0,0,0,0,0,0,0,0,0,0,0,1,0,4,60,50,50,0,0,0,0,0,,disabled,,0,0,0,0,,1,Fixed Quality,Hybrid,85,30,9500,12000,640,360,H.264,480,270,518400,30264,518400,30264,0.058,0.000,,0,0,0.000,2.371,0.000,0.000,0.082,7250,7250,7250,0,0,0,1,9500,1.000,0,23.837,0.000,0,0,0.000,0.000,0,0,0,0,0.333,0.667,0.000,1,0,0,disabled,26,0,0,2,6,2,4,0,5,5,0,3,large-au-observed,0,,0,0,16.533,25.485,0,,0.000,0.000,0.000,0.000,0,0,0,,1,0,0,5.320,0,23,0.082,0.000,0.000,0.081,0.000,0.055,0.007,1,1,1,1,0,1,1,0,0,0,1,0,0.860,73.724,0.000,26,0,0.000,0,0,0,0.000,0.000,0.000,0.000,0.000,0.000,0.000,2.279,10.707,0,0,0,0,0,0,0,0,0.000,0.000,0.000,0.000,0.000,0.000,0,0.428,12.324,10,15,114,3.828,98.578,83.354,98.578,950.497,12,1,H.264,103.849,0,0,97.209,97.572,0.990,177.338,102.464,arrival-gap-jitter-spike,263.071,0,1,1,1,1,1213.568,480.499,548.083,549.344,549.344,0,0,4,0,0,0,0,,,0.000,0.000,0,0,,0,0,0,0,0,0,0,0,0,0,,99.809,0.000,102.852,0.000,0.000,0.000,131.041,h264-decoder-buffering,0.001,19,0.000,106.960,4.637,0.109,0.329,0.001,0.000,0.328,1,0,0,1,3,0.117,24.747,12.324,35.867,11.863,1.000,RecoveryDeadline,1,1,0,3.000,1,3,3,1,0.060,0.000,0.060,0,100,0,432,359,21,0,30
2.218,Custom_loss6_delay0-100_dup0_reorder6_burst0,Loopback,1,1,0,,,0.000,0,21,47,19.253,19.243,19.148,103.527,93.798,81.868,81.868,38.042,0.080,0.245,1229,107,1163,1056,145,88,7,43,36,7,7,0,1056,37,12,0,0,0,0,5.000,1,0,0,0,0,0,0,0,0,0,0,0,0,0,0,0.000,0.000,0.000,,34,34,210,0,1,12.860,181.831,13.897,182.854,0.000,0.000,29,29,610,44,9,0,114,170,49,1,nack-deferred-likely-arrival,pending,H.264,0,1,26,24,2,6,5,2,11,25,0,0,1268,14,0,0,0,0,0,88.113,3,7,7,3,7,0,43.380,41.048,85.116,0,0,17,1,18,0,6,0,0.300,0.700,0.944,1.000,0.000,30.000,0.000,1.000,0.000,insufficient-sample,49,515,0,0,36,492,114,1287,13,23,0,0,1287,deferred-likely-arrival,likely-arrival,195,0.615,7,18,0,0,0,0,0,0,0,0,0,4,70,4,70,0,0,0,pacing,1,0.808,10.006,118.006,0,0,0,0,0,0,0,0,3,6,6,0,2,2,2,sent,8,13,0,0,2,3,0,0,3,6,3,6,0,0,2,2,stale-age,1,0,1,0,4,0,0,1,0,1,0,0,0,0,70,140,8,0,1,9500000,1200000,0,0,0,1351,1351,1636241,56,66273,29,36132,6,6134,0,0,0.129,0.129,0.048,0,0,0,0,0,31.131,39.862,7239.562,4800.000,71,2391,1228,537,1163,626,0.304,2.037,1.408,71,5821075,9497140,1.454,0.000,0.459,8.927,2391,114,31,1287,25,87,2,9,9,12,2,3,2,1,1,0,0,0,0,0,0,0,0,0,0,7,0,1,0,4,214,170,170,0,0,0,0,0,,disabled,,0,0,0,0,,1,Fixed Quality,Hybrid,85,30,9500,12000,640,360,H.264,480,270,518400,0,518400,30264,0.058,0.000,,0,0,0.000,4.815,0.000,4.090,0.702,7250,7250,7250,0,0,0,1,9500,1.000,0,31.131,0.000,0,0,0.000,0.000,0,0,0,0,0.167,0.778,0.056,1,0,0,disabled,0,0,0,4,11,4,7,0,9,9,0,3,async-output-pending,0,,0,0,0.000,0.000,0,,20.633,9650.750,39583.333,0.000,0,0,0,,2,0,0,0.000,1,0,0.690,0.193,0.496,0.000,0.000,0.000,0.000,0,0,1,1,1,0,0,1,1,0,0,0,1.000,0.000,0.000,30,0,0.000,0,0,0,0.000,0.000,0.000,0.000,0.000,0.000,0.000,0.000,10.467,0,0,0,0,0,0,0,0,0.000,0.000,0.000,0.000,0.000,0.000,0,0.426,19.243,29,34,210,14.816,182.772,83.354,182.772,1623.718,32,1,H.264,95.866,0,0,181.831,182.854,1.000,142.445,94.915,arrival-gap-jitter-spike,594.437,0,1,1,1,1,2218.155,480.499,548.083,549.344,549.344,0,0,4,0,0,0,0,,,0.000,0.000,0,0,,0,0,0,0,0,0,0,0,0,0,,109.222,0.000,112.385,0.000,0.000,0.000,136.763,h264-decoder-buffering,0.001,47,0.000,117.060,4.202,0.081,0.308,0.073,0.000,0.235,1,0,0,1,3,0.080,19.253,19.243,38.042,19.148,1.000,Jitter,1,1,0,0.500,2,1,1,1,0.060,0.000,0.060,0,100,0,1353,1230,78,0,73
3.219,Custom_loss6_delay0-100_dup0_reorder6_burst0,Loopback,1,1,0,,,0.000,0,21,77,18.669,18.741,17.304,94.953,96.644,1.493,41.680,23.516,0.070,0.329,1995,151,1883,1732,249,157,13,61,53,8,18,0,1732,53,26,0,0,0,0,5.000,1,0,0,0,0,0,0,0,0,0,0,0,0,0,0,0.000,0.000,0.000,,50,50,301,0,1,48.550,181.831,48.752,182.854,0.000,0.000,45,44,1023,61,23,0,193,286,78,1,nack-deferred-likely-arrival,pending,H.264,0,1,22,20,2,4,3,2,7,20,0,0,2109,16,0,0,0,0,0,86.438,6,13,8,4,8,0,45.007,36.663,85.116,0,0,27,2,29,0,8,0,0.316,0.684,0.931,1.000,0.000,32.000,0.167,0.833,0.000,duplicate-guard,83,885,0,0,60,847,193,2187,23,38,0,0,2187,deferred-likely-arrival,likely-arrival,315,0.682,12,29,0,0,0,0,0,1,1,1,1,9,134,9,134,0,0,0,pacing,1,0.731,6.822,114.822,0,0,1,1,0,0,0,0,3,6,6,0,2,2,2,sent,9,17,0,0,3,3,0,0,3,6,3,6,0,0,75,4,stale-age,1,0,1,0,4,0,0,1,0,1,0,0,0,0,135,239,12,0,1,9500000,1200000,4,0,4,2175,2171,2634962,100,120129,54,67280,6,6134,0,0,0.129,0.129,0.048,0,0,0,0,0,4.727,39.862,340.375,4800.000,112,3857,1980,878,1877,999,0.307,16.841,4.232,112,3756179,6698336,1.164,-80.375,0.486,15.954,3857,193,46,2187,37,151,5,23,23,35,4,5,1,3,1,0,0,0,0,0,0,0,0,0,0,19,0,1,0,4,358,286,286,0,0,0,0,0,,disabled,,0,0,0,0,,1,Fixed Quality,Hybrid,85,30,9500,12000,640,360,H.264,480,270,518400,26096,518400,26096,0.050,0.000,,0,0,0.000,1.774,0.000,0.000,0.093,6250,6250,6250,2,2,0,1,9500,0.880,1,14.189,0.000,0,0,0.000,0.000,0,0,0,0,0.207,0.724,0.069,1,0,0,latency-pressure-freshness-hold,22,0,0,6,16,6,9,1,13,13,0,3,large-au-observed,0,,0,0,17.875,21.976,0,,0.000,0.000,0.000,0.000,0,0,0,,3,0,0,6.254,0,80,0.093,0.000,0.000,0.092,0.000,0.067,0.006,1,1,1,1,0,1,1,0,0,0,1,0,0.860,24.651,0.000,26,0,0.000,0,0,0,0.000,0.000,0.000,0.000,0.000,0.000,0.000,1.669,10.555,0,0,0,0,0,0,0,0,0.000,0.000,0.000,0.000,0.000,0.000,0,0.337,18.741,45,50,301,48.790,182.772,83.354,182.772,1623.718,32,1,H.264,95.866,0,0,181.831,182.854,1.000,142.445,94.915,arrival-gap-jitter-spike,1595.431,0,1,1,1,1,3219.149,480.499,548.083,549.344,549.344,0,0,5,0,0,1,1,latency-pressure freshness,latency-over-80ms,139.400,139.400,61,1,decoded,0,0,0,0,0,0,0,0,0,0,,96.172,0.000,98.004,0.000,0.000,0.000,127.477,stale-before-upload,0.000,77,0.000,101.063,3.060,0.077,0.701,0.450,0.000,0.250,1,0,0,1,3,0.070,18.669,18.741,23.516,17.304,1.000,RecoveryDeadline,0,1,0,0.000,1,1,1,1,0.060,0.000,0.060,0,100,0,2174,1997,130,0,125
4.223,Custom_loss6_delay0-100_dup0_reorder6_burst0,Loopback,1,1,0,,,0.000,0,21,100,18.263,17.282,17.133,166.584,98.479,40.666,41.342,19.713,0.066,0.305,2696,191,2536,2345,359,218,23,99,88,11,19,0,2345,73,32,0,0,0,0,5.000,1,0,0,0,0,0,0,0,0,0,0,0,0,0,0,0.000,0.000,0.000,,69,69,400,0,1,108.086,181.831,109.097,182.854,0.000,0.000,63,62,1402,84,28,0,258,397,104,1,nack-sent,pending,H.264,0,1,22,15,7,3,3,2,6,23,0,0,2849,11,0,0,0,0,0,64.581,9,23,11,7,11,0,53.762,28.684,85.116,0,0,43,1,44,0,12,0,0.281,0.719,0.977,1.000,0.000,40.000,0.286,0.714,0.000,duplicate-guard,115,1180,0,0,82,1129,258,2784,33,51,0,0,2784,predicted-useful,fec-grace,424,0.318,19,44,0,0,0,0,0,4,4,4,4,16,248,16,248,0,0,0,pacing,1,0.842,10.620,118.620,0,0,4,4,0,0,0,0,3,6,6,0,2,2,2,sent,10,19,0,0,4,3,0,0,3,6,3,6,0,0,88,2,stale-age,1,0,1,0,4,0,0,1,0,1,0,0,0,0,252,319,16,0,1,9500000,1200000,8,0,8,2918,2910,3547896,143,173365,79,98124,6,6134,0,0,0.129,0.129,0.048,0,0,0,0,0,1.059,39.862,549.125,4800.000,151,5203,2676,1191,2527,1336,0.308,19.738,0.199,151,4762447,7722767,0.840,39.173,0.484,17.268,5203,258,66,2784,49,204,5,28,28,45,4,5,1,3,1,0,0,0,0,0,0,0,0,0,0,24,0,1,0,4,488,397,397,0,0,0,0,0,,disabled,,0,0,0,0,,1,Fixed Quality,Hybrid,85,30,9500,12000,640,360,H.264,480,270,518400,26096,518400,26096,0.050,0.000,,0,0,0.000,2.679,0.000,0.000,0.066,6000,6250,6250,2,2,0,1,9500,0.820,1,6.347,0.000,0,0,0.000,0.000,0,0,0,0,0.205,0.773,0.023,1,0,0,latency-pressure-freshness-hold,22,0,0,8,20,8,11,1,17,17,0,3,large-au-observed,0,,0,0,8.780,21.976,0,,0.000,0.000,0.000,0.000,0,0,0,,4,0,0,5.118,0,106,0.066,0.000,0.000,0.065,0.000,0.044,0.005,1,1,1,1,0,1,1,0,0,0,0,0,1.000,0.000,0.000,27,0,0.000,0,0,0,0.000,0.000,0.000,0.000,0.000,0.000,0.000,2.603,10.227,0,0,0,0,0,0,0,0,0.000,0.000,0.000,0.000,0.000,0.000,0,0.425,17.282,63,69,400,108.956,182.772,83.354,182.772,1623.718,32,1,H.264,95.866,0,0,181.831,182.854,1.000,142.445,94.915,arrival-gap-jitter-spike,2599.868,0,1,1,1,1,4223.586,480.499,548.083,549.344,549.344,0,0,6,0,0,2,1,latency-pressure freshness,latency-over-80ms,165.837,165.837,89,1,H.264,0,0,0,0,0,0,0,0,0,0,,96.547,0.000,97.324,0.000,0.000,0.000,132.520,stale-before-decode,0.001,101,0.000,104.069,6.274,0.080,0.568,0.301,0.000,0.267,1,0,0,1,3,0.067,18.263,17.282,19.713,17.133,3.000,RecoveryDeadline,0,1,0,3.000,1,3,3,1,0.060,0.000,0.060,0,100,0,2914,2700,172,0,163
5.225,Custom_loss6_delay0-100_dup0_reorder6_burst0,Loopback,1,1,0,,,0.000,0,21,129,13.799,16.002,16.002,93.059,99.184,81.147,51.293,44.383,0.068,0.333,3385,248,3197,2949,462,284,33,120,107,13,25,0,2949,88,44,0,0,0,0,5.000,0,0,0,0,0,0,0,0,0,0,0,0,0,0,0,0.000,0.000,0.000,,84,84,501,0,1,27.223,181.831,28.085,182.854,0.000,0.000,78,77,1799,101,41,0,327,509,130,1,nack-sent,pending,H.264,0,1,23,18,5,5,3,2,3,16,0,0,3601,19,0,0,0,0,0,70.205,10,33,13,9,13,0,57.753,24.912,85.116,1,0,57,3,60,0,12,1,0.233,0.767,0.950,1.000,0.077,34.000,0.000,0.800,1.000,retransmit-late,150,1460,0,0,103,1389,327,3358,47,71,0,0,3358,predicted-useful,likely-arrival,531,0.913,27,60,0,0,0,0,0,7,7,7,7,24,373,24,373,0,0,0,pacing,1,0.835,11.625,119.625,0,0,7,7,0,0,0,0,3,6,6,0,2,2,2,sent,12,23,0,1,5,3,0,0,3,6,3,6,0,0,115,2,stale-frame-lag,1,0,1,0,4,0,0,1,0,1,0,0,0,0,380,401,20,0,1,9500000,1200000,0,0,0,3636,3636,4444308,187,227845,103,128020,6,6134,0,0,0.129,0.129,0.048,0,0,0,0,0,0.055,39.862,8139.750,3556.000,190,6575,3378,1468,3197,1729,0.303,8.254,0.684,190,4503236,7130258,1.180,39.435,0.489,9.271,6575,326,81,3353,64,257,5,40,40,69,8,12,2,4,4,0,0,0,0,0,0,0,0,0,0,32,0,1,0,4,628,509,509,0,0,0,0,0,,disabled,,0,0,0,0,,1,Fixed Quality,Hybrid,85,30,9500,12000,640,360,H.264,480,270,518400,0,518400,27136,0.052,0.000,,0,0,0.000,4.846,0.000,4.162,0.662,7000,6500,6500,3,3,0,1,9500,0.980,1,8.503,0.000,0,0,0.000,0.000,0,0,0,0,0.167,0.783,0.050,1,0,0,fixed-pacing-queue-hold,0,0,0,10,26,10,13,3,22,22,0,3,async-output-pending,0,,0,0,0.000,0.000,0,,0.055,8139.750,49479.167,0.000,0,0,0,,5,0,0,0.000,1,0,0.653,0.178,0.474,0.000,0.000,0.000,0.000,0,0,1,1,1,0,0,1,1,0,0,0,1.000,0.000,0.000,24,0,0.000,0,0,0,0.000,0.000,0.000,0.000,0.000,0.000,0.000,0.000,8.589,0,0,0,0,0,0,0,0,0.000,0.000,0.000,0.000,0.000,0.000,0,0.443,16.002,78,84,501,28.132,182.772,83.354,182.772,1623.718,32,1,H.264,95.866,0,0,181.831,182.854,1.000,142.445,94.915,arrival-gap-jitter-spike,3601.487,0,1,1,1,1,5225.205,480.499,548.083,549.344,549.344,0,0,6,0,0,2,0,,,165.837,165.837,89,1,H.264,0,0,0,0,0,0,0,0,0,0,,102.918,0.000,105.510,0.000,0.000,0.000,131.529,stale-before-decode,0.001,129,0.000,112.447,6.446,0.078,0.737,0.527,0.000,0.210,1,0,0,1,3,0.068,13.799,16.002,44.383,16.002,1.000,Jitter,0,1,0,0.500,2,1,1,1,0.060,0.000,0.060,0,100,0,3641,3392,222,0,211
6.225,Custom_loss6_delay0-100_dup0_reorder6_burst0,Loopback,1,1,0,,,0.000,0,21,156,23.144,25.357,25.284,101.784,100.347,81.147,51.293,36.088,0.067,0.314,4113,296,3876,3580,564,351,35,148,130,18,30,0,3580,109,50,0,0,0,0,5.000,0,0,0,0,0,0,0,0,0,0,0,0,0,0,0,0.000,0.000,0.000,,104,104,590,0,1,5.993,181.831,7.119,182.854,0.000,0.000,98,96,2195,127,46,0,396,623,158,1,fec-parity,pending,H.264,0,1,24,7,17,2,0,0,0,0,0,0,4401,21,0,0,0,0,0,28.531,16,35,18,14,18,0,62.861,21.986,85.116,1,0,70,3,73,0,17,2,0.314,0.686,0.959,1.000,0.105,37.000,0.000,1.000,0.000,insufficient-sample,188,1793,0,0,125,1699,396,4017,63,94,0,0,4017,predicted-useful,likely-arrival,644,0.304,32,73,0,0,0,0,0,7,7,7,7,29,452,29,452,0,0,0,pacing,1,0.787,13.047,121.047,0,0,7,7,0,0,0,0,3,6,6,0,2,2,2,sent,14,29,0,1,7,3,0,0,3,6,3,6,0,0,141,3,stale-age,1,0,1,0,4,0,0,1,0,1,0,2,0,0,459,486,24,0,1,9500000,1200000,0,0,0,4404,4404,5388994,229,279677,127,157916,6,6134,0,0,0.129,0.129,0.048,0,0,0,0,0,17.759,39.862,8532.312,4800.000,227,7957,4090,1828,3867,2039,0.309,11.411,1.540,227,5882247,9144637,1.238,39.435,0.475,14.328,7957,396,102,4017,76,315,5,45,45,80,8,12,2,4,4,0,0,0,0,0,0,0,0,0,0,37,0,1,0,4,764,623,623,0,0,0,0,0,,disabled,,0,0,0,0,,1,Fixed Quality,Hybrid,85,30,9500,12000,640,360,H.264,480,270,518400,0,518400,28432,0.055,0.000,,0,0,0.000,5.477,0.000,4.806,0.651,7250,6750,6750,4,4,0,1,9500,0.880,1,17.759,0.000,0,0,0.000,0.000,0,0,0,0,0.219,0.740,0.041,1,0,0,latency-pressure-freshness-hold,0,0,0,12,31,12,16,3,26,26,0,3,async-output-pending,0,,0,0,0.000,0.000,0,,17.759,8532.312,39583.333,0.000,0,0,0,,6,0,0,0.000,1,0,0.643,0.178,0.463,0.000,0.000,0.000,0.000,0,0,1,1,1,0,0,1,1,0,0,0,1.000,0.000,0.000,30,0,0.000,0,0,0,0.000,0.000,0.000,0.000,0.000,0.000,0.000,0.000,30.786,0,0,0,0,0,0,0,0,0.000,0.000,0.000,0.000,0.000,0.000,0,0.414,25.357,98,104,590,7.012,182.772,83.354,182.772,1623.718,32,1,H.264,95.866,0,0,181.831,182.854,1.000,142.445,94.915,arrival-gap-jitter-spike,4601.986,0,1,1,1,1,6225.704,480.499,548.083,549.344,549.344,0,0,7,0,0,3,1,latency-pressure freshness,latency-over-80ms,139.452,165.837,155,1,decoded,0,0,0,0,0,0,0,0,0,0,,109.125,0.000,111.876,0.000,0.000,0.000,135.892,stale-before-upload,0.000,156,0.000,111.995,3.844,0.080,0.823,0.594,0.000,0.229,1,0,0,1,3,0.067,23.144,25.357,36.088,25.284,1.000,Jitter,0,1,0,0.000,1,2,2,1,0.060,0.000,0.060,0,100,0,4410,4119,268,0,266
7.229,Custom_loss6_delay0-100_dup0_reorder6_burst0,Loopback,1,1,0,,,0.000,0,21,182,13.711,12.558,12.597,88.869,100.177,63.521,53.739,31.861,0.072,0.321,4773,370,4521,4151,647,396,39,178,158,20,34,0,4151,125,59,0,0,0,0,5.000,0,0,0,0,0,0,0,0,0,0,0,0,0,0,0,0.000,0.000,0.000,,120,120,684,0,1,40.093,181.831,41.071,182.854,0.000,0.000,114,111,2555,145,55,0,461,722,185,1,fec-parity,pending,H.264,0,1,22,5,17,2,0,0,0,0,0,0,5119,1,0,0,0,0,0,19.265,20,39,20,14,20,0,60.111,23.612,85.116,1,0,80,6,86,0,20,3,0.339,0.661,0.930,1.000,0.130,44.000,1.000,0.000,1.000,insufficient-sample,226,2093,0,0,147,1980,461,4553,79,113,0,0,4553,predicted-useful,fec-grace,749,0.636,38,86,0,0,0,0,0,9,9,9,9,34,536,34,536,0,0,0,pacing,1,0.859,12.725,120.725,0,0,9,9,0,0,0,0,4,8,8,0,168,2,2,sent,18,37,0,1,8,5,0,0,4,8,4,8,0,0,168,2,stale-age,1,0,1,0,6,0,0,1,0,1,0,2,0,0,545,567,28,0,1,9500000,1200000,0,0,0,5139,5139,6293488,248,302423,129,160412,8,8622,0,0,0.173,0.173,0.065,0,0,0,0,0,14.999,39.862,7456.375,4800.000,263,9282,4767,2188,4515,2327,0.315,4.789,1.574,263,5118471,8229945,1.248,28.022,0.508,15.638,9282,461,118,4553,88,368,5,54,54,92,8,12,2,4,4,0,0,0,0,0,0,0,0,0,0,46,0,1,0,4,887,722,722,0,0,0,0,0,,disabled,,0,0,0,0,,1,Fixed Quality,Hybrid,85,30,9500,12000,640,360,H.264,480,270,518400,26094,518400,26094,0.050,0.000,,0,0,0.000,1.823,0.000,0.000,0.083,6750,6250,6250,5,5,0,1,9500,0.931,1,14.999,0.000,0,0,0.000,0.000,0,0,0,0,0.233,0.698,0.070,1,0,0,fixed-pacing-queue-hold,22,0,0,14,37,14,19,4,30,30,0,3,large-au-observed,0,,0,0,0.082,21.974,0,,0.000,0.000,0.000,0.000,0,0,0,,7,0,0,6.946,0,185,0.082,0.000,0.000,0.082,0.000,0.057,0.007,1,1,1,1,0,1,1,0,0,0,0,0,1.000,0.000,0.000,27,0,0.000,0,0,0,0.000,0.000,0.000,0.000,0.000,0.000,0.000,1.733,27.555,0,0,0,0,0,0,0,0,0.000,0.000,0.000,0.000,0.000,0.000,0,0.393,12.558,114,120,684,41.277,182.772,83.354,182.772,1623.718,32,1,H.264,95.866,0,0,181.831,182.854,1.000,142.445,94.915,arrival-gap-jitter-spike,5605.855,0,1,1,1,1,7229.573,480.499,548.083,549.344,549.344,0,0,8,0,0,4,1,latency-pressure freshness,latency-over-80ms,127.784,165.837,162,1,decoded,0,0,0,0,0,0,0,0,0,0,,96.647,0.000,99.541,0.000,0.000,0.000,124.434,stale-before-upload,0.001,182,0.000,103.916,4.239,0.096,0.262,0.001,0.000,0.262,1,0,0,1,3,0.072,13.711,12.558,31.861,12.597,1.000,RecoveryDeadline,0,1,0,0.000,0,1,1,1,0.060,0.000,0.060,0,100,0,5146,4787,322,0,308
8.232,Custom_loss6_delay0-100_dup0_reorder6_burst0,Loopback,1,1,0,,,0.000,0,21,206,12.728,13.940,13.929,103.068,99.981,99.112,61.301,29.820,0.072,0.340,5464,422,5175,4753,733,455,43,197,177,20,38,0,4753,138,71,0,0,0,0,5.000,0,0,0,0,0,0,0,0,0,0,0,0,0,0,0,0.000,0.000,0.000,,133,133,781,0,1,47.794,186.587,48.746,187.592,0.000,0.000,127,124,2934,158,67,0,527,825,211,1,nack-sent,pending,H.264,0,1,23,8,15,1,0,1,0,15,0,0,5859,16,0,0,0,0,0,51.163,23,43,20,14,20,0,60.111,23.612,85.116,1,0,87,6,93,0,20,5,0.348,0.652,0.935,1.000,0.200,42.000,0.000,0.000,1.000,insufficient-sample,272,2400,0,0,169,2250,527,5116,103,150,0,0,5115,predicted-useful,fec-grace,850,0.652,41,93,0,0,0,0,0,10,10,10,10,37,584,37,584,0,0,0,pacing,1,0.837,9.872,117.872,0,0,10,10,0,0,0,0,4,8,8,0,168,2,2,sent,20,45,0,1,10,5,0,0,4,8,4,8,0,0,210,4,stale-age,1,0,1,0,6,0,0,1,0,1,0,2,0,0,594,651,32,0,1,9500000,1200000,0,0,0,5893,5893,7222032,284,346791,153,190308,8,8622,0,0,0.173,0.173,0.065,0,0,0,0,0,17.484,39.862,9337.938,4800.000,300,10612,5451,2471,5161,2690,0.312,38.435,2.508,300,4421400,7078922,2.329,29.536,0.457,18.283,10612,527,131,5116,100,422,5,66,66,116,9,14,2,4,5,0,0,0,0,0,0,0,0,0,0,57,0,1,0,4,1019,825,825,0,0,0,0,0,,disabled,,0,0,0,0,,1,Fixed Quality,Hybrid,85,30,9500,12000,640,360,H.264,480,270,518400,27136,518400,27136,0.052,0.000,,0,0,0.000,2.068,0.000,0.000,0.155,7250,6500,6500,6,6,0,1,9500,1.000,0,17.483,0.000,0,0,0.000,0.000,0,0,0,0,0.247,0.688,0.065,1,0,0,disabled,23,0,0,17,43,17,22,4,34,34,0,3,large-au-observed,0,,0,0,11.692,22.851,0,,0.000,0.000,0.000,0.000,0,0,0,,8,0,0,6.116,0,212,0.154,0.000,0.000,0.154,0.000,0.054,0.008,1,1,1,1,0,1,1,0,0,0,1,0,0.860,141.362,0.000,26,0,0.000,0,0,0,0.000,0.000,0.000,0.000,0.000,0.000,0.000,1.903,10.107,0,0,0,0,0,0,0,0,0.000,0.000,0.000,0.000,0.000,0.000,0,0.320,13.940,127,133,781,48.734,187.592,83.354,187.592,7692.190,195,1,H.264,91.124,0,0,186.587,187.592,1.000,127.552,90.116,arrival-gap-jitter-spike,540.462,0,1,1,1,1,8232.652,480.499,548.083,549.344,549.344,0,0,8,0,0,4,0,,,127.784,165.837,162,1,decoded,0,0,0,0,0,0,0,0,0,0,,98.893,0.000,101.647,0.000,0.000,0.000,131.534,stale-before-upload,0.001,206,0.000,106.335,4.377,0.075,0.672,0.445,0.000,0.227,1,0,0,1,3,0.070,12.728,13.940,29.820,13.929,1.000,Jitter,1,1,0,1.000,0,1,1,1,0.060,0.000,0.060,0,100,0,5901,5475,383,0,344
9.232,Custom_loss6_delay0-100_dup0_reorder6_burst0,Loopback,1,1,0,,,0.000,0,21,238,19.683,16.869,16.841,110.619,100.517,90.685,65.499,14.040,0.071,0.340,6252,478,5924,5446,826,513,48,219,197,22,46,0,5446,157,81,0,0,0,0,5.000,0,0,0,0,0,0,0,0,0,0,0,0,0,0,0,0.000,0.000,0.000,,152,152,872,0,1,35.630,186.587,36.765,187.592,0.000,0.000,146,143,3340,179,77,0,599,938,240,1,nack-sent,pending,H.264,0,1,24,15,9,2,2,1,0,9,0,0,6692,6,0,0,0,0,0,53.790,26,48,22,16,22,0,62.727,22.750,85.116,1,0,97,8,105,0,25,5,0.351,0.649,0.924,1.000,0.167,44.000,0.000,0.000,0.000,insufficient-sample,309,2714,0,0,193,2545,599,5789,116,169,0,0,5788,predicted-useful,fec-grace,963,0.000,45,105,0,0,0,0,0,10,10,10,10,41,648,41,648,0,0,0,pacing,1,0.801,11.536,119.536,0,0,10,10,0,0,0,0,4,8,8,0,168,2,2,sent,21,49,0,1,11,5,0,0,4,8,4,8,0,0,223,4,stale-age,1,0,1,0,6,0,0,1,0,1,0,4,0,0,658,739,36,0,1,9500000,1200000,0,0,0,6737,6737,8257410,326,398465,182,226432,8,8622,0,0,0.173,0.173,0.065,0,0,0,0,0,20.328,39.862,11483.125,4800.000,342,12152,6245,2814,5907,3093,0.311,25.247,0.099,342,5747356,8949005,0.761,21.944,0.419,25.165,12152,598,150,5780,112,481,5,76,76,136,10,16,2,4,6,0,0,0,0,0,0,0,0,0,0,66,0,1,0,4,1164,938,938,0,0,0,0,0,,disabled,,0,0,0,0,,1,Fixed Quality,Hybrid,85,30,9500,12000,640,360,H.264,480,270,518400,28178,518400,28178,0.054,0.000,,0,0,0.000,2.243,0.000,0.000,0.070,7250,6750,6750,7,7,0,1,9500,1.000,0,20.328,0.000,0,0,0.000,0.000,0,0,0,0,0.248,0.676,0.076,1,0,0,disabled,24,1,1,19,50,19,25,6,39,39,1,3,decoder-sync-observed,0,,0,0,14.644,23.729,0,,0.000,0.000,0.000,0.000,0,0,0,,9,0,0,6.152,0,241,0.070,0.000,0.000,0.070,0.000,0.047,0.008,1,1,1,1,0,1,1,0,0,0,0,0,1.000,0.000,0.000,30,0,0.000,0,0,0,0.000,0.000,0.000,0.000,0.000,0.000,0.000,2.164,23.053,0,0,0,0,0,0,0,0,0.000,0.000,0.000,0.000,0.000,0.000,0,0.368,16.869,146,152,872,36.823,187.592,83.354,187.592,7692.190,195,1,H.264,91.124,0,0,186.587,187.592,1.000,127.552,90.116,arrival-gap-jitter-spike,1540.500,0,1,1,1,1,9232.690,480.499,548.083,549.344,549.344,0,0,8,0,0,4,0,,,127.784,165.837,162,1,decoded,0,0,0,0,0,0,0,0,0,0,,106.899,0.000,109.577,0.000,0.000,0.000,135.310,stale-before-upload,0.001,238,0.000,114.852,4.895,0.078,0.788,0.578,0.000,0.210,1,0,0,1,3,0.071,19.683,16.869,14.040,16.841,1.000,Loss,0,1,0,1.000,0,3,3,1,0.060,0.000,0.060,0,100,0,6746,6263,438,0,394
10.233,Custom_loss6_delay0-100_dup0_reorder6_burst0,Loopback,1,1,0,,,0.000,0,21,266,19.430,16.941,17.101,74.885,100.560,35.598,61.761,27.830,0.070,0.341,6973,523,6598,6075,919,573,52,247,222,25,47,0,6075,176,91,0,0,0,0,5.000,0,0,0,0,0,0,0,0,0,0,0,0,0,0,0,0.000,0.000,0.000,,170,170,970,0,1,21.502,186.587,22.477,187.592,0.000,0.000,163,160,3731,201,86,0,665,1046,267,1,fec-parity,pending,H.264,1,1,22,20,2,4,3,3,11,36,0,1,7454,10,7472,0,0,0,0,72.308,31,52,25,19,25,0,63.708,22.954,85.116,1,0,109,11,120,0,33,5,0.373,0.627,0.908,1.000,0.132,43.000,0.000,0.000,0.000,insufficient-sample,352,3001,0,0,214,2796,665,6351,138,205,0,0,6350,predicted-useful,likely-arrival,1075,0.682,50,120,0,0,0,0,0,10,10,10,10,46,722,46,722,0,0,0,pacing,1,0.771,12.949,120.949,0,0,10,10,0,0,0,0,4,8,8,0,168,2,2,sent,22,53,0,1,12,5,0,0,4,8,4,8,0,0,241,4,stale-age,1,0,1,0,6,0,0,1,0,1,0,4,0,0,732,824,40,0,1,9500000,1200000,0,0,0,7493,7493,9185777,371,453871,207,256950,8,8622,0,0,0.173,0.173,0.065,0,0,0,0,0,17.076,39.862,9875.688,4800.000,382,13552,6958,3128,6594,3466,0.310,20.890,4.429,382,4057983,6854119,1.852,6.537,0.481,15.631,13552,665,167,6351,127,533,5,85,85,150,10,16,2,4,6,0,0,0,0,0,0,0,0,0,0,75,0,1,0,4,1298,1046,1046,0,0,0,0,0,,disabled,,0,0,0,0,,1,Fixed Quality,Hybrid,85,30,9500,12000,640,360,H.264,480,270,518400,0,518400,26096,0.050,0.000,,0,0,0.000,4.665,0.000,3.970,0.671,6000,6250,6250,8,8,0,1,9500,0.820,1,17.076,0.000,0,0,0.000,0.000,0,0,0,0,0.258,0.650,0.092,1,0,0,latency-pressure-freshness-hold,0,0,0,21,54,21,27,6,43,43,0,3,async-output-pending,0,,0,0,0.000,0.000,0,,17.076,9875.688,43981.481,0.000,0,0,0,,10,0,0,0.000,1,0,0.661,0.193,0.466,0.000,0.000,0.000,0.000,0,0,1,1,1,0,0,1,1,0,0,0,1.000,0.000,0.000,27,0,0.000,0,0,0,0.000,0.000,0.000,0.000,0.000,0.000,0.000,0.000,9.832,0,0,0,0,0,0,0,0,0.000,0.000,0.000,0.000,0.000,0.000,0,0.405,16.941,163,170,970,22.527,187.592,83.354,187.592,7692.190,195,1,H.264,91.124,0,0,186.587,187.592,1.000,127.552,90.116,arrival-gap-jitter-spike,2540.880,0,1,1,1,1,10233.070,480.499,548.083,549.344,549.344,0,0,9,0,0,5,1,cadence-limited freshness,input-cadence-or-video-budget,146.847,165.837,253,1,H.264,0,0,0,0,0,0,0,0,0,0,,91.429,0.000,92.590,0.000,0.000,0.000,120.000,stale-before-decode,0.001,266,0.000,98.311,5.294,0.103,0.270,0.001,0.000,0.269,1,0,0,1,3,0.070,19.430,16.941,27.830,17.101,1.000,RecoveryDeadline,0,1,0,0.000,1,3,3,1,0.060,0.000,0.060,0,100,0,7503,6983,496,0,431
11.239,Custom_loss6_delay0-100_dup0_reorder6_burst0,Loopback,1,1,0,,,0.000,0,21,291,17.851,17.367,17.347,96.491,100.635,35.598,61.761,21.522,0.070,0.332,7664,576,7243,6667,1014,636,55,275,244,31,48,0,6667,195,97,0,0,0,0,5.000,0,0,0,0,0,0,0,0,0,0,0,0,0,0,0,0.000,0.000,0.000,,189,189,1065,0,1,33.504,186.587,34.498,187.592,0.000,0.000,182,179,4111,226,92,0,725,1153,293,1,fec-recovered,pending,H.264,1,1,22,18,4,6,4,3,12,41,0,1,8196,12,8212,0,0,0,0,77.450,33,55,31,25,31,0,63.873,24.565,85.116,1,0,120,14,134,0,36,5,0.375,0.625,0.896,1.000,0.122,44.000,0.000,0.000,0.000,insufficient-sample,396,3291,0,0,237,3055,725,6810,159,236,0,0,6808,predicted-useful,fec-grace,1178,0.682,56,134,0,0,0,0,0,12,12,12,12,52,817,52,817,0,0,0,pacing,1,0.840,12.099,120.099,0,0,12,12,0,0,0,0,4,8,8,0,168,2,2,sent,23,54,0,1,13,5,0,0,4,8,4,8,0,0,280,1,stale-age,1,0,1,0,6,0,0,1,0,1,0,4,0,0,829,902,44,0,1,9500000,1200000,0,0,0,8235,8235,10102155,413,505863,231,286846,8,8622,0,0,0.173,0.173,0.065,0,0,0,0,0,0.010,39.862,20386.250,1080.450,419,14878,7642,3380,7236,3856,0.307,28.200,0.168,419,4345053,6934802,1.806,6.537,0.508,24.108,14878,725,186,6810,137,583,5,91,91,159,10,16,2,4,6,0,0,0,0,0,0,0,0,0,0,81,0,1,0,4,1431,1153,1153,0,0,0,0,0,,disabled,,0,0,0,0,,1,Fixed Quality,Hybrid,85,30,9500,12000,640,360,H.264,480,270,518400,0,518400,26096,0.050,0.000,,0,0,0.000,0.007,0.000,0.000,0.003,7000,6500,6500,9,9,0,1,9500,0.968,1,4.985,0.000,0,0,0.000,0.000,0,0,0,0,0.246,0.649,0.104,1,0,0,fixed-pacing-queue-hold,0,0,0,23,58,23,29,6,47,47,2,3,async-output-pending,0,,0,0,0.000,0.000,0,,0.000,0.000,0.000,0.000,0,0,0,,11,0,0,0.000,1,0,0.000,0.000,0.000,0.000,0.000,0.000,0.000,0,0,0,0,0,0,0,0,1,1,1,1,0.860,180.000,1.500,24,0,0.000,0,0,0,0.000,0.000,0.000,0.000,0.000,0.000,0.000,0.000,7.020,0,0,0,0,0,0,0,0,0.000,0.000,0.000,0.000,0.000,0.000,0,0.407,17.367,182,189,1065,34.466,187.592,83.354,187.592,7692.190,195,1,H.264,91.124,0,0,186.587,187.592,1.000,127.552,90.116,arrival-gap-jitter-spike,3546.882,0,1,1,1,1,11239.072,480.499,548.083,549.344,549.344,0,0,9,0,0,5,0,,,146.847,165.837,253,1,H.264,0,0,0,0,0,0,0,0,0,0,,103.594,0.000,106.218,0.000,0.000,0.000,128.245,stale-before-decode,0.001,291,0.000,109.681,3.049,0.081,0.888,0.681,0.000,0.207,1,0,0,1,3,0.070,17.851,17.367,21.522,17.347,1.000,RecoveryDeadline,0,1,0,0.500,2,1,1,1,0.060,0.000,0.060,0,100,0,8246,7679,544,0,475
12.239,Custom_loss6_delay0-100_dup0_reorder6_burst0,Loopback,1,1,0,,,0.000,0,21,319,19.733,18.020,18.219,97.240,100.468,20.669,57.195,26.078,0.068,0.327,8350,609,7869,7260,1105,685,57,307,270,37,56,0,7260,216,105,0,0,0,0,5.000,0,0,0,0,0,0,0,0,0,0,0,0,0,0,0,0.000,0.000,0.000,,209,209,1157,0,1,75.866,186.587,76.755,187.592,0.000,0.000,201,198,4460,253,99,0,785,1246,320,1,nack-sent,pending,H.264,1,1,21,11,10,2,0,3,7,42,0,1,8914,1,8939,0,0,0,0,66.262,39,57,37,31,37,0,64.340,23.527,85.116,1,0,134,14,148,0,38,6,0.406,0.594,0.905,1.000,0.136,44.000,0.000,0.000,0.000,insufficient-sample,436,3536,0,0,258,3271,785,7295,178,265,0,0,7292,predicted-useful,likely-arrival,1280,0.714,60,148,0,0,0,0,0,12,12,12,12,56,877,56,877,0,0,0,pacing,1,0.827,7.725,115.725,0,0,12,12,0,0,0,0,4,8,8,0,168,2,2,sent,23,54,0,1,13,5,0,0,4,8,4,8,0,0,280,1,stale-age,1,0,1,0,6,0,0,1,0,1,0,4,0,0,889,975,48,0,1,9500000,1200000,0,0,0,8959,8959,10992852,456,558941,260,322500,8,8622,0,0,0.173,0.173,0.065,0,0,0,0,0,0.092,39.862,23750.000,1093.350,457,16193,8328,3699,7865,4166,0.308,18.925,2.551,457,4231302,7024765,2.159,2.244,0.507,14.190,16193,784,206,7285,151,626,7,98,98,170,11,18,2,4,7,0,0,0,0,0,0,0,0,0,0,87,0,1,0,4,1545,1246,1246,0,0,0,0,0,,disabled,,0,0,0,0,,1,Fixed Quality,Hybrid,85,30,9500,12000,640,360,H.264,480,270,518400,0,518400,25054,0.048,0.000,,0,0,0.000,5.142,0.000,4.353,0.768,6000,6000,6000,10,10,0,1,9500,0.820,1,6.208,0.000,0,0,3.611,0.000,3732,0,0,0,0.000,0.000,1.000,1,0,0,latency-pressure-freshness-hold,0,0,0,27,64,27,29,8,52,52,2,3,async-output-pending,0,,0,0,0.000,0.000,0,,8.000,1787.438,43981.481,0.000,0,0,0,,12,0,0,0.000,1,0,0.757,0.160,0.595,0.000,0.000,0.000,0.000,0,0,1,1,1,0,0,1,1,0,0,0,1.000,0.000,0.000,27,0,0.000,0,0,0,0.000,0.000,0.000,0.000,0.000,0.000,0.000,0.000,17.789,0,0,0,0,0,0,0,0,0.000,0.000,0.000,0.000,0.000,0.000,0,0.335,18.020,201,209,1157,76.810,187.592,83.354,187.592,7692.190,195,1,H.264,91.124,0,0,186.587,187.592,1.000,127.552,90.116,arrival-gap-jitter-spike,4546.979,0,1,1,1,1,12239.169,480.499,548.083,549.344,549.344,0,0,10,0,0,6,1,latency-pressure freshness,latency-over-80ms,167.057,167.057,307,1,H.264,0,0,0,0,0,0,0,0,0,0,,95.971,0.000,95.941,0.000,0.000,0.000,128.620,stale-before-decode,0.000,319,0.000,101.831,5.549,0.078,0.932,0.722,0.000,0.210,1,0,0,1,3,0.068,19.733,18.020,26.078,18.219,0.750,Loss,0,1,0,0.000,2,2,2,1,0.060,0.000,0.060,0,100,0,8971,8363,576,0,513
13.239,Custom_loss6_delay0-100_dup0_reorder6_burst0,Loopback,1,1,0,,,0.000,0,21,343,21.027,22.483,22.715,96.665,100.118,20.669,57.195,1.342,0.068,0.323,9018,655,8500,7845,1191,733,61,336,295,41,61,0,7845,235,112,0,0,0,0,5.000,0,0,0,0,0,0,0,0,0,0,0,0,0,0,0,0.000,0.000,0.000,,228,228,1249,0,1,47.922,186.587,48.899,187.592,0.000,0.000,220,217,4804,276,106,0,845,1339,347,1,nack-sent,pending,H.264,1,1,22,11,11,3,1,2,6,29,0,0,9638,4,0,0,0,0,0,44.451,46,61,41,35,41,0,64.518,22.634,85.116,1,0,149,12,161,0,44,7,0.430,0.570,0.925,1.000,0.137,40.000,0.250,0.750,0.500,retransmit-late,474,3807,0,0,281,3520,845,7732,193,287,0,0,7729,predicted-useful,likely-arrival,1383,0.091,67,161,0,0,0,0,0,13,13,13,13,63,983,63,983,0,0,0,pacing,1,0.814,8.222,116.222,0,0,13,13,0,0,0,0,4,8,8,0,168,2,2,sent,24,55,0,1,14,5,0,0,4,8,4,8,0,0,335,1,stale-age,1,0,1,0,6,0,0,1,0,1,0,4,0,0,996,1052,52,0,1,9500000,1200000,9,0,9,9680,9671,11875788,495,607351,281,348656,8,8622,0,0,0.173,0.173,0.065,0,0,0,0,0,0.523,39.862,802.750,3492.300,493,17495,9008,3990,8487,4497,0.307,2.449,1.352,493,4813439,8074880,1.693,2.244,0.475,10.953,17495,844,225,7721,161,676,7,105,105,182,12,19,1,5,7,0,0,0,0,0,0,0,0,0,0,93,0,1,0,4,1657,1339,1339,0,0,0,0,0,,disabled,,0,0,0,0,,1,Fixed Quality,Hybrid,85,30,9500,12000,640,360,H.264,480,270,518400,26096,518400,26096,0.050,0.000,,0,0,0.000,1.775,0.000,0.000,0.073,6750,6250,6250,11,11,0,1,9500,0.951,1,10.912,0.000,0,0,0.000,0.000,0,0,0,0,0.286,0.640,0.075,1,0,0,fixed-pacing-queue-hold,22,1,1,29,68,29,31,8,56,56,2,3,decoder-sync-observed,0,,0,0,0.125,21.976,0,,0.000,0.000,0.000,0.000,0,0,0,,13,0,0,9.374,0,348,0.073,0.000,0.000,0.072,0.000,0.050,0.006,1,1,1,1,0,1,1,0,0,0,0,0,1.000,0.000,0.000,24,0,0.000,0,0,0,0.000,0.000,0.000,0.000,0.000,0.000,0.000,1.694,13.131,0,0,0,0,0,0,0,0,0.000,0.000,0.000,0.000,0.000,0.000,0,0.373,22.483,220,228,1249,48.828,187.592,83.354,187.592,7692.190,195,1,H.264,91.124,0,0,186.587,187.592,1.000,127.552,90.116,arrival-gap-jitter-spike,5547.020,0,1,1,1,1,13239.210,480.499,548.083,549.344,549.344,0,0,10,0,0,6,0,,,167.057,167.057,307,1,H.264,0,0,0,0,0,0,0,0,0,0,,97.644,0.000,100.089,0.000,0.000,0.000,128.333,stale-before-decode,0.001,343,0.000,105.717,5.250,0.079,0.609,0.366,0.000,0.243,1,0,0,1,3,0.068,21.027,22.483,1.342,22.715,2.000,RecoveryDeadline,0,1,0,1.000,0,1,1,1,0.060,0.000,0.060,0,100,0,9684,9032,614,0,561
14.239,Custom_loss6_delay0-100_dup0_reorder6_burst0,Loopback,1,1,0,,,0.000,0,21,372,18.761,23.493,23.695,92.196,100.062,8.055,52.281,21.518,0.068,0.310,9746,715,9192,8477,1292,792,67,369,322,47,64,0,8477,258,116,0,0,0,0,5.000,0,0,0,0,0,0,0,0,0,0,0,0,0,0,0,0.000,0.000,0.000,,251,251,1346,0,1,30.643,186.587,31.785,187.592,0.000,0.000,243,240,5185,305,110,0,906,1445,373,1,nack-sent,pending,H.264,0,1,23,19,4,3,2,2,3,11,0,0,10386,10,0,0,0,0,0,76.799,48,67,47,41,47,0,64.811,21.556,85.116,1,0,163,11,174,0,46,7,0.417,0.583,0.937,1.000,0.132,45.000,0.000,1.000,0.000,duplicate-guard,520,4111,0,0,304,3787,906,8211,216,324,0,0,8208,predicted-useful,fec-grace,1493,0.739,72,174,0,0,0,0,0,14,14,14,14,68,1059,68,1059,0,0,0,pacing,1,0.837,10.119,118.119,0,0,14,14,0,0,0,0,4,8,8,0,168,2,2,sent,27,63,0,1,17,5,0,0,4,8,4,8,0,0,361,2,stale-age,1,0,1,0,6,0,0,1,0,1,0,8,0,0,1073,1132,56,0,1,9500000,1200000,0,0,0,10452,10452,12839946,536,658099,305,378560,8,8622,0,0,0.173,0.173,0.065,0,0,0,0,0,18.114,39.862,10073.000,4800.000,533,18907,9738,4317,9169,4852,0.307,9.953,1.080,533,5887989,9018056,1.460,-0.727,0.456,12.624,18907,906,248,8211,173,726,7,109,109,190,12,19,1,5,7,0,0,0,0,0,0,0,0,0,0,97,0,1,0,4,1784,1445,1445,0,0,0,0,0,,disabled,,0,0,0,0,,1,Fixed Quality,Hybrid,85,30,9500,12000,640,360,H.264,480,270,518400,27136,518400,27136,0.052,0.000,,0,0,0.000,1.918,0.000,0.000,0.086,7250,6500,6500,12,12,0,1,9500,1.000,0,18.114,0.000,0,0,0.000,0.000,0,0,0,0,0.276,0.661,0.063,1,0,0,disabled,23,1,1,31,73,31,33,9,60,60,2,3,decoder-sync-observed,0,,0,0,0.041,22.851,0,,0.000,0.000,0.000,0.000,0,0,0,,14,0,0,6.469,0,375,0.086,0.000,0.000,0.085,0.000,0.059,0.007,1,1,1,1,0,1,1,0,0,0,0,0,1.000,0.000,0.000,30,0,0.000,0,0,0,0.000,0.000,0.000,0.000,0.000,0.000,0.000,1.821,11.124,0,0,0,0,0,0,0,0,0.000,0.000,0.000,0.000,0.000,0.000,0,0.372,23.493,243,251,1346,31.685,187.592,83.354,187.592,7692.190,195,1,H.264,91.124,0,0,186.587,187.592,1.000,127.552,90.116,arrival-gap-jitter-spike,6547.518,0,1,1,1,1,14239.708,480.499,548.083,549.344,549.344,0,0,10,0,0,6,0,,,167.057,167.057,307,1,H.264,0,0,0,0,0,0,0,0,0,0,,100.345,0.000,102.940,0.000,0.000,0.000,126.098,stale-before-decode,0.001,372,0.000,106.455,3.139,0.081,0.544,0.303,0.000,0.242,1,0,0,1,3,0.069,18.761,23.493,21.518,23.695,1.000,Loss,0,1,0,0.000,1,3,3,1,0.060,0.000,0.060,0,100,0,10466,9760,658,0,596
15.244,Custom_loss6_delay0-100_dup0_reorder6_burst0,Loopback,1,1,0,,,0.000,0,21,401,18.014,19.699,19.732,86.979,100.034,97.025,56.349,2.610,0.066,0.308,10512,737,9886,9149,1392,858,75,392,345,47,67,0,9149,278,124,0,0,0,0,5.000,0,0,0,0,0,0,0,0,0,0,0,0,0,0,0,0.000,0.000,0.000,,271,271,1438,0,1,51.363,186.587,52.904,187.592,0.000,0.000,263,260,5573,325,118,0,970,1550,400,1,expired-no-slack,expired,H.264,0,1,23,22,1,4,2,3,9,20,1,0,11158,11,11176,0,0,0,0,119.705,55,75,47,41,47,0,64.811,21.556,85.116,1,0,178,13,191,0,48,10,0.423,0.577,0.932,1.000,0.172,39.000,0.000,1.000,0.500,retransmit-late,560,4426,0,0,327,4073,970,8809,233,353,0,0,8804,predicted-useful,likely-arrival,1602,0.000,79,191,0,0,0,0,0,14,14,14,14,75,1176,75,1176,0,0,0,pacing,1,0.812,10.659,118.659,0,0,14,14,0,0,0,0,4,8,8,0,168,2,2,sent,27,63,0,1,17,5,0,0,4,8,4,8,0,0,361,2,stale-age,1,0,1,0,6,0,0,1,0,1,0,8,0,0,1190,1212,60,0,1,9500000,1200000,0,0,0,11254,11254,13826354,582,714907,334,414684,8,8622,0,0,0.173,0.173,0.065,0,0,0,0,0,16.988,39.862,7909.938,4800.000,572,20364,10496,4640,9868,5228,0.307,2.302,1.443,572,5504031,8768409,1.241,88.970,0.404,16.277,20364,970,268,8809,186,777,7,117,117,206,14,25,4,5,9,0,0,0,0,0,0,0,0,0,0,103,0,1,0,4,1920,1550,1550,0,0,0,0,0,,disabled,,0,0,0,0,,1,Fixed Quality,Hybrid,85,30,9500,12000,640,360,H.264,480,270,518400,28178,518400,28178,0.054,0.000,,0,0,0.000,1.939,0.000,0.000,0.127,7250,6750,6750,13,13,0,1,9500,1.000,0,16.988,0.000,0,0,0.000,0.000,0,0,0,0,0.288,0.644,0.068,1,0,0,disabled,24,1,1,33,78,33,36,9,64,64,2,3,decoder-sync-observed,0,,0,0,0.095,23.729,0,,0.000,0.000,0.000,0.000,0,0,0,,15,0,0,4.488,0,403,0.127,0.000,0.000,0.127,0.000,0.094,0.012,1,1,1,1,0,1,1,0,0,0,1,0,0.860,64.419,0.000,26,0,0.000,0,0,0,0.000,0.000,0.000,0.000,0.000,0.000,0.000,1.801,8.948,0,0,0,0,0,0,0,0,0.000,0.000,0.000,0.000,0.000,0.000,0,0.427,19.700,263,271,1438,52.413,187.592,83.354,187.592,7692.190,195,1,H.264,91.124,0,0,186.587,187.592,1.000,127.552,90.116,arrival-gap-jitter-spike,7552.048,0,1,1,1,1,15244.238,480.499,548.083,549.344,549.344,0,0,10,0,0,6,0,,,167.057,167.057,307,1,H.264,0,0,0,0,0,0,0,0,0,0,,98.829,0.000,101.440,0.000,0.000,0.000,123.489,stale-before-decode,0.001,401,0.000,107.270,5.399,0.084,0.334,0.074,0.000,0.260,1,0,0,1,3,0.066,18.014,19.699,2.610,19.732,2.000,RecoveryDeadline,0,1,0,0.000,1,1,1,1,0.060,0.000,0.060,0,100,0,11269,10526,701,0,638
16.249,Custom_loss6_delay0-100_dup0_reorder6_burst0,Loopback,1,1,0,,,0.000,0,21,429,21.217,17.356,17.357,102.525,100.489,24.019,53.655,27.568,0.065,0.309,11300,787,10632,9845,1493,927,80,416,366,50,70,0,9845,297,133,0,0,0,0,5.000,0,0,0,0,0,0,0,0,0,0,0,0,0,0,0,0.000,0.000,0.000,,290,290,1538,0,1,18.267,186.587,19.564,187.592,0.000,0.000,282,278,5985,347,127,0,1048,1668,429,1,completed,completed,H.264,0,1,24,24,0,4,4,3,13,34,0,0,12050,15,0,0,0,0,0,99.567,64,80,50,44,50,0,64.925,22.307,85.116,1,0,195,11,206,0,54,12,0.444,0.556,0.947,1.000,0.182,29.000,0.200,0.800,0.000,duplicate-guard,587,4785,0,0,349,4423,1048,9702,238,362,0,0,9697,predicted-useful,fec-grace,1721,0.000,86,206,0,0,0,0,0,14,14,14,14,82,1300,82,1300,0,0,0,pacing,1,0.816,10.416,118.416,0,0,14,14,0,0,0,0,4,8,8,0,168,2,2,sent,28,65,0,1,18,5,0,0,4,8,4,8,0,0,416,2,stale-age,1,0,1,0,6,0,0,1,0,1,0,8,0,0,1314,1302,64,0,1,9500000,1200000,0,0,0,12079,12079,14837144,627,770311,360,447068,8,8622,0,0,0.173,0.173,0.065,0,0,0,0,0,20.286,39.862,11551.625,4800.000,615,21921,11293,5022,10628,5606,0.308,10.159,1.066,615,4395343,7581689,2.233,56.575,0.436,13.554,21921,1048,287,9702,199,842,7,126,126,222,15,26,1,6,9,0,0,0,0,0,0,0,0,0,0,111,0,1,0,4,2064,1668,1668,0,0,0,0,0,,disabled,,0,0,0,0,,1,Fixed Quality,Hybrid,85,30,9500,12000,640,360,H.264,480,270,518400,0,518400,28176,0.054,0.000,,0,0,0.000,5.209,0.000,4.523,0.659,7250,6750,6750,13,13,0,1,9500,1.000,0,20.286,0.000,0,0,0.000,0.000,0,0,0,0,0.311,0.636,0.053,1,0,0,disabled,0,0,0,35,85,35,39,11,68,68,1,3,async-output-pending,0,,0,0,0.000,0.000,0,,20.286,11551.625,45673.077,0.000,0,0,0,,16,0,0,0.000,1,0,0.647,0.166,0.480,0.000,0.000,0.000,0.000,0,0,1,1,1,0,0,1,1,0,1,0,0.860,56.362,0.000,26,0,0.000,0,0,0,0.000,0.000,0.000,0.000,0.000,0.000,0.000,0.000,22.922,0,0,0,0,0,0,0,0,0.000,0.000,0.000,0.000,0.000,0.000,0,0.392,17.356,282,290,1538,19.360,187.592,83.354,187.592,7692.190,195,1,H.264,91.124,0,0,186.587,187.592,1.000,127.552,90.116,arrival-gap-jitter-spike,8556.916,0,1,1,1,1,16249.106,480.499,548.083,549.344,549.344,0,0,10,0,0,6,0,,,167.057,167.057,307,1,H.264,0,0,0,0,0,0,0,0,0,0,,108.050,0.000,110.925,4.740,0.000,111.706,131.262,stale-before-decode,0.001,428,0.000,117.350,4.928,0.078,0.420,0.132,0.000,0.288,1,0,0,1,3,0.065,21.217,17.356,27.568,17.357,1.000,Loss,0,1,0,0.000,0,1,1,1,0.060,0.000,0.060,0,100,0,12095,11316,753,0,694
17.252,Custom_loss6_delay0-100_dup0_reorder6_burst0,Loopback,1,1,0,,,0.000,0,21,456,21.614,21.557,21.503,85.846,100.546,74.359,55.247,39.932,0.064,0.305,12072,832,11359,10527,1585,988,83,440,387,53,74,0,10527,317,139,0,0,0,0,5.000,0,0,0,0,0,0,0,0,0,0,0,0,0,0,0,0.000,0.000,0.000,,310,310,1634,0,1,5.105,186.587,6.333,187.592,0.000,0.000,302,299,6369,370,133,0,1121,1772,457,1,nack-sent,pending,H.264,0,1,24,23,1,5,4,2,9,14,0,0,12867,7,0,0,0,0,0,78.369,71,83,53,47,53,0,65.618,22.482,85.116,1,0,208,12,220,0,59,12,0.461,0.539,0.945,1.000,0.169,33.000,0.000,1.000,0.000,stable,621,5153,0,0,372,4774,1121,10521,249,379,0,0,10516,predicted-useful,likely-arrival,1836,0.042,92,220,0,0,0,0,0,15,15,15,15,88,1408,88,1408,0,0,0,pacing,1,0.849,10.845,118.845,0,0,15,15,0,0,0,0,4,8,8,0,168,2,2,sent,30,67,0,1,20,5,0,0,4,8,4,8,0,0,446,1,stale-age,1,0,1,0,6,0,0,1,0,1,0,8,0,0,1423,1390,68,0,1,9500000,1200000,0,0,0,12903,12903,15846692,671,824473,388,481318,8,8622,0,0,0.173,0.173,0.065,0,0,0,0,0,13.450,39.862,3307.188,4800.000,657,23425,12066,5344,11359,6015,0.307,19.648,0.000,657,4867683,8038396,0.845,55.328,0.428,11.665,23425,1121,307,10521,211,903,7,132,132,233,15,26,1,6,9,0,0,0,0,0,0,0,0,0,0,117,0,1,0,4,2198,1772,1772,0,0,0,0,0,,disabled,,0,0,0,0,,1,Fixed Quality,Hybrid,85,30,9500,12000,640,360,H.264,480,270,518400,28178,518400,28178,0.054,0.000,,0,0,0.000,1.997,0.000,0.000,0.076,7250,6750,6750,13,13,0,1,9500,1.000,0,13.450,0.000,0,0,0.000,0.000,0,0,0,0,0.323,0.623,0.055,1,0,0,disabled,24,1,1,37,90,37,42,11,72,72,1,3,decoder-sync-observed,0,,0,0,13.208,23.729,0,,0.000,0.000,0.000,0.000,0,0,0,,17,0,0,6.002,0,459,0.075,0.000,0.000,0.075,0.000,0.053,0.008,1,1,1,1,0,1,1,0,0,0,1,0,0.860,98.189,0.000,26,0,0.000,0,0,0,0.000,0.000,0.000,0.000,0.000,0.000,0.000,1.891,9.879,0,0,0,0,0,0,0,0,0.000,0.000,0.000,0.000,0.000,0.000,0,0.367,21.557,302,310,1634,6.081,187.592,83.354,187.592,7692.190,195,1,H.264,91.124,0,0,186.587,187.592,1.000,127.552,90.116,arrival-gap-jitter-spike,9559.738,0,1,1,1,1,17251.928,480.499,548.083,549.344,549.344,0,0,10,0,0,6,0,,,167.057,167.057,307,1,H.264,0,0,0,0,0,0,0,0,0,0,,99.916,0.000,102.656,0.000,0.000,0.000,127.923,stale-before-decode,0.000,456,0.000,107.435,4.405,0.073,0.314,0.065,0.000,0.248,1,0,0,1,3,0.064,21.614,21.557,39.932,21.503,1.000,RecoveryDeadline,0,1,0,0.000,1,2,2,1,0.060,0.000,0.060,0,100,0,12920,12089,803,0,737
18.259,Custom_loss6_delay0-100_dup0_reorder6_burst0,Loopback,1,1,0,,,0.000,0,21,483,19.602,15.560,15.539,105.947,100.719,99.684,58.421,16.671,0.066,0.301,12816,899,12072,11173,1669,1036,91,466,413,53,76,0,11173,336,145,0,0,0,0,5.000,0,0,0,0,0,0,0,0,0,0,0,0,0,0,0,0.000,0.000,0.000,,329,329,1728,0,1,32.901,186.587,34.345,187.592,0.000,0.000,321,318,6739,389,139,0,1194,1871,486,1,fec-recovered,pending,H.264,1,1,24,12,12,2,2,1,3,17,0,0,13700,14,0,0,0,0,0,34.985,78,91,53,47,53,0,65.618,22.482,85.116,1,0,223,12,235,0,61,14,0.462,0.538,0.949,1.000,0.187,31.000,0.400,0.600,0.000,duplicate-guard,646,5460,0,0,393,5073,1194,11336,253,387,0,0,11331,predicted-useful,fec-grace,1953,0.625,99,235,0,0,0,0,0,15,15,15,15,95,1531,95,1531,0,0,0,pacing,1,0.808,10.686,118.686,0,0,15,15,0,0,0,0,4,8,8,0,168,2,2,sent,31,69,0,1,21,5,0,0,4,8,4,8,0,0,473,2,stale-age,1,0,1,0,6,0,0,1,0,1,0,8,0,0,1546,1479,72,0,1,9500000,1200000,0,0,0,13698,13698,16820736,716,879879,414,513080,8,8622,0,0,0.173,0.173,0.065,0,0,0,0,0,26.550,39.862,19357.062,4800.000,698,24882,12814,5682,12068,6386,0.307,14.143,1.258,698,8212834,11895330,0.888,49.327,0.417,12.850,24882,1194,326,11336,227,960,7,138,138,244,17,30,2,6,11,0,0,0,0,0,0,0,0,0,0,121,0,1,0,4,2331,1871,1871,0,0,0,0,0,,disabled,,0,0,0,0,,1,Fixed Quality,Hybrid,85,30,9500,12000,640,360,H.264,480,270,518400,0,518400,28176,0.054,0.000,,0,0,0.000,7.495,0.000,6.681,0.772,7250,6750,6750,13,13,0,1,9500,1.000,0,26.550,0.000,0,0,0.000,0.000,0,0,0,0,0.332,0.617,0.051,1,0,0,disabled,0,0,0,39,97,39,45,13,77,77,1,3,async-output-pending,0,,0,0,0.000,0.000,0,,26.550,19357.062,45673.077,0.000,0,0,0,,18,0,0,0.000,1,0,0.757,0.229,0.527,0.000,0.000,0.000,0.000,0,0,1,1,1,0,0,1,1,0,1,0,0.860,92.862,0.000,26,0,0.000,0,0,0,0.000,0.000,0.000,0.000,0.000,0.000,0.000,0.000,11.149,0,0,0,0,0,0,0,0,0.000,0.000,0.000,0.000,0.000,0.000,0,0.545,15.560,321,329,1728,34.275,187.592,83.354,187.592,7692.190,195,1,H.264,91.124,0,0,186.587,187.592,1.000,127.552,90.116,arrival-gap-jitter-spike,10567.456,0,1,1,1,1,18259.646,480.499,548.083,549.344,549.344,0,0,10,0,0,6,0,,,167.057,167.057,307,1,H.264,0,0,0,0,0,0,0,0,0,0,,106.082,0.000,109.016,0.000,0.000,0.000,132.974,stale-before-decode,0.001,483,0.000,116.095,6.512,0.094,0.375,0.012,0.000,0.363,1,0,0,1,3,0.066,19.602,15.560,16.671,15.539,1.000,Loss,0,1,0,0.500,2,1,1,1,0.060,0.000,0.060,0,100,0,13716,12835,857,0,776
19.262,Custom_loss6_delay0-100_dup0_reorder6_burst0,Loopback,1,1,0,,,0.000,0,21,512,25.688,25.342,25.411,117.799,100.902,98.285,61.079,2.879,0.065,0.294,13639,955,12845,11890,1777,1103,94,499,441,58,81,0,11890,360,150,0,0,0,0,5.000,0,0,0,0,0,0,0,0,0,0,0,0,0,0,0,0.000,0.000,0.000,,353,353,1823,0,1,42.266,186.587,43.709,187.592,0.000,0.000,345,342,7146,418,144,0,1272,1988,515,1,fec-parity,pending,H.264,1,1,24,2,22,1,0,0,0,0,0,0,14575,7,0,0,0,0,0,3.117,81,94,58,52,58,0,66.488,23.279,92.637,1,0,234,12,246,0,65,15,0.463,0.537,0.951,1.000,0.188,25.000,0.000,1.000,0.000,stable,677,5828,0,0,417,5429,1272,12197,260,399,0,0,12192,predicted-useful,fec-grace,2080,0.292,104,246,0,0,0,0,0,16,16,16,16,100,1614,100,1614,0,0,0,pacing,1,0.805,8.817,116.817,0,0,16,16,0,0,0,0,4,8,8,0,168,2,2,sent,31,69,0,1,21,5,0,0,4,8,4,8,0,0,473,2,stale-age,1,0,1,0,6,0,0,1,0,1,0,8,0,0,1630,1573,76,0,1,9500000,1200000,0,0,0,14579,14579,17900044,757,930307,440,544840,8,8622,0,0,0.173,0.173,0.065,0,0,0,0,0,18.311,39.862,9006.000,4800.000,741,26478,13636,5998,12842,6844,0.305,4.432,0.658,741,10171755,13328994,1.145,39.182,0.485,11.339,26478,1272,350,12197,238,1027,7,143,143,256,18,32,2,6,12,0,0,0,0,0,0,0,0,0,0,125,0,1,0,4,2472,1988,1988,0,0,0,0,0,,disabled,,0,0,0,0,,1,Fixed Quality,Hybrid,85,30,9500,12000,640,360,H.264,480,270,518400,28178,518400,28178,0.054,0.000,,0,0,0.000,1.959,0.000,0.000,0.090,7250,6750,6750,13,13,0,1,9500,1.000,0,18.311,0.000,0,0,0.000,0.000,0,0,0,0,0.329,0.622,0.049,1,0,0,disabled,24,1,1,41,101,41,47,13,81,81,1,3,decoder-sync-observed,0,,0,0,11.698,23.729,0,,0.000,0.000,0.000,0.000,0,0,0,,19,0,0,3.018,0,515,0.090,0.000,0.000,0.089,0.000,0.065,0.008,1,1,1,1,0,1,1,0,0,0,1,0,0.860,140.532,0.000,26,0,0.000,0,0,0,0.000,0.000,0.000,0.000,0.000,0.000,0.000,1.840,7.182,0,0,0,0,0,0,0,0,0.000,0.000,0.000,0.000,0.000,0.000,0,0.413,25.343,345,353,1823,43.557,187.592,83.354,187.592,7692.190,195,1,H.264,91.124,0,0,186.587,187.592,1.000,127.552,90.116,arrival-gap-jitter-spike,11569.905,0,1,1,1,1,19262.095,480.499,548.083,549.344,549.344,0,0,10,0,0,6,0,,,167.057,167.057,307,1,H.264,0,0,0,0,0,0,0,0,0,0,,107.929,0.000,110.792,0.000,0.000,0.000,138.899,stale-before-decode,0.001,512,0.000,115.438,4.226,0.087,0.227,0.001,0.000,0.226,1,0,0,1,3,0.065,25.688,25.342,2.879,25.411,1.000,RecoveryDeadline,0,1,0,0.000,1,1,1,1,0.060,0.000,0.060,0,100,0,14598,13659,895,0,829
20.268,Custom_loss6_delay0-100_dup0_reorder6_burst0,Loopback,1,1,0,,,0.000,0,21,539,21.500,21.395,21.394,102.630,100.885,50.824,60.438,31.016,0.064,0.291,14434,991,13577,12586,1883,1163,100,535,472,63,85,0,12586,381,156,0,0,0,0,5.000,0,0,0,0,0,0,0,0,0,0,0,0,0,0,0,0.000,0.000,0.000,,374,374,1924,0,1,76.474,186.587,77.527,187.592,0.000,0.000,366,363,7550,444,150,0,1346,2100,540,1,fec-recovered,pending,H.264,0,1,24,21,3,5,4,3,9,32,0,1,15354,22,15392,0,0,0,0,84.202,86,100,63,57,63,0,67.142,23.999,92.637,1,0,250,16,266,0,68,16,0.462,0.538,0.940,1.000,0.190,28.000,0.000,1.000,1.000,insufficient-sample,706,6182,0,0,439,5773,1346,13020,267,409,0,0,13015,predicted-useful,fec-grace,2199,0.458,112,266,0,1,0,0,0,16,16,16,16,109,1767,109,1767,0,0,0,pacing,1,0.820,9.314,117.314,0,0,16,16,0,0,0,0,4,8,8,0,168,2,2,sent,32,73,0,1,22,5,0,0,4,8,4,8,0,0,515,4,stale-age,1,0,1,0,6,0,0,1,0,1,0,10,0,0,1784,1658,80,0,1,9500000,1200000,0,0,0,15409,15409,18917054,807,991933,466,577232,8,8622,0,0,0.173,0.173,0.065,0,0,0,0,0,14.527,39.862,2105.062,1199.550,784,27987,14415,6404,13572,7168,0.308,41.701,0.000,784,5122733,7819009,1.141,21.853,0.520,20.307,27987,1346,371,13020,253,1086,7,149,149,271,19,34,2,6,13,0,0,0,0,0,0,0,0,0,0,130,0,1,0,4,2618,2100,2100,0,0,0,0,0,,disabled,,0,0,0,0,,1,Fixed Quality,Hybrid,85,30,9500,12000,640,360,H.264,480,270,518400,0,518400,28178,0.054,0.000,,0,0,0.000,4.871,0.000,4.140,0.689,7250,6750,6750,13,13,0,1,9500,1.000,0,18.810,0.000,0,0,0.000,0.000,0,0,0,0,0.323,0.617,0.060,1,0,0,disabled,0,0,0,44,109,44,49,16,86,86,2,3,async-output-pending,0,,0,0,0.000,0.000,0,,0.000,0.000,0.000,0.000,0,0,0,,20,0,0,0.000,1,0,0.680,0.184,0.494,0.000,0.000,0.000,0.000,0,0,1,1,1,0,0,1,1,0,1,0,0.860,103.241,0.000,26,0,0.000,0,0,0,0.000,0.000,0.000,0.000,0.000,0.000,0.000,0.000,31.083,0,0,0,0,0,0,0,0,0.000,0.000,0.000,0.000,0.000,0.000,0,0.336,21.395,366,374,1924,77.611,187.592,83.354,187.592,7692.190,195,1,H.264,91.124,0,0,186.587,187.592,1.000,127.552,90.116,arrival-gap-jitter-spike,12576.131,0,1,1,1,1,20268.321,480.499,548.083,549.344,549.344,0,0,10,0,0,6,0,,,167.057,167.057,307,1,H.264,0,0,0,0,0,0,0,0,0,0,,99.909,0.000,102.819,0.000,0.000,0.000,131.315,stale-before-decode,0.000,539,0.000,109.005,5.845,0.075,0.706,0.356,0.000,0.349,1,0,0,1,3,0.064,21.500,21.395,31.016,21.394,1.000,RecoveryDeadline,0,1,0,1.000,3,3,3,1,0.060,0.000,0.060,0,100,0,15429,14459,933,0,881
21.275,Custom_loss6_delay0-100_dup0_reorder6_burst0,Loopback,1,1,0,,,0.000,0,21,567,25.002,21.612,21.600,124.111,101.280,14.746,57.750,28.498,0.064,0.286,15226,1037,14312,13275,1983,1228,107,563,493,70,85,0,13275,404,162,0,0,0,0,5.000,0,0,0,0,0,0,0,0,0,0,0,0,0,0,0,0.000,0.000,0.000,,396,396,2017,0,1,67.198,186.587,68.495,187.592,0.000,0.000,388,384,7954,474,155,0,1418,2211,569,1,nack-suppressed-fec-grace,pending,H.264,0,1,24,6,18,1,0,0,0,0,0,0,16236,9,0,0,0,0,0,37.011,91,107,70,64,70,0,66.574,22.843,92.637,1,0,269,14,283,0,71,18,0.460,0.540,0.951,1.000,0.202,32.000,0.250,0.750,0.500,retransmit-late,745,6483,0,0,461,6047,1418,13711,284,436,0,0,13706,predicted-useful,fec-grace,2318,0.000,119,283,0,1,0,0,0,17,17,17,17,115,1864,115,1864,0,0,0,pacing,1,0.806,5.246,113.246,0,0,17,17,0,0,0,0,5,9,9,0,557,1,1,sent,34,78,0,1,23,5,0,0,5,9,5,9,0,0,558,4,stale-age,1,0,1,0,6,0,0,1,0,1,0,12,0,0,1882,1744,84,0,1,9500000,1200000,3,0,3,16266,16263,19963324,854,1049825,495,612732,9,9866,0,0,0.024,0.173,0.061,0,0,0,0,0,7.210,39.862,52.188,4800.000,827,29516,15219,6692,14297,7605,0.305,9.702,1.880,827,4710419,8038000,2.956,10.267,0.451,23.784,29516,1418,394,13711,271,1140,7,154,154,278,20,35,1,7,13,0,0,0,0,0,0,0,0,0,0,134,0,1,0,4,2753,2211,2211,0,0,0,0,0,,disabled,,0,0,0,0,,1,Fixed Quality,Hybrid,85,30,9500,12000,640,360,H.264,480,270,518400,28178,518400,28178,0.054,0.000,,0,0,0.000,2.571,0.000,0.000,0.079,7250,6750,6750,13,13,0,1,9500,1.000,0,7.504,0.000,0,0,0.000,0.000,0,0,0,0,0.322,0.629,0.049,1,0,0,disabled,24,1,1,48,116,48,52,16,92,92,1,4,decoder-sync-observed,0,,0,0,12.242,23.729,0,,0.000,0.000,0.000,0.000,0,0,0,,21,0,0,5.357,0,570,0.079,0.000,0.000,0.078,0.000,0.053,0.007,1,1,1,1,0,1,1,0,0,0,1,0,0.860,109.052,0.000,26,0,0.000,0,0,0,0.000,0.000,0.000,0.000,0.000,0.000,0.000,2.451,10.277,0,0,0,0,0,0,0,0,0.000,0.000,0.000,0.000,0.000,0.000,0,0.384,21.612,388,396,2017,68.548,187.592,83.354,187.592,7692.190,195,1,H.264,91.124,0,0,186.587,187.592,1.000,127.552,90.116,arrival-gap-jitter-spike,13583.201,0,1,1,1,1,21275.391,480.499,548.083,549.344,549.344,0,0,10,0,0,6,0,,,167.057,167.057,307,1,H.264,0,0,0,0,0,0,0,0,0,0,,111.473,0.000,114.416,4.110,0.000,132.890,142.055,stale-before-decode,0.001,565,0.000,117.702,6.386,0.094,0.508,0.041,0.000,0.467,1,0,0,1,3,0.064,25.002,21.612,28.498,21.600,1.000,RecoveryDeadline,0,1,0,0.500,2,1,1,1,0.060,0.000,0.060,0,100,0,16284,15253,981,0,926
22.283,Custom_loss6_delay0-100_dup0_reorder6_burst0,Loopback,1,1,0,,,0.000,0,21,593,13.645,19.155,19.192,100.372,101.441,27.321,56.060,40.297,0.064,0.292,16008,1087,15054,13967,2086,1297,108,584,510,74,97,0,13967,420,173,0,0,0,0,5.000,0,0,0,0,0,0,0,0,0,0,0,0,0,0,0,0.000,0.000,0.000,,412,412,2117,0,1,112.100,186.587,113.582,187.592,0.000,0.000,404,401,8364,494,166,0,1492,2329,596,1,fec-recovered,pending,H.264,0,1,24,19,5,3,3,1,4,12,0,0,17047,1,0,0,0,0,0,49.258,94,108,74,68,74,0,66.297,23.401,92.637,1,0,277,14,291,0,78,18,0.465,0.535,0.952,1.000,0.188,31.000,0.000,0.000,0.000,insufficient-sample,783,6822,0,0,484,6362,1492,14515,299,460,0,0,14510,predicted-useful,fec-grace,2432,0.333,122,291,0,1,0,0,0,17,17,17,17,117,1898,117,1898,0,0,0,pacing,1,0.818,5.644,113.644,0,0,17,17,0,0,0,0,6,11,11,0,571,2,2,sent,36,84,0,1,24,5,0,0,6,11,6,11,0,0,585,4,stale-age,1,0,1,0,6,0,0,1,0,1,0,12,0,0,1916,1839,88,1,1,9500000,1200000,0,0,0,17084,17084,20969162,892,1096523,522,645738,11,12354,0,0,0.111,0.173,0.063,0,0,0,0,0,14.863,39.862,5090.812,4800.000,870,31054,16000,7074,15054,7980,0.307,8.057,0.747,870,6309869,9126406,1.307,10.729,0.466,8.089,31054,1492,410,14515,283,1202,7,165,165,298,20,35,1,7,13,0,0,0,0,0,0,0,0,0,0,145,0,1,0,4,2898,2329,2329,0,0,0,0,0,,disabled,,0,0,0,0,,1,Fixed Quality,Hybrid,85,30,9500,12000,640,360,H.264,480,270,518400,0,518400,28178,0.054,0.000,,0,0,0.000,7.566,0.000,6.783,0.714,7250,6750,6750,13,13,0,1,9500,1.000,0,14.863,0.000,0,0,0.000,0.000,0,0,0,0,0.323,0.629,0.048,1,0,0,disabled,0,0,0,51,119,51,52,16,95,95,0,4,async-output-pending,0,,0,0,0.000,0.000,0,,0.000,0.000,0.000,0.000,0,0,0,,22,0,0,0.000,1,0,0.704,0.211,0.491,0.000,0.000,0.000,0.000,0,0,1,1,1,0,0,1,1,0,0,0,1.000,0.000,0.000,30,0,0.000,0,0,0,0.000,0.000,0.000,0.000,0.000,0.000,0.000,0.000,24.218,0,0,0,0,0,0,0,0,0.000,0.000,0.000,0.000,0.000,0.000,0,0.363,19.155,404,412,2117,113.576,187.592,83.354,187.592,7692.190,195,1,H.264,91.124,0,0,186.587,187.592,1.000,127.552,90.116,arrival-gap-jitter-spike,14590.849,0,1,1,1,1,22283.039,480.499,548.083,549.344,549.344,0,0,10,0,0,6,0,,,167.057,167.057,307,1,H.264,0,0,0,0,0,0,0,0,0,0,,105.988,0.000,109.014,0.000,0.000,0.000,135.186,stale-before-decode,0.000,593,0.000,113.165,3.779,0.079,0.317,0.048,0.000,0.269,1,0,0,1,3,0.064,13.645,19.155,40.297,19.192,2.000,RecoveryDeadline,0,1,0,1.000,1,1,1,1,0.060,0.000,0.060,0,100,0,17106,16037,1029,0,987
23.284,Custom_loss6_delay0-100_dup0_reorder6_burst0,Loopback,1,1,0,,,0.000,0,21,623,18.792,20.656,20.837,87.833,101.463,40.497,55.241,44.469,0.063,0.292,16829,1126,15812,14686,2186,1356,108,621,542,79,101,0,14686,441,182,0,0,0,0,5.000,0,0,0,0,0,0,0,0,0,0,0,0,0,0,0,0.000,0.000,0.000,,432,432,2207,0,1,7.673,186.587,8.745,187.592,0.000,0.000,424,421,8759,520,174,0,1574,2435,624,1,fec-recovered,pending,H.264,0,1,24,18,6,3,2,2,11,32,0,0,17910,14,0,0,0,0,0,77.510,98,108,79,73,79,0,65.465,24.127,92.637,1,0,286,15,301,0,82,18,0.476,0.524,0.950,1.000,0.180,28.000,0.000,0.000,0.000,insufficient-sample,816,7163,0,0,506,6686,1574,15379,310,477,0,0,15374,predicted-useful,fec-grace,2560,0.708,126,301,0,1,0,0,0,17,17,17,17,121,1966,121,1966,0,0,0,pacing,1,0.821,8.998,116.998,0,0,17,17,0,0,0,0,6,11,11,0,571,2,2,sent,40,94,0,3,26,5,0,0,6,11,6,11,0,0,614,4,stale-age,1,0,1,0,8,0,0,1,0,1,0,12,0,0,1984,1941,91,0,1,9500000,1200000,10,0,10,17964,17954,22035360,932,1145709,548,678130,11,12354,0,0,0.111,0.173,0.063,0,0,0,0,0,0.902,39.862,158.438,4800.000,915,32633,16821,7434,15812,8378,0.306,7.666,1.570,915,5814921,9114099,0.776,11.218,0.428,10.622,32633,1574,431,15379,301,1266,7,173,173,310,21,37,2,7,14,0,0,0,0,0,0,0,0,0,0,152,0,1,0,4,3034,2435,2435,0,0,0,0,0,,disabled,,0,0,0,0,,1,Fixed Quality,Hybrid,85,30,9500,12000,640,360,H.264,480,270,518400,28176,518400,28176,0.054,0.000,,0,0,0.000,2.708,0.000,0.000,0.102,7250,6750,6750,13,13,0,1,9500,1.000,0,15.019,0.000,0,0,0.000,0.000,0,0,0,0,0.326,0.625,0.050,1,0,0,disabled,24,1,1,55,128,55,55,18,102,102,1,4,decoder-sync-observed,0,,0,0,17.402,23.727,0,,0.000,0.000,0.000,0.000,0,0,0,,23,0,0,11.952,0,626,0.101,0.000,0.000,0.080,0.000,0.053,0.008,1,1,1,1,0,1,1,0,0,0,0,0,1.000,0.000,0.000,30,0,0.000,0,0,0,0.000,0.000,0.000,0.000,0.000,0.000,0.000,2.561,16.755,0,0,0,0,0,0,0,0,0.000,0.000,0.000,0.000,0.000,0.000,0,0.347,20.656,424,432,2207,8.720,187.592,83.354,187.592,7692.190,195,1,H.264,91.124,0,0,186.587,187.592,1.000,127.552,90.116,arrival-gap-jitter-spike,15591.751,0,1,1,1,1,23283.941,480.499,548.083,549.344,549.344,0,0,10,0,0,6,0,,,167.057,167.057,307,1,H.264,0,0,0,0,0,0,0,0,0,0,,100.939,0.000,103.920,0.000,0.000,0.000,128.916,stale-before-decode,0.001,623,0.000,107.662,3.387,0.075,0.661,0.411,0.000,0.250,1,0,0,1,3,0.063,18.792,20.656,44.469,20.837,1.000,RecoveryDeadline,0,1,0,1.000,0,1,1,1,0.060,0.000,0.060,0,100,0,17977,16853,1077,0,1042
24.292,Custom_loss6_delay0-100_dup0_reorder6_burst0,Loopback,1,1,0,,,0.000,0,21,651,24.905,24.051,24.021,85.386,101.643,35.862,54.272,22.658,0.063,0.286,17649,1178,16589,15411,2282,1413,111,655,571,84,103,0,15411,465,186,0,0,0,0,5.000,0,0,0,0,0,0,0,0,0,0,0,0,0,0,0,0.000,0.000,0.000,,456,456,2297,0,1,15.742,186.587,17.495,187.592,0.000,0.000,448,445,9177,549,178,0,1651,2555,653,1,nack-sent,pending,H.264,0,1,24,17,7,5,3,2,5,21,0,0,18800,19,0,0,0,0,0,64.709,103,111,84,78,84,0,65.940,23.425,92.637,1,0,299,15,314,0,91,18,0.481,0.519,0.952,1.000,0.165,32.000,0.000,1.000,0.000,stable,852,7481,0,0,529,6988,1651,16165,323,493,0,0,16160,predicted-useful,fec-grace,2685,0.167,131,314,0,1,0,0,0,17,17,17,17,126,2051,126,2051,0,0,0,pacing,1,0.836,5.279,113.279,0,0,17,17,0,0,0,0,6,11,11,0,571,2,2,sent,43,103,0,4,28,5,0,0,6,11,6,11,0,0,642,4,stale-age,1,0,1,0,8,0,0,1,0,1,0,14,0,0,2069,2035,95,0,1,9500000,1200000,0,0,0,18817,18817,23092274,975,1198627,574,709900,11,12354,0,0,0.111,0.173,0.063,0,0,0,0,0,16.686,39.862,8016.812,4800.000,958,34231,17642,7760,16589,8829,0.305,3.940,1.155,958,4573950,7624127,0.894,8.048,0.480,17.025,34231,1650,455,16158,316,1327,7,177,177,315,21,37,2,7,14,0,0,0,0,0,0,0,0,0,0,156,0,1,0,4,3178,2555,2555,0,0,0,0,0,,disabled,,0,0,0,0,,1,Fixed Quality,Hybrid,85,30,9500,12000,640,360,H.264,480,270,518400,0,518400,28178,0.054,0.000,,0,0,0.000,8.254,0.000,7.367,0.816,7250,6750,6750,13,13,0,1,9500,1.000,0,16.686,0.000,0,0,0.000,0.000,0,0,0,0,0.328,0.624,0.048,1,0,0,disabled,0,0,0,59,132,59,55,18,106,106,0,4,async-output-pending,0,,0,0,0.000,0.000,0,,0.000,0.000,0.000,0.000,0,0,0,,24,0,0,0.000,1,0,0.801,0.218,0.581,0.000,0.000,0.000,0.000,0,0,1,1,1,0,0,1,1,0,1,0,0.860,100.818,0.000,26,0,0.000,0,0,0,0.000,0.000,0.000,0.000,0.000,0.000,0.000,0.000,27.840,0,0,0,0,0,0,0,0,0.000,0.000,0.000,0.000,0.000,0.000,0,0.549,24.052,448,456,2297,17.142,187.592,83.354,187.592,7692.190,195,1,H.264,91.124,0,0,186.587,187.592,1.000,127.552,90.116,arrival-gap-jitter-spike,16599.791,0,1,1,1,1,24291.981,480.499,548.083,549.344,549.344,0,0,10,0,0,6,0,,,167.057,167.057,307,1,H.264,0,0,0,0,0,0,0,0,0,0,,102.240,0.000,105.514,0.000,0.000,0.000,122.693,stale-before-decode,0.001,651,0.000,110.717,4.648,0.101,0.407,0.001,0.000,0.406,1,0,0,1,3,0.063,24.905,24.051,22.658,24.021,1.000,RecoveryDeadline,0,1,0,3.000,1,3,3,1,0.060,0.000,0.060,0,100,0,18841,17684,1123,0,1084
25.294,Custom_loss6_delay0-100_dup0_reorder6_burst0,Loopback,1,1,0,,,0.000,0,21,679,21.922,23.283,23.424,113.940,101.955,44.985,53.830,17.219,0.062,0.288,18443,1227,17330,16103,2379,1478,117,677,591,86,107,0,16103,485,196,0,0,0,0,5.000,0,0,0,0,0,0,0,0,0,0,0,0,0,0,0,0.000,0.000,0.000,,474,474,2395,0,1,27.331,225.427,28.397,226.569,0.000,0.000,466,463,9577,571,186,0,1726,2670,681,1,nack-sent,pending,H.264,0,1,24,15,9,0,0,2,3,21,0,0,19646,12,0,0,0,0,0,55.783,107,117,86,80,86,0,66.033,23.435,92.637,1,0,311,15,326,0,97,18,0.478,0.522,0.954,1.000,0.157,32.000,0.000,1.000,0.000,stable,877,7773,0,0,549,7270,1726,17065,328,503,0,0,17060,predicted-useful,fec-grace,2807,0.375,135,326,0,1,0,0,0,17,17,17,17,130,2115,130,2115,0,0,0,pacing,1,0.807,8.996,116.996,0,0,17,17,0,0,0,0,6,11,11,0,571,2,2,sent,43,103,0,4,28,5,0,0,6,11,6,11,0,0,642,4,stale-age,1,0,1,0,8,0,0,1,0,1,0,14,0,0,2133,2130,99,0,1,9500000,1200000,0,0,0,19669,19669,24136078,1017,1250301,600,742292,11,12354,0,0,0.111,0.173,0.063,0,0,0,0,0,15.001,39.862,5328.312,4800.000,1002,35770,18440,8165,17330,9165,0.307,39.137,0.000,1002,5639128,8669930,0.788,8.263,0.454,15.048,35770,1726,475,17065,337,1382,7,185,185,329,22,39,2,7,15,0,0,0,0,0,0,0,0,0,0,163,0,1,0,4,3323,2670,2670,0,0,0,0,0,,disabled,,0,0,0,0,,1,Fixed Quality,Hybrid,85,30,9500,12000,640,360,H.264,480,270,518400,28178,518400,28178,0.054,0.000,,0,0,0.000,1.894,0.000,0.000,0.082,7250,6750,6750,13,13,0,1,9500,1.000,0,15.001,0.000,0,0,0.000,0.000,0,0,0,0,0.328,0.626,0.046,1,0,0,disabled,24,0,0,62,141,62,59,20,113,113,0,4,large-au-observed,0,,0,0,17.165,23.729,0,,0.000,0.000,0.000,0.000,0,0,0,,25,0,0,8.671,0,682,0.081,0.000,0.000,0.081,0.000,0.055,0.009,1,1,1,1,0,1,1,0,0,0,1,0,0.860,145.339,0.000,26,0,0.000,0,0,0,0.000,0.000,0.000,0.000,0.000,0.000,0.000,1.805,27.217,0,0,0,0,0,0,0,0,0.000,0.000,0.000,0.000,0.000,0.000,0,0.432,23.283,466,474,2395,28.360,226.505,83.354,226.505,25239.166,678,1,H.264,124.581,0,0,225.427,226.569,1.000,157.991,123.497,arrival-gap-jitter-spike,54.683,0,1,1,1,1,25293.849,480.499,548.083,549.344,549.344,0,0,10,0,0,6,0,,,167.057,167.057,307,1,H.264,0,0,0,0,0,0,0,0,0,0,,110.263,0.000,113.560,0.000,0.000,0.000,136.970,stale-before-decode,0.001,679,0.000,119.424,5.413,0.088,0.259,0.001,0.000,0.258,1,0,0,1,3,0.062,21.922,23.283,17.219,23.424,1.000,Jitter,1,1,0,0.000,1,2,2,1,0.060,0.000,0.060,0,100,0,19694,18473,1181,0,1133
26.297,Custom_loss6_delay0-100_dup0_reorder6_burst0,Loopback,1,1,0,,,0.000,0,21,705,17.034,18.758,18.800,96.231,101.995,98.575,55.863,28.445,0.063,0.288,19188,1300,18045,16745,2471,1529,123,709,615,94,110,0,16745,503,203,0,0,0,0,5.000,0,0,0,0,0,0,0,0,0,0,0,0,0,0,0,0.000,0.000,0.000,,492,492,2488,0,1,28.857,225.427,30.260,226.569,0.000,0.000,484,481,9961,597,193,0,1798,2773,708,1,nack-sent,pending,H.264,0,1,24,11,13,4,1,1,0,13,0,0,20441,7,0,0,0,0,0,52.984,111,123,94,88,94,0,64.953,25.219,92.637,1,0,329,17,346,0,102,18,0.474,0.526,0.951,1.000,0.150,40.000,0.500,0.500,0.000,duplicate-guard,906,8085,0,0,570,7568,1798,17809,336,517,0,0,17804,predicted-useful,fec-grace,2920,0.917,144,346,0,1,0,0,0,17,17,17,17,138,2262,138,2262,0,0,0,pacing,1,0.853,9.865,117.865,0,0,17,17,0,0,0,0,7,13,13,0,684,2,2,sent,45,109,0,4,29,5,0,0,7,13,7,13,0,0,685,4,stale-age,1,0,1,0,8,0,0,1,0,1,0,15,0,0,2280,2216,103,0,1,9500000,1200000,0,0,0,20469,20469,25116346,1067,1311927,626,774684,13,14842,0,0,0.054,0.173,0.059,0,0,0,0,0,0.031,39.862,4932.875,3556.000,1044,37227,19182,8494,18045,9551,0.307,5.070,2.036,1044,5103310,8273038,0.846,17.328,0.501,13.373,37227,1797,493,17796,355,1435,7,192,192,344,22,39,2,7,15,0,0,0,0,0,0,0,0,0,0,170,0,1,0,4,3460,2773,2773,0,0,0,0,0,,disabled,,0,0,0,0,,1,Fixed Quality,Hybrid,85,30,9500,12000,640,360,H.264,480,270,518400,28178,518400,28178,0.054,0.000,,0,0,0.000,2.601,0.000,0.000,0.084,7250,6750,6750,13,13,0,1,9500,1.000,0,7.273,0.000,0,0,1.057,0.000,1244,0,0,0,0.000,0.000,1.000,1,0,0,disabled,24,0,0,66,150,66,64,20,119,119,0,4,large-au-observed,0,,0,0,14.654,23.729,0,,0.000,0.000,0.000,0.000,0,0,0,,26,0,0,9.620,0,709,0.084,0.000,0.000,0.083,0.000,0.057,0.010,1,1,1,1,0,1,1,0,0,0,1,0,0.860,179.995,0.000,26,0,0.000,0,0,0,0.000,0.000,0.000,0.000,0.000,0.000,0.000,2.508,24.057,0,0,0,0,0,0,0,0,0.000,0.000,0.000,0.000,0.000,0.000,0,0.442,18.758,484,492,2488,29.854,226.505,83.354,226.505,25239.166,678,1,H.264,124.581,0,0,225.427,226.569,1.000,157.991,123.497,arrival-gap-jitter-spike,1058.012,0,1,1,1,1,26297.178,480.499,548.083,549.344,549.344,0,0,10,0,0,6,0,,,167.057,167.057,307,1,H.264,0,0,0,0,0,0,0,0,0,0,,102.978,0.000,105.942,0.000,0.000,0.000,128.115,stale-before-decode,0.001,705,0.000,111.827,5.423,0.078,0.290,0.001,0.000,0.290,1,0,0,1,3,0.063,17.034,18.758,28.445,18.800,1.000,Jitter,1,1,0,1.000,2,2,2,1,0.060,0.000,0.060,0,100,0,20495,19218,1237,0,1183
27.303,Custom_loss6_delay0-100_dup0_reorder6_burst0,Loopback,1,1,0,,,0.000,0,21,733,25.826,26.772,26.798,108.290,102.031,83.216,57.053,5.591,0.063,0.283,19981,1346,18791,17445,2586,1591,129,752,648,104,114,0,17445,526,208,0,0,0,0,5.000,0,0,0,0,0,0,0,0,0,0,0,0,0,0,0,0.000,0.000,0.000,,515,515,2585,0,1,31.799,225.427,33.130,226.569,0.000,0.000,507,504,10374,630,198,0,1866,2894,734,1,nack-sent,pending,H.264,0,1,24,21,3,5,4,3,6,21,0,0,21243,3,0,0,0,0,0,100.040,117,129,104,98,104,0,65.457,26.019,92.637,1,0,351,19,370,0,114,18,0.476,0.524,0.949,1.000,0.136,45.000,0.143,0.857,0.000,duplicate-guard,944,8367,0,0,588,7817,1866,18516,356,550,0,0,18511,predicted-useful,likely-arrival,3035,0.708,152,370,0,1,0,0,0,17,17,17,17,146,2385,146,2385,0,0,0,pacing,1,0.764,13.912,121.912,0,0,17,17,0,0,0,0,7,13,13,0,684,2,2,sent,48,117,0,4,32,5,0,0,7,13,7,13,0,0,721,1,stale-age,1,0,1,0,8,0,0,1,0,1,0,15,0,0,2403,2297,106,0,1,9500000,1200000,0,0,0,21303,21303,26138332,1121,1378529,653,807690,13,14842,0,0,0.054,0.173,0.059,0,0,0,0,0,28.465,39.862,6092.688,4800.000,1085,38735,19958,8835,18777,9942,0.307,15.645,1.982,1085,4786343,8058805,1.490,10.791,0.491,15.954,38735,1865,516,18513,379,1479,7,197,197,351,23,40,1,8,15,0,0,0,0,0,0,0,0,0,0,174,0,1,0,4,3596,2894,2894,0,0,0,0,0,,disabled,,0,0,0,0,,1,Fixed Quality,Hybrid,85,30,9500,12000,640,360,H.264,480,270,518400,0,518400,28176,0.054,0.000,,0,0,0.000,7.091,0.000,6.186,0.861,7250,6750,6750,13,13,0,1,9500,1.000,0,28.465,0.000,0,0,0.000,0.000,0,0,0,0,0.316,0.632,0.051,1,0,0,disabled,0,0,0,70,161,70,68,23,127,127,0,4,async-output-pending,0,,0,0,0.000,0.000,0,,28.014,14065.062,45673.077,0.000,0,0,0,,27,0,0,0.000,1,0,0.846,0.199,0.644,0.000,0.000,0.000,0.000,0,0,1,1,1,0,0,1,1,0,1,0,0.860,143.091,0.000,26,0,0.000,0,0,0,0.000,0.000,0.000,0.000,0.000,0.000,0.000,0.000,30.602,0,0,0,0,0,0,0,0,0.000,0.000,0.000,0.000,0.000,0.000,0,0.411,26.772,507,515,2585,33.112,226.505,83.354,226.505,25239.166,678,1,H.264,124.581,0,0,225.427,226.569,1.000,157.991,123.497,arrival-gap-jitter-spike,2064.137,0,1,1,1,1,27303.303,480.499,548.083,549.344,549.344,0,0,10,0,0,6,0,,,167.057,167.057,307,1,H.264,0,0,0,0,0,0,0,0,0,0,,105.043,0.000,108.023,0.000,0.000,0.000,134.145,stale-before-decode,0.001,733,0.000,113.996,5.552,0.088,0.518,0.077,0.000,0.440,1,0,0,1,3,0.063,25.826,26.772,5.591,26.798,1.000,Loss,0,1,0,0.000,0,1,1,1,0.060,0.000,0.060,0,100,0,21330,20013,1284,0,1229
28.305,Custom_loss6_delay0-100_dup0_reorder6_burst0,Loopback,1,1,0,,,0.000,0,21,761,21.252,18.152,18.223,108.384,102.200,14.485,55.279,27.250,0.063,0.283,20751,1400,19518,18118,2688,1656,136,779,673,106,117,0,18119,546,215,0,0,0,0,5.000,0,0,0,0,0,0,0,0,0,0,0,0,0,0,0,0.000,0.000,0.000,,534,534,2671,0,1,73.248,225.427,74.304,226.569,0.000,0.000,526,523,10748,652,204,0,1928,3003,765,1,fec-parity,pending,H.264,0,1,24,1,23,1,0,0,0,0,0,0,22131,5,0,0,0,0,0,0.353,120,136,106,100,106,0,65.781,26.052,92.637,1,0,363,22,385,0,117,18,0.469,0.531,0.943,1.000,0.133,43.000,0.333,0.667,0.000,insufficient-sample,976,8637,0,0,610,8072,1928,19098,365,561,1,4,19095,predicted-useful,fec-grace,3143,0.208,159,385,0,1,0,0,0,17,17,17,17,152,2485,152,2485,0,0,0,pacing,1,0.792,5.510,113.510,0,0,17,17,0,0,0,0,8,14,14,0,754,1,1,sent,53,129,0,5,35,5,0,0,8,14,8,14,0,0,754,1,selected-repair,1,0,1,0,8,0,0,1,0,1,0,16,0,0,2503,2377,110,0,1,9500000,1200000,0,0,0,22128,22128,27149126,1166,1433935,678,838838,14,16086,0,0,0.071,0.173,0.060,0,0,0,0,0,17.246,39.862,8140.312,4800.000,1127,40267,20749,9145,19518,10373,0.306,31.193,0.151,1127,6122729,9691182,1.062,-5.114,0.496,13.996,40267,1928,536,19098,397,1524,7,203,203,364,23,40,1,8,15,0,0,0,0,0,0,0,0,0,0,180,0,1,0,4,3730,3003,3003,0,0,0,0,0,,disabled,,0,0,0,0,,1,Fixed Quality,Hybrid,85,30,9500,12000,640,360,H.264,480,270,518400,28178,518400,28178,0.054,0.000,,0,0,0.000,2.342,0.000,0.000,0.095,7250,6750,6750,13,13,0,1,9500,1.000,0,17.246,0.000,0,0,0.000,0.000,0,0,0,0,0.312,0.631,0.057,1,0,0,disabled,24,0,0,74,170,74,73,23,133,133,0,4,large-au-observed,0,,0,0,17.170,23.729,0,,0.000,0.000,0.000,0.000,0,0,0,,28,0,0,9.816,0,765,0.094,0.000,0.000,0.094,0.000,0.064,0.010,1,1,1,1,0,1,1,0,0,0,0,0,1.000,0.000,0.000,30,0,0.000,0,0,0,0.000,0.000,0.000,0.000,0.000,0.000,0.000,2.236,20.125,0,0,0,0,0,0,0,0,0.000,0.000,0.000,0.000,0.000,0.000,0,0.470,18.152,526,534,2671,74.236,226.505,83.354,226.505,25239.166,678,1,H.264,124.581,0,0,225.427,226.569,1.000,157.991,123.497,arrival-gap-jitter-spike,3065.493,0,1,1,1,1,28304.659,480.499,548.083,549.344,549.344,0,0,10,0,0,6,0,,,167.057,167.057,307,1,H.264,0,0,0,0,0,0,0,0,0,0,,103.528,0.000,106.550,0.000,0.000,0.000,134.192,stale-before-decode,0.001,761,0.000,112.655,5.625,0.081,0.247,0.001,0.000,0.247,1,0,0,1,3,0.063,21.252,18.152,27.250,18.223,1.000,Loss,0,1,0,1.000,3,3,3,1,0.060,0.000,0.060,0,100,0,22156,20783,1323,0,1283
29.310,Custom_loss6_delay0-100_dup0_reorder6_burst0,Loopback,1,1,0,,,0.000,0,21,790,20.919,20.934,20.912,96.293,102.164,64.020,55.629,27.478,0.063,0.281,21538,1456,20260,18804,2788,1714,142,812,700,112,120,0,18804,567,222,0,0,0,0,5.000,0,0,0,0,0,0,0,0,0,0,0,0,0,0,0,0.000,0.000,0.000,,555,555,2760,0,1,19.354,225.427,20.327,226.569,0.000,0.000,547,544,11126,679,211,0,1998,3102,792,1,nack-suppressed-fec-grace,pending,H.264,0,1,24,7,17,2,0,0,0,0,0,0,22943,14,0,0,0,0,0,48.261,129,142,112,106,112,0,65.615,26.714,92.637,1,0,384,23,407,0,127,19,0.476,0.524,0.943,1.000,0.130,44.000,0.556,0.444,0.000,duplicate-guard,1008,8906,0,0,630,8322,1998,19788,377,580,1,4,19785,predicted-useful,fec-grace,3259,0.792,167,407,0,1,0,0,0,17,17,17,17,160,2621,160,2621,0,0,0,pacing,1,0.814,11.490,119.490,0,0,17,17,0,0,0,0,8,14,14,0,754,1,1,sent,54,133,0,5,36,5,0,0,8,14,8,14,0,0,784,4,stale-age,1,0,1,0,8,0,0,1,0,1,0,16,0,0,2639,2460,114,0,1,9500000,1200000,17,0,17,22990,22973,28184798,1218,1498047,705,871834,14,16086,0,0,0.071,0.173,0.060,0,0,0,0,0,1.006,39.862,458.938,4800.000,1170,41771,21527,9485,20244,10759,0.306,42.107,0.000,1170,5404552,8989877,1.254,49.535,0.509,20.307,41771,1997,557,19782,418,1572,7,210,210,377,24,42,2,8,16,0,0,0,0,0,0,0,0,0,0,186,0,1,0,4,3858,3102,3102,0,0,0,0,0,,disabled,,0,0,0,0,,1,Fixed Quality,Hybrid,85,30,9500,12000,640,360,H.264,480,270,518400,28178,518400,28178,0.054,0.000,,0,0,0.000,1.954,0.000,0.000,0.069,7250,6750,6750,13,13,0,1,9500,1.000,0,20.847,0.000,0,0,0.000,0.000,0,0,0,0,0.317,0.627,0.057,1,0,0,disabled,24,0,0,78,179,78,77,24,140,140,0,4,large-au-observed,0,,0,0,24.623,23.729,0,,0.000,0.000,0.000,0.000,0,0,0,,29,0,0,3.704,0,794,0.069,0.000,0.000,0.069,0.000,0.045,0.008,1,1,1,1,0,1,1,0,0,0,0,0,1.000,0.000,0.000,30,0,0.000,0,0,0,0.000,0.000,0.000,0.000,0.000,0.000,0.000,1.876,7.878,0,0,0,0,0,0,0,0,0.000,0.000,0.000,0.000,0.000,0.000,0,0.357,20.933,547,555,2760,20.410,226.505,83.354,226.505,25239.166,678,1,H.264,124.581,0,0,225.427,226.569,1.000,157.991,123.497,arrival-gap-jitter-spike,4071.138,0,1,1,1,1,29310.304,480.499,548.083,549.344,549.344,0,0,10,0,0,6,0,,,167.057,167.057,307,1,H.264,0,0,0,0,0,0,0,0,0,0,,101.409,0.000,104.297,0.000,0.000,0.000,128.147,stale-before-decode,0.001,790,0.000,110.622,5.955,0.079,0.676,0.400,0.000,0.276,1,0,0,1,3,0.063,20.919,20.934,27.478,20.912,1.000,Loss,0,1,0,0.000,1,1,1,1,0.060,0.000,0.060,0,100,0,23002,21578,1379,0,1329
30.318,Custom_loss6_delay0-100_dup0_reorder6_burst0,Loopback,1,1,0,,,0.000,0,21,819,22.117,22.119,22.139,96.188,102.306,41.102,55.070,18.249,0.063,0.281,22362,1512,21026,19514,2884,1780,145,835,717,118,124,0,19514,588,230,0,0,0,0,5.000,0,0,0,0,0,0,0,0,0,0,0,0,0,0,0,0.000,0.000,0.000,,576,576,2853,0,1,25.679,225.427,26.965,226.569,0.000,0.000,568,565,11552,706,219,0,2075,3218,821,1,fec-parity,pending,H.264,0,1,24,12,12,4,1,1,0,12,0,0,23821,6,0,0,0,0,0,57.646,133,145,118,112,118,0,64.652,26.235,92.637,1,0,397,26,423,0,131,20,0.478,0.522,0.939,1.000,0.132,42.000,0.000,1.000,0.000,insufficient-sample,1051,9253,0,0,653,8641,2075,20513,397,608,1,4,20508,predicted-useful,fec-grace,3385,0.500,174,423,0,1,0,0,0,17,17,17,17,166,2717,166,2717,0,0,0,pacing,1,0.785,8.056,116.056,0,0,17,17,0,0,0,0,9,16,16,0,812,2,2,sent,55,135,0,5,36,5,0,0,9,16,9,16,0,0,812,2,selected-repair,1,0,1,0,8,0,0,1,0,1,0,16,0,0,2735,2556,118,0,1,9500000,1200000,0,0,0,23846,23846,29254152,1264,1554697,731,903596,16,18574,0,0,0.042,0.173,0.057,0,0,0,0,0,14.437,39.862,2285.562,4800.000,1215,43364,22358,9826,21006,11180,0.305,18.047,0.476,1215,6894646,10502926,0.520,35.044,0.434,20.565,43364,2075,578,20513,436,1632,7,218,218,393,25,43,1,9,16,0,0,0,0,0,0,0,0,0,0,193,0,1,0,4,4006,3218,3218,0,0,0,0,0,,disabled,,0,0,0,0,,1,Fixed Quality,Hybrid,85,30,9500,12000,640,360,H.264,480,270,518400,0,518400,28178,0.054,0.000,,0,0,0.000,8.852,0.000,8.047,0.770,7250,6750,6750,13,13,0,1,9500,1.000,0,14.437,0.000,0,0,0.000,0.000,0,0,0,0,0.314,0.624,0.061,1,0,0,disabled,0,0,0,82,185,82,79,24,146,146,0,4,async-output-pending,0,,0,0,0.000,0.000,0,,14.437,2285.562,39583.333,0.000,0,0,0,,30,0,0,0.000,1,0,0.758,0.210,0.546,0.000,0.000,0.000,0.000,0,0,1,1,1,0,0,1,1,0,0,0,1.000,0.000,0.000,30,0,0.000,0,0,0,0.000,0.000,0.000,0.000,0.000,0.000,0.000,0.000,24.267,0,0,0,0,0,0,0,0,0.000,0.000,0.000,0.000,0.000,0.000,0,0.462,22.119,568,576,2853,27.277,226.505,83.354,226.505,25239.166,678,1,H.264,124.581,0,0,225.427,226.569,1.000,157.991,123.497,arrival-gap-jitter-spike,5079.138,0,1,1,1,1,30318.304,480.499,548.083,549.344,549.344,0,0,10,0,0,6,0,,,167.057,167.057,307,1,H.264,0,0,0,0,0,0,0,0,0,0,,105.600,0.000,108.528,0.000,0.000,0.000,128.094,stale-before-decode,0.001,819,0.000,115.549,6.551,0.097,0.388,0.027,0.000,0.361,1,0,0,1,3,0.063,22.117,22.119,18.249,22.139,1.000,RecoveryDeadline,0,1,0,0.000,3,2,2,1,0.060,0.000,0.060,0,100,0,23876,22407,1435,0,1386
31.324,Custom_loss6_delay0-100_dup0_reorder6_burst0,Loopback,1,1,0,,,0.000,0,21,848,16.571,16.612,16.601,98.968,102.469,24.449,53.936,25.224,0.063,0.281,23125,1545,21731,20186,2983,1840,158,855,735,120,130,0,20186,608,238,0,0,0,0,5.000,0,0,0,0,0,0,0,0,0,0,0,0,0,0,0,0.000,0.000,0.000,,595,595,2943,0,1,33.989,225.427,35.124,226.569,0.000,0.000,587,583,11923,728,226,0,2139,3323,850,1,fec-parity,pending,H.264,0,1,24,5,19,2,0,0,0,0,0,0,24656,13,0,0,0,0,0,28.155,135,158,120,114,120,0,64.879,26.491,92.637,1,0,414,25,439,0,132,20,0.461,0.539,0.943,1.000,0.132,44.000,0.000,1.000,0.000,duplicate-guard,1081,9514,0,0,671,8883,2139,21184,409,627,1,4,21179,predicted-useful,fec-grace,3492,0.000,180,439,0,1,0,0,0,17,17,17,17,172,2815,172,2815,0,0,0,pacing,1,0.815,11.275,119.275,0,0,17,17,0,0,0,0,9,16,16,0,812,2,2,sent,57,143,0,5,38,5,0,0,9,16,9,16,0,0,841,4,stale-age,1,0,1,0,8,0,0,1,0,1,0,16,0,0,2833,2637,122,0,1,9500000,1200000,14,0,14,24672,24657,30248104,1310,1611347,756,934744,16,18574,0,0,0.042,0.173,0.057,0,0,0,0,0,0.719,39.862,4663.000,4800.000,1256,44848,23119,10197,21729,11532,0.306,18.322,0.149,1256,5922392,9373960,1.365,24.705,0.458,13.103,44848,2139,598,21184,460,1672,7,225,225,407,27,48,3,9,18,0,0,0,0,0,0,0,0,0,0,198,0,1,0,4,4134,3323,3323,0,0,0,0,0,,disabled,,0,0,0,0,,1,Fixed Quality,Hybrid,85,30,9500,12000,640,360,H.264,480,270,518400,28176,518400,28176,0.054,0.000,,0,0,0.000,2.207,0.000,0.000,0.172,7250,6750,6750,13,13,0,1,9500,1.000,0,17.049,0.000,0,0,0.000,0.000,0,0,0,0,0.308,0.636,0.057,1,0,0,disabled,24,0,0,86,196,86,85,25,154,154,0,4,large-au-observed,0,,0,0,18.822,23.727,0,,0.000,0.000,0.000,0.000,0,0,0,,31,0,0,6.896,0,851,0.172,0.000,0.000,0.171,0.000,0.147,0.006,1,1,1,1,0,1,1,0,0,0,1,0,0.860,71.438,0.000,26,0,0.000,0,0,0,0.000,0.000,0.000,0.000,0.000,0.000,0.000,2.026,10.812,0,0,0,0,0,0,0,0,0.000,0.000,0.000,0.000,0.000,0.000,0,0.390,16.612,587,595,2943,35.104,226.505,83.354,226.505,25239.166,678,1,H.264,124.581,0,0,225.427,226.569,1.000,157.991,123.497,arrival-gap-jitter-spike,6084.626,0,1,1,1,1,31323.792,480.499,548.083,549.344,549.344,0,0,10,0,0,6,0,,,167.057,167.057,307,1,H.264,0,0,0,0,0,0,0,0,0,0,,105.346,0.000,108.387,4.241,0.000,107.478,129.484,stale-before-decode,0.001,847,0.000,115.442,5.260,0.083,0.512,0.273,0.000,0.239,1,0,0,1,3,0.063,16.571,16.612,25.224,16.601,1.000,RecoveryDeadline,0,1,0,0.667,3,2,2,1,0.060,0.000,0.060,0,100,0,24689,23160,1484,0,1430
32.330,Custom_loss6_delay0-100_dup0_reorder6_burst0,Loopback,1,1,0,,,0.000,0,21,875,24.313,24.302,24.315,105.477,102.552,24.449,53.936,7.827,0.062,0.275,23930,1591,22489,20898,3087,1901,168,887,760,127,131,0,20898,633,240,0,0,0,0,5.000,0,0,0,0,0,0,0,0,0,0,0,0,0,0,0,0.000,0.000,0.000,,620,620,3035,0,1,47.889,225.427,48.958,226.569,0.000,0.000,612,609,12331,760,228,0,2209,3440,876,1,retransmit-duplicate,pending,H.264,0,1,24,22,2,6,3,3,9,29,0,1,25476,0,25476,0,25476,0,1,104.367,139,168,127,121,127,0,65.798,26.382,92.637,1,0,435,27,462,0,139,20,0.453,0.547,0.942,1.000,0.126,45.000,0.000,1.000,0.000,duplicate-guard,1114,9798,0,0,692,9148,2209,21819,421,646,1,4,21814,predicted-useful,fec-grace,3607,0.500,189,462,0,1,0,0,0,17,17,17,17,181,2962,181,2962,0,0,0,pacing,1,0.843,8.850,116.850,0,0,17,17,0,0,0,0,9,16,16,0,812,2,2,sent,61,151,0,6,41,5,0,0,9,16,9,16,0,0,870,2,stale-age,1,0,1,0,9,0,0,1,0,1,0,16,0,0,2980,2718,126,0,1,9500000,1200000,0,0,0,25505,25505,31286932,1363,1676705,782,967136,16,18574,0,0,0.042,0.173,0.057,0,0,0,0,0,19.850,39.862,11358.438,4800.000,1300,46416,23927,10520,22489,11969,0.305,3.758,0.258,1300,6617480,9574771,0.948,24.705,0.430,10.083,46416,2209,623,21819,481,1721,7,227,227,409,27,48,3,9,18,0,0,0,0,0,0,0,0,0,0,200,0,1,0,4,4274,3440,3440,0,0,0,0,0,,disabled,,0,0,0,0,,1,Fixed Quality,Hybrid,85,30,9500,12000,640,360,H.264,480,270,518400,0,518400,28178,0.054,0.000,,0,0,0.000,0.064,0.000,0.000,0.056,7250,6750,6750,13,13,0,1,9500,1.000,0,19.850,0.000,0,0,0.000,0.000,0,0,0,0,0.000,1.000,0.000,1,0,0,disabled,0,0,0,90,204,90,89,25,161,161,0,4,async-output-pending,0,,0,0,0.000,0.000,0,,0.000,0.000,0.000,0.000,0,0,0,,32,0,0,0.000,1,0,0.000,0.000,0.000,0.000,0.000,0.000,0.000,0,0,0,0,0,0,0,0,1,1,1,1,1.000,180.000,1.500,30,0,0.000,0,0,0,0.000,0.000,0.000,0.000,0.000,0.000,0.000,0.000,7.001,0,0,0,0,0,0,0,0,0.000,0.000,0.000,0.000,0.000,0.000,0,0.418,24.302,612,620,3035,49.039,226.505,83.354,226.505,25239.166,678,1,H.264,124.581,0,0,225.427,226.569,1.000,157.991,123.497,arrival-gap-jitter-spike,7090.757,0,1,1,1,1,32329.923,480.499,548.083,549.344,549.344,0,0,10,0,0,6,0,,,167.057,167.057,307,1,H.264,0,0,0,0,0,0,0,0,0,0,,104.979,0.000,107.776,0.000,0.000,0.000,132.738,stale-before-decode,0.000,875,0.000,113.758,5.555,0.076,0.528,0.216,0.000,0.312,1,0,0,1,3,0.062,24.313,24.302,7.827,24.315,1.000,Loss,0,1,0,0.000,0,1,1,1,0.060,0.000,0.060,0,100,0,25537,23971,1531,0,1479
33.340,Custom_loss6_delay0-100_dup0_reorder6_burst0,Loopback,1,1,0,,,0.000,0,21,903,19.282,19.275,19.214,103.859,102.614,90.635,55.247,12.943,0.063,0.277,24746,1666,23282,21616,3188,1962,175,912,781,131,139,0,21616,651,250,0,0,0,0,5.000,0,0,0,0,0,0,0,0,0,0,0,0,0,0,0,0.000,0.000,0.000,,638,638,3129,0,1,36.900,225.427,38.919,226.569,0.000,0.000,630,627,12726,782,238,0,2280,3546,906,1,fec-parity,pending,H.264,0,1,24,11,13,3,0,0,0,0,0,0,26379,15,0,0,0,0,0,35.634,142,175,131,125,131,0,66.191,26.379,92.637,1,0,449,29,478,0,144,20,0.448,0.552,0.939,1.000,0.122,45.000,0.250,0.750,0.000,duplicate-guard,1151,10091,0,0,714,9420,2280,22509,436,667,1,4,22503,predicted-useful,fec-grace,3721,0.375,195,478,0,1,0,0,0,17,17,17,17,187,3060,187,3060,0,0,0,pacing,1,0.811,12.601,120.601,0,0,17,17,0,0,0,0,9,16,16,0,812,2,2,sent,63,158,0,6,43,5,0,0,9,16,9,16,0,0,901,3,stale-age,1,0,1,0,9,0,0,1,0,1,0,16,0,0,3078,2808,130,0,1,9500000,1200000,3,0,3,26391,26388,32368702,1409,1733355,808,998898,16,18574,0,0,0.042,0.173,0.057,0,0,0,0,0,6.896,39.862,165.000,4800.000,1345,48024,24742,10912,23282,12370,0.306,7.458,1.227,1345,8599514,12002504,1.038,33.001,0.483,16.089,48024,2280,641,22509,499,1774,7,237,237,430,28,50,2,9,19,0,0,0,0,0,0,0,0,0,0,209,0,1,0,4,4413,3546,3546,0,0,0,0,0,,disabled,,0,0,0,0,,1,Fixed Quality,Hybrid,85,30,9500,12000,640,360,H.264,480,270,518400,28178,518400,28178,0.054,0.000,,0,0,0.000,2.626,0.000,0.000,0.136,7250,6750,6750,13,13,0,1,9500,1.000,0,6.896,0.000,0,0,0.000,0.000,0,0,0,0,0.297,0.642,0.061,1,0,0,disabled,24,0,0,94,212,94,91,27,167,167,0,4,large-au-observed,0,,0,0,12.373,23.729,0,,0.000,0.000,0.000,0.000,0,0,0,,33,0,0,11.714,0,907,0.135,0.000,0.000,0.134,0.000,0.091,0.014,1,1,1,1,0,1,1,0,0,0,0,0,1.000,0.000,0.000,30,0,0.000,0,0,0,0.000,0.000,0.000,0.000,0.000,0.000,0.000,2.469,17.368,0,0,0,0,0,0,0,0,0.000,0.000,0.000,0.000,0.000,0.000,0,0.463,19.275,630,638,3129,38.567,226.505,83.354,226.505,25239.166,678,1,H.264,124.581,0,0,225.427,226.569,1.000,157.991,123.497,arrival-gap-jitter-spike,8101.297,0,1,1,1,1,33340.463,480.499,548.083,549.344,549.344,0,0,10,0,0,6,0,,,167.057,167.057,307,1,H.264,0,0,0,0,0,0,0,0,0,0,,106.016,0.000,109.107,0.000,0.000,0.000,131.929,stale-before-decode,0.001,903,0.000,115.797,6.199,0.099,0.458,0.025,0.000,0.433,1,0,0,1,3,0.063,19.282,19.275,12.943,19.214,1.000,RecoveryDeadline,0,1,0,0.400,5,2,2,1,0.060,0.000,0.060,0,100,0,26421,24788,1587,0,1536
34.344,Custom_loss6_delay0-100_dup0_reorder6_burst0,Loopback,1,1,0,,,0.000,0,21,931,17.165,15.289,13.472,108.045,102.567,38.837,54.681,9.925,0.063,0.282,25449,1706,23935,22229,3276,2014,177,933,801,132,152,0,22229,668,262,0,0,0,0,5.000,0,0,0,0,0,0,0,0,0,0,0,0,0,0,0,0.000,0.000,0.000,,654,654,3227,0,1,47.397,225.427,48.333,226.569,0.000,0.000,646,642,13096,800,249,0,2343,3650,932,1,fec-recovered,pending,H.264,0,1,22,21,1,3,2,2,9,16,1,0,27078,2,27104,0,0,0,0,85.746,145,177,132,126,132,0,66.061,26.406,92.637,1,0,455,32,487,0,145,20,0.450,0.550,0.934,1.000,0.121,41.000,0.000,1.000,0.000,insufficient-sample,1185,10383,0,0,736,9693,2343,23051,448,686,1,4,23043,predicted-useful,fec-grace,3826,0.773,200,487,0,1,0,0,0,19,19,19,19,192,3139,192,3139,0,0,0,pacing,1,0.795,10.614,118.614,0,0,18,18,1,1,0,0,9,16,16,0,812,2,2,sent,64,160,0,6,44,5,0,0,9,16,9,16,0,0,926,2,stale-age,1,0,1,0,9,0,0,1,0,1,0,16,0,0,3159,2891,134,0,1,9500000,1200000,0,0,0,27128,27128,33278215,1446,1779127,832,1028802,16,18574,0,0,0.042,0.173,0.057,0,0,0,0,0,0.026,39.862,11108.312,3556.000,1383,49375,25442,11192,23933,12741,0.306,23.687,0.000,1383,5704917,8392120,0.846,16.041,0.467,22.414,49375,2343,656,23051,511,1825,7,248,248,453,28,50,2,9,19,0,0,0,0,0,0,0,0,0,0,220,0,1,0,4,4548,3650,3650,0,0,0,0,0,,disabled,,0,0,0,0,,1,Fixed Quality,Hybrid,85,30,9500,12000,640,360,H.264,480,270,518400,26096,518400,26096,0.050,0.000,,0,0,0.000,1.842,0.000,0.000,0.129,6000,6250,6250,14,14,0,1,9500,0.820,1,11.047,0.000,0,0,1.180,0.000,1244,0,0,0,0.000,0.000,1.000,1,0,0,latency-pressure-freshness-hold,22,0,0,98,216,98,91,27,171,171,0,4,large-au-observed,0,,0,0,14.882,21.976,0,,0.000,0.000,0.000,0.000,0,0,0,,34,0,0,12.990,0,934,0.128,0.000,0.000,0.127,0.000,0.100,0.006,1,1,1,1,0,1,1,0,0,0,1,0,0.860,179.995,0.000,26,0,0.000,0,0,0,0.000,0.000,0.000,0.000,0.000,0.000,0.000,1.703,25.807,0,0,0,0,0,0,0,0,0.000,0.000,0.000,0.000,0.000,0.000,0,0.402,15.288,646,654,3227,48.444,226.505,83.354,226.505,25239.166,678,1,H.264,124.581,0,0,225.427,226.569,1.000,157.991,123.497,arrival-gap-jitter-spike,9104.803,0,1,1,1,1,34343.969,480.499,548.083,549.344,549.344,0,0,11,0,0,7,1,latency-pressure freshness,latency-over-80ms,155.471,167.057,912,1,decoded,0,0,0,0,0,0,0,0,0,0,,103.179,0.000,105.872,0.000,0.000,0.000,134.023,stale-before-upload,0.001,931,0.000,111.361,5.412,0.081,0.826,0.538,0.000,0.288,1,0,0,1,3,0.063,17.165,15.289,9.925,13.472,1.000,Loss,0,1,0,1.000,1,1,1,1,0.060,0.000,0.060,0,100,0,27162,25496,1640,0,1586
35.344,Custom_loss6_delay0-100_dup0_reorder6_burst0,Loopback,1,1,0,,,0.000,0,21,958,14.131,12.562,12.665,88.175,102.515,36.365,54.070,30.053,0.063,0.283,26155,1761,24596,22835,3374,2062,185,965,830,135,162,0,22835,686,271,0,0,0,0,5.000,0,0,0,0,0,0,0,0,0,0,0,0,0,0,0,0.000,0.000,0.000,,672,672,3325,0,1,39.735,225.427,40.714,226.569,0.000,0.000,663,659,13467,821,258,0,2406,3750,959,1,fec-recovered,pending,H.264,0,1,22,20,2,6,5,1,3,9,0,0,27860,9,0,0,0,0,0,66.811,148,185,135,129,135,0,65.953,26.242,92.637,1,0,469,34,503,0,151,20,0.444,0.556,0.932,1.000,0.117,45.000,0.000,1.000,0.000,duplicate-guard,1222,10684,0,0,757,9968,2406,23622,464,712,1,4,23614,predicted-useful,fec-grace,3931,0.409,206,503,0,1,0,0,0,19,19,19,19,198,3222,198,3222,0,0,0,pacing,1,0.776,9.423,117.423,0,0,19,19,0,0,0,0,9,16,16,0,812,2,2,sent,68,169,0,6,48,5,0,0,9,16,9,16,0,0,953,2,stale-age,1,0,1,0,11,0,0,1,0,1,0,16,0,0,3242,2970,138,0,1,9500000,1200000,9,0,9,27900,27891,34220717,1490,1833605,856,1058698,16,18574,0,0,0.042,0.173,0.057,0,0,0,0,0,0.612,39.862,966.625,4800.000,1422,50731,26148,11484,24583,13099,0.305,22.299,0.357,1422,4856772,7970336,1.018,12.339,0.445,21.329,50731,2406,674,23622,526,1873,7,257,257,472,29,52,2,9,20,0,0,0,0,0,0,0,0,0,0,228,0,1,0,4,4678,3750,3750,0,0,0,0,0,,disabled,,0,0,0,0,,1,Fixed Quality,Hybrid,85,30,9500,12000,640,360,H.264,480,270,518400,26094,518400,26094,0.050,0.000,,0,0,0.000,1.971,0.000,0.000,0.084,6000,6250,6250,14,14,0,1,9500,0.820,1,13.558,0.000,0,0,0.000,0.000,0,0,0,0,0.294,0.638,0.068,1,0,0,latency-pressure-freshness-hold,22,1,1,102,224,102,93,29,177,177,1,4,decoder-sync-observed,0,,0,0,15.484,21.974,0,,0.000,0.000,0.000,0.000,0,0,0,,35,0,0,9.592,0,961,0.084,0.000,0.000,0.083,0.000,0.058,0.007,1,1,1,1,0,1,1,0,0,0,1,0,0.860,66.787,0.000,26,0,0.000,0,0,0,0.000,0.000,0.000,0.000,0.000,0.000,0.000,1.878,13.823,0,0,0,0,0,0,0,0,0.000,0.000,0.000,0.000,0.000,0.000,0,0.366,12.562,663,672,3325,40.985,226.505,83.354,226.505,25239.166,678,1,H.264,124.581,0,0,225.427,226.569,1.000,157.991,123.497,arrival-gap-jitter-spike,10105.356,0,1,1,1,1,35344.522,480.499,548.083,549.344,549.344,0,0,12,0,0,8,1,latency-pressure freshness,latency-over-80ms,149.545,167.057,941,1,H.264,0,0,0,0,0,0,0,0,0,0,,101.877,0.000,103.082,0.000,0.000,0.000,124.088,stale-before-decode,0.000,958,0.000,108.578,5.128,0.080,0.475,0.188,0.000,0.287,1,0,0,1,3,0.063,14.131,12.562,30.053,12.665,1.000,Loss,0,1,0,3.000,1,3,3,1,0.060,0.000,0.060,0,100,0,27926,26195,1690,0,1636
36.344,Custom_loss6_delay0-100_dup0_reorder6_burst0,Loopback,1,1,0,,,0.000,0,21,983,20.156,20.135,20.127,105.089,102.535,73.289,54.690,19.429,0.063,0.280,26819,1796,25208,23412,3473,2117,192,1001,864,137,163,0,23412,707,275,0,0,0,0,5.000,0,0,0,0,0,0,0,0,0,0,0,0,0,0,0,0.000,0.000,0.000,,692,692,3419,0,1,29.181,225.427,30.184,226.569,0.000,0.000,683,679,13808,844,261,0,2460,3852,984,1,fec-recovered,pending,H.264,0,1,23,22,1,5,5,1,4,8,0,0,28555,14,0,0,0,0,0,81.559,153,192,137,131,137,0,65.805,26.520,92.637,1,0,483,35,518,0,154,21,0.443,0.557,0.932,1.000,0.120,45.000,0.333,0.667,0.000,duplicate-guard,1252,10914,0,0,775,10179,2460,24135,476,731,1,4,24127,deferred-likely-arrival,likely-arrival,4032,0.826,213,518,0,1,0,0,0,20,20,20,20,204,3319,204,3319,0,0,0,pacing,1,0.847,9.424,117.424,0,0,20,20,0,0,0,0,10,17,17,0,981,1,1,sent,70,173,0,6,49,5,0,0,10,17,10,17,0,0,981,1,selected-repair,1,0,1,0,11,0,0,1,0,1,0,16,0,0,3340,3039,142,0,1,9500000,1200000,0,0,0,28592,28592,35085807,1533,1886841,879,1087350,17,19818,0,0,0.042,0.173,0.056,0,0,0,0,0,13.116,39.862,4504.812,4800.000,1458,52018,26813,11752,25205,13453,0.305,25.760,4.935,1458,4416365,7088185,1.947,17.256,0.491,17.963,52018,2460,695,24135,544,1909,7,260,260,476,29,52,2,9,20,0,0,0,0,0,0,0,0,0,0,231,0,1,0,4,4795,3852,3852,0,0,0,0,0,,disabled,,0,0,0,0,,1,Fixed Quality,Hybrid,85,30,9500,12000,640,360,H.264,480,270,518400,27136,518400,27136,0.052,0.000,,0,0,0.000,2.982,0.000,0.000,0.132,7250,6500,6500,15,15,0,1,9500,1.000,0,13.116,0.000,0,0,0.000,0.000,0,0,0,0,0.295,0.637,0.068,1,0,0,disabled,23,0,0,106,231,106,96,29,182,182,0,4,large-au-observed,0,,0,0,12.444,22.851,0,,0.000,0.000,0.000,0.000,0,0,0,,36,0,0,6.247,0,986,0.131,0.000,0.000,0.131,0.000,0.089,0.012,1,1,1,1,0,1,1,0,0,0,1,0,0.860,139.893,0.000,26,0,0.000,0,0,0,0.000,0.000,0.000,0.000,0.000,0.000,0.000,2.834,13.989,0,0,0,0,0,0,0,0,0.000,0.000,0.000,0.000,0.000,0.000,0,0.608,20.135,683,692,3419,30.483,226.505,83.354,226.505,25239.166,678,1,H.264,124.581,0,0,225.427,226.569,1.000,157.991,123.497,arrival-gap-jitter-spike,11105.663,0,1,1,1,1,36344.829,480.499,548.083,549.344,549.344,0,0,12,0,0,8,0,,,149.545,167.057,941,1,H.264,0,0,0,0,0,0,0,0,0,0,,107.955,0.000,110.845,0.000,0.000,0.000,132.544,stale-before-decode,0.001,983,0.000,119.492,8.014,0.099,0.396,0.025,0.000,0.371,1,0,0,1,3,0.063,20.156,20.135,19.429,20.127,1.000,Loss,0,1,0,1.000,1,1,1,1,0.060,0.000,0.060,0,100,0,28628,26863,1723,0,1685
37.350,Custom_loss6_delay0-100_dup0_reorder6_burst0,Loopback,1,1,0,,,0.000,0,21,1010,15.761,13.801,13.906,104.810,102.516,46.895,54.447,24.389,0.063,0.279,27529,1842,25864,24022,3571,2171,198,1037,894,143,165,0,24022,728,282,0,0,0,0,5.000,0,0,0,0,0,0,0,0,0,0,0,0,0,0,0,0.000,0.000,0.000,,711,711,3512,0,1,37.925,225.427,39.057,226.569,0.000,0.000,702,698,14174,871,266,0,2519,3955,1011,1,fec-parity,pending,H.264,0,1,24,13,11,2,0,1,3,14,0,0,29324,8,0,0,0,0,0,67.899,158,198,143,137,143,0,65.358,26.664,92.637,1,0,500,36,536,0,160,21,0.444,0.556,0.933,1.000,0.116,45.000,0.333,0.667,0.000,duplicate-guard,1285,11179,0,0,796,10427,2519,24644,488,748,1,4,24634,predicted-useful,fec-grace,4134,0.000,219,536,0,1,0,0,0,20,20,20,20,210,3415,210,3415,0,0,0,pacing,1,0.833,6.483,114.483,0,0,20,20,0,0,0,0,10,17,17,0,981,1,1,sent,73,181,0,6,52,5,0,0,10,17,10,17,0,0,994,2,stale-age,1,0,1,0,15,0,0,1,0,1,0,16,0,0,3436,3114,146,0,1,9500000,1200000,11,0,11,29369,29358,36027945,1580,1944893,907,1122222,17,19818,0,0,0.042,0.173,0.056,0,0,0,0,0,0.502,39.862,875.188,4800.000,1495,53377,27517,12075,25860,13785,0.305,21.954,0.064,1495,4863785,7770114,1.070,8.526,0.485,17.303,53377,2519,716,24644,559,1953,7,265,265,488,30,53,1,10,20,0,0,0,0,0,0,0,0,0,0,235,0,1,0,4,4923,3955,3955,0,0,0,0,0,,disabled,,0,0,0,0,,1,Fixed Quality,Hybrid,85,30,9500,12000,640,360,H.264,480,270,518400,28176,518400,28176,0.054,0.000,,0,0,0.000,1.899,0.000,0.000,0.079,7250,6750,6750,16,16,0,1,9500,1.000,0,18.661,0.000,0,0,0.000,0.000,0,0,0,0,0.295,0.638,0.067,1,0,0,disabled,24,0,0,110,238,110,99,29,187,187,0,4,large-au-observed,0,,0,0,22.011,23.727,0,,0.000,0.000,0.000,0.000,0,0,0,,37,0,0,6.001,0,1013,0.078,0.000,0.000,0.078,0.000,0.045,0.005,1,1,1,1,0,1,1,0,0,0,1,0,0.860,33.565,0.000,26,0,0.000,0,0,0,0.000,0.000,0.000,0.000,0.000,0.000,0.000,1.814,10.110,0,0,0,0,0,0,0,0,0.000,0.000,0.000,0.000,0.000,0.000,0,0.411,13.801,702,711,3512,38.954,226.505,83.354,226.505,25239.166,678,1,H.264,124.581,0,0,225.427,226.569,1.000,157.991,123.497,arrival-gap-jitter-spike,12111.219,0,1,1,1,1,37350.385,480.499,548.083,549.344,549.344,0,0,12,0,0,8,0,,,149.545,167.057,941,1,H.264,0,0,0,0,0,0,0,0,0,0,,101.499,0.000,104.547,0.000,0.000,0.000,132.405,stale-before-decode,0.000,1010,0.000,110.016,5.047,0.080,0.307,0.060,0.000,0.247,1,0,0,1,3,0.063,15.761,13.801,24.389,13.906,1.000,Loss,0,1,0,0.000,2,1,1,1,0.060,0.000,0.060,0,100,0,29395,27570,1771,0,1730
38.350,Custom_loss6_delay0-100_dup0_reorder6_burst0,Loopback,1,1,0,,,0.000,0,21,1036,23.470,23.465,23.362,101.980,102.396,77.827,55.155,28.924,0.063,0.278,28293,1887,26569,24682,3678,2231,205,1073,927,146,169,0,24682,750,289,0,0,0,0,5.000,0,0,0,0,0,0,0,0,0,0,0,0,0,0,0,0.000,0.000,0.000,,732,732,3607,0,1,38.581,225.427,39.648,226.569,0.000,0.000,723,718,14573,896,272,0,2586,4071,1039,1,nack-sent,pending,H.264,0,0,5,2,3,1,0,1,0,3,0,0,30148,2,0,0,0,0,0,59.922,162,205,146,140,146,0,65.568,26.565,92.637,1,0,514,38,552,0,165,21,0.441,0.559,0.931,1.000,0.113,45.000,0.143,0.857,0.000,duplicate-guard,1323,11476,0,0,817,10694,2586,25252,505,778,1,4,25242,predicted-useful,fec-grace,4249,0.600,225,552,0,1,0,0,0,20,20,20,20,216,3522,216,3522,0,0,0,pacing,1,0.855,10.566,118.566,0,0,20,20,0,0,0,0,10,17,17,0,981,1,1,sent,77,193,0,6,56,5,0,0,10,17,10,17,0,0,1035,4,stale-age,1,0,1,0,16,0,0,1,0,1,0,18,0,0,3543,3199,150,0,1,9500000,1200000,16,0,16,30170,30154,37002953,1626,2001541,933,1153982,17,19818,0,0,0.042,0.173,0.056,0,0,0,0,0,0.483,39.862,171.125,4800.000,1537,54828,28286,12403,26542,14139,0.305,11.975,1.640,1537,4327402,7717744,1.487,13.007,0.378,11.013,54828,2586,737,25252,577,2001,8,271,271,500,30,53,1,10,20,0,0,0,0,0,0,0,0,0,0,241,0,1,0,4,5059,4071,4071,0,0,0,0,0,,disabled,,0,0,0,0,,1,Fixed Quality,Hybrid,85,30,9500,12000,640,360,H.264,480,270,518400,26096,518400,26096,0.050,0.000,,0,0,0.000,1.871,0.000,0.000,0.082,6250,6250,6250,17,17,0,1,9500,0.880,1,8.403,0.000,0,0,0.000,0.000,0,0,0,0,0.293,0.638,0.069,1,0,0,latency-pressure-freshness-hold,22,0,0,114,247,114,103,30,193,193,0,4,large-au-observed,0,,0,0,11.992,21.976,0,,0.000,0.000,0.000,0.000,0,0,0,,38,0,0,3.236,0,1041,0.082,0.000,0.000,0.082,0.000,0.056,0.008,1,1,1,1,0,1,1,0,0,0,0,0,1.000,0.000,0.000,27,0,0.000,0,0,0,0.000,0.000,0.000,0.000,0.000,0.000,0.000,1.775,7.114,0,0,0,0,0,0,0,0,0.000,0.000,0.000,0.000,0.000,0.000,0,0.514,23.465,723,732,3607,38.851,226.505,83.354,226.505,25239.166,678,1,H.264,124.581,0,0,225.427,226.569,1.000,157.991,123.497,arrival-gap-jitter-spike,13111.358,0,1,1,1,1,38350.524,480.499,548.083,549.344,549.344,0,0,13,0,0,9,1,latency-pressure freshness,latency-over-80ms,137.303,167.057,1033,1,decoded,0,0,0,0,0,0,0,0,0,0,,87.611,0.000,90.015,0.000,0.000,0.000,120.000,stale-before-upload,0.000,1038,0.000,92.418,4.471,0.083,0.722,0.492,0.000,0.231,1,0,0,1,3,0.062,23.470,23.465,28.924,23.362,0.750,Loss,0,1,0,0.000,0,1,1,1,0.060,0.000,0.060,0,100,0,30192,28337,1822,0,1778
39.355,Custom_loss6_delay0-100_dup0_reorder6_burst0,Loopback,1,1,0,,,0.000,0,21,1063,21.443,21.388,21.151,105.174,102.284,35.646,54.581,20.647,0.063,0.275,29006,1936,27228,25292,3773,2281,210,1110,956,154,172,0,25292,771,293,0,0,0,0,5.000,0,0,0,0,0,0,0,0,0,0,0,0,0,0,0,0.000,0.000,0.000,,753,753,3707,0,1,24.807,225.427,25.987,226.569,0.000,0.000,744,739,14941,925,276,0,2645,4174,1064,1,fec-recovered,pending,H.264,0,1,22,22,0,5,5,3,7,18,0,0,30853,10,0,0,0,0,0,122.097,167,210,154,148,154,0,65.524,26.337,92.637,1,0,532,39,571,0,172,21,0.443,0.557,0.932,1.000,0.109,45.000,0.286,0.714,0.000,duplicate-guard,1361,11720,0,0,837,10907,2645,25760,523,809,1,4,25749,predicted-useful,fec-grace,4353,0.435,234,571,0,1,0,0,0,21,21,21,21,224,3653,224,3653,0,0,0,pacing,1,0.826,11.216,119.216,0,0,21,21,0,0,0,0,11,18,18,0,1062,1,1,sent,78,194,0,6,56,5,0,0,11,18,11,18,0,0,1062,1,selected-repair,1,0,1,0,17,0,0,1,0,1,0,18,0,0,3675,3271,154,0,1,9500000,1200000,0,0,0,30920,30920,37948709,1673,2059753,958,1185122,18,21062,0,0,0.037,0.173,0.055,0,0,0,0,0,13.257,39.862,4621.188,4800.000,1576,56216,28994,12736,27222,14486,0.305,14.876,1.697,1576,4126435,6648253,2.629,1.969,0.477,19.549,56216,2645,758,25760,598,2039,8,275,275,506,30,53,1,10,20,0,0,0,0,0,0,0,0,0,0,245,0,1,0,4,5184,4174,4174,0,0,0,0,0,,disabled,,0,0,0,0,,1,Fixed Quality,Hybrid,85,30,9500,12000,640,360,H.264,480,270,518400,27136,518400,27136,0.052,0.000,,0,0,0.000,2.519,0.000,0.000,0.097,7250,6500,6500,18,18,0,1,9500,1.000,0,13.257,0.000,0,0,0.000,0.000,0,0,0,0,0.292,0.639,0.068,1,0,0,disabled,23,0,0,118,255,118,107,30,200,200,0,4,large-au-observed,0,,0,0,11.611,22.851,0,,0.000,0.000,0.000,0.000,0,0,0,,39,0,0,4.452,0,1067,0.096,0.000,0.000,0.096,0.000,0.063,0.011,1,1,1,1,0,1,1,0,0,0,0,0,1.000,0.000,0.000,30,0,0.000,0,0,0,0.000,0.000,0.000,0.000,0.000,0.000,0.000,2.411,15.504,0,0,0,0,0,0,0,0,0.000,0.000,0.000,0.000,0.000,0.000,0,0.497,21.388,744,753,3707,26.156,226.505,83.354,226.505,25239.166,678,1,H.264,124.581,0,0,225.427,226.569,1.000,157.991,123.497,arrival-gap-jitter-spike,14115.722,0,1,1,1,1,39354.888,480.499,548.083,549.344,549.344,0,0,13,0,0,9,0,,,137.303,167.057,1033,1,decoded,0,0,0,0,0,0,0,0,0,0,,101.779,0.000,104.654,0.000,0.000,0.000,132.587,stale-before-upload,0.001,1063,0.000,111.167,5.995,0.113,0.363,0.013,0.000,0.350,1,0,0,1,3,0.063,21.443,21.388,20.647,21.151,1.000,Loss,0,1,0,0.000,2,1,1,1,0.060,0.000,0.060,0,100,0,30959,29051,1861,0,1814
40.355,Custom_loss6_delay0-100_dup0_reorder6_burst0,Loopback,1,1,0,,,0.000,0,21,1092,17.537,17.551,17.785,102.021,102.356,74.190,55.141,132.384,0.063,0.276,29750,1993,27934,25941,3869,2337,221,1135,978,157,176,0,25941,790,301,0,0,0,0,5.000,0,0,0,0,0,0,0,0,0,0,0,0,0,0,0,0.000,0.000,0.000,,772,772,3802,0,1,188.436,225.427,189.407,226.569,0.000,0.000,763,757,15328,947,284,0,2708,4276,1093,1,fec-recovered,pending,H.264,0,1,24,19,5,4,3,1,3,10,0,0,31692,17,0,0,0,0,0,70.363,171,221,157,151,157,0,65.603,26.427,92.637,1,0,550,39,589,0,179,21,0.436,0.564,0.934,1.000,0.105,45.000,0.200,0.800,0.000,duplicate-guard,1400,11974,0,0,857,11130,2708,26350,542,840,1,4,26338,deferred-likely-arrival,likely-arrival,4459,0.000,242,589,0,1,0,0,0,22,22,22,22,232,3781,232,3781,0,0,0,pacing,1,0.828,11.935,119.935,0,0,22,22,0,0,0,0,11,18,18,0,1062,1,1,sent,79,198,0,6,57,5,0,0,11,18,11,18,0,0,1075,4,stale-age,1,0,1,0,17,0,0,1,0,1,0,20,0,0,3804,3349,158,0,1,9500000,1200000,10,0,10,31725,31715,38926667,1720,2117805,984,1217050,18,21062,0,0,0.037,0.173,0.055,0,0,0,0,0,0.613,39.862,42.062,4800.000,1616,57651,29727,13086,27924,14838,0.306,19.838,5.873,1616,4752435,7757754,2.996,9.284,0.508,12.563,57651,2708,777,26350,619,2081,8,283,283,520,33,59,2,10,23,0,0,0,0,0,0,0,0,0,0,250,0,1,0,4,5322,4276,4276,0,0,0,0,0,,disabled,,0,0,0,0,,1,Fixed Quality,Hybrid,85,30,9500,12000,640,360,H.264,480,270,518400,28178,518400,28178,0.054,0.000,,0,0,0.000,1.965,0.000,0.000,0.078,7250,6750,6750,19,19,0,1,9500,1.000,0,11.329,0.000,0,0,0.000,0.000,0,0,0,0,0.290,0.643,0.066,1,0,0,disabled,24,0,0,122,266,122,112,32,207,207,0,4,large-au-observed,0,,0,0,13.013,23.729,0,,0.000,0.000,0.000,0.000,0,0,0,,40,0,0,10.989,0,1095,0.077,0.000,0.000,0.077,0.000,0.052,0.009,1,1,1,1,0,1,1,0,0,0,0,0,1.000,0.000,0.000,30,0,0.000,0,0,0,0.000,0.000,0.000,0.000,0.000,0.000,0.000,1.878,15.236,0,0,0,0,0,0,0,0,0.000,0.000,0.000,0.000,0.000,0.000,0,0.336,17.551,763,772,3802,189.565,226.505,83.354,226.505,25239.166,678,1,H.264,124.581,0,0,225.427,226.569,1.000,157.991,123.497,arrival-gap-jitter-spike,15116.080,0,1,1,1,1,40355.246,480.499,548.083,549.344,549.344,0,0,13,0,0,9,0,,,137.303,167.057,1033,1,decoded,0,0,0,0,0,0,0,0,0,0,,104.501,0.000,107.538,4.380,0.000,110.782,136.011,stale-before-upload,0.001,1087,0.000,112.423,4.170,0.095,0.269,0.001,0.000,0.268,1,0,0,1,3,0.063,17.537,17.551,132.384,17.785,2.000,Jitter,0,1,0,0.500,2,1,1,1,0.060,0.000,0.060,0,100,0,31755,29798,1911,0,1860
41.358,Custom_loss6_delay0-100_dup0_reorder6_burst0,Loopback,1,1,0,,,0.000,0,21,1120,22.397,22.409,22.346,101.009,102.446,2.867,53.689,32.628,0.062,0.273,30491,2028,28620,26592,3958,2391,226,1163,1000,163,178,0,26592,813,306,0,0,0,0,5.000,0,0,0,0,0,0,0,0,0,0,0,0,0,0,0,0.000,0.000,0.000,,794,794,3897,0,1,10.816,225.427,12.022,226.569,0.000,0.000,785,779,15689,976,288,0,2773,4376,1121,1,nack-sent,pending,H.264,0,1,24,11,13,4,0,2,3,29,0,0,32479,6,0,0,0,0,0,72.395,176,226,163,157,163,0,65.778,25.915,92.637,1,0,566,40,606,0,187,21,0.438,0.562,0.934,1.000,0.101,45.000,0.333,0.667,0.000,duplicate-guard,1430,12247,0,0,877,11390,2773,26957,552,853,1,4,26945,predicted-useful,fec-grace,4569,0.000,247,606,0,1,0,0,0,22,22,22,22,237,3865,237,3865,0,0,0,pacing,1,0.825,7.136,115.136,0,0,22,22,0,0,0,0,11,18,18,0,1062,1,1,sent,82,208,0,6,60,5,0,0,11,18,11,18,0,0,1119,4,stale-age,1,0,1,0,17,0,0,1,0,1,0,22,0,0,3888,3428,162,0,1,9500000,1200000,15,0,15,32522,32507,39896981,1767,2175699,1011,1250056,18,21062,0,0,0.037,0.173,0.055,0,0,0,0,0,0.502,39.862,970.562,4800.000,1656,59089,30472,13391,28617,15226,0.305,11.004,1.059,1656,7035519,13106139,1.094,-6.837,0.486,14.702,59089,2772,800,26944,637,2127,8,287,287,528,33,59,2,10,23,0,0,0,0,0,0,0,0,0,0,254,0,1,0,4,5445,4376,4376,0,0,0,0,0,,disabled,,0,0,0,0,,1,Fixed Quality,Hybrid,85,30,9500,12000,640,360,H.264,480,270,518400,28178,518400,28178,0.054,0.000,,0,0,0.000,2.018,0.000,0.000,0.091,7250,6750,6750,19,19,0,1,9500,1.000,0,19.147,0.000,0,0,0.000,0.000,0,0,0,0,0.290,0.644,0.066,1,0,0,disabled,24,0,0,126,276,126,118,32,213,213,0,4,large-au-observed,0,,0,0,14.802,23.729,0,,0.000,0.000,0.000,0.000,0,0,0,,41,0,0,5.835,0,1123,0.091,0.000,0.000,0.090,0.000,0.064,0.008,1,1,1,1,0,1,1,0,0,0,0,0,1.000,0.000,0.000,30,0,0.000,0,0,0,0.000,0.000,0.000,0.000,0.000,0.000,0.000,1.918,9.873,0,0,0,0,0,0,0,0,0.000,0.000,0.000,0.000,0.000,0.000,0,0.398,22.409,785,794,3897,11.968,226.505,83.354,226.505,25239.166,678,1,H.264,124.581,0,0,225.427,226.569,1.000,157.991,123.497,arrival-gap-jitter-spike,16119.443,0,1,1,1,1,41358.609,480.499,548.083,549.344,549.344,0,0,13,0,0,9,0,,,137.303,167.057,1033,1,decoded,0,0,0,0,0,0,0,0,0,0,,107.457,0.000,110.384,2.561,0.000,107.952,130.505,stale-before-upload,0.001,1119,0.000,116.711,4.555,0.082,0.445,0.186,0.000,0.259,1,0,0,1,3,0.062,22.397,22.409,32.628,22.346,1.000,Loss,0,1,0,1.000,1,1,1,1,0.060,0.000,0.060,0,100,0,32548,30537,1956,0,1901
42.362,Custom_loss6_delay0-100_dup0_reorder6_burst0,Loopback,1,1,0,,,0.000,0,21,1149,17.537,17.536,17.545,98.668,102.439,29.679,53.040,32.387,0.063,0.275,31325,2091,29412,27321,4077,2458,234,1196,1028,168,189,0,27321,832,315,0,0,0,0,5.000,0,0,0,0,0,0,0,0,0,0,0,0,0,0,0,0.000,0.000,0.000,,813,813,3989,0,1,23.172,225.427,24.634,226.569,0.000,0.000,804,799,16111,1000,297,0,2844,4495,1151,1,fec-recovered,pending,H.264,0,1,24,13,11,1,1,0,0,0,0,0,33389,22,0,0,0,0,0,34.415,186,234,168,162,168,0,65.954,25.373,92.637,1,0,589,40,629,0,195,22,0.443,0.557,0.936,1.000,0.101,45.000,0.333,0.667,0.000,stable,1465,12526,0,0,898,11649,2844,27633,566,873,1,4,27621,predicted-useful,fec-grace,4685,0.667,254,629,0,1,0,0,0,22,22,22,22,244,3978,244,3978,0,0,0,pacing,1,0.784,10.107,118.107,0,0,22,22,0,0,0,0,11,18,18,0,1062,1,1,sent,82,208,0,6,60,5,0,0,11,18,11,18,0,0,1119,4,stale-age,1,0,1,0,17,0,0,1,0,1,0,22,0,0,4001,3518,166,0,1,9500000,1200000,2,0,2,33385,33383,40970053,1820,2241055,1040,1286180,18,21062,0,0,0.037,0.173,0.055,0,0,0,0,0,12.928,39.862,996.688,4800.000,1700,60716,31311,13771,29405,15634,0.305,5.955,0.000,1700,12000000,29398274,0.998,26.812,0.518,12.363,60716,2844,819,27633,658,2178,8,296,296,545,34,60,1,11,23,0,0,0,0,0,0,0,0,0,0,262,0,1,0,4,5591,4495,4495,0,0,0,0,0,,disabled,,0,0,0,0,,1,Fixed Quality,Hybrid,85,30,9500,12000,640,360,H.264,480,270,518400,28178,518400,28178,0.054,0.000,,0,0,0.000,2.858,0.000,0.000,0.122,7250,6750,6750,19,19,0,1,9500,1.000,0,12.928,0.000,0,0,0.000,0.000,0,0,0,0,0.296,0.641,0.064,1,0,0,disabled,24,0,0,130,286,130,122,34,220,220,0,4,large-au-observed,0,,0,0,12.306,23.729,0,,0.000,0.000,0.000,0.000,0,0,0,,42,0,0,5.653,0,1152,0.121,0.000,0.000,0.120,0.000,0.083,0.013,1,1,1,1,0,1,1,0,0,0,0,0,1.000,0.000,0.000,30,0,0.000,0,0,0,0.000,0.000,0.000,0.000,0.000,0.000,0.000,2.721,11.457,0,0,0,0,0,0,0,0,0.000,0.000,0.000,0.000,0.000,0.000,0,0.487,17.536,804,813,3989,24.891,226.505,83.354,226.505,25239.166,678,1,H.264,124.581,0,0,225.427,226.569,1.000,157.991,123.497,arrival-gap-jitter-spike,17123.176,0,1,1,1,1,42362.342,480.499,548.083,549.344,549.344,0,0,13,0,0,9,0,,,137.303,167.057,1033,1,decoded,0,0,0,0,0,0,0,0,0,0,,103.582,0.000,106.722,0.000,0.000,0.000,129.334,stale-before-upload,0.001,1149,0.000,112.338,5.099,0.101,0.434,0.024,0.000,0.409,1,0,0,1,3,0.063,17.537,17.536,32.387,17.545,1.000,Loss,0,1,0,0.667,3,2,2,1,0.060,0.000,0.060,0,100,0,33425,31373,2007,0,1959
43.363,Custom_loss6_delay0-100_dup0_reorder6_burst0,Loopback,1,1,0,,,0.000,0,21,1176,23.167,19.331,17.423,97.752,102.367,54.575,53.081,15.131,0.062,0.276,31988,2128,30036,27908,4170,2508,237,1229,1055,174,196,0,27908,851,324,0,0,0,0,5.000,0,0,0,0,0,0,0,0,0,0,0,0,0,0,0,0.000,0.000,0.000,,830,830,4087,0,1,26.225,225.427,28.034,226.569,0.000,0.000,821,815,16472,1025,304,0,2908,4598,1177,1,nack-sent,pending,H.264,0,1,22,9,13,3,1,2,2,29,0,0,34078,12,0,0,0,0,0,67.137,189,237,174,168,174,0,65.979,25.303,92.637,1,0,601,40,641,0,200,23,0.444,0.556,0.938,1.000,0.103,37.000,0.000,1.000,0.000,insufficient-sample,1496,12794,0,0,917,11896,2908,28226,578,894,1,4,28213,predicted-useful,fec-grace,4787,0.000,258,641,0,1,0,0,0,22,22,22,22,248,4025,248,4025,0,0,0,pacing,1,0.663,8.214,116.214,0,0,22,22,0,0,0,0,11,18,18,0,1062,1,1,sent,85,216,0,7,62,5,0,0,11,18,11,18,0,0,1175,4,stale-age,1,0,1,0,17,0,0,1,0,1,0,22,0,0,4048,3595,170,0,1,9500000,1200000,0,0,0,34079,34079,41823746,1860,2290559,1064,1316084,18,21062,0,0,0.037,0.173,0.055,0,0,0,0,0,14.539,39.862,7169.375,4800.000,1735,61992,31972,14003,30020,16017,0.305,28.457,3.989,1735,4171347,6582306,2.263,26.429,0.482,16.024,61992,2908,836,28226,676,2224,8,303,303,558,35,61,1,12,23,0,0,0,0,0,0,0,0,0,0,268,0,1,0,4,5716,4598,4598,0,0,0,0,0,,disabled,,0,0,0,0,,1,Fixed Quality,Hybrid,85,30,9500,12000,640,360,H.264,480,270,518400,26096,518400,26096,0.050,0.000,,0,0,0.000,1.881,0.000,0.000,0.098,6000,6250,6250,20,20,0,1,9500,0.820,1,14.539,0.000,0,0,0.000,0.000,0,0,0,0,0.295,0.643,0.062,1,0,0,fixed-pacing-queue-hold,22,0,0,134,295,134,127,34,226,226,0,4,large-au-observed,0,,0,0,16.836,21.976,0,,0.000,0.000,0.000,0.000,0,0,0,,43,0,0,8.524,0,1178,0.098,0.000,0.000,0.097,0.000,0.066,0.007,1,1,1,1,0,1,1,0,0,0,0,0,1.000,0.000,0.000,24,0,0.000,0,0,0,0.000,0.000,0.000,0.000,0.000,0.000,0.000,1.765,31.728,0,0,0,0,0,0,0,0,0.000,0.000,0.000,0.000,0.000,0.000,0,0.450,19.330,821,830,4087,27.254,226.505,83.354,226.505,25239.166,678,1,H.264,124.581,0,0,225.427,226.569,1.000,157.991,123.497,arrival-gap-jitter-spike,18123.895,0,1,1,1,1,43363.061,480.499,548.083,549.344,549.344,0,0,14,0,0,10,1,latency-pressure freshness,latency-over-80ms,129.945,167.057,1164,1,decoded,0,0,0,0,0,0,0,0,0,0,,94.396,0.000,96.864,0.000,0.000,0.000,128.876,stale-before-upload,0.001,1176,0.000,101.735,5.107,0.086,0.256,0.001,0.000,0.256,1,0,0,1,3,0.062,23.167,19.331,15.131,17.423,0.500,Loss,0,1,0,0.333,3,1,1,1,0.060,0.000,0.060,0,100,0,34122,32038,2047,0,2001
44.365,Custom_loss6_delay0-100_dup0_reorder6_burst0,Loopback,1,1,0,,,0.000,0,21,1200,15.987,15.983,16.169,102.262,102.346,34.911,52.615,13.602,0.063,0.276,32602,2183,30619,28436,4249,2555,239,1255,1077,178,200,0,28436,867,331,0,0,0,0,5.000,0,0,0,0,0,0,0,0,0,0,0,0,0,0,0,0.000,0.000,0.000,,846,846,4183,0,1,47.895,225.427,48.950,226.569,0.000,0.000,837,831,16802,1045,311,0,2968,4685,1201,1,nack-sent,pending,H.264,1,1,23,9,14,2,0,3,6,51,0,0,34733,3,0,0,0,0,0,69.491,198,239,178,172,178,0,65.970,24.967,92.637,1,0,616,45,661,0,209,25,0.453,0.547,0.932,1.000,0.107,44.000,1.000,0.000,1.000,insufficient-sample,1527,13025,0,0,934,12102,2968,28752,592,919,1,4,28739,predicted-useful,likely-arrival,4882,0.000,266,661,0,1,0,0,0,24,24,24,24,256,4139,256,4139,0,0,0,pacing,1,0.747,13.222,121.222,0,0,24,24,0,0,0,0,11,18,18,0,1062,1,1,sent,86,220,0,7,63,5,0,0,11,18,11,18,0,0,1187,4,stale-age,1,0,1,0,17,0,0,1,0,1,0,24,0,0,4164,3663,174,0,1,9500000,1200000,0,0,0,34747,34747,42648458,1909,2351355,1089,1347232,18,21062,0,0,0.037,0.173,0.055,0,0,0,0,0,9.648,39.862,238.500,4800.000,1769,63201,32592,14280,30609,16329,0.305,39.155,0.000,1769,3299946,5476920,0.816,17.210,0.520,16.750,63201,2967,852,28738,693,2266,8,310,310,568,36,62,1,13,23,0,0,0,0,0,0,0,0,0,0,274,0,1,0,4,5830,4685,4685,0,0,0,0,0,,disabled,,0,0,0,0,,1,Fixed Quality,Hybrid,85,30,9500,12000,640,360,H.264,480,270,518400,27138,518400,27138,0.052,0.000,,0,0,0.000,1.941,0.000,0.000,0.085,7250,6500,6500,21,21,0,1,9500,0.997,1,9.648,0.000,0,0,0.000,0.000,0,0,0,0,0.000,1.000,0.000,1,0,0,fixed-pacing-queue-hold,23,0,0,138,306,138,133,35,232,232,0,4,large-au-observed,0,,0,0,0.158,22.853,0,,0.000,0.000,0.000,0.000,0,0,0,,44,0,0,6.845,0,1202,0.085,0.000,0.000,0.084,0.000,0.058,0.009,1,1,1,1,0,1,1,0,0,0,1,0,0.860,16.945,0.000,24,0,0.000,0,0,0,0.000,0.000,0.000,0.000,0.000,0.000,0.000,1.846,21.907,0,0,0,0,0,0,0,0,0.000,0.000,0.000,0.000,0.000,0.000,0,0.398,15.983,837,846,4183,48.897,226.505,83.354,226.505,25239.166,678,1,H.264,124.581,0,0,225.427,226.569,1.000,157.991,123.497,arrival-gap-jitter-spike,19125.703,0,1,1,1,1,44364.869,480.499,548.083,549.344,549.344,0,0,14,0,0,10,0,,,129.945,167.057,1164,1,decoded,0,0,0,0,0,0,0,0,0,0,,102.815,0.000,105.428,0.000,0.000,0.000,131.131,stale-before-upload,0.001,1200,0.000,110.312,4.486,0.076,0.649,0.399,0.000,0.250,1,0,0,1,3,0.063,15.987,15.983,13.602,16.169,1.000,Loss,0,1,0,0.000,1,1,1,1,0.060,0.000,0.060,0,100,0,34791,32654,2091,0,2035
45.376,Custom_loss6_delay0-100_dup0_reorder6_burst0,Loopback,1,1,0,,,0.000,0,21,1226,18.974,18.933,18.912,108.838,102.376,42.537,52.363,31.469,0.063,0.276,33314,2226,31279,29053,4354,2618,250,1286,1104,182,200,0,29053,886,337,0,0,0,0,5.000,0,0,0,0,0,0,0,0,0,0,0,0,0,0,0,0.000,0.000,0.000,,864,864,4279,0,1,82.937,225.427,84.172,226.569,0.000,0.000,855,848,17181,1068,316,0,3031,4797,1227,1,nack-sent,pending,H.264,1,1,24,15,9,2,0,3,8,40,0,1,35495,17,35508,0,0,0,0,71.117,204,250,182,176,182,0,66.007,25.440,97.655,1,0,637,44,681,0,212,27,0.449,0.551,0.935,1.000,0.113,37.000,0.000,1.000,0.000,insufficient-sample,1556,13278,0,0,953,12339,3031,29355,602,935,1,4,29342,predicted-useful,likely-arrival,4990,0.625,274,681,0,1,0,0,0,24,24,24,24,264,4261,264,4261,0,0,0,pacing,1,0.752,12.150,120.150,0,0,24,24,0,0,0,0,11,18,18,0,1062,1,1,sent,88,226,0,7,65,5,0,0,11,18,11,18,0,0,1214,3,stale-age,1,0,1,0,17,0,0,1,0,1,0,26,0,0,4286,3741,178,0,1,9500000,1200000,6,0,6,35526,35519,43598058,1959,2413235,1114,1378380,18,21062,0,0,0.037,0.173,0.055,0,0,0,0,0,11.581,39.862,5793.688,4800.000,1808,64566,33294,14591,31272,16681,0.305,19.092,0.067,1808,5308014,8135574,1.549,15.293,0.511,20.113,64566,3030,871,29346,711,2311,8,315,315,578,37,64,2,13,24,0,0,0,0,0,0,0,0,0,0,278,0,1,0,4,5960,4797,4797,0,0,0,0,0,,disabled,,0,0,0,0,,1,Fixed Quality,Hybrid,85,30,9500,12000,640,360,H.264,480,270,518400,28178,518400,28178,0.054,0.000,,0,0,0.000,2.582,0.000,0.000,0.119,7250,6750,6750,22,22,0,1,9500,1.000,0,11.487,0.000,0,0,0.000,0.000,0,0,0,0,0.000,1.000,0.000,1,0,0,disabled,24,0,0,142,316,142,139,35,238,238,0,4,large-au-observed,0,,0,0,16.150,23.729,0,,0.000,0.000,0.000,0.000,0,0,0,,45,0,0,3.076,0,1229,0.119,0.000,0.000,0.118,0.000,0.081,0.013,1,1,1,1,0,1,1,0,0,0,0,0,1.000,0.000,0.000,30,0,0.000,0,0,0,0.000,0.000,0.000,0.000,0.000,0.000,0.000,2.446,13.988,0,0,0,0,0,0,0,0,0.000,0.000,0.000,0.000,0.000,0.000,0,0.535,18.933,855,864,4279,84.519,226.505,83.354,226.505,25239.166,678,1,H.264,124.581,0,0,225.427,226.569,1.000,157.991,123.497,arrival-gap-jitter-spike,20137.517,0,1,1,1,1,45376.683,480.499,548.083,549.344,549.344,0,0,14,0,0,10,0,,,129.945,167.057,1164,1,decoded,0,0,0,0,0,0,0,0,0,0,,101.142,0.000,104.227,7.307,0.000,123.033,134.419,stale-before-upload,0.001,1224,0.000,106.916,4.865,0.081,0.506,0.037,0.000,0.469,1,0,0,1,3,0.063,18.974,18.933,31.469,18.912,1.000,RecoveryDeadline,0,1,0,1.000,1,1,1,1,0.060,0.000,0.060,0,100,0,35565,33372,2140,0,2081
46.378,Custom_loss6_delay0-100_dup0_reorder6_burst0,Loopback,1,1,0,,,0.000,0,21,1253,23.468,23.491,23.457,88.660,102.381,63.520,52.635,23.558,0.063,0.273,34100,2289,32032,29743,4441,2670,253,1317,1135,182,201,0,29743,910,341,0,0,0,0,5.000,0,0,0,0,0,0,0,0,0,0,0,0,0,0,0,0.000,0.000,0.000,,888,888,4370,0,1,17.909,225.427,19.054,226.569,0.000,0.000,879,873,17570,1092,320,0,3106,4909,1257,1,fec-parity,pending,H.264,0,1,24,7,17,2,0,0,0,0,0,0,36367,7,0,0,0,0,0,33.793,209,253,182,176,182,0,66.007,25.440,97.655,1,0,645,44,689,0,214,29,0.452,0.548,0.936,1.000,0.119,29.000,1.000,0.000,1.000,insufficient-sample,1590,13669,0,0,978,12716,3106,30156,611,949,1,4,30143,predicted-useful,fec-grace,5114,0.667,278,689,0,1,0,0,0,24,24,24,24,268,4329,268,4329,0,0,0,pacing,1,0.764,10.912,118.912,0,0,24,24,0,0,0,0,11,18,18,0,1062,1,1,sent,89,230,0,7,66,5,0,0,11,18,11,18,0,0,1241,4,stale-age,1,0,1,0,17,0,0,1,0,1,0,26,0,0,4354,3835,182,0,1,9500000,1200000,11,0,11,36374,36363,44631910,1997,2459931,1139,1409528,18,21062,0,0,0.037,0.173,0.055,0,0,0,0,0,0.684,39.862,1073.500,4800.000,1852,66109,34087,14891,32022,17131,0.304,20.287,3.377,1852,3986350,6760767,3.016,16.431,0.529,17.319,66109,3106,895,30156,724,2374,8,319,319,583,39,67,1,14,25,0,0,0,0,0,0,0,0,0,0,280,0,1,0,4,6092,4909,4909,0,0,0,0,0,,disabled,,0,0,0,0,,1,Fixed Quality,Hybrid,85,30,9500,12000,640,360,H.264,480,270,518400,28178,518400,28178,0.054,0.000,,0,0,0.000,2.023,0.000,0.000,0.110,7250,6750,6750,22,22,0,1,9500,1.000,0,16.275,0.000,0,0,0.000,0.000,0,0,0,0,0.000,1.000,0.000,1,0,0,disabled,24,0,0,146,321,146,140,35,242,242,0,4,large-au-observed,0,,0,0,18.052,23.729,0,,0.000,0.000,0.000,0.000,0,0,0,,46,0,0,6.045,0,1258,0.110,0.000,0.000,0.074,0.000,0.050,0.008,1,1,1,1,0,1,1,0,0,0,0,0,1.000,0.000,0.000,30,0,0.000,0,0,0,0.000,0.000,0.000,0.000,0.000,0.000,0.000,1.905,10.153,0,0,0,0,0,0,0,0,0.000,0.000,0.000,0.000,0.000,0.000,0,0.462,23.491,879,888,4370,18.934,226.505,83.354,226.505,25239.166,678,1,H.264,124.581,0,0,225.427,226.569,1.000,157.991,123.497,arrival-gap-jitter-spike,21139.411,0,1,1,1,1,46378.577,480.499,548.083,549.344,549.344,0,0,14,0,0,10,0,,,129.945,167.057,1164,1,decoded,0,0,0,0,0,0,0,0,0,0,,103.744,0.000,106.707,0.000,0.000,0.000,124.330,stale-before-upload,0.001,1253,0.000,112.376,5.203,0.082,0.349,0.042,0.000,0.306,1,0,0,1,3,0.063,23.468,23.491,23.558,23.457,1.000,RecoveryDeadline,0,1,0,0.667,3,2,2,1,0.060,0.000,0.060,0,100,0,36409,34154,2198,0,2127
47.379,Custom_loss6_delay0-100_dup0_reorder6_burst0,Loopback,1,1,0,,,0.000,0,21,1283,19.952,19.964,20.893,93.365,102.452,23.547,51.943,23.249,0.063,0.273,34899,2343,32782,30439,4545,2736,257,1343,1159,184,209,0,30439,930,350,0,0,0,0,5.000,0,0,0,0,0,0,0,0,0,0,0,0,0,0,0,0.000,0.000,0.000,,908,908,4467,0,1,25.740,225.427,26.872,226.569,0.000,0.000,899,893,17977,1114,329,0,3188,5028,1284,1,retransmit-arrived,pending,H.264,1,1,24,13,11,2,0,2,5,26,1,0,37242,5,37242,5,37242,5,1,55.566,213,257,184,178,184,0,65.782,25.503,97.655,1,0,655,46,701,0,217,29,0.453,0.547,0.934,1.000,0.118,26.000,0.000,1.000,0.000,insufficient-sample,1616,14029,0,0,1000,13069,3188,31110,615,956,1,4,31097,predicted-useful,fec-grace,5242,0.000,283,701,0,1,0,0,0,24,24,24,24,272,4391,272,4391,0,0,0,pacing,1,0.736,8.194,116.194,0,0,24,24,0,0,0,0,12,20,20,0,1269,2,2,sent,93,241,0,8,68,5,0,0,12,20,12,20,0,0,1283,3,stale-age,1,0,1,0,17,0,0,1,0,1,0,26,0,0,4416,3934,186,0,1,9500000,1200000,15,0,15,37226,37211,45670738,2039,2511605,1165,1441920,20,23550,1,1244,0.028,0.173,0.052,0,0,0,0,0,5.301,39.862,490.438,4787.250,1897,67648,34888,15230,32760,17530,0.304,4.477,1.987,1897,5930300,9409914,1.364,5.150,0.454,11.725,67648,3188,915,31110,738,2442,8,328,328,601,40,69,2,14,26,0,0,0,0,0,0,0,0,0,0,288,0,1,0,4,6233,5028,5028,0,0,0,0,0,,disabled,,0,0,0,0,,1,Fixed Quality,Hybrid,85,30,9500,12000,640,360,H.264,480,270,518400,28178,518400,28178,0.054,0.000,,0,0,0.000,1.974,0.000,0.000,0.085,7250,6750,6750,22,22,0,1,9500,1.000,0,12.028,0.000,0,0,0.000,0.000,0,0,0,0,0.302,0.631,0.067,1,0,0,disabled,24,0,0,148,328,148,142,38,247,247,0,4,large-au-observed,0,,0,0,25.884,23.729,0,,0.000,0.000,0.000,0.000,0,0,0,,47,0,0,6.027,0,1286,0.084,0.000,0.000,0.084,0.000,0.059,0.009,1,1,1,1,0,1,1,0,0,0,0,0,1.000,0.000,0.000,30,0,0.000,0,0,0,0.000,0.000,0.000,0.000,0.000,0.000,0.000,1.881,10.160,0,0,0,0,0,0,0,0,0.000,0.000,0.000,0.000,0.000,0.000,0,0.422,19.964,899,908,4467,26.918,226.505,83.354,226.505,25239.166,678,1,H.264,124.581,0,0,225.427,226.569,1.000,157.991,123.497,arrival-gap-jitter-spike,22139.780,0,1,1,1,1,47378.946,480.499,548.083,549.344,549.344,0,0,14,0,0,10,0,,,129.945,167.057,1164,1,decoded,0,0,0,0,0,0,0,0,0,0,,103.991,0.000,106.809,0.000,0.000,0.000,126.683,stale-before-upload,0.000,1283,0.000,112.142,4.895,0.075,0.384,0.089,0.000,0.295,1,0,0,1,3,0.062,19.952,19.964,23.249,20.893,1.000,Loss,0,1,0,0.000,0,1,1,1,0.060,0.000,0.060,0,100,0,37258,34953,2249,0,2179
48.381,Custom_loss6_delay0-100_dup0_reorder6_burst0,Loopback,1,1,0,,,0.000,0,21,1310,20.329,20.345,19.859,106.161,102.442,42.863,51.731,10.281,0.063,0.274,35716,2409,33556,31147,4640,2792,260,1373,1185,188,215,0,31147,950,358,0,0,0,0,5.000,0,0,0,0,0,0,0,0,0,0,0,0,0,0,0,0.000,0.000,0.000,,928,928,4560,0,1,58.402,225.427,59.472,226.569,0.000,0.000,919,913,18384,1138,337,0,3272,5139,1313,1,nack-sent,pending,H.264,1,1,24,13,11,3,2,2,7,31,1,0,38067,6,38125,1,0,0,0,54.982,216,260,188,182,188,0,65.760,25.492,97.655,1,0,665,49,714,0,222,29,0.454,0.546,0.931,1.000,0.116,34.000,0.000,0.000,0.000,insufficient-sample,1645,14371,0,0,1025,13405,3272,31965,619,962,1,4,31952,predicted-useful,fec-grace,5371,0.167,288,714,0,1,0,0,0,24,24,24,24,277,4475,277,4475,0,0,0,pacing,1,0.781,8.705,116.705,0,0,24,24,0,0,0,0,12,20,20,0,1269,2,2,sent,94,245,0,8,69,5,0,0,12,20,12,20,0,0,1312,4,stale-age,1,0,1,0,17,0,0,1,0,1,0,27,0,0,4500,4038,190,0,1,9500000,1200000,0,0,0,38079,38079,46733874,2082,2564523,1191,1473690,20,23550,1,1244,0.028,0.173,0.052,0,0,0,0,0,24.768,39.862,2082.875,2540.100,1943,69266,35710,15576,33556,17980,0.304,3.948,1.008,1943,5268254,8170842,2.088,7.984,0.543,12.291,69266,3271,935,31954,749,2514,8,336,336,614,40,69,2,14,26,0,0,0,0,0,0,0,0,0,0,296,0,1,0,4,6378,5139,5139,0,0,0,0,0,,disabled,,0,0,0,0,,1,Fixed Quality,Hybrid,85,30,9500,12000,640,360,H.264,480,270,518400,0,518400,28178,0.054,0.000,,0,0,0.000,0.017,0.000,0.000,0.007,7250,6750,6750,22,22,0,1,9500,1.000,0,24.768,0.000,0,0,0.000,0.000,0,0,0,0,1.000,0.000,0.000,1,0,0,disabled,0,0,0,150,332,150,144,38,251,251,0,4,async-output-pending,0,,0,0,0.000,0.000,0,,0.000,0.000,0.000,0.000,0,0,0,,48,0,0,0.000,1,0,0.000,0.000,0.000,0.000,0.000,0.000,0.000,0,0,0,0,0,0,0,0,1,1,1,1,1.000,180.000,1.500,30,0,0.000,0,0,0,0.000,0.000,0.000,0.000,0.000,0.000,0.000,0.000,10.412,0,0,0,0,0,0,0,0,0.000,0.000,0.000,0.000,0.000,0.000,0,0.418,20.345,919,928,4560,59.943,226.505,83.354,226.505,25239.166,678,1,H.264,124.581,0,0,225.427,226.569,1.000,157.991,123.497,arrival-gap-jitter-spike,23142.608,0,1,1,1,1,48381.774,480.499,548.083,549.344,549.344,0,0,14,0,0,10,0,,,129.945,167.057,1164,1,decoded,0,0,0,0,0,0,0,0,0,0,,101.484,0.000,104.306,0.000,0.000,0.000,133.081,stale-before-upload,0.001,1310,0.000,109.620,4.889,0.082,0.450,0.057,0.000,0.392,1,0,0,1,3,0.063,20.329,20.345,10.281,19.859,2.000,RecoveryDeadline,0,1,0,1.000,0,2,2,1,0.060,0.000,0.060,0,100,0,38127,35781,2304,0,2243
49.385,Custom_loss6_delay0-100_dup0_reorder6_burst0,Loopback,1,1,0,,,0.000,0,21,1339,21.844,21.853,21.999,102.670,102.485,94.466,52.703,25.279,0.063,0.272,36501,2449,34288,31839,4730,2850,266,1399,1208,191,215,0,31839,972,363,0,0,0,0,5.000,0,0,0,0,0,0,0,0,0,0,0,0,0,0,0,0.000,0.000,0.000,,950,950,4657,0,1,69.918,225.427,71.059,226.569,0.000,0.000,941,935,18766,1163,342,0,3339,5249,1342,1,fec-parity,pending,H.264,1,1,24,9,15,1,0,1,3,18,0,0,38936,15,0,0,0,0,0,41.156,218,266,191,185,191,0,65.881,25.368,97.655,1,0,676,54,730,0,225,29,0.450,0.550,0.926,1.000,0.114,43.000,0.000,1.000,0.000,stable,1676,14708,0,0,1048,13728,3339,32634,626,972,2,8,32622,predicted-useful,fec-grace,5483,0.333,294,730,0,1,0,0,0,24,24,24,24,283,4572,283,4572,0,0,0,pacing,1,0.769,7.469,115.469,0,0,24,24,0,0,0,0,12,20,20,0,1269,2,2,sent,95,247,0,8,70,5,0,0,12,20,12,20,0,0,1327,2,stale-age,1,0,1,0,17,0,0,1,0,1,0,27,0,0,4597,4122,194,0,1,9500000,1200000,3,0,3,38935,38932,47778898,2128,2621173,1216,1504838,20,23550,1,1244,0.028,0.173,0.052,0,0,0,0,0,11.713,39.862,659.000,2746.500,1986,70767,36489,15834,34278,18444,0.303,37.081,0.018,1986,6101261,9514264,1.108,16.707,0.462,21.504,70767,3339,957,32634,764,2567,8,341,341,625,41,71,2,14,27,0,0,0,0,0,0,0,0,0,0,300,0,1,0,4,6515,5249,5249,0,0,0,0,0,,disabled,,0,0,0,0,,1,Fixed Quality,Hybrid,85,30,9500,12000,640,360,H.264,480,270,518400,28178,518400,28178,0.054,0.000,,0,0,0.000,2.177,0.000,0.000,0.146,7250,6750,6750,22,22,0,1,9500,1.000,0,12.460,0.000,0,0,0.000,0.000,0,0,0,0,0.299,0.627,0.074,1,0,0,disabled,24,0,0,152,339,152,147,40,256,256,0,4,large-au-observed,0,,0,0,17.800,23.729,0,,0.000,0.000,0.000,0.000,0,0,0,,49,0,0,2.751,0,1343,0.146,0.000,0.000,0.145,0.000,0.078,0.008,1,1,1,1,0,1,1,0,0,0,0,0,1.000,0.000,0.000,30,0,0.000,0,0,0,0.000,0.000,0.000,0.000,0.000,0.000,0.000,2.019,7.057,0,0,0,0,0,0,0,0,0.000,0.000,0.000,0.000,0.000,0.000,0,0.442,21.853,941,950,4657,70.889,226.505,83.354,226.505,25239.166,678,1,H.264,124.581,0,0,225.427,226.569,1.000,157.991,123.497,arrival-gap-jitter-spike,24146.424,0,1,1,1,1,49385.590,480.499,548.083,549.344,549.344,0,0,14,0,0,10,0,,,129.945,167.057,1164,1,decoded,0,0,0,0,0,0,0,0,0,0,,99.725,0.000,102.660,0.000,0.000,0.000,131.335,stale-before-upload,0.001,1339,0.000,108.560,5.452,0.084,0.376,0.092,0.000,0.284,1,0,0,1,3,0.063,21.844,21.853,25.279,21.999,1.000,RecoveryDeadline,0,1,0,0.000,1,1,1,1,0.060,0.000,0.060,0,100,0,38981,36556,2368,0,2282
50.387,Custom_loss6_delay0-100_dup0_reorder6_burst0,Loopback,1,1,0,,,0.000,0,21,1368,17.748,17.738,17.967,92.925,102.478,62.101,52.912,39.879,0.063,0.272,37273,2500,35008,32508,4821,2903,272,1424,1232,192,222,0,32508,992,371,0,0,0,0,5.000,0,0,0,0,0,0,0,0,0,0,0,0,0,0,0,0.000,0.000,0.000,,970,970,4750,0,1,15.100,225.427,16.465,226.569,0.000,0.000,961,955,19146,1184,350,0,3405,5350,1371,1,fec-parity,pending,H.264,1,1,24,4,20,1,0,0,0,0,0,0,39761,16,0,0,0,0,0,12.733,221,272,192,186,192,0,65.893,25.278,97.655,1,0,686,54,740,0,229,29,0.448,0.552,0.927,1.000,0.112,40.000,0.000,1.000,0.000,insufficient-sample,1713,15016,0,0,1071,14010,3405,33216,639,992,3,14,33207,predicted-useful,fec-grace,5594,0.500,298,740,0,1,0,0,0,24,24,24,24,287,4631,287,4631,0,0,0,pacing,1,0.731,10.337,118.337,0,0,24,24,0,0,0,0,12,20,20,0,1269,2,2,sent,97,251,0,8,72,5,0,0,12,20,12,20,0,0,1342,2,stale-age,1,0,1,0,17,0,0,1,0,1,0,27,0,0,4656,4207,198,0,1,9500000,1200000,0,0,0,39725,39725,48750478,2168,2670357,1241,1535978,20,23550,1,1244,0.028,0.173,0.052,0,0,0,0,0,15.594,39.862,5944.625,3583.350,2026,72257,37260,16159,34997,18838,0.302,4.779,1.535,2026,4595418,7714895,1.547,6.893,0.466,11.524,72257,3405,977,33216,774,2623,8,349,349,644,41,71,2,14,27,0,0,0,0,0,0,0,0,0,0,308,0,1,0,4,6654,5350,5350,0,0,0,0,0,,disabled,,0,0,0,0,,1,Fixed Quality,Hybrid,85,30,9500,12000,640,360,H.264,480,270,518400,28178,518400,28178,0.054,0.000,,0,0,0.000,2.036,0.000,0.000,0.089,7250,6750,6750,22,22,0,1,9500,1.000,0,15.594,0.000,0,0,0.000,0.000,0,0,0,0,0.299,0.628,0.073,1,0,0,disabled,24,1,1,154,345,154,151,40,260,260,2,4,decoder-sync-observed,0,,0,0,0.010,23.729,0,,0.000,0.000,0.000,0.000,0,0,0,,50,0,0,4.452,0,1371,0.089,0.000,0.000,0.088,0.000,0.063,0.008,1,1,1,1,0,1,1,0,0,0,1,0,0.860,114.596,0.000,26,0,0.000,0,0,0,0.000,0.000,0.000,0.000,0.000,0.000,0.000,1.938,10.027,0,0,0,0,0,0,0,0,0.000,0.000,0.000,0.000,0.000,0.000,0,0.401,17.738,961,970,4750,16.109,226.505,83.354,226.505,25239.166,678,1,H.264,124.581,0,0,225.427,226.569,1.000,157.991,123.497,arrival-gap-jitter-spike,25147.621,0,1,1,1,1,50386.787,480.499,548.083,549.344,549.344,0,0,14,0,0,10,0,,,129.945,167.057,1164,1,decoded,0,0,0,0,0,0,0,0,0,0,,102.228,0.000,105.238,0.000,0.000,0.000,131.463,stale-before-upload,0.001,1368,0.000,111.449,5.805,0.080,0.317,0.090,0.000,0.226,1,0,0,1,3,0.063,17.748,17.738,39.879,17.967,1.000,Jitter,0,1,0,0.000,1,1,1,1,0.060,0.000,0.060,0,100,0,39775,37333,2406,0,2331
51.393,Custom_loss6_delay0-100_dup0_reorder6_burst0,Loopback,1,1,0,,,0.000,0,21,1395,22.739,22.743,22.735,107.525,102.450,36.351,52.552,27.273,0.063,0.269,38032,2554,35722,33168,4913,2952,275,1462,1265,197,224,0,33168,1015,374,0,0,0,0,5.000,0,0,0,0,0,0,0,0,0,0,0,0,0,0,0,0.000,0.000,0.000,,993,993,4841,0,1,70.303,225.427,71.250,226.569,0.000,0.000,984,978,19531,1212,353,0,3467,5466,1396,1,fec-parity,pending,H.264,0,1,24,16,8,3,1,1,5,14,0,0,40518,12,0,0,0,0,0,72.290,225,275,197,191,197,0,65.342,25.392,97.655,1,0,698,55,753,0,235,29,0.450,0.550,0.927,1.000,0.110,44.000,0.000,1.000,0.000,insufficient-sample,1751,15295,0,0,1092,14263,3467,33819,656,1018,3,14,33810,predicted-useful,fec-grace,5703,0.750,303,753,0,1,0,0,0,24,24,24,24,291,4697,291,4697,0,0,0,pacing,1,0.789,8.660,116.660,0,0,24,24,0,0,0,0,13,21,21,0,1381,1,1,sent,99,256,0,8,73,5,0,0,13,21,13,21,0,0,1385,4,stale-age,1,0,1,0,17,0,0,1,0,1,0,27,0,0,4722,4283,202,0,1,9500000,1200000,0,0,0,40548,40548,49758782,2211,2723275,1266,1567126,21,24794,1,1244,0.102,0.173,0.055,0,0,0,0,0,17.921,39.862,9051.125,2984.400,2068,73736,38018,16539,35718,19179,0.303,54.761,6.191,2068,4574287,8614582,2.401,0.364,0.512,25.695,73736,3467,1000,33819,792,2667,8,352,352,649,41,71,2,14,27,0,0,0,0,0,0,0,0,0,0,311,0,1,0,4,6785,5466,5466,0,0,0,0,0,,disabled,,0,0,0,0,,1,Fixed Quality,Hybrid,85,30,9500,12000,640,360,H.264,480,270,518400,0,518400,28178,0.054,0.000,,0,0,0.000,7.158,0.000,6.161,0.924,7250,6750,6750,22,22,0,1,9500,1.000,0,17.921,0.000,0,0,0.000,0.000,0,0,0,0,0.299,0.628,0.073,1,0,0,disabled,0,0,0,157,354,157,154,43,266,266,2,4,async-output-pending,0,,0,0,0.000,0.000,0,,17.067,10437.688,39583.333,0.000,0,0,0,,51,0,0,0.000,1,0,0.909,0.189,0.718,0.000,0.000,0.000,0.000,0,0,1,1,1,0,0,1,1,0,0,0,1.000,0.000,0.000,30,0,0.000,0,0,0,0.000,0.000,0.000,0.000,0.000,0.000,0.000,0.000,20.821,0,0,0,0,0,0,0,0,0.000,0.000,0.000,0.000,0.000,0.000,0,0.347,22.743,984,993,4841,72.096,226.505,83.354,226.505,25239.166,678,1,H.264,124.581,0,0,225.427,226.569,1.000,157.991,123.497,arrival-gap-jitter-spike,26153.827,0,1,1,1,1,51392.993,480.499,548.083,549.344,549.344,0,0,14,0,0,10,0,,,129.945,167.057,1164,1,decoded,0,0,0,0,0,0,0,0,0,0,,108.079,0.000,110.974,0.000,0.000,0.000,133.762,stale-before-upload,0.001,1395,0.000,117.796,6.467,0.084,0.431,0.038,0.000,0.393,1,0,0,1,3,0.063,22.739,22.743,27.273,22.735,1.000,RecoveryDeadline,0,1,0,1.000,1,1,1,1,0.060,0.000,0.060,0,100,0,40599,38100,2456,0,2383
52.397,Custom_loss6_delay0-100_dup0_reorder6_burst0,Loopback,1,1,0,,,0.000,0,21,1423,18.820,18.836,18.949,104.789,102.486,36.351,52.552,16.255,0.062,0.270,38861,2585,36475,33890,5010,3014,284,1485,1285,200,227,0,33890,1035,382,0,0,0,0,5.000,0,0,0,0,0,0,0,0,0,0,0,0,0,0,0,0.000,0.000,0.000,,1013,1013,4936,0,1,35.822,225.427,36.881,226.569,0.000,0.000,1004,998,19931,1235,361,0,3531,5579,1426,1,fec-recovered,pending,H.264,1,1,24,10,14,2,1,1,5,20,0,0,41429,9,0,0,0,0,0,34.801,225,284,200,194,200,0,65.488,25.125,97.655,1,0,710,56,766,0,235,29,0.442,0.558,0.927,1.000,0.110,44.000,0.000,1.000,0.000,insufficient-sample,1795,15638,0,0,1117,14575,3531,34387,675,1049,3,14,34378,predicted-useful,likely-arrival,5814,0.167,308,766,0,1,0,0,0,24,24,24,24,296,4773,296,4773,0,0,0,pacing,1,0.773,8.454,116.454,0,0,24,24,0,0,0,0,13,21,21,0,1381,1,1,sent,101,260,0,9,74,5,0,0,13,21,13,21,0,0,1412,3,stale-age,1,0,1,0,17,0,0,1,0,1,0,29,0,0,4798,4369,206,0,1,9500000,1200000,9,0,9,41431,41422,50829954,2254,2776193,1293,1600132,21,24794,1,1244,0.102,0.173,0.055,0,0,0,0,0,7.215,39.862,953.938,1981.600,2113,75321,38846,16886,36475,19589,0.303,20.922,2.042,2113,5483431,8551489,1.591,0.364,0.481,12.818,75321,3531,1019,34387,803,2720,8,360,360,661,43,73,1,16,27,0,0,0,0,0,0,0,0,0,0,317,0,1,0,4,6924,5579,5579,0,0,0,0,0,,disabled,,0,0,0,0,,1,Fixed Quality,Hybrid,85,30,9500,12000,640,360,H.264,480,270,518400,28178,518400,28178,0.054,0.000,,0,0,0.000,2.520,0.000,0.000,0.075,7250,6750,6750,22,22,0,1,9500,1.000,0,7.960,0.000,0,0,0.000,0.000,0,0,0,0,0.294,0.633,0.073,1,0,0,disabled,24,1,1,159,358,159,156,43,270,270,2,4,decoder-sync-observed,0,,0,0,10.890,23.729,0,,0.000,0.000,0.000,0.000,0,0,0,,52,0,0,5.612,0,1427,0.074,0.000,0.000,0.074,0.000,0.051,0.008,1,1,1,1,0,1,1,0,0,0,0,0,1.000,0.000,0.000,30,0,0.000,0,0,0,0.000,0.000,0.000,0.000,0.000,0.000,0.000,2.429,9.793,0,0,0,0,0,0,0,0,0.000,0.000,0.000,0.000,0.000,0.000,0,0.430,18.836,1004,1013,4936,36.817,226.505,83.354,226.505,25239.166,678,1,H.264,124.581,0,0,225.427,226.569,1.000,157.991,123.497,arrival-gap-jitter-spike,27158.176,0,1,1,1,1,52397.342,480.499,548.083,549.344,549.344,0,0,14,0,0,10,0,,,129.945,167.057,1164,1,decoded,0,0,0,0,0,0,0,0,0,0,,105.028,0.000,108.082,0.000,0.000,0.000,132.394,stale-before-upload,0.001,1423,0.000,113.369,4.852,0.086,0.322,0.001,0.000,0.321,1,0,0,1,3,0.062,18.820,18.836,16.255,18.949,1.000,RecoveryDeadline,0,1,0,0.000,4,2,2,1,0.060,0.000,0.060,0,100,0,41474,38924,2502,0,2429
53.404,Custom_loss6_delay0-100_dup0_reorder6_burst0,Loopback,1,1,0,,,0.000,0,21,1452,22.723,22.725,22.722,99.452,102.475,24.687,51.959,15.281,0.062,0.270,39657,2634,37217,34583,5100,3069,288,1511,1308,203,232,0,34583,1056,390,0,0,0,0,5.000,0,0,0,0,0,0,0,0,0,0,0,0,0,0,0,0.000,0.000,0.000,,1034,1034,5029,0,1,27.523,225.427,28.728,226.569,0.000,0.000,1025,1019,20314,1259,369,0,3596,5682,1453,1,fec-recovered,pending,H.264,0,1,24,20,4,3,2,2,10,22,0,0,42263,23,0,0,0,0,0,81.177,227,288,203,197,203,0,65.617,24.976,97.655,1,0,719,53,772,0,238,30,0.441,0.559,0.931,1.000,0.112,42.000,0.000,1.000,1.000,insufficient-sample,1839,15960,0,0,1141,14868,3596,34923,695,1078,3,14,34914,predicted-useful,fec-grace,5926,0.250,310,772,0,1,0,0,0,24,24,24,24,298,4804,298,4804,0,0,0,pacing,1,0.766,8.227,116.227,0,0,24,24,0,0,0,0,13,21,21,0,1381,1,1,sent,103,266,0,9,76,5,0,0,13,21,13,21,0,0,1441,2,stale-age,1,0,1,0,17,0,0,1,0,1,0,29,0,0,4829,4458,210,0,1,9500000,1200000,0,0,0,42247,42247,51840170,2290,2820401,1318,1631280,21,24794,1,1244,0.102,0.173,0.055,0,0,0,0,0,8.112,39.862,2555.625,492.050,2158,76856,39648,17184,37208,20024,0.302,27.758,0.035,2158,4258379,7192412,0.546,-2.041,0.439,18.556,76856,3596,1040,34923,814,2774,8,368,368,676,44,75,2,16,28,0,0,0,0,0,0,0,0,0,0,324,0,1,0,4,7057,5682,5682,0,0,0,0,0,,disabled,,0,0,0,0,,1,Fixed Quality,Hybrid,85,30,9500,12000,640,360,H.264,480,270,518400,28176,518400,28176,0.054,0.000,,0,0,0.000,2.725,0.000,0.000,0.068,7250,6750,6750,22,22,0,1,9500,1.000,0,9.389,0.000,0,0,0.000,0.000,0,0,0,0,0.294,0.637,0.069,1,0,0,disabled,24,1,1,161,365,161,159,45,273,273,1,4,keyframe-g4-priority,0,,0,0,15.392,23.727,0,,0.000,0.000,0.000,0.000,0,0,0,,53,0,0,5.545,0,1455,0.068,0.000,0.000,0.067,0.000,0.044,0.007,1,1,1,1,0,1,1,0,0,0,0,0,1.000,0.000,0.000,30,0,0.000,0,0,0,0.000,0.000,0.000,0.000,0.000,0.000,0.000,2.623,10.243,0,0,0,0,0,0,0,0,0.000,0.000,0.000,0.000,0.000,0.000,0,0.450,22.725,1025,1034,5029,28.720,226.505,83.354,226.505,25239.166,678,1,H.264,124.581,0,0,225.427,226.569,1.000,157.991,123.497,arrival-gap-jitter-spike,28164.739,0,1,1,1,1,53403.905,480.499,548.083,549.344,549.344,0,0,14,0,0,10,0,,,129.945,167.057,1164,1,decoded,0,0,0,0,0,0,0,0,0,0,,101.680,0.000,104.634,0.000,0.000,0.000,129.726,stale-before-upload,0.001,1452,0.000,110.465,5.376,0.077,0.412,0.044,0.000,0.368,1,0,0,1,3,0.062,22.723,22.725,15.281,22.722,1.000,RecoveryDeadline,0,1,0,0.000,2,1,1,1,0.060,0.000,0.060,0,100,0,42300,39722,2550,0,2479
54.412,Custom_loss6_delay0-100_dup0_reorder6_burst0,Loopback,1,1,0,,,0.000,0,21,1480,26.877,24.972,23.003,102.807,102.537,99.098,52.941,10.072,0.063,0.267,40379,2695,37902,35207,5189,3129,293,1535,1332,203,232,0,35207,1080,394,0,0,0,0,5.000,0,0,0,0,0,0,0,0,0,0,0,0,0,0,0,0.000,0.000,0.000,,1057,1057,5124,0,1,46.000,225.427,47.278,226.569,0.000,0.000,1048,1040,20692,1283,372,0,3654,5794,1481,1,fec-recovered,pending,H.264,0,1,22,14,8,6,3,1,6,16,0,0,43008,6,0,0,0,0,0,59.843,231,293,203,197,203,0,65.617,24.976,97.655,1,0,728,53,781,0,239,31,0.441,0.559,0.932,1.000,0.115,38.000,0.500,0.500,0.000,insufficient-sample,1873,16268,0,0,1163,15152,3654,35464,707,1102,3,14,35455,predicted-useful,likely-arrival,6035,0.636,313,781,0,1,0,0,0,24,24,24,24,301,4855,301,4855,0,0,0,pacing,1,0.805,8.068,116.068,0,0,24,24,0,0,0,0,13,21,21,0,1381,1,1,sent,106,272,0,11,77,5,0,0,13,21,13,21,0,0,1470,1,stale-frame-lag,1,0,1,0,17,0,0,1,0,1,0,29,0,0,4880,4538,214,0,1,9500000,1200000,3,3,0,43032,43029,52798447,2324,2862417,1340,1658368,21,24794,1,1244,0.102,0.173,0.055,0,0,0,0,0,2.567,39.862,1233.375,387.700,2197,78260,40377,17551,37883,20332,0.303,1.792,0.736,2197,5081684,7704047,1.272,74.411,0.437,7.758,78260,3654,1063,35464,826,2818,10,371,371,681,45,76,1,17,28,0,0,0,0,0,0,0,0,0,0,326,0,1,0,4,7195,5794,5794,0,0,0,0,0,,disabled,,0,0,0,0,,1,Fixed Quality,Hybrid,85,30,9500,12000,640,360,H.264,480,270,518400,26096,518400,26096,0.050,0.000,,0,0,0.000,2.588,0.000,0.000,0.091,6250,6250,6250,23,23,0,1,9500,0.880,1,13.855,0.000,0,0,4.000,0.839,30820,25844,0,0,0.296,0.636,0.068,1,0,0,latency-pressure-freshness-hold,22,1,1,163,369,163,161,45,277,277,1,4,keyframe-g4-priority,0,,0,0,17.286,21.976,0,,0.000,0.000,0.000,0.000,0,0,0,,54,0,0,2.599,0,1483,0.091,0.000,0.000,0.090,0.000,0.063,0.007,1,1,1,1,0,1,1,0,0,0,0,0,1.000,0.000,0.000,27,0,0.000,0,0,0,0.000,0.000,0.000,0.000,0.000,0.000,0.000,2.450,9.914,0,0,0,0,0,0,0,0,0.000,0.000,0.000,0.000,0.000,0.000,0,0.504,24.972,1048,1057,5124,47.462,226.505,83.354,226.505,25239.166,678,1,H.264,124.581,0,0,225.427,226.569,1.000,157.991,123.497,arrival-gap-jitter-spike,29172.933,0,1,1,1,1,54412.099,480.499,548.083,549.344,549.344,0,0,15,0,0,11,1,latency-pressure freshness,latency-over-80ms,147.523,167.057,1470,1,decoded,0,0,0,0,0,0,0,0,0,0,,101.443,0.000,103.873,9.719,0.000,117.111,131.404,stale-before-upload,0.001,1479,0.000,109.199,6.446,0.123,0.425,0.001,0.000,0.424,1,0,0,1,3,0.063,26.877,24.972,10.072,23.003,1.000,RecoveryDeadline,0,1,0,0.400,5,2,2,1,0.060,0.000,0.060,0,100,0,43083,40441,2595,0,2523
55.413,Custom_loss6_delay0-100_dup0_reorder6_burst0,Loopback,1,1,0,,,0.000,0,21,1505,20.399,20.351,20.603,98.601,102.461,102.074,53.943,6.568,0.062,0.266,41057,2716,38500,35784,5277,3179,297,1567,1359,208,234,0,35784,1099,399,0,0,0,0,5.000,0,0,0,0,0,0,0,0,0,0,0,0,0,0,0,0.000,0.000,0.000,,1076,1076,5221,0,1,41.402,225.427,42.454,226.569,0.000,0.000,1067,1060,21032,1307,377,0,3712,5892,1506,1,fec-parity,pending,H.264,0,1,23,21,2,6,4,2,4,14,0,0,43705,12,0,0,0,0,0,104.039,235,297,208,202,208,0,65.256,25.158,97.655,1,0,741,54,795,0,243,32,0.442,0.558,0.932,1.000,0.116,45.000,0.429,0.571,0.000,duplicate-guard,1905,16517,0,0,1183,15382,3712,35954,719,1121,3,14,35945,deferred-likely-arrival,likely-arrival,6134,0.391,319,795,0,1,0,0,0,25,25,25,25,306,4926,306,4926,0,0,0,pacing,1,0.795,12.428,120.428,0,0,25,25,0,0,0,0,14,22,22,0,1497,1,1,sent,108,275,0,11,78,5,0,0,14,22,14,22,0,0,1497,1,selected-repair,1,0,1,0,19,0,0,1,0,1,0,29,0,0,4952,4612,217,0,1,9500000,1200000,6,6,0,43754,43748,53685429,2364,2911739,1361,1684508,22,26038,1,1244,0.132,0.173,0.058,0,0,0,0,0,0.733,39.862,787.312,396.250,2234,79525,41032,17857,38493,20636,0.303,21.751,5.262,2234,4248972,7111953,0.822,60.124,0.506,15.402,79525,3712,1082,35954,841,2861,10,376,376,688,46,78,2,17,29,0,0,0,0,0,0,0,0,0,0,330,0,1,0,4,7310,5892,5892,0,0,0,0,0,,disabled,,0,0,0,0,,1,Fixed Quality,Hybrid,85,30,9500,12000,640,360,H.264,480,270,518400,27138,518400,27138,0.052,0.000,,0,0,0.000,2.453,0.000,0.000,0.090,7250,6500,6500,24,24,0,1,9500,1.000,0,18.417,0.000,0,0,4.000,0.840,28150,23636,0,0,0.296,0.636,0.068,1,0,0,disabled,23,1,1,166,377,166,164,47,282,282,1,4,keyframe-g4-priority,0,,0,0,20.454,22.853,0,,0.000,0.000,0.000,0.000,0,0,0,,55,0,0,10.506,0,1509,0.089,0.000,0.000,0.089,0.000,0.063,0.009,1,1,1,1,0,1,1,0,0,0,1,0,0.860,179.993,0.000,26,0,0.000,0,0,0,0.000,0.000,0.000,0.000,0.000,0.000,0.000,2.321,7.765,0,0,0,0,0,0,0,0,0.000,0.000,0.000,0.000,0.000,0.000,0,0.442,20.351,1067,1076,5221,42.473,226.505,83.354,226.505,25239.166,678,1,H.264,124.581,0,0,225.427,226.569,1.000,157.991,123.497,arrival-gap-jitter-spike,30173.650,0,1,1,1,1,55412.816,480.499,548.083,549.344,549.344,0,0,15,0,0,11,0,,,147.523,167.057,1470,1,decoded,0,0,0,0,0,0,0,0,0,0,,98.629,0.000,101.654,0.000,0.000,0.000,129.300,stale-before-upload,0.001,1505,0.000,107.368,5.269,0.088,0.255,0.001,0.000,0.255,1,0,0,1,3,0.062,20.399,20.351,6.568,20.603,1.000,RecoveryDeadline,0,1,0,1.000,1,1,1,1,0.060,0.000,0.060,0,100,0,43803,41119,2637,0,2562
56.413,Custom_loss6_delay0-100_dup0_reorder6_burst0,Loopback,1,1,0,,,0.000,0,21,1533,15.440,15.447,15.494,97.196,102.433,64.181,54.148,41.875,0.062,0.268,41801,2783,39212,36429,5367,3232,304,1594,1382,212,237,0,36429,1117,408,0,0,0,0,5.000,0,0,0,0,0,0,0,0,0,0,0,0,0,0,0,0.000,0.000,0.000,,1094,1094,5314,0,1,21.768,225.427,22.892,226.569,0.000,0.000,1085,1078,21419,1329,386,0,3778,5992,1534,1,fec-parity,pending,H.264,0,1,24,21,3,4,2,2,8,20,0,0,44518,16,0,0,0,0,0,87.798,240,304,212,206,212,0,65.451,24.982,97.655,1,0,757,57,814,0,250,32,0.441,0.559,0.930,1.000,0.113,45.000,0.333,0.667,0.000,duplicate-guard,1946,16813,0,0,1203,15647,3778,36552,740,1152,3,14,36541,predicted-useful,fec-grace,6240,0.167,326,814,0,1,0,0,0,25,25,25,25,313,5036,313,5036,0,0,0,pacing,1,0.810,13.535,121.535,0,0,25,25,0,0,0,0,14,22,22,0,1497,1,1,sent,110,280,0,11,80,5,0,0,14,22,14,22,0,0,1525,1,stale-age,1,0,1,0,19,0,0,1,0,1,0,29,0,0,5062,4693,221,1,1,9500000,1200000,0,0,0,44536,44536,54653771,2389,2942887,1368,1693248,22,26038,1,1244,0.132,0.173,0.058,0,0,0,0,0,20.518,39.862,841.938,4800.000,2276,81009,41797,18176,39212,21036,0.303,30.558,1.279,2276,5968712,9288288,0.905,40.521,0.485,19.413,81009,3778,1100,36552,859,2909,10,385,385,703,46,78,2,17,29,0,0,0,0,0,0,0,0,0,0,339,0,1,0,4,7447,5992,5992,0,0,0,0,0,,disabled,,0,0,0,0,,1,Fixed Quality,Hybrid,85,30,9500,12000,640,360,H.264,480,270,518400,28178,518400,28178,0.054,0.000,,0,0,0.000,2.405,0.000,0.000,0.096,7250,6750,6750,25,25,0,1,9500,1.000,0,20.518,0.000,0,0,0.000,0.000,0,0,0,0,0.295,0.635,0.070,1,0,0,disabled,24,0,0,169,384,169,168,47,287,287,0,4,large-au-observed,0,,0,0,18.416,23.729,0,,0.000,0.000,0.000,0.000,0,0,0,,55,0,0,6.235,0,1536,0.095,0.000,0.000,0.095,0.000,0.065,0.010,1,1,1,1,0,1,1,0,0,0,1,0,0.860,154.402,0.000,26,0,0.000,0,0,0,0.000,0.000,0.000,0.000,0.000,0.000,0.000,2.299,10.268,0,0,0,0,0,0,0,0,0.000,0.000,0.000,0.000,0.000,0.000,0,0.426,15.447,1085,1094,5314,22.969,226.505,83.354,226.505,25239.166,678,1,H.264,124.581,0,0,225.427,226.569,1.000,157.991,123.497,arrival-gap-jitter-spike,31174.053,0,1,1,1,1,56413.219,480.499,548.083,549.344,549.344,0,0,15,0,0,11,0,,,147.523,167.057,1470,1,decoded,0,0,0,0,0,0,0,0,0,0,,104.676,0.000,107.612,0.000,0.000,0.000,133.598,stale-before-upload,0.001,1533,0.000,112.704,4.649,0.077,0.265,0.001,0.000,0.265,1,0,0,1,3,0.062,15.440,15.447,41.875,15.494,1.000,Jitter,0,1,0,0.000,1,3,3,1,0.060,0.000,0.060,0,100,0,44592,41867,2689,0,2603
57.416,Custom_loss6_delay0-100_dup0_reorder6_burst0,Loopback,1,1,0,,,0.000,0,21,1561,15.745,15.740,15.766,119.555,102.452,21.388,53.506,28.008,0.063,0.270,42568,2841,39950,37109,5456,3280,308,1624,1405,219,244,0,37109,1133,419,0,0,0,0,5.000,0,0,0,0,0,0,0,0,0,0,0,0,0,0,0,0.000,0.000,0.000,,1110,1110,5413,0,1,90.332,225.427,91.521,226.569,0.000,0.000,1101,1094,21807,1352,397,0,3848,6092,1563,1,fec-parity,pending,H.264,0,1,24,14,10,3,1,1,1,12,0,0,45363,4,0,0,0,0,0,65.012,243,308,219,213,219,0,65.604,25.170,98.056,1,0,771,59,830,0,257,32,0.441,0.559,0.929,1.000,0.111,43.000,0.000,1.000,0.000,insufficient-sample,1984,17120,0,0,1225,15925,3848,37212,755,1176,4,19,37203,predicted-useful,fec-grace,6349,0.167,332,830,0,1,0,0,0,25,25,25,25,319,5135,319,5135,0,0,0,pacing,1,0.801,9.415,117.415,0,0,25,25,0,0,0,0,14,22,22,0,1497,1,1,sent,111,283,0,11,81,5,0,0,14,22,14,22,0,0,1539,3,stale-age,1,0,1,0,19,0,0,1,0,1,0,31,0,0,5161,4778,225,1,1,9500000,1200000,0,0,0,45362,45362,55665805,2435,2999535,1393,1724396,22,26038,1,1244,0.132,0.173,0.058,0,0,0,0,0,14.460,39.862,4560.000,4800.000,2317,82496,42546,18581,39950,21369,0.304,4.983,0.351,2317,6694266,9741477,1.134,23.858,0.521,8.955,82496,3848,1116,37212,877,2961,10,396,396,726,46,78,2,17,29,0,0,0,0,0,0,0,0,0,0,350,0,1,0,4,7587,6092,6092,0,0,0,0,0,,disabled,,0,0,0,0,,1,Fixed Quality,Hybrid,85,30,9500,12000,640,360,H.264,480,270,518400,0,518400,28178,0.054,0.000,,0,0,0.000,8.424,0.000,7.461,0.927,7250,6750,6750,25,25,0,1,9500,1.000,0,14.460,0.000,0,0,0.000,0.000,0,0,0,0,0.000,1.000,0.000,1,0,0,disabled,0,0,0,173,393,173,171,49,293,293,0,4,async-output-pending,0,,0,0,0.000,0.000,0,,14.460,4560.000,39583.333,0.000,0,0,0,,56,0,0,0.000,1,0,0.914,0.201,0.710,0.000,0.000,0.000,0.000,0,0,1,1,1,0,0,1,1,0,0,0,1.000,0.000,0.000,30,0,0.000,0,0,0,0.000,0.000,0.000,0.000,0.000,0.000,0.000,0.000,24.656,0,0,0,0,0,0,0,0,0.000,0.000,0.000,0.000,0.000,0.000,0,0.472,15.740,1101,1110,5413,91.744,226.505,83.354,226.505,25239.166,678,1,H.264,124.581,0,0,225.427,226.569,1.000,157.991,123.497,arrival-gap-jitter-spike,32176.987,0,1,1,1,1,57416.153,480.499,548.083,549.344,549.344,0,0,15,0,0,11,0,,,147.523,167.057,1470,1,decoded,0,0,0,0,0,0,0,0,0,0,,108.021,0.000,110.892,0.000,0.000,0.000,139.778,stale-before-upload,0.001,1561,0.000,114.608,3.216,0.088,0.528,0.142,0.000,0.386,1,0,0,1,3,0.063,15.745,15.740,28.008,15.766,1.000,RecoveryDeadline,0,1,0,0.500,2,1,1,1,0.060,0.000,0.060,0,100,0,45419,42638,2751,0,2642
58.421,Custom_loss6_delay0-100_dup0_reorder6_burst0,Loopback,1,1,0,,,0.000,0,21,1588,25.265,25.236,25.576,118.150,102.545,44.921,53.341,16.106,0.063,0.270,43360,2896,40708,37812,5556,3346,315,1646,1423,223,249,0,37812,1154,426,0,0,0,0,5.000,0,0,0,0,0,0,0,0,0,0,0,0,0,0,0,0.000,0.000,0.000,,1131,1131,5504,0,1,22.302,225.427,23.474,226.569,0.000,0.000,1122,1115,22216,1377,404,0,3916,6207,1592,1,fec-parity,pending,H.264,0,1,24,15,9,4,1,1,3,13,0,0,46229,14,0,0,0,0,0,57.768,246,315,223,217,223,0,65.731,24.998,98.056,1,0,785,60,845,0,260,33,0.439,0.561,0.929,1.000,0.113,39.000,0.250,0.750,0.333,retransmit-late,2026,17433,0,0,1248,16207,3916,37868,774,1207,4,19,37859,predicted-useful,fec-grace,6463,0.417,337,845,0,1,0,0,0,25,25,25,25,324,5220,324,5220,0,0,0,pacing,1,0.825,6.041,114.041,0,0,25,25,0,0,0,0,14,22,22,0,1497,1,1,sent,113,288,0,12,82,5,0,0,14,22,14,22,0,0,1581,2,stale-frame-lag,1,0,1,0,19,0,0,1,0,1,0,31,0,0,5246,4865,228,0,1,9500000,1200000,0,0,0,46217,46217,56713341,2480,3054941,1418,1755544,22,26038,1,1244,0.132,0.173,0.058,0,0,0,0,0,19.234,39.862,10545.000,4800.000,2359,84036,43343,18909,40693,21784,0.304,36.779,2.952,2359,4704084,7910528,1.491,23.793,0.439,22.578,84036,3916,1137,37868,892,3014,10,403,403,742,47,79,1,18,29,0,0,0,0,0,0,0,0,0,0,356,0,1,0,4,7729,6207,6207,0,0,0,0,0,,disabled,,0,0,0,0,,1,Fixed Quality,Hybrid,85,30,9500,12000,640,360,H.264,480,270,518400,28178,518400,28178,0.054,0.000,,0,0,0.000,2.041,0.000,0.000,0.092,7250,6750,6750,25,25,0,1,9500,1.000,0,19.234,0.000,0,0,0.000,0.000,0,0,0,0,0.291,0.638,0.071,1,0,0,disabled,24,0,0,177,400,177,174,49,298,298,0,4,large-au-observed,0,,0,0,16.398,23.729,0,,0.000,0.000,0.000,0.000,0,0,0,,57,0,0,12.031,0,1593,0.091,0.000,0.000,0.090,0.000,0.063,0.011,1,1,1,1,0,1,1,0,0,0,0,0,1.000,0.000,0.000,30,0,0.000,0,0,0,0.000,0.000,0.000,0.000,0.000,0.000,0.000,1.940,21.713,0,0,0,0,0,0,0,0,0.000,0.000,0.000,0.000,0.000,0.000,0,0.497,25.237,1122,1131,5504,23.349,226.505,83.354,226.505,25239.166,678,1,H.264,124.581,0,0,225.427,226.569,1.000,157.991,123.497,arrival-gap-jitter-spike,33182.142,0,1,1,1,1,58421.308,480.499,548.083,549.344,549.344,0,0,15,0,0,11,0,,,147.523,167.057,1470,1,decoded,0,0,0,0,0,0,0,0,0,0,,109.599,0.000,112.876,0.000,0.000,0.000,139.075,stale-before-upload,0.001,1588,0.000,118.441,5.046,0.096,0.317,0.001,0.000,0.316,1,0,0,1,3,0.063,25.265,25.236,16.106,25.576,1.000,Loss,0,1,0,0.500,2,1,1,1,0.060,0.000,0.060,0,100,0,46275,43429,2808,0,2689
59.428,Custom_loss6_delay0-100_dup0_reorder6_burst0,Loopback,1,1,0,,,0.000,0,21,1619,22.449,20.581,20.357,98.924,102.548,69.569,53.647,16.090,0.063,0.268,44143,2962,41458,38496,5643,3398,316,1677,1451,226,252,0,38496,1178,431,0,0,0,0,5.000,0,0,0,0,0,0,0,0,0,0,0,0,0,0,0,0.000,0.000,0.000,,1154,1154,5597,0,1,27.437,225.427,28.456,226.569,0.000,0.000,1145,1137,22598,1404,408,0,3979,6322,1621,1,nack-sent,pending,H.264,1,1,24,8,16,2,0,1,0,16,1,0,47072,7,47097,2,0,0,0,22.627,252,316,226,220,226,0,65.769,25.014,98.056,1,0,795,62,857,0,265,34,0.444,0.556,0.928,1.000,0.114,41.000,0.667,0.333,1.000,insufficient-sample,2061,17746,0,0,1271,16502,3979,38531,786,1225,4,19,38522,predicted-useful,likely-arrival,6575,0.667,341,857,0,1,0,0,0,25,25,25,25,328,5283,328,5283,0,0,0,pacing,1,0.812,7.971,115.971,0,0,25,25,0,0,0,0,14,22,22,0,1497,1,1,sent,113,288,0,12,82,5,0,0,14,22,14,22,0,0,1581,2,stale-frame-lag,1,0,1,0,19,0,0,1,0,1,0,31,0,0,5309,4948,232,0,1,9500000,1200000,11,0,11,47069,47058,57744037,2552,3143361,1472,1821564,22,26038,1,1244,0.132,0.173,0.058,0,0,0,0,0,0.854,39.862,1150.688,3809.250,2404,85566,44122,19251,41444,22193,0.304,11.348,3.528,2404,5739376,9200868,1.582,23.964,0.502,12.356,85566,3979,1161,38531,905,3064,10,407,407,749,48,80,1,19,29,0,0,0,0,0,0,0,0,0,0,359,0,1,0,4,7860,6322,6322,0,0,0,0,0,,disabled,,0,0,0,0,,1,Fixed Quality,Hybrid,85,30,9500,12000,640,360,H.264,480,270,518400,28176,518400,28176,0.054,0.000,,0,0,0.000,2.051,0.000,0.000,0.087,7250,6750,6750,25,25,0,1,9500,1.000,0,5.440,0.000,0,0,0.000,0.000,0,0,0,0,0.294,0.634,0.072,1,0,0,disabled,24,0,0,181,407,181,175,51,303,303,0,4,large-au-observed,0,,0,0,0.083,23.727,0,,0.000,0.000,0.000,0.000,0,0,0,,59,0,0,5.356,0,1622,0.087,0.000,0.000,0.086,0.000,0.059,0.008,1,1,1,1,0,1,1,0,0,0,0,0,1.000,0.000,0.000,30,0,0.000,0,0,0,0.000,0.000,0.000,0.000,0.000,0.000,0.000,1.957,10.163,0,0,0,0,0,0,0,0,0.000,0.000,0.000,0.000,0.000,0.000,0,0.406,20.581,1145,1154,5597,28.623,226.505,83.354,226.505,25239.166,678,1,H.264,124.581,0,0,225.427,226.569,1.000,157.991,123.497,arrival-gap-jitter-spike,34188.736,0,1,1,1,1,59427.902,480.499,548.083,549.344,549.344,0,0,15,0,0,11,0,,,147.523,167.057,1470,1,decoded,0,0,0,0,0,0,0,0,0,0,,102.674,0.000,105.480,4.376,0.000,107.800,129.462,stale-before-upload,0.000,1618,0.000,111.067,4.560,0.077,0.672,0.364,0.000,0.308,1,0,0,1,3,0.063,22.449,20.581,16.090,20.357,1.000,RecoveryDeadline,0,1,0,0.500,2,1,1,1,0.060,0.000,0.060,0,100,0,47117,44210,2860,0,2738
60.434,Custom_loss6_delay0-100_dup0_reorder6_burst0,Loopback,1,1,0,,,0.000,0,21,1647,21.886,21.890,21.991,101.074,102.611,96.266,54.436,38.193,0.063,0.268,44914,3002,42173,39171,5737,3458,323,1702,1473,229,254,0,39171,1198,438,0,0,0,0,5.000,0,0,0,0,0,0,0,0,0,0,0,0,0,0,0,0.000,0.000,0.000,,1174,1174,5689,0,1,82.875,225.427,83.884,226.569,0.000,0.000,1165,1158,23003,1427,415,0,4053,6432,1649,1,nack-suppressed-fec-grace,pending,H.264,0,1,24,7,17,1,0,0,0,0,0,0,47902,10,0,0,0,0,0,41.383,256,323,229,223,229,0,65.939,24.768,98.056,1,0,809,61,870,0,268,36,0.442,0.558,0.930,1.000,0.118,39.000,0.143,0.857,0.000,duplicate-guard,2097,18105,0,0,1294,16838,4053,39282,799,1248,4,19,39273,predicted-useful,fec-grace,6694,0.000,346,870,0,1,0,0,0,25,25,25,25,333,5369,333,5369,0,0,0,pacing,1,0.836,11.587,119.587,0,0,25,25,0,0,0,0,14,22,22,0,1497,1,1,sent,115,294,0,13,83,5,0,0,14,22,14,22,0,0,1625,2,stale-frame-lag,1,0,1,0,19,0,0,1,0,1,0,31,0,0,5395,5041,236,0,1,9500000,1200000,11,0,11,47892,47881,58752339,2565,3159533,1472,1821564,22,26038,1,1244,0.132,0.173,0.058,0,0,0,0,0,0.489,39.862,769.500,4800.000,2445,87058,44891,19571,42167,22596,0.304,15.934,3.530,2445,5001590,8301034,1.501,24.511,0.498,15.539,87058,4052,1181,39275,919,3123,10,414,414,762,49,82,2,19,30,0,0,0,0,0,0,0,0,0,0,365,0,1,0,4,8004,6432,6432,0,0,0,0,0,,disabled,,0,0,0,0,,1,Fixed Quality,Hybrid,85,30,9500,12000,640,360,H.264,480,270,518400,28178,518400,28178,0.054,0.000,,0,0,0.000,1.982,0.000,0.000,0.079,7250,6750,6750,25,25,0,1,9500,1.000,0,13.039,0.000,0,0,0.000,0.000,0,0,0,0,0.294,0.636,0.070,1,0,0,disabled,24,0,0,185,412,185,176,51,307,307,0,4,large-au-observed,0,,0,0,16.681,23.729,0,,0.000,0.000,0.000,0.000,0,0,0,,59,0,0,6.026,0,1650,0.079,0.000,0.000,0.078,0.000,0.051,0.009,1,1,1,1,0,1,1,0,0,0,0,0,1.000,0.000,0.000,30,0,0.000,0,0,0,0.000,0.000,0.000,0.000,0.000,0.000,0.000,1.893,10.299,0,0,0,0,0,0,0,0,0.000,0.000,0.000,0.000,0.000,0.000,0,0.351,21.890,1165,1174,5689,83.941,226.505,83.354,226.505,25239.166,678,1,H.264,124.581,0,0,225.427,226.569,1.000,157.991,123.497,arrival-gap-jitter-spike,35194.730,0,1,1,1,1,60433.896,480.499,548.083,549.344,549.344,0,0,15,0,0,11,0,,,147.523,167.057,1470,1,decoded,0,0,0,0,0,0,0,0,0,0,,110.578,0.000,113.372,0.000,0.000,0.000,135.537,stale-before-upload,0.000,1647,0.000,119.870,6.138,0.076,0.727,0.441,0.000,0.286,1,0,0,1,3,0.063,21.886,21.890,38.193,21.991,1.000,Jitter,0,1,0,0.000,1,2,2,1,0.060,0.000,0.060,0,100,0,47941,44985,2916,0,2787
