timeSec,scenarioName,networkRuntimeMode,networkModeSendingEnabled,networkModeReceivingEnabled,networkExperimentActive,networkExperimentScenarioName,networkExperimentAdaptiveMode,networkExperimentRemainingSec,networkExperimentStepIndex,networkExperimentStepCount,frameId,receiveFps,decodeFps,displayFps,currentLatencyMs,averageLatencyMs,currentRttMs,averageRttMs,currentJitterMs,packetLossRate,frameDropRate,receivedPackets,missingPackets,sequenceGapPackets,sequenceGapRecoveredPackets,duplicatePackets,duplicateOriginalPackets,duplicateRetransmitPackets,duplicateLateAfterCompletedPackets,duplicateLateAfterCompletedOriginalPackets,duplicateLateAfterCompletedRetransmitPackets,duplicateLateAfterExpiredPackets,duplicateLateAfterRejectedPackets,reorderedPackets,completedFrames,droppedFrames,deadlineDroppedFrames,outputQueueDroppedFrames,outputQueueDropEvents,outputQueueDropBurstEvents,startupWarmupSec,startupWarmupActive,outputQueueDroppedFramesDelta,outputQueueDropEventsDelta,outputQueueDropBurstEventsDelta,startupOutputQueueDroppedFrames,startupOutputQueueDropEvents,startupOutputQueueDropBurstEvents,steadyOutputQueueDroppedFrames,steadyOutputQueueDropEvents,steadyOutputQueueDropBurstEvents,evaluationOutputQueueDroppedFrames,evaluationOutputQueueDropEvents,evaluationOutputQueueDropBurstEvents,lastOutputQueueDropFrameCount,lastOutputQueueDropQueueSize,lastOutputQueueDropOldestAgeMs,lastOutputQueueDropNewestAgeMs,maxOutputQueueDropOldestAgeMs,lastOutputQueueDropReason,completedQueuePushes,completedQueuePops,completedQueueEmptyPolls,completedQueueSize,maxCompletedQueueSize,completedQueueLastPopAgeMs,completedQueueMaxPopAgeMs,completedQueueLastPushIntervalMs,completedQueueMaxPushIntervalMs,lastOutputQueueDropPopAgeMs,lastOutputQueueDropPushIntervalMs,decodedFrames,displayedFrames,frameRecoveryOutcomeEvents,frameRecoveryCompletedFrames,frameRecoveryExpiredFrames,frameRecoveryRejectedFrames,frameRecoveryNackSentFrames,frameRecoveryFecRecoveredFrames,frameRecoveryLastFrameId,frameRecoveryLastStreamId,frameRecoveryLastEvent,frameRecoveryLastOutcome,frameRecoveryLastCodec,frameRecoveryLastKeyFrame,frameRecoveryLastLargeFrame,frameRecoveryLastChunkCount,frameRecoveryLastReceivedChunks,frameRecoveryLastMissingChunks,frameRecoveryLastFecParityPackets,frameRecoveryLastFecRecoveredChunks,frameRecoveryLastNackCount,frameRecoveryLastPostNackReceivedChunks,frameRecoveryLastNackRequestedChunks,frameRecoveryLastRetransmitReceivedChunks,frameRecoveryLastRetransmitDuplicatePackets,frameRecoveryLastPacketSequence,frameRecoveryLastPacketChunkIndex,frameRecoveryLastRetransmitSequence,frameRecoveryLastRetransmitChunkIndex,frameRecoveryLastEventPacketSequence,frameRecoveryLastEventPacketChunkIndex,frameRecoveryLastEventWasRetransmit,frameRecoveryLastAgeMs,retransmitUsefulChunks,retransmitDuplicatePackets,retransmitLateAfterCompletedPackets,retransmitLateAfterCompletedLargePackets,retransmitLateAfterCompletedSentBeforeCompletePackets,retransmitLateAfterCompletedSentAfterCompletePackets,retransmitLateAfterCompletedAvgSendToCompleteMs,retransmitLateAfterCompletedAvgDelayMs,retransmitLateAfterCompletedMaxDelayMs,retransmitLateAfterExpiredPackets,retransmitLateAfterRejectedPackets,retransmitClassifiedPackets,retransmitNotArrivedPackets,retransmitAccountedPackets,retransmitUnclassifiedPackets,retransmitCompletedFrames,retransmitExpiredFrames,retransmitUsefulnessRatio,retransmitDuplicateRatio,retransmitFinalClassificationRatio,retransmitFinalAccountingRatio,retransmitExpiredAfterUsefulRatio,dynamicNackDeadlineMs,dynamicNackUsefulnessRatio,dynamicNackDuplicateRatio,dynamicNackExpiredAfterRetransmitRatio,dynamicNackDecisionReason,nackSuppressedFrames,nackSuppressedMissingChunks,nackPreflightSuppressedFrames,nackPreflightSuppressedChunks,nackFecGraceSuppressedFrames,nackFecGraceSuppressedChunks,nackPredictedUsefulFrames,nackPredictedUsefulChunks,nackDeferredForLikelyArrivalFrames,nackDeferredForLikelyArrivalChunks,nackSkippedTooLateFrames,nackSkippedTooLateChunks,nackRequestedChunkBudget,nackLastShapingReason,nackLastSuppressionReason,ackCount,lastAckMissingRate,ackRetransmittedFrames,ackRetransmittedChunks,repairCanceledByCompleteAckPackets,repairSkippedByTtlPackets,repairQueuedButCanceledPackets,repairSentAfterCompleteAckPackets,repairSentAfterCompleteAckLargePackets,repairSuppressedByFecLikelyFrames,repairSuppressedByFecLikelyPackets,repairSuppressedByFecLikelyLargeFrames,repairSuppressedByFecLikelyLargePackets,repairBudgetSuppressedFrames,repairBudgetSuppressedPackets,repairBudgetSuppressedLargeFrames,repairBudgetSuppressedLargePackets,repairRaceGuardSuppressedFrames,repairRaceGuardSuppressedPackets,repairRaceGuardSuppressedLargePackets,repairBudgetProfile,repairBudgetProfileSwitches,repairBudgetSmoothedMissingRate,repairBudgetSmoothedPacingQueueDelayMs,repairBudgetSmoothedDeliveryMs,repairFecLikelySuppressedCompletedFrames,repairFecLikelySuppressedCompletedPackets,repairFecLikelySuppressedExpiredFrames,repairFecLikelySuppressedExpiredPackets,repairFecLikelySuppressedPendingFrames,repairFecLikelySuppressedPendingPackets,repairFecLikelySuppressionRescueFrames,repairFecLikelySuppressionRescuePackets,lateRepairSavedPackets,ackStaleDroppedFrames,ackKeyFrameRequests,ackKeyFramePending,pacingEnabled,pacingTargetBitrateBps,pacingRepairTargetBitrateBps,pacingQueuedPackets,pacingHighPriorityQueuedPackets,pacingNormalQueuedPackets,pacingEnqueuedPackets,pacingSentPackets,pacingSentBytes,pacingRepairSentPackets,pacingRepairSentBytes,pacingRepairBorrowedPackets,pacingRepairBorrowedBytes,pacingDroppedPackets,pacingDeadlineDroppedPackets,pacingHighPriorityDeadlineDroppedPackets,pacingNormalDeadlineDroppedPackets,pacingOverflowDroppedPackets,pacingCurrentQueueDelayMs,pacingMaxQueueDelayMs,pacingVideoCreditBytes,pacingRepairCreditBytes,transportFeedbackPackets,transportFeedbackPacketStatuses,transportFeedbackReceivedPackets,transportFeedbackMissingPackets,transportFeedbackSequenceGapPackets,transportFeedbackSequenceGapRecoveredPackets,transportFeedbackLossRate,transportFeedbackArrivalJitterMs,transportFeedbackQueueDelayTrendMs,transportFeedbackLastSequence,estimatedBandwidthBps,deliveryRateBps,bandwidthQueueDelayMs,bandwidthRttTrendMs,bandwidthLossTrend,bandwidthJitterTrendMs,bandwidthFeedbackSamples,deadlineNackSentFrames,deadlineNackRecoveredFrames,deadlineNackMissingChunks,deadlineNackSentH264KeyFrames,deadlineNackSentH264LargeFrames,deadlineNackSentH264DeltaFrames,deadlineNackExpiredDroppedFrames,deadlineNackExpiredAfterNackFrames,deadlineNackExpiredMissingChunks,deadlineNackExpiredH264KeyFrames,deadlineNackExpiredH264LargeFrames,deadlineNackExpiredH264DeltaFrames,fecEnabled,adaptiveFecEnabled,fecGroupChunkCount,fecParityPackets,fecRecoveredFrames,fecRecoveredChunks,h264ReassemblerAuRejectedFrames,h264ReassemblerHeaderFailures,h264ReassemblerPayloadSizeMismatches,h264ReassemblerFrameIdMismatches,h264ReassemblerCrcMismatches,h264ReassemblerLastRejectReason,adaptiveFecDecisionReason,adaptiveFecHoldReason,adaptiveFecG8ToG4Recovery,adaptiveFecQualityHoldActive,adaptiveFecQualityHoldCanceled,adaptiveFecEmergencyG2Active,adaptiveFecEarlyOffReason,adaptiveEnabled,adaptiveControlMode,adaptiveCongestionControlMode,targetJpegQuality,targetFps,targetBitrateKbps,adaptiveBandwidthCeilingKbps,targetWidth,targetHeight,actualCodec,actualEncodeWidth,actualEncodeHeight,actualRawFrameBytes,actualEncodedFrameBytes,rawFrameBytes,encodedFrameBytes,compressionRatio,captureFps,cameraCaptureSubtype,cameraCaptureWidth,cameraCaptureHeight,cameraCaptureFormatFps,encodeMs,resizeMs,nv12PrepareMs,h264EncodeMs,h264EncoderRequestedBitrateKbps,h264EncoderTargetBitrateKbps,h264EncoderAppliedBitrateKbps,h264DynamicBitrateUpdateRequests,h264DynamicBitrateUpdateSuccesses,h264DynamicBitrateUpdateFailures,h264EncoderReinitializations,pacingBudgetTargetBitrateKbps,h264VideoBudgetScale,pacingBurstGuardActive,fixedPacingRecentMaxQueueDelayMs,fixedPacingQueueReleaseStableSec,fixedPacingQueueRecovered,fixedPacingQueueReleaseEligible,adaptiveRepairBudgetUtilization,adaptiveRepairBorrowedRatio,adaptiveRepairSentBytesDelta,adaptiveRepairBorrowedBytesDelta,adaptiveRepairBudgetGuardActive,adaptiveRepairVideoBudgetPressure,adaptiveRetransmitUsefulRatio,adaptiveLateRepairWasteRatio,adaptiveRetransmitNotArrivedRatio,adaptiveRetransmitAccountingComplete,adaptiveLateRepairWastePressure,adaptiveRetransmitNotArrivedPressure,adaptiveRepairDecisionReason,h264AuChunkCount,h264AuIsIdr,h264AuIsDecoderSync,h264AuProtectionLevel,h264AuDroppedBeforeSend,h264AuDropReason,h264AuDroppedBytes,h264AuDroppedChunks,h264AuPacingQueueDelayMs,h264AuEstimatedSendMs,h264InputGatedByPacing,h264InputGateReason,h264InputGateQueueDelayMs,h264InputGateVideoCreditBytes,h264InputGateFrameBudgetBytes,h264InputGateDurationMs,h264InputGateConsecutiveFrames,h264InputGateSkippedInputFrames,h264InputGateForcedOpen,h264InputGateReleaseReason,fecProtectedH264KeyFrames,fecProtectedH264LargeFrames,h264EncoderDelayFrames,h264EncoderDelayMs,h264EncoderPendingFrames,h264EncodedInputFrameId,h264EncoderCallMs,h264EncoderSampleCreateMs,h264EncoderProcessInputMs,h264EncoderPreInputPollMs,h264EncoderPostInputWaitMs,h264EncoderProcessOutputMs,h264EncoderOutputCopyMs,h264EncoderProcessOutputAttempts,h264EncoderAsyncEventCount,h264EncoderHardware,h264EncoderAsync,h264EncoderNeedInputSignaled,h264EncoderOutputProduced,h264EncoderOutputProducedBeforeInput,h264SubmittedNewInput,h264AsyncSubmittedWithoutOutput,h264AsyncPendingNoOutput,h264AsyncCadenceHoldActive,h264AsyncPendingNoOutputStreak,h264AsyncCadenceScale,h264AsyncCadenceHoldRemainingMs,h264AsyncOutputPollBackoffMs,h264InputCadenceFps,h264NeedInputSubmitWake,h264NeedInputSubmitLeadMs,encodedCameraFrameId,encodedCameraSourceTimestamp100ns,encodedCameraCaptureCompletedTimeUs,encodedCameraFrameAgeMs,encodedCameraReadSampleMs,encodedCameraReadSampleEndToCaptureMs,encodedCameraCaptureToPublishMs,encodedCameraPublishToAcquireMs,encodedCameraAcquireToEncoderInputMs,jpegEncodeMs,packetizeMs,sendFrameIntervalMs,cameraFrameReady,cameraFrameId,cameraSourceTimestamp100ns,cameraReadSampleStartTimeUs,cameraReadSampleEndTimeUs,cameraCaptureCompletedTimeUs,cameraFramePublishedTimeUs,cameraSenderAcquireTimeUs,cameraReadSampleMs,cameraReadSampleEndToCaptureMs,cameraCaptureToPublishMs,cameraPublishToAcquireMs,cameraAcquireToSendMs,cameraFrameAgeMs,cameraFrameCacheUsed,receiveJpegDecodeMs,receiveDecodeWorkerFps,receiveDecodeWorkerFrames,receiveDecodePopSuccesses,receiveDecodePopEmptyPolls,receiveDecodeLoopLastPopGapMs,receiveDecodeLoopMaxPopGapMs,receiveStartupDecodeLoopMaxPopGapMs,receiveSteadyDecodeLoopMaxPopGapMs,receiveSteadyDecodeLoopMaxPopGapAtMs,receiveSteadyDecodeLoopMaxPopGapFrameId,receiveSteadyDecodeLoopMaxPopGapStreamId,receiveSteadyDecodeLoopMaxPopGapCodec,receiveSteadyDecodeLoopMaxPopGapInputFrameAgeMs,receiveSteadyDecodeLoopMaxPopGapDecodedQueueSize,receiveSteadyDecodeLoopMaxPopGapCompletedQueueSize,receiveSteadyDecodeLoopMaxPopGapCompletedQueuePopAgeMs,receiveSteadyDecodeLoopMaxPopGapCompletedQueuePushIntervalMs,receiveSteadyDecodeLoopMaxPopGapArrivalRatio,receiveSteadyDecodeLoopMaxPopGapReceiverJitterMs,receiveSteadyDecodeLoopMaxPopGapReceiverLatencyMs,receiveSteadyDecodeLoopMaxPopGapClass,receiveSteadyDecodeLoopMaxPopGapAgeMs,receiveH264StartupActive,receiveH264StartupDecoderSynced,receiveH264StartupFirstDecoded,receiveH264StartupFirstDisplayed,receiveH264StartupReady,receiveH264StartupElapsedMs,receiveH264StartupDecoderSyncMs,receiveH264StartupFirstDecodedMs,receiveH264StartupFirstDisplayedMs,receiveH264StartupReadyMs,receiveH264StartupQueueFlushFrames,receiveDecodeOverwrittenFrames,receiveDecodeQueueDroppedFrames,receiveDecodeRenderOverwriteFrames,receiveDecodeFailures,receiveFreshnessDroppedFrames,receiveFreshnessDroppedFramesDelta,receiveFreshnessDropClass,receiveFreshnessDropEvidence,receiveLastFreshnessDropAgeMs,receiveMaxFreshnessDropAgeMs,receiveLastFreshnessDropFrameId,receiveLastFreshnessDropStreamId,receiveLastFreshnessDropCodec,receiveH264AuInvalidFrames,receiveH264AuCrcMismatches,receiveH264AuPayloadSizeMismatches,receiveH264AuNalCountMismatches,receiveH264AuNoAnnexBNals,receiveH264AuIdrFlagMismatches,receiveH264AuSpsPpsFlagMismatches,receiveH264AuSyncWithoutIdr,receiveH264AuIdrWithoutSpsPps,receiveH264AuForbiddenZeroBit,receiveH264AuLastInvalidReason,receiveDecodeInputFrameAgeMs,receiveDecodeInputCameraFrameAgeMs,receiveDecodeInputEncoderOutputAgeMs,receiveLatestDecodedFrameAgeMs,receiveLatestDecodedCameraFrameAgeMs,receiveLatestDecodedEncoderOutputAgeMs,receiveFreshnessDropThresholdMs,receiveDecodeLastDropReason,receiveUploadBufferWaitMs,receiveDisplayFrameId,receiveDisplayCameraFrameAgeMs,receiveDisplayEncoderOutputAgeMs,receiveDisplayDecodedFrameAgeMs,textureUploadMs,presentGpuWaitMs,renderFramePacingWaitMs,waitableSwapChainWaitMs,presentMs,presentSyncInterval,lowLatencyPresentMode,waitableSwapChainPacingEnabled,waitableSwapChainAvailable,swapChainBufferCount,adaptiveInputPacketLossRate,adaptiveInputReceiveFps,adaptiveInputDecodeFps,adaptiveInputJitterMs,adaptiveInputDisplayFps,adaptiveQoeScore,adaptiveDegradationCause,adaptiveArrivalGapJitterSpikeActive,adaptiveFecRecoveryWorking,adaptiveFecGuardActive,adaptiveFecRecoveryEfficiency,adaptiveFecParityPacketDelta,adaptiveFecRecoveredFrameDelta,adaptiveFecRecoveredChunkDelta,simEnabled,simLossRate,simDuplicateRate,simReorderRate,simMinDelayMs,simMaxDelayMs,simBurstLossLength,simSubmittedPackets,simSentPackets,simDroppedPackets,simDuplicatedPackets,simReorderedPackets
0.162,Custom_loss6_delay0-100_dup0_reorder6_burst0,Loopback,1,1,0,,,0.000,0,21,0,0.000,0.000,0.000,0.000,0.000,0.000,0.000,0.000,0.000,0.000,0,0,0,0,0,0,0,0,0,0,0,0,0,0,0,0,0,0,0,5.000,1,0,0,0,0,0,0,0,0,0,0,0,0,0,0,0.000,0.000,0.000,,0,0,16,0,0,0.000,0.000,0.000,0.000,0.000,0.000,0,0,0,0,0,0,0,0,0,0,,,,0,0,0,0,0,0,0,0,0,0,0,0,0,0,0,0,0,0,0,0.000,0,0,0,0,0,0,0.000,0.000,0.000,0,0,0,0,0,0,0,0,0.000,0.000,0.000,0.000,0.000,0.000,0.000,0.000,0.000,,0,0,0,0,0,0,0,0,0,0,0,0,0,,,0,0.000,0,0,0,0,0,0,0,0,0,0,0,0,0,0,0,0,0,0,balanced,0,0.000,0.000,0.000,0,0,0,0,0,0,0,0,0,0,0,0,1,6000000,1200000,0,0,0,0,0,0,0,0,0,0,0,0,0,0,0,0.000,0.000,3750.000,4800.000,0,0,0,0,0,0,0.000,0.000,0.000,0,6000000,0,0.000,0.000,0.000,0.000,0,0,0,0,0,0,0,0,0,0,0,0,0,1,0,4,0,0,0,0,0,0,0,0,,disabled,,0,0,0,0,,1,Fixed Quality,Hybrid,85,30,9500,12000,640,360,,0,0,0,0,0,0,0.000,0.000,,0,0,0.000,0.000,0.000,0.000,0.000,0,0,0,0,0,0,0,0,1.000,0,0.000,0.000,1,0,0.000,0.000,0,0,0,0,0.000,0.000,0.000,0,0,0,disabled,0,0,0,,0,,0,0,0.000,0.000,0,,0.000,0.000,0.000,0.000,0,0,0,,0,0,0,0.000,0,0,0.000,0.000,0.000,0.000,0.000,0.000,0.000,0,0,0,0,0,0,0,0,0,0,0,0,1.000,0.000,0.000,0,0,0.000,0,0,0,0.000,0.000,0.000,0.000,0.000,0.000,0.000,0.000,0.000,0,0,0,0,0,0,0,0,0.000,0.000,0.000,0.000,0.000,0.000,0,0.000,0.000,0,0,16,0.000,0.000,0.000,0.000,0.000,0,0,,0.000,0,0,0.000,0.000,0.000,0.000,0.000,,-1.000,1,0,0,0,0,161.814,0.000,0.000,0.000,0.000,0,0,0,0,0,0,0,,,0.000,0.000,0,0,,0,0,0,0,0,0,0,0,0,0,,0.000,0.000,0.000,0.000,0.000,0.000,120.000,,0.000,0,0.000,0.000,0.000,0.000,0.000,0.000,0.000,0.000,1,0,0,1,3,0.000,0.000,0.000,0.000,0.000,0.000,None,0,0,0,0.000,0,0,0,1,0.060,0.000,0.060,0,100,0,0,0,0,0,0
1.164,Custom_loss6_delay0-100_dup0_reorder6_burst0,Loopback,1,1,0,,,0.000,0,21,20,23.978,22.070,21.908,122.389,86.695,0.000,0.000,10.762,0.166,0.150,377,75,403,328,56,25,5,25,20,5,1,0,328,17,3,0,0,0,0,5.000,1,0,0,0,0,0,0,0,0,0,0,0,0,0,0,0.000,0.000,0.000,,16,16,108,0,1,51.450,90.783,52.466,90.997,0.000,0.000,15,14,202,22,2,0,41,52,21,1,fec-parity,pending,H.264,1,1,26,22,4,6,3,3,11,37,2,1,361,8,421,7,0,0,0,88.923,9,5,5,3,5,0,50.333,39.270,80.023,0,0,19,2,21,0,8,1,0.643,0.357,0.905,1.000,0.111,35.000,0.538,0.462,0.167,duplicate-guard,2,22,0,0,2,22,41,485,0,0,0,0,485,predicted-useful,fec-grace,71,0.577,7,21,0,0,0,0,0,0,0,0,0,7,109,6,108,0,0,0,pacing,1,0.814,2.894,110.894,0,0,0,0,0,0,0,0,109,43,52,1,1,9500000,1200000,0,0,0,454,454,548960,21,26124,0,0,0,0,0,0,0,26.834,39.969,1138.312,4800.000,25,753,365,185,388,203,0.336,34.336,0.003,25,7489619,11714403,0.837,0.000,0.462,20.831,753,41,13,485,36,3,2,2,2,3,2,0,0,1,0,4,69,52,52,0,0,0,0,0,,disabled,,0,0,0,0,,1,Fixed Quality,Hybrid,85,30,9500,12000,640,360,H.264,480,270,518400,0,518400,30264,0.058,0.000,,0,0,0.000,7.903,0.000,7.082,0.779,7250,7250,7250,0,0,0,1,9500,1.000,0,26.834,0.000,0,0,0.000,0.000,0,0,0,0,0.429,0.476,0.095,1,0,0,disabled,0,0,0,async-output-pending,0,,0,0,0.000,0.000,0,,0.000,0.000,0.000,0.000,0,0,0,,0,0,0,0.000,1,0,0.770,0.263,0.506,0.000,0.000,0.000,0.000,0,0,1,1,1,0,0,1,1,0,0,0,1.000,0.000,0.000,30,0,0.000,0,0,0,0.000,0.000,0.000,0.000,0.000,0.000,0.000,0.000,22.724,0,0,0,0,0,0,0,0,0.000,0.000,0.000,0.000,0.000,0.000,0,0.140,22.070,15,16,108,52.681,91.275,46.597,91.275,828.095,11,1,H.264,91.735,0,0,90.783,90.997,0.997,161.123,91.184,arrival-gap-jitter-spike,336.071,0,1,1,1,1,1164.166,471.534,502.199,503.109,503.109,0,0,0,0,0,0,0,,,0.000,0.000,0,0,,0,0,0,0,0,0,0,0,0,0,,100.031,0.000,102.874,7.613,0.000,135.732,141.195,,0.001,19,0.000,101.402,4.270,0.094,0.247,0.001,0.000,0.247,1,0,0,1,3,0.166,23.978,22.070,10.762,21.908,1.000,RecoveryDeadline,1,1,0,0.750,4,3,3,1,0.060,0.000,0.060,0,100,0,455,377,25,0,28
2.170,Custom_loss6_delay0-100_dup0_reorder6_burst0,Loopback,1,1,0,,,0.000,0,21,47,20.746,18.865,17.987,99.187,97.283,50.685,50.685,5.460,0.088,0.184,1067,103,1031,928,157,76,9,69,55,14,3,0,928,40,9,0,0,0,0,5.000,1,0,0,0,0,0,0,0,0,0,0,0,0,0,0,0.000,0.000,0.000,,37,37,200,0,1,35.077,110.717,36.153,111.853,0.000,0.000,36,36,550,54,6,0,106,160,48,1,fec-parity,pending,H.264,1,1,22,15,7,3,1,0,0,0,0,0,1131,14,0,0,0,0,0,44.189,14,9,14,10,14,0,57.052,36.236,80.023,0,0,37,6,43,0,19,1,0.609,0.391,0.860,1.000,0.050,45.000,0.250,0.750,0.000,duplicate-guard,2,22,0,0,2,22,106,1119,0,0,0,0,1119,predicted-useful,fec-grace,183,0.000,14,43,0,0,0,0,0,0,0,0,0,13,201,12,200,0,0,0,pacing,1,0.739,7.767,115.767,0,0,0,0,0,0,0,0,201,119,137,1,1,9500000,1200000,0,0,0,1171,1171,1426809,43,53492,2,2488,0,0,0,0,0,15.749,39.969,8627.625,4800.000,63,2072,1053,478,1019,541,0.312,5.218,1.070,63,4950428,7627396,1.939,0.000,0.499,14.112,2072,106,35,1119,101,3,2,6,6,14,6,0,0,1,0,4,199,160,160,0,0,0,0,0,,disabled,,0,0,0,0,,1,Fixed Quality,Hybrid,85,30,9500,12000,640,360,H.264,480,270,518400,26096,518400,26096,0.050,0.000,,0,0,0.000,2.067,0.000,0.000,0.148,6000,6250,6250,2,2,0,1,9500,0.820,1,15.749,0.000,0,0,0.000,0.000,0,0,0,0,0.326,0.535,0.140,1,0,0,fixed-pacing-queue-hold,22,1,1,decoder-sync-observed,0,,0,0,17.772,21.976,0,,0.000,0.000,0.000,0.000,0,0,0,,0,0,0,3.732,0,49,0.148,0.000,0.000,0.147,0.000,0.109,0.009,1,1,1,1,0,1,1,0,0,0,0,0,1.000,0.000,0.000,24,0,0.000,0,0,0,0.000,0.000,0.000,0.000,0.000,0.000,0.000,1.881,8.063,0,0,0,0,0,0,0,0,0.000,0.000,0.000,0.000,0.000,0.000,0,0.118,18.865,36,37,200,35.909,111.708,46.597,111.708,1773.247,37,1,H.264,130.312,0,0,110.717,111.853,1.001,70.240,129.318,arrival-gap-jitter-spike,396.779,0,1,1,1,1,2170.026,471.534,502.199,503.109,503.109,0,0,0,0,0,0,0,,,0.000,0.000,0,0,,0,0,0,0,0,0,0,0,0,0,,99.147,0.000,101.618,0.000,0.000,0.000,129.594,,0.001,47,0.000,105.105,3.315,0.083,0.551,0.268,0.000,0.283,1,0,0,1,3,0.088,20.746,18.865,5.460,17.987,1.000,Jitter,1,1,0,0.000,1,2,2,1,0.060,0.000,0.060,0,100,0,1173,1069,72,0,68
3.175,Custom_loss6_delay0-100_dup0_reorder6_burst0,Loopback,1,1,0,,,0.000,0,21,71,21.980,19.981,17.744,146.156,101.914,55.628,53.157,41.334,0.084,0.211,1759,162,1691,1529,260,137,20,97,77,20,6,0,1529,60,16,0,0,0,0,5.000,1,0,0,0,0,0,0,0,0,0,0,0,0,0,0,0.000,0.000,0.000,,55,55,293,0,1,75.308,130.537,76.149,131.435,0.000,0.000,54,52,913,80,11,0,176,267,75,1,fec-parity,pending,H.264,1,1,22,4,18,1,0,0,0,0,0,0,1914,14,0,0,0,0,0,5.232,22,20,20,16,20,0,57.909,36.070,80.023,0,0,62,7,69,0,28,1,0.524,0.476,0.899,1.000,0.034,45.000,0.250,0.750,0.000,duplicate-guard,2,22,0,0,2,22,176,1625,0,0,0,0,1625,predicted-useful,fec-grace,296,0.182,22,69,0,0,0,0,0,0,0,0,0,21,302,20,301,0,0,0,pacing,1,0.769,7.831,115.831,0,0,0,0,0,0,0,0,302,200,228,1,1,9500000,1200000,1,0,1,1925,1924,2356863,69,85836,4,4976,0,0,0,0,0,8.093,39.969,481.750,4800.000,102,3440,1752,810,1688,878,0.316,5.335,1.876,102,5133933,8194241,2.530,4.943,0.512,14.908,3440,176,55,1625,171,3,2,11,11,22,11,0,0,1,0,4,335,267,267,0,0,0,0,0,,disabled,,0,0,0,0,,1,Fixed Quality,Hybrid,85,30,9500,12000,640,360,H.264,480,270,518400,26096,518400,26096,0.050,0.000,,0,0,0.000,1.849,0.000,0.000,0.063,6000,6250,6250,2,2,0,1,9500,0.820,1,8.242,0.000,0,0,0.000,0.000,0,0,0,0,0.319,0.580,0.101,1,0,0,latency-pressure-freshness-hold,22,1,1,decoder-sync-observed,0,,0,0,11.877,21.976,0,,0.000,0.000,0.000,0.000,0,0,0,,0,0,0,6.122,0,75,0.063,0.000,0.000,0.062,0.000,0.044,0.006,1,1,1,1,0,1,1,0,0,0,1,0,0.860,29.288,0.000,26,0,0.000,0,0,0,0.000,0.000,0.000,0.000,0.000,0.000,0.000,1.741,10.083,0,0,0,0,0,0,0,0,0.000,0.000,0.000,0.000,0.000,0.000,0,0.099,19.981,54,55,293,76.148,131.522,46.597,131.522,2531.538,55,1,H.264,133.823,0,0,130.537,131.435,0.999,83.232,132.832,arrival-gap-jitter-spike,643.820,0,1,1,1,1,3175.358,471.534,502.199,503.109,503.109,0,0,2,0,0,2,2,latency-pressure freshness,latency-over-80ms,149.684,149.684,64,1,decoded,0,0,0,0,0,0,0,0,0,0,,105.828,0.000,108.576,0.000,0.000,0.000,132.094,stale-before-upload,0.001,72,0.000,110.799,4.784,0.089,0.782,0.593,0.000,0.189,1,0,0,1,3,0.084,21.980,19.981,41.334,17.744,2.000,RecoveryDeadline,1,1,0,0.000,0,2,2,1,0.060,0.000,0.060,0,100,0,1927,1762,118,0,104
4.179,Custom_loss6_delay0-100_dup0_reorder6_burst0,Loopback,1,1,0,,,0.000,0,21,98,23.793,21.958,22.125,109.391,102.456,63.642,56.652,28.498,0.074,0.186,2445,194,2325,2131,347,184,25,132,106,26,6,0,2131,83,19,0,0,0,0,5.000,1,0,0,0,0,0,0,0,0,0,0,0,0,0,0,0.000,0.000,0.000,,78,78,388,0,1,12.511,130.537,13.531,131.435,0.000,0.000,77,74,1269,109,14,0,247,382,100,1,fec-parity,pending,H.264,1,1,23,6,17,2,0,0,0,0,0,0,2630,15,0,0,0,0,0,39.585,24,25,26,22,26,0,57.911,34.868,80.023,0,0,75,6,81,0,34,1,0.490,0.510,0.926,1.000,0.029,45.000,0.333,0.667,0.000,duplicate-guard,2,22,0,0,2,22,247,2161,0,0,0,0,2161,predicted-useful,fec-grace,413,0.261,26,81,0,0,0,0,0,0,0,0,0,25,343,24,342,0,0,0,pacing,1,0.655,6.061,114.061,0,0,0,0,0,0,0,0,343,288,322,0,1,9500000,1200000,10,0,10,2669,2659,3264575,81,100764,4,4976,0,0,0,0,0,0.533,39.969,1236.188,4800.000,139,4763,2438,1050,2325,1275,0.301,11.321,1.145,139,3942739,6541841,2.248,5.557,0.464,13.166,4763,247,78,2161,242,3,2,14,14,28,14,0,0,1,0,4,466,382,382,0,0,0,0,0,,disabled,,0,0,0,0,,1,Fixed Quality,Hybrid,85,30,9500,12000,640,360,H.264,480,270,518400,27138,518400,27138,0.052,0.000,,0,0,0.000,1.982,0.000,0.000,0.071,6000,6500,6500,3,3,0,1,9500,0.820,1,15.179,0.000,0,0,0.000,0.000,0,0,0,0,0.296,0.630,0.074,1,0,0,latency-pressure-freshness-hold,23,1,1,decoder-sync-observed,0,,0,0,16.908,22.853,0,,0.000,0.000,0.000,0.000,0,0,0,,0,0,0,6.612,0,101,0.070,0.000,0.000,0.070,0.000,0.049,0.006,1,1,1,1,0,1,1,0,0,0,0,0,1.000,0.000,0.000,27,0,0.000,0,0,0,0.000,0.000,0.000,0.000,0.000,0.000,0.000,1.883,10.536,0,0,0,0,0,0,0,0,0.000,0.000,0.000,0.000,0.000,0.000,0,0.100,21.958,77,78,388,13.631,131.522,46.597,131.522,2531.538,55,1,H.264,133.823,0,0,130.537,131.435,0.999,83.232,132.832,arrival-gap-jitter-spike,1647.724,0,1,1,1,1,4179.262,471.534,502.199,503.109,503.109,0,0,3,0,0,3,1,latency-pressure freshness,latency-over-80ms,145.104,149.684,97,1,decoded,0,0,0,0,0,0,0,0,0,0,,110.912,0.000,113.780,0.000,0.000,0.000,134.696,stale-before-upload,0.001,98,0.000,113.916,5.436,0.084,0.278,0.000,0.000,0.277,1,0,0,1,3,0.074,23.793,21.958,28.498,22.125,1.000,Loss,0,1,0,1.000,2,2,2,1,0.060,0.000,0.060,0,100,0,2663,2449,172,0,145
5.183,Custom_loss6_delay0-100_dup0_reorder6_burst0,Loopback,1,1,0,,,0.000,0,21,124,19.812,18.183,18.068,100.777,101.312,47.729,54.421,22.165,0.072,0.192,3107,240,2949,2709,444,239,37,161,127,34,7,0,2709,105,25,0,0,0,0,5.000,0,0,0,0,0,0,0,0,0,0,0,0,0,0,0,0.000,0.000,0.000,,98,98,487,0,1,27.379,130.537,28.309,131.435,0.000,0.000,97,93,1588,139,18,0,315,470,127,1,fec-parity,pending,H.264,1,1,21,5,16,2,0,0,0,0,0,0,3340,16,0,0,0,0,0,34.751,33,37,34,28,34,0,57.870,32.388,80.023,0,0,104,9,113,0,45,1,0.471,0.529,0.920,1.000,0.022,45.000,0.333,0.667,0.000,duplicate-guard,2,22,0,0,2,22,315,2647,0,0,0,0,2647,predicted-useful,fec-grace,525,0.667,35,113,0,0,0,0,0,0,0,0,0,33,447,32,446,0,0,0,pacing,1,0.791,4.844,112.844,0,0,0,0,0,0,0,0,447,368,413,0,1,9500000,1200000,0,0,0,3345,3345,4112665,113,140572,12,14928,0,0,0,0,0,10.025,39.969,4137.500,4800.000,176,6055,3106,1396,2949,1553,0.310,1.445,1.368,176,4966288,7923014,1.164,1.263,0.437,8.263,6055,315,99,2647,310,3,2,18,18,35,18,0,0,1,0,4,574,470,470,0,0,0,0,0,,disabled,,0,0,0,0,,1,Fixed Quality,Hybrid,85,30,9500,12000,640,360,H.264,480,270,518400,0,518400,25054,0.048,0.000,,0,0,0.000,0.157,0.000,0.000,0.004,6000,6000,6000,4,4,0,1,9500,0.820,1,10.025,0.000,0,0,0.000,0.000,0,0,0,0,0.292,0.628,0.080,1,0,0,latency-pressure-freshness-hold,0,0,0,async-output-pending,0,,0,0,0.000,0.000,0,,0.000,0.000,0.000,0.000,0,0,0,,0,0,0,0.000,1,0,0.000,0.000,0.000,0.000,0.000,0.000,0.000,0,0,0,0,0,0,0,0,1,1,1,1,1.000,180.000,1.500,27,0,0.000,0,0,0,0.000,0.000,0.000,0.000,0.000,0.000,0.000,0.000,7.139,0,0,0,0,0,0,0,0,0.000,0.000,0.000,0.000,0.000,0.000,0,0.090,18.183,97,98,487,28.184,131.522,46.597,131.522,2531.538,55,1,H.264,133.823,0,0,130.537,131.435,0.999,83.232,132.832,arrival-gap-jitter-spike,2651.521,0,1,1,1,1,5183.059,471.534,502.199,503.109,503.109,0,0,4,0,0,4,1,latency-pressure freshness,latency-over-80ms,146.260,149.684,121,1,decoded,0,0,0,0,0,0,0,0,0,0,,104.575,0.000,107.207,0.000,0.000,0.000,130.388,stale-before-upload,0.001,124,0.000,107.041,4.561,0.083,0.701,0.446,0.000,0.255,1,0,0,1,3,0.072,19.812,18.183,22.165,18.068,1.000,Loss,0,1,0,1.000,0,2,2,1,0.060,0.000,0.060,0,100,0,3350,3115,209,0,185
6.187,Custom_loss6_delay0-100_dup0_reorder6_burst0,Loopback,1,1,0,,,0.000,0,21,151,18.442,18.441,18.225,97.447,101.916,90.471,61.631,19.803,0.071,0.210,3783,289,3582,3293,540,298,43,189,149,40,10,0,3293,124,33,0,0,0,0,5.000,0,0,0,0,0,0,0,0,0,0,0,0,0,0,0,0.000,0.000,0.000,,117,117,577,0,1,33.428,145.888,34.422,146.757,0.000,0.000,116,112,1925,164,26,0,390,567,154,1,fec-recovered,pending,H.264,1,1,21,4,17,2,1,0,0,0,0,0,4054,3,0,0,0,0,0,16.667,42,43,40,34,40,0,59.325,29.400,80.023,0,0,125,12,137,0,53,2,0.494,0.506,0.912,1.000,0.036,44.000,0.667,0.333,1.000,insufficient-sample,2,22,0,0,2,22,390,3148,0,0,0,0,3148,predicted-useful,fec-grace,641,0.619,43,137,0,0,0,0,0,0,0,0,0,41,549,40,548,0,0,0,pacing,1,0.770,8.372,116.372,0,0,0,0,0,0,0,0,549,457,512,0,1,9500000,1200000,0,0,0,4071,4071,5012957,137,170428,12,14928,0,0,0,0,0,7.113,39.969,342.250,4800.000,210,7361,3779,1741,3582,1841,0.315,15.602,1.391,210,4390211,7392118,2.060,9.559,0.494,9.241,7361,390,118,3148,385,3,2,26,26,45,26,0,0,1,0,4,691,567,567,0,0,0,0,0,,disabled,,0,0,0,0,,1,Fixed Quality,Hybrid,85,30,9500,12000,640,360,H.264,480,270,518400,0,518400,25054,0.048,0.000,,0,0,0.000,4.715,0.000,3.929,0.746,6250,6000,6000,4,4,0,1,9500,0.884,1,7.113,0.000,0,0,0.000,0.000,0,0,0,0,0.307,0.606,0.088,1,0,0,fixed-pacing-queue-hold,0,0,0,async-output-pending,0,,0,0,0.000,0.000,0,,0.000,0.000,0.000,0.000,0,0,0,,0,0,0,0.000,1,0,0.738,0.252,0.484,0.000,0.000,0.000,0.000,0,0,1,1,1,0,0,1,1,0,0,0,1.000,0.000,0.000,27,0,0.000,0,0,0,0.000,0.000,0.000,0.000,0.000,0.000,0.000,0.000,18.966,0,0,0,0,0,0,0,0,0.000,0.000,0.000,0.000,0.000,0.000,0,0.094,18.442,116,117,577,34.310,146.902,46.597,146.902,5816.668,142,1,H.264,99.528,0,0,145.888,146.757,0.999,101.674,98.504,arrival-gap-jitter-spike,370.938,0,1,1,1,1,6187.606,471.534,502.199,503.109,503.109,0,0,4,0,0,4,0,,,146.260,149.684,121,1,decoded,0,0,0,0,0,0,0,0,0,0,,102.511,0.000,105.064,0.000,0.000,0.000,128.724,stale-before-upload,0.001,151,0.000,109.810,4.664,0.076,0.455,0.156,0.000,0.299,1,0,0,1,3,0.071,18.442,18.441,19.803,18.225,1.000,Jitter,1,1,0,0.500,2,1,1,1,0.060,0.000,0.060,0,100,0,4077,3797,244,0,240
7.190,Custom_loss6_delay0-100_dup0_reorder6_burst0,Loopback,1,1,0,,,0.000,0,21,176,19.497,17.726,17.692,97.572,102.637,31.070,56.538,16.482,0.066,0.198,4474,314,4222,3908,648,360,47,231,182,49,10,0,3908,146,36,0,0,0,0,5.000,0,0,0,0,0,0,0,0,0,0,0,0,0,0,0,0.000,0.000,0.000,,139,139,671,0,1,33.805,145.888,34.808,146.757,0.000,0.000,137,133,2283,195,29,0,463,676,177,1,fec-recovered,pending,H.264,1,1,22,22,0,6,4,3,10,25,0,1,4711,5,4762,3,0,0,0,124.867,50,47,49,43,49,0,62.233,28.412,104.238,0,0,146,17,163,0,64,3,0.515,0.485,0.896,1.000,0.045,40.000,0.333,0.667,0.000,stable,2,22,0,0,2,22,463,3701,0,0,0,0,3701,predicted-useful,fec-grace,758,0.318,51,163,0,0,0,0,0,0,0,0,0,49,648,48,647,0,0,0,pacing,1,0.666,2.699,110.699,0,0,0,0,0,0,0,0,648,541,606,0,1,9500000,1200000,8,0,8,4817,4809,5925475,163,202772,14,17416,0,0,0,0,0,1.070,39.969,112.125,4800.000,246,8676,4458,2048,4218,2170,0.315,17.144,2.039,246,4522576,7412081,1.616,-4.233,0.486,8.706,8676,463,140,3701,458,3,2,29,29,50,29,0,0,1,0,4,821,676,676,0,0,0,0,0,,disabled,,0,0,0,0,,1,Fixed Quality,Hybrid,85,30,9500,12000,640,360,H.264,480,270,518400,26096,518400,26096,0.050,0.000,,0,0,0.000,1.907,0.000,0.000,0.071,6000,6250,6250,5,5,0,1,9500,0.820,1,8.838,0.000,0,0,0.000,0.000,0,0,0,0,0.307,0.589,0.104,1,0,0,latency-pressure-freshness-hold,22,1,1,decoder-sync-observed,0,,0,0,10.601,21.976,0,,0.000,0.000,0.000,0.000,0,0,0,,0,0,0,10.717,0,180,0.070,0.000,0.000,0.070,0.000,0.048,0.007,1,1,1,1,0,1,1,0,0,0,0,0,1.000,0.000,0.000,27,0,0.000,0,0,0,0.000,0.000,0.000,0.000,0.000,0.000,0.000,1.805,14.730,0,0,0,0,0,0,0,0,0.000,0.000,0.000,0.000,0.000,0.000,0,0.098,17.726,137,139,671,34.728,146.902,46.597,146.902,5816.668,142,1,H.264,99.528,0,0,145.888,146.757,0.999,101.674,98.504,arrival-gap-jitter-spike,1372.977,0,1,1,1,1,7189.645,471.534,502.199,503.109,503.109,0,0,5,0,0,5,1,latency-pressure freshness,latency-over-80ms,148.558,149.684,169,1,H.264,0,0,0,0,0,0,0,0,0,0,,106.869,0.000,107.392,0.000,0.000,0.000,128.786,stale-before-decode,0.001,176,0.000,113.701,6.153,0.087,0.600,0.347,0.000,0.253,1,0,0,1,3,0.066,19.497,17.726,16.482,17.692,1.000,Jitter,1,1,0,0.500,2,1,1,1,0.060,0.000,0.060,0,100,0,4816,4481,288,0,295
8.190,Custom_loss6_delay0-100_dup0_reorder6_burst0,Loopback,1,1,0,,,0.000,0,21,203,24.017,24.017,24.321,110.686,102.783,56.550,56.539,6.572,0.067,0.191,5195,371,4892,4521,756,421,60,262,204,58,13,0,4521,169,40,0,0,0,0,5.000,0,0,0,0,0,0,0,0,0,0,0,0,0,0,0,0.000,0.000,0.000,,162,162,762,0,1,34.165,145.888,35.065,146.757,0.000,0.000,160,156,2657,227,33,0,536,791,204,1,fec-parity,pending,H.264,1,1,22,21,1,5,4,3,7,23,0,0,5510,20,0,0,0,0,0,97.553,53,60,58,52,58,0,63.367,29.034,104.238,0,0,171,13,184,0,68,3,0.469,0.531,0.929,1.000,0.042,45.000,0.143,0.857,0.000,duplicate-guard,2,22,0,0,2,22,536,4243,0,0,0,0,4243,predicted-useful,fec-grace,879,0.500,58,184,0,0,0,0,0,0,0,0,0,56,739,55,738,0,0,0,pacing,1,0.702,11.596,119.596,0,0,0,0,0,0,0,0,739,629,703,0,1,9500000,1200000,0,0,0,5566,5566,6860257,184,228896,14,17416,0,0,0,0,0,11.884,39.969,3931.062,4800.000,285,10081,5192,2336,4889,2553,0.310,40.491,2.541,285,4327297,7091344,1.145,25.480,0.467,24.036,10081,536,163,4243,531,3,2,33,33,57,33,0,0,1,0,4,955,791,791,0,0,0,0,0,,disabled,,0,0,0,0,,1,Fixed Quality,Hybrid,85,30,9500,12000,640,360,H.264,480,270,518400,0,518400,26096,0.050,0.000,,0,0,0.000,5.955,0.000,5.114,0.799,6750,6250,6250,5,5,0,1,9500,0.924,1,11.884,0.000,0,0,0.000,0.000,0,0,0,0,0.288,0.641,0.071,1,0,0,fixed-pacing-queue-hold,0,0,0,async-output-pending,0,,0,0,0.000,0.000,0,,0.000,0.000,0.000,0.000,0,0,0,,0,0,0,0.000,1,0,0.790,0.301,0.487,0.000,0.000,0.000,0.000,0,0,1,1,1,0,0,1,1,0,0,0,1.000,0.000,0.000,24,0,0.000,0,0,0,0.000,0.000,0.000,0.000,0.000,0.000,0.000,0.000,28.158,0,0,0,0,0,0,0,0,0.000,0.000,0.000,0.000,0.000,0.000,0,0.106,24.017,160,162,762,35.043,146.902,46.597,146.902,5816.668,142,1,H.264,99.528,0,0,145.888,146.757,0.999,101.674,98.504,arrival-gap-jitter-spike,2373.878,0,1,1,1,1,8190.546,471.534,502.199,503.109,503.109,0,0,5,0,0,5,0,,,148.558,149.684,169,1,H.264,0,0,0,0,0,0,0,0,0,0,,109.633,0.000,112.378,0.000,0.000,0.000,135.343,stale-before-decode,0.001,203,0.000,114.955,2.422,0.083,0.860,0.526,0.000,0.334,1,0,0,1,3,0.066,24.017,24.017,6.572,24.321,1.000,RecoveryDeadline,0,1,0,1.000,1,1,1,1,0.060,0.000,0.060,0,100,0,5574,5207,340,0,342
9.191,Custom_loss6_delay0-100_dup0_reorder6_burst0,Loopback,1,1,0,,,0.000,0,21,230,20.809,20.810,20.587,108.088,103.335,101.346,62.140,13.256,0.069,0.194,5974,445,5645,5200,866,480,77,295,228,67,14,0,5200,191,46,0,0,0,0,5.000,0,0,0,0,0,0,0,0,0,0,0,0,0,0,0,0.000,0.000,0.000,,183,183,855,0,1,33.801,145.888,34.800,146.757,0.000,0.000,181,177,3060,258,38,0,615,903,231,1,retransmit-duplicate,pending,H.264,1,1,23,21,2,6,5,3,10,38,0,3,6361,3,6361,3,6361,3,1,119.117,64,77,67,61,67,0,62.399,28.555,104.238,0,0,208,15,223,0,78,6,0.454,0.546,0.933,1.000,0.071,35.000,0.250,0.750,0.250,retransmit-late,2,22,0,0,2,22,615,4878,0,0,0,0,4878,predicted-useful,fec-grace,1005,0.304,71,223,0,0,0,0,0,0,0,0,0,69,897,68,896,0,0,0,pacing,1,0.706,4.937,112.937,0,0,0,0,0,0,0,0,897,718,807,0,1,9500000,1200000,0,0,0,6414,6414,7904267,223,277412,14,17416,0,0,0,0,0,18.446,39.969,724.438,4800.000,326,11579,5957,2656,5622,2966,0.308,28.373,0.074,326,6676663,10047198,0.341,29.343,0.451,21.492,11579,615,185,4878,610,3,2,38,38,65,38,0,0,1,0,4,1103,903,903,0,0,0,0,0,,disabled,,0,0,0,0,,1,Fixed Quality,Hybrid,85,30,9500,12000,640,360,H.264,480,270,518400,27136,518400,27136,0.052,0.000,,0,0,0.000,2.079,0.000,0.000,0.088,7250,6500,6500,6,6,0,1,9500,1.000,0,18.446,0.000,0,0,0.000,0.000,0,0,0,0,0.287,0.641,0.072,1,0,0,disabled,23,1,1,decoder-sync-observed,0,,0,0,12.027,22.851,0,,0.000,0.000,0.000,0.000,0,0,0,,0,0,0,3.121,0,234,0.088,0.000,0.000,0.087,0.000,0.059,0.009,1,1,1,1,0,1,1,0,0,0,0,0,1.000,0.000,0.000,30,0,0.000,0,0,0,0.000,0.000,0.000,0.000,0.000,0.000,0.000,1.946,27.568,0,0,0,0,0,0,0,0,0.000,0.000,0.000,0.000,0.000,0.000,0,0.125,20.811,181,183,855,34.905,146.902,46.597,146.902,5816.668,142,1,H.264,99.528,0,0,145.888,146.757,0.999,101.674,98.504,arrival-gap-jitter-spike,3374.899,0,1,1,1,1,9191.567,471.534,502.199,503.109,503.109,0,0,5,0,0,5,0,,,148.558,149.684,169,1,H.264,0,0,0,0,0,0,0,0,0,0,,103.244,0.000,106.069,0.000,0.000,0.000,134.044,stale-before-decode,0.001,230,0.000,111.493,5.242,0.107,0.318,0.004,0.000,0.315,1,0,0,1,3,0.070,20.809,20.810,13.256,20.587,1.000,Loss,0,1,0,0.000,2,2,2,1,0.060,0.000,0.060,0,100,0,6423,5991,395,0,383
10.196,Custom_loss6_delay0-100_dup0_reorder6_burst0,Loopback,1,1,0,,,0.000,0,21,261,29.060,25.200,25.188,104.716,103.579,40.088,59.690,13.844,0.069,0.200,6836,504,6466,5962,976,537,93,330,259,71,16,0,5962,216,54,0,0,0,0,5.000,0,0,0,0,0,0,0,0,0,0,0,0,0,0,0,0.000,0.000,0.000,,206,206,948,0,1,47.232,145.888,48.256,146.757,0.000,0.000,204,200,3467,287,44,0,699,1026,262,1,fec-recovered,pending,H.264,1,1,24,21,3,3,3,3,10,38,0,0,7265,6,0,0,0,0,0,103.123,72,93,71,65,71,0,62.853,28.759,104.238,0,0,236,16,252,0,83,6,0.436,0.564,0.937,1.000,0.067,45.000,0.429,0.571,0.000,duplicate-guard,2,22,0,0,2,22,699,5619,0,0,0,0,5619,predicted-useful,fec-grace,1139,0.583,80,252,0,0,0,0,0,0,0,0,0,78,1030,77,1029,0,0,0,pacing,1,0.795,8.041,116.041,0,0,0,0,0,0,0,0,1030,818,918,1,1,9500000,1200000,0,0,0,7339,7339,9038625,252,313488,15,18660,0,0,0,0,0,17.632,39.969,8530.625,4800.000,371,13293,6827,3070,6466,3396,0.310,28.817,0.504,371,5220000,9108257,0.961,11.223,0.515,17.583,13293,699,210,5619,694,3,2,44,44,75,44,0,0,1,0,4,1244,1026,1026,0,0,0,0,0,,disabled,,0,0,0,0,,1,Fixed Quality,Hybrid,85,30,9500,12000,640,360,H.264,480,270,518400,0,518400,28176,0.054,0.000,,0,0,0.000,4.785,0.000,4.117,0.631,7250,6750,6750,7,7,0,1,9500,1.000,0,17.632,0.000,0,0,0.000,0.000,0,0,0,0,0.286,0.651,0.063,1,0,0,disabled,0,0,0,async-output-pending,0,,0,0,0.000,0.000,0,,0.000,0.000,0.000,0.000,0,0,0,,0,0,0,0.000,1,0,0.623,0.177,0.444,0.000,0.000,0.000,0.000,0,0,1,1,1,0,0,1,1,0,0,0,1.000,0.000,0.000,30,0,0.000,0,0,0,0.000,0.000,0.000,0.000,0.000,0.000,0.000,0.000,20.434,0,0,0,0,0,0,0,0,0.000,0.000,0.000,0.000,0.000,0.000,0,0.095,25.200,204,206,948,48.232,146.902,46.597,146.902,5816.668,142,1,H.264,99.528,0,0,145.888,146.757,0.999,101.674,98.504,arrival-gap-jitter-spike,4379.827,0,1,1,1,1,10196.495,471.534,502.199,503.109,503.109,0,0,5,0,0,5,0,,,148.558,149.684,169,1,H.264,0,0,0,0,0,0,0,0,0,0,,105.461,0.000,108.391,0.000,0.000,0.000,132.358,stale-before-decode,0.001,261,0.000,113.347,4.815,0.089,0.587,0.264,0.000,0.323,1,0,0,1,3,0.069,29.060,25.200,13.844,25.188,1.000,Loss,0,1,0,1.000,1,1,1,1,0.060,0.000,0.060,0,100,0,7349,6851,456,0,436
11.203,Custom_loss6_delay0-100_dup0_reorder6_burst0,Loopback,1,1,0,,,0.000,0,21,291,27.912,23.932,23.708,123.491,104.337,62.551,59.976,27.951,0.065,0.201,7701,539,7254,6715,1089,604,100,367,291,76,18,0,6715,242,61,0,0,0,0,5.000,0,0,0,0,0,0,0,0,0,0,0,0,0,0,0,0.000,0.000,0.000,,229,229,1044,0,1,6.720,145.888,7.876,146.757,0.000,0.000,226,221,3878,318,48,0,782,1152,292,1,fec-parity,pending,H.264,1,1,24,17,7,4,2,2,5,22,0,0,8201,23,0,0,0,0,0,69.878,77,100,76,70,76,0,63.412,27.689,104.238,0,0,253,20,273,0,88,6,0.435,0.565,0.927,1.000,0.064,44.000,0.667,0.333,0.000,stable,2,22,0,0,2,22,782,6337,0,0,0,0,6337,predicted-useful,fec-grace,1277,0.000,87,273,0,0,0,0,0,0,0,0,0,85,1133,84,1132,0,0,0,pacing,1,0.742,4.532,112.532,0,0,0,0,0,0,0,0,1133,919,1028,1,1,9500000,1200000,10,0,10,8260,8250,10155253,273,339612,15,18660,0,0,0,0,0,0.770,39.969,86.000,1152.750,419,14941,7690,3422,7251,3829,0.308,2.694,1.505,419,4745101,7697762,1.764,13.471,0.469,9.050,14941,782,236,6337,777,3,2,48,48,84,48,0,0,1,0,4,1399,1152,1152,0,0,0,0,0,,disabled,,0,0,0,0,,1,Fixed Quality,Hybrid,85,30,9500,12000,640,360,H.264,480,270,518400,28176,518400,28176,0.054,0.000,,0,0,0.000,2.023,0.000,0.000,0.071,7250,6750,6750,7,7,0,1,9500,0.820,1,22.185,0.000,0,0,3.321,0.000,3732,0,0,0,0.000,0.000,1.000,1,0,0,latency-pressure-freshness-hold,24,1,1,decoder-sync-observed,0,,0,0,24.133,23.727,0,,0.000,0.000,0.000,0.000,0,0,0,,0,0,0,6.098,0,294,0.070,0.000,0.000,0.070,0.000,0.048,0.007,1,1,1,1,0,1,1,0,0,0,0,0,1.000,0.000,0.000,30,0,0.000,0,0,0,0.000,0.000,0.000,0.000,0.000,0.000,0.000,1.918,10.171,0,0,0,0,0,0,0,0,0.000,0.000,0.000,0.000,0.000,0.000,0,0.087,23.932,226,229,1044,7.869,146.902,46.597,146.902,5816.668,142,1,H.264,99.528,0,0,145.888,146.757,0.999,101.674,98.504,arrival-gap-jitter-spike,5387.005,0,1,1,1,1,11203.673,471.534,502.199,503.109,503.109,0,0,6,0,0,6,1,latency-pressure freshness,latency-over-80ms,147.309,149.684,290,1,H.264,0,0,0,0,0,0,0,0,0,0,,114.436,0.000,110.330,4.039,0.000,132.042,141.745,stale-before-decode,0.001,289,0.000,110.953,4.870,0.076,0.804,0.511,0.000,0.293,1,0,0,1,3,0.065,27.912,23.932,27.951,23.708,1.000,RecoveryDeadline,0,1,0,0.667,3,2,2,1,0.060,0.000,0.060,0,100,0,8261,7714,500,0,502
12.206,Custom_loss6_delay0-100_dup0_reorder6_burst0,Loopback,1,1,0,,,0.000,0,21,318,18.882,16.956,16.757,107.499,104.129,96.775,63.321,16.223,0.064,0.202,8410,572,7914,7342,1207,664,118,405,322,83,20,0,7342,265,67,0,0,0,0,5.000,0,0,0,0,0,0,0,0,0,0,0,0,0,0,0,0.000,0.000,0.000,,250,250,1138,0,1,35.784,145.888,36.737,146.757,0.000,0.000,247,243,4248,348,52,0,849,1264,319,1,fec-recovered,pending,H.264,1,1,22,20,2,4,4,2,7,17,0,0,8926,0,0,0,0,0,0,77.675,84,118,83,77,83,0,63.155,28.048,104.238,0,0,285,18,303,0,96,6,0.416,0.584,0.941,1.000,0.059,45.000,0.500,0.500,0.000,stable,2,22,0,0,2,22,849,6875,0,0,0,0,6875,predicted-useful,fec-grace,1394,0.227,97,303,0,0,0,0,0,0,0,0,0,95,1266,94,1265,0,0,0,pacing,1,0.707,6.828,114.828,0,0,0,0,0,0,0,0,1266,1001,1122,1,1,9500000,1200000,4,0,4,9001,8997,11075709,303,376932,16,19904,0,0,0,0,0,5.153,39.969,918.312,4800.000,458,16292,8392,3683,7900,4217,0.305,17.541,0.032,458,6323781,9271508,0.665,17.622,0.425,13.863,16292,849,258,6875,844,3,2,52,52,91,52,0,0,1,0,4,1531,1264,1264,0,0,0,0,0,,disabled,,0,0,0,0,,1,Fixed Quality,Hybrid,85,30,9500,12000,640,360,H.264,480,270,518400,26094,518400,26094,0.050,0.000,,0,0,0.000,2.030,0.000,0.000,0.111,6250,6250,6250,8,8,0,1,9500,0.860,1,14.280,0.000,0,0,0.000,0.000,0,0,0,0,0.277,0.663,0.059,1,0,0,latency-pressure-freshness-hold,22,1,1,decoder-sync-observed,0,,0,0,17.844,21.974,0,,0.000,0.000,0.000,0.000,0,0,0,,0,0,0,7.029,0,321,0.110,0.000,0.000,0.110,0.000,0.081,0.009,1,1,1,1,0,1,1,0,0,0,0,0,1.000,0.000,0.000,27,0,0.000,0,0,0,0.000,0.000,0.000,0.000,0.000,0.000,0.000,1.838,10.970,0,0,0,0,0,0,0,0,0.000,0.000,0.000,0.000,0.000,0.000,0,0.125,16.956,247,250,1138,36.700,146.902,46.597,146.902,5816.668,142,1,H.264,99.528,0,0,145.888,146.757,0.999,101.674,98.504,arrival-gap-jitter-spike,6389.497,0,1,1,1,1,12206.165,471.534,502.199,503.109,503.109,0,0,6,0,0,6,0,,,147.309,149.684,290,1,H.264,0,0,0,0,0,0,0,0,0,0,,107.583,0.000,110.266,0.000,0.000,0.000,133.750,stale-before-decode,0.001,318,0.000,114.790,4.345,0.085,0.298,0.001,0.000,0.297,1,0,0,1,3,0.064,18.882,16.956,16.223,16.757,1.000,Loss,0,1,0,0.000,1,1,1,1,0.060,0.000,0.060,0,100,0,9009,8427,534,0,560
13.210,Custom_loss6_delay0-100_dup0_reorder6_burst0,Loopback,1,1,0,,,0.000,0,21,344,21.599,21.554,21.486,93.595,104.116,56.580,62.760,17.254,0.065,0.196,9139,639,8607,7968,1315,728,129,437,349,88,21,0,7968,288,70,0,0,0,0,5.000,0,0,0,0,0,0,0,0,0,0,0,0,0,0,0,0.000,0.000,0.000,,273,273,1228,0,1,27.733,145.888,29.045,146.757,0.000,0.000,270,266,4608,376,55,0,915,1372,347,1,fec-parity,pending,H.264,1,1,23,2,21,1,0,0,0,0,0,0,9759,3,0,0,0,0,0,6.560,94,129,88,82,88,0,64.022,28.721,104.238,0,0,311,18,329,0,106,8,0.422,0.578,0.945,1.000,0.070,45.000,0.333,0.667,0.200,duplicate-guard,2,22,0,0,2,22,915,7386,0,0,0,0,7386,predicted-useful,fec-grace,1508,0.391,106,329,0,1,0,0,0,0,0,0,0,104,1389,103,1388,0,0,0,pacing,1,0.728,9.216,117.216,0,0,0,0,0,0,0,0,1390,1079,1211,1,1,9500000,1200000,3,0,3,9772,9769,12026969,329,409276,17,21148,0,0,0,0,0,7.480,39.969,1194.438,4800.000,498,17721,9131,3980,8590,4610,0.304,32.849,6.025,498,5379830,8264622,3.103,6.058,0.466,17.608,17721,915,281,7386,910,3,2,55,55,96,55,0,0,1,0,4,1665,1372,1372,0,0,0,0,0,,disabled,,0,0,0,0,,1,Fixed Quality,Hybrid,85,30,9500,12000,640,360,H.264,480,270,518400,27136,518400,27136,0.052,0.000,,0,0,0.000,2.134,0.000,0.000,0.070,7250,6500,6500,9,9,0,1,9500,1.000,0,14.336,0.000,0,0,0.000,0.000,0,0,0,0,0.286,0.660,0.055,1,0,0,disabled,23,1,1,decoder-sync-observed,0,,0,0,17.885,22.851,0,,0.000,0.000,0.000,0.000,0,0,0,,0,0,0,9.221,0,347,0.069,0.000,0.000,0.069,0.000,0.047,0.007,1,1,1,1,0,1,1,0,0,0,1,0,0.860,179.996,0.000,26,0,0.000,0,0,0,0.000,0.000,0.000,0.000,0.000,0.000,0.000,2.033,7.009,0,0,0,0,0,0,0,0,0.000,0.000,0.000,0.000,0.000,0.000,0,0.104,21.558,270,273,1228,28.750,146.902,46.597,146.902,5816.668,142,1,H.264,99.528,0,0,145.888,146.757,0.999,101.674,98.504,arrival-gap-jitter-spike,7393.661,0,1,1,1,1,13210.329,471.534,502.199,503.109,503.109,0,0,6,0,0,6,0,,,147.309,149.684,290,1,H.264,0,0,0,0,0,0,0,0,0,0,,102.316,0.000,105.130,0.000,0.000,0.000,126.797,stale-before-decode,0.001,344,0.000,110.617,5.328,0.078,0.608,0.360,0.000,0.248,1,0,0,1,3,0.065,21.599,21.554,17.254,21.486,1.000,RecoveryDeadline,0,1,0,0.000,2,1,1,1,0.060,0.000,0.060,0,100,0,9782,9156,576,0,607
14.211,Custom_loss6_delay0-100_dup0_reorder6_burst0,Loopback,1,1,0,,,0.000,0,21,372,21.367,21.356,21.394,100.823,104.082,5.249,58.336,36.895,0.064,0.197,9942,682,9351,8669,1416,800,138,456,368,88,22,0,8669,309,76,0,0,0,0,5.000,0,0,0,0,0,0,0,0,0,0,0,0,0,0,0,0.000,0.000,0.000,,294,294,1323,0,1,82.744,145.888,83.696,146.757,0.000,0.000,291,287,4982,397,61,0,999,1485,374,1,fec-parity,pending,H.264,1,1,24,16,8,2,0,1,7,15,0,0,10594,21,0,0,0,0,0,56.981,99,138,88,82,88,0,64.022,28.721,104.238,0,0,325,22,347,0,109,8,0.418,0.582,0.937,1.000,0.068,45.000,0.000,1.000,0.000,duplicate-guard,2,22,0,0,2,22,999,8020,0,0,0,0,8020,predicted-useful,fec-grace,1636,0.625,112,347,0,1,0,0,0,0,0,0,0,110,1477,109,1476,0,0,0,pacing,1,0.762,8.620,116.620,0,0,0,0,0,0,0,0,1478,1180,1320,0,1,9500000,1200000,0,0,0,10619,10619,13070313,347,431668,18,22392,0,0,0,0,0,28.718,39.969,15264.938,4800.000,542,19264,9922,4295,9342,5047,0.302,13.427,0.479,542,6484739,9656492,0.348,-5.420,0.481,17.254,19264,999,302,8020,994,3,2,61,61,107,61,0,0,1,0,4,1801,1485,1485,0,0,0,0,0,,disabled,,0,0,0,0,,1,Fixed Quality,Hybrid,85,30,9500,12000,640,360,H.264,480,270,518400,0,518400,28178,0.054,0.000,,0,0,0.000,4.717,0.000,4.045,0.634,7250,6750,6750,10,10,0,1,9500,1.000,0,28.718,0.000,0,0,0.000,0.000,0,0,0,0,0.285,0.651,0.063,1,0,0,disabled,0,0,0,async-output-pending,0,,0,0,0.000,0.000,0,,0.000,0.000,0.000,0.000,0,0,0,,0,0,0,0.000,1,0,0.626,0.146,0.478,0.000,0.000,0.000,0.000,0,0,1,1,1,0,0,1,1,0,0,0,1.000,0.000,0.000,30,0,0.000,0,0,0,0.000,0.000,0.000,0.000,0.000,0.000,0.000,0.000,31.757,0,0,0,0,0,0,0,0,0.000,0.000,0.000,0.000,0.000,0.000,0,0.104,21.356,291,294,1323,83.699,146.902,46.597,146.902,5816.668,142,1,H.264,99.528,0,0,145.888,146.757,0.999,101.674,98.504,arrival-gap-jitter-spike,8394.368,0,1,1,1,1,14211.036,471.534,502.199,503.109,503.109,0,0,6,0,0,6,0,,,147.309,149.684,290,1,H.264,0,0,0,0,0,0,0,0,0,0,,103.497,0.000,106.332,0.000,0.000,0.000,135.411,stale-before-decode,0.001,372,0.000,112.101,5.620,0.075,0.810,0.532,0.000,0.278,1,0,0,1,3,0.063,21.367,21.356,36.895,21.394,1.000,Jitter,0,1,0,0.000,1,1,1,1,0.060,0.000,0.060,0,100,0,10633,9965,633,0,649
15.212,Custom_loss6_delay0-100_dup0_reorder6_burst0,Loopback,1,1,0,,,0.000,0,21,402,10.830,10.828,10.929,97.609,104.206,97.945,61.165,53.317,0.064,0.224,10796,743,10163,9420,1549,885,161,476,379,97,27,0,9420,323,93,0,0,0,0,5.000,0,0,0,0,0,0,0,0,0,0,0,0,0,0,0,0.000,0.000,0.000,,308,308,1422,0,1,38.056,169.405,39.020,170.359,0.000,0.000,304,300,5397,420,78,0,1087,1594,403,1,nack-sent,pending,H.264,1,1,24,13,11,1,1,2,3,25,0,0,11503,12,0,0,0,0,0,67.326,112,161,97,91,97,0,64.657,27.607,104.238,0,0,370,24,394,0,125,10,0.410,0.590,0.939,1.000,0.074,44.000,0.000,1.000,0.000,insufficient-sample,2,22,0,0,2,22,1087,8796,0,0,0,0,8796,predicted-useful,fec-grace,1765,0.000,127,394,0,1,0,0,0,0,0,0,0,125,1684,124,1683,0,0,0,pacing,1,0.698,10.278,118.278,0,0,0,0,0,0,0,0,1685,1279,1436,0,1,9500000,1200000,11,0,11,11566,11555,14218039,394,490136,22,27368,0,0,0,0,0,0.644,39.969,1096.062,4800.000,587,20932,10773,4682,10159,5477,0.303,22.406,3.277,587,5254251,8432964,1.520,92.696,0.513,17.447,20932,1087,316,8796,1082,3,2,78,78,134,78,0,0,1,0,4,1943,1594,1594,0,0,0,0,0,,disabled,,0,0,0,0,,1,Fixed Quality,Hybrid,85,30,9500,12000,640,360,H.264,480,270,518400,28178,518400,28178,0.054,0.000,,0,0,0.000,2.107,0.000,0.000,0.066,7250,6750,6750,10,10,0,1,9500,1.000,0,19.017,0.000,0,0,0.000,0.000,0,0,0,0,0.284,0.655,0.061,1,0,0,disabled,24,1,1,decoder-sync-observed,0,,0,0,13.527,23.729,0,,0.000,0.000,0.000,0.000,0,0,0,,0,0,0,2.694,0,405,0.066,0.000,0.000,0.065,0.000,0.043,0.009,1,1,1,1,0,1,1,0,0,0,1,0,0.860,70.995,0.000,26,0,0.000,0,0,0,0.000,0.000,0.000,0.000,0.000,0.000,0.000,2.013,6.929,0,0,0,0,0,0,0,0,0.000,0.000,0.000,0.000,0.000,0.000,0,0.114,10.828,304,308,1422,39.196,170.399,46.597,170.399,14846.935,392,1,H.264,101.904,0,0,169.405,170.359,1.000,106.156,100.900,arrival-gap-jitter-spike,365.717,0,1,1,1,1,15212.652,471.534,502.199,503.109,503.109,0,0,6,0,0,6,0,,,147.309,149.684,290,1,H.264,0,0,0,0,0,0,0,0,0,0,,104.087,0.000,108.383,0.000,0.000,0.000,133.804,stale-before-decode,0.001,401,0.000,114.047,5.487,0.087,0.259,0.001,0.000,0.258,1,0,0,1,3,0.064,10.830,10.828,53.317,10.929,2.000,RecoveryDeadline,1,1,0,1.000,0,2,2,1,0.060,0.000,0.060,0,100,0,11570,10814,696,0,701
16.213,Custom_loss6_delay0-100_dup0_reorder6_burst0,Loopback,1,1,0,,,0.000,0,21,431,25.707,19.747,19.723,49.253,104.116,73.709,62.001,25.279,0.063,0.225,11607,783,10919,10136,1664,943,169,524,411,113,28,0,10136,347,101,0,0,0,0,5.000,0,0,0,0,0,0,0,0,0,0,0,0,0,0,0,0.000,0.000,0.000,,329,329,1512,0,1,13.324,169.405,13.621,170.359,0.000,0.000,325,321,5790,460,83,0,1158,1709,432,1,fec-recovered,pending,H.264,1,1,22,13,9,4,2,1,1,11,0,0,12355,12,0,0,0,0,0,65.421,119,169,113,105,113,0,63.955,27.047,104.238,0,0,401,25,426,0,138,10,0.413,0.587,0.941,1.000,0.068,45.000,0.333,0.667,0.000,duplicate-guard,2,22,0,0,2,22,1158,9377,0,0,0,0,9377,predicted-useful,fec-grace,1885,0.500,138,426,0,1,0,0,0,0,0,0,0,135,1832,134,1831,0,0,0,pacing,1,0.682,7.117,115.117,0,0,0,0,0,0,0,0,1833,1362,1531,0,1,9500000,1200000,0,0,0,12383,12383,15232601,426,529944,22,27368,0,0,0,0,0,14.081,39.969,6411.750,4800.000,632,22522,11603,5121,10919,5798,0.306,39.916,0.000,632,4031330,7239891,0.677,69.310,0.473,24.209,22522,1158,338,9377,1153,3,2,83,83,143,83,0,0,1,0,4,2090,1709,1709,0,0,0,0,0,,disabled,,0,0,0,0,,1,Fixed Quality,Hybrid,85,30,9500,12000,640,360,H.264,480,270,518400,0,518400,26096,0.050,0.000,,0,0,0.000,5.175,0.000,4.461,0.628,6000,6250,6250,11,11,0,1,9500,0.820,1,14.081,0.000,0,0,0.000,0.000,0,0,0,0,0.279,0.662,0.059,1,0,0,latency-pressure-freshness-hold,0,0,0,async-output-pending,0,,0,0,0.000,0.000,0,,0.000,0.000,0.000,0.000,0,0,0,,0,0,0,0.000,1,0,0.616,0.164,0.450,0.000,0.000,0.000,0.000,0,0,1,1,1,0,0,1,1,0,1,0,0.860,161.281,0.000,26,0,0.000,0,0,0,0.000,0.000,0.000,0.000,0.000,0.000,0.000,0.000,9.562,0,0,0,0,0,0,0,0,0.000,0.000,0.000,0.000,0.000,0.000,0,0.103,19.747,325,329,1512,13.761,170.399,46.597,170.399,14846.935,392,1,H.264,101.904,0,0,169.405,170.359,1.000,106.156,100.900,arrival-gap-jitter-spike,1366.333,0,1,1,1,1,16213.268,471.534,502.199,503.109,503.109,0,0,7,0,0,7,1,cadence-limited freshness,input-cadence-or-video-budget,146.369,149.684,424,1,H.264,0,0,0,0,0,0,0,0,0,0,,88.508,0.000,87.643,0.000,0.000,0.000,120.000,stale-before-decode,0.001,431,0.000,90.796,3.002,0.077,0.571,0.312,0.000,0.259,1,0,0,1,3,0.063,25.707,19.747,25.279,19.723,1.000,Jitter,1,1,0,0.000,0,1,1,1,0.060,0.000,0.060,0,100,0,12399,11631,744,0,751
17.218,Custom_loss6_delay0-100_dup0_reorder6_burst0,Loopback,1,1,0,,,0.000,0,21,457,22.301,22.278,22.357,97.964,103.940,74.285,62.769,17.688,0.065,0.226,12344,857,11635,10778,1775,1005,191,549,426,123,30,0,10778,367,107,0,0,0,0,5.000,0,0,0,0,0,0,0,0,0,0,0,0,0,0,0,0.000,0.000,0.000,,349,349,1606,0,1,26.221,169.405,27.153,170.359,0.000,0.000,345,341,6177,490,89,0,1236,1812,459,1,retransmit-duplicate,pending,H.264,1,1,22,14,8,2,0,2,8,25,0,2,13200,0,13200,0,13200,0,1,62.495,130,191,123,115,123,0,64.541,26.504,104.238,0,0,444,32,476,0,150,12,0.405,0.595,0.933,1.000,0.074,35.000,0.385,0.615,0.333,retransmit-late,2,22,0,0,2,22,1236,9987,0,0,0,0,9987,predicted-useful,fec-grace,2006,0.727,154,476,0,1,0,0,0,0,0,0,0,151,2044,150,2043,0,0,0,pacing,1,0.734,8.631,116.631,0,0,0,0,0,0,0,0,2045,1446,1633,1,1,9500000,1200000,0,0,0,13189,13189,16228337,476,592144,26,32344,0,0,0,0,0,0.085,39.969,14261.938,416.400,673,23971,12338,5448,11633,6185,0.306,18.454,2.605,673,6348283,9521043,2.116,55.563,0.495,13.777,23971,1236,358,9987,1231,3,2,89,89,154,89,0,0,1,0,4,2227,1812,1812,0,0,0,0,0,,disabled,,0,0,0,0,,1,Fixed Quality,Hybrid,85,30,9500,12000,640,360,H.264,480,270,518400,26094,518400,26094,0.050,0.000,,0,0,0.000,2.517,0.000,0.000,0.221,6500,6250,6250,11,11,0,1,9500,0.907,1,12.968,0.000,0,0,3.754,0.000,3732,0,0,0,0.000,0.333,0.667,1,0,0,fixed-pacing-queue-hold,22,1,1,decoder-sync-observed,0,,0,0,14.616,21.974,0,,0.000,0.000,0.000,0.000,0,0,0,,0,0,0,3.012,0,460,0.220,0.000,0.000,0.218,0.000,0.051,0.008,1,1,1,1,0,1,1,0,0,0,0,0,1.000,0.000,0.000,24,0,0.000,0,0,0,0.000,0.000,0.000,0.000,0.000,0.000,0.000,2.167,6.833,0,0,0,0,0,0,0,0,0.000,0.000,0.000,0.000,0.000,0.000,0,0.091,22.278,345,349,1606,27.172,170.399,46.597,170.399,14846.935,392,1,H.264,101.904,0,0,169.405,170.359,1.000,106.156,100.900,arrival-gap-jitter-spike,2371.053,0,1,1,1,1,17217.988,471.534,502.199,503.109,503.109,0,0,7,0,0,7,0,,,146.369,149.684,424,1,H.264,0,0,0,0,0,0,0,0,0,0,,101.594,0.000,104.320,0.000,0.000,0.000,128.982,stale-before-decode,0.001,457,0.000,110.303,5.843,0.078,0.526,0.222,0.000,0.305,1,0,0,1,3,0.065,22.301,22.278,17.688,22.357,1.000,RecoveryDeadline,0,1,0,1.000,0,1,1,1,0.060,0.000,0.060,0,100,0,13206,12369,806,0,792
18.219,Custom_loss6_delay0-100_dup0_reorder6_burst0,Loopback,1,1,0,,,0.000,0,21,484,27.903,25.898,25.799,102.593,104.054,74.285,62.769,29.733,0.065,0.223,13122,916,12375,11459,1898,1071,202,595,457,138,30,0,11459,391,112,0,0,0,0,5.000,0,0,0,0,0,0,0,0,0,0,0,0,0,0,0,0.000,0.000,0.000,,371,371,1700,0,1,16.062,169.405,17.096,170.359,0.000,0.000,367,363,6561,529,92,0,1307,1925,485,1,fec-recovered,pending,H.264,1,1,23,21,2,4,2,3,8,18,0,0,13952,21,0,0,0,0,0,98.129,142,202,138,130,138,0,65.264,26.242,116.206,0,0,482,30,512,0,164,13,0.413,0.587,0.941,1.000,0.073,45.000,0.154,0.846,0.000,duplicate-guard,2,22,0,0,2,22,1307,10516,0,0,0,0,10516,predicted-useful,fec-grace,2124,0.130,166,512,0,1,0,0,0,0,0,0,0,163,2200,162,2199,0,0,0,pacing,1,0.732,12.145,120.145,0,0,0,0,0,0,0,0,2201,1526,1727,1,1,9500000,1200000,10,0,10,14032,14022,17254421,512,636928,26,32344,0,0,0,0,0,0.572,39.969,988.000,4800.000,715,25447,13097,5812,12350,6538,0.307,4.099,0.055,715,7364608,10950375,1.033,55.563,0.518,6.630,25447,1307,382,10516,1302,3,2,92,92,159,92,0,0,1,0,4,2362,1925,1925,0,0,0,0,0,,disabled,,0,0,0,0,,1,Fixed Quality,Hybrid,85,30,9500,12000,640,360,H.264,480,270,518400,27138,518400,27138,0.052,0.000,,0,0,0.000,1.841,0.000,0.000,0.063,7250,6500,6500,12,12,0,1,9500,1.000,0,12.381,0.000,0,0,0.000,0.000,0,0,0,0,0.277,0.664,0.059,1,0,0,disabled,23,1,1,decoder-sync-observed,0,,0,0,14.130,22.853,0,,0.000,0.000,0.000,0.000,0,0,0,,0,0,0,6.010,0,488,0.063,0.000,0.000,0.063,0.000,0.041,0.008,1,1,1,1,0,1,1,0,0,0,0,0,1.000,0.000,0.000,30,0,0.000,0,0,0,0.000,0.000,0.000,0.000,0.000,0.000,0.000,1.748,10.213,0,0,0,0,0,0,0,0,0.000,0.000,0.000,0.000,0.000,0.000,0,0.095,25.898,367,371,1700,17.010,170.399,46.597,170.399,14846.935,392,1,H.264,101.904,0,0,169.405,170.359,1.000,106.156,100.900,arrival-gap-jitter-spike,3372.131,0,1,1,1,1,18219.066,471.534,502.199,503.109,503.109,0,0,7,0,0,7,0,,,146.369,149.684,424,1,H.264,0,0,0,0,0,0,0,0,0,0,,102.962,0.000,105.886,0.000,0.000,0.000,131.297,stale-before-decode,0.001,484,0.000,111.241,5.206,0.093,0.269,0.000,0.000,0.269,1,0,0,1,3,0.065,27.903,25.898,29.733,25.799,1.000,RecoveryDeadline,0,1,0,1.000,2,2,2,1,0.060,0.000,0.060,0,100,0,14040,13146,850,0,842
19.220,Custom_loss6_delay0-100_dup0_reorder6_burst0,Loopback,1,1,0,,,0.000,0,21,513,23.736,23.728,23.999,143.578,104.080,35.382,61.158,40.862,0.064,0.220,13987,960,13175,12215,2016,1143,210,632,488,144,31,0,12215,418,118,0,0,0,0,5.000,0,0,0,0,0,0,0,0,0,0,0,0,0,0,0,0.000,0.000,0.000,,395,395,1788,0,1,140.778,169.405,141.977,170.359,0.000,0.000,391,387,6959,562,95,0,1389,2047,517,1,fec-parity,pending,H.264,1,1,24,11,13,1,0,0,0,0,0,0,14926,18,0,0,0,0,0,32.373,151,210,144,136,144,0,65.434,25.759,116.206,0,0,505,31,536,0,173,14,0.418,0.582,0.942,1.000,0.075,45.000,0.333,0.667,0.000,duplicate-guard,2,22,0,0,2,22,1389,11203,0,0,0,0,11203,predicted-useful,fec-grace,2258,0.333,174,536,0,1,0,0,0,0,0,0,0,171,2314,170,2313,0,0,0,pacing,1,0.682,6.719,114.719,0,0,0,0,0,0,0,0,2315,1622,1833,1,1,9500000,1200000,4,0,4,14949,14945,18386323,536,666784,26,32344,0,0,0,0,0,7.585,39.969,1126.062,4800.000,761,27111,13952,6167,13159,6992,0.307,28.501,0.034,761,6400346,9877474,1.834,36.670,0.522,18.803,27111,1389,409,11203,1384,3,2,95,95,166,95,0,0,1,0,4,2503,2047,2047,0,0,0,0,0,,disabled,,0,0,0,0,,1,Fixed Quality,Hybrid,85,30,9500,12000,640,360,H.264,480,270,518400,28178,518400,28178,0.054,0.000,,0,0,0.000,2.114,0.000,0.000,0.090,7250,6750,6750,13,13,0,1,9500,1.000,0,13.262,0.000,0,0,0.000,0.000,0,0,0,0,0.282,0.660,0.058,1,0,0,disabled,24,1,1,decoder-sync-observed,0,,0,0,17.364,23.729,0,,0.000,0.000,0.000,0.000,0,0,0,,0,0,0,5.440,0,518,0.090,0.000,0.000,0.090,0.000,0.066,0.009,1,1,1,1,0,1,1,0,0,0,0,0,1.000,0.000,0.000,30,0,0.000,0,0,0,0.000,0.000,0.000,0.000,0.000,0.000,0.000,1.992,10.035,0,0,0,0,0,0,0,0,0.000,0.000,0.000,0.000,0.000,0.000,0,0.104,23.728,391,395,1788,141.982,170.399,46.597,170.399,14846.935,392,1,H.264,101.904,0,0,169.405,170.359,1.000,106.156,100.900,arrival-gap-jitter-spike,4373.250,0,1,1,1,1,19220.185,471.534,502.199,503.109,503.109,0,0,7,0,0,7,0,,,146.369,149.684,424,1,H.264,0,0,0,0,0,0,0,0,0,0,,105.099,0.000,107.948,0.000,0.000,0.000,141.127,stale-before-decode,0.001,514,0.000,111.502,3.406,0.074,0.620,0.340,0.000,0.280,1,0,0,1,3,0.064,23.736,23.728,40.862,23.999,2.000,Jitter,0,1,0,0.000,3,2,2,1,0.060,0.000,0.060,0,100,0,14964,14011,904,0,891
20.225,Custom_loss6_delay0-100_dup0_reorder6_burst0,Loopback,1,1,0,,,0.000,0,21,543,20.799,16.537,16.376,103.119,104.228,15.502,58.622,22.066,0.065,0.223,14719,1016,13863,12847,2118,1206,218,662,515,147,32,0,12847,440,126,0,0,0,0,5.000,0,0,0,0,0,0,0,0,0,0,0,0,0,0,0,0.000,0.000,0.000,,416,416,1881,0,1,68.883,169.405,70.146,170.359,0.000,0.000,410,406,7330,587,102,0,1465,2156,544,1,nack-sent,pending,H.264,1,1,22,16,6,3,2,2,2,14,0,0,15672,14,0,0,0,0,0,69.784,159,218,147,139,147,0,65.593,25.524,116.206,0,0,524,33,557,0,180,15,0.422,0.578,0.941,1.000,0.077,45.000,0.375,0.625,0.000,duplicate-guard,2,22,0,0,2,22,1465,11751,0,0,0,0,11751,predicted-useful,fec-grace,2379,0.364,181,557,0,1,0,0,0,0,0,0,0,178,2414,177,2413,0,0,0,pacing,1,0.772,6.593,114.593,0,0,0,0,0,0,0,0,2415,1713,1933,1,1,9500000,1200000,0,0,0,15725,15725,19346546,557,692908,26,32344,0,0,0,0,0,17.906,39.969,9560.250,4424.100,803,28572,14712,6465,13860,7395,0.305,5.779,1.156,803,4973583,8209800,1.809,25.360,0.536,12.771,28572,1464,430,11745,1459,3,2,102,102,179,102,0,0,1,0,4,2641,2156,2156,0,0,0,0,0,,disabled,,0,0,0,0,,1,Fixed Quality,Hybrid,85,30,9500,12000,640,360,H.264,480,270,518400,26096,518400,26096,0.050,0.000,,0,0,0.000,1.879,0.000,0.000,0.070,6000,6250,6250,14,14,0,1,9500,0.820,1,17.906,0.000,0,0,0.000,0.000,0,0,0,0,1.000,0.000,0.000,1,0,0,latency-pressure-freshness-hold,22,1,1,decoder-sync-observed,0,,0,0,0.079,21.976,0,,0.000,0.000,0.000,0.000,0,0,0,,0,0,0,3.100,0,546,0.070,0.000,0.000,0.070,0.000,0.046,0.008,1,1,1,1,0,1,1,0,0,0,0,0,1.000,0.000,0.000,27,0,0.000,0,0,0,0.000,0.000,0.000,0.000,0.000,0.000,0.000,1.778,7.145,0,0,0,0,0,0,0,0,0.000,0.000,0.000,0.000,0.000,0.000,0,0.097,16.537,410,416,1881,69.955,170.399,46.597,170.399,14846.935,392,1,H.264,101.904,0,0,169.405,170.359,1.000,106.156,100.900,arrival-gap-jitter-spike,5378.393,0,1,1,1,1,20225.328,471.534,502.199,503.109,503.109,0,0,9,0,0,9,2,latency-pressure freshness,latency-over-80ms,150.845,155.433,530,1,H.264,0,0,0,0,0,0,0,0,0,0,,102.942,0.000,103.926,0.000,0.000,0.000,131.560,stale-before-decode,0.000,543,0.000,109.300,5.230,0.077,0.763,0.429,0.000,0.334,1,0,0,1,3,0.065,20.799,16.537,22.066,16.376,2.000,RecoveryDeadline,0,1,0,1.000,1,1,1,1,0.060,0.000,0.060,0,100,0,15745,14748,951,0,941
21.232,Custom_loss6_delay0-100_dup0_reorder6_burst0,Loopback,1,1,0,,,0.000,0,21,570,21.083,23.198,23.368,102.714,104.318,27.698,56.994,26.568,0.064,0.218,15437,1049,14526,13477,2223,1269,226,693,540,153,35,0,13477,465,130,0,0,0,0,5.000,0,0,0,0,0,0,0,0,0,0,0,0,0,0,0,0.000,0.000,0.000,,439,439,1974,0,1,19.929,169.405,20.863,170.359,0.000,0.000,433,428,7677,618,104,0,1535,2261,571,1,fec-parity,pending,H.264,1,1,22,11,11,3,0,1,0,11,1,0,16458,19,16470,0,0,0,0,48.655,169,226,153,145,153,0,65.461,25.347,116.206,0,0,548,36,584,0,189,15,0.428,0.572,0.938,1.000,0.074,45.000,0.250,0.750,0.000,duplicate-guard,2,22,0,0,2,22,1535,12277,0,0,0,0,12277,predicted-useful,fec-grace,2497,0.500,190,584,0,1,0,0,0,0,0,0,0,187,2525,186,2524,0,0,0,pacing,1,0.696,7.868,115.868,0,0,0,0,0,0,0,0,2526,1797,2028,1,1,9500000,1200000,3,0,3,16481,16478,20276680,584,726496,26,32344,0,0,0,0,0,7.323,39.969,403.625,4081.950,841,29917,15411,6712,14506,7794,0.303,48.603,0.000,841,4380824,7172312,1.830,22.727,0.500,24.432,29917,1535,455,12277,1530,3,2,104,104,182,104,0,0,1,0,4,2762,2261,2261,0,0,0,0,0,,disabled,,0,0,0,0,,1,Fixed Quality,Hybrid,85,30,9500,12000,640,360,H.264,480,270,518400,27392,518400,27392,0.053,0.000,,0,0,0.000,2.237,0.000,0.000,0.068,7000,6500,6500,15,15,0,1,9500,0.971,1,7.323,0.000,0,0,0.000,0.000,0,0,0,0,0.289,0.649,0.062,1,0,0,fixed-pacing-queue-hold,23,1,1,decoder-sync-observed,0,,0,0,0.363,23.067,0,,0.000,0.000,0.000,0.000,0,0,0,,0,0,0,5.934,0,572,0.067,0.000,0.000,0.067,0.000,0.044,0.008,1,1,1,1,0,1,1,0,0,0,0,0,1.000,0.000,0.000,24,0,0.000,0,0,0,0.000,0.000,0.000,0.000,0.000,0.000,0.000,2.140,10.132,0,0,0,0,0,0,0,0,0.000,0.000,0.000,0.000,0.000,0.000,0,0.108,23.198,433,439,1974,20.925,170.399,46.597,170.399,14846.935,392,1,H.264,101.904,0,0,169.405,170.359,1.000,106.156,100.900,arrival-gap-jitter-spike,6384.820,0,1,1,1,1,21231.755,471.534,502.199,503.109,503.109,0,0,9,0,0,9,0,,,150.845,155.433,530,1,H.264,0,0,0,0,0,0,0,0,0,0,,102.653,0.000,105.350,5.098,0.000,111.605,131.357,stale-before-decode,0.001,569,0.000,111.099,5.842,0.086,0.759,0.534,0.000,0.225,1,0,0,1,3,0.064,21.083,23.198,26.568,23.368,1.000,RecoveryDeadline,0,1,0,0.000,3,2,2,1,0.060,0.000,0.060,0,100,0,16499,15465,996,0,992
22.232,Custom_loss6_delay0-100_dup0_reorder6_burst0,Loopback,1,1,0,,,0.000,0,21,598,23.398,20.625,20.811,92.739,104.420,98.444,59.066,22.717,0.064,0.221,16227,1107,15281,14174,2323,1330,232,725,563,162,36,0,14174,487,138,0,0,0,0,5.000,0,0,0,0,0,0,0,0,0,0,0,0,0,0,0,0.000,0.000,0.000,,459,459,2070,0,1,18.961,169.405,20.021,170.359,0.000,0.000,453,448,8049,649,111,0,1613,2367,596,1,expired-no-slack,expired,H.264,1,1,23,21,2,6,4,3,7,25,0,0,17196,8,0,0,0,0,0,146.005,177,232,162,154,162,0,65.182,25.561,116.206,1,0,572,36,608,0,205,17,0.433,0.567,0.941,1.000,0.077,45.000,0.571,0.429,0.000,duplicate-guard,2,22,0,0,2,22,1613,12921,0,0,0,0,12921,predicted-useful,fec-grace,2621,0.000,198,608,0,1,0,0,0,0,0,0,0,195,2629,194,2628,0,0,0,pacing,1,0.701,2.457,110.457,0,0,0,0,0,0,0,0,2630,1890,2131,0,1,9500000,1200000,0,0,0,17318,17318,21310126,608,756352,26,32344,0,0,0,0,0,11.254,39.969,890.750,1229.850,885,31486,16218,7088,15268,8180,0.304,5.728,1.438,885,6532980,10103438,0.832,32.331,0.451,13.461,31486,1613,477,12921,1608,3,2,110,110,193,110,0,0,1,0,4,2898,2367,2367,0,0,0,0,0,,disabled,,0,0,0,0,,1,Fixed Quality,Hybrid,85,30,9500,12000,640,360,H.264,480,270,518400,28432,518400,28432,0.055,0.000,,0,0,0.000,2.110,0.000,0.000,0.071,7250,6750,6750,16,16,0,1,9500,1.000,0,11.254,0.000,0,0,0.000,0.000,0,0,0,0,0.291,0.650,0.059,1,0,0,disabled,24,1,1,decoder-sync-observed,0,,0,0,16.203,23.943,0,,0.000,0.000,0.000,0.000,0,0,0,,0,0,0,6.493,0,600,0.071,0.000,0.000,0.071,0.000,0.049,0.007,1,1,1,1,0,1,1,0,0,0,0,0,1.000,0.000,0.000,30,0,0.000,0,0,0,0.000,0.000,0.000,0.000,0.000,0.000,0.000,2.005,24.396,0,0,0,0,0,0,0,0,0.000,0.000,0.000,0.000,0.000,0.000,0,0.089,20.625,453,459,2070,19.924,170.399,46.597,170.399,14846.935,392,1,H.264,101.904,0,0,169.405,170.359,1.000,106.156,100.900,arrival-gap-jitter-spike,7385.586,0,1,1,1,1,22232.521,471.534,502.199,503.109,503.109,0,0,9,0,0,9,0,,,150.845,155.433,530,1,H.264,0,0,0,0,0,0,0,0,0,0,,102.005,0.000,104.784,5.446,0.000,102.072,126.370,stale-before-decode,0.001,597,0.000,110.871,3.876,0.077,0.792,0.467,0.000,0.325,1,0,0,1,3,0.064,23.398,20.625,22.717,20.811,1.000,RecoveryDeadline,0,1,0,0.500,2,1,1,1,0.060,0.000,0.060,0,100,0,17340,16260,1047,0,1032
23.239,Custom_loss6_delay0-100_dup0_reorder6_burst0,Loopback,1,1,0,,,0.000,0,21,627,27.290,21.630,21.865,92.692,104.521,62.768,59.243,6.016,0.063,0.222,17102,1157,16095,14938,2444,1392,238,778,609,169,36,0,14938,513,146,0,0,0,0,5.000,0,0,0,0,0,0,0,0,0,0,0,0,0,0,0,0.000,0.000,0.000,,480,480,2171,0,1,29.647,169.405,30.628,170.359,0.000,0.000,474,470,8456,682,114,0,1693,2497,628,1,retransmit-duplicate,pending,H.264,1,1,24,23,1,5,5,2,6,16,1,1,18198,2,18198,2,18198,2,1,83.155,184,238,169,161,169,0,65.047,25.328,116.206,1,0,592,39,631,0,214,17,0.436,0.564,0.938,1.000,0.074,44.000,0.000,1.000,0.000,insufficient-sample,2,22,0,0,2,22,1693,13581,0,0,0,0,13581,predicted-useful,fec-grace,2753,0.542,205,631,0,1,0,0,0,0,0,0,0,202,2718,201,2717,0,0,0,pacing,1,0.713,6.772,114.772,0,0,0,0,0,0,0,0,2719,1985,2235,0,1,9500000,1200000,0,0,0,18241,18241,22441106,631,784964,28,34832,0,0,0,0,0,19.015,39.969,4450.188,4800.000,933,33189,17094,7496,16095,8599,0.305,15.549,0.017,933,5518099,9419322,0.521,18.729,0.497,11.617,33189,1693,503,13581,1688,3,2,113,113,198,113,0,0,1,0,4,3046,2497,2497,0,0,0,0,0,,disabled,,0,0,0,0,,1,Fixed Quality,Hybrid,85,30,9500,12000,640,360,H.264,480,270,518400,0,518400,28178,0.054,0.000,,0,0,0.000,0.026,0.000,0.000,0.003,7250,6750,6750,16,16,0,1,9500,1.000,0,19.015,0.000,0,0,0.000,0.000,0,0,0,0,0.500,0.500,0.000,1,0,0,disabled,0,0,0,async-output-pending,0,,0,0,0.000,0.000,0,,0.000,0.000,0.000,0.000,0,0,0,,0,0,0,0.000,1,0,0.000,0.000,0.000,0.000,0.000,0.000,0.000,0,0,0,0,0,0,0,0,1,1,1,1,1.000,180.000,1.500,30,0,0.000,0,0,0,0.000,0.000,0.000,0.000,0.000,0.000,0.000,0.000,6.597,0,0,0,0,0,0,0,0,0.000,0.000,0.000,0.000,0.000,0.000,0,0.091,21.630,474,480,2171,30.620,170.399,46.597,170.399,14846.935,392,1,H.264,101.904,0,0,169.405,170.359,1.000,106.156,100.900,arrival-gap-jitter-spike,8392.142,0,1,1,1,1,23239.077,471.534,502.199,503.109,503.109,0,0,9,0,0,9,0,,,150.845,155.433,530,1,H.264,0,0,0,0,0,0,0,0,0,0,,96.240,0.000,99.090,0.000,0.000,0.000,126.346,stale-before-decode,0.000,627,0.000,104.454,5.223,0.077,0.759,0.444,0.000,0.314,1,0,0,1,3,0.063,27.290,21.630,6.016,21.865,1.000,Loss,0,1,0,1.000,0,1,1,1,0.060,0.000,0.060,0,100,0,18264,17134,1093,0,1105
24.245,Custom_loss6_delay0-100_dup0_reorder6_burst0,Loopback,1,1,0,,,0.000,0,21,656,21.247,23.795,17.648,91.759,104.710,100.585,61.122,25.625,0.063,0.223,17951,1210,16905,15695,2569,1471,252,810,633,177,36,0,15695,537,154,0,0,0,0,5.000,0,0,0,0,0,0,0,0,0,0,0,0,0,0,0,0.000,0.000,0.000,,501,501,2266,0,1,20.376,169.405,21.440,170.359,0.000,0.000,495,491,8869,714,119,0,1776,2619,656,1,retransmit-late-after-completed,completed,H.264,1,1,24,24,0,0,0,3,0,0,1,0,19102,3,19102,3,19102,3,1,127.194,195,252,177,169,177,0,65.029,24.786,116.206,1,0,625,41,666,0,227,19,0.436,0.564,0.938,1.000,0.077,35.000,0.444,0.556,0.500,retransmit-late,2,22,0,0,2,22,1776,14346,0,0,0,0,14346,predicted-useful,fec-grace,2885,0.167,216,666,0,1,0,0,0,0,0,0,0,213,2903,212,2902,0,0,0,pacing,1,0.769,9.755,117.755,0,0,0,0,0,0,0,0,2904,2081,2344,0,1,9500000,1200000,0,0,0,19146,19146,23550268,666,828504,29,36076,0,0,0,0,0,21.160,39.969,5766.125,2514.300,977,34833,17938,7875,16895,9020,0.305,14.684,2.387,977,6342251,9684453,1.394,22.547,0.420,11.444,34833,1776,527,14346,1771,3,2,118,118,208,118,0,0,1,0,4,3192,2619,2619,0,0,0,0,0,,disabled,,0,0,0,0,,1,Fixed Quality,Hybrid,85,30,9500,12000,640,360,H.264,480,270,518400,0,518400,28176,0.054,0.000,,0,0,0.000,5.097,0.000,4.446,0.612,7250,6750,6750,16,16,0,1,9500,1.000,0,21.160,0.000,0,0,0.000,0.000,0,0,0,0,0.293,0.644,0.063,1,0,0,disabled,0,0,0,async-output-pending,0,,0,0,0.000,0.000,0,,0.000,0.000,0.000,0.000,0,0,0,,0,0,0,0.000,1,0,0.604,0.134,0.469,0.000,0.000,0.000,0.000,0,0,1,1,1,0,0,1,1,0,0,0,1.000,0.000,0.000,30,0,0.000,0,0,0,0.000,0.000,0.000,0.000,0.000,0.000,0.000,0.000,10.062,0,0,0,0,0,0,0,0,0.000,0.000,0.000,0.000,0.000,0.000,0,0.093,23.795,495,501,2266,21.612,170.399,46.597,170.399,14846.935,392,1,H.264,101.904,0,0,169.405,170.359,1.000,106.156,100.900,arrival-gap-jitter-spike,9398.749,0,1,1,1,1,24245.684,471.534,502.199,503.109,503.109,0,0,9,0,0,9,0,,,150.845,155.433,530,1,H.264,0,0,0,0,0,0,0,0,0,0,,102.229,0.000,105.110,0.000,0.000,0.000,125.880,stale-before-decode,0.001,656,0.000,110.949,5.696,0.080,0.720,0.411,0.000,0.308,1,0,0,1,3,0.063,21.247,23.795,25.625,17.648,1.000,RecoveryDeadline,0,1,0,0.667,3,2,2,1,0.060,0.000,0.060,0,100,0,19170,17985,1148,0,1156
25.246,Custom_loss6_delay0-100_dup0_reorder6_burst0,Loopback,1,1,0,,,0.000,0,21,686,19.546,23.345,23.022,97.666,104.738,19.876,59.329,16.901,0.063,0.223,18810,1267,17714,16447,2687,1545,265,838,658,180,39,0,16447,561,161,0,0,0,0,5.000,0,0,0,0,0,0,0,0,0,0,0,0,0,0,0,0.000,0.000,0.000,,524,524,2364,0,1,33.276,169.405,34.260,170.359,0.000,0.000,518,514,9274,741,125,0,1858,2742,687,1,fec-recovered,pending,H.264,1,1,24,19,5,6,4,1,3,11,0,0,20014,12,0,0,0,0,0,55.570,203,265,180,172,180,0,64.918,24.560,116.206,1,0,649,41,690,0,233,20,0.434,0.566,0.941,1.000,0.079,44.000,0.600,0.400,0.000,stable,2,22,0,0,2,22,1858,15100,0,0,0,0,15100,predicted-useful,fec-grace,3015,0.458,224,690,0,1,0,0,0,0,0,0,0,221,3019,220,3018,0,0,0,pacing,1,0.777,9.924,117.924,0,0,0,0,0,0,0,0,3020,2178,2451,0,1,9500000,1200000,3,0,3,20070,20067,24678736,690,858360,29,36076,0,0,0,0,0,7.557,39.969,68.438,2775.600,1023,36518,18804,8292,17714,9422,0.306,35.990,0.000,1023,9150504,12619610,1.102,1.896,0.492,14.435,36518,1858,551,15100,1853,3,2,124,124,217,124,0,0,1,0,4,3338,2742,2742,0,0,0,0,0,,disabled,,0,0,0,0,,1,Fixed Quality,Hybrid,85,30,9500,12000,640,360,H.264,480,270,518400,28176,518400,28176,0.054,0.000,,0,0,0.000,2.357,0.000,0.000,0.062,7250,6750,6750,16,16,0,1,9500,1.000,0,7.867,0.000,0,0,0.000,0.000,0,0,0,0,0.294,0.646,0.059,1,0,0,disabled,24,1,1,decoder-sync-observed,0,,0,0,0.237,23.727,0,,0.000,0.000,0.000,0.000,0,0,0,,0,0,0,5.709,0,689,0.062,0.000,0.000,0.062,0.000,0.042,0.007,1,1,1,1,0,1,1,0,0,0,0,0,1.000,0.000,0.000,30,0,0.000,0,0,0,0.000,0.000,0.000,0.000,0.000,0.000,0.000,2.266,9.909,0,0,0,0,0,0,0,0,0.000,0.000,0.000,0.000,0.000,0.000,0,0.098,23.345,518,524,2364,34.290,170.399,46.597,170.399,14846.935,392,1,H.264,101.904,0,0,169.405,170.359,1.000,106.156,100.900,arrival-gap-jitter-spike,10398.779,0,1,1,1,1,25245.714,471.534,502.199,503.109,503.109,0,0,9,0,0,9,0,,,150.845,155.433,530,1,H.264,0,0,0,0,0,0,0,0,0,0,,101.022,0.000,103.884,0.000,0.000,0.000,128.833,stale-before-decode,0.001,686,0.000,109.506,5.471,0.093,0.654,0.423,0.000,0.230,1,0,0,1,3,0.063,19.546,23.345,16.901,23.022,1.000,Loss,0,1,0,1.000,0,1,1,1,0.060,0.000,0.060,0,100,0,20092,18842,1203,0,1202
26.251,Custom_loss6_delay0-100_dup0_reorder6_burst0,Loopback,1,1,0,,,0.000,0,21,716,31.449,23.306,23.875,57.427,104.515,48.851,58.892,18.079,0.063,0.222,19622,1313,18464,17151,2788,1593,275,880,696,184,40,0,17151,590,168,0,0,0,0,5.000,0,0,0,0,0,0,0,0,0,0,0,0,0,0,0,0.000,0.000,0.000,,547,547,2460,0,1,71.807,169.405,72.197,170.359,0.000,0.000,541,536,9628,774,126,0,1930,2848,717,1,fec-parity,pending,H.264,1,1,22,13,9,2,0,1,0,9,1,0,20879,1,20936,4,0,0,0,55.993,210,275,184,175,184,0,64.821,24.465,116.206,1,0,670,44,714,0,241,20,0.433,0.567,0.938,1.000,0.077,44.000,0.000,1.000,0.000,insufficient-sample,2,22,0,0,2,22,1930,15704,0,0,0,0,15704,predicted-useful,fec-grace,3143,0.409,232,714,0,1,0,0,0,0,0,0,0,228,3109,227,3108,0,0,0,pacing,1,0.623,6.478,114.478,0,0,0,0,0,0,0,0,3110,2268,2551,1,1,9500000,1200000,11,0,11,20939,20928,25733181,714,888216,29,36076,0,0,0,0,0,0.736,39.969,905.125,4574.100,1068,38066,19612,8657,18454,9797,0.306,4.825,0.000,1068,3392960,6399990,2.040,7.312,0.488,12.459,38066,1930,578,15704,1925,3,2,125,125,219,125,0,0,1,0,4,3463,2848,2848,0,0,0,0,0,,disabled,,0,0,0,0,,1,Fixed Quality,Hybrid,85,30,9500,12000,640,360,H.264,480,270,518400,26096,518400,26096,0.050,0.000,,0,0,0.000,1.864,0.000,0.000,0.085,6000,6250,6250,17,17,0,1,9500,0.820,1,6.924,0.000,0,0,0.000,0.000,0,0,0,0,0.294,0.644,0.062,1,0,0,latency-pressure-freshness-hold,22,1,1,decoder-sync-observed,0,,0,0,10.653,21.976,0,,0.000,0.000,0.000,0.000,0,0,0,,0,0,0,2.661,0,719,0.085,0.000,0.000,0.085,0.000,0.042,0.007,1,1,1,1,0,1,1,0,0,0,0,0,1.000,0.000,0.000,27,0,0.000,0,0,0,0.000,0.000,0.000,0.000,0.000,0.000,0.000,1.747,6.739,0,0,0,0,0,0,0,0,0.000,0.000,0.000,0.000,0.000,0.000,0,0.101,23.306,541,547,2460,72.250,170.399,46.597,170.399,14846.935,392,1,H.264,101.904,0,0,169.405,170.359,1.000,106.156,100.900,arrival-gap-jitter-spike,11404.324,0,1,1,1,1,26251.259,471.534,502.199,503.109,503.109,0,0,10,0,0,10,1,cadence-limited freshness,input-cadence-or-video-budget,147.136,155.433,709,1,decoded,0,0,0,0,0,0,0,0,0,0,,80.470,0.000,82.507,0.000,0.000,0.000,120.000,stale-before-upload,0.001,716,0.000,83.293,3.669,0.087,0.324,0.002,0.000,0.321,1,0,0,1,3,0.063,31.449,23.306,18.079,23.875,1.000,DecodeLoad,0,1,0,0.000,0,1,1,1,0.060,0.000,0.060,0,100,0,20954,19656,1250,0,1259
27.252,Custom_loss6_delay0-100_dup0_reorder6_burst0,Loopback,1,1,0,,,0.000,0,21,743,13.638,17.315,16.255,108.928,104.387,31.537,57.798,3.007,0.063,0.227,20356,1358,19133,17775,2909,1673,286,909,716,193,41,0,17775,607,178,0,0,0,0,5.000,0,0,0,0,0,0,0,0,0,0,0,0,0,0,0,0.000,0.000,0.000,,563,563,2555,0,1,75.042,193.841,76.329,194.784,0.000,0.000,557,551,10011,800,135,0,2003,2963,744,1,fec-recovered,pending,H.264,1,1,22,14,8,3,1,2,5,25,2,0,21697,1,21697,1,0,0,0,71.852,220,286,193,184,193,0,64.453,24.702,116.206,1,0,700,48,748,0,247,22,0.435,0.565,0.936,1.000,0.082,35.000,0.385,0.615,0.333,retransmit-late,2,22,0,0,2,22,2003,16264,0,0,0,0,16264,predicted-useful,fec-grace,3256,0.000,242,748,0,1,0,0,0,0,0,0,0,238,3232,237,3231,0,0,0,pacing,1,0.687,6.330,114.330,0,0,0,0,0,0,0,0,3233,2354,2649,0,1,9500000,1200000,0,0,0,21701,21701,26687867,748,930512,33,41052,0,0,0,0,0,13.933,39.969,6124.375,4800.000,1108,39458,20337,8990,19121,10131,0.307,11.910,0.864,1108,5726717,13555449,0.938,2.386,0.447,9.867,39458,2003,595,16264,1998,3,2,134,134,233,134,0,0,1,0,4,3602,2963,2963,0,0,0,0,0,,disabled,,0,0,0,0,,1,Fixed Quality,Hybrid,85,30,9500,12000,640,360,H.264,480,270,518400,26096,518400,26096,0.050,0.000,,0,0,0.000,3.149,0.000,0.000,0.203,6500,6250,6250,17,17,0,1,9500,0.905,1,13.933,0.000,0,0,0.000,0.000,0,0,0,0,1.000,0.000,0.000,1,0,0,fixed-pacing-queue-hold,22,1,1,decoder-sync-observed,0,,0,0,0.053,21.976,0,,0.000,0.000,0.000,0.000,0,0,0,,0,0,0,7.078,0,745,0.202,0.000,0.000,0.200,0.000,0.152,0.008,1,1,1,1,0,1,1,0,0,0,0,0,1.000,0.000,0.000,24,0,0.000,0,0,0,0.000,0.000,0.000,0.000,0.000,0.000,0.000,2.509,35.870,0,0,0,0,0,0,0,0,0.000,0.000,0.000,0.000,0.000,0.000,0,0.090,17.315,557,563,2555,76.022,194.959,46.597,194.959,27128.960,740,1,H.264,102.790,0,0,193.841,194.784,0.999,151.825,101.669,arrival-gap-jitter-spike,123.556,0,1,1,1,1,27252.516,471.534,502.199,503.109,503.109,0,0,10,0,0,10,0,,,147.136,155.433,709,1,decoded,0,0,0,0,0,0,0,0,0,0,,100.028,0.000,102.768,4.659,0.000,117.413,134.464,stale-before-upload,0.000,741,0.000,105.791,5.451,0.076,0.546,0.306,0.000,0.240,1,0,0,1,3,0.063,13.638,17.315,3.007,16.255,1.000,Jitter,1,1,0,1.000,0,1,1,1,0.060,0.000,0.060,0,100,0,21728,20391,1297,0,1300
28.260,Custom_loss6_delay0-100_dup0_reorder6_burst0,Loopback,1,1,0,,,0.000,0,21,769,24.621,17.248,17.068,103.893,104.390,60.621,57.906,10.785,0.062,0.226,21117,1406,19852,18446,3028,1725,297,963,753,210,43,0,18446,630,184,0,0,0,0,5.000,0,0,0,0,0,0,0,0,0,0,0,0,0,0,0,0.000,0.000,0.000,,584,584,2656,0,1,28.796,193.841,29.830,194.784,0.000,0.000,578,573,10403,840,139,0,2082,3075,770,1,fec-parity,pending,H.264,1,1,23,20,3,5,2,3,9,25,0,0,22454,1,0,0,0,0,0,92.583,228,297,210,201,210,0,64.341,24.683,116.206,1,0,736,45,781,0,262,23,0.434,0.566,0.942,1.000,0.081,45.000,0.250,0.750,0.000,duplicate-guard,2,22,0,0,2,22,2082,16973,0,0,0,0,16973,predicted-useful,fec-grace,3381,0.652,253,781,0,1,0,0,0,0,0,0,0,249,3373,248,3372,0,0,0,pacing,1,0.738,9.117,117.117,0,0,0,0,0,0,0,0,3374,2441,2749,1,1,9500000,1200000,0,0,0,22512,22512,27686583,781,971564,34,42296,0,0,0,0,0,19.002,39.969,10789.688,4800.000,1149,40949,21101,9324,19848,10524,0.306,46.078,0.000,1149,5807890,9186714,1.014,7.726,0.495,21.010,40949,2082,618,16973,2077,3,2,138,138,241,138,0,0,1,0,4,3740,3075,3075,0,0,0,0,0,,disabled,,0,0,0,0,,1,Fixed Quality,Hybrid,85,30,9500,12000,640,360,H.264,480,270,518400,27136,518400,27136,0.052,0.000,,0,0,0.000,1.897,0.000,0.000,0.096,7250,6500,6500,18,18,0,1,9500,1.000,0,19.002,0.000,0,0,0.000,0.000,0,0,0,0,0.292,0.650,0.058,1,0,0,disabled,23,1,1,decoder-sync-observed,0,,0,0,17.386,22.851,0,,0.000,0.000,0.000,0.000,0,0,0,,0,0,0,6.021,0,772,0.096,0.000,0.000,0.095,0.000,0.072,0.007,1,1,1,1,0,1,1,0,0,0,1,0,0.860,149.004,0.000,26,0,0.000,0,0,0,0.000,0.000,0.000,0.000,0.000,0.000,0.000,1.760,10.089,0,0,0,0,0,0,0,0,0.000,0.000,0.000,0.000,0.000,0.000,0,0.098,17.248,578,584,2656,29.838,194.959,46.597,194.959,27128.960,740,1,H.264,102.790,0,0,193.841,194.784,0.999,151.825,101.669,arrival-gap-jitter-spike,1131.410,0,1,1,1,1,28260.370,471.534,502.199,503.109,503.109,0,0,10,0,0,10,0,,,147.136,155.433,709,1,decoded,0,0,0,0,0,0,0,0,0,0,,103.460,0.000,106.450,0.000,0.000,0.000,131.947,stale-before-upload,0.001,769,0.000,111.219,4.627,0.077,0.678,0.425,0.000,0.254,1,0,0,1,3,0.062,24.621,17.248,10.785,17.068,1.000,RecoveryDeadline,1,1,0,0.000,2,2,2,1,0.060,0.000,0.060,0,100,0,22540,21155,1340,0,1350
29.263,Custom_loss6_delay0-100_dup0_reorder6_burst0,Loopback,1,1,0,,,0.000,0,21,796,21.154,20.404,20.305,106.185,104.523,59.745,57.975,11.272,0.063,0.230,21948,1476,20659,19183,3132,1792,308,988,774,214,44,0,19183,651,194,0,0,0,0,5.000,0,0,0,0,0,0,0,0,0,0,0,0,0,0,0,0.000,0.000,0.000,,602,602,2754,0,1,35.136,193.841,36.000,194.784,0.000,0.000,596,591,10799,865,146,0,2161,3194,800,1,fec-recovered,pending,H.264,1,1,24,16,8,3,2,1,1,10,0,0,23389,20,0,0,0,0,0,58.786,234,308,214,205,214,0,64.127,24.681,116.206,1,0,757,48,805,0,268,24,0.432,0.568,0.940,1.000,0.082,45.000,0.200,0.800,0.000,duplicate-guard,2,22,0,0,2,22,2161,17620,0,0,0,0,17620,predicted-useful,fec-grace,3508,0.042,261,805,0,1,0,0,0,0,0,0,0,257,3493,256,3492,0,0,0,pacing,1,0.741,10.847,118.847,0,0,0,0,0,0,0,0,3494,2538,2856,1,1,9500000,1200000,0,0,0,23400,23400,28775807,805,1001420,37,46028,0,0,0,0,0,11.700,39.969,1483.188,4800.000,1195,42591,21935,9737,20656,10919,0.307,1.897,0.671,1195,5817620,9279883,1.789,6.006,0.495,16.560,42591,2161,639,17620,2156,3,2,145,145,256,145,0,0,1,0,4,3889,3194,3194,0,0,0,0,0,,disabled,,0,0,0,0,,1,Fixed Quality,Hybrid,85,30,9500,12000,640,360,H.264,480,270,518400,0,518400,28178,0.054,0.000,,0,0,0.000,5.294,0.000,4.343,0.908,7250,6750,6750,19,19,0,1,9500,1.000,0,11.700,0.000,0,0,0.000,0.000,0,0,0,0,0.291,0.650,0.060,1,0,0,disabled,0,0,0,async-output-pending,0,,0,0,0.000,0.000,0,,0.000,0.000,0.000,0.000,0,0,0,,0,0,0,0.000,1,0,0.898,0.256,0.641,0.000,0.000,0.000,0.000,0,0,1,1,1,0,0,1,1,0,0,0,1.000,0.000,0.000,30,0,0.000,0,0,0,0.000,0.000,0.000,0.000,0.000,0.000,0.000,0.000,31.404,0,0,0,0,0,0,0,0,0.000,0.000,0.000,0.000,0.000,0.000,0,0.118,20.404,596,602,2754,36.113,194.959,46.597,194.959,27128.960,740,1,H.264,102.790,0,0,193.841,194.784,0.999,151.825,101.669,arrival-gap-jitter-spike,2134.573,0,1,1,1,1,29263.533,471.534,502.199,503.109,503.109,0,0,10,0,0,10,0,,,147.136,155.433,709,1,decoded,0,0,0,0,0,0,0,0,0,0,,100.720,0.000,103.869,0.000,0.000,0.000,133.093,stale-before-upload,0.001,796,0.000,110.455,6.398,0.092,0.301,0.001,0.000,0.300,1,0,0,1,3,0.063,21.154,20.404,11.272,20.305,2.000,RecoveryDeadline,0,1,0,1.000,0,1,1,1,0.060,0.000,0.060,0,100,0,23429,21992,1406,0,1399
30.266,Custom_loss6_delay0-100_dup0_reorder6_burst0,Loopback,1,1,0,,,0.000,0,21,826,19.877,19.785,19.804,98.597,104.393,15.262,56.449,8.313,0.063,0.231,22666,1532,21343,19811,3231,1843,316,1027,801,226,45,0,19811,673,202,0,0,0,0,5.000,0,0,0,0,0,0,0,0,0,0,0,0,0,0,0,0.000,0.000,0.000,,623,623,2851,0,1,57.426,193.841,58.623,194.784,0.000,0.000,616,611,11153,899,153,0,2228,3298,828,1,retransmit-arrived,pending,H.264,1,1,22,11,11,2,1,0,0,0,1,0,24177,1,24177,1,24177,1,1,34.998,242,316,226,214,226,0,64.128,24.676,116.206,1,0,785,49,834,0,279,24,0.434,0.566,0.941,1.000,0.079,45.000,0.500,0.500,0.000,stable,2,22,0,0,2,22,2228,18136,0,0,0,0,18136,predicted-useful,fec-grace,3623,0.136,270,834,0,1,0,0,0,0,0,0,0,266,3594,264,3591,0,0,0,pacing,1,0.738,9.166,117.166,0,0,0,0,0,0,0,0,3595,2620,2949,1,1,9500000,1200000,0,0,0,24178,24178,29734464,834,1037496,38,47272,0,0,0,0,0,11.904,39.969,3739.875,4197.150,1234,44002,22659,10078,21343,11265,0.308,52.973,0.000,1234,7226890,9892090,1.132,-4.092,0.518,22.216,44002,2228,660,18136,2223,3,2,152,152,268,152,0,0,1,0,4,4015,3298,3298,0,0,0,0,0,,disabled,,0,0,0,0,,1,Fixed Quality,Hybrid,85,30,9500,12000,640,360,H.264,480,270,518400,26096,518400,26096,0.050,0.000,,0,0,0.000,2.156,0.000,0.000,0.067,6000,6250,6250,20,20,0,1,9500,0.820,1,11.904,0.000,0,0,0.000,0.000,0,0,0,0,0.289,0.651,0.060,1,0,0,latency-pressure-freshness-hold,22,1,1,decoder-sync-observed,0,,0,0,0.100,21.976,0,,0.000,0.000,0.000,0.000,0,0,0,,0,0,0,6.253,0,829,0.066,0.000,0.000,0.066,0.000,0.042,0.007,1,1,1,1,0,1,1,0,0,0,0,0,1.000,0.000,0.000,27,0,0.000,0,0,0,0.000,0.000,0.000,0.000,0.000,0.000,0.000,2.060,10.430,0,0,0,0,0,0,0,0,0.000,0.000,0.000,0.000,0.000,0.000,0,0.099,19.785,616,623,2851,58.322,194.959,46.597,194.959,27128.960,740,1,H.264,102.790,0,0,193.841,194.784,0.999,151.825,101.669,arrival-gap-jitter-spike,3137.337,0,1,1,1,1,30266.297,471.534,502.199,503.109,503.109,0,0,11,0,0,11,1,latency-pressure freshness,latency-over-80ms,157.710,157.710,802,1,H.264,0,0,0,0,0,0,0,0,0,0,,99.296,0.000,101.965,0.000,0.000,0.000,129.298,stale-before-decode,0.001,826,0.000,106.065,3.954,0.076,0.657,0.420,0.000,0.237,1,0,0,1,3,0.063,19.877,19.785,8.313,19.804,1.000,RecoveryDeadline,0,1,0,1.000,1,1,1,1,0.060,0.000,0.060,0,100,0,24208,22703,1462,0,1444
31.266,Custom_loss6_delay0-100_dup0_reorder6_burst0,Loopback,1,1,0,,,0.000,0,21,852,21.987,22.493,21.994,99.458,104.172,69.960,56.915,3.276,0.063,0.226,23395,1579,22030,20451,3346,1905,325,1070,830,240,46,0,20451,697,204,0,0,0,0,5.000,0,0,0,0,0,0,0,0,0,0,0,0,0,0,0,0.000,0.000,0.000,,647,647,2945,0,1,47.600,193.841,48.758,194.784,0.000,0.000,640,635,11526,937,155,0,2298,3409,854,1,fec-parity,pending,H.264,1,1,23,10,13,4,1,1,1,14,0,1,24945,19,24958,0,0,0,0,55.825,252,325,240,228,240,0,63.863,24.797,116.206,1,0,818,57,875,0,298,25,0.437,0.563,0.935,1.000,0.077,45.000,0.143,0.857,0.000,duplicate-guard,2,22,0,0,2,22,2298,18688,0,0,0,0,18688,predicted-useful,fec-grace,3742,0.261,283,875,0,1,0,0,0,0,0,0,0,279,3773,277,3770,0,0,0,pacing,1,0.764,6.465,114.465,0,0,0,0,0,0,0,0,3774,2700,3044,1,1,9500000,1200000,0,0,0,24959,24959,30697706,875,1088500,41,51004,0,0,0,0,0,11.787,39.969,2480.500,4280.850,1274,45407,23383,10351,22024,11673,0.307,33.160,0.008,1274,5808660,8897852,0.927,54.698,0.478,22.719,45407,2298,684,18688,2293,3,2,154,154,271,154,0,0,1,0,4,4148,3409,3409,0,0,0,0,0,,disabled,,0,0,0,0,,1,Fixed Quality,Hybrid,85,30,9500,12000,640,360,H.264,480,270,518400,27138,518400,27138,0.052,0.000,,0,0,0.000,2.111,0.000,0.000,0.106,7250,6500,6500,21,21,0,1,9500,1.000,0,11.787,0.000,0,0,0.000,0.000,0,0,0,0,0.288,0.647,0.065,1,0,0,disabled,23,1,1,decoder-sync-observed,0,,0,0,0.092,22.853,0,,0.000,0.000,0.000,0.000,0,0,0,,0,0,0,6.609,0,855,0.106,0.000,0.000,0.105,0.000,0.069,0.017,1,1,1,1,0,1,1,0,0,0,0,0,1.000,0.000,0.000,30,0,0.000,0,0,0,0.000,0.000,0.000,0.000,0.000,0.000,0.000,1.952,10.616,0,0,0,0,0,0,0,0,0.000,0.000,0.000,0.000,0.000,0.000,0,0.093,22.493,640,647,2945,48.722,194.959,46.597,194.959,27128.960,740,1,H.264,102.790,0,0,193.841,194.784,0.999,151.825,101.669,arrival-gap-jitter-spike,4137.603,0,1,1,1,1,31266.563,471.534,502.199,503.109,503.109,0,0,11,0,0,11,0,,,157.710,157.710,802,1,H.264,0,0,0,0,0,0,0,0,0,0,,97.873,0.000,100.617,0.000,0.000,0.000,129.729,stale-before-decode,0.000,852,0.000,105.719,4.963,0.075,0.794,0.518,0.000,0.276,1,0,0,1,3,0.063,21.987,22.493,3.276,21.994,1.000,RecoveryDeadline,0,1,0,1.000,0,1,1,1,0.060,0.000,0.060,0,100,0,24990,23438,1504,0,1488
32.268,Custom_loss6_delay0-100_dup0_reorder6_burst0,Loopback,1,1,0,,,0.000,0,21,881,23.938,24.486,22.214,101.440,104.168,27.452,55.933,10.133,0.063,0.226,24240,1621,22813,21192,3458,1967,337,1108,862,246,46,0,21192,721,210,0,0,0,0,5.000,0,0,0,0,0,0,0,0,0,0,0,0,0,0,0,0.000,0.000,0.000,,670,670,3044,0,1,30.613,193.841,31.641,194.784,0.000,0.000,663,658,11910,967,160,0,2379,3523,883,1,fec-recovered,pending,H.264,1,1,24,19,5,4,3,2,7,24,0,0,25811,4,0,0,0,0,0,75.583,261,337,246,234,246,0,64.015,24.684,116.206,1,0,845,56,901,0,307,26,0.436,0.564,0.938,1.000,0.078,44.000,0.000,0.000,0.000,insufficient-sample,2,22,0,0,2,22,2379,19317,0,0,0,0,19317,predicted-useful,fec-grace,3875,0.375,291,901,0,1,0,0,0,0,0,0,0,287,3884,285,3881,0,0,0,pacing,1,0.738,7.992,115.992,0,0,0,0,0,0,0,0,3885,2800,3154,0,1,9500000,1200000,0,0,0,25868,25868,31814226,901,1120844,43,53492,0,0,0,0,0,10.815,39.969,429.875,3589.050,1317,47032,24220,10748,22812,12064,0.307,31.330,0.000,1317,6440841,10172518,1.124,35.257,0.474,10.801,47032,2379,708,19317,2374,3,2,159,159,282,159,0,0,1,0,4,4281,3523,3523,0,0,0,0,0,,disabled,,0,0,0,0,,1,Fixed Quality,Hybrid,85,30,9500,12000,640,360,H.264,480,270,518400,28178,518400,28178,0.054,0.000,,0,0,0.000,2.108,0.000,0.000,0.080,7250,6750,6750,22,22,0,1,9500,1.000,0,10.815,0.000,0,0,0.000,0.000,0,0,0,0,0.290,0.648,0.062,1,0,0,disabled,24,1,1,decoder-sync-observed,0,,0,0,0.013,23.729,0,,0.000,0.000,0.000,0.000,0,0,0,,0,0,0,3.693,0,885,0.080,0.000,0.000,0.080,0.000,0.054,0.009,1,1,1,1,0,1,1,0,0,0,0,0,1.000,0.000,0.000,30,0,0.000,0,0,0,0.000,0.000,0.000,0.000,0.000,0.000,0.000,1.994,20.543,0,0,0,0,0,0,0,0,0.000,0.000,0.000,0.000,0.000,0.000,0,0.126,24.486,663,670,3044,31.932,194.959,46.597,194.959,27128.960,740,1,H.264,102.790,0,0,193.841,194.784,0.999,151.825,101.669,arrival-gap-jitter-spike,5138.988,0,1,1,1,1,32267.948,471.534,502.199,503.109,503.109,0,0,11,0,0,11,0,,,157.710,157.710,802,1,H.264,0,0,0,0,0,0,0,0,0,0,,106.589,0.000,109.437,0.000,0.000,0.000,130.720,stale-before-decode,0.001,881,0.000,114.167,4.540,0.099,0.306,0.001,0.000,0.305,1,0,0,1,3,0.063,23.938,24.486,10.133,22.214,1.000,Loss,0,1,0,1.000,1,1,1,1,0.060,0.000,0.060,0,100,0,25900,24281,1563,0,1530
33.273,Custom_loss6_delay0-100_dup0_reorder6_burst0,Loopback,1,1,0,,,0.000,0,21,910,20.951,21.190,21.616,107.436,104.002,74.291,56.525,6.195,0.063,0.224,24981,1690,23517,21827,3559,2020,346,1146,892,254,47,0,21827,745,215,0,0,0,0,5.000,0,0,0,0,0,0,0,0,0,0,0,0,0,0,0,0.000,0.000,0.000,,694,694,3136,0,1,52.938,193.841,53.925,194.784,0.000,0.000,687,681,12272,999,165,0,2451,3627,912,1,nack-sent,pending,H.264,1,1,22,8,14,3,0,1,0,14,0,0,26636,10,0,0,0,0,0,48.192,270,346,254,242,254,0,64.090,24.469,116.206,1,0,871,56,927,0,316,26,0.438,0.562,0.940,1.000,0.076,45.000,0.375,0.625,0.000,duplicate-guard,2,22,0,0,2,22,2451,19859,0,0,0,0,19859,predicted-useful,fec-grace,3992,0.000,299,927,0,1,0,0,0,0,0,0,0,295,3984,293,3981,0,0,0,pacing,1,0.701,5.887,113.887,0,0,0,0,0,0,0,0,3985,2882,3246,0,1,9500000,1200000,1,0,1,26649,26648,32774409,927,1153188,47,58468,0,0,0,0,0,7.972,39.969,232.375,4800.000,1358,48490,24977,11080,23513,12433,0.307,39.779,0.000,1358,5710234,8470090,0.944,37.573,0.480,18.776,48490,2451,731,19859,2446,3,2,164,164,292,164,0,0,1,0,4,4412,3627,3627,0,0,0,0,0,,disabled,,0,0,0,0,,1,Fixed Quality,Hybrid,85,30,9500,12000,640,360,H.264,480,270,518400,26096,518400,26096,0.050,0.000,,0,0,0.000,1.965,0.000,0.000,0.074,6500,6250,6250,23,23,0,1,9500,0.918,1,15.329,0.000,0,0,0.000,0.000,0,0,0,0,0.291,0.648,0.060,1,0,0,latency-pressure-freshness-hold,22,1,1,decoder-sync-observed,0,,0,0,20.561,21.976,0,,0.000,0.000,0.000,0.000,0,0,0,,0,0,0,7.436,0,913,0.074,0.000,0.000,0.073,0.000,0.049,0.008,1,1,1,1,0,1,1,0,0,0,0,0,1.000,0.000,0.000,27,0,0.000,0,0,0,0.000,0.000,0.000,0.000,0.000,0.000,0.000,1.772,11.540,0,0,0,0,0,0,0,0,0.000,0.000,0.000,0.000,0.000,0.000,0,0.099,21.190,687,694,3136,53.947,194.959,46.597,194.959,27128.960,740,1,H.264,102.790,0,0,193.841,194.784,0.999,151.825,101.669,arrival-gap-jitter-spike,6144.059,0,1,1,1,1,33273.019,471.534,502.199,503.109,503.109,0,0,12,0,0,12,1,latency-pressure freshness,latency-over-80ms,144.486,157.710,890,1,decoded,0,0,0,0,0,0,0,0,0,0,,100.688,0.000,103.353,0.000,0.000,0.000,133.718,stale-before-upload,0.001,910,0.000,106.168,2.843,0.076,0.719,0.477,0.000,0.243,1,0,0,1,3,0.063,20.951,21.190,6.195,21.616,1.000,Loss,0,1,0,0.000,0,2,2,1,0.060,0.000,0.060,0,100,0,26681,25026,1615,0,1576
34.273,Custom_loss6_delay0-100_dup0_reorder6_burst0,Loopback,1,1,0,,,0.000,0,21,938,17.278,15.526,19.225,101.316,103.926,56.928,56.538,37.028,0.064,0.228,25758,1755,24261,22506,3681,2089,358,1183,920,263,51,0,22506,764,226,0,0,0,0,5.000,0,0,0,0,0,0,0,0,0,0,0,0,0,0,0,0.000,0.000,0.000,,711,711,3230,0,1,19.873,193.841,20.848,194.784,0.000,0.000,704,698,12663,1027,174,0,2524,3743,941,1,fec-parity,pending,H.264,1,1,23,5,18,1,0,0,0,0,0,0,27498,7,0,0,0,0,0,21.544,281,358,263,251,263,0,63.873,24.514,116.206,1,0,903,57,960,0,328,27,0.440,0.560,0.941,1.000,0.076,44.000,0.000,1.000,0.000,insufficient-sample,2,22,0,0,2,22,2524,20481,0,0,0,0,20481,predicted-useful,fec-grace,4111,0.522,310,960,0,1,0,0,0,0,0,0,0,306,4126,304,4123,0,0,0,pacing,1,0.797,13.214,121.214,0,0,0,0,0,0,0,0,4127,2969,3346,0,1,9500000,1200000,0,0,0,27486,27486,33806783,960,1194240,48,59712,0,0,0,0,0,19.365,39.969,476.625,4800.000,1399,49980,25742,11492,24238,12746,0.309,9.350,0.949,1399,5783138,9198734,1.695,26.586,0.469,10.929,49980,2524,750,20481,2519,3,2,173,173,308,173,0,0,1,0,4,4554,3743,3743,0,0,0,0,0,,disabled,,0,0,0,0,,1,Fixed Quality,Hybrid,85,30,9500,12000,640,360,H.264,480,270,518400,0,518400,27136,0.052,0.000,,0,0,0.000,4.986,0.000,4.183,0.762,7250,6500,6500,24,24,0,1,9500,1.000,0,19.365,0.000,0,0,0.000,0.000,0,0,0,0,0.293,0.648,0.059,1,0,0,disabled,0,0,0,async-output-pending,0,,0,0,0.000,0.000,0,,0.000,0.000,0.000,0.000,0,0,0,,0,0,0,0.000,1,0,0.753,0.256,0.496,0.000,0.000,0.000,0.000,0,0,1,1,1,0,0,1,1,0,0,0,1.000,0.000,0.000,30,0,0.000,0,0,0,0.000,0.000,0.000,0.000,0.000,0.000,0.000,0.000,21.748,0,0,0,0,0,0,0,0,0.000,0.000,0.000,0.000,0.000,0.000,0,0.089,15.526,704,711,3230,20.971,194.959,46.597,194.959,27128.960,740,1,H.264,102.790,0,0,193.841,194.784,0.999,151.825,101.669,arrival-gap-jitter-spike,7144.791,0,1,1,1,1,34273.751,471.534,502.199,503.109,503.109,0,0,12,0,0,12,0,,,144.486,157.710,890,1,decoded,0,0,0,0,0,0,0,0,0,0,,102.586,0.000,105.403,0.000,0.000,0.000,135.658,stale-before-upload,0.000,938,0.000,111.755,6.216,0.078,0.869,0.590,0.000,0.279,1,0,0,1,3,0.064,17.278,15.526,37.028,19.225,1.000,Jitter,0,1,0,1.000,0,2,2,1,0.060,0.000,0.060,0,100,0,27520,25807,1668,0,1621
35.279,Custom_loss6_delay0-100_dup0_reorder6_burst0,Loopback,1,1,0,,,0.000,0,21,968,21.001,19.185,25.444,97.335,104.030,104.041,57.977,10.305,0.064,0.231,26619,1816,25080,23264,3803,2163,365,1219,945,274,56,0,23264,785,236,0,0,0,0,5.000,0,0,0,0,0,0,0,0,0,0,0,0,0,0,0,0.000,0.000,0.000,,731,731,3325,0,1,56.877,193.841,57.921,194.784,0.000,0.000,724,718,13088,1059,183,0,2608,3865,969,1,fec-parity,pending,H.264,1,1,24,21,3,4,2,2,9,22,0,0,28352,4,0,0,0,0,0,89.597,290,365,274,262,274,0,63.973,24.691,116.206,1,0,930,57,987,0,345,27,0.443,0.557,0.942,1.000,0.073,45.000,0.333,0.667,0.000,duplicate-guard,2,22,0,0,2,22,2608,21204,0,0,0,0,21204,predicted-useful,fec-grace,4247,0.333,319,987,0,1,0,0,0,0,0,0,0,315,4239,313,4236,0,0,0,pacing,1,0.640,8.591,116.591,0,0,0,0,0,0,0,0,4240,3075,3463,0,1,9500000,1200000,19,0,19,28433,28414,34945827,987,1227828,50,62200,0,0,0,0,0,0.738,39.969,1147.500,4800.000,1446,51697,26617,11898,25080,13182,0.309,3.913,1.687,1446,5467020,8669562,0.963,30.691,0.513,13.599,51697,2608,771,21204,2603,3,2,182,182,330,182,0,0,1,0,4,4716,3865,3865,0,0,0,0,0,,disabled,,0,0,0,0,,1,Fixed Quality,Hybrid,85,30,9500,12000,640,360,H.264,480,270,518400,28178,518400,28178,0.054,0.000,,0,0,0.000,2.018,0.000,0.000,0.090,7250,6750,6750,25,25,0,1,9500,1.000,0,18.563,0.000,0,0,0.000,0.000,0,0,0,0,0.294,0.648,0.058,1,0,0,disabled,24,1,1,decoder-sync-observed,0,,0,0,29.811,23.729,0,,0.000,0.000,0.000,0.000,0,0,0,,0,0,0,5.902,0,972,0.089,0.000,0.000,0.089,0.000,0.059,0.012,1,1,1,1,0,1,1,0,0,0,0,0,1.000,0.000,0.000,30,0,0.000,0,0,0,0.000,0.000,0.000,0.000,0.000,0.000,0.000,1.898,10.085,0,0,0,0,0,0,0,0,0.000,0.000,0.000,0.000,0.000,0.000,0,0.128,19.185,724,731,3325,58.038,194.959,46.597,194.959,27128.960,740,1,H.264,102.790,0,0,193.841,194.784,0.999,151.825,101.669,arrival-gap-jitter-spike,8150.502,0,1,1,1,1,35279.462,471.534,502.199,503.109,503.109,0,0,12,0,0,12,0,,,144.486,157.710,890,1,decoded,0,0,0,0,0,0,0,0,0,0,,103.978,0.000,106.904,0.000,0.000,0.000,128.667,stale-before-upload,0.001,968,0.000,112.285,5.181,0.080,0.209,0.001,0.000,0.208,1,0,0,1,3,0.064,21.001,19.185,10.305,25.444,2.000,RecoveryDeadline,0,1,0,0.400,5,2,2,1,0.060,0.000,0.060,0,100,0,28449,26664,1731,0,1679
36.280,Custom_loss6_delay0-100_dup0_reorder6_burst0,Loopback,1,1,0,,,0.000,0,21,997,23.301,23.705,25.263,97.197,104.099,91.157,58.953,17.332,0.063,0.230,27482,1856,25887,24031,3923,2236,376,1253,973,280,58,0,24031,809,242,0,0,0,0,5.000,0,0,0,0,0,0,0,0,0,0,0,0,0,0,0,0.000,0.000,0.000,,754,754,3421,0,1,59.191,193.841,60.249,194.784,0.000,0.000,747,741,13493,1089,188,0,2687,3988,1000,1,fec-parity,pending,H.264,1,1,24,7,17,2,0,0,0,0,0,0,29315,13,0,0,0,0,0,36.924,295,376,280,268,280,0,64.252,24.404,116.206,1,0,952,58,1010,0,353,27,0.440,0.560,0.943,1.000,0.071,44.000,0.000,0.000,0.000,insufficient-sample,2,22,0,0,2,22,2687,21885,0,0,0,0,21885,predicted-useful,fec-grace,4376,0.542,326,1010,0,1,0,0,0,0,0,0,0,322,4344,320,4341,0,0,0,pacing,1,0.767,10.263,118.263,0,0,0,0,0,0,0,0,4345,3170,3567,1,1,9500000,1200000,10,0,10,29326,29316,36051259,1010,1256440,52,64688,0,0,0,0,0,0.735,39.969,190.500,4800.000,1491,53334,27466,12237,25868,13631,0.308,25.099,0.279,1491,7651602,10834033,0.864,21.976,0.441,16.932,53334,2687,795,21885,2682,3,2,187,187,341,187,0,0,1,0,4,4868,3988,3988,0,0,0,0,0,,disabled,,0,0,0,0,,1,Fixed Quality,Hybrid,85,30,9500,12000,640,360,H.264,480,270,518400,28176,518400,28176,0.054,0.000,,0,0,0.000,2.026,0.000,0.000,0.078,7250,6750,6750,25,25,0,1,9500,1.000,0,21.013,0.000,0,0,0.000,0.000,0,0,0,0,0.292,0.650,0.057,1,0,0,disabled,24,1,1,decoder-sync-observed,0,,0,0,22.760,23.727,0,,0.000,0.000,0.000,0.000,0,0,0,,0,0,0,8.579,0,1001,0.078,0.000,0.000,0.078,0.000,0.051,0.011,1,1,1,1,0,1,1,0,0,0,0,0,1.000,0.000,0.000,30,0,0.000,0,0,0,0.000,0.000,0.000,0.000,0.000,0.000,0.000,1.913,13.183,0,0,0,0,0,0,0,0,0.000,0.000,0.000,0.000,0.000,0.000,0,0.092,23.705,747,754,3421,60.507,194.959,46.597,194.959,27128.960,740,1,H.264,102.790,0,0,193.841,194.784,0.999,151.825,101.669,arrival-gap-jitter-spike,9151.360,0,1,1,1,1,36280.320,471.534,502.199,503.109,503.109,0,0,12,0,0,12,0,,,144.486,157.710,890,1,decoded,0,0,0,0,0,0,0,0,0,0,,102.847,0.000,105.708,0.000,0.000,0.000,128.599,stale-before-upload,0.001,997,0.000,111.648,5.800,0.078,0.628,0.291,0.000,0.337,1,0,0,1,3,0.063,23.301,23.705,17.332,25.263,1.000,RecoveryDeadline,0,1,0,0.000,2,1,1,1,0.060,0.000,0.060,0,100,0,29352,27532,1772,0,1736
37.281,Custom_loss6_delay0-100_dup0_reorder6_burst0,Loopback,1,1,0,,,0.000,0,21,1025,21.710,17.331,15.145,105.101,104.205,74.467,59.396,9.496,0.063,0.232,28210,1895,26561,24666,4032,2301,385,1287,1003,284,59,0,24666,832,252,0,0,0,0,5.000,0,0,0,0,0,0,0,0,0,0,0,0,0,0,0,0.000,0.000,0.000,,772,772,3515,0,1,54.596,193.841,55.559,194.784,0.000,0.000,764,758,13873,1116,193,0,2761,4111,1026,1,nack-sent,pending,H.264,1,1,22,21,1,5,5,3,6,17,0,0,30043,21,0,0,0,0,0,90.414,298,385,284,272,284,0,64.159,24.385,116.206,1,0,968,60,1028,0,360,27,0.436,0.564,0.942,1.000,0.070,44.000,0.000,1.000,0.000,insufficient-sample,2,22,0,0,2,22,2761,22475,0,0,0,0,22475,predicted-useful,fec-grace,4500,0.045,332,1028,0,1,0,0,0,0,0,0,0,328,4428,326,4425,0,0,0,pacing,1,0.749,7.990,115.990,0,0,0,0,0,0,0,0,4429,3260,3665,1,1,9500000,1200000,7,0,7,30097,30090,37003112,1028,1278832,53,65932,0,0,0,0,0,2.179,39.969,205.250,4800.000,1530,54765,28206,12613,26559,13946,0.309,13.454,0.039,1530,5057477,7828615,0.835,14.243,0.450,13.574,54765,2761,817,22475,2756,3,2,192,192,349,192,0,0,1,0,4,5007,4111,4111,0,0,0,0,0,,disabled,,0,0,0,0,,1,Fixed Quality,Hybrid,85,30,9500,12000,640,360,H.264,480,270,518400,26094,518400,26094,0.050,0.000,,0,0,0.000,1.791,0.000,0.000,0.072,6000,6250,6250,26,26,0,1,9500,0.820,1,15.084,0.000,0,0,0.000,0.000,0,0,0,0,0.290,0.652,0.058,1,0,0,latency-pressure-freshness-hold,22,1,1,decoder-sync-observed,0,,0,0,17.096,21.974,0,,0.000,0.000,0.000,0.000,0,0,0,,0,0,0,6.573,0,1029,0.072,0.000,0.000,0.071,0.000,0.049,0.008,1,1,1,1,0,1,1,0,0,0,0,0,1.000,0.000,0.000,27,0,0.000,0,0,0,0.000,0.000,0.000,0.000,0.000,0.000,0.000,1.688,10.729,0,0,0,0,0,0,0,0,0.000,0.000,0.000,0.000,0.000,0.000,0,0.097,17.331,764,772,3515,55.704,194.959,46.597,194.959,27128.960,740,1,H.264,102.790,0,0,193.841,194.784,0.999,151.825,101.669,arrival-gap-jitter-spike,10151.975,0,1,1,1,1,37280.935,471.534,502.199,503.109,503.109,0,0,13,0,0,13,1,latency-pressure freshness,latency-over-80ms,154.553,157.710,1003,1,H.264,0,0,0,0,0,0,0,0,0,0,,99.229,0.000,101.457,0.000,0.000,0.000,132.550,stale-before-decode,0.001,1025,0.000,107.028,5.428,0.074,0.829,0.523,0.000,0.307,1,0,0,1,3,0.063,21.710,17.331,9.496,15.145,1.000,RecoveryDeadline,0,1,0,1.000,1,1,1,1,0.060,0.000,0.060,0,100,0,30127,28260,1824,0,1794
38.287,Custom_loss6_delay0-100_dup0_reorder6_burst0,Loopback,1,1,0,,,0.000,0,21,1052,21.898,20.080,19.090,103.421,104.088,28.346,58.534,20.255,0.063,0.232,28933,1938,27227,25289,4131,2341,396,1335,1039,296,59,0,25289,854,258,0,0,0,0,5.000,0,0,0,0,0,0,0,0,0,0,0,0,0,0,0,0.000,0.000,0.000,,793,793,3614,0,1,24.420,193.841,25.410,194.784,0.000,0.000,785,778,14221,1150,198,0,2826,4211,1052,1,completed,completed,H.264,1,1,23,23,0,6,6,3,9,30,0,0,30785,3,0,0,0,0,0,91.166,302,396,296,284,296,0,63.253,24.897,116.206,1,0,995,63,1058,0,366,27,0.433,0.567,0.940,1.000,0.069,45.000,0.125,0.875,0.000,duplicate-guard,2,22,0,0,2,22,2826,22948,0,0,0,0,22948,predicted-useful,fec-grace,4613,0.000,342,1058,0,1,0,0,0,0,0,0,0,338,4543,336,4540,0,0,0,pacing,1,0.648,2.460,110.460,0,0,0,0,0,0,0,0,4544,3339,3756,1,1,9500000,1200000,10,0,10,30866,30856,37948010,1058,1316152,53,65932,0,0,0,0,0,5.140,39.969,1147.188,4800.000,1570,56154,28927,12941,27227,14286,0.309,2.198,1.028,1570,10337721,26080276,0.709,2.170,0.441,11.725,56154,2826,839,22948,2821,3,2,197,197,356,197,0,0,1,0,4,5136,4211,4211,0,0,0,0,0,,disabled,,0,0,0,0,,1,Fixed Quality,Hybrid,85,30,9500,12000,640,360,H.264,480,270,518400,27136,518400,27136,0.052,0.000,,0,0,0.000,1.914,0.000,0.000,0.066,7250,6500,6500,27,27,0,1,9500,1.000,0,14.665,0.000,0,0,0.000,0.000,0,0,0,0,0.285,0.655,0.060,1,0,0,disabled,23,1,1,decoder-sync-observed,0,,0,0,18.320,22.851,0,,0.000,0.000,0.000,0.000,0,0,0,,0,0,0,3.161,0,1055,0.065,0.000,0.000,0.065,0.000,0.042,0.008,1,1,1,1,0,1,1,0,0,0,0,0,1.000,0.000,0.000,30,0,0.000,0,0,0,0.000,0.000,0.000,0.000,0.000,0.000,0.000,1.819,7.365,0,0,0,0,0,0,0,0,0.000,0.000,0.000,0.000,0.000,0.000,0,0.113,20.080,785,793,3614,25.543,194.959,46.597,194.959,27128.960,740,1,H.264,102.790,0,0,193.841,194.784,0.999,151.825,101.669,arrival-gap-jitter-spike,11158.340,0,1,1,1,1,38287.300,471.534,502.199,503.109,503.109,0,0,13,0,0,13,0,,,154.553,157.710,1003,1,H.264,0,0,0,0,0,0,0,0,0,0,,101.723,0.000,104.604,0.376,0.000,107.813,131.710,stale-before-decode,0.001,1051,0.000,108.030,3.929,0.081,0.525,0.297,0.000,0.228,1,0,0,1,3,0.063,21.898,20.080,20.255,19.090,2.000,RecoveryDeadline,0,1,0,1.333,3,4,4,1,0.060,0.000,0.060,0,100,0,30894,28982,1867,0,1844
39.293,Custom_loss6_delay0-100_dup0_reorder6_burst0,Loopback,1,1,0,,,0.000,0,21,1080,15.385,15.347,21.124,112.722,103.997,53.213,58.390,16.088,0.063,0.233,29635,2003,27901,25898,4226,2389,410,1365,1063,302,62,0,25898,874,266,0,0,0,0,5.000,0,0,0,0,0,0,0,0,0,0,0,0,0,0,0,0.000,0.000,0.000,,813,813,3714,0,1,47.923,193.841,48.911,194.784,0.000,0.000,804,798,14568,1176,206,0,2901,4304,1081,1,fec-parity,pending,H.264,1,1,21,19,2,4,2,3,4,11,0,3,31571,10,31590,0,0,0,0,95.067,312,410,302,290,302,0,63.365,24.712,116.206,1,0,1025,65,1090,0,378,29,0.432,0.568,0.940,1.000,0.071,40.000,0.571,0.429,0.333,retransmit-late,2,22,0,0,2,22,2901,23522,0,0,0,0,23522,predicted-useful,fec-grace,4733,0.095,353,1090,0,1,0,0,0,0,0,0,0,348,4670,346,4667,0,0,0,pacing,1,0.736,8.967,116.967,0,0,0,0,0,0,0,0,4671,3428,3858,1,1,9500000,1200000,0,0,0,31609,31609,38877687,1090,1355960,56,69664,0,0,0,0,0,7.497,39.969,1236.438,3677.550,1609,57518,29626,13273,27892,14619,0.309,5.493,0.051,1609,4940939,8228369,0.828,6.710,0.487,13.095,57518,2901,858,23522,2896,3,2,205,205,370,205,0,0,1,0,4,5257,4304,4304,0,0,0,0,0,,disabled,,0,0,0,0,,1,Fixed Quality,Hybrid,85,30,9500,12000,640,360,H.264,480,270,518400,25054,518400,25054,0.048,0.000,,0,0,0.000,1.836,0.000,0.000,0.087,6000,6000,6000,28,28,0,1,9500,0.820,1,7.576,0.000,0,0,0.000,0.000,0,0,0,0,0.000,1.000,0.000,1,0,0,latency-pressure-freshness-hold,21,1,1,decoder-sync-observed,0,,0,0,0.021,21.098,0,,0.000,0.000,0.000,0.000,0,0,0,,0,0,0,9.519,0,1083,0.086,0.000,0.000,0.086,0.000,0.066,0.006,1,1,1,1,0,1,1,0,0,0,0,0,1.000,0.000,0.000,27,0,0.000,0,0,0,0.000,0.000,0.000,0.000,0.000,0.000,0.000,1.720,14.062,0,0,0,0,0,0,0,0,0.000,0.000,0.000,0.000,0.000,0.000,0,0.085,15.347,804,813,3714,48.896,194.959,46.597,194.959,27128.960,740,1,H.264,102.790,0,0,193.841,194.784,0.999,151.825,101.669,arrival-gap-jitter-spike,12164.501,0,1,1,1,1,39293.461,471.534,502.199,503.109,503.109,0,0,14,0,0,14,1,latency-pressure freshness,latency-over-80ms,148.672,157.710,1061,1,H.264,0,0,0,0,0,0,0,0,0,0,,102.413,0.000,104.153,0.000,0.000,0.000,136.361,stale-before-decode,0.000,1080,0.000,107.859,3.576,0.075,0.688,0.452,0.000,0.236,1,0,0,1,3,0.063,15.385,15.347,16.088,21.124,1.000,RecoveryDeadline,0,1,0,0.000,2,1,1,1,0.060,0.000,0.060,0,100,0,31648,29687,1923,0,1892
40.294,Custom_loss6_delay0-100_dup0_reorder6_burst0,Loopback,1,1,0,,,0.000,0,21,1105,17.491,17.491,16.418,104.821,103.888,14.278,57.229,8.631,0.063,0.236,30327,2047,28553,26506,4342,2444,428,1405,1086,319,65,0,26506,890,275,0,0,0,0,5.000,0,0,0,0,0,0,0,0,0,0,0,0,0,0,0,0.000,0.000,0.000,,829,829,3809,0,1,47.564,193.841,48.543,194.784,0.000,0.000,820,814,14920,1209,216,0,2977,4390,1108,1,nack-sent,pending,H.264,1,1,22,11,11,1,0,1,0,11,0,0,32350,1,0,0,0,0,0,41.324,330,428,319,307,319,0,63.203,24.715,116.206,2,0,1079,74,1153,0,397,31,0.435,0.565,0.936,1.000,0.072,40.000,0.143,0.857,0.000,duplicate-guard,2,22,0,0,2,22,2977,24209,0,0,0,0,24209,predicted-useful,fec-grace,4844,0.136,374,1153,0,1,0,0,0,0,0,0,0,369,4926,367,4923,0,0,0,pacing,1,0.587,7.033,115.033,0,0,0,0,0,0,0,0,4927,3502,3955,0,1,9500000,1200000,0,0,0,32340,32340,39783307,1153,1434332,58,72152,0,0,0,0,0,0.071,39.969,14369.188,1077.600,1646,58879,30326,13594,28553,14959,0.310,29.385,0.561,1646,5155197,8055764,0.962,-2.419,0.440,16.983,58879,2976,874,24198,2971,3,2,214,214,385,214,0,0,1,0,4,5368,4390,4390,0,0,0,0,0,,disabled,,0,0,0,0,,1,Fixed Quality,Hybrid,85,30,9500,12000,640,360,H.264,480,270,518400,0,518400,26096,0.050,0.000,,0,0,0.000,5.062,0.000,4.350,0.640,7250,6250,6250,29,29,0,1,9500,1.000,0,5.815,0.000,0,0,0.000,0.000,0,0,0,0,0.000,1.000,0.000,1,0,0,disabled,0,0,0,async-output-pending,0,,0,0,0.000,0.000,0,,0.000,0.000,0.000,0.000,0,0,0,,0,0,0,0.000,1,0,0.632,0.168,0.462,0.000,0.000,0.000,0.000,0,0,1,1,1,0,0,1,1,0,0,0,1.000,0.000,0.000,30,0,0.000,0,0,0,0.000,0.000,0.000,0.000,0.000,0.000,0.000,0.000,33.842,0,0,0,0,0,0,0,0,0.000,0.000,0.000,0.000,0.000,0.000,0,0.091,17.491,820,829,3809,48.558,194.959,46.597,194.959,27128.960,740,1,H.264,102.790,0,0,193.841,194.784,0.999,151.825,101.669,arrival-gap-jitter-spike,13165.021,0,1,1,1,1,40293.981,471.534,502.199,503.109,503.109,0,0,14,0,0,14,0,,,148.672,157.710,1061,1,H.264,0,0,0,0,0,0,0,0,0,0,,100.046,0.000,102.719,0.000,0.000,0.000,132.411,stale-before-decode,0.001,1105,0.000,108.150,5.292,0.078,0.863,0.644,0.000,0.219,1,0,0,1,3,0.063,17.491,17.491,8.631,16.418,1.000,Loss,0,1,0,0.000,1,2,2,1,0.060,0.000,0.060,0,100,0,32380,30380,1975,0,1930
41.294,Custom_loss6_delay0-100_dup0_reorder6_burst0,Loopback,1,1,0,,,0.000,0,21,1133,22.089,22.083,20.446,91.019,103.800,14.278,57.229,2.737,0.063,0.234,31067,2099,29246,27147,4460,2498,442,1454,1123,331,66,0,27147,914,279,0,0,0,0,5.000,0,0,0,0,0,0,0,0,0,0,0,0,0,0,0,0.000,0.000,0.000,,853,853,3911,0,1,41.464,193.841,42.534,194.784,0.000,0.000,844,837,15291,1245,220,0,3046,4499,1135,1,fec-parity,pending,H.264,1,1,23,1,22,1,0,0,0,0,0,0,33152,8,0,0,0,0,0,10.667,340,442,331,319,331,0,63.182,24.374,116.206,2,0,1115,71,1186,0,408,31,0.435,0.565,0.940,1.000,0.071,44.000,1.000,0.000,0.000,useful-stable,2,22,0,0,2,22,3046,24724,0,0,0,0,24724,predicted-useful,fec-grace,4962,0.000,385,1186,0,1,0,0,0,0,0,0,0,380,5071,378,5068,0,0,0,pacing,1,0.737,8.170,116.170,0,0,0,0,0,0,0,0,5072,3584,4050,1,1,9500000,1200000,0,0,0,33132,33132,40761407,1186,1475384,60,74640,0,0,0,0,0,18.067,39.969,10106.250,4800.000,1685,60281,31049,13862,29232,15370,0.309,22.233,0.000,1685,4563225,7616174,1.019,-2.419,0.463,16.295,60281,3046,898,24724,3041,3,2,218,218,392,218,0,0,1,0,4,5497,4499,4499,0,0,0,0,0,,disabled,,0,0,0,0,,1,Fixed Quality,Hybrid,85,30,9500,12000,640,360,H.264,480,270,518400,27136,518400,27136,0.052,0.000,,0,0,0.000,1.914,0.000,0.000,0.060,7000,6500,6500,30,30,0,1,9500,0.986,1,18.067,0.000,0,0,0.000,0.000,0,0,0,0,0.287,0.653,0.060,1,0,0,fixed-pacing-queue-hold,23,1,1,decoder-sync-observed,0,,0,0,17.596,22.851,0,,0.000,0.000,0.000,0.000,0,0,0,,0,0,0,6.266,0,1135,0.060,0.000,0.000,0.060,0.000,0.039,0.007,1,1,1,1,0,1,1,0,0,0,0,0,1.000,0.000,0.000,24,0,0.000,0,0,0,0.000,0.000,0.000,0.000,0.000,0.000,0.000,1.825,10.164,0,0,0,0,0,0,0,0,0.000,0.000,0.000,0.000,0.000,0.000,0,0.093,22.083,844,853,3911,42.456,194.959,46.597,194.959,27128.960,740,1,H.264,102.790,0,0,193.841,194.784,0.999,151.825,101.669,arrival-gap-jitter-spike,14165.226,0,1,1,1,1,41294.186,471.534,502.199,503.109,503.109,0,0,15,0,0,15,1,latency-pressure freshness,latency-over-80ms,132.350,157.710,1106,1,decoded,0,0,0,0,0,0,0,0,0,0,,100.709,0.000,103.424,0.000,0.000,0.000,125.510,stale-before-upload,0.001,1133,0.000,107.873,4.337,0.079,0.824,0.602,0.000,0.221,1,0,0,1,3,0.063,22.089,22.083,2.737,20.446,1.000,Loss,0,1,0,1.000,2,2,2,1,0.060,0.000,0.060,0,100,0,33173,31120,2022,0,1968
42.301,Custom_loss6_delay0-100_dup0_reorder6_burst0,Loopback,1,1,0,,,0.000,0,21,1160,21.388,21.381,18.950,95.130,103.717,90.684,58.087,25.998,0.064,0.234,31840,2164,29981,27817,4567,2555,452,1492,1152,340,68,0,27817,934,286,0,0,0,0,5.000,0,0,0,0,0,0,0,0,0,0,0,0,0,0,0,0.000,0.000,0.000,,873,873,4015,0,1,19.426,193.841,20.758,194.784,0.000,0.000,864,857,15663,1274,227,0,3121,4611,1162,1,fec-recovered,pending,H.264,1,1,24,13,11,2,1,0,0,0,0,0,33961,6,0,0,0,0,0,39.674,347,452,340,328,340,0,63.361,24.351,116.206,2,0,1141,74,1215,0,419,32,0.434,0.566,0.939,1.000,0.071,40.000,0.143,0.857,0.250,retransmit-late,2,22,0,0,2,22,3121,25324,0,0,0,0,25324,predicted-useful,fec-grace,5083,0.375,394,1215,0,1,0,0,0,0,0,0,0,389,5212,387,5209,0,0,0,pacing,1,0.823,13.235,121.235,0,0,0,0,0,0,0,0,5213,3673,4150,0,1,9500000,1200000,0,0,0,33976,33976,41799489,1215,1511460,62,77128,0,0,0,0,0,15.707,39.969,6116.812,4800.000,1728,61812,31831,14213,29981,15768,0.309,17.683,0.025,1728,6136935,9054702,1.182,76.406,0.509,11.880,61812,3121,918,25324,3116,3,2,225,225,401,225,0,0,1,0,4,5629,4611,4611,0,0,0,0,0,,disabled,,0,0,0,0,,1,Fixed Quality,Hybrid,85,30,9500,12000,640,360,H.264,480,270,518400,28178,518400,28178,0.054,0.000,,0,0,0.000,2.113,0.000,0.000,0.072,7250,6750,6750,31,31,0,1,9500,1.000,0,15.707,0.000,0,0,0.000,0.000,0,0,0,0,0.286,0.653,0.061,1,0,0,disabled,24,1,1,decoder-sync-observed,0,,0,0,0.036,23.729,0,,0.000,0.000,0.000,0.000,0,0,0,,0,0,0,6.519,0,1163,0.072,0.000,0.000,0.071,0.000,0.048,0.008,1,1,1,1,0,1,1,0,0,0,0,0,1.000,0.000,0.000,30,0,0.000,0,0,0,0.000,0.000,0.000,0.000,0.000,0.000,0.000,1.974,17.927,0,0,0,0,0,0,0,0,0.000,0.000,0.000,0.000,0.000,0.000,0,0.090,21.381,864,873,4015,20.400,194.959,46.597,194.959,27128.960,740,1,H.264,102.790,0,0,193.841,194.784,0.999,151.825,101.669,arrival-gap-jitter-spike,15171.756,0,1,1,1,1,42300.716,471.534,502.199,503.109,503.109,0,0,15,0,0,15,0,,,132.350,157.710,1106,1,decoded,0,0,0,0,0,0,0,0,0,0,,98.792,0.000,101.629,0.000,0.000,0.000,127.565,stale-before-upload,0.001,1160,0.000,107.941,6.176,0.077,0.723,0.501,0.000,0.222,1,0,0,1,3,0.064,21.388,21.381,25.998,18.950,1.000,Loss,0,1,0,1.000,1,1,1,1,0.060,0.000,0.060,0,100,0,34018,31893,2070,0,2026
43.305,Custom_loss6_delay0-100_dup0_reorder6_burst0,Loopback,1,1,0,,,0.000,0,21,1188,27.322,25.386,25.769,97.837,103.803,76.754,58.554,10.631,0.063,0.232,32588,2206,30675,28469,4667,2609,461,1529,1183,346,68,0,28469,960,290,0,0,0,0,5.000,0,0,0,0,0,0,0,0,0,0,0,0,0,0,0,0.000,0.000,0.000,,897,897,4105,0,1,46.317,193.841,47.231,194.784,0.000,0.000,888,880,16038,1306,229,0,3196,4722,1189,1,fec-parity,pending,H.264,1,1,22,19,3,5,3,3,7,27,1,0,34730,16,34770,1,0,0,0,92.786,354,461,346,334,346,0,63.362,24.327,116.206,2,0,1163,75,1238,0,426,32,0.434,0.566,0.939,1.000,0.070,45.000,0.444,0.556,0.000,duplicate-guard,2,22,0,0,2,22,3196,25890,0,0,0,0,25890,predicted-useful,fec-grace,5207,0.227,402,1238,0,2,0,0,0,0,0,0,0,397,5316,395,5313,0,0,0,pacing,1,0.711,11.628,119.628,0,0,0,0,0,0,0,0,5318,3762,4249,1,1,9500000,1200000,0,0,0,34760,34760,42763702,1238,1540072,64,79616,0,0,0,0,0,17.279,39.969,10594.125,4800.000,1767,63233,32577,14491,30656,16165,0.308,42.298,0.000,1767,4338894,7274938,1.999,58.339,0.460,20.494,63233,3196,943,25890,3191,3,2,227,227,406,227,0,0,1,0,4,5768,4722,4722,0,0,0,0,0,,disabled,,0,0,0,0,,1,Fixed Quality,Hybrid,85,30,9500,12000,640,360,H.264,480,270,518400,26096,518400,26096,0.050,0.000,,0,0,0.000,2.185,0.000,0.000,0.079,6000,6250,6250,32,32,0,1,9500,0.820,1,17.279,0.000,0,0,0.000,0.000,0,0,0,0,0.286,0.653,0.061,1,0,0,latency-pressure-freshness-hold,22,1,1,decoder-sync-observed,0,,0,0,0.033,21.976,0,,0.000,0.000,0.000,0.000,0,0,0,,0,0,0,5.692,0,1191,0.079,0.000,0.000,0.079,0.000,0.056,0.007,1,1,1,1,0,1,1,0,0,0,0,0,1.000,0.000,0.000,27,0,0.000,0,0,0,0.000,0.000,0.000,0.000,0.000,0.000,0.000,2.065,10.137,0,0,0,0,0,0,0,0,0.000,0.000,0.000,0.000,0.000,0.000,0,0.121,25.385,888,897,4105,47.256,194.959,46.597,194.959,27128.960,740,1,H.264,102.790,0,0,193.841,194.784,0.999,151.825,101.669,arrival-gap-jitter-spike,16176.674,0,1,1,1,1,43305.634,471.534,502.199,503.109,503.109,0,0,16,0,0,16,1,latency-pressure freshness,latency-over-80ms,145.123,157.710,1171,1,decoded,0,0,0,0,0,0,0,0,0,0,,100.798,0.000,103.433,0.000,0.000,0.000,128.918,stale-before-upload,0.001,1188,0.000,108.269,4.873,0.094,0.400,0.012,0.000,0.388,1,0,0,1,3,0.063,27.322,25.386,10.631,25.769,1.000,Loss,0,1,0,0.000,1,1,1,1,0.060,0.000,0.060,0,100,0,34803,32647,2116,0,2076
44.307,Custom_loss6_delay0-100_dup0_reorder6_burst0,Loopback,1,1,0,,,0.000,0,21,1215,24.969,23.056,26.256,88.320,103.762,70.814,58.853,8.855,0.063,0.228,33320,2233,31344,29111,4787,2680,472,1567,1210,357,68,0,29111,987,291,0,0,0,0,5.000,0,0,0,0,0,0,0,0,0,0,0,0,0,0,0,0.000,0.000,0.000,,923,923,4201,0,1,30.201,193.841,31.195,194.784,0.000,0.000,914,905,16406,1344,229,0,3262,4841,1216,1,fec-recovered,pending,H.264,1,1,23,12,11,1,1,1,3,15,1,0,35534,2,35534,2,0,0,0,55.114,358,472,357,345,357,0,63.478,24.331,116.206,2,0,1189,76,1265,0,434,32,0.431,0.569,0.940,1.000,0.069,45.000,0.333,0.667,0.000,duplicate-guard,2,22,0,0,2,22,3262,26340,0,0,0,0,26340,predicted-useful,fec-grace,5324,0.652,411,1265,0,2,0,0,0,0,0,0,0,406,5434,404,5431,0,0,0,pacing,1,0.751,11.086,119.086,0,0,0,0,0,0,0,0,5436,3842,4340,1,1,9500000,1200000,0,0,0,35520,35520,43701934,1265,1573660,64,79616,0,0,0,0,0,14.733,39.969,6179.188,4800.000,1807,64656,33312,14824,31344,16520,0.308,26.214,2.904,1807,4474512,7212273,2.161,45.483,0.505,12.916,64656,3262,970,26340,3257,3,2,227,227,406,227,0,0,1,0,4,5898,4841,4841,0,0,0,0,0,,disabled,,0,0,0,0,,1,Fixed Quality,Hybrid,85,30,9500,12000,640,360,H.264,480,270,518400,27136,518400,27136,0.052,0.000,,0,0,0.000,2.114,0.000,0.000,0.157,7250,6500,6500,33,33,0,1,9500,1.000,0,14.733,0.000,0,0,0.000,0.000,0,0,0,0,1.000,0.000,0.000,1,0,0,disabled,23,1,1,decoder-sync-observed,0,,0,0,0.139,22.851,0,,0.000,0.000,0.000,0.000,0,0,0,,0,0,0,2.786,0,1217,0.156,0.000,0.000,0.156,0.000,0.126,0.010,1,1,1,1,0,1,1,0,0,0,0,0,1.000,0.000,0.000,30,0,0.000,0,0,0,0.000,0.000,0.000,0.000,0.000,0.000,0.000,1.920,7.022,0,0,0,0,0,0,0,0,0.000,0.000,0.000,0.000,0.000,0.000,0,0.096,23.056,914,923,4201,31.427,194.959,46.597,194.959,27128.960,740,1,H.264,102.790,0,0,193.841,194.784,0.999,151.825,101.669,arrival-gap-jitter-spike,17178.372,0,1,1,1,1,44307.332,471.534,502.199,503.109,503.109,0,0,17,0,0,17,1,latency-pressure freshness,latency-over-80ms,145.406,157.710,1191,1,decoded,0,0,0,0,0,0,0,0,0,0,,97.106,0.000,99.879,0.000,0.000,0.000,124.160,stale-before-upload,0.001,1215,0.000,104.862,4.871,0.075,0.620,0.370,0.000,0.250,1,0,0,1,3,0.063,24.969,23.056,8.855,26.256,1.000,RecoveryDeadline,0,1,0,0.000,1,1,1,1,0.060,0.000,0.060,0,100,0,35564,33375,2150,0,2108
45.307,Custom_loss6_delay0-100_dup0_reorder6_burst0,Loopback,1,1,0,,,0.000,0,21,1243,28.819,26.883,24.632,103.278,103.760,95.712,59.730,20.465,0.063,0.225,34168,2288,32137,29849,4904,2743,487,1605,1241,364,69,0,29849,1013,294,0,0,0,0,5.000,0,0,0,0,0,0,0,0,0,0,0,0,0,0,0,0.000,0.000,0.000,,948,948,4293,0,1,54.109,193.841,55.164,194.784,0.000,0.000,939,930,16807,1377,231,0,3341,4960,1245,1,fec-recovered,pending,H.264,1,1,24,21,3,3,3,2,6,17,0,0,36394,13,0,0,0,0,0,73.416,367,487,364,352,364,0,63.769,24.108,116.206,2,0,1220,74,1294,0,449,32,0.430,0.570,0.943,1.000,0.067,45.000,0.400,0.600,0.000,duplicate-guard,2,22,0,0,2,22,3341,26932,0,0,0,0,26932,predicted-useful,fec-grace,5454,0.292,420,1294,0,2,0,0,0,0,0,0,0,415,5577,413,5574,0,0,0,pacing,1,0.813,7.999,115.999,0,0,0,0,0,0,0,0,5579,3934,4443,1,1,9500000,1200000,3,0,3,36426,36423,44811920,1294,1609736,66,82104,0,0,0,0,0,7.619,39.969,245.750,4800.000,1852,66302,34165,15173,32137,16964,0.308,24.670,1.625,1852,8060980,11310439,0.478,41.366,0.513,11.243,66302,3341,996,26932,3336,3,2,229,229,410,229,0,0,1,0,4,6042,4960,4960,0,0,0,0,0,,disabled,,0,0,0,0,,1,Fixed Quality,Hybrid,85,30,9500,12000,640,360,H.264,480,270,518400,28178,518400,28178,0.054,0.000,,0,0,0.000,2.136,0.000,0.000,0.073,7250,6750,6750,34,34,0,1,9500,1.000,0,8.587,0.000,0,0,0.000,0.000,0,0,0,0,0.284,0.659,0.057,1,0,0,disabled,24,1,1,decoder-sync-observed,0,,0,0,12.034,23.729,0,,0.000,0.000,0.000,0.000,0,0,0,,0,0,0,10.584,0,1247,0.073,0.000,0.000,0.072,0.000,0.049,0.009,1,1,1,1,0,1,1,0,0,0,0,0,1.000,0.000,0.000,30,0,0.000,0,0,0,0.000,0.000,0.000,0.000,0.000,0.000,0.000,2.030,14.505,0,0,0,0,0,0,0,0,0.000,0.000,0.000,0.000,0.000,0.000,0,0.092,26.883,939,948,4293,55.295,194.959,46.597,194.959,27128.960,740,1,H.264,102.790,0,0,193.841,194.784,0.999,151.825,101.669,arrival-gap-jitter-spike,18178.364,0,1,1,1,1,45307.324,471.534,502.199,503.109,503.109,0,0,17,0,0,17,0,,,145.406,157.710,1191,1,decoded,0,0,0,0,0,0,0,0,0,0,,100.658,0.000,103.549,0.000,0.000,0.000,131.639,stale-before-upload,0.001,1243,0.000,108.508,4.822,0.075,0.674,0.445,0.000,0.229,1,0,0,1,3,0.063,28.819,26.883,20.465,24.632,1.000,RecoveryDeadline,0,1,0,1.000,0,2,2,1,0.060,0.000,0.060,0,100,0,36468,34224,2200,0,2154
46.309,Custom_loss6_delay0-100_dup0_reorder6_burst0,Loopback,1,1,0,,,0.000,0,21,1272,20.821,19.091,15.778,106.593,103.876,21.880,58.850,6.463,0.063,0.226,34900,2348,32832,30484,5013,2806,499,1637,1266,371,71,0,30484,1035,303,0,0,0,0,5.000,0,0,0,0,0,0,0,0,0,0,0,0,0,0,0,0.000,0.000,0.000,,968,968,4385,0,1,40.562,193.841,41.565,194.784,0.000,0.000,959,949,17189,1406,239,0,3417,5070,1274,1,nack-sent,pending,H.264,1,1,22,9,13,1,0,1,0,13,1,0,37204,3,37231,3,0,0,0,47.606,375,499,371,357,371,0,63.676,24.394,116.206,3,0,1248,79,1327,0,454,36,0.429,0.571,0.940,1.000,0.073,45.000,0.200,0.800,0.000,duplicate-guard,2,22,0,0,2,22,3417,27545,0,0,0,0,27545,predicted-useful,fec-grace,5576,0.273,431,1327,0,2,0,0,0,0,0,0,0,426,5706,423,5701,0,0,0,pacing,1,0.723,8.515,116.515,0,0,0,0,0,0,0,0,5708,4017,4539,1,1,9500000,1200000,9,0,9,37214,37205,45774879,1327,1650788,66,82104,0,0,0,0,0,0.555,39.969,723.188,2290.650,1893,67719,34895,15463,32824,17361,0.307,41.160,0.000,1893,4676031,7887079,0.842,18.326,0.482,26.771,67719,3417,1017,27545,3412,3,2,236,236,422,236,0,0,1,0,4,6181,5070,5070,0,0,0,0,0,,disabled,,0,0,0,0,,1,Fixed Quality,Hybrid,85,30,9500,12000,640,360,H.264,480,270,518400,26096,518400,26096,0.050,0.000,,0,0,0.000,1.907,0.000,0.000,0.079,6000,6250,6250,35,35,0,1,9500,0.820,1,11.631,0.000,0,0,0.000,0.000,0,0,0,0,0.283,0.658,0.060,1,0,0,latency-pressure-freshness-hold,22,1,1,decoder-sync-observed,0,,0,0,0.058,21.976,0,,0.000,0.000,0.000,0.000,0,0,0,,0,0,0,5.851,0,1275,0.079,0.000,0.000,0.079,0.000,0.056,0.007,1,1,1,1,0,1,1,0,0,0,0,0,1.000,0.000,0.000,27,0,0.000,0,0,0,0.000,0.000,0.000,0.000,0.000,0.000,0.000,1.794,9.946,0,0,0,0,0,0,0,0,0.000,0.000,0.000,0.000,0.000,0.000,0,0.106,19.091,959,968,4385,41.510,194.959,46.597,194.959,27128.960,740,1,H.264,102.790,0,0,193.841,194.784,0.999,151.825,101.669,arrival-gap-jitter-spike,19180.710,0,1,1,1,1,46309.670,471.534,502.199,503.109,503.109,0,0,18,0,0,18,1,latency-pressure freshness,latency-over-80ms,145.147,157.710,1252,1,decoded,0,0,0,0,0,0,0,0,0,0,,101.596,0.000,104.221,0.000,0.000,0.000,133.297,stale-before-upload,0.001,1272,0.000,109.957,5.805,0.081,0.286,0.001,0.000,0.286,1,0,0,1,3,0.063,20.821,19.091,6.463,15.778,1.000,RecoveryDeadline,0,1,0,1.000,1,1,1,1,0.060,0.000,0.060,0,100,0,37251,34959,2252,0,2198
47.316,Custom_loss6_delay0-100_dup0_reorder6_burst0,Loopback,1,1,0,,,0.000,0,21,1298,19.474,19.485,21.682,98.177,103.807,0.245,57.518,67.079,0.063,0.227,35631,2377,33494,31117,5125,2863,515,1675,1292,383,72,0,31117,1055,309,0,0,0,0,5.000,0,0,0,0,0,0,0,0,0,0,0,0,0,0,0,0.000,0.000,0.000,,988,988,4476,0,1,117.386,193.841,118.430,194.784,0.000,0.000,979,969,17562,1438,245,0,3492,5171,1300,1,fec-parity,pending,H.264,1,1,23,11,12,3,0,1,0,12,0,0,37989,11,0,0,0,0,0,35.878,384,515,383,369,383,0,63.514,24.434,116.206,3,0,1285,84,1369,0,463,39,0.427,0.573,0.939,1.000,0.078,35.000,0.100,0.900,0.000,duplicate-guard,2,22,0,0,2,22,3492,28158,0,0,0,0,28158,predicted-useful,fec-grace,5695,0.522,445,1369,0,2,0,0,0,0,0,0,0,440,5881,437,5876,0,0,0,pacing,1,0.686,8.224,116.224,0,0,0,0,0,0,0,0,5883,4101,4639,1,1,9500000,1200000,8,0,8,37992,37984,46736427,1369,1703036,68,84592,0,0,0,0,0,0.161,39.969,396.438,1089.150,1934,69115,35624,15748,33491,17743,0.307,35.732,0.000,1934,5264259,8113391,0.966,10.334,0.462,15.766,69115,3492,1037,28158,3487,3,2,242,242,431,242,0,0,1,0,4,6315,5171,5171,0,0,0,0,0,,disabled,,0,0,0,0,,1,Fixed Quality,Hybrid,85,30,9500,12000,640,360,H.264,480,270,518400,27138,518400,27138,0.052,0.000,,0,0,0.000,1.923,0.000,0.000,0.106,7250,6500,6500,36,36,0,1,9500,1.000,0,24.323,0.000,0,0,3.298,0.000,3732,0,0,0,0.000,0.667,0.333,1,0,0,disabled,23,1,1,decoder-sync-observed,0,,0,0,26.284,22.853,0,,0.000,0.000,0.000,0.000,0,0,0,,0,0,0,5.720,0,1301,0.106,0.000,0.000,0.105,0.000,0.051,0.008,1,1,1,1,0,1,1,0,0,0,0,0,1.000,0.000,0.000,30,0,0.000,0,0,0,0.000,0.000,0.000,0.000,0.000,0.000,0.000,1.786,9.629,0,0,0,0,0,0,0,0,0.000,0.000,0.000,0.000,0.000,0.000,0,0.095,19.485,979,988,4476,118.541,194.959,46.597,194.959,27128.960,740,1,H.264,102.790,0,0,193.841,194.784,0.999,151.825,101.669,arrival-gap-jitter-spike,20187.594,0,1,1,1,1,47316.554,471.534,502.199,503.109,503.109,0,0,18,0,0,18,0,,,145.147,157.710,1252,1,decoded,0,0,0,0,0,0,0,0,0,0,,101.082,0.000,103.826,0.000,0.000,0.000,134.089,stale-before-upload,0.001,1298,0.000,109.943,5.980,0.076,0.716,0.410,0.000,0.306,1,0,0,1,3,0.063,19.474,19.485,67.079,21.682,2.000,RecoveryDeadline,0,1,0,0.333,3,1,1,1,0.060,0.000,0.060,0,100,0,38031,35690,2297,0,2238
48.322,Custom_loss6_delay0-100_dup0_reorder6_burst0,Loopback,1,1,0,,,0.000,0,21,1328,29.128,25.236,26.875,83.802,103.845,34.340,57.003,7.181,0.062,0.223,36509,2421,34304,31883,5273,2932,537,1731,1329,402,73,0,31883,1084,312,0,0,0,0,5.000,0,0,0,0,0,0,0,0,0,0,0,0,0,0,0,0.000,0.000,0.000,,1015,1015,4571,0,1,40.537,193.841,41.512,194.784,0.000,0.000,1006,996,18010,1486,246,0,3576,5302,1329,1,fec-recovered,pending,H.264,1,1,24,18,6,4,3,1,4,13,0,0,38889,3,0,0,0,0,0,58.048,396,537,402,388,402,0,63.504,24.558,116.206,3,0,1338,88,1426,0,472,40,0.424,0.576,0.938,1.000,0.078,45.000,0.312,0.688,0.000,duplicate-guard,2,22,0,0,2,22,3576,28914,0,0,0,0,28914,predicted-useful,fec-grace,5835,0.542,464,1426,0,4,0,0,0,0,0,0,0,459,6146,456,6141,0,0,0,pacing,1,0.694,8.534,116.534,0,0,0,0,0,0,0,0,6150,4192,4751,1,1,9500000,1200000,0,0,0,38898,38898,47859963,1426,1773944,73,90812,0,0,0,0,0,22.022,39.969,13590.938,4800.000,1982,70796,36492,16143,34304,18161,0.307,19.357,2.771,1982,6143743,9508474,1.113,15.086,0.471,23.198,70796,3576,1066,28914,3571,3,2,243,243,432,243,0,0,1,0,4,6465,5302,5302,0,0,0,0,0,,disabled,,0,0,0,0,,1,Fixed Quality,Hybrid,85,30,9500,12000,640,360,H.264,480,270,518400,0,518400,28178,0.054,0.000,,0,0,0.000,4.790,0.000,4.146,0.604,7250,6750,6750,37,37,0,1,9500,1.000,0,22.022,0.000,0,0,0.000,0.000,0,0,0,0,0.278,0.661,0.062,1,0,0,disabled,0,0,0,async-output-pending,0,,0,0,0.000,0.000,0,,0.000,0.000,0.000,0.000,0,0,0,,0,0,0,0.000,1,0,0.597,0.166,0.430,0.000,0.000,0.000,0.000,0,0,1,1,1,0,0,1,1,0,0,0,1.000,0.000,0.000,30,0,0.000,0,0,0,0.000,0.000,0.000,0.000,0.000,0.000,0.000,0.000,24.389,0,0,0,0,0,0,0,0,0.000,0.000,0.000,0.000,0.000,0.000,0,0.091,25.236,1006,1015,4571,41.552,194.959,46.597,194.959,27128.960,740,1,H.264,102.790,0,0,193.841,194.784,0.999,151.825,101.669,arrival-gap-jitter-spike,21192.783,0,1,1,1,1,48321.743,471.534,502.199,503.109,503.109,0,0,18,0,0,18,0,,,145.147,157.710,1252,1,decoded,0,0,0,0,0,0,0,0,0,0,,98.152,0.000,100.969,0.000,0.000,0.000,121.901,stale-before-upload,0.001,1328,0.000,106.472,5.360,0.077,0.675,0.367,0.000,0.308,1,0,0,1,3,0.062,29.128,25.236,7.181,26.875,1.000,RecoveryDeadline,0,1,0,2.000,1,2,2,1,0.060,0.000,0.060,0,100,0,38946,36573,2342,0,2281
49.326,Custom_loss6_delay0-100_dup0_reorder6_burst0,Loopback,1,1,0,,,0.000,0,21,1353,13.188,25.339,15.200,149.225,103.900,90.372,57.728,20.897,0.063,0.226,37230,2496,35007,32511,5365,2991,546,1754,1349,405,74,0,32511,1101,321,0,0,0,0,5.000,0,0,0,0,0,0,0,0,0,0,0,0,0,0,0,0.000,0.000,0.000,,1032,1032,4669,0,1,59.405,193.841,60.371,194.784,0.000,0.000,1022,1010,18368,1506,255,0,3653,5400,1356,1,fec-recovered,pending,H.264,1,1,22,22,0,4,3,3,12,26,1,1,39643,5,39695,2,0,0,0,98.779,404,546,405,391,405,0,63.456,24.431,116.206,3,0,1358,92,1450,0,476,41,0.425,0.575,0.937,1.000,0.079,38.000,0.429,0.571,1.000,retransmit-late,2,22,0,0,2,22,3653,29504,0,0,0,0,29504,predicted-useful,fec-grace,5953,0.091,472,1450,0,7,0,0,0,0,0,0,0,468,6256,465,6251,0,0,0,pacing,1,0.639,2.667,110.667,0,0,0,0,0,0,0,0,6263,4283,4853,1,1,9500000,1200000,0,0,0,39679,39679,48821080,1450,1803800,73,90812,0,0,0,0,0,13.219,39.969,5565.062,3066.000,2023,72234,37227,16455,35007,18552,0.307,24.350,2.039,2023,6580180,10306429,1.116,23.275,0.497,18.683,72234,3653,1082,29504,3648,3,2,252,252,447,252,0,0,1,0,4,6602,5400,5400,0,0,0,0,0,,disabled,,0,0,0,0,,1,Fixed Quality,Hybrid,85,30,9500,12000,640,360,H.264,480,270,518400,26096,518400,26096,0.050,0.000,,0,0,0.000,1.962,0.000,0.000,0.061,6000,6250,6250,38,38,0,1,9500,0.820,1,13.219,0.000,0,0,0.000,0.000,0,0,0,0,1.000,0.000,0.000,1,0,0,latency-pressure-freshness-hold,22,1,1,decoder-sync-observed,0,,0,0,17.533,21.976,0,,0.000,0.000,0.000,0.000,0,0,0,,0,0,0,4.361,0,1358,0.061,0.000,0.000,0.061,0.000,0.041,0.006,1,1,1,1,0,1,1,0,0,0,0,0,1.000,0.000,0.000,27,0,0.000,0,0,0,0.000,0.000,0.000,0.000,0.000,0.000,0.000,1.871,10.120,0,0,0,0,0,0,0,0,0.000,0.000,0.000,0.000,0.000,0.000,0,0.105,25.339,1022,1032,4669,60.354,194.959,46.597,194.959,27128.960,740,1,H.264,102.790,0,0,193.841,194.784,0.999,151.825,101.669,arrival-gap-jitter-spike,22197.502,0,1,1,1,1,49326.462,471.534,502.199,503.109,503.109,0,0,21,0,0,21,3,latency-pressure freshness,latency-over-80ms,150.183,157.710,1353,1,H.264,0,0,0,0,0,0,0,0,0,0,,116.820,0.000,111.002,0.000,0.000,0.000,145.000,stale-before-decode,0.001,1352,0.000,113.298,4.489,0.089,0.242,0.001,0.000,0.241,1,0,0,1,3,0.063,13.188,25.339,20.897,15.200,2.000,Loss,0,1,0,1.000,0,1,1,1,0.060,0.000,0.060,0,100,0,39728,37298,2391,0,2330
50.330,Custom_loss6_delay0-100_dup0_reorder6_burst0,Loopback,1,1,0,,,0.000,0,21,1382,18.662,19.640,17.046,102.057,103.948,81.084,58.225,12.687,0.063,0.226,37991,2534,35707,33173,5488,3054,563,1796,1381,415,75,0,33173,1123,328,0,0,0,0,5.000,0,0,0,0,0,0,0,0,0,0,0,0,0,0,0,0.000,0.000,0.000,,1053,1053,4763,0,1,54.325,193.841,55.261,194.784,0.000,0.000,1042,1029,18758,1538,261,0,3730,5507,1384,1,nack-sent,pending,H.264,1,1,22,14,8,5,2,2,6,24,1,0,40487,20,40526,1,0,0,0,59.088,416,563,415,401,415,0,63.549,24.439,116.206,3,0,1397,97,1494,0,487,43,0.425,0.575,0.935,1.000,0.081,35.000,0.250,0.750,0.333,retransmit-late,2,22,0,0,2,22,3730,30131,0,0,0,0,30131,predicted-useful,fec-grace,6077,0.136,486,1494,0,7,0,0,0,0,0,0,0,482,6424,479,6419,0,0,0,pacing,1,0.684,6.247,114.247,0,0,0,0,0,0,0,0,6431,4369,4955,0,1,9500000,1200000,0,0,0,40479,40479,49809354,1494,1858536,74,92056,0,0,0,0,0,9.203,39.969,595.375,2438.100,2063,73675,37978,16788,35697,18909,0.307,3.206,0.623,2063,5441775,8494200,0.877,16.763,0.465,12.151,73675,3730,1104,30131,3725,3,2,258,258,457,258,0,0,1,0,4,6741,5507,5507,0,0,0,0,0,,disabled,,0,0,0,0,,1,Fixed Quality,Hybrid,85,30,9500,12000,640,360,H.264,480,270,518400,26096,518400,26096,0.050,0.000,,0,0,0.000,1.863,0.000,0.000,0.062,6000,6250,6250,38,38,0,1,9500,0.820,1,9.203,0.000,0,0,0.000,0.000,0,0,0,0,1.000,0.000,0.000,1,0,0,latency-pressure-freshness-hold,22,1,1,decoder-sync-observed,0,,0,0,11.154,21.976,0,,0.000,0.000,0.000,0.000,0,0,0,,0,0,0,4.353,0,1385,0.061,0.000,0.000,0.061,0.000,0.041,0.006,1,1,1,1,0,1,1,0,0,0,0,0,1.000,0.000,0.000,27,0,0.000,0,0,0,0.000,0.000,0.000,0.000,0.000,0.000,0.000,1.774,11.424,0,0,0,0,0,0,0,0,0.000,0.000,0.000,0.000,0.000,0.000,0,0.106,19.640,1042,1053,4763,55.357,194.959,46.597,194.959,27128.960,740,1,H.264,102.790,0,0,193.841,194.784,0.999,151.825,101.669,arrival-gap-jitter-spike,23200.981,0,1,1,1,1,50329.941,471.534,502.199,503.109,503.109,0,0,23,0,0,23,2,latency-pressure freshness,latency-over-80ms,148.832,157.710,1363,1,H.264,0,0,0,0,0,0,0,0,0,0,,101.741,0.000,103.902,0.000,0.000,0.000,131.029,stale-before-decode,0.000,1382,0.000,108.919,5.028,0.074,0.489,0.262,0.000,0.227,1,0,0,1,3,0.063,18.662,19.640,12.687,17.046,1.000,RecoveryDeadline,0,1,0,0.667,3,2,2,1,0.060,0.000,0.060,0,100,0,40529,38057,2430,0,2383
51.336,Custom_loss6_delay0-100_dup0_reorder6_burst0,Loopback,1,1,0,,,0.000,0,21,1408,20.889,20.622,21.725,108.729,103.873,20.904,57.448,6.283,0.062,0.225,38700,2574,36362,33788,5591,3108,569,1838,1412,426,76,0,33788,1145,332,0,0,0,0,5.000,0,0,0,0,0,0,0,0,0,0,0,0,0,0,0,0.000,0.000,0.000,,1075,1075,4860,0,1,40.451,193.841,41.589,194.784,0.000,0.000,1064,1051,19112,1571,265,0,3799,5607,1409,1,fec-recovered,pending,H.264,1,1,23,18,5,4,3,3,9,41,0,0,41222,17,0,0,0,0,0,96.579,430,569,426,412,426,0,63.578,24.497,116.206,3,0,1428,93,1521,0,501,44,0.430,0.570,0.939,1.000,0.081,44.000,1.000,0.000,0.000,useful-stable,2,22,0,0,2,22,3799,30680,0,0,0,0,30680,predicted-useful,fec-grace,6190,0.304,495,1521,0,7,0,0,0,0,0,0,0,491,6543,488,6538,0,0,0,pacing,1,0.737,11.236,119.236,0,0,0,0,0,0,0,0,6550,4449,5046,1,1,9500000,1200000,4,0,4,41241,41236,50743494,1521,1892124,74,92056,0,0,0,0,0,15.517,39.969,11836.750,4800.000,2102,75030,38679,17153,36351,19198,0.307,19.593,6.958,2102,4517393,7058323,0.778,1.374,0.497,17.886,75030,3799,1126,30680,3794,3,2,262,262,465,262,0,0,1,0,4,6869,5607,5607,0,0,0,0,0,,disabled,,0,0,0,0,,1,Fixed Quality,Hybrid,85,30,9500,12000,640,360,H.264,480,270,518400,27136,518400,27136,0.052,0.000,,0,0,0.000,1.906,0.000,0.000,0.056,7250,6500,6500,39,39,0,1,9500,1.000,0,9.705,0.000,0,0,0.000,0.000,0,0,0,0,0.283,0.656,0.061,1,0,0,disabled,23,1,1,decoder-sync-observed,0,,0,0,15.234,22.851,0,,0.000,0.000,0.000,0.000,0,0,0,,0,0,0,6.017,0,1411,0.056,0.000,0.000,0.056,0.000,0.037,0.005,1,1,1,1,0,1,1,0,0,0,0,0,1.000,0.000,0.000,30,0,0.000,0,0,0,0.000,0.000,0.000,0.000,0.000,0.000,0.000,1.823,17.855,0,0,0,0,0,0,0,0,0.000,0.000,0.000,0.000,0.000,0.000,0,0.093,20.622,1064,1075,4861,41.490,194.959,46.597,194.959,27128.960,740,1,H.264,102.790,0,0,193.841,194.784,0.999,151.825,101.669,arrival-gap-jitter-spike,24207.105,0,1,1,1,1,51336.065,471.534,502.199,503.109,503.109,0,0,23,0,0,23,0,,,148.832,157.710,1363,1,H.264,0,0,0,0,0,0,0,0,0,0,,108.152,0.000,110.936,0.000,0.000,0.000,134.364,stale-before-decode,0.001,1408,0.000,116.869,5.789,0.088,0.600,0.366,0.000,0.234,1,0,0,1,3,0.062,20.889,20.622,6.283,21.725,1.000,RecoveryDeadline,0,1,0,0.000,4,3,3,1,0.060,0.000,0.060,0,100,0,41288,38771,2485,0,2412
52.339,Custom_loss6_delay0-100_dup0_reorder6_burst0,Loopback,1,1,0,,,0.000,0,21,1436,18.772,15.138,18.907,89.487,103.722,41.860,57.130,18.569,0.063,0.226,39366,2631,36990,34359,5677,3157,572,1869,1439,430,79,0,34359,1166,340,0,0,0,0,5.000,0,0,0,0,0,0,0,0,0,0,0,0,0,0,0,0.000,0.000,0.000,,1095,1095,4956,0,1,33.752,193.841,34.703,194.784,0.000,0.000,1083,1070,19434,1596,272,0,3868,5709,1438,1,fec-parity,pending,H.264,1,1,21,8,13,2,1,0,0,0,0,0,41951,2,0,0,0,0,0,33.616,432,572,430,416,430,0,63.592,24.399,116.206,3,0,1437,93,1530,0,505,44,0.430,0.570,0.939,1.000,0.080,45.000,0.143,0.857,0.000,duplicate-guard,2,22,0,0,2,22,3868,31241,0,0,0,0,31241,predicted-useful,fec-grace,6301,0.286,498,1530,0,10,0,0,0,0,0,0,0,495,6588,492,6583,0,0,0,pacing,1,0.696,7.104,115.104,0,0,0,0,0,0,0,0,6598,4534,5137,1,1,9500000,1200000,0,0,0,41949,41949,51625107,1530,1903320,74,92056,0,0,0,0,0,7.575,39.969,830.688,4800.000,2139,76354,39364,17420,36990,19570,0.307,36.660,0.000,2139,5845903,8783236,1.339,5.291,0.531,22.413,76354,3868,1145,31241,3863,3,2,269,269,476,269,0,0,1,0,4,6983,5709,5709,0,0,0,0,0,,disabled,,0,0,0,0,,1,Fixed Quality,Hybrid,85,30,9500,12000,640,360,H.264,480,270,518400,25056,518400,25056,0.048,0.000,,0,0,0.000,2.420,0.000,0.000,0.070,6000,6000,6000,40,40,0,1,9500,0.820,1,11.214,0.000,0,0,0.000,0.000,0,0,0,0,0.282,0.657,0.061,1,0,0,latency-pressure-freshness-hold,21,1,1,decoder-sync-observed,0,,0,0,14.681,21.100,0,,0.000,0.000,0.000,0.000,0,0,0,,0,0,0,2.556,0,1439,0.070,0.000,0.000,0.070,0.000,0.044,0.008,1,1,1,1,0,1,1,0,0,0,0,0,1.000,0.000,0.000,27,0,0.000,0,0,0,0.000,0.000,0.000,0.000,0.000,0.000,0.000,2.304,7.070,0,0,0,0,0,0,0,0,0.000,0.000,0.000,0.000,0.000,0.000,0,0.099,15.138,1083,1095,4956,34.645,194.959,46.597,194.959,27128.960,740,1,H.264,102.790,0,0,193.841,194.784,0.999,151.825,101.669,arrival-gap-jitter-spike,25210.681,0,1,1,1,1,52339.641,471.534,502.199,503.109,503.109,0,0,24,0,0,24,1,latency-pressure freshness,latency-over-80ms,145.268,157.710,1413,1,H.264,0,0,0,0,0,0,0,0,0,0,,94.968,0.000,97.303,0.000,0.000,0.000,124.743,stale-before-decode,0.001,1436,0.000,103.100,5.647,0.078,0.264,0.001,0.000,0.264,1,0,0,1,3,0.063,18.772,15.138,18.569,18.907,1.000,Loss,0,1,0,2.000,1,2,2,1,0.060,0.000,0.060,0,100,0,42001,39435,2522,0,2450
53.342,Custom_loss6_delay0-100_dup0_reorder6_burst0,Loopback,1,1,0,,,0.000,0,21,1461,19.566,19.215,22.450,111.252,103.681,7.709,56.141,8.271,0.062,0.224,40067,2654,37628,34974,5785,3215,585,1905,1465,440,80,0,34974,1188,343,0,0,0,0,5.000,0,0,0,0,0,0,0,0,0,0,0,0,0,0,0,0.000,0.000,0.000,,1117,1117,5042,0,1,41.888,193.841,42.838,194.784,0.000,0.000,1105,1092,19776,1628,275,0,3936,5808,1463,1,fec-recovered,pending,H.264,1,1,22,20,2,6,5,2,3,14,0,0,42661,10,0,0,0,0,0,76.565,438,585,440,426,440,0,63.603,24.457,116.206,3,0,1466,94,1560,0,512,45,0.428,0.572,0.940,1.000,0.081,45.000,0.200,0.800,0.000,duplicate-guard,2,22,0,0,2,22,3936,31681,0,0,0,0,31681,predicted-useful,fec-grace,6415,0.227,508,1560,0,12,0,0,0,0,0,0,0,505,6703,502,6698,0,0,0,pacing,1,0.658,9.004,117.004,0,0,0,0,0,0,0,0,6715,4616,5231,1,1,9500000,1200000,0,0,0,42683,42683,52533599,1560,1940640,77,95788,0,0,0,0,0,10.681,39.969,2333.875,3580.600,2175,77682,40054,17700,37628,19928,0.306,16.390,0.035,2175,6002694,8982354,0.699,-2.598,0.516,11.149,77682,3936,1167,31681,3931,3,2,272,272,482,272,0,0,1,0,4,7104,5808,5808,0,0,0,0,0,,disabled,,0,0,0,0,,1,Fixed Quality,Hybrid,85,30,9500,12000,640,360,H.264,480,270,518400,26096,518400,26096,0.050,0.000,,0,0,0.000,1.856,0.000,0.000,0.060,7250,6250,6250,41,41,0,1,9500,1.000,0,11.210,0.000,0,0,0.000,0.000,0,0,0,0,0.281,0.659,0.060,1,0,0,disabled,22,1,1,decoder-sync-observed,0,,0,0,18.493,21.976,0,,0.000,0.000,0.000,0.000,0,0,0,,0,0,0,5.097,0,1465,0.060,0.000,0.000,0.060,0.000,0.040,0.006,1,1,1,1,0,1,1,0,0,0,0,0,1.000,0.000,0.000,30,0,0.000,0,0,0,0.000,0.000,0.000,0.000,0.000,0.000,0.000,1.767,9.335,0,0,0,0,0,0,0,0,0.000,0.000,0.000,0.000,0.000,0.000,0,0.092,19.215,1105,1117,5042,42.871,194.959,46.597,194.959,27128.960,740,1,H.264,102.790,0,0,193.841,194.784,0.999,151.825,101.669,arrival-gap-jitter-spike,26213.117,0,1,1,1,1,53342.077,471.534,502.199,503.109,503.109,0,0,24,0,0,24,0,,,145.268,157.710,1413,1,H.264,0,0,0,0,0,0,0,0,0,0,,103.814,0.000,106.444,0.000,0.000,0.000,135.626,stale-before-decode,0.001,1461,0.000,110.980,4.398,0.097,0.667,0.441,0.000,0.226,1,0,0,1,3,0.062,19.566,19.215,8.271,22.450,1.000,RecoveryDeadline,0,1,0,1.000,2,2,2,1,0.060,0.000,0.060,0,100,0,42736,40140,2554,0,2498
54.349,Custom_loss6_delay0-100_dup0_reorder6_burst0,Loopback,1,1,0,,,0.000,0,21,1490,23.564,19.643,16.611,105.340,103.867,21.134,55.455,7.888,0.062,0.224,40809,2720,38336,35616,5887,3275,591,1939,1495,444,82,0,35616,1212,350,0,0,0,0,5.000,0,0,0,0,0,0,0,0,0,0,0,0,0,0,0,0.000,0.000,0.000,,1139,1139,5137,0,1,49.394,193.841,50.325,194.784,0.000,0.000,1126,1110,20156,1656,280,0,4011,5920,1490,1,retransmit-late-after-completed,completed,H.264,1,1,22,22,0,0,0,3,0,0,1,1,43484,5,43484,5,43484,5,1,100.218,447,591,444,430,444,0,63.678,24.307,116.206,3,0,1485,98,1583,0,520,45,0.431,0.569,0.938,1.000,0.080,43.000,0.667,0.333,0.000,stable,2,22,0,0,2,22,4011,32199,0,0,0,0,32199,predicted-useful,fec-grace,6539,0.727,515,1583,0,12,0,0,0,0,0,0,0,512,6789,509,6784,0,0,0,pacing,1,0.686,5.203,113.203,0,0,0,0,0,0,0,0,6801,4706,5330,1,1,9500000,1200000,9,0,9,43490,43481,53519385,1583,1969252,79,98276,0,0,0,0,0,0.707,39.969,1156.625,1108.350,2213,79101,40793,18013,38308,20295,0.306,4.727,0.356,2213,5537606,9146544,0.774,13.425,0.490,9.440,79101,4011,1191,32199,4006,3,2,277,277,488,277,0,0,1,0,4,7249,5920,5920,0,0,0,0,0,,disabled,,0,0,0,0,,1,Fixed Quality,Hybrid,85,30,9500,12000,640,360,H.264,480,270,518400,26094,518400,26094,0.050,0.000,,0,0,0.000,1.996,0.000,0.000,0.089,6000,6250,6250,41,41,0,1,9500,0.820,1,19.424,0.000,0,0,3.290,0.000,3732,0,0,0,0.000,0.333,0.667,1,0,0,latency-pressure-freshness-hold,22,1,1,decoder-sync-observed,0,,0,0,21.390,21.974,0,,0.000,0.000,0.000,0.000,0,0,0,,0,0,0,5.736,0,1493,0.089,0.000,0.000,0.089,0.000,0.045,0.028,1,1,1,1,0,1,1,0,0,0,0,0,1.000,0.000,0.000,27,0,0.000,0,0,0,0.000,0.000,0.000,0.000,0.000,0.000,0.000,1.877,9.976,0,0,0,0,0,0,0,0,0.000,0.000,0.000,0.000,0.000,0.000,0,0.111,19.643,1126,1139,5137,50.410,194.959,46.597,194.959,27128.960,740,1,H.264,102.790,0,0,193.841,194.784,0.999,151.825,101.669,arrival-gap-jitter-spike,27220.433,0,1,1,1,1,54349.393,471.534,502.199,503.109,503.109,0,0,27,0,0,27,3,latency-pressure freshness,latency-over-80ms,134.373,157.710,1473,1,decoded,0,0,0,0,0,0,0,0,0,0,,111.120,0.000,113.242,5.506,0.000,115.003,132.670,stale-before-upload,0.001,1489,0.000,117.607,3.799,0.076,0.699,0.463,0.000,0.236,1,0,0,1,3,0.062,23.564,19.643,7.888,16.611,1.000,Loss,0,1,0,0.000,0,1,1,1,0.060,0.000,0.060,0,100,0,43535,40882,2603,0,2552
55.349,Custom_loss6_delay0-100_dup0_reorder6_burst0,Loopback,1,1,0,,,0.000,0,21,1515,23.020,23.021,19.490,105.203,103.793,8.374,54.549,18.642,0.062,0.224,41523,2746,38986,36240,5991,3345,599,1965,1514,451,82,0,36240,1232,355,0,0,0,0,5.000,0,0,0,0,0,0,0,0,0,0,0,0,0,0,0,0.000,0.000,0.000,,1159,1159,5231,0,1,61.060,193.841,62.082,194.784,0.000,0.000,1146,1131,20501,1683,285,0,4081,6022,1518,1,fec-parity,pending,H.264,1,1,23,2,21,1,0,0,0,0,0,0,44259,17,0,0,0,0,0,7.110,455,599,451,437,451,0,63.634,24.254,116.206,3,0,1508,96,1604,0,530,46,0.432,0.568,0.940,1.000,0.080,45.000,0.429,0.571,0.000,duplicate-guard,2,22,0,0,2,22,4081,32714,0,0,0,0,32714,predicted-useful,fec-grace,6653,0.391,522,1604,0,12,0,0,0,0,0,0,0,519,6881,516,6876,0,0,0,pacing,1,0.674,6.466,114.466,0,0,0,0,0,0,0,0,6893,4793,5426,0,1,9500000,1200000,0,0,0,44216,44216,54426515,1604,1995376,79,98276,0,0,0,0,0,17.455,39.969,9182.375,4800.000,2251,80496,41516,18343,38980,20637,0.306,5.135,2.385,2251,4435230,7267730,2.318,8.188,0.473,12.043,80496,4081,1211,32714,4076,3,2,282,282,498,282,0,0,1,0,4,7374,6022,6022,0,0,0,0,0,,disabled,,0,0,0,0,,1,Fixed Quality,Hybrid,85,30,9500,12000,640,360,H.264,480,270,518400,27136,518400,27136,0.052,0.000,,0,0,0.000,2.044,0.000,0.000,0.070,7250,6500,6500,42,42,0,1,9500,1.000,0,17.455,0.000,0,0,0.000,0.000,0,0,0,0,0.284,0.656,0.060,1,0,0,disabled,23,1,1,decoder-sync-observed,0,,0,0,18.012,22.851,0,,0.000,0.000,0.000,0.000,0,0,0,,0,0,0,5.967,0,1518,0.070,0.000,0.000,0.070,0.000,0.046,0.008,1,1,1,1,0,1,1,0,0,0,0,0,1.000,0.000,0.000,30,0,0.000,0,0,0,0.000,0.000,0.000,0.000,0.000,0.000,0.000,1.945,29.832,0,0,0,0,0,0,0,0,0.000,0.000,0.000,0.000,0.000,0.000,0,0.102,23.021,1146,1159,5231,62.103,194.959,46.597,194.959,27128.960,740,1,H.264,102.790,0,0,193.841,194.784,0.999,151.825,101.669,arrival-gap-jitter-spike,28220.691,0,1,1,1,1,55349.651,471.534,502.199,503.109,503.109,0,0,27,0,0,27,0,,,134.373,157.710,1473,1,decoded,0,0,0,0,0,0,0,0,0,0,,99.318,0.000,102.092,0.000,0.000,0.000,132.601,stale-before-upload,0.001,1515,0.000,107.191,4.952,0.083,0.726,0.492,0.000,0.234,1,0,0,1,3,0.062,23.020,23.021,18.642,19.490,0.750,Loss,0,1,0,0.000,0,2,2,1,0.060,0.000,0.060,0,100,0,44271,41602,2640,0,2590
56.356,Custom_loss6_delay0-100_dup0_reorder6_burst0,Loopback,1,1,0,,,0.000,0,21,1542,24.033,23.475,19.994,97.631,103.754,34.668,54.174,6.964,0.062,0.222,42205,2776,39605,36829,6085,3396,607,2000,1541,459,82,0,36829,1256,359,0,0,0,0,5.000,0,0,0,0,0,0,0,0,0,0,0,0,0,0,0,0.000,0.000,0.000,,1182,1182,5328,0,1,33.733,193.841,34.645,194.784,0.000,0.000,1168,1153,20834,1715,288,0,4151,6114,1545,1,nack-sent,pending,H.264,1,1,21,12,9,3,2,1,0,9,0,0,44964,16,0,0,0,0,0,41.886,466,607,459,445,459,0,63.621,24.089,116.206,3,0,1535,101,1636,0,537,47,0.434,0.566,0.938,1.000,0.080,40.000,0.429,0.571,0.333,retransmit-late,2,22,0,0,2,22,4151,33197,0,0,0,0,33197,predicted-useful,fec-grace,6772,0.429,532,1636,0,12,0,0,0,0,0,0,0,529,7016,526,7011,0,0,0,pacing,1,0.724,7.389,115.389,0,0,0,0,0,0,0,0,7028,4876,5521,1,1,9500000,1200000,0,0,0,44947,44947,55330478,1636,2035184,81,100764,0,0,0,0,0,7.154,39.969,336.312,1387.350,2287,81786,42189,18577,39597,21020,0.306,2.054,1.588,2287,4699576,7384455,1.655,11.809,0.480,14.528,81786,4151,1234,33197,4146,3,2,285,285,504,285,0,0,1,0,4,7491,6114,6114,0,0,0,0,0,,disabled,,0,0,0,0,,1,Fixed Quality,Hybrid,85,30,9500,12000,640,360,H.264,480,270,518400,25054,518400,25054,0.048,0.000,,0,0,0.000,1.819,0.000,0.000,0.068,6000,6000,6000,43,43,0,1,9500,0.820,1,7.154,0.000,0,0,3.554,0.000,3732,0,0,0,0.000,0.000,1.000,1,0,0,latency-pressure-freshness-hold,21,1,1,decoder-sync-observed,0,,0,0,8.053,21.098,0,,0.000,0.000,0.000,0.000,0,0,0,,0,0,0,5.556,0,1546,0.067,0.000,0.000,0.067,0.000,0.045,0.007,1,1,1,1,0,1,1,0,0,0,1,0,0.860,30.684,0.000,26,0,0.000,0,0,0,0.000,0.000,0.000,0.000,0.000,0.000,0.000,1.720,10.014,0,0,0,0,0,0,0,0,0.000,0.000,0.000,0.000,0.000,0.000,0,0.097,23.475,1168,1182,5328,34.758,194.959,46.597,194.959,27128.960,740,1,H.264,102.790,0,0,193.841,194.784,0.999,151.825,101.669,arrival-gap-jitter-spike,29227.301,0,1,1,1,1,56356.261,471.534,502.199,503.109,503.109,0,0,28,0,0,28,1,latency-pressure freshness,latency-over-80ms,145.111,157.710,1520,1,H.264,0,0,0,0,0,0,0,0,0,0,,103.182,0.000,105.619,0.000,0.000,0.000,128.815,stale-before-decode,0.000,1542,0.000,110.589,4.824,0.083,0.618,0.351,0.000,0.267,1,0,0,1,3,0.062,24.033,23.475,6.964,19.994,1.000,Loss,0,1,0,0.000,1,1,1,1,0.060,0.000,0.060,0,100,0,45003,42284,2679,0,2632
57.363,Custom_loss6_delay0-100_dup0_reorder6_burst0,Loopback,1,1,0,,,0.000,0,21,1568,19.313,20.000,18.488,102.396,103.756,20.961,53.559,16.187,0.062,0.222,42909,2839,40277,37438,6195,3457,623,2031,1562,469,84,0,37438,1277,364,0,0,0,0,5.000,0,0,0,0,0,0,0,0,0,0,0,0,0,0,0,0.000,0.000,0.000,,1203,1203,5422,0,1,34.539,193.841,35.591,194.784,0.000,0.000,1189,1174,21190,1746,293,0,4226,6209,1571,1,fec-parity,pending,H.264,1,1,22,14,8,3,1,1,4,12,0,0,45711,15,0,0,0,0,0,51.760,481,623,469,455,469,0,63.485,24.127,116.206,3,0,1576,102,1678,0,545,51,0.436,0.564,0.939,1.000,0.086,40.000,0.278,0.722,0.000,duplicate-guard,2,22,0,0,2,22,4226,33809,0,0,0,0,33809,predicted-useful,fec-grace,6891,0.364,544,1678,0,15,0,0,0,0,0,0,0,542,7185,539,7180,0,0,0,pacing,1,0.755,3.606,111.606,0,0,0,0,0,0,0,0,7200,4960,5620,0,1,9500000,1200000,0,0,0,45695,45695,56256234,1678,2087432,89,110716,0,0,0,0,0,16.364,39.969,9143.812,4800.000,2325,83158,42894,18919,40264,21345,0.306,3.474,2.100,2325,4815044,7933078,1.667,6.706,0.487,7.172,83158,4226,1255,33809,4221,3,2,290,290,513,290,0,0,1,0,4,7610,6209,6209,0,0,0,0,0,,disabled,,0,0,0,0,,1,Fixed Quality,Hybrid,85,30,9500,12000,640,360,H.264,480,270,518400,26094,518400,26094,0.050,0.000,,0,0,0.000,1.901,0.000,0.000,0.070,7250,6250,6250,44,44,0,1,9500,1.000,0,16.364,0.000,0,0,0.000,0.000,0,0,0,0,0.287,0.653,0.061,1,0,0,disabled,22,1,1,decoder-sync-observed,0,,0,0,18.828,21.974,0,,0.000,0.000,0.000,0.000,0,0,0,,0,0,0,5.501,0,1572,0.070,0.000,0.000,0.069,0.000,0.046,0.008,1,1,1,1,0,1,1,0,0,0,0,0,1.000,0.000,0.000,30,0,0.000,0,0,0,0.000,0.000,0.000,0.000,0.000,0.000,0.000,1.802,18.576,0,0,0,0,0,0,0,0,0.000,0.000,0.000,0.000,0.000,0.000,0,0.092,20.000,1189,1203,5422,35.730,194.959,46.597,194.959,27128.960,740,1,H.264,102.790,0,0,193.841,194.784,0.999,151.825,101.669,arrival-gap-jitter-spike,30233.925,0,1,1,1,1,57362.885,471.534,502.199,503.109,503.109,0,0,28,0,0,28,0,,,145.111,157.710,1520,1,H.264,0,0,0,0,0,0,0,0,0,0,,103.316,0.000,105.957,0.000,0.000,0.000,131.198,stale-before-decode,0.001,1568,0.000,110.395,4.298,0.074,0.926,0.637,0.000,0.289,1,0,0,1,3,0.062,19.313,20.000,16.187,18.488,1.000,RecoveryDeadline,0,1,0,0.200,1,1,1,1,0.060,0.000,0.060,0,100,0,45752,42986,2731,0,2663
58.369,Custom_loss6_delay0-100_dup0_reorder6_burst0,Loopback,1,1,0,,,0.000,0,21,1599,21.414,17.516,17.279,33.438,103.849,22.576,52.996,33.010,0.062,0.224,43662,2884,40978,38094,6306,3528,633,2059,1587,472,86,0,38094,1300,375,0,0,0,0,5.000,0,0,0,0,0,0,0,0,0,0,0,0,0,0,0,0.000,0.000,0.000,,1223,1223,5516,0,1,13.357,193.841,13.688,194.784,0.000,0.000,1208,1191,21574,1772,301,0,4302,6319,1600,1,fec-recovered,pending,H.264,1,1,19,15,4,3,1,1,1,6,0,0,46505,3,0,0,0,0,0,47.740,496,633,472,458,472,0,63.325,24.077,116.206,3,0,1604,106,1710,0,552,53,0.439,0.561,0.938,1.000,0.088,45.000,0.500,0.500,0.000,stable,2,22,0,0,2,22,4302,34365,0,0,0,0,34365,predicted-useful,fec-grace,7017,0.316,554,1710,0,15,0,0,0,0,0,0,0,552,7304,549,7299,0,0,0,pacing,1,0.683,6.164,114.164,0,0,0,0,0,0,0,0,7319,5052,5724,1,1,9500000,1200000,0,0,0,46497,46497,57244858,1710,2127240,93,115692,0,0,0,0,0,8.151,39.969,1685.312,4800.000,2368,84636,43659,19235,40977,21742,0.306,7.844,3.321,2368,3027167,5764681,3.045,5.688,0.482,16.986,84636,4302,1276,34365,4297,3,2,298,298,529,298,0,0,1,0,4,7749,6319,6319,0,0,0,0,0,,disabled,,0,0,0,0,,1,Fixed Quality,Hybrid,85,30,9500,12000,640,360,H.264,480,270,518400,25054,518400,25054,0.048,0.000,,0,0,0.000,1.795,0.000,0.000,0.066,6000,6000,6000,46,46,0,1,9500,0.820,1,8.151,0.062,1,0,0.000,0.000,0,0,0,0,0.290,0.648,0.062,1,0,0,latency-pressure-freshness-hold,21,1,1,decoder-sync-observed,0,,0,0,0.110,21.098,0,,0.000,0.000,0.000,0.000,0,0,0,,0,0,0,5.982,0,1601,0.066,0.000,0.000,0.065,0.000,0.045,0.006,1,1,1,1,0,1,1,0,0,0,0,0,1.000,0.000,0.000,27,0,0.000,0,0,0,0.000,0.000,0.000,0.000,0.000,0.000,0.000,1.698,10.449,0,0,0,0,0,0,0,0,0.000,0.000,0.000,0.000,0.000,0.000,0,0.102,17.516,1208,1223,5516,13.664,194.959,46.597,194.959,27128.960,740,1,H.264,102.790,0,0,193.841,194.784,0.999,151.825,101.669,arrival-gap-jitter-spike,31240.590,0,1,1,1,1,58369.550,471.534,502.199,503.109,503.109,0,0,31,0,0,31,3,cadence-limited freshness,input-cadence-or-video-budget,148.988,157.710,1594,1,H.264,0,0,0,0,0,0,0,0,0,0,,88.377,0.000,86.970,0.000,0.000,0.000,120.000,stale-before-decode,0.001,1599,0.000,87.007,4.283,0.076,0.923,0.630,0.000,0.293,1,0,0,1,3,0.062,21.414,17.516,33.010,17.279,1.000,RecoveryDeadline,0,1,0,1.000,0,1,1,1,0.060,0.000,0.060,0,100,0,46555,43738,2787,0,2717
59.369,Custom_loss6_delay0-100_dup0_reorder6_burst0,Loopback,1,1,0,,,0.000,0,21,1625,24.440,20.676,21.144,101.416,103.780,97.832,53.797,42.363,0.062,0.224,44333,2942,41624,38682,6398,3567,635,2109,1628,481,87,0,38682,1321,382,0,0,0,0,5.000,0,0,0,0,0,0,0,0,0,0,0,0,0,0,0,0.000,0.000,0.000,,1242,1242,5609,0,1,82.215,193.841,83.280,194.784,0.000,0.000,1227,1210,21899,1802,306,0,4374,6410,1626,1,nack-sent,pending,H.264,1,1,21,15,6,4,1,3,8,28,0,0,47212,11,0,0,0,0,0,89.959,506,635,481,467,481,0,63.341,24.163,116.206,3,0,1625,106,1731,0,561,54,0.443,0.557,0.939,1.000,0.088,44.000,0.000,0.000,0.000,insufficient-sample,2,22,0,0,2,22,4374,34932,0,0,0,0,34932,predicted-useful,fec-grace,7131,0.619,561,1731,0,15,0,0,0,0,0,0,0,559,7395,556,7390,0,0,0,pacing,1,0.742,7.974,115.974,0,0,0,0,0,0,0,0,7410,5138,5819,1,1,9500000,1200000,0,0,0,47220,47220,58141420,1731,2153364,95,118180,0,0,0,0,0,7.799,39.969,1167.938,4800.000,2405,85940,44324,19547,41616,22069,0.306,14.236,1.263,2405,4589656,7427213,1.628,19.601,0.502,7.334,85940,4374,1297,34932,4369,3,2,303,303,536,303,0,0,1,0,4,7864,6410,6410,0,0,0,0,0,,disabled,,0,0,0,0,,1,Fixed Quality,Hybrid,85,30,9500,12000,640,360,H.264,480,270,518400,25056,518400,25056,0.048,0.000,,0,0,0.000,2.095,0.000,0.000,0.094,6250,6000,6000,46,46,0,1,9500,0.889,1,7.799,0.000,0,0,0.000,0.000,0,0,0,0,0.292,0.646,0.061,1,0,0,fixed-pacing-queue-hold,21,1,1,decoder-sync-observed,0,,0,0,8.394,21.100,0,,0.000,0.000,0.000,0.000,0,0,0,,0,0,0,5.607,0,1628,0.094,0.000,0.000,0.094,0.000,0.073,0.007,1,1,1,1,0,1,1,0,0,0,0,0,1.000,0.000,0.000,24,0,0.000,0,0,0,0.000,0.000,0.000,0.000,0.000,0.000,0.000,1.968,10.054,0,0,0,0,0,0,0,0,0.000,0.000,0.000,0.000,0.000,0.000,0,0.085,20.676,1227,1242,5609,83.140,194.959,46.597,194.959,27128.960,740,1,H.264,102.790,0,0,193.841,194.784,0.999,151.825,101.669,arrival-gap-jitter-spike,32240.684,0,1,1,1,1,59369.644,471.534,502.199,503.109,503.109,0,0,31,0,0,31,0,,,148.988,157.710,1594,1,H.264,0,0,0,0,0,0,0,0,0,0,,96.471,0.000,99.021,0.000,0.000,0.000,135.708,stale-before-decode,0.001,1625,0.000,102.244,3.157,0.077,0.691,0.459,0.000,0.232,1,0,0,1,3,0.062,24.440,20.676,42.363,21.144,1.000,RecoveryDeadline,0,1,0,0.000,0,1,1,1,0.060,0.000,0.060,0,100,0,47279,44418,2827,0,2753
60.372,Custom_loss6_delay0-100_dup0_reorder6_burst0,Loopback,1,1,0,,,0.000,0,21,1650,23.675,23.668,19.475,100.112,103.739,49.456,53.720,2.269,0.062,0.223,45028,2959,42256,39297,6512,3634,641,2150,1659,491,87,0,39297,1342,386,0,0,0,0,5.000,0,0,0,0,0,0,0,0,0,0,0,0,0,0,0,0.000,0.000,0.000,,1263,1263,5699,0,1,53.238,193.841,54.312,194.784,0.000,0.000,1248,1230,22248,1833,310,0,4441,6518,1652,1,nack-sent,pending,H.264,1,1,22,14,8,2,1,2,3,19,0,0,47948,7,0,0,0,0,0,68.201,513,641,491,477,491,0,63.234,24.271,116.206,3,0,1648,106,1754,0,576,54,0.445,0.555,0.940,1.000,0.086,45.000,0.444,0.556,0.000,duplicate-guard,2,22,0,0,2,22,4441,35410,0,0,0,0,35410,predicted-useful,fec-grace,7242,0.136,568,1754,0,15,0,0,0,0,0,0,0,566,7490,563,7485,0,0,0,pacing,1,0.714,3.443,111.443,0,0,0,0,0,0,0,0,7505,5218,5908,1,1,9500000,1200000,2,0,2,47965,47963,59059732,1754,2181976,98,121912,0,0,0,0,0,7.305,39.969,1159.812,4800.000,2441,87271,45017,19798,42254,22456,0.305,42.935,0.000,2441,4339538,7213300,1.287,6.006,0.483,16.664,87271,4440,1318,35402,4435,3,2,307,307,544,307,0,0,1,0,4,7990,6518,6518,0,0,0,0,0,,disabled,,0,0,0,0,,1,Fixed Quality,Hybrid,85,30,9500,12000,640,360,H.264,480,270,518400,26094,518400,26094,0.050,0.000,,0,0,0.000,2.115,0.000,0.000,0.121,6250,6250,6250,47,47,0,1,9500,0.880,1,11.661,0.000,0,0,0.000,0.000,0,0,0,0,0.292,0.647,0.060,1,0,0,latency-pressure-freshness-hold,22,1,1,decoder-sync-observed,0,,0,0,17.013,21.974,0,,0.000,0.000,0.000,0.000,0,0,0,,0,0,0,5.811,0,1654,0.120,0.000,0.000,0.119,0.000,0.088,0.011,1,1,1,1,0,1,1,0,0,0,0,0,1.000,0.000,0.000,27,0,0.000,0,0,0,0.000,0.000,0.000,0.000,0.000,0.000,0.000,1.941,10.339,0,0,0,0,0,0,0,0,0.000,0.000,0.000,0.000,0.000,0.000,0,0.097,23.668,1248,1263,5699,54.339,194.959,46.597,194.959,27128.960,740,1,H.264,102.790,0,0,193.841,194.784,0.999,151.825,101.669,arrival-gap-jitter-spike,33243.637,0,1,1,1,1,60372.597,471.534,502.199,503.109,503.109,0,0,32,0,0,32,1,latency-pressure freshness,latency-over-80ms,139.340,157.710,1636,1,decoded,0,0,0,0,0,0,0,0,0,0,,103.074,0.000,105.721,0.000,0.000,0.000,130.056,stale-before-upload,0.001,1650,0.000,111.200,5.920,0.082,0.278,0.015,0.000,0.263,1,0,0,1,3,0.062,23.675,23.668,2.269,19.475,1.000,RecoveryDeadline,0,1,0,0.000,0,1,1,1,0.060,0.000,0.060,0,100,0,48023,45110,2863,0,2798
