timeSec,scenarioName,networkRuntimeMode,networkModeSendingEnabled,networkModeReceivingEnabled,networkExperimentActive,networkExperimentScenarioName,networkExperimentAdaptiveMode,networkExperimentRemainingSec,networkExperimentStepIndex,networkExperimentStepCount,frameId,receiveFps,decodeFps,displayFps,currentLatencyMs,averageLatencyMs,currentRttMs,averageRttMs,currentJitterMs,packetLossRate,frameDropRate,receivedPackets,missingPackets,sequenceGapPackets,sequenceGapRecoveredPackets,duplicatePackets,duplicateOriginalPackets,duplicateRetransmitPackets,duplicateLateAfterCompletedPackets,duplicateLateAfterCompletedOriginalPackets,duplicateLateAfterCompletedRetransmitPackets,duplicateLateAfterExpiredPackets,duplicateLateAfterRejectedPackets,reorderedPackets,completedFrames,droppedFrames,deadlineDroppedFrames,outputQueueDroppedFrames,outputQueueDropEvents,outputQueueDropBurstEvents,startupWarmupSec,startupWarmupActive,outputQueueDroppedFramesDelta,outputQueueDropEventsDelta,outputQueueDropBurstEventsDelta,startupOutputQueueDroppedFrames,startupOutputQueueDropEvents,startupOutputQueueDropBurstEvents,steadyOutputQueueDroppedFrames,steadyOutputQueueDropEvents,steadyOutputQueueDropBurstEvents,evaluationOutputQueueDroppedFrames,evaluationOutputQueueDropEvents,evaluationOutputQueueDropBurstEvents,lastOutputQueueDropFrameCount,lastOutputQueueDropQueueSize,lastOutputQueueDropOldestAgeMs,lastOutputQueueDropNewestAgeMs,maxOutputQueueDropOldestAgeMs,lastOutputQueueDropReason,completedQueuePushes,completedQueuePops,completedQueueEmptyPolls,completedQueueSize,maxCompletedQueueSize,completedQueueLastPopAgeMs,completedQueueMaxPopAgeMs,completedQueueLastPushIntervalMs,completedQueueMaxPushIntervalMs,lastOutputQueueDropPopAgeMs,lastOutputQueueDropPushIntervalMs,decodedFrames,displayedFrames,frameRecoveryOutcomeEvents,frameRecoveryCompletedFrames,frameRecoveryExpiredFrames,frameRecoveryRejectedFrames,frameRecoveryNackSentFrames,frameRecoveryFecRecoveredFrames,frameRecoveryLastFrameId,frameRecoveryLastStreamId,frameRecoveryLastEvent,frameRecoveryLastOutcome,frameRecoveryLastCodec,frameRecoveryLastKeyFrame,frameRecoveryLastLargeFrame,frameRecoveryLastChunkCount,frameRecoveryLastReceivedChunks,frameRecoveryLastMissingChunks,frameRecoveryLastFecParityPackets,frameRecoveryLastFecRecoveredChunks,frameRecoveryLastNackCount,frameRecoveryLastPostNackReceivedChunks,frameRecoveryLastNackRequestedChunks,frameRecoveryLastRetransmitReceivedChunks,frameRecoveryLastRetransmitDuplicatePackets,frameRecoveryLastPacketSequence,frameRecoveryLastPacketChunkIndex,frameRecoveryLastRetransmitSequence,frameRecoveryLastRetransmitChunkIndex,frameRecoveryLastEventPacketSequence,frameRecoveryLastEventPacketChunkIndex,frameRecoveryLastEventWasRetransmit,frameRecoveryLastAgeMs,retransmitUsefulChunks,retransmitDuplicatePackets,retransmitLateAfterCompletedPackets,retransmitLateAfterCompletedLargePackets,retransmitLateAfterCompletedSentBeforeCompletePackets,retransmitLateAfterCompletedSentAfterCompletePackets,retransmitLateAfterCompletedAvgSendToCompleteMs,retransmitLateAfterCompletedAvgDelayMs,retransmitLateAfterCompletedMaxDelayMs,retransmitLateAfterExpiredPackets,retransmitLateAfterRejectedPackets,retransmitClassifiedPackets,retransmitNotArrivedPackets,retransmitAccountedPackets,retransmitUnclassifiedPackets,retransmitCompletedFrames,retransmitExpiredFrames,retransmitUsefulnessRatio,retransmitDuplicateRatio,retransmitFinalClassificationRatio,retransmitFinalAccountingRatio,retransmitExpiredAfterUsefulRatio,dynamicNackDeadlineMs,dynamicNackUsefulnessRatio,dynamicNackDuplicateRatio,dynamicNackExpiredAfterRetransmitRatio,dynamicNackDecisionReason,nackSuppressedFrames,nackSuppressedMissingChunks,nackPreflightSuppressedFrames,nackPreflightSuppressedChunks,nackFecGraceSuppressedFrames,nackFecGraceSuppressedChunks,nackPredictedUsefulFrames,nackPredictedUsefulChunks,nackDeferredForLikelyArrivalFrames,nackDeferredForLikelyArrivalChunks,nackSkippedTooLateFrames,nackSkippedTooLateChunks,nackRequestedChunkBudget,nackLastShapingReason,nackLastSuppressionReason,ackCount,lastAckMissingRate,ackRetransmittedFrames,ackRetransmittedChunks,repairCanceledByCompleteAckPackets,repairSkippedByTtlPackets,repairQueuedButCanceledPackets,repairSentAfterCompleteAckPackets,repairSentAfterCompleteAckLargePackets,repairSuppressedByFecLikelyFrames,repairSuppressedByFecLikelyPackets,repairSuppressedByFecLikelyLargeFrames,repairSuppressedByFecLikelyLargePackets,repairBudgetSuppressedFrames,repairBudgetSuppressedPackets,repairBudgetSuppressedLargeFrames,repairBudgetSuppressedLargePackets,repairRaceGuardSuppressedFrames,repairRaceGuardSuppressedPackets,repairRaceGuardSuppressedLargePackets,repairBudgetProfile,repairBudgetProfileSwitches,repairBudgetSmoothedMissingRate,repairBudgetSmoothedPacingQueueDelayMs,repairBudgetSmoothedDeliveryMs,repairFecLikelySuppressedCompletedFrames,repairFecLikelySuppressedCompletedPackets,repairFecLikelySuppressedExpiredFrames,repairFecLikelySuppressedExpiredPackets,repairFecLikelySuppressedPendingFrames,repairFecLikelySuppressedPendingPackets,repairFecLikelySuppressionRescueFrames,repairFecLikelySuppressionRescuePackets,h264KeyTinyMissingCriticalFrames,h264KeyTinyMissingCriticalPackets,h264KeyTinyMissingCriticalSentPackets,h264KeyTinyMissingCriticalSkippedPackets,h264KeyTinyMissingCriticalLastFrameId,h264KeyTinyMissingCriticalLastAckMissingChunks,h264KeyTinyMissingCriticalLastRequestedChunks,h264KeyTinyMissingCriticalLastEvent,h264KeySmallMissingAckFrames,h264KeySmallMissingAckMissingChunks,h264KeySmallMissingAckHistoryMissingFrames,h264KeySmallMissingAckStaleFrameLagFrames,h264KeySmallMissingAckStaleAgeFrames,h264KeySmallMissingAckRetransmitBudgetExhaustedFrames,h264KeySmallMissingAckDynamicBudgetSuppressedFrames,h264KeySmallMissingAckDynamicBudgetSuppressedPackets,h264KeySmallMissingAckSelectedRepairFrames,h264KeySmallMissingAckSelectedRepairPackets,h264KeySmallMissingAckLastFrameId,h264KeySmallMissingAckLastMissingChunks,h264KeySmallMissingAckLastGate,lateRepairSavedPackets,ackStaleDroppedFrames,ackKeyFrameRequests,ackKeyFramePending,pacingEnabled,pacingTargetBitrateBps,pacingRepairTargetBitrateBps,pacingQueuedPackets,pacingHighPriorityQueuedPackets,pacingNormalQueuedPackets,pacingEnqueuedPackets,pacingSentPackets,pacingSentBytes,pacingRepairSentPackets,pacingRepairSentBytes,pacingRepairBorrowedPackets,pacingRepairBorrowedBytes,pacingDroppedPackets,pacingDeadlineDroppedPackets,pacingHighPriorityDeadlineDroppedPackets,pacingNormalDeadlineDroppedPackets,pacingOverflowDroppedPackets,pacingCurrentQueueDelayMs,pacingMaxQueueDelayMs,pacingVideoCreditBytes,pacingRepairCreditBytes,transportFeedbackPackets,transportFeedbackPacketStatuses,transportFeedbackReceivedPackets,transportFeedbackMissingPackets,transportFeedbackSequenceGapPackets,transportFeedbackSequenceGapRecoveredPackets,transportFeedbackLossRate,transportFeedbackArrivalJitterMs,transportFeedbackQueueDelayTrendMs,transportFeedbackLastSequence,estimatedBandwidthBps,deliveryRateBps,bandwidthQueueDelayMs,bandwidthRttTrendMs,bandwidthLossTrend,bandwidthJitterTrendMs,bandwidthFeedbackSamples,deadlineNackSentFrames,deadlineNackRecoveredFrames,deadlineNackMissingChunks,deadlineNackSentH264KeyFrames,deadlineNackSentH264LargeFrames,deadlineNackSentH264DeltaFrames,deadlineNackExpiredDroppedFrames,deadlineNackExpiredAfterNackFrames,deadlineNackExpiredMissingChunks,deadlineNackExpiredH264KeyFrames,deadlineNackExpiredH264KeyMissingChunks,deadlineNackLastExpiredH264KeyMissingChunks,deadlineNackExpiredH264KeyMissingChunks1,deadlineNackExpiredH264KeyMissingChunks2To4,deadlineNackExpiredH264KeyMissingChunks5To8,deadlineNackExpiredH264KeyMissingChunks9To16,deadlineNackExpiredH264KeyMissingChunks17Plus,h264KeySmallMissingDeadlineRescueFrames,h264KeySmallMissingDeadlineRescueMissingChunks,h264KeySmallMissingDeadlineRescueCompletedFrames,h264KeySmallMissingDeadlineRescueRejectedFrames,h264KeySmallMissingDeadlineRescueExpiredFrames,h264KeySmallMissingDeadlineRescueCompletedMissingChunks,h264KeySmallMissingDeadlineRescueExpiredMissingChunks,deadlineNackExpiredH264LargeFrames,deadlineNackExpiredH264DeltaFrames,fecEnabled,adaptiveFecEnabled,fecGroupChunkCount,fecParityPackets,fecRecoveredFrames,fecRecoveredChunks,h264ReassemblerAuRejectedFrames,h264ReassemblerHeaderFailures,h264ReassemblerPayloadSizeMismatches,h264ReassemblerFrameIdMismatches,h264ReassemblerCrcMismatches,h264ReassemblerLastRejectReason,adaptiveFecDecisionReason,adaptiveFecHoldReason,adaptiveFecG8ToG4Recovery,adaptiveFecQualityHoldActive,adaptiveFecQualityHoldCanceled,adaptiveFecEmergencyG2Active,adaptiveFecEarlyOffReason,adaptiveEnabled,adaptiveControlMode,adaptiveCongestionControlMode,targetJpegQuality,targetFps,targetBitrateKbps,adaptiveBandwidthCeilingKbps,targetWidth,targetHeight,actualCodec,actualEncodeWidth,actualEncodeHeight,actualRawFrameBytes,actualEncodedFrameBytes,rawFrameBytes,encodedFrameBytes,compressionRatio,captureFps,cameraCaptureSubtype,cameraCaptureWidth,cameraCaptureHeight,cameraCaptureFormatFps,encodeMs,resizeMs,nv12PrepareMs,h264EncodeMs,h264EncoderRequestedBitrateKbps,h264EncoderTargetBitrateKbps,h264EncoderAppliedBitrateKbps,h264DynamicBitrateUpdateRequests,h264DynamicBitrateUpdateSuccesses,h264DynamicBitrateUpdateFailures,h264EncoderReinitializations,pacingBudgetTargetBitrateKbps,h264VideoBudgetScale,pacingBurstGuardActive,fixedPacingRecentMaxQueueDelayMs,fixedPacingQueueReleaseStableSec,fixedPacingQueueRecovered,fixedPacingQueueReleaseEligible,adaptiveRepairBudgetUtilization,adaptiveRepairBorrowedRatio,adaptiveRepairSentBytesDelta,adaptiveRepairBorrowedBytesDelta,adaptiveRepairBudgetGuardActive,adaptiveRepairVideoBudgetPressure,adaptiveRetransmitUsefulRatio,adaptiveLateRepairWasteRatio,adaptiveRetransmitNotArrivedRatio,adaptiveRetransmitAccountingComplete,adaptiveLateRepairWastePressure,adaptiveRetransmitNotArrivedPressure,adaptiveRepairDecisionReason,h264AuChunkCount,h264AuIsIdr,h264AuIsDecoderSync,h264RequestedKeyFrameConsumedFrames,h264EncoderKeyFrameRequests,h264RecoveryKeyFrameRequests,h264AwaitingSyncKeyFrameRequests,h264PeriodicIdrRequests,h264IdrFrames,h264DecoderSyncFrames,h264ConsecutiveIdrFrames,h264MaxConsecutiveIdrFrames,h264AuProtectionLevel,h264AuDroppedBeforeSend,h264AuDropReason,h264AuDroppedBytes,h264AuDroppedChunks,h264AuPacingQueueDelayMs,h264AuEstimatedSendMs,h264InputGatedByPacing,h264InputGateReason,h264InputGateQueueDelayMs,h264InputGateVideoCreditBytes,h264InputGateFrameBudgetBytes,h264InputGateDurationMs,h264InputGateConsecutiveFrames,h264InputGateSkippedInputFrames,h264InputGateForcedOpen,h264InputGateReleaseReason,fecProtectedH264KeyFrames,fecProtectedH264LargeFrames,h264EncoderDelayFrames,h264EncoderDelayMs,h264EncoderPendingFrames,h264EncodedInputFrameId,h264EncoderCallMs,h264EncoderSampleCreateMs,h264EncoderProcessInputMs,h264EncoderPreInputPollMs,h264EncoderPostInputWaitMs,h264EncoderProcessOutputMs,h264EncoderOutputCopyMs,h264EncoderProcessOutputAttempts,h264EncoderAsyncEventCount,h264EncoderHardware,h264EncoderAsync,h264EncoderNeedInputSignaled,h264EncoderOutputProduced,h264EncoderOutputProducedBeforeInput,h264SubmittedNewInput,h264AsyncSubmittedWithoutOutput,h264AsyncPendingNoOutput,h264AsyncCadenceHoldActive,h264AsyncPendingNoOutputStreak,h264AsyncCadenceScale,h264AsyncCadenceHoldRemainingMs,h264AsyncOutputPollBackoffMs,h264InputCadenceFps,h264NeedInputSubmitWake,h264NeedInputSubmitLeadMs,encodedCameraFrameId,encodedCameraSourceTimestamp100ns,encodedCameraCaptureCompletedTimeUs,encodedCameraFrameAgeMs,encodedCameraReadSampleMs,encodedCameraReadSampleEndToCaptureMs,encodedCameraCaptureToPublishMs,encodedCameraPublishToAcquireMs,encodedCameraAcquireToEncoderInputMs,jpegEncodeMs,packetizeMs,sendFrameIntervalMs,cameraFrameReady,cameraFrameId,cameraSourceTimestamp100ns,cameraReadSampleStartTimeUs,cameraReadSampleEndTimeUs,cameraCaptureCompletedTimeUs,cameraFramePublishedTimeUs,cameraSenderAcquireTimeUs,cameraReadSampleMs,cameraReadSampleEndToCaptureMs,cameraCaptureToPublishMs,cameraPublishToAcquireMs,cameraAcquireToSendMs,cameraFrameAgeMs,cameraFrameCacheUsed,receiveJpegDecodeMs,receiveDecodeWorkerFps,receiveDecodeWorkerFrames,receiveDecodePopSuccesses,receiveDecodePopEmptyPolls,receiveDecodeLoopLastPopGapMs,receiveDecodeLoopMaxPopGapMs,receiveStartupDecodeLoopMaxPopGapMs,receiveSteadyDecodeLoopMaxPopGapMs,receiveSteadyDecodeLoopMaxPopGapAtMs,receiveSteadyDecodeLoopMaxPopGapFrameId,receiveSteadyDecodeLoopMaxPopGapStreamId,receiveSteadyDecodeLoopMaxPopGapCodec,receiveSteadyDecodeLoopMaxPopGapInputFrameAgeMs,receiveSteadyDecodeLoopMaxPopGapDecodedQueueSize,receiveSteadyDecodeLoopMaxPopGapCompletedQueueSize,receiveSteadyDecodeLoopMaxPopGapCompletedQueuePopAgeMs,receiveSteadyDecodeLoopMaxPopGapCompletedQueuePushIntervalMs,receiveSteadyDecodeLoopMaxPopGapArrivalRatio,receiveSteadyDecodeLoopMaxPopGapReceiverJitterMs,receiveSteadyDecodeLoopMaxPopGapReceiverLatencyMs,receiveSteadyDecodeLoopMaxPopGapClass,receiveSteadyDecodeLoopMaxPopGapAgeMs,receiveH264StartupActive,receiveH264StartupDecoderSynced,receiveH264StartupFirstDecoded,receiveH264StartupFirstDisplayed,receiveH264StartupReady,receiveH264StartupElapsedMs,receiveH264StartupDecoderSyncMs,receiveH264StartupFirstDecodedMs,receiveH264StartupFirstDisplayedMs,receiveH264StartupReadyMs,receiveH264StartupQueueFlushFrames,receiveDecodeOverwrittenFrames,receiveDecodeQueueDroppedFrames,receiveDecodeRenderOverwriteFrames,receiveDecodeFailures,receiveFreshnessDroppedFrames,receiveFreshnessDroppedFramesDelta,receiveFreshnessDropClass,receiveFreshnessDropEvidence,receiveLastFreshnessDropAgeMs,receiveMaxFreshnessDropAgeMs,receiveLastFreshnessDropFrameId,receiveLastFreshnessDropStreamId,receiveLastFreshnessDropCodec,receiveH264AuInvalidFrames,receiveH264AuCrcMismatches,receiveH264AuPayloadSizeMismatches,receiveH264AuNalCountMismatches,receiveH264AuNoAnnexBNals,receiveH264AuIdrFlagMismatches,receiveH264AuSpsPpsFlagMismatches,receiveH264AuSyncWithoutIdr,receiveH264AuIdrWithoutSpsPps,receiveH264AuForbiddenZeroBit,receiveH264AuLastInvalidReason,receiveDecodeInputFrameAgeMs,receiveDecodeInputCameraFrameAgeMs,receiveDecodeInputEncoderOutputAgeMs,receiveLatestDecodedFrameAgeMs,receiveLatestDecodedCameraFrameAgeMs,receiveLatestDecodedEncoderOutputAgeMs,receiveFreshnessDropThresholdMs,receiveDecodeLastDropReason,receiveUploadBufferWaitMs,receiveDisplayFrameId,receiveDisplayCameraFrameAgeMs,receiveDisplayEncoderOutputAgeMs,receiveDisplayDecodedFrameAgeMs,textureUploadMs,presentGpuWaitMs,renderFramePacingWaitMs,waitableSwapChainWaitMs,presentMs,presentSyncInterval,lowLatencyPresentMode,waitableSwapChainPacingEnabled,waitableSwapChainAvailable,swapChainBufferCount,adaptiveInputPacketLossRate,adaptiveInputReceiveFps,adaptiveInputDecodeFps,adaptiveInputJitterMs,adaptiveInputDisplayFps,adaptiveQoeScore,adaptiveDegradationCause,adaptiveArrivalGapJitterSpikeActive,adaptiveFecRecoveryWorking,adaptiveFecGuardActive,adaptiveFecRecoveryEfficiency,adaptiveFecParityPacketDelta,adaptiveFecRecoveredFrameDelta,adaptiveFecRecoveredChunkDelta,simEnabled,simLossRate,simDuplicateRate,simReorderRate,simMinDelayMs,simMaxDelayMs,simBurstLossLength,simSubmittedPackets,simSentPackets,simDroppedPackets,simDuplicatedPackets,simReorderedPackets
0.169,Custom_loss6_delay0-100_dup0_reorder6_burst0,Loopback,1,1,0,,,0.000,0,21,0,0.000,0.000,0.000,0.000,0.000,0.000,0.000,0.000,0.000,0.000,0,0,0,0,0,0,0,0,0,0,0,0,0,0,0,0,0,0,0,5.000,1,0,0,0,0,0,0,0,0,0,0,0,0,0,0,0.000,0.000,0.000,,0,0,18,0,0,0.000,0.000,0.000,0.000,0.000,0.000,0,0,0,0,0,0,0,0,0,0,,,,0,0,0,0,0,0,0,0,0,0,0,0,0,0,0,0,0,0,0,0.000,0,0,0,0,0,0,0.000,0.000,0.000,0,0,0,0,0,0,0,0,0.000,0.000,0.000,0.000,0.000,0.000,0.000,0.000,0.000,,0,0,0,0,0,0,0,0,0,0,0,0,0,,,0,0.000,0,0,0,0,0,0,0,0,0,0,0,0,0,0,0,0,0,0,balanced,0,0.000,0.000,0.000,0,0,0,0,0,0,0,0,0,0,0,0,0,0,0,,0,0,0,0,0,0,0,0,0,0,0,0,,0,0,0,0,1,9500000,1200000,0,0,0,0,0,0,0,0,0,0,0,0,0,0,0,0.000,0.000,3750.000,4800.000,0,0,0,0,0,0,0.000,0.000,0.000,0,6000000,0,0.000,0.000,0.000,0.000,0,0,0,0,0,0,0,0,0,0,0,0,0,0,0,0,0,0,0,0,0,0,0,0,0,0,0,1,0,4,0,0,0,0,0,0,0,0,,disabled,,0,0,0,0,,1,Fixed Quality,Hybrid,85,30,9500,12000,640,360,,0,0,0,0,0,0,0.000,0.000,,0,0,0.000,0.000,0.000,0.000,0.000,0,0,0,0,0,0,0,0,1.000,0,0.000,0.000,1,0,0.000,0.000,0,0,0,0,0.000,0.000,0.000,0,0,0,disabled,0,0,0,0,0,0,0,0,0,0,0,0,,0,,0,0,0.000,0.000,0,,0.000,0.000,0.000,0.000,0,0,0,,0,0,0,0.000,0,0,0.000,0.000,0.000,0.000,0.000,0.000,0.000,0,0,0,0,0,0,0,0,0,0,0,0,1.000,0.000,0.000,0,0,0.000,0,0,0,0.000,0.000,0.000,0.000,0.000,0.000,0.000,0.000,0.000,0,0,0,0,0,0,0,0,0.000,0.000,0.000,0.000,0.000,0.000,0,0.000,0.000,0,0,18,0.000,0.000,0.000,0.000,0.000,0,0,,0.000,0,0,0.000,0.000,0.000,0.000,0.000,,-1.000,1,0,0,0,0,169.320,0.000,0.000,0.000,0.000,0,0,0,0,0,0,0,,,0.000,0.000,0,0,,0,0,0,0,0,0,0,0,0,0,,0.000,0.000,0.000,0.000,0.000,0.000,120.000,,0.000,0,0.000,0.000,0.000,0.000,0.000,0.000,0.000,0.000,1,0,0,1,3,0.000,0.000,0.000,0.000,0.000,0.000,None,0,0,0,0.000,0,0,0,1,0.060,0.000,0.060,0,100,0,0,0,0,0,0
1.175,Custom_loss6_delay0-100_dup0_reorder6_burst0,Loopback,1,1,0,,,0.000,0,21,17,20.143,20.088,19.853,105.952,72.642,0.000,0.000,16.144,0.154,0.118,301,55,296,241,42,20,0,21,16,5,1,0,245,15,2,0,0,0,0,5.000,1,0,0,0,0,0,0,0,0,0,0,0,0,0,0,0.000,0.000,0.000,,15,15,118,0,1,32.508,98.827,33.500,99.117,0.000,0.000,14,14,174,20,2,0,33,46,20,1,fec-parity,pending,H.264,0,1,26,7,19,1,0,1,1,20,0,0,341,22,0,0,0,0,0,33.774,3,0,5,0,5,0,15.334,34.235,71.859,0,0,8,1,9,0,3,0,1.000,0.000,0.889,1.000,0.000,29.000,0.000,0.000,0.000,insufficient-sample,12,118,0,0,10,114,33,379,2,4,0,0,379,predicted-useful,fec-grace,65,0.769,4,9,0,3,0,0,0,0,0,0,0,1,19,1,19,0,0,0,jitter-ack-loss,0,0.774,5.189,113.189,0,0,0,0,0,0,0,0,3,6,6,0,4,2,2,sent,7,15,0,0,1,2,0,0,4,9,4,2,selected-repair,22,38,4,0,1,9500000,1200000,10,0,10,384,374,449438,14,15890,1,1252,0,0,0,0,0,4.469,31.635,686.000,4800.000,23,579,293,132,286,154,0.311,16.910,0.062,23,5984429,8873337,0.443,0.000,0.435,16.656,579,33,10,379,12,18,3,2,2,5,0,0,0,0,0,0,0,0,0,0,0,0,0,0,0,1,1,1,0,4,58,46,46,0,0,0,0,0,,disabled,,0,0,0,0,,1,Fixed Quality,Hybrid,85,30,9500,12000,640,360,H.264,480,270,518400,30264,518400,30264,0.058,0.000,,0,0,0.000,2.297,0.000,0.000,0.135,7250,7250,7250,0,0,0,1,9500,1.000,0,13.760,0.000,0,0,0.000,0.000,0,0,0,0,0.333,0.556,0.111,1,0,0,disabled,26,0,0,3,7,3,4,0,6,6,0,4,large-au-observed,0,,0,0,17.415,25.485,0,,0.000,0.000,0.000,0.000,0,0,0,,1,0,0,9.568,0,21,0.134,0.000,0.000,0.133,0.000,0.096,0.013,1,1,1,1,0,1,1,0,0,0,1,0,0.860,179.995,0.000,26,0,0.000,0,0,0,0.000,0.000,0.000,0.000,0.000,0.000,0.000,2.152,6.714,0,0,0,0,0,0,0,0,0.000,0.000,0.000,0.000,0.000,0.000,0,0.117,18.944,14,15,118,33.639,99.824,45.681,99.824,943.499,13,1,H.264,92.734,0,0,98.827,99.117,0.993,151.867,91.722,arrival-gap-jitter-spike,231.275,0,1,1,1,1,1174.774,466.869,499.835,501.326,501.326,0,0,0,0,0,0,0,,,0.000,0.000,0,0,,0,0,0,0,0,0,0,0,0,0,,91.603,0.000,93.839,0.000,0.000,0.000,132.976,,0.001,17,0.000,99.692,5.069,0.088,0.400,0.133,0.000,0.267,1,0,0,1,3,0.154,20.143,20.088,16.144,19.853,1.000,Jitter,1,1,0,0.000,2,1,1,1,0.060,0.000,0.060,0,100,0,375,304,24,0,20
2.177,Custom_loss6_delay0-100_dup0_reorder6_burst0,Loopback,1,1,0,,,0.000,0,21,45,17.933,17.928,17.996,122.856,92.040,48.356,48.356,6.976,0.094,0.267,1163,121,1109,988,146,92,5,43,35,8,6,0,992,33,12,0,0,0,0,5.000,1,0,0,0,0,0,0,0,0,0,0,0,0,0,0,0.000,0.000,0.000,,33,33,212,0,1,47.743,165.776,48.788,166.844,0.000,0.000,32,32,608,41,12,0,114,173,48,1,fec-parity,pending,H.264,0,1,26,6,20,2,0,0,0,0,0,0,1277,20,0,0,0,0,0,20.008,6,5,8,3,8,0,36.599,26.772,71.859,0,0,19,3,22,0,6,1,0.545,0.455,0.864,1.000,0.143,23.000,0.000,0.000,0.000,insufficient-sample,39,494,0,0,34,486,114,1388,5,8,0,0,1388,predicted-useful,fec-grace,187,0.385,9,22,0,3,0,0,0,1,2,1,2,6,105,6,105,0,0,0,pacing,1,0.777,7.521,115.521,0,0,1,2,0,0,0,0,3,6,6,0,4,2,2,sent,8,19,0,0,2,2,0,0,4,9,45,4,stale-age,110,136,8,0,1,9500000,1200000,27,0,27,1321,1294,1569278,60,72234,31,37692,0,0,0,0,0,0.402,32.459,853.188,4800.000,70,2244,1144,534,1100,566,0.318,3.486,1.489,70,4297093,7860596,2.537,0.000,0.488,11.669,2244,114,28,1388,24,87,3,12,12,24,1,3,3,0,1,0,0,0,0,0,0,0,0,0,0,10,1,1,0,4,218,173,173,0,0,0,0,0,,disabled,,0,0,0,0,,1,Fixed Quality,Hybrid,85,30,9500,12000,640,360,H.264,480,270,518400,30264,518400,30264,0.058,0.000,,0,0,0.000,2.199,0.000,0.000,0.082,7250,7250,7250,0,0,0,1,9500,1.000,0,17.639,0.000,0,0,0.000,0.000,0,0,0,0,0.273,0.591,0.136,1,0,0,disabled,26,0,0,5,11,5,6,0,10,10,0,4,large-au-observed,0,,0,0,17.790,25.485,0,,0.000,0.000,0.000,0.000,0,0,0,,2,0,0,5.607,0,49,0.082,0.000,0.000,0.081,0.000,0.058,0.007,1,1,1,1,0,1,1,0,0,0,1,0,0.860,153.996,0.000,26,0,0.000,0,0,0,0.000,0.000,0.000,0.000,0.000,0.000,0.000,2.107,10.356,0,0,0,0,0,0,0,0,0.000,0.000,0.000,0.000,0.000,0.000,0,0.092,17.928,32,33,212,48.838,166.710,45.681,166.710,1601.199,30,1,H.264,122.136,0,0,165.776,166.844,1.001,117.200,121.192,arrival-gap-jitter-spike,576.106,0,1,1,1,1,2177.305,466.869,499.835,501.326,501.326,0,0,0,0,0,0,0,,,0.000,0.000,0,0,,0,0,0,0,0,0,0,0,0,0,,108.245,0.000,111.221,0.000,0.000,0.000,141.428,,0.001,45,0.000,116.389,5.019,0.076,0.577,0.302,0.000,0.275,1,0,0,1,3,0.094,17.933,17.928,6.976,17.996,1.000,Jitter,1,1,0,0.000,2,2,2,1,0.060,0.000,0.060,0,100,0,1296,1167,89,0,69
3.185,Custom_loss6_delay0-100_dup0_reorder6_burst0,Loopback,1,1,0,,,0.000,0,21,72,23.796,23.791,24.004,116.021,98.812,12.479,30.418,4.793,0.085,0.211,1974,183,1886,1703,243,158,11,68,56,12,6,0,1707,56,15,0,0,0,0,5.000,1,0,0,0,0,0,0,0,0,0,0,0,0,0,0,0.000,0.000,0.000,,56,56,307,0,1,36.185,165.776,37.232,166.844,0.000,0.000,55,55,1013,68,15,0,190,290,73,1,fec-parity,pending,H.264,0,1,26,25,1,5,3,3,15,40,0,0,2068,4,0,0,0,0,0,100.276,13,11,12,7,12,0,51.051,25.334,71.859,0,0,36,3,39,0,13,1,0.542,0.458,0.923,1.000,0.071,27.000,0.000,1.000,0.000,stable,62,861,0,0,55,849,190,2424,7,12,0,0,2424,predicted-useful,fec-grace,310,0.692,14,39,0,3,0,0,0,1,2,1,2,11,185,11,185,0,0,0,pacing,1,0.723,8.143,116.143,0,0,1,2,0,0,0,0,3,6,6,0,4,2,2,sent,9,23,0,0,3,2,0,0,4,9,58,4,stale-age,190,230,12,0,1,9500000,1200000,0,0,0,2163,2163,2627434,110,133554,63,77556,0,0,0,0,0,17.230,32.459,4653.750,4800.000,115,3850,1965,917,1885,968,0.318,13.061,1.766,115,5763270,14532105,0.744,-35.877,0.504,18.599,3850,190,51,2424,39,148,3,15,15,30,1,3,3,0,1,0,0,0,0,0,0,0,0,0,0,13,1,1,0,4,364,290,290,0,0,0,0,0,,disabled,,0,0,0,0,,1,Fixed Quality,Hybrid,85,30,9500,12000,640,360,H.264,480,270,518400,30264,518400,30264,0.058,0.000,,0,0,0.000,2.265,0.000,0.000,0.089,7250,7250,7250,0,0,0,1,9500,1.000,0,17.230,0.000,0,0,0.000,0.000,0,0,0,0,0.333,0.590,0.077,1,0,0,disabled,26,0,0,7,18,7,9,2,15,15,0,4,large-au-observed,0,,0,0,16.713,25.485,0,,0.000,0.000,0.000,0.000,0,0,0,,3,0,0,6.465,0,75,0.089,0.000,0.000,0.089,0.000,0.064,0.008,1,1,1,1,0,1,1,0,0,0,0,0,1.000,0.000,0.000,30,0,0.000,0,0,0,0.000,0.000,0.000,0.000,0.000,0.000,0.000,2.165,10.341,0,0,0,0,0,0,0,0,0.000,0.000,0.000,0.000,0.000,0.000,0,0.115,23.791,55,56,307,37.397,166.710,45.681,166.710,1601.199,30,1,H.264,122.136,0,0,165.776,166.844,1.001,117.200,121.192,arrival-gap-jitter-spike,1583.831,0,1,1,1,1,3185.030,466.869,499.835,501.326,501.326,0,0,0,0,0,0,0,,,0.000,0.000,0,0,,0,0,0,0,0,0,0,0,0,0,,111.580,0.000,114.802,0.000,0.000,0.000,138.011,,0.001,72,0.000,120.113,5.135,0.096,0.333,0.001,0.000,0.332,1,0,0,1,3,0.086,23.796,23.791,4.793,24.004,1.000,RecoveryDeadline,0,1,0,0.667,3,2,2,1,0.060,0.000,0.060,0,100,0,2166,1982,142,0,120
4.185,Custom_loss6_delay0-100_dup0_reorder6_burst0,Loopback,1,1,0,,,0.000,0,21,100,22.399,22.414,21.458,103.584,100.697,56.824,39.220,2.418,0.076,0.212,2771,228,2625,2397,345,223,17,94,79,15,11,0,2401,78,21,0,0,0,0,5.000,1,0,0,0,0,0,0,0,0,0,0,0,0,0,0,0.000,0.000,0.000,,78,78,397,0,1,48.275,165.776,49.308,166.844,0.000,0.000,77,77,1427,93,21,0,264,413,101,1,fec-parity,pending,H.264,1,1,24,13,11,4,0,2,8,32,0,2,2971,1,2971,1,0,0,0,69.547,13,17,15,10,15,0,46.466,23.607,71.859,0,0,45,6,51,0,13,1,0.433,0.567,0.882,1.000,0.071,29.000,0.000,0.000,0.000,insufficient-sample,95,1221,0,0,77,1190,264,3310,18,31,0,0,3310,predicted-useful,likely-arrival,433,0.000,19,51,0,3,0,0,0,2,3,2,3,15,256,15,256,0,0,0,pacing,1,0.778,10.538,118.538,0,0,2,3,0,0,0,0,4,8,8,0,99,2,2,sent,11,28,0,0,4,2,0,0,5,11,99,2,selected-repair,262,325,16,0,1,9500000,1200000,0,0,0,3000,3000,3646660,155,188654,91,112436,0,0,0,0,0,16.367,35.641,7278.188,3978.300,158,5389,2764,1246,2625,1379,0.311,2.645,1.977,158,6082772,9044475,1.687,44.345,0.493,13.789,5389,264,73,3310,53,208,3,21,20,39,1,3,3,0,1,0,0,0,0,0,0,0,0,0,0,18,2,1,0,4,511,413,413,0,0,0,0,0,,disabled,,0,0,0,0,,1,Fixed Quality,Hybrid,85,30,9500,12000,640,360,H.264,480,270,518400,0,518400,28178,0.054,0.000,,0,0,0.000,5.297,0.000,4.474,0.793,6000,6750,6750,1,1,0,1,9500,0.820,1,16.367,0.000,0,0,0.000,0.000,0,0,0,0,0.255,0.627,0.118,1,0,0,fixed-pacing-queue-hold,0,0,0,11,24,11,11,2,20,20,0,4,async-output-pending,0,,0,0,0.000,0.000,0,,16.367,7278.188,49479.167,0.000,0,0,0,,4,0,0,0.000,1,0,0.784,0.211,0.571,0.000,0.000,0.000,0.000,0,0,1,1,1,0,0,1,1,0,0,0,1.000,0.000,0.000,24,0,0.000,0,0,0,0.000,0.000,0.000,0.000,0.000,0.000,0.000,0.000,29.004,0,0,0,0,0,0,0,0,0.000,0.000,0.000,0.000,0.000,0.000,0,0.098,22.414,77,78,397,49.226,166.710,45.681,166.710,1601.199,30,1,H.264,122.136,0,0,165.776,166.844,1.001,117.200,121.192,arrival-gap-jitter-spike,2583.883,0,1,1,1,1,4185.082,466.869,499.835,501.326,501.326,0,0,0,0,0,0,0,,,0.000,0.000,0,0,,0,0,0,0,0,0,0,0,0,0,,105.092,0.000,107.835,0.000,0.000,0.000,131.792,,0.001,100,0.000,110.334,2.352,0.080,0.833,0.591,0.000,0.242,1,0,0,1,3,0.076,22.399,22.414,2.418,21.458,1.000,Loss,0,1,0,0.500,2,1,1,1,0.060,0.000,0.060,0,100,0,3004,2779,197,0,162
5.191,Custom_loss6_delay0-100_dup0_reorder6_burst0,Loopback,1,1,0,,,0.000,0,21,124,19.341,19.348,18.950,101.838,101.102,76.729,48.597,0.214,0.073,0.208,3380,266,3185,2919,430,271,22,124,104,20,13,0,2923,99,26,0,0,0,0,5.000,0,0,0,0,0,0,0,0,0,0,0,0,0,0,0,0.000,0.000,0.000,,97,97,499,0,1,51.013,165.776,51.919,166.844,0.000,0.000,96,96,1756,119,24,0,324,503,126,1,fec-parity,pending,H.264,0,1,22,5,17,4,0,0,0,0,0,0,3641,21,0,0,0,0,0,21.435,18,22,20,15,20,0,51.487,20.580,71.859,0,0,60,10,70,0,18,1,0.450,0.550,0.857,1.000,0.053,37.000,0.333,0.667,0.000,insufficient-sample,124,1444,0,0,93,1393,324,3894,31,51,0,0,3893,predicted-useful,fec-grace,537,0.773,26,70,0,3,0,0,0,3,4,3,4,22,346,22,346,0,0,0,pacing,1,0.724,8.257,116.257,0,0,2,3,1,1,0,0,4,8,8,0,99,2,2,sent,12,30,0,0,5,2,0,0,5,11,112,2,stale-age,353,399,20,0,1,9500000,1200000,0,0,0,3647,3647,4443767,202,246864,115,142332,0,0,0,0,0,0.023,35.641,23750.000,2670.850,189,6560,3375,1519,3185,1666,0.310,10.859,0.351,189,4549760,7217746,1.211,39.457,0.457,6.332,6560,324,93,3894,74,246,4,24,23,47,1,3,3,0,1,0,0,0,0,0,0,0,0,0,0,21,2,1,0,4,622,503,503,0,0,0,0,0,,disabled,,0,0,0,0,,1,Fixed Quality,Hybrid,85,30,9500,12000,640,360,H.264,480,270,518400,0,518400,26094,0.050,0.000,,0,0,0.000,5.002,0.000,4.296,0.678,7000,6250,6250,2,2,0,1,9500,0.959,1,0.023,0.000,0,0,0.000,0.000,0,0,0,0,0.257,0.600,0.143,1,0,0,fixed-pacing-queue-hold,0,0,0,15,33,15,14,4,27,27,0,4,async-output-pending,0,,0,0,0.000,0.000,0,,0.023,23750.000,49479.167,0.000,0,0,0,,5,0,0,0.000,1,0,0.667,0.189,0.477,0.000,0.000,0.000,0.000,0,0,1,1,1,0,0,1,1,0,1,0,0.860,6.915,0.000,24,0,0.000,0,0,0,0.000,0.000,0.000,0.000,0.000,0.000,0.000,0.000,10.083,0,0,0,0,0,0,0,0,0.000,0.000,0.000,0.000,0.000,0.000,0,0.111,19.348,96,97,499,51.887,166.710,45.681,166.710,1601.199,30,1,H.264,122.136,0,0,165.776,166.844,1.001,117.200,121.192,arrival-gap-jitter-spike,3590.176,0,1,1,1,1,5191.375,466.869,499.835,501.326,501.326,0,0,0,0,0,0,0,,,0.000,0.000,0,0,,0,0,0,0,0,0,0,0,0,0,,99.299,0.000,101.849,0.000,0.000,0.000,130.919,,0.001,124,0.000,106.509,4.491,0.081,0.657,0.411,0.000,0.246,1,0,0,1,3,0.073,19.341,19.348,0.214,18.950,1.000,Loss,0,1,0,0.000,1,1,1,1,0.060,0.000,0.060,0,100,0,3652,3386,237,0,203
6.196,Custom_loss6_delay0-100_dup0_reorder6_burst0,Loopback,1,1,0,,,0.000,0,21,151,22.843,22.841,22.691,132.149,102.023,7.885,40.455,52.602,0.074,0.192,4121,331,3896,3565,523,334,32,143,122,21,14,0,3569,122,29,0,0,0,0,5.000,0,0,0,0,0,0,0,0,0,0,0,0,0,0,0,0.000,0.000,0.000,,120,120,590,0,1,95.361,165.776,96.378,166.844,0.000,0.000,119,119,2147,143,27,0,389,616,154,1,nack-sent,pending,H.264,1,1,23,3,20,2,0,1,0,20,0,0,4439,16,0,0,0,0,0,26.206,26,32,21,16,21,0,52.332,20.694,71.859,0,0,79,11,90,0,22,1,0.448,0.552,0.878,1.000,0.043,44.000,0.333,0.667,0.000,insufficient-sample,158,1721,0,0,113,1649,389,4521,45,72,0,0,4520,predicted-useful,likely-arrival,646,0.000,34,90,0,3,0,0,0,4,5,4,5,30,465,30,465,0,0,0,pacing,1,0.728,2.820,110.820,0,0,4,5,0,0,0,0,4,8,8,0,99,2,2,sent,14,36,0,0,7,2,0,0,5,11,138,2,stale-age,473,474,24,0,1,9500000,1200000,5,0,5,4478,4473,5460051,251,307404,139,172236,0,0,0,0,0,5.263,35.641,567.562,4800.000,228,7996,4100,1887,3896,2009,0.315,38.362,0.074,228,9025182,23995086,0.647,17.797,0.574,13.979,7996,388,116,4501,95,289,4,27,26,50,2,4,1,1,1,0,0,0,0,0,0,0,0,0,0,23,2,1,0,4,756,616,616,0,0,0,0,0,,disabled,,0,0,0,0,,1,Fixed Quality,Hybrid,85,30,9500,12000,640,360,H.264,480,270,518400,27136,518400,27136,0.052,0.000,,0,0,0.000,2.234,0.000,0.000,0.062,7250,6500,6500,3,3,0,1,9500,1.000,0,15.710,0.000,0,0,0.000,0.000,0,0,0,0,0.289,0.589,0.122,1,0,0,disabled,23,0,0,19,42,19,19,4,35,35,0,4,large-au-observed,0,,0,0,17.383,22.851,0,,0.000,0.000,0.000,0.000,0,0,0,,6,0,0,6.045,0,155,0.061,0.000,0.000,0.061,0.000,0.043,0.004,1,1,1,1,0,1,1,0,0,0,0,0,1.000,0.000,0.000,30,0,0.000,0,0,0,0.000,0.000,0.000,0.000,0.000,0.000,0.000,2.165,9.802,0,0,0,0,0,0,0,0,0.000,0.000,0.000,0.000,0.000,0.000,0,0.111,22.842,119,120,590,96.363,166.710,45.681,166.710,1601.199,30,1,H.264,122.136,0,0,165.776,166.844,1.001,117.200,121.192,arrival-gap-jitter-spike,4595.281,0,1,1,1,1,6196.480,466.869,499.835,501.326,501.326,0,0,0,0,0,0,0,,,0.000,0.000,0,0,,0,0,0,0,0,0,0,0,0,0,,112.731,0.000,115.738,0.000,0.000,0.000,145.000,,0.001,151,0.000,121.471,5.564,0.083,0.290,0.001,0.000,0.289,1,0,0,1,3,0.074,22.843,22.841,52.602,22.691,2.000,Jitter,0,1,0,1.500,2,3,3,1,0.060,0.000,0.060,0,100,0,4479,4131,290,0,251
7.198,Custom_loss6_delay0-100_dup0_reorder6_burst0,Loopback,1,1,0,,,0.000,0,21,179,21.408,21.411,21.405,110.711,102.250,51.855,42.355,4.571,0.070,0.197,4894,368,4607,4239,627,395,40,175,148,27,17,0,4243,143,35,0,0,0,0,5.000,0,0,0,0,0,0,0,0,0,0,0,0,0,0,0,0.000,0.000,0.000,,141,141,677,0,1,41.113,165.776,42.141,166.844,0.000,0.000,140,140,2538,170,34,0,459,722,181,1,nack-sent,pending,H.264,1,1,24,11,13,2,0,2,4,30,0,0,5234,13,0,0,0,0,0,41.863,31,40,27,22,27,0,56.299,22.642,71.859,1,0,99,10,109,0,30,4,0.437,0.563,0.908,1.000,0.118,38.000,0.000,1.000,0.000,insufficient-sample,191,2006,0,0,132,1911,459,5205,59,95,0,0,5204,predicted-useful,fec-grace,760,0.000,41,109,0,3,0,0,0,4,5,4,5,37,569,37,569,0,0,0,pacing,1,0.712,2.426,110.426,0,0,4,5,0,0,0,0,4,8,8,0,99,2,2,sent,16,44,0,0,9,2,0,0,5,11,178,4,stale-age,577,558,28,0,1,9500000,1200000,0,0,0,5277,5277,6445587,300,367786,165,204628,0,0,0,0,0,21.159,35.641,7102.438,2526.300,271,9485,4881,2286,4604,2318,0.319,4.104,1.329,271,5647336,9208927,2.009,23.031,0.466,6.740,9485,459,137,5205,119,336,4,33,32,62,4,7,1,2,2,0,0,0,0,0,0,0,0,0,0,27,2,1,0,4,891,722,722,0,0,0,0,0,,disabled,,0,0,0,0,,1,Fixed Quality,Hybrid,85,30,9500,12000,640,360,H.264,480,270,518400,0,518400,28178,0.054,0.000,,0,0,0.000,5.009,0.000,4.331,0.653,7250,6750,6750,4,4,0,1,9500,1.000,0,21.159,0.000,0,0,0.000,0.000,0,0,0,0,0.284,0.624,0.092,1,0,0,disabled,0,0,0,23,52,23,24,5,43,43,2,4,async-output-pending,0,,0,0,0.000,0.000,0,,21.115,10644.688,39583.333,0.000,0,0,0,,7,0,0,0.000,1,0,0.645,0.176,0.467,0.000,0.000,0.000,0.000,0,0,1,1,1,0,0,1,1,0,0,0,1.000,0.000,0.000,30,0,0.000,0,0,0,0.000,0.000,0.000,0.000,0.000,0.000,0.000,0.000,23.441,0,0,0,0,0,0,0,0,0.000,0.000,0.000,0.000,0.000,0.000,0,0.100,21.411,140,141,677,42.073,166.710,45.681,166.710,1601.199,30,1,H.264,122.136,0,0,165.776,166.844,1.001,117.200,121.192,arrival-gap-jitter-spike,5596.843,0,1,1,1,1,7198.042,466.869,499.835,501.326,501.326,0,0,0,0,0,0,0,,,0.000,0.000,0,0,,0,0,0,0,0,0,0,0,0,0,,105.022,0.000,107.860,0.000,0.000,0.000,135.356,,0.001,179,0.000,112.727,4.711,0.079,0.511,0.272,0.000,0.239,1,0,0,1,3,0.070,21.408,21.411,4.571,21.405,1.000,Loss,0,1,0,0.000,2,1,1,1,0.060,0.000,0.060,0,100,0,5284,4905,336,0,286
8.205,Custom_loss6_delay0-100_dup0_reorder6_burst0,Loopback,1,1,0,,,0.000,0,21,207,22.797,22.797,22.740,110.399,102.331,88.711,48.977,62.188,0.071,0.205,5675,433,5357,4924,733,449,50,214,180,34,20,0,4928,163,42,0,0,0,0,5.000,0,0,0,0,0,0,0,0,0,0,0,0,0,0,0,0.000,0.000,0.000,,161,161,768,0,1,104.720,165.776,106.054,166.844,0.000,0.000,160,160,2944,197,41,0,525,834,207,1,retransmit-late-after-completed,completed,H.264,1,1,24,24,0,0,0,3,0,0,2,0,6022,0,6022,0,6022,0,1,118.106,37,50,34,29,34,0,57.181,21.616,71.859,1,0,122,13,135,0,35,4,0.425,0.575,0.904,1.000,0.103,45.000,0.000,1.000,0.000,duplicate-guard,233,2294,0,0,151,2160,525,5797,82,134,0,0,5793,predicted-useful,likely-arrival,872,0.667,51,135,0,3,0,0,0,4,5,4,5,47,730,47,730,0,0,0,pacing,1,0.740,8.664,116.664,0,0,4,5,0,0,0,0,4,8,8,0,99,2,2,sent,22,60,0,0,15,2,0,0,5,11,207,2,stale-age,738,635,32,0,1,9500000,1200000,11,0,11,6113,6102,7456953,356,436876,191,236398,0,0,0,0,0,0.680,35.641,504.688,1297.800,314,11007,5670,2588,5337,2749,0.313,31.491,0.000,314,5307168,8445871,0.608,25.796,0.455,18.679,11007,525,157,5797,142,379,4,40,39,75,5,11,4,2,3,0,0,0,0,0,0,0,0,0,0,33,2,1,0,4,1027,834,834,0,0,0,0,0,,disabled,,0,0,0,0,,1,Fixed Quality,Hybrid,85,30,9500,12000,640,360,H.264,480,270,518400,28176,518400,28176,0.054,0.000,,0,0,0.000,2.161,0.000,0.000,0.144,7250,6750,6750,4,4,0,1,9500,1.000,0,10.362,0.000,0,0,3.331,0.000,3732,0,0,0,0.000,0.333,0.667,1,0,0,disabled,24,1,1,27,61,27,29,5,51,51,4,4,decoder-sync-observed,0,,0,0,0.131,23.727,0,,0.000,0.000,0.000,0.000,0,0,0,,8,0,0,8.923,0,210,0.144,0.000,0.000,0.143,0.000,0.092,0.014,1,1,1,1,0,1,1,0,0,0,0,0,1.000,0.000,0.000,30,0,0.000,0,0,0,0.000,0.000,0.000,0.000,0.000,0.000,0.000,1.995,13.923,0,0,0,0,0,0,0,0,0.000,0.000,0.000,0.000,0.000,0.000,0,0.093,22.797,160,161,768,105.771,166.710,45.681,166.710,1601.199,30,1,H.264,122.136,0,0,165.776,166.844,1.001,117.200,121.192,arrival-gap-jitter-spike,6603.890,0,1,1,1,1,8205.089,466.869,499.835,501.326,501.326,0,0,0,0,0,0,0,,,0.000,0.000,0,0,,0,0,0,0,0,0,0,0,0,0,,107.732,0.000,110.597,0.000,0.000,0.000,140.200,,0.001,207,0.000,114.841,4.133,0.080,0.745,0.515,0.000,0.230,1,0,0,1,3,0.068,22.797,22.797,62.188,22.740,2.000,Loss,0,1,0,0.000,1,1,1,1,0.060,0.000,0.060,0,100,0,6110,5687,382,0,341
9.209,Custom_loss6_delay0-100_dup0_reorder6_burst0,Loopback,1,1,0,,,0.000,0,21,236,24.815,22.896,23.173,91.623,102.466,88.711,48.977,2.161,0.071,0.200,6516,496,6154,5658,847,505,58,262,221,41,22,0,5662,188,47,0,0,0,0,5.000,0,0,0,0,0,0,0,0,0,0,0,0,0,0,0,0.000,0.000,0.000,,185,185,863,0,1,41.390,165.776,42.459,166.844,0.000,0.000,184,184,3366,229,45,0,594,957,238,1,fec-parity,pending,H.264,1,1,24,12,12,1,0,1,4,16,1,0,6961,10,7012,1,0,0,0,36.530,42,58,41,36,41,0,57.214,22.486,71.859,1,0,142,15,157,0,38,6,0.420,0.580,0.904,1.000,0.136,40.000,0.200,0.800,0.333,retransmit-late,267,2589,0,0,172,2437,594,6520,95,152,0,0,6516,predicted-useful,fec-grace,995,0.667,59,157,0,3,0,0,0,4,5,4,5,55,852,55,852,0,0,0,pacing,1,0.756,11.513,119.513,0,0,4,5,0,0,0,0,4,8,8,0,99,2,2,sent,24,65,0,1,16,2,0,0,5,11,210,1,stale-frame-lag,860,721,36,0,1,9500000,1200000,11,0,11,7005,6994,8549943,408,500990,216,267538,0,0,0,0,0,11.673,35.641,1217.188,1983.000,359,12666,6512,3019,6154,3135,0.317,35.917,0.040,359,5063998,8297041,1.544,25.796,0.532,15.881,12666,594,182,6520,166,424,4,44,43,84,7,15,2,2,5,0,0,0,0,0,0,0,0,0,0,35,2,1,0,4,1174,957,957,0,0,0,0,0,,disabled,,0,0,0,0,,1,Fixed Quality,Hybrid,85,30,9500,12000,640,360,H.264,480,270,518400,28178,518400,28178,0.054,0.000,,0,0,0.000,2.401,0.000,0.000,0.124,7250,6750,6750,4,4,0,1,9500,1.000,0,12.744,0.000,0,0,0.000,0.000,0,0,0,0,1.000,0.000,0.000,1,0,0,disabled,24,1,1,31,69,31,33,5,59,59,4,4,decoder-sync-observed,0,,0,0,17.718,23.729,0,,0.000,0.000,0.000,0.000,0,0,0,,9,0,0,5.838,0,239,0.124,0.000,0.000,0.123,0.000,0.079,0.010,1,1,1,1,0,1,1,0,0,0,0,0,1.000,0.000,0.000,30,0,0.000,0,0,0,0.000,0.000,0.000,0.000,0.000,0.000,0.000,2.258,10.207,0,0,0,0,0,0,0,0,0.000,0.000,0.000,0.000,0.000,0.000,0,0.110,22.897,184,185,863,42.658,166.710,45.681,166.710,1601.199,30,1,H.264,122.136,0,0,165.776,166.844,1.001,117.200,121.192,arrival-gap-jitter-spike,7608.358,0,1,1,1,1,9209.557,466.869,499.835,501.326,501.326,0,0,0,0,0,0,0,,,0.000,0.000,0,0,,0,0,0,0,0,0,0,0,0,0,,99.701,0.000,102.609,0.000,0.000,0.000,125.811,,0.001,236,0.000,107.504,4.769,0.093,0.276,0.001,0.000,0.275,1,0,0,1,3,0.071,24.815,22.896,2.161,23.173,1.000,Loss,0,1,0,0.000,1,1,1,1,0.060,0.000,0.060,0,100,0,7003,6526,432,0,393
10.212,Custom_loss6_delay0-100_dup0_reorder6_burst0,Loopback,1,1,0,,,0.000,0,21,265,12.762,10.943,10.938,82.613,102.433,40.550,47.924,65.273,0.065,0.223,7362,513,6922,6409,963,579,68,287,242,45,29,0,6413,206,59,0,0,0,0,5.000,0,0,0,0,0,0,0,0,0,0,0,0,0,0,0,0.000,0.000,0.000,,202,202,954,0,1,12.106,189.068,13.082,190.047,0.000,0.000,201,201,3805,251,56,0,670,1076,267,1,fec-parity,pending,H.264,0,1,24,9,15,4,1,0,0,0,0,0,7863,15,0,0,0,0,0,43.221,49,68,45,40,45,0,57.136,22.076,71.859,1,0,163,17,180,0,46,8,0.419,0.581,0.906,1.000,0.148,40.000,0.333,0.667,0.500,retransmit-late,305,2884,0,0,193,2703,670,7237,112,181,0,0,7232,predicted-useful,fec-grace,1115,0.417,68,180,0,3,0,0,0,4,5,4,5,64,1001,64,1001,0,0,0,pacing,1,0.799,10.867,118.867,0,0,4,5,0,0,0,0,4,8,8,0,99,2,2,sent,27,73,0,2,18,2,0,0,5,11,265,3,stale-age,1009,813,40,0,1,9500000,1200000,0,0,0,7868,7868,9620541,461,566346,241,298678,0,0,0,0,0,12.007,35.641,1786.000,3021.000,404,14279,7357,3361,6922,3561,0.314,1.635,1.027,404,5987102,9740502,1.613,11.005,0.414,15.317,14279,670,200,7237,192,474,4,55,54,105,10,20,2,3,7,0,0,0,0,0,0,0,0,0,0,43,2,1,0,4,1330,1076,1076,0,0,0,0,0,,disabled,,0,0,0,0,,1,Fixed Quality,Hybrid,85,30,9500,12000,640,360,H.264,480,270,518400,0,518400,28178,0.054,0.000,,0,0,0.000,5.113,0.000,3.868,1.205,7250,6750,6750,4,4,0,1,9500,1.000,0,12.007,0.000,0,0,0.000,0.000,0,0,0,0,0.272,0.633,0.094,1,0,0,disabled,0,0,0,35,79,35,37,7,66,66,0,4,async-output-pending,0,,0,0,0.000,0.000,0,,0.000,0.000,0.000,0.000,0,0,0,,10,0,0,0.000,1,0,1.196,0.192,1.002,0.000,0.000,0.000,0.000,0,0,1,1,1,0,0,1,1,0,0,0,1.000,0.000,0.000,30,0,0.000,0,0,0,0.000,0.000,0.000,0.000,0.000,0.000,0.000,0.000,19.663,0,0,0,0,0,0,0,0,0.000,0.000,0.000,0.000,0.000,0.000,0,0.099,10.943,201,202,954,13.187,190.127,45.681,190.127,9736.648,252,1,H.264,80.730,0,0,189.068,190.047,1.000,145.850,79.635,arrival-gap-jitter-spike,475.435,0,1,1,1,1,10212.083,466.869,499.835,501.326,501.326,0,0,0,0,0,0,0,,,0.000,0.000,0,0,,0,0,0,0,0,0,0,0,0,0,,101.630,0.000,104.355,0.000,0.000,0.000,126.306,,0.001,265,0.000,108.676,4.206,0.076,0.942,0.696,0.000,0.246,1,0,0,1,3,0.065,12.762,10.943,65.273,10.938,2.000,Jitter,1,1,0,1.000,3,3,3,1,0.060,0.000,0.060,0,100,0,7878,7373,484,0,447
11.218,Custom_loss6_delay0-100_dup0_reorder6_burst0,Loopback,1,1,0,,,0.000,0,21,294,22.815,22.796,22.822,110.633,102.467,78.403,51.310,3.382,0.066,0.215,8172,574,7701,7127,1077,643,82,319,269,50,33,0,7131,230,63,0,0,0,0,5.000,0,0,0,0,0,0,0,0,0,0,0,0,0,0,0,0.000,0.000,0.000,,226,226,1048,0,1,39.346,189.068,40.449,190.047,0.000,0.000,225,224,4245,280,60,0,742,1206,295,1,nack-sent,pending,H.264,1,1,24,19,5,3,2,3,12,39,2,0,8689,5,8744,0,0,0,0,68.966,59,82,50,45,50,0,58.242,22.493,71.859,1,0,192,16,208,0,53,8,0.418,0.582,0.923,1.000,0.131,45.000,0.167,0.833,0.000,duplicate-guard,336,3167,0,0,212,2968,742,7968,124,199,0,0,7962,predicted-useful,likely-arrival,1235,0.000,76,208,0,3,0,0,0,4,5,4,5,72,1129,72,1129,0,0,0,pacing,1,0.803,9.275,117.275,0,0,4,5,0,0,0,0,4,8,8,0,99,2,2,sent,31,85,0,2,22,2,0,0,5,11,294,3,stale-age,1137,900,44,0,1,9500000,1200000,0,0,0,8736,8736,10684249,519,637922,271,336046,0,0,0,0,0,17.802,35.641,9040.438,3559.050,449,15861,8160,3744,7701,3957,0.315,3.331,1.270,449,5467929,8852143,1.537,16.375,0.493,10.688,15861,741,224,7963,215,522,4,59,58,112,10,20,2,3,7,0,0,0,0,0,0,0,0,0,0,47,2,1,0,4,1480,1206,1206,0,0,0,0,0,,disabled,,0,0,0,0,,1,Fixed Quality,Hybrid,85,30,9500,12000,640,360,H.264,480,270,518400,0,518400,28178,0.054,0.000,,0,0,0.000,2.065,0.000,0.000,0.080,7250,6750,6750,4,4,0,1,9500,1.000,0,17.802,0.000,0,0,0.000,0.000,0,0,0,0,1.000,0.000,0.000,1,0,0,disabled,0,0,0,39,87,39,41,7,74,74,0,4,async-output-pending,0,,0,0,0.000,0.000,0,,0.000,0.000,0.000,0.000,0,0,0,,11,0,0,6.083,0,297,0.080,0.000,0.000,0.079,0.000,0.055,0.008,1,1,1,1,0,1,1,0,1,0,0,0,1.000,0.000,0.000,30,0,0.000,0,0,0,0.000,0.000,0.000,0.000,0.000,0.000,0.000,0.000,10.053,0,0,0,0,0,0,0,0,0.000,0.000,0.000,0.000,0.000,0.000,0,0.100,22.796,225,226,1048,40.374,190.127,45.681,190.127,9736.648,252,1,H.264,80.730,0,0,189.068,190.047,1.000,145.850,79.635,arrival-gap-jitter-spike,1481.838,0,1,1,1,1,11218.486,466.869,499.835,501.326,501.326,0,0,0,0,0,0,0,,,0.000,0.000,0,0,,0,0,0,0,0,0,0,0,0,0,,108.491,0.000,111.320,4.997,0.000,119.643,135.316,,0.001,293,0.000,116.450,5.813,0.081,0.785,0.545,0.000,0.239,1,0,0,1,3,0.066,22.815,22.796,3.382,22.822,1.000,Jitter,1,1,0,1.500,2,3,3,1,0.060,0.000,0.060,0,100,0,8747,8185,537,0,486
12.222,Custom_loss6_delay0-100_dup0_reorder6_burst0,Loopback,1,1,0,,,0.000,0,21,323,24.720,24.728,24.910,106.549,102.596,91.045,55.284,9.448,0.064,0.204,8926,614,8389,7775,1178,702,88,354,296,58,34,0,7779,254,65,0,0,0,0,5.000,0,0,0,0,0,0,0,0,0,0,0,0,0,0,0,0.000,0.000,0.000,,250,250,1141,0,1,29.922,189.068,31.005,190.047,0.000,0.000,249,248,4603,312,62,0,803,1304,324,1,nack-sent,pending,H.264,1,1,24,15,9,1,1,2,4,23,0,0,9497,10,0,0,0,0,0,43.739,64,88,58,53,58,0,59.735,23.185,99.492,1,0,211,17,228,0,64,8,0.421,0.579,0.925,1.000,0.111,45.000,0.400,0.600,0.000,duplicate-guard,371,3399,0,0,229,3172,803,8601,142,227,0,0,8594,predicted-useful,likely-arrival,1345,0.875,84,228,0,3,0,0,0,4,5,4,5,80,1258,80,1258,0,0,0,pacing,1,0.777,10.283,118.283,0,0,4,5,0,0,0,0,4,8,8,0,99,2,2,sent,33,93,0,2,24,2,0,0,5,11,323,4,stale-age,1266,978,48,0,1,9500000,1200000,0,0,0,9536,9536,11664513,569,699546,297,367814,0,0,0,0,0,15.234,35.641,5444.312,3674.350,491,17308,8919,4060,8389,4329,0.313,57.070,0.000,491,4712023,7898146,0.434,15.628,0.492,23.930,17308,803,248,8601,242,557,4,61,60,115,10,20,2,3,7,0,0,0,0,0,0,0,0,0,0,49,2,1,0,4,1599,1304,1304,0,0,0,0,0,,disabled,,0,0,0,0,,1,Fixed Quality,Hybrid,85,30,9500,12000,640,360,H.264,480,270,518400,0,518400,28176,0.054,0.000,,0,0,0.000,4.644,0.000,3.900,0.700,7250,6750,6750,4,4,0,1,9500,1.000,0,15.234,0.000,0,0,1.097,0.000,1244,0,0,0,0.000,0.000,1.000,1,0,0,disabled,0,0,0,43,101,43,49,9,83,83,0,4,async-output-pending,0,,0,0,0.000,0.000,0,,0.000,0.000,0.000,0.000,0,0,0,,12,0,0,0.000,1,0,0.692,0.169,0.521,0.000,0.000,0.000,0.000,0,0,1,1,1,0,0,1,1,0,1,0,0.860,44.638,0.000,26,0,0.000,0,0,0,0.000,0.000,0.000,0.000,0.000,0.000,0.000,0.000,18.410,0,0,0,0,0,0,0,0,0.000,0.000,0.000,0.000,0.000,0.000,0,0.115,24.729,249,250,1141,31.088,190.127,45.681,190.127,9736.648,252,1,H.264,80.730,0,0,189.068,190.047,1.000,145.850,79.635,arrival-gap-jitter-spike,2485.654,0,1,1,1,1,12222.302,466.869,499.835,501.326,501.326,0,0,0,0,0,0,0,,,0.000,0.000,0,0,,0,0,0,0,0,0,0,0,0,0,,107.599,0.000,110.475,5.478,0.000,116.264,133.274,,0.001,322,0.000,116.514,5.946,0.093,0.295,0.001,0.000,0.294,1,0,0,1,3,0.065,24.720,24.728,9.448,24.910,1.000,RecoveryDeadline,0,1,0,1.000,1,1,1,1,0.060,0.000,0.060,0,100,0,9548,8940,573,0,537
13.222,Custom_loss6_delay0-100_dup0_reorder6_burst0,Loopback,1,1,0,,,0.000,0,21,351,17.629,17.623,17.621,96.778,102.532,49.923,54.796,8.284,0.066,0.211,9711,684,9153,8469,1289,764,100,388,326,62,37,0,8473,273,73,0,0,0,0,5.000,0,0,0,0,0,0,0,0,0,0,0,0,0,0,0,0.000,0.000,0.000,,269,269,1230,0,1,47.491,189.068,48.439,190.047,0.000,0.000,268,267,5008,335,70,0,870,1415,351,1,completed,completed,H.264,1,1,24,24,0,5,4,3,14,44,1,1,10296,8,10319,1,0,0,0,95.994,71,100,62,57,62,0,59.895,22.885,99.492,1,0,234,19,253,0,70,9,0.415,0.585,0.925,1.000,0.114,40.000,0.125,0.875,1.000,retransmit-late,405,3681,0,0,248,3429,870,9226,157,252,0,0,9218,predicted-useful,fec-grace,1454,0.000,93,253,0,3,0,0,0,4,5,4,5,89,1408,89,1408,0,0,0,pacing,1,0.833,9.058,117.058,0,0,4,5,0,0,0,0,4,8,8,0,99,2,2,sent,38,108,0,3,28,2,0,0,5,11,342,3,stale-age,1416,1059,51,0,1,9500000,1200000,12,0,12,10401,10389,12710137,624,767392,323,400206,0,0,0,0,0,1.030,35.641,633.625,4800.000,533,18839,9697,4435,9142,4707,0.314,40.427,0.061,533,6491228,9327538,0.877,4.278,0.542,20.564,18839,870,267,9226,266,600,4,69,68,130,12,23,2,4,8,0,0,0,0,0,0,0,0,0,0,55,2,1,0,4,1742,1415,1415,0,0,0,0,0,,disabled,,0,0,0,0,,1,Fixed Quality,Hybrid,85,30,9500,12000,640,360,H.264,480,270,518400,28178,518400,28178,0.054,0.000,,0,0,0.000,2.357,0.000,0.000,0.098,7250,6750,6750,4,4,0,1,9500,1.000,0,15.785,0.000,0,0,0.000,0.000,0,0,0,0,0.281,0.644,0.075,1,0,0,disabled,24,0,0,46,109,46,54,9,91,91,0,4,large-au-observed,0,,0,0,17.816,23.729,0,,0.000,0.000,0.000,0.000,0,0,0,,13,0,0,4.993,0,354,0.098,0.000,0.000,0.097,0.000,0.071,0.007,1,1,1,1,0,1,1,0,0,0,0,0,1.000,0.000,0.000,30,0,0.000,0,0,0,0.000,0.000,0.000,0.000,0.000,0.000,0.000,2.249,9.873,0,0,0,0,0,0,0,0,0.000,0.000,0.000,0.000,0.000,0.000,0,0.121,17.623,268,269,1230,48.461,190.127,45.681,190.127,9736.648,252,1,H.264,80.730,0,0,189.068,190.047,1.000,145.850,79.635,arrival-gap-jitter-spike,3485.869,0,1,1,1,1,13222.517,466.869,499.835,501.326,501.326,0,0,0,0,0,0,0,,,0.000,0.000,0,0,,0,0,0,0,0,0,0,0,0,0,,98.780,0.000,101.594,5.624,0.000,106.242,128.389,,0.001,350,0.000,106.786,4.772,0.090,0.259,0.001,0.000,0.258,1,0,0,1,3,0.066,17.629,17.623,8.284,17.621,1.000,RecoveryDeadline,0,1,0,0.000,1,1,1,1,0.060,0.000,0.060,0,100,0,10402,9725,625,0,581
14.225,Custom_loss6_delay0-100_dup0_reorder6_burst0,Loopback,1,1,0,,,0.000,0,21,379,24.908,22.991,23.035,98.961,102.926,53.580,54.695,17.781,0.065,0.213,10519,726,9898,9172,1394,827,110,417,350,67,40,0,9176,295,80,0,0,0,0,5.000,0,0,0,0,0,0,0,0,0,0,0,0,0,0,0,0.000,0.000,0.000,,289,289,1322,0,1,21.279,189.068,22.366,190.047,0.000,0.000,288,288,5417,362,75,0,939,1529,383,1,fec-parity,pending,H.264,1,1,24,3,21,1,0,0,0,0,0,0,11231,15,0,0,0,0,0,20.148,77,110,67,62,67,0,60.776,22.561,99.492,1,0,255,19,274,0,76,11,0.412,0.588,0.931,1.000,0.126,45.000,0.500,0.500,0.000,duplicate-guard,438,3949,0,0,267,3672,939,9944,171,277,0,0,9936,deferred-likely-arrival,likely-arrival,1569,0.083,100,274,0,3,0,0,0,4,5,4,5,96,1521,96,1521,0,0,0,pacing,1,0.822,9.549,117.549,0,0,4,5,0,0,0,0,4,8,8,0,99,2,2,sent,41,119,0,4,30,2,0,0,5,11,368,4,stale-age,1529,1145,55,0,1,9500000,1200000,0,0,0,11232,11232,13742745,675,830262,348,431354,0,0,0,0,0,15.715,35.641,6013.500,4800.000,576,20391,10507,4781,9884,5103,0.313,22.467,1.510,576,5164418,8287675,1.267,4.154,0.486,18.320,20391,939,289,9944,290,645,4,74,73,140,14,27,2,4,10,0,0,0,0,0,0,0,0,0,0,58,2,1,0,4,1887,1529,1529,0,0,0,0,0,,disabled,,0,0,0,0,,1,Fixed Quality,Hybrid,85,30,9500,12000,640,360,H.264,480,270,518400,28178,518400,28178,0.054,0.000,,0,0,0.000,1.956,0.000,0.000,0.079,7250,6750,6750,4,4,0,1,9500,1.000,0,15.715,0.000,0,0,0.000,0.000,0,0,0,0,0.281,0.650,0.069,1,0,0,disabled,24,1,1,50,121,50,60,11,100,100,2,4,decoder-sync-observed,0,,0,0,0.059,23.729,0,,0.000,0.000,0.000,0.000,0,0,0,,14,0,0,5.613,0,383,0.078,0.000,0.000,0.078,0.000,0.054,0.007,1,1,1,1,0,1,1,0,0,0,1,0,0.860,71.096,0.000,26,0,0.000,0,0,0,0.000,0.000,0.000,0.000,0.000,0.000,0.000,1.868,9.711,0,0,0,0,0,0,0,0,0.000,0.000,0.000,0.000,0.000,0.000,0,0.091,22.991,288,289,1322,22.589,190.127,45.681,190.127,9736.648,252,1,H.264,80.730,0,0,189.068,190.047,1.000,145.850,79.635,arrival-gap-jitter-spike,4488.863,0,1,1,1,1,14225.511,466.869,499.835,501.326,501.326,0,0,0,0,0,0,0,,,0.000,0.000,0,0,,0,0,0,0,0,0,0,0,0,0,,102.698,0.000,105.468,0.000,0.000,0.000,129.481,,0.001,379,0.000,110.443,4.876,0.077,0.702,0.459,0.000,0.243,1,0,0,1,3,0.063,24.908,22.991,17.781,23.035,1.000,Loss,0,1,0,0.000,1,1,1,1,0.060,0.000,0.060,0,100,0,11246,10540,669,0,629
15.227,Custom_loss6_delay0-100_dup0_reorder6_burst0,Loopback,1,1,0,,,0.000,0,21,407,27.647,25.691,21.824,119.192,102.559,42.414,53.750,33.426,0.062,0.205,11231,741,10523,9782,1507,884,115,466,391,75,42,0,9786,322,83,0,0,0,0,5.000,0,0,0,0,0,0,0,0,0,0,0,0,0,0,0,0.000,0.000,0.000,,314,314,1413,0,1,59.115,189.068,60.445,190.047,0.000,0.000,313,311,5800,397,76,0,996,1644,409,1,nack-sent,pending,H.264,1,1,22,9,13,3,0,2,4,30,1,0,11962,0,11962,0,0,0,0,43.624,85,115,75,70,75,0,60.694,24.018,99.492,1,0,276,20,296,0,86,11,0.425,0.575,0.932,1.000,0.113,45.000,0.333,0.667,0.000,duplicate-guard,471,4183,0,0,286,3880,996,10479,185,303,0,0,10471,predicted-useful,likely-arrival,1675,0.591,108,296,0,3,0,0,0,4,5,4,5,104,1643,104,1643,0,0,0,pacing,1,0.763,13.604,121.604,0,0,4,5,0,0,0,0,4,8,8,0,99,2,2,sent,44,126,0,5,32,2,0,0,5,11,396,4,stale-age,1651,1212,59,0,1,9500000,1200000,0,0,0,11978,11978,14660332,725,892206,371,460006,0,0,0,0,0,12.707,35.641,5078.188,3720.150,614,21745,11226,5061,10519,5458,0.311,34.576,1.782,614,5512245,8416024,1.476,1.090,0.400,20.296,21745,996,314,10479,314,678,4,75,74,143,14,27,2,4,10,0,0,0,0,0,0,0,0,0,0,59,2,1,0,4,2016,1644,1644,0,0,0,0,0,,disabled,,0,0,0,0,,1,Fixed Quality,Hybrid,85,30,9500,12000,640,360,H.264,480,270,518400,26096,518400,26096,0.050,0.000,,0,0,0.000,1.690,0.000,0.000,0.078,6250,6250,6250,5,5,0,1,9500,0.880,1,12.707,0.000,0,0,0.000,0.000,0,0,0,0,0.287,0.645,0.068,1,0,0,latency-pressure-freshness-hold,22,1,1,54,129,54,64,11,108,108,2,4,decoder-sync-observed,0,,0,0,0.098,21.976,0,,0.000,0.000,0.000,0.000,0,0,0,,15,0,0,6.262,0,410,0.078,0.000,0.000,0.077,0.000,0.056,0.005,1,1,1,1,0,1,1,0,0,0,0,0,1.000,0.000,0.000,27,0,0.000,0,0,0,0.000,0.000,0.000,0.000,0.000,0.000,0.000,1.602,9.977,0,0,0,0,0,0,0,0,0.000,0.000,0.000,0.000,0.000,0.000,0,0.097,25.691,313,314,1413,60.078,190.127,45.681,190.127,9736.648,252,1,H.264,80.730,0,0,189.068,190.047,1.000,145.850,79.635,arrival-gap-jitter-spike,5490.184,0,1,1,1,1,15226.832,466.869,499.835,501.326,501.326,0,0,2,0,0,2,2,latency-pressure freshness,latency-over-80ms,148.319,148.319,395,1,decoded,0,0,0,0,0,0,0,0,0,0,,95.454,0.000,98.061,0.000,0.000,0.000,124.382,stale-before-upload,0.001,408,0.000,101.506,4.212,0.089,0.315,0.040,0.000,0.275,1,0,0,1,3,0.062,27.647,25.691,33.426,21.824,1.000,RecoveryDeadline,0,1,0,1.000,0,1,1,1,0.060,0.000,0.060,0,100,0,11993,11247,705,0,682
16.233,Custom_loss6_delay0-100_dup0_reorder6_burst0,Loopback,1,1,0,,,0.000,0,21,432,17.248,15.330,15.354,105.357,102.754,61.598,54.311,31.826,0.063,0.209,11924,798,11181,10383,1620,951,125,499,418,81,45,0,10387,340,90,0,0,0,0,5.000,0,0,0,0,0,0,0,0,0,0,0,0,0,0,0,0.000,0.000,0.000,,331,331,1509,0,1,25.153,189.068,26.151,190.047,0.000,0.000,330,328,6179,421,82,0,1058,1751,433,1,expired-no-slack,expired,H.264,0,1,23,22,1,5,5,3,4,10,0,0,12622,6,0,0,0,0,0,118.855,95,125,81,76,81,0,62.141,23.178,99.492,1,0,302,18,320,0,93,12,0.432,0.568,0.944,1.000,0.114,45.000,0.300,0.700,0.000,duplicate-guard,503,4407,0,0,303,4078,1058,11064,200,329,0,0,11056,predicted-useful,fec-grace,1775,0.565,116,320,0,3,0,0,0,4,5,4,5,112,1764,112,1764,0,0,0,pacing,1,0.838,7.692,115.692,0,0,4,5,0,0,0,0,4,8,8,0,99,2,2,sent,45,129,0,5,33,2,0,0,5,11,421,3,stale-age,1772,1285,63,0,1,9500000,1200000,0,0,0,12716,12716,15569766,777,956638,396,491154,0,0,0,0,0,10.370,35.641,940.312,4800.000,654,23101,11920,5362,11181,5819,0.310,48.715,0.047,654,4279416,7730550,1.521,4.709,0.522,15.391,23101,1058,332,11064,339,715,4,81,80,153,15,28,1,5,10,0,0,0,0,0,0,0,0,0,0,64,2,1,0,4,2144,1751,1751,0,0,0,0,0,,disabled,,0,0,0,0,,1,Fixed Quality,Hybrid,85,30,9500,12000,640,360,H.264,480,270,518400,0,518400,27138,0.052,0.000,,0,0,0.000,4.685,0.000,4.019,0.644,7250,6500,6500,6,6,0,1,9500,1.000,0,16.256,0.000,0,0,0.000,0.000,0,0,0,0,0.297,0.647,0.056,1,0,0,disabled,0,0,0,58,140,58,69,13,116,116,1,4,async-output-pending,0,,0,0,0.000,0.000,0,,10.370,940.312,45673.077,0.000,0,0,0,,16,0,0,0.000,1,0,0.633,0.159,0.473,0.000,0.000,0.000,0.000,0,0,1,1,1,0,0,1,1,0,1,0,0.860,97.086,0.000,26,0,0.000,0,0,0,0.000,0.000,0.000,0.000,0.000,0.000,0.000,0.000,19.531,0,0,0,0,0,0,0,0,0.000,0.000,0.000,0.000,0.000,0.000,0,0.091,15.331,330,331,1509,26.186,190.127,45.681,190.127,9736.648,252,1,H.264,80.730,0,0,189.068,190.047,1.000,145.850,79.635,arrival-gap-jitter-spike,6496.942,0,1,1,1,1,16233.590,466.869,499.835,501.326,501.326,0,0,2,0,0,2,0,,,148.319,148.319,395,1,decoded,0,0,0,0,0,0,0,0,0,0,,109.975,0.000,112.654,0.000,0.000,0.000,132.678,stale-before-upload,0.000,432,0.000,117.100,4.360,0.075,0.969,0.715,0.000,0.255,1,0,0,1,3,0.063,17.248,15.330,31.826,15.354,1.000,RecoveryDeadline,0,1,0,0.500,2,1,1,1,0.060,0.000,0.060,0,100,0,12732,11947,745,0,743
17.240,Custom_loss6_delay0-100_dup0_reorder6_burst0,Loopback,1,1,0,,,0.000,0,21,463,20.021,20.021,19.797,94.634,102.888,61.598,54.311,19.164,0.061,0.216,12731,824,11911,11087,1732,1022,134,525,440,85,51,0,11091,360,99,0,0,0,0,5.000,0,0,0,0,0,0,0,0,0,0,0,0,0,0,0,0.000,0.000,0.000,,351,351,1602,0,1,29.678,189.068,30.784,190.047,0.000,0.000,350,348,6613,445,91,0,1132,1871,464,1,fec-parity,pending,H.264,0,1,24,16,8,5,2,1,2,10,0,0,13549,23,0,0,0,0,0,56.887,106,134,85,80,85,0,62.699,23.731,99.492,1,0,326,20,346,0,99,13,0.442,0.558,0.942,1.000,0.116,40.000,0.429,0.571,0.500,retransmit-late,543,4702,0,0,323,4338,1132,11768,220,364,0,0,11759,predicted-useful,fec-grace,1897,0.333,126,346,0,3,0,0,0,4,5,4,5,122,1924,122,1924,0,0,0,pacing,1,0.813,10.108,118.108,0,0,4,5,0,0,0,0,4,8,8,0,99,2,2,sent,48,136,0,6,35,2,0,0,5,11,455,2,stale-age,1932,1376,67,0,1,9500000,1200000,0,0,0,13539,13539,16580134,833,1025728,422,522916,0,0,0,0,0,17.936,35.641,9136.250,4800.000,698,24625,12715,5743,11910,6167,0.311,7.314,0.364,698,5292569,8609093,0.566,4.709,0.399,12.828,24625,1132,352,11768,363,765,4,90,89,168,16,30,2,5,11,0,0,0,0,0,0,0,0,0,0,72,2,1,0,4,2291,1871,1871,0,0,0,0,0,,disabled,,0,0,0,0,,1,Fixed Quality,Hybrid,85,30,9500,12000,640,360,H.264,480,270,518400,0,518400,28176,0.054,0.000,,0,0,0.000,5.215,0.000,4.247,0.915,7250,6750,6750,7,7,0,1,9500,1.000,0,17.936,0.000,0,0,0.000,0.000,0,0,0,0,0.306,0.636,0.058,1,0,0,disabled,0,0,0,62,149,62,74,13,123,123,0,4,async-output-pending,0,,0,0,0.000,0.000,0,,0.000,0.000,0.000,0.000,0,0,0,,17,0,0,0.000,1,0,0.905,0.237,0.666,0.000,0.000,0.000,0.000,0,0,1,1,1,0,0,1,1,0,1,0,0.860,98.366,0.000,26,0,0.000,0,0,0,0.000,0.000,0.000,0.000,0.000,0.000,0.000,0.000,38.770,0,0,0,0,0,0,0,0,0.000,0.000,0.000,0.000,0.000,0.000,0,0.110,20.021,350,351,1602,30.853,190.127,45.681,190.127,9736.648,252,1,H.264,80.730,0,0,189.068,190.047,1.000,145.850,79.635,arrival-gap-jitter-spike,7503.207,0,1,1,1,1,17239.855,466.869,499.835,501.326,501.326,0,0,2,0,0,2,0,,,148.319,148.319,395,1,decoded,0,0,0,0,0,0,0,0,0,0,,102.349,0.000,105.271,0.000,0.000,0.000,127.317,stale-before-upload,0.001,463,0.000,112.029,6.638,0.098,0.350,0.028,0.000,0.322,1,0,0,1,3,0.061,20.021,20.021,19.164,19.797,1.000,RecoveryDeadline,0,1,0,0.000,0,2,2,1,0.060,0.000,0.060,0,100,0,13556,12749,795,0,788
18.240,Custom_loss6_delay0-100_dup0_reorder6_burst0,Loopback,1,1,0,,,0.000,0,21,491,21.233,21.231,21.269,99.200,102.924,54.671,54.335,12.677,0.062,0.214,13516,890,12666,11776,1834,1079,144,558,469,89,53,0,11780,381,104,0,0,0,0,5.000,0,0,0,0,0,0,0,0,0,0,0,0,0,0,0,0.000,0.000,0.000,,372,372,1693,0,1,33.295,189.068,34.420,190.047,0.000,0.000,371,369,6982,470,96,0,1201,1976,493,1,fec-recovered,pending,H.264,0,1,24,17,7,4,3,1,1,9,0,0,14377,20,0,0,0,0,0,51.415,110,144,89,84,89,0,62.713,24.124,99.492,1,0,344,22,366,0,103,14,0.433,0.567,0.940,1.000,0.120,38.000,0.125,0.875,1.000,retransmit-late,574,4967,0,0,342,4587,1201,12426,232,380,0,0,12417,predicted-useful,fec-grace,2012,0.292,134,366,0,3,0,0,0,4,5,4,5,129,2035,129,2035,0,0,0,pacing,1,0.785,12.212,120.212,0,0,4,5,0,0,0,0,5,9,9,0,469,1,1,sent,54,154,0,6,40,2,0,0,6,12,483,3,stale-age,2043,1461,71,0,1,9500000,1200000,0,0,0,14399,14399,17633892,883,1087354,447,554064,0,0,0,0,0,17.974,35.641,5500.125,4800.000,743,26177,13511,6121,12666,6545,0.312,10.049,2.120,743,7555911,13877858,1.178,2.382,0.450,11.370,26177,1201,373,12426,387,810,4,95,94,174,18,33,1,6,12,0,0,0,0,0,0,0,0,0,0,75,2,1,0,4,2411,1976,1976,0,0,0,0,0,,disabled,,0,0,0,0,,1,Fixed Quality,Hybrid,85,30,9500,12000,640,360,H.264,480,270,518400,28176,518400,28176,0.054,0.000,,0,0,0.000,1.971,0.000,0.000,0.081,7250,6750,6750,7,7,0,1,9500,1.000,0,17.974,0.000,0,0,0.000,0.000,0,0,0,0,0.301,0.639,0.060,1,0,0,disabled,24,0,0,65,158,65,79,14,131,131,0,4,large-au-observed,0,,0,0,15.855,23.727,0,,0.000,0.000,0.000,0.000,0,0,0,,18,0,0,5.375,0,494,0.080,0.000,0.000,0.080,0.000,0.054,0.009,1,1,1,1,0,1,1,0,0,0,0,0,1.000,0.000,0.000,30,0,0.000,0,0,0,0.000,0.000,0.000,0.000,0.000,0.000,0.000,1.883,30.861,0,0,0,0,0,0,0,0,0.000,0.000,0.000,0.000,0.000,0.000,0,0.108,21.231,371,372,1693,34.374,190.127,45.681,190.127,9736.648,252,1,H.264,80.730,0,0,189.068,190.047,1.000,145.850,79.635,arrival-gap-jitter-spike,8503.823,0,1,1,1,1,18240.471,466.869,499.835,501.326,501.326,0,0,2,0,0,2,0,,,148.319,148.319,395,1,decoded,0,0,0,0,0,0,0,0,0,0,,103.714,0.000,106.637,0.000,0.000,0.000,129.600,stale-before-upload,0.000,491,0.000,110.918,4.161,0.076,0.540,0.308,0.000,0.231,1,0,0,1,3,0.062,21.233,21.231,12.677,21.269,1.000,RecoveryDeadline,0,1,0,1.000,0,2,2,1,0.060,0.000,0.060,0,100,0,14417,13538,838,0,837
19.241,Custom_loss6_delay0-100_dup0_reorder6_burst0,Loopback,1,1,0,,,0.000,0,21,518,26.337,26.338,26.562,108.511,102.793,7.381,51.400,3.822,0.062,0.215,14317,948,13422,12474,1940,1133,149,599,497,102,59,0,12478,402,110,0,0,0,0,5.000,0,0,0,0,0,0,0,0,0,0,0,0,0,0,0,0.000,0.000,0.000,,393,393,1790,0,1,32.851,189.068,34.148,190.047,0.000,0.000,392,390,7370,504,102,0,1276,2076,521,1,fec-parity,pending,H.264,0,1,24,10,14,1,0,0,0,0,0,0,15228,6,0,0,0,0,0,35.993,116,149,102,97,102,0,63.305,23.009,99.492,1,0,368,22,390,0,112,14,0.438,0.562,0.944,1.000,0.111,45.000,0.000,1.000,0.000,duplicate-guard,605,5216,0,0,360,4813,1276,13156,245,403,0,0,13147,predicted-useful,likely-arrival,2131,0.583,144,390,0,3,0,0,0,4,5,4,5,139,2203,139,2203,0,0,0,pacing,1,0.793,13.800,121.800,0,0,4,5,0,0,0,0,5,9,9,0,469,1,1,sent,57,162,0,6,43,2,0,0,6,12,512,1,stale-age,2211,1548,75,0,1,9500000,1200000,11,0,11,15263,15252,18679516,937,1153954,474,587068,0,0,0,0,0,0.579,35.641,953.562,4800.000,787,27716,14311,6503,13405,6902,0.312,10.594,2.000,787,4591240,7629007,1.377,-7.553,0.481,12.109,27716,1276,394,13156,411,861,4,101,100,186,19,34,1,7,12,0,0,0,0,0,0,0,0,0,0,80,2,1,0,4,2542,2076,2076,0,0,0,0,0,,disabled,,0,0,0,0,,1,Fixed Quality,Hybrid,85,30,9500,12000,640,360,H.264,480,270,518400,28178,518400,28178,0.054,0.000,,0,0,0.000,2.017,0.000,0.000,0.090,7250,6750,6750,7,7,0,1,9500,1.000,0,30.257,0.000,0,0,0.000,0.000,0,0,0,0,0.297,0.646,0.056,1,0,0,disabled,24,1,1,70,168,70,84,14,140,140,1,4,decoder-sync-observed,0,,0,0,31.911,23.729,0,,0.000,0.000,0.000,0.000,0,0,0,,19,0,0,6.518,0,522,0.089,0.000,0.000,0.089,0.000,0.061,0.009,1,1,1,1,0,1,1,0,0,0,0,0,1.000,0.000,0.000,30,0,0.000,0,0,0,0.000,0.000,0.000,0.000,0.000,0.000,0.000,1.886,10.509,0,0,0,0,0,0,0,0,0.000,0.000,0.000,0.000,0.000,0.000,0,0.104,26.338,392,393,1790,34.120,190.127,45.681,190.127,9736.648,252,1,H.264,80.730,0,0,189.068,190.047,1.000,145.850,79.635,arrival-gap-jitter-spike,9504.566,0,1,1,1,1,19241.214,466.869,499.835,501.326,501.326,0,0,2,0,0,2,0,,,148.319,148.319,395,1,decoded,0,0,0,0,0,0,0,0,0,0,,102.930,0.000,105.924,0.000,0.000,0.000,134.255,stale-before-upload,0.001,518,0.000,111.251,5.208,0.078,0.276,0.043,0.000,0.232,1,0,0,1,3,0.062,26.337,26.338,3.822,26.562,1.000,Loss,0,1,0,0.000,1,1,1,1,0.060,0.000,0.060,0,100,0,15271,14336,887,0,886
20.243,Custom_loss6_delay0-100_dup0_reorder6_burst0,Loopback,1,1,0,,,0.000,0,21,546,25.302,25.321,23.402,106.396,102.851,89.278,53.628,0.776,0.061,0.209,15044,975,14082,13107,2041,1188,159,633,524,109,61,0,13111,427,113,0,0,0,0,5.000,0,0,0,0,0,0,0,0,0,0,0,0,0,0,0,0.000,0.000,0.000,,418,418,1876,0,1,39.359,189.068,40.298,190.047,0.000,0.000,417,414,7755,536,105,0,1341,2182,548,1,nack-sent,pending,H.264,0,1,22,9,13,3,1,1,0,13,0,0,15983,8,0,0,0,0,0,53.353,120,159,109,104,109,0,63.480,22.414,99.492,1,0,389,23,412,0,119,14,0.430,0.570,0.944,1.000,0.105,45.000,0.000,1.000,0.000,duplicate-guard,637,5437,0,0,381,5018,1341,13705,256,419,0,0,13695,predicted-useful,fec-grace,2243,0.591,152,412,0,3,0,0,0,5,6,5,6,147,2316,147,2316,0,0,0,pacing,1,0.753,3.938,111.938,0,0,5,6,0,0,0,0,5,9,9,0,469,1,1,sent,61,178,0,6,47,2,0,0,6,12,538,4,stale-age,2325,1625,78,0,1,9500000,1200000,0,0,0,16011,16011,19612383,987,1215898,497,615720,0,0,0,0,0,15.677,35.641,8611.000,4800.000,826,29122,15040,6787,14082,7295,0.311,8.406,2.973,826,4500612,7297139,2.198,81.897,0.507,15.014,29122,1341,419,13705,435,899,7,104,103,191,19,34,1,7,12,0,0,0,0,0,0,0,0,0,0,82,3,1,0,4,2675,2182,2182,0,0,0,0,0,,disabled,,0,0,0,0,,1,Fixed Quality,Hybrid,85,30,9500,12000,640,360,H.264,480,270,518400,0,518400,26096,0.050,0.000,,0,0,0.000,5.562,0.000,4.803,0.729,6750,6250,6250,8,8,0,1,9500,0.924,1,15.677,0.000,0,0,0.000,0.000,0,0,0,0,0.291,0.653,0.056,1,0,0,latency-pressure-freshness-hold,0,0,0,73,175,73,87,15,147,147,0,4,async-output-pending,0,,0,0,0.000,0.000,0,,15.677,8611.000,45673.077,0.000,0,0,0,,20,0,0,0.000,1,0,0.715,0.221,0.492,0.000,0.000,0.000,0.000,0,0,1,1,1,0,0,1,1,0,1,0,0.860,93.576,0.000,26,0,0.000,0,0,0,0.000,0.000,0.000,0.000,0.000,0.000,0.000,0.000,19.006,0,0,0,0,0,0,0,0,0.000,0.000,0.000,0.000,0.000,0.000,0,0.094,25.321,417,418,1876,40.387,190.127,45.681,190.127,9736.648,252,1,H.264,80.730,0,0,189.068,190.047,1.000,145.850,79.635,arrival-gap-jitter-spike,10506.955,0,1,1,1,1,20243.603,466.869,499.835,501.326,501.326,0,0,3,0,0,3,1,latency-pressure freshness,latency-over-80ms,141.645,148.319,526,1,decoded,0,0,0,0,0,0,0,0,0,0,,102.678,0.000,105.329,0.000,0.000,0.000,133.198,stale-before-upload,0.001,546,0.000,111.291,5.954,0.080,0.341,0.037,0.000,0.304,1,0,0,1,3,0.061,25.302,25.321,0.776,23.402,1.000,RecoveryDeadline,0,1,0,0.000,3,2,2,1,0.060,0.000,0.060,0,100,0,16031,15072,919,0,928
21.247,Custom_loss6_delay0-100_dup0_reorder6_burst0,Loopback,1,1,0,,,0.000,0,21,573,17.702,17.697,17.641,98.911,102.641,10.244,51.218,13.467,0.061,0.210,15763,1030,14768,13738,2142,1242,163,671,556,115,66,0,13742,447,119,0,0,0,0,5.000,0,0,0,0,0,0,0,0,0,0,0,0,0,0,0,0.000,0.000,0.000,,438,438,1970,0,1,42.027,189.068,43.025,190.047,0.000,0.000,437,434,8117,562,111,0,1402,2279,574,1,nack-sent,pending,H.264,0,1,23,18,5,1,1,2,3,13,0,0,16735,22,0,0,0,0,0,82.909,128,163,115,110,115,0,63.562,22.781,99.492,1,0,407,27,434,0,127,16,0.440,0.560,0.938,1.000,0.112,43.000,0.500,0.500,0.143,duplicate-guard,676,5735,0,0,400,5281,1402,14269,276,454,0,0,14257,predicted-useful,likely-arrival,2346,0.826,160,434,0,3,0,0,0,6,7,6,7,155,2442,155,2442,0,0,0,pacing,1,0.822,7.254,115.254,0,0,6,7,0,0,0,0,5,9,9,0,469,1,1,sent,64,184,0,7,49,2,0,0,6,12,566,2,stale-frame-lag,2452,1700,82,0,1,9500000,1200000,0,0,0,16780,16780,20559587,1038,1278928,525,650592,0,0,0,0,0,11.795,35.641,367.375,3571.750,866,30515,15755,7090,14760,7670,0.310,26.599,0.000,866,5155475,9085662,0.916,49.711,0.520,15.068,30515,1401,439,14264,453,941,7,110,109,201,21,38,2,7,14,0,0,0,0,0,0,0,0,0,0,86,3,1,0,4,2796,2279,2279,0,0,0,0,0,,disabled,,0,0,0,0,,1,Fixed Quality,Hybrid,85,30,9500,12000,640,360,H.264,480,270,518400,27138,518400,27138,0.052,0.000,,0,0,0.000,2.099,0.000,0.000,0.136,7250,6500,6500,9,9,0,1,9500,1.000,0,11.795,0.000,0,0,1.377,0.000,1244,0,0,0,0.000,0.000,1.000,1,0,0,disabled,23,0,0,77,182,77,90,15,153,153,0,4,large-au-observed,0,,0,0,15.408,22.853,0,,0.000,0.000,0.000,0.000,0,0,0,,21,0,0,6.091,0,576,0.136,0.000,0.000,0.135,0.000,0.071,0.012,1,1,1,1,0,1,1,0,0,0,0,0,1.000,0.000,0.000,30,0,0.000,0,0,0,0.000,0.000,0.000,0.000,0.000,0.000,0.000,1.954,10.021,0,0,0,0,0,0,0,0,0.000,0.000,0.000,0.000,0.000,0.000,0,0.094,17.696,437,438,1970,43.095,190.127,45.681,190.127,9736.648,252,1,H.264,80.730,0,0,189.068,190.047,1.000,145.850,79.635,arrival-gap-jitter-spike,11510.346,0,1,1,1,1,21246.994,466.869,499.835,501.326,501.326,0,0,3,0,0,3,0,,,141.645,148.319,526,1,decoded,0,0,0,0,0,0,0,0,0,0,,99.342,0.000,102.216,0.000,0.000,0.000,129.456,stale-before-upload,0.001,573,0.000,107.888,5.571,0.083,0.483,0.213,0.000,0.270,1,0,0,1,3,0.061,17.702,17.697,13.467,17.641,1.000,Loss,0,1,0,0.000,1,1,1,1,0.060,0.000,0.060,0,100,0,16801,15790,961,0,977
22.254,Custom_loss6_delay0-100_dup0_reorder6_burst0,Loopback,1,1,0,,,0.000,0,21,601,17.225,17.228,17.270,94.992,102.728,22.689,49.717,49.106,0.061,0.214,16491,1074,15436,14362,2238,1303,174,693,577,116,68,0,14366,466,127,0,0,0,0,5.000,0,0,0,0,0,0,0,0,0,0,0,0,0,0,0,0.000,0.000,0.000,,456,456,2067,0,1,135.638,189.068,137.013,190.047,0.000,0.000,455,452,8514,582,118,0,1469,2394,603,1,nack-suppressed-fec-grace,pending,H.264,0,1,24,6,18,2,0,0,0,0,0,0,17548,15,0,0,0,0,0,44.571,135,174,116,111,116,0,63.530,22.670,99.492,1,0,426,27,453,0,133,17,0.437,0.563,0.940,1.000,0.113,44.000,0.667,0.333,0.000,stable,711,6030,0,0,420,5558,1469,14881,291,472,0,0,14869,predicted-useful,fec-grace,2455,0.792,167,453,0,3,0,0,0,6,7,6,7,162,2549,162,2549,0,0,0,pacing,1,0.781,9.632,117.632,0,0,6,7,0,0,0,0,5,9,9,0,469,1,1,sent,65,186,0,7,50,2,0,0,6,12,582,2,stale-age,2559,1781,86,0,1,9500000,1200000,3,0,3,17571,17568,21526427,1087,1339310,552,683598,0,0,0,0,0,8.265,35.641,721.938,4800.000,905,31896,16477,7438,15419,7981,0.311,22.334,0.058,905,4634188,7432407,0.871,42.258,0.489,11.054,31896,1469,458,14881,474,988,7,117,116,208,21,38,2,7,14,0,0,0,0,0,0,0,0,0,0,93,3,1,0,4,2931,2394,2394,0,0,0,0,0,,disabled,,0,0,0,0,,1,Fixed Quality,Hybrid,85,30,9500,12000,640,360,H.264,480,270,518400,28178,518400,28178,0.054,0.000,,0,0,0.000,1.873,0.000,0.000,0.066,7250,6750,6750,10,10,0,1,9500,1.000,0,9.849,0.000,0,0,0.000,0.000,0,0,0,0,0.298,0.642,0.060,1,0,0,disabled,24,0,0,81,194,81,96,17,160,160,0,4,large-au-observed,0,,0,0,14.868,23.729,0,,0.000,0.000,0.000,0.000,0,0,0,,22,0,0,3.028,0,604,0.065,0.000,0.000,0.065,0.000,0.043,0.007,1,1,1,1,0,1,1,0,0,0,1,0,0.860,1.771,0.000,26,0,0.000,0,0,0,0.000,0.000,0.000,0.000,0.000,0.000,0.000,1.800,6.850,0,0,0,0,0,0,0,0,0.000,0.000,0.000,0.000,0.000,0.000,0,0.118,17.228,455,456,2067,136.699,190.127,45.681,190.127,9736.648,252,1,H.264,80.730,0,0,189.068,190.047,1.000,145.850,79.635,arrival-gap-jitter-spike,12517.465,0,1,1,1,1,22254.113,466.869,499.835,501.326,501.326,0,0,3,0,0,3,0,,,141.645,148.319,526,1,decoded,0,0,0,0,0,0,0,0,0,0,,100.369,0.000,103.237,0.000,0.000,0.000,132.496,stale-before-upload,0.001,601,0.000,108.672,5.284,0.074,0.483,0.250,0.000,0.233,1,0,0,1,3,0.061,17.225,17.228,49.106,17.270,1.000,RecoveryDeadline,0,1,0,0.500,2,1,1,1,0.060,0.000,0.060,0,100,0,17590,16524,1011,0,1020
23.254,Custom_loss6_delay0-100_dup0_reorder6_burst0,Loopback,1,1,0,,,0.000,0,21,627,16.220,16.228,16.185,105.858,102.788,99.949,52.228,1.739,0.061,0.214,17141,1117,16050,14933,2333,1355,181,721,600,121,76,0,14937,485,132,0,0,0,0,5.000,0,0,0,0,0,0,0,0,0,0,0,0,0,0,0,0.000,0.000,0.000,,475,475,2163,0,1,62.391,189.068,63.392,190.047,0.000,0.000,474,471,8854,606,123,0,1524,2497,629,1,nack-suppressed-fec-grace,pending,H.264,0,1,22,16,6,3,3,0,0,0,0,0,18221,17,0,0,0,0,0,48.174,139,181,121,116,121,0,64.237,22.292,99.492,1,0,442,27,469,0,137,17,0.434,0.566,0.942,1.000,0.110,45.000,0.167,0.833,0.000,duplicate-guard,735,6234,0,0,436,5748,1524,15466,298,483,1,3,15455,predicted-useful,fec-grace,2550,0.455,173,469,0,3,0,0,0,7,8,7,8,168,2644,168,2644,0,0,0,pacing,1,0.825,11.433,119.433,0,0,7,8,0,0,0,0,5,9,9,0,469,1,1,sent,66,190,0,7,51,2,0,0,6,12,610,4,stale-age,2655,1851,90,0,1,9500000,1200000,0,0,0,18237,18237,22347431,1131,1393790,575,712250,0,0,0,0,0,15.893,36.813,8557.562,4800.000,941,33142,17119,7707,16023,8316,0.310,4.904,1.583,941,4213174,6755701,2.675,49.258,0.486,14.623,33142,1524,476,15466,495,1021,8,122,121,221,22,40,2,7,15,0,0,0,0,0,0,0,0,0,0,96,4,1,0,4,3050,2497,2497,0,0,0,0,0,,disabled,,0,0,0,0,,1,Fixed Quality,Hybrid,85,30,9500,12000,640,360,H.264,480,270,518400,26096,518400,26096,0.050,0.000,,0,0,0.000,1.863,0.000,0.000,0.096,6000,6250,6250,11,11,0,1,9500,0.820,1,15.893,0.000,0,0,0.000,0.000,0,0,0,0,0.296,0.646,0.058,1,0,0,fixed-pacing-queue-hold,22,0,0,85,203,85,101,17,167,167,0,4,large-au-observed,0,,0,0,11.646,21.976,0,,0.000,0.000,0.000,0.000,0,0,0,,23,0,0,8.450,0,630,0.096,0.000,0.000,0.095,0.000,0.067,0.010,1,1,1,1,0,1,1,0,0,0,0,0,1.000,0.000,0.000,24,0,0.000,0,0,0,0.000,0.000,0.000,0.000,0.000,0.000,0.000,1.757,13.854,0,0,0,0,0,0,0,0,0.000,0.000,0.000,0.000,0.000,0.000,0,0.118,16.228,474,475,2163,63.558,190.127,45.681,190.127,9736.648,252,1,H.264,80.730,0,0,189.068,190.047,1.000,145.850,79.635,arrival-gap-jitter-spike,13518.046,0,1,1,1,1,23254.694,466.869,499.835,501.326,501.326,0,0,3,0,0,3,0,,,141.645,148.319,526,1,decoded,0,0,0,0,0,0,0,0,0,0,,104.697,0.000,107.232,0.000,0.000,0.000,132.929,stale-before-upload,0.001,627,0.000,113.744,6.373,0.121,0.370,0.007,0.000,0.363,1,0,0,1,3,0.061,16.220,16.228,1.739,16.185,1.000,Loss,0,1,0,2.000,1,2,2,1,0.060,0.000,0.060,0,100,0,18260,17171,1053,0,1059
24.255,Custom_loss6_delay0-100_dup0_reorder6_burst0,Loopback,1,1,0,,,0.000,0,21,652,20.408,20.410,20.415,91.795,102.651,26.350,50.996,67.163,0.061,0.213,17804,1151,16655,15504,2432,1417,187,751,626,125,77,0,15508,505,137,0,0,0,0,5.000,0,0,0,0,0,0,0,0,0,0,0,0,0,0,0,0.000,0.000,0.000,,495,495,2255,0,1,115.116,189.068,116.162,190.047,0.000,0.000,494,491,9210,630,128,0,1578,2596,653,1,nack-suppressed-fec-grace,pending,H.264,0,1,23,16,7,4,3,0,0,0,1,0,18898,0,18927,0,0,0,0,51.250,148,187,125,120,125,0,64.439,22.285,99.492,1,0,461,28,489,0,145,17,0.442,0.558,0.943,1.000,0.105,45.000,0.667,0.333,0.000,duplicate-guard,774,6465,0,0,453,5946,1578,15997,320,516,1,3,15986,predicted-useful,fec-grace,2647,0.870,181,489,0,3,0,0,0,7,8,7,8,176,2768,176,2768,0,0,0,pacing,1,0.814,10.756,118.756,0,0,7,8,0,0,0,0,5,9,9,0,469,1,1,sent,66,190,0,7,51,2,0,0,6,12,610,4,stale-age,2779,1918,94,0,1,9500000,1200000,0,0,0,18934,18934,23207803,1179,1453246,598,740902,0,0,0,0,0,15.135,36.813,6514.062,3695.950,977,34450,17798,7975,16652,8677,0.309,38.065,0.000,977,5092452,7806135,0.533,24.687,0.485,19.684,34450,1578,496,15997,516,1054,8,127,126,234,23,43,3,7,16,0,0,0,0,0,0,0,0,0,0,100,4,1,0,4,3170,2596,2596,0,0,0,0,0,,disabled,,0,0,0,0,,1,Fixed Quality,Hybrid,85,30,9500,12000,640,360,H.264,480,270,518400,27136,518400,27136,0.052,0.000,,0,0,0.000,2.017,0.000,0.000,0.077,7250,6500,6500,12,12,0,1,9500,1.000,0,15.135,0.000,0,0,1.063,0.000,1244,0,0,0,0.000,0.000,1.000,1,0,0,disabled,23,0,0,89,210,89,104,17,174,174,0,4,large-au-observed,0,,0,0,13.237,22.851,0,,0.000,0.000,0.000,0.000,0,0,0,,24,0,0,3.602,0,654,0.077,0.000,0.000,0.076,0.000,0.049,0.009,1,1,1,1,0,1,1,0,0,0,0,0,1.000,0.000,0.000,30,0,0.000,0,0,0,0.000,0.000,0.000,0.000,0.000,0.000,0.000,1.924,20.335,0,0,0,0,0,0,0,0,0.000,0.000,0.000,0.000,0.000,0.000,0,0.113,20.410,494,495,2255,116.172,190.127,45.681,190.127,9736.648,252,1,H.264,80.730,0,0,189.068,190.047,1.000,145.850,79.635,arrival-gap-jitter-spike,14518.299,0,1,1,1,1,24254.947,466.869,499.835,501.326,501.326,0,0,3,0,0,3,0,,,141.645,148.319,526,1,decoded,0,0,0,0,0,0,0,0,0,0,,99.246,0.000,101.981,0.000,0.000,0.000,130.898,stale-before-upload,0.001,652,0.000,107.848,5.722,0.078,0.644,0.377,0.000,0.267,1,0,0,1,3,0.061,20.408,20.410,67.163,20.415,2.000,Jitter,0,1,0,0.000,1,1,1,1,0.060,0.000,0.060,0,100,0,18958,17835,1091,0,1096
25.256,Custom_loss6_delay0-100_dup0_reorder6_burst0,Loopback,1,1,0,,,0.000,0,21,680,19.741,19.729,19.746,99.063,102.654,58.702,51.346,27.221,0.061,0.214,18559,1201,17371,16170,2543,1477,199,788,656,132,79,0,16174,525,143,0,0,0,0,5.000,0,0,0,0,0,0,0,0,0,0,0,0,0,0,0,0.000,0.000,0.000,,515,515,2350,0,1,21.913,189.068,23.435,190.047,0.000,0.000,514,511,9610,657,134,0,1639,2709,681,1,nack-sent,pending,H.264,0,1,24,21,3,5,5,3,6,23,0,0,19694,16,0,0,0,0,0,96.578,150,199,132,127,132,0,64.164,22.428,99.492,1,0,482,28,510,0,151,17,0.430,0.570,0.945,1.000,0.101,45.000,0.167,0.833,0.000,duplicate-guard,817,6742,0,0,473,6183,1639,16552,342,553,2,6,16542,predicted-useful,fec-grace,2750,0.500,188,510,0,3,0,0,0,7,8,7,8,183,2867,183,2867,0,0,0,pacing,1,0.765,5.433,113.433,0,0,7,8,0,0,0,0,5,9,9,0,469,1,1,sent,72,212,0,7,57,2,0,0,6,12,677,3,stale-age,2878,1993,98,0,1,9500000,1200000,18,0,18,19773,19755,24217369,1229,1515030,622,770798,0,0,0,0,0,0.485,36.813,152.875,4800.000,1017,35909,18541,8307,17368,9061,0.309,3.349,0.888,1017,6830967,10056503,2.165,26.220,0.508,17.834,35909,1638,516,16549,537,1093,8,133,132,247,24,45,2,7,17,0,0,0,0,0,0,0,0,0,0,105,4,1,0,4,3307,2709,2709,0,0,0,0,0,,disabled,,0,0,0,0,,1,Fixed Quality,Hybrid,85,30,9500,12000,640,360,H.264,480,270,518400,28178,518400,28178,0.054,0.000,,0,0,0.000,1.938,0.000,0.000,0.121,7250,6750,6750,13,13,0,1,9500,1.000,0,10.745,0.000,0,0,0.000,0.000,0,0,0,0,0.294,0.651,0.055,1,0,0,disabled,24,0,0,93,221,93,111,17,181,181,0,4,large-au-observed,0,,0,0,12.412,23.729,0,,0.000,0.000,0.000,0.000,0,0,0,,25,0,0,4.397,0,684,0.121,0.000,0.000,0.120,0.000,0.057,0.045,1,1,1,1,0,1,1,0,0,0,0,0,1.000,0.000,0.000,30,0,0.000,0,0,0,0.000,0.000,0.000,0.000,0.000,0.000,0.000,1.810,8.464,0,0,0,0,0,0,0,0,0.000,0.000,0.000,0.000,0.000,0.000,0,0.108,19.729,514,515,2350,22.962,190.127,45.681,190.127,9736.648,252,1,H.264,80.730,0,0,189.068,190.047,1.000,145.850,79.635,arrival-gap-jitter-spike,15519.636,0,1,1,1,1,25256.284,466.869,499.835,501.326,501.326,0,0,3,0,0,3,0,,,141.645,148.319,526,1,decoded,0,0,0,0,0,0,0,0,0,0,,104.225,0.000,107.042,0.000,0.000,0.000,129.531,stale-before-upload,0.001,680,0.000,112.244,5.061,0.092,0.395,0.118,0.000,0.277,1,0,0,1,3,0.061,19.741,19.729,27.221,19.746,1.000,RecoveryDeadline,0,1,0,0.000,1,1,1,1,0.060,0.000,0.060,0,100,0,19780,18592,1140,0,1135
26.262,Custom_loss6_delay0-100_dup0_reorder6_burst0,Loopback,1,1,0,,,0.000,0,21,708,26.769,26.752,26.991,104.414,102.638,101.901,53.544,9.446,0.061,0.210,19364,1256,18137,16881,2663,1550,210,823,684,139,80,0,16885,549,146,0,0,0,0,5.000,0,0,0,0,0,0,0,0,0,0,0,0,0,0,0,0.000,0.000,0.000,,539,539,2445,0,1,37.592,189.068,38.630,190.047,0.000,0.000,538,535,10014,688,137,0,1703,2826,711,1,nack-sent,pending,H.264,0,1,24,7,17,0,0,1,0,17,0,0,20575,3,0,0,0,0,0,45.310,155,210,139,134,139,0,64.471,22.219,99.492,1,0,505,28,533,0,160,17,0.425,0.575,0.947,1.000,0.096,45.000,0.182,0.818,0.000,duplicate-guard,853,7048,0,0,492,6461,1703,17210,359,581,2,6,17200,predicted-useful,fec-grace,2863,0.500,195,533,0,3,0,0,0,7,8,7,8,190,2975,190,2975,0,0,0,pacing,1,0.794,7.404,115.404,0,0,7,8,0,0,0,0,5,9,9,0,469,1,1,sent,74,220,0,7,59,2,0,0,6,12,706,4,stale-age,2986,2073,102,0,1,9500000,1200000,2,0,2,20606,20604,25257427,1282,1580386,649,804426,0,0,0,0,0,8.334,36.813,101.688,4800.000,1062,37488,19359,8674,18129,9455,0.309,9.235,0.733,1062,4682376,7944981,0.611,29.616,0.507,15.243,37488,1702,540,17193,561,1133,8,136,135,252,25,46,1,8,17,0,0,0,0,0,0,0,0,0,0,107,4,1,0,4,3444,2826,2826,0,0,0,0,0,,disabled,,0,0,0,0,,1,Fixed Quality,Hybrid,85,30,9500,12000,640,360,H.264,480,270,518400,28178,518400,28178,0.054,0.000,,0,0,0.000,2.023,0.000,0.000,0.146,7250,6750,6750,13,13,0,1,9500,1.000,0,14.375,0.000,0,0,0.000,0.000,0,0,0,0,0.291,0.657,0.053,1,0,0,disabled,24,0,0,97,230,97,116,17,189,189,0,4,large-au-observed,0,,0,0,18.821,23.729,0,,0.000,0.000,0.000,0.000,0,0,0,,26,0,0,4.839,0,712,0.145,0.000,0.000,0.144,0.000,0.109,0.012,1,1,1,1,0,1,1,0,0,0,1,0,0.860,111.780,0.000,26,0,0.000,0,0,0,0.000,0.000,0.000,0.000,0.000,0.000,0.000,1.866,10.522,0,0,0,0,0,0,0,0,0.000,0.000,0.000,0.000,0.000,0.000,0,0.124,26.752,538,539,2445,38.932,190.127,45.681,190.127,9736.648,252,1,H.264,80.730,0,0,189.068,190.047,1.000,145.850,79.635,arrival-gap-jitter-spike,16526.058,0,1,1,1,1,26262.706,466.869,499.835,501.326,501.326,0,0,3,0,0,3,0,,,141.645,148.319,526,1,decoded,0,0,0,0,0,0,0,0,0,0,,104.538,0.000,107.489,0.000,0.000,0.000,132.207,stale-before-upload,0.001,708,0.000,112.680,5.035,0.098,0.391,0.001,0.000,0.390,1,0,0,1,3,0.061,26.769,26.752,9.446,26.991,1.000,RecoveryDeadline,0,1,0,1.000,1,1,1,1,0.060,0.000,0.060,0,100,0,20630,19401,1178,0,1182
27.266,Custom_loss6_delay0-100_dup0_reorder6_burst0,Loopback,1,1,0,,,0.000,0,21,734,16.825,16.839,16.697,147.257,102.718,105.492,55.709,51.879,0.060,0.221,20145,1288,18857,17569,2769,1620,219,842,698,144,88,0,17573,564,160,0,0,0,0,5.000,0,0,0,0,0,0,0,0,0,0,0,0,0,0,0,0.000,0.000,0.000,,553,553,2547,0,1,158.116,189.068,159.118,190.047,0.000,0.000,552,549,10428,708,150,0,1770,2939,738,1,nack-sent,pending,H.264,0,1,24,21,3,4,3,2,7,16,0,0,21378,4,0,0,0,0,0,74.092,162,219,144,139,144,0,64.815,22.066,99.492,1,0,526,28,554,0,165,19,0.425,0.575,0.949,1.000,0.103,39.000,0.333,0.667,0.500,retransmit-late,894,7305,0,0,511,6683,1770,17861,380,612,3,10,17853,predicted-useful,too-late,2969,0.125,202,554,0,3,0,0,0,7,8,7,8,197,3093,197,3093,0,0,0,pacing,1,0.804,8.219,116.219,0,0,7,8,0,0,0,0,5,9,9,0,469,1,1,sent,75,222,0,7,60,2,0,0,6,12,718,2,stale-age,3104,2156,106,0,1,9500000,1200000,0,0,0,21437,21437,26278185,1333,1643254,674,835574,0,0,0,0,0,11.157,36.813,849.062,4800.000,1103,38995,20138,9065,18857,9792,0.310,0.807,0.802,1103,5792138,8402521,1.395,24.411,0.430,7.809,38995,1770,555,17861,585,1177,8,149,148,281,27,49,2,9,18,0,0,0,0,0,0,0,0,0,0,118,4,1,0,4,3589,2939,2939,0,0,0,0,0,,disabled,,0,0,0,0,,1,Fixed Quality,Hybrid,85,30,9500,12000,640,360,H.264,480,270,518400,28178,518400,28178,0.054,0.000,,0,0,0.000,2.084,0.000,0.000,0.118,7250,6750,6750,13,13,0,1,9500,1.000,0,11.157,0.000,0,0,0.000,0.000,0,0,0,0,0.292,0.657,0.051,1,0,0,disabled,24,0,0,101,241,101,121,19,197,197,0,5,large-au-observed,0,,0,0,10.364,23.729,0,,0.000,0.000,0.000,0.000,0,0,0,,27,0,0,9.889,0,740,0.117,0.000,0.000,0.117,0.000,0.080,0.011,1,1,1,1,0,1,1,0,0,0,1,0,0.860,179.988,0.000,26,0,0.000,0,0,0,0.000,0.000,0.000,0.000,0.000,0.000,0.000,1.954,7.309,0,0,0,0,0,0,0,0,0.000,0.000,0.000,0.000,0.000,0.000,0,0.095,16.839,552,553,2547,159.124,190.127,45.681,190.127,9736.648,252,1,H.264,80.730,0,0,189.068,190.047,1.000,145.850,79.635,arrival-gap-jitter-spike,17529.262,0,1,1,1,1,27265.910,466.869,499.835,501.326,501.326,0,0,3,0,0,3,0,,,141.645,148.319,526,1,decoded,0,0,0,0,0,0,0,0,0,0,,102.262,0.000,105.109,0.000,0.000,0.000,137.412,stale-before-upload,0.001,735,0.000,108.947,3.727,0.085,0.367,0.080,0.000,0.287,1,0,0,1,3,0.060,16.825,16.839,51.879,16.697,2.000,RTT,0,1,0,0.000,2,1,1,1,0.060,0.000,0.060,0,100,0,21464,20179,1234,0,1219
28.268,Custom_loss6_delay0-100_dup0_reorder6_burst0,Loopback,1,1,0,,,0.000,0,21,764,18.409,18.405,18.373,111.620,102.742,41.232,55.130,5.911,0.061,0.222,20907,1354,19593,18239,2867,1671,226,879,730,149,91,0,18243,584,167,0,0,0,0,5.000,0,0,0,0,0,0,0,0,0,0,0,0,0,0,0,0.000,0.000,0.000,,572,572,2653,0,1,54.123,189.068,55.220,190.047,0.000,0.000,571,568,10817,733,156,0,1836,3047,765,1,nack-deferred-likely-arrival,pending,H.264,0,1,24,22,2,3,1,2,15,29,0,0,22180,6,0,0,0,0,0,99.738,168,226,149,144,149,0,64.687,22.049,99.492,1,0,544,29,573,0,169,22,0.426,0.574,0.949,1.000,0.115,37.000,0.500,0.500,0.200,duplicate-guard,930,7628,0,0,532,6982,1836,18559,395,636,3,10,18551,deferred-likely-arrival,likely-arrival,3082,0.458,209,573,0,3,0,0,0,7,8,7,8,204,3205,204,3205,0,0,0,pacing,1,0.783,9.897,117.897,0,0,7,8,0,0,0,0,5,9,9,0,469,1,1,sent,76,226,0,7,61,2,0,0,6,12,747,4,stale-age,3216,2239,110,0,1,9500000,1200000,28,0,28,22266,22237,27258451,1382,1703636,700,867336,0,0,0,0,0,0.429,36.813,17796.875,4800.000,1145,40466,20892,9375,19574,10199,0.310,24.440,1.900,1145,5192456,8662246,2.641,6.677,0.459,15.692,40466,1836,575,18559,603,1225,8,155,154,294,30,55,1,10,20,0,0,0,0,0,0,0,0,0,0,121,4,1,0,4,3724,3047,3047,0,0,0,0,0,,disabled,,0,0,0,0,,1,Fixed Quality,Hybrid,85,30,9500,12000,640,360,H.264,480,270,518400,28176,518400,28176,0.054,0.000,,0,0,0.000,2.000,0.000,0.000,0.092,7250,6750,6750,13,13,0,1,9500,1.000,0,10.257,0.000,0,0,0.000,0.000,0,0,0,0,0.293,0.656,0.051,1,0,0,disabled,24,0,0,105,250,105,126,19,203,203,0,5,large-au-observed,0,,0,0,12.011,23.727,0,,0.000,0.000,0.000,0.000,0,0,0,,28,0,0,3.253,0,768,0.092,0.000,0.000,0.091,0.000,0.061,0.010,1,1,1,1,0,1,1,0,0,0,1,0,0.860,105.667,0.000,26,0,0.000,0,0,0,0.000,0.000,0.000,0.000,0.000,0.000,0.000,1.898,7.225,0,0,0,0,0,0,0,0,0.000,0.000,0.000,0.000,0.000,0.000,0,0.096,18.405,571,572,2653,55.317,190.127,45.681,190.127,9736.648,252,1,H.264,80.730,0,0,189.068,190.047,1.000,145.850,79.635,arrival-gap-jitter-spike,18531.708,0,1,1,1,1,28268.356,466.869,499.835,501.326,501.326,0,0,3,0,0,3,0,,,141.645,148.319,526,1,decoded,0,0,0,0,0,0,0,0,0,0,,101.064,0.000,103.887,0.000,0.000,0.000,135.810,stale-before-upload,0.001,764,0.000,108.978,4.987,0.079,0.436,0.194,0.000,0.241,1,0,0,1,3,0.061,18.409,18.405,5.911,18.373,1.000,RecoveryDeadline,0,1,0,0.500,2,1,1,1,0.060,0.000,0.060,0,100,0,22265,20942,1282,0,1263
29.276,Custom_loss6_delay0-100_dup0_reorder6_burst0,Loopback,1,1,0,,,0.000,0,21,792,25.836,25.841,25.856,102.319,102.748,84.013,56.241,4.528,0.060,0.221,21686,1377,20298,18921,2959,1720,230,914,761,153,95,0,18925,607,172,0,0,0,0,5.000,0,0,0,0,0,0,0,0,0,0,0,0,0,0,0,0.000,0.000,0.000,,595,595,2757,0,1,33.051,189.068,34.177,190.047,0.000,0.000,594,590,11191,760,161,0,1904,3154,793,1,fec-recovered,pending,H.264,0,1,24,17,7,4,2,1,3,11,0,0,23048,19,0,0,0,0,0,66.524,171,230,153,148,153,0,65.170,22.355,99.492,1,0,555,32,587,0,173,23,0.426,0.574,0.945,1.000,0.117,39.000,0.286,0.714,0.000,duplicate-guard,961,7955,0,0,553,7292,1904,19285,405,653,3,10,19277,predicted-useful,fec-grace,3196,0.000,213,587,0,3,0,0,0,7,8,7,8,208,3272,208,3272,0,0,0,pacing,1,0.809,7.465,115.465,0,0,7,8,0,0,0,0,5,9,9,0,469,1,1,sent,80,238,0,7,65,2,0,0,6,12,789,1,stale-age,3283,2326,114,0,1,9500000,1200000,0,0,0,23060,23060,28266753,1426,1757796,730,904080,0,0,0,0,0,23.730,36.813,15642.938,4800.000,1187,41952,21659,9747,20293,10546,0.310,2.288,1.677,1187,5902493,9499449,1.258,13.897,0.467,10.028,41952,1904,598,19285,621,1275,8,160,159,304,31,56,1,11,20,0,0,0,0,0,0,0,0,0,0,125,4,1,0,4,3853,3154,3154,0,0,0,0,0,,disabled,,0,0,0,0,,1,Fixed Quality,Hybrid,85,30,9500,12000,640,360,H.264,480,270,518400,28178,518400,28178,0.054,0.000,,0,0,0.000,2.333,0.000,0.000,0.146,7250,6750,6750,13,13,0,1,9500,1.000,0,23.730,0.000,0,0,0.000,0.000,0,0,0,0,0.291,0.654,0.055,1,0,0,disabled,24,0,0,109,259,109,128,22,209,209,0,5,large-au-observed,0,,0,0,13.104,23.729,0,,0.000,0.000,0.000,0.000,0,0,0,,29,0,0,4.176,0,794,0.145,0.000,0.000,0.145,0.000,0.093,0.029,1,1,1,1,0,1,1,0,0,0,1,0,0.860,64.339,0.000,26,0,0.000,0,0,0,0.000,0.000,0.000,0.000,0.000,0.000,0.000,2.177,26.982,0,0,0,0,0,0,0,0,0.000,0.000,0.000,0.000,0.000,0.000,0,0.124,25.841,594,595,2757,33.931,190.127,45.681,190.127,9736.648,252,1,H.264,80.730,0,0,189.068,190.047,1.000,145.850,79.635,arrival-gap-jitter-spike,19539.499,0,1,1,1,1,29276.147,466.869,499.835,501.326,501.326,0,0,3,0,0,3,0,,,141.645,148.319,526,1,decoded,0,0,0,0,0,0,0,0,0,0,,103.829,0.000,106.799,1.145,0.000,107.809,131.160,stale-before-upload,0.001,791,0.000,112.661,5.653,0.089,0.384,0.001,0.000,0.383,1,0,0,1,3,0.060,25.836,25.841,4.528,25.856,1.000,RecoveryDeadline,0,1,0,1.000,2,2,2,1,0.060,0.000,0.060,0,100,0,23089,21722,1328,0,1312
30.278,Custom_loss6_delay0-100_dup0_reorder6_burst0,Loopback,1,1,0,,,0.000,0,21,819,19.601,19.602,19.641,92.261,102.703,24.513,55.065,35.484,0.061,0.220,22416,1453,21020,19567,3057,1779,233,948,791,157,97,0,19571,627,177,0,0,0,0,5.000,0,0,0,0,0,0,0,0,0,0,0,0,0,0,0,0.000,0.000,0.000,,615,615,2862,0,1,14.299,189.068,15.534,190.047,0.000,0.000,614,611,11577,784,166,0,1969,3267,821,1,fec-parity,pending,H.264,0,1,24,5,19,2,0,0,0,0,0,0,23828,6,0,0,0,0,0,31.100,176,233,157,152,157,0,65.347,22.879,123.307,1,0,567,32,599,0,180,23,0.430,0.570,0.947,1.000,0.113,38.000,0.286,0.714,0.000,duplicate-guard,999,8278,0,0,573,7585,1969,19958,423,683,3,10,19949,predicted-useful,likely-arrival,3302,0.625,219,599,0,3,0,0,0,7,8,7,8,214,3382,214,3382,0,0,0,pacing,1,0.832,13.706,121.706,0,0,7,8,0,0,0,0,5,9,9,0,469,1,1,sent,80,238,0,7,65,2,0,0,6,12,789,1,stale-age,3393,2405,118,0,1,9500000,1200000,11,0,11,23852,23841,29223957,1468,1809470,756,935842,0,0,0,0,0,0.665,36.813,575.938,4800.000,1228,43409,22409,10081,21000,10919,0.310,15.897,0.543,1228,4942216,8000962,1.493,-0.782,0.506,13.343,43409,1969,618,19958,633,1328,8,165,164,311,31,56,1,11,20,0,0,0,0,0,0,0,0,0,0,130,4,1,0,4,3986,3267,3267,0,0,0,0,0,,disabled,,0,0,0,0,,1,Fixed Quality,Hybrid,85,30,9500,12000,640,360,H.264,480,270,518400,28178,518400,28178,0.054,0.000,,0,0,0.000,1.965,0.000,0.000,0.105,7250,6750,6750,13,13,0,1,9500,1.000,0,17.294,0.000,0,0,0.000,0.000,0,0,0,0,0.294,0.653,0.053,1,0,0,disabled,24,0,0,113,266,113,131,22,213,213,0,5,large-au-observed,0,,0,0,18.981,23.729,0,,0.000,0.000,0.000,0.000,0,0,0,,30,0,0,9.247,0,822,0.105,0.000,0.000,0.104,0.000,0.072,0.008,1,1,1,1,0,1,1,0,0,0,1,0,0.860,179.996,0.000,26,0,0.000,0,0,0,0.000,0.000,0.000,0.000,0.000,0.000,0.000,1.848,6.696,0,0,0,0,0,0,0,0,0.000,0.000,0.000,0.000,0.000,0.000,0,0.107,19.602,614,615,2862,15.497,190.127,45.681,190.127,9736.648,252,1,H.264,80.730,0,0,189.068,190.047,1.000,145.850,79.635,arrival-gap-jitter-spike,20541.823,0,1,1,1,1,30278.471,466.869,499.835,501.326,501.326,0,0,3,0,0,3,0,,,141.645,148.319,526,1,decoded,0,0,0,0,0,0,0,0,0,0,,103.628,0.000,106.430,0.000,0.000,0.000,131.130,stale-before-upload,0.001,819,0.000,111.341,4.790,0.111,0.375,0.097,0.000,0.278,1,0,0,1,3,0.061,19.601,19.602,35.484,19.641,1.000,Jitter,0,1,0,0.500,2,1,1,1,0.060,0.000,0.060,0,100,0,23871,22453,1365,0,1350
31.282,Custom_loss6_delay0-100_dup0_reorder6_burst0,Loopback,1,1,0,,,0.000,0,21,844,17.900,17.900,19.734,102.890,102.647,17.391,53.720,21.369,0.061,0.223,23188,1508,21750,20242,3156,1840,238,974,810,164,104,0,20246,645,185,0,0,0,0,5.000,0,0,0,0,0,0,0,0,0,0,0,0,0,0,0,0.000,0.000,0.000,,633,633,2970,0,1,33.422,189.068,34.496,190.047,0.000,0.000,632,629,11953,809,175,0,2037,3369,847,1,fec-parity,pending,H.264,0,1,24,10,14,2,0,1,1,15,0,0,24632,10,0,0,0,0,0,62.470,180,238,164,159,164,0,65.598,22.631,123.307,2,0,584,34,618,0,185,26,0.431,0.569,0.945,1.000,0.123,36.000,0.250,0.625,0.500,retransmit-late,1033,8622,0,0,596,7914,2037,20657,434,698,3,10,20648,predicted-useful,fec-grace,3411,0.125,227,618,0,3,0,0,0,7,8,7,8,221,3492,221,3492,0,0,0,pacing,1,0.787,10.372,118.372,0,0,7,8,0,0,0,0,6,11,11,0,841,2,2,sent,83,244,0,7,67,2,0,0,7,14,843,3,stale-age,3503,2487,122,0,1,9500000,1200000,6,0,6,24681,24675,30245321,1517,1869852,781,966360,0,0,0,0,0,4.799,36.813,221.938,4800.000,1269,44909,23177,10496,21732,11236,0.312,4.713,0.914,1269,6767231,9962136,0.907,-7.122,0.470,13.455,44909,2037,636,20657,651,1378,8,173,172,325,33,59,1,12,21,0,0,0,0,0,0,0,0,0,0,136,4,1,0,4,4115,3369,3369,0,0,0,0,0,,disabled,,0,0,0,0,,1,Fixed Quality,Hybrid,85,30,9500,12000,640,360,H.264,480,270,518400,28178,518400,28178,0.054,0.000,,0,0,0.000,1.981,0.000,0.000,0.184,7250,6750,6750,13,13,0,1,9500,1.000,0,14.922,0.000,0,0,0.000,0.000,0,0,0,0,0.291,0.654,0.055,1,0,0,disabled,24,0,0,117,275,117,133,25,219,219,0,5,large-au-observed,0,,0,0,18.532,23.729,0,,0.000,0.000,0.000,0.000,0,0,0,,31,0,0,9.680,0,849,0.183,0.000,0.000,0.183,0.000,0.152,0.010,1,1,1,1,0,1,1,0,0,0,1,0,0.860,179.992,0.000,26,0,0.000,0,0,0,0.000,0.000,0.000,0.000,0.000,0.000,0.000,1.786,6.759,0,0,0,0,0,0,0,0,0.000,0.000,0.000,0.000,0.000,0.000,0,0.088,17.900,632,633,2970,34.538,190.127,45.681,190.127,9736.648,252,1,H.264,80.730,0,0,189.068,190.047,1.000,145.850,79.635,arrival-gap-jitter-spike,21545.677,0,1,1,1,1,31282.325,466.869,499.835,501.326,501.326,0,0,3,0,0,3,0,,,141.645,148.319,526,1,decoded,0,0,0,0,0,0,0,0,0,0,,103.391,0.000,106.229,0.000,0.000,0.000,131.445,stale-before-upload,0.001,844,0.000,110.498,4.153,0.078,0.471,0.204,0.000,0.267,1,0,0,1,3,0.060,17.900,17.900,21.369,19.734,2.000,RecoveryDeadline,0,1,0,1.000,1,1,1,1,0.060,0.000,0.060,0,100,0,24706,23228,1417,0,1408
32.284,Custom_loss6_delay0-100_dup0_reorder6_burst0,Loopback,1,1,0,,,0.000,0,21,872,18.655,18.638,18.580,121.509,102.758,55.971,53.798,20.962,0.060,0.221,23919,1536,22427,20891,3233,1878,243,1007,839,168,105,0,20895,667,189,0,0,0,0,5.000,0,0,0,0,0,0,0,0,0,0,0,0,0,0,0,0.000,0.000,0.000,,655,655,3079,0,1,31.342,189.068,32.642,190.047,0.000,0.000,654,651,12324,835,179,0,2105,3479,874,1,nack-sent,pending,H.264,0,1,24,13,11,4,2,1,0,11,0,0,25442,23,0,0,0,0,0,52.792,184,243,168,163,168,0,65.824,22.535,123.307,2,0,597,37,634,0,191,26,0.431,0.569,0.942,1.000,0.120,44.000,0.400,0.600,0.000,duplicate-guard,1059,8862,0,0,616,8143,2105,21380,440,709,3,10,21371,predicted-useful,fec-grace,3522,0.500,235,634,0,3,0,0,0,7,8,7,8,229,3636,229,3636,0,0,0,pacing,1,0.826,9.197,117.197,0,0,7,8,0,0,0,0,6,11,11,0,841,2,2,sent,83,244,0,7,67,2,0,0,7,14,843,3,stale-age,3647,2564,126,0,1,9500000,1200000,6,0,6,25447,25441,31183865,1563,1926502,808,999358,0,0,0,0,0,4.841,36.813,274.188,4800.000,1308,46315,23896,10869,22419,11550,0.313,2.039,1.483,1308,5303290,8191811,1.364,38.580,0.486,14.333,46315,2104,658,21369,666,1430,8,177,176,331,33,59,1,12,21,0,0,0,0,0,0,0,0,0,0,140,4,1,0,4,4243,3479,3479,0,0,0,0,0,,disabled,,0,0,0,0,,1,Fixed Quality,Hybrid,85,30,9500,12000,640,360,H.264,480,270,518400,28178,518400,28178,0.054,0.000,,0,0,0.000,1.936,0.000,0.000,0.098,7250,6750,6750,13,13,0,1,9500,1.000,0,14.887,0.000,0,0,0.000,0.000,0,0,0,0,0.290,0.651,0.058,1,0,0,disabled,24,0,0,121,284,121,138,25,224,224,0,5,large-au-observed,0,,0,0,18.304,23.729,0,,0.000,0.000,0.000,0.000,0,0,0,,32,0,0,9.936,0,875,0.098,0.000,0.000,0.097,0.000,0.065,0.008,1,1,1,1,0,1,1,0,0,0,1,0,0.860,29.266,0.000,26,0,0.000,0,0,0,0.000,0.000,0.000,0.000,0.000,0.000,0.000,1.830,14.108,0,0,0,0,0,0,0,0,0.000,0.000,0.000,0.000,0.000,0.000,0,0.142,18.639,654,655,3079,32.437,190.127,45.681,190.127,9736.648,252,1,H.264,80.730,0,0,189.068,190.047,1.000,145.850,79.635,arrival-gap-jitter-spike,22547.041,0,1,1,1,1,32283.689,466.869,499.835,501.326,501.326,0,0,3,0,0,3,0,,,141.645,148.319,526,1,decoded,0,0,0,0,0,0,0,0,0,0,,111.262,0.000,114.095,0.000,0.000,0.000,140.755,stale-before-upload,0.001,872,0.000,119.797,5.509,0.089,0.290,0.001,0.000,0.289,1,0,0,1,3,0.060,18.655,18.638,20.962,18.580,1.000,RecoveryDeadline,0,1,0,2.000,1,2,2,1,0.060,0.000,0.060,0,100,0,25473,23961,1469,0,1458
33.289,Custom_loss6_delay0-100_dup0_reorder6_burst0,Loopback,1,1,0,,,0.000,0,21,898,20.236,18.406,18.565,140.578,102.750,100.808,55.365,48.303,0.060,0.220,24583,1559,23018,21459,3323,1937,250,1031,863,168,105,0,21463,689,194,0,0,0,0,5.000,0,0,0,0,0,0,0,0,0,0,0,0,0,0,0,0.000,0.000,0.000,,676,676,3185,0,1,95.770,189.068,96.954,190.047,0.000,0.000,674,670,12660,857,183,0,2156,3577,897,1,expired-no-slack,expired,H.264,1,1,22,20,2,6,5,3,11,40,2,1,26043,21,26051,2,0,0,0,173.876,187,250,168,163,168,0,65.824,22.535,123.307,2,0,607,36,643,0,192,27,0.428,0.572,0.944,1.000,0.123,45.000,0.333,0.667,0.000,duplicate-guard,1093,9104,0,0,635,8362,2156,21855,455,732,3,10,21846,deferred-likely-arrival,fec-grace,3620,0.000,238,643,0,3,0,0,0,8,9,8,9,232,3685,232,3685,0,0,0,pacing,1,0.868,8.927,116.927,0,0,8,9,0,0,0,0,6,11,11,0,841,2,2,sent,86,252,0,8,69,2,0,0,7,14,897,2,stale-frame-lag,3697,2635,130,0,1,9500000,1200000,0,0,0,26137,26137,32037916,1600,1972274,836,1034230,0,0,0,0,0,11.390,36.813,1225.188,4800.000,1345,47592,24574,11113,23018,11905,0.311,2.864,1.487,1345,5039502,8162771,1.688,39.831,0.432,18.362,47592,2156,678,21855,678,1470,8,181,180,339,34,61,2,12,22,0,0,0,0,0,0,0,0,0,0,143,4,1,0,4,4360,3577,3577,0,0,0,0,0,,disabled,,0,0,0,0,,1,Fixed Quality,Hybrid,85,30,9500,12000,640,360,H.264,480,270,518400,26096,518400,26096,0.050,0.000,,0,0,0.000,2.119,0.000,0.000,0.081,6000,6250,6250,14,14,0,1,9500,0.820,1,11.390,0.000,0,0,0.000,0.000,0,0,0,0,0.291,0.653,0.056,1,0,0,latency-pressure-freshness-hold,22,1,1,125,291,125,139,27,229,229,1,5,decoder-sync-observed,0,,0,0,11.026,21.976,0,,0.000,0.000,0.000,0.000,0,0,0,,33,0,0,2.844,0,901,0.080,0.000,0.000,0.080,0.000,0.054,0.008,1,1,1,1,0,1,1,0,0,0,0,0,1.000,0.000,0.000,27,0,0.000,0,0,0,0.000,0.000,0.000,0.000,0.000,0.000,0.000,2.028,28.098,0,0,0,0,0,0,0,0,0.000,0.000,0.000,0.000,0.000,0.000,0,0.090,18.406,674,676,3185,96.845,190.127,45.681,190.127,9736.648,252,1,H.264,80.730,0,0,189.068,190.047,1.000,145.850,79.635,arrival-gap-jitter-spike,23552.433,0,1,1,1,1,33289.081,466.869,499.835,501.326,501.326,0,0,4,0,0,4,1,latency-pressure freshness,latency-over-80ms,161.833,161.833,885,1,H.264,0,0,0,0,0,0,0,0,0,0,,101.374,0.000,102.745,5.434,0.000,106.332,133.552,stale-before-decode,0.001,896,0.000,108.341,5.016,0.076,0.705,0.438,0.000,0.267,1,0,0,1,3,0.060,20.236,18.406,48.303,18.565,2.000,RecoveryDeadline,0,1,0,2.000,1,2,2,1,0.060,0.000,0.060,0,100,0,26170,24626,1509,0,1500
34.289,Custom_loss6_delay0-100_dup0_reorder6_burst0,Loopback,1,1,0,,,0.000,0,21,923,20.547,20.544,20.313,98.285,102.645,10.996,53.933,15.325,0.060,0.221,25267,1625,23676,22051,3415,1979,258,1069,896,173,109,0,22055,707,200,0,0,0,0,5.000,0,0,0,0,0,0,0,0,0,0,0,0,0,0,0,0.000,0.000,0.000,,694,694,3286,0,1,32.387,189.068,33.345,190.047,0.000,0.000,692,689,13026,880,190,0,2218,3675,925,1,nack-sent,pending,H.264,1,1,22,17,5,4,3,3,10,36,1,0,26842,7,26892,0,0,0,0,64.566,191,258,173,168,173,0,66.033,22.220,123.307,3,0,625,41,666,0,194,29,0.425,0.575,0.938,1.000,0.130,44.000,0.600,0.400,0.000,stable,1128,9325,0,0,653,8554,2218,22366,472,761,3,10,22356,predicted-useful,fec-grace,3721,0.227,247,666,0,3,0,0,0,10,11,10,11,241,3812,241,3812,0,0,0,pacing,1,0.758,6.551,114.551,0,0,10,11,0,0,0,0,6,11,11,0,841,2,2,sent,91,270,0,8,74,2,0,0,7,14,924,4,stale-age,3826,2706,134,0,1,9500000,1200000,10,0,10,26890,26880,32955890,1651,2035462,861,1065378,0,0,0,0,0,0.505,36.813,805.125,4800.000,1382,48941,25265,11368,23676,12308,0.310,22.697,0.068,1382,4124619,6485082,1.190,13.903,0.472,18.850,48941,2218,696,22366,699,1511,8,187,186,351,36,65,2,12,24,0,0,0,0,0,0,0,0,0,0,147,4,1,0,4,4489,3675,3675,0,0,0,0,0,,disabled,,0,0,0,0,,1,Fixed Quality,Hybrid,85,30,9500,12000,640,360,H.264,480,270,518400,27136,518400,27136,0.052,0.000,,0,0,0.000,1.890,0.000,0.000,0.101,7000,6500,6500,15,15,0,1,9500,0.975,1,15.743,0.000,0,0,0.000,0.000,0,0,0,0,0.287,0.652,0.062,1,0,0,fixed-pacing-queue-hold,23,0,0,129,299,129,143,27,235,235,0,5,large-au-observed,0,,0,0,17.638,22.851,0,,0.000,0.000,0.000,0.000,0,0,0,,34,0,0,9.915,0,927,0.101,0.000,0.000,0.100,0.000,0.056,0.008,1,1,1,1,0,1,1,0,0,0,1,0,0.860,140.362,0.000,24,0,0.000,0,0,0,0.000,0.000,0.000,0.000,0.000,0.000,0.000,1.777,13.782,0,0,0,0,0,0,0,0,0.000,0.000,0.000,0.000,0.000,0.000,0,0.104,20.544,692,694,3286,33.671,190.127,45.681,190.127,9736.648,252,1,H.264,80.730,0,0,189.068,190.047,1.000,145.850,79.635,arrival-gap-jitter-spike,24552.324,0,1,1,1,1,34288.972,466.869,499.835,501.326,501.326,0,0,4,0,0,4,0,,,161.833,161.833,885,1,H.264,0,0,0,0,0,0,0,0,0,0,,103.107,0.000,105.785,0.000,0.000,0.000,129.142,stale-before-decode,0.001,923,0.000,110.318,4.415,0.102,0.428,0.191,0.000,0.236,1,0,0,1,3,0.060,20.547,20.544,15.325,20.313,1.000,RecoveryDeadline,0,1,0,1.000,1,1,1,1,0.060,0.000,0.060,0,100,0,26914,25308,1556,0,1542
35.295,Custom_loss6_delay0-100_dup0_reorder6_burst0,Loopback,1,1,0,,,0.000,0,21,951,17.418,17.420,15.309,87.632,102.538,110.151,55.690,31.255,0.060,0.220,25919,1646,24270,22624,3506,2028,268,1100,922,178,110,0,22628,729,206,0,0,0,0,5.000,0,0,0,0,0,0,0,0,0,0,0,0,0,0,0,0.000,0.000,0.000,,716,716,3391,0,1,25.012,189.068,26.157,190.047,0.000,0.000,713,708,13368,907,196,0,2279,3766,951,1,completed,completed,H.264,0,1,21,21,0,4,4,2,6,17,0,0,27524,8,0,0,0,0,0,87.262,194,268,178,171,178,0,65.589,22.703,123.307,3,0,643,40,683,0,198,31,0.420,0.580,0.941,1.000,0.135,44.000,0.250,0.750,0.000,duplicate-guard,1163,9553,0,0,674,8759,2279,22828,486,784,3,10,22818,predicted-useful,fec-grace,3826,0.000,255,683,0,3,0,0,0,10,11,10,11,248,3913,248,3913,0,0,0,pacing,1,0.769,8.842,116.842,0,0,10,11,0,0,0,0,7,13,13,0,936,2,2,sent,95,282,0,8,77,2,0,0,8,16,949,4,stale-age,3927,2779,138,0,1,9500000,1200000,7,0,7,27559,27552,33783785,1694,2087777,883,1092640,0,0,0,0,0,0.753,36.813,974.938,4800.000,1417,50183,25913,11676,24270,12594,0.311,34.354,2.848,1417,4358582,7404357,2.226,30.953,0.443,11.278,50183,2279,717,22828,714,1557,8,193,192,360,38,67,1,14,24,0,0,0,0,0,0,0,0,0,0,151,4,1,0,4,4598,3766,3766,0,0,0,0,0,,disabled,,0,0,0,0,,1,Fixed Quality,Hybrid,85,30,9500,12000,640,360,H.264,480,270,518400,25056,518400,25056,0.048,0.000,,0,0,0.000,2.090,0.000,0.000,0.112,6250,6000,6000,16,16,0,1,9500,0.852,1,9.559,0.000,0,0,0.000,0.000,0,0,0,0,0.000,1.000,0.000,1,0,0,latency-pressure-freshness-hold,21,0,0,133,305,133,145,27,240,240,0,5,large-au-observed,0,,0,0,11.839,21.100,0,,0.000,0.000,0.000,0.000,0,0,0,,35,0,0,11.381,0,953,0.111,0.000,0.000,0.111,0.000,0.081,0.008,1,1,1,1,0,1,1,0,0,0,1,0,0.860,179.995,0.000,26,0,0.000,0,0,0,0.000,0.000,0.000,0.000,0.000,0.000,0.000,1.966,8.184,0,0,0,0,0,0,0,0,0.000,0.000,0.000,0.000,0.000,0.000,0,0.104,17.420,713,716,3391,26.316,190.127,45.681,190.127,9736.648,252,1,H.264,80.730,0,0,189.068,190.047,1.000,145.850,79.635,arrival-gap-jitter-spike,25558.619,0,1,1,1,1,35295.267,466.869,499.835,501.326,501.326,0,0,6,0,0,6,2,latency-pressure freshness,latency-over-80ms,120.546,161.833,934,1,decoded,0,0,0,0,0,0,0,0,0,0,,99.100,0.000,101.581,1.167,0.000,92.741,123.816,stale-before-upload,0.001,950,0.000,109.603,5.657,0.096,0.280,0.001,0.000,0.279,1,0,0,1,3,0.060,17.418,17.420,31.255,15.309,1.000,Loss,0,1,0,1.000,2,2,2,1,0.060,0.000,0.060,0,100,0,27587,25961,1590,0,1575
36.295,Custom_loss6_delay0-100_dup0_reorder6_burst0,Loopback,1,1,0,,,0.000,0,21,976,18.935,18.934,18.944,84.265,102.503,25.870,54.786,36.742,0.060,0.222,26562,1706,24888,23182,3595,2078,272,1130,949,181,115,0,23186,746,213,0,0,0,0,5.000,0,0,0,0,0,0,0,0,0,0,0,0,0,0,0,0.000,0.000,0.000,,733,733,3490,0,1,88.566,189.068,89.554,190.047,0.000,0.000,730,726,13706,927,204,0,2341,3857,978,1,fec-parity,pending,H.264,0,1,22,4,18,1,0,0,0,0,0,0,28258,14,0,0,0,0,0,0.451,200,272,181,174,181,0,65.655,23.187,123.307,4,0,657,45,702,0,203,31,0.424,0.576,0.936,1.000,0.132,44.000,0.333,0.667,0.000,stable,1198,9794,0,0,694,8974,2341,23343,501,810,3,10,23331,predicted-useful,fec-grace,3926,0.409,264,702,0,3,0,0,0,11,12,11,12,257,4058,257,4058,0,0,0,pacing,1,0.807,9.372,117.372,0,0,11,12,0,0,0,0,7,13,13,0,936,2,2,sent,98,289,0,8,80,2,0,0,8,16,976,3,stale-age,4073,2853,142,0,1,9500000,1200000,0,0,0,28236,28236,34629733,1741,2145989,907,1122544,0,0,0,0,0,16.121,36.813,8736.875,4800.000,1451,51449,26561,11951,24888,12937,0.310,35.512,0.000,1451,6495539,9055765,2.060,7.906,0.495,19.614,51449,2341,734,23343,728,1605,8,200,199,371,39,68,1,15,24,0,0,0,0,0,0,0,0,0,0,157,4,1,0,4,4710,3857,3857,0,0,0,0,0,,disabled,,0,0,0,0,,1,Fixed Quality,Hybrid,85,30,9500,12000,640,360,H.264,480,270,518400,26096,518400,26096,0.050,0.000,,0,0,0.000,1.812,0.000,0.000,0.091,7250,6250,6250,17,17,0,1,9500,1.000,0,16.121,0.000,0,0,0.000,0.000,0,0,0,0,0.285,0.651,0.064,1,0,0,disabled,22,0,0,135,312,135,148,29,245,245,0,5,large-au-observed,0,,0,0,0.088,21.976,0,,0.000,0.000,0.000,0.000,0,0,0,,36,0,0,12.734,0,978,0.091,0.000,0.000,0.090,0.000,0.062,0.009,1,1,1,1,0,1,1,0,0,0,1,0,0.860,35.990,0.000,26,0,0.000,0,0,0,0.000,0.000,0.000,0.000,0.000,0.000,0.000,1.710,16.969,0,0,0,0,0,0,0,0,0.000,0.000,0.000,0.000,0.000,0.000,0,0.099,18.934,730,733,3490,89.496,190.127,45.681,190.127,9736.648,252,1,H.264,80.730,0,0,189.068,190.047,1.000,145.850,79.635,arrival-gap-jitter-spike,26558.919,0,1,1,1,1,36295.567,466.869,499.835,501.326,501.326,0,0,6,0,0,6,0,,,120.546,161.833,934,1,decoded,0,0,0,0,0,0,0,0,0,0,,100.236,0.000,102.797,0.000,0.000,0.000,127.132,stale-before-upload,0.001,976,0.000,108.734,5.824,0.080,0.640,0.368,0.000,0.272,1,0,0,1,3,0.060,18.935,18.934,36.742,18.944,1.000,RecoveryDeadline,0,1,0,0.000,1,2,2,1,0.060,0.000,0.060,0,100,0,28272,26605,1627,0,1613
37.303,Custom_loss6_delay0-100_dup0_reorder6_burst0,Loopback,1,1,0,,,0.000,0,21,1003,21.754,21.754,22.131,95.724,102.468,34.509,54.190,5.070,0.060,0.221,27323,1754,25596,23842,3692,2137,274,1164,977,187,117,0,23846,768,218,0,0,0,0,5.000,0,0,0,0,0,0,0,0,0,0,0,0,0,0,0,0.000,0.000,0.000,,755,755,3601,0,1,39.915,189.068,40.898,190.047,0.000,0.000,752,748,14107,955,209,0,2404,3971,1004,1,fec-parity,pending,H.264,1,1,23,17,6,5,2,3,11,36,0,0,29009,13,0,0,0,0,0,71.034,204,274,187,180,187,0,65.379,23.116,123.307,4,0,669,45,714,0,208,31,0.427,0.573,0.937,1.000,0.130,43.000,0.333,0.667,0.000,insufficient-sample,1240,10107,0,0,717,9255,2404,23888,520,842,3,10,23874,predicted-useful,likely-arrival,4036,0.174,268,714,0,3,0,0,0,11,12,11,12,261,4115,261,4115,0,0,0,pacing,1,0.763,8.290,116.290,0,0,11,12,0,0,0,0,7,13,13,0,936,2,2,sent,102,302,0,8,84,2,0,0,8,16,1004,4,stale-age,4130,2936,146,0,1,9500000,1200000,2,0,2,29052,29050,35632227,1782,2196577,930,1151188,0,0,0,0,0,8.350,36.813,857.562,4800.000,1493,52896,27317,12310,25579,13269,0.311,27.180,0.063,1493,5720736,9149346,0.773,8.053,0.464,15.950,52896,2404,756,23888,741,1655,8,205,204,378,39,68,1,15,24,0,0,0,0,0,0,0,0,0,0,162,4,1,0,4,4853,3971,3971,0,0,0,0,0,,disabled,,0,0,0,0,,1,Fixed Quality,Hybrid,85,30,9500,12000,640,360,H.264,480,270,518400,27136,518400,27136,0.052,0.000,,0,0,0.000,1.738,0.000,0.000,0.067,7250,6500,6500,18,18,0,1,9500,1.000,0,8.350,0.000,0,0,0.000,0.000,0,0,0,0,0.286,0.651,0.063,1,0,0,disabled,23,0,0,137,316,137,150,29,249,249,0,5,large-au-observed,0,,0,0,11.231,22.851,0,,0.000,0.000,0.000,0.000,0,0,0,,37,0,0,5.673,0,1006,0.067,0.000,0.000,0.066,0.000,0.046,0.006,1,1,1,1,0,1,1,0,0,0,0,0,1.000,0.000,0.000,30,0,0.000,0,0,0,0.000,0.000,0.000,0.000,0.000,0.000,0.000,1.664,9.570,0,0,0,0,0,0,0,0,0.000,0.000,0.000,0.000,0.000,0.000,0,0.091,21.754,752,755,3601,40.962,190.127,45.681,190.127,9736.648,252,1,H.264,80.730,0,0,189.068,190.047,1.000,145.850,79.635,arrival-gap-jitter-spike,27566.285,0,1,1,1,1,37302.933,466.869,499.835,501.326,501.326,0,0,6,0,0,6,0,,,120.546,161.833,934,1,decoded,0,0,0,0,0,0,0,0,0,0,,97.929,0.000,100.594,0.000,0.000,0.000,127.862,stale-before-upload,0.000,1003,0.000,104.628,3.927,0.074,0.701,0.392,0.000,0.308,1,0,0,1,3,0.060,21.754,21.754,5.070,22.131,1.000,RecoveryDeadline,0,1,0,0.000,2,1,1,1,0.060,0.000,0.060,0,100,0,29087,27368,1670,0,1652
38.304,Custom_loss6_delay0-100_dup0_reorder6_burst0,Loopback,1,1,0,,,0.000,0,21,1031,18.973,18.989,23.850,95.392,102.480,75.457,54.798,28.740,0.060,0.221,28104,1802,26321,24519,3789,2203,281,1184,992,192,121,0,24523,790,224,0,0,0,0,5.000,0,0,0,0,0,0,0,0,0,0,0,0,0,0,0,0.000,0.000,0.000,,777,777,3701,0,1,22.955,189.068,23.967,190.047,0.000,0.000,774,770,14501,982,215,0,2470,4076,1032,1,nack-sent,pending,H.264,1,1,24,17,7,3,2,3,11,43,2,0,29849,6,29877,1,0,0,0,67.476,210,281,192,185,192,0,65.469,23.292,123.307,4,0,687,44,731,0,212,31,0.428,0.572,0.940,1.000,0.128,45.000,0.143,0.857,0.000,duplicate-guard,1283,10411,0,0,740,9524,2470,24479,540,877,3,10,24464,predicted-useful,likely-arrival,4148,0.000,275,731,0,3,0,0,0,11,12,11,12,268,4232,268,4232,0,0,0,pacing,1,0.796,7.939,115.939,0,0,11,12,0,0,0,0,7,13,13,0,936,2,2,sent,104,306,0,8,86,2,0,0,8,16,1021,2,stale-age,4247,3019,150,0,1,9500000,1200000,0,0,0,29871,29871,36639585,1829,2254471,955,1181706,0,0,0,0,0,11.688,36.813,1485.562,4800.000,1536,54406,28096,12623,26310,13687,0.310,11.497,1.120,1536,5444149,8834209,0.823,14.632,0.437,24.125,54406,2469,778,24472,755,1706,8,211,210,390,39,68,1,15,24,0,0,0,0,0,0,0,0,0,0,168,4,1,0,4,4987,4076,4076,0,0,0,0,0,,disabled,,0,0,0,0,,1,Fixed Quality,Hybrid,85,30,9500,12000,640,360,H.264,480,270,518400,28178,518400,28178,0.054,0.000,,0,0,0.000,2.019,0.000,0.000,0.123,7250,6750,6750,19,19,0,1,9500,1.000,0,11.688,0.000,0,0,0.000,0.000,0,0,0,0,0.287,0.653,0.060,1,0,0,disabled,24,0,0,139,322,139,152,31,254,254,0,5,large-au-observed,0,,0,0,0.154,23.729,0,,0.000,0.000,0.000,0.000,0,0,0,,38,0,0,8.174,0,1033,0.123,0.000,0.000,0.122,0.000,0.087,0.013,1,1,1,1,0,1,1,0,0,0,1,0,0.860,54.881,0.000,26,0,0.000,0,0,0,0.000,0.000,0.000,0.000,0.000,0.000,0.000,1.883,22.230,0,0,0,0,0,0,0,0,0.000,0.000,0.000,0.000,0.000,0.000,0,0.102,18.988,774,777,3701,23.986,190.127,45.681,190.127,9736.648,252,1,H.264,80.730,0,0,189.068,190.047,1.000,145.850,79.635,arrival-gap-jitter-spike,28567.470,0,1,1,1,1,38304.118,466.869,499.835,501.326,501.326,0,0,6,0,0,6,0,,,120.546,161.833,934,1,decoded,0,0,0,0,0,0,0,0,0,0,,104.036,0.000,106.887,0.000,0.000,0.000,127.696,stale-before-upload,0.001,1031,0.000,111.566,4.553,0.087,0.284,0.001,0.000,0.284,1,0,0,1,3,0.060,18.973,18.989,28.740,23.850,1.000,Loss,0,1,0,1.000,1,1,1,1,0.060,0.000,0.060,0,100,0,29909,28154,1721,0,1700
39.309,Custom_loss6_delay0-100_dup0_reorder6_burst0,Loopback,1,1,0,,,0.000,0,21,1056,22.779,22.776,20.854,112.775,102.576,73.066,55.305,56.082,0.060,0.220,28870,1855,27041,25186,3880,2260,289,1207,1013,194,124,0,25190,811,229,0,0,0,0,5.000,0,0,0,0,0,0,0,0,0,0,0,0,0,0,0,0.000,0.000,0.000,,798,798,3800,0,1,98.491,189.068,99.982,190.047,0.000,0.000,795,791,14871,1005,220,0,2534,4177,1059,1,fec-parity,pending,H.264,1,1,24,15,9,3,1,2,8,28,2,0,30671,2,30700,1,0,0,0,56.761,212,289,194,187,194,0,65.537,23.185,123.307,4,0,699,47,746,0,214,31,0.423,0.577,0.937,1.000,0.127,44.000,0.000,1.000,0.000,insufficient-sample,1318,10708,0,0,764,9806,2534,25033,551,892,3,10,25018,predicted-useful,fec-grace,4259,0.750,282,746,0,3,0,0,0,11,12,11,12,275,4350,275,4350,0,0,0,pacing,1,0.778,8.693,116.693,0,0,11,12,0,0,0,0,7,13,13,0,936,2,2,sent,105,309,0,8,87,2,0,0,8,16,1046,3,stale-age,4365,3100,154,0,1,9500000,1200000,0,0,0,30696,30696,37650375,1874,2309875,981,1213466,0,0,0,0,0,1.838,36.813,11398.125,808.250,1579,55902,28861,13000,27041,14041,0.311,2.257,1.365,1579,5593213,8713911,0.745,11.227,0.499,11.856,55902,2534,799,25033,765,1761,8,216,215,403,39,68,1,15,24,0,0,0,0,0,0,0,0,0,0,173,4,1,0,4,5119,4177,4177,0,0,0,0,0,,disabled,,0,0,0,0,,1,Fixed Quality,Hybrid,85,30,9500,12000,640,360,H.264,480,270,518400,28178,518400,28178,0.054,0.000,,0,0,0.000,2.320,0.000,0.000,0.080,7250,6750,6750,19,19,0,1,9500,1.000,0,9.931,0.000,0,0,0.000,0.000,0,0,0,0,0.284,0.653,0.063,1,0,0,disabled,24,1,1,141,326,141,154,31,258,258,2,5,decoder-sync-observed,0,,0,0,0.077,23.729,0,,0.000,0.000,0.000,0.000,0,0,0,,39,0,0,2.669,0,1060,0.080,0.000,0.000,0.079,0.000,0.049,0.009,1,1,1,1,0,1,1,0,0,0,1,0,0.860,105.689,0.000,26,0,0.000,0,0,0,0.000,0.000,0.000,0.000,0.000,0.000,0.000,2.231,34.710,0,0,0,0,0,0,0,0,0.000,0.000,0.000,0.000,0.000,0.000,0,0.100,22.776,795,798,3800,100.544,190.127,45.681,190.127,9736.648,252,1,H.264,80.730,0,0,189.068,190.047,1.000,145.850,79.635,arrival-gap-jitter-spike,29572.624,0,1,1,1,1,39309.272,466.869,499.835,501.326,501.326,0,0,6,0,0,6,0,,,120.546,161.833,934,1,decoded,0,0,0,0,0,0,0,0,0,0,,106.796,0.000,109.653,0.000,0.000,0.000,141.387,stale-before-upload,0.001,1056,0.000,114.814,5.048,0.101,0.341,0.029,0.000,0.312,1,0,0,1,3,0.060,22.779,22.776,56.082,20.854,2.000,RecoveryDeadline,0,1,0,1.000,1,1,1,1,0.060,0.000,0.060,0,100,0,30735,28924,1775,0,1753
40.309,Custom_loss6_delay0-100_dup0_reorder6_burst0,Loopback,1,1,0,,,0.000,0,21,1084,17.428,17.435,17.848,104.331,102.536,65.267,55.574,22.311,0.060,0.222,29644,1886,27746,25860,3982,2317,296,1240,1043,197,129,0,25864,831,237,0,0,0,0,5.000,0,0,0,0,0,0,0,0,0,0,0,0,0,0,0,0.000,0.000,0.000,,817,817,3903,0,1,34.001,189.068,35.068,190.047,0.000,0.000,814,810,15250,1028,227,0,2598,4282,1085,1,fec-recovered,pending,H.264,0,1,24,20,4,5,3,2,8,23,0,0,31472,7,0,0,0,0,0,83.212,214,296,197,190,197,0,65.703,23.100,123.307,4,0,711,47,758,0,218,31,0.420,0.580,0.938,1.000,0.124,43.000,0.000,1.000,0.000,insufficient-sample,1355,11021,0,0,786,10094,2598,25587,566,917,3,10,25571,predicted-useful,likely-arrival,4366,0.833,288,758,0,3,0,0,0,12,13,12,13,281,4450,281,4450,0,0,0,pacing,1,0.782,9.093,117.093,0,0,12,13,0,0,0,0,7,13,13,0,936,2,2,sent,107,314,0,8,89,2,0,0,8,16,1081,1,stale-age,4466,3179,158,0,1,9500000,1200000,11,0,11,31518,31506,38643081,1916,2361549,1006,1244614,0,0,0,0,0,0.541,36.813,932.188,1725.150,1619,57361,29625,13268,27736,14468,0.309,18.193,3.223,1619,5124703,8230795,1.368,7.422,0.481,14.493,57361,2598,819,25587,778,1812,8,223,222,414,39,68,1,15,24,0,0,0,0,0,0,0,0,0,0,180,4,1,0,4,5253,4282,4282,0,0,0,0,0,,disabled,,0,0,0,0,,1,Fixed Quality,Hybrid,85,30,9500,12000,640,360,H.264,480,270,518400,28178,518400,28178,0.054,0.000,,0,0,0.000,1.956,0.000,0.000,0.110,7250,6750,6750,19,19,0,1,9500,1.000,0,9.055,0.000,0,0,3.499,0.000,3732,0,0,0,0.000,0.000,1.000,1,0,0,disabled,24,1,1,143,332,143,156,33,263,263,2,5,decoder-sync-observed,0,,0,0,0.167,23.729,0,,0.000,0.000,0.000,0.000,0,0,0,,40,0,0,9.876,0,1087,0.110,0.000,0.000,0.110,0.000,0.076,0.010,1,1,1,1,0,1,1,0,0,0,0,0,1.000,0.000,0.000,30,0,0.000,0,0,0,0.000,0.000,0.000,0.000,0.000,0.000,0.000,1.834,13.976,0,0,0,0,0,0,0,0,0.000,0.000,0.000,0.000,0.000,0.000,0,0.098,17.435,814,817,3903,34.966,190.127,45.681,190.127,9736.648,252,1,H.264,80.730,0,0,189.068,190.047,1.000,145.850,79.635,arrival-gap-jitter-spike,30572.891,0,1,1,1,1,40309.539,466.869,499.835,501.326,501.326,0,0,6,0,0,6,0,,,120.546,161.833,934,1,decoded,0,0,0,0,0,0,0,0,0,0,,102.947,0.000,105.798,0.000,0.000,0.000,132.166,stale-before-upload,0.001,1084,0.000,110.244,4.338,0.080,0.847,0.605,0.000,0.242,1,0,0,1,3,0.060,17.428,17.435,22.311,17.848,1.000,Loss,0,1,0,1.000,0,1,1,1,0.060,0.000,0.060,0,100,0,31547,29692,1812,0,1811
41.312,Custom_loss6_delay0-100_dup0_reorder6_burst0,Loopback,1,1,0,,,0.000,0,21,1111,22.022,22.011,21.706,102.203,102.548,62.309,55.752,17.808,0.060,0.224,30414,1933,28470,26537,4074,2370,301,1267,1067,200,136,0,26541,850,245,0,0,0,0,5.000,0,0,0,0,0,0,0,0,0,0,0,0,0,0,0,0.000,0.000,0.000,,836,836,4012,0,1,26.515,189.068,27.602,190.047,0.000,0.000,833,829,15633,1050,235,0,2661,4386,1113,1,fec-recovered,pending,H.264,1,1,24,14,10,5,2,1,7,19,0,0,32330,11,0,0,0,0,0,38.302,219,301,200,193,200,0,65.656,23.205,123.307,4,0,724,47,771,0,224,32,0.421,0.579,0.939,1.000,0.125,39.000,0.333,0.667,0.333,retransmit-late,1401,11340,0,0,809,10372,2661,26191,588,954,4,14,26176,predicted-useful,fec-grace,4474,0.333,293,771,0,3,0,0,0,12,13,12,13,286,4526,286,4526,0,0,0,pacing,1,0.762,8.619,116.619,0,0,12,13,0,0,0,0,7,13,13,0,936,2,2,sent,109,320,0,8,91,2,0,0,8,16,1100,2,stale-age,4542,3261,162,0,1,9500000,1200000,11,0,11,32341,32330,39652629,1959,2414467,1031,1275762,0,0,0,0,0,0.870,36.813,1093.688,2750.400,1661,58867,30397,13604,28470,14866,0.309,34.387,0.095,1661,5374396,8279334,1.311,5.346,0.482,15.052,58867,2661,838,26191,790,1863,8,231,230,431,40,70,2,15,25,0,0,0,0,0,0,0,0,0,0,187,4,1,0,4,5384,4386,4386,0,0,0,0,0,,disabled,,0,0,0,0,,1,Fixed Quality,Hybrid,85,30,9500,12000,640,360,H.264,480,270,518400,28176,518400,28176,0.054,0.000,,0,0,0.000,2.309,0.000,0.000,0.080,7250,6750,6750,19,19,0,1,9500,1.000,0,8.917,0.000,0,0,0.000,0.000,0,0,0,0,0.284,0.655,0.061,1,0,0,disabled,24,1,1,146,338,146,159,33,267,267,2,5,decoder-sync-observed,0,,0,0,0.130,23.727,0,,0.000,0.000,0.000,0.000,0,0,0,,41,0,0,9.984,0,1114,0.080,0.000,0.000,0.079,0.000,0.058,0.007,1,1,1,1,0,1,1,0,0,0,1,0,0.860,101.486,0.000,26,0,0.000,0,0,0,0.000,0.000,0.000,0.000,0.000,0.000,0.000,2.112,13.979,0,0,0,0,0,0,0,0,0.000,0.000,0.000,0.000,0.000,0.000,0,0.128,22.012,833,836,4012,27.683,190.127,45.681,190.127,9736.648,252,1,H.264,80.730,0,0,189.068,190.047,1.000,145.850,79.635,arrival-gap-jitter-spike,31575.357,0,1,1,1,1,41312.005,466.869,499.835,501.326,501.326,0,0,6,0,0,6,0,,,120.546,161.833,934,1,decoded,0,0,0,0,0,0,0,0,0,0,,103.152,0.000,105.909,0.000,0.000,0.000,131.101,stale-before-upload,0.001,1111,0.000,111.575,5.529,0.107,0.286,0.001,0.000,0.285,1,0,0,1,3,0.060,22.022,22.011,17.808,21.706,1.000,RecoveryDeadline,0,1,0,1.000,0,1,1,1,0.060,0.000,0.060,0,100,0,32371,30463,1864,0,1856
42.317,Custom_loss6_delay0-100_dup0_reorder6_burst0,Loopback,1,1,0,,,0.000,0,21,1137,16.813,17.999,17.753,95.673,102.505,104.003,56.989,35.719,0.060,0.225,31144,1987,29156,27169,4170,2426,306,1300,1097,203,138,0,27173,868,252,0,0,0,0,5.000,0,0,0,0,0,0,0,0,0,0,0,0,0,0,0,0.000,0.000,0.000,,854,854,4118,0,1,22.564,189.068,23.758,190.047,0.000,0.000,851,847,16005,1071,242,0,2722,4494,1138,1,nack-deferred-likely-arrival,pending,H.264,0,1,24,22,2,6,5,1,1,4,0,0,33053,0,0,0,0,0,0,73.894,223,306,203,196,203,0,65.447,23.236,123.307,4,0,736,45,781,0,230,33,0.422,0.578,0.942,1.000,0.125,45.000,0.000,1.000,0.000,duplicate-guard,1433,11620,0,0,830,10636,2722,26752,599,970,4,14,26737,deferred-likely-arrival,likely-arrival,4573,0.292,297,781,0,3,0,0,0,12,13,12,13,290,4590,290,4590,0,0,0,pacing,1,0.771,11.724,119.724,0,0,12,13,0,0,0,0,7,13,13,0,936,2,2,sent,110,322,0,8,92,2,0,0,8,16,1113,2,stale-age,4606,3335,166,0,1,9500000,1200000,0,0,0,33101,33101,40596817,1969,2426907,1032,1277006,0,0,0,0,0,18.483,36.813,9663.875,4800.000,1701,60270,31131,13897,29139,15242,0.309,20.818,6.160,1701,6333999,9609098,2.317,12.616,0.427,12.467,60270,2722,856,26752,804,1910,8,238,237,449,42,77,5,15,26,1,0,0,0,0,0,0,0,0,0,192,4,1,0,4,5518,4494,4494,0,0,0,0,0,,disabled,,0,0,0,0,,1,Fixed Quality,Hybrid,85,30,9500,12000,640,360,H.264,480,270,518400,0,518400,28178,0.054,0.000,,0,0,0.000,4.841,0.000,4.157,0.641,7250,6750,6750,19,19,0,1,9500,1.000,0,18.483,0.000,0,0,0.000,0.000,0,0,0,0,0.286,0.657,0.058,1,0,0,disabled,0,0,0,149,343,149,160,34,270,270,0,5,async-output-pending,0,,0,0,0.000,0.000,0,,0.000,0.000,0.000,0.000,0,0,0,,41,0,0,0.000,1,0,0.633,0.195,0.437,0.000,0.000,0.000,0.000,0,0,1,1,1,0,0,1,1,0,1,0,0.860,52.018,0.000,26,0,0.000,0,0,0,0.000,0.000,0.000,0.000,0.000,0.000,0.000,0.000,20.645,0,0,0,0,0,0,0,0,0.000,0.000,0.000,0.000,0.000,0.000,0,0.110,17.999,851,854,4118,23.600,190.127,45.681,190.127,9736.648,252,1,H.264,80.730,0,0,189.068,190.047,1.000,145.850,79.635,arrival-gap-jitter-spike,32580.128,0,1,1,1,1,42316.776,466.869,499.835,501.326,501.326,0,0,6,0,0,6,0,,,120.546,161.833,934,1,decoded,0,0,0,0,0,0,0,0,0,0,,103.519,0.000,106.326,0.000,0.000,0.000,132.837,stale-before-upload,0.001,1137,0.000,111.483,5.042,0.079,0.619,0.363,0.000,0.257,1,0,0,1,3,0.060,16.813,17.999,35.719,17.753,1.000,Jitter,0,1,0,0.500,2,1,1,1,0.060,0.000,0.060,0,100,0,33143,31195,1910,0,1898
43.317,Custom_loss6_delay0-100_dup0_reorder6_burst0,Loopback,1,1,0,,,0.000,0,21,1165,22.145,23.402,22.301,80.208,102.490,62.631,57.130,38.505,0.060,0.224,31925,2038,29888,27850,4267,2486,308,1329,1124,205,144,0,27855,891,257,0,0,0,0,5.000,0,0,0,0,0,0,0,0,0,0,0,0,0,0,0,0.000,0.000,0.000,,877,877,4226,0,1,5.584,189.068,6.653,190.047,0.000,0.000,874,870,16387,1096,247,0,2782,4603,1166,1,nack-sent,pending,H.264,0,1,24,15,9,2,1,1,0,9,0,0,33912,9,0,0,0,0,0,52.311,228,308,205,198,205,0,65.500,23.124,123.307,4,0,745,45,790,0,235,33,0.425,0.575,0.943,1.000,0.123,43.000,0.667,0.333,0.000,insufficient-sample,1479,11933,0,0,853,10906,2782,27281,622,1013,4,14,27265,predicted-useful,fec-grace,4680,0.375,300,790,0,3,0,0,0,12,13,12,13,293,4638,293,4638,0,0,0,pacing,1,0.788,10.824,118.824,0,0,12,13,0,0,0,0,7,13,13,0,936,2,2,sent,112,328,0,8,94,2,0,0,8,16,1142,2,stale-age,4654,3414,170,1,1,9500000,1200000,0,0,0,33920,33920,41600145,2008,2474849,1058,1308768,0,0,0,0,0,11.240,36.813,1094.875,4800.000,1743,61805,31917,14297,29888,15591,0.309,29.002,5.609,1743,7681889,12244424,2.241,1.818,0.494,13.370,61805,2782,879,27281,816,1958,8,243,242,460,42,77,5,15,26,1,0,0,0,0,0,0,0,0,0,197,4,1,0,4,5648,4603,4603,0,0,0,0,0,,disabled,,0,0,0,0,,1,Fixed Quality,Hybrid,85,30,9500,12000,640,360,H.264,480,270,518400,28178,518400,28178,0.054,0.000,,0,0,0.000,2.362,0.000,0.000,0.105,7250,6750,6750,19,19,0,1,9500,1.000,0,11.240,0.000,0,0,0.000,0.000,0,0,0,0,0.289,0.654,0.057,1,0,0,disabled,24,0,0,150,346,150,162,34,274,274,0,5,large-au-observed,0,,0,0,10.209,23.729,0,,0.000,0.000,0.000,0.000,0,0,0,,42,0,0,7.244,0,1167,0.104,0.000,0.000,0.103,0.000,0.058,0.008,1,1,1,1,0,1,1,0,0,0,0,0,1.000,0.000,0.000,30,0,0.000,0,0,0,0.000,0.000,0.000,0.000,0.000,0.000,0.000,2.247,14.008,0,0,0,0,0,0,0,0,0.000,0.000,0.000,0.000,0.000,0.000,0,0.113,23.402,874,877,4226,6.751,190.127,45.681,190.127,9736.648,252,1,H.264,80.730,0,0,189.068,190.047,1.000,145.850,79.635,arrival-gap-jitter-spike,33580.864,0,1,1,1,1,43317.512,466.869,499.835,501.326,501.326,0,0,6,0,0,6,0,,,120.546,161.833,934,1,decoded,0,0,0,0,0,0,0,0,0,0,,99.703,0.000,102.466,0.000,0.000,0.000,125.104,stale-before-upload,0.001,1165,0.000,107.720,5.131,0.094,0.278,0.030,0.000,0.247,1,0,0,1,3,0.060,22.145,23.402,38.505,22.301,1.000,RecoveryDeadline,0,1,0,0.000,1,1,1,1,0.060,0.000,0.060,0,100,0,33963,31978,1948,0,1947
44.323,Custom_loss6_delay0-100_dup0_reorder6_burst0,Loopback,1,1,0,,,0.000,0,21,1190,19.557,21.587,19.735,96.757,102.449,78.402,57.649,33.069,0.060,0.223,32697,2073,30594,28521,4371,2547,314,1363,1157,206,147,0,28525,912,262,0,0,0,0,5.000,0,0,0,0,0,0,0,0,0,0,0,0,0,0,0,0.000,0.000,0.000,,898,898,4326,0,1,72.491,189.068,73.578,190.047,0.000,0.000,895,891,16774,1118,252,0,2848,4720,1192,1,nack-sent,pending,H.264,0,1,24,21,3,3,3,2,4,12,0,0,34702,9,0,0,0,0,0,75.883,229,314,206,199,206,0,65.500,23.104,123.307,4,0,753,46,799,0,237,33,0.422,0.578,0.942,1.000,0.122,45.000,0.000,1.000,0.000,duplicate-guard,1513,12269,0,0,876,11224,2848,27904,633,1031,4,14,27887,predicted-useful,fec-grace,4792,0.167,303,799,0,3,0,0,0,12,13,12,13,296,4687,296,4687,0,0,0,pacing,1,0.799,10.276,118.276,0,0,12,13,0,0,0,0,7,13,13,0,936,2,2,sent,112,328,0,8,94,2,0,0,8,16,1142,2,stale-age,4703,3499,172,0,1,9500000,1200000,0,0,0,34739,34739,42603471,2047,2522791,1084,1340530,0,0,0,0,0,16.203,36.813,6467.938,4800.000,1786,63273,32690,14581,30583,16002,0.308,4.053,0.567,1786,5947756,9042877,1.037,4.609,0.452,10.348,63273,2847,900,27901,828,2011,8,248,247,469,43,79,2,15,27,1,0,0,0,0,0,0,0,0,0,201,4,1,0,4,5784,4720,4720,0,0,0,0,0,,disabled,,0,0,0,0,,1,Fixed Quality,Hybrid,85,30,9500,12000,640,360,H.264,480,270,518400,28176,518400,28176,0.054,0.000,,0,0,0.000,1.892,0.000,0.000,0.089,7250,6750,6750,19,19,0,1,9500,1.000,0,16.203,0.000,0,0,0.000,0.000,0,0,0,0,0.287,0.656,0.058,1,0,0,disabled,24,0,0,152,350,152,164,34,278,278,0,5,large-au-observed,0,,0,0,19.285,23.727,0,,0.000,0.000,0.000,0.000,0,0,0,,43,0,0,3.194,0,1194,0.089,0.000,0.000,0.089,0.000,0.055,0.013,1,1,1,1,0,1,1,0,0,0,0,0,1.000,0.000,0.000,30,0,0.000,0,0,0,0.000,0.000,0.000,0.000,0.000,0.000,0.000,1.795,7.105,0,0,0,0,0,0,0,0,0.000,0.000,0.000,0.000,0.000,0.000,0,0.130,21.587,895,898,4326,73.500,190.127,45.681,190.127,9736.648,252,1,H.264,80.730,0,0,189.068,190.047,1.000,145.850,79.635,arrival-gap-jitter-spike,34586.301,0,1,1,1,1,44322.949,466.869,499.835,501.326,501.326,0,0,6,0,0,6,0,,,120.546,161.833,934,1,decoded,0,0,0,0,0,0,0,0,0,0,,101.009,0.000,103.844,0.000,0.000,0.000,128.379,stale-before-upload,0.001,1190,0.000,108.903,4.916,0.085,0.685,0.441,0.000,0.243,1,0,0,1,3,0.060,19.557,21.587,33.069,19.735,2.000,RecoveryDeadline,0,1,0,1.000,0,1,1,1,0.060,0.000,0.060,0,100,0,34783,32752,1987,0,1995
45.323,Custom_loss6_delay0-100_dup0_reorder6_burst0,Loopback,1,1,0,,,0.000,0,21,1219,19.436,19.593,19.471,97.118,102.498,22.744,56.818,24.715,0.060,0.223,33464,2124,31320,29196,4473,2612,322,1386,1176,210,153,0,29200,933,268,0,0,0,0,5.000,0,0,0,0,0,0,0,0,0,0,0,0,0,0,0,0.000,0.000,0.000,,919,919,4425,0,1,25.621,189.068,26.737,190.047,0.000,0.000,916,912,17171,1143,258,0,2914,4831,1221,1,fec-parity,pending,H.264,0,1,24,3,21,2,0,0,0,0,0,0,35571,20,0,0,0,0,0,27.614,234,322,210,203,210,0,65.633,23.108,123.307,4,0,770,46,816,0,243,34,0.421,0.579,0.944,1.000,0.123,40.000,0.333,0.667,0.500,retransmit-late,1555,12570,0,0,897,11495,2914,28526,654,1061,4,14,28509,predicted-useful,fec-grace,4902,0.458,310,816,0,3,0,0,0,12,13,12,13,303,4810,303,4810,0,0,0,pacing,1,0.819,10.545,118.545,0,0,12,13,0,0,0,0,7,13,13,0,936,2,2,sent,113,330,0,8,95,2,0,0,8,16,1195,2,stale-age,4826,3580,176,0,1,9500000,1200000,10,0,10,35566,35556,43604887,2094,2580685,1110,1372292,0,0,0,0,0,11.957,36.813,1169.000,4800.000,1827,64781,33461,14960,31320,16360,0.309,11.140,0.524,1827,5608274,8886951,1.291,-7.445,0.482,15.873,64781,2914,921,28526,843,2063,8,254,253,479,44,81,2,15,28,1,0,0,0,0,0,0,0,0,0,206,4,1,0,4,5918,4831,4831,0,0,0,0,0,,disabled,,0,0,0,0,,1,Fixed Quality,Hybrid,85,30,9500,12000,640,360,H.264,480,270,518400,28178,518400,28178,0.054,0.000,,0,0,0.000,1.846,0.000,0.000,0.073,7250,6750,6750,19,19,0,1,9500,1.000,0,11.957,0.000,0,0,0.000,0.000,0,0,0,0,0.287,0.657,0.056,1,0,0,disabled,24,0,0,154,358,154,167,37,283,283,0,5,large-au-observed,0,,0,0,11.829,23.729,0,,0.000,0.000,0.000,0.000,0,0,0,,44,0,0,2.704,0,1222,0.072,0.000,0.000,0.072,0.000,0.049,0.009,1,1,1,1,0,1,1,0,0,0,1,0,0.860,119.684,0.000,26,0,0.000,0,0,0,0.000,0.000,0.000,0.000,0.000,0.000,0.000,1.765,6.745,0,0,0,0,0,0,0,0,0.000,0.000,0.000,0.000,0.000,0.000,0,0.096,19.593,916,919,4425,26.770,190.127,45.681,190.127,9736.648,252,1,H.264,80.730,0,0,189.068,190.047,1.000,145.850,79.635,arrival-gap-jitter-spike,35586.414,0,1,1,1,1,45323.062,466.869,499.835,501.326,501.326,0,0,6,0,0,6,0,,,120.546,161.833,934,1,decoded,0,0,0,0,0,0,0,0,0,0,,105.366,0.000,108.111,0.000,0.000,0.000,128.559,stale-before-upload,0.001,1219,0.000,112.310,4.098,0.078,0.777,0.533,0.000,0.244,1,0,0,1,3,0.060,19.436,19.593,24.715,19.471,1.000,Loss,0,1,0,0.000,0,1,1,1,0.060,0.000,0.060,0,100,0,35601,33517,2034,0,2056
46.323,Custom_loss6_delay0-100_dup0_reorder6_burst0,Loopback,1,1,0,,,0.000,0,21,1246,20.835,20.566,17.753,97.451,102.483,98.484,57.787,21.969,0.059,0.225,34239,2160,32034,29874,4573,2678,326,1409,1192,217,160,0,29878,952,276,0,0,0,0,5.000,0,0,0,0,0,0,0,0,0,0,0,0,0,0,0,0.000,0.000,0.000,,938,938,4530,0,1,33.216,189.068,34.283,190.047,0.000,0.000,935,930,17557,1169,266,0,2982,4938,1246,1,completed,completed,H.264,0,1,24,24,0,6,5,2,7,18,0,0,36321,6,0,0,0,0,0,91.364,236,326,217,210,217,0,65.927,22.951,123.307,4,0,783,46,829,0,246,35,0.420,0.580,0.945,1.000,0.125,38.000,0.143,0.857,1.000,retransmit-late,1591,12877,0,0,919,11784,2982,29147,668,1079,4,14,29130,deferred-likely-arrival,likely-arrival,5014,0.000,315,829,0,3,0,0,0,12,13,12,13,308,4890,308,4890,0,0,0,pacing,1,0.781,9.641,117.641,0,0,12,13,0,0,0,0,7,13,13,0,936,2,2,sent,114,331,0,8,96,2,0,0,8,16,1224,1,stale-age,4906,3667,180,0,1,9500000,1200000,0,0,0,36359,36359,44588311,2137,2633603,1136,1404046,0,0,0,0,0,18.957,36.813,10110.375,4800.000,1869,66240,34214,15310,32026,16716,0.309,32.961,2.934,1869,5208254,7914591,1.527,75.740,0.523,17.393,66240,2982,940,29147,855,2119,8,262,261,494,45,82,1,16,28,1,0,0,0,0,0,0,0,0,0,213,4,1,0,4,6053,4938,4938,0,0,0,0,0,,disabled,,0,0,0,0,,1,Fixed Quality,Hybrid,85,30,9500,12000,640,360,H.264,480,270,518400,28178,518400,28178,0.054,0.000,,0,0,0.000,1.962,0.000,0.000,0.068,7250,6750,6750,19,19,0,1,9500,1.000,0,18.957,0.000,0,0,0.000,0.000,0,0,0,0,0.285,0.660,0.055,1,0,0,disabled,24,0,0,157,362,157,168,37,287,287,0,5,large-au-observed,0,,0,0,17.357,23.729,0,,0.000,0.000,0.000,0.000,0,0,0,,45,0,0,2.859,0,1248,0.068,0.000,0.000,0.067,0.000,0.046,0.007,1,1,1,1,0,1,1,0,0,0,1,0,0.860,105.817,0.000,26,0,0.000,0,0,0,0.000,0.000,0.000,0.000,0.000,0.000,0.000,1.887,33.154,0,0,0,0,0,0,0,0,0.000,0.000,0.000,0.000,0.000,0.000,0,0.088,20.566,935,938,4530,34.233,190.127,45.681,190.127,9736.648,252,1,H.264,80.730,0,0,189.068,190.047,1.000,145.850,79.635,arrival-gap-jitter-spike,36586.607,0,1,1,1,1,46323.255,466.869,499.835,501.326,501.326,0,0,6,0,0,6,0,,,120.546,161.833,934,1,decoded,0,0,0,0,0,0,0,0,0,0,,103.654,0.000,106.369,5.119,0.000,106.317,128.726,stale-before-upload,0.000,1245,0.000,111.748,3.969,0.073,0.912,0.650,0.000,0.261,1,0,0,1,3,0.059,20.835,20.566,21.969,17.753,1.000,Loss,0,1,0,0.500,2,1,1,1,0.060,0.000,0.060,0,100,0,36405,34297,2076,0,2100
47.323,Custom_loss6_delay0-100_dup0_reorder6_burst0,Loopback,1,1,0,,,0.000,0,21,1272,22.434,22.675,22.724,90.468,102.480,98.484,57.787,87.960,0.059,0.225,34988,2200,32729,30529,4672,2748,332,1431,1211,220,161,0,30533,971,282,0,0,0,0,5.000,0,0,0,0,0,0,0,0,0,0,0,0,0,0,0,0.000,0.000,0.000,,957,957,4635,0,1,131.312,189.068,132.536,190.047,0.000,0.000,954,950,17932,1191,272,0,3045,5039,1274,1,fec-parity,pending,H.264,0,1,24,12,12,4,0,0,0,0,0,0,37147,5,0,0,0,0,0,47.223,242,332,220,213,220,0,65.978,22.765,123.307,4,0,798,47,845,0,253,35,0.422,0.578,0.944,1.000,0.122,45.000,0.571,0.429,0.000,duplicate-guard,1634,13184,0,0,940,12054,3045,29783,690,1116,4,14,29766,predicted-useful,fec-grace,5114,0.250,321,845,0,3,0,0,0,12,13,12,13,314,4993,314,4993,0,0,0,pacing,1,0.820,9.786,117.786,0,0,12,13,0,0,0,0,7,13,13,0,936,2,2,sent,116,338,0,8,98,2,0,0,8,16,1252,3,stale-age,5009,3742,184,0,1,9500000,1200000,0,0,0,37155,37155,45563599,2183,2690253,1161,1434564,0,0,0,0,0,15.923,36.813,6468.312,4800.000,1910,67711,34982,15612,32729,17117,0.309,3.002,0.924,1910,6224929,9365659,0.694,75.740,0.482,13.841,67711,3045,959,29783,870,2167,8,268,267,504,45,82,1,16,28,1,0,0,0,0,0,0,0,0,0,219,4,1,0,4,6181,5039,5039,0,0,0,0,0,,disabled,,0,0,0,0,,1,Fixed Quality,Hybrid,85,30,9500,12000,640,360,H.264,480,270,518400,0,518400,28178,0.054,0.000,,0,0,0.000,0.008,0.000,0.000,0.004,7250,6750,6750,19,19,0,1,9500,1.000,0,15.923,0.000,0,0,0.000,0.000,0,0,0,0,0.286,0.658,0.056,1,0,0,disabled,0,0,0,160,369,160,170,39,292,292,0,5,async-output-pending,0,,0,0,0.000,0.000,0,,0.000,0.000,0.000,0.000,0,0,0,,46,0,0,0.000,1,0,0.000,0.000,0.000,0.000,0.000,0.000,0.000,0,0,0,0,0,0,0,0,1,1,1,1,1.000,180.000,1.500,30,0,0.000,0,0,0,0.000,0.000,0.000,0.000,0.000,0.000,0.000,0.000,7.612,0,0,0,0,0,0,0,0,0.000,0.000,0.000,0.000,0.000,0.000,0,0.102,22.675,954,957,4635,132.477,190.127,45.681,190.127,9736.648,252,1,H.264,80.730,0,0,189.068,190.047,1.000,145.850,79.635,arrival-gap-jitter-spike,37586.929,0,1,1,1,1,47323.577,466.869,499.835,501.326,501.326,0,0,6,0,0,6,0,,,120.546,161.833,934,1,decoded,0,0,0,0,0,0,0,0,0,0,,105.769,0.000,108.627,0.000,0.000,0.000,130.234,stale-before-upload,0.001,1272,0.000,112.155,3.406,0.082,0.760,0.513,0.000,0.247,1,0,0,1,3,0.059,22.434,22.675,87.960,22.724,2.000,Jitter,0,1,0,0.000,1,1,1,1,0.060,0.000,0.060,0,100,0,37202,35042,2115,0,2139
48.330,Custom_loss6_delay0-100_dup0_reorder6_burst0,Loopback,1,1,0,,,0.000,0,21,1300,17.353,18.238,17.323,95.258,102.448,36.861,57.311,25.152,0.059,0.226,35784,2237,33474,31237,4773,2808,339,1457,1236,221,169,0,31241,991,290,0,0,0,0,5.000,0,0,0,0,0,0,0,0,0,0,0,0,0,0,0,0.000,0.000,0.000,,977,977,4734,0,1,31.464,189.068,32.475,190.047,0.000,0.000,974,970,18308,1212,281,0,3118,5146,1301,1,nack-sent,pending,H.264,0,1,24,18,6,2,2,2,6,20,0,0,37980,13,0,0,0,0,0,74.063,246,339,221,214,221,0,65.989,22.693,123.307,5,0,811,48,859,0,257,37,0.421,0.579,0.944,1.000,0.126,43.000,0.286,0.714,0.000,duplicate-guard,1662,13511,0,0,963,12373,3118,30478,695,1124,4,14,30461,predicted-useful,fec-grace,5229,0.250,327,859,0,3,0,0,0,13,14,13,14,320,5091,320,5091,0,0,0,pacing,1,0.814,11.307,119.307,0,0,13,14,0,0,0,0,7,13,13,0,936,2,2,sent,117,341,0,8,99,2,0,0,8,16,1292,3,stale-age,5108,3830,188,0,1,9500000,1200000,6,0,6,38009,38003,46602381,2227,2744415,1188,1467570,0,0,0,0,0,4.902,36.813,732.562,4800.000,1953,69255,35781,15926,33474,17548,0.308,2.724,2.471,1953,4970527,8416370,1.799,48.267,0.440,9.405,69255,3118,979,30478,882,2228,8,276,275,519,47,85,2,17,29,1,0,0,0,0,0,0,0,0,0,225,4,1,0,4,6308,5146,5146,0,0,0,0,0,,disabled,,0,0,0,0,,1,Fixed Quality,Hybrid,85,30,9500,12000,640,360,H.264,480,270,518400,28178,518400,28178,0.054,0.000,,0,0,0.000,1.938,0.000,0.000,0.072,7250,6750,6750,19,19,0,1,9500,1.000,0,7.859,0.000,0,0,0.000,0.000,0,0,0,0,0.286,0.658,0.056,1,0,0,disabled,24,0,0,162,373,162,172,39,296,296,0,5,large-au-observed,0,,0,0,11.446,23.729,0,,0.000,0.000,0.000,0.000,0,0,0,,47,0,0,2.828,0,1303,0.072,0.000,0.000,0.071,0.000,0.046,0.009,1,1,1,1,0,1,1,0,0,0,0,0,1.000,0.000,0.000,30,0,0.000,0,0,0,0.000,0.000,0.000,0.000,0.000,0.000,0.000,1.857,6.870,0,0,0,0,0,0,0,0,0.000,0.000,0.000,0.000,0.000,0.000,0,0.098,18.238,974,977,4734,32.722,190.127,45.681,190.127,9736.648,252,1,H.264,80.730,0,0,189.068,190.047,1.000,145.850,79.635,arrival-gap-jitter-spike,38593.724,0,1,1,1,1,48330.372,466.869,499.835,501.326,501.326,0,0,6,0,0,6,0,,,120.546,161.833,934,1,decoded,0,0,0,0,0,0,0,0,0,0,,99.382,0.000,102.078,0.000,0.000,0.000,127.629,stale-before-upload,0.001,1300,0.000,106.098,3.915,0.079,0.803,0.554,0.000,0.249,1,0,0,1,3,0.059,17.353,18.238,25.152,17.323,1.000,RecoveryDeadline,0,1,0,0.000,2,2,2,1,0.060,0.000,0.060,0,100,0,38051,35839,2161,0,2196
49.333,Custom_loss6_delay0-100_dup0_reorder6_burst0,Loopback,1,1,0,,,0.000,0,21,1324,21.377,21.380,21.114,102.857,102.435,69.718,57.587,9.252,0.059,0.227,36509,2290,34158,31868,4873,2872,347,1482,1255,227,172,0,31872,1009,296,0,0,0,0,5.000,0,0,0,0,0,0,0,0,0,0,0,0,0,0,0,0.000,0.000,0.000,,995,995,4840,0,1,36.495,189.068,37.527,190.047,0.000,0.000,992,988,18687,1236,287,0,3175,5252,1326,1,nack-sent,pending,H.264,0,1,24,23,1,5,5,3,9,20,0,0,38711,6,0,0,0,0,0,108.759,249,347,227,220,227,0,65.850,22.643,123.307,5,0,828,49,877,0,264,37,0.418,0.582,0.944,1.000,0.123,45.000,0.111,0.889,0.000,duplicate-guard,1705,13801,0,0,983,12625,3175,31023,718,1162,4,14,31006,predicted-useful,likely-arrival,5325,0.292,335,877,0,3,0,0,0,13,14,13,14,328,5233,328,5233,0,0,0,pacing,1,0.853,10.727,118.727,0,0,13,14,0,0,0,0,7,13,13,0,936,2,2,sent,119,345,0,8,101,2,0,0,8,16,1321,2,stale-age,5250,3898,192,0,1,9500000,1200000,4,0,4,38777,38773,47545915,2275,2803553,1214,1499332,0,0,0,0,0,6.614,36.813,331.250,4800.000,1993,70664,36506,16229,34158,17929,0.308,28.678,0.043,1993,4493984,7381697,2.306,45.185,0.477,17.493,70664,3174,997,31022,897,2269,8,282,281,530,48,86,1,18,29,1,0,0,0,0,0,0,0,0,0,230,4,1,0,4,6440,5252,5252,0,0,0,0,0,,disabled,,0,0,0,0,,1,Fixed Quality,Hybrid,85,30,9500,12000,640,360,H.264,480,270,518400,28176,518400,28176,0.054,0.000,,0,0,0.000,1.893,0.000,0.000,0.079,7250,6750,6750,19,19,0,1,9500,1.000,0,6.614,0.000,0,0,0.000,0.000,0,0,0,0,0.284,0.660,0.056,1,0,0,disabled,24,0,0,164,380,164,175,41,301,301,0,5,large-au-observed,0,,0,0,0.016,23.727,0,,0.000,0.000,0.000,0.000,0,0,0,,48,0,0,5.760,0,1329,0.079,0.000,0.000,0.078,0.000,0.053,0.008,1,1,1,1,0,1,1,0,0,0,1,0,0.860,103.399,0.000,26,0,0.000,0,0,0,0.000,0.000,0.000,0.000,0.000,0.000,0.000,1.805,9.735,0,0,0,0,0,0,0,0,0.000,0.000,0.000,0.000,0.000,0.000,0,0.129,21.380,992,995,4840,37.561,190.127,45.681,190.127,9736.648,252,1,H.264,80.730,0,0,189.068,190.047,1.000,145.850,79.635,arrival-gap-jitter-spike,39596.266,0,1,1,1,1,49332.914,466.869,499.835,501.326,501.326,0,0,6,0,0,6,0,,,120.546,161.833,934,1,decoded,0,0,0,0,0,0,0,0,0,0,,102.948,0.000,105.916,0.000,0.000,0.000,131.428,stale-before-upload,0.001,1324,0.000,112.045,5.985,0.083,0.323,0.001,0.000,0.322,1,0,0,1,3,0.059,21.377,21.380,9.252,21.114,1.000,RecoveryDeadline,0,1,0,2.000,1,2,2,1,0.060,0.000,0.060,0,100,0,38822,36568,2207,0,2228
50.334,Custom_loss6_delay0-100_dup0_reorder6_burst0,Loopback,1,1,0,,,0.000,0,21,1355,21.329,21.369,21.345,101.555,102.471,27.667,56.936,19.480,0.059,0.228,37319,2349,34926,32577,4972,2933,352,1512,1278,234,175,0,32581,1030,305,0,0,0,0,5.000,0,0,0,0,0,0,0,0,0,0,0,0,0,0,0,0.000,0.000,0.000,,1016,1016,4937,0,1,65.167,189.068,66.365,190.047,0.000,0.000,1013,1008,19099,1264,296,0,3240,5367,1356,1,nack-sent,pending,H.264,0,1,24,11,13,2,1,1,0,13,0,0,39626,7,0,0,0,0,0,59.295,250,352,234,227,234,0,65.944,22.343,123.307,5,0,841,48,889,0,266,37,0.415,0.585,0.946,1.000,0.122,45.000,0.167,0.833,0.000,duplicate-guard,1754,14173,0,0,1008,12962,3240,31622,742,1197,4,14,31602,predicted-useful,fec-grace,5435,0.542,339,889,0,3,0,0,0,13,14,13,14,332,5297,332,5297,0,0,0,pacing,1,0.801,6.594,114.594,0,0,13,14,0,0,0,0,7,13,13,0,936,2,2,sent,121,350,0,8,103,2,0,0,8,16,1347,4,stale-age,5314,3982,196,0,1,9500000,1200000,0,0,0,39629,39629,48594729,2317,2855227,1241,1532338,0,0,0,0,0,10.542,36.813,453.625,4800.000,2036,72227,37303,16678,34924,18246,0.309,18.302,2.758,2036,5035740,9821812,1.881,27.738,0.504,6.525,72227,3240,1018,31622,909,2323,8,291,290,543,48,86,1,18,29,1,0,0,0,0,0,0,0,0,0,239,4,1,0,4,6580,5367,5367,0,0,0,0,0,,disabled,,0,0,0,0,,1,Fixed Quality,Hybrid,85,30,9500,12000,640,360,H.264,480,270,518400,0,518400,28178,0.054,0.000,,0,0,0.000,6.044,0.000,5.194,0.790,7250,6750,6750,19,19,0,1,9500,1.000,0,10.542,0.000,0,0,0.000,0.000,0,0,0,0,0.281,0.665,0.054,1,0,0,disabled,0,0,0,166,384,166,177,41,305,305,0,5,async-output-pending,0,,0,0,0.000,0.000,0,,10.542,453.625,45673.077,0.000,0,0,0,,49,0,0,0.000,1,0,0.778,0.191,0.586,0.000,0.000,0.000,0.000,0,0,1,1,1,0,0,1,1,0,1,0,0.860,170.034,0.000,26,0,0.000,0,0,0,0.000,0.000,0.000,0.000,0.000,0.000,0.000,0.000,13.940,0,0,0,0,0,0,0,0,0.000,0.000,0.000,0.000,0.000,0.000,0,0.121,21.369,1013,1016,4937,66.598,190.127,45.681,190.127,9736.648,252,1,H.264,80.730,0,0,189.068,190.047,1.000,145.850,79.635,arrival-gap-jitter-spike,40598.421,0,1,1,1,1,50335.069,466.869,499.835,501.326,501.326,0,0,6,0,0,6,0,,,120.546,161.833,934,1,decoded,0,0,0,0,0,0,0,0,0,0,,103.900,0.000,107.184,5.643,0.000,111.817,130.778,stale-before-upload,0.001,1353,0.000,114.860,7.252,0.105,0.410,0.001,0.000,0.410,1,0,0,1,3,0.059,21.329,21.369,19.480,21.345,2.000,RecoveryDeadline,0,1,0,1.000,0,3,3,1,0.060,0.000,0.060,0,100,0,39679,37382,2259,0,2274
51.339,Custom_loss6_delay0-100_dup0_reorder6_burst0,Loopback,1,1,0,,,0.000,0,21,1382,20.556,19.800,21.999,89.368,102.523,45.543,56.694,25.390,0.059,0.229,38017,2379,35564,33185,5057,2983,356,1539,1299,240,179,0,33189,1049,312,0,0,0,0,5.000,0,0,0,0,0,0,0,0,0,0,0,0,0,0,0,0.000,0.000,0.000,,1035,1035,5046,0,1,22.821,189.068,23.256,190.047,0.000,0.000,1031,1027,19455,1289,303,0,3298,5463,1383,1,fec-parity,pending,H.264,0,1,22,6,16,4,0,1,0,16,0,0,40365,4,0,0,0,0,0,57.379,251,356,240,231,240,0,65.942,22.151,123.307,5,0,852,49,901,0,266,38,0.414,0.586,0.946,1.000,0.125,43.000,0.000,1.000,0.000,insufficient-sample,1798,14481,0,0,1029,13230,3298,32131,765,1237,4,14,32111,predicted-useful,fec-grace,5535,0.727,344,901,0,3,0,0,0,13,14,13,14,336,5353,336,5353,0,0,0,pacing,1,0.710,7.098,115.098,0,0,13,14,0,0,0,0,8,15,15,0,1381,2,2,sent,126,363,0,8,107,2,0,0,9,18,1381,2,stale-age,5370,4056,200,0,1,9500000,1200000,0,0,0,40366,40366,49497747,2359,2906839,1267,1564100,0,0,0,0,0,11.156,36.813,3004.812,4800.000,2074,73557,38003,16944,35554,18610,0.308,7.461,0.942,2074,3354707,6136751,2.053,25.766,0.451,18.308,73557,3298,1036,32131,924,2366,8,298,297,552,49,87,1,19,29,1,0,0,0,0,0,0,0,0,0,245,4,1,0,4,6701,5463,5463,0,0,0,0,0,,disabled,,0,0,0,0,,1,Fixed Quality,Hybrid,85,30,9500,12000,640,360,H.264,480,270,518400,26096,518400,26096,0.050,0.000,,0,0,0.000,2.247,0.000,0.000,0.116,6000,6250,6250,20,20,0,1,9500,0.820,1,20.471,0.000,0,0,0.000,0.000,0,0,0,0,0.279,0.667,0.054,1,0,0,latency-pressure-freshness-hold,22,0,0,168,392,168,180,44,310,310,0,5,large-au-observed,0,,0,0,24.862,21.976,0,,0.000,0.000,0.000,0.000,0,0,0,,50,0,0,9.002,0,1384,0.115,0.000,0.000,0.115,0.000,0.080,0.011,1,1,1,1,0,1,1,0,0,0,1,0,0.860,34.948,0.000,26,0,0.000,0,0,0,0.000,0.000,0.000,0.000,0.000,0.000,0.000,2.119,14.221,0,0,0,0,0,0,0,0,0.000,0.000,0.000,0.000,0.000,0.000,0,0.115,19.800,1031,1035,5046,23.229,190.127,45.681,190.127,9736.648,252,1,H.264,80.730,0,0,189.068,190.047,1.000,145.850,79.635,arrival-gap-jitter-spike,41602.490,0,1,1,1,1,51339.138,466.869,499.835,501.326,501.326,0,0,7,0,0,7,1,latency-pressure freshness,latency-over-80ms,167.134,167.134,1376,1,H.264,0,0,0,0,0,0,0,0,0,0,,104.595,0.000,101.682,0.000,0.000,0.000,124.684,stale-before-decode,0.001,1382,0.000,106.353,4.539,0.098,0.340,0.001,0.000,0.339,1,0,0,1,3,0.059,20.556,19.800,25.390,21.999,1.000,RecoveryDeadline,0,1,0,0.000,1,1,1,1,0.060,0.000,0.060,0,100,0,40417,38077,2306,0,2324
52.343,Custom_loss6_delay0-100_dup0_reorder6_burst0,Loopback,1,1,0,,,0.000,0,21,1407,23.219,22.036,24.500,82.657,102.580,67.464,56.918,12.911,0.059,0.229,38687,2443,36210,33767,5146,3048,360,1558,1315,243,180,0,33771,1068,318,0,0,0,0,5.000,0,0,0,0,0,0,0,0,0,0,0,0,0,0,0,0.000,0.000,0.000,,1053,1053,5156,0,1,54.867,189.068,55.980,190.047,0.000,0.000,1049,1045,19823,1311,308,0,3355,5567,1409,1,nack-sent,pending,H.264,0,1,22,9,13,3,1,1,0,13,0,0,41082,7,0,0,0,0,0,57.077,255,360,243,234,243,0,65.958,22.230,123.307,5,0,863,51,914,0,271,38,0.415,0.585,0.944,1.000,0.123,45.000,0.400,0.600,0.000,duplicate-guard,1841,14727,0,0,1050,13446,3355,32556,787,1267,4,14,32536,predicted-useful,fec-grace,5632,0.182,349,914,0,3,0,0,0,14,16,14,16,341,5420,341,5420,0,0,0,pacing,1,0.758,7.904,115.904,0,0,14,16,0,0,0,0,8,15,15,0,1381,2,2,sent,129,375,0,8,110,2,0,0,9,18,1403,4,stale-age,5439,4128,204,0,1,9500000,1200000,0,0,0,41079,41079,50378307,2400,2957587,1290,1592752,0,0,0,0,0,11.442,36.813,3192.438,4800.000,2113,74894,38684,17236,36210,18974,0.308,21.393,6.668,2113,3691628,6544054,4.329,24.997,0.544,17.882,74894,3354,1055,32543,936,2410,8,303,302,561,49,87,1,19,29,1,0,0,0,0,0,0,0,0,0,250,4,1,0,4,6830,5567,5567,0,0,0,0,0,,disabled,,0,0,0,0,,1,Fixed Quality,Hybrid,85,30,9500,12000,640,360,H.264,480,270,518400,26096,518400,26096,0.050,0.000,,0,0,0.000,2.066,0.000,0.000,0.094,6500,6250,6250,20,20,0,1,9500,0.896,1,11.442,0.000,0,0,0.000,0.000,0,0,0,0,0.279,0.665,0.056,1,0,0,fixed-pacing-queue-hold,22,0,0,170,397,170,183,44,314,314,0,5,large-au-observed,0,,0,0,11.652,21.976,0,,0.000,0.000,0.000,0.000,0,0,0,,51,0,0,9.509,0,1410,0.093,0.000,0.000,0.093,0.000,0.065,0.009,1,1,1,1,0,1,1,0,0,0,1,0,0.860,179.995,0.000,24,0,0.000,0,0,0,0.000,0.000,0.000,0.000,0.000,0.000,0.000,1.962,6.778,0,0,0,0,0,0,0,0,0.000,0.000,0.000,0.000,0.000,0.000,0,0.115,22.036,1049,1053,5156,55.902,190.127,45.681,190.127,9736.648,252,1,H.264,80.730,0,0,189.068,190.047,1.000,145.850,79.635,arrival-gap-jitter-spike,42606.644,0,1,1,1,1,52343.292,466.869,499.835,501.326,501.326,0,0,7,0,0,7,0,,,167.134,167.134,1376,1,H.264,0,0,0,0,0,0,0,0,0,0,,99.063,0.000,101.776,0.000,0.000,0.000,121.328,stale-before-decode,0.001,1407,0.000,107.944,6.045,0.083,0.267,0.001,0.000,0.267,1,0,0,1,3,0.059,23.219,22.036,12.911,24.500,1.000,Loss,0,1,0,0.667,3,2,2,1,0.060,0.000,0.060,0,100,0,41131,38747,2345,0,2355
53.348,Custom_loss6_delay0-100_dup0_reorder6_burst0,Loopback,1,1,0,,,0.000,0,21,1435,23.763,19.532,19.888,47.854,102.558,87.231,57.537,2.078,0.059,0.229,39377,2457,36836,34379,5250,3118,366,1584,1339,245,182,0,34383,1092,324,0,0,0,0,5.000,0,0,0,0,0,0,0,0,0,0,0,0,0,0,0,0.000,0.000,0.000,,1075,1075,5260,0,1,39.707,189.068,40.004,190.047,0.000,0.000,1070,1066,20189,1337,312,0,3411,5673,1433,1,expired-no-slack,expired,H.264,0,1,23,21,2,5,4,2,8,18,0,0,41786,8,0,0,0,0,0,123.309,260,366,245,236,245,0,65.856,22.277,123.307,5,0,876,53,929,0,275,38,0.415,0.585,0.943,1.000,0.121,45.000,0.500,0.500,0.000,duplicate-guard,1880,14985,0,0,1070,13673,3411,33029,806,1298,4,14,33008,deferred-likely-arrival,likely-arrival,5737,0.000,356,929,0,3,0,0,0,14,16,14,16,348,5529,348,5529,0,0,0,pacing,1,0.795,5.593,113.593,0,0,14,16,0,0,0,0,8,15,15,0,1381,2,2,sent,131,383,0,8,112,2,0,0,9,18,1429,4,stale-age,5548,4201,208,0,1,9500000,1200000,1,0,1,41788,41787,51248610,2443,3010821,1314,1622648,0,0,0,0,0,5.307,36.813,1213.875,3664.000,2150,76211,39375,17548,36836,19288,0.308,39.276,1.366,2150,3592337,6777005,1.552,23.951,0.428,15.583,76211,3411,1077,33029,948,2455,8,307,306,570,49,87,1,19,29,1,0,0,0,0,0,0,0,0,0,254,4,1,0,4,6954,5673,5673,0,0,0,0,0,,disabled,,0,0,0,0,,1,Fixed Quality,Hybrid,85,30,9500,12000,640,360,H.264,480,270,518400,23424,518400,23424,0.045,0.000,,0,0,0.000,1.731,0.000,0.000,0.096,6000,6000,6000,22,22,0,1,9500,0.820,1,5.307,0.000,0,0,0.000,0.000,0,0,0,0,0.280,0.663,0.057,1,0,0,latency-pressure-freshness-hold,20,0,0,172,401,172,185,44,318,318,0,5,large-au-observed,0,,0,0,0.160,19.725,0,,0.000,0.000,0.000,0.000,0,0,0,,52,0,0,4.846,0,1436,0.096,0.000,0.000,0.095,0.000,0.067,0.010,1,1,1,1,0,1,1,0,0,0,1,0,0.860,141.732,0.000,26,0,0.000,0,0,0,0.000,0.000,0.000,0.000,0.000,0.000,0.000,1.628,9.290,0,0,0,0,0,0,0,0,0.000,0.000,0.000,0.000,0.000,0.000,0,0.106,19.532,1070,1075,5260,40.025,190.127,45.681,190.127,9736.648,252,1,H.264,80.730,0,0,189.068,190.047,1.000,145.850,79.635,arrival-gap-jitter-spike,43611.190,0,1,1,1,1,53347.838,466.869,499.835,501.326,501.326,0,0,8,0,0,8,1,cadence-limited freshness,input-cadence-or-video-budget,145.859,167.134,1429,1,H.264,0,0,0,0,0,0,0,0,0,0,,85.660,0.000,87.708,0.000,0.000,0.000,120.000,stale-after-h264-decode,0.001,1435,0.000,88.187,3.893,0.088,0.258,0.001,0.000,0.257,1,0,0,1,3,0.059,23.763,19.532,2.078,19.888,2.000,RecoveryDeadline,0,1,0,1.000,0,1,1,1,0.060,0.000,0.060,0,100,0,41840,39437,2382,0,2390
54.350,Custom_loss6_delay0-100_dup0_reorder6_burst0,Loopback,1,1,0,,,0.000,0,21,1457,20.289,16.470,18.555,96.310,102.572,87.231,57.537,22.991,0.059,0.229,40002,2523,37426,34903,5326,3164,373,1604,1358,246,185,0,34907,1110,330,0,0,0,0,5.000,0,0,0,0,0,0,0,0,0,0,0,0,0,0,0,0.000,0.000,0.000,,1093,1093,5373,0,1,25.351,189.068,26.296,190.047,0.000,0.000,1088,1084,20521,1356,318,0,3469,5760,1459,1,expired-no-slack,expired,H.264,0,1,21,17,4,5,2,3,6,20,1,0,42430,3,42453,0,0,0,0,126.520,267,373,246,237,246,0,65.815,22.384,123.307,5,0,891,52,943,0,280,39,0.417,0.583,0.945,1.000,0.122,45.000,0.429,0.571,0.000,duplicate-guard,1918,15262,0,0,1091,13925,3469,33535,823,1323,4,14,33513,deferred-likely-arrival,likely-arrival,5836,0.429,362,943,0,3,0,0,0,14,16,14,16,354,5617,354,5617,0,0,0,pacing,1,0.815,9.000,117.000,0,0,14,16,0,0,0,0,8,15,15,0,1381,2,2,sent,132,387,0,8,113,2,0,0,9,18,1454,4,stale-age,5636,4275,212,0,1,9500000,1200000,0,0,0,42478,42478,52105476,2483,3060475,1336,1649910,0,0,0,0,0,17.902,36.813,6158.875,4800.000,2185,77399,39995,17848,37404,19556,0.309,7.666,1.417,2185,4232775,7036784,1.268,23.951,0.446,10.366,77399,3469,1095,33535,960,2501,8,313,312,583,49,87,1,19,29,1,0,0,0,0,0,0,0,0,0,260,4,1,0,4,7064,5760,5760,0,0,0,0,0,,disabled,,0,0,0,0,,1,Fixed Quality,Hybrid,85,30,9500,12000,640,360,H.264,480,270,518400,25054,518400,25054,0.048,0.000,,0,0,0.000,1.846,0.000,0.000,0.073,6250,6000,6000,22,22,0,1,9500,0.889,1,17.902,0.000,0,0,0.000,0.000,0,0,0,0,0.283,0.662,0.055,1,0,0,fixed-pacing-queue-hold,21,0,0,174,406,174,187,45,322,322,0,5,large-au-observed,0,,0,0,11.824,21.098,0,,0.000,0.000,0.000,0.000,0,0,0,,53,0,0,3.006,0,1462,0.073,0.000,0.000,0.072,0.000,0.049,0.008,1,1,1,1,0,1,1,0,0,0,0,0,1.000,0.000,0.000,27,0,0.000,0,0,0,0.000,0.000,0.000,0.000,0.000,0.000,0.000,1.765,7.252,0,0,0,0,0,0,0,0,0.000,0.000,0.000,0.000,0.000,0.000,0,0.088,16.470,1088,1093,5373,26.323,190.127,45.681,190.127,9736.648,252,1,H.264,80.730,0,0,189.068,190.047,1.000,145.850,79.635,arrival-gap-jitter-spike,44613.806,0,1,1,1,1,54350.454,466.869,499.835,501.326,501.326,0,0,8,0,0,8,0,,,145.859,167.134,1429,1,H.264,0,0,0,0,0,0,0,0,0,0,,100.526,0.000,102.959,0.000,0.000,0.000,128.155,stale-after-h264-decode,0.001,1457,0.000,107.205,4.207,0.073,0.409,0.149,0.000,0.260,1,0,0,1,3,0.059,20.289,16.470,22.991,18.555,2.000,RecoveryDeadline,0,1,0,0.000,0,1,1,1,0.060,0.000,0.060,0,100,0,42532,40069,2425,0,2434
55.351,Custom_loss6_delay0-100_dup0_reorder6_burst0,Loopback,1,1,0,,,0.000,0,21,1485,20.545,21.050,20.333,76.535,102.518,41.775,57.222,34.783,0.059,0.226,40679,2551,38043,35492,5421,3221,377,1637,1387,250,186,0,35496,1134,332,0,0,0,0,5.000,0,0,0,0,0,0,0,0,0,0,0,0,0,0,0,0.000,0.000,0.000,,1117,1117,5475,0,1,12.731,189.068,13.890,190.047,0.000,0.000,1112,1107,20869,1384,320,0,3520,5863,1486,1,nack-sent,pending,H.264,0,1,22,14,8,1,1,1,0,8,0,0,43197,12,0,0,0,0,0,57.623,271,377,250,241,250,0,65.958,22.170,123.307,5,0,903,54,957,0,283,39,0.418,0.582,0.944,1.000,0.121,44.000,0.600,0.400,0.000,stable,1957,15533,0,0,1113,14170,3520,33956,839,1345,5,18,33935,predicted-useful,fec-grace,5933,0.000,368,957,0,3,0,0,0,16,18,16,18,360,5702,360,5702,0,0,0,pacing,1,0.777,8.675,116.675,0,0,16,18,0,0,0,0,8,15,15,0,1381,2,2,sent,133,390,0,8,114,2,0,0,9,18,1467,3,stale-age,5723,4338,216,0,1,9500000,1200000,4,0,4,43186,43182,52975516,2525,3112467,1360,1679806,0,0,0,0,0,4.599,36.813,60.125,4800.000,2223,78721,40678,18190,38043,19853,0.309,33.940,0.016,2223,5800186,8802698,1.920,10.069,0.467,15.459,78721,3520,1119,33956,972,2540,8,315,314,588,49,87,1,19,29,1,0,0,0,0,0,0,0,0,0,262,4,1,0,4,7182,5863,5863,0,0,0,0,0,,disabled,,0,0,0,0,,1,Fixed Quality,Hybrid,85,30,9500,12000,640,360,H.264,480,270,518400,26096,518400,26096,0.050,0.000,,0,0,0.000,1.860,0.000,0.000,0.092,6250,6250,6250,23,23,0,1,9500,0.880,1,4.599,0.000,0,0,0.000,0.000,0,0,0,0,0.283,0.660,0.056,1,0,0,latency-pressure-freshness-hold,22,0,0,176,410,176,189,45,326,326,0,5,large-au-observed,0,,0,0,11.703,21.976,0,,0.000,0.000,0.000,0.000,0,0,0,,54,0,0,9.406,0,1487,0.091,0.000,0.000,0.091,0.000,0.065,0.008,1,1,1,1,0,1,1,0,0,0,1,0,0.860,179.995,0.000,26,0,0.000,0,0,0,0.000,0.000,0.000,0.000,0.000,0.000,0.000,1.759,7.116,0,0,0,0,0,0,0,0,0.000,0.000,0.000,0.000,0.000,0.000,0,0.086,21.050,1112,1117,5475,13.769,190.127,45.681,190.127,9736.648,252,1,H.264,80.730,0,0,189.068,190.047,1.000,145.850,79.635,arrival-gap-jitter-spike,45614.024,0,1,1,1,1,55350.672,466.869,499.835,501.326,501.326,0,0,9,0,0,9,1,true-stale-frame freshness,frame-age-threshold,134.516,167.134,1474,1,decoded,0,0,0,0,0,0,0,0,0,0,,98.199,0.000,100.767,0.000,0.000,0.000,120.000,stale-before-upload,0.001,1485,0.000,105.111,4.772,0.074,0.726,0.476,0.000,0.249,1,0,0,1,3,0.059,20.545,21.050,34.783,20.333,1.000,Loss,0,1,0,0.000,0,1,1,1,0.060,0.000,0.060,0,100,0,43237,40742,2462,0,2469
56.351,Custom_loss6_delay0-100_dup0_reorder6_burst0,Loopback,1,1,0,,,0.000,0,21,1510,22.230,20.849,22.176,107.356,102.530,76.778,57.605,16.700,0.059,0.225,41328,2602,38647,36045,5516,3268,384,1678,1420,258,186,0,36049,1155,335,0,0,0,0,5.000,0,0,0,0,0,0,0,0,0,0,0,0,0,0,0,0.000,0.000,0.000,,1137,1137,5584,0,1,27.021,189.068,28.284,190.047,0.000,0.000,1132,1127,21223,1413,322,0,3575,5970,1511,1,nack-sent,pending,H.264,0,1,23,15,8,3,2,2,2,18,0,0,43869,14,0,0,0,0,0,76.262,272,384,258,249,258,0,65.831,22.195,123.307,5,0,919,53,972,0,285,39,0.415,0.585,0.945,1.000,0.120,45.000,0.167,0.833,0.000,duplicate-guard,1986,15771,0,0,1131,14389,3575,34441,850,1364,5,18,34420,predicted-useful,fec-grace,6030,0.348,373,972,0,3,0,0,0,16,18,16,18,365,5769,365,5769,0,0,0,pacing,1,0.719,10.324,118.324,0,0,16,18,0,0,0,0,8,15,15,0,1381,2,2,sent,135,396,0,8,116,2,0,0,9,18,1495,2,stale-age,5790,4402,220,0,1,9500000,1200000,0,0,0,43886,43886,53843354,2568,3165703,1383,1708458,0,0,0,0,0,16.736,36.813,7492.000,4800.000,2259,79974,41327,18491,38647,20156,0.309,35.091,3.179,2259,4556989,7329116,1.316,15.056,0.496,15.792,79974,3575,1140,34441,987,2580,8,317,316,592,49,87,1,19,29,1,0,0,0,0,0,0,0,0,0,264,4,1,0,4,7306,5970,5970,0,0,0,0,0,,disabled,,0,0,0,0,,1,Fixed Quality,Hybrid,85,30,9500,12000,640,360,H.264,480,270,518400,27136,518400,27136,0.052,0.000,,0,0,0.000,2.133,0.000,0.000,0.076,7250,6500,6500,24,24,0,1,9500,1.000,0,16.736,0.000,0,0,0.000,0.000,0,0,0,0,0.280,0.666,0.055,1,0,0,disabled,23,0,0,178,419,178,194,47,331,331,0,5,large-au-observed,0,,0,0,11.676,22.851,0,,0.000,0.000,0.000,0.000,0,0,0,,55,0,0,4.375,0,1513,0.076,0.000,0.000,0.076,0.000,0.054,0.006,1,1,1,1,0,1,1,0,0,0,0,0,1.000,0.000,0.000,30,0,0.000,0,0,0,0.000,0.000,0.000,0.000,0.000,0.000,0.000,2.048,8.419,0,0,0,0,0,0,0,0,0.000,0.000,0.000,0.000,0.000,0.000,0,0.112,20.849,1132,1137,5584,28.103,190.127,45.681,190.127,9736.648,252,1,H.264,80.730,0,0,189.068,190.047,1.000,145.850,79.635,arrival-gap-jitter-spike,46614.895,0,1,1,1,1,56351.543,466.869,499.835,501.326,501.326,0,0,9,0,0,9,0,,,134.516,167.134,1474,1,decoded,0,0,0,0,0,0,0,0,0,0,,101.604,0.000,104.522,0.000,0.000,0.000,133.678,stale-before-upload,0.001,1510,0.000,110.034,5.390,0.085,0.241,0.001,0.000,0.241,1,0,0,1,3,0.059,22.230,20.849,16.700,22.176,1.000,RecoveryDeadline,0,1,0,0.000,2,1,1,1,0.060,0.000,0.060,0,100,0,43942,41390,2503,0,2509
57.352,Custom_loss6_delay0-100_dup0_reorder6_burst0,Loopback,1,1,0,,,0.000,0,21,1537,21.196,21.186,21.197,98.170,102.455,98.233,58.386,4.800,0.059,0.225,42057,2630,39308,36678,5610,3314,388,1718,1456,262,190,0,36682,1175,341,0,0,0,0,5.000,0,0,0,0,0,0,0,0,0,0,0,0,0,0,0,0.000,0.000,0.000,,1157,1157,5688,0,1,41.361,189.068,42.379,190.047,0.000,0.000,1152,1147,21601,1437,328,0,3635,6080,1538,1,fec-recovered,pending,H.264,0,1,24,17,7,3,1,1,4,12,0,0,44650,15,0,0,0,0,0,71.770,278,388,262,253,262,0,65.754,22.063,123.307,5,0,933,53,986,0,290,39,0.417,0.583,0.946,1.000,0.119,45.000,0.286,0.714,0.000,duplicate-guard,2023,16060,0,0,1153,14658,3635,34930,865,1384,5,18,34909,predicted-useful,fec-grace,6134,0.000,379,986,0,3,0,0,0,17,19,17,19,371,5863,371,5863,0,0,0,pacing,1,0.784,9.427,117.427,0,0,17,19,0,0,0,0,8,15,15,0,1381,2,2,sent,136,398,0,8,117,2,0,0,9,18,1534,2,stale-age,5885,4478,224,0,1,9500000,1200000,14,0,14,44668,44653,54785304,2611,3218779,1408,1739598,0,0,0,0,0,0.710,36.813,4570.375,4800.000,2298,81333,42029,18745,39304,20559,0.308,40.517,0.000,2298,7428996,10249999,1.156,16.336,0.516,22.177,81333,3635,1160,34930,999,2628,8,323,322,602,49,87,1,19,29,1,0,0,0,0,0,0,0,0,0,270,4,1,0,4,7437,6080,6080,0,0,0,0,0,,disabled,,0,0,0,0,,1,Fixed Quality,Hybrid,85,30,9500,12000,640,360,H.264,480,270,518400,28176,518400,28176,0.054,0.000,,0,0,0.000,2.120,0.000,0.000,0.072,7250,6750,6750,25,25,0,1,9500,1.000,0,17.119,0.000,0,0,0.000,0.000,0,0,0,0,0.282,0.664,0.054,1,0,0,disabled,24,0,0,180,425,180,198,47,335,335,0,5,large-au-observed,0,,0,0,19.001,23.727,0,,0.000,0.000,0.000,0.000,0,0,0,,56,0,0,4.690,0,1540,0.072,0.000,0.000,0.072,0.000,0.048,0.007,1,1,1,1,0,1,1,0,0,0,1,0,0.860,31.094,0.000,26,0,0.000,0,0,0,0.000,0.000,0.000,0.000,0.000,0.000,0.000,2.038,9.114,0,0,0,0,0,0,0,0,0.000,0.000,0.000,0.000,0.000,0.000,0,0.091,21.186,1152,1157,5688,42.622,190.127,45.681,190.127,9736.648,252,1,H.264,80.730,0,0,189.068,190.047,1.000,145.850,79.635,arrival-gap-jitter-spike,47615.037,0,1,1,1,1,57351.685,466.869,499.835,501.326,501.326,0,0,9,0,0,9,0,,,134.516,167.134,1474,1,decoded,0,0,0,0,0,0,0,0,0,0,,97.289,0.000,100.078,0.000,0.000,0.000,129.085,stale-before-upload,0.000,1537,0.000,105.065,4.882,0.077,0.429,0.136,0.000,0.294,1,0,0,1,3,0.059,21.196,21.186,4.800,21.197,1.000,Loss,0,1,0,1.000,0,1,1,1,0.060,0.000,0.060,0,100,0,44710,42121,2546,0,2545
58.354,Custom_loss6_delay0-100_dup0_reorder6_burst0,Loopback,1,1,0,,,0.000,0,21,1562,20.782,20.780,20.822,101.547,102.459,76.461,58.727,49.587,0.059,0.224,42746,2677,39959,37282,5689,3365,393,1739,1475,264,192,0,37286,1194,345,0,0,0,0,5.000,0,0,0,0,0,0,0,0,0,0,0,0,0,0,0,0.000,0.000,0.000,,1176,1176,5785,0,1,96.721,189.068,97.706,190.047,0.000,0.000,1171,1166,21950,1458,332,0,3696,6172,1563,1,nack-sent,pending,H.264,0,1,24,23,1,4,3,3,8,16,0,0,45339,4,0,0,0,0,0,107.500,280,393,264,255,264,0,65.820,22.190,123.307,5,0,942,54,996,0,292,39,0.416,0.584,0.946,1.000,0.118,45.000,0.000,1.000,0.000,duplicate-guard,2065,16331,0,0,1173,14894,3696,35395,887,1419,5,18,35374,predicted-useful,likely-arrival,6237,0.083,383,996,0,3,0,0,0,17,19,17,19,375,5932,375,5932,0,0,0,pacing,1,0.819,8.044,116.044,0,0,17,19,0,0,0,0,8,15,15,0,1381,2,2,sent,138,403,0,8,119,2,0,0,9,18,1561,2,stale-age,5954,4557,228,0,1,9500000,1200000,11,0,11,45398,45387,55684612,2651,3267965,1433,1770746,0,0,0,0,0,0.611,36.813,1015.312,4800.000,2336,82679,42725,19024,39954,20930,0.308,3.096,0.973,2336,4596821,7298135,1.834,8.714,0.503,14.823,82679,3695,1179,35394,1011,2676,8,327,326,611,50,89,2,19,30,1,0,0,0,0,0,0,0,0,0,273,4,1,0,4,7559,6172,6172,0,0,0,0,0,,disabled,,0,0,0,0,,1,Fixed Quality,Hybrid,85,30,9500,12000,640,360,H.264,480,270,518400,28178,518400,28178,0.054,0.000,,0,0,0.000,1.886,0.000,0.000,0.143,7250,6750,6750,25,25,0,1,9500,1.000,0,4.720,0.000,0,0,0.000,0.000,0,0,0,0,0.281,0.665,0.054,1,0,0,disabled,24,0,0,182,432,182,202,48,339,339,0,5,large-au-observed,0,,0,0,0.012,23.729,0,,0.000,0.000,0.000,0.000,0,0,0,,57,0,0,9.712,0,1566,0.143,0.000,0.000,0.142,0.000,0.101,0.010,1,1,1,1,0,1,1,0,0,0,0,0,1.000,0.000,0.000,30,0,0.000,0,0,0,0.000,0.000,0.000,0.000,0.000,0.000,0.000,1.732,13.788,0,0,0,0,0,0,0,0,0.000,0.000,0.000,0.000,0.000,0.000,0,0.123,20.780,1171,1176,5785,98.462,190.127,45.681,190.127,9736.648,252,1,H.264,80.730,0,0,189.068,190.047,1.000,145.850,79.635,arrival-gap-jitter-spike,48617.734,0,1,1,1,1,58354.382,466.869,499.835,501.326,501.326,0,0,9,0,0,9,0,,,134.516,167.134,1474,1,decoded,0,0,0,0,0,0,0,0,0,0,,101.332,0.000,104.358,0.000,0.000,0.000,135.774,stale-before-upload,0.001,1562,0.000,110.257,5.764,0.081,0.344,0.023,0.000,0.321,1,0,0,1,3,0.059,20.782,20.780,49.587,20.822,1.000,RecoveryDeadline,0,1,0,0.000,1,1,1,1,0.060,0.000,0.060,0,100,0,45445,42814,2586,0,2583
59.356,Custom_loss6_delay0-100_dup0_reorder6_burst0,Loopback,1,1,0,,,0.000,0,21,1590,27.273,27.302,26.686,103.858,102.435,71.899,58.971,2.095,0.059,0.222,43455,2715,40619,37904,5788,3414,399,1781,1512,269,194,0,37908,1219,348,0,0,0,0,5.000,0,0,0,0,0,0,0,0,0,0,0,0,0,0,0,0.000,0.000,0.000,,1201,1201,5883,0,1,33.552,189.068,34.571,190.047,0.000,0.000,1196,1190,22317,1488,335,0,3746,6282,1591,1,fec-recovered,pending,H.264,0,1,22,13,9,3,2,1,1,11,0,0,46137,18,0,0,0,0,0,55.507,283,399,269,260,269,0,66.066,22.128,123.307,5,0,956,54,1010,0,298,39,0.415,0.585,0.947,1.000,0.116,45.000,0.286,0.714,0.000,duplicate-guard,2108,16620,0,0,1195,15146,3746,35899,908,1456,5,18,35878,predicted-useful,fec-grace,6336,0.955,389,1010,0,3,0,0,0,19,21,19,21,381,6019,381,6019,0,0,0,pacing,1,0.768,8.501,116.501,0,0,19,21,0,0,0,0,8,15,15,0,1381,2,2,sent,139,405,0,8,120,2,0,0,9,18,1587,2,stale-age,6043,4618,232,0,1,9500000,1200000,0,0,0,46116,46116,56579463,2695,3322127,1458,1801264,0,0,0,0,0,11.745,36.813,3913.250,4800.000,2374,84063,43444,19292,40619,21327,0.308,24.774,6.360,2374,5439634,8215812,2.830,6.059,0.498,20.814,84063,3746,1202,35899,1023,2715,8,330,329,618,50,89,2,19,30,1,0,0,0,0,0,0,0,0,0,276,4,1,0,4,7681,6282,6282,0,0,0,0,0,,disabled,,0,0,0,0,,1,Fixed Quality,Hybrid,85,30,9500,12000,640,360,H.264,480,270,518400,0,518400,26096,0.050,0.000,,0,0,0.000,5.047,0.000,4.386,0.639,6500,6250,6250,26,26,0,1,9500,0.892,1,11.745,0.000,0,0,0.000,0.000,0,0,0,0,0.280,0.666,0.053,1,0,0,latency-pressure-freshness-hold,0,0,0,184,436,184,204,48,343,343,0,5,async-output-pending,0,,0,0,0.000,0.000,0,,11.393,7126.562,45673.077,0.000,0,0,0,,58,0,0,0.000,1,0,0.628,0.152,0.475,0.000,0.000,0.000,0.000,0,0,1,1,1,0,0,1,1,0,1,0,0.860,170.179,0.000,26,0,0.000,0,0,0,0.000,0.000,0.000,0.000,0.000,0.000,0.000,0.000,20.138,0,0,0,0,0,0,0,0,0.000,0.000,0.000,0.000,0.000,0.000,0,0.106,27.302,1196,1201,5883,34.889,190.127,45.681,190.127,9736.648,252,1,H.264,80.730,0,0,189.068,190.047,1.000,145.850,79.635,arrival-gap-jitter-spike,49619.508,0,1,1,1,1,59356.156,466.869,499.835,501.326,501.326,0,0,10,0,0,10,1,latency-pressure freshness,latency-over-80ms,137.525,167.134,1573,1,decoded,0,0,0,0,0,0,0,0,0,0,,99.400,0.000,102.194,0.000,0.000,0.000,131.929,stale-before-upload,0.001,1590,0.000,107.870,5.638,0.084,0.217,0.001,0.000,0.216,1,0,0,1,3,0.059,27.273,27.302,2.095,26.686,1.000,Loss,0,1,0,0.000,0,2,2,1,0.060,0.000,0.060,0,100,0,46175,43522,2623,0,2621
60.358,Custom_loss6_delay0-100_dup0_reorder6_burst0,Loopback,1,1,0,,,0.000,0,21,1616,18.295,16.621,17.284,96.340,102.526,60.851,59.006,31.051,0.059,0.222,44185,2774,41311,38537,5876,3470,405,1805,1533,272,196,0,38541,1240,354,0,0,0,0,5.000,0,0,0,0,0,0,0,0,0,0,0,0,0,0,0,0.000,0.000,0.000,,1221,1221,5991,0,1,22.427,189.068,23.610,190.047,0.000,0.000,1216,1210,22707,1512,340,0,3809,6386,1618,1,nack-sent,pending,H.264,0,1,23,14,9,3,1,1,0,9,0,0,46910,6,0,0,0,0,0,55.686,288,405,272,263,272,0,66.138,22.089,123.307,5,0,970,54,1024,0,303,39,0.416,0.584,0.947,1.000,0.114,45.000,0.286,0.714,0.000,duplicate-guard,2154,16889,0,0,1218,15382,3809,36435,931,1489,5,18,36413,predicted-useful,fec-grace,6441,0.435,395,1024,0,3,0,0,0,20,22,20,22,387,6115,387,6115,0,0,0,pacing,1,0.793,9.356,117.356,0,0,20,22,0,0,0,0,8,15,15,0,1381,2,2,sent,140,409,0,8,121,2,0,0,9,18,1613,4,stale-age,6140,4694,236,0,1,9500000,1200000,0,0,0,46902,46902,57548033,2737,3374119,1482,1831160,0,0,0,0,0,11.317,36.813,2121.500,4800.000,2414,85492,44181,19615,41311,21696,0.307,27.656,0.072,2414,6771476,9930434,0.745,2.638,0.487,16.293,85492,3808,1223,36426,1035,2765,8,335,334,625,50,89,2,19,30,1,0,0,0,0,0,0,0,0,0,281,4,1,0,4,7818,6386,6386,0,0,0,0,0,,disabled,,0,0,0,0,,1,Fixed Quality,Hybrid,85,30,9500,12000,640,360,H.264,480,270,518400,27136,518400,27136,0.052,0.000,,0,0,0.000,2.157,0.000,0.000,0.127,7250,6500,6500,27,27,0,1,9500,1.000,0,11.317,0.000,0,0,0.000,0.000,0,0,0,0,0.281,0.666,0.053,1,0,0,disabled,23,0,0,186,440,186,206,48,347,347,0,5,large-au-observed,0,,0,0,11.412,22.851,0,,0.000,0.000,0.000,0.000,0,0,0,,59,0,0,9.580,0,1619,0.126,0.000,0.000,0.126,0.000,0.058,0.043,1,1,1,1,0,1,1,0,0,0,1,0,0.860,179.995,0.000,26,0,0.000,0,0,0,0.000,0.000,0.000,0.000,0.000,0.000,0.000,2.000,6.734,0,0,0,0,0,0,0,0,0.000,0.000,0.000,0.000,0.000,0.000,0,0.110,16.621,1216,1221,5991,23.599,190.127,45.681,190.127,9736.648,252,1,H.264,80.730,0,0,189.068,190.047,1.000,145.850,79.635,arrival-gap-jitter-spike,50621.865,0,1,1,1,1,60358.513,466.869,499.835,501.326,501.326,0,0,10,0,0,10,0,,,137.525,167.134,1573,1,decoded,0,0,0,0,0,0,0,0,0,0,,108.681,0.000,111.458,0.000,0.000,0.000,128.170,stale-before-upload,0.001,1616,0.000,116.388,4.807,0.077,0.415,0.111,0.000,0.304,1,0,0,1,3,0.059,18.295,16.621,31.051,17.284,1.000,Loss,0,1,0,0.000,1,3,3,1,0.060,0.000,0.060,0,100,0,46962,44258,2667,0,2662
