timeSec,scenarioName,networkRuntimeMode,networkModeSendingEnabled,networkModeReceivingEnabled,networkExperimentActive,networkExperimentScenarioName,networkExperimentAdaptiveMode,networkExperimentRemainingSec,networkExperimentStepIndex,networkExperimentStepCount,frameId,receiveFps,decodeFps,displayFps,currentLatencyMs,averageLatencyMs,currentRttMs,averageRttMs,currentJitterMs,packetLossRate,frameDropRate,receivedPackets,missingPackets,sequenceGapPackets,sequenceGapRecoveredPackets,duplicatePackets,duplicateOriginalPackets,duplicateRetransmitPackets,duplicateLateAfterCompletedPackets,duplicateLateAfterCompletedOriginalPackets,duplicateLateAfterCompletedRetransmitPackets,duplicateLateAfterExpiredPackets,duplicateLateAfterRejectedPackets,reorderedPackets,completedFrames,droppedFrames,deadlineDroppedFrames,outputQueueDroppedFrames,outputQueueDropEvents,outputQueueDropBurstEvents,startupWarmupSec,startupWarmupActive,outputQueueDroppedFramesDelta,outputQueueDropEventsDelta,outputQueueDropBurstEventsDelta,startupOutputQueueDroppedFrames,startupOutputQueueDropEvents,startupOutputQueueDropBurstEvents,steadyOutputQueueDroppedFrames,steadyOutputQueueDropEvents,steadyOutputQueueDropBurstEvents,evaluationOutputQueueDroppedFrames,evaluationOutputQueueDropEvents,evaluationOutputQueueDropBurstEvents,lastOutputQueueDropFrameCount,lastOutputQueueDropQueueSize,lastOutputQueueDropOldestAgeMs,lastOutputQueueDropNewestAgeMs,maxOutputQueueDropOldestAgeMs,lastOutputQueueDropReason,completedQueuePushes,completedQueuePops,completedQueueEmptyPolls,completedQueueSize,maxCompletedQueueSize,completedQueueLastPopAgeMs,completedQueueMaxPopAgeMs,completedQueueLastPushIntervalMs,completedQueueMaxPushIntervalMs,lastOutputQueueDropPopAgeMs,lastOutputQueueDropPushIntervalMs,decodedFrames,displayedFrames,frameRecoveryOutcomeEvents,frameRecoveryCompletedFrames,frameRecoveryExpiredFrames,frameRecoveryRejectedFrames,frameRecoveryNackSentFrames,frameRecoveryFecRecoveredFrames,frameRecoveryLastFrameId,frameRecoveryLastStreamId,frameRecoveryLastEvent,frameRecoveryLastOutcome,frameRecoveryLastCodec,frameRecoveryLastKeyFrame,frameRecoveryLastLargeFrame,frameRecoveryLastChunkCount,frameRecoveryLastReceivedChunks,frameRecoveryLastMissingChunks,frameRecoveryLastFecParityPackets,frameRecoveryLastFecRecoveredChunks,frameRecoveryLastNackCount,frameRecoveryLastPostNackReceivedChunks,frameRecoveryLastNackRequestedChunks,frameRecoveryLastRetransmitReceivedChunks,frameRecoveryLastRetransmitDuplicatePackets,frameRecoveryLastPacketSequence,frameRecoveryLastPacketChunkIndex,frameRecoveryLastRetransmitSequence,frameRecoveryLastRetransmitChunkIndex,frameRecoveryLastEventPacketSequence,frameRecoveryLastEventPacketChunkIndex,frameRecoveryLastEventWasRetransmit,frameRecoveryLastAgeMs,retransmitUsefulChunks,retransmitDuplicatePackets,retransmitLateAfterCompletedPackets,retransmitLateAfterCompletedLargePackets,retransmitLateAfterCompletedSentBeforeCompletePackets,retransmitLateAfterCompletedSentAfterCompletePackets,retransmitLateAfterCompletedAvgSendToCompleteMs,retransmitLateAfterCompletedAvgDelayMs,retransmitLateAfterCompletedMaxDelayMs,retransmitLateAfterExpiredPackets,retransmitLateAfterRejectedPackets,retransmitClassifiedPackets,retransmitNotArrivedPackets,retransmitAccountedPackets,retransmitUnclassifiedPackets,retransmitCompletedFrames,retransmitExpiredFrames,retransmitUsefulnessRatio,retransmitDuplicateRatio,retransmitFinalClassificationRatio,retransmitFinalAccountingRatio,retransmitExpiredAfterUsefulRatio,dynamicNackDeadlineMs,dynamicNackUsefulnessRatio,dynamicNackDuplicateRatio,dynamicNackExpiredAfterRetransmitRatio,dynamicNackDecisionReason,nackSuppressedFrames,nackSuppressedMissingChunks,nackPreflightSuppressedFrames,nackPreflightSuppressedChunks,nackFecGraceSuppressedFrames,nackFecGraceSuppressedChunks,nackPredictedUsefulFrames,nackPredictedUsefulChunks,nackDeferredForLikelyArrivalFrames,nackDeferredForLikelyArrivalChunks,nackSkippedTooLateFrames,nackSkippedTooLateChunks,nackRequestedChunkBudget,nackLastShapingReason,nackLastSuppressionReason,ackCount,lastAckMissingRate,ackRetransmittedFrames,ackRetransmittedChunks,repairCanceledByCompleteAckPackets,repairSkippedByTtlPackets,repairQueuedButCanceledPackets,repairSentAfterCompleteAckPackets,repairSentAfterCompleteAckLargePackets,repairSuppressedByFecLikelyFrames,repairSuppressedByFecLikelyPackets,repairSuppressedByFecLikelyLargeFrames,repairSuppressedByFecLikelyLargePackets,repairBudgetSuppressedFrames,repairBudgetSuppressedPackets,repairBudgetSuppressedLargeFrames,repairBudgetSuppressedLargePackets,repairRaceGuardSuppressedFrames,repairRaceGuardSuppressedPackets,repairRaceGuardSuppressedLargePackets,repairBudgetProfile,repairBudgetProfileSwitches,repairBudgetSmoothedMissingRate,repairBudgetSmoothedPacingQueueDelayMs,repairBudgetSmoothedDeliveryMs,repairFecLikelySuppressedCompletedFrames,repairFecLikelySuppressedCompletedPackets,repairFecLikelySuppressedExpiredFrames,repairFecLikelySuppressedExpiredPackets,repairFecLikelySuppressedPendingFrames,repairFecLikelySuppressedPendingPackets,repairFecLikelySuppressionRescueFrames,repairFecLikelySuppressionRescuePackets,lateRepairSavedPackets,ackStaleDroppedFrames,ackKeyFrameRequests,ackKeyFramePending,pacingEnabled,pacingTargetBitrateBps,pacingRepairTargetBitrateBps,pacingQueuedPackets,pacingHighPriorityQueuedPackets,pacingNormalQueuedPackets,pacingEnqueuedPackets,pacingSentPackets,pacingSentBytes,pacingRepairSentPackets,pacingRepairSentBytes,pacingRepairBorrowedPackets,pacingRepairBorrowedBytes,pacingDroppedPackets,pacingDeadlineDroppedPackets,pacingHighPriorityDeadlineDroppedPackets,pacingNormalDeadlineDroppedPackets,pacingOverflowDroppedPackets,pacingCurrentQueueDelayMs,pacingMaxQueueDelayMs,pacingVideoCreditBytes,pacingRepairCreditBytes,transportFeedbackPackets,transportFeedbackPacketStatuses,transportFeedbackReceivedPackets,transportFeedbackMissingPackets,transportFeedbackSequenceGapPackets,transportFeedbackSequenceGapRecoveredPackets,transportFeedbackLossRate,transportFeedbackArrivalJitterMs,transportFeedbackQueueDelayTrendMs,transportFeedbackLastSequence,estimatedBandwidthBps,deliveryRateBps,bandwidthQueueDelayMs,bandwidthRttTrendMs,bandwidthLossTrend,bandwidthJitterTrendMs,bandwidthFeedbackSamples,deadlineNackSentFrames,deadlineNackRecoveredFrames,deadlineNackMissingChunks,deadlineNackSentH264KeyFrames,deadlineNackSentH264LargeFrames,deadlineNackSentH264DeltaFrames,deadlineNackExpiredDroppedFrames,deadlineNackExpiredAfterNackFrames,deadlineNackExpiredMissingChunks,deadlineNackExpiredH264KeyFrames,deadlineNackExpiredH264KeyMissingChunks,deadlineNackLastExpiredH264KeyMissingChunks,deadlineNackExpiredH264KeyMissingChunks1,deadlineNackExpiredH264KeyMissingChunks2To4,deadlineNackExpiredH264KeyMissingChunks5To8,deadlineNackExpiredH264KeyMissingChunks9To16,deadlineNackExpiredH264KeyMissingChunks17Plus,h264KeySmallMissingDeadlineRescueFrames,h264KeySmallMissingDeadlineRescueMissingChunks,h264KeySmallMissingDeadlineRescueCompletedFrames,h264KeySmallMissingDeadlineRescueRejectedFrames,h264KeySmallMissingDeadlineRescueExpiredFrames,h264KeySmallMissingDeadlineRescueCompletedMissingChunks,h264KeySmallMissingDeadlineRescueExpiredMissingChunks,deadlineNackExpiredH264LargeFrames,deadlineNackExpiredH264DeltaFrames,fecEnabled,adaptiveFecEnabled,fecGroupChunkCount,fecParityPackets,fecRecoveredFrames,fecRecoveredChunks,h264ReassemblerAuRejectedFrames,h264ReassemblerHeaderFailures,h264ReassemblerPayloadSizeMismatches,h264ReassemblerFrameIdMismatches,h264ReassemblerCrcMismatches,h264ReassemblerLastRejectReason,adaptiveFecDecisionReason,adaptiveFecHoldReason,adaptiveFecG8ToG4Recovery,adaptiveFecQualityHoldActive,adaptiveFecQualityHoldCanceled,adaptiveFecEmergencyG2Active,adaptiveFecEarlyOffReason,adaptiveEnabled,adaptiveControlMode,adaptiveCongestionControlMode,targetJpegQuality,targetFps,targetBitrateKbps,adaptiveBandwidthCeilingKbps,targetWidth,targetHeight,actualCodec,actualEncodeWidth,actualEncodeHeight,actualRawFrameBytes,actualEncodedFrameBytes,rawFrameBytes,encodedFrameBytes,compressionRatio,captureFps,cameraCaptureSubtype,cameraCaptureWidth,cameraCaptureHeight,cameraCaptureFormatFps,encodeMs,resizeMs,nv12PrepareMs,h264EncodeMs,h264EncoderRequestedBitrateKbps,h264EncoderTargetBitrateKbps,h264EncoderAppliedBitrateKbps,h264DynamicBitrateUpdateRequests,h264DynamicBitrateUpdateSuccesses,h264DynamicBitrateUpdateFailures,h264EncoderReinitializations,pacingBudgetTargetBitrateKbps,h264VideoBudgetScale,pacingBurstGuardActive,fixedPacingRecentMaxQueueDelayMs,fixedPacingQueueReleaseStableSec,fixedPacingQueueRecovered,fixedPacingQueueReleaseEligible,adaptiveRepairBudgetUtilization,adaptiveRepairBorrowedRatio,adaptiveRepairSentBytesDelta,adaptiveRepairBorrowedBytesDelta,adaptiveRepairBudgetGuardActive,adaptiveRepairVideoBudgetPressure,adaptiveRetransmitUsefulRatio,adaptiveLateRepairWasteRatio,adaptiveRetransmitNotArrivedRatio,adaptiveRetransmitAccountingComplete,adaptiveLateRepairWastePressure,adaptiveRetransmitNotArrivedPressure,adaptiveRepairDecisionReason,h264AuChunkCount,h264AuIsIdr,h264AuIsDecoderSync,h264RequestedKeyFrameConsumedFrames,h264EncoderKeyFrameRequests,h264RecoveryKeyFrameRequests,h264AwaitingSyncKeyFrameRequests,h264PeriodicIdrRequests,h264IdrFrames,h264DecoderSyncFrames,h264ConsecutiveIdrFrames,h264MaxConsecutiveIdrFrames,h264AuProtectionLevel,h264AuDroppedBeforeSend,h264AuDropReason,h264AuDroppedBytes,h264AuDroppedChunks,h264AuPacingQueueDelayMs,h264AuEstimatedSendMs,h264InputGatedByPacing,h264InputGateReason,h264InputGateQueueDelayMs,h264InputGateVideoCreditBytes,h264InputGateFrameBudgetBytes,h264InputGateDurationMs,h264InputGateConsecutiveFrames,h264InputGateSkippedInputFrames,h264InputGateForcedOpen,h264InputGateReleaseReason,fecProtectedH264KeyFrames,fecProtectedH264LargeFrames,h264EncoderDelayFrames,h264EncoderDelayMs,h264EncoderPendingFrames,h264EncodedInputFrameId,h264EncoderCallMs,h264EncoderSampleCreateMs,h264EncoderProcessInputMs,h264EncoderPreInputPollMs,h264EncoderPostInputWaitMs,h264EncoderProcessOutputMs,h264EncoderOutputCopyMs,h264EncoderProcessOutputAttempts,h264EncoderAsyncEventCount,h264EncoderHardware,h264EncoderAsync,h264EncoderNeedInputSignaled,h264EncoderOutputProduced,h264EncoderOutputProducedBeforeInput,h264SubmittedNewInput,h264AsyncSubmittedWithoutOutput,h264AsyncPendingNoOutput,h264AsyncCadenceHoldActive,h264AsyncPendingNoOutputStreak,h264AsyncCadenceScale,h264AsyncCadenceHoldRemainingMs,h264AsyncOutputPollBackoffMs,h264InputCadenceFps,h264NeedInputSubmitWake,h264NeedInputSubmitLeadMs,encodedCameraFrameId,encodedCameraSourceTimestamp100ns,encodedCameraCaptureCompletedTimeUs,encodedCameraFrameAgeMs,encodedCameraReadSampleMs,encodedCameraReadSampleEndToCaptureMs,encodedCameraCaptureToPublishMs,encodedCameraPublishToAcquireMs,encodedCameraAcquireToEncoderInputMs,jpegEncodeMs,packetizeMs,sendFrameIntervalMs,cameraFrameReady,cameraFrameId,cameraSourceTimestamp100ns,cameraReadSampleStartTimeUs,cameraReadSampleEndTimeUs,cameraCaptureCompletedTimeUs,cameraFramePublishedTimeUs,cameraSenderAcquireTimeUs,cameraReadSampleMs,cameraReadSampleEndToCaptureMs,cameraCaptureToPublishMs,cameraPublishToAcquireMs,cameraAcquireToSendMs,cameraFrameAgeMs,cameraFrameCacheUsed,receiveJpegDecodeMs,receiveDecodeWorkerFps,receiveDecodeWorkerFrames,receiveDecodePopSuccesses,receiveDecodePopEmptyPolls,receiveDecodeLoopLastPopGapMs,receiveDecodeLoopMaxPopGapMs,receiveStartupDecodeLoopMaxPopGapMs,receiveSteadyDecodeLoopMaxPopGapMs,receiveSteadyDecodeLoopMaxPopGapAtMs,receiveSteadyDecodeLoopMaxPopGapFrameId,receiveSteadyDecodeLoopMaxPopGapStreamId,receiveSteadyDecodeLoopMaxPopGapCodec,receiveSteadyDecodeLoopMaxPopGapInputFrameAgeMs,receiveSteadyDecodeLoopMaxPopGapDecodedQueueSize,receiveSteadyDecodeLoopMaxPopGapCompletedQueueSize,receiveSteadyDecodeLoopMaxPopGapCompletedQueuePopAgeMs,receiveSteadyDecodeLoopMaxPopGapCompletedQueuePushIntervalMs,receiveSteadyDecodeLoopMaxPopGapArrivalRatio,receiveSteadyDecodeLoopMaxPopGapReceiverJitterMs,receiveSteadyDecodeLoopMaxPopGapReceiverLatencyMs,receiveSteadyDecodeLoopMaxPopGapClass,receiveSteadyDecodeLoopMaxPopGapAgeMs,receiveH264StartupActive,receiveH264StartupDecoderSynced,receiveH264StartupFirstDecoded,receiveH264StartupFirstDisplayed,receiveH264StartupReady,receiveH264StartupElapsedMs,receiveH264StartupDecoderSyncMs,receiveH264StartupFirstDecodedMs,receiveH264StartupFirstDisplayedMs,receiveH264StartupReadyMs,receiveH264StartupQueueFlushFrames,receiveDecodeOverwrittenFrames,receiveDecodeQueueDroppedFrames,receiveDecodeRenderOverwriteFrames,receiveDecodeFailures,receiveFreshnessDroppedFrames,receiveFreshnessDroppedFramesDelta,receiveFreshnessDropClass,receiveFreshnessDropEvidence,receiveLastFreshnessDropAgeMs,receiveMaxFreshnessDropAgeMs,receiveLastFreshnessDropFrameId,receiveLastFreshnessDropStreamId,receiveLastFreshnessDropCodec,receiveH264AuInvalidFrames,receiveH264AuCrcMismatches,receiveH264AuPayloadSizeMismatches,receiveH264AuNalCountMismatches,receiveH264AuNoAnnexBNals,receiveH264AuIdrFlagMismatches,receiveH264AuSpsPpsFlagMismatches,receiveH264AuSyncWithoutIdr,receiveH264AuIdrWithoutSpsPps,receiveH264AuForbiddenZeroBit,receiveH264AuLastInvalidReason,receiveDecodeInputFrameAgeMs,receiveDecodeInputCameraFrameAgeMs,receiveDecodeInputEncoderOutputAgeMs,receiveLatestDecodedFrameAgeMs,receiveLatestDecodedCameraFrameAgeMs,receiveLatestDecodedEncoderOutputAgeMs,receiveFreshnessDropThresholdMs,receiveDecodeLastDropReason,receiveUploadBufferWaitMs,receiveDisplayFrameId,receiveDisplayCameraFrameAgeMs,receiveDisplayEncoderOutputAgeMs,receiveDisplayDecodedFrameAgeMs,textureUploadMs,presentGpuWaitMs,renderFramePacingWaitMs,waitableSwapChainWaitMs,presentMs,presentSyncInterval,lowLatencyPresentMode,waitableSwapChainPacingEnabled,waitableSwapChainAvailable,swapChainBufferCount,adaptiveInputPacketLossRate,adaptiveInputReceiveFps,adaptiveInputDecodeFps,adaptiveInputJitterMs,adaptiveInputDisplayFps,adaptiveQoeScore,adaptiveDegradationCause,adaptiveArrivalGapJitterSpikeActive,adaptiveFecRecoveryWorking,adaptiveFecGuardActive,adaptiveFecRecoveryEfficiency,adaptiveFecParityPacketDelta,adaptiveFecRecoveredFrameDelta,adaptiveFecRecoveredChunkDelta,simEnabled,simLossRate,simDuplicateRate,simReorderRate,simMinDelayMs,simMaxDelayMs,simBurstLossLength,simSubmittedPackets,simSentPackets,simDroppedPackets,simDuplicatedPackets,simReorderedPackets
0.135,Custom_loss6_delay0-100_dup0_reorder6_burst0,Loopback,1,1,0,,,0.000,0,21,0,0.000,0.000,0.000,0.000,0.000,0.000,0.000,0.000,0.000,0.000,0,0,0,0,0,0,0,0,0,0,0,0,0,0,0,0,0,0,0,5.000,1,0,0,0,0,0,0,0,0,0,0,0,0,0,0,0.000,0.000,0.000,,0,0,14,0,0,0.000,0.000,0.000,0.000,0.000,0.000,0,0,0,0,0,0,0,0,0,0,,,,0,0,0,0,0,0,0,0,0,0,0,0,0,0,0,0,0,0,0,0.000,0,0,0,0,0,0,0.000,0.000,0.000,0,0,0,0,0,0,0,0,0.000,0.000,0.000,0.000,0.000,0.000,0.000,0.000,0.000,,0,0,0,0,0,0,0,0,0,0,0,0,0,,,0,0.000,0,0,0,0,0,0,0,0,0,0,0,0,0,0,0,0,0,0,balanced,0,0.000,0.000,0.000,0,0,0,0,0,0,0,0,0,0,0,0,1,6000000,1200000,0,0,0,0,0,0,0,0,0,0,0,0,0,0,0,0.000,0.000,3750.000,4800.000,0,0,0,0,0,0,0.000,0.000,0.000,0,6000000,0,0.000,0.000,0.000,0.000,0,0,0,0,0,0,0,0,0,0,0,0,0,0,0,0,0,0,0,0,0,0,0,0,0,0,0,1,0,4,0,0,0,0,0,0,0,0,,disabled,,0,0,0,0,,1,Fixed Quality,Hybrid,85,30,9500,12000,640,360,,0,0,0,0,0,0,0.000,0.000,,0,0,0.000,0.000,0.000,0.000,0.000,0,0,0,0,0,0,0,0,1.000,0,0.000,0.000,1,0,0.000,0.000,0,0,0,0,0.000,0.000,0.000,0,0,0,disabled,0,0,0,0,0,0,0,0,0,0,0,0,,0,,0,0,0.000,0.000,0,,0.000,0.000,0.000,0.000,0,0,0,,0,0,0,0.000,0,0,0.000,0.000,0.000,0.000,0.000,0.000,0.000,0,0,0,0,0,0,0,0,0,0,0,0,1.000,0.000,0.000,0,0,0.000,0,0,0,0.000,0.000,0.000,0.000,0.000,0.000,0.000,0.000,0.000,0,0,0,0,0,0,0,0,0.000,0.000,0.000,0.000,0.000,0.000,0,0.000,0.000,0,0,14,0.000,0.000,0.000,0.000,0.000,0,0,,0.000,0,0,0.000,0.000,0.000,0.000,0.000,,-1.000,1,0,0,0,0,135.565,0.000,0.000,0.000,0.000,0,0,0,0,0,0,0,,,0.000,0.000,0,0,,0,0,0,0,0,0,0,0,0,0,,0.000,0.000,0.000,0.000,0.000,0.000,120.000,,0.000,0,0.000,0.000,0.000,0.000,0.000,0.000,0.000,0.000,1,0,0,1,3,0.000,0.000,0.000,0.000,0.000,0.000,None,0,0,0,0.000,0,0,0,1,0.060,0.000,0.060,0,100,0,0,0,0,0,0
1.136,Custom_loss6_delay0-100_dup0_reorder6_burst0,Loopback,1,1,0,,,0.000,0,21,19,22.107,19.431,19.464,112.608,83.344,0.000,0.000,17.127,0.146,0.190,322,55,323,268,51,26,2,23,15,8,0,0,269,17,4,0,1,1,0,5.000,1,1,1,0,1,1,0,0,0,0,0,0,0,1,1,94.426,56.512,94.426,renderer-lag,15,14,103,0,1,26.929,111.414,28.107,111.660,21.908,21.898,13,13,196,25,1,0,35,53,21,1,fec-recovered,pending,H.264,0,1,26,15,11,2,2,1,2,14,0,0,344,20,0,0,0,0,0,52.637,2,2,8,2,8,0,47.722,36.015,87.283,0,0,12,0,12,0,4,0,0.500,0.500,1.000,1.000,0.000,29.000,0.000,0.000,0.000,insufficient-sample,19,142,0,0,13,130,35,299,6,12,0,0,299,predicted-useful,fec-grace,69,0.538,5,12,0,0,0,0,0,0,0,0,0,1,21,1,21,0,0,0,jitter-ack-loss,0,0.702,4.933,112.933,0,0,0,0,0,0,0,0,21,41,4,0,1,9500000,1200000,29,0,29,422,393,468951,17,18778,2,2496,0,0,0,0,0,0.293,35.410,298.750,4800.000,23,635,317,145,318,173,0.314,25.997,0.000,23,5633843,9045891,0.657,0.000,0.476,14.762,635,35,13,299,12,18,5,1,1,1,0,0,0,0,0,0,0,0,0,0,0,0,0,0,0,1,0,1,0,4,59,53,53,0,0,0,0,0,,disabled,,0,0,0,0,,1,Fixed Quality,Hybrid,85,30,9500,12000,640,360,H.264,480,270,518400,30264,518400,30264,0.058,0.000,,0,0,0.000,2.163,0.000,0.000,0.094,7250,7250,7250,0,0,0,1,9500,0.820,1,33.697,0.000,0,0,0.000,0.000,0,0,0,0,0.167,0.833,0.000,1,0,0,fixed-pacing-queue-hold,26,0,0,2,8,2,6,0,6,6,0,2,large-au-observed,0,,0,0,35.402,25.485,0,,0.000,0.000,0.000,0.000,0,0,0,,1,0,0,6.342,0,23,0.093,0.000,0.000,0.093,0.000,0.066,0.008,1,1,1,1,0,1,1,0,0,0,1,0,0.860,119.093,0.000,26,0,0.000,0,0,0,0.000,0.000,0.000,0.000,0.000,0.000,0.000,2.059,10.370,0,0,0,0,0,0,0,0,0.000,0.000,0.000,0.000,0.000,0.000,0,0.379,19.431,13,14,103,27.861,112.421,54.170,112.421,871.274,12,1,H.264,112.856,0,0,111.414,111.660,0.993,26.232,111.835,arrival-gap-jitter-spike,265.241,0,1,1,1,1,1136.515,509.694,510.608,516.948,516.948,0,0,0,0,0,0,0,,,0.000,0.000,0,0,,0,0,0,0,0,0,0,0,0,0,,96.723,0.000,99.225,0.000,0.000,0.000,136.304,,0.001,19,0.000,104.227,5.174,0.105,0.309,0.001,0.000,0.308,1,0,0,1,3,0.146,22.107,19.431,17.127,19.464,1.000,Jitter,1,1,0,1.000,1,1,1,1,0.060,0.000,0.060,0,100,0,394,324,21,0,25
2.140,Custom_loss6_delay0-100_dup0_reorder6_burst0,Loopback,1,1,0,,,0.000,0,21,44,16.664,14.821,14.826,90.755,88.366,77.028,77.028,24.845,0.070,0.213,930,70,858,788,137,74,6,50,36,14,7,0,789,37,10,0,1,1,0,5.000,1,0,0,0,1,1,0,0,0,0,0,0,0,1,1,94.426,56.512,94.426,renderer-lag,34,33,198,0,1,34.276,111.414,35.164,111.660,21.908,21.898,32,32,522,51,6,0,95,143,45,1,fec-recovered,pending,H.264,0,1,22,16,6,6,4,3,4,32,0,1,964,16,979,0,0,0,0,82.159,3,6,14,8,14,0,54.435,30.270,87.283,0,0,23,0,23,0,7,0,0.333,0.667,1.000,1.000,0.000,25.000,0.000,1.000,0.000,insufficient-sample,49,407,0,0,32,379,95,940,17,28,0,0,940,predicted-useful,fec-grace,170,0.818,10,23,0,0,0,0,0,2,2,2,2,6,94,6,94,0,0,0,pacing,1,0.754,7.123,115.123,0,0,2,2,0,0,0,0,96,117,8,0,1,9500000,1200000,9,0,9,1034,1025,1243536,58,69208,30,36746,0,0,0,0,0,0.658,35.410,986.812,4800.000,56,1780,922,357,858,501,0.279,43.204,0.000,56,4719849,7535250,0.812,0.000,0.461,19.035,1780,95,31,940,24,65,6,6,6,12,0,0,0,0,0,0,0,0,0,0,0,0,0,0,0,6,0,1,0,4,169,143,143,0,0,0,0,0,,disabled,,0,0,0,0,,1,Fixed Quality,Hybrid,85,30,9500,12000,640,360,H.264,480,270,518400,26096,518400,26096,0.050,0.000,,0,0,0.000,1.860,0.000,0.000,0.071,6250,6250,6250,2,2,0,1,9500,0.872,1,12.978,0.000,0,0,0.000,0.000,0,0,0,0,0.000,1.000,0.000,1,0,0,fixed-pacing-queue-hold,22,0,0,4,12,4,8,0,10,10,0,2,large-au-observed,0,,0,0,14.872,21.976,0,,0.000,0.000,0.000,0.000,0,0,0,,2,0,0,6.714,0,47,0.070,0.000,0.000,0.070,0.000,0.050,0.005,1,1,1,1,0,1,1,0,0,0,0,0,1.000,0.000,0.000,24,0,0.000,0,0,0,0.000,0.000,0.000,0.000,0.000,0.000,0.000,1.780,14.210,0,0,0,0,0,0,0,0,0.000,0.000,0.000,0.000,0.000,0.000,0,0.400,14.821,32,33,198,35.269,112.421,54.170,112.421,871.274,12,1,H.264,112.856,0,0,111.414,111.660,0.993,26.232,111.835,arrival-gap-jitter-spike,1269.123,0,1,1,1,1,2140.397,509.694,510.608,516.948,516.948,0,0,0,0,0,0,0,,,0.000,0.000,0,0,,0,0,0,0,0,0,0,0,0,0,,94.296,0.000,96.878,0.000,0.000,0.000,125.377,,0.001,44,0.000,102.724,5.408,0.076,0.644,0.320,0.000,0.324,1,0,0,1,3,0.070,16.664,14.821,24.845,14.826,1.000,RecoveryDeadline,1,1,0,1.000,0,1,1,1,0.060,0.000,0.060,0,100,0,1027,932,55,0,57
3.142,Custom_loss6_delay0-100_dup0_reorder6_burst0,Loopback,1,1,0,,,0.000,0,21,70,18.379,18.369,18.360,122.160,92.959,3.240,40.134,40.246,0.078,0.222,1628,137,1519,1382,232,130,14,77,62,15,11,0,1383,56,16,0,1,1,0,5.000,1,0,0,0,1,1,0,0,0,0,0,0,0,1,1,94.426,56.512,94.426,renderer-lag,53,52,296,0,1,93.695,122.989,94.657,123.911,21.908,21.898,51,50,889,71,12,0,160,246,70,1,completed,completed,H.264,1,1,23,23,0,5,3,3,14,33,2,1,1703,1,1703,1,0,0,0,108.498,10,14,15,9,15,0,54.830,30.656,87.283,0,0,39,4,43,0,10,0,0.417,0.583,0.907,1.000,0.000,39.000,0.400,0.600,0.000,duplicate-guard,81,702,0,0,52,658,160,1561,29,44,0,0,1561,predicted-useful,likely-arrival,276,0.000,18,43,0,0,0,0,0,2,2,2,2,14,217,14,217,0,0,0,pacing,1,0.803,6.882,114.882,0,0,2,2,0,0,0,0,219,194,12,0,1,9500000,1200000,0,0,0,1770,1770,2161360,106,128664,56,69130,0,0,0,0,0,13.398,35.410,1194.688,4800.000,95,3140,1624,700,1516,816,0.301,10.419,1.956,95,6235094,9201519,1.090,-73.788,0.514,16.935,3140,160,50,1561,39,115,6,12,12,22,0,0,0,0,0,0,0,0,0,0,0,0,0,0,0,12,0,1,0,4,295,246,246,0,0,0,0,0,,disabled,,0,0,0,0,,1,Fixed Quality,Hybrid,85,30,9500,12000,640,360,H.264,480,270,518400,27136,518400,27136,0.052,0.000,,0,0,0.000,1.804,0.000,0.000,0.079,7250,6500,6500,3,3,0,1,9500,1.000,0,13.398,0.000,0,0,0.000,0.000,0,0,0,0,0.500,0.500,0.000,1,0,0,disabled,23,0,0,6,19,6,11,2,15,15,0,2,large-au-observed,0,,0,0,15.241,22.851,0,,0.000,0.000,0.000,0.000,0,0,0,,3,0,0,5.414,0,73,0.079,0.000,0.000,0.079,0.000,0.056,0.006,1,1,1,1,0,1,1,0,0,0,1,0,0.860,146.126,0.000,26,0,0.000,0,0,0,0.000,0.000,0.000,0.000,0.000,0.000,0.000,1.718,10.382,0,0,0,0,0,0,0,0,0.000,0.000,0.000,0.000,0.000,0.000,0,0.433,18.369,51,52,296,94.659,123.919,54.170,123.919,2523.577,54,1,H.264,97.946,0,0,122.989,123.911,1.000,78.712,97.006,arrival-gap-jitter-spike,618.217,0,1,1,1,1,3141.794,509.694,510.608,516.948,516.948,0,0,0,0,0,0,0,,,0.000,0.000,0,0,,0,0,0,0,0,0,0,0,0,0,,106.549,0.000,109.262,0.938,0.000,127.320,145.000,,0.000,68,0.000,110.967,5.382,0.081,0.690,0.464,0.000,0.226,1,0,0,1,3,0.076,18.379,18.369,40.246,18.360,1.000,Jitter,1,1,0,1.000,1,1,1,1,0.060,0.000,0.060,0,100,0,1773,1632,96,0,91
4.142,Custom_loss6_delay0-100_dup0_reorder6_burst0,Loopback,1,1,0,,,0.000,0,21,96,23.533,23.526,23.570,103.370,95.828,90.733,57.000,2.274,0.074,0.202,2419,194,2269,2075,327,194,20,102,84,18,11,0,2076,79,20,0,1,1,0,5.000,1,0,0,0,1,1,0,0,0,0,0,0,0,1,1,94.426,56.512,94.426,renderer-lag,76,75,391,0,1,39.299,122.989,40.220,123.911,21.908,21.898,74,74,1294,97,16,0,228,359,100,1,nack-sent,pending,H.264,0,1,24,15,9,3,1,1,0,9,0,0,2564,8,0,0,0,0,0,56.145,15,20,18,12,18,0,57.702,31.042,87.283,0,0,53,3,56,0,15,0,0.429,0.571,0.946,1.000,0.000,42.000,0.000,1.000,0.000,insufficient-sample,124,1066,0,0,77,993,228,2219,47,73,0,0,2218,predicted-useful,fec-grace,389,0.208,23,56,0,0,0,0,0,2,2,2,2,19,288,19,288,0,0,0,pacing,1,0.725,7.271,115.271,0,0,2,2,0,0,0,0,290,278,16,0,1,9500000,1200000,0,0,0,2612,2612,3194728,148,180498,81,100262,0,0,0,0,0,25.258,35.410,10782.500,4800.000,137,4658,2406,1050,2252,1202,0.304,3.780,3.042,137,6078291,9587607,1.430,87.493,0.472,12.492,4658,227,73,2210,51,170,6,16,16,31,0,0,0,0,0,0,0,0,0,0,0,0,0,0,0,16,0,1,0,4,435,359,359,0,0,0,0,0,,disabled,,0,0,0,0,,1,Fixed Quality,Hybrid,85,30,9500,12000,640,360,H.264,480,270,518400,0,518400,28178,0.054,0.000,,0,0,0.000,0.010,0.000,0.000,0.004,7250,6750,6750,4,4,0,1,9500,1.000,0,25.258,0.000,0,0,0.000,0.000,0,0,0,0,0.268,0.679,0.054,1,0,0,disabled,0,0,0,8,24,8,14,2,19,19,0,2,async-output-pending,0,,0,0,0.000,0.000,0,,0.000,0.000,0.000,0.000,0,0,0,,4,0,0,0.000,1,0,0.000,0.000,0.000,0.000,0.000,0.000,0.000,0,0,0,0,0,0,0,0,1,1,1,1,0.860,180.000,1.500,26,0,0.000,0,0,0,0.000,0.000,0.000,0.000,0.000,0.000,0.000,0.000,6.762,0,0,0,0,0,0,0,0,0.000,0.000,0.000,0.000,0.000,0.000,0,0.385,23.527,74,75,391,40.256,123.919,54.170,123.919,2523.577,54,1,H.264,97.946,0,0,122.989,123.911,1.000,78.712,97.006,arrival-gap-jitter-spike,1618.404,0,1,1,1,1,4141.981,509.694,510.608,516.948,516.948,0,0,0,0,0,0,0,,,0.000,0.000,0,0,,0,0,0,0,0,0,0,0,0,0,,104.803,0.000,107.629,0.000,0.000,0.000,131.685,,0.001,96,0.000,111.671,3.603,0.079,0.798,0.519,0.000,0.280,1,0,0,1,3,0.074,23.533,23.526,2.274,23.570,1.000,Loss,0,1,0,0.500,2,1,1,1,0.060,0.000,0.060,0,100,0,2616,2426,153,0,139
5.149,Custom_loss6_delay0-100_dup0_reorder6_burst0,Loopback,1,1,0,,,0.000,0,21,125,18.450,18.450,18.442,93.157,97.128,34.551,51.388,19.178,0.069,0.236,3215,240,3006,2766,436,266,29,126,105,21,15,0,2767,97,30,0,1,1,0,5.000,0,0,0,0,1,1,0,0,0,0,0,0,0,1,1,94.426,56.512,94.426,renderer-lag,94,93,484,0,1,34.098,158.511,35.022,159.469,21.908,21.898,92,92,1701,118,26,0,298,470,127,1,fec-parity,pending,H.264,1,1,24,23,1,4,2,3,11,29,0,2,3365,19,3377,2,0,0,0,104.390,17,29,21,15,21,0,57.245,29.211,87.283,0,0,67,4,71,0,16,1,0.370,0.630,0.944,1.000,0.059,44.000,0.000,1.000,0.000,insufficient-sample,160,1350,0,0,99,1253,298,2785,61,97,0,0,2783,predicted-useful,fec-grace,502,0.250,28,71,0,0,0,0,0,2,2,2,2,24,361,24,361,0,0,0,pacing,1,0.694,5.326,113.326,0,0,2,2,0,0,0,0,363,368,20,0,1,9500000,1200000,3,0,3,3467,3464,4238508,193,235904,108,133898,0,0,0,0,0,11.167,35.410,123.062,4800.000,181,6214,3208,1402,3006,1604,0.304,4.148,1.264,181,3937211,6920858,1.276,58.758,0.535,13.856,6214,298,91,2785,66,226,6,26,26,48,3,5,1,1,2,0,0,0,1,1,0,0,1,0,1,23,0,1,0,4,582,470,470,0,0,0,0,0,,disabled,,0,0,0,0,,1,Fixed Quality,Hybrid,85,30,9500,12000,640,360,H.264,480,270,518400,28178,518400,28178,0.054,0.000,,0,0,0.000,1.964,0.000,0.000,0.069,7250,6750,6750,4,4,0,1,9500,1.000,0,13.565,0.000,0,0,0.000,0.000,0,0,0,0,0.000,1.000,0.000,1,0,0,disabled,24,0,0,10,31,10,17,4,24,24,0,2,large-au-observed,0,,0,0,17.262,23.729,0,,0.000,0.000,0.000,0.000,0,0,0,,5,0,0,3.185,0,130,0.069,0.000,0.000,0.069,0.000,0.047,0.008,1,1,1,1,0,1,1,0,0,0,0,0,1.000,0.000,0.000,30,0,0.000,0,0,0,0.000,0.000,0.000,0.000,0.000,0.000,0.000,1.886,7.221,0,0,0,0,0,0,0,0,0.000,0.000,0.000,0.000,0.000,0.000,0,0.490,18.450,92,93,484,35.300,159.489,54.170,159.489,4204.640,101,1,H.264,96.486,0,0,158.511,159.469,1.000,116.975,95.499,arrival-gap-jitter-spike,944.270,0,1,1,1,1,5148.910,509.694,510.608,516.948,516.948,0,0,0,0,0,0,0,,,0.000,0.000,0,0,,0,0,0,0,0,0,0,0,0,0,,98.783,0.000,101.574,0.000,0.000,0.000,126.578,,0.001,125,0.000,107.686,5.557,0.074,0.808,0.582,0.000,0.226,1,0,0,1,3,0.070,18.450,18.450,19.178,18.442,1.000,RecoveryDeadline,1,1,0,0.000,2,1,1,1,0.060,0.000,0.060,0,100,0,3469,3220,194,0,175
6.149,Custom_loss6_delay0-100_dup0_reorder6_burst0,Loopback,1,1,0,,,0.000,0,21,156,19.749,17.751,17.763,112.736,98.916,44.275,49.965,105.952,0.070,0.259,4032,303,3791,3488,529,323,36,151,129,22,19,0,3489,117,41,0,1,1,0,5.000,0,0,0,0,1,1,0,0,0,0,0,0,0,1,1,94.426,56.512,94.426,renderer-lag,113,112,575,0,1,155.598,158.511,156.588,159.469,21.908,21.898,111,110,2120,139,36,0,369,585,156,1,completed,completed,H.264,1,1,24,24,0,3,3,3,17,48,1,2,4251,22,4261,2,0,0,0,109.739,22,36,22,16,22,0,58.400,29.148,87.283,0,0,80,3,83,0,21,1,0.379,0.621,0.964,1.000,0.045,44.000,0.000,1.000,0.000,stable,202,1735,0,0,125,1614,369,3436,77,121,0,0,3434,predicted-useful,fec-grace,618,0.000,32,83,0,0,0,0,0,2,2,2,2,28,428,28,428,0,0,0,pacing,1,0.782,8.810,116.810,0,0,2,2,0,0,0,0,430,460,24,0,1,9500000,1200000,0,0,0,4349,4349,5322814,235,287578,133,165046,0,0,0,0,0,11.886,35.410,1484.000,4800.000,227,7819,4028,1733,3791,2058,0.301,21.704,0.064,227,7913052,10926672,0.648,48.951,0.519,16.027,7819,369,111,3436,77,286,6,36,36,64,4,6,1,2,2,0,0,0,1,1,0,0,1,0,1,32,0,1,0,4,730,585,585,0,0,0,0,0,,disabled,,0,0,0,0,,1,Fixed Quality,Hybrid,85,30,9500,12000,640,360,H.264,480,270,518400,28176,518400,28176,0.054,0.000,,0,0,0.000,1.967,0.000,0.000,0.060,7250,6750,6750,4,4,0,1,9500,1.000,0,21.604,0.000,0,0,0.000,0.000,0,0,0,0,0.500,0.500,0.000,1,0,0,disabled,24,0,0,12,35,12,19,4,28,28,0,2,large-au-observed,0,,0,0,27.333,23.727,0,,0.000,0.000,0.000,0.000,0,0,0,,6,0,0,3.710,0,159,0.059,0.000,0.000,0.059,0.000,0.040,0.007,1,1,1,1,0,1,1,0,0,0,0,0,1.000,0.000,0.000,30,0,0.000,0,0,0,0.000,0.000,0.000,0.000,0.000,0.000,0.000,1.899,7.710,0,0,0,0,0,0,0,0,0.000,0.000,0.000,0.000,0.000,0.000,0,0.400,17.751,111,112,575,156.548,159.489,54.170,159.489,4204.640,101,1,H.264,96.486,0,0,158.511,159.469,1.000,116.975,95.499,arrival-gap-jitter-spike,1944.811,0,1,1,1,1,6149.451,509.694,510.608,516.948,516.948,0,0,0,0,0,0,0,,,0.000,0.000,0,0,,0,0,0,0,0,0,0,0,0,0,,104.279,0.000,107.129,0.126,0.000,117.068,141.368,,0.001,152,0.000,110.332,5.098,0.077,0.922,0.655,0.000,0.267,1,0,0,1,3,0.070,19.749,17.751,105.952,17.763,2.000,Jitter,0,1,0,0.667,3,2,2,1,0.060,0.000,0.060,0,100,0,4355,4041,253,0,234
7.157,Custom_loss6_delay0-100_dup0_reorder6_burst0,Loopback,1,1,0,,,0.000,0,21,184,20.914,20.929,20.768,127.267,99.887,75.930,54.293,6.008,0.066,0.253,4857,341,4555,4214,642,396,41,181,158,23,24,0,4215,139,47,0,1,1,0,5.000,0,0,0,0,1,1,0,0,0,0,0,0,0,1,1,94.426,56.512,94.426,renderer-lag,135,134,667,0,1,52.728,158.511,53.822,159.469,21.908,21.898,133,132,2540,162,42,0,441,711,185,1,fec-recovered,pending,H.264,1,1,24,23,1,4,4,3,16,45,0,1,5125,9,5147,1,0,0,0,82.408,28,41,23,17,23,0,58.617,27.936,87.283,0,0,92,7,99,0,27,1,0.406,0.594,0.929,1.000,0.036,43.000,0.000,0.000,0.000,insufficient-sample,245,2067,0,0,148,1912,441,4087,97,155,0,0,4085,predicted-useful,likely-arrival,737,0.000,38,99,0,0,0,0,0,2,2,2,2,34,526,34,526,0,0,0,pacing,1,0.787,8.918,116.918,0,0,2,2,0,0,0,0,528,549,28,0,1,9500000,1200000,0,0,0,5205,5205,6371596,281,344228,159,197438,0,0,0,0,0,15.824,35.410,6393.500,4679.400,271,9403,4848,2045,4555,2510,0.297,3.268,1.048,271,5595450,8845806,2.106,45.492,0.498,18.705,9403,441,133,4087,92,343,6,42,42,73,4,6,1,2,2,0,0,0,1,1,0,0,1,0,1,38,0,1,0,4,869,711,711,0,0,0,0,0,,disabled,,0,0,0,0,,1,Fixed Quality,Hybrid,85,30,9500,12000,640,360,H.264,480,270,518400,28178,518400,28178,0.054,0.000,,0,0,0.000,1.915,0.000,0.000,0.079,7250,6750,6750,4,4,0,1,9500,1.000,0,15.824,0.000,0,0,0.000,0.000,0,0,0,0,0.283,0.646,0.071,1,0,0,disabled,24,0,0,14,41,14,21,6,33,33,0,2,large-au-observed,0,,0,0,0.160,23.729,0,,0.000,0.000,0.000,0.000,0,0,0,,7,0,0,4.648,0,187,0.079,0.000,0.000,0.078,0.000,0.053,0.007,1,1,1,1,0,1,1,0,0,0,1,0,0.860,31.893,0.000,26,0,0.000,0,0,0,0.000,0.000,0.000,0.000,0.000,0.000,0.000,1.812,8.611,0,0,0,0,0,0,0,0,0.000,0.000,0.000,0.000,0.000,0.000,0,0.385,20.929,133,134,667,53.876,159.489,54.170,159.489,4204.640,101,1,H.264,96.486,0,0,158.511,159.469,1.000,116.975,95.499,arrival-gap-jitter-spike,2952.458,0,1,1,1,1,7157.098,509.694,510.608,516.948,516.948,0,0,0,0,0,0,0,,,0.000,0.000,0,0,,0,0,0,0,0,0,0,0,0,0,,109.812,0.000,112.591,1.255,0.000,133.054,143.633,,0.001,183,0.000,113.864,5.547,0.076,0.800,0.564,0.000,0.235,1,0,0,1,3,0.066,20.914,20.929,6.008,20.768,1.000,RecoveryDeadline,0,1,0,1.500,2,3,3,1,0.060,0.000,0.060,0,100,0,5212,4864,299,0,299
8.163,Custom_loss6_delay0-100_dup0_reorder6_burst0,Loopback,1,1,0,,,0.000,0,21,210,22.745,20.845,20.849,122.592,100.162,89.215,59.282,29.831,0.061,0.238,5514,361,5140,4779,731,445,44,216,187,29,26,0,4780,163,51,0,1,1,0,5.000,0,0,0,0,1,1,0,0,0,0,0,0,0,1,1,94.426,56.512,94.426,renderer-lag,157,156,760,0,1,72.727,158.511,73.797,159.469,21.908,21.898,155,154,2882,192,44,0,495,803,213,1,fec-parity,pending,H.264,1,1,22,7,15,2,0,1,0,15,1,0,5865,17,5876,0,0,0,0,27.566,33,44,29,23,29,0,59.334,25.480,87.283,0,0,106,4,110,0,30,1,0.429,0.571,0.964,1.000,0.032,45.000,0.250,0.750,0.000,duplicate-guard,288,2320,0,0,170,2133,495,4500,118,187,0,0,4498,predicted-useful,likely-arrival,836,0.682,43,110,0,0,0,0,0,4,4,4,4,39,598,39,598,0,0,0,pacing,1,0.775,9.646,117.646,0,0,4,4,0,0,0,0,602,618,32,0,1,9500000,1200000,0,0,0,5871,5871,7193282,320,392488,182,226090,0,0,0,0,0,0.028,35.410,13225.250,1089.600,306,10648,5508,2305,5140,2835,0.295,6.007,3.325,306,3601586,6181178,1.914,39.051,0.467,7.978,10648,495,156,4500,100,388,7,44,44,77,4,6,1,2,2,0,0,0,1,1,0,0,1,0,1,40,0,1,0,4,982,803,803,0,0,0,0,0,,disabled,,0,0,0,0,,1,Fixed Quality,Hybrid,85,30,9500,12000,640,360,H.264,480,270,518400,0,518400,26094,0.050,0.000,,0,0,0.000,4.895,0.000,4.143,0.734,7250,6250,6250,5,5,0,1,9500,0.991,1,9.106,0.000,0,0,0.000,0.000,0,0,0,0,0.300,0.664,0.036,1,0,0,fixed-pacing-queue-hold,0,0,0,17,46,17,23,6,36,36,1,2,async-output-pending,0,,0,0,0.000,0.000,0,,0.028,13225.250,49479.167,0.000,0,0,0,,8,0,0,0.000,1,0,0.723,0.192,0.530,0.000,0.000,0.000,0.000,0,0,1,1,1,0,0,1,1,0,0,0,1.000,0.000,0.000,24,0,0.000,0,0,0,0.000,0.000,0.000,0.000,0.000,0.000,0.000,0.000,36.341,0,0,0,0,0,0,0,0,0.000,0.000,0.000,0.000,0.000,0.000,0,0.436,20.845,155,156,760,73.835,159.489,54.170,159.489,4204.640,101,1,H.264,96.486,0,0,158.511,159.469,1.000,116.975,95.499,arrival-gap-jitter-spike,3958.053,0,1,1,1,1,8162.693,509.694,510.608,516.948,516.948,0,0,1,0,0,1,1,latency-pressure freshness,latency-over-80ms,133.871,133.871,184,1,decoded,0,0,0,0,0,0,0,0,0,0,,107.058,0.000,109.671,0.000,0.000,0.000,141.296,stale-before-upload,0.000,210,0.000,115.746,5.669,0.074,0.969,0.737,0.000,0.232,1,0,0,1,3,0.062,22.745,20.845,29.831,20.849,1.000,RecoveryDeadline,0,1,0,0.000,1,1,1,1,0.060,0.000,0.060,0,100,0,5879,5522,338,0,345
9.171,Custom_loss6_delay0-100_dup0_reorder6_burst0,Loopback,1,1,0,,,0.000,0,21,238,15.823,15.819,15.832,106.301,99.791,89.215,59.282,27.954,0.067,0.257,6212,445,5829,5384,820,494,49,245,211,34,32,0,5385,179,62,0,1,1,0,5.000,0,0,0,0,1,1,0,0,0,0,0,0,0,1,1,94.426,56.512,94.426,renderer-lag,172,171,853,0,1,89.197,158.511,90.397,159.469,21.908,21.898,170,169,3245,213,54,0,555,910,239,1,nack-sent,pending,H.264,0,1,23,17,6,3,2,2,4,17,0,0,6602,18,0,0,0,0,0,80.303,33,49,34,28,34,0,60.168,25.367,87.283,0,0,116,3,119,0,33,1,0.402,0.598,0.975,1.000,0.029,45.000,0.000,1.000,0.000,duplicate-guard,323,2586,0,0,192,2375,555,4975,131,211,0,0,4970,predicted-useful,fec-grace,937,0.609,46,119,0,0,0,0,0,4,4,4,4,42,637,42,637,0,0,0,pacing,1,0.717,7.864,115.864,0,0,4,4,0,0,0,0,641,699,36,0,1,9500000,1200000,4,0,4,6662,6658,8161474,358,439344,206,255986,0,0,0,0,0,5.309,35.410,248.312,4800.000,347,12037,6208,2607,5829,3222,0.296,30.005,2.222,347,5007308,7794936,0.923,39.051,0.541,16.030,12037,554,171,4969,112,435,7,54,54,96,5,8,2,2,3,0,0,0,1,1,0,0,1,0,1,49,0,1,0,4,1107,910,910,0,0,0,0,0,,disabled,,0,0,0,0,,1,Fixed Quality,Hybrid,85,30,9500,12000,640,360,H.264,480,270,518400,27138,518400,27138,0.052,0.000,,0,0,0.000,2.037,0.000,0.000,0.093,7250,6500,6500,6,6,0,1,9500,1.000,0,11.833,0.000,0,0,0.000,0.000,0,0,0,0,0.277,0.697,0.025,1,0,0,disabled,23,1,1,20,52,20,25,7,41,41,2,2,decoder-sync-observed,0,,0,0,16.158,22.853,0,,0.000,0.000,0.000,0.000,0,0,0,,9,0,0,5.015,0,241,0.092,0.000,0.000,0.092,0.000,0.066,0.006,1,1,1,1,0,1,1,0,0,0,1,0,0.860,98.008,0.000,26,0,0.000,0,0,0,0.000,0.000,0.000,0.000,0.000,0.000,0.000,1.936,10.081,0,0,0,0,0,0,0,0,0.000,0.000,0.000,0.000,0.000,0.000,0,0.346,15.819,170,171,853,90.209,159.489,54.170,159.489,4204.640,101,1,H.264,96.486,0,0,158.511,159.469,1.000,116.975,95.499,arrival-gap-jitter-spike,4966.430,0,1,1,1,1,9171.070,509.694,510.608,516.948,516.948,0,0,1,0,0,1,0,,,133.871,133.871,184,1,decoded,0,0,0,0,0,0,0,0,0,0,,100.370,0.000,103.158,0.000,0.000,0.000,133.150,stale-before-upload,0.001,238,0.000,108.675,5.166,0.092,0.323,0.004,0.000,0.319,1,0,0,1,3,0.067,15.823,15.819,27.954,15.832,1.000,RecoveryDeadline,0,1,0,1.000,0,1,1,1,0.060,0.000,0.060,0,100,0,6667,6225,399,0,381
10.176,Custom_loss6_delay0-100_dup0_reorder6_burst0,Loopback,1,1,0,,,0.000,0,21,265,19.287,19.275,19.327,108.020,100.367,18.994,54.246,24.797,0.068,0.257,6905,500,6485,5985,894,543,52,264,230,34,35,0,5986,199,69,0,1,1,0,5.000,0,0,0,0,1,1,0,0,0,0,0,0,0,1,1,94.426,56.512,94.426,renderer-lag,192,191,946,0,1,75.606,158.511,76.645,159.469,21.908,21.898,189,187,3608,233,61,0,618,1012,267,1,fec-parity,pending,H.264,1,1,22,6,16,3,1,1,1,17,0,0,7385,18,0,0,0,0,0,33.467,35,52,34,28,34,0,60.168,25.367,87.283,0,0,121,7,128,0,35,1,0.402,0.598,0.945,1.000,0.028,41.000,0.000,1.000,0.000,insufficient-sample,359,2873,0,0,215,2639,618,5512,144,234,0,0,5507,predicted-useful,fec-grace,1043,0.773,49,128,0,0,0,0,0,4,4,4,4,45,684,45,684,0,0,0,pacing,1,0.770,7.086,115.086,0,0,4,4,0,0,0,0,688,781,40,0,1,9500000,1200000,1,0,1,7416,7415,9089687,397,487286,233,289000,0,0,0,0,0,7.772,35.410,139.750,1725.900,385,13367,6893,2881,6474,3593,0.295,43.554,0.000,385,4828915,7189885,0.689,17.196,0.508,21.369,13367,618,191,5512,124,485,9,61,61,108,5,8,2,2,3,0,0,0,1,1,0,0,1,0,1,55,1,1,0,4,1237,1012,1012,0,0,0,0,0,,disabled,,0,0,0,0,,1,Fixed Quality,Hybrid,85,30,9500,12000,640,360,H.264,480,270,518400,26096,518400,26096,0.050,0.000,,0,0,0.000,1.831,0.000,0.000,0.078,6000,6250,6250,8,8,0,1,9500,0.820,1,7.772,0.000,0,0,3.701,0.000,3732,0,0,0,0.000,0.000,1.000,1,0,0,latency-pressure-freshness-hold,22,1,1,22,57,22,28,7,45,45,2,2,decoder-sync-observed,0,,0,0,9.304,21.976,0,,0.000,0.000,0.000,0.000,0,0,0,,10,0,0,6.128,0,268,0.078,0.000,0.000,0.077,0.000,0.056,0.006,1,1,1,1,0,1,1,0,0,0,1,0,0.860,24.306,0.000,26,0,0.000,0,0,0,0.000,0.000,0.000,0.000,0.000,0.000,0.000,1.744,9.997,0,0,0,0,0,0,0,0,0.000,0.000,0.000,0.000,0.000,0.000,0,0.357,19.275,189,191,946,76.559,159.489,54.170,159.489,4204.640,101,1,H.264,96.486,0,0,158.511,159.469,1.000,116.975,95.499,arrival-gap-jitter-spike,5971.656,0,1,1,1,1,10176.296,509.694,510.608,516.948,516.948,0,0,3,0,0,3,2,latency-pressure freshness,latency-over-80ms,144.713,167.886,255,1,decoded,0,0,0,0,0,0,0,0,0,0,,101.725,0.000,101.981,0.000,0.000,0.000,134.010,stale-before-upload,0.001,265,0.000,104.939,3.915,0.079,0.605,0.341,0.000,0.264,1,0,0,1,3,0.068,19.287,19.275,24.797,19.327,1.000,RecoveryDeadline,0,1,0,1.000,1,1,1,1,0.060,0.000,0.060,0,100,0,7425,6915,460,0,414
11.183,Custom_loss6_delay0-100_dup0_reorder6_burst0,Loopback,1,1,0,,,0.000,0,21,292,22.749,22.758,22.714,91.244,100.416,30.497,51.607,0.826,0.066,0.252,7595,536,7122,6586,993,604,57,296,261,35,36,0,6587,220,74,0,1,1,0,5.000,0,0,0,0,1,1,0,0,0,0,0,0,0,1,1,94.426,56.512,94.426,renderer-lag,213,212,1037,0,1,42.148,158.511,43.131,159.469,21.908,21.898,210,208,3987,255,66,0,684,1120,293,1,nack-sent,pending,H.264,0,1,22,15,7,5,1,2,5,20,0,0,8096,16,0,0,0,0,0,62.666,41,57,35,29,35,0,60.625,27.050,87.283,0,0,133,5,138,0,40,2,0.418,0.582,0.964,1.000,0.048,35.000,0.000,1.000,0.000,stable,399,3210,0,0,237,2944,684,6120,162,266,0,0,6115,predicted-useful,likely-arrival,1152,0.000,55,138,0,0,0,0,0,8,8,8,8,51,779,51,779,0,0,0,pacing,1,0.817,9.671,117.671,0,0,8,8,0,0,0,0,787,861,44,0,1,9500000,1200000,0,0,0,8126,8126,9967767,435,534302,257,318896,0,0,0,0,0,18.160,35.410,11309.000,4800.000,422,14707,7591,3152,7116,3964,0.293,11.673,3.194,422,3932034,6632158,2.599,16.058,0.464,16.440,14707,683,212,6113,135,539,9,66,66,119,6,10,2,2,4,0,0,0,2,3,0,0,2,0,3,59,1,1,0,4,1363,1120,1120,0,0,0,0,0,,disabled,,0,0,0,0,,1,Fixed Quality,Hybrid,85,30,9500,12000,640,360,H.264,480,270,518400,26096,518400,26096,0.050,0.000,,0,0,0.000,1.968,0.000,0.000,0.075,6750,6250,6250,8,8,0,1,9500,0.948,1,18.160,0.000,0,0,0.000,0.000,0,0,0,0,0.297,0.667,0.036,1,0,0,fixed-pacing-queue-hold,22,1,1,25,62,25,30,7,48,48,1,2,decoder-sync-observed,0,,0,0,14.171,21.976,0,,0.000,0.000,0.000,0.000,0,0,0,,11,0,0,6.035,0,294,0.075,0.000,0.000,0.074,0.000,0.052,0.007,1,1,1,1,0,1,1,0,0,0,1,0,0.860,95.170,0.000,24,0,0.000,0,0,0,0.000,0.000,0.000,0.000,0.000,0.000,0.000,1.818,10.044,0,0,0,0,0,0,0,0,0.000,0.000,0.000,0.000,0.000,0.000,0,0.393,22.758,210,212,1037,43.149,159.489,54.170,159.489,4204.640,101,1,H.264,96.486,0,0,158.511,159.469,1.000,116.975,95.499,arrival-gap-jitter-spike,6978.463,0,1,1,1,1,11183.103,509.694,510.608,516.948,516.948,0,0,3,0,0,3,0,,,144.713,167.886,255,1,decoded,0,0,0,0,0,0,0,0,0,0,,101.182,0.000,103.679,0.000,0.000,0.000,125.622,stale-before-upload,0.000,292,0.000,109.201,5.137,0.076,0.875,0.631,0.000,0.245,1,0,0,1,3,0.066,22.749,22.758,0.826,22.714,1.000,Loss,0,1,0,0.000,2,1,1,1,0.060,0.000,0.060,0,100,0,8137,7606,497,0,453
12.188,Custom_loss6_delay0-100_dup0_reorder6_burst0,Loopback,1,1,0,,,0.000,0,21,318,21.614,21.615,21.694,92.949,100.189,96.569,56.103,30.752,0.065,0.244,8332,577,7808,7231,1100,665,58,339,300,39,38,0,7232,242,78,0,1,1,0,5.000,0,0,0,0,1,1,0,0,0,0,0,0,0,1,1,94.426,56.512,94.426,renderer-lag,235,234,1133,0,1,75.960,158.511,77.018,159.469,21.908,21.898,232,230,4372,281,70,0,755,1240,320,1,nack-sent,pending,H.264,0,1,23,6,17,2,0,1,0,17,0,0,8871,2,0,0,0,0,0,39.968,42,58,39,33,39,0,61.459,25.726,87.283,0,0,139,6,145,0,41,2,0.420,0.580,0.959,1.000,0.047,31.000,0.000,1.000,0.000,insufficient-sample,428,3523,0,0,259,3246,755,6865,169,277,0,0,6860,predicted-useful,fec-grace,1269,0.739,58,145,0,0,0,0,0,8,8,8,8,54,830,54,830,0,0,0,pacing,1,0.841,6.900,114.900,0,0,8,8,0,0,0,0,838,952,48,0,1,9500000,1200000,2,0,2,8915,8913,10935973,471,578672,280,347548,0,0,0,0,0,7.965,35.410,314.875,4800.000,460,16114,8316,3462,7798,4336,0.294,25.005,1.526,460,4292402,7373894,1.036,26.060,0.474,14.061,16114,755,234,6865,150,596,9,70,70,126,6,10,2,2,4,0,0,0,2,3,0,0,2,0,3,63,1,1,0,4,1496,1240,1240,0,0,0,0,0,,disabled,,0,0,0,0,,1,Fixed Quality,Hybrid,85,30,9500,12000,640,360,H.264,480,270,518400,27136,518400,27136,0.052,0.000,,0,0,0.000,1.877,0.000,0.000,0.080,7250,6500,6500,9,9,0,1,9500,1.000,0,13.552,0.000,0,0,0.000,0.000,0,0,0,0,0.290,0.669,0.041,1,0,0,disabled,23,1,1,27,69,27,33,9,53,53,1,2,decoder-sync-observed,0,,0,0,18.702,22.851,0,,0.000,0.000,0.000,0.000,0,0,0,,12,0,0,12.023,0,321,0.079,0.000,0.000,0.079,0.000,0.054,0.007,1,1,1,1,0,1,1,0,0,0,1,0,0.860,179.992,0.000,26,0,0.000,0,0,0,0.000,0.000,0.000,0.000,0.000,0.000,0.000,1.762,9.990,0,0,0,0,0,0,0,0,0.000,0.000,0.000,0.000,0.000,0.000,0,0.400,21.615,232,234,1133,77.155,159.489,54.170,159.489,4204.640,101,1,H.264,96.486,0,0,158.511,159.469,1.000,116.975,95.499,arrival-gap-jitter-spike,7983.176,0,1,1,1,1,12187.816,509.694,510.608,516.948,516.948,0,0,3,0,0,3,0,,,144.713,167.886,255,1,decoded,0,0,0,0,0,0,0,0,0,0,,97.409,0.000,100.164,0.000,0.000,0.000,126.475,stale-before-upload,0.001,318,0.000,105.997,5.426,0.105,0.341,0.001,0.000,0.341,1,0,0,1,3,0.064,21.614,21.615,30.752,21.694,1.000,Loss,0,1,0,0.000,1,2,2,1,0.060,0.000,0.060,0,100,0,8925,8347,540,0,496
13.190,Custom_loss6_delay0-100_dup0_reorder6_burst0,Loopback,1,1,0,,,0.000,0,21,346,21.125,19.364,19.419,96.777,100.294,60.769,56.527,13.216,0.065,0.239,9076,632,8510,7878,1195,711,64,379,337,42,41,0,7879,265,83,0,1,1,0,5.000,0,0,0,0,1,1,0,0,0,0,0,0,0,1,1,94.426,56.512,94.426,renderer-lag,257,256,1228,0,1,33.074,158.511,34.121,159.469,21.908,21.898,254,252,4780,307,74,0,830,1360,347,1,nack-sent,pending,H.264,0,1,24,11,13,2,1,2,0,27,0,0,9662,3,0,0,0,0,0,62.316,45,64,42,36,42,0,61.494,25.481,87.283,0,0,151,7,158,0,46,2,0.413,0.587,0.956,1.000,0.042,34.000,0.250,0.750,0.000,duplicate-guard,460,3844,0,0,281,3550,830,7596,179,294,0,0,7591,predicted-useful,fec-grace,1391,0.000,63,158,0,0,0,0,0,8,8,8,8,59,901,59,901,0,0,0,pacing,1,0.768,5.212,113.212,0,0,8,8,0,0,0,0,909,1044,52,0,1,9500000,1200000,0,0,0,9706,9706,11908119,514,631590,307,381184,0,0,0,0,0,19.458,35.410,10681.188,4800.000,500,17576,9067,3890,8509,4619,0.300,68.332,0.000,500,5191411,8474583,1.142,13.688,0.494,21.610,17576,830,257,7596,161,660,9,74,74,134,6,10,2,2,4,0,0,0,2,3,0,0,2,0,3,67,1,1,0,4,1638,1360,1360,0,0,0,0,0,,disabled,,0,0,0,0,,1,Fixed Quality,Hybrid,85,30,9500,12000,640,360,H.264,480,270,518400,28176,518400,28176,0.054,0.000,,0,0,0.000,1.846,0.000,0.000,0.079,7250,6750,6750,10,10,0,1,9500,1.000,0,19.458,0.000,0,0,0.000,0.000,0,0,0,0,0.285,0.671,0.044,1,0,0,disabled,24,0,0,28,72,28,35,9,56,56,0,2,large-au-observed,0,,0,0,18.245,23.727,0,,0.000,0.000,0.000,0.000,0,0,0,,13,0,0,7.642,0,348,0.078,0.000,0.000,0.078,0.000,0.054,0.007,1,1,1,1,0,1,1,0,0,0,1,0,0.860,144.615,0.000,26,0,0.000,0,0,0,0.000,0.000,0.000,0.000,0.000,0.000,0.000,1.759,31.891,0,0,0,0,0,0,0,0,0.000,0.000,0.000,0.000,0.000,0.000,0,0.378,19.364,254,256,1228,34.111,159.489,54.170,159.489,4204.640,101,1,H.264,96.486,0,0,158.511,159.469,1.000,116.975,95.499,arrival-gap-jitter-spike,8985.230,0,1,1,1,1,13189.870,509.694,510.608,516.948,516.948,0,0,3,0,0,3,0,,,144.713,167.886,255,1,decoded,0,0,0,0,0,0,0,0,0,0,,103.432,0.000,106.248,0.000,0.000,0.000,128.388,stale-before-upload,0.001,346,0.000,110.436,3.806,0.080,0.893,0.675,0.000,0.218,1,0,0,1,3,0.065,21.125,19.364,13.216,19.419,1.000,Loss,0,1,0,1.000,1,1,1,1,0.060,0.000,0.060,0,100,0,9719,9092,586,0,538
14.190,Custom_loss6_delay0-100_dup0_reorder6_burst0,Loopback,1,1,0,,,0.000,0,21,373,25.604,25.612,25.637,100.979,100.592,43.147,55.412,3.917,0.063,0.235,9866,668,9238,8570,1292,768,71,411,368,43,42,0,8571,287,88,0,1,1,0,5.000,0,0,0,0,1,1,0,0,0,0,0,0,0,1,1,94.426,56.512,94.426,renderer-lag,279,278,1323,0,1,41.945,158.511,42.973,159.469,21.908,21.898,276,274,5174,330,79,0,902,1476,374,1,nack-sent,pending,H.264,0,1,24,19,5,4,2,2,5,17,0,0,10505,22,0,0,0,0,0,63.623,48,71,43,37,43,0,61.809,25.214,87.283,0,0,162,9,171,0,48,3,0.403,0.597,0.947,1.000,0.059,36.000,0.000,1.000,0.000,insufficient-sample,493,4155,0,0,303,3840,902,8366,190,315,0,0,8361,predicted-useful,fec-grace,1510,0.208,68,171,0,0,0,0,0,8,8,8,8,64,986,64,986,0,0,0,pacing,1,0.807,6.536,114.536,0,0,8,8,0,0,0,0,994,1135,56,0,1,9500000,1200000,11,0,11,10559,10548,12940059,557,684508,333,413576,0,0,0,0,0,0.581,35.410,1007.000,4800.000,542,19079,9847,4254,9232,4978,0.302,9.455,1.652,542,5221027,8286634,1.296,7.426,0.456,15.967,19079,902,279,8366,176,717,9,79,79,143,8,13,2,3,5,0,0,0,2,3,0,0,2,0,3,70,1,1,0,4,1773,1476,1476,0,0,0,0,0,,disabled,,0,0,0,0,,1,Fixed Quality,Hybrid,85,30,9500,12000,640,360,H.264,480,270,518400,28178,518400,28178,0.054,0.000,,0,0,0.000,2.228,0.000,0.000,0.066,7250,6750,6750,10,10,0,1,9500,1.000,0,13.969,0.000,0,0,0.000,0.000,0,0,0,0,0.281,0.667,0.053,1,0,0,disabled,24,1,1,31,81,31,38,12,62,62,1,2,decoder-sync-observed,0,,0,0,15.843,23.729,0,,0.000,0.000,0.000,0.000,0,0,0,,14,0,0,6.166,0,376,0.066,0.000,0.000,0.066,0.000,0.043,0.006,1,1,1,1,0,1,1,0,0,0,1,0,0.860,140.324,0.000,26,0,0.000,0,0,0,0.000,0.000,0.000,0.000,0.000,0.000,0.000,1.869,9.978,0,0,0,0,0,0,0,0,0.000,0.000,0.000,0.000,0.000,0.000,0,0.361,25.612,276,278,1323,42.970,159.489,54.170,159.489,4204.640,101,1,H.264,96.486,0,0,158.511,159.469,1.000,116.975,95.499,arrival-gap-jitter-spike,9985.686,0,1,1,1,1,14190.326,509.694,510.608,516.948,516.948,0,0,3,0,0,3,0,,,144.713,167.886,255,1,decoded,0,0,0,0,0,0,0,0,0,0,,104.953,0.000,107.632,0.000,0.000,0.000,130.489,stale-before-upload,0.000,373,0.000,112.926,4.926,0.073,0.872,0.676,0.000,0.195,1,0,0,1,3,0.064,25.604,25.612,3.917,25.637,1.000,RecoveryDeadline,0,1,0,1.000,0,1,1,1,0.060,0.000,0.060,0,100,0,10562,9882,633,0,589
15.193,Custom_loss6_delay0-100_dup0_reorder6_burst0,Loopback,1,1,0,,,0.000,0,21,401,21.005,21.002,20.983,105.572,100.729,41.289,54.326,40.838,0.065,0.234,10643,741,9991,9250,1393,827,77,442,396,46,47,0,9251,308,94,0,1,1,0,5.000,0,0,0,0,1,1,0,0,0,0,0,0,0,1,1,94.426,56.512,94.426,renderer-lag,300,299,1417,0,1,5.575,158.511,6.770,159.469,21.908,21.898,297,295,5590,354,85,0,980,1597,402,1,fec-recovered,pending,H.264,0,1,24,21,3,2,1,3,15,39,0,0,11320,13,0,0,0,0,0,87.669,52,77,46,40,46,0,61.168,26.390,87.283,0,0,175,9,184,0,54,4,0.403,0.597,0.951,1.000,0.069,34.000,0.250,0.750,0.000,duplicate-guard,527,4532,0,0,326,4201,980,9174,201,331,0,0,9169,predicted-useful,fec-grace,1634,0.208,73,184,0,0,0,0,0,8,8,8,8,69,1072,69,1072,0,0,0,pacing,1,0.823,7.940,115.940,0,0,8,8,0,0,0,0,1080,1231,60,0,1,9500000,1200000,3,0,3,11382,11379,13957715,600,737426,358,444724,0,0,0,0,0,8.149,35.410,679.188,4800.000,584,20596,10626,4641,9970,5329,0.304,1.441,1.205,584,5425914,8631968,1.620,5.569,0.449,7.950,20596,980,300,9174,188,783,9,85,85,154,9,15,2,3,6,0,0,0,2,3,0,0,2,0,3,75,1,1,0,4,1916,1597,1597,0,0,0,0,0,,disabled,,0,0,0,0,,1,Fixed Quality,Hybrid,85,30,9500,12000,640,360,H.264,480,270,518400,28178,518400,28178,0.054,0.000,,0,0,0.000,1.967,0.000,0.000,0.061,7250,6750,6750,10,10,0,1,9500,1.000,0,11.920,0.000,0,0,0.000,0.000,0,0,0,0,0.283,0.668,0.049,1,0,0,disabled,24,1,1,35,86,35,39,12,66,66,1,2,decoder-sync-observed,0,,0,0,15.195,23.729,0,,0.000,0.000,0.000,0.000,0,0,0,,15,0,0,6.080,0,404,0.060,0.000,0.000,0.060,0.000,0.042,0.005,1,1,1,1,0,1,1,0,0,0,1,0,0.860,97.195,0.000,26,0,0.000,0,0,0,0.000,0.000,0.000,0.000,0.000,0.000,0.000,1.876,10.046,0,0,0,0,0,0,0,0,0.000,0.000,0.000,0.000,0.000,0.000,0,0.434,21.002,297,299,1417,6.599,159.489,54.170,159.489,4204.640,101,1,H.264,96.486,0,0,158.511,159.469,1.000,116.975,95.499,arrival-gap-jitter-spike,10988.240,0,1,1,1,1,15192.880,509.694,510.608,516.948,516.948,0,0,3,0,0,3,0,,,144.713,167.886,255,1,decoded,0,0,0,0,0,0,0,0,0,0,,106.828,0.000,109.581,0.000,0.000,0.000,137.786,stale-before-upload,0.001,401,0.000,115.438,5.414,0.086,0.242,0.001,0.000,0.242,1,0,0,1,3,0.065,21.005,21.002,40.838,20.983,1.000,Jitter,0,1,0,1.000,1,1,1,1,0.060,0.000,0.060,0,100,0,11394,10661,689,0,641
16.198,Custom_loss6_delay0-100_dup0_reorder6_burst0,Loopback,1,1,0,,,0.000,0,21,429,23.029,23.008,23.003,88.288,100.921,63.041,54.948,26.538,0.064,0.231,11402,786,10691,9905,1479,876,80,474,424,50,49,0,9906,330,99,0,1,1,0,5.000,0,0,0,0,1,1,0,0,0,0,0,0,0,1,1,94.426,56.512,94.426,renderer-lag,322,321,1511,0,1,15.724,158.511,16.886,159.469,21.908,21.898,319,316,5951,380,90,0,1049,1696,431,1,fec-parity,pending,H.264,0,1,24,3,21,1,0,0,0,0,0,0,12170,7,0,0,0,0,0,13.319,59,80,50,44,50,0,61.986,25.350,87.283,0,0,189,10,199,0,60,4,0.424,0.576,0.950,1.000,0.062,42.000,0.500,0.500,0.000,duplicate-guard,556,4824,0,0,347,4482,1049,9862,209,342,0,0,9857,predicted-useful,fec-grace,1747,0.000,78,199,0,0,0,0,0,8,8,8,8,74,1144,74,1144,0,0,0,pacing,1,0.728,6.586,114.586,0,0,8,8,0,0,0,0,1152,1315,64,0,1,9500000,1200000,0,0,0,12177,12177,14935517,645,792830,383,475872,0,0,0,0,0,16.435,35.410,6878.000,4800.000,626,22067,11382,4976,10685,5709,0.304,4.905,1.286,626,5459154,8763009,1.026,8.806,0.490,13.732,22067,1049,322,9862,203,837,9,90,90,163,9,15,2,3,6,0,0,0,2,3,0,0,2,0,3,80,1,1,0,4,2039,1696,1696,0,0,0,0,0,,disabled,,0,0,0,0,,1,Fixed Quality,Hybrid,85,30,9500,12000,640,360,H.264,480,270,518400,28178,518400,28178,0.054,0.000,,0,0,0.000,2.088,0.000,0.000,0.086,7250,6750,6750,10,10,0,1,9500,1.000,0,16.435,0.000,0,0,0.000,0.000,0,0,0,0,0.296,0.653,0.050,1,0,0,disabled,24,0,0,36,91,36,41,14,70,70,0,2,large-au-observed,0,,0,0,20.129,23.729,0,,0.000,0.000,0.000,0.000,0,0,0,,16,0,0,8.200,0,431,0.085,0.000,0.000,0.085,0.000,0.053,0.008,1,1,1,1,0,1,1,0,0,0,0,0,1.000,0.000,0.000,30,0,0.000,0,0,0,0.000,0.000,0.000,0.000,0.000,0.000,0.000,1.995,19.153,0,0,0,0,0,0,0,0,0.000,0.000,0.000,0.000,0.000,0.000,0,0.509,23.008,319,321,1511,16.896,159.489,54.170,159.489,4204.640,101,1,H.264,96.486,0,0,158.511,159.469,1.000,116.975,95.499,arrival-gap-jitter-spike,11993.791,0,1,1,1,1,16198.431,509.694,510.608,516.948,516.948,0,0,3,0,0,3,0,,,144.713,167.886,255,1,decoded,0,0,0,0,0,0,0,0,0,0,,100.699,0.000,103.521,0.375,0.000,93.356,124.144,stale-before-upload,0.000,428,0.000,112.677,5.876,0.076,0.560,0.295,0.000,0.265,1,0,0,1,3,0.065,23.029,23.008,26.538,23.003,1.000,Loss,0,1,0,1.000,3,3,3,1,0.060,0.000,0.060,0,100,0,12193,11421,733,0,688
17.204,Custom_loss6_delay0-100_dup0_reorder6_burst0,Loopback,1,1,0,,,0.000,0,21,455,18.808,18.818,18.946,101.198,100.858,41.307,54.039,19.402,0.065,0.237,12155,841,11410,10569,1568,927,86,500,446,54,55,0,10570,347,108,0,1,1,0,5.000,0,0,0,0,1,1,0,0,0,0,0,0,0,1,1,94.426,56.512,94.426,renderer-lag,339,338,1608,0,1,32.800,182.175,33.766,183.153,21.908,21.898,336,334,6322,401,99,0,1113,1795,456,1,expired-no-slack,expired,H.264,0,1,24,22,2,6,4,2,9,17,0,0,12911,14,0,0,0,0,0,110.843,62,86,54,48,54,0,62.171,24.772,87.283,0,0,202,10,212,0,62,4,0.419,0.581,0.953,1.000,0.061,45.000,0.400,0.600,0.000,duplicate-guard,597,5177,0,0,370,4800,1113,10471,227,377,0,0,10465,predicted-useful,fec-grace,1851,0.167,83,212,0,0,0,0,0,8,8,8,8,79,1234,79,1234,0,0,0,pacing,1,0.818,7.396,115.396,0,0,8,8,0,0,0,0,1242,1396,66,0,1,9500000,1200000,2,0,2,13000,12998,15941315,688,845748,411,510752,0,0,0,0,0,9.369,35.410,1075.438,4800.000,667,23557,12147,5326,11410,6084,0.305,14.424,2.899,667,5459956,8917302,2.154,2.698,0.491,14.105,23557,1113,339,10471,215,889,9,99,99,182,9,15,2,3,6,0,0,0,2,3,0,0,2,0,3,89,1,1,0,4,2167,1795,1795,0,0,0,0,0,,disabled,,0,0,0,0,,1,Fixed Quality,Hybrid,85,30,9500,12000,640,360,H.264,480,270,518400,28178,518400,28178,0.054,0.000,,0,0,0.000,1.867,0.000,0.000,0.080,7250,6750,6750,10,10,0,1,9500,1.000,0,9.369,0.000,0,0,0.000,0.000,0,0,0,0,0.292,0.660,0.047,1,0,0,disabled,24,0,0,39,97,39,44,14,74,74,0,2,large-au-observed,0,,0,0,13.306,23.729,0,,0.000,0.000,0.000,0.000,0,0,0,,17,0,0,6.351,0,459,0.079,0.000,0.000,0.079,0.000,0.053,0.010,1,1,1,1,0,1,1,0,0,0,0,0,1.000,0.000,0.000,30,0,0.000,0,0,0,0.000,0.000,0.000,0.000,0.000,0.000,0.000,1.780,10.270,0,0,0,0,0,0,0,0,0.000,0.000,0.000,0.000,0.000,0.000,0,0.375,18.818,336,338,1608,33.967,183.465,54.170,183.465,16639.827,441,1,H.264,98.391,0,0,182.175,183.153,0.998,139.729,97.098,arrival-gap-jitter-spike,564.680,0,1,1,1,1,17204.507,509.694,510.608,516.948,516.948,0,0,3,0,0,3,0,,,144.713,167.886,255,1,decoded,0,0,0,0,0,0,0,0,0,0,,100.578,0.000,103.258,0.000,0.000,0.000,130.599,stale-before-upload,0.001,455,0.000,109.634,5.993,0.076,0.780,0.555,0.000,0.225,1,0,0,1,3,0.065,18.808,18.818,19.402,18.946,2.000,RecoveryDeadline,1,1,0,1.000,1,1,1,1,0.060,0.000,0.060,0,100,0,13015,12182,788,0,736
18.205,Custom_loss6_delay0-100_dup0_reorder6_burst0,Loopback,1,1,0,,,0.000,0,21,483,22.640,22.626,20.514,95.488,100.893,49.195,53.736,25.979,0.064,0.237,12855,884,12068,11184,1668,978,89,543,486,57,58,0,11185,368,114,0,1,1,0,5.000,0,0,0,0,1,1,0,0,0,0,0,0,0,1,1,94.426,56.512,94.426,renderer-lag,360,359,1701,0,1,69.200,182.175,70.149,183.153,21.908,21.898,357,354,6684,425,105,0,1176,1899,485,1,nack-sent,pending,H.264,0,1,22,9,13,0,0,1,0,13,0,0,13702,9,0,0,0,0,0,45.203,65,89,57,51,57,0,63.094,25.431,87.283,0,0,211,10,221,0,68,4,0.422,0.578,0.955,1.000,0.056,43.000,0.500,0.500,0.000,stable,634,5455,0,0,391,5052,1176,11031,242,399,1,4,11026,predicted-useful,fec-grace,1957,0.591,86,221,0,0,0,0,0,8,8,8,8,82,1275,82,1275,0,0,0,pacing,1,0.761,8.323,116.323,0,0,8,8,0,0,0,0,1283,1474,70,0,1,9500000,1200000,0,0,0,13731,13731,16843064,725,891518,434,539404,0,0,0,0,0,14.947,35.410,7247.375,4800.000,704,24895,12844,5640,12051,6411,0.305,2.218,0.893,704,5316726,8285177,1.484,3.736,0.454,9.167,24895,1176,360,11031,230,933,13,105,105,196,10,17,2,3,7,0,0,0,2,3,0,0,2,0,3,93,2,1,0,4,2290,1899,1899,0,0,0,0,0,,disabled,,0,0,0,0,,1,Fixed Quality,Hybrid,85,30,9500,12000,640,360,H.264,480,270,518400,26094,518400,26094,0.050,0.000,,0,0,0.000,1.864,0.000,0.000,0.069,6750,6250,6250,11,11,0,1,9500,0.941,1,14.947,0.000,0,0,0.000,0.000,0,0,0,0,0.294,0.661,0.045,1,0,0,fixed-pacing-queue-hold,22,0,0,43,103,43,44,16,79,79,0,2,large-au-observed,0,,0,0,11.969,21.974,0,,0.000,0.000,0.000,0.000,0,0,0,,18,0,0,5.143,0,486,0.068,0.000,0.000,0.068,0.000,0.047,0.006,1,1,1,1,0,1,1,0,0,0,0,0,1.000,0.000,0.000,24,0,0.000,0,0,0,0.000,0.000,0.000,0.000,0.000,0.000,0.000,1.788,9.110,0,0,0,0,0,0,0,0,0.000,0.000,0.000,0.000,0.000,0.000,0,0.427,22.627,357,359,1701,70.129,183.465,54.170,183.465,16639.827,441,1,H.264,98.391,0,0,182.175,183.153,0.998,139.729,97.098,arrival-gap-jitter-spike,1565.240,0,1,1,1,1,18205.067,509.694,510.608,516.948,516.948,0,0,4,0,0,4,1,latency-pressure freshness,latency-over-80ms,142.114,167.886,461,1,decoded,0,0,0,0,0,0,0,0,0,0,,97.951,0.000,100.471,0.000,0.000,0.000,127.744,stale-before-upload,0.001,483,0.000,106.516,5.795,0.080,0.904,0.677,0.000,0.227,1,0,0,1,3,0.064,22.640,22.626,25.979,20.514,1.000,RecoveryDeadline,0,1,0,1.000,1,1,1,1,0.060,0.000,0.060,0,100,0,13749,12885,824,0,778
19.211,Custom_loss6_delay0-100_dup0_reorder6_burst0,Loopback,1,1,0,,,0.000,0,21,509,16.992,17.003,16.830,103.608,100.930,34.570,52.609,44.504,0.064,0.244,13564,935,12746,11811,1753,1029,91,565,505,60,68,0,11812,384,124,0,1,1,0,5.000,0,0,0,0,1,1,0,0,0,0,0,0,0,1,1,94.426,56.512,94.426,renderer-lag,376,375,1799,0,1,102.258,183.561,103.356,184.654,21.908,21.898,373,370,7053,444,115,0,1245,1998,511,1,nack-sent,pending,H.264,0,1,23,12,11,1,0,1,0,11,0,0,14463,11,0,0,0,0,0,55.575,70,91,60,54,60,0,63.454,24.676,87.283,0,0,221,12,233,0,74,4,0.435,0.565,0.948,1.000,0.051,44.000,0.667,0.333,0.000,stable,668,5763,0,0,414,5344,1245,11611,253,415,1,4,11605,predicted-useful,fec-grace,2063,0.217,92,233,0,0,0,0,0,8,8,8,8,88,1378,88,1378,0,0,0,pacing,1,0.837,10.589,118.589,0,0,8,8,0,0,0,0,1386,1558,74,0,1,9500000,1200000,0,0,0,14492,14492,17779996,766,942106,458,569300,0,0,0,0,0,19.219,35.410,11148.875,4800.000,742,26298,13552,5945,12746,6801,0.305,27.647,0.865,742,6917832,9948602,1.142,0.064,0.510,16.483,26298,1243,376,11597,242,988,13,115,115,218,10,17,2,3,7,0,0,0,2,3,0,0,2,0,3,103,2,1,0,4,2421,1998,1998,0,0,0,0,0,,disabled,,0,0,0,0,,1,Fixed Quality,Hybrid,85,30,9500,12000,640,360,H.264,480,270,518400,0,518400,27136,0.052,0.000,,0,0,0.000,4.777,0.000,4.129,0.627,7250,6500,6500,12,12,0,1,9500,1.000,0,19.219,0.000,0,0,0.000,0.000,0,0,0,0,0.300,0.648,0.052,1,0,0,disabled,0,0,0,46,107,46,45,16,83,83,0,2,async-output-pending,0,,0,0,0.000,0.000,0,,19.219,11148.875,39583.333,0.000,0,0,0,,19,0,0,0.000,1,0,0.617,0.175,0.440,0.000,0.000,0.000,0.000,0,0,1,1,1,0,0,1,1,0,0,0,1.000,0.000,0.000,30,0,0.000,0,0,0,0.000,0.000,0.000,0.000,0.000,0.000,0.000,0.000,21.548,0,0,0,0,0,0,0,0,0.000,0.000,0.000,0.000,0.000,0.000,0,0.334,17.003,373,375,1799,103.312,184.545,54.170,184.545,19084.229,506,1,H.264,108.666,0,0,183.561,184.654,1.001,125.802,107.560,arrival-gap-jitter-spike,127.427,0,1,1,1,1,19211.656,509.694,510.608,516.948,516.948,0,0,4,0,0,4,0,,,142.114,167.886,461,1,decoded,0,0,0,0,0,0,0,0,0,0,,103.932,0.000,106.585,0.000,0.000,0.000,136.804,stale-before-upload,0.000,509,0.000,111.861,4.934,0.073,0.824,0.553,0.000,0.271,1,0,0,1,3,0.064,16.992,17.003,44.504,16.830,1.000,Jitter,1,1,0,0.000,0,1,1,1,0.060,0.000,0.060,0,100,0,14511,13590,884,0,830
20.212,Custom_loss6_delay0-100_dup0_reorder6_burst0,Loopback,1,1,0,,,0.000,0,21,536,19.599,19.575,19.721,102.435,101.099,14.064,50.467,65.356,0.065,0.249,14323,1000,13466,12466,1853,1098,99,586,525,61,70,0,12467,402,133,0,1,1,0,5.000,0,0,0,0,1,1,0,0,0,0,0,0,0,1,1,94.426,56.512,94.426,renderer-lag,394,393,1897,0,1,115.267,183.561,116.380,184.654,21.908,21.898,391,388,7452,463,124,0,1313,2112,537,1,expired-no-slack,expired,H.264,0,1,24,23,1,5,3,3,10,20,0,0,15224,14,0,0,0,0,0,117.582,74,99,61,55,61,0,63.565,24.288,87.283,0,0,234,13,247,0,76,5,0.428,0.572,0.947,1.000,0.062,45.000,0.200,0.800,0.000,duplicate-guard,703,6063,0,0,435,5624,1313,12221,267,435,1,4,12214,predicted-useful,likely-arrival,2175,0.333,96,247,0,0,0,0,0,8,8,8,8,92,1437,92,1437,0,0,0,pacing,1,0.801,6.578,114.578,0,0,8,8,0,0,0,0,1445,1647,78,0,1,9500000,1200000,3,0,3,15310,15307,18779530,810,996268,486,604180,0,0,0,0,0,7.600,35.410,246.938,4800.000,784,27763,14312,6304,13451,7147,0.306,14.593,0.042,784,4796833,7647261,0.725,-4.050,0.476,14.059,27763,1313,394,12221,257,1043,13,124,124,231,11,18,1,4,7,0,0,0,2,3,0,0,2,0,3,111,2,1,0,4,2563,2112,2112,0,0,0,0,0,,disabled,,0,0,0,0,,1,Fixed Quality,Hybrid,85,30,9500,12000,640,360,H.264,480,270,518400,28178,518400,28178,0.054,0.000,,0,0,0.000,1.897,0.000,0.000,0.072,7250,6750,6750,13,13,0,1,9500,1.000,0,14.181,0.000,0,0,0.000,0.000,0,0,0,0,0.300,0.648,0.053,1,0,0,disabled,24,0,0,50,115,50,48,17,88,88,0,3,large-au-observed,0,,0,0,17.942,23.729,0,,0.000,0.000,0.000,0.000,0,0,0,,20,0,0,7.380,0,540,0.072,0.000,0.000,0.072,0.000,0.046,0.009,1,1,1,1,0,1,1,0,0,0,1,0,0.860,102.144,0.000,26,0,0.000,0,0,0,0.000,0.000,0.000,0.000,0.000,0.000,0.000,1.792,11.621,0,0,0,0,0,0,0,0,0.000,0.000,0.000,0.000,0.000,0.000,0,0.324,19.575,391,393,1897,116.321,184.545,54.170,184.545,19084.229,506,1,H.264,108.666,0,0,183.561,184.654,1.001,125.802,107.560,arrival-gap-jitter-spike,1127.691,0,1,1,1,1,20211.920,509.694,510.608,516.948,516.948,0,0,4,0,0,4,0,,,142.114,167.886,461,1,decoded,0,0,0,0,0,0,0,0,0,0,,104.831,0.000,107.660,0.000,0.000,0.000,136.218,stale-before-upload,0.000,536,0.000,113.301,5.305,0.072,0.998,0.679,0.000,0.318,1,0,0,1,3,0.065,19.599,19.575,65.356,19.721,2.000,RecoveryDeadline,1,1,0,0.667,3,2,2,1,0.060,0.000,0.060,0,100,0,15327,14350,937,0,874
21.218,Custom_loss6_delay0-100_dup0_reorder6_burst0,Loopback,1,1,0,,,0.000,0,21,564,18.308,18.290,18.462,101.224,101.224,69.799,51.485,16.687,0.066,0.255,15051,1061,14159,13098,1947,1164,103,606,541,65,74,0,13099,418,143,0,1,1,0,5.000,0,0,0,0,1,1,0,0,0,0,0,0,0,1,1,94.426,56.512,94.426,renderer-lag,410,409,1999,0,1,36.755,183.561,37.933,184.654,21.908,21.898,407,404,7835,483,134,0,1378,2213,566,1,nack-suppressed-fec-grace,pending,H.264,0,1,24,9,15,1,0,0,0,0,0,0,16079,12,0,0,0,0,0,48.086,81,103,65,59,65,0,64.203,23.242,87.283,0,0,249,14,263,0,85,5,0.440,0.560,0.947,1.000,0.056,45.000,0.000,1.000,0.000,duplicate-guard,743,6373,0,0,457,5903,1378,12776,285,466,1,4,12767,predicted-useful,fec-grace,2276,0.458,102,263,0,0,0,0,0,8,8,8,8,98,1533,98,1533,0,0,0,pacing,1,0.776,12.043,120.043,0,0,8,8,0,0,0,0,1541,1725,82,0,1,9500000,1200000,5,0,5,16106,16101,19752316,856,1052918,511,635328,0,0,0,0,0,6.397,35.410,1121.688,4800.000,824,29187,15043,6639,14144,7505,0.306,28.694,4.005,824,5921201,9325666,2.268,55.735,0.481,18.475,29187,1378,410,12776,272,1093,13,134,134,258,12,22,4,4,8,0,0,0,2,3,0,0,2,0,3,120,2,1,0,4,2699,2213,2213,0,0,0,0,0,,disabled,,0,0,0,0,,1,Fixed Quality,Hybrid,85,30,9500,12000,640,360,H.264,480,270,518400,28178,518400,28178,0.054,0.000,,0,0,0.000,1.849,0.000,0.000,0.076,7250,6750,6750,13,13,0,1,9500,1.000,0,18.146,0.000,0,0,0.000,0.000,0,0,0,0,0.308,0.639,0.053,1,0,0,disabled,24,0,0,54,121,54,49,18,93,93,0,3,large-au-observed,0,,0,0,19.980,23.729,0,,0.000,0.000,0.000,0.000,0,0,0,,21,0,0,9.935,0,567,0.076,0.000,0.000,0.076,0.000,0.054,0.007,1,1,1,1,0,1,1,0,0,0,1,0,0.860,179.995,0.000,26,0,0.000,0,0,0,0.000,0.000,0.000,0.000,0.000,0.000,0.000,1.765,7.826,0,0,0,0,0,0,0,0,0.000,0.000,0.000,0.000,0.000,0.000,0,0.359,18.290,407,409,1999,37.772,184.545,54.170,184.545,19084.229,506,1,H.264,108.666,0,0,183.561,184.654,1.001,125.802,107.560,arrival-gap-jitter-spike,2134.381,0,1,1,1,1,21218.610,509.694,510.608,516.948,516.948,0,0,4,0,0,4,0,,,142.114,167.886,461,1,decoded,0,0,0,0,0,0,0,0,0,0,,106.213,0.000,109.004,0.000,0.000,0.000,130.612,stale-before-upload,0.001,564,0.000,114.403,5.032,0.078,0.959,0.747,0.000,0.212,1,0,0,1,3,0.065,18.308,18.290,16.687,18.462,1.000,RecoveryDeadline,0,1,0,1.000,1,1,1,1,0.060,0.000,0.060,0,100,0,16122,15081,991,0,916
22.218,Custom_loss6_delay0-100_dup0_reorder6_burst0,Loopback,1,1,0,,,0.000,0,21,591,17.264,17.264,17.280,102.892,101.302,69.799,51.485,39.205,0.065,0.253,15846,1106,14902,13796,2048,1225,108,639,570,69,76,0,13797,439,149,0,1,1,0,5.000,0,0,0,0,1,1,0,0,0,0,0,0,0,1,1,94.426,56.512,94.426,renderer-lag,431,430,2095,0,1,17.679,183.561,18.717,184.654,21.908,21.898,428,425,8238,508,140,0,1444,2322,593,1,nack-sent,pending,H.264,0,1,24,11,13,4,1,1,0,13,0,0,16911,16,0,0,0,0,0,55.244,89,108,69,63,69,0,64.340,22.692,87.283,0,0,266,14,280,0,93,7,0.452,0.548,0.950,1.000,0.070,45.000,0.500,0.500,0.000,duplicate-guard,786,6647,0,0,479,6145,1444,13382,306,498,1,4,13373,predicted-useful,fec-grace,2387,0.250,109,280,0,0,0,0,0,8,8,8,8,105,1648,105,1648,0,0,0,pacing,1,0.763,9.635,117.635,0,0,8,8,0,0,0,0,1656,1807,86,0,1,9500000,1200000,0,0,0,16933,16933,20771854,903,1110812,536,666476,0,0,0,0,0,16.226,35.410,5250.750,4800.000,866,30726,15832,7050,14894,7844,0.308,3.916,0.736,866,7131343,10937610,0.722,55.735,0.497,7.220,30726,1443,431,13369,287,1143,13,140,140,272,13,24,2,4,9,0,0,0,2,3,0,0,2,0,3,125,2,1,0,4,2840,2322,2322,0,0,0,0,0,,disabled,,0,0,0,0,,1,Fixed Quality,Hybrid,85,30,9500,12000,640,360,H.264,480,270,518400,28176,518400,28176,0.054,0.000,,0,0,0.000,1.993,0.000,0.000,0.071,7250,6750,6750,13,13,0,1,9500,1.000,0,16.226,0.000,0,0,0.000,0.000,0,0,0,0,0.318,0.632,0.050,1,0,0,disabled,24,0,0,58,127,58,51,18,98,98,0,3,large-au-observed,0,,0,0,17.345,23.727,0,,0.000,0.000,0.000,0.000,0,0,0,,22,0,0,5.831,0,594,0.070,0.000,0.000,0.070,0.000,0.046,0.008,1,1,1,1,0,1,1,0,0,0,0,0,1.000,0.000,0.000,30,0,0.000,0,0,0,0.000,0.000,0.000,0.000,0.000,0.000,0.000,1.914,28.904,0,0,0,0,0,0,0,0,0.000,0.000,0.000,0.000,0.000,0.000,0,0.387,17.264,428,430,2095,18.871,184.545,54.170,184.545,19084.229,506,1,H.264,108.666,0,0,183.561,184.654,1.001,125.802,107.560,arrival-gap-jitter-spike,3134.347,0,1,1,1,1,22218.576,509.694,510.608,516.948,516.948,0,0,4,0,0,4,0,,,142.114,167.886,461,1,decoded,0,0,0,0,0,0,0,0,0,0,,106.610,0.000,109.410,0.000,0.000,0.000,136.446,stale-before-upload,0.001,591,0.000,114.421,4.618,0.074,0.931,0.660,0.000,0.271,1,0,0,1,3,0.065,17.264,17.264,39.205,17.280,1.000,RecoveryDeadline,0,1,0,0.667,3,2,2,1,0.060,0.000,0.060,0,100,0,16955,15873,1042,0,973
23.225,Custom_loss6_delay0-100_dup0_reorder6_burst0,Loopback,1,1,0,,,0.000,0,21,618,19.996,19.995,20.600,112.828,101.331,69.673,52.394,1.375,0.065,0.254,16587,1151,15601,14450,2137,1285,109,663,590,73,80,0,14451,458,156,0,1,1,0,5.000,0,0,0,0,1,1,0,0,0,0,0,0,0,1,1,94.426,56.512,94.426,renderer-lag,450,449,2190,0,1,50.356,183.561,51.385,184.654,21.908,21.898,447,444,8608,531,147,0,1511,2425,619,1,nack-sent,pending,H.264,0,1,24,17,7,4,2,3,5,30,0,0,17658,6,0,0,0,0,0,91.540,90,109,73,67,73,0,64.606,22.756,87.283,0,0,272,14,286,0,95,7,0.452,0.548,0.951,1.000,0.069,42.000,0.000,1.000,0.000,insufficient-sample,829,6939,0,0,500,6395,1511,13988,328,540,1,4,13978,predicted-useful,fec-grace,2496,0.667,111,286,0,0,0,0,0,8,8,8,8,107,1676,107,1676,0,0,0,pacing,1,0.734,10.045,118.045,0,0,8,8,0,0,0,0,1684,1892,90,0,1,9500000,1200000,0,0,0,17719,17719,21734704,939,1155022,562,698246,0,0,0,0,0,17.845,35.410,8868.250,4800.000,908,32175,16574,7382,15601,8219,0.308,31.797,1.208,908,6155767,9750846,1.042,44.563,0.533,13.120,32175,1511,450,13988,302,1196,13,147,147,285,14,25,1,5,9,0,0,0,2,3,0,0,2,0,3,131,2,1,0,4,2965,2425,2425,0,0,0,0,0,,disabled,,0,0,0,0,,1,Fixed Quality,Hybrid,85,30,9500,12000,640,360,H.264,480,270,518400,0,518400,28178,0.054,0.000,,0,0,0.000,4.681,0.000,3.936,0.726,7250,6750,6750,13,13,0,1,9500,1.000,0,17.845,0.000,0,0,0.000,0.000,0,0,0,0,0.315,0.636,0.049,1,0,0,disabled,0,0,0,62,135,62,52,21,103,103,0,3,async-output-pending,0,,0,0,0.000,0.000,0,,9.017,839.125,39583.333,0.000,0,0,0,,23,0,0,0.000,1,0,0.718,0.149,0.568,0.000,0.000,0.000,0.000,0,0,1,1,1,0,0,1,1,0,0,0,1.000,0.000,0.000,30,0,0.000,0,0,0,0.000,0.000,0.000,0.000,0.000,0.000,0.000,0.000,20.380,0,0,0,0,0,0,0,0,0.000,0.000,0.000,0.000,0.000,0.000,0,0.334,19.995,447,449,2190,51.549,184.545,54.170,184.545,19084.229,506,1,H.264,108.666,0,0,183.561,184.654,1.001,125.802,107.560,arrival-gap-jitter-spike,4140.993,0,1,1,1,1,23225.222,509.694,510.608,516.948,516.948,0,0,4,0,0,4,0,,,142.114,167.886,461,1,decoded,0,0,0,0,0,0,0,0,0,0,,105.713,0.000,108.541,0.000,0.000,0.000,136.414,stale-before-upload,0.000,618,0.000,114.022,5.139,0.073,0.844,0.618,0.000,0.227,1,0,0,1,3,0.065,19.996,19.995,1.375,20.600,1.000,Loss,0,1,0,0.000,1,1,1,1,0.060,0.000,0.060,0,100,0,17742,16622,1086,0,1017
24.225,Custom_loss6_delay0-100_dup0_reorder6_burst0,Loopback,1,1,0,,,0.000,0,21,646,15.648,15.645,15.218,101.820,101.351,49.057,52.235,8.146,0.066,0.259,17333,1217,16325,15108,2223,1343,114,684,609,75,82,0,15109,475,166,0,1,1,0,5.000,0,0,0,0,1,1,0,0,0,0,0,0,0,1,1,94.426,56.512,94.426,renderer-lag,466,465,2291,0,1,54.809,183.561,55.760,184.654,21.908,21.898,463,460,8989,550,157,0,1574,2536,649,1,nack-sent,pending,H.264,0,1,24,6,18,0,0,1,0,18,0,0,18523,18,0,0,0,0,0,39.352,93,114,75,69,75,0,64.981,23.144,87.283,1,0,283,15,298,0,98,10,0.449,0.551,0.950,1.000,0.093,39.000,0.400,0.400,1.000,retransmit-late,863,7245,0,0,522,6683,1574,14579,340,558,1,4,14569,predicted-useful,fec-grace,2602,0.750,115,298,0,0,0,0,0,8,8,8,8,111,1740,111,1740,0,0,0,pacing,1,0.786,8.512,116.512,0,0,8,8,0,0,0,0,1748,1973,94,0,1,9500000,1200000,4,0,4,18541,18537,22736756,981,1206696,589,731882,0,0,0,0,0,7.567,35.410,137.688,4800.000,949,33657,17332,7797,16325,8528,0.310,32.847,0.105,949,6324330,9672700,2.302,31.527,0.496,14.872,33657,1574,467,14579,314,1247,13,156,156,303,17,31,2,5,12,0,0,0,2,3,0,0,2,0,3,137,2,1,0,4,3101,2536,2536,0,0,0,0,0,,disabled,,0,0,0,0,,1,Fixed Quality,Hybrid,85,30,9500,12000,640,360,H.264,480,270,518400,28178,518400,28178,0.054,0.000,,0,0,0.000,1.857,0.000,0.000,0.088,7250,6750,6750,13,13,0,1,9500,1.000,0,11.982,0.000,0,0,0.000,0.000,0,0,0,0,0.312,0.638,0.050,1,0,0,disabled,24,0,0,65,141,65,55,21,107,107,0,3,large-au-observed,0,,0,0,17.473,23.729,0,,0.000,0.000,0.000,0.000,0,0,0,,24,0,0,6.333,0,650,0.088,0.000,0.000,0.087,0.000,0.061,0.009,1,1,1,1,0,1,1,0,0,0,1,0,0.860,111.728,0.000,26,0,0.000,0,0,0,0.000,0.000,0.000,0.000,0.000,0.000,0.000,1.761,10.150,0,0,0,0,0,0,0,0,0.000,0.000,0.000,0.000,0.000,0.000,0,0.321,15.645,463,465,2291,55.782,184.545,54.170,184.545,19084.229,506,1,H.264,108.666,0,0,183.561,184.654,1.001,125.802,107.560,arrival-gap-jitter-spike,5141.135,0,1,1,1,1,24225.364,509.694,510.608,516.948,516.948,0,0,4,0,0,4,0,,,142.114,167.886,461,1,decoded,0,0,0,0,0,0,0,0,0,0,,103.627,0.000,106.308,0.000,0.000,0.000,130.910,stale-before-upload,0.000,646,0.000,112.154,5.521,0.078,0.834,0.623,0.000,0.211,1,0,0,1,3,0.066,15.648,15.645,8.146,15.218,1.000,RecoveryDeadline,0,1,0,0.000,0,2,2,1,0.060,0.000,0.060,0,100,0,18561,17363,1147,0,1067
25.232,Custom_loss6_delay0-100_dup0_reorder6_burst0,Loopback,1,1,0,,,0.000,0,21,675,14.038,12.288,15.838,103.913,101.563,49.057,52.235,30.268,0.065,0.267,18131,1270,17074,15804,2327,1411,122,705,627,78,89,0,15805,492,179,0,1,1,0,5.000,0,0,0,0,1,1,0,0,0,0,0,0,0,1,1,94.426,56.512,94.426,renderer-lag,482,481,2388,0,1,40.001,183.561,40.965,184.654,21.908,21.898,479,475,9400,570,169,0,1645,2652,676,1,nack-sent,pending,H.264,0,1,24,20,4,4,3,2,3,13,0,0,19343,12,0,0,0,0,0,76.194,97,122,78,72,78,0,65.456,22.843,87.283,1,0,298,15,313,0,105,10,0.443,0.557,0.952,1.000,0.087,45.000,0.333,0.667,0.000,duplicate-guard,901,7525,0,0,544,6939,1645,15248,356,582,1,4,15234,predicted-useful,likely-arrival,2717,0.000,120,313,0,0,0,0,0,8,8,8,8,116,1812,116,1812,0,0,0,pacing,1,0.714,4.659,112.659,0,0,8,8,0,0,0,0,1820,2063,98,0,1,9500000,1200000,11,0,11,19396,19385,23776192,1026,1262102,614,763030,0,0,0,0,0,0.495,35.410,882.312,4800.000,992,35204,18130,8139,17074,8935,0.310,32.753,0.000,992,5457199,8870590,1.235,31.527,0.495,19.827,35204,1644,484,15244,329,1302,13,168,168,322,18,32,1,6,12,0,0,0,2,3,0,0,2,0,3,148,2,1,0,4,3243,2652,2652,0,0,0,0,0,,disabled,,0,0,0,0,,1,Fixed Quality,Hybrid,85,30,9500,12000,640,360,H.264,480,270,518400,28178,518400,28178,0.054,0.000,,0,0,0.000,2.030,0.000,0.000,0.071,7250,6750,6750,13,13,0,1,9500,1.000,0,9.856,0.000,0,0,0.000,0.000,0,0,0,0,0.310,0.642,0.048,1,0,0,disabled,24,0,0,67,148,67,57,24,112,112,0,3,large-au-observed,0,,0,0,13.365,23.729,0,,0.000,0.000,0.000,0.000,0,0,0,,25,0,0,6.123,0,678,0.070,0.000,0.000,0.070,0.000,0.046,0.009,1,1,1,1,0,1,1,0,0,0,1,0,0.860,74.883,0.000,26,0,0.000,0,0,0,0.000,0.000,0.000,0.000,0.000,0.000,0.000,1.950,10.170,0,0,0,0,0,0,0,0,0.000,0.000,0.000,0.000,0.000,0.000,0,0.318,12.288,479,481,2388,41.001,184.545,54.170,184.545,19084.229,506,1,H.264,108.666,0,0,183.561,184.654,1.001,125.802,107.560,arrival-gap-jitter-spike,6147.867,0,1,1,1,1,25232.096,509.694,510.608,516.948,516.948,0,0,4,0,0,4,0,,,142.114,167.886,461,1,decoded,0,0,0,0,0,0,0,0,0,0,,105.032,0.000,107.799,5.101,0.000,113.266,131.957,stale-before-upload,0.000,674,0.000,114.020,5.905,0.075,0.804,0.592,0.000,0.212,1,0,0,1,3,0.065,14.038,12.288,30.268,15.838,1.000,Loss,0,1,0,1.000,1,1,1,1,0.060,0.000,0.060,0,100,0,19410,18167,1199,0,1125
26.232,Custom_loss6_delay0-100_dup0_reorder6_burst0,Loopback,1,1,0,,,0.000,0,21,701,21.323,19.542,20.582,107.205,101.576,49.458,52.109,8.847,0.065,0.268,18904,1313,17794,16481,2426,1476,131,727,648,79,92,0,16482,511,187,0,1,1,0,5.000,0,0,0,0,1,1,0,0,0,0,0,0,0,1,1,94.426,56.512,94.426,renderer-lag,500,499,2488,0,1,36.998,183.561,38.050,184.654,21.908,21.898,497,494,9783,590,176,0,1708,2761,702,1,nack-deferred-likely-arrival,pending,H.264,0,1,24,22,2,4,3,2,6,17,0,0,20129,0,0,0,0,0,0,95.896,103,131,79,73,79,0,65.763,22.664,87.283,1,0,314,17,331,0,110,10,0.440,0.560,0.949,1.000,0.083,45.000,0.286,0.714,0.000,duplicate-guard,933,7812,0,0,566,7210,1708,15813,366,598,1,4,15799,deferred-likely-arrival,likely-arrival,2826,0.208,128,331,0,0,0,0,0,9,9,9,9,124,1944,124,1944,0,0,0,pacing,1,0.749,11.542,119.542,0,0,9,9,0,0,0,0,1953,2144,102,0,1,9500000,1200000,0,0,0,20194,20194,24767078,1074,1321240,639,794178,0,0,0,0,0,15.212,35.410,5742.375,4800.000,1035,36697,18903,8463,17794,9331,0.309,26.024,0.668,1035,6088017,9470331,1.164,25.302,0.467,15.523,36697,1708,503,15813,344,1351,13,175,175,340,20,36,2,6,14,0,0,0,2,3,0,0,2,0,3,153,2,1,0,4,3380,2761,2761,0,0,0,0,0,,disabled,,0,0,0,0,,1,Fixed Quality,Hybrid,85,30,9500,12000,640,360,H.264,480,270,518400,0,518400,28176,0.054,0.000,,0,0,0.000,4.540,0.000,3.877,0.631,7250,6750,6750,13,13,0,1,9500,1.000,0,15.212,0.000,0,0,0.000,0.000,0,0,0,0,0.311,0.637,0.051,1,0,0,disabled,0,0,0,70,154,70,60,24,117,117,0,3,async-output-pending,0,,0,0,0.000,0.000,0,,15.212,5742.375,39583.333,0.000,0,0,0,,26,0,0,0.000,1,0,0.619,0.156,0.461,0.000,0.000,0.000,0.000,0,0,1,1,1,0,0,1,1,0,0,0,1.000,0.000,0.000,30,0,0.000,0,0,0,0.000,0.000,0.000,0.000,0.000,0.000,0.000,0.000,28.991,0,0,0,0,0,0,0,0,0.000,0.000,0.000,0.000,0.000,0.000,0,0.398,19.542,497,499,2488,38.090,184.545,54.170,184.545,19084.229,506,1,H.264,108.666,0,0,183.561,184.654,1.001,125.802,107.560,arrival-gap-jitter-spike,7148.170,0,1,1,1,1,26232.399,509.694,510.608,516.948,516.948,0,0,4,0,0,4,0,,,142.114,167.886,461,1,decoded,0,0,0,0,0,0,0,0,0,0,,102.019,0.000,104.781,0.000,0.000,0.000,133.602,stale-before-upload,0.001,701,0.000,110.324,5.138,0.080,0.357,0.017,0.000,0.340,1,0,0,1,3,0.065,21.323,19.542,8.847,20.582,1.000,RecoveryDeadline,0,1,0,1.000,1,1,1,1,0.060,0.000,0.060,0,100,0,20220,18944,1249,0,1161
27.232,Custom_loss6_delay0-100_dup0_reorder6_burst0,Loopback,1,1,0,,,0.000,0,21,730,15.499,15.500,21.862,101.390,101.490,3.336,49.989,29.914,0.065,0.264,19699,1376,18551,17175,2522,1527,136,762,677,85,97,0,17176,534,192,0,1,1,0,5.000,0,0,0,0,1,1,0,0,0,0,0,0,0,1,1,94.426,56.512,94.426,renderer-lag,523,522,2587,0,1,33.525,183.561,34.605,184.654,21.908,21.898,520,517,10171,619,181,0,1777,2867,733,1,fec-parity,pending,H.264,0,1,24,3,21,1,0,0,0,0,0,0,21066,19,0,0,0,0,0,12.738,107,136,85,79,85,0,65.891,23.932,87.283,1,0,329,18,347,0,118,10,0.440,0.560,0.948,1.000,0.078,45.000,0.400,0.600,0.000,duplicate-guard,971,8134,0,0,588,7508,1777,16464,382,622,1,4,16449,deferred-likely-arrival,likely-arrival,2942,0.542,134,347,0,0,0,0,0,9,9,9,9,130,2035,130,2035,0,0,0,pacing,1,0.779,9.479,117.479,0,0,9,9,0,0,0,0,2044,2229,106,0,1,9500000,1200000,0,0,0,21050,21050,25815862,1120,1377890,665,825940,0,0,0,0,0,15.561,35.410,5810.438,4800.000,1077,38239,19697,8822,18542,9720,0.309,37.914,0.009,1077,6589261,10601569,0.464,11.017,0.444,20.363,38239,1777,526,16464,362,1402,13,180,180,351,20,36,2,6,14,0,0,0,2,3,0,0,2,0,3,158,2,1,0,4,3512,2867,2867,0,0,0,0,0,,disabled,,0,0,0,0,,1,Fixed Quality,Hybrid,85,30,9500,12000,640,360,H.264,480,270,518400,28178,518400,28178,0.054,0.000,,0,0,0.000,2.202,0.000,0.000,0.068,7250,6750,6750,13,13,0,1,9500,1.000,0,15.561,0.000,0,0,0.000,0.000,0,0,0,0,0.308,0.640,0.052,1,0,0,disabled,24,0,0,74,162,74,62,26,123,123,0,3,large-au-observed,0,,0,0,15.044,23.729,0,,0.000,0.000,0.000,0.000,0,0,0,,27,0,0,6.235,0,733,0.068,0.000,0.000,0.068,0.000,0.046,0.006,1,1,1,1,0,1,1,0,0,0,1,0,0.860,63.414,0.000,26,0,0.000,0,0,0,0.000,0.000,0.000,0.000,0.000,0.000,0.000,2.125,10.284,0,0,0,0,0,0,0,0,0.000,0.000,0.000,0.000,0.000,0.000,0,0.502,15.500,520,522,2587,34.834,184.545,54.170,184.545,19084.229,506,1,H.264,108.666,0,0,183.561,184.654,1.001,125.802,107.560,arrival-gap-jitter-spike,8148.142,0,1,1,1,1,27232.371,509.694,510.608,516.948,516.948,0,0,4,0,0,4,0,,,142.114,167.886,461,1,decoded,0,0,0,0,0,0,0,0,0,0,,99.928,0.000,102.890,0.000,0.000,0.000,130.695,stale-before-upload,0.000,730,0.000,108.776,5.371,0.089,0.873,0.647,0.000,0.227,1,0,0,1,3,0.065,15.499,15.500,29.914,21.862,1.000,RecoveryDeadline,0,1,0,0.000,2,1,1,1,0.060,0.000,0.060,0,100,0,21077,19738,1301,0,1213
28.239,Custom_loss6_delay0-100_dup0_reorder6_burst0,Loopback,1,1,0,,,0.000,0,21,758,19.561,19.566,21.136,102.586,101.599,94.461,51.842,22.789,0.065,0.261,20507,1424,19319,17895,2631,1593,140,798,708,90,100,0,17896,557,197,0,1,1,0,5.000,0,0,0,0,1,1,0,0,0,0,0,0,0,1,1,94.426,56.512,94.426,renderer-lag,546,545,2683,0,1,27.297,183.561,28.333,184.654,21.908,21.898,543,540,10574,647,186,0,1850,2980,759,1,nack-sent,pending,H.264,0,1,24,18,6,2,1,2,4,17,0,0,21850,1,0,0,0,0,0,72.236,118,140,90,84,90,0,66.156,23.771,87.283,1,0,349,20,369,0,131,10,0.457,0.543,0.946,1.000,0.071,45.000,0.500,0.500,0.000,duplicate-guard,1005,8423,0,0,607,7771,1850,17153,397,648,1,4,17137,predicted-useful,fec-grace,3065,0.250,144,369,0,0,0,0,0,10,10,10,10,140,2195,140,2195,0,0,0,pacing,1,0.780,10.855,118.855,0,0,10,10,0,0,0,0,2205,2316,110,0,1,9500000,1200000,0,0,0,21912,21912,26872106,1172,1442004,692,858954,0,0,0,0,0,11.705,35.410,1092.125,3568.450,1122,39799,20495,9189,19304,10115,0.310,4.531,0.543,1122,6731277,10237716,0.689,27.039,0.462,15.255,39799,1850,549,17153,386,1451,13,185,185,364,20,36,2,6,14,0,0,0,2,3,0,0,2,0,3,163,2,1,0,4,3647,2980,2980,0,0,0,0,0,,disabled,,0,0,0,0,,1,Fixed Quality,Hybrid,85,30,9500,12000,640,360,H.264,480,270,518400,0,518400,28178,0.054,0.000,,0,0,0.000,4.718,0.000,3.965,0.722,7250,6750,6750,13,13,0,1,9500,1.000,0,22.337,0.000,0,0,0.000,0.000,0,0,0,0,0.320,0.626,0.054,1,0,0,disabled,0,0,0,78,170,78,66,26,131,131,0,4,async-output-pending,0,,0,0,0.000,0.000,0,,11.705,1092.125,45673.077,0.000,0,0,0,,28,0,0,0.000,1,0,0.705,0.193,0.510,0.000,0.000,0.000,0.000,0,0,1,1,1,0,0,1,1,0,1,0,0.860,105.316,0.000,26,0,0.000,0,0,0,0.000,0.000,0.000,0.000,0.000,0.000,0.000,0.000,20.864,0,0,0,0,0,0,0,0,0.000,0.000,0.000,0.000,0.000,0.000,0,0.386,19.566,543,545,2683,28.588,184.545,54.170,184.545,19084.229,506,1,H.264,108.666,0,0,183.561,184.654,1.001,125.802,107.560,arrival-gap-jitter-spike,9155.102,0,1,1,1,1,28239.331,509.694,510.608,516.948,516.948,0,0,4,0,0,4,0,,,142.114,167.886,461,1,decoded,0,0,0,0,0,0,0,0,0,0,,105.742,0.000,108.468,0.000,0.000,0.000,131.293,stale-before-upload,0.001,758,0.000,113.941,5.069,0.080,0.717,0.477,0.000,0.240,1,0,0,1,3,0.065,19.561,19.566,22.789,21.136,1.000,RecoveryDeadline,0,1,0,0.000,2,2,2,1,0.060,0.000,0.060,0,100,0,21940,20543,1353,0,1250
29.242,Custom_loss6_delay0-100_dup0_reorder6_burst0,Loopback,1,1,0,,,0.000,0,21,786,18.880,15.115,17.278,100.814,101.711,49.164,51.734,9.245,0.065,0.261,21242,1469,20011,18542,2733,1652,146,832,738,94,103,0,18543,579,204,0,1,1,0,5.000,0,0,0,0,1,1,0,0,0,0,0,0,0,1,1,94.426,56.512,94.426,renderer-lag,567,566,2777,0,1,42.835,183.561,43.720,184.654,21.908,21.898,563,560,10948,673,192,0,1914,3084,787,1,fec-recovered,pending,H.264,0,1,22,18,4,3,3,1,2,7,0,0,22654,16,0,0,0,0,0,65.719,127,146,94,88,94,0,67.256,23.504,87.283,1,0,368,20,388,0,138,11,0.465,0.535,0.948,1.000,0.074,45.000,0.500,0.500,0.000,duplicate-guard,1038,8689,0,0,628,8021,1914,17782,409,664,1,4,17766,predicted-useful,fec-grace,3177,0.636,151,388,0,0,0,0,0,10,10,10,10,147,2313,147,2313,0,0,0,pacing,1,0.806,10.404,118.404,0,0,10,10,0,0,0,0,2323,2395,114,0,1,9500000,1200000,0,0,0,22693,22693,27831387,1219,1500214,716,888858,0,0,0,0,0,15.162,35.410,7671.312,4800.000,1162,41247,21236,9505,20011,10506,0.309,9.910,0.190,1162,5048388,7787512,0.383,12.572,0.493,19.433,41247,1914,570,17782,404,1495,15,191,191,375,21,38,2,6,15,0,0,0,2,3,0,0,2,0,3,168,2,1,0,4,3773,3084,3084,0,0,0,0,0,,disabled,,0,0,0,0,,1,Fixed Quality,Hybrid,85,30,9500,12000,640,360,H.264,480,270,518400,26094,518400,26094,0.050,0.000,,0,0,0.000,1.920,0.000,0.000,0.093,6000,6250,6250,14,14,0,1,9500,0.820,1,15.162,0.000,0,0,0.000,0.000,0,0,0,0,0.327,0.621,0.052,1,0,0,latency-pressure-freshness-hold,22,0,0,82,177,82,68,27,137,137,0,4,large-au-observed,0,,0,0,12.335,21.974,0,,0.000,0.000,0.000,0.000,0,0,0,,29,0,0,6.592,0,789,0.093,0.000,0.000,0.093,0.000,0.068,0.007,1,1,1,1,0,1,1,0,0,0,0,0,1.000,0.000,0.000,27,0,0.000,0,0,0,0.000,0.000,0.000,0.000,0.000,0.000,0.000,1.816,10.476,0,0,0,0,0,0,0,0,0.000,0.000,0.000,0.000,0.000,0.000,0,0.533,15.115,563,566,2777,43.758,184.545,54.170,184.545,19084.229,506,1,H.264,108.666,0,0,183.561,184.654,1.001,125.802,107.560,arrival-gap-jitter-spike,10158.197,0,1,1,1,1,29242.426,509.694,510.608,516.948,516.948,0,0,5,0,0,5,1,latency-pressure freshness,latency-over-80ms,160.847,167.886,768,1,H.264,0,0,0,0,0,0,0,0,0,0,,105.077,0.000,107.402,0.000,0.000,0.000,130.407,stale-before-decode,0.001,786,0.000,114.041,6.080,0.087,0.311,0.001,0.000,0.310,1,0,0,1,3,0.065,18.880,15.115,9.245,17.278,1.000,Loss,0,1,0,1.000,0,1,1,1,0.060,0.000,0.060,0,100,0,22722,21283,1397,0,1313
30.246,Custom_loss6_delay0-100_dup0_reorder6_burst0,Loopback,1,1,0,,,0.000,0,21,812,23.357,23.357,22.121,97.571,101.626,38.747,51.235,8.017,0.064,0.255,21920,1498,20621,19123,2829,1694,152,880,781,99,103,0,19124,602,206,0,1,1,0,5.000,0,0,0,0,1,1,0,0,0,0,0,0,0,1,1,94.426,56.512,94.426,renderer-lag,590,589,2876,0,1,33.698,183.561,34.797,184.654,21.908,21.898,586,583,11308,701,194,0,1971,3192,813,1,nack-sent,pending,H.264,0,1,23,19,4,6,4,2,6,17,0,0,23377,22,0,0,0,0,0,76.382,130,152,99,93,99,0,67.283,22.885,87.283,1,0,382,20,402,0,143,11,0.461,0.539,0.950,1.000,0.071,45.000,0.167,0.833,0.000,duplicate-guard,1066,8925,0,0,648,8244,1971,18243,417,677,1,4,18227,predicted-useful,fec-grace,3278,0.217,157,402,0,0,0,0,0,11,11,11,11,153,2402,153,2402,0,0,0,pacing,1,0.809,11.305,119.305,0,0,11,11,0,0,0,0,2413,2464,118,0,1,9500000,1200000,3,0,3,23412,23409,28715115,1261,1552206,740,918458,0,0,0,0,0,7.051,35.410,669.125,4800.000,1198,42518,21908,9777,20610,10833,0.309,8.143,1.118,1198,4694376,7071429,1.654,7.974,0.444,9.995,42518,1970,593,18239,419,1536,15,193,193,378,22,39,1,7,15,0,0,0,2,3,0,0,2,0,3,169,2,1,0,4,3901,3192,3192,0,0,0,0,0,,disabled,,0,0,0,0,,1,Fixed Quality,Hybrid,85,30,9500,12000,640,360,H.264,480,270,518400,27136,518400,27136,0.052,0.000,,0,0,0.000,1.720,0.000,0.000,0.079,7250,6500,6500,15,15,0,1,9500,1.000,0,14.335,0.000,0,0,0.000,0.000,0,0,0,0,0.323,0.627,0.050,1,0,0,disabled,23,0,0,86,184,86,71,27,142,142,0,4,large-au-observed,0,,0,0,18.027,22.851,0,,0.000,0.000,0.000,0.000,0,0,0,,30,0,0,2.272,0,815,0.078,0.000,0.000,0.078,0.000,0.059,0.006,1,1,1,1,0,1,1,0,0,0,0,0,1.000,0.000,0.000,30,0,0.000,0,0,0,0.000,0.000,0.000,0.000,0.000,0.000,0.000,1.633,6.346,0,0,0,0,0,0,0,0,0.000,0.000,0.000,0.000,0.000,0.000,0,0.376,23.357,586,589,2876,34.678,184.545,54.170,184.545,19084.229,506,1,H.264,108.666,0,0,183.561,184.654,1.001,125.802,107.560,arrival-gap-jitter-spike,11161.859,0,1,1,1,1,30246.088,509.694,510.608,516.948,516.948,0,0,5,0,0,5,0,,,160.847,167.886,768,1,H.264,0,0,0,0,0,0,0,0,0,0,,98.949,0.000,101.658,0.000,0.000,0.000,128.786,stale-before-decode,0.001,812,0.000,107.891,5.842,0.073,0.785,0.543,0.000,0.242,1,0,0,1,3,0.064,23.357,23.357,8.017,22.121,1.000,RecoveryDeadline,0,1,0,2.000,1,2,2,1,0.060,0.000,0.060,0,100,0,23439,21963,1433,0,1352
31.247,Custom_loss6_delay0-100_dup0_reorder6_burst0,Loopback,1,1,0,,,0.000,0,21,840,25.106,25.098,22.750,97.920,101.601,154.800,55.071,11.466,0.064,0.251,22691,1551,21349,19798,2925,1752,157,910,805,105,106,0,19799,626,210,0,1,1,0,5.000,0,0,0,0,1,1,0,0,0,0,0,0,0,1,1,94.426,56.512,94.426,renderer-lag,614,613,2961,0,1,27.361,183.561,28.365,184.654,21.908,21.898,610,606,11699,731,198,0,2033,3300,842,1,fec-parity,pending,H.264,0,1,23,6,17,1,0,0,0,0,0,0,24238,19,0,0,0,0,0,19.643,138,157,105,99,105,0,68.065,22.602,87.283,1,0,401,23,424,0,153,11,0.468,0.532,0.946,1.000,0.067,45.000,0.429,0.571,0.000,duplicate-guard,1107,9203,0,0,669,8490,2033,18800,437,709,1,4,18783,predicted-useful,likely-arrival,3391,0.304,165,424,0,0,0,0,0,11,11,11,11,161,2521,161,2521,0,0,0,pacing,1,0.743,12.497,120.497,0,0,11,11,0,0,0,0,2532,2545,122,0,1,9500000,1200000,19,0,19,24246,24227,29721513,1312,1615234,765,949142,0,0,0,0,0,8.416,35.410,180.188,4800.000,1241,44025,22684,10104,21341,11237,0.308,19.171,0.092,1241,4964064,7941051,0.695,29.590,0.455,12.992,44025,2033,617,18800,440,1578,15,197,197,386,23,41,2,7,16,0,0,0,2,3,0,0,2,0,3,172,2,1,0,4,4034,3300,3300,0,0,0,0,0,,disabled,,0,0,0,0,,1,Fixed Quality,Hybrid,85,30,9500,12000,640,360,H.264,480,270,518400,27136,518400,27136,0.052,0.000,,0,0,0.000,1.408,0.000,0.000,0.106,6500,6500,6500,15,15,0,1,9500,0.917,1,8.416,0.000,0,0,0.000,0.000,0,0,0,0,0.325,0.620,0.054,1,0,0,latency-pressure-freshness-hold,23,0,0,90,193,90,74,29,149,149,0,4,large-au-observed,0,,0,0,10.696,22.851,0,,0.000,0.000,0.000,0.000,0,0,0,,31,0,0,6.035,0,843,0.105,0.000,0.000,0.105,0.000,0.081,0.008,1,1,1,1,0,1,1,0,0,0,1,0,0.860,42.072,0.000,26,0,0.000,0,0,0,0.000,0.000,0.000,0.000,0.000,0.000,0.000,1.294,10.033,0,0,0,0,0,0,0,0,0.000,0.000,0.000,0.000,0.000,0.000,0,0.391,25.098,610,613,2961,28.386,184.545,54.170,184.545,19084.229,506,1,H.264,108.666,0,0,183.561,184.654,1.001,125.802,107.560,arrival-gap-jitter-spike,12163.091,0,1,1,1,1,31247.320,509.694,510.608,516.948,516.948,0,0,6,0,0,6,1,latency-pressure freshness,latency-over-80ms,134.744,167.886,820,1,decoded,0,0,0,0,0,0,0,0,0,0,,100.854,0.000,103.590,0.000,0.000,0.000,128.960,stale-before-upload,0.000,840,0.000,108.538,4.666,0.077,0.569,0.325,0.000,0.245,1,0,0,1,3,0.064,25.106,25.098,11.466,22.750,1.000,RTT,0,1,0,0.000,0,1,1,1,0.060,0.000,0.060,0,100,0,24258,22731,1484,0,1392
32.249,Custom_loss6_delay0-100_dup0_reorder6_burst0,Loopback,1,1,0,,,0.000,0,21,866,23.415,23.404,24.685,96.298,101.606,76.058,55.820,1.768,0.064,0.248,23463,1599,22070,20471,3029,1812,162,949,837,112,106,0,20472,649,214,0,1,1,0,5.000,0,0,0,0,1,1,0,0,0,0,0,0,0,1,1,94.426,56.512,94.426,renderer-lag,636,635,3060,0,1,39.912,183.561,40.940,184.654,21.908,21.898,632,628,12076,761,201,0,2090,3410,867,1,nack-deferred-likely-arrival,pending,H.264,0,1,24,22,2,3,2,2,7,19,0,0,24994,15,0,0,0,0,0,99.585,144,162,112,106,112,0,67.327,22.997,87.283,1,0,419,23,442,0,159,11,0.471,0.529,0.948,1.000,0.065,45.000,0.500,0.500,0.000,duplicate-guard,1146,9498,0,0,690,8759,2090,19357,455,735,1,4,19339,deferred-likely-arrival,likely-arrival,3495,0.542,171,442,0,0,0,0,0,11,11,11,11,166,2600,166,2600,0,0,0,pacing,1,0.750,13.732,121.732,0,0,11,11,0,0,0,0,2611,2618,126,0,1,9500000,1200000,11,0,11,25067,25056,30738343,1360,1673908,791,981534,0,0,0,0,0,0.536,35.410,1012.938,4800.000,1285,45532,23462,10391,22070,11679,0.307,39.077,0.303,1285,5596152,9080345,1.686,7.923,0.451,25.908,45532,2090,640,19357,458,1617,15,200,200,390,24,43,2,7,17,0,0,0,2,3,0,0,2,0,3,174,2,1,0,4,4161,3410,3410,0,0,0,0,0,,disabled,,0,0,0,0,,1,Fixed Quality,Hybrid,85,30,9500,12000,640,360,H.264,480,270,518400,28176,518400,28176,0.054,0.000,,0,0,0.000,1.846,0.000,0.000,0.092,7250,6750,6750,16,16,0,1,9500,1.000,0,14.321,0.000,0,0,0.000,0.000,0,0,0,0,0.326,0.622,0.052,1,0,0,disabled,24,0,0,94,199,94,76,29,155,155,0,4,large-au-observed,0,,0,0,17.694,23.727,0,,0.000,0.000,0.000,0.000,0,0,0,,32,0,0,10.394,0,870,0.092,0.000,0.000,0.092,0.000,0.064,0.009,1,1,1,1,0,1,1,0,0,0,1,0,0.860,179.995,0.000,26,0,0.000,0,0,0,0.000,0.000,0.000,0.000,0.000,0.000,0.000,1.745,7.263,0,0,0,0,0,0,0,0,0.000,0.000,0.000,0.000,0.000,0.000,0,0.454,23.404,632,635,3060,40.977,184.545,54.170,184.545,19084.229,506,1,H.264,108.666,0,0,183.561,184.654,1.001,125.802,107.560,arrival-gap-jitter-spike,13165.253,0,1,1,1,1,32249.482,509.694,510.608,516.948,516.948,0,0,6,0,0,6,0,,,134.744,167.886,820,1,decoded,0,0,0,0,0,0,0,0,0,0,,98.152,0.000,101.007,0.000,0.000,0.000,128.149,stale-before-upload,0.001,866,0.000,106.903,5.421,0.080,0.325,0.001,0.000,0.324,1,0,0,1,3,0.064,23.415,23.404,1.768,24.685,1.000,Loss,0,1,0,0.000,2,1,1,1,0.060,0.000,0.060,0,100,0,25088,23508,1534,0,1444
33.253,Custom_loss6_delay0-100_dup0_reorder6_burst0,Loopback,1,1,0,,,0.000,0,21,894,21.122,21.120,18.591,91.793,101.539,46.995,55.516,0.577,0.064,0.246,24116,1656,22684,21028,3130,1873,166,982,869,113,109,0,21029,670,219,0,1,1,0,5.000,0,0,0,0,1,1,0,0,0,0,0,0,0,1,1,94.426,56.512,94.426,renderer-lag,657,656,3159,0,1,46.956,183.561,47.921,184.654,21.908,21.898,653,648,12442,783,206,0,2144,3523,895,1,nack-sent,pending,H.264,0,1,22,19,3,4,3,2,2,9,1,0,25702,2,25728,0,0,0,0,69.519,150,166,113,107,113,0,67.398,22.805,87.283,1,0,430,26,456,0,164,11,0.475,0.525,0.943,1.000,0.063,43.000,0.600,0.400,0.000,stable,1185,9758,0,0,709,8984,2144,19782,474,767,2,7,19764,predicted-useful,fec-grace,3592,0.273,177,456,0,0,0,0,0,13,13,13,13,172,2692,172,2692,0,0,0,pacing,1,0.787,11.780,119.780,0,0,13,13,0,0,0,0,2705,2684,130,0,1,9500000,1200000,9,0,9,25752,25743,31582419,1402,1725900,815,1011430,0,0,0,0,0,1.105,35.410,448.125,4800.000,1321,46780,24115,10642,22665,12023,0.306,29.619,5.748,1321,4311067,7004847,2.123,0.526,0.475,20.733,46780,2143,660,19779,470,1656,17,205,205,399,24,43,2,7,17,0,0,0,2,3,0,0,2,0,3,178,3,1,0,4,4285,3523,3523,0,0,0,0,0,,disabled,,0,0,0,0,,1,Fixed Quality,Hybrid,85,30,9500,12000,640,360,H.264,480,270,518400,26094,518400,26094,0.050,0.000,,0,0,0.000,1.690,0.000,0.000,0.091,6500,6250,6250,17,17,0,1,9500,0.909,1,12.359,0.000,0,0,0.000,0.000,0,0,0,0,0.329,0.614,0.057,1,0,0,latency-pressure-freshness-hold,22,0,0,98,205,98,78,29,159,159,0,4,large-au-observed,0,,0,0,15.931,21.974,0,,0.000,0.000,0.000,0.000,0,0,0,,33,0,0,5.978,0,897,0.090,0.000,0.000,0.090,0.000,0.068,0.006,1,1,1,1,0,1,1,0,0,0,0,0,1.000,0.000,0.000,27,0,0.000,0,0,0,0.000,0.000,0.000,0.000,0.000,0.000,0.000,1.592,10.166,0,0,0,0,0,0,0,0,0.000,0.000,0.000,0.000,0.000,0.000,0,0.355,21.120,653,656,3159,47.944,184.545,54.170,184.545,19084.229,506,1,H.264,108.666,0,0,183.561,184.654,1.001,125.802,107.560,arrival-gap-jitter-spike,14168.529,0,1,1,1,1,33252.758,509.694,510.608,516.948,516.948,0,0,7,0,0,7,1,latency-pressure freshness,latency-over-80ms,140.980,167.886,875,1,decoded,0,0,0,0,0,0,0,0,0,0,,97.075,0.000,99.659,0.000,0.000,0.000,125.897,stale-before-upload,0.000,894,0.000,105.848,6.125,0.075,0.866,0.642,0.000,0.225,1,0,0,1,3,0.064,21.122,21.120,0.577,18.591,1.000,Loss,0,1,0,0.000,2,1,1,1,0.060,0.000,0.060,0,100,0,25776,24159,1569,0,1475
34.253,Custom_loss6_delay0-100_dup0_reorder6_burst0,Loopback,1,1,0,,,0.000,0,21,919,19.629,19.624,17.499,99.656,101.429,69.529,55.983,25.731,0.063,0.245,24802,1675,23310,21635,3233,1934,169,1020,903,117,110,0,21636,689,224,0,1,1,0,5.000,0,0,0,0,1,1,0,0,0,0,0,0,0,1,1,94.426,56.512,94.426,renderer-lag,676,675,3256,0,1,24.107,183.561,25.214,184.654,21.908,21.898,672,667,12818,806,211,0,2203,3637,920,1,fec-recovered,pending,H.264,0,1,23,21,2,4,3,3,8,25,0,0,26413,16,0,0,0,0,0,92.463,154,169,117,111,117,0,67.201,24.033,139.259,1,0,441,25,466,0,173,11,0.477,0.523,0.946,1.000,0.060,44.000,0.333,0.667,0.000,stable,1219,10034,0,0,729,9238,2203,20313,488,789,2,7,20294,predicted-useful,fec-grace,3693,0.304,181,466,0,0,0,0,0,13,13,13,13,176,2763,176,2763,0,0,0,pacing,1,0.872,10.325,118.325,0,0,13,13,0,0,0,0,2776,2760,134,0,1,9500000,1200000,12,0,12,26479,26466,32473131,1441,1774002,840,1042570,0,0,0,0,0,0.669,35.410,3566.250,4800.000,1357,48074,24774,10961,23300,12339,0.307,23.326,1.624,1357,4956036,7942695,1.049,4.928,0.495,17.328,48074,2203,679,20313,485,1701,17,210,210,409,25,45,2,7,18,0,0,0,2,3,0,0,2,0,3,182,3,1,0,4,4419,3637,3637,0,0,0,0,0,,disabled,,0,0,0,0,,1,Fixed Quality,Hybrid,85,30,9500,12000,640,360,H.264,480,270,518400,27136,518400,27136,0.052,0.000,,0,0,0.000,2.156,0.000,0.000,0.207,7250,6500,6500,18,18,0,1,9500,1.000,0,16.763,0.000,0,0,0.000,0.000,0,0,0,0,0.330,0.616,0.054,1,0,0,disabled,23,0,0,102,212,102,79,31,164,164,0,4,large-au-observed,0,,0,0,18.748,22.851,0,,0.000,0.000,0.000,0.000,0,0,0,,34,0,0,9.705,0,923,0.206,0.000,0.000,0.206,0.000,0.177,0.009,1,1,1,1,0,1,1,0,0,0,1,0,0.860,99.027,0.000,26,0,0.000,0,0,0,0.000,0.000,0.000,0.000,0.000,0.000,0.000,1.940,13.725,0,0,0,0,0,0,0,0,0.000,0.000,0.000,0.000,0.000,0.000,0,0.430,19.624,672,675,3256,25.442,184.545,54.170,184.545,19084.229,506,1,H.264,108.666,0,0,183.561,184.654,1.001,125.802,107.560,arrival-gap-jitter-spike,15169.245,0,1,1,1,1,34253.474,509.694,510.608,516.948,516.948,0,0,7,0,0,7,0,,,140.980,167.886,875,1,decoded,0,0,0,0,0,0,0,0,0,0,,101.410,0.000,104.091,0.000,0.000,0.000,129.828,stale-before-upload,0.001,919,0.000,108.284,3.745,0.074,0.851,0.540,0.000,0.311,1,0,0,1,3,0.063,19.629,19.624,25.731,17.499,1.000,RecoveryDeadline,0,1,0,1.000,1,1,1,1,0.060,0.000,0.060,0,100,0,26500,24848,1606,0,1511
35.255,Custom_loss6_delay0-100_dup0_reorder6_burst0,Loopback,1,1,0,,,0.000,0,21,949,20.508,20.513,17.333,95.850,101.467,7.225,54.410,16.321,0.063,0.246,25613,1732,24083,22351,3331,1997,179,1042,923,119,113,0,22352,710,232,0,1,1,0,5.000,0,0,0,0,1,1,0,0,0,0,0,0,0,1,1,94.426,56.512,94.426,renderer-lag,697,696,3351,0,1,31.434,183.561,32.440,184.654,21.908,21.898,693,688,13202,829,219,0,2269,3736,950,1,fec-parity,pending,H.264,0,1,24,20,4,5,2,2,9,19,0,0,27286,9,0,0,0,0,0,70.707,162,179,119,113,119,0,67.210,24.018,139.259,1,0,461,27,488,0,176,14,0.475,0.525,0.945,1.000,0.074,45.000,0.500,0.500,0.000,duplicate-guard,1258,10335,0,0,752,9513,2269,20909,504,815,2,7,20889,predicted-useful,fec-grace,3806,0.167,189,488,0,0,0,0,0,13,13,13,13,184,2897,184,2897,0,0,0,pacing,1,0.830,10.650,118.650,0,0,13,13,0,0,0,0,2910,2844,138,0,1,9500000,1200000,0,0,0,27332,27332,33535623,1493,1838116,869,1078064,0,0,0,0,0,10.944,35.410,401.375,4800.000,1401,49682,25599,11358,24083,12725,0.307,2.838,0.604,1401,7547038,11072327,0.671,-8.519,0.459,14.198,49682,2269,700,20909,503,1749,17,218,218,425,28,48,1,10,18,0,0,0,3,4,0,0,3,0,4,187,3,1,0,4,4549,3736,3736,0,0,0,0,0,,disabled,,0,0,0,0,,1,Fixed Quality,Hybrid,85,30,9500,12000,640,360,H.264,480,270,518400,28178,518400,28178,0.054,0.000,,0,0,0.000,2.311,0.000,0.000,0.118,7250,6750,6750,19,19,0,1,9500,1.000,0,10.944,0.000,0,0,0.000,0.000,0,0,0,0,0.332,0.613,0.055,1,0,0,disabled,24,0,0,106,221,106,84,31,170,170,0,4,large-au-observed,0,,0,0,15.190,23.729,0,,0.000,0.000,0.000,0.000,0,0,0,,35,0,0,3.241,0,952,0.118,0.000,0.000,0.117,0.000,0.080,0.014,1,1,1,1,0,1,1,0,0,0,0,0,1.000,0.000,0.000,30,0,0.000,0,0,0,0.000,0.000,0.000,0.000,0.000,0.000,0.000,2.178,20.570,0,0,0,0,0,0,0,0,0.000,0.000,0.000,0.000,0.000,0.000,0,0.416,20.514,693,696,3351,32.448,184.545,54.170,184.545,19084.229,506,1,H.264,108.666,0,0,183.561,184.654,1.001,125.802,107.560,arrival-gap-jitter-spike,16170.771,0,1,1,1,1,35255.000,509.694,510.608,516.948,516.948,0,0,7,0,0,7,0,,,140.980,167.886,875,1,decoded,0,0,0,0,0,0,0,0,0,0,,101.244,0.000,104.091,0.000,0.000,0.000,127.925,stale-before-upload,0.001,949,0.000,109.619,5.077,0.089,0.240,0.001,0.000,0.240,1,0,0,1,3,0.063,20.508,20.513,16.321,17.333,1.000,RecoveryDeadline,0,1,0,1.000,1,1,1,1,0.060,0.000,0.060,0,100,0,27367,25665,1666,0,1543
36.260,Custom_loss6_delay0-100_dup0_reorder6_burst0,Loopback,1,1,0,,,0.000,0,21,978,22.983,21.073,14.403,91.675,101.588,74.272,55.031,6.867,0.064,0.249,26425,1793,24860,23067,3436,2059,187,1072,946,126,118,0,23068,731,242,0,1,1,0,5.000,0,0,0,0,1,1,0,0,0,0,0,0,0,1,1,94.426,56.512,94.426,renderer-lag,716,715,3449,0,1,35.283,228.287,36.644,229.322,21.908,21.898,712,706,13627,857,227,0,2341,3852,978,1,retransmit-late-after-completed,completed,H.264,1,1,24,24,0,0,0,3,0,0,1,1,28167,1,28167,1,28167,1,1,79.890,170,187,126,120,126,0,67.529,23.689,139.259,1,0,484,25,509,0,185,16,0.476,0.524,0.951,1.000,0.080,39.000,0.300,0.700,0.500,retransmit-late,1303,10647,0,0,773,9790,2341,21587,528,850,2,7,21566,predicted-useful,fec-grace,3923,0.542,198,509,0,0,0,0,0,13,13,13,13,193,3054,193,3054,0,0,0,pacing,1,0.856,12.649,120.649,0,0,13,13,0,0,0,0,3067,2930,142,0,1,9500000,1200000,0,0,0,28193,28193,34590623,1544,1900986,895,1109826,0,0,0,0,0,13.164,35.410,3408.125,4800.000,1445,51262,26414,11713,24848,13135,0.307,5.067,1.344,1445,6164243,10536712,0.704,67.047,0.432,12.865,51262,2341,721,21587,524,1800,17,226,226,440,29,50,2,10,19,0,0,0,3,4,0,0,3,0,4,194,3,1,0,4,4689,3852,3852,0,0,0,0,0,,disabled,,0,0,0,0,,1,Fixed Quality,Hybrid,85,30,9500,12000,640,360,H.264,480,270,518400,28178,518400,28178,0.054,0.000,,0,0,0.000,2.051,0.000,0.000,0.070,7250,6750,6750,19,19,0,1,9500,1.000,0,13.164,0.000,0,0,0.000,0.000,0,0,0,0,0.000,1.000,0.000,1,0,0,disabled,24,0,0,110,231,110,88,33,177,177,0,4,large-au-observed,0,,0,0,15.184,23.729,0,,0.000,0.000,0.000,0.000,0,0,0,,36,0,0,3.859,0,980,0.069,0.000,0.000,0.069,0.000,0.045,0.008,1,1,1,1,0,1,1,0,0,0,0,0,1.000,0.000,0.000,30,0,0.000,0,0,0,0.000,0.000,0.000,0.000,0.000,0.000,0.000,1.973,7.661,0,0,0,0,0,0,0,0,0.000,0.000,0.000,0.000,0.000,0.000,0,0.413,21.073,712,715,3449,36.217,229.379,54.170,229.379,36032.023,971,1,H.264,113.855,0,0,228.287,229.322,1.000,156.758,112.753,arrival-gap-jitter-spike,228.129,0,1,1,1,1,36260.152,509.694,510.608,516.948,516.948,0,0,7,0,0,7,0,,,140.980,167.886,875,1,decoded,0,0,0,0,0,0,0,0,0,0,,102.479,0.000,105.322,4.750,0.000,100.871,125.838,stale-before-upload,0.000,977,0.000,112.613,4.440,0.071,0.827,0.507,0.000,0.320,1,0,0,1,3,0.063,22.983,21.073,6.867,14.403,1.000,RecoveryDeadline,1,1,0,1.000,0,1,1,1,0.060,0.000,0.060,0,100,0,28229,26477,1715,0,1586
37.261,Custom_loss6_delay0-100_dup0_reorder6_burst0,Loopback,1,1,0,,,0.000,0,21,1005,23.614,23.621,18.714,94.858,101.618,9.097,53.639,9.677,0.063,0.249,27201,1838,25591,23753,3531,2118,192,1099,968,131,122,0,23754,750,249,0,1,1,0,5.000,0,0,0,0,1,1,0,0,0,0,0,0,0,1,1,94.426,56.512,94.426,renderer-lag,735,734,3539,0,1,31.572,228.287,32.670,229.322,21.908,21.898,731,726,14026,881,234,0,2415,3960,1007,1,nack-sent,pending,H.264,0,1,24,14,10,4,1,1,0,10,0,0,29002,6,0,0,0,0,0,56.041,176,192,131,125,131,0,67.400,23.783,139.259,1,0,500,25,525,0,195,16,0.478,0.522,0.952,1.000,0.076,44.000,0.600,0.400,0.000,stable,1341,10952,0,0,793,10066,2415,22359,546,879,2,7,22338,predicted-useful,fec-grace,4040,0.417,204,525,0,0,0,0,0,13,13,13,13,199,3157,199,3157,0,0,0,pacing,1,0.832,8.727,116.727,0,0,13,13,0,0,0,0,3170,3020,146,0,1,9500000,1200000,0,0,0,29019,29019,35602659,1590,1957636,921,1142218,0,0,0,0,0,16.427,35.410,7319.375,4800.000,1489,52775,27184,12013,25591,13578,0.306,24.873,0.059,1489,9806006,12701074,2.433,40.603,0.496,20.395,52775,2415,740,22359,542,1856,17,233,233,449,29,50,2,10,19,0,0,0,3,4,0,0,3,0,4,201,3,1,0,4,4826,3960,3960,0,0,0,0,0,,disabled,,0,0,0,0,,1,Fixed Quality,Hybrid,85,30,9500,12000,640,360,H.264,480,270,518400,0,518400,28176,0.054,0.000,,0,0,0.000,4.776,0.000,4.082,0.641,7250,6750,6750,19,19,0,1,9500,1.000,0,16.427,0.000,0,0,0.000,0.000,0,0,0,0,0.000,1.000,0.000,1,0,0,disabled,0,0,0,114,240,114,93,33,183,183,0,4,async-output-pending,0,,0,0,0.000,0.000,0,,16.413,10726.250,39583.333,0.000,0,0,0,,37,0,0,0.000,1,0,0.630,0.145,0.484,0.000,0.000,0.000,0.000,0,0,1,1,1,0,0,1,1,0,0,0,1.000,0.000,0.000,30,0,0.000,0,0,0,0.000,0.000,0.000,0.000,0.000,0.000,0.000,0.000,19.521,0,0,0,0,0,0,0,0,0.000,0.000,0.000,0.000,0.000,0.000,0,0.381,23.621,731,734,3539,32.662,229.379,54.170,229.379,36032.023,971,1,H.264,113.855,0,0,228.287,229.322,1.000,156.758,112.753,arrival-gap-jitter-spike,1228.888,0,1,1,1,1,37260.911,509.694,510.608,516.948,516.948,0,0,7,0,0,7,0,,,140.980,167.886,875,1,decoded,0,0,0,0,0,0,0,0,0,0,,101.713,0.000,104.457,0.000,0.000,0.000,127.429,stale-before-upload,0.000,1005,0.000,110.290,5.425,0.070,0.682,0.399,0.000,0.284,1,0,0,1,3,0.063,23.614,23.621,9.677,18.714,1.000,RecoveryDeadline,1,1,0,1.500,2,3,3,1,0.060,0.000,0.060,0,100,0,29056,27248,1766,0,1627
38.267,Custom_loss6_delay0-100_dup0_reorder6_burst0,Loopback,1,1,0,,,0.000,0,21,1034,19.842,19.843,16.296,104.568,101.693,96.756,54.907,18.799,0.064,0.250,27999,1904,26360,24456,3643,2177,201,1139,1005,134,126,0,24457,769,257,0,1,1,0,5.000,0,0,0,0,1,1,0,0,0,0,0,0,0,1,1,94.426,56.512,94.426,renderer-lag,754,753,3638,0,1,68.186,228.287,69.198,229.322,21.908,21.898,750,745,14426,903,242,0,2484,4075,1035,1,nack-sent,pending,H.264,1,1,24,19,5,2,2,3,11,33,2,0,29840,18,29884,4,0,0,0,63.152,181,201,134,128,134,0,67.750,23.765,139.259,1,0,517,26,543,0,199,17,0.474,0.526,0.952,1.000,0.079,45.000,0.400,0.600,0.000,duplicate-guard,1376,11259,0,0,814,10352,2484,23032,560,900,2,7,23011,predicted-useful,fec-grace,4150,0.208,210,543,0,0,0,0,0,13,13,13,13,205,3252,205,3252,0,0,0,pacing,1,0.796,5.885,113.885,0,0,13,13,0,0,0,0,3265,3101,150,0,1,9500000,1200000,0,0,0,29877,29877,36653931,1638,2016772,949,1177098,0,0,0,0,0,17.525,35.410,4795.125,4800.000,1531,54323,27982,12338,26341,14003,0.306,23.115,1.454,1531,5673603,8787925,1.136,50.014,0.409,18.197,54323,2484,759,23032,560,1907,17,241,241,465,31,54,2,10,21,0,0,0,3,4,0,0,3,0,4,207,3,1,0,4,4963,4075,4075,0,0,0,0,0,,disabled,,0,0,0,0,,1,Fixed Quality,Hybrid,85,30,9500,12000,640,360,H.264,480,270,518400,28178,518400,28178,0.054,0.000,,0,0,0.000,1.886,0.000,0.000,0.097,7250,6750,6750,19,19,0,1,9500,1.000,0,17.525,0.000,0,0,0.000,0.000,0,0,0,0,0.333,0.619,0.048,1,0,0,disabled,24,0,0,118,250,118,98,34,189,189,0,4,large-au-observed,0,,0,0,16.275,23.729,0,,0.000,0.000,0.000,0.000,0,0,0,,38,0,0,5.845,0,1037,0.096,0.000,0.000,0.096,0.000,0.069,0.007,1,1,1,1,0,1,1,0,0,0,0,0,1.000,0.000,0.000,30,0,0.000,0,0,0,0.000,0.000,0.000,0.000,0.000,0.000,0.000,1.775,9.760,0,0,0,0,0,0,0,0,0.000,0.000,0.000,0.000,0.000,0.000,0,0.379,19.843,750,753,3638,69.189,229.379,54.170,229.379,36032.023,971,1,H.264,113.855,0,0,228.287,229.322,1.000,156.758,112.753,arrival-gap-jitter-spike,2234.988,0,1,1,1,1,38267.011,509.694,510.608,516.948,516.948,0,0,7,0,0,7,0,,,140.980,167.886,875,1,decoded,0,0,0,0,0,0,0,0,0,0,,104.173,0.000,106.945,0.000,0.000,0.000,132.284,stale-before-upload,0.001,1034,0.000,112.536,5.193,0.076,0.816,0.596,0.000,0.220,1,0,0,1,3,0.064,19.842,19.843,18.799,16.296,1.000,RecoveryDeadline,0,1,0,0.000,0,1,1,1,0.060,0.000,0.060,0,100,0,29915,28047,1816,0,1683
39.267,Custom_loss6_delay0-100_dup0_reorder6_burst0,Loopback,1,1,0,,,0.000,0,21,1062,19.969,19.960,19.207,102.139,101.898,49.687,54.758,22.226,0.063,0.249,28796,1946,27081,25135,3732,2238,208,1158,1021,137,128,0,25136,793,263,0,1,1,0,5.000,0,0,0,0,1,1,0,0,0,0,0,0,0,1,1,94.426,56.512,94.426,renderer-lag,777,776,3725,0,1,26.797,228.287,27.853,229.322,21.908,21.898,773,768,14814,930,247,0,2553,4174,1063,1,retransmit-duplicate,pending,H.264,1,1,24,18,6,2,1,3,12,38,1,1,30743,3,30743,3,30743,3,1,61.787,189,208,137,131,137,0,67.767,23.805,139.259,1,0,535,26,561,0,207,19,0.476,0.524,0.954,1.000,0.084,40.000,0.750,0.250,0.000,stable,1421,11547,0,0,836,10609,2553,23666,583,931,2,7,23645,predicted-useful,likely-arrival,4266,0.250,218,561,0,3,0,0,0,13,13,13,13,214,3394,214,3394,0,0,0,pacing,1,0.766,8.331,116.331,0,0,13,13,0,0,0,0,3410,3184,154,0,1,9500000,1200000,11,0,11,30735,30724,37692089,1686,2075910,974,1208246,0,0,0,0,0,0.761,35.410,470.250,4800.000,1575,55852,28771,12720,27081,14361,0.307,0.109,0.109,1575,12000000,29827216,1.472,30.597,0.560,12.902,55852,2553,783,23666,578,1958,17,246,246,472,32,56,2,10,22,0,0,0,3,4,0,0,3,0,4,211,3,1,0,4,5091,4174,4174,0,0,0,0,0,,disabled,,0,0,0,0,,1,Fixed Quality,Hybrid,85,30,9500,12000,640,360,H.264,480,270,518400,28178,518400,28178,0.054,0.000,,0,0,0.000,2.273,0.000,0.000,0.071,7250,6750,6750,19,19,0,1,9500,1.000,0,14.633,0.000,0,0,0.000,0.000,0,0,0,0,0.337,0.615,0.048,1,0,0,disabled,24,0,0,122,258,122,102,34,195,195,0,4,large-au-observed,0,,0,0,18.238,23.729,0,,0.000,0.000,0.000,0.000,0,0,0,,39,0,0,5.636,0,1065,0.071,0.000,0.000,0.071,0.000,0.051,0.006,1,1,1,1,0,1,1,0,0,0,0,0,1.000,0.000,0.000,30,0,0.000,0,0,0,0.000,0.000,0.000,0.000,0.000,0.000,0.000,2.193,9.556,0,0,0,0,0,0,0,0,0.000,0.000,0.000,0.000,0.000,0.000,0,0.423,19.960,773,776,3725,27.886,229.379,54.170,229.379,36032.023,971,1,H.264,113.855,0,0,228.287,229.322,1.000,156.758,112.753,arrival-gap-jitter-spike,3235.311,0,1,1,1,1,39267.334,509.694,510.608,516.948,516.948,0,0,7,0,0,7,0,,,140.980,167.886,875,1,decoded,0,0,0,0,0,0,0,0,0,0,,107.940,0.000,110.718,0.000,0.000,0.000,131.070,stale-before-upload,0.000,1062,0.000,116.843,5.680,0.077,0.662,0.360,0.000,0.302,1,0,0,1,3,0.063,19.969,19.960,22.226,19.207,1.000,Loss,0,1,0,0.000,0,1,1,1,0.060,0.000,0.060,0,100,0,30763,28847,1864,0,1729
40.274,Custom_loss6_delay0-100_dup0_reorder6_burst0,Loopback,1,1,0,,,0.000,0,21,1091,24.575,22.676,17.772,104.055,102.026,38.961,54.319,13.867,0.064,0.250,29617,2012,27862,25850,3840,2309,214,1188,1048,140,129,0,25851,814,271,0,1,1,0,5.000,0,0,0,0,1,1,0,0,0,0,0,0,0,1,1,94.426,56.512,94.426,renderer-lag,797,796,3820,0,1,25.881,228.287,26.825,229.322,21.908,21.898,793,788,15236,954,254,0,2626,4294,1093,1,retransmit-arrived,pending,H.264,1,1,24,9,15,3,0,1,5,19,1,0,31630,2,31630,2,31630,2,1,33.793,194,214,140,134,140,0,67.986,23.553,139.259,1,0,549,28,577,0,213,19,0.475,0.525,0.951,1.000,0.082,45.000,0.167,0.833,0.000,duplicate-guard,1460,11864,0,0,859,10906,2626,24345,599,951,2,7,24324,predicted-useful,likely-arrival,4385,0.792,224,577,0,3,0,0,0,13,13,13,13,220,3492,220,3492,0,0,0,pacing,1,0.793,10.748,118.748,0,0,13,13,0,0,0,0,3508,3274,158,0,1,9500000,1200000,0,0,0,31591,31591,38753979,1732,2132560,998,1238142,0,0,0,0,0,18.753,35.410,6396.688,2180.250,1620,57449,29603,13102,27846,14744,0.307,18.569,1.316,1620,5290368,8172272,2.163,22.333,0.508,12.655,57449,2626,804,24345,594,2015,17,253,253,484,32,56,2,10,22,0,0,0,3,4,0,0,3,0,4,218,3,1,0,4,5239,4294,4294,0,0,0,0,0,,disabled,,0,0,0,0,,1,Fixed Quality,Hybrid,85,30,9500,12000,640,360,H.264,480,270,518400,0,518400,28178,0.054,0.000,,0,0,0.000,4.673,0.000,4.054,0.599,7250,6750,6750,19,19,0,1,9500,1.000,0,18.753,0.000,0,0,0.000,0.000,0,0,0,0,0.500,0.500,0.000,1,0,0,disabled,0,0,0,126,267,126,105,36,201,201,0,4,async-output-pending,0,,0,0,0.000,0.000,0,,12.498,207.812,39583.333,0.000,0,0,0,,40,0,0,0.000,1,0,0.590,0.139,0.449,0.000,0.000,0.000,0.000,0,0,1,1,1,0,0,1,1,0,0,0,1.000,0.000,0.000,30,0,0.000,0,0,0,0.000,0.000,0.000,0.000,0.000,0.000,0.000,0.000,21.203,0,0,0,0,0,0,0,0,0.000,0.000,0.000,0.000,0.000,0.000,0,0.360,22.676,793,796,3820,27.024,229.379,54.170,229.379,36032.023,971,1,H.264,113.855,0,0,228.287,229.322,1.000,156.758,112.753,arrival-gap-jitter-spike,4241.863,0,1,1,1,1,40273.886,509.694,510.608,516.948,516.948,0,0,7,0,0,7,0,,,140.980,167.886,875,1,decoded,0,0,0,0,0,0,0,0,0,0,,104.135,0.000,106.955,0.000,0.000,0.000,132.028,stale-before-upload,0.001,1091,0.000,112.869,5.540,0.076,0.837,0.600,0.000,0.237,1,0,0,1,3,0.064,24.575,22.676,13.867,17.772,1.000,Loss,0,1,0,0.000,1,3,3,1,0.060,0.000,0.060,0,100,0,31631,29672,1915,0,1783
41.274,Custom_loss6_delay0-100_dup0_reorder6_burst0,Loopback,1,1,0,,,0.000,0,21,1121,23.817,23.808,16.215,86.830,101.993,141.555,56.677,40.889,0.063,0.249,30434,2048,28622,26574,3940,2367,221,1219,1077,142,133,0,26575,837,277,0,1,1,0,5.000,0,0,0,0,1,1,0,0,0,0,0,0,0,1,1,94.426,56.512,94.426,renderer-lag,820,819,3906,0,1,0.057,228.287,1.097,229.322,21.908,21.898,816,810,15637,979,260,0,2693,4410,1122,1,fec-recovered,pending,H.264,1,1,24,17,7,5,3,2,9,29,0,2,32435,14,32483,3,0,0,0,57.241,198,221,142,136,142,0,67.875,23.353,139.259,1,0,562,27,589,0,215,22,0.473,0.527,0.954,1.000,0.093,39.000,1.000,0.000,1.000,retransmit-late,1501,12193,0,0,883,11211,2693,24955,616,975,2,7,24934,predicted-useful,likely-arrival,4501,0.000,228,589,0,3,0,0,0,13,13,13,13,224,3555,224,3555,0,0,0,pacing,1,0.788,7.982,115.982,0,0,13,13,0,0,0,0,3571,3359,162,0,1,9500000,1200000,0,0,0,32443,32443,39797783,1774,2184234,1023,1269290,0,0,0,0,0,18.387,35.410,8685.000,3462.150,1666,59030,30408,13441,28622,15181,0.307,6.954,0.106,1666,6349557,9882673,0.503,38.385,0.547,12.415,59030,2693,827,24955,607,2069,17,259,259,495,35,60,2,12,23,0,0,0,3,4,0,0,3,0,4,221,3,1,0,4,5374,4410,4410,0,0,0,0,0,,disabled,,0,0,0,0,,1,Fixed Quality,Hybrid,85,30,9500,12000,640,360,H.264,480,270,518400,0,518400,28176,0.054,0.000,,0,0,0.000,4.888,0.000,4.188,0.678,7250,6750,6750,19,19,0,1,9500,1.000,0,18.387,0.000,0,0,0.000,0.000,0,0,0,0,0.000,1.000,0.000,1,0,0,disabled,0,0,0,129,272,129,107,36,205,205,0,4,async-output-pending,0,,0,0,0.000,0.000,0,,18.387,8685.000,39583.333,0.000,0,0,0,,41,0,0,0.000,1,0,0.670,0.189,0.479,0.000,0.000,0.000,0.000,0,0,1,1,1,0,0,1,1,0,0,0,1.000,0.000,0.000,30,0,0.000,0,0,0,0.000,0.000,0.000,0.000,0.000,0.000,0.000,0.000,32.370,0,0,0,0,0,0,0,0,0.000,0.000,0.000,0.000,0.000,0.000,0,0.439,23.808,816,819,3906,1.423,229.379,54.170,229.379,36032.023,971,1,H.264,113.855,0,0,228.287,229.322,1.000,156.758,112.753,arrival-gap-jitter-spike,5241.916,0,1,1,1,1,41273.939,509.694,510.608,516.948,516.948,0,0,7,0,0,7,0,,,140.980,167.886,875,1,decoded,0,0,0,0,0,0,0,0,0,0,,101.707,0.000,104.596,9.577,0.000,101.001,128.415,stale-before-upload,0.000,1120,0.000,112.968,4.514,0.073,0.739,0.501,0.000,0.238,1,0,0,1,3,0.063,23.817,23.808,40.889,16.215,1.000,RTT,0,1,0,0.000,1,2,2,1,0.060,0.000,0.060,0,100,0,32484,30487,1963,0,1828
42.281,Custom_loss6_delay0-100_dup0_reorder6_burst0,Loopback,1,1,0,,,0.000,0,21,1148,21.227,21.231,19.718,103.924,101.999,77.959,57.237,8.044,0.064,0.249,31282,2122,29446,27324,4056,2440,229,1247,1098,149,140,0,27325,858,284,0,1,1,0,5.000,0,0,0,0,1,1,0,0,0,0,0,0,0,1,1,94.426,56.512,94.426,renderer-lag,841,840,3997,0,1,54.159,228.287,55.154,229.322,21.908,21.898,837,832,16058,1007,268,0,2769,4522,1153,1,fec-parity,pending,H.264,0,1,24,0,24,1,0,0,0,0,0,0,33399,0,0,0,0,0,0,0.000,202,229,149,143,149,0,67.835,23.295,139.259,2,0,582,30,612,0,217,22,0.469,0.531,0.951,1.000,0.092,43.000,0.000,1.000,0.000,duplicate-guard,1543,12519,0,0,907,11509,2769,25695,634,1003,2,7,25672,predicted-useful,likely-arrival,4625,0.125,239,612,0,3,0,0,0,13,13,13,13,235,3747,235,3747,0,0,0,pacing,1,0.810,5.823,113.823,0,0,13,13,0,0,0,0,3763,3450,166,0,1,9500000,1200000,4,0,4,33366,33362,40923755,1827,2249592,1049,1301682,0,0,0,0,0,8.018,35.410,618.625,2188.050,1712,60724,31278,13828,29446,15618,0.307,9.494,0.699,1712,4996323,8021260,0.815,17.989,0.530,10.141,60724,2769,848,25695,624,2128,17,266,266,512,35,60,2,12,23,0,0,0,3,4,0,0,3,0,4,228,3,1,0,4,5517,4522,4522,0,0,0,0,0,,disabled,,0,0,0,0,,1,Fixed Quality,Hybrid,85,30,9500,12000,640,360,H.264,480,270,518400,28176,518400,28176,0.054,0.000,,0,0,0.000,2.056,0.000,0.000,0.068,7250,6750,6750,19,19,0,1,9500,1.000,0,13.700,0.000,0,0,0.000,0.000,0,0,0,0,1.000,0.000,0.000,1,0,0,disabled,24,0,0,133,280,133,109,38,211,211,0,4,large-au-observed,0,,0,0,17.455,23.727,0,,0.000,0.000,0.000,0.000,0,0,0,,42,0,0,5.553,0,1153,0.068,0.000,0.000,0.067,0.000,0.044,0.009,1,1,1,1,0,1,1,0,0,0,0,0,1.000,0.000,0.000,30,0,0.000,0,0,0,0.000,0.000,0.000,0.000,0.000,0.000,0.000,1.981,9.907,0,0,0,0,0,0,0,0,0.000,0.000,0.000,0.000,0.000,0.000,0,0.350,21.231,837,840,3997,55.465,229.379,54.170,229.379,36032.023,971,1,H.264,113.855,0,0,228.287,229.322,1.000,156.758,112.753,arrival-gap-jitter-spike,6248.846,0,1,1,1,1,42280.869,509.694,510.608,516.948,516.948,0,0,7,0,0,7,0,,,140.980,167.886,875,1,decoded,0,0,0,0,0,0,0,0,0,0,,101.545,0.000,104.442,0.000,0.000,0.000,131.962,stale-before-upload,0.001,1148,0.000,110.581,5.779,0.073,0.994,0.768,0.000,0.226,1,0,0,1,3,0.064,21.227,21.231,8.044,19.718,1.000,RecoveryDeadline,0,1,0,0.500,2,1,1,1,0.060,0.000,0.060,0,100,0,33404,31340,2015,0,1884
43.285,Custom_loss6_delay0-100_dup0_reorder6_burst0,Loopback,1,1,0,,,0.000,0,21,1178,23.504,23.523,23.128,85.103,102.038,34.571,56.656,28.735,0.062,0.249,32089,2138,30182,28044,4164,2511,235,1270,1120,150,148,0,28045,879,292,0,1,1,0,5.000,0,0,0,0,1,1,0,0,0,0,0,0,0,1,1,94.426,56.512,94.426,renderer-lag,862,861,4092,0,1,12.789,228.287,13.812,229.322,21.908,21.898,858,853,16467,1029,276,0,2838,4643,1179,1,nack-sent,pending,H.264,1,1,24,17,7,2,1,3,12,41,1,0,34198,2,34198,2,0,0,0,73.183,207,235,150,144,150,0,67.851,23.247,139.259,2,0,594,31,625,0,221,24,0.468,0.532,0.950,1.000,0.098,38.000,0.500,0.500,0.000,stable,1583,12877,0,0,931,11838,2838,26349,650,1032,2,7,26324,predicted-useful,fec-grace,4739,0.708,244,625,0,3,0,0,0,13,13,13,13,240,3832,240,3832,0,0,0,pacing,1,0.793,13.589,121.589,0,0,13,13,0,0,0,0,3848,3538,170,0,1,9500000,1200000,0,0,0,34189,34189,41937067,1870,2302510,1074,1332822,0,0,0,0,0,0.051,35.410,23750.000,1087.500,1755,62256,32075,14152,30181,16029,0.306,23.612,0.065,1755,6275747,9180861,0.917,5.713,0.483,9.662,62256,2838,869,26349,636,2185,17,274,274,528,36,61,1,13,23,0,0,0,3,4,0,0,3,0,4,235,3,1,0,4,5655,4643,4643,0,0,0,0,0,,disabled,,0,0,0,0,,1,Fixed Quality,Hybrid,85,30,9500,12000,640,360,H.264,480,270,518400,0,518400,28178,0.054,0.000,,0,0,0.000,5.432,0.000,4.653,0.748,7250,6750,6750,19,19,0,1,9500,1.000,0,15.292,0.000,0,0,3.065,0.000,3732,0,0,0,0.333,0.000,0.667,1,0,0,disabled,0,0,0,136,286,136,112,38,215,215,2,4,async-output-pending,0,,0,0,0.000,0.000,0,,17.403,7937.250,45673.077,0.000,0,0,0,,43,0,0,0.000,1,0,0.736,0.214,0.519,0.000,0.000,0.000,0.000,0,0,1,1,1,0,0,1,1,0,1,0,0.860,97.097,0.000,26,0,0.000,0,0,0,0.000,0.000,0.000,0.000,0.000,0.000,0.000,0.000,10.137,0,0,0,0,0,0,0,0,0.000,0.000,0.000,0.000,0.000,0.000,0,0.408,23.523,858,861,4092,14.005,229.379,54.170,229.379,36032.023,971,1,H.264,113.855,0,0,228.287,229.322,1.000,156.758,112.753,arrival-gap-jitter-spike,7252.979,0,1,1,1,1,43285.002,509.694,510.608,516.948,516.948,0,0,7,0,0,7,0,,,140.980,167.886,875,1,decoded,0,0,0,0,0,0,0,0,0,0,,97.418,0.000,100.157,0.000,0.000,0.000,122.552,stale-before-upload,0.001,1178,0.000,105.716,5.146,0.083,0.391,0.079,0.000,0.312,1,0,0,1,3,0.062,23.504,23.523,28.735,23.128,1.000,Loss,0,1,0,2.000,1,2,2,1,0.060,0.000,0.060,0,100,0,34232,32147,2054,0,1940
44.287,Custom_loss6_delay0-100_dup0_reorder6_burst0,Loopback,1,1,0,,,0.000,0,21,1205,16.484,14.653,14.763,104.537,102.045,102.828,57.810,12.274,0.062,0.253,32841,2175,30880,28705,4265,2572,239,1297,1142,155,157,0,28706,895,303,0,1,1,0,5.000,0,0,0,0,1,1,0,0,0,0,0,0,0,1,1,94.426,56.512,94.426,renderer-lag,877,876,4185,0,1,47.388,228.287,48.390,229.322,21.908,21.898,873,868,16855,1050,286,0,2912,4747,1208,1,nack-sent,pending,H.264,1,1,24,6,18,1,0,1,0,18,0,0,35009,16,0,0,0,0,0,26.155,213,239,155,149,155,0,67.884,23.036,139.259,2,0,609,26,635,0,227,25,0.471,0.529,0.959,1.000,0.099,31.000,0.000,1.000,0.000,stable,1616,13214,0,0,952,12152,2912,27080,662,1055,2,7,27055,predicted-useful,likely-arrival,4855,0.250,248,635,0,3,0,0,0,13,13,13,13,244,3894,244,3894,0,0,0,pacing,1,0.767,8.567,116.567,0,0,13,13,0,0,0,0,3910,3632,174,0,1,9500000,1200000,0,0,0,34979,34979,42904891,1910,2351694,1099,1363970,0,0,0,0,0,8.021,35.410,2504.562,512.450,1795,63696,32827,14418,30869,16451,0.305,22.587,3.491,1795,5020344,8288211,1.414,18.222,0.431,19.576,63696,2911,885,27062,650,2244,17,284,284,546,37,63,2,13,24,0,0,0,3,4,0,0,3,0,4,244,3,1,0,4,5791,4747,4747,0,0,0,0,0,,disabled,,0,0,0,0,,1,Fixed Quality,Hybrid,85,30,9500,12000,640,360,H.264,480,270,518400,0,518400,28176,0.054,0.000,,0,0,0.000,4.925,0.000,4.016,0.889,7250,6750,6750,19,19,0,1,9500,1.000,0,8.709,0.000,0,0,0.000,0.000,0,0,0,0,0.335,0.624,0.041,1,0,0,disabled,0,0,0,139,294,139,115,40,220,220,1,4,async-output-pending,0,,0,0,0.000,0.000,0,,8.021,2504.562,45673.077,0.000,0,0,0,,44,0,0,0.000,1,0,0.880,0.193,0.686,0.000,0.000,0.000,0.000,0,0,1,1,1,0,0,1,1,0,1,0,0.860,106.173,0.000,26,0,0.000,0,0,0,0.000,0.000,0.000,0.000,0.000,0.000,0.000,0.000,29.250,0,0,0,0,0,0,0,0,0.000,0.000,0.000,0.000,0.000,0.000,0,0.531,14.653,873,876,4185,48.346,229.379,54.170,229.379,36032.023,971,1,H.264,113.855,0,0,228.287,229.322,1.000,156.758,112.753,arrival-gap-jitter-spike,8255.296,0,1,1,1,1,44287.319,509.694,510.608,516.948,516.948,0,0,7,0,0,7,0,,,140.980,167.886,875,1,decoded,0,0,0,0,0,0,0,0,0,0,,104.502,0.000,107.289,0.000,0.000,0.000,132.269,stale-before-upload,0.000,1205,0.000,113.297,5.465,0.073,0.711,0.473,0.000,0.239,1,0,0,1,3,0.062,16.484,14.653,12.274,14.763,1.000,Loss,0,1,0,1.000,1,1,1,1,0.060,0.000,0.060,0,100,0,35023,32898,2100,0,1989
45.288,Custom_loss6_delay0-100_dup0_reorder6_burst0,Loopback,1,1,0,,,0.000,0,21,1234,22.099,22.107,22.158,88.842,102.040,53.309,57.700,16.982,0.062,0.250,33608,2228,31613,29385,4359,2626,241,1329,1168,161,163,0,29386,919,306,0,1,1,0,5.000,0,0,0,0,1,1,0,0,0,0,0,0,0,1,1,94.426,56.512,94.426,renderer-lag,901,900,4279,0,1,27.218,228.287,28.268,229.322,21.908,21.898,897,892,17228,1080,289,0,2978,4854,1235,1,fec-recovered,pending,H.264,0,1,24,13,11,3,1,1,1,13,0,0,35800,13,0,0,0,0,0,51.142,216,241,161,155,161,0,67.847,22.520,139.259,2,0,620,28,648,0,234,25,0.473,0.527,0.957,1.000,0.097,40.000,0.333,0.667,0.000,duplicate-guard,1653,13570,0,0,975,12483,2978,27736,676,1080,2,7,27711,predicted-useful,fec-grace,4966,0.000,253,648,0,3,0,0,0,13,13,13,13,249,3977,249,3977,0,0,0,pacing,1,0.779,4.785,112.785,0,0,13,13,0,0,0,0,3993,3712,178,0,1,9500000,1200000,0,0,0,35802,35802,43913195,1953,2404612,1125,1396362,0,0,0,0,0,13.170,35.410,7988.438,1171.650,1838,65209,33596,14831,31613,16782,0.306,23.387,5.622,1838,5079872,8330170,2.423,4.674,0.489,11.624,65209,2978,909,27736,662,2299,17,287,287,552,37,63,2,13,24,0,0,0,3,4,0,0,3,0,4,247,3,1,0,4,5916,4854,4854,0,0,0,0,0,,disabled,,0,0,0,0,,1,Fixed Quality,Hybrid,85,30,9500,12000,640,360,H.264,480,270,518400,28178,518400,28178,0.054,0.000,,0,0,0.000,2.172,0.000,0.000,0.061,7250,6750,6750,19,19,0,1,9500,1.000,0,13.170,0.000,0,0,0.000,0.000,0,0,0,0,0.333,0.623,0.043,1,0,0,disabled,24,1,1,142,299,142,117,40,224,224,1,4,keyframe-g4-priority,0,,0,0,15.656,23.729,0,,0.000,0.000,0.000,0.000,0,0,0,,45,0,0,2.551,0,1236,0.060,0.000,0.000,0.060,0.000,0.040,0.007,1,1,1,1,0,1,1,0,0,0,0,0,1.000,0.000,0.000,30,0,0.000,0,0,0,0.000,0.000,0.000,0.000,0.000,0.000,0.000,2.082,28.677,0,0,0,0,0,0,0,0,0.000,0.000,0.000,0.000,0.000,0.000,0,0.378,22.107,897,900,4279,28.232,229.379,54.170,229.379,36032.023,971,1,H.264,113.855,0,0,228.287,229.322,1.000,156.758,112.753,arrival-gap-jitter-spike,9255.818,0,1,1,1,1,45287.841,509.694,510.608,516.948,516.948,0,0,7,0,0,7,0,,,140.980,167.886,875,1,decoded,0,0,0,0,0,0,0,0,0,0,,99.406,0.000,102.141,0.000,0.000,0.000,124.421,stale-before-upload,0.001,1234,0.000,107.579,5.056,0.074,0.639,0.387,0.000,0.252,1,0,0,1,3,0.062,22.099,22.107,16.982,22.158,1.000,Loss,0,1,0,0.000,0,1,1,1,0.060,0.000,0.060,0,100,0,35847,33664,2149,0,2035
46.290,Custom_loss6_delay0-100_dup0_reorder6_burst0,Loopback,1,1,0,,,0.000,0,21,1262,13.217,11.327,11.358,107.568,102.052,7.871,56.514,50.608,0.063,0.254,34374,2299,32357,30058,4452,2680,249,1354,1189,165,169,0,30059,935,318,0,1,1,0,5.000,0,0,0,0,1,1,0,0,0,0,0,0,0,1,1,94.426,56.512,94.426,renderer-lag,916,915,4375,0,1,23.973,228.287,25.052,229.322,21.908,21.898,912,906,17630,1100,300,0,3047,4964,1263,1,nack-sent,pending,H.264,0,1,24,13,11,4,1,2,5,27,0,0,36627,13,0,0,0,0,0,68.995,220,249,165,159,165,0,68.190,22.250,139.259,2,0,636,28,664,0,239,26,0.469,0.531,0.958,1.000,0.098,38.000,0.333,0.667,1.000,retransmit-late,1691,13885,0,0,997,12772,3047,28462,692,1106,2,7,28437,predicted-useful,likely-arrival,5072,0.000,259,664,0,3,0,0,0,13,13,13,13,255,4078,255,4078,0,0,0,pacing,1,0.789,12.409,120.409,0,0,13,13,0,0,0,0,4094,3796,182,0,1,9500000,1200000,2,2,0,36658,36656,44959471,1997,2458758,1149,1426250,0,0,0,0,0,7.992,35.410,718.938,445.500,1880,66730,34373,15146,32357,17211,0.306,27.336,3.068,1880,6618122,10057813,1.778,-5.348,0.431,18.969,66730,3047,925,28462,677,2353,17,298,298,575,39,66,2,14,25,0,0,0,3,4,0,0,3,0,4,256,3,1,0,4,6058,4964,4964,0,0,0,0,0,,disabled,,0,0,0,0,,1,Fixed Quality,Hybrid,85,30,9500,12000,640,360,H.264,480,270,518400,28178,518400,28178,0.054,0.000,,0,0,0.000,1.931,0.000,0.000,0.079,7250,6750,6750,19,19,0,1,9500,1.000,0,13.441,0.000,0,0,4.000,0.824,10606,8740,0,0,0.331,0.627,0.042,1,0,0,disabled,24,1,1,144,306,144,120,42,229,229,1,4,keyframe-g4-priority,0,,0,0,17.178,23.729,0,,0.000,0.000,0.000,0.000,0,0,0,,46,0,0,6.771,0,1265,0.078,0.000,0.000,0.078,0.000,0.054,0.009,1,1,1,1,0,1,1,0,0,0,0,0,1.000,0.000,0.000,30,0,0.000,0,0,0,0.000,0.000,0.000,0.000,0.000,0.000,0.000,1.815,10.655,0,0,0,0,0,0,0,0,0.000,0.000,0.000,0.000,0.000,0.000,0,0.403,11.327,912,915,4375,25.088,229.379,54.170,229.379,36032.023,971,1,H.264,113.855,0,0,228.287,229.322,1.000,156.758,112.753,arrival-gap-jitter-spike,10257.889,0,1,1,1,1,46289.912,509.694,510.608,516.948,516.948,0,0,7,0,0,7,0,,,140.980,167.886,875,1,decoded,0,0,0,0,0,0,0,0,0,0,,105.484,0.000,108.304,1.094,0.000,112.916,138.784,stale-before-upload,0.001,1261,0.000,113.262,5.311,0.084,0.281,0.002,0.000,0.280,1,0,0,1,3,0.063,13.217,11.327,50.608,11.358,2.000,Jitter,0,1,0,0.333,3,1,1,1,0.060,0.000,0.060,0,100,0,36702,34433,2218,0,2085
47.294,Custom_loss6_delay0-100_dup0_reorder6_burst0,Loopback,1,1,0,,,0.000,0,21,1290,19.347,19.353,18.944,105.507,102.148,84.646,57.168,2.835,0.062,0.254,35155,2342,33084,30742,4557,2748,255,1381,1211,170,173,0,30743,955,325,0,1,1,0,5.000,0,0,0,0,1,1,0,0,0,0,0,0,0,1,1,94.426,56.512,94.426,renderer-lag,936,935,4470,0,1,47.786,228.287,48.853,229.322,21.908,21.898,932,927,18040,1125,307,0,3121,5080,1291,1,nack-sent,pending,H.264,0,1,24,16,8,5,2,2,8,26,0,0,37460,22,0,0,0,0,0,68.894,222,255,170,164,170,0,68.378,21.933,139.259,2,0,649,29,678,0,242,27,0.465,0.535,0.957,1.000,0.100,36.000,0.167,0.833,0.000,duplicate-guard,1728,14250,0,0,1020,13115,3121,29213,706,1128,2,7,29187,predicted-useful,fec-grace,5191,0.000,265,678,0,4,0,0,0,13,13,13,13,262,4198,262,4198,0,0,0,pacing,1,0.799,12.979,120.979,0,0,13,13,0,0,0,0,4215,3885,186,0,1,9500000,1200000,0,0,0,37452,37452,45934777,2013,2478678,1152,1429990,0,0,0,0,0,0.063,35.410,5539.688,3556.000,1923,68232,35148,15420,33084,17664,0.305,21.477,0.045,1923,5874603,8635437,0.659,76.775,0.433,17.586,68232,3120,945,29205,689,2414,17,305,305,589,40,69,3,14,26,0,0,0,3,4,0,0,3,0,4,262,3,1,0,4,6201,5080,5080,0,0,0,0,0,,disabled,,0,0,0,0,,1,Fixed Quality,Hybrid,85,30,9500,12000,640,360,H.264,480,270,518400,0,518400,28178,0.054,0.000,,0,0,0.000,2.009,0.000,0.000,0.065,7250,6750,6750,19,19,0,1,9500,1.000,0,3.495,0.000,0,0,0.000,0.000,0,0,0,0,0.000,1.000,0.000,1,0,0,disabled,0,0,0,146,310,146,122,42,232,232,0,4,async-output-pending,0,,0,0,0.000,0.000,0,,0.000,0.000,0.000,0.000,0,0,0,,46,0,0,5.637,0,1293,0.064,0.000,0.000,0.064,0.000,0.041,0.008,1,1,1,1,0,1,1,0,1,0,1,0,0.860,71.790,0.000,26,0,0.000,0,0,0,0.000,0.000,0.000,0.000,0.000,0.000,0.000,0.000,9.490,0,0,0,0,0,0,0,0,0.000,0.000,0.000,0.000,0.000,0.000,0,0.387,19.353,932,935,4470,48.863,229.379,54.170,229.379,36032.023,971,1,H.264,113.855,0,0,228.287,229.322,1.000,156.758,112.753,arrival-gap-jitter-spike,11262.425,0,1,1,1,1,47294.448,509.694,510.608,516.948,516.948,0,0,7,0,0,7,0,,,140.980,167.886,875,1,decoded,0,0,0,0,0,0,0,0,0,0,,108.931,0.000,111.764,0.000,0.000,0.000,132.754,stale-before-upload,0.001,1290,0.000,117.850,5.691,0.074,0.717,0.484,0.000,0.233,1,0,0,1,3,0.062,19.347,19.353,2.835,18.944,1.000,Loss,0,1,0,0.333,3,1,1,1,0.060,0.000,0.060,0,100,0,37499,35216,2261,0,2124
48.295,Custom_loss6_delay0-100_dup0_reorder6_burst0,Loopback,1,1,0,,,0.000,0,21,1317,12.269,12.273,11.529,104.849,102.144,24.483,56.425,47.605,0.063,0.257,35872,2397,33776,31379,4638,2807,260,1393,1223,170,178,0,31380,970,336,0,1,1,0,5.000,0,0,0,0,1,1,0,0,0,0,0,0,0,1,1,94.426,56.512,94.426,renderer-lag,951,950,4569,0,1,32.819,249.221,33.904,250.298,21.908,21.898,947,941,18402,1140,318,0,3192,5179,1318,1,nack-sent,pending,H.264,0,1,24,9,15,2,0,2,1,31,0,0,38229,3,0,0,0,0,0,62.866,223,260,170,164,170,0,68.378,21.933,139.259,2,0,655,29,684,0,242,28,0.462,0.538,0.958,1.000,0.104,32.000,0.000,1.000,0.000,insufficient-sample,1762,14589,0,0,1042,13433,3192,29938,718,1149,2,7,29911,predicted-useful,fec-grace,5298,0.000,267,684,0,4,0,0,0,13,13,13,13,264,4228,264,4228,0,0,0,pacing,1,0.780,11.821,119.821,0,0,13,13,0,0,0,0,4245,3974,190,0,1,9500000,1200000,0,0,0,38238,38238,46897627,2049,2522888,1177,1461138,0,0,0,0,0,18.022,35.410,8772.062,4800.000,1962,69619,35856,15743,33763,18020,0.305,2.055,0.973,1962,6050218,8833093,2.759,49.387,0.460,14.849,69619,3191,960,29923,701,2473,17,316,316,610,42,75,1,15,26,1,0,0,3,4,0,0,3,0,4,271,3,1,0,4,6327,5179,5179,0,0,0,0,0,,disabled,,0,0,0,0,,1,Fixed Quality,Hybrid,85,30,9500,12000,640,360,H.264,480,270,518400,28178,518400,28178,0.054,0.000,,0,0,0.000,1.773,0.000,0.000,0.077,7250,6750,6750,19,19,0,1,9500,1.000,0,18.022,0.000,0,0,0.000,0.000,0,0,0,0,0.326,0.632,0.042,1,0,0,disabled,24,0,0,147,314,147,125,42,236,236,0,4,large-au-observed,0,,0,0,11.065,23.729,0,,0.000,0.000,0.000,0.000,0,0,0,,47,0,0,6.002,0,1319,0.077,0.000,0.000,0.076,0.000,0.050,0.006,1,1,1,1,0,1,1,0,0,0,1,0,0.860,70.976,0.000,26,0,0.000,0,0,0,0.000,0.000,0.000,0.000,0.000,0.000,0.000,1.689,30.644,0,0,0,0,0,0,0,0,0.000,0.000,0.000,0.000,0.000,0.000,0,0.401,12.273,947,950,4569,33.840,250.408,54.170,250.408,47532.157,1297,1,H.264,96.565,0,0,249.221,250.298,1.000,198.610,95.368,arrival-gap-jitter-spike,762.599,0,1,1,1,1,48294.756,509.694,510.608,516.948,516.948,0,0,7,0,0,7,0,,,140.980,167.886,875,1,decoded,0,0,0,0,0,0,0,0,0,0,,102.230,0.000,105.016,4.932,0.000,114.011,137.424,stale-before-upload,0.001,1316,0.000,109.031,4.522,0.072,0.840,0.535,0.000,0.305,1,0,0,1,3,0.063,12.269,12.273,47.605,11.529,1.000,Jitter,1,1,0,1.000,0,1,1,1,0.060,0.000,0.060,0,100,0,38286,35937,2314,0,2170
49.296,Custom_loss6_delay0-100_dup0_reorder6_burst0,Loopback,1,1,0,,,0.000,0,21,1345,24.007,23.968,23.997,103.461,102.224,24.483,56.425,15.045,0.063,0.256,36691,2471,34570,32099,4730,2864,263,1422,1251,171,181,0,32100,993,342,0,1,1,0,5.000,0,0,0,0,1,1,0,0,0,0,0,0,0,1,1,94.426,56.512,94.426,renderer-lag,973,972,4661,0,1,25.525,249.221,26.609,250.298,21.908,21.898,969,964,18818,1164,323,0,3273,5295,1347,1,nack-sent,pending,H.264,0,1,24,13,11,2,0,1,0,11,0,0,39118,8,0,0,0,0,0,33.980,230,263,171,165,171,0,68.396,21.846,139.259,2,0,666,32,698,0,245,29,0.467,0.533,0.954,1.000,0.106,25.000,0.600,0.400,0.500,retransmit-late,1799,14974,0,0,1067,13799,3273,30801,730,1168,2,7,30774,predicted-useful,fec-grace,5429,0.917,273,698,0,4,0,0,0,13,13,13,13,270,4335,270,4335,0,0,0,pacing,1,0.839,10.321,118.321,0,0,13,13,0,0,0,0,4352,4074,192,0,1,9500000,1200000,6,0,6,39122,39116,47973153,2093,2577050,1203,1493530,0,0,0,0,0,0.022,35.410,1055.188,3562.750,2008,71260,36690,16113,34570,18457,0.305,16.397,1.486,2008,5450375,8598609,0.709,49.387,0.503,20.222,71260,3272,983,30790,713,2542,17,321,321,617,43,76,1,16,26,1,0,0,3,4,0,0,3,0,4,275,3,1,0,4,6470,5295,5295,0,0,0,0,0,,disabled,,0,0,0,0,,1,Fixed Quality,Hybrid,85,30,9500,12000,640,360,H.264,480,270,518400,28176,518400,28176,0.054,0.000,,0,0,0.000,2.042,0.000,0.000,0.084,7250,6750,6750,19,19,0,1,9500,1.000,0,13.575,0.000,0,0,1.226,0.000,1244,0,0,0,0.000,0.000,1.000,1,0,0,disabled,24,0,0,149,319,149,127,43,240,240,0,4,large-au-observed,0,,0,0,17.132,23.727,0,,0.000,0.000,0.000,0.000,0,0,0,,48,0,0,3.280,0,1348,0.084,0.000,0.000,0.083,0.000,0.056,0.009,1,1,1,1,0,1,1,0,0,0,0,0,1.000,0.000,0.000,30,0,0.000,0,0,0,0.000,0.000,0.000,0.000,0.000,0.000,0.000,1.949,8.500,0,0,0,0,0,0,0,0,0.000,0.000,0.000,0.000,0.000,0.000,0,0.459,23.968,969,972,4661,26.571,250.408,54.170,250.408,47532.157,1297,1,H.264,96.565,0,0,249.221,250.298,1.000,198.610,95.368,arrival-gap-jitter-spike,1764.353,0,1,1,1,1,49296.510,509.694,510.608,516.948,516.948,0,0,7,0,0,7,0,,,140.980,167.886,875,1,decoded,0,0,0,0,0,0,0,0,0,0,,104.124,0.000,107.079,0.000,0.000,0.000,131.731,stale-before-upload,0.000,1345,0.000,113.215,5.672,0.083,0.263,0.001,0.000,0.262,1,0,0,1,3,0.063,24.007,23.968,15.045,23.997,1.000,Loss,0,1,0,0.000,1,1,1,1,0.060,0.000,0.060,0,100,0,39165,36754,2366,0,2222
50.301,Custom_loss6_delay0-100_dup0_reorder6_burst0,Loopback,1,1,0,,,0.000,0,21,1373,19.090,21.463,21.619,105.615,102.228,96.819,57.323,36.590,0.063,0.256,37456,2505,35278,32773,4826,2913,269,1456,1284,172,188,0,32774,1014,348,0,1,1,0,5.000,0,0,0,0,1,1,0,0,0,0,0,0,0,1,1,94.426,56.512,94.426,renderer-lag,994,993,4753,0,1,87.871,249.221,88.973,250.298,21.908,21.898,990,984,19206,1186,329,0,3352,5403,1374,1,fec-recovered,pending,H.264,0,1,24,14,10,3,1,2,5,29,0,0,39910,5,0,0,0,0,0,61.175,236,269,172,166,172,0,68.460,21.793,139.259,2,0,679,33,712,0,247,31,0.467,0.533,0.954,1.000,0.112,16.000,0.400,0.600,0.500,retransmit-late,1828,15312,0,0,1089,14124,3352,31733,737,1181,2,7,31706,predicted-useful,likely-arrival,5552,0.000,279,712,0,4,0,0,0,13,13,13,13,276,4435,276,4435,0,0,0,pacing,1,0.784,8.989,116.989,0,0,13,13,0,0,0,0,4452,4167,196,0,1,9500000,1200000,8,0,8,39946,39937,48979593,2137,2631212,1230,1526536,0,0,0,0,0,7.852,35.410,1483.500,4633.750,2050,72710,37443,16413,35267,18854,0.305,25.276,0.073,2050,5049765,8935802,0.802,53.977,0.484,16.426,72710,3352,1004,31733,725,2610,17,327,327,630,44,78,2,16,27,1,0,0,3,4,0,0,3,0,4,280,3,1,0,4,6602,5403,5403,0,0,0,0,0,,disabled,,0,0,0,0,,1,Fixed Quality,Hybrid,85,30,9500,12000,640,360,H.264,480,270,518400,28178,518400,28178,0.054,0.000,,0,0,0.000,2.124,0.000,0.000,0.077,7250,6750,6750,19,19,0,1,9500,1.000,0,10.931,0.000,0,0,1.141,0.000,1244,0,0,0,0.000,0.000,1.000,1,0,0,disabled,24,0,0,151,324,151,130,43,244,244,0,4,large-au-observed,0,,0,0,14.635,23.729,0,,0.000,0.000,0.000,0.000,0,0,0,,49,0,0,5.873,0,1376,0.076,0.000,0.000,0.076,0.000,0.051,0.008,1,1,1,1,0,1,1,0,0,0,1,0,0.860,146.657,0.000,26,0,0.000,0,0,0,0.000,0.000,0.000,0.000,0.000,0.000,0.000,2.038,10.255,0,0,0,0,0,0,0,0,0.000,0.000,0.000,0.000,0.000,0.000,0,0.349,21.463,990,993,4753,89.074,250.408,54.170,250.408,47532.157,1297,1,H.264,96.565,0,0,249.221,250.298,1.000,198.610,95.368,arrival-gap-jitter-spike,2769.308,0,1,1,1,1,50301.465,509.694,510.608,516.948,516.948,0,0,7,0,0,7,0,,,140.980,167.886,875,1,decoded,0,0,0,0,0,0,0,0,0,0,,103.682,0.000,106.534,5.056,0.000,115.000,137.808,stale-before-upload,0.000,1371,0.000,111.811,5.687,0.072,0.926,0.665,0.000,0.262,1,0,0,1,3,0.063,19.090,21.463,36.590,21.619,1.000,Jitter,0,1,0,0.667,3,2,2,1,0.060,0.000,0.060,0,100,0,39988,37517,2414,0,2257
51.309,Custom_loss6_delay0-100_dup0_reorder6_burst0,Loopback,1,1,0,,,0.000,0,21,1399,26.505,24.636,24.633,99.710,102.207,83.830,57.899,31.140,0.062,0.253,38265,2550,36023,33473,4927,2976,273,1488,1307,181,190,0,33474,1037,352,0,1,1,0,5.000,0,0,0,0,1,1,0,0,0,0,0,0,0,1,1,94.426,56.512,94.426,renderer-lag,1017,1016,4838,0,1,67.816,249.221,68.869,250.298,21.908,21.898,1013,1008,19608,1218,333,0,3436,5517,1403,1,nack-sent,pending,H.264,0,1,24,8,16,0,0,1,0,16,0,0,40806,13,0,0,0,0,0,28.802,239,273,181,175,181,0,68.655,21.742,139.259,2,0,695,34,729,0,250,31,0.467,0.533,0.953,1.000,0.110,28.000,0.400,0.600,0.000,duplicate-guard,1853,15653,0,0,1112,14462,3436,32761,739,1184,2,7,32734,predicted-useful,fec-grace,5683,0.417,286,729,0,4,0,0,0,13,13,13,13,283,4558,283,4558,0,0,0,pacing,1,0.841,13.019,121.019,0,0,13,13,0,0,0,0,4575,4266,200,0,1,9500000,1200000,0,0,0,40773,40773,50003493,2184,2689106,1256,1558928,0,0,0,0,0,0.080,35.410,9269.250,3556.000,2094,74272,38254,16763,36018,19255,0.305,17.059,0.618,2094,5602060,8718215,0.637,40.584,0.475,26.069,74272,3435,1027,32745,740,2678,17,331,331,636,44,78,2,16,27,1,0,0,3,4,0,0,3,0,4,284,3,1,0,4,6738,5517,5517,0,0,0,0,0,,disabled,,0,0,0,0,,1,Fixed Quality,Hybrid,85,30,9500,12000,640,360,H.264,480,270,518400,0,518400,28176,0.054,0.000,,0,0,0.000,5.729,0.000,4.940,0.695,7250,6750,6750,19,19,0,1,9500,1.000,0,8.876,0.000,0,0,0.000,0.000,0,0,0,0,0.328,0.626,0.047,1,0,0,disabled,0,0,0,153,330,153,132,45,249,249,0,4,async-output-pending,0,,0,0,0.000,0.000,0,,0.080,9269.250,39583.333,0.000,0,0,0,,50,0,0,0.000,1,0,0.685,0.176,0.507,0.000,0.000,0.000,0.000,0,0,1,1,1,0,0,1,1,0,0,0,1.000,0.000,0.000,30,0,0.000,0,0,0,0.000,0.000,0.000,0.000,0.000,0.000,0.000,0.000,23.179,0,0,0,0,0,0,0,0,0.000,0.000,0.000,0.000,0.000,0.000,0,0.362,24.636,1013,1016,4838,68.846,250.408,54.170,250.408,47532.157,1297,1,H.264,96.565,0,0,249.221,250.298,1.000,198.610,95.368,arrival-gap-jitter-spike,3777.050,0,1,1,1,1,51309.207,509.694,510.608,516.948,516.948,0,0,7,0,0,7,0,,,140.980,167.886,875,1,decoded,0,0,0,0,0,0,0,0,0,0,,103.677,0.000,106.392,0.000,0.000,0.000,129.855,stale-before-upload,0.001,1399,0.000,111.511,4.750,0.079,1.159,0.922,0.000,0.237,1,0,0,1,3,0.062,26.505,24.636,31.140,24.633,1.000,RecoveryDeadline,0,1,0,0.500,2,1,1,1,0.060,0.000,0.060,0,100,0,40824,38333,2457,0,2307
52.312,Custom_loss6_delay0-100_dup0_reorder6_burst0,Loopback,1,1,0,,,0.000,0,21,1429,18.857,18.678,16.859,103.077,102.194,21.135,57.117,82.713,0.063,0.256,39069,2619,36777,34158,5018,3028,276,1517,1334,183,197,0,34159,1055,363,0,1,1,0,5.000,0,0,0,0,1,1,0,0,0,0,0,0,0,1,1,94.426,56.512,94.426,renderer-lag,1035,1034,4930,0,1,134.695,249.221,135.744,250.298,21.908,21.898,1031,1025,20009,1238,344,0,3515,5625,1430,1,fec-recovered,pending,H.264,0,1,24,20,4,2,2,2,11,28,0,0,41625,13,0,0,0,0,0,64.742,243,276,183,177,183,0,68.616,21.694,139.259,2,0,704,33,737,0,254,32,0.468,0.532,0.955,1.000,0.112,25.000,0.750,0.250,0.000,stable,1888,16007,0,0,1135,14796,3515,33635,751,1204,2,7,33608,predicted-useful,fec-grace,5804,0.750,290,737,0,4,0,0,0,13,13,13,13,287,4629,287,4629,0,0,0,pacing,1,0.819,8.942,116.942,0,0,13,13,0,0,0,0,4646,4361,204,0,1,9500000,1200000,11,0,11,41651,41640,51065959,2222,2735804,1280,1588832,0,0,0,0,0,0.696,35.410,1078.250,4800.000,2137,75836,39059,17155,36777,19622,0.305,37.252,0.053,2137,6471353,9490346,0.733,19.928,0.516,12.091,75836,3515,1045,33635,752,2746,17,342,342,658,45,80,2,16,28,1,0,0,4,6,0,0,4,0,6,294,3,1,0,4,6878,5625,5625,0,0,0,0,0,,disabled,,0,0,0,0,,1,Fixed Quality,Hybrid,85,30,9500,12000,640,360,H.264,480,270,518400,28178,518400,28178,0.054,0.000,,0,0,0.000,1.823,0.000,0.000,0.088,7250,6750,6750,19,19,0,1,9500,1.000,0,10.499,0.000,0,0,0.000,0.000,0,0,0,0,0.000,1.000,0.000,1,0,0,disabled,24,0,0,155,334,155,134,45,253,253,0,4,large-au-observed,0,,0,0,15.451,23.729,0,,0.000,0.000,0.000,0.000,0,0,0,,51,0,0,9.634,0,1432,0.087,0.000,0.000,0.087,0.000,0.054,0.017,1,1,1,1,0,1,1,0,0,0,0,0,1.000,0.000,0.000,30,0,0.000,0,0,0,0.000,0.000,0.000,0.000,0.000,0.000,0.000,1.728,13.710,0,0,0,0,0,0,0,0,0.000,0.000,0.000,0.000,0.000,0.000,0,0.416,18.678,1031,1034,4930,135.708,250.408,54.170,250.408,47532.157,1297,1,H.264,96.565,0,0,249.221,250.298,1.000,198.610,95.368,arrival-gap-jitter-spike,4779.837,0,1,1,1,1,52311.994,509.694,510.608,516.948,516.948,0,0,8,0,0,8,1,latency-pressure freshness,latency-over-80ms,124.227,167.886,1410,1,decoded,0,0,0,0,0,0,0,0,0,0,,101.046,0.000,103.919,0.000,0.000,0.000,136.538,stale-before-upload,0.001,1429,0.000,109.592,5.449,0.080,0.255,0.001,0.000,0.254,1,0,0,1,3,0.063,18.857,18.678,82.713,16.859,2.000,RecoveryDeadline,0,1,0,1.000,1,1,1,1,0.060,0.000,0.060,0,100,0,41692,39134,2523,0,2356
53.315,Custom_loss6_delay0-100_dup0_reorder6_burst0,Loopback,1,1,0,,,0.000,0,21,1459,26.137,27.567,27.339,108.716,102.183,21.135,57.117,37.808,0.063,0.255,39926,2680,37601,34921,5112,3083,280,1551,1362,189,198,0,34922,1079,369,0,1,1,0,5.000,0,0,0,0,1,1,0,0,0,0,0,0,0,1,1,94.426,56.512,94.426,renderer-lag,1059,1058,5024,0,1,75.097,249.221,76.068,250.298,21.908,21.898,1055,1048,20435,1268,350,0,3597,5743,1461,1,fec-recovered,pending,H.264,0,1,24,10,14,3,1,0,0,0,0,0,42567,11,0,0,0,0,0,25.483,244,280,189,183,189,0,68.161,22.369,139.259,2,0,715,34,749,0,256,32,0.466,0.534,0.955,1.000,0.111,34.000,0.200,0.800,0.000,duplicate-guard,1923,16348,0,0,1159,15120,3597,34561,762,1221,2,7,34534,predicted-useful,fec-grace,5938,0.000,294,749,0,4,0,0,0,13,13,13,13,291,4697,291,4697,0,0,0,pacing,1,0.833,6.958,114.958,0,0,13,13,0,0,0,0,4714,4465,208,0,1,9500000,1200000,0,0,0,42563,42563,52196365,2264,2787478,1306,1620594,0,0,0,0,0,18.836,35.410,9510.688,4800.000,2182,77503,39913,17557,37590,20033,0.305,36.734,0.347,2182,7070884,10458977,0.860,19.928,0.495,16.566,77503,3597,1069,34561,767,2813,17,348,348,669,46,81,1,17,28,1,0,0,4,6,0,0,4,0,6,299,3,1,0,4,7028,5743,5743,0,0,0,0,0,,disabled,,0,0,0,0,,1,Fixed Quality,Hybrid,85,30,9500,12000,640,360,H.264,480,270,518400,28178,518400,28178,0.054,0.000,,0,0,0.000,2.009,0.000,0.000,0.069,7250,6750,6750,19,19,0,1,9500,1.000,0,18.836,0.000,0,0,0.000,0.000,0,0,0,0,0.326,0.629,0.045,1,0,0,disabled,24,0,0,157,340,157,136,47,258,258,0,4,large-au-observed,0,,0,0,17.962,23.729,0,,0.000,0.000,0.000,0.000,0,0,0,,52,0,0,6.468,0,1462,0.069,0.000,0.000,0.068,0.000,0.045,0.008,1,1,1,1,0,1,1,0,0,0,0,0,1.000,0.000,0.000,30,0,0.000,0,0,0,0.000,0.000,0.000,0.000,0.000,0.000,0.000,1.930,21.222,0,0,0,0,0,0,0,0,0.000,0.000,0.000,0.000,0.000,0.000,0,0.364,27.567,1055,1058,5024,76.232,250.408,54.170,250.408,47532.157,1297,1,H.264,96.565,0,0,249.221,250.298,1.000,198.610,95.368,arrival-gap-jitter-spike,5783.467,0,1,1,1,1,53315.624,509.694,510.608,516.948,516.948,0,0,8,0,0,8,0,,,124.227,167.886,1410,1,decoded,0,0,0,0,0,0,0,0,0,0,,100.919,0.000,103.639,4.800,0.000,117.609,139.358,stale-before-upload,0.000,1457,0.000,106.668,4.860,0.073,0.901,0.639,0.000,0.263,1,0,0,1,3,0.063,26.137,27.567,37.808,27.339,1.000,Jitter,0,1,0,0.667,3,2,2,1,0.060,0.000,0.060,0,100,0,42616,39989,2580,0,2408
54.322,Custom_loss6_delay0-100_dup0_reorder6_burst0,Loopback,1,1,0,,,0.000,0,21,1487,25.623,23.649,23.674,97.981,102.249,62.362,57.226,4.667,0.063,0.254,40763,2726,38385,35659,5225,3147,287,1587,1395,192,204,0,35660,1102,376,0,1,1,0,5.000,0,0,0,0,1,1,0,0,0,0,0,0,0,1,1,94.426,56.512,94.426,renderer-lag,1081,1080,5120,0,1,33.228,249.221,34.361,250.298,21.908,21.898,1077,1070,20863,1294,356,0,3676,5867,1489,1,fec-recovered,pending,H.264,0,1,24,22,2,4,4,3,10,38,0,0,43413,1,0,0,0,0,0,90.833,249,287,192,186,192,0,68.197,22.373,139.259,2,0,730,34,764,0,261,32,0.465,0.535,0.955,1.000,0.109,42.000,0.333,0.667,0.000,duplicate-guard,1957,16705,0,0,1183,15461,3676,35339,772,1237,2,7,35312,predicted-useful,fec-grace,6065,0.292,299,764,0,4,0,0,0,13,13,13,13,296,4773,296,4773,0,0,0,pacing,1,0.786,10.303,118.303,0,0,13,13,0,0,0,0,4790,4559,212,0,1,9500000,1200000,0,0,0,43448,43448,53280647,2309,2842884,1331,1651742,0,0,0,0,0,17.024,35.410,7125.000,4800.000,2228,79121,40750,17905,38371,20466,0.305,4.443,2.110,2228,5137059,8567768,1.352,24.188,0.461,10.941,79121,3676,1092,35339,782,2877,17,354,354,680,46,81,1,17,28,1,0,0,4,6,0,0,4,0,6,305,3,1,0,4,7175,5867,5867,0,0,0,0,0,,disabled,,0,0,0,0,,1,Fixed Quality,Hybrid,85,30,9500,12000,640,360,H.264,480,270,518400,28178,518400,28178,0.054,0.000,,0,0,0.000,2.294,0.000,0.001,0.343,7250,6750,6750,19,19,0,1,9500,1.000,0,17.024,0.000,0,0,0.000,0.000,0,0,0,0,0.326,0.630,0.045,1,0,0,disabled,24,0,0,161,346,161,138,47,263,263,0,4,large-au-observed,0,,0,0,17.679,23.729,0,,0.000,0.000,0.000,0.000,0,0,0,,53,0,0,6.289,0,1491,0.341,0.000,0.000,0.340,0.000,0.237,0.032,1,1,1,1,0,1,1,0,0,0,1,0,0.860,34.737,0.000,26,0,0.000,0,0,0,0.000,0.000,0.000,0.000,0.000,0.000,0.000,1.929,9.933,0,0,0,0,0,0,0,0,0.000,0.000,0.000,0.000,0.000,0.000,0,0.371,23.649,1077,1080,5120,34.217,250.408,54.170,250.408,47532.157,1297,1,H.264,96.565,0,0,249.221,250.298,1.000,198.610,95.368,arrival-gap-jitter-spike,6789.602,0,1,1,1,1,54321.759,509.694,510.608,516.948,516.948,0,0,9,0,0,9,1,latency-pressure freshness,latency-over-80ms,126.784,167.886,1468,1,decoded,0,0,0,0,0,0,0,0,0,0,,101.870,0.000,104.702,0.000,0.000,0.000,128.990,stale-before-upload,0.000,1487,0.000,110.128,5.154,0.082,0.952,0.724,0.000,0.228,1,0,0,1,3,0.063,25.623,23.649,4.667,23.674,2.000,RecoveryDeadline,0,1,0,1.000,0,2,2,1,0.060,0.000,0.060,0,100,0,43502,40833,2632,0,2450
55.322,Custom_loss6_delay0-100_dup0_reorder6_burst0,Loopback,1,1,0,,,0.000,0,21,1516,20.740,20.748,20.770,105.118,102.247,62.362,57.226,23.754,0.063,0.255,41555,2784,39137,36353,5327,3201,294,1624,1428,196,208,0,36354,1121,384,0,1,1,0,5.000,0,0,0,0,1,1,0,0,0,0,0,0,0,1,1,94.426,56.512,94.426,renderer-lag,1100,1099,5216,0,1,33.563,249.221,34.528,250.298,21.908,21.898,1096,1089,21271,1317,364,0,3747,5980,1518,1,nack-sent,pending,H.264,0,1,24,16,8,4,1,2,4,20,0,0,44289,21,0,0,0,0,0,77.693,251,294,196,190,196,0,68.032,22.424,139.259,2,0,743,37,780,0,263,32,0.461,0.539,0.953,1.000,0.108,45.000,0.143,0.857,0.000,duplicate-guard,1997,17016,0,0,1205,15747,3747,36004,790,1262,2,7,35975,predicted-useful,fec-grace,6179,0.208,305,780,0,4,0,0,0,13,13,13,13,302,4872,302,4872,0,0,0,pacing,1,0.814,10.761,118.761,0,0,13,13,0,0,0,0,4889,4648,216,0,1,9500000,1200000,6,0,6,44304,44298,54321915,2355,2899532,1357,1684134,0,0,0,0,0,5.419,35.410,1149.375,4800.000,2272,80686,41549,18274,39137,20863,0.305,25.021,3.025,2272,4661554,7984881,2.341,24.188,0.498,15.396,80686,3746,1111,35996,800,2929,17,362,362,694,46,81,1,17,28,1,0,0,4,6,0,0,4,0,6,313,3,1,0,4,7319,5980,5980,0,0,0,0,0,,disabled,,0,0,0,0,,1,Fixed Quality,Hybrid,85,30,9500,12000,640,360,H.264,480,270,518400,28178,518400,28178,0.054,0.000,,0,0,0.000,1.897,0.000,0.000,0.067,7250,6750,6750,19,19,0,1,9500,1.000,0,15.253,0.000,0,0,0.000,0.000,0,0,0,0,0.322,0.631,0.047,1,0,0,disabled,24,0,0,165,355,165,141,49,269,269,0,4,large-au-observed,0,,0,0,18.852,23.729,0,,0.000,0.000,0.000,0.000,0,0,0,,54,0,0,5.984,0,1520,0.066,0.000,0.000,0.066,0.000,0.043,0.009,1,1,1,1,0,1,1,0,0,0,1,0,0.860,146.754,0.000,26,0,0.000,0,0,0,0.000,0.000,0.000,0.000,0.000,0.000,0.000,1.823,10.065,0,0,0,0,0,0,0,0,0.000,0.000,0.000,0.000,0.000,0.000,0,0.352,20.748,1096,1099,5216,34.556,250.408,54.170,250.408,47532.157,1297,1,H.264,96.565,0,0,249.221,250.298,1.000,198.610,95.368,arrival-gap-jitter-spike,7790.075,0,1,1,1,1,55322.232,509.694,510.608,516.948,516.948,0,0,9,0,0,9,0,,,126.784,167.886,1468,1,decoded,0,0,0,0,0,0,0,0,0,0,,102.799,0.000,105.652,0.000,0.000,0.000,132.559,stale-before-upload,0.000,1516,0.000,111.706,5.689,0.076,0.845,0.601,0.000,0.244,1,0,0,1,3,0.063,20.740,20.748,23.754,20.770,1.000,Loss,0,1,0,0.000,2,1,1,1,0.060,0.000,0.060,0,100,0,44353,41622,2681,0,2503
56.322,Custom_loss6_delay0-100_dup0_reorder6_burst0,Loopback,1,1,0,,,0.000,0,21,1545,19.721,19.721,19.709,92.430,102.232,65.804,57.401,49.593,0.062,0.255,42327,2810,39839,37029,5425,3257,302,1657,1457,200,209,0,37030,1142,391,0,1,1,0,5.000,0,0,0,0,1,1,0,0,0,0,0,0,0,1,1,94.426,56.512,94.426,renderer-lag,1121,1120,5308,0,1,0.107,249.221,1.114,250.298,21.908,21.898,1117,1110,21657,1342,371,0,3813,6087,1546,1,fec-parity,pending,H.264,0,1,24,12,12,4,1,1,3,15,0,0,45104,9,0,0,0,0,0,72.276,255,302,200,194,200,0,68.011,22.238,139.259,2,0,759,36,795,0,267,33,0.458,0.542,0.955,1.000,0.110,45.000,0.000,1.000,0.000,duplicate-guard,2031,17280,0,0,1226,15991,3813,36592,803,1282,2,7,36563,predicted-useful,fec-grace,6288,0.000,310,795,0,4,0,0,0,13,13,13,13,307,4948,307,4948,0,0,0,pacing,1,0.769,9.367,117.367,0,0,13,13,0,0,0,0,4965,4728,220,0,1,9500000,1200000,15,0,15,45129,45114,55322133,2400,2954938,1382,1715282,0,0,0,0,0,0.491,35.410,691.500,4800.000,2313,82155,42319,18586,39836,21250,0.305,22.008,0.806,2313,6564737,10511371,1.180,20.039,0.480,16.393,82155,3813,1132,36592,818,2978,17,369,369,707,48,85,2,17,30,1,0,0,4,6,0,0,4,0,6,318,3,1,0,4,7454,6087,6087,0,0,0,0,0,,disabled,,0,0,0,0,,1,Fixed Quality,Hybrid,85,30,9500,12000,640,360,H.264,480,270,518400,28176,518400,28176,0.054,0.000,,0,0,0.000,2.190,0.000,0.000,0.174,7250,6750,6750,19,19,0,1,9500,1.000,0,13.813,0.000,0,0,0.000,0.000,0,0,0,0,0.321,0.634,0.045,1,0,0,disabled,24,0,0,169,365,169,147,49,275,275,0,4,large-au-observed,0,,0,0,17.491,23.727,0,,0.000,0.000,0.000,0.000,0,0,0,,55,0,0,3.127,0,1548,0.173,0.000,0.000,0.173,0.000,0.109,0.031,1,1,1,1,0,1,1,0,0,0,1,0,0.860,143.655,0.000,26,0,0.000,0,0,0,0.000,0.000,0.000,0.000,0.000,0.000,0.000,2.005,7.095,0,0,0,0,0,0,0,0,0.000,0.000,0.000,0.000,0.000,0.000,0,0.349,19.721,1117,1120,5308,1.295,250.408,54.170,250.408,47532.157,1297,1,H.264,96.565,0,0,249.221,250.298,1.000,198.610,95.368,arrival-gap-jitter-spike,8790.350,0,1,1,1,1,56322.507,509.694,510.608,516.948,516.948,0,0,9,0,0,9,0,,,126.784,167.886,1468,1,decoded,0,0,0,0,0,0,0,0,0,0,,101.582,0.000,104.298,0.000,0.000,0.000,131.215,stale-before-upload,0.000,1545,0.000,111.526,6.874,0.074,0.898,0.582,0.000,0.316,1,0,0,1,3,0.062,19.721,19.721,49.593,19.709,1.000,Jitter,0,1,0,0.000,1,1,1,1,0.060,0.000,0.060,0,100,0,45170,42399,2721,0,2534
57.329,Custom_loss6_delay0-100_dup0_reorder6_burst0,Loopback,1,1,0,,,0.000,0,21,1573,25.895,24.042,24.028,94.496,102.270,91.114,58.075,14.074,0.062,0.252,43157,2873,40618,37745,5544,3328,309,1698,1493,205,209,0,37746,1168,394,0,1,1,0,5.000,0,0,0,0,1,1,0,0,0,0,0,0,0,1,1,94.426,56.512,94.426,renderer-lag,1146,1145,5403,0,1,23.455,249.221,24.543,250.298,21.908,21.898,1142,1135,22093,1373,373,0,3879,6227,1574,1,fec-recovered,pending,H.264,0,1,24,23,1,5,5,1,3,7,0,0,45973,17,0,0,0,0,0,67.194,261,309,205,199,205,0,67.994,22.394,139.259,2,0,777,38,815,0,277,33,0.458,0.542,0.953,1.000,0.106,45.000,0.167,0.833,0.000,duplicate-guard,2065,17572,0,0,1247,16263,3879,37242,816,1302,2,7,37213,predicted-useful,fec-grace,6405,0.000,318,815,0,4,0,0,0,13,13,13,13,315,5080,315,5080,0,0,0,pacing,1,0.829,13.144,121.144,0,0,13,13,0,0,0,0,5097,4808,224,0,1,9500000,1200000,4,0,4,45989,45985,56388967,2450,3016564,1408,1747674,0,0,0,0,0,7.867,35.410,728.250,4800.000,2358,83768,43150,18994,40618,21624,0.306,2.583,1.107,2358,7199364,14343978,1.204,21.093,0.485,6.201,83768,3879,1158,37242,839,3023,17,371,371,712,48,85,2,17,30,1,0,0,4,6,0,0,4,0,6,320,3,1,0,4,7604,6227,6227,0,0,0,0,0,,disabled,,0,0,0,0,,1,Fixed Quality,Hybrid,85,30,9500,12000,640,360,H.264,480,270,518400,28178,518400,28178,0.054,0.000,,0,0,0.000,1.790,0.000,0.000,0.116,7250,6750,6750,19,19,0,1,9500,1.000,0,13.125,0.000,0,0,0.000,0.000,0,0,0,0,0.320,0.633,0.047,1,0,0,disabled,24,0,0,173,376,173,151,52,282,282,0,4,large-au-observed,0,,0,0,16.707,23.729,0,,0.000,0.000,0.000,0.000,0,0,0,,56,0,0,6.588,0,1576,0.116,0.000,0.000,0.116,0.000,0.054,0.008,1,1,1,1,0,1,1,0,0,0,0,0,1.000,0.000,0.000,30,0,0.000,0,0,0,0.000,0.000,0.000,0.000,0.000,0.000,0.000,1.667,10.591,0,0,0,0,0,0,0,0,0.000,0.000,0.000,0.000,0.000,0.000,0,0.384,24.042,1142,1145,5403,25.011,250.408,54.170,250.408,47532.157,1297,1,H.264,96.565,0,0,249.221,250.298,1.000,198.610,95.368,arrival-gap-jitter-spike,9797.333,0,1,1,1,1,57329.490,509.694,510.608,516.948,516.948,0,0,9,0,0,9,0,,,126.784,167.886,1468,1,decoded,0,0,0,0,0,0,0,0,0,0,,101.287,0.000,104.130,0.000,0.000,0.000,127.248,stale-before-upload,0.000,1573,0.000,109.667,5.144,0.074,0.664,0.349,0.000,0.315,1,0,0,1,3,0.062,25.895,24.042,14.074,24.028,1.000,Loss,0,1,0,1.000,0,1,1,1,0.060,0.000,0.060,0,100,0,46042,43226,2765,0,2576
58.335,Custom_loss6_delay0-100_dup0_reorder6_burst0,Loopback,1,1,0,,,0.000,0,21,1602,27.879,25.869,21.673,81.188,102.270,91.114,58.075,25.714,0.062,0.251,43962,2903,41339,38436,5655,3393,315,1738,1524,214,209,0,38437,1193,399,0,1,1,0,5.000,0,0,0,0,1,1,0,0,0,0,0,0,0,1,1,94.426,56.512,94.426,renderer-lag,1169,1168,5499,0,1,9.133,249.221,10.155,250.298,21.908,21.898,1165,1157,22492,1407,376,0,3942,6347,1602,1,completed,completed,H.264,0,1,24,24,0,6,6,1,5,11,0,0,46801,15,0,0,0,0,0,69.247,264,315,214,208,214,0,68.502,22.074,139.259,2,0,795,40,835,0,283,33,0.456,0.544,0.952,1.000,0.104,45.000,0.111,0.889,0.000,duplicate-guard,2101,17843,0,0,1267,16513,3942,37850,832,1323,2,7,37821,predicted-useful,likely-arrival,6520,0.000,326,835,0,4,0,0,0,13,13,13,13,323,5219,323,5219,0,0,0,pacing,1,0.867,5.927,113.927,0,0,13,13,0,0,0,0,5236,4888,228,0,1,9500000,1200000,0,0,0,46819,46819,57410987,2500,3078190,1435,1781310,0,0,0,0,0,18.125,35.410,4924.188,4800.000,2402,85289,43950,19329,41339,22010,0.305,6.325,0.971,2402,7467684,10993272,2.033,21.093,0.489,12.409,85289,3942,1183,37850,860,3065,17,374,374,716,48,85,2,17,30,1,0,0,4,6,0,0,4,0,6,323,3,1,0,4,7738,6347,6347,0,0,0,0,0,,disabled,,0,0,0,0,,1,Fixed Quality,Hybrid,85,30,9500,12000,640,360,H.264,480,270,518400,28178,518400,28178,0.054,0.000,,0,0,0.000,1.950,0.000,0.000,0.077,7250,6750,6750,19,19,0,1,9500,1.000,0,18.125,0.000,0,0,0.000,0.000,0,0,0,0,0.316,0.636,0.048,1,0,0,disabled,24,0,0,177,385,177,156,52,289,289,0,4,large-au-observed,0,,0,0,15.162,23.729,0,,0.000,0.000,0.000,0.000,0,0,0,,57,0,0,6.151,0,1604,0.077,0.000,0.000,0.077,0.000,0.053,0.008,1,1,1,1,0,1,1,0,0,0,1,0,0.860,150.737,0.000,26,0,0.000,0,0,0,0.000,0.000,0.000,0.000,0.000,0.000,0.000,1.866,10.220,0,0,0,0,0,0,0,0,0.000,0.000,0.000,0.000,0.000,0.000,0,0.366,25.870,1165,1168,5499,10.205,250.408,54.170,250.408,47532.157,1297,1,H.264,96.565,0,0,249.221,250.298,1.000,198.610,95.368,arrival-gap-jitter-spike,10803.390,0,1,1,1,1,58335.547,509.694,510.608,516.948,516.948,0,0,9,0,0,9,0,,,126.784,167.886,1468,1,decoded,0,0,0,0,0,0,0,0,0,0,,100.346,0.000,103.187,4.473,0.000,90.044,120.594,stale-before-upload,0.001,1601,0.000,112.334,4.273,0.075,0.881,0.602,0.000,0.279,1,0,0,1,3,0.062,27.879,25.869,25.714,21.673,1.000,Loss,0,1,0,1.000,1,1,1,1,0.060,0.000,0.060,0,100,0,46877,44037,2804,0,2624
59.336,Custom_loss6_delay0-100_dup0_reorder6_burst0,Loopback,1,1,0,,,0.000,0,21,1628,17.778,17.778,18.767,84.349,102.255,63.414,58.180,6.735,0.062,0.252,44784,2956,42106,39150,5765,3460,323,1769,1546,223,213,0,39151,1211,408,0,1,1,0,5.000,0,0,0,0,1,1,0,0,0,0,0,0,0,1,1,94.426,56.512,94.426,renderer-lag,1187,1186,5595,0,1,48.460,249.221,49.516,250.298,21.908,21.898,1183,1176,22926,1434,385,0,4017,6463,1631,1,fec-recovered,pending,H.264,0,1,24,17,7,3,2,1,3,11,0,0,47683,0,0,0,0,0,0,69.045,273,323,223,217,223,0,68.425,22.053,139.259,2,0,821,40,861,0,292,35,0.458,0.542,0.954,1.000,0.107,45.000,0.231,0.769,0.200,duplicate-guard,2144,18142,0,0,1289,16780,4017,38495,853,1355,2,7,38466,deferred-likely-arrival,likely-arrival,6642,0.375,336,861,0,4,0,0,0,13,13,13,13,333,5389,333,5389,0,0,0,pacing,1,0.832,9.788,117.788,0,0,13,13,0,0,0,0,5406,4981,232,0,1,9500000,1200000,5,0,5,47715,47709,58501441,2556,3147280,1466,1819914,0,0,0,0,0,7.678,35.410,2534.438,4800.000,2447,86886,44780,19676,42106,22430,0.305,26.674,3.350,2447,4575707,7813605,1.396,11.334,0.446,15.190,86886,4017,1201,38495,881,3119,17,383,383,730,49,87,2,17,31,1,0,0,4,6,0,0,4,0,6,331,3,1,0,4,7885,6463,6463,0,0,0,0,0,,disabled,,0,0,0,0,,1,Fixed Quality,Hybrid,85,30,9500,12000,640,360,H.264,480,270,518400,28176,518400,28176,0.054,0.000,,0,0,0.000,1.985,0.000,0.000,0.075,7250,6750,6750,19,19,0,1,9500,1.000,0,7.645,0.000,0,0,0.000,0.000,0,0,0,0,0.317,0.636,0.046,1,0,0,disabled,24,0,0,181,394,181,159,54,296,296,0,4,large-au-observed,0,,0,0,11.250,23.727,0,,0.000,0.000,0.000,0.000,0,0,0,,58,0,0,6.197,0,1633,0.075,0.000,0.000,0.074,0.000,0.049,0.010,1,1,1,1,0,1,1,0,0,0,1,0,0.860,105.214,0.000,26,0,0.000,0,0,0,0.000,0.000,0.000,0.000,0.000,0.000,0.000,1.901,10.204,0,0,0,0,0,0,0,0,0.000,0.000,0.000,0.000,0.000,0.000,0,0.340,17.778,1183,1186,5595,49.468,250.408,54.170,250.408,47532.157,1297,1,H.264,96.565,0,0,249.221,250.298,1.000,198.610,95.368,arrival-gap-jitter-spike,11804.244,0,1,1,1,1,59336.401,509.694,510.608,516.948,516.948,0,0,9,0,0,9,0,,,126.784,167.886,1468,1,decoded,0,0,0,0,0,0,0,0,0,0,,100.994,0.000,103.833,0.000,0.000,0.000,122.174,stale-before-upload,0.000,1628,0.000,109.853,5.662,0.072,1.015,0.755,0.000,0.260,1,0,0,1,3,0.062,17.778,17.778,6.735,18.767,1.000,RecoveryDeadline,0,1,0,1.000,0,1,1,1,0.060,0.000,0.060,0,100,0,47769,44860,2864,0,2673
60.337,Custom_loss6_delay0-100_dup0_reorder6_burst0,Loopback,1,1,0,,,0.000,0,21,1658,18.711,17.009,15.164,94.927,102.333,27.195,57.584,18.473,0.062,0.254,45582,3012,42853,39841,5868,3519,327,1802,1577,225,220,0,39842,1230,419,0,1,1,0,5.000,0,0,0,0,1,1,0,0,0,0,0,0,0,1,1,94.426,56.512,94.426,renderer-lag,1205,1204,5690,0,1,33.963,249.221,34.971,250.298,21.908,21.898,1201,1194,23341,1455,395,0,4090,6570,1659,1,nack-sent,pending,H.264,0,1,24,12,12,2,1,1,0,12,0,0,48540,0,0,0,0,0,0,50.006,281,327,225,219,225,0,68.405,21.933,139.259,2,0,835,42,877,0,299,36,0.462,0.538,0.952,1.000,0.107,43.000,0.400,0.600,0.000,duplicate-guard,2188,18473,0,0,1311,17076,4090,39177,875,1390,2,7,39146,predicted-useful,fec-grace,6756,0.500,342,877,0,4,0,0,0,13,13,13,13,339,5490,339,5490,0,0,0,pacing,1,0.833,9.990,117.990,0,0,13,13,0,0,0,0,5507,5069,236,0,1,9500000,1200000,0,0,0,48541,48541,59520989,2602,3203930,1491,1851062,0,0,0,0,0,18.078,35.410,8925.250,4800.000,2490,88422,45570,20033,42852,22819,0.305,32.166,0.000,2490,7980762,11229205,0.457,1.824,0.497,20.035,88422,4090,1220,39177,899,3174,17,393,393,750,51,90,1,18,32,1,0,0,6,9,0,0,6,0,9,339,3,1,0,4,8031,6570,6570,0,0,0,0,0,,disabled,,0,0,0,0,,1,Fixed Quality,Hybrid,85,30,9500,12000,640,360,H.264,480,270,518400,28178,518400,28178,0.054,0.000,,0,0,0.000,1.773,0.000,0.000,0.074,7250,6750,6750,19,19,0,1,9500,1.000,0,18.078,0.000,0,0,0.000,0.000,0,0,0,0,0.320,0.632,0.048,1,0,0,disabled,24,0,0,185,401,185,162,54,302,302,0,4,large-au-observed,0,,0,0,16.630,23.729,0,,0.000,0.000,0.000,0.000,0,0,0,,59,0,0,6.032,0,1660,0.074,0.000,0.000,0.074,0.000,0.050,0.007,1,1,1,1,0,1,1,0,0,0,1,0,0.860,36.271,0.000,26,0,0.000,0,0,0,0.000,0.000,0.000,0.000,0.000,0.000,0.000,1.692,30.360,0,0,0,0,0,0,0,0,0.000,0.000,0.000,0.000,0.000,0.000,0,0.350,17.009,1201,1204,5690,35.283,250.408,54.170,250.408,47532.157,1297,1,H.264,96.565,0,0,249.221,250.298,1.000,198.610,95.368,arrival-gap-jitter-spike,12805.434,0,1,1,1,1,60337.591,509.694,510.608,516.948,516.948,0,0,9,0,0,9,0,,,126.784,167.886,1468,1,decoded,0,0,0,0,0,0,0,0,0,0,,103.177,0.000,105.919,0.000,0.000,0.000,127.464,stale-before-upload,0.000,1658,0.000,112.456,6.178,0.076,0.621,0.316,0.000,0.304,1,0,0,1,3,0.062,18.711,17.009,18.473,15.164,1.000,RecoveryDeadline,0,1,0,0.000,1,1,1,1,0.060,0.000,0.060,0,100,0,48601,45654,2915,0,2725
