timeSec,scenarioName,networkRuntimeMode,networkModeSendingEnabled,networkModeReceivingEnabled,networkExperimentActive,networkExperimentScenarioName,networkExperimentAdaptiveMode,networkExperimentRemainingSec,networkExperimentStepIndex,networkExperimentStepCount,frameId,receiveFps,decodeFps,displayFps,currentLatencyMs,averageLatencyMs,currentRttMs,averageRttMs,currentJitterMs,packetLossRate,frameDropRate,receivedPackets,missingPackets,sequenceGapPackets,sequenceGapRecoveredPackets,duplicatePackets,duplicateOriginalPackets,duplicateRetransmitPackets,duplicateLateAfterCompletedPackets,duplicateLateAfterCompletedOriginalPackets,duplicateLateAfterCompletedRetransmitPackets,duplicateLateAfterExpiredPackets,duplicateLateAfterRejectedPackets,reorderedPackets,completedFrames,droppedFrames,deadlineDroppedFrames,outputQueueDroppedFrames,outputQueueDropEvents,outputQueueDropBurstEvents,startupWarmupSec,startupWarmupActive,outputQueueDroppedFramesDelta,outputQueueDropEventsDelta,outputQueueDropBurstEventsDelta,startupOutputQueueDroppedFrames,startupOutputQueueDropEvents,startupOutputQueueDropBurstEvents,steadyOutputQueueDroppedFrames,steadyOutputQueueDropEvents,steadyOutputQueueDropBurstEvents,evaluationOutputQueueDroppedFrames,evaluationOutputQueueDropEvents,evaluationOutputQueueDropBurstEvents,lastOutputQueueDropFrameCount,lastOutputQueueDropQueueSize,lastOutputQueueDropOldestAgeMs,lastOutputQueueDropNewestAgeMs,maxOutputQueueDropOldestAgeMs,lastOutputQueueDropReason,completedQueuePushes,completedQueuePops,completedQueueEmptyPolls,completedQueueSize,maxCompletedQueueSize,completedQueueLastPopAgeMs,completedQueueMaxPopAgeMs,completedQueueLastPushIntervalMs,completedQueueMaxPushIntervalMs,lastOutputQueueDropPopAgeMs,lastOutputQueueDropPushIntervalMs,decodedFrames,displayedFrames,frameRecoveryOutcomeEvents,frameRecoveryCompletedFrames,frameRecoveryExpiredFrames,frameRecoveryRejectedFrames,frameRecoveryNackSentFrames,frameRecoveryFecRecoveredFrames,frameRecoveryLastFrameId,frameRecoveryLastStreamId,frameRecoveryLastEvent,frameRecoveryLastOutcome,frameRecoveryLastCodec,frameRecoveryLastKeyFrame,frameRecoveryLastLargeFrame,frameRecoveryLastChunkCount,frameRecoveryLastReceivedChunks,frameRecoveryLastMissingChunks,frameRecoveryLastFecParityPackets,frameRecoveryLastFecRecoveredChunks,frameRecoveryLastNackCount,frameRecoveryLastPostNackReceivedChunks,frameRecoveryLastNackRequestedChunks,frameRecoveryLastRetransmitReceivedChunks,frameRecoveryLastRetransmitDuplicatePackets,frameRecoveryLastPacketSequence,frameRecoveryLastPacketChunkIndex,frameRecoveryLastRetransmitSequence,frameRecoveryLastRetransmitChunkIndex,frameRecoveryLastEventPacketSequence,frameRecoveryLastEventPacketChunkIndex,frameRecoveryLastEventWasRetransmit,frameRecoveryLastAgeMs,retransmitUsefulChunks,retransmitDuplicatePackets,retransmitLateAfterCompletedPackets,retransmitLateAfterCompletedLargePackets,retransmitLateAfterCompletedSentBeforeCompletePackets,retransmitLateAfterCompletedSentAfterCompletePackets,retransmitLateAfterCompletedAvgSendToCompleteMs,retransmitLateAfterCompletedAvgDelayMs,retransmitLateAfterCompletedMaxDelayMs,retransmitLateAfterExpiredPackets,retransmitLateAfterRejectedPackets,retransmitClassifiedPackets,retransmitNotArrivedPackets,retransmitAccountedPackets,retransmitUnclassifiedPackets,retransmitCompletedFrames,retransmitExpiredFrames,retransmitUsefulnessRatio,retransmitDuplicateRatio,retransmitFinalClassificationRatio,retransmitFinalAccountingRatio,retransmitExpiredAfterUsefulRatio,dynamicNackDeadlineMs,dynamicNackUsefulnessRatio,dynamicNackDuplicateRatio,dynamicNackExpiredAfterRetransmitRatio,dynamicNackDecisionReason,nackSuppressedFrames,nackSuppressedMissingChunks,nackPreflightSuppressedFrames,nackPreflightSuppressedChunks,nackFecGraceSuppressedFrames,nackFecGraceSuppressedChunks,nackPredictedUsefulFrames,nackPredictedUsefulChunks,nackDeferredForLikelyArrivalFrames,nackDeferredForLikelyArrivalChunks,nackSkippedTooLateFrames,nackSkippedTooLateChunks,nackRequestedChunkBudget,nackLastShapingReason,nackLastSuppressionReason,ackCount,lastAckMissingRate,ackRetransmittedFrames,ackRetransmittedChunks,repairCanceledByCompleteAckPackets,repairSkippedByTtlPackets,repairQueuedButCanceledPackets,repairSentAfterCompleteAckPackets,repairSentAfterCompleteAckLargePackets,repairSuppressedByFecLikelyFrames,repairSuppressedByFecLikelyPackets,repairSuppressedByFecLikelyLargeFrames,repairSuppressedByFecLikelyLargePackets,repairBudgetSuppressedFrames,repairBudgetSuppressedPackets,repairBudgetSuppressedLargeFrames,repairBudgetSuppressedLargePackets,repairRaceGuardSuppressedFrames,repairRaceGuardSuppressedPackets,repairRaceGuardSuppressedLargePackets,repairBudgetProfile,repairBudgetProfileSwitches,repairBudgetSmoothedMissingRate,repairBudgetSmoothedPacingQueueDelayMs,repairBudgetSmoothedDeliveryMs,repairFecLikelySuppressedCompletedFrames,repairFecLikelySuppressedCompletedPackets,repairFecLikelySuppressedExpiredFrames,repairFecLikelySuppressedExpiredPackets,repairFecLikelySuppressedPendingFrames,repairFecLikelySuppressedPendingPackets,repairFecLikelySuppressionRescueFrames,repairFecLikelySuppressionRescuePackets,h264KeyTinyMissingCriticalFrames,h264KeyTinyMissingCriticalPackets,h264KeyTinyMissingCriticalSentPackets,h264KeyTinyMissingCriticalSkippedPackets,h264KeyTinyMissingCriticalLastFrameId,h264KeyTinyMissingCriticalLastAckMissingChunks,h264KeyTinyMissingCriticalLastRequestedChunks,h264KeyTinyMissingCriticalLastEvent,h264KeySmallMissingAckFrames,h264KeySmallMissingAckMissingChunks,h264KeySmallMissingAckHistoryMissingFrames,h264KeySmallMissingAckStaleFrameLagFrames,h264KeySmallMissingAckStaleAgeFrames,h264KeySmallMissingAckRetransmitBudgetExhaustedFrames,h264KeySmallMissingAckDynamicBudgetSuppressedFrames,h264KeySmallMissingAckDynamicBudgetSuppressedPackets,h264KeySmallMissingAckSelectedRepairFrames,h264KeySmallMissingAckSelectedRepairPackets,h264KeySmallMissingAckLastFrameId,h264KeySmallMissingAckLastMissingChunks,h264KeySmallMissingAckLastGate,lateRepairSavedPackets,ackStaleDroppedFrames,ackKeyFrameRequests,ackKeyFramePending,pacingEnabled,pacingTargetBitrateBps,pacingRepairTargetBitrateBps,pacingQueuedPackets,pacingHighPriorityQueuedPackets,pacingNormalQueuedPackets,pacingEnqueuedPackets,pacingSentPackets,pacingSentBytes,pacingRepairSentPackets,pacingRepairSentBytes,pacingRepairBorrowedPackets,pacingRepairBorrowedBytes,pacingDroppedPackets,pacingDeadlineDroppedPackets,pacingHighPriorityDeadlineDroppedPackets,pacingNormalDeadlineDroppedPackets,pacingOverflowDroppedPackets,pacingCurrentQueueDelayMs,pacingMaxQueueDelayMs,pacingVideoCreditBytes,pacingRepairCreditBytes,transportFeedbackPackets,transportFeedbackPacketStatuses,transportFeedbackReceivedPackets,transportFeedbackMissingPackets,transportFeedbackSequenceGapPackets,transportFeedbackSequenceGapRecoveredPackets,transportFeedbackLossRate,transportFeedbackArrivalJitterMs,transportFeedbackQueueDelayTrendMs,transportFeedbackLastSequence,estimatedBandwidthBps,deliveryRateBps,bandwidthQueueDelayMs,bandwidthRttTrendMs,bandwidthLossTrend,bandwidthJitterTrendMs,bandwidthFeedbackSamples,deadlineNackSentFrames,deadlineNackRecoveredFrames,deadlineNackMissingChunks,deadlineNackSentH264KeyFrames,deadlineNackSentH264LargeFrames,deadlineNackSentH264DeltaFrames,deadlineNackExpiredDroppedFrames,deadlineNackExpiredAfterNackFrames,deadlineNackExpiredMissingChunks,deadlineNackExpiredH264KeyFrames,deadlineNackExpiredH264KeyMissingChunks,deadlineNackLastExpiredH264KeyMissingChunks,deadlineNackExpiredH264KeyMissingChunks1,deadlineNackExpiredH264KeyMissingChunks2To4,deadlineNackExpiredH264KeyMissingChunks5To8,deadlineNackExpiredH264KeyMissingChunks9To16,deadlineNackExpiredH264KeyMissingChunks17Plus,h264KeySmallMissingDeadlineRescueFrames,h264KeySmallMissingDeadlineRescueMissingChunks,h264KeySmallMissingDeadlineRescueCompletedFrames,h264KeySmallMissingDeadlineRescueRejectedFrames,h264KeySmallMissingDeadlineRescueExpiredFrames,h264KeySmallMissingDeadlineRescueCompletedMissingChunks,h264KeySmallMissingDeadlineRescueExpiredMissingChunks,deadlineNackExpiredH264LargeFrames,deadlineNackExpiredH264DeltaFrames,fecEnabled,adaptiveFecEnabled,fecGroupChunkCount,fecParityPackets,fecRecoveredFrames,fecRecoveredChunks,h264ReassemblerAuRejectedFrames,h264ReassemblerHeaderFailures,h264ReassemblerPayloadSizeMismatches,h264ReassemblerFrameIdMismatches,h264ReassemblerCrcMismatches,h264ReassemblerLastRejectReason,adaptiveFecDecisionReason,adaptiveFecHoldReason,adaptiveFecG8ToG4Recovery,adaptiveFecQualityHoldActive,adaptiveFecQualityHoldCanceled,adaptiveFecEmergencyG2Active,adaptiveFecEarlyOffReason,adaptiveEnabled,adaptiveControlMode,adaptiveCongestionControlMode,targetJpegQuality,targetFps,targetBitrateKbps,adaptiveBandwidthCeilingKbps,targetWidth,targetHeight,actualCodec,actualEncodeWidth,actualEncodeHeight,actualRawFrameBytes,actualEncodedFrameBytes,rawFrameBytes,encodedFrameBytes,compressionRatio,captureFps,cameraCaptureSubtype,cameraCaptureWidth,cameraCaptureHeight,cameraCaptureFormatFps,encodeMs,resizeMs,nv12PrepareMs,h264EncodeMs,h264EncoderRequestedBitrateKbps,h264EncoderTargetBitrateKbps,h264EncoderAppliedBitrateKbps,h264DynamicBitrateUpdateRequests,h264DynamicBitrateUpdateSuccesses,h264DynamicBitrateUpdateFailures,h264EncoderReinitializations,pacingBudgetTargetBitrateKbps,h264VideoBudgetScale,pacingBurstGuardActive,fixedPacingRecentMaxQueueDelayMs,fixedPacingQueueReleaseStableSec,fixedPacingQueueRecovered,fixedPacingQueueReleaseEligible,adaptiveRepairBudgetUtilization,adaptiveRepairBorrowedRatio,adaptiveRepairSentBytesDelta,adaptiveRepairBorrowedBytesDelta,adaptiveRepairBudgetGuardActive,adaptiveRepairVideoBudgetPressure,adaptiveRetransmitUsefulRatio,adaptiveLateRepairWasteRatio,adaptiveRetransmitNotArrivedRatio,adaptiveRetransmitAccountingComplete,adaptiveLateRepairWastePressure,adaptiveRetransmitNotArrivedPressure,adaptiveRepairDecisionReason,h264AuChunkCount,h264AuIsIdr,h264AuIsDecoderSync,h264RequestedKeyFrameConsumedFrames,h264EncoderKeyFrameRequests,h264RecoveryKeyFrameRequests,h264AwaitingSyncKeyFrameRequests,h264PeriodicIdrRequests,h264IdrFrames,h264DecoderSyncFrames,h264ConsecutiveIdrFrames,h264MaxConsecutiveIdrFrames,h264AuProtectionLevel,h264AuDroppedBeforeSend,h264AuDropReason,h264AuDroppedBytes,h264AuDroppedChunks,h264AuPacingQueueDelayMs,h264AuEstimatedSendMs,h264InputGatedByPacing,h264InputGateReason,h264InputGateQueueDelayMs,h264InputGateVideoCreditBytes,h264InputGateFrameBudgetBytes,h264InputGateDurationMs,h264InputGateConsecutiveFrames,h264InputGateSkippedInputFrames,h264InputGateForcedOpen,h264InputGateReleaseReason,fecProtectedH264KeyFrames,fecProtectedH264LargeFrames,h264EncoderDelayFrames,h264EncoderDelayMs,h264EncoderPendingFrames,h264EncodedInputFrameId,h264EncoderCallMs,h264EncoderSampleCreateMs,h264EncoderProcessInputMs,h264EncoderPreInputPollMs,h264EncoderPostInputWaitMs,h264EncoderProcessOutputMs,h264EncoderOutputCopyMs,h264EncoderProcessOutputAttempts,h264EncoderAsyncEventCount,h264EncoderHardware,h264EncoderAsync,h264EncoderNeedInputSignaled,h264EncoderOutputProduced,h264EncoderOutputProducedBeforeInput,h264SubmittedNewInput,h264AsyncSubmittedWithoutOutput,h264AsyncPendingNoOutput,h264AsyncCadenceHoldActive,h264AsyncPendingNoOutputStreak,h264AsyncCadenceScale,h264AsyncCadenceHoldRemainingMs,h264AsyncOutputPollBackoffMs,h264InputCadenceFps,h264NeedInputSubmitWake,h264NeedInputSubmitLeadMs,encodedCameraFrameId,encodedCameraSourceTimestamp100ns,encodedCameraCaptureCompletedTimeUs,encodedCameraFrameAgeMs,encodedCameraReadSampleMs,encodedCameraReadSampleEndToCaptureMs,encodedCameraCaptureToPublishMs,encodedCameraPublishToAcquireMs,encodedCameraAcquireToEncoderInputMs,jpegEncodeMs,packetizeMs,sendFrameIntervalMs,cameraFrameReady,cameraFrameId,cameraSourceTimestamp100ns,cameraReadSampleStartTimeUs,cameraReadSampleEndTimeUs,cameraCaptureCompletedTimeUs,cameraFramePublishedTimeUs,cameraSenderAcquireTimeUs,cameraReadSampleMs,cameraReadSampleEndToCaptureMs,cameraCaptureToPublishMs,cameraPublishToAcquireMs,cameraAcquireToSendMs,cameraFrameAgeMs,cameraFrameCacheUsed,receiveJpegDecodeMs,receiveDecodeWorkerFps,receiveDecodeWorkerFrames,receiveDecodePopSuccesses,receiveDecodePopEmptyPolls,receiveDecodeLoopLastPopGapMs,receiveDecodeLoopMaxPopGapMs,receiveStartupDecodeLoopMaxPopGapMs,receiveSteadyDecodeLoopMaxPopGapMs,receiveSteadyDecodeLoopMaxPopGapAtMs,receiveSteadyDecodeLoopMaxPopGapFrameId,receiveSteadyDecodeLoopMaxPopGapStreamId,receiveSteadyDecodeLoopMaxPopGapCodec,receiveSteadyDecodeLoopMaxPopGapInputFrameAgeMs,receiveSteadyDecodeLoopMaxPopGapDecodedQueueSize,receiveSteadyDecodeLoopMaxPopGapCompletedQueueSize,receiveSteadyDecodeLoopMaxPopGapCompletedQueuePopAgeMs,receiveSteadyDecodeLoopMaxPopGapCompletedQueuePushIntervalMs,receiveSteadyDecodeLoopMaxPopGapArrivalRatio,receiveSteadyDecodeLoopMaxPopGapReceiverJitterMs,receiveSteadyDecodeLoopMaxPopGapReceiverLatencyMs,receiveSteadyDecodeLoopMaxPopGapClass,receiveSteadyDecodeLoopMaxPopGapAgeMs,receiveH264StartupActive,receiveH264StartupDecoderSynced,receiveH264StartupFirstDecoded,receiveH264StartupFirstDisplayed,receiveH264StartupReady,receiveH264StartupElapsedMs,receiveH264StartupDecoderSyncMs,receiveH264StartupFirstDecodedMs,receiveH264StartupFirstDisplayedMs,receiveH264StartupReadyMs,receiveH264StartupQueueFlushFrames,receiveDecodeOverwrittenFrames,receiveDecodeQueueDroppedFrames,receiveDecodeRenderOverwriteFrames,receiveDecodeFailures,receiveFreshnessDroppedFrames,receiveFreshnessDroppedFramesDelta,receiveFreshnessDropClass,receiveFreshnessDropEvidence,receiveLastFreshnessDropAgeMs,receiveMaxFreshnessDropAgeMs,receiveLastFreshnessDropFrameId,receiveLastFreshnessDropStreamId,receiveLastFreshnessDropCodec,receiveH264AuInvalidFrames,receiveH264AuCrcMismatches,receiveH264AuPayloadSizeMismatches,receiveH264AuNalCountMismatches,receiveH264AuNoAnnexBNals,receiveH264AuIdrFlagMismatches,receiveH264AuSpsPpsFlagMismatches,receiveH264AuSyncWithoutIdr,receiveH264AuIdrWithoutSpsPps,receiveH264AuForbiddenZeroBit,receiveH264AuLastInvalidReason,receiveDecodeInputFrameAgeMs,receiveDecodeInputCameraFrameAgeMs,receiveDecodeInputEncoderOutputAgeMs,receiveLatestDecodedFrameAgeMs,receiveLatestDecodedCameraFrameAgeMs,receiveLatestDecodedEncoderOutputAgeMs,receiveFreshnessDropThresholdMs,receiveDecodeLastDropReason,receiveUploadBufferWaitMs,receiveDisplayFrameId,receiveDisplayCameraFrameAgeMs,receiveDisplayEncoderOutputAgeMs,receiveDisplayDecodedFrameAgeMs,textureUploadMs,presentGpuWaitMs,renderFramePacingWaitMs,waitableSwapChainWaitMs,presentMs,presentSyncInterval,lowLatencyPresentMode,waitableSwapChainPacingEnabled,waitableSwapChainAvailable,swapChainBufferCount,adaptiveInputPacketLossRate,adaptiveInputReceiveFps,adaptiveInputDecodeFps,adaptiveInputJitterMs,adaptiveInputDisplayFps,adaptiveQoeScore,adaptiveDegradationCause,adaptiveArrivalGapJitterSpikeActive,adaptiveFecRecoveryWorking,adaptiveFecGuardActive,adaptiveFecRecoveryEfficiency,adaptiveFecParityPacketDelta,adaptiveFecRecoveredFrameDelta,adaptiveFecRecoveredChunkDelta,simEnabled,simLossRate,simDuplicateRate,simReorderRate,simMinDelayMs,simMaxDelayMs,simBurstLossLength,simSubmittedPackets,simSentPackets,simDroppedPackets,simDuplicatedPackets,simReorderedPackets
0.175,Custom_loss6_delay0-100_dup0_reorder6_burst0,Loopback,1,1,0,,,0.000,0,21,0,0.000,0.000,0.000,0.000,0.000,0.000,0.000,0.000,0.000,0.000,0,0,0,0,0,0,0,0,0,0,0,0,0,0,0,0,0,0,0,5.000,1,0,0,0,0,0,0,0,0,0,0,0,0,0,0,0.000,0.000,0.000,,0,0,17,0,0,0.000,0.000,0.000,0.000,0.000,0.000,0,0,0,0,0,0,0,0,0,0,,,,0,0,0,0,0,0,0,0,0,0,0,0,0,0,0,0,0,0,0,0.000,0,0,0,0,0,0,0.000,0.000,0.000,0,0,0,0,0,0,0,0,0.000,0.000,0.000,0.000,0.000,0.000,0.000,0.000,0.000,,0,0,0,0,0,0,0,0,0,0,0,0,0,,,0,0.000,0,0,0,0,0,0,0,0,0,0,0,0,0,0,0,0,0,0,balanced,0,0.000,0.000,0.000,0,0,0,0,0,0,0,0,0,0,0,0,0,0,0,,0,0,0,0,0,0,0,0,0,0,0,0,,0,0,0,0,1,6000000,1200000,0,0,0,0,0,0,0,0,0,0,0,0,0,0,0,0.000,0.000,3750.000,4800.000,0,0,0,0,0,0,0.000,0.000,0.000,0,6000000,0,0.000,0.000,0.000,0.000,0,0,0,0,0,0,0,0,0,0,0,0,0,0,0,0,0,0,0,0,0,0,0,0,0,0,0,1,0,4,0,0,0,0,0,0,0,0,,disabled,,0,0,0,0,,1,Fixed Quality,Hybrid,85,30,9500,12000,640,360,,0,0,0,0,0,0,0.000,0.000,,0,0,0.000,0.000,0.000,0.000,0.000,0,0,0,0,0,0,0,0,1.000,0,0.000,0.000,1,0,0.000,0.000,0,0,0,0,0.000,0.000,0.000,0,0,0,disabled,0,0,0,0,0,0,0,0,0,0,0,0,,0,,0,0,0.000,0.000,0,,0.000,0.000,0.000,0.000,0,0,0,,0,0,0,0.000,0,0,0.000,0.000,0.000,0.000,0.000,0.000,0.000,0,0,0,0,0,0,0,0,0,0,0,0,1.000,0.000,0.000,0,0,0.000,0,0,0,0.000,0.000,0.000,0.000,0.000,0.000,0.000,0.000,0.000,0,0,0,0,0,0,0,0,0.000,0.000,0.000,0.000,0.000,0.000,0,0.000,0.000,0,0,17,0.000,0.000,0.000,0.000,0.000,0,0,,0.000,0,0,0.000,0.000,0.000,0.000,0.000,,-1.000,1,0,0,0,0,174.745,0.000,0.000,0.000,0.000,0,0,0,0,0,0,0,,,0.000,0.000,0,0,,0,0,0,0,0,0,0,0,0,0,,0.000,0.000,0.000,0.000,0.000,0.000,120.000,,0.000,0,0.000,0.000,0.000,0.000,0.000,0.000,0.000,0.000,1,0,0,1,3,0.000,0.000,0.000,0.000,0.000,0.000,None,0,0,0,0.000,0,0,0,1,0.060,0.000,0.060,0,100,0,0,0,0,0,0
1.175,Custom_loss6_delay0-100_dup0_reorder6_burst0,Loopback,1,1,0,,,0.000,0,21,20,17.828,9.866,9.764,99.997,79.024,0.000,0.000,35.714,0.154,0.318,351,64,358,294,47,27,4,13,8,5,3,0,296,15,7,0,0,0,0,5.000,1,0,0,0,0,0,0,0,0,0,0,0,0,0,0,0.000,0.000,0.000,,13,13,108,0,1,19.314,128.106,20.376,129.157,0.000,0.000,10,9,203,20,5,0,37,52,21,1,fec-recovered,pending,H.264,0,1,26,19,7,4,2,1,6,15,0,0,361,5,0,0,0,0,0,55.297,3,4,5,0,5,0,48.240,12.387,26.471,0,0,12,0,12,0,3,0,0.429,0.571,1.000,1.000,0.000,34.000,0.333,0.667,0.000,duplicate-guard,19,151,0,0,12,137,37,388,7,14,0,0,387,predicted-useful,fec-grace,71,0.385,5,12,0,0,0,0,0,0,0,0,0,2,34,2,34,0,0,0,jitter-ack-loss,0,0.750,0.508,108.508,0,0,0,0,0,0,0,0,3,6,6,0,3,2,2,sent,12,23,0,1,3,5,0,0,3,6,17,2,stale-frame-lag,34,48,4,0,1,9500000,1200000,23,0,23,454,431,516401,17,18637,1,1252,0,0,0,0,0,0.561,36.048,923.438,4800.000,24,677,335,174,342,168,0.342,1.079,0.664,24,8635986,12206012,1.029,0.000,0.427,10.655,677,37,11,388,14,20,3,5,4,9,0,0,0,0,0,0,0,0,0,0,0,0,0,0,0,4,1,1,0,4,63,52,52,0,0,0,0,0,,disabled,,0,0,0,0,,1,Fixed Quality,Hybrid,85,30,9500,12000,640,360,H.264,480,270,518400,30264,518400,30264,0.058,0.000,,0,0,0.000,2.081,0.000,0.000,0.074,7250,7250,7250,0,0,0,1,9500,1.000,0,24.029,0.000,0,0,0.000,0.000,0,0,0,0,0.250,0.750,0.000,1,0,0,disabled,26,0,0,2,6,2,4,0,5,5,0,3,large-au-observed,0,,0,0,34.907,25.485,0,,0.000,0.000,0.000,0.000,0,0,0,,1,0,0,5.814,0,23,0.074,0.000,0.000,0.073,0.000,0.052,0.006,1,1,1,1,0,1,1,0,0,0,0,0,1.000,0.000,0.000,30,0,0.000,0,0,0,0.000,0.000,0.000,0.000,0.000,0.000,0.000,1.998,9.948,0,0,0,0,0,0,0,0,0.000,0.000,0.000,0.000,0.000,0.000,0,0.352,9.866,10,13,108,20.369,129.107,36.690,129.107,1044.969,16,1,H.264,104.966,0,0,128.106,129.157,1.000,51.408,103.949,arrival-gap-jitter-spike,130.571,0,1,1,1,1,1175.540,473.801,474.843,475.772,475.772,0,0,2,0,0,0,0,,,0.000,0.000,0,0,,0,0,0,0,0,0,0,0,0,0,,95.320,0.000,97.483,4.697,0.000,109.262,134.999,h264-decoder-buffering,0.001,19,0.000,97.589,3.292,0.088,0.943,0.754,0.000,0.189,1,0,0,1,3,0.154,17.828,9.866,35.714,9.764,1.000,RecoveryDeadline,1,1,0,4.000,1,4,4,1,0.060,0.000,0.060,0,100,0,432,351,33,0,25
2.177,Custom_loss6_delay0-100_dup0_reorder6_burst0,Loopback,1,1,0,,,0.000,0,21,43,18.716,18.716,18.713,95.136,87.917,0.000,0.000,16.579,0.105,0.311,940,110,924,814,129,77,6,37,26,11,9,0,816,31,14,0,0,0,0,5.000,1,0,0,0,0,0,0,0,0,0,0,0,0,0,0,0.000,0.000,0.000,,29,29,205,0,1,35.992,128.106,36.852,129.157,0.000,0.000,26,25,524,42,12,0,98,136,45,1,nack-sent,pending,H.264,0,1,22,21,1,4,3,3,11,22,0,0,986,19,0,0,0,0,0,101.581,6,6,11,6,11,0,54.137,22.142,49.316,0,0,23,2,25,0,7,0,0.500,0.500,0.920,1.000,0.000,38.000,0.200,0.800,0.000,duplicate-guard,54,424,0,0,31,387,98,978,23,37,0,0,977,predicted-useful,likely-arrival,166,0.455,9,25,0,1,0,0,0,0,0,0,0,6,98,6,98,0,0,0,pacing,1,0.783,5.942,113.942,0,0,0,0,0,0,0,0,3,6,6,0,3,2,2,sent,14,30,0,1,4,5,0,0,4,10,32,3,stale-age,99,118,8,0,1,9500000,1200000,0,0,0,1049,1049,1272030,60,70933,27,33644,0,0,0,0,0,12.448,37.635,4208.938,4800.000,56,1832,928,429,904,475,0.316,3.931,1.376,56,4435867,6976558,1.340,0.000,0.476,6.527,1832,97,26,977,26,66,5,12,11,20,0,0,0,0,0,0,0,0,0,0,0,0,0,0,0,10,2,1,0,4,170,136,136,0,0,0,0,0,,disabled,,0,0,0,0,,1,Fixed Quality,Hybrid,85,30,9500,12000,640,360,H.264,480,270,518400,0,518400,26096,0.050,0.000,,0,0,0.000,4.773,0.000,3.938,0.808,6250,6250,6250,2,2,0,1,9500,0.853,1,12.448,0.000,0,0,0.000,0.000,0,0,0,0,0.240,0.680,0.080,1,0,0,fixed-pacing-queue-hold,0,0,0,4,11,4,7,0,9,9,0,3,async-output-pending,0,,0,0,0.000,0.000,0,,12.448,4208.938,49479.167,0.000,0,0,0,,2,0,0,0.000,1,0,0.798,0.213,0.583,0.000,0.000,0.000,0.000,0,0,1,1,1,0,0,1,1,0,1,0,0.860,170.761,0.000,24,0,0.000,0,0,0,0.000,0.000,0.000,0.000,0.000,0.000,0.000,0.000,27.604,0,0,0,0,0,0,0,0,0.000,0.000,0.000,0.000,0.000,0.000,0,0.373,18.716,26,29,205,36.930,129.107,36.690,129.107,1044.969,16,1,H.264,104.966,0,0,128.106,129.157,1.000,51.408,103.949,arrival-gap-jitter-spike,1132.234,0,1,1,1,1,2177.203,473.801,474.843,475.772,475.772,0,0,3,0,0,1,1,latency-pressure freshness,latency-over-80ms,126.919,126.919,34,1,decoded,0,0,0,0,0,0,0,0,0,0,,97.272,0.000,99.788,0.000,0.000,0.000,127.568,stale-before-upload,0.001,43,0.000,104.012,4.935,0.075,0.784,0.573,0.000,0.211,1,0,0,1,3,0.105,18.716,18.716,16.579,18.713,1.000,Jitter,1,1,0,0.000,0,2,2,1,0.060,0.000,0.060,0,100,0,1051,945,72,0,68
3.183,Custom_loss6_delay0-100_dup0_reorder6_burst0,Loopback,1,1,0,,,0.000,0,21,70,19.773,17.791,18.253,106.065,94.176,55.487,55.487,11.735,0.089,0.278,1649,161,1584,1423,224,135,10,67,54,13,12,0,1425,52,20,0,0,0,0,5.000,1,0,0,0,0,0,0,0,0,0,0,0,0,0,0,0.000,0.000,0.000,,49,49,301,0,1,37.859,163.358,38.840,164.298,0.000,0.000,46,45,899,65,17,0,164,251,72,1,nack-sent,pending,H.264,0,1,23,16,7,4,2,2,4,20,0,0,1770,22,0,0,0,0,0,68.978,9,10,13,8,13,0,57.017,20.301,49.316,0,0,32,5,37,0,11,0,0.474,0.526,0.865,1.000,0.000,40.000,0.429,0.571,0.000,duplicate-guard,88,746,0,0,52,687,164,1620,36,59,0,0,1619,predicted-useful,likely-arrival,275,0.348,15,37,0,1,0,0,0,0,0,0,0,12,193,12,193,0,0,0,pacing,1,0.793,4.637,112.637,0,0,0,0,0,0,0,0,3,6,6,0,3,2,2,sent,16,38,0,1,6,5,0,0,4,10,69,4,stale-age,194,199,12,0,1,9500000,1200000,11,0,11,1833,1822,2224844,100,120437,52,64488,0,0,0,0,0,0.620,37.635,1013.500,4800.000,96,3205,1635,773,1570,797,0.321,19.313,1.901,96,5355954,11141309,1.027,0.000,0.486,13.524,3205,163,47,1613,41,117,5,17,16,27,1,2,2,0,1,0,0,0,0,0,0,0,0,0,0,14,2,1,0,4,295,251,251,0,0,0,0,0,,disabled,,0,0,0,0,,1,Fixed Quality,Hybrid,85,30,9500,12000,640,360,H.264,480,270,518400,27136,518400,27136,0.052,0.000,,0,0,0.000,1.786,0.000,0.000,0.073,7250,6500,6500,3,3,0,1,9500,1.000,0,19.916,0.000,0,0,0.000,0.000,0,0,0,0,0.243,0.622,0.135,1,0,0,disabled,23,0,0,6,17,6,9,2,14,14,0,3,large-au-observed,0,,0,0,21.779,22.851,0,,0.000,0.000,0.000,0.000,0,0,0,,3,0,0,5.936,0,74,0.072,0.000,0.000,0.072,0.000,0.051,0.006,1,1,1,1,0,1,1,0,0,0,0,0,1.000,0.000,0.000,30,0,0.000,0,0,0,0.000,0.000,0.000,0.000,0.000,0.000,0.000,1.706,9.989,0,0,0,0,0,0,0,0,0.000,0.000,0.000,0.000,0.000,0.000,0,0.441,17.791,46,49,301,38.900,164.331,36.690,164.331,2239.770,47,1,H.264,95.257,0,0,163.358,164.298,1.000,110.867,94.277,arrival-gap-jitter-spike,943.608,0,1,1,1,1,3183.378,473.801,474.843,475.772,475.772,0,0,3,0,0,1,0,,,126.919,126.919,34,1,decoded,0,0,0,0,0,0,0,0,0,0,,101.987,0.000,104.796,0.000,0.000,0.000,133.032,stale-before-upload,0.000,70,0.000,109.638,4.368,0.073,0.773,0.481,0.000,0.292,1,0,0,1,3,0.089,19.773,17.791,11.735,18.253,1.000,RecoveryDeadline,1,1,0,2.000,1,2,2,1,0.060,0.000,0.060,0,100,0,1825,1652,122,0,113
4.190,Custom_loss6_delay0-100_dup0_reorder6_burst0,Loopback,1,1,0,,,0.000,0,21,98,23.366,23.378,21.106,95.731,96.673,17.504,36.495,9.005,0.073,0.250,2412,189,2288,2099,330,198,19,98,82,16,15,0,2101,75,25,0,0,0,0,5.000,1,0,0,0,0,0,0,0,0,0,0,0,0,0,0,0.000,0.000,0.000,,72,72,397,0,1,32.935,163.358,33.793,164.298,0.000,0.000,69,67,1296,91,22,0,228,364,100,1,fec-recovered,pending,H.264,0,1,23,6,17,2,1,0,0,0,0,0,2578,3,0,0,0,0,0,26.078,11,19,16,11,16,0,58.259,20.103,49.316,0,0,46,4,50,0,15,0,0.367,0.633,0.920,1.000,0.000,45.000,0.000,1.000,0.000,duplicate-guard,131,1043,0,0,75,956,228,2154,56,87,0,0,2153,predicted-useful,fec-grace,388,0.435,20,50,0,1,0,0,0,1,1,1,1,17,267,17,267,0,0,0,pacing,1,0.758,7.357,115.357,0,0,1,1,0,0,0,0,3,6,6,0,3,2,2,sent,16,38,0,1,6,5,0,0,4,10,69,4,stale-age,269,284,16,0,1,9500000,1200000,0,0,0,2600,2600,3181458,142,172269,77,95628,0,0,0,0,0,15.193,37.635,6626.062,4800.000,137,4686,2400,1084,2286,1202,0.311,18.734,2.660,137,4627398,7606363,2.413,-37.983,0.482,11.866,4686,228,70,2154,53,170,5,22,21,37,2,3,1,1,1,0,0,0,0,0,0,0,0,0,0,18,2,1,0,4,430,364,364,0,0,0,0,0,,disabled,,0,0,0,0,,1,Fixed Quality,Hybrid,85,30,9500,12000,640,360,H.264,480,270,518400,0,518400,27138,0.052,0.000,,0,0,0.000,4.745,0.000,4.106,0.619,7000,6500,6500,3,3,0,1,9500,0.967,1,15.193,0.000,0,0,0.000,0.000,0,0,0,0,0.220,0.700,0.080,1,0,0,fixed-pacing-queue-hold,0,0,0,8,21,8,11,2,18,18,0,3,async-output-pending,0,,0,0,0.000,0.000,0,,15.193,6626.062,49479.167,0.000,0,0,0,,4,0,0,0.000,1,0,0.609,0.164,0.445,0.000,0.000,0.000,0.000,0,0,1,1,1,0,0,1,1,0,0,0,1.000,0.000,0.000,24,0,0.000,0,0,0,0.000,0.000,0.000,0.000,0.000,0.000,0.000,0.000,6.644,0,0,0,0,0,0,0,0,0.000,0.000,0.000,0.000,0.000,0.000,0,0.377,23.378,69,72,397,33.841,164.331,36.690,164.331,2239.770,47,1,H.264,95.257,0,0,163.358,164.298,1.000,110.867,94.277,arrival-gap-jitter-spike,1949.984,0,1,1,1,1,4189.754,473.801,474.843,475.772,475.772,0,0,4,0,0,2,1,latency-pressure freshness,latency-over-80ms,136.689,136.689,73,1,decoded,0,0,0,0,0,0,0,0,0,0,,99.872,0.000,102.616,0.000,0.000,0.000,127.865,stale-before-upload,0.000,98,0.000,107.268,4.285,0.100,0.676,0.454,0.000,0.223,1,0,0,1,3,0.073,23.366,23.378,9.005,21.106,1.000,Loss,0,1,0,2.000,1,2,2,1,0.060,0.000,0.060,0,100,0,2604,2414,165,0,156
5.190,Custom_loss6_delay0-100_dup0_reorder6_burst0,Loopback,1,1,0,,,0.000,0,21,124,14.937,14.970,14.954,102.547,97.593,90.323,54.438,31.409,0.074,0.264,3123,249,2957,2708,427,270,22,115,96,19,20,0,2710,92,33,0,0,0,0,5.000,0,0,0,0,0,0,0,0,0,0,0,0,0,0,0,0.000,0.000,0.000,,89,89,490,0,1,34.519,163.358,35.538,164.298,0.000,0.000,86,84,1670,111,30,0,290,467,125,1,fec-recovered,pending,H.264,0,1,24,16,8,4,2,2,8,33,0,0,3327,22,0,0,0,0,0,82.510,16,22,19,14,19,0,59.940,20.673,49.316,0,0,57,6,63,0,20,0,0.421,0.579,0.905,1.000,0.000,45.000,0.000,0.000,0.000,stable,172,1324,0,0,95,1201,290,2715,77,123,0,0,2713,predicted-useful,fec-grace,490,0.625,25,63,0,1,0,0,0,1,1,1,1,22,351,22,351,0,0,0,pacing,1,0.800,13.439,121.439,0,0,1,1,0,0,0,0,3,6,6,0,3,2,2,sent,18,45,0,1,8,5,0,0,4,10,121,3,stale-age,353,363,20,0,1,9500000,1200000,0,0,0,3390,3390,4150018,185,225187,103,127390,0,0,0,0,0,13.202,37.635,3233.562,4800.000,174,6040,3099,1380,2941,1561,0.308,43.073,0.000,174,5689776,9295051,0.360,72.819,0.510,25.226,6040,290,87,2715,68,217,5,30,29,51,3,4,1,2,1,0,0,0,0,0,0,0,0,0,0,25,2,1,0,4,562,467,467,0,0,0,0,0,,disabled,,0,0,0,0,,1,Fixed Quality,Hybrid,85,30,9500,12000,640,360,H.264,480,270,518400,28178,518400,28178,0.054,0.000,,0,0,0.000,2.051,0.000,0.000,0.066,7250,6750,6750,4,4,0,1,9500,1.000,0,16.120,0.000,0,0,0.000,0.000,0,0,0,0,0.254,0.651,0.095,1,0,0,disabled,24,0,0,10,28,10,14,4,23,23,0,3,large-au-observed,0,,0,0,21.340,23.729,0,,0.000,0.000,0.000,0.000,0,0,0,,5,0,0,3.722,0,127,0.066,0.000,0.000,0.065,0.000,0.046,0.005,1,1,1,1,0,1,1,0,0,0,0,0,1.000,0.000,0.000,30,0,0.000,0,0,0,0.000,0.000,0.000,0.000,0.000,0.000,0.000,1.972,7.950,0,0,0,0,0,0,0,0,0.000,0.000,0.000,0.000,0.000,0.000,0,0.414,14.970,86,89,490,35.472,164.331,36.690,164.331,2239.770,47,1,H.264,95.257,0,0,163.358,164.298,1.000,110.867,94.277,arrival-gap-jitter-spike,2950.548,0,1,1,1,1,5190.318,473.801,474.843,475.772,475.772,0,0,4,0,0,2,0,,,136.689,136.689,73,1,decoded,0,0,0,0,0,0,0,0,0,0,,102.516,0.000,105.240,0.000,0.000,0.000,131.274,stale-before-upload,0.000,124,0.000,110.686,4.977,0.081,0.618,0.376,0.000,0.242,1,0,0,1,3,0.074,14.937,14.970,31.409,14.954,1.000,Loss,0,1,0,1.000,0,2,2,1,0.060,0.000,0.060,0,100,0,3395,3126,213,0,190
6.197,Custom_loss6_delay0-100_dup0_reorder6_burst0,Loopback,1,1,0,,,0.000,0,21,152,24.972,24.960,25.166,82.883,98.257,49.634,53.237,50.497,0.075,0.270,3899,316,3704,3388,528,335,28,144,122,22,21,0,3390,111,41,0,0,0,0,5.000,0,0,0,0,0,0,0,0,0,0,0,0,0,0,0,0.000,0.000,0.000,,108,108,585,0,1,89.501,163.358,90.541,164.298,0.000,0.000,105,103,2066,133,38,0,361,576,151,1,expired-no-slack,expired,H.264,1,1,24,21,3,5,4,3,12,38,1,2,4067,3,4096,3,0,0,0,178.121,21,28,22,17,22,0,59.971,23.618,77.900,0,0,71,6,77,0,23,2,0.429,0.571,0.922,1.000,0.080,38.000,0.000,1.000,0.000,insufficient-sample,214,1657,0,0,119,1501,361,3360,95,156,0,0,3356,predicted-useful,fec-grace,607,0.625,31,77,0,1,0,0,0,1,1,1,1,28,458,28,458,0,0,0,pacing,1,0.812,11.556,119.556,0,0,1,1,0,0,0,0,3,6,6,0,3,2,2,sent,19,47,0,1,9,5,0,0,4,10,136,2,stale-age,460,452,24,0,1,9500000,1200000,0,0,0,4214,4214,5159564,229,279349,129,159782,0,0,0,0,0,10.305,37.635,43.938,4800.000,217,7595,3891,1786,3704,1918,0.315,27.919,0.172,217,4678427,7237732,1.443,50.117,0.547,14.469,7595,361,106,3360,80,276,5,38,37,72,4,7,3,2,2,0,0,0,0,0,0,0,0,0,0,32,2,1,0,4,695,576,576,0,0,0,0,0,,disabled,,0,0,0,0,,1,Fixed Quality,Hybrid,85,30,9500,12000,640,360,H.264,480,270,518400,0,518400,28178,0.054,0.000,,0,0,0.000,4.732,0.000,4.064,0.646,7250,6750,6750,4,4,0,1,9500,1.000,0,10.305,0.000,0,0,0.000,0.000,0,0,0,0,0.273,0.649,0.078,1,0,0,disabled,0,0,0,13,33,13,16,4,27,27,0,3,async-output-pending,0,,0,0,0.000,0.000,0,,10.305,43.938,45673.077,0.000,0,0,0,,6,0,0,0.000,1,0,0.631,0.165,0.465,0.000,0.000,0.000,0.000,0,0,1,1,1,0,0,1,1,0,1,0,0.860,100.860,0.000,26,0,0.000,0,0,0,0.000,0.000,0.000,0.000,0.000,0.000,0.000,0.000,22.560,0,0,0,0,0,0,0,0,0.000,0.000,0.000,0.000,0.000,0.000,0,0.394,24.960,105,108,585,90.516,164.331,36.690,164.331,2239.770,47,1,H.264,95.257,0,0,163.358,164.298,1.000,110.867,94.277,arrival-gap-jitter-spike,3957.123,0,1,1,1,1,6196.893,473.801,474.843,475.772,475.772,0,0,4,0,0,2,0,,,136.689,136.689,73,1,decoded,0,0,0,0,0,0,0,0,0,0,,96.911,0.000,99.824,0.000,0.000,0.000,126.441,stale-before-upload,0.001,152,0.000,105.406,5.141,0.076,0.887,0.696,0.000,0.191,1,0,0,1,3,0.075,24.972,24.960,50.497,25.166,2.000,RecoveryDeadline,0,1,0,0.000,2,1,1,1,0.060,0.000,0.060,0,100,0,4220,3906,268,0,239
7.199,Custom_loss6_delay0-100_dup0_reorder6_burst0,Loopback,1,1,0,,,0.000,0,21,179,17.804,17.795,17.832,101.796,99.167,85.554,59.700,54.750,0.072,0.268,4686,364,4451,4087,623,396,34,169,143,26,24,0,4089,131,48,0,0,0,0,5.000,0,0,0,0,0,0,0,0,0,0,0,0,0,0,0,0.000,0.000,0.000,,128,128,681,0,1,0.298,163.358,1.417,164.298,0.000,0.000,124,122,2466,157,45,0,435,687,181,1,fec-parity,pending,H.264,1,1,24,15,9,4,1,2,5,28,1,0,5008,20,5050,3,0,0,0,62.007,28,34,26,21,26,0,60.414,22.058,77.900,0,0,88,9,97,0,32,2,0.452,0.548,0.907,1.000,0.059,36.000,0.000,0.000,0.000,insufficient-sample,250,1994,0,0,140,1816,435,4173,110,178,0,0,4168,predicted-useful,likely-arrival,726,0.542,39,97,0,1,0,0,0,1,1,1,1,35,577,35,577,0,0,0,pacing,1,0.762,4.902,112.902,0,0,1,1,0,0,0,0,3,6,6,0,3,2,2,sent,20,50,0,1,9,5,0,0,5,13,178,3,selected-repair,579,543,28,0,1,9500000,1200000,0,0,0,5048,5048,6180643,279,340975,160,197772,0,0,0,0,0,0.358,37.635,20087.938,4800.000,260,9130,4679,2138,4451,2313,0.314,30.315,0.774,260,6123211,9238522,1.339,47.278,0.491,14.015,9130,435,126,4173,97,333,5,45,44,85,4,7,3,2,2,0,0,0,0,0,0,0,0,0,0,39,2,1,0,4,830,687,687,0,0,0,0,0,,disabled,,0,0,0,0,,1,Fixed Quality,Hybrid,85,30,9500,12000,640,360,H.264,480,270,518400,2683,518400,2683,0.005,0.000,,0,0,0.000,0.241,0.000,0.000,0.087,6250,6250,6250,5,5,0,1,9500,0.880,1,12.828,0.000,0,0,0.000,0.000,0,0,0,0,0.500,0.500,0.000,1,0,0,latency-pressure-freshness-hold,3,0,0,17,41,17,18,6,33,33,0,4,none,0,,0,0,14.802,2.259,0,,0.000,0.000,0.000,0.000,0,0,0,,7,0,0,4.771,0,183,0.086,0.000,0.000,0.086,0.000,0.054,0.004,1,1,1,1,0,1,1,0,0,0,0,0,1.000,0.000,0.000,27,0,0.000,0,0,0,0.000,0.000,0.000,0.000,0.000,0.000,0.000,0.147,10.399,0,0,0,0,0,0,0,0,0.000,0.000,0.000,0.000,0.000,0.000,0,0.358,17.795,124,128,681,1.734,164.331,36.690,164.331,2239.770,47,1,H.264,95.257,0,0,163.358,164.298,1.000,110.867,94.277,arrival-gap-jitter-spike,4958.948,0,1,1,1,1,7198.718,473.801,474.843,475.772,475.772,0,0,5,0,0,3,1,latency-pressure freshness,latency-over-80ms,145.032,145.032,178,1,H.264,0,0,0,0,0,0,0,0,0,0,,110.842,0.000,113.774,0.000,0.000,0.000,135.898,stale-after-h264-decode,0.001,179,0.000,112.661,4.599,0.085,0.706,0.418,0.000,0.288,1,0,0,1,3,0.072,17.804,17.795,54.750,17.832,2.000,Jitter,0,1,0,0.333,3,1,1,1,0.060,0.000,0.060,0,100,0,5055,4691,323,0,282
8.204,Custom_loss6_delay0-100_dup0_reorder6_burst0,Loopback,1,1,0,,,0.000,0,21,207,20.626,20.624,20.836,100.246,99.537,31.672,55.029,13.803,0.069,0.256,5342,398,5062,4664,717,446,42,203,172,31,26,0,4666,154,53,0,0,0,0,5.000,0,0,0,0,0,0,0,0,0,0,0,0,0,0,0,0.000,0.000,0.000,,150,150,777,0,1,33.628,163.358,34.680,164.298,0.000,0.000,146,143,2823,185,49,0,495,785,207,1,completed,completed,H.264,1,1,22,22,0,4,4,3,15,45,0,1,5676,10,5696,2,0,0,0,99.445,33,42,31,26,31,0,61.866,22.528,77.900,0,0,106,11,117,0,37,3,0.440,0.560,0.906,1.000,0.075,40.000,0.000,0.000,0.000,insufficient-sample,285,2258,0,0,160,2058,495,4739,125,200,0,0,4734,predicted-useful,fec-grace,830,0.000,47,117,0,1,0,0,0,3,3,3,3,43,694,43,694,0,0,0,pacing,1,0.808,12.627,120.627,0,0,3,3,0,0,0,0,3,6,6,0,3,2,2,sent,22,58,0,1,11,5,0,0,5,13,206,4,stale-age,698,613,32,0,1,9500000,1200000,0,0,0,5746,5746,7041907,327,400431,184,227676,0,0,0,0,0,18.092,37.635,11093.688,4800.000,296,10393,5335,2396,5058,2662,0.310,3.260,1.269,296,5468181,8076302,1.402,27.046,0.469,13.886,10393,495,148,4739,116,373,6,49,48,92,5,9,2,2,3,0,0,0,0,0,0,0,0,0,0,42,2,1,0,4,949,785,785,0,0,0,0,0,,disabled,,0,0,0,0,,1,Fixed Quality,Hybrid,85,30,9500,12000,640,360,H.264,480,270,518400,26094,518400,26094,0.050,0.000,,0,0,0.000,1.688,0.000,0.000,0.064,7250,6250,6250,5,5,0,1,9500,1.000,0,18.092,0.000,0,0,0.000,0.000,0,0,0,0,0.282,0.624,0.094,1,0,0,disabled,22,0,0,21,50,21,23,6,39,39,0,4,large-au-observed,0,,0,0,11.052,21.974,0,,0.000,0.000,0.000,0.000,0,0,0,,8,0,0,6.557,0,209,0.064,0.000,0.000,0.063,0.000,0.044,0.005,1,1,1,1,0,1,1,0,0,0,0,0,1.000,0.000,0.000,24,0,0.000,0,0,0,0.000,0.000,0.000,0.000,0.000,0.000,0.000,1.617,10.485,0,0,0,0,0,0,0,0,0.000,0.000,0.000,0.000,0.000,0.000,0,0.400,20.624,146,150,777,34.505,164.331,36.690,164.331,2239.770,47,1,H.264,95.257,0,0,163.358,164.298,1.000,110.867,94.277,arrival-gap-jitter-spike,5964.108,0,1,1,1,1,8203.878,473.801,474.843,475.772,475.772,0,0,5,0,0,3,0,,,145.032,145.032,178,1,H.264,0,0,0,0,0,0,0,0,0,0,,104.255,0.000,106.844,5.054,0.000,109.409,130.123,stale-after-h264-decode,0.001,206,0.000,111.598,3.655,0.076,1.009,0.715,0.000,0.293,1,0,0,1,3,0.070,20.626,20.624,13.803,20.836,1.000,Loss,0,1,0,0.000,1,1,1,1,0.060,0.000,0.060,0,100,0,5754,5352,364,0,323
9.204,Custom_loss6_delay0-100_dup0_reorder6_burst0,Loopback,1,1,0,,,0.000,0,21,233,21.997,21.988,21.797,111.579,99.603,82.677,58.979,6.693,0.070,0.246,6071,459,5767,5308,805,496,49,232,197,35,28,0,5310,175,57,0,0,0,0,5.000,0,0,0,0,0,0,0,0,0,0,0,0,0,0,0,0.000,0.000,0.000,,171,171,864,0,1,50.967,163.358,52.153,164.298,0.000,0.000,167,165,3184,210,53,0,557,881,234,1,retransmit-duplicate,pending,H.264,1,1,23,21,2,5,3,3,16,49,1,1,6463,0,6463,0,6463,0,1,105.450,37,49,35,30,35,0,62.552,21.785,77.900,0,0,121,11,132,0,40,3,0.430,0.570,0.917,1.000,0.070,44.000,0.000,0.000,0.000,insufficient-sample,321,2507,0,0,179,2276,557,5277,142,231,0,0,5271,predicted-useful,likely-arrival,933,0.435,52,132,0,1,0,0,0,3,3,3,3,48,764,48,764,0,0,0,pacing,1,0.784,12.032,120.032,0,0,3,3,0,0,0,0,3,6,6,0,3,2,2,sent,24,62,0,1,13,5,0,0,5,13,221,3,stale-age,768,687,36,0,1,9500000,1200000,6,0,6,6544,6538,8016145,371,454751,208,257572,0,0,0,0,0,3.804,37.635,563.375,4800.000,335,11821,6065,2715,5756,3041,0.309,8.362,0.666,335,5339886,8474477,2.286,31.838,0.464,15.639,11821,557,169,5277,136,415,6,53,52,99,5,9,2,2,3,0,0,0,0,0,0,0,0,0,0,46,2,1,0,4,1076,881,881,0,0,0,0,0,,disabled,,0,0,0,0,,1,Fixed Quality,Hybrid,85,30,9500,12000,640,360,H.264,480,270,518400,27136,518400,27136,0.052,0.000,,0,0,0.000,2.026,0.000,0.000,0.104,7250,6500,6500,6,6,0,1,9500,1.000,0,12.657,0.000,0,0,0.000,0.000,0,0,0,0,0.000,1.000,0.000,1,0,0,disabled,23,0,0,25,58,25,27,6,46,46,0,4,large-au-observed,0,,0,0,14.562,22.851,0,,0.000,0.000,0.000,0.000,0,0,0,,9,0,0,10.941,0,237,0.104,0.000,0.000,0.103,0.000,0.069,0.012,1,1,1,1,0,1,1,0,0,0,1,0,0.860,179.993,0.000,26,0,0.000,0,0,0,0.000,0.000,0.000,0.000,0.000,0.000,0.000,1.912,8.382,0,0,0,0,0,0,0,0,0.000,0.000,0.000,0.000,0.000,0.000,0,0.489,21.988,167,171,864,51.922,164.331,36.690,164.331,2239.770,47,1,H.264,95.257,0,0,163.358,164.298,1.000,110.867,94.277,arrival-gap-jitter-spike,6964.715,0,1,1,1,1,9204.485,473.801,474.843,475.772,475.772,0,0,5,0,0,3,0,,,145.032,145.032,178,1,H.264,0,0,0,0,0,0,0,0,0,0,,103.403,0.000,106.188,0.000,0.000,0.000,135.790,stale-after-h264-decode,0.001,233,0.000,112.264,5.559,0.086,0.310,0.023,0.000,0.287,1,0,0,1,3,0.070,21.997,21.988,6.693,21.797,1.000,RecoveryDeadline,0,1,0,1.000,1,1,1,1,0.060,0.000,0.060,0,100,0,6547,6080,416,0,352
10.211,Custom_loss6_delay0-100_dup0_reorder6_burst0,Loopback,1,1,0,,,0.000,0,21,260,20.563,18.708,18.673,98.980,99.796,89.793,62.831,8.971,0.069,0.247,6790,505,6431,5926,914,556,57,267,223,44,34,0,5928,195,64,0,0,0,0,5.000,0,0,0,0,0,0,0,0,0,0,0,0,0,0,0,0.000,0.000,0.000,,191,191,958,0,1,38.667,163.358,39.660,164.298,0.000,0.000,186,184,3568,239,60,0,620,992,262,1,nack-sent,pending,H.264,1,1,22,10,12,2,1,3,6,45,0,0,7229,0,0,0,0,0,0,64.293,41,57,44,39,44,0,63.204,21.077,77.900,0,0,142,14,156,0,44,4,0.418,0.582,0.910,1.000,0.083,44.000,0.000,0.000,0.000,insufficient-sample,354,2744,0,0,198,2488,620,5850,156,256,0,0,5844,predicted-useful,likely-arrival,1042,0.545,60,156,0,1,0,0,0,3,3,3,3,55,872,55,872,0,0,0,pacing,1,0.808,13.550,121.550,0,0,3,3,0,0,0,0,3,6,6,0,3,2,2,sent,28,76,0,1,16,5,0,0,6,16,248,4,stale-age,876,766,40,0,1,9500000,1200000,1,0,1,7306,7305,8957926,425,521353,234,289334,0,0,0,0,0,8.688,37.635,979.312,4800.000,376,13220,6789,3065,6431,3366,0.311,22.529,0.076,376,4876978,7713013,1.406,26.893,0.514,11.364,13220,620,188,5850,158,455,7,60,59,109,6,11,2,2,4,0,0,0,0,0,0,0,0,0,0,52,2,1,0,4,1205,992,992,0,0,0,0,0,,disabled,,0,0,0,0,,1,Fixed Quality,Hybrid,85,30,9500,12000,640,360,H.264,480,270,518400,26096,518400,26096,0.050,0.000,,0,0,0.000,1.725,0.000,0.000,0.074,6250,6250,6250,8,8,0,1,9500,0.880,1,14.021,0.000,0,0,0.000,0.000,0,0,0,0,0.263,0.647,0.090,1,0,0,latency-pressure-freshness-hold,22,0,0,29,67,29,30,8,53,53,0,4,large-au-observed,0,,0,0,17.637,21.976,0,,0.000,0.000,0.000,0.000,0,0,0,,10,0,0,5.893,0,264,0.074,0.000,0.000,0.073,0.000,0.050,0.006,1,1,1,1,0,1,1,0,0,0,0,0,1.000,0.000,0.000,27,0,0.000,0,0,0,0.000,0.000,0.000,0.000,0.000,0.000,0.000,1.644,10.165,0,0,0,0,0,0,0,0,0.000,0.000,0.000,0.000,0.000,0.000,0,0.370,18.708,186,191,958,39.879,164.331,36.690,164.331,2239.770,47,1,H.264,95.257,0,0,163.358,164.298,1.000,110.867,94.277,arrival-gap-jitter-spike,7971.133,0,1,1,1,1,10210.903,473.801,474.843,475.772,475.772,0,0,6,0,0,4,1,latency-pressure freshness,latency-over-80ms,145.673,145.673,247,1,H.264,0,0,0,0,0,0,0,0,0,0,,96.776,0.000,98.425,0.000,0.000,0.000,129.490,stale-before-decode,0.001,260,0.000,103.066,4.256,0.074,1.002,0.748,0.000,0.254,1,0,0,1,3,0.069,20.563,18.708,8.971,18.673,1.000,RecoveryDeadline,0,1,0,0.000,0,1,1,1,0.060,0.000,0.060,0,100,0,7315,6800,458,0,403
11.218,Custom_loss6_delay0-100_dup0_reorder6_burst0,Loopback,1,1,0,,,0.000,0,21,288,17.755,15.787,15.779,96.560,99.830,28.361,59.001,22.539,0.069,0.248,7476,555,7084,6529,1015,613,64,303,253,50,35,0,6531,215,71,0,0,0,0,5.000,0,0,0,0,0,0,0,0,0,0,0,0,0,0,0,0.000,0.000,0.000,,210,210,1053,0,1,32.842,163.358,33.784,164.298,0.000,0.000,205,203,3936,265,66,0,680,1102,289,1,fec-recovered,pending,H.264,1,1,23,17,6,3,2,2,7,24,1,0,7955,0,7984,0,0,0,0,54.606,45,64,50,45,50,0,60.731,21.705,77.900,0,0,159,16,175,0,49,5,0.413,0.587,0.909,1.000,0.093,45.000,0.000,1.000,0.000,duplicate-guard,384,2996,0,0,217,2725,680,6388,167,271,0,0,6382,predicted-useful,likely-arrival,1148,0.739,66,175,0,1,0,0,0,3,3,3,3,60,950,60,950,0,0,0,pacing,1,0.809,11.442,119.442,0,0,3,3,0,0,0,0,3,6,6,0,3,2,2,sent,31,87,0,1,18,5,0,0,7,20,288,4,stale-age,954,843,44,0,1,9500000,1200000,10,0,10,8037,8027,9848146,472,579259,258,319230,0,0,0,0,0,1.759,37.635,1116.688,1221.000,414,14541,7473,3345,7068,3723,0.309,40.159,0.082,414,6110861,8791624,1.103,9.228,0.486,18.499,14541,680,208,6388,176,497,7,66,65,120,8,15,2,2,6,0,0,0,0,0,0,0,0,0,0,56,2,1,0,4,1330,1102,1102,0,0,0,0,0,,disabled,,0,0,0,0,,1,Fixed Quality,Hybrid,85,30,9500,12000,640,360,H.264,480,270,518400,27136,518400,27136,0.052,0.000,,0,0,0.000,1.813,0.000,0.000,0.070,7250,6500,6500,9,9,0,1,9500,1.000,0,23.691,0.000,0,0,3.735,0.000,3732,0,0,0,0.000,0.333,0.667,1,0,0,disabled,23,0,0,33,77,33,36,8,60,60,0,4,large-au-observed,0,,0,0,25.423,22.851,0,,0.000,0.000,0.000,0.000,0,0,0,,11,0,0,6.544,0,291,0.070,0.000,0.000,0.069,0.000,0.048,0.005,1,1,1,1,0,1,1,0,0,0,0,0,1.000,0.000,0.000,30,0,0.000,0,0,0,0.000,0.000,0.000,0.000,0.000,0.000,0.000,1.736,10.566,0,0,0,0,0,0,0,0,0.000,0.000,0.000,0.000,0.000,0.000,0,0.357,15.787,205,210,1053,33.828,164.331,36.690,164.331,2239.770,47,1,H.264,95.257,0,0,163.358,164.298,1.000,110.867,94.277,arrival-gap-jitter-spike,8977.972,0,1,1,1,1,11217.742,473.801,474.843,475.772,475.772,0,0,6,0,0,4,0,,,145.673,145.673,247,1,H.264,0,0,0,0,0,0,0,0,0,0,,97.015,0.000,99.704,0.000,0.000,0.000,128.280,stale-before-decode,0.001,288,0.000,104.056,3.967,0.077,0.847,0.644,0.000,0.204,1,0,0,1,3,0.069,17.755,15.787,22.539,15.779,1.000,RecoveryDeadline,0,1,0,0.333,3,1,1,1,0.060,0.000,0.060,0,100,0,8038,7487,500,0,447
12.220,Custom_loss6_delay0-100_dup0_reorder6_burst0,Loopback,1,1,0,,,0.000,0,21,315,19.454,19.452,19.455,116.044,100.298,63.887,59.489,22.390,0.069,0.246,8250,607,7817,7210,1119,673,70,338,282,56,38,0,7212,236,77,0,0,0,0,5.000,0,0,0,0,0,0,0,0,0,0,0,0,0,0,0,0.000,0.000,0.000,,231,231,1145,0,1,27.828,163.358,29.012,164.298,0.000,0.000,226,224,4340,292,72,0,748,1218,316,1,fec-recovered,pending,H.264,1,1,24,23,1,4,3,3,9,29,0,0,8770,7,0,0,0,0,0,92.576,51,70,56,51,56,0,61.642,22.610,77.900,0,0,177,15,192,0,58,5,0.421,0.579,0.922,1.000,0.079,44.000,1.000,0.000,0.000,insufficient-sample,421,3268,0,0,238,2976,748,7007,183,292,0,0,7000,predicted-useful,likely-arrival,1259,0.833,73,192,0,1,0,0,0,3,3,3,3,67,1066,67,1066,0,0,0,pacing,1,0.817,6.737,114.737,0,0,3,3,0,0,0,0,3,6,6,0,3,2,2,sent,34,95,0,2,20,5,0,0,7,20,315,2,stale-frame-lag,1070,922,48,0,1,9500000,1200000,19,0,19,8880,8861,10872198,518,636069,282,349126,0,0,0,0,0,5.635,41.020,529.188,445.200,455,16035,8232,3716,7803,4087,0.311,29.558,0.077,455,5962800,10661278,0.722,14.488,0.493,11.399,16035,748,229,7007,197,544,7,72,71,134,8,15,2,2,6,0,0,0,0,0,0,0,0,0,0,62,2,1,0,4,1468,1218,1218,0,0,0,0,0,,disabled,,0,0,0,0,,1,Fixed Quality,Hybrid,85,30,9500,12000,640,360,H.264,480,270,518400,28178,518400,28178,0.054,0.000,,0,0,0.000,1.887,0.000,0.000,0.114,7250,6750,6750,10,10,0,1,9500,0.820,1,32.255,0.000,0,0,0.000,0.000,0,0,0,0,0.266,0.656,0.078,1,0,0,fixed-pacing-queue-hold,24,0,0,37,85,37,39,9,67,67,0,4,large-au-observed,0,,0,0,35.750,23.729,0,,0.000,0.000,0.000,0.000,0,0,0,,12,0,0,5.900,0,319,0.113,0.000,0.000,0.113,0.000,0.079,0.011,1,1,1,1,0,1,1,0,0,0,0,0,1.000,0.000,0.000,30,0,0.000,0,0,0,0.000,0.000,0.000,0.000,0.000,0.000,0.000,1.759,9.943,0,0,0,0,0,0,0,0,0.000,0.000,0.000,0.000,0.000,0.000,0,0.460,19.452,226,231,1145,29.133,164.331,36.690,164.331,2239.770,47,1,H.264,95.257,0,0,163.358,164.298,1.000,110.867,94.277,arrival-gap-jitter-spike,9980.613,0,1,1,1,1,12220.383,473.801,474.843,475.772,475.772,0,0,6,0,0,4,0,,,145.673,145.673,247,1,H.264,0,0,0,0,0,0,0,0,0,0,,112.171,0.000,114.915,0.000,0.000,0.000,138.022,stale-before-decode,0.001,315,0.000,120.221,4.826,0.086,0.279,0.002,0.000,0.276,1,0,0,1,3,0.069,19.454,19.452,22.390,19.455,1.000,Loss,0,1,0,1.000,0,1,1,1,0.060,0.000,0.060,0,100,0,8873,8269,552,0,497
13.225,Custom_loss6_delay0-100_dup0_reorder6_burst0,Loopback,1,1,0,,,0.000,0,21,341,20.782,20.777,20.803,107.035,100.788,88.103,62.090,162.690,0.067,0.249,8828,638,8350,7712,1202,720,79,356,298,58,47,0,7714,254,84,0,0,0,0,5.000,0,0,0,0,0,0,0,0,0,0,0,0,0,0,0,0.000,0.000,0.000,,248,248,1243,0,1,209.831,209.831,210.809,210.809,0.000,0.000,243,240,4644,312,78,0,800,1297,343,1,nack-sent,pending,H.264,1,1,22,4,18,1,0,1,0,18,0,0,9450,6,0,0,0,0,0,25.963,52,79,58,53,58,0,62.123,21.977,77.900,0,0,189,15,204,0,60,6,0.397,0.603,0.926,1.000,0.091,44.000,0.000,1.000,0.000,insufficient-sample,450,3472,0,0,254,3155,800,7485,195,311,1,6,7479,predicted-useful,too-late,1349,0.000,77,204,0,1,0,0,0,3,3,3,3,71,1121,71,1121,0,0,0,pacing,1,0.777,6.812,114.812,0,0,3,3,0,0,0,0,3,6,6,0,3,2,2,sent,36,100,0,3,21,5,0,0,7,20,341,3,stale-age,1125,990,52,0,1,9500000,1200000,0,0,0,9462,9462,11612337,558,685573,306,379022,0,0,0,0,0,11.000,41.020,2914.562,2741.550,487,17152,8814,3921,8338,4417,0.308,6.031,1.218,487,3315019,5495003,1.406,16.433,0.511,19.009,17152,799,246,7467,214,577,8,78,77,154,9,17,2,2,7,0,0,0,0,0,0,0,0,0,0,66,3,1,0,4,1577,1297,1297,0,0,0,0,0,,disabled,,0,0,0,0,,1,Fixed Quality,Hybrid,85,30,9500,12000,640,360,H.264,480,270,518400,26096,518400,26096,0.050,0.000,,0,0,0.000,2.248,0.000,0.000,0.068,6250,6250,6250,11,11,0,1,9500,0.874,1,11.000,0.000,0,0,0.000,0.000,0,0,0,0,0.255,0.672,0.074,1,0,0,fixed-pacing-queue-hold,22,1,1,41,95,41,45,9,73,73,3,4,decoder-sync-observed,0,,0,0,17.742,21.976,0,,0.000,0.000,0.000,0.000,0,0,0,,13,0,0,2.358,0,343,0.067,0.000,0.000,0.067,0.000,0.044,0.009,1,1,1,1,0,1,1,0,0,0,0,0,1.000,0.000,0.000,24,0,0.000,0,0,0,0.000,0.000,0.000,0.000,0.000,0.000,0.000,2.151,6.297,0,0,0,0,0,0,0,0,0.000,0.000,0.000,0.000,0.000,0.000,0,0.393,20.777,243,248,1243,210.927,210.927,36.690,210.927,13219.061,341,1,H.264,108.134,0,0,209.831,210.809,0.999,162.690,107.035,arrival-gap-jitter-spike,5.781,0,1,1,1,1,13224.842,473.801,474.843,475.772,475.772,0,0,6,0,0,4,0,,,145.673,145.673,247,1,H.264,0,0,0,0,0,0,0,0,0,0,,106.509,0.000,109.105,4.522,0.000,115.616,138.517,stale-before-decode,0.001,336,0.000,113.287,4.162,0.075,0.694,0.471,0.000,0.222,1,0,0,1,3,0.067,20.782,20.777,162.690,20.803,2.000,RecoveryDeadline,1,1,0,1.000,2,2,2,1,0.060,0.000,0.060,0,100,0,9475,8846,594,0,538
14.232,Custom_loss6_delay0-100_dup0_reorder6_burst0,Loopback,1,1,0,,,0.000,0,21,366,17.764,17.755,17.781,103.681,100.967,88.103,62.090,14.226,0.067,0.243,9527,685,9005,8320,1305,780,86,389,325,64,50,0,8322,274,88,0,0,0,0,5.000,0,0,0,0,0,0,0,0,0,0,0,0,0,0,0,0.000,0.000,0.000,,268,268,1331,0,1,41.056,209.831,42.066,210.809,0.000,0.000,263,261,5002,338,82,0,865,1395,369,1,nack-sent,pending,H.264,1,1,23,4,19,0,0,1,0,19,0,0,10193,1,0,0,0,0,0,22.024,62,86,64,59,64,0,63.578,22.140,77.900,0,0,212,20,232,0,70,6,0.419,0.581,0.914,1.000,0.079,45.000,0.571,0.429,0.000,duplicate-guard,479,3671,0,0,270,3335,865,8128,208,330,1,6,8121,predicted-useful,likely-arrival,1457,0.304,87,232,0,1,0,0,0,5,5,5,5,81,1278,81,1278,0,0,0,pacing,1,0.810,10.564,118.564,0,0,5,5,0,0,0,0,3,6,6,0,3,2,2,sent,39,111,0,3,24,5,0,0,7,20,361,3,stale-age,1284,1067,56,0,1,9500000,1200000,11,0,11,10224,10212,12536221,615,756065,335,414682,0,0,0,0,0,0.294,41.020,13851.062,4800.000,526,18523,9518,4263,9005,4742,0.309,13.164,2.052,526,5621696,8638215,1.887,16.433,0.513,13.494,18523,865,266,8128,243,614,8,82,81,162,9,17,2,2,7,0,0,0,0,0,0,0,0,0,0,70,3,1,0,4,1696,1395,1395,0,0,0,0,0,,disabled,,0,0,0,0,,1,Fixed Quality,Hybrid,85,30,9500,12000,640,360,H.264,480,270,518400,27138,518400,27138,0.052,0.000,,0,0,0.000,1.863,0.000,0.000,0.078,7250,6500,6500,12,12,0,1,9500,1.000,0,13.250,0.000,0,0,0.000,0.000,0,0,0,0,0.267,0.647,0.086,1,0,0,disabled,23,1,1,45,106,45,50,11,83,83,4,4,decoder-sync-observed,0,,0,0,15.236,22.853,0,,0.000,0.000,0.000,0.000,0,0,0,,14,0,0,6.373,0,370,0.078,0.000,0.000,0.078,0.000,0.055,0.008,1,1,1,1,0,1,1,0,0,0,0,0,1.000,0.000,0.000,30,0,0.000,0,0,0,0.000,0.000,0.000,0.000,0.000,0.000,0.000,1.776,10.368,0,0,0,0,0,0,0,0,0.000,0.000,0.000,0.000,0.000,0.000,0,0.378,17.755,263,268,1331,42.083,210.927,36.690,210.927,13219.061,341,1,H.264,108.134,0,0,209.831,210.809,0.999,162.690,107.035,arrival-gap-jitter-spike,1013.584,0,1,1,1,1,14232.645,473.801,474.843,475.772,475.772,0,0,6,0,0,4,0,,,145.673,145.673,247,1,H.264,0,0,0,0,0,0,0,0,0,0,,106.399,0.000,109.020,0.000,0.000,0.000,131.840,stale-before-decode,0.001,366,0.000,114.081,4.671,0.076,0.820,0.550,0.000,0.270,1,0,0,1,3,0.067,17.764,17.755,14.226,17.781,1.000,RecoveryDeadline,1,1,0,0.000,1,2,2,1,0.060,0.000,0.060,0,100,0,10227,9546,641,0,570
15.235,Custom_loss6_delay0-100_dup0_reorder6_burst0,Loopback,1,1,0,,,0.000,0,21,394,18.976,17.075,17.119,91.431,101.131,35.052,59.837,27.023,0.066,0.246,10295,723,9717,8994,1406,842,97,415,346,69,52,0,8996,294,96,0,0,0,0,5.000,0,0,0,0,0,0,0,0,0,0,0,0,0,0,0,0.000,0.000,0.000,,287,287,1425,0,1,78.510,209.831,79.722,210.809,0.000,0.000,282,280,5385,363,89,0,929,1498,396,1,nack-sent,pending,H.264,1,1,24,18,6,5,3,3,8,38,0,1,11012,2,11012,2,0,0,0,67.264,68,97,69,64,69,0,63.700,22.193,77.900,0,0,234,21,255,0,80,7,0.412,0.588,0.918,1.000,0.080,45.000,0.250,0.750,0.200,duplicate-guard,515,3927,0,0,289,3563,929,8743,225,358,1,6,8736,predicted-useful,fec-grace,1564,0.625,96,255,0,1,0,0,0,6,6,6,6,90,1426,90,1426,0,0,0,pacing,1,0.816,11.993,119.993,0,0,6,6,0,0,0,0,3,6,6,0,3,2,2,sent,40,115,0,3,25,5,0,0,7,20,384,4,stale-age,1433,1145,60,0,1,9500000,1200000,11,0,11,11029,11018,13525699,668,821423,360,445830,0,0,0,0,0,0.496,41.020,1052.125,4800.000,567,19987,10276,4607,9711,5104,0.310,38.246,3.557,567,5289672,8759461,1.803,2.537,0.436,17.592,19987,928,286,8737,265,655,8,89,88,177,12,23,2,2,10,0,0,0,0,0,0,0,0,0,0,74,3,1,0,4,1827,1498,1498,0,0,0,0,0,,disabled,,0,0,0,0,,1,Fixed Quality,Hybrid,85,30,9500,12000,640,360,H.264,480,270,518400,28178,518400,28178,0.054,0.000,,0,0,0.000,1.877,0.000,0.000,0.082,7250,6750,6750,13,13,0,1,9500,1.000,0,5.101,0.000,0,0,0.000,0.000,0,0,0,0,0.267,0.651,0.082,1,0,0,disabled,24,1,1,49,117,49,57,11,90,90,3,4,decoder-sync-observed,0,,0,0,0.165,23.729,0,,0.000,0.000,0.000,0.000,0,0,0,,15,0,0,4.477,0,398,0.081,0.000,0.000,0.081,0.000,0.054,0.011,1,1,1,1,0,1,1,0,0,0,1,0,0.860,111.156,0.000,26,0,0.000,0,0,0,0.000,0.000,0.000,0.000,0.000,0.000,0.000,1.760,8.551,0,0,0,0,0,0,0,0,0.000,0.000,0.000,0.000,0.000,0.000,0,0.412,17.075,282,287,1425,79.763,210.927,36.690,210.927,13219.061,341,1,H.264,108.134,0,0,209.831,210.809,0.999,162.690,107.035,arrival-gap-jitter-spike,2016.562,0,1,1,1,1,15235.623,473.801,474.843,475.772,475.772,0,0,6,0,0,4,0,,,145.673,145.673,247,1,H.264,0,0,0,0,0,0,0,0,0,0,,103.602,0.000,106.380,0.000,0.000,0.000,125.715,stale-before-decode,0.001,394,0.000,111.531,4.735,0.087,0.276,0.001,0.000,0.275,1,0,0,1,3,0.066,18.976,17.075,27.023,17.119,1.000,Loss,0,1,0,0.000,0,4,4,1,0.060,0.000,0.060,0,100,0,11033,10313,693,0,625
16.239,Custom_loss6_delay0-100_dup0_reorder6_burst0,Loopback,1,1,0,,,0.000,0,21,422,18.225,18.214,18.425,104.587,101.224,101.559,63.047,19.381,0.067,0.250,11055,791,10456,9665,1512,906,105,444,367,77,57,0,9667,312,104,0,0,0,0,5.000,0,0,0,0,0,0,0,0,0,0,0,0,0,0,0,0.000,0.000,0.000,,305,305,1516,0,1,34.473,209.831,35.489,210.809,0.000,0.000,300,298,5756,389,97,0,994,1598,425,1,fec-parity,pending,H.264,0,1,24,8,16,3,0,0,0,0,0,0,11825,5,0,0,0,0,0,25.803,75,105,77,72,77,0,64.273,21.330,77.900,0,0,257,26,283,0,87,7,0.417,0.583,0.908,1.000,0.074,44.000,0.000,1.000,0.000,insufficient-sample,547,4171,0,0,306,3782,994,9384,240,383,1,6,9376,predicted-useful,fec-grace,1671,0.542,106,283,0,1,0,0,0,6,6,6,6,100,1590,100,1590,0,0,0,pacing,1,0.772,8.455,116.455,0,0,6,6,0,0,0,0,3,6,6,0,3,2,2,sent,42,121,0,3,27,5,0,0,7,20,423,4,stale-age,1597,1223,64,0,1,9500000,1200000,0,0,0,11837,11837,14529027,726,893001,385,476978,0,0,0,0,0,26.173,41.020,5653.688,3223.050,609,21510,11054,4903,10456,5553,0.307,12.567,0.743,609,6094949,9394135,0.603,15.331,0.451,16.702,21510,994,304,9384,292,694,8,97,96,191,13,26,3,2,11,0,0,0,0,0,0,0,0,0,0,81,3,1,0,4,1952,1598,1598,0,0,0,0,0,,disabled,,0,0,0,0,,1,Fixed Quality,Hybrid,85,30,9500,12000,640,360,H.264,480,270,518400,0,518400,28178,0.054,0.000,,0,0,0.000,4.848,0.000,4.162,0.643,7250,6750,6750,13,13,0,1,9500,1.000,0,26.173,0.000,0,0,0.000,0.000,0,0,0,0,0.265,0.643,0.092,1,0,0,disabled,0,0,0,53,127,53,61,13,98,98,0,4,async-output-pending,0,,0,0,0.000,0.000,0,,0.000,0.000,0.000,0.000,0,0,0,,16,0,0,0.000,1,0,0.635,0.166,0.468,0.000,0.000,0.000,0.000,0,0,1,1,1,0,0,1,1,0,0,0,1.000,0.000,0.000,30,0,0.000,0,0,0,0.000,0.000,0.000,0.000,0.000,0.000,0.000,0.000,11.246,0,0,0,0,0,0,0,0,0.000,0.000,0.000,0.000,0.000,0.000,0,0.357,18.215,300,305,1516,35.808,210.927,36.690,210.927,13219.061,341,1,H.264,108.134,0,0,209.831,210.809,0.999,162.690,107.035,arrival-gap-jitter-spike,3019.945,0,1,1,1,1,16239.006,473.801,474.843,475.772,475.772,0,0,6,0,0,4,0,,,145.673,145.673,247,1,H.264,0,0,0,0,0,0,0,0,0,0,,104.824,0.000,107.604,0.000,0.000,0.000,132.293,stale-before-decode,0.001,422,0.000,112.289,4.312,0.080,0.652,0.409,0.000,0.243,1,0,0,1,3,0.067,18.225,18.214,19.381,18.425,1.000,RecoveryDeadline,0,1,0,0.000,2,2,2,1,0.060,0.000,0.060,0,100,0,11853,11078,738,0,677
17.240,Custom_loss6_delay0-100_dup0_reorder6_burst0,Loopback,1,1,0,,,0.000,0,21,449,17.773,16.159,16.017,99.553,101.251,76.752,64.026,28.521,0.066,0.257,11836,840,11188,10348,1620,974,112,474,389,85,60,0,10351,330,114,0,0,0,0,5.000,0,0,0,0,0,0,0,0,0,0,0,0,0,0,0,0.000,0.000,0.000,,322,322,1611,0,1,26.798,209.831,27.745,210.809,0.000,0.000,317,315,6163,415,107,0,1065,1710,451,1,nack-deferred-likely-arrival,pending,H.264,0,1,24,23,1,5,1,2,9,16,0,0,12599,5,0,0,0,0,0,99.534,80,112,85,80,85,0,64.694,21.422,77.900,1,0,278,28,306,0,95,7,0.417,0.583,0.908,1.000,0.069,45.000,0.250,0.750,0.000,duplicate-guard,587,4439,0,0,326,4020,1065,9984,260,413,1,6,9975,deferred-likely-arrival,likely-arrival,1787,0.417,115,306,0,1,0,0,0,6,6,6,6,109,1736,109,1736,0,0,0,pacing,1,0.725,8.519,116.519,0,0,6,6,0,0,0,0,3,6,6,0,3,2,2,sent,45,128,0,3,30,5,0,0,7,20,439,2,stale-age,1743,1311,68,0,1,9500000,1200000,0,0,0,12670,12670,15549769,779,958359,411,509370,0,0,0,0,0,14.409,41.020,4605.125,4800.000,652,23014,11834,5246,11180,5934,0.307,24.015,2.990,652,4503045,7649027,1.849,7.303,0.435,17.424,23014,1065,322,9984,313,744,8,106,105,206,14,28,2,2,12,0,0,0,0,0,0,0,0,0,0,89,3,1,0,4,2088,1710,1710,0,0,0,0,0,,disabled,,0,0,0,0,,1,Fixed Quality,Hybrid,85,30,9500,12000,640,360,H.264,480,270,518400,28178,518400,28178,0.054,0.000,,0,0,0.000,1.991,0.000,0.000,0.100,7250,6750,6750,13,13,0,1,9500,1.000,0,14.409,0.000,0,0,0.000,0.000,0,0,0,0,0.261,0.647,0.092,1,0,0,disabled,24,1,1,56,135,56,66,13,106,106,2,4,decoder-sync-observed,0,,0,0,0.080,23.729,0,,0.000,0.000,0.000,0.000,0,0,0,,17,0,0,10.857,0,453,0.099,0.000,0.000,0.099,0.000,0.072,0.010,1,1,1,1,0,1,1,0,0,0,0,0,1.000,0.000,0.000,30,0,0.000,0,0,0,0.000,0.000,0.000,0.000,0.000,0.000,0.000,1.883,26.520,0,0,0,0,0,0,0,0,0.000,0.000,0.000,0.000,0.000,0.000,0,0.349,16.159,317,322,1611,27.701,210.927,36.690,210.927,13219.061,341,1,H.264,108.134,0,0,209.831,210.809,0.999,162.690,107.035,arrival-gap-jitter-spike,4021.058,0,1,1,1,1,17240.119,473.801,474.843,475.772,475.772,0,0,6,0,0,4,0,,,145.673,145.673,247,1,H.264,0,0,0,0,0,0,0,0,0,0,,104.354,0.000,107.080,0.000,0.000,0.000,129.776,stale-before-decode,0.001,449,0.000,112.647,5.208,0.074,0.790,0.530,0.000,0.260,1,0,0,1,3,0.066,17.773,16.159,28.521,16.017,1.000,Loss,0,1,0,0.000,0,1,1,1,0.060,0.000,0.060,0,100,0,12687,11858,797,0,722
18.243,Custom_loss6_delay0-100_dup0_reorder6_burst0,Loopback,1,1,0,,,0.000,0,21,480,18.579,18.573,18.582,98.706,101.550,29.638,61.733,21.174,0.066,0.258,12651,887,11946,11059,1736,1050,129,494,406,88,63,0,11061,351,122,0,0,0,0,5.000,0,0,0,0,0,0,0,0,0,0,0,0,0,0,0,0.000,0.000,0.000,,343,343,1701,0,1,31.585,209.831,32.650,210.809,0.000,0.000,338,336,6581,439,115,0,1139,1827,481,1,nack-sent,pending,H.264,1,1,24,17,7,3,2,3,12,43,0,1,13493,0,13525,3,0,0,0,67.892,88,129,88,83,88,0,65.155,21.634,77.900,1,0,306,28,334,0,100,9,0.406,0.594,0.916,1.000,0.083,40.000,0.143,0.857,0.333,retransmit-late,618,4701,0,0,346,4268,1139,10691,271,427,1,6,10682,predicted-useful,fec-grace,1906,0.000,125,334,0,1,0,0,0,6,6,6,6,119,1912,119,1912,0,0,0,pacing,1,0.857,10.978,118.978,0,0,6,6,0,0,0,0,3,6,6,0,3,2,2,sent,45,128,0,3,30,5,0,0,7,20,439,2,stale-age,1919,1395,72,0,1,9500000,1200000,0,0,0,13538,13538,16613479,837,1029937,441,546116,0,0,0,0,0,17.432,41.020,8351.688,4800.000,695,24586,12640,5575,11946,6371,0.306,4.594,1.008,695,5221692,8149821,1.314,-3.580,0.474,7.710,24586,1139,343,10691,338,793,8,114,113,219,18,34,2,4,14,0,0,0,0,0,0,0,0,0,0,93,3,1,0,4,2227,1827,1827,0,0,0,0,0,,disabled,,0,0,0,0,,1,Fixed Quality,Hybrid,85,30,9500,12000,640,360,H.264,480,270,518400,0,518400,28178,0.054,0.000,,0,0,0.000,4.832,0.000,4.000,0.787,7250,6750,6750,13,13,0,1,9500,1.000,0,17.432,0.000,0,0,0.000,0.000,0,0,0,0,0.263,0.653,0.084,1,0,0,disabled,0,0,0,61,146,61,71,14,114,114,2,4,async-output-pending,0,,0,0,0.000,0.000,0,,0.000,0.000,0.000,0.000,0,0,0,,18,0,0,0.000,1,0,0.779,0.235,0.542,0.000,0.000,0.000,0.000,0,0,1,1,1,0,0,1,1,0,1,0,0.860,19.302,0.000,26,0,0.000,0,0,0,0.000,0.000,0.000,0.000,0.000,0.000,0.000,0.000,26.403,0,0,0,0,0,0,0,0,0.000,0.000,0.000,0.000,0.000,0.000,0,0.401,18.573,338,343,1701,32.625,210.927,36.690,210.927,13219.061,341,1,H.264,108.134,0,0,209.831,210.809,0.999,162.690,107.035,arrival-gap-jitter-spike,5023.880,0,1,1,1,1,18242.941,473.801,474.843,475.772,475.772,0,0,6,0,0,4,0,,,145.673,145.673,247,1,H.264,0,0,0,0,0,0,0,0,0,0,,104.168,0.000,106.947,0.000,0.000,0.000,129.353,stale-before-decode,0.001,480,0.000,112.675,5.300,0.085,0.309,0.001,0.000,0.309,1,0,0,1,3,0.066,18.579,18.573,21.174,18.582,1.000,Loss,0,1,0,1.000,1,1,1,1,0.060,0.000,0.060,0,100,0,13556,12675,845,0,759
19.246,Custom_loss6_delay0-100_dup0_reorder6_burst0,Loopback,1,1,0,,,0.000,0,21,507,24.323,24.321,24.523,92.106,101.729,74.047,62.503,11.111,0.066,0.253,13418,947,12677,11730,1845,1107,134,538,437,101,66,0,11732,374,127,0,0,0,0,5.000,0,0,0,0,0,0,0,0,0,0,0,0,0,0,0,0.000,0.000,0.000,,366,366,1795,0,1,28.740,209.831,30.003,210.809,0.000,0.000,361,358,6995,475,120,0,1208,1940,510,1,fec-parity,pending,H.264,1,1,22,6,16,2,0,0,0,0,0,0,14353,14,0,0,0,0,0,21.186,94,134,101,96,101,0,63.554,22.646,88.609,1,0,330,28,358,0,107,10,0.412,0.588,0.922,1.000,0.085,45.000,0.000,1.000,0.000,duplicate-guard,654,4955,0,0,366,4497,1208,11394,287,452,1,6,11385,predicted-useful,fec-grace,2026,0.682,134,358,0,1,0,0,0,6,6,6,6,127,2051,127,2051,0,0,0,pacing,1,0.811,8.455,116.455,0,0,6,6,0,0,0,0,3,6,6,0,3,2,2,sent,48,138,0,3,32,5,0,0,8,24,497,2,stale-age,2058,1478,76,1,1,9500000,1200000,0,0,0,14348,14348,17605022,891,1096539,469,580996,0,0,0,0,0,17.489,41.020,10407.688,4800.000,737,26071,13403,5906,12668,6762,0.306,7.613,4.022,737,3222831,6181297,2.305,44.409,0.489,11.289,26071,1208,365,11394,361,837,10,119,118,234,18,34,2,4,14,0,0,0,0,0,0,0,0,0,0,97,4,1,0,4,2371,1940,1940,0,0,0,0,0,,disabled,,0,0,0,0,,1,Fixed Quality,Hybrid,85,30,9500,12000,640,360,H.264,480,270,518400,26096,518400,26096,0.050,0.000,,0,0,0.000,1.803,0.000,0.000,0.087,6250,6250,6250,14,14,0,1,9500,0.880,1,17.489,0.000,0,0,0.000,0.000,0,0,0,0,0.263,0.659,0.078,1,0,0,latency-pressure-freshness-hold,22,1,1,64,153,64,75,14,122,122,2,4,decoder-sync-observed,0,,0,0,20.264,21.976,0,,0.000,0.000,0.000,0.000,0,0,0,,19,0,0,5.906,0,510,0.087,0.000,0.000,0.087,0.000,0.065,0.007,1,1,1,1,0,1,1,0,0,0,1,0,0.860,74.959,0.000,26,0,0.000,0,0,0,0.000,0.000,0.000,0.000,0.000,0.000,0.000,1.709,10.010,0,0,0,0,0,0,0,0,0.000,0.000,0.000,0.000,0.000,0.000,0,0.340,24.321,361,366,1795,29.064,210.927,36.690,210.927,13219.061,341,1,H.264,108.134,0,0,209.831,210.809,0.999,162.690,107.035,arrival-gap-jitter-spike,6027.384,0,1,1,1,1,19246.445,473.801,474.843,475.772,475.772,0,0,7,0,0,5,1,latency-pressure freshness,latency-over-80ms,129.229,145.673,502,1,decoded,0,0,0,0,0,0,0,0,0,0,,107.229,0.000,109.469,0.000,0.000,0.000,126.053,stale-before-upload,0.000,507,0.000,114.122,5.241,0.073,0.973,0.729,0.000,0.244,1,0,0,1,3,0.066,24.323,24.321,11.111,24.523,1.000,Loss,0,1,0,0.000,0,1,1,1,0.060,0.000,0.060,0,100,0,14367,13439,893,0,804
20.246,Custom_loss6_delay0-100_dup0_reorder6_burst0,Loopback,1,1,0,,,0.000,0,21,534,17.896,14.322,14.201,99.248,101.776,41.809,61.285,27.957,0.066,0.256,14120,993,13324,12331,1953,1173,142,564,459,105,74,0,12333,393,135,0,0,0,0,5.000,0,0,0,0,0,0,0,0,0,0,0,0,0,0,0,0.000,0.000,0.000,,384,384,1891,0,1,26.864,209.831,27.922,210.809,0.000,0.000,378,375,7397,498,127,0,1272,2055,536,1,fec-parity,pending,H.264,1,1,22,4,18,1,0,1,0,18,0,0,15109,21,0,0,0,0,0,29.640,102,142,105,100,105,0,62.341,23.363,90.585,1,0,350,31,381,0,114,11,0.418,0.582,0.919,1.000,0.088,40.000,0.000,1.000,0.500,retransmit-late,692,5202,0,0,385,4715,1272,11955,306,481,1,6,11945,predicted-useful,likely-arrival,2134,0.818,144,381,0,1,0,0,0,8,8,8,8,135,2171,135,2171,0,0,0,pacing,1,0.814,11.268,119.268,0,0,8,8,0,0,0,0,5,9,9,0,522,2,2,sent,52,144,0,3,34,5,0,0,10,27,522,2,selected-repair,2180,1555,80,1,1,9500000,1200000,9,0,9,15127,15118,18556232,942,1159727,492,609648,0,0,0,0,0,0.293,41.020,900.125,3071.700,776,27418,14099,6243,13319,7076,0.307,48.022,0.122,776,3944174,6693043,0.841,29.080,0.559,8.222,27418,1272,384,11955,384,878,10,126,125,245,19,35,1,5,14,0,0,0,0,0,0,0,0,0,0,103,4,1,0,4,2510,2055,2055,0,0,0,0,0,,disabled,,0,0,0,0,,1,Fixed Quality,Hybrid,85,30,9500,12000,640,360,H.264,480,270,518400,26096,518400,26096,0.050,0.000,,0,0,0.000,1.831,0.000,0.000,0.070,6000,6250,6250,14,14,0,1,9500,0.820,1,4.170,0.000,0,0,0.000,0.000,0,0,0,0,0.268,0.651,0.081,1,0,0,latency-pressure-freshness-hold,22,1,1,68,161,68,79,14,130,130,2,4,decoder-sync-observed,0,,0,0,0.104,21.976,0,,0.000,0.000,0.000,0.000,0,0,0,,20,0,0,3.228,0,537,0.069,0.000,0.000,0.069,0.000,0.048,0.006,1,1,1,1,0,1,1,0,0,0,0,0,1.000,0.000,0.000,27,0,0.000,0,0,0,0.000,0.000,0.000,0.000,0.000,0.000,0.000,1.754,7.295,0,0,0,0,0,0,0,0,0.000,0.000,0.000,0.000,0.000,0.000,0,0.353,14.322,378,384,1891,27.860,210.927,36.690,210.927,13219.061,341,1,H.264,108.134,0,0,209.831,210.809,0.999,162.690,107.035,arrival-gap-jitter-spike,7027.557,0,1,1,1,1,20246.618,473.801,474.843,475.772,475.772,0,0,8,0,0,6,1,latency-pressure freshness,latency-over-80ms,150.392,150.392,523,1,H.264,0,0,0,0,0,0,0,0,0,0,,103.178,0.000,103.607,0.000,0.000,0.000,129.624,stale-before-decode,0.000,534,0.000,109.711,5.764,0.075,0.768,0.496,0.000,0.272,1,0,0,1,3,0.066,17.896,14.322,27.957,14.201,1.000,RecoveryDeadline,0,1,0,0.000,0,2,2,1,0.060,0.000,0.060,0,100,0,15138,14144,941,0,861
21.253,Custom_loss6_delay0-100_dup0_reorder6_burst0,Loopback,1,1,0,,,0.000,0,21,559,22.215,22.217,22.185,114.247,101.554,83.426,62.515,10.537,0.066,0.253,14799,1038,13955,12917,2050,1226,147,599,484,115,78,0,12919,413,140,0,0,0,0,5.000,0,0,0,0,0,0,0,0,0,0,0,0,0,0,0,0.000,0.000,0.000,,404,404,1988,0,1,54.661,209.831,55.552,210.809,0.000,0.000,398,395,7758,528,132,0,1333,2158,563,1,fec-parity,pending,H.264,1,1,22,1,21,1,0,0,0,0,0,0,15828,15,0,0,0,0,0,6.611,106,147,115,110,115,0,62.412,23.589,90.585,1,0,369,33,402,0,118,11,0.419,0.581,0.918,1.000,0.085,45.000,0.000,1.000,0.000,duplicate-guard,720,5430,0,0,402,4927,1333,12489,317,497,1,6,12479,predicted-useful,fec-grace,2237,0.500,151,402,0,1,0,0,0,8,8,8,8,142,2256,142,2256,0,0,0,pacing,1,0.694,11.680,119.680,0,0,8,8,0,0,0,0,5,9,9,0,522,2,2,sent,57,156,0,3,39,5,0,0,10,27,552,2,stale-age,2265,1631,83,0,1,9500000,1200000,1,0,1,15820,15819,19421856,991,1220425,516,639544,0,0,0,0,0,7.597,41.020,22.188,4800.000,813,28724,14792,6496,13932,7436,0.305,3.339,2.834,813,3571839,6147063,1.416,31.587,0.419,13.521,28724,1333,404,12489,407,916,10,131,130,256,19,35,1,5,14,0,0,0,0,0,0,0,0,0,0,108,4,1,0,4,2635,2158,2158,0,0,0,0,0,,disabled,,0,0,0,0,,1,Fixed Quality,Hybrid,85,30,9500,12000,640,360,H.264,480,270,518400,26096,518400,26096,0.050,0.000,,0,0,0.000,1.948,0.000,0.000,0.259,6750,6250,6250,14,14,0,1,9500,0.953,1,9.377,0.000,0,0,0.000,0.000,0,0,0,0,0.264,0.654,0.082,1,0,0,fixed-pacing-queue-hold,22,1,1,72,174,72,86,16,137,137,1,4,decoder-sync-observed,0,,0,0,14.874,21.976,0,,0.000,0.000,0.000,0.000,0,0,0,,21,0,0,6.837,0,563,0.258,0.000,0.000,0.258,0.000,0.157,0.037,1,1,1,1,0,1,1,0,0,0,1,0,0.860,143.611,0.000,24,0,0.000,0,0,0,0.000,0.000,0.000,0.000,0.000,0.000,0.000,1.657,10.594,0,0,0,0,0,0,0,0,0.000,0.000,0.000,0.000,0.000,0.000,0,0.454,22.217,398,404,1988,55.700,210.927,36.690,210.927,13219.061,341,1,H.264,108.134,0,0,209.831,210.809,0.999,162.690,107.035,arrival-gap-jitter-spike,8034.058,0,1,1,1,1,21253.119,473.801,474.843,475.772,475.772,0,0,8,0,0,6,0,,,150.392,150.392,523,1,H.264,0,0,0,0,0,0,0,0,0,0,,102.000,0.000,104.559,0.000,0.000,0.000,137.124,stale-before-decode,0.001,559,0.000,110.464,5.440,0.085,0.829,0.573,0.000,0.256,1,0,0,1,3,0.065,22.215,22.217,10.537,22.185,1.000,Loss,0,1,0,1.000,1,1,1,1,0.060,0.000,0.060,0,100,0,15840,14824,984,0,902
22.254,Custom_loss6_delay0-100_dup0_reorder6_burst0,Loopback,1,1,0,,,0.000,0,21,586,19.733,19.733,19.742,95.451,101.700,104.067,64.702,18.547,0.065,0.253,15511,1077,14609,13532,2150,1293,151,626,505,121,80,0,13534,431,146,0,0,0,0,5.000,0,0,0,0,0,0,0,0,0,0,0,0,0,0,0,0.000,0.000,0.000,,422,422,2087,0,1,31.074,209.831,32.129,210.809,0.000,0.000,416,413,8132,552,138,0,1394,2263,587,1,nack-deferred-likely-arrival,pending,H.264,0,1,23,22,1,4,2,2,7,16,0,0,16504,10,0,0,0,0,0,104.460,110,151,121,116,121,0,62.356,23.759,92.167,1,0,383,33,416,0,126,11,0.421,0.579,0.921,1.000,0.080,45.000,0.143,0.857,0.000,duplicate-guard,758,5648,0,0,421,5118,1394,13013,336,524,1,6,13002,deferred-likely-arrival,likely-arrival,2342,0.348,156,416,0,1,0,0,0,8,8,8,8,146,2318,146,2318,0,0,0,pacing,1,0.772,13.514,121.514,0,0,8,8,0,0,0,0,6,11,11,0,564,2,2,sent,58,158,0,3,39,5,0,0,11,29,564,2,selected-repair,2327,1709,87,0,1,9500000,1200000,10,0,10,16588,16578,20355926,1034,1273501,542,671928,0,0,0,0,0,0.559,41.020,989.188,4800.000,851,30102,15502,6794,14600,7806,0.305,15.702,0.054,851,6156394,9417680,1.019,29.398,0.442,16.489,30102,1394,422,13013,425,959,10,137,136,263,20,36,1,6,14,0,0,0,0,0,0,0,0,0,0,113,4,1,0,4,2767,2263,2263,0,0,0,0,0,,disabled,,0,0,0,0,,1,Fixed Quality,Hybrid,85,30,9500,12000,640,360,H.264,480,270,518400,27138,518400,27138,0.052,0.000,,0,0,0.000,2.063,0.000,0.000,0.077,7250,6500,6500,15,15,0,1,9500,1.000,0,14.097,0.000,0,0,0.000,0.000,0,0,0,0,0.264,0.656,0.079,1,0,0,disabled,23,1,1,76,183,76,91,16,143,143,1,4,decoder-sync-observed,0,,0,0,15.869,22.853,0,,0.000,0.000,0.000,0.000,0,0,0,,22,0,0,5.998,0,590,0.077,0.000,0.000,0.077,0.000,0.046,0.016,1,1,1,1,0,1,1,0,0,0,1,0,0.860,74.059,0.000,26,0,0.000,0,0,0,0.000,0.000,0.000,0.000,0.000,0.000,0.000,1.952,10.009,0,0,0,0,0,0,0,0,0.000,0.000,0.000,0.000,0.000,0.000,0,0.320,19.733,416,422,2087,32.097,210.927,36.690,210.927,13219.061,341,1,H.264,108.134,0,0,209.831,210.809,0.999,162.690,107.035,arrival-gap-jitter-spike,9034.820,0,1,1,1,1,22253.881,473.801,474.843,475.772,475.772,0,0,8,0,0,6,0,,,150.392,150.392,523,1,H.264,0,0,0,0,0,0,0,0,0,0,,102.579,0.000,105.324,0.000,0.000,0.000,127.725,stale-before-decode,0.001,586,0.000,110.712,5.059,0.078,0.589,0.327,0.000,0.263,1,0,0,1,3,0.065,19.733,19.733,18.547,19.742,1.000,RecoveryDeadline,0,1,0,0.000,2,1,1,1,0.060,0.000,0.060,0,100,0,16600,15538,1020,0,948
23.260,Custom_loss6_delay0-100_dup0_reorder6_burst0,Loopback,1,1,0,,,0.000,0,21,610,14.413,14.417,14.559,104.647,101.540,152.380,69.086,32.245,0.065,0.258,16115,1127,15176,14049,2220,1330,156,648,524,124,86,0,14051,446,155,0,0,0,0,5.000,0,0,0,0,0,0,0,0,0,0,0,0,0,0,0,0.000,0.000,0.000,,437,437,2181,0,1,81.835,209.831,82.930,210.809,0.000,0.000,431,428,8458,570,147,0,1448,2347,612,1,fec-parity,pending,H.264,0,1,22,21,1,4,3,2,4,8,0,0,17162,3,0,0,0,0,0,98.008,116,156,124,117,124,0,61.924,24.233,92.167,1,0,397,35,432,0,132,13,0.426,0.574,0.919,1.000,0.090,38.000,0.333,0.667,0.333,retransmit-late,797,5877,0,0,439,5314,1448,13505,357,557,1,6,13494,predicted-useful,likely-arrival,2431,0.364,161,432,0,1,0,0,0,8,8,8,8,150,2376,150,2376,0,0,0,pacing,1,0.784,13.314,121.314,0,0,8,8,0,0,0,0,6,11,11,0,564,2,2,sent,63,172,0,3,41,7,0,0,12,33,601,2,retransmit-budget-exhausted,2385,1778,90,0,1,9500000,1200000,0,0,0,17220,17220,21144369,1056,1299979,547,678156,0,0,0,0,0,12.868,41.020,5054.438,4800.000,885,31279,16103,7050,15176,8126,0.304,36.464,0.000,885,3777907,6266183,1.996,33.181,0.509,23.796,31279,1448,437,13505,442,996,10,146,144,279,22,40,2,6,16,0,0,0,0,0,0,0,0,0,0,119,5,1,0,4,2878,2347,2347,0,0,0,0,0,,disabled,,0,0,0,0,,1,Fixed Quality,Hybrid,85,30,9500,12000,640,360,H.264,480,270,518400,26096,518400,26096,0.050,0.000,,0,0,0.000,1.886,0.000,0.000,0.074,6000,6250,6250,17,17,0,1,9500,0.822,1,12.868,0.000,0,0,0.000,0.000,0,0,0,0,0.269,0.650,0.081,1,0,0,fixed-pacing-queue-hold,22,0,0,79,190,79,93,18,148,148,0,4,large-au-observed,0,,0,0,17.038,21.976,0,,0.000,0.000,0.000,0.000,0,0,0,,23,0,0,5.070,0,614,0.074,0.000,0.000,0.074,0.000,0.050,0.007,1,1,1,1,0,1,1,0,0,0,0,0,1.000,0.000,0.000,24,0,0.000,0,0,0,0.000,0.000,0.000,0.000,0.000,0.000,0.000,1.804,9.701,0,0,0,0,0,0,0,0,0.000,0.000,0.000,0.000,0.000,0.000,0,0.382,14.417,431,437,2181,82.801,210.927,36.690,210.927,13219.061,341,1,H.264,108.134,0,0,209.831,210.809,0.999,162.690,107.035,arrival-gap-jitter-spike,10041.480,0,1,1,1,1,23260.541,473.801,474.843,475.772,475.772,0,0,8,0,0,6,0,,,150.392,150.392,523,1,H.264,0,0,0,0,0,0,0,0,0,0,,99.559,0.000,102.148,0.000,0.000,0.000,132.323,stale-before-decode,0.001,610,0.000,107.608,5.067,0.074,0.816,0.497,0.000,0.319,1,0,0,1,3,0.065,14.413,14.417,32.245,14.559,1.000,RecoveryDeadline,0,1,0,0.000,0,1,1,1,0.060,0.000,0.060,0,100,0,17243,16144,1071,0,983
24.267,Custom_loss6_delay0-100_dup0_reorder6_burst0,Loopback,1,1,0,,,0.000,0,21,636,15.929,15.923,15.948,98.149,101.580,96.020,70.369,24.537,0.066,0.258,16759,1186,15790,14604,2318,1390,166,671,543,128,91,0,14606,464,161,0,0,0,0,5.000,0,0,0,0,0,0,0,0,0,0,0,0,0,0,0,0.000,0.000,0.000,,455,455,2278,0,1,30.255,209.831,31.583,210.809,0.000,0.000,449,446,8818,592,153,0,1505,2450,639,1,fec-parity,pending,H.264,0,1,23,3,20,2,0,0,0,0,0,0,17935,18,0,0,0,0,0,14.161,120,166,128,121,128,0,62.018,24.067,92.167,1,0,415,35,450,0,134,13,0.420,0.580,0.922,1.000,0.088,45.000,0.111,0.889,0.000,duplicate-guard,826,6108,0,0,456,5525,1505,14038,369,577,1,6,14027,predicted-useful,fec-grace,2528,0.348,167,450,0,1,0,0,0,8,8,8,8,156,2463,156,2463,0,0,0,pacing,1,0.758,12.267,120.267,0,0,8,8,0,0,0,0,6,11,11,0,564,2,2,sent,66,178,0,3,44,7,0,0,12,33,630,1,stale-age,2472,1848,94,0,1,9500000,1200000,0,0,0,17922,17922,22009849,1103,1358287,571,708052,0,0,0,0,0,14.184,41.020,408.938,4800.000,922,32547,16757,7309,15790,8481,0.304,3.028,1.169,922,6256842,9037946,0.865,15.273,0.531,15.796,32547,1505,455,14038,460,1035,10,152,150,291,23,41,1,7,16,0,0,0,0,0,0,0,0,0,0,124,5,1,0,4,3007,2450,2450,0,0,0,0,0,,disabled,,0,0,0,0,,1,Fixed Quality,Hybrid,85,30,9500,12000,640,360,H.264,480,270,518400,0,518400,27138,0.052,0.000,,0,0,0.000,5.230,0.000,4.393,0.815,7250,6500,6500,18,18,0,1,9500,1.000,0,14.184,0.000,0,0,0.000,0.000,0,0,0,0,0.267,0.656,0.078,1,0,0,disabled,0,0,0,83,199,83,98,18,154,154,0,4,async-output-pending,0,,0,0,0.000,0.000,0,,14.184,408.938,39583.333,0.000,0,0,0,,24,0,0,0.000,1,0,0.803,0.154,0.648,0.000,0.000,0.000,0.000,0,0,1,1,1,0,0,1,1,0,0,0,1.000,0.000,0.000,30,0,0.000,0,0,0,0.000,0.000,0.000,0.000,0.000,0.000,0.000,0.000,25.513,0,0,0,0,0,0,0,0,0.000,0.000,0.000,0.000,0.000,0.000,0,0.422,15.923,449,455,2279,31.251,210.927,36.690,210.927,13219.061,341,1,H.264,108.134,0,0,209.831,210.809,0.999,162.690,107.035,arrival-gap-jitter-spike,11048.308,0,1,1,1,1,24267.369,473.801,474.843,475.772,475.772,0,0,8,0,0,6,0,,,150.392,150.392,523,1,H.264,0,0,0,0,0,0,0,0,0,0,,103.885,0.000,106.528,0.000,0.000,0.000,129.075,stale-before-decode,0.001,636,0.000,111.435,4.472,0.077,0.833,0.532,0.000,0.301,1,0,0,1,3,0.066,15.929,15.923,24.537,15.948,1.000,Loss,0,1,0,0.333,3,1,1,1,0.060,0.000,0.060,0,100,0,17946,16791,1115,0,1021
25.267,Custom_loss6_delay0-100_dup0_reorder6_burst0,Loopback,1,1,0,,,0.000,0,21,664,21.151,21.153,21.108,105.819,101.506,88.364,71.187,5.820,0.065,0.257,17558,1212,16507,15295,2427,1459,171,702,569,133,95,0,15297,485,168,0,0,0,0,5.000,0,0,0,0,0,0,0,0,0,0,0,0,0,0,0,0.000,0.000,0.000,,476,476,2369,0,1,40.354,209.831,41.460,210.809,0.000,0.000,470,467,9231,618,160,0,1578,2568,667,1,nack-sent,pending,H.264,0,1,24,4,20,0,0,1,0,20,0,0,18767,8,0,0,0,0,0,38.552,127,171,133,126,133,0,61.281,24.463,92.167,1,0,432,36,468,0,137,15,0.426,0.574,0.923,1.000,0.099,35.000,0.000,1.000,1.000,retransmit-late,861,6409,0,0,478,5810,1578,14786,382,593,1,6,14775,predicted-useful,fec-grace,2648,0.375,176,468,0,3,0,0,0,9,9,9,9,164,2600,164,2600,0,0,0,pacing,1,0.848,11.277,119.277,0,0,9,9,0,0,0,0,7,13,13,0,657,2,2,sent,68,182,0,3,45,7,0,0,13,35,657,2,selected-repair,2612,1934,98,0,1,9500000,1200000,4,0,4,18794,18790,23075749,1150,1416339,595,737948,0,0,0,0,0,7.250,41.020,894.500,4800.000,967,34046,17539,7641,16507,8866,0.303,17.657,3.979,967,4596256,7722167,2.861,10.687,0.488,23.622,34046,1578,476,14786,481,1087,10,159,157,303,25,48,4,7,18,0,0,0,0,0,0,0,0,0,0,129,5,1,0,4,3149,2568,2568,0,0,0,0,0,,disabled,,0,0,0,0,,1,Fixed Quality,Hybrid,85,30,9500,12000,640,360,H.264,480,270,518400,28178,518400,28178,0.054,0.000,,0,0,0.000,2.311,0.000,0.000,0.082,7250,6750,6750,19,19,0,1,9500,1.000,0,14.301,0.000,0,0,0.000,0.000,0,0,0,0,0.271,0.652,0.077,1,0,0,disabled,24,0,0,87,209,87,102,20,161,161,0,4,large-au-observed,0,,0,0,18.092,23.729,0,,0.000,0.000,0.000,0.000,0,0,0,,25,0,0,7.025,0,668,0.082,0.000,0.000,0.082,0.000,0.055,0.010,1,1,1,1,0,1,1,0,0,0,1,0,0.860,144.296,0.000,26,0,0.000,0,0,0,0.000,0.000,0.000,0.000,0.000,0.000,0.000,2.221,11.084,0,0,0,0,0,0,0,0,0.000,0.000,0.000,0.000,0.000,0.000,0,0.362,21.153,470,476,2369,41.387,210.927,36.690,210.927,13219.061,341,1,H.264,108.134,0,0,209.831,210.809,0.999,162.690,107.035,arrival-gap-jitter-spike,12048.701,0,1,1,1,1,25267.762,473.801,474.843,475.772,475.772,0,0,8,0,0,6,0,,,150.392,150.392,523,1,H.264,0,0,0,0,0,0,0,0,0,0,,104.826,0.000,107.495,0.000,0.000,0.000,132.910,stale-before-decode,0.000,664,0.000,113.843,5.972,0.074,0.669,0.452,0.000,0.217,1,0,0,1,3,0.065,21.151,21.153,5.820,21.108,1.000,Loss,0,1,0,1.000,1,1,1,1,0.060,0.000,0.060,0,100,0,18815,17593,1168,0,1070
26.268,Custom_loss6_delay0-100_dup0_reorder6_burst0,Loopback,1,1,0,,,0.000,0,21,693,21.408,21.392,21.395,101.886,101.617,8.369,68.456,11.753,0.065,0.258,18371,1274,17268,15994,2529,1514,178,737,598,139,100,0,15996,506,176,0,0,0,0,5.000,0,0,0,0,0,0,0,0,0,0,0,0,0,0,0,0.000,0.000,0.000,,497,497,2466,0,1,33.929,209.831,34.958,210.809,0.000,0.000,491,488,9630,645,168,0,1653,2676,695,1,fec-parity,pending,H.264,0,1,24,4,20,1,0,0,0,0,0,0,19631,11,0,0,0,0,0,28.910,132,178,139,132,139,0,61.752,23.969,92.167,1,0,450,38,488,0,143,15,0.426,0.574,0.922,1.000,0.095,44.000,0.167,0.833,0.000,duplicate-guard,891,6729,0,0,500,6118,1653,15545,390,605,1,6,15534,predicted-useful,fec-grace,2772,0.000,182,488,0,3,0,0,0,9,9,9,9,170,2700,170,2700,0,0,0,pacing,1,0.836,9.270,117.270,0,0,9,9,0,0,0,0,7,13,13,0,657,2,2,sent,68,182,0,3,45,7,0,0,13,35,657,2,selected-repair,2712,2028,102,0,1,9500000,1200000,0,0,0,19624,19624,24097769,1200,1477965,627,777182,0,0,0,0,0,18.472,41.020,9317.125,4800.000,1012,35622,18359,8015,17263,9248,0.304,27.118,2.258,1012,5205077,8417986,1.083,-7.449,0.495,12.130,35622,1653,497,15545,499,1144,10,167,165,318,25,48,4,7,18,0,0,0,0,0,0,0,0,0,0,137,5,1,0,4,3288,2676,2676,0,0,0,0,0,,disabled,,0,0,0,0,,1,Fixed Quality,Hybrid,85,30,9500,12000,640,360,H.264,480,270,518400,0,518400,28178,0.054,0.000,,0,0,0.000,4.759,0.000,4.075,0.663,7250,6750,6750,19,19,0,1,9500,1.000,0,18.472,0.000,0,0,0.000,0.000,0,0,0,0,0.270,0.652,0.078,1,0,0,disabled,0,0,0,91,217,91,106,20,167,167,0,4,async-output-pending,0,,0,0,0.000,0.000,0,,18.472,9317.125,39583.333,0.000,0,0,0,,26,0,0,0.000,1,0,0.653,0.160,0.492,0.000,0.000,0.000,0.000,0,0,1,1,1,0,0,1,1,0,0,0,1.000,0.000,0.000,30,0,0.000,0,0,0,0.000,0.000,0.000,0.000,0.000,0.000,0.000,0.000,30.604,0,0,0,0,0,0,0,0,0.000,0.000,0.000,0.000,0.000,0.000,0,0.354,21.392,491,497,2466,34.949,210.927,36.690,210.927,13219.061,341,1,H.264,108.134,0,0,209.831,210.809,0.999,162.690,107.035,arrival-gap-jitter-spike,13049.188,0,1,1,1,1,26268.249,473.801,474.843,475.772,475.772,0,0,8,0,0,6,0,,,150.392,150.392,523,1,H.264,0,0,0,0,0,0,0,0,0,0,,102.669,0.000,105.467,0.000,0.000,0.000,130.943,stale-before-decode,0.001,693,0.000,110.406,4.576,0.076,0.774,0.523,0.000,0.250,1,0,0,1,3,0.065,21.408,21.392,11.753,21.395,1.000,Loss,0,1,0,0.000,0,1,1,1,0.060,0.000,0.060,0,100,0,19650,18405,1214,0,1120
27.274,Custom_loss6_delay0-100_dup0_reorder6_burst0,Loopback,1,1,0,,,0.000,0,21,719,23.615,22.687,22.858,92.579,101.638,22.750,66.551,11.715,0.064,0.258,19005,1300,17848,16548,2622,1572,187,761,619,142,102,0,16550,524,182,0,0,0,0,5.000,0,0,0,0,0,0,0,0,0,0,0,0,0,0,0,0.000,0.000,0.000,,515,515,2561,0,1,29.666,252.084,30.630,253.106,0.000,0.000,508,505,9973,666,174,0,1707,2771,720,1,fec-recovered,pending,H.264,0,1,22,18,4,4,3,2,5,22,0,0,20265,13,0,0,0,0,0,81.433,137,187,142,135,142,0,62.070,23.778,92.167,1,0,467,41,508,0,146,15,0.423,0.577,0.919,1.000,0.093,45.000,0.000,1.000,0.000,duplicate-guard,927,6978,0,0,519,6338,1707,16033,407,634,1,6,16021,predicted-useful,likely-arrival,2865,0.727,190,508,0,3,0,0,0,12,12,12,12,178,2836,178,2836,0,0,0,pacing,1,0.888,9.637,117.637,0,0,12,12,0,0,0,0,7,13,13,0,657,2,2,sent,70,187,0,3,47,7,0,0,13,35,711,2,stale-age,2851,2091,106,0,1,9500000,1200000,9,0,9,20312,20303,24932776,1248,1537421,655,812062,0,0,0,0,0,0.480,41.020,1115.062,4632.900,1047,36833,18988,8271,17845,9574,0.303,15.372,0.102,1047,4352409,7246292,0.462,14.381,0.486,17.969,36833,1707,514,16033,513,1183,11,173,171,328,26,49,1,8,18,0,0,0,0,0,0,0,0,0,0,142,5,1,0,4,3405,2771,2771,0,0,0,0,0,,disabled,,0,0,0,0,,1,Fixed Quality,Hybrid,85,30,9500,12000,640,360,H.264,480,270,518400,26096,518400,26096,0.050,0.000,,0,0,0.000,2.192,0.000,0.000,0.124,6000,6250,6250,20,20,0,1,9500,0.820,1,10.482,0.000,0,0,0.000,0.000,0,0,0,0,0.270,0.650,0.081,1,0,0,latency-pressure-freshness-hold,22,0,0,95,226,95,109,22,172,172,0,4,large-au-observed,0,,0,0,0.740,21.976,0,,0.000,0.000,0.000,0.000,0,0,0,,27,0,0,15.405,0,722,0.123,0.000,0.000,0.123,0.000,0.093,0.008,1,1,1,1,0,1,1,0,0,0,1,0,0.860,68.145,0.000,26,0,0.000,0,0,0,0.000,0.000,0.000,0.000,0.000,0.000,0.000,2.057,19.291,0,0,0,0,0,0,0,0,0.000,0.000,0.000,0.000,0.000,0.000,0,0.433,22.687,508,515,2561,30.910,253.435,36.690,253.435,26507.769,698,1,H.264,171.728,0,0,252.084,253.106,0.999,206.395,170.375,arrival-gap-jitter-spike,766.305,0,1,1,1,1,27274.074,473.801,474.843,475.772,475.772,0,0,9,0,0,7,1,latency-pressure freshness,latency-over-80ms,171.728,171.728,698,1,H.264,0,0,0,0,0,0,0,0,0,0,,100.577,0.000,103.021,0.000,0.000,0.000,126.290,stale-before-decode,0.001,719,0.000,109.404,5.940,0.107,0.413,0.001,0.000,0.412,1,0,0,1,3,0.064,23.615,22.687,11.715,22.858,1.000,Jitter,1,1,0,1.000,0,1,1,1,0.060,0.000,0.060,0,100,0,20330,19038,1251,0,1164
28.281,Custom_loss6_delay0-100_dup0_reorder6_burst0,Loopback,1,1,0,,,0.000,0,21,745,17.787,17.783,17.768,99.011,101.643,55.899,66.125,7.147,0.065,0.260,19694,1371,18516,17145,2719,1637,199,776,630,146,107,0,17147,542,190,0,0,0,0,5.000,0,0,0,0,0,0,0,0,0,0,0,0,0,0,0,0.000,0.000,0.000,,533,533,2660,0,1,62.405,252.084,63.368,253.106,0.000,0.000,526,523,10339,688,182,0,1770,2875,746,1,nack-sent,pending,H.264,0,1,23,10,13,0,0,2,5,31,0,0,21022,11,0,0,0,0,0,62.575,142,199,146,139,146,0,62.181,23.609,92.167,1,0,488,40,528,0,153,16,0.416,0.584,0.924,1.000,0.095,39.000,0.333,0.667,0.250,retransmit-late,954,7207,0,0,538,6559,1770,16592,415,642,1,6,16580,predicted-useful,likely-arrival,2967,0.478,198,528,0,3,0,0,0,13,13,13,13,186,2955,186,2955,0,0,0,pacing,1,0.813,10.674,118.674,0,0,13,13,0,0,0,0,7,13,13,0,657,2,2,sent,73,192,0,3,50,7,0,0,13,35,738,1,stale-age,2971,2165,110,0,1,9500000,1200000,0,0,0,21041,21041,25843002,1296,1596877,678,840714,0,0,0,0,0,17.993,41.020,9865.188,4800.000,1084,38179,19672,8575,18507,9932,0.304,23.777,5.610,1084,4914835,8034529,1.981,18.135,0.520,19.212,38179,1770,532,16592,532,1227,11,181,179,343,28,52,1,9,19,0,0,0,0,0,0,0,0,0,0,148,5,1,0,4,3530,2875,2875,0,0,0,0,0,,disabled,,0,0,0,0,,1,Fixed Quality,Hybrid,85,30,9500,12000,640,360,H.264,480,270,518400,0,518400,27136,0.052,0.000,,0,0,0.000,0.029,0.000,0.000,0.006,7250,6500,6500,21,21,0,1,9500,1.000,0,17.993,0.000,0,0,0.000,0.000,0,0,0,0,0.269,0.655,0.076,1,0,0,disabled,0,0,0,99,234,99,113,22,178,178,0,4,async-output-pending,0,,0,0,0.000,0.000,0,,0.000,0.000,0.000,0.000,0,0,0,,28,0,0,0.000,1,0,0.000,0.000,0.000,0.000,0.000,0.000,0.000,0,0,0,0,0,0,0,0,1,1,1,1,0.860,180.000,1.500,26,0,0.000,0,0,0,0.000,0.000,0.000,0.000,0.000,0.000,0.000,0.000,7.421,0,0,0,0,0,0,0,0,0.000,0.000,0.000,0.000,0.000,0.000,0,0.293,17.783,526,533,2661,63.599,253.435,36.690,253.435,26507.769,698,1,H.264,171.728,0,0,252.084,253.106,0.999,206.395,170.375,arrival-gap-jitter-spike,1773.718,0,1,1,1,1,28281.487,473.801,474.843,475.772,475.772,0,0,9,0,0,7,0,,,171.728,171.728,698,1,H.264,0,0,0,0,0,0,0,0,0,0,,102.733,0.000,105.441,0.000,0.000,0.000,129.505,stale-before-decode,0.001,745,0.000,111.692,5.948,0.080,0.642,0.395,0.000,0.246,1,0,0,1,3,0.065,17.787,17.783,7.147,17.768,1.000,RecoveryDeadline,0,1,0,0.000,0,1,1,1,0.060,0.000,0.060,0,100,0,21069,19731,1306,0,1207
29.282,Custom_loss6_delay0-100_dup0_reorder6_burst0,Loopback,1,1,0,,,0.000,0,21,773,16.742,16.753,16.631,84.800,101.617,8.788,63.920,31.803,0.065,0.262,20439,1425,19229,17804,2814,1697,204,804,652,152,109,0,17806,560,199,0,0,0,0,5.000,0,0,0,0,0,0,0,0,0,0,0,0,0,0,0,0.000,0.000,0.000,,551,551,2756,0,1,26.898,252.084,27.927,253.106,0.000,0.000,544,541,10736,712,191,0,1836,2991,774,1,fec-recovered,pending,H.264,0,1,24,15,9,3,2,0,0,0,0,0,21831,12,0,0,0,0,0,50.026,146,204,152,145,152,0,62.406,23.339,92.167,1,0,503,41,544,0,155,17,0.417,0.583,0.925,1.000,0.099,37.000,0.333,0.667,0.500,retransmit-late,990,7527,0,0,559,6857,1836,17225,430,664,1,6,17212,predicted-useful,fec-grace,3075,0.000,204,544,0,3,0,0,0,13,13,13,13,192,3050,192,3050,0,0,0,pacing,1,0.812,8.577,116.577,0,0,13,13,0,0,0,0,7,13,13,0,657,2,2,sent,75,199,0,3,52,7,0,0,13,35,764,4,stale-age,3066,2246,114,0,1,9500000,1200000,0,0,0,21850,21850,26836846,1341,1652441,702,870610,0,0,0,0,0,16.783,41.020,7695.812,4800.000,1124,39646,20434,8858,19212,10354,0.302,1.542,1.189,1124,6327796,9558693,1.152,5.085,0.364,15.283,39646,1836,550,17225,550,1275,11,190,188,357,30,57,2,9,21,0,0,0,0,0,0,0,0,0,0,155,5,1,0,4,3667,2991,2991,0,0,0,0,0,,disabled,,0,0,0,0,,1,Fixed Quality,Hybrid,85,30,9500,12000,640,360,H.264,480,270,518400,28176,518400,28176,0.054,0.000,,0,0,0.000,2.881,0.000,0.000,0.517,7250,6750,6750,22,22,0,1,9500,1.000,0,16.783,0.000,0,0,0.000,0.000,0,0,0,0,0.268,0.656,0.075,1,0,0,disabled,24,0,0,103,243,103,118,22,184,184,0,4,large-au-observed,0,,0,0,14.264,23.727,0,,0.000,0.000,0.000,0.000,0,0,0,,29,0,0,6.859,0,775,0.517,0.000,0.000,0.517,0.000,0.246,0.015,1,1,1,1,0,1,1,0,0,0,1,0,0.860,137.273,0.000,26,0,0.000,0,0,0,0.000,0.000,0.000,0.000,0.000,0.000,0.000,2.353,20.551,0,0,0,0,0,0,0,0,0.000,0.000,0.000,0.000,0.000,0.000,0,0.328,16.753,544,551,2756,28.138,253.435,36.690,253.435,26507.769,698,1,H.264,171.728,0,0,252.084,253.106,0.999,206.395,170.375,arrival-gap-jitter-spike,2774.736,0,1,1,1,1,29282.505,473.801,474.843,475.772,475.772,0,0,9,0,0,7,0,,,171.728,171.728,698,1,H.264,0,0,0,0,0,0,0,0,0,0,,100.812,0.000,103.613,0.000,0.000,0.000,122.400,stale-before-decode,0.000,773,0.000,109.402,5.454,0.074,0.575,0.315,0.000,0.260,1,0,0,1,3,0.065,16.742,16.753,31.803,16.631,1.000,Loss,0,1,0,0.000,0,1,1,1,0.060,0.000,0.060,0,100,0,21879,20476,1365,0,1250
30.284,Custom_loss6_delay0-100_dup0_reorder6_burst0,Loopback,1,1,0,,,0.000,0,21,800,20.523,20.548,20.660,123.143,101.747,64.895,63.956,4.532,0.066,0.260,21237,1500,20001,18501,2910,1751,207,837,677,160,115,0,18503,582,204,0,0,0,0,5.000,0,0,0,0,0,0,0,0,0,0,0,0,0,0,0,0.000,0.000,0.000,,573,573,2848,0,1,43.106,252.084,44.194,253.106,0.000,0.000,566,563,11136,742,196,0,1907,3105,801,1,fec-parity,pending,H.264,0,1,24,19,5,6,3,2,8,28,0,0,22666,18,0,0,0,0,0,92.325,152,207,160,153,160,0,62.262,22.788,92.167,1,0,520,42,562,0,164,17,0.423,0.577,0.925,1.000,0.094,45.000,0.167,0.833,0.000,duplicate-guard,1020,7831,0,0,580,7149,1907,17942,439,676,1,6,17929,predicted-useful,fec-grace,3195,0.500,211,562,0,3,0,0,0,13,13,13,13,198,3153,198,3153,0,0,0,pacing,1,0.827,11.444,119.444,0,0,13,13,0,0,0,0,7,13,13,0,657,2,2,sent,80,215,0,4,55,7,0,0,14,39,793,1,stale-frame-lag,3169,2335,118,0,1,9500000,1200000,0,0,0,22708,22708,27888116,1389,1711579,728,903002,0,0,0,0,0,14.215,41.020,4535.062,4800.000,1168,41226,21225,9258,20001,10743,0.304,13.583,0.730,1168,4841266,7984201,0.579,15.290,0.510,17.918,41226,1907,572,17942,571,1325,11,195,193,365,31,58,1,10,21,0,0,0,0,0,0,0,0,0,0,159,5,1,0,4,3808,3105,3105,0,0,0,0,0,,disabled,,0,0,0,0,,1,Fixed Quality,Hybrid,85,30,9500,12000,640,360,H.264,480,270,518400,0,518400,28178,0.054,0.000,,0,0,0.000,0.007,0.000,0.000,0.003,7250,6750,6750,22,22,0,1,9500,1.000,0,14.215,0.000,0,0,0.000,0.000,0,0,0,0,0.270,0.655,0.075,1,0,0,disabled,0,0,0,107,253,107,122,24,191,191,0,4,async-output-pending,0,,0,0,0.000,0.000,0,,0.000,0.000,0.000,0.000,0,0,0,,30,0,0,0.000,1,0,0.000,0.000,0.000,0.000,0.000,0.000,0.000,0,0,0,0,0,0,0,0,1,1,1,1,0.860,180.000,1.500,26,0,0.000,0,0,0,0.000,0.000,0.000,0.000,0.000,0.000,0.000,0.000,6.334,0,0,0,0,0,0,0,0,0.000,0.000,0.000,0.000,0.000,0.000,0,0.458,20.548,566,573,2848,44.563,253.435,36.690,253.435,26507.769,698,1,H.264,171.728,0,0,252.084,253.106,0.999,206.395,170.375,arrival-gap-jitter-spike,3776.320,0,1,1,1,1,30284.089,473.801,474.843,475.772,475.772,0,0,9,0,0,7,0,,,171.728,171.728,698,1,H.264,0,0,0,0,0,0,0,0,0,0,,104.378,0.000,107.739,0.000,0.000,0.000,141.572,stale-before-decode,0.001,800,0.000,112.630,4.419,0.140,0.276,0.001,0.000,0.275,1,0,0,1,3,0.066,20.523,20.548,4.532,20.660,1.000,Loss,0,1,0,1.000,3,3,3,1,0.060,0.000,0.060,0,100,0,22738,21282,1422,0,1302
31.289,Custom_loss6_delay0-100_dup0_reorder6_burst0,Loopback,1,1,0,,,0.000,0,21,828,20.861,20.855,21.098,107.173,101.757,73.623,64.301,9.918,0.066,0.260,22021,1545,20738,19193,3004,1813,214,861,700,161,116,0,19195,602,212,0,0,0,0,5.000,0,0,0,0,0,0,0,0,0,0,0,0,0,0,0,0.000,0.000,0.000,,593,593,2948,0,1,40.465,252.084,41.659,253.106,0.000,0.000,586,583,11534,763,204,0,1974,3218,829,1,fec-recovered,pending,H.264,0,1,24,20,4,3,1,2,7,22,0,0,23513,5,0,0,0,0,0,85.422,160,214,161,154,161,0,62.345,22.690,92.167,1,0,536,45,581,0,168,18,0.428,0.572,0.923,1.000,0.097,39.000,0.429,0.571,0.500,retransmit-late,1056,8138,0,0,601,7432,1974,18574,454,700,1,6,18560,predicted-useful,fec-grace,3307,0.417,216,581,0,3,0,0,0,13,13,13,13,203,3236,203,3236,0,0,0,pacing,1,0.846,11.385,119.385,0,0,13,13,0,0,0,0,7,13,13,0,657,2,2,sent,81,217,0,4,56,7,0,0,14,39,807,2,stale-age,3252,2421,122,0,1,9500000,1200000,4,0,4,23567,23563,28935620,1438,1771959,760,942234,0,0,0,0,0,7.624,41.020,1180.688,4800.000,1209,42733,22001,9617,20732,11115,0.304,26.422,0.104,1209,5326550,8835408,0.649,13.977,0.513,17.177,42733,1974,592,18574,589,1374,11,203,201,378,34,63,2,11,23,0,0,0,0,0,0,0,0,0,0,164,5,1,0,4,3946,3218,3218,0,0,0,0,0,,disabled,,0,0,0,0,,1,Fixed Quality,Hybrid,85,30,9500,12000,640,360,H.264,480,270,518400,28178,518400,28178,0.054,0.000,,0,0,0.000,2.720,0.000,0.000,0.101,7250,6750,6750,22,22,0,1,9500,1.000,0,7.692,0.000,0,0,0.000,0.000,0,0,0,0,0.275,0.647,0.077,1,0,0,disabled,24,0,0,111,259,111,124,24,197,197,0,4,large-au-observed,0,,0,0,11.282,23.729,0,,0.000,0.000,0.000,0.000,0,0,0,,31,0,0,4.354,0,831,0.101,0.000,0.000,0.100,0.000,0.068,0.011,1,1,1,1,0,1,1,0,0,0,1,0,0.860,91.332,0.000,26,0,0.000,0,0,0,0.000,0.000,0.000,0.000,0.000,0.000,0.000,2.609,8.571,0,0,0,0,0,0,0,0,0.000,0.000,0.000,0.000,0.000,0.000,0,0.343,20.855,586,593,2948,41.603,253.435,36.690,253.435,26507.769,698,1,H.264,171.728,0,0,252.084,253.106,0.999,206.395,170.375,arrival-gap-jitter-spike,4781.888,0,1,1,1,1,31289.657,473.801,474.843,475.772,475.772,0,0,9,0,0,7,0,,,171.728,171.728,698,1,H.264,0,0,0,0,0,0,0,0,0,0,,103.132,0.000,106.117,0.000,0.000,0.000,133.587,stale-before-decode,0.001,828,0.000,111.191,4.725,0.078,0.569,0.335,0.000,0.234,1,0,0,1,3,0.066,20.861,20.855,9.918,21.098,1.000,Loss,0,1,0,0.000,0,1,1,1,0.060,0.000,0.060,0,100,0,23594,22065,1487,0,1349
32.295,Custom_loss6_delay0-100_dup0_reorder6_burst0,Loopback,1,1,0,,,0.000,0,21,856,11.449,11.449,11.337,110.789,101.733,67.178,64.400,3.913,0.066,0.264,22776,1612,21460,19848,3101,1868,222,890,722,168,121,0,19850,618,222,0,0,0,0,5.000,0,0,0,0,0,0,0,0,0,0,0,0,0,0,0,0.000,0.000,0.000,,609,609,3038,0,1,82.153,252.084,83.433,253.106,0.000,0.000,602,599,11915,786,214,0,2048,3317,858,1,nack-sent,pending,H.264,0,1,24,9,15,2,0,1,0,15,0,0,24345,3,0,0,0,0,0,49.412,166,222,168,161,168,0,62.967,22.474,92.167,1,0,557,47,604,0,175,20,0.428,0.572,0.922,1.000,0.103,38.000,0.200,0.800,0.000,duplicate-guard,1083,8411,0,0,621,7692,2048,19328,461,713,1,6,19314,predicted-useful,fec-grace,3420,0.000,223,604,0,3,0,0,0,13,13,13,13,210,3345,210,3345,0,0,0,pacing,1,0.807,12.405,120.405,0,0,13,13,0,0,0,0,7,13,13,0,657,2,2,sent,83,224,0,4,58,7,0,0,14,39,850,4,stale-age,3361,2511,126,0,1,9500000,1200000,2,0,2,24370,24368,29922122,1491,1837317,789,978358,0,0,0,0,0,8.484,41.020,81.500,4800.000,1251,44221,22773,9971,21448,11477,0.305,20.036,0.085,1251,5364848,8984421,0.784,9.893,0.442,21.415,44221,2047,608,19313,610,1426,11,213,211,399,36,69,2,11,25,0,0,0,0,0,0,0,0,0,0,172,5,1,0,4,4080,3317,3317,0,0,0,0,0,,disabled,,0,0,0,0,,1,Fixed Quality,Hybrid,85,30,9500,12000,640,360,H.264,480,270,518400,0,518400,28178,0.054,0.000,,0,0,0.000,4.889,0.000,4.078,0.789,7250,6750,6750,22,22,0,1,9500,1.000,0,9.618,0.000,0,0,0.000,0.000,0,0,0,0,0.275,0.647,0.078,1,0,0,disabled,0,0,0,115,271,115,130,26,204,204,0,4,async-output-pending,0,,0,0,0.000,0.000,0,,7.672,8282.125,39583.333,0.000,0,0,0,,32,0,0,0.000,1,0,0.780,0.305,0.473,0.000,0.000,0.000,0.000,0,0,1,1,1,0,0,1,1,0,0,0,1.000,0.000,0.000,30,0,0.000,0,0,0,0.000,0.000,0.000,0.000,0.000,0.000,0.000,0.000,10.044,0,0,0,0,0,0,0,0,0.000,0.000,0.000,0.000,0.000,0.000,0,0.356,11.449,602,609,3038,83.315,253.435,36.690,253.435,26507.769,698,1,H.264,171.728,0,0,252.084,253.106,0.999,206.395,170.375,arrival-gap-jitter-spike,5787.371,0,1,1,1,1,32295.140,473.801,474.843,475.772,475.772,0,0,9,0,0,7,0,,,171.728,171.728,698,1,H.264,0,0,0,0,0,0,0,0,0,0,,102.564,0.000,105.403,0.000,0.000,0.000,135.394,stale-before-decode,0.001,856,0.000,111.739,5.965,0.076,0.965,0.711,0.000,0.253,1,0,0,1,3,0.066,11.449,11.449,3.913,11.337,1.000,Loss,0,1,0,0.000,2,2,2,1,0.060,0.000,0.060,0,100,0,24400,22823,1533,0,1399
33.298,Custom_loss6_delay0-100_dup0_reorder6_burst0,Loopback,1,1,0,,,0.000,0,21,886,19.990,19.999,20.166,80.986,101.781,69.300,64.564,37.746,0.065,0.265,23604,1654,22242,20588,3221,1938,234,921,749,172,128,0,20590,639,230,0,0,0,0,5.000,0,0,0,0,0,0,0,0,0,0,0,0,0,0,0,0.000,0.000,0.000,,630,630,3134,0,1,86.739,252.084,87.771,253.106,0.000,0.000,623,619,12334,811,222,0,2118,3429,887,1,fec-parity,pending,H.264,0,1,24,12,12,1,0,1,1,13,0,0,25217,10,0,0,0,0,0,57.899,173,234,172,165,172,0,62.963,22.617,92.167,1,0,580,48,628,0,182,21,0.425,0.575,0.924,1.000,0.103,45.000,0.111,0.889,0.000,duplicate-guard,1128,8708,0,0,641,7949,2118,19975,486,753,1,6,19961,predicted-useful,fec-grace,3538,0.000,233,628,0,3,0,0,0,13,13,13,13,220,3511,220,3511,0,0,0,pacing,1,0.741,5.693,113.693,0,0,13,13,0,0,0,0,7,13,13,0,657,2,2,sent,86,230,0,6,59,7,0,0,14,39,881,1,stale-frame-lag,3527,2596,130,0,1,9500000,1200000,0,0,0,25234,25234,30983358,1545,1903919,815,1010128,0,0,0,0,0,15.847,41.020,6337.688,4800.000,1296,45824,23593,10301,22231,11930,0.304,13.133,2.343,1296,5280970,9071543,1.484,8.339,0.479,15.205,45824,2118,629,19975,631,1476,11,221,219,411,37,71,2,11,26,0,0,0,0,0,0,0,0,0,0,179,5,1,0,4,4220,3429,3429,0,0,0,0,0,,disabled,,0,0,0,0,,1,Fixed Quality,Hybrid,85,30,9500,12000,640,360,H.264,480,270,518400,28178,518400,28178,0.054,0.000,,0,0,0.000,1.831,0.000,0.000,0.083,7250,6750,6750,22,22,0,1,9500,1.000,0,15.847,0.000,0,0,0.000,0.000,0,0,0,0,0.275,0.648,0.076,1,0,0,disabled,24,0,0,119,281,119,136,26,211,211,0,4,large-au-observed,0,,0,0,17.849,23.729,0,,0.000,0.000,0.000,0.000,0,0,0,,33,0,0,5.688,0,888,0.083,0.000,0.000,0.083,0.000,0.057,0.010,1,1,1,1,0,1,1,0,0,0,1,0,0.860,105.177,0.000,26,0,0.000,0,0,0,0.000,0.000,0.000,0.000,0.000,0.000,0.000,1.740,9.739,0,0,0,0,0,0,0,0,0.000,0.000,0.000,0.000,0.000,0.000,0,0.415,19.999,623,630,3134,88.057,253.435,36.690,253.435,26507.769,698,1,H.264,171.728,0,0,252.084,253.106,0.999,206.395,170.375,arrival-gap-jitter-spike,6790.002,0,1,1,1,1,33297.771,473.801,474.843,475.772,475.772,0,0,9,0,0,7,0,,,171.728,171.728,698,1,H.264,0,0,0,0,0,0,0,0,0,0,,101.928,0.000,104.755,2.368,0.000,88.003,125.493,stale-before-decode,0.000,883,0.000,114.331,4.253,0.077,0.910,0.485,0.000,0.425,1,0,0,1,3,0.066,19.990,19.999,37.746,20.166,2.000,RecoveryDeadline,0,1,0,1.000,1,1,1,1,0.060,0.000,0.060,0,100,0,25267,23648,1571,0,1457
34.298,Custom_loss6_delay0-100_dup0_reorder6_burst0,Loopback,1,1,0,,,0.000,0,21,913,27.019,27.015,27.004,87.568,101.799,98.038,65.644,3.058,0.065,0.260,24396,1694,22972,21278,3326,2003,239,954,775,179,130,0,21280,663,233,0,0,0,0,5.000,0,0,0,0,0,0,0,0,0,0,0,0,0,0,0,0.000,0.000,0.000,,653,653,3220,0,1,40.171,252.084,41.174,253.106,0.000,0.000,646,643,12724,842,224,0,2179,3542,914,1,fec-recovered,pending,H.264,0,1,24,23,1,3,3,2,6,12,0,0,26026,21,0,0,0,0,0,85.440,177,239,179,172,179,0,62.987,22.610,92.167,1,0,596,49,645,0,185,21,0.425,0.575,0.924,1.000,0.102,45.000,0.333,0.667,0.000,duplicate-guard,1166,9029,0,0,663,8243,2179,20561,502,780,1,6,20547,predicted-useful,fec-grace,3648,0.125,239,645,0,3,0,0,0,13,13,13,13,225,3589,225,3589,0,0,0,pacing,1,0.752,5.699,113.699,0,0,13,13,0,0,0,0,8,15,15,0,901,2,2,sent,90,239,0,6,62,7,0,0,15,41,909,1,stale-age,3605,2673,134,0,1,9500000,1200000,0,0,0,26061,26061,31996636,1592,1961813,840,1041276,0,0,0,0,0,15.475,41.020,5854.375,4800.000,1339,47360,24388,10645,22972,12327,0.304,29.775,0.000,1339,4685310,8117993,1.813,12.419,0.517,22.553,47360,2179,653,20561,649,1519,11,223,221,414,37,71,2,11,26,0,0,0,0,0,0,0,0,0,0,181,5,1,0,4,4356,3542,3542,0,0,0,0,0,,disabled,,0,0,0,0,,1,Fixed Quality,Hybrid,85,30,9500,12000,640,360,H.264,480,270,518400,28178,518400,28178,0.054,0.000,,0,0,0.000,1.851,0.000,0.000,0.086,7250,6750,6750,22,22,0,1,9500,1.000,0,15.475,0.000,0,0,0.000,0.000,0,0,0,0,0.274,0.650,0.076,1,0,0,disabled,24,0,0,123,290,123,138,29,217,217,0,4,large-au-observed,0,,0,0,18.880,23.729,0,,0.000,0.000,0.000,0.000,0,0,0,,34,0,0,6.419,0,916,0.085,0.000,0.000,0.085,0.000,0.053,0.010,1,1,1,1,0,1,1,0,0,0,1,0,0.860,73.929,0.000,26,0,0.000,0,0,0,0.000,0.000,0.000,0.000,0.000,0.000,0.000,1.754,24.871,0,0,0,0,0,0,0,0,0.000,0.000,0.000,0.000,0.000,0.000,0,0.367,27.014,646,653,3220,41.239,253.435,36.690,253.435,26507.769,698,1,H.264,171.728,0,0,252.084,253.106,0.999,206.395,170.375,arrival-gap-jitter-spike,7790.431,0,1,1,1,1,34298.200,473.801,474.843,475.772,475.772,0,0,9,0,0,7,0,,,171.728,171.728,698,1,H.264,0,0,0,0,0,0,0,0,0,0,,98.227,0.000,101.020,0.000,0.000,0.000,123.784,stale-before-decode,0.001,913,0.000,106.865,5.463,0.077,0.894,0.663,0.000,0.231,1,0,0,1,3,0.065,27.019,27.015,3.058,27.004,1.000,RecoveryDeadline,0,1,0,1.000,0,1,1,1,0.060,0.000,0.060,0,100,0,26095,24450,1610,0,1493
35.304,Custom_loss6_delay0-100_dup0_reorder6_burst0,Loopback,1,1,0,,,0.000,0,21,942,28.242,28.219,28.073,88.335,101.766,41.001,64.873,52.551,0.065,0.258,25255,1754,23783,22029,3440,2066,243,996,806,190,135,0,22031,686,239,0,0,0,0,5.000,0,0,0,0,0,0,0,0,0,0,0,0,0,0,0,0.000,0.000,0.000,,676,676,3316,0,1,86.578,252.084,87.960,253.106,0.000,0.000,669,666,13155,876,230,0,2249,3668,943,1,nack-deferred-likely-arrival,pending,H.264,0,1,24,23,1,4,4,2,7,20,0,0,26903,3,0,0,0,0,0,102.613,183,243,190,183,190,0,61.971,23.121,92.167,1,0,617,52,669,0,193,22,0.430,0.570,0.922,1.000,0.102,45.000,0.333,0.667,0.000,duplicate-guard,1203,9324,0,0,685,8514,2249,21205,517,804,1,6,21191,deferred-likely-arrival,likely-arrival,3766,0.375,248,669,0,3,0,0,0,14,14,14,14,233,3707,233,3707,0,0,0,pacing,1,0.676,4.730,112.730,0,0,14,14,0,0,0,0,8,15,15,0,901,2,2,sent,94,251,0,6,65,7,0,0,16,45,938,2,stale-age,3724,2756,138,0,1,9500000,1200000,0,0,0,26985,26985,33128238,1646,2027793,867,1074282,0,0,0,0,0,14.851,41.020,5208.375,4800.000,1385,49027,25244,11000,23783,12783,0.303,36.550,0.000,1385,5382262,8957064,0.760,-1.473,0.519,23.454,49027,2249,676,21205,670,1568,11,229,227,425,38,72,1,12,26,0,0,0,0,0,0,0,0,0,0,186,5,1,0,4,4504,3668,3668,0,0,0,0,0,,disabled,,0,0,0,0,,1,Fixed Quality,Hybrid,85,30,9500,12000,640,360,H.264,480,270,518400,28178,518400,28178,0.054,0.000,,0,0,0.000,2.007,0.000,0.000,0.167,7250,6750,6750,22,22,0,1,9500,1.000,0,14.851,0.000,0,0,0.000,0.000,0,0,0,0,0.274,0.649,0.078,1,0,0,disabled,24,0,0,127,297,127,141,29,224,224,0,4,large-au-observed,0,,0,0,14.676,23.729,0,,0.000,0.000,0.000,0.000,0,0,0,,35,0,0,3.248,0,946,0.166,0.000,0.000,0.166,0.000,0.119,0.021,1,1,1,1,0,1,1,0,0,0,1,0,0.860,73.583,0.000,26,0,0.000,0,0,0,0.000,0.000,0.000,0.000,0.000,0.000,0.000,1.800,7.734,0,0,0,0,0,0,0,0,0.000,0.000,0.000,0.000,0.000,0.000,0,0.385,28.219,669,676,3316,87.808,253.435,36.690,253.435,26507.769,698,1,H.264,171.728,0,0,252.084,253.106,0.999,206.395,170.375,arrival-gap-jitter-spike,8796.398,0,1,1,1,1,35304.167,473.801,474.843,475.772,475.772,0,0,9,0,0,7,0,,,171.728,171.728,698,1,H.264,0,0,0,0,0,0,0,0,0,0,,98.763,0.000,101.539,0.000,0.000,0.000,129.167,stale-before-decode,0.001,942,0.000,105.161,3.216,0.103,0.336,0.010,0.000,0.326,1,0,0,1,3,0.065,28.242,28.219,52.551,28.073,2.000,Jitter,0,1,0,1.000,0,1,1,1,0.060,0.000,0.060,0,100,0,27020,25302,1661,0,1548
36.304,Custom_loss6_delay0-100_dup0_reorder6_burst0,Loopback,1,1,0,,,0.000,0,21,971,18.100,18.152,18.099,99.417,101.802,59.611,64.714,23.972,0.064,0.258,25948,1782,24418,22636,3532,2117,250,1027,833,194,138,0,22638,707,246,0,0,0,0,5.000,0,0,0,0,0,0,0,0,0,0,0,0,0,0,0,0.000,0.000,0.000,,697,697,3403,0,1,29.972,252.084,31.276,253.106,0.000,0.000,690,686,13503,901,237,0,2308,3758,972,1,fec-recovered,pending,H.264,0,1,22,10,12,3,1,1,1,14,0,0,27685,2,0,0,0,0,0,63.503,189,250,194,187,194,0,61.862,23.214,92.167,1,0,634,53,687,0,199,23,0.431,0.569,0.923,1.000,0.104,45.000,0.375,0.625,0.167,duplicate-guard,1238,9578,0,0,705,8742,2308,21706,532,830,1,6,21691,predicted-useful,fec-grace,3869,0.636,254,687,0,3,0,0,0,14,14,14,14,239,3798,239,3798,0,0,0,pacing,1,0.782,10.407,118.407,0,0,14,14,0,0,0,0,8,15,15,0,901,2,2,sent,96,256,0,6,67,7,0,0,16,45,966,2,stale-age,3815,2830,142,0,1,9500000,1200000,22,0,22,27731,27709,34018078,1692,2084761,891,1104178,0,0,0,0,0,0.565,41.020,11662.312,4800.000,1422,50337,25937,11296,24400,13104,0.303,12.688,1.498,1422,4751671,7770095,1.260,18.610,0.424,13.341,50337,2308,696,21706,688,1608,12,236,234,434,39,74,2,12,27,0,0,0,0,0,0,0,0,0,0,192,5,1,0,4,4623,3758,3758,0,0,0,0,0,,disabled,,0,0,0,0,,1,Fixed Quality,Hybrid,85,30,9500,12000,640,360,H.264,480,270,518400,26096,518400,26096,0.050,0.000,,0,0,0.000,2.568,0.000,0.000,0.102,6500,6250,6250,23,23,0,1,9500,0.903,1,9.579,0.000,0,0,0.000,0.000,0,0,0,0,0.275,0.648,0.077,1,0,0,latency-pressure-freshness-hold,22,0,0,131,306,131,144,31,230,230,0,4,large-au-observed,0,,0,0,11.802,21.976,0,,0.000,0.000,0.000,0.000,0,0,0,,36,0,0,5.325,0,974,0.102,0.000,0.000,0.101,0.000,0.070,0.009,1,1,1,1,0,1,1,0,0,0,1,0,0.860,150.259,0.000,26,0,0.000,0,0,0,0.000,0.000,0.000,0.000,0.000,0.000,0.000,2.454,10.108,0,0,0,0,0,0,0,0,0.000,0.000,0.000,0.000,0.000,0.000,0,0.433,18.152,690,697,3403,31.269,253.435,36.690,253.435,26507.769,698,1,H.264,171.728,0,0,252.084,253.106,0.999,206.395,170.375,arrival-gap-jitter-spike,9797.119,0,1,1,1,1,36304.888,473.801,474.843,475.772,475.772,0,0,10,0,0,8,1,latency-pressure freshness,latency-over-80ms,132.999,171.728,952,1,decoded,0,0,0,0,0,0,0,0,0,0,,103.086,0.000,105.852,0.000,0.000,0.000,129.709,stale-before-upload,0.001,971,0.000,112.550,6.467,0.092,0.372,0.043,0.000,0.329,1,0,0,1,3,0.064,18.100,18.152,23.972,18.099,1.000,RecoveryDeadline,0,1,0,0.000,1,2,2,1,0.060,0.000,0.060,0,100,0,27745,25996,1705,0,1585
37.308,Custom_loss6_delay0-100_dup0_reorder6_burst0,Loopback,1,1,0,,,0.000,0,21,995,25.077,25.090,25.142,107.056,101.905,83.436,65.265,24.456,0.064,0.256,26722,1833,25146,23313,3648,2182,258,1067,866,201,141,0,23315,728,251,0,0,0,0,5.000,0,0,0,0,0,0,0,0,0,0,0,0,0,0,0,0.000,0.000,0.000,,718,718,3494,0,1,14.163,252.084,15.421,253.106,0.000,0.000,711,707,13917,929,242,0,2374,3882,999,1,nack-sent,pending,H.264,0,1,23,20,3,5,3,3,4,18,0,0,28494,19,0,0,0,0,0,97.369,194,258,201,194,201,0,61.819,23.535,92.167,1,0,654,53,707,0,208,24,0.429,0.571,0.925,1.000,0.103,45.000,0.125,0.875,0.000,duplicate-guard,1272,9859,0,0,727,9003,2374,22287,544,850,1,6,22271,predicted-useful,likely-arrival,3984,0.696,261,707,0,3,0,0,0,14,14,14,14,245,3903,245,3903,0,0,0,pacing,1,0.884,7.430,115.430,0,0,14,14,0,0,0,0,8,15,15,0,901,2,2,sent,99,267,0,6,69,7,0,0,17,49,993,3,stale-age,3920,2915,146,0,1,9500000,1200000,0,0,0,28525,28525,35023392,1741,2145301,924,1145278,0,0,0,0,0,17.821,41.020,9356.812,4800.000,1464,51845,26701,11666,25144,13478,0.304,2.983,1.323,1464,5061475,8358741,1.006,19.653,0.518,15.006,51845,2373,717,22284,706,1655,12,241,239,446,40,78,4,12,28,0,0,0,0,0,0,0,0,0,0,196,5,1,0,4,4767,3882,3882,0,0,0,0,0,,disabled,,0,0,0,0,,1,Fixed Quality,Hybrid,85,30,9500,12000,640,360,H.264,480,270,518400,0,518400,27136,0.052,0.000,,0,0,0.000,9.095,0.000,8.154,0.893,7250,6500,6500,24,24,0,1,9500,1.000,0,17.821,0.000,0,0,0.000,0.000,0,0,0,0,0.274,0.651,0.075,1,0,0,disabled,0,0,0,135,313,135,147,31,236,236,0,4,async-output-pending,0,,0,0,0.000,0.000,0,,17.821,9356.812,39583.333,0.000,0,0,0,,37,0,0,0.000,1,0,0.881,0.276,0.603,0.000,0.000,0.000,0.000,0,0,1,1,1,0,0,1,1,0,0,0,1.000,0.000,0.000,30,0,0.000,0,0,0,0.000,0.000,0.000,0.000,0.000,0.000,0.000,0.000,26.870,0,0,0,0,0,0,0,0,0.000,0.000,0.000,0.000,0.000,0.000,0,0.475,25.090,711,718,3494,15.342,253.435,36.690,253.435,26507.769,698,1,H.264,171.728,0,0,252.084,253.106,0.999,206.395,170.375,arrival-gap-jitter-spike,10800.688,0,1,1,1,1,37308.457,473.801,474.843,475.772,475.772,0,0,10,0,0,8,0,,,132.999,171.728,952,1,decoded,0,0,0,0,0,0,0,0,0,0,,113.321,0.000,116.355,0.000,0.000,0.000,133.528,stale-before-upload,0.001,995,0.000,122.529,5.664,0.093,0.303,0.001,0.000,0.302,1,0,0,1,3,0.064,25.077,25.090,24.456,25.142,1.000,RecoveryDeadline,0,1,0,1.000,2,2,2,1,0.060,0.000,0.060,0,100,0,28562,26777,1752,0,1639
38.315,Custom_loss6_delay0-100_dup0_reorder6_burst0,Loopback,1,1,0,,,0.000,0,21,1025,14.972,14.978,15.005,90.016,101.802,33.997,64.371,3.476,0.064,0.258,27389,1880,25767,23887,3746,2233,262,1104,896,208,147,0,23889,747,260,0,0,0,0,5.000,0,0,0,0,0,0,0,0,0,0,0,0,0,0,0,0.000,0.000,0.000,,736,736,3588,0,1,62.843,252.084,63.316,253.106,0.000,0.000,729,725,14287,955,250,0,2435,3985,1027,1,nack-suppressed-fec-grace,pending,H.264,0,1,22,4,18,1,0,0,0,0,0,0,29235,2,0,0,0,0,0,47.700,198,262,208,197,207,1,60.894,24.020,92.167,1,0,669,53,722,0,211,25,0.430,0.570,0.927,1.000,0.106,45.000,0.273,0.727,0.000,duplicate-guard,1311,10157,0,0,748,9266,2435,22802,562,885,1,6,22785,predicted-useful,fec-grace,4088,0.273,267,722,0,3,0,0,0,14,14,14,14,247,3937,247,3937,0,0,0,pacing,1,0.839,4.626,112.626,0,0,14,14,0,0,0,0,10,18,18,0,1023,2,2,sent,106,281,0,6,71,8,0,0,21,58,1024,1,stale-age,3954,2987,150,0,1,9500000,1200000,8,0,8,29251,29243,35904558,1786,2199691,951,1178292,0,0,0,0,0,7.008,41.020,1049.500,4800.000,1500,53138,27378,11963,25760,13797,0.304,36.794,0.014,1500,3148312,5436433,1.164,5.835,0.520,17.066,53138,2435,736,22802,722,1701,12,249,247,462,41,80,2,12,29,0,0,0,0,0,0,0,0,0,0,203,5,1,0,4,4892,3985,3985,0,0,0,0,0,,disabled,,0,0,0,0,,1,Fixed Quality,Hybrid,85,30,9500,12000,640,360,H.264,480,270,518400,26094,518400,26094,0.050,0.000,,0,0,0.000,2.370,0.000,0.000,0.120,6000,6250,6250,26,26,0,1,9500,0.820,1,7.008,0.000,0,0,0.000,0.000,0,0,0,0,0.274,0.652,0.073,1,0,0,fixed-pacing-queue-hold,22,0,0,139,322,139,150,33,242,242,0,4,large-au-observed,0,,0,0,11.538,21.974,0,,0.000,0.000,0.000,0.000,0,0,0,,38,0,0,4.288,0,1028,0.120,0.000,0.000,0.119,0.000,0.082,0.011,1,1,1,1,0,1,1,0,0,0,1,0,0.860,148.772,0.000,24,0,0.000,0,0,0,0.000,0.000,0.000,0.000,0.000,0.000,0.000,2.236,9.707,0,0,0,0,0,0,0,0,0.000,0.000,0.000,0.000,0.000,0.000,0,0.426,14.978,729,736,3588,64.011,253.435,36.690,253.435,26507.769,698,1,H.264,171.728,0,0,252.084,253.106,0.999,206.395,170.375,arrival-gap-jitter-spike,11807.235,0,1,1,1,1,38315.004,473.801,474.843,475.772,475.772,0,0,10,0,0,8,0,,,132.999,171.728,952,1,decoded,0,0,0,0,0,0,0,0,0,0,,89.975,0.000,92.265,0.000,0.000,0.000,125.008,stale-before-upload,0.001,1025,0.000,97.625,4.907,0.098,0.415,0.001,0.000,0.414,1,0,0,1,3,0.064,14.972,14.978,3.476,15.005,1.000,RecoveryDeadline,0,1,0,1.000,1,1,1,1,0.060,0.000,0.060,0,100,0,29281,27446,1798,0,1681
39.316,Custom_loss6_delay0-100_dup0_reorder6_burst0,Loopback,1,1,0,,,0.000,0,21,1050,15.428,15.446,15.490,97.440,101.738,60.388,64.261,50.661,0.064,0.257,28027,1913,26352,24439,3845,2291,267,1136,924,212,151,0,24441,766,265,0,0,0,0,5.000,0,0,0,0,0,0,0,0,0,0,0,0,0,0,0,0.000,0.000,0.000,,755,755,3684,0,1,12.911,252.084,14.157,253.106,0.000,0.000,748,744,14644,978,255,0,2489,4091,1051,1,fec-recovered,pending,H.264,0,1,22,12,10,5,2,1,4,15,0,0,29911,18,0,0,0,0,0,58.393,203,267,212,201,211,1,61.208,23.888,92.167,1,0,683,54,737,0,214,26,0.432,0.568,0.927,1.000,0.108,37.000,1.000,0.000,0.000,insufficient-sample,1347,10396,0,0,766,9476,2489,23296,580,914,1,6,23278,predicted-useful,fec-grace,4184,0.000,274,737,0,3,0,0,0,17,18,17,18,254,4029,254,4029,0,0,0,pacing,1,0.727,10.490,118.490,0,0,17,18,0,0,0,0,10,18,18,0,1023,2,2,sent,109,289,0,6,74,8,0,0,21,58,1047,2,stale-age,4050,3056,154,0,1,9500000,1200000,6,0,6,29911,29905,36721978,1829,2252927,975,1208188,0,0,0,0,0,4.432,41.020,1131.500,4800.000,1535,54358,28023,12210,26335,14125,0.303,36.604,1.825,1535,4611758,6987314,1.957,9.946,0.425,17.117,54358,2489,755,23296,737,1740,12,254,252,470,42,81,1,13,29,0,0,0,0,0,0,0,0,0,0,207,5,1,0,4,5015,4091,4091,0,0,0,0,0,,disabled,,0,0,0,0,,1,Fixed Quality,Hybrid,85,30,9500,12000,640,360,H.264,480,270,518400,27392,518400,27392,0.053,0.000,,0,0,0.000,1.795,0.000,0.000,0.078,7000,6500,6500,27,27,0,1,9500,0.967,1,14.584,0.000,0,0,0.000,0.000,0,0,0,0,0.275,0.651,0.073,1,0,0,fixed-pacing-queue-hold,23,0,0,143,329,143,153,33,247,247,0,4,large-au-observed,0,,0,0,18.287,23.067,0,,0.000,0.000,0.000,0.000,0,0,0,,39,0,0,11.880,0,1052,0.078,0.000,0.000,0.078,0.000,0.055,0.006,1,1,1,1,0,1,1,0,0,0,1,0,0.860,179.996,0.000,24,0,0.000,0,0,0,0.000,0.000,0.000,0.000,0.000,0.000,0.000,1.709,9.322,0,0,0,0,0,0,0,0,0.000,0.000,0.000,0.000,0.000,0.000,0,0.408,15.446,748,755,3684,13.852,253.435,36.690,253.435,26507.769,698,1,H.264,171.728,0,0,252.084,253.106,0.999,206.395,170.375,arrival-gap-jitter-spike,12807.957,0,1,1,1,1,39315.726,473.801,474.843,475.772,475.772,0,0,10,0,0,8,0,,,132.999,171.728,952,1,decoded,0,0,0,0,0,0,0,0,0,0,,96.034,0.000,98.724,0.000,0.000,0.000,133.720,stale-before-upload,0.001,1050,0.000,105.461,6.310,0.094,0.711,0.430,0.000,0.281,1,0,0,1,3,0.064,15.428,15.446,50.661,15.490,2.000,Jitter,0,1,0,0.000,2,2,2,1,0.060,0.000,0.060,0,100,0,29944,28081,1833,0,1705
40.322,Custom_loss6_delay0-100_dup0_reorder6_burst0,Loopback,1,1,0,,,0.000,0,21,1076,24.955,24.950,24.964,106.047,101.661,14.328,62.911,2.644,0.064,0.255,28768,1977,27069,25092,3941,2350,271,1167,952,215,153,0,25094,787,270,0,0,0,0,5.000,0,0,0,0,0,0,0,0,0,0,0,0,0,0,0,0.000,0.000,0.000,,776,776,3779,0,1,41.701,252.084,42.716,253.106,0.000,0.000,769,765,15040,1002,260,0,2559,4205,1080,1,fec-parity,pending,H.264,0,1,23,2,21,1,0,0,0,0,0,0,30741,20,0,0,0,0,0,14.357,210,271,215,204,214,1,61.287,23.752,92.167,1,0,697,56,753,0,221,27,0.437,0.563,0.926,1.000,0.109,35.000,0.500,0.500,0.250,retransmit-late,1382,10709,0,0,788,9766,2559,23952,593,937,1,6,23934,predicted-useful,fec-grace,4298,0.565,280,753,0,3,0,0,0,17,18,17,18,260,4110,260,4110,0,0,0,pacing,1,0.675,4.096,112.096,0,0,17,18,0,0,0,0,10,18,18,0,1023,2,2,sent,111,295,0,6,76,8,0,0,21,58,1075,4,stale-age,4131,3141,158,0,1,9500000,1200000,0,0,0,30710,30710,37712228,1874,2308493,999,1238084,0,0,0,0,0,12.597,41.020,3493.062,4800.000,1576,55829,28763,12528,27066,14538,0.303,19.090,1.764,1576,4809710,7812270,1.295,-1.255,0.510,20.703,55829,2559,776,23952,752,1795,12,259,257,478,43,82,1,14,29,0,0,0,0,0,0,0,0,0,0,211,5,1,0,4,5152,4205,4205,0,0,0,0,0,,disabled,,0,0,0,0,,1,Fixed Quality,Hybrid,85,30,9500,12000,640,360,H.264,480,270,518400,27136,518400,27136,0.052,0.000,,0,0,0.000,2.610,0.000,0.000,0.078,7250,6750,6750,28,28,0,1,9500,1.000,0,12.597,0.000,0,0,0.000,0.000,0,0,0,0,0.279,0.647,0.074,1,0,0,disabled,23,0,0,147,338,147,156,35,252,252,0,4,large-au-observed,0,,0,0,17.898,22.851,0,,0.000,0.000,0.000,0.000,0,0,0,,40,0,0,14.541,0,1080,0.077,0.000,0.000,0.077,0.000,0.050,0.010,1,1,1,1,0,1,1,0,0,0,1,0,0.860,179.996,0.000,26,0,0.000,0,0,0,0.000,0.000,0.000,0.000,0.000,0.000,0.000,1.892,25.896,0,0,0,0,0,0,0,0,0.000,0.000,0.000,0.000,0.000,0.000,0,0.391,24.950,769,776,3779,42.822,253.435,36.690,253.435,26507.769,698,1,H.264,171.728,0,0,252.084,253.106,0.999,206.395,170.375,arrival-gap-jitter-spike,13814.464,0,1,1,1,1,40322.233,473.801,474.843,475.772,475.772,0,0,10,0,0,8,0,,,132.999,171.728,952,1,decoded,0,0,0,0,0,0,0,0,0,0,,101.531,0.000,104.329,0.000,0.000,0.000,133.024,stale-before-upload,0.000,1076,0.000,110.052,5.311,0.074,0.711,0.474,0.000,0.238,1,0,0,1,3,0.064,24.955,24.950,2.644,24.964,2.000,RecoveryDeadline,0,1,0,0.000,3,2,2,1,0.060,0.000,0.060,0,100,0,30750,28826,1880,0,1759
41.331,Custom_loss6_delay0-100_dup0_reorder6_burst0,Loopback,1,1,0,,,0.000,0,21,1106,17.799,17.789,17.752,104.642,101.754,99.186,63.866,8.720,0.064,0.258,29546,2032,27817,25785,4047,2416,279,1185,964,221,167,0,25787,805,280,0,0,0,0,5.000,0,0,0,0,0,0,0,0,0,0,0,0,0,0,0,0.000,0.000,0.000,,794,794,3877,0,1,45.847,252.084,47.461,253.106,0.000,0.000,787,782,15436,1026,270,0,2634,4313,1108,1,fec-recovered,pending,H.264,0,1,24,7,17,1,1,0,0,0,0,0,31567,15,0,0,0,0,0,24.109,214,279,221,210,220,1,60.791,24.317,92.167,1,0,715,59,774,0,230,27,0.434,0.566,0.924,1.000,0.105,43.000,0.429,0.571,0.000,duplicate-guard,1410,11000,0,0,809,10046,2634,24745,600,948,1,6,24727,predicted-useful,fec-grace,4413,0.500,288,774,0,3,0,0,0,17,18,17,18,267,4233,267,4233,0,0,0,pacing,1,0.803,7.952,115.952,0,0,17,18,0,0,0,0,10,18,18,0,1023,2,2,sent,112,299,0,6,76,8,0,0,22,62,1103,4,selected-repair,4254,3230,162,0,1,9500000,1200000,0,0,0,31541,31541,38730738,1925,2371363,1025,1269846,0,0,0,0,0,27.042,41.020,9926.312,4800.000,1619,57351,29544,12831,27807,14976,0.303,14.083,1.904,1619,6840249,11639220,1.350,84.858,0.438,15.034,57351,2634,794,24745,770,1852,12,269,267,507,43,82,1,14,29,0,0,0,0,0,0,0,0,0,0,221,5,1,0,4,5291,4313,4313,0,0,0,0,0,,disabled,,0,0,0,0,,1,Fixed Quality,Hybrid,85,30,9500,12000,640,360,H.264,480,270,518400,0,518400,28178,0.054,0.000,,0,0,0.000,0.012,0.000,0.000,0.005,7250,6750,6750,28,28,0,1,9500,1.000,0,27.042,0.000,0,0,0.000,0.000,0,0,0,0,0.276,0.647,0.076,1,0,0,disabled,0,0,0,151,346,151,159,36,258,258,0,4,async-output-pending,0,,0,0,0.000,0.000,0,,0.000,0.000,0.000,0.000,0,0,0,,41,0,0,0.000,1,0,0.000,0.000,0.000,0.000,0.000,0.000,0.000,0,0,0,0,0,0,0,0,1,1,1,1,0.860,180.000,1.500,26,0,0.000,0,0,0,0.000,0.000,0.000,0.000,0.000,0.000,0.000,0.000,8.768,0,0,0,0,0,0,0,0,0.000,0.000,0.000,0.000,0.000,0.000,0,0.485,17.789,787,794,3877,47.243,253.435,36.690,253.435,26507.769,698,1,H.264,171.728,0,0,252.084,253.106,0.999,206.395,170.375,arrival-gap-jitter-spike,14824.010,0,1,1,1,1,41331.779,473.801,474.843,475.772,475.772,0,0,10,0,0,8,0,,,132.999,171.728,952,1,decoded,0,0,0,0,0,0,0,0,0,0,,109.484,0.000,112.615,7.442,0.000,116.972,132.321,stale-before-upload,0.001,1104,0.000,120.001,5.951,0.098,0.373,0.005,0.000,0.368,1,0,0,1,3,0.064,17.799,17.789,8.720,17.752,1.000,RecoveryDeadline,0,1,0,1.000,0,1,1,1,0.060,0.000,0.060,0,100,0,31582,29606,1941,0,1811
42.340,Custom_loss6_delay0-100_dup0_reorder6_burst0,Loopback,1,1,0,,,0.000,0,21,1133,19.387,19.421,17.628,105.141,101.706,77.202,64.208,16.608,0.065,0.257,30281,2088,28515,26427,4150,2467,287,1226,998,228,170,0,26429,826,286,0,0,0,0,5.000,0,0,0,0,0,0,0,0,0,0,0,0,0,0,0,0.000,0.000,0.000,,815,815,3972,0,1,33.968,252.084,34.974,253.106,0.000,0.000,808,803,15818,1054,276,0,2696,4419,1135,1,fec-parity,pending,H.264,0,1,22,15,7,4,2,1,1,9,0,0,32316,1,0,0,0,0,0,52.177,219,287,228,217,227,1,61.123,24.312,92.167,1,0,735,60,795,0,234,28,0.433,0.567,0.925,1.000,0.107,39.000,0.273,0.727,0.250,retransmit-late,1447,11280,0,0,831,10300,2696,25315,615,974,1,6,25295,predicted-useful,fec-grace,4521,0.409,295,795,0,3,0,0,0,18,19,18,19,274,4337,274,4337,0,0,0,pacing,1,0.814,4.530,112.530,0,0,18,19,0,0,0,0,10,18,18,0,1023,2,2,sent,116,308,0,6,80,8,0,0,22,62,1132,4,stale-age,4359,3307,166,0,1,9500000,1200000,0,0,0,32329,32329,39698099,1974,2432063,1054,1305970,0,0,0,0,0,14.322,41.020,6644.500,4800.000,1659,58788,30273,13144,28515,15371,0.303,16.180,1.249,1659,5210488,8094754,1.166,63.490,0.519,8.528,58788,2696,814,25315,788,1894,14,275,273,516,44,83,1,15,29,0,0,0,0,0,0,0,0,0,0,226,5,1,0,4,5421,4419,4419,0,0,0,0,0,,disabled,,0,0,0,0,,1,Fixed Quality,Hybrid,85,30,9500,12000,640,360,H.264,480,270,518400,26096,518400,26096,0.050,0.000,,0,0,0.000,1.821,0.000,0.000,0.077,6250,6250,6250,29,29,0,1,9500,0.880,1,14.322,0.000,0,0,0.000,0.000,0,0,0,0,0.275,0.649,0.075,1,0,0,latency-pressure-freshness-hold,22,0,0,155,354,155,163,36,264,264,0,4,large-au-observed,0,,0,0,16.662,21.976,0,,0.000,0.000,0.000,0.000,0,0,0,,42,0,0,6.496,0,1136,0.076,0.000,0.000,0.076,0.000,0.051,0.008,1,1,1,1,0,1,1,0,0,0,0,0,1.000,0.000,0.000,27,0,0.000,0,0,0,0.000,0.000,0.000,0.000,0.000,0.000,0.000,1.736,10.405,0,0,0,0,0,0,0,0,0.000,0.000,0.000,0.000,0.000,0.000,0,0.371,19.421,808,815,3972,35.098,253.435,36.690,253.435,26507.769,698,1,H.264,171.728,0,0,252.084,253.106,0.999,206.395,170.375,arrival-gap-jitter-spike,15832.308,0,1,1,1,1,42340.077,473.801,474.843,475.772,475.772,0,0,11,0,0,9,1,latency-pressure freshness,latency-over-80ms,148.676,171.728,1117,1,decoded,0,0,0,0,0,0,0,0,0,0,,97.053,0.000,99.586,0.000,0.000,0.000,132.571,stale-before-upload,0.001,1133,0.000,105.076,5.651,0.081,1.144,0.896,0.000,0.248,1,0,0,1,3,0.065,19.387,19.421,16.608,17.628,1.000,RecoveryDeadline,0,1,0,1.000,1,1,1,1,0.060,0.000,0.060,0,100,0,32371,30342,1987,0,1863
43.343,Custom_loss6_delay0-100_dup0_reorder6_burst0,Loopback,1,1,0,,,0.000,0,21,1158,20.563,20.560,21.522,95.045,101.635,87.896,64.800,0.731,0.064,0.255,30995,2115,29168,27053,4252,2518,290,1268,1032,236,176,0,27055,847,290,0,0,0,0,5.000,0,0,0,0,0,0,0,0,0,0,0,0,0,0,0,0.000,0.000,0.000,,836,836,4062,0,1,41.421,252.084,42.421,253.106,0.000,0.000,829,824,16172,1083,280,0,2756,4522,1159,1,nack-deferred-likely-arrival,pending,H.264,0,1,23,22,1,5,4,2,7,16,0,0,33014,0,0,0,0,0,0,97.796,224,290,236,225,235,1,60.441,24.410,93.079,1,0,751,63,814,0,236,29,0.436,0.564,0.923,1.000,0.109,45.000,0.333,0.667,0.000,duplicate-guard,1473,11534,0,0,850,10542,2756,25848,622,986,1,6,25828,deferred-likely-arrival,likely-arrival,4625,0.391,302,814,0,3,0,0,0,18,19,18,19,280,4418,280,4418,0,0,0,pacing,1,0.730,6.789,114.789,0,0,18,19,0,0,0,0,10,18,18,0,1023,2,2,sent,121,324,0,6,84,8,0,0,23,65,1158,4,stale-age,4440,3379,170,0,1,9500000,1200000,3,0,3,33090,33087,40632083,2022,2491057,1080,1338354,0,0,0,0,0,7.768,41.020,38.000,4800.000,1697,60127,30981,13457,29146,15689,0.303,4.030,1.108,1697,5310936,8604073,1.304,52.930,0.456,12.375,60127,2756,835,25848,806,1936,14,279,277,523,45,84,1,16,29,0,0,0,0,0,0,0,0,0,0,229,5,1,0,4,5545,4522,4522,0,0,0,0,0,,disabled,,0,0,0,0,,1,Fixed Quality,Hybrid,85,30,9500,12000,640,360,H.264,480,270,518400,27136,518400,27136,0.052,0.000,,0,0,0.000,2.255,0.000,0.000,0.073,7250,6500,6500,30,30,0,1,9500,1.000,0,10.389,0.000,0,0,0.000,0.000,0,0,0,0,0.275,0.647,0.077,1,0,0,disabled,23,0,0,159,362,159,165,38,270,270,0,4,large-au-observed,0,,0,0,15.844,22.851,0,,0.000,0.000,0.000,0.000,0,0,0,,43,0,0,5.937,0,1162,0.072,0.000,0.000,0.072,0.000,0.048,0.008,1,1,1,1,0,1,1,0,0,0,0,0,1.000,0.000,0.000,30,0,0.000,0,0,0,0.000,0.000,0.000,0.000,0.000,0.000,0.000,2.167,10.351,0,0,0,0,0,0,0,0,0.000,0.000,0.000,0.000,0.000,0.000,0,0.378,20.560,829,836,4062,42.495,253.435,36.690,253.435,26507.769,698,1,H.264,171.728,0,0,252.084,253.106,0.999,206.395,170.375,arrival-gap-jitter-spike,16835.316,0,1,1,1,1,43343.085,473.801,474.843,475.772,475.772,0,0,11,0,0,9,0,,,148.676,171.728,1117,1,decoded,0,0,0,0,0,0,0,0,0,0,,96.533,0.000,99.222,0.000,0.000,0.000,127.523,stale-before-upload,0.001,1158,0.000,105.957,6.336,0.073,0.750,0.500,0.000,0.250,1,0,0,1,3,0.064,20.563,20.560,0.731,21.522,1.000,Loss,0,1,0,0.000,2,1,1,1,0.060,0.000,0.060,0,100,0,33130,31058,2023,0,1907
44.352,Custom_loss6_delay0-100_dup0_reorder6_burst0,Loopback,1,1,0,,,0.000,0,21,1187,24.258,24.227,19.242,108.944,101.679,102.399,65.717,17.417,0.064,0.255,31771,2158,29891,27733,4360,2587,298,1296,1060,236,179,0,27735,868,297,0,0,0,0,5.000,0,0,0,0,0,0,0,0,0,0,0,0,0,0,0,0.000,0.000,0.000,,857,857,4151,0,1,45.828,252.084,47.256,253.106,0.000,0.000,850,845,16589,1104,287,0,2820,4642,1189,1,nack-suppressed-fec-grace,pending,H.264,0,1,24,10,14,2,0,0,0,0,0,0,33896,12,0,0,0,0,0,51.155,228,298,236,225,235,1,60.441,24.410,93.079,1,0,763,63,826,0,238,30,0.433,0.567,0.924,1.000,0.112,45.000,0.500,0.500,0.000,duplicate-guard,1522,11885,0,0,874,10854,2820,26394,647,1025,1,6,26374,predicted-useful,fec-grace,4734,0.000,306,826,0,3,0,0,0,18,19,18,19,284,4478,284,4478,0,0,0,pacing,1,0.745,12.209,120.209,0,0,18,19,0,0,0,0,10,18,18,0,1023,2,2,sent,122,326,0,6,85,8,0,0,23,65,1171,2,stale-age,4500,3462,174,0,1,9500000,1200000,0,0,0,33900,33900,41630133,2064,2542729,1108,1372610,0,0,0,0,0,11.261,41.020,1797.500,4800.000,1740,61645,31765,13770,29880,16110,0.302,25.707,0.000,1740,6246862,9813905,1.514,45.245,0.473,16.402,61645,2820,856,26394,818,1988,14,286,284,534,47,86,1,18,29,0,0,0,0,0,0,0,0,0,0,234,5,1,0,4,5689,4642,4642,0,0,0,0,0,,disabled,,0,0,0,0,,1,Fixed Quality,Hybrid,85,30,9500,12000,640,360,H.264,480,270,518400,0,518400,28176,0.054,0.000,,0,0,0.000,6.900,0.000,6.065,0.802,7250,6750,6750,31,31,0,1,9500,1.000,0,11.261,0.000,0,0,0.000,0.000,0,0,0,0,0.276,0.648,0.076,1,0,0,disabled,0,0,0,163,367,163,166,38,274,274,0,4,async-output-pending,0,,0,0,0.000,0.000,0,,11.261,1797.500,45673.077,0.000,0,0,0,,44,0,0,0.000,1,0,0.789,0.221,0.567,0.000,0.000,0.000,0.000,0,0,1,1,1,0,0,1,1,0,1,0,0.860,92.294,0.000,26,0,0.000,0,0,0,0.000,0.000,0.000,0.000,0.000,0.000,0.000,0.000,21.283,0,0,0,0,0,0,0,0,0.000,0.000,0.000,0.000,0.000,0.000,0,0.579,24.228,850,857,4151,47.302,253.435,36.690,253.435,26507.769,698,1,H.264,171.728,0,0,252.084,253.106,0.999,206.395,170.375,arrival-gap-jitter-spike,17844.239,0,1,1,1,1,44352.008,473.801,474.843,475.772,475.772,0,0,11,0,0,9,0,,,148.676,171.728,1117,1,decoded,0,0,0,0,0,0,0,0,0,0,,106.294,0.000,109.566,0.000,0.000,0.000,134.472,stale-before-upload,0.001,1187,0.000,115.647,5.467,0.097,0.398,0.003,0.000,0.395,1,0,0,1,3,0.064,24.258,24.227,17.417,19.242,1.000,Loss,0,1,0,0.000,2,1,1,1,0.060,0.000,0.060,0,100,0,33944,31842,2064,0,1958
45.357,Custom_loss6_delay0-100_dup0_reorder6_burst0,Loopback,1,1,0,,,0.000,0,21,1215,21.986,22.035,22.558,90.052,101.739,75.396,65.947,45.229,0.063,0.253,32531,2199,30598,28399,4456,2643,301,1330,1093,237,182,0,28401,890,301,0,0,0,0,5.000,0,0,0,0,0,0,0,0,0,0,0,0,0,0,0,0.000,0.000,0.000,,879,879,4241,0,1,89.746,252.084,90.712,253.106,0.000,0.000,872,867,16970,1127,291,0,2881,4759,1216,1,fec-parity,pending,H.264,0,1,24,12,12,3,1,1,1,14,0,0,34685,12,0,0,0,0,0,56.217,232,301,237,226,236,1,60.429,24.490,93.079,1,0,771,63,834,0,239,30,0.435,0.565,0.924,1.000,0.112,43.000,0.000,0.000,0.000,insufficient-sample,1554,12199,0,0,896,11156,2881,26999,657,1037,1,6,26978,predicted-useful,fec-grace,4843,0.583,308,834,0,3,0,0,0,18,19,18,19,286,4510,286,4510,0,0,0,pacing,1,0.781,12.266,120.266,0,0,18,19,0,0,0,0,10,18,18,0,1023,2,2,sent,123,330,0,6,86,8,0,0,23,65,1201,4,stale-age,4532,3547,178,0,1,9500000,1200000,0,0,0,34688,34688,42595471,2102,2589427,1136,1406860,0,0,0,0,0,28.593,41.020,9052.312,4800.000,1781,63108,32513,14085,30595,16510,0.302,4.263,0.922,1781,4680807,7743824,0.880,30.795,0.531,22.505,63108,2881,878,26999,830,2037,14,290,288,541,48,87,1,19,29,0,0,0,0,0,0,0,0,0,0,237,5,1,0,4,5826,4759,4759,0,0,0,0,0,,disabled,,0,0,0,0,,1,Fixed Quality,Hybrid,85,30,9500,12000,640,360,H.264,480,270,518400,0,518400,28178,0.054,0.000,,0,0,0.000,4.761,0.000,4.031,0.706,7250,6750,6750,31,31,0,1,9500,1.000,0,28.593,0.000,0,0,0.000,0.000,0,0,0,0,0.278,0.646,0.076,1,0,0,disabled,0,0,0,167,373,167,167,39,278,278,0,4,async-output-pending,0,,0,0,0.000,0.000,0,,28.593,9052.312,45673.077,0.000,0,0,0,,45,0,0,0.000,1,0,0.697,0.210,0.485,0.000,0.000,0.000,0.000,0,0,1,1,1,0,0,1,1,0,1,0,0.860,99.718,0.000,26,0,0.000,0,0,0,0.000,0.000,0.000,0.000,0.000,0.000,0.000,0.000,31.190,0,0,0,0,0,0,0,0,0.000,0.000,0.000,0.000,0.000,0.000,0,0.368,22.035,872,879,4241,90.682,253.435,36.690,253.435,26507.769,698,1,H.264,171.728,0,0,252.084,253.106,0.999,206.395,170.375,arrival-gap-jitter-spike,18849.029,0,1,1,1,1,45356.798,473.801,474.843,475.772,475.772,0,0,11,0,0,9,0,,,148.676,171.728,1117,1,decoded,0,0,0,0,0,0,0,0,0,0,,105.168,0.000,107.975,0.000,0.000,0.000,130.026,stale-before-upload,0.001,1215,0.000,112.662,4.315,0.075,0.933,0.589,0.000,0.344,1,0,0,1,3,0.063,21.986,22.035,45.229,22.558,1.000,RecoveryDeadline,0,1,0,2.000,1,2,2,1,0.060,0.000,0.060,0,100,0,34733,32595,2108,0,2007
46.358,Custom_loss6_delay0-100_dup0_reorder6_burst0,Loopback,1,1,0,,,0.000,0,21,1243,21.259,21.281,19.909,97.905,101.746,75.396,65.947,17.716,0.063,0.252,33342,2243,31356,29113,4565,2718,304,1358,1120,238,185,0,29115,912,307,0,0,0,0,5.000,0,0,0,0,0,0,0,0,0,0,0,0,0,0,0,0.000,0.000,0.000,,901,901,4339,0,1,63.608,252.084,64.756,253.106,0.000,0.000,894,889,17382,1150,297,0,2948,4881,1245,1,nack-suppressed-fec-grace,pending,H.264,0,1,24,7,17,1,0,0,0,0,0,0,35571,14,0,0,0,0,0,42.504,238,304,238,227,237,1,60.438,24.418,93.079,1,0,781,66,847,0,242,31,0.439,0.561,0.922,1.000,0.114,41.000,0.750,0.250,0.000,stable,1593,12571,0,0,921,11509,2948,27683,671,1056,1,6,27662,predicted-useful,fec-grace,4958,0.333,313,847,0,3,0,0,0,18,19,18,19,291,4593,291,4593,0,0,0,pacing,1,0.783,8.975,116.975,0,0,18,19,0,0,0,0,10,18,18,0,1023,2,2,sent,125,338,0,6,88,8,0,0,23,65,1228,4,stale-age,4615,3633,182,0,1,9500000,1200000,0,0,0,35541,35541,43640519,2145,2642345,1161,1438008,0,0,0,0,0,17.065,41.020,7884.625,4800.000,1826,64684,33328,14418,31356,16938,0.302,26.272,1.780,1826,6893920,10657179,1.372,30.795,0.483,16.288,64684,2948,900,27683,842,2092,14,296,294,556,50,91,2,19,31,0,0,0,0,0,0,0,0,0,0,241,5,1,0,4,5972,4881,4881,0,0,0,0,0,,disabled,,0,0,0,0,,1,Fixed Quality,Hybrid,85,30,9500,12000,640,360,H.264,480,270,518400,0,518400,28176,0.054,0.000,,0,0,0.000,5.460,0.000,4.748,0.686,7250,6750,6750,31,31,0,1,9500,1.000,0,17.065,0.000,0,0,0.000,0.000,0,0,0,0,0.000,1.000,0.000,1,0,0,disabled,0,0,0,169,377,169,169,39,282,282,0,4,async-output-pending,0,,0,0,0.000,0.000,0,,17.065,7884.625,45673.077,0.000,0,0,0,,46,0,0,0.000,1,0,0.675,0.166,0.509,0.000,0.000,0.000,0.000,0,0,1,1,1,0,0,1,1,0,1,0,0.860,96.235,0.000,26,0,0.000,0,0,0,0.000,0.000,0.000,0.000,0.000,0.000,0.000,0.000,13.935,0,0,0,0,0,0,0,0,0.000,0.000,0.000,0.000,0.000,0.000,0,0.333,21.281,894,901,4339,64.950,253.435,36.690,253.435,26507.769,698,1,H.264,171.728,0,0,252.084,253.106,0.999,206.395,170.375,arrival-gap-jitter-spike,19850.182,0,1,1,1,1,46357.951,473.801,474.843,475.772,475.772,0,0,11,0,0,9,0,,,148.676,171.728,1117,1,decoded,0,0,0,0,0,0,0,0,0,0,,103.282,0.000,106.181,0.000,0.000,0.000,128.952,stale-before-upload,0.001,1243,0.000,111.507,4.980,0.075,0.791,0.506,0.000,0.285,1,0,0,1,3,0.063,21.259,21.281,17.716,19.909,1.000,RecoveryDeadline,0,1,0,0.000,1,1,1,1,0.060,0.000,0.060,0,100,0,35587,33408,2151,0,2052
47.361,Custom_loss6_delay0-100_dup0_reorder6_burst0,Loopback,1,1,0,,,0.000,0,21,1267,16.987,16.990,16.976,109.405,101.812,79.575,66.264,4.407,0.064,0.255,34143,2319,32137,29818,4663,2778,313,1381,1140,241,191,0,29820,929,318,0,0,0,0,5.000,0,0,0,0,0,0,0,0,0,0,0,0,0,0,0,0.000,0.000,0.000,,917,917,4433,0,1,52.751,252.084,54.461,253.106,0.000,0.000,910,905,17780,1170,307,0,3022,4988,1273,1,fec-recovered,pending,H.264,0,1,24,9,15,3,1,0,0,0,0,0,36418,4,0,0,0,0,0,39.769,241,313,241,230,240,1,60.537,24.321,93.079,1,0,796,67,863,0,246,32,0.435,0.565,0.922,1.000,0.115,45.000,0.200,0.800,0.000,duplicate-guard,1625,12871,0,0,943,11795,3022,28440,681,1070,1,6,28419,predicted-useful,fec-grace,5075,0.375,319,863,0,3,0,0,0,18,19,18,19,297,4692,297,4692,0,0,0,pacing,1,0.803,4.960,112.960,0,0,18,19,0,0,0,0,10,18,18,0,1023,2,2,sent,126,342,0,6,89,8,0,0,23,65,1257,4,stale-age,4714,3726,186,0,1,9500000,1200000,6,0,6,36427,36421,44718535,2191,2698993,1186,1468524,0,0,0,0,0,4.725,41.020,486.750,4800.000,1869,66252,34135,14760,32117,17357,0.302,26.309,1.924,1869,5313506,8576611,1.404,25.472,0.437,17.272,66252,3022,917,28440,857,2151,14,306,304,573,51,93,2,19,32,0,0,0,0,0,0,0,0,0,0,250,5,1,0,4,6115,4988,4988,0,0,0,0,0,,disabled,,0,0,0,0,,1,Fixed Quality,Hybrid,85,30,9500,12000,640,360,H.264,480,270,518400,28178,518400,28178,0.054,0.000,,0,0,0.000,2.998,0.000,0.000,0.134,7250,6750,6750,31,31,0,1,9500,1.000,0,12.539,0.000,0,0,0.000,0.000,0,0,0,0,0.000,1.000,0.000,1,0,0,disabled,24,0,0,171,383,171,171,41,287,287,0,4,large-au-observed,0,,0,0,17.615,23.729,0,,0.000,0.000,0.000,0.000,0,0,0,,47,0,0,5.134,0,1274,0.134,0.000,0.000,0.133,0.000,0.090,0.013,1,1,1,1,0,1,1,0,0,0,0,0,1.000,0.000,0.000,30,0,0.000,0,0,0,0.000,0.000,0.000,0.000,0.000,0.000,0.000,2.817,10.716,0,0,0,0,0,0,0,0,0.000,0.000,0.000,0.000,0.000,0.000,0,0.460,16.990,910,917,4433,54.153,253.435,36.690,253.435,26507.769,698,1,H.264,171.728,0,0,252.084,253.106,0.999,206.395,170.375,arrival-gap-jitter-spike,20854.276,0,1,1,1,1,47362.045,473.801,474.843,475.772,475.772,0,0,11,0,0,9,0,,,148.676,171.728,1117,1,decoded,0,0,0,0,0,0,0,0,0,0,,103.962,0.000,107.005,0.000,0.000,0.000,134.702,stale-before-upload,0.001,1267,0.000,112.729,5.256,0.094,0.419,0.002,0.000,0.416,1,0,0,1,3,0.064,16.987,16.990,4.407,16.976,1.000,RecoveryDeadline,0,1,0,1.500,2,3,3,1,0.060,0.000,0.060,0,100,0,36468,34212,2204,0,2104
48.364,Custom_loss6_delay0-100_dup0_reorder6_burst0,Loopback,1,1,0,,,0.000,0,21,1295,18.684,18.703,18.791,94.425,101.861,48.386,65.858,27.486,0.063,0.255,34810,2344,32739,30395,4756,2829,317,1410,1167,243,200,0,30397,950,325,0,0,0,0,5.000,0,0,0,0,0,0,0,0,0,0,0,0,0,0,0,0.000,0.000,0.000,,938,938,4530,0,1,24.950,252.084,26.035,253.106,0.000,0.000,930,924,18142,1193,314,0,3081,5087,1300,1,nack-sent,pending,H.264,1,1,22,13,9,3,2,2,4,24,0,0,37117,5,0,0,0,0,0,40.840,245,317,243,232,242,1,60.382,24.262,93.079,1,0,806,70,876,0,251,33,0.436,0.564,0.920,1.000,0.116,43.000,0.000,1.000,0.000,insufficient-sample,1669,13159,0,0,966,12045,3081,28917,702,1108,1,6,28894,predicted-useful,likely-arrival,5177,0.409,324,876,0,4,0,0,0,20,21,20,21,303,4783,303,4783,0,0,0,pacing,1,0.798,12.297,120.297,0,0,20,21,0,0,0,0,10,18,18,0,1023,2,2,sent,127,343,0,6,90,8,0,0,23,65,1285,1,stale-age,4808,3798,190,0,1,9500000,1200000,1,0,1,37123,37122,45583545,2232,2749739,1211,1499358,0,0,0,0,0,8.018,41.020,566.062,4774.650,1905,67542,34806,15106,32736,17630,0.303,21.193,2.069,1905,4157695,6866310,1.999,14.140,0.504,14.401,67542,3081,938,28917,868,2197,16,313,311,585,51,93,2,19,32,0,0,0,0,0,0,0,0,0,0,257,5,1,0,4,6237,5087,5087,0,0,0,0,0,,disabled,,0,0,0,0,,1,Fixed Quality,Hybrid,85,30,9500,12000,640,360,H.264,480,270,518400,26096,518400,26096,0.050,0.000,,0,0,0.000,1.840,0.000,0.000,0.093,6000,6250,6250,32,32,0,1,9500,0.846,1,10.305,0.000,0,0,0.000,0.000,0,0,0,0,0.000,1.000,0.000,1,0,0,latency-pressure-freshness-hold,22,0,0,173,388,173,174,41,291,291,0,4,large-au-observed,0,,0,0,0.036,21.976,0,,0.000,0.000,0.000,0.000,0,0,0,,48,0,0,6.334,0,1301,0.092,0.000,0.000,0.092,0.000,0.065,0.008,1,1,1,1,0,1,1,0,0,0,0,0,1.000,0.000,0.000,27,0,0.000,0,0,0,0.000,0.000,0.000,0.000,0.000,0.000,0.000,1.738,10.442,0,0,0,0,0,0,0,0,0.000,0.000,0.000,0.000,0.000,0.000,0,0.399,18.703,930,938,4530,26.022,253.435,36.690,253.435,26507.769,698,1,H.264,171.728,0,0,252.084,253.106,0.999,206.395,170.375,arrival-gap-jitter-spike,21856.808,0,1,1,1,1,48364.577,473.801,474.843,475.772,475.772,0,0,13,0,0,11,2,latency-pressure freshness,latency-over-80ms,150.630,171.728,1271,1,decoded,0,0,0,0,0,0,0,0,0,0,,102.220,0.000,104.703,0.000,0.000,0.000,127.213,stale-before-upload,0.001,1295,0.000,109.695,4.693,0.087,0.949,0.611,0.000,0.337,1,0,0,1,3,0.063,18.684,18.703,27.486,18.791,1.000,RecoveryDeadline,0,1,0,1.000,0,1,1,1,0.060,0.000,0.060,0,100,0,37170,34878,2251,0,2151
49.372,Custom_loss6_delay0-100_dup0_reorder6_burst0,Loopback,1,1,0,,,0.000,0,21,1323,17.542,17.539,17.357,119.582,101.994,32.014,65.106,28.619,0.063,0.255,35511,2398,33397,30999,4852,2899,318,1433,1187,246,202,0,31001,968,332,0,0,0,0,5.000,0,0,0,0,0,0,0,0,0,0,0,0,0,0,0,0.000,0.000,0.000,,956,956,4619,0,1,27.343,252.084,28.387,253.106,0.000,0.000,948,942,18535,1214,321,0,3150,5196,1325,1,fec-recovered,pending,H.264,1,1,23,20,3,2,2,3,14,38,1,0,37851,16,37865,3,0,0,0,77.021,252,318,246,235,245,1,60.122,24.525,93.079,1,0,817,72,889,0,253,33,0.442,0.558,0.919,1.000,0.115,40.000,0.500,0.500,0.000,insufficient-sample,1712,13461,0,0,987,12313,3150,29525,724,1142,1,6,29502,predicted-useful,fec-grace,5284,0.652,329,889,0,4,0,0,0,20,21,20,21,307,4842,307,4842,0,0,0,pacing,1,0.806,13.949,121.949,0,0,20,21,0,0,0,0,11,19,19,0,1321,1,1,sent,128,344,0,6,90,8,0,0,24,66,1321,1,selected-repair,4867,3880,194,0,1,9500000,1200000,1,0,1,37879,37878,46515211,2274,2801571,1236,1530034,0,0,0,0,0,9.675,41.020,1216.188,3903.450,1945,68901,35505,15424,33396,17972,0.303,19.280,1.194,1945,5515091,8518528,1.561,8.038,0.484,11.986,68901,3150,956,29525,883,2251,16,320,318,597,52,94,1,20,32,0,0,0,0,0,0,0,0,0,0,263,5,1,0,4,6373,5196,5196,0,0,0,0,0,,disabled,,0,0,0,0,,1,Fixed Quality,Hybrid,85,30,9500,12000,640,360,H.264,480,270,518400,27138,518400,27138,0.052,0.000,,0,0,0.000,1.805,0.000,0.000,0.075,7250,6500,6500,33,33,0,1,9500,1.000,0,9.675,0.000,0,0,0.000,0.000,0,0,0,0,0.283,0.636,0.081,1,0,0,disabled,23,0,0,175,394,175,176,43,296,296,0,4,large-au-observed,0,,0,0,1.169,22.853,0,,0.000,0.000,0.000,0.000,0,0,0,,49,0,0,6.284,0,1327,0.074,0.000,0.000,0.074,0.000,0.049,0.008,1,1,1,1,0,1,1,0,0,0,0,0,1.000,0.000,0.000,30,0,0.000,0,0,0,0.000,0.000,0.000,0.000,0.000,0.000,0.000,1.724,10.593,0,0,0,0,0,0,0,0,0.000,0.000,0.000,0.000,0.000,0.000,0,0.360,17.539,948,956,4619,28.466,253.435,36.690,253.435,26507.769,698,1,H.264,171.728,0,0,252.084,253.106,0.999,206.395,170.375,arrival-gap-jitter-spike,22864.113,0,1,1,1,1,49371.882,473.801,474.843,475.772,475.772,0,0,13,0,0,11,0,,,150.630,171.728,1271,1,decoded,0,0,0,0,0,0,0,0,0,0,,114.371,0.000,117.072,0.000,0.000,0.000,139.791,stale-before-upload,0.000,1323,0.000,123.242,5.796,0.073,0.663,0.337,0.000,0.326,1,0,0,1,3,0.063,17.542,17.539,28.619,17.357,1.000,RecoveryDeadline,0,1,0,0.500,2,1,1,1,0.060,0.000,0.060,0,100,0,37927,35578,2293,0,2200
50.382,Custom_loss6_delay0-100_dup0_reorder6_burst0,Loopback,1,1,0,,,0.000,0,21,1353,25.968,25.929,25.896,99.767,101.987,59.837,64.991,1.908,0.063,0.253,36331,2449,34155,31706,4955,2958,321,1470,1220,250,206,0,31708,993,337,0,0,0,0,5.000,0,0,0,0,0,0,0,0,0,0,0,0,0,0,0,0.000,0.000,0.000,,981,981,4716,0,1,38.768,252.084,40.417,253.106,0.000,0.000,973,967,18953,1243,326,0,3215,5314,1354,1,nack-sent,pending,H.264,0,1,24,16,8,3,1,2,5,21,0,0,38706,2,0,0,0,0,0,78.955,255,321,250,239,248,2,60.232,24.960,99.460,1,0,827,72,899,0,260,34,0.443,0.557,0.920,1.000,0.116,38.000,0.000,1.000,0.000,insufficient-sample,1761,13821,0,0,1013,12634,3215,30080,747,1181,1,6,30056,predicted-useful,fec-grace,5396,0.750,335,899,0,4,0,0,0,20,21,20,21,312,4930,312,4930,0,0,0,pacing,1,0.806,10.252,118.252,0,0,20,21,0,0,0,0,12,20,20,0,1340,1,1,sent,131,347,0,7,91,8,0,0,25,67,1341,1,stale-frame-lag,4955,3961,198,0,1,9500000,1200000,0,0,0,38747,38747,47581759,2314,2850757,1262,1561804,0,0,0,0,0,10.507,41.020,350.312,3511.300,1990,70478,36323,15792,34155,18363,0.303,17.128,2.073,1990,6296142,9516772,2.217,11.995,0.516,11.853,70478,3214,981,30072,892,2306,16,325,323,606,52,94,1,20,32,0,0,0,0,0,0,0,0,0,0,268,5,1,0,4,6519,5314,5314,0,0,0,0,0,,disabled,,0,0,0,0,,1,Fixed Quality,Hybrid,85,30,9500,12000,640,360,H.264,480,270,518400,28178,518400,28178,0.054,0.000,,0,0,0.000,2.855,0.000,0.000,0.106,7250,6750,6750,34,34,0,1,9500,1.000,0,10.507,0.000,0,0,0.000,0.000,0,0,0,0,0.284,0.636,0.080,1,0,0,disabled,24,1,1,177,398,177,178,43,300,300,2,4,decoder-sync-observed,0,,0,0,0.027,23.729,0,,0.000,0.000,0.000,0.000,0,0,0,,50,0,0,8.414,0,1356,0.106,0.000,0.000,0.105,0.000,0.072,0.011,1,1,1,1,0,1,1,0,0,0,1,0,0.860,111.248,0.000,26,0,0.000,0,0,0,0.000,0.000,0.000,0.000,0.000,0.000,0.000,2.736,13.584,0,0,0,0,0,0,0,0,0.000,0.000,0.000,0.000,0.000,0.000,0,0.573,25.930,973,981,4716,40.139,253.435,36.690,253.435,26507.769,698,1,H.264,171.728,0,0,252.084,253.106,0.999,206.395,170.375,arrival-gap-jitter-spike,23875.068,0,1,1,1,1,50382.837,473.801,474.843,475.772,475.772,0,0,13,0,0,11,0,,,150.630,171.728,1271,1,decoded,0,0,0,0,0,0,0,0,0,0,,103.442,0.000,107.074,0.000,0.000,0.000,129.883,stale-before-upload,0.004,1353,0.000,113.928,6.274,0.120,0.427,0.001,0.000,0.426,1,0,0,1,3,0.063,25.968,25.929,1.908,25.896,1.000,RecoveryDeadline,0,1,0,0.000,1,2,2,1,0.060,0.000,0.060,0,100,0,38797,36402,2342,0,2250
51.386,Custom_loss6_delay0-100_dup0_reorder6_burst0,Loopback,1,1,0,,,0.000,0,21,1380,23.467,23.464,23.468,115.391,101.994,43.705,64.538,36.262,0.063,0.252,37150,2491,34918,32427,5062,3028,327,1498,1244,254,209,0,32429,1015,342,0,0,0,0,5.000,0,0,0,0,0,0,0,0,0,0,0,0,0,0,0,0.000,0.000,0.000,,1003,1003,4810,0,1,76.931,252.084,78.040,253.106,0.000,0.000,995,989,19363,1269,331,0,3290,5429,1384,1,nack-sent,pending,H.264,1,1,24,9,15,1,0,1,0,15,0,0,39597,5,0,0,0,0,0,22.026,261,327,254,243,252,2,60.405,24.876,99.460,1,0,843,70,913,0,266,36,0.444,0.556,0.923,1.000,0.119,26.000,0.000,1.000,0.000,insufficient-sample,1794,14173,0,0,1036,12971,3290,30888,757,1196,1,6,30864,predicted-useful,fec-grace,5520,0.625,341,913,0,4,0,0,0,20,21,20,21,319,5045,319,5045,0,0,0,pacing,1,0.750,8.428,116.428,0,0,20,21,0,0,0,0,12,20,20,0,1340,1,1,sent,133,351,0,7,93,8,0,0,25,67,1370,2,stale-age,5070,4053,202,0,1,9500000,1200000,4,1,3,39604,39599,48625539,2360,2907407,1288,1594196,0,0,0,0,0,0.059,41.020,2215.812,2330.450,2034,72062,37144,16088,34918,18830,0.302,46.544,0.000,2034,4348798,7600382,1.093,6.369,0.494,15.815,72062,3290,1003,30888,906,2368,16,330,328,616,54,96,1,22,32,0,0,0,0,0,0,0,0,0,0,271,5,1,0,4,6663,5429,5429,0,0,0,0,0,,disabled,,0,0,0,0,,1,Fixed Quality,Hybrid,85,30,9500,12000,640,360,H.264,480,270,518400,28178,518400,28178,0.054,0.000,,0,0,0.000,2.029,0.000,0.000,0.112,7250,6750,6750,34,34,0,1,9500,1.000,0,7.712,0.000,0,0,0.000,0.000,0,0,0,0,0.286,0.637,0.077,1,0,0,disabled,24,1,1,179,406,179,182,45,305,305,2,4,decoder-sync-observed,0,,0,0,11.589,23.729,0,,0.000,0.000,0.000,0.000,0,0,0,,51,0,0,3.560,0,1385,0.111,0.000,0.000,0.111,0.000,0.083,0.011,1,1,1,1,0,1,1,0,0,0,1,0,0.860,141.709,0.000,26,0,0.000,0,0,0,0.000,0.000,0.000,0.000,0.000,0.000,0.000,1.907,7.539,0,0,0,0,0,0,0,0,0.000,0.000,0.000,0.000,0.000,0.000,0,0.326,23.464,995,1003,4810,78.059,253.435,36.690,253.435,26507.769,698,1,H.264,171.728,0,0,252.084,253.106,0.999,206.395,170.375,arrival-gap-jitter-spike,24879.008,0,1,1,1,1,51386.777,473.801,474.843,475.772,475.772,0,0,13,0,0,11,0,,,150.630,171.728,1271,1,decoded,0,0,0,0,0,0,0,0,0,0,,105.049,0.000,108.134,0.000,0.000,0.000,142.696,stale-before-upload,0.001,1380,0.000,113.751,5.279,0.084,0.803,0.498,0.000,0.306,1,0,0,1,3,0.063,23.467,23.464,36.262,23.468,1.000,Loss,0,1,0,1.000,1,1,1,1,0.060,0.000,0.060,0,100,0,39651,37220,2390,0,2298
52.392,Custom_loss6_delay0-100_dup0_reorder6_burst0,Loopback,1,1,0,,,0.000,0,21,1408,21.351,21.334,21.400,94.584,101.968,69.481,64.641,19.412,0.063,0.252,37893,2545,35612,33067,5160,3085,336,1526,1270,256,213,0,33069,1034,349,0,0,0,0,5.000,0,0,0,0,0,0,0,0,0,0,0,0,0,0,0,0.000,0.000,0.000,,1022,1022,4902,0,1,42.872,252.084,43.926,253.106,0.000,0.000,1014,1008,19742,1290,338,0,3367,5539,1411,1,fec-parity,pending,H.264,1,1,24,9,15,3,1,2,6,37,0,0,40385,0,0,0,0,0,0,42.355,262,336,256,245,253,3,60.386,24.986,99.460,1,0,855,73,928,0,266,37,0.438,0.562,0.921,1.000,0.122,26.000,0.000,0.000,0.000,insufficient-sample,1818,14523,0,0,1059,13320,3367,31807,758,1197,1,6,31783,predicted-useful,fec-grace,5638,0.625,348,928,0,4,0,0,0,20,21,20,21,324,5134,324,5134,0,0,0,pacing,1,0.831,11.980,119.980,0,0,20,21,0,0,0,0,13,21,21,0,1398,1,1,sent,136,355,0,7,95,8,0,0,26,68,1399,2,stale-age,5159,4145,206,0,1,9500000,1200000,0,0,0,40396,40396,49602097,2403,2960325,1314,1626580,0,0,0,0,0,12.197,41.020,1719.500,3133.800,2076,73490,37878,16443,35612,19169,0.303,45.719,0.000,2076,5878322,8858916,1.078,10.251,0.544,21.686,73490,3367,1022,31807,919,2432,16,337,335,628,57,102,2,22,35,0,0,0,0,0,0,0,0,0,0,275,5,1,0,4,6793,5539,5539,0,0,0,0,0,,disabled,,0,0,0,0,,1,Fixed Quality,Hybrid,85,30,9500,12000,640,360,H.264,480,270,518400,28178,518400,28178,0.054,0.000,,0,0,0.000,2.103,0.000,0.000,0.072,7250,6750,6750,34,34,0,1,9500,1.000,0,13.263,0.000,0,0,0.000,0.000,0,0,0,0,0.282,0.639,0.079,1,0,0,disabled,24,1,1,181,411,181,185,45,309,309,2,4,decoder-sync-observed,0,,0,0,0.944,23.729,0,,0.000,0.000,0.000,0.000,0,0,0,,52,0,0,5.921,0,1412,0.071,0.000,0.000,0.071,0.000,0.049,0.007,1,1,1,1,0,1,1,0,0,0,0,0,1.000,0.000,0.000,30,0,0.000,0,0,0,0.000,0.000,0.000,0.000,0.000,0.000,0.000,2.022,22.028,0,0,0,0,0,0,0,0,0.000,0.000,0.000,0.000,0.000,0.000,0,0.518,21.334,1014,1022,4902,43.944,253.435,36.690,253.435,26507.769,698,1,H.264,171.728,0,0,252.084,253.106,0.999,206.395,170.375,arrival-gap-jitter-spike,25884.332,0,1,1,1,1,52392.101,473.801,474.843,475.772,475.772,0,0,13,0,0,11,0,,,150.630,171.728,1271,1,decoded,0,0,0,0,0,0,0,0,0,0,,99.509,0.000,102.335,0.000,0.000,0.000,127.292,stale-before-upload,0.000,1408,0.000,107.061,4.204,0.076,0.492,0.213,0.000,0.279,1,0,0,1,3,0.063,21.351,21.334,19.412,21.400,1.000,Loss,0,1,0,0.000,1,2,2,1,0.060,0.000,0.060,0,100,0,40448,37969,2426,0,2346
53.396,Custom_loss6_delay0-100_dup0_reorder6_burst0,Loopback,1,1,0,,,0.000,0,21,1437,16.423,16.439,16.406,114.788,101.981,90.810,65.175,30.476,0.063,0.257,38664,2580,36325,33745,5252,3135,343,1551,1293,258,223,0,33747,1049,362,0,0,0,0,5.000,0,0,0,0,0,0,0,0,0,0,0,0,0,0,0,0.000,0.000,0.000,,1037,1037,4999,0,1,89.894,252.084,91.365,253.106,0.000,0.000,1029,1022,20127,1307,351,0,3443,5640,1439,1,fec-parity,pending,H.264,1,1,24,11,13,3,0,1,4,17,0,0,41226,18,0,0,0,0,0,39.421,264,343,258,247,255,3,60.447,24.923,99.460,1,0,866,74,940,0,269,38,0.435,0.565,0.921,1.000,0.124,25.000,0.000,0.000,0.000,insufficient-sample,1845,14863,0,0,1081,13652,3443,32672,763,1205,1,6,32648,predicted-useful,fec-grace,5758,0.250,352,940,0,4,0,0,0,20,21,20,21,328,5194,328,5194,0,0,0,pacing,1,0.768,6.366,114.366,0,0,20,21,0,0,0,0,13,21,21,0,1398,1,1,sent,138,363,0,7,97,8,0,0,26,68,1427,4,stale-age,5219,4243,210,0,1,9500000,1200000,4,0,4,41218,41214,50604147,2445,3011997,1339,1657096,0,0,0,0,0,7.151,41.020,1064.312,1033.500,2116,74979,38654,16774,36325,19551,0.303,15.043,0.313,2116,4761351,7528125,1.007,12.466,0.477,8.810,74979,3443,1037,32672,930,2497,16,350,348,653,60,108,2,22,38,0,0,0,0,0,0,0,0,0,0,285,5,1,0,4,6935,5640,5640,0,0,0,0,0,,disabled,,0,0,0,0,,1,Fixed Quality,Hybrid,85,30,9500,12000,640,360,H.264,480,270,518400,28178,518400,28178,0.054,0.000,,0,0,0.000,2.760,0.000,0.000,0.133,7250,6750,6750,34,34,0,1,9500,1.000,0,7.151,0.000,0,0,2.149,0.000,3732,0,0,0,0.000,0.000,1.000,1,0,0,disabled,24,1,1,183,418,183,189,46,313,313,2,4,decoder-sync-observed,0,,0,0,9.878,23.729,0,,0.000,0.000,0.000,0.000,0,0,0,,53,0,0,5.250,0,1440,0.133,0.000,0.000,0.132,0.000,0.065,0.012,1,1,1,1,0,1,1,0,0,0,1,0,0.860,142.709,0.000,26,0,0.000,0,0,0,0.000,0.000,0.000,0.000,0.000,0.000,0.000,2.553,10.358,0,0,0,0,0,0,0,0,0.000,0.000,0.000,0.000,0.000,0.000,0,0.446,16.439,1029,1037,4999,91.303,253.435,36.690,253.435,26507.769,698,1,H.264,171.728,0,0,252.084,253.106,0.999,206.395,170.375,arrival-gap-jitter-spike,26888.773,0,1,1,1,1,53396.542,473.801,474.843,475.772,475.772,0,0,13,0,0,11,0,,,150.630,171.728,1271,1,decoded,0,0,0,0,0,0,0,0,0,0,,103.327,0.000,106.772,8.798,0.000,129.100,137.394,stale-before-upload,0.001,1435,0.000,110.711,6.756,0.100,0.434,0.001,0.000,0.433,1,0,0,1,3,0.063,16.423,16.439,30.476,16.406,1.000,RecoveryDeadline,0,1,0,1.000,3,3,3,1,0.060,0.000,0.060,0,100,0,41267,38739,2481,0,2402
54.399,Custom_loss6_delay0-100_dup0_reorder6_burst0,Loopback,1,1,0,,,0.000,0,21,1465,21.825,21.830,21.808,80.697,101.954,49.760,64.867,3.044,0.062,0.256,39444,2617,37054,34437,5356,3192,345,1591,1325,266,228,0,34439,1070,368,0,0,0,0,5.000,0,0,0,0,0,0,0,0,0,0,0,0,0,0,0,0.000,0.000,0.000,,1058,1058,5094,0,1,41.792,252.084,42.776,253.106,0.000,0.000,1050,1044,20532,1336,357,0,3517,5756,1467,1,nack-sent,pending,H.264,0,1,24,10,14,2,0,1,0,14,0,0,42044,10,0,0,0,0,0,42.234,269,345,266,255,263,3,60.362,24.749,99.460,1,0,881,71,952,0,278,38,0.438,0.562,0.925,1.000,0.120,33.000,0.000,0.000,0.000,insufficient-sample,1873,15222,0,0,1104,14001,3517,33478,768,1215,1,6,33454,predicted-useful,fec-grace,5876,0.417,356,952,0,4,0,0,0,20,21,20,21,332,5261,332,5261,0,0,0,pacing,1,0.814,5.137,113.137,0,0,20,21,0,0,0,0,13,21,21,0,1398,1,1,sent,140,367,0,7,99,8,0,0,26,68,1441,2,stale-age,5286,4334,214,0,1,9500000,1200000,8,8,0,42040,42032,51606837,2479,3054293,1358,1680732,0,0,0,0,0,0.659,41.020,844.312,1183.800,2158,76470,39422,17063,37048,19985,0.302,6.074,1.172,2158,6063436,9931251,0.887,1.763,0.479,19.178,76470,3515,1058,33460,944,2555,16,356,354,664,60,108,2,22,38,0,0,0,0,0,0,0,0,0,0,291,5,1,0,4,7080,5756,5756,0,0,0,0,0,,disabled,,0,0,0,0,,1,Fixed Quality,Hybrid,85,30,9500,12000,640,360,H.264,480,270,518400,28178,518400,28178,0.054,0.000,,0,0,0.000,1.967,0.000,0.000,0.071,7250,6750,6750,34,34,0,1,9500,1.000,0,9.729,0.000,0,0,4.000,0.864,27368,23636,0,0,0.283,0.643,0.075,1,0,0,disabled,24,1,1,185,424,185,192,47,317,317,1,4,keyframe-g4-priority,0,,0,0,11.725,23.729,0,,0.000,0.000,0.000,0.000,0,0,0,,54,0,0,6.269,0,1468,0.071,0.000,0.000,0.070,0.000,0.046,0.010,1,1,1,1,0,1,1,0,0,0,0,0,1.000,0.000,0.000,30,0,0.000,0,0,0,0.000,0.000,0.000,0.000,0.000,0.000,0.000,1.845,10.167,0,0,0,0,0,0,0,0,0.000,0.000,0.000,0.000,0.000,0.000,0,0.353,21.830,1050,1058,5094,42.901,253.435,36.690,253.435,26507.769,698,1,H.264,171.728,0,0,252.084,253.106,0.999,206.395,170.375,arrival-gap-jitter-spike,27891.374,0,1,1,1,1,54399.143,473.801,474.843,475.772,475.772,0,0,13,0,0,11,0,,,150.630,171.728,1271,1,decoded,0,0,0,0,0,0,0,0,0,0,,98.757,0.000,101.531,0.000,0.000,0.000,120.349,stale-before-upload,0.001,1465,0.000,106.212,4.322,0.088,0.884,0.657,0.000,0.227,1,0,0,1,3,0.062,21.825,21.830,3.044,21.808,1.000,Loss,0,1,0,3.000,1,3,3,1,0.060,0.000,0.060,0,100,0,42086,39518,2522,0,2450
55.405,Custom_loss6_delay0-100_dup0_reorder6_burst0,Loopback,1,1,0,,,0.000,0,21,1493,18.478,18.483,19.794,107.941,102.002,23.776,64.061,43.385,0.062,0.256,40236,2651,37781,35130,5462,3252,353,1624,1354,270,233,0,35132,1090,375,0,0,0,0,5.000,0,0,0,0,0,0,0,0,0,0,0,0,0,0,0,0.000,0.000,0.000,,1078,1078,5188,0,1,96.438,252.084,97.504,253.106,0.000,0.000,1070,1064,20942,1360,364,0,3594,5869,1495,1,fec-recovered,pending,H.264,0,1,24,18,6,3,2,2,7,24,0,0,42871,12,0,0,0,0,0,72.481,271,353,270,259,267,3,60.517,24.595,99.460,1,0,895,71,966,0,281,39,0.434,0.566,0.927,1.000,0.122,31.000,0.000,1.000,0.000,insufficient-sample,1911,15583,0,0,1127,14339,3594,34260,783,1238,1,6,34236,predicted-useful,fec-grace,5998,0.375,362,966,0,4,0,0,0,20,21,20,21,338,5365,338,5365,0,0,0,pacing,1,0.843,7.971,115.971,0,0,20,21,0,0,0,0,13,21,21,0,1398,1,1,sent,141,369,0,7,100,8,0,0,26,68,1468,2,stale-age,5390,4429,218,0,1,9500000,1200000,8,8,0,42864,42856,52616383,2523,3108455,1384,1713124,0,0,0,0,0,0.530,41.020,643.625,1160.850,2200,77987,40206,17396,37781,20385,0.302,51.904,0.000,2200,4381052,7359187,0.494,-3.786,0.492,25.313,77987,3594,1078,34260,956,2622,16,363,361,677,61,110,2,22,39,0,0,0,0,0,0,0,0,0,0,297,5,1,0,4,7221,5869,5869,0,0,0,0,0,,disabled,,0,0,0,0,,1,Fixed Quality,Hybrid,85,30,9500,12000,640,360,H.264,480,270,518400,28178,518400,28178,0.054,0.000,,0,0,0.000,1.997,0.000,0.000,0.062,7250,6750,6750,34,34,0,1,9500,1.000,0,13.975,0.000,0,0,4.000,0.864,27368,23636,0,0,0.000,1.000,0.000,1,0,0,disabled,24,1,1,187,430,187,196,47,321,321,1,4,keyframe-g4-priority,0,,0,0,15.751,23.729,0,,0.000,0.000,0.000,0.000,0,0,0,,55,0,0,2.749,0,1497,0.062,0.000,0.000,0.062,0.000,0.041,0.008,1,1,1,1,0,1,1,0,0,0,1,0,0.860,136.974,0.000,26,0,0.000,0,0,0,0.000,0.000,0.000,0.000,0.000,0.000,0.000,1.908,6.840,0,0,0,0,0,0,0,0,0.000,0.000,0.000,0.000,0.000,0.000,0,0.343,18.483,1070,1078,5188,97.583,253.435,36.690,253.435,26507.769,698,1,H.264,171.728,0,0,252.084,253.106,0.999,206.395,170.375,arrival-gap-jitter-spike,28897.533,0,1,1,1,1,55405.302,473.801,474.843,475.772,475.772,0,0,13,0,0,11,0,,,150.630,171.728,1271,1,decoded,0,0,0,0,0,0,0,0,0,0,,105.726,0.000,108.520,0.000,0.000,0.000,138.971,stale-before-upload,0.001,1493,0.000,113.487,4.618,0.075,0.836,0.586,0.000,0.250,1,0,0,1,3,0.062,18.478,18.483,43.385,19.794,1.000,RecoveryDeadline,0,1,0,0.000,1,1,1,1,0.060,0.000,0.060,0,100,0,42911,40311,2570,0,2503
56.413,Custom_loss6_delay0-100_dup0_reorder6_burst0,Loopback,1,1,0,,,0.000,0,21,1522,15.604,15.594,15.338,122.015,102.064,98.937,64.732,23.321,0.063,0.257,41005,2737,38533,35796,5552,3307,357,1650,1375,275,238,0,35798,1109,383,0,0,0,0,5.000,0,0,0,0,0,0,0,0,0,0,0,0,0,0,0,0.000,0.000,0.000,,1097,1097,5284,0,1,39.284,252.084,40.764,253.106,0.000,0.000,1089,1082,21321,1384,372,0,3664,5969,1524,1,nack-sent,pending,H.264,0,1,24,8,16,3,1,1,0,16,0,0,43694,9,0,0,0,0,0,46.708,276,357,275,264,272,3,60.750,24.450,99.460,1,0,909,72,981,0,285,39,0.436,0.564,0.927,1.000,0.120,40.000,0.000,0.000,0.000,insufficient-sample,1942,15886,0,0,1149,14630,3664,34984,792,1250,1,6,34959,predicted-useful,fec-grace,6112,0.000,367,981,0,4,0,0,0,20,21,20,21,343,5447,343,5447,0,0,0,pacing,1,0.830,8.380,116.380,0,0,20,21,0,0,0,0,13,21,21,0,1398,1,1,sent,143,372,0,7,102,8,0,0,26,68,1512,1,stale-age,5472,4516,222,1,1,9500000,1200000,0,0,0,43689,43689,53636551,2546,3136493,1390,1720636,0,0,0,0,0,12.969,41.020,3080.375,4800.000,2243,79532,41000,17736,38532,20796,0.302,48.642,0.000,2243,5863845,9098784,1.145,75.161,0.531,7.252,79532,3663,1097,34968,971,2676,16,371,369,694,61,110,2,22,39,0,0,0,0,0,0,0,0,0,0,305,5,1,0,4,7358,5969,5969,0,0,0,0,0,,disabled,,0,0,0,0,,1,Fixed Quality,Hybrid,85,30,9500,12000,640,360,H.264,480,270,518400,28178,518400,28178,0.054,0.000,,0,0,0.000,2.307,0.000,0.000,0.094,7250,6750,6750,34,34,0,1,9500,1.000,0,14.519,0.000,0,0,0.000,0.000,0,0,0,0,0.281,0.645,0.073,1,0,0,disabled,24,0,0,188,436,188,198,50,325,325,0,4,large-au-observed,0,,0,0,21.673,23.729,0,,0.000,0.000,0.000,0.000,0,0,0,,55,0,0,4.363,0,1525,0.094,0.000,0.000,0.093,0.000,0.063,0.012,1,1,1,1,0,1,1,0,0,0,1,0,0.860,67.469,0.000,26,0,0.000,0,0,0,0.000,0.000,0.000,0.000,0.000,0.000,0.000,2.201,9.572,0,0,0,0,0,0,0,0,0.000,0.000,0.000,0.000,0.000,0.000,0,0.537,15.594,1089,1097,5284,40.669,253.435,36.690,253.435,26507.769,698,1,H.264,171.728,0,0,252.084,253.106,0.999,206.395,170.375,arrival-gap-jitter-spike,29905.701,0,1,1,1,1,56413.470,473.801,474.843,475.772,475.772,0,0,13,0,0,11,0,,,150.630,171.728,1271,1,decoded,0,0,0,0,0,0,0,0,0,0,,112.257,0.000,115.747,2.404,0.000,130.251,141.007,stale-before-upload,0.001,1521,0.000,119.985,6.579,0.101,0.354,0.001,0.000,0.353,1,0,0,1,3,0.063,15.604,15.594,23.321,15.338,1.000,Loss,0,1,0,0.200,3,2,2,1,0.060,0.000,0.060,0,100,0,43745,41083,2618,0,2538
57.419,Custom_loss6_delay0-100_dup0_reorder6_burst0,Loopback,1,1,0,,,0.000,0,21,1551,19.800,19.818,20.942,95.965,102.033,32.623,64.126,34.906,0.063,0.257,41821,2798,39309,36511,5654,3372,363,1677,1398,279,242,0,36513,1130,391,0,0,0,0,5.000,0,0,0,0,0,0,0,0,0,0,0,0,0,0,0,0.000,0.000,0.000,,1118,1118,5381,0,1,14.590,252.084,15.598,253.106,0.000,0.000,1110,1104,21743,1409,380,0,3732,6092,1553,1,nack-suppressed-fec-grace,pending,H.264,0,1,24,11,13,1,0,0,0,0,0,0,44586,17,0,0,0,0,0,40.974,278,363,279,268,276,3,60.843,24.471,99.460,1,0,921,74,995,0,286,40,0.434,0.566,0.926,1.000,0.123,38.000,0.000,1.000,0.000,insufficient-sample,1985,16261,0,0,1174,14975,3732,35600,810,1280,1,6,35574,predicted-useful,fec-grace,6226,0.167,373,995,0,4,0,0,0,20,21,20,21,349,5552,349,5552,0,0,0,pacing,1,0.857,10.276,118.276,0,0,20,21,0,0,0,0,13,21,21,0,1398,1,1,sent,144,376,0,7,103,8,0,0,26,68,1540,4,stale-age,5577,4603,224,0,1,9500000,1200000,7,0,7,44573,44566,54711457,2590,3190655,1416,1753028,0,0,0,0,0,5.660,41.020,243.062,4800.000,2287,81100,41810,18064,39290,21226,0.302,21.887,0.439,2287,7023148,10218531,0.395,46.866,0.444,21.008,81100,3732,1118,35600,983,2733,16,379,377,711,62,112,2,22,40,0,0,0,0,0,0,0,0,0,0,312,5,1,0,4,7505,6092,6092,0,0,0,0,0,,disabled,,0,0,0,0,,1,Fixed Quality,Hybrid,85,30,9500,12000,640,360,H.264,480,270,518400,28176,518400,28176,0.054,0.000,,0,0,0.000,1.956,0.000,0.000,0.074,7250,6750,6750,34,34,0,1,9500,1.000,0,9.895,0.000,0,0,0.000,0.000,0,0,0,0,0.279,0.646,0.074,1,0,0,disabled,24,0,0,191,440,191,199,50,329,329,0,4,large-au-observed,0,,0,0,15.248,23.727,0,,0.000,0.000,0.000,0.000,0,0,0,,56,0,0,5.383,0,1554,0.074,0.000,0.000,0.074,0.000,0.050,0.009,1,1,1,1,0,1,1,0,0,0,0,0,1.000,0.000,0.000,30,0,0.000,0,0,0,0.000,0.000,0.000,0.000,0.000,0.000,0.000,1.875,9.423,0,0,0,0,0,0,0,0,0.000,0.000,0.000,0.000,0.000,0.000,0,0.328,19.818,1110,1118,5381,15.720,253.435,36.690,253.435,26507.769,698,1,H.264,171.728,0,0,252.084,253.106,0.999,206.395,170.375,arrival-gap-jitter-spike,30911.139,0,1,1,1,1,57418.908,473.801,474.843,475.772,475.772,0,0,13,0,0,11,0,,,150.630,171.728,1271,1,decoded,0,0,0,0,0,0,0,0,0,0,,104.523,0.000,107.264,0.000,0.000,0.000,127.983,stale-before-upload,0.001,1551,0.000,113.706,6.109,0.076,0.846,0.595,0.000,0.251,1,0,0,1,3,0.063,19.800,19.818,34.906,20.942,1.000,RecoveryDeadline,0,1,0,0.000,2,3,3,1,0.060,0.000,0.060,0,100,0,44623,41901,2677,0,2592
58.420,Custom_loss6_delay0-100_dup0_reorder6_burst0,Loopback,1,1,0,,,0.000,0,21,1581,18.957,17.063,17.055,80.958,102.010,6.269,63.055,4.853,0.062,0.258,42607,2837,40032,37195,5751,3422,374,1708,1425,283,247,0,37197,1150,400,0,0,0,0,5.000,0,0,0,0,0,0,0,0,0,0,0,0,0,0,0,0.000,0.000,0.000,,1136,1136,5477,0,1,56.556,252.084,57.604,253.106,0.000,0.000,1128,1121,22136,1433,387,0,3799,6197,1580,1,fec-recovered,pending,H.264,0,1,24,24,0,6,5,2,1,7,0,0,45354,17,0,0,0,0,0,100.155,280,374,283,272,280,3,60.247,24.583,99.460,1,0,938,73,1011,0,287,41,0.428,0.572,0.928,1.000,0.125,44.000,0.000,0.000,0.000,insufficient-sample,2024,16578,0,0,1196,15265,3799,36231,827,1307,1,6,36205,deferred-likely-arrival,likely-arrival,6337,0.000,379,1011,0,4,0,0,0,20,21,20,21,354,5637,354,5637,0,0,0,pacing,1,0.820,8.583,116.583,0,0,20,21,0,0,0,0,13,21,21,0,1398,1,1,sent,146,383,0,7,104,8,0,0,27,71,1571,3,selected-repair,5662,4688,228,0,1,9500000,1200000,0,0,0,45399,45399,55731625,2636,3247305,1445,1788522,0,0,0,0,0,18.307,41.020,5379.375,4800.000,2331,82617,42592,18421,40025,21604,0.302,33.829,0.000,2331,5504675,8723011,0.831,32.222,0.492,23.529,82617,3799,1138,36231,997,2786,16,386,384,724,63,113,1,23,40,0,0,0,0,0,0,0,0,0,0,318,5,1,0,4,7643,6197,6197,0,0,0,0,0,,disabled,,0,0,0,0,,1,Fixed Quality,Hybrid,85,30,9500,12000,640,360,H.264,480,270,518400,28178,518400,28178,0.054,0.000,,0,0,0.000,1.795,0.000,0.000,0.074,7250,6750,6750,34,34,0,1,9500,1.000,0,26.005,0.000,0,0,0.000,0.000,0,0,0,0,0.277,0.651,0.072,1,0,0,disabled,24,0,0,195,448,195,201,52,334,334,0,4,large-au-observed,0,,0,0,31.683,23.729,0,,0.000,0.000,0.000,0.000,0,0,0,,57,0,0,5.768,0,1583,0.074,0.000,0.000,0.073,0.000,0.049,0.009,1,1,1,1,0,1,1,0,0,0,0,0,1.000,0.000,0.000,30,0,0.000,0,0,0,0.000,0.000,0.000,0.000,0.000,0.000,0.000,1.713,20.303,0,0,0,0,0,0,0,0,0.000,0.000,0.000,0.000,0.000,0.000,0,0.285,17.063,1128,1136,5477,57.617,253.435,36.690,253.435,26507.769,698,1,H.264,171.728,0,0,252.084,253.106,0.999,206.395,170.375,arrival-gap-jitter-spike,31912.357,0,1,1,1,1,58420.126,473.801,474.843,475.772,475.772,0,0,13,0,0,11,0,,,150.630,171.728,1271,1,decoded,0,0,0,0,0,0,0,0,0,0,,95.541,0.000,98.374,5.600,0.000,90.702,120.479,stale-before-upload,0.001,1579,0.000,106.411,4.350,0.077,0.843,0.584,0.000,0.259,1,0,0,1,3,0.062,18.957,17.063,4.853,17.055,1.000,Loss,0,1,0,1.000,3,3,3,1,0.060,0.000,0.060,0,100,0,45457,42687,2723,0,2638
59.429,Custom_loss6_delay0-100_dup0_reorder6_burst0,Loopback,1,1,0,,,0.000,0,21,1607,23.318,21.495,21.443,125.726,102.091,94.927,63.634,6.926,0.062,0.258,43405,2890,40801,37911,5859,3488,381,1740,1453,287,250,0,37913,1172,407,0,0,0,0,5.000,0,0,0,0,0,0,0,0,0,0,0,0,0,0,0,0.000,0.000,0.000,,1156,1156,5571,0,1,34.626,252.084,35.959,253.106,0.000,0.000,1148,1142,22529,1459,392,0,3864,6309,1608,1,fec-parity,pending,H.264,0,1,24,22,2,6,5,2,8,22,0,0,46196,1,0,0,0,0,0,95.845,285,381,287,276,284,3,60.456,24.363,99.460,1,0,954,74,1028,0,291,42,0.428,0.572,0.928,1.000,0.126,45.000,0.500,0.500,0.000,stable,2061,16872,0,0,1218,15539,3864,36874,842,1327,1,6,36846,predicted-useful,fec-grace,6448,0.542,386,1028,0,4,0,0,0,20,21,20,21,361,5762,361,5762,0,0,0,pacing,1,0.846,4.028,112.028,0,0,20,21,0,0,0,0,13,21,21,0,1398,1,1,sent,147,385,0,8,104,8,0,0,27,71,1586,2,stale-frame-lag,5787,4769,232,0,1,9500000,1200000,10,0,10,46256,46246,56769783,2683,3305199,1470,1819662,0,0,0,0,0,2.260,41.020,429.188,4800.000,2376,84189,43403,18751,40786,22035,0.302,11.088,1.027,2376,5347177,8564594,1.817,43.509,0.451,11.722,84189,3864,1160,36874,1015,2833,16,391,389,731,65,116,2,24,41,0,0,0,0,0,0,0,0,0,0,321,5,1,0,4,7779,6309,6309,0,0,0,0,0,,disabled,,0,0,0,0,,1,Fixed Quality,Hybrid,85,30,9500,12000,640,360,H.264,480,270,518400,28178,518400,28178,0.054,0.000,,0,0,0.000,2.485,0.000,0.000,0.132,7250,6750,6750,34,34,0,1,9500,1.000,0,11.417,0.000,0,0,0.000,0.000,0,0,0,0,0.277,0.651,0.072,1,0,0,disabled,24,0,0,199,457,199,206,52,340,340,0,4,large-au-observed,0,,0,0,13.735,23.729,0,,0.000,0.000,0.000,0.000,0,0,0,,58,0,0,8.599,0,1611,0.131,0.000,0.000,0.131,0.000,0.091,0.012,1,1,1,1,0,1,1,0,0,0,1,0,0.860,0.100,0.000,26,0,0.000,0,0,0,0.000,0.000,0.000,0.000,0.000,0.000,0.000,2.337,13.421,0,0,0,0,0,0,0,0,0.000,0.000,0.000,0.000,0.000,0.000,0,0.490,21.496,1148,1156,5571,35.953,253.435,36.690,253.435,26507.769,698,1,H.264,171.728,0,0,252.084,253.106,0.999,206.395,170.375,arrival-gap-jitter-spike,32921.308,0,1,1,1,1,59429.077,473.801,474.843,475.772,475.772,0,0,13,0,0,11,0,,,150.630,171.728,1271,1,decoded,0,0,0,0,0,0,0,0,0,0,,108.396,0.000,111.760,0.000,0.000,0.000,142.863,stale-before-upload,0.001,1607,0.000,119.286,7.017,0.104,0.351,0.001,0.000,0.350,1,0,0,1,3,0.062,23.318,21.495,6.926,21.443,1.000,Loss,0,1,0,0.667,3,2,2,1,0.060,0.000,0.060,0,100,0,46305,43485,2765,0,2699
60.433,Custom_loss6_delay0-100_dup0_reorder6_burst0,Loopback,1,1,0,,,0.000,0,21,1634,11.774,11.776,11.753,115.305,102.133,66.267,63.681,2.175,0.062,0.261,44207,2935,41548,38613,5958,3551,390,1762,1469,293,255,0,38615,1188,419,0,0,0,0,5.000,0,0,0,0,0,0,0,0,0,0,0,0,0,0,0,0.000,0.000,0.000,,1172,1172,5668,0,1,81.701,252.084,82.755,253.106,0.000,0.000,1164,1158,22943,1481,405,0,3940,6417,1636,1,fec-parity,pending,H.264,0,1,24,19,5,5,2,3,5,24,0,0,47073,18,0,0,0,0,0,97.469,288,390,293,282,290,3,60.624,24.668,99.460,2,0,973,74,1047,0,294,42,0.425,0.575,0.929,1.000,0.125,39.000,0.000,1.000,0.000,insufficient-sample,2104,17183,0,0,1239,15812,3940,37607,864,1365,1,6,37579,predicted-useful,fec-grace,6565,0.208,393,1047,0,4,0,0,0,20,21,20,21,368,5880,368,5880,0,0,0,pacing,1,0.784,12.785,120.785,0,0,20,21,0,0,0,0,13,21,21,0,1398,1,1,sent,149,388,0,8,106,8,0,0,27,71,1615,2,stale-age,5905,4862,236,0,1,9500000,1200000,16,0,16,47115,47098,57813589,2732,3365581,1495,1850810,0,0,0,0,0,0.885,41.020,7368.312,4800.000,2420,85725,44184,19140,41541,22401,0.302,6.780,1.811,2420,4528138,8142523,0.934,29.075,0.518,11.920,85725,3940,1176,37607,1036,2888,16,403,401,749,67,119,2,25,42,0,0,0,0,0,0,0,0,0,0,331,5,1,0,4,7919,6417,6417,0,0,0,0,0,,disabled,,0,0,0,0,,1,Fixed Quality,Hybrid,85,30,9500,12000,640,360,H.264,480,270,518400,28176,518400,28176,0.054,0.000,,0,0,0.000,2.204,0.000,0.000,0.303,7250,6750,6750,34,34,0,1,9500,1.000,0,22.073,0.000,0,0,0.000,0.000,0,0,0,0,0.275,0.654,0.071,1,0,0,disabled,24,0,0,203,466,203,209,54,347,347,0,4,large-au-observed,0,,0,0,23.720,23.727,0,,0.000,0.000,0.000,0.000,0,0,0,,59,0,0,6.713,0,1639,0.302,0.000,0.000,0.302,0.000,0.097,0.168,1,1,1,1,0,1,1,0,0,0,0,0,1.000,0.000,0.000,30,0,0.000,0,0,0,0.000,0.000,0.000,0.000,0.000,0.000,0.000,1.889,10.489,0,0,0,0,0,0,0,0,0.000,0.000,0.000,0.000,0.000,0.000,0,0.353,11.776,1164,1172,5668,82.650,253.435,36.690,253.435,26507.769,698,1,H.264,171.728,0,0,252.084,253.106,0.999,206.395,170.375,arrival-gap-jitter-spike,33925.785,0,1,1,1,1,60433.554,473.801,474.843,475.772,475.772,0,0,13,0,0,11,0,,,150.630,171.728,1271,1,decoded,0,0,0,0,0,0,0,0,0,0,,108.624,0.000,111.533,0.000,0.000,0.000,137.653,stale-before-upload,0.001,1634,0.000,116.654,4.747,0.077,0.762,0.452,0.000,0.310,1,0,0,1,3,0.062,11.774,11.776,2.175,11.753,1.000,RecoveryDeadline,0,1,0,1.000,0,1,1,1,0.060,0.000,0.060,0,100,0,47159,44289,2824,0,2748
