timeSec,scenarioName,networkRuntimeMode,networkModeSendingEnabled,networkModeReceivingEnabled,networkExperimentActive,networkExperimentScenarioName,networkExperimentAdaptiveMode,networkExperimentRemainingSec,networkExperimentStepIndex,networkExperimentStepCount,frameId,receiveFps,decodeFps,displayFps,currentLatencyMs,averageLatencyMs,currentRttMs,averageRttMs,currentJitterMs,packetLossRate,frameDropRate,receivedPackets,missingPackets,sequenceGapPackets,sequenceGapRecoveredPackets,duplicatePackets,duplicateOriginalPackets,duplicateRetransmitPackets,duplicateLateAfterCompletedPackets,duplicateLateAfterCompletedOriginalPackets,duplicateLateAfterCompletedRetransmitPackets,duplicateLateAfterExpiredPackets,duplicateLateAfterRejectedPackets,reorderedPackets,completedFrames,droppedFrames,deadlineDroppedFrames,outputQueueDroppedFrames,outputQueueDropEvents,outputQueueDropBurstEvents,startupWarmupSec,startupWarmupActive,outputQueueDroppedFramesDelta,outputQueueDropEventsDelta,outputQueueDropBurstEventsDelta,startupOutputQueueDroppedFrames,startupOutputQueueDropEvents,startupOutputQueueDropBurstEvents,steadyOutputQueueDroppedFrames,steadyOutputQueueDropEvents,steadyOutputQueueDropBurstEvents,evaluationOutputQueueDroppedFrames,evaluationOutputQueueDropEvents,evaluationOutputQueueDropBurstEvents,lastOutputQueueDropFrameCount,lastOutputQueueDropQueueSize,lastOutputQueueDropOldestAgeMs,lastOutputQueueDropNewestAgeMs,maxOutputQueueDropOldestAgeMs,lastOutputQueueDropReason,completedQueuePushes,completedQueuePops,completedQueueEmptyPolls,completedQueueSize,maxCompletedQueueSize,completedQueueLastPopAgeMs,completedQueueMaxPopAgeMs,completedQueueLastPushIntervalMs,completedQueueMaxPushIntervalMs,lastOutputQueueDropPopAgeMs,lastOutputQueueDropPushIntervalMs,decodedFrames,displayedFrames,frameRecoveryOutcomeEvents,frameRecoveryCompletedFrames,frameRecoveryExpiredFrames,frameRecoveryRejectedFrames,frameRecoveryNackSentFrames,frameRecoveryFecRecoveredFrames,frameRecoveryLastFrameId,frameRecoveryLastStreamId,frameRecoveryLastEvent,frameRecoveryLastOutcome,frameRecoveryLastCodec,frameRecoveryLastKeyFrame,frameRecoveryLastLargeFrame,frameRecoveryLastChunkCount,frameRecoveryLastReceivedChunks,frameRecoveryLastMissingChunks,frameRecoveryLastFecParityPackets,frameRecoveryLastFecRecoveredChunks,frameRecoveryLastNackCount,frameRecoveryLastPostNackReceivedChunks,frameRecoveryLastNackRequestedChunks,frameRecoveryLastRetransmitReceivedChunks,frameRecoveryLastRetransmitDuplicatePackets,frameRecoveryLastPacketSequence,frameRecoveryLastPacketChunkIndex,frameRecoveryLastRetransmitSequence,frameRecoveryLastRetransmitChunkIndex,frameRecoveryLastEventPacketSequence,frameRecoveryLastEventPacketChunkIndex,frameRecoveryLastEventWasRetransmit,frameRecoveryLastAgeMs,retransmitUsefulChunks,retransmitDuplicatePackets,retransmitLateAfterCompletedPackets,retransmitLateAfterCompletedLargePackets,retransmitLateAfterCompletedSentBeforeCompletePackets,retransmitLateAfterCompletedSentAfterCompletePackets,retransmitLateAfterCompletedAvgSendToCompleteMs,retransmitLateAfterCompletedAvgDelayMs,retransmitLateAfterCompletedMaxDelayMs,retransmitLateAfterExpiredPackets,retransmitLateAfterRejectedPackets,retransmitClassifiedPackets,retransmitNotArrivedPackets,retransmitAccountedPackets,retransmitUnclassifiedPackets,retransmitCompletedFrames,retransmitExpiredFrames,retransmitUsefulnessRatio,retransmitDuplicateRatio,retransmitFinalClassificationRatio,retransmitFinalAccountingRatio,retransmitExpiredAfterUsefulRatio,dynamicNackDeadlineMs,dynamicNackUsefulnessRatio,dynamicNackDuplicateRatio,dynamicNackExpiredAfterRetransmitRatio,dynamicNackDecisionReason,nackSuppressedFrames,nackSuppressedMissingChunks,nackPreflightSuppressedFrames,nackPreflightSuppressedChunks,nackFecGraceSuppressedFrames,nackFecGraceSuppressedChunks,nackPredictedUsefulFrames,nackPredictedUsefulChunks,nackDeferredForLikelyArrivalFrames,nackDeferredForLikelyArrivalChunks,nackSkippedTooLateFrames,nackSkippedTooLateChunks,nackRequestedChunkBudget,nackLastShapingReason,nackLastSuppressionReason,ackCount,lastAckMissingRate,ackRetransmittedFrames,ackRetransmittedChunks,repairCanceledByCompleteAckPackets,repairSkippedByTtlPackets,repairQueuedButCanceledPackets,repairSentAfterCompleteAckPackets,repairSentAfterCompleteAckLargePackets,repairSuppressedByFecLikelyFrames,repairSuppressedByFecLikelyPackets,repairSuppressedByFecLikelyLargeFrames,repairSuppressedByFecLikelyLargePackets,repairBudgetSuppressedFrames,repairBudgetSuppressedPackets,repairBudgetSuppressedLargeFrames,repairBudgetSuppressedLargePackets,repairRaceGuardSuppressedFrames,repairRaceGuardSuppressedPackets,repairRaceGuardSuppressedLargePackets,repairBudgetProfile,repairBudgetProfileSwitches,repairBudgetSmoothedMissingRate,repairBudgetSmoothedPacingQueueDelayMs,repairBudgetSmoothedDeliveryMs,repairFecLikelySuppressedCompletedFrames,repairFecLikelySuppressedCompletedPackets,repairFecLikelySuppressedExpiredFrames,repairFecLikelySuppressedExpiredPackets,repairFecLikelySuppressedPendingFrames,repairFecLikelySuppressedPendingPackets,repairFecLikelySuppressionRescueFrames,repairFecLikelySuppressionRescuePackets,h264KeyTinyMissingCriticalFrames,h264KeyTinyMissingCriticalPackets,h264KeyTinyMissingCriticalSentPackets,h264KeyTinyMissingCriticalSkippedPackets,h264KeyTinyMissingCriticalLastFrameId,h264KeyTinyMissingCriticalLastAckMissingChunks,h264KeyTinyMissingCriticalLastRequestedChunks,h264KeyTinyMissingCriticalLastEvent,lateRepairSavedPackets,ackStaleDroppedFrames,ackKeyFrameRequests,ackKeyFramePending,pacingEnabled,pacingTargetBitrateBps,pacingRepairTargetBitrateBps,pacingQueuedPackets,pacingHighPriorityQueuedPackets,pacingNormalQueuedPackets,pacingEnqueuedPackets,pacingSentPackets,pacingSentBytes,pacingRepairSentPackets,pacingRepairSentBytes,pacingRepairBorrowedPackets,pacingRepairBorrowedBytes,pacingDroppedPackets,pacingDeadlineDroppedPackets,pacingHighPriorityDeadlineDroppedPackets,pacingNormalDeadlineDroppedPackets,pacingOverflowDroppedPackets,pacingCurrentQueueDelayMs,pacingMaxQueueDelayMs,pacingVideoCreditBytes,pacingRepairCreditBytes,transportFeedbackPackets,transportFeedbackPacketStatuses,transportFeedbackReceivedPackets,transportFeedbackMissingPackets,transportFeedbackSequenceGapPackets,transportFeedbackSequenceGapRecoveredPackets,transportFeedbackLossRate,transportFeedbackArrivalJitterMs,transportFeedbackQueueDelayTrendMs,transportFeedbackLastSequence,estimatedBandwidthBps,deliveryRateBps,bandwidthQueueDelayMs,bandwidthRttTrendMs,bandwidthLossTrend,bandwidthJitterTrendMs,bandwidthFeedbackSamples,deadlineNackSentFrames,deadlineNackRecoveredFrames,deadlineNackMissingChunks,deadlineNackSentH264KeyFrames,deadlineNackSentH264LargeFrames,deadlineNackSentH264DeltaFrames,deadlineNackExpiredDroppedFrames,deadlineNackExpiredAfterNackFrames,deadlineNackExpiredMissingChunks,deadlineNackExpiredH264KeyFrames,deadlineNackExpiredH264KeyMissingChunks,deadlineNackLastExpiredH264KeyMissingChunks,deadlineNackExpiredH264KeyMissingChunks1,deadlineNackExpiredH264KeyMissingChunks2To4,deadlineNackExpiredH264KeyMissingChunks5To8,deadlineNackExpiredH264KeyMissingChunks9To16,deadlineNackExpiredH264KeyMissingChunks17Plus,h264KeySmallMissingDeadlineRescueFrames,h264KeySmallMissingDeadlineRescueMissingChunks,h264KeySmallMissingDeadlineRescueCompletedFrames,h264KeySmallMissingDeadlineRescueRejectedFrames,h264KeySmallMissingDeadlineRescueExpiredFrames,h264KeySmallMissingDeadlineRescueCompletedMissingChunks,h264KeySmallMissingDeadlineRescueExpiredMissingChunks,deadlineNackExpiredH264LargeFrames,deadlineNackExpiredH264DeltaFrames,fecEnabled,adaptiveFecEnabled,fecGroupChunkCount,fecParityPackets,fecRecoveredFrames,fecRecoveredChunks,h264ReassemblerAuRejectedFrames,h264ReassemblerHeaderFailures,h264ReassemblerPayloadSizeMismatches,h264ReassemblerFrameIdMismatches,h264ReassemblerCrcMismatches,h264ReassemblerLastRejectReason,adaptiveFecDecisionReason,adaptiveFecHoldReason,adaptiveFecG8ToG4Recovery,adaptiveFecQualityHoldActive,adaptiveFecQualityHoldCanceled,adaptiveFecEmergencyG2Active,adaptiveFecEarlyOffReason,adaptiveEnabled,adaptiveControlMode,adaptiveCongestionControlMode,targetJpegQuality,targetFps,targetBitrateKbps,adaptiveBandwidthCeilingKbps,targetWidth,targetHeight,actualCodec,actualEncodeWidth,actualEncodeHeight,actualRawFrameBytes,actualEncodedFrameBytes,rawFrameBytes,encodedFrameBytes,compressionRatio,captureFps,cameraCaptureSubtype,cameraCaptureWidth,cameraCaptureHeight,cameraCaptureFormatFps,encodeMs,resizeMs,nv12PrepareMs,h264EncodeMs,h264EncoderRequestedBitrateKbps,h264EncoderTargetBitrateKbps,h264EncoderAppliedBitrateKbps,h264DynamicBitrateUpdateRequests,h264DynamicBitrateUpdateSuccesses,h264DynamicBitrateUpdateFailures,h264EncoderReinitializations,pacingBudgetTargetBitrateKbps,h264VideoBudgetScale,pacingBurstGuardActive,fixedPacingRecentMaxQueueDelayMs,fixedPacingQueueReleaseStableSec,fixedPacingQueueRecovered,fixedPacingQueueReleaseEligible,adaptiveRepairBudgetUtilization,adaptiveRepairBorrowedRatio,adaptiveRepairSentBytesDelta,adaptiveRepairBorrowedBytesDelta,adaptiveRepairBudgetGuardActive,adaptiveRepairVideoBudgetPressure,adaptiveRetransmitUsefulRatio,adaptiveLateRepairWasteRatio,adaptiveRetransmitNotArrivedRatio,adaptiveRetransmitAccountingComplete,adaptiveLateRepairWastePressure,adaptiveRetransmitNotArrivedPressure,adaptiveRepairDecisionReason,h264AuChunkCount,h264AuIsIdr,h264AuIsDecoderSync,h264RequestedKeyFrameConsumedFrames,h264EncoderKeyFrameRequests,h264RecoveryKeyFrameRequests,h264AwaitingSyncKeyFrameRequests,h264PeriodicIdrRequests,h264IdrFrames,h264DecoderSyncFrames,h264ConsecutiveIdrFrames,h264MaxConsecutiveIdrFrames,h264AuProtectionLevel,h264AuDroppedBeforeSend,h264AuDropReason,h264AuDroppedBytes,h264AuDroppedChunks,h264AuPacingQueueDelayMs,h264AuEstimatedSendMs,h264InputGatedByPacing,h264InputGateReason,h264InputGateQueueDelayMs,h264InputGateVideoCreditBytes,h264InputGateFrameBudgetBytes,h264InputGateDurationMs,h264InputGateConsecutiveFrames,h264InputGateSkippedInputFrames,h264InputGateForcedOpen,h264InputGateReleaseReason,fecProtectedH264KeyFrames,fecProtectedH264LargeFrames,h264EncoderDelayFrames,h264EncoderDelayMs,h264EncoderPendingFrames,h264EncodedInputFrameId,h264EncoderCallMs,h264EncoderSampleCreateMs,h264EncoderProcessInputMs,h264EncoderPreInputPollMs,h264EncoderPostInputWaitMs,h264EncoderProcessOutputMs,h264EncoderOutputCopyMs,h264EncoderProcessOutputAttempts,h264EncoderAsyncEventCount,h264EncoderHardware,h264EncoderAsync,h264EncoderNeedInputSignaled,h264EncoderOutputProduced,h264EncoderOutputProducedBeforeInput,h264SubmittedNewInput,h264AsyncSubmittedWithoutOutput,h264AsyncPendingNoOutput,h264AsyncCadenceHoldActive,h264AsyncPendingNoOutputStreak,h264AsyncCadenceScale,h264AsyncCadenceHoldRemainingMs,h264AsyncOutputPollBackoffMs,h264InputCadenceFps,h264NeedInputSubmitWake,h264NeedInputSubmitLeadMs,encodedCameraFrameId,encodedCameraSourceTimestamp100ns,encodedCameraCaptureCompletedTimeUs,encodedCameraFrameAgeMs,encodedCameraReadSampleMs,encodedCameraReadSampleEndToCaptureMs,encodedCameraCaptureToPublishMs,encodedCameraPublishToAcquireMs,encodedCameraAcquireToEncoderInputMs,jpegEncodeMs,packetizeMs,sendFrameIntervalMs,cameraFrameReady,cameraFrameId,cameraSourceTimestamp100ns,cameraReadSampleStartTimeUs,cameraReadSampleEndTimeUs,cameraCaptureCompletedTimeUs,cameraFramePublishedTimeUs,cameraSenderAcquireTimeUs,cameraReadSampleMs,cameraReadSampleEndToCaptureMs,cameraCaptureToPublishMs,cameraPublishToAcquireMs,cameraAcquireToSendMs,cameraFrameAgeMs,cameraFrameCacheUsed,receiveJpegDecodeMs,receiveDecodeWorkerFps,receiveDecodeWorkerFrames,receiveDecodePopSuccesses,receiveDecodePopEmptyPolls,receiveDecodeLoopLastPopGapMs,receiveDecodeLoopMaxPopGapMs,receiveStartupDecodeLoopMaxPopGapMs,receiveSteadyDecodeLoopMaxPopGapMs,receiveSteadyDecodeLoopMaxPopGapAtMs,receiveSteadyDecodeLoopMaxPopGapFrameId,receiveSteadyDecodeLoopMaxPopGapStreamId,receiveSteadyDecodeLoopMaxPopGapCodec,receiveSteadyDecodeLoopMaxPopGapInputFrameAgeMs,receiveSteadyDecodeLoopMaxPopGapDecodedQueueSize,receiveSteadyDecodeLoopMaxPopGapCompletedQueueSize,receiveSteadyDecodeLoopMaxPopGapCompletedQueuePopAgeMs,receiveSteadyDecodeLoopMaxPopGapCompletedQueuePushIntervalMs,receiveSteadyDecodeLoopMaxPopGapArrivalRatio,receiveSteadyDecodeLoopMaxPopGapReceiverJitterMs,receiveSteadyDecodeLoopMaxPopGapReceiverLatencyMs,receiveSteadyDecodeLoopMaxPopGapClass,receiveSteadyDecodeLoopMaxPopGapAgeMs,receiveH264StartupActive,receiveH264StartupDecoderSynced,receiveH264StartupFirstDecoded,receiveH264StartupFirstDisplayed,receiveH264StartupReady,receiveH264StartupElapsedMs,receiveH264StartupDecoderSyncMs,receiveH264StartupFirstDecodedMs,receiveH264StartupFirstDisplayedMs,receiveH264StartupReadyMs,receiveH264StartupQueueFlushFrames,receiveDecodeOverwrittenFrames,receiveDecodeQueueDroppedFrames,receiveDecodeRenderOverwriteFrames,receiveDecodeFailures,receiveFreshnessDroppedFrames,receiveFreshnessDroppedFramesDelta,receiveFreshnessDropClass,receiveFreshnessDropEvidence,receiveLastFreshnessDropAgeMs,receiveMaxFreshnessDropAgeMs,receiveLastFreshnessDropFrameId,receiveLastFreshnessDropStreamId,receiveLastFreshnessDropCodec,receiveH264AuInvalidFrames,receiveH264AuCrcMismatches,receiveH264AuPayloadSizeMismatches,receiveH264AuNalCountMismatches,receiveH264AuNoAnnexBNals,receiveH264AuIdrFlagMismatches,receiveH264AuSpsPpsFlagMismatches,receiveH264AuSyncWithoutIdr,receiveH264AuIdrWithoutSpsPps,receiveH264AuForbiddenZeroBit,receiveH264AuLastInvalidReason,receiveDecodeInputFrameAgeMs,receiveDecodeInputCameraFrameAgeMs,receiveDecodeInputEncoderOutputAgeMs,receiveLatestDecodedFrameAgeMs,receiveLatestDecodedCameraFrameAgeMs,receiveLatestDecodedEncoderOutputAgeMs,receiveFreshnessDropThresholdMs,receiveDecodeLastDropReason,receiveUploadBufferWaitMs,receiveDisplayFrameId,receiveDisplayCameraFrameAgeMs,receiveDisplayEncoderOutputAgeMs,receiveDisplayDecodedFrameAgeMs,textureUploadMs,presentGpuWaitMs,renderFramePacingWaitMs,waitableSwapChainWaitMs,presentMs,presentSyncInterval,lowLatencyPresentMode,waitableSwapChainPacingEnabled,waitableSwapChainAvailable,swapChainBufferCount,adaptiveInputPacketLossRate,adaptiveInputReceiveFps,adaptiveInputDecodeFps,adaptiveInputJitterMs,adaptiveInputDisplayFps,adaptiveQoeScore,adaptiveDegradationCause,adaptiveArrivalGapJitterSpikeActive,adaptiveFecRecoveryWorking,adaptiveFecGuardActive,adaptiveFecRecoveryEfficiency,adaptiveFecParityPacketDelta,adaptiveFecRecoveredFrameDelta,adaptiveFecRecoveredChunkDelta,simEnabled,simLossRate,simDuplicateRate,simReorderRate,simMinDelayMs,simMaxDelayMs,simBurstLossLength,simSubmittedPackets,simSentPackets,simDroppedPackets,simDuplicatedPackets,simReorderedPackets
0.137,Custom_loss6_delay0-100_dup0_reorder6_burst0,Loopback,1,1,0,,,0.000,0,21,0,0.000,0.000,0.000,0.000,0.000,0.000,0.000,0.000,0.000,0.000,0,0,0,0,0,0,0,0,0,0,0,0,0,0,0,0,0,0,0,5.000,1,0,0,0,0,0,0,0,0,0,0,0,0,0,0,0.000,0.000,0.000,,0,0,13,0,0,0.000,0.000,0.000,0.000,0.000,0.000,0,0,0,0,0,0,0,0,0,0,,,,0,0,0,0,0,0,0,0,0,0,0,0,0,0,0,0,0,0,0,0.000,0,0,0,0,0,0,0.000,0.000,0.000,0,0,0,0,0,0,0,0,0.000,0.000,0.000,0.000,0.000,0.000,0.000,0.000,0.000,,0,0,0,0,0,0,0,0,0,0,0,0,0,,,0,0.000,0,0,0,0,0,0,0,0,0,0,0,0,0,0,0,0,0,0,balanced,0,0.000,0.000,0.000,0,0,0,0,0,0,0,0,0,0,0,0,0,0,0,,0,0,0,0,1,9500000,1200000,0,0,0,0,0,0,0,0,0,0,0,0,0,0,0,0.000,0.000,3750.000,4800.000,0,0,0,0,0,0,0.000,0.000,0.000,0,6000000,0,0.000,0.000,0.000,0.000,0,0,0,0,0,0,0,0,0,0,0,0,0,0,0,0,0,0,0,0,0,0,0,0,0,0,0,1,0,4,0,0,0,0,0,0,0,0,,disabled,,0,0,0,0,,1,Fixed Quality,Hybrid,85,30,9500,12000,640,360,,0,0,0,0,0,0,0.000,0.000,,0,0,0.000,0.000,0.000,0.000,0.000,0,0,0,0,0,0,0,0,1.000,0,0.000,0.000,1,0,0.000,0.000,0,0,0,0,0.000,0.000,0.000,0,0,0,disabled,0,0,0,0,0,0,0,0,0,0,0,0,,0,,0,0,0.000,0.000,0,,0.000,0.000,0.000,0.000,0,0,0,,0,0,0,0.000,0,0,0.000,0.000,0.000,0.000,0.000,0.000,0.000,0,0,0,0,0,0,0,0,0,0,0,0,1.000,0.000,0.000,0,0,0.000,0,0,0,0.000,0.000,0.000,0.000,0.000,0.000,0.000,0.000,0.000,0,0,0,0,0,0,0,0,0.000,0.000,0.000,0.000,0.000,0.000,0,0.000,0.000,0,0,13,0.000,0.000,0.000,0.000,0.000,0,0,,0.000,0,0,0.000,0.000,0.000,0.000,0.000,,-1.000,1,0,0,0,0,136.661,0.000,0.000,0.000,0.000,0,0,0,0,0,0,0,,,0.000,0.000,0,0,,0,0,0,0,0,0,0,0,0,0,,0.000,0.000,0.000,0.000,0.000,0.000,120.000,,0.000,0,0.000,0.000,0.000,0.000,0.000,0.000,0.000,0.000,1,0,0,1,3,0.000,0.000,0.000,0.000,0.000,0.000,None,0,0,0,0.000,0,0,0,1,0.060,0.000,0.060,0,100,0,0,0,0,0,0
1.138,Custom_loss6_delay0-100_dup0_reorder6_burst0,Loopback,1,1,0,,,0.000,0,21,18,23.149,21.149,21.001,112.831,84.202,0.000,0.000,9.822,0.107,0.053,308,37,290,253,37,16,3,18,13,5,0,0,255,18,1,0,0,0,0,5.000,1,0,0,0,0,0,0,0,0,0,0,0,0,0,0,0.000,0.000,0.000,,17,17,101,0,1,32.383,86.535,33.376,86.827,0.000,0.000,16,16,164,23,0,0,28,37,19,1,fec-recovered,pending,H.264,0,1,26,25,1,4,3,2,10,19,0,0,311,20,0,0,0,0,0,69.550,5,3,5,1,5,0,25.456,35.653,71.796,0,0,13,0,13,0,8,0,0.625,0.375,1.000,1.000,0.000,29.000,0.000,0.000,0.000,insufficient-sample,22,114,0,0,12,97,28,244,10,17,0,0,244,predicted-useful,fec-grace,61,0.231,5,13,0,0,0,0,0,0,0,0,0,2,35,2,35,0,0,0,jitter-ack-loss,0,0.743,3.280,111.280,0,0,0,0,0,0,0,0,2,4,4,0,3,2,2,sent,35,38,4,0,1,9500000,1200000,7,0,7,389,382,457599,18,21211,2,2496,0,0,0,0,0,6.822,31.116,446.688,4800.000,23,594,304,170,290,120,0.359,1.765,1.385,23,6618715,9606544,1.514,0.000,0.438,11.398,594,28,13,244,9,15,4,0,0,0,0,0,0,0,0,0,0,0,0,0,0,0,0,0,0,0,0,1,0,4,46,37,37,0,0,0,0,0,,disabled,,0,0,0,0,,1,Fixed Quality,Hybrid,85,30,9500,12000,640,360,H.264,480,270,518400,30264,518400,30264,0.058,0.000,,0,0,0.000,2.755,0.000,0.000,0.146,7250,7250,7250,0,0,0,1,9500,1.000,0,18.205,0.000,0,0,0.000,0.000,0,0,0,0,0.385,0.615,0.000,1,0,0,disabled,26,0,0,2,7,2,5,0,5,5,0,3,large-au-observed,0,,0,0,21.978,25.485,0,,0.000,0.000,0.000,0.000,0,0,0,,1,0,0,6.320,0,21,0.145,0.000,0.000,0.145,0.000,0.113,0.009,1,1,1,1,0,1,1,0,0,0,1,0,0.860,104.668,0.000,26,0,0.000,0,0,0,0.000,0.000,0.000,0.000,0.000,0.000,0.000,2.599,10.158,0,0,0,0,0,0,0,0,0.000,0.000,0.000,0.000,0.000,0.000,0,0.124,21.149,16,17,101,33.460,86.703,58.054,86.703,842.067,11,1,H.264,96.179,0,0,86.535,86.827,1.001,62.472,95.977,arrival-gap-jitter-spike,296.542,0,1,1,1,1,1138.609,411.150,454.875,455.724,455.724,0,0,0,0,0,0,0,,,0.000,0.000,0,0,,0,0,0,0,0,0,0,0,0,0,,102.670,0.000,105.228,0.000,0.000,0.000,136.416,,0.001,18,0.000,110.722,4.908,0.095,0.272,0.001,0.000,0.272,1,0,0,1,3,0.107,23.149,21.149,9.822,21.001,1.000,Jitter,1,1,0,1.000,0,1,1,1,0.060,0.000,0.060,0,100,0,383,308,24,0,13
2.143,Custom_loss6_delay0-100_dup0_reorder6_burst0,Loopback,1,1,0,,,0.000,0,21,45,23.121,19.274,19.263,107.848,98.252,14.511,14.511,22.729,0.094,0.208,1141,118,1090,972,120,67,8,42,36,6,3,0,974,38,10,0,0,0,0,5.000,1,0,0,0,0,0,0,0,0,0,0,0,0,0,0,0.000,0.000,0.000,,34,34,193,0,1,19.451,106.139,20.522,107.313,0.000,0.000,33,33,584,44,6,0,104,152,47,1,fec-parity,pending,H.264,0,1,26,22,4,4,3,2,7,20,0,0,1215,23,0,0,0,0,0,82.062,8,8,6,2,6,0,33.861,31.831,71.796,0,0,22,0,22,0,11,0,0.500,0.500,1.000,1.000,0.000,37.000,0.000,0.000,0.000,insufficient-sample,59,460,0,0,35,427,104,1102,24,33,0,0,1102,predicted-useful,fec-grace,180,0.692,8,22,0,0,0,0,0,0,0,0,0,5,84,5,84,0,0,0,pacing,1,0.742,9.742,117.742,0,0,0,0,0,0,0,0,2,4,4,0,3,2,2,sent,84,132,8,0,1,9500000,1200000,14,0,14,1289,1275,1545667,60,72579,33,40180,0,0,0,0,0,0.576,39.734,879.938,4800.000,70,2203,1127,565,1076,511,0.334,0.856,0.612,70,6841567,10271074,0.785,0.000,0.428,9.857,2203,104,33,1102,21,79,4,6,6,16,0,0,0,0,0,0,0,0,0,0,0,0,0,0,0,6,0,1,0,4,203,152,152,0,0,0,0,0,,disabled,,0,0,0,0,,1,Fixed Quality,Hybrid,85,30,9500,12000,640,360,H.264,480,270,518400,30264,518400,30264,0.058,0.000,,0,0,0.000,2.129,0.000,0.000,0.115,7250,7250,7250,0,0,0,1,9500,1.000,0,14.966,0.000,0,0,0.000,0.000,0,0,0,0,0.364,0.636,0.000,1,0,0,disabled,26,0,0,4,12,4,8,0,9,9,0,3,large-au-observed,0,,0,0,18.645,25.485,0,,0.000,0.000,0.000,0.000,0,0,0,,2,0,0,5.344,0,49,0.115,0.000,0.000,0.114,0.000,0.089,0.007,1,1,1,1,0,1,1,0,0,0,1,0,0.860,65.489,0.000,26,0,0.000,0,0,0,0.000,0.000,0.000,0.000,0.000,0.000,0.000,2.006,9.384,0,0,0,0,0,0,0,0,0.000,0.000,0.000,0.000,0.000,0.000,0,0.097,19.274,33,34,193,20.560,107.159,58.054,107.159,1604.246,30,1,H.264,124.060,0,0,106.139,107.313,1.001,64.115,123.030,arrival-gap-jitter-spike,539.303,0,1,1,1,1,2143.549,411.150,454.875,455.724,455.724,0,0,0,0,0,0,0,,,0.000,0.000,0,0,,0,0,0,0,0,0,0,0,0,0,,114.409,0.000,117.382,0.000,0.000,0.000,133.924,,0.001,45,0.000,121.883,4.347,0.077,0.863,0.631,0.000,0.232,1,0,0,1,3,0.092,23.121,19.274,22.729,19.263,1.000,Jitter,1,1,0,0.000,3,1,1,1,0.060,0.000,0.060,0,100,0,1277,1144,85,0,65
3.150,Custom_loss6_delay0-100_dup0_reorder6_burst0,Loopback,1,1,0,,,0.000,0,21,73,13.921,13.889,13.623,111.559,100.820,87.035,50.773,30.998,0.087,0.276,2004,191,1926,1735,227,135,13,70,60,10,9,0,1737,55,21,0,0,0,0,5.000,1,0,0,0,0,0,0,0,0,0,0,0,0,0,0,0.000,0.000,0.000,,51,51,287,0,1,39.807,166.118,40.836,167.934,0.000,0.000,50,50,1027,65,17,0,178,278,75,1,fec-parity,pending,H.264,0,1,26,20,6,4,2,2,10,28,0,0,2149,19,0,0,0,0,0,68.338,12,13,10,6,10,0,46.321,25.646,71.796,0,0,35,0,35,0,13,2,0.480,0.520,1.000,1.000,0.133,40.000,0.000,1.000,1.000,insufficient-sample,92,829,0,0,58,781,178,1857,34,48,0,0,1856,predicted-useful,fec-grace,299,0.385,13,35,0,0,0,0,0,0,0,0,0,10,172,10,172,0,0,0,pacing,1,0.753,11.228,119.228,0,0,0,0,0,0,0,0,2,4,4,0,3,2,2,sent,172,225,12,0,1,9500000,1200000,11,0,11,2226,2215,2690387,106,128923,62,76312,0,0,0,0,0,6.327,39.734,312.562,4800.000,116,3915,1994,981,1921,940,0.330,17.470,1.802,116,5895927,9679877,0.943,72.524,0.459,17.546,3915,178,50,1857,36,138,4,17,17,36,1,2,2,0,1,0,0,0,0,0,0,0,0,0,0,16,0,1,0,4,372,278,278,0,0,0,0,0,,disabled,,0,0,0,0,,1,Fixed Quality,Hybrid,85,30,9500,12000,640,360,H.264,480,270,518400,30264,518400,30264,0.058,0.000,,0,0,0.000,2.037,0.000,0.000,0.074,7250,7250,7250,0,0,0,1,9500,1.000,0,14.656,0.000,0,0,0.000,0.000,0,0,0,0,0.343,0.657,0.000,1,0,0,disabled,26,0,0,6,18,6,10,2,14,14,0,3,large-au-observed,0,,0,0,18.082,25.485,0,,0.000,0.000,0.000,0.000,0,0,0,,3,0,0,6.341,0,77,0.074,0.000,0.000,0.073,0.000,0.052,0.006,1,1,1,1,0,1,1,0,0,0,0,0,1.000,0.000,0.000,30,0,0.000,0,0,0,0.000,0.000,0.000,0.000,0.000,0.000,0.000,1.954,10.140,0,0,0,0,0,0,0,0,0.000,0.000,0.000,0.000,0.000,0.000,0,0.102,13.889,50,51,287,40.762,167.324,58.054,167.324,2409.088,54,1,H.264,84.343,0,0,166.118,167.934,1.004,117.629,83.119,arrival-gap-jitter-spike,740.785,0,1,1,1,1,3149.873,411.150,454.875,455.724,455.724,0,0,0,0,0,0,0,,,0.000,0.000,0,0,,0,0,0,0,0,0,0,0,0,0,,109.381,0.000,112.578,0.000,0.000,0.000,135.779,,0.001,73,0.000,117.925,5.188,0.080,0.515,0.285,0.000,0.230,1,0,0,1,3,0.087,13.921,13.889,30.998,13.623,1.000,Jitter,1,1,0,0.000,4,2,2,1,0.060,0.000,0.060,0,100,0,2218,2006,156,0,116
4.151,Custom_loss6_delay0-100_dup0_reorder6_burst0,Loopback,1,1,0,,,0.000,0,21,102,22.539,22.530,22.279,103.064,102.804,49.673,50.406,10.881,0.079,0.250,2883,246,2758,2512,330,199,14,101,87,14,16,0,2514,78,26,0,0,0,0,5.000,1,0,0,0,0,0,0,0,0,0,0,0,0,0,0,0.000,0.000,0.000,,74,74,378,0,1,32.527,166.118,33.486,167.934,0.000,0.000,73,73,1462,92,22,0,251,408,104,1,fec-recovered,pending,H.264,0,1,26,21,5,6,4,2,4,18,0,0,3071,9,0,0,0,0,0,76.320,14,14,14,10,14,0,53.470,24.259,71.796,0,0,42,1,43,0,15,2,0.500,0.500,0.977,1.000,0.118,37.000,0.000,1.000,0.000,insufficient-sample,129,1218,0,0,82,1150,251,2633,47,68,0,0,2632,predicted-useful,fec-grace,423,0.269,17,43,0,0,0,0,0,2,2,2,2,14,245,14,245,0,0,0,pacing,1,0.786,5.091,113.091,0,0,1,1,1,1,0,0,2,4,4,0,3,2,2,sent,247,320,16,0,1,9500000,1200000,0,0,0,3129,3129,3801905,147,179047,90,110264,0,0,0,0,0,1.340,44.529,537.500,3653.650,163,5626,2872,1415,2754,1339,0.330,24.062,0.352,163,7859081,12227717,0.633,50.547,0.478,17.963,5626,251,73,2633,48,199,4,22,22,45,1,2,2,0,1,0,0,0,0,0,0,0,0,0,0,21,0,1,0,4,532,408,408,0,0,0,0,0,,disabled,,0,0,0,0,,1,Fixed Quality,Hybrid,85,30,9500,12000,640,360,H.264,480,270,518400,2734,518400,2734,0.005,0.000,,0,0,0.000,0.448,0.000,0.000,0.131,6000,6750,6750,1,1,0,1,9500,0.820,1,34.686,0.000,0,0,0.000,0.000,0,0,0,0,0.326,0.651,0.023,1,0,0,fixed-pacing-queue-hold,3,0,0,8,23,8,13,2,18,18,0,3,none,0,,0,0,16.401,2.302,0,,0.000,0.000,0.000,0.000,0,0,0,,4,0,0,5.958,0,106,0.131,0.000,0.000,0.130,0.000,0.072,0.005,1,1,1,1,0,1,1,0,0,0,0,0,1.000,0.000,0.000,24,0,0.000,0,0,0,0.000,0.000,0.000,0.000,0.000,0.000,0.000,0.308,9.847,0,0,0,0,0,0,0,0,0.000,0.000,0.000,0.000,0.000,0.000,0,0.124,22.530,73,74,378,33.756,167.324,58.054,167.324,2409.088,54,1,H.264,84.343,0,0,166.118,167.934,1.004,117.629,83.119,arrival-gap-jitter-spike,1742.452,0,1,1,1,1,4151.540,411.150,454.875,455.724,455.724,0,0,0,0,0,0,0,,,0.000,0.000,0,0,,0,0,0,0,0,0,0,0,0,0,,107.208,0.000,110.310,0.000,0.000,0.000,131.532,,0.001,102,0.000,116.235,5.741,0.081,0.277,0.001,0.000,0.276,1,0,0,1,3,0.079,22.539,22.530,10.881,22.279,1.000,RecoveryDeadline,0,1,0,0.333,3,1,1,1,0.060,0.000,0.060,0,100,0,3133,2886,206,0,165
5.157,Custom_loss6_delay0-100_dup0_reorder6_burst0,Loopback,1,1,0,,,0.000,0,21,127,19.463,19.478,17.873,106.072,101.375,15.210,41.607,40.190,0.070,0.228,3438,258,3254,2996,419,249,17,134,119,15,19,0,2998,98,29,0,0,0,0,5.000,0,0,0,0,0,0,0,0,0,0,0,0,0,0,0,0.000,0.000,0.000,,94,94,468,0,1,90.521,166.118,91.569,167.934,0.000,0.000,93,93,1764,113,25,0,302,496,129,1,fec-parity,pending,H.264,0,1,22,15,7,4,2,1,4,12,0,0,3663,11,0,0,0,0,0,61.872,17,17,15,11,15,0,55.333,23.957,71.796,0,0,49,1,50,0,16,2,0.500,0.500,0.980,1.000,0.111,39.000,0.250,0.750,0.000,duplicate-guard,160,1468,0,0,100,1378,302,3082,60,90,0,0,3081,predicted-useful,fec-grace,514,0.545,20,50,0,0,0,0,0,3,3,3,3,17,288,17,288,0,0,0,pacing,1,0.775,8.555,116.555,0,0,3,3,0,0,0,0,2,4,4,0,3,2,2,sent,291,385,20,0,1,9500000,1200000,0,0,0,3703,3703,4507604,158,192676,91,111516,0,0,0,0,0,15.586,44.529,8154.625,4800.000,194,6661,3424,1599,3237,1638,0.318,33.608,0.057,194,3828324,5994231,0.756,33.545,0.447,18.227,6661,302,92,3082,59,237,6,25,25,50,1,2,2,0,1,0,0,0,0,0,0,0,0,0,0,24,0,1,0,4,634,496,496,0,0,0,0,0,,disabled,,0,0,0,0,,1,Fixed Quality,Hybrid,85,30,9500,12000,640,360,H.264,480,270,518400,26094,518400,26094,0.050,0.000,,0,0,0.000,1.715,0.000,0.000,0.079,6250,6250,6250,2,2,0,1,9500,0.879,1,15.586,0.000,0,0,0.000,0.000,0,0,0,0,0.340,0.640,0.020,1,0,0,fixed-pacing-queue-hold,22,0,0,10,31,10,17,4,23,23,0,3,large-au-observed,0,,0,0,12.016,21.974,0,,0.000,0.000,0.000,0.000,0,0,0,,5,0,0,5.994,0,130,0.079,0.000,0.000,0.078,0.000,0.055,0.005,1,1,1,1,0,1,1,0,0,0,0,0,1.000,0.000,0.000,24,0,0.000,0,0,0,0.000,0.000,0.000,0.000,0.000,0.000,0.000,1.628,10.393,0,0,0,0,0,0,0,0,0.000,0.000,0.000,0.000,0.000,0.000,0,0.102,19.478,93,94,468,91.399,167.324,58.054,167.324,2409.088,54,1,H.264,84.343,0,0,166.118,167.934,1.004,117.629,83.119,arrival-gap-jitter-spike,2747.706,0,1,1,1,1,5156.794,411.150,454.875,455.724,455.724,0,0,0,0,0,0,0,,,0.000,0.000,0,0,,0,0,0,0,0,0,0,0,0,0,,99.373,0.000,101.894,0.000,0.000,0.000,138.036,,0.001,127,0.000,106.328,4.278,0.079,0.708,0.459,0.000,0.249,1,0,0,1,3,0.070,19.463,19.478,40.190,17.873,1.000,Jitter,0,1,0,0.000,0,1,1,1,0.060,0.000,0.060,0,100,0,3708,3442,226,0,194
6.158,Custom_loss6_delay0-100_dup0_reorder6_burst0,Loopback,1,1,0,,,0.000,0,21,154,13.154,13.152,13.255,100.581,101.311,49.859,43.258,6.230,0.072,0.248,4126,320,3913,3593,510,307,21,158,138,20,24,0,3595,115,38,0,0,0,0,5.000,0,0,0,0,0,0,0,0,0,0,0,0,0,0,0,0.000,0.000,0.000,,111,111,556,0,1,68.747,166.118,69.792,167.934,0.000,0.000,110,110,2152,135,34,0,367,603,155,1,retransmit-duplicate,pending,H.264,1,1,23,14,9,5,2,3,10,45,0,2,4409,1,4409,1,4409,1,1,70.628,21,21,20,16,20,0,59.141,21.491,71.796,0,0,62,2,64,0,22,3,0.500,0.500,0.969,1.000,0.120,38.000,0.500,0.500,0.500,retransmit-late,202,1749,0,0,121,1627,367,3645,81,122,0,0,3643,predicted-useful,likely-arrival,619,0.478,26,64,0,0,0,0,0,3,3,3,3,23,387,23,387,0,0,0,pacing,1,0.815,8.702,116.702,0,0,3,3,0,0,0,0,2,4,4,0,3,2,2,sent,390,463,24,0,1,9500000,1200000,14,0,14,4463,4449,5426766,201,246008,116,142664,0,0,0,0,0,5.894,44.529,284.812,4800.000,233,8012,4108,1858,3904,2046,0.311,34.915,6.053,233,5688202,8611817,2.927,33.766,0.501,17.876,8012,367,109,3645,71,290,6,34,34,64,1,2,2,0,1,0,0,0,0,0,0,0,0,0,0,33,0,1,0,4,769,603,603,0,0,0,0,0,,disabled,,0,0,0,0,,1,Fixed Quality,Hybrid,85,30,9500,12000,640,360,H.264,480,270,518400,27138,518400,27138,0.052,0.000,,0,0,0.000,2.029,0.000,0.000,0.086,7250,6500,6500,3,3,0,1,9500,1.000,0,5.894,0.000,0,0,0.000,0.000,0,0,0,0,0.328,0.625,0.047,1,0,0,disabled,23,0,0,12,36,12,20,4,27,27,0,3,large-au-observed,0,,0,0,17.361,22.853,0,,0.000,0.000,0.000,0.000,0,0,0,,6,0,0,13.627,0,157,0.085,0.000,0.000,0.085,0.000,0.060,0.007,1,1,1,1,0,1,1,0,0,0,1,0,0.860,179.994,0.000,26,0,0.000,0,0,0,0.000,0.000,0.000,0.000,0.000,0.000,0.000,1.929,10.172,0,0,0,0,0,0,0,0,0.000,0.000,0.000,0.000,0.000,0.000,0,0.086,13.152,110,111,556,69.752,167.324,58.054,167.324,2409.088,54,1,H.264,84.343,0,0,166.118,167.934,1.004,117.629,83.119,arrival-gap-jitter-spike,3748.795,0,1,1,1,1,6157.883,411.150,454.875,455.724,455.724,0,0,0,0,0,0,0,,,0.000,0.000,0,0,,0,0,0,0,0,0,0,0,0,0,,105.204,0.000,107.855,0.000,0.000,0.000,130.291,,0.000,154,0.000,110.030,2.044,0.076,0.829,0.578,0.000,0.251,1,0,0,1,3,0.072,13.154,13.152,6.230,13.255,1.000,RecoveryDeadline,0,1,0,0.500,2,1,1,1,0.060,0.000,0.060,0,100,0,4455,4132,279,0,239
7.160,Custom_loss6_delay0-100_dup0_reorder6_burst0,Loopback,1,1,0,,,0.000,0,21,181,16.292,16.311,16.324,124.575,102.128,0.291,36.096,66.959,0.073,0.263,4865,385,4630,4245,595,361,23,182,157,25,29,0,4247,132,47,0,0,0,0,5.000,0,0,0,0,0,0,0,0,0,0,0,0,0,0,0,0.000,0.000,0.000,,128,128,650,0,1,114.880,166.118,115.974,167.934,0.000,0.000,127,127,2523,157,43,0,439,703,184,1,fec-recovered,pending,H.264,1,1,24,16,8,4,1,2,9,28,0,1,5194,8,5251,4,0,0,0,50.460,22,23,25,21,25,0,61.019,20.402,71.796,0,0,70,5,75,0,24,3,0.489,0.511,0.933,1.000,0.111,40.000,0.000,1.000,0.000,insufficient-sample,235,2055,0,0,143,1913,439,4323,92,142,0,0,4319,predicted-useful,likely-arrival,729,0.417,31,75,0,0,0,0,0,3,3,3,3,28,474,28,474,0,0,0,pacing,1,0.806,4.674,112.674,0,0,3,3,0,0,0,0,2,4,4,0,3,2,2,sent,477,550,28,0,1,9500000,1200000,0,0,0,5245,5245,6403072,242,296438,142,175056,0,0,0,0,0,16.128,44.529,5368.688,3475.800,274,9485,4855,2170,4630,2460,0.309,26.658,0.000,274,6566781,9232736,0.509,17.099,0.566,20.331,9485,439,126,4323,85,348,6,43,43,81,1,2,2,0,1,0,0,0,0,0,0,0,0,0,0,42,0,1,0,4,901,703,703,0,0,0,0,0,,disabled,,0,0,0,0,,1,Fixed Quality,Hybrid,85,30,9500,12000,640,360,H.264,480,270,518400,28178,518400,28178,0.054,0.000,,0,0,0.000,1.946,0.000,0.000,0.073,7250,6750,6750,4,4,0,1,9500,1.000,0,16.815,0.000,0,0,0.000,0.000,0,0,0,0,0.293,0.640,0.067,1,0,0,disabled,24,0,0,14,44,14,24,6,32,32,0,3,large-au-observed,0,,0,0,25.028,23.729,0,,0.000,0.000,0.000,0.000,0,0,0,,7,0,0,6.395,0,185,0.073,0.000,0.000,0.073,0.000,0.050,0.006,1,1,1,1,0,1,1,0,0,0,0,0,1.000,0.000,0.000,30,0,0.000,0,0,0,0.000,0.000,0.000,0.000,0.000,0.000,0.000,1.864,10.306,0,0,0,0,0,0,0,0,0.000,0.000,0.000,0.000,0.000,0.000,0,0.143,16.311,127,128,650,115.808,167.324,58.054,167.324,2409.088,54,1,H.264,84.343,0,0,166.118,167.934,1.004,117.629,83.119,arrival-gap-jitter-spike,4751.227,0,1,1,1,1,7160.315,411.150,454.875,455.724,455.724,0,0,0,0,0,0,0,,,0.000,0.000,0,0,,0,0,0,0,0,0,0,0,0,0,,112.855,0.000,115.713,0.000,0.000,0.000,145.000,,0.001,181,0.000,120.591,4.684,0.081,0.245,0.000,0.000,0.245,1,0,0,1,3,0.074,16.292,16.311,66.959,16.324,2.000,RecoveryDeadline,0,1,0,0.500,2,1,1,1,0.060,0.000,0.060,0,100,0,5252,4871,336,0,288
8.165,Custom_loss6_delay0-100_dup0_reorder6_burst0,Loopback,1,1,0,,,0.000,0,21,209,17.312,17.306,17.471,105.740,102.732,65.443,40.289,28.676,0.070,0.261,5663,427,5374,4947,691,421,30,207,178,29,33,0,4949,153,54,0,0,0,0,5.000,0,0,0,0,0,0,0,0,0,0,0,0,0,0,0,0.000,0.000,0.000,,149,149,744,0,1,27.947,166.118,29.088,167.934,0.000,0.000,148,148,2928,182,50,0,513,816,212,1,fec-parity,pending,H.264,1,1,24,9,15,4,0,2,6,38,0,0,6062,23,0,0,0,0,0,53.346,23,30,29,25,29,0,61.433,19.727,71.796,0,0,82,5,87,0,27,3,0.434,0.566,0.943,1.000,0.100,42.000,0.000,0.000,0.000,insufficient-sample,274,2389,0,0,167,2229,513,5007,107,160,0,0,5002,predicted-useful,likely-arrival,847,0.625,35,87,0,0,0,0,0,3,3,3,3,32,539,32,539,0,0,0,pacing,1,0.805,6.594,114.594,0,0,3,3,0,0,0,0,2,4,4,0,3,2,2,sent,542,642,32,0,1,9500000,1200000,0,0,0,6097,6097,7446876,284,348110,168,207448,0,0,0,0,0,17.629,44.529,8897.938,4800.000,317,11007,5651,2489,5356,2867,0.306,17.696,0.000,317,4652526,8206042,1.156,26.710,0.459,15.151,11007,513,147,5007,97,410,6,50,50,92,1,2,2,0,1,0,0,0,0,0,0,0,0,0,0,49,0,1,0,4,1040,816,816,0,0,0,0,0,,disabled,,0,0,0,0,,1,Fixed Quality,Hybrid,85,30,9500,12000,640,360,H.264,480,270,518400,28178,518400,28178,0.054,0.000,,0,0,0.000,2.155,0.000,0.000,0.135,7250,6750,6750,4,4,0,1,9500,1.000,0,17.629,0.000,0,0,0.000,0.000,0,0,0,0,0.264,0.678,0.057,1,0,0,disabled,24,0,0,16,48,16,26,6,36,36,0,3,large-au-observed,0,,0,0,0.010,23.729,0,,0.000,0.000,0.000,0.000,0,0,0,,8,0,0,2.898,0,213,0.134,0.000,0.000,0.134,0.000,0.088,0.017,1,1,1,1,0,1,1,0,0,0,0,0,1.000,0.000,0.000,30,0,0.000,0,0,0,0.000,0.000,0.000,0.000,0.000,0.000,0.000,2.010,7.196,0,0,0,0,0,0,0,0,0.000,0.000,0.000,0.000,0.000,0.000,0,0.098,17.306,148,149,744,28.890,167.324,58.054,167.324,2409.088,54,1,H.264,84.343,0,0,166.118,167.934,1.004,117.629,83.119,arrival-gap-jitter-spike,5755.848,0,1,1,1,1,8164.936,411.150,454.875,455.724,455.724,0,0,0,0,0,0,0,,,0.000,0.000,0,0,,0,0,0,0,0,0,0,0,0,0,,106.255,0.000,108.989,0.000,0.000,0.000,132.870,,0.001,209,0.000,114.022,4.929,0.089,0.677,0.445,0.000,0.232,1,0,0,1,3,0.070,17.312,17.306,28.676,17.471,2.000,RecoveryDeadline,0,1,0,0.000,1,1,1,1,0.060,0.000,0.060,0,100,0,6105,5671,386,0,345
9.171,Custom_loss6_delay0-100_dup0_reorder6_burst0,Loopback,1,1,0,,,0.000,0,21,240,19.547,19.569,19.766,104.254,102.718,89.460,46.435,11.334,0.070,0.263,6481,490,6162,5672,777,475,33,233,201,32,36,0,5674,174,62,0,0,0,0,5.000,0,0,0,0,0,0,0,0,0,0,0,0,0,0,0,0.000,0.000,0.000,,170,170,838,0,1,61.445,166.118,62.493,167.934,0.000,0.000,169,169,3344,206,58,0,587,933,242,1,fec-recovered,pending,H.264,1,1,24,15,9,4,2,2,7,29,0,0,6935,13,0,0,0,0,0,44.438,26,33,32,28,32,0,62.178,19.652,71.796,0,0,91,5,96,0,29,3,0.441,0.559,0.948,1.000,0.094,44.000,0.000,0.000,0.000,insufficient-sample,313,2722,0,0,192,2537,587,5662,121,185,0,0,5657,predicted-useful,likely-arrival,965,0.458,38,96,0,0,0,0,0,3,3,3,3,35,583,35,583,0,0,0,pacing,1,0.768,3.102,111.102,0,0,3,3,0,0,0,0,2,4,4,0,3,2,2,sent,586,733,36,0,1,9500000,1200000,0,0,0,6976,6976,8523694,323,396050,193,238596,0,0,0,0,0,15.769,44.529,6103.750,4800.000,361,12631,6469,2876,6162,3286,0.308,1.752,0.848,361,7055162,10313302,1.030,26.171,0.506,12.536,12631,587,168,5662,109,472,6,58,58,110,1,2,2,0,1,0,0,0,0,0,0,0,0,0,0,57,0,1,0,4,1188,933,933,0,0,0,0,0,,disabled,,0,0,0,0,,1,Fixed Quality,Hybrid,85,30,9500,12000,640,360,H.264,480,270,518400,0,518400,28178,0.054,0.000,,0,0,0.000,4.943,0.000,4.206,0.713,7250,6750,6750,4,4,0,1,9500,1.000,0,15.769,0.000,0,0,0.000,0.000,0,0,0,0,0.271,0.677,0.052,1,0,0,disabled,0,0,0,18,54,18,29,7,40,40,0,3,async-output-pending,0,,0,0,0.000,0.000,0,,15.841,12038.375,39583.333,0.000,0,0,0,,9,0,0,0.000,1,0,0.702,0.186,0.513,0.000,0.000,0.000,0.000,0,0,1,1,1,0,0,1,1,0,0,0,1.000,0.000,0.000,30,0,0.000,0,0,0,0.000,0.000,0.000,0.000,0.000,0.000,0.000,0.000,18.937,0,0,0,0,0,0,0,0,0.000,0.000,0.000,0.000,0.000,0.000,0,0.091,19.569,169,170,838,62.778,167.324,58.054,167.324,2409.088,54,1,H.264,84.343,0,0,166.118,167.934,1.004,117.629,83.119,arrival-gap-jitter-spike,6762.670,0,1,1,1,1,9171.758,411.150,454.875,455.724,455.724,0,0,0,0,0,0,0,,,0.000,0.000,0,0,,0,0,0,0,0,0,0,0,0,0,,103.405,0.000,106.230,0.000,0.000,0.000,132.127,,0.001,240,0.000,111.853,5.517,0.082,0.467,0.185,0.000,0.282,1,0,0,1,3,0.071,19.547,19.569,11.334,19.766,1.000,RecoveryDeadline,0,1,0,1.000,1,1,1,1,0.060,0.000,0.060,0,100,0,6985,6493,449,0,383
10.177,Custom_loss6_delay0-100_dup0_reorder6_burst0,Loopback,1,1,0,,,0.000,0,21,270,26.439,26.436,26.413,99.595,102.453,82.149,50.403,2.012,0.068,0.252,7356,539,6983,6444,887,534,36,275,241,34,42,0,6446,199,67,0,0,0,0,5.000,0,0,0,0,0,0,0,0,0,0,0,0,0,0,0,0.000,0.000,0.000,,195,195,931,0,1,34.674,166.118,35.811,167.934,0.000,0.000,194,194,3766,233,63,0,657,1051,271,1,fec-parity,pending,H.264,1,1,24,21,3,5,2,3,16,41,2,0,7817,14,7833,0,0,0,0,88.863,33,36,34,30,34,0,62.623,19.554,71.796,0,0,103,6,109,0,35,3,0.478,0.522,0.945,1.000,0.079,44.000,0.000,0.000,0.000,insufficient-sample,357,3074,0,0,218,2858,657,6303,139,216,0,0,6297,predicted-useful,fec-grace,1088,0.458,43,109,0,0,0,0,0,3,3,3,3,40,659,40,659,0,0,0,pacing,1,0.737,7.660,115.660,0,0,3,3,0,0,0,0,2,4,4,0,3,2,2,sent,662,822,40,0,1,9500000,1200000,0,0,0,7889,7889,9642234,366,448966,219,270980,0,0,0,0,0,17.377,44.529,7962.188,3611.700,407,14320,7337,3262,6983,3721,0.308,48.978,0.000,407,6089516,9887076,0.622,19.475,0.545,22.487,14320,657,193,6303,121,530,6,63,63,120,1,2,2,0,1,0,0,0,0,0,0,0,0,0,0,62,0,1,0,4,1336,1051,1051,0,0,0,0,0,,disabled,,0,0,0,0,,1,Fixed Quality,Hybrid,85,30,9500,12000,640,360,H.264,480,270,518400,0,518400,28178,0.054,0.000,,0,0,0.000,4.978,0.000,4.269,0.688,7250,6750,6750,4,4,0,1,9500,1.000,0,17.377,0.000,0,0,0.000,0.000,0,0,0,0,0.303,0.642,0.055,1,0,0,disabled,0,0,0,20,58,20,31,7,44,44,0,3,async-output-pending,0,,0,0,0.000,0.000,0,,17.263,11428.438,39583.333,0.000,0,0,0,,10,0,0,0.000,1,0,0.678,0.202,0.476,0.000,0.000,0.000,0.000,0,0,1,1,1,0,0,1,1,0,0,0,1.000,0.000,0.000,30,0,0.000,0,0,0,0.000,0.000,0.000,0.000,0.000,0.000,0.000,0.000,8.787,0,0,0,0,0,0,0,0,0.000,0.000,0.000,0.000,0.000,0.000,0,0.095,26.436,194,195,931,35.743,167.324,58.054,167.324,2409.088,54,1,H.264,84.343,0,0,166.118,167.934,1.004,117.629,83.119,arrival-gap-jitter-spike,7768.602,0,1,1,1,1,10177.690,411.150,454.875,455.724,455.724,0,0,0,0,0,0,0,,,0.000,0.000,0,0,,0,0,0,0,0,0,0,0,0,0,,101.431,0.000,104.390,0.000,0.000,0.000,129.798,,0.001,270,0.000,109.037,4.547,0.082,0.638,0.391,0.000,0.246,1,0,0,1,3,0.068,26.439,26.436,2.012,26.413,1.000,RecoveryDeadline,0,1,0,0.000,1,1,1,1,0.060,0.000,0.060,0,100,0,7899,7373,489,0,418
11.178,Custom_loss6_delay0-100_dup0_reorder6_burst0,Loopback,1,1,0,,,0.000,0,21,300,20.414,20.410,20.563,96.486,102.408,22.061,47.569,32.117,0.065,0.251,8150,565,7714,7149,987,601,39,300,265,35,47,0,7151,221,74,0,0,0,0,5.000,0,0,0,0,0,0,0,0,0,0,0,0,0,0,0,0.000,0.000,0.000,,217,217,1018,0,1,15.834,166.118,16.868,167.934,0.000,0.000,216,216,4182,256,70,0,727,1174,300,1,completed,completed,H.264,0,1,24,24,0,4,3,2,6,10,0,0,8672,18,0,0,0,0,0,95.710,36,39,35,31,35,0,62.809,19.859,71.796,0,0,110,4,114,0,40,3,0.480,0.520,0.965,1.000,0.070,42.000,0.000,0.000,0.000,insufficient-sample,399,3414,0,0,243,3171,727,6907,156,243,0,0,6900,predicted-useful,likely-arrival,1202,0.000,46,114,0,0,0,0,0,3,3,3,3,43,709,43,709,0,0,0,pacing,1,0.750,7.898,115.898,0,0,3,3,0,0,0,0,2,4,4,0,3,2,2,sent,712,910,44,0,1,9500000,1200000,0,0,0,8734,8734,10677332,401,491932,244,302128,0,0,0,0,0,17.813,44.529,8829.062,4800.000,449,15841,8129,3584,7712,4128,0.306,26.312,0.718,449,5622823,8901053,1.096,3.562,0.437,13.870,15841,727,215,6907,130,591,6,70,70,132,1,2,2,0,1,0,0,0,0,0,0,0,0,0,0,69,0,1,0,4,1481,1174,1174,0,0,0,0,0,,disabled,,0,0,0,0,,1,Fixed Quality,Hybrid,85,30,9500,12000,640,360,H.264,480,270,518400,0,518400,28178,0.054,0.000,,0,0,0.000,5.045,0.000,4.077,0.912,7250,6750,6750,4,4,0,1,9500,1.000,0,17.813,0.000,0,0,0.000,0.000,0,0,0,0,0.316,0.649,0.035,1,0,0,disabled,0,0,0,22,65,22,34,9,48,48,2,3,async-output-pending,0,,0,0,0.000,0.000,0,,17.703,11122.875,45673.077,0.000,0,0,0,,11,0,0,0.000,1,0,0.900,0.268,0.631,0.000,0.000,0.000,0.000,0,0,1,1,1,0,0,1,1,0,1,0,0.860,91.220,0.000,26,0,0.000,0,0,0,0.000,0.000,0.000,0.000,0.000,0.000,0.000,0.000,20.204,0,0,0,0,0,0,0,0,0.000,0.000,0.000,0.000,0.000,0.000,0,0.097,20.410,216,217,1018,16.855,167.324,58.054,167.324,2409.088,54,1,H.264,84.343,0,0,166.118,167.934,1.004,117.629,83.119,arrival-gap-jitter-spike,8768.774,0,1,1,1,1,11177.862,411.150,454.875,455.724,455.724,0,0,0,0,0,0,0,,,0.000,0.000,0,0,,0,0,0,0,0,0,0,0,0,0,,104.990,0.000,107.745,0.000,0.000,0.000,128.243,,0.001,300,0.000,111.851,3.992,0.083,0.603,0.353,0.000,0.250,1,0,0,1,3,0.065,20.414,20.410,32.117,20.563,1.000,Loss,0,1,0,1.000,0,1,1,1,0.060,0.000,0.060,0,100,0,8745,8162,543,0,475
12.185,Custom_loss6_delay0-100_dup0_reorder6_burst0,Loopback,1,1,0,,,0.000,0,21,327,19.437,19.437,19.465,83.287,102.390,56.164,48.351,24.227,0.067,0.246,8875,635,8423,7788,1078,658,41,328,289,39,51,0,7790,242,79,0,0,0,0,5.000,0,0,0,0,0,0,0,0,0,0,0,0,0,0,0,0.000,0.000,0.000,,238,238,1108,0,1,26.941,166.118,27.220,167.934,0.000,0.000,237,236,4566,281,75,0,796,1285,330,1,nack-sent,pending,H.264,1,1,22,6,16,1,0,1,0,16,0,0,9506,20,0,0,0,0,0,22.856,40,41,39,35,39,0,63.774,19.610,71.796,0,0,120,11,131,0,42,4,0.494,0.506,0.916,1.000,0.087,34.000,0.333,0.667,0.333,retransmit-late,434,3721,0,0,266,3456,796,7551,168,265,0,0,7544,predicted-useful,fec-grace,1319,0.727,53,131,0,0,0,0,0,4,4,4,4,50,829,50,829,0,0,0,pacing,1,0.815,8.045,116.045,0,0,4,4,0,0,0,0,2,4,4,0,3,2,2,sent,833,996,48,0,1,9500000,1200000,9,0,9,9533,9524,11644887,448,549826,270,334520,0,0,0,0,0,0.655,44.529,1119.812,1132.200,489,17270,8854,3867,8416,4549,0.304,23.462,0.000,489,3216997,6106689,0.408,9.670,0.517,25.241,17270,796,235,7551,144,645,7,75,75,140,2,3,1,1,1,0,0,0,0,0,0,0,0,0,0,73,0,1,0,4,1614,1285,1285,0,0,0,0,0,,disabled,,0,0,0,0,,1,Fixed Quality,Hybrid,85,30,9500,12000,640,360,H.264,480,270,518400,26096,518400,26096,0.050,0.000,,0,0,0.000,1.794,0.000,0.000,0.071,6250,6250,6250,5,5,0,1,9500,0.880,1,16.042,0.000,0,0,3.416,0.000,3732,0,0,0,0.000,0.333,0.667,1,0,0,latency-pressure-freshness-hold,22,1,1,25,72,25,38,9,53,53,3,3,decoder-sync-observed,0,,0,0,17.936,21.976,0,,0.000,0.000,0.000,0.000,0,0,0,,12,0,0,6.081,0,331,0.071,0.000,0.000,0.070,0.000,0.050,0.006,1,1,1,1,0,1,1,0,0,0,0,0,1.000,0.000,0.000,27,0,0.000,0,0,0,0.000,0.000,0.000,0.000,0.000,0.000,0.000,1.717,10.026,0,0,0,0,0,0,0,0,0.000,0.000,0.000,0.000,0.000,0.000,0,0.095,19.437,237,238,1108,27.443,167.324,58.054,167.324,2409.088,54,1,H.264,84.343,0,0,166.118,167.934,1.004,117.629,83.119,arrival-gap-jitter-spike,9775.706,0,1,1,1,1,12184.794,411.150,454.875,455.724,455.724,0,0,1,0,0,1,1,latency-pressure freshness,latency-over-80ms,134.995,134.995,321,1,decoded,0,0,0,0,0,0,0,0,0,0,,99.258,0.000,101.158,0.000,0.000,0.000,121.644,stale-before-upload,0.000,327,0.000,103.808,4.546,0.076,0.906,0.690,0.000,0.216,1,0,0,1,3,0.067,19.437,19.437,24.227,19.465,1.000,Loss,0,1,0,0.000,1,1,1,1,0.060,0.000,0.060,0,100,0,9536,8890,592,0,523
13.190,Custom_loss6_delay0-100_dup0_reorder6_burst0,Loopback,1,1,0,,,0.000,0,21,354,25.294,23.353,21.562,111.275,102.542,8.967,45.069,15.362,0.067,0.244,9577,692,9090,8398,1177,708,47,366,322,44,56,0,8400,264,85,0,0,0,0,5.000,0,0,0,0,0,0,0,0,0,0,0,0,0,0,0,0.000,0.000,0.000,,259,259,1205,0,1,53.877,166.118,54.897,167.934,0.000,0.000,258,256,4959,308,81,0,868,1396,356,1,fec-parity,pending,H.264,1,1,22,4,18,3,0,1,2,20,0,0,10240,12,0,0,0,0,0,31.287,44,47,44,40,44,0,64.335,19.430,71.796,1,0,136,8,144,0,50,4,0.484,0.516,0.944,1.000,0.074,34.000,0.000,1.000,0.000,duplicate-guard,466,4047,0,0,288,3766,868,8221,178,281,0,0,8214,predicted-useful,fec-grace,1436,0.909,58,144,0,0,0,0,0,5,5,5,5,55,901,55,901,0,0,0,pacing,1,0.818,9.409,117.409,0,0,5,5,0,0,0,0,2,4,4,0,3,2,2,sent,906,1081,52,0,1,9500000,1200000,5,0,5,10275,10270,12566041,489,600574,294,364120,0,0,0,0,0,5.019,44.529,702.438,2169.750,527,18633,9569,4142,9064,4922,0.302,6.776,1.792,527,4339446,7256879,1.171,-1.703,0.465,15.840,18633,868,257,8221,156,705,7,80,80,148,2,3,1,1,1,0,0,0,0,0,0,0,0,0,0,78,0,1,0,4,1749,1396,1396,0,0,0,0,0,,disabled,,0,0,0,0,,1,Fixed Quality,Hybrid,85,30,9500,12000,640,360,H.264,480,270,518400,27392,518400,27392,0.053,0.000,,0,0,0.000,2.198,0.000,0.000,0.110,7000,6500,6500,6,6,0,1,9500,0.959,1,9.644,0.000,0,0,0.000,0.000,0,0,0,0,0.306,0.639,0.056,1,0,0,fixed-pacing-queue-hold,23,1,1,29,78,29,40,9,57,57,2,3,decoder-sync-observed,0,,0,0,0.020,23.067,0,,0.000,0.000,0.000,0.000,0,0,0,,13,0,0,5.679,0,357,0.109,0.000,0.000,0.109,0.000,0.073,0.010,1,1,1,1,0,1,1,0,0,0,0,0,1.000,0.000,0.000,24,0,0.000,0,0,0,0.000,0.000,0.000,0.000,0.000,0.000,0.000,2.040,10.382,0,0,0,0,0,0,0,0,0.000,0.000,0.000,0.000,0.000,0.000,0,0.112,23.353,258,259,1205,54.965,167.324,58.054,167.324,2409.088,54,1,H.264,84.343,0,0,166.118,167.934,1.004,117.629,83.119,arrival-gap-jitter-spike,10780.806,0,1,1,1,1,13189.894,411.150,454.875,455.724,455.724,0,0,2,0,0,2,1,latency-pressure freshness,latency-over-80ms,132.228,134.995,331,1,decoded,0,0,0,0,0,0,0,0,0,0,,102.920,0.000,105.630,0.000,0.000,0.000,135.637,stale-before-upload,0.001,354,0.000,110.601,4.979,0.094,0.336,0.001,0.000,0.335,1,0,0,1,3,0.067,25.294,23.353,15.362,21.562,1.000,Loss,0,1,0,0.000,0,2,2,1,0.060,0.000,0.060,0,100,0,10283,9593,639,0,565
14.192,Custom_loss6_delay0-100_dup0_reorder6_burst0,Loopback,1,1,0,,,0.000,0,21,381,21.981,21.993,19.969,101.652,102.797,41.484,44.793,10.525,0.066,0.235,10333,726,9781,9055,1279,758,58,406,356,50,57,0,9057,287,88,0,0,0,0,5.000,0,0,0,0,0,0,0,0,0,0,0,0,0,0,0,0.000,0.000,0.000,,282,282,1295,0,1,33.968,166.118,34.969,167.934,0.000,0.000,281,278,5347,337,84,0,931,1507,384,1,fec-parity,pending,H.264,1,1,23,9,14,2,0,1,4,18,0,0,11048,15,0,0,0,0,0,39.162,48,58,50,46,50,0,65.064,20.486,102.125,1,0,157,9,166,0,56,4,0.453,0.547,0.946,1.000,0.067,45.000,0.286,0.714,0.000,duplicate-guard,501,4327,0,0,308,4026,931,8888,193,301,0,0,8881,deferred-likely-arrival,likely-arrival,1548,0.043,66,166,0,0,0,0,0,5,5,5,5,63,1022,63,1022,0,0,0,pacing,1,0.779,11.903,119.903,0,0,5,5,0,0,0,0,2,4,4,0,3,2,2,sent,1027,1158,56,0,1,9500000,1200000,18,0,18,11080,11061,13539283,540,663602,319,395260,0,0,0,0,0,0.446,44.529,10660.938,3168.600,569,20081,10312,4482,9769,5287,0.303,21.683,0.343,569,4914601,7923890,0.605,32.517,0.479,20.125,20081,931,280,8888,177,747,7,83,83,154,2,3,1,1,1,0,0,0,0,0,0,0,0,0,0,81,0,1,0,4,1881,1507,1507,0,0,0,0,0,,disabled,,0,0,0,0,,1,Fixed Quality,Hybrid,85,30,9500,12000,640,360,H.264,480,270,518400,27136,518400,27136,0.052,0.000,,0,0,0.000,2.092,0.000,0.000,0.073,6250,6500,6500,6,6,0,1,9500,0.880,1,11.643,0.000,0,0,0.000,0.000,0,0,0,0,0.289,0.657,0.054,1,0,0,latency-pressure-freshness-hold,23,1,1,33,89,33,45,11,64,64,2,3,decoder-sync-observed,0,,0,0,0.124,22.851,0,,0.000,0.000,0.000,0.000,0,0,0,,14,0,0,6.017,0,385,0.073,0.000,0.000,0.073,0.000,0.050,0.008,1,1,1,1,0,1,1,0,0,0,0,0,1.000,0.000,0.000,27,0,0.000,0,0,0,0.000,0.000,0.000,0.000,0.000,0.000,0.000,1.986,10.064,0,0,0,0,0,0,0,0,0.000,0.000,0.000,0.000,0.000,0.000,0,0.086,21.993,281,282,1295,34.949,167.324,58.054,167.324,2409.088,54,1,H.264,84.343,0,0,166.118,167.934,1.004,117.629,83.119,arrival-gap-jitter-spike,11782.699,0,1,1,1,1,14191.787,411.150,454.875,455.724,455.724,0,0,3,0,0,3,1,latency-pressure freshness,latency-over-80ms,141.315,141.315,370,1,decoded,0,0,0,0,0,0,0,0,0,0,,102.055,0.000,104.908,0.000,0.000,0.000,130.826,stale-before-upload,0.001,381,0.000,110.569,6.025,0.082,0.875,0.609,0.000,0.266,1,0,0,1,3,0.066,21.981,21.993,10.525,19.969,1.000,RecoveryDeadline,0,1,0,0.200,1,1,1,1,0.060,0.000,0.060,0,100,0,11075,10352,684,0,611
15.200,Custom_loss6_delay0-100_dup0_reorder6_burst0,Loopback,1,1,0,,,0.000,0,21,408,19.597,19.598,19.535,99.875,102.854,28.177,43.606,28.476,0.067,0.243,11080,794,10494,9700,1374,818,63,432,378,54,61,0,9702,305,98,0,0,0,0,5.000,0,0,0,0,0,0,0,0,0,0,0,0,0,0,0,0.000,0.000,0.000,,299,299,1388,0,1,21.530,166.118,22.553,167.934,0.000,0.000,298,295,5721,359,93,0,1002,1605,411,1,fec-parity,pending,H.264,1,1,24,1,23,1,0,0,0,0,0,0,11855,8,0,0,0,0,0,0.674,56,63,54,50,54,0,65.102,20.315,102.125,1,0,174,9,183,0,66,4,0.471,0.529,0.951,1.000,0.057,45.000,0.250,0.750,0.000,duplicate-guard,538,4604,0,0,328,4277,1002,9482,210,327,0,0,9475,predicted-useful,likely-arrival,1661,0.542,72,183,0,1,0,0,0,5,5,5,5,69,1109,69,1109,0,0,0,pacing,1,0.774,13.279,121.279,0,0,5,5,0,0,0,0,2,4,4,0,3,2,2,sent,1115,1245,60,0,1,9500000,1200000,0,0,0,11862,11862,14523015,586,720410,344,426392,0,0,0,0,0,10.826,44.529,555.375,4494.600,611,21573,11079,4825,10494,5669,0.303,23.327,0.074,611,5352816,8144719,0.790,23.352,0.510,13.533,21573,1002,298,9482,196,799,7,92,92,168,2,3,1,1,1,0,0,0,0,0,0,0,0,0,0,90,0,1,0,4,2005,1605,1605,0,0,0,0,0,,disabled,,0,0,0,0,,1,Fixed Quality,Hybrid,85,30,9500,12000,640,360,H.264,480,270,518400,28176,518400,28176,0.054,0.000,,0,0,0.000,1.883,0.000,0.000,0.104,7250,6750,6750,7,7,0,1,9500,1.000,0,10.826,0.000,0,0,0.000,0.000,0,0,0,0,1.000,0.000,0.000,1,0,0,disabled,24,1,1,37,97,37,49,11,70,70,2,3,decoder-sync-observed,0,,0,0,0.092,23.727,0,,0.000,0.000,0.000,0.000,0,0,0,,15,0,0,6.038,0,411,0.104,0.000,0.000,0.104,0.000,0.070,0.011,1,1,1,1,0,1,1,0,0,0,0,0,1.000,0.000,0.000,30,0,0.000,0,0,0,0.000,0.000,0.000,0.000,0.000,0.000,0.000,1.728,10.381,0,0,0,0,0,0,0,0,0.000,0.000,0.000,0.000,0.000,0.000,0,0.108,19.598,298,299,1388,22.628,167.324,58.054,167.324,2409.088,54,1,H.264,84.343,0,0,166.118,167.934,1.004,117.629,83.119,arrival-gap-jitter-spike,12790.610,0,1,1,1,1,15199.698,411.150,454.875,455.724,455.724,0,0,3,0,0,3,0,,,141.315,141.315,370,1,decoded,0,0,0,0,0,0,0,0,0,0,,101.046,0.000,103.780,0.000,0.000,0.000,129.938,stale-before-upload,0.001,408,0.000,109.159,5.269,0.097,0.439,0.121,0.000,0.318,1,0,0,1,3,0.067,19.597,19.598,28.476,19.535,1.000,RecoveryDeadline,0,1,0,0.000,1,2,2,1,0.060,0.000,0.060,0,100,0,11877,11097,729,0,648
16.205,Custom_loss6_delay0-100_dup0_reorder6_burst0,Loopback,1,1,0,,,0.000,0,21,436,21.755,21.753,21.905,117.846,102.873,28.177,43.606,14.066,0.066,0.241,11879,840,11247,10407,1480,879,70,467,403,64,64,0,10409,327,104,0,0,0,0,5.000,0,0,0,0,0,0,0,0,0,0,0,0,0,0,0,0.000,0.000,0.000,,321,321,1481,0,1,59.032,166.118,60.033,167.934,0.000,0.000,320,317,6132,391,99,0,1071,1725,438,1,nack-suppressed-fec-grace,pending,H.264,0,1,24,10,14,2,1,0,0,0,0,0,12700,22,0,0,0,0,0,50.575,59,70,64,60,64,0,65.829,20.113,102.125,1,0,194,9,203,0,70,5,0.457,0.543,0.956,1.000,0.067,45.000,0.125,0.875,0.000,duplicate-guard,575,4876,0,0,349,4529,1071,10130,226,347,0,0,10121,predicted-useful,fec-grace,1776,0.167,80,203,0,1,0,0,0,5,5,5,5,77,1246,77,1246,0,0,0,pacing,1,0.824,8.360,116.360,0,0,5,5,0,0,0,0,2,4,4,0,3,2,2,sent,1252,1328,64,0,1,9500000,1200000,0,0,0,12722,12722,15576773,636,782036,370,458776,0,0,0,0,0,17.687,44.529,6541.938,4800.000,653,23105,11869,5191,11236,6045,0.304,6.418,1.426,653,4272222,7119249,1.419,23.352,0.454,12.667,23105,1071,320,10130,218,846,7,98,98,178,3,5,2,1,2,0,0,0,0,0,0,0,0,0,0,95,0,1,0,4,2142,1725,1725,0,0,0,0,0,,disabled,,0,0,0,0,,1,Fixed Quality,Hybrid,85,30,9500,12000,640,360,H.264,480,270,518400,28178,518400,28178,0.054,0.000,,0,0,0.000,1.953,0.000,0.000,0.069,7250,6750,6750,7,7,0,1,9500,1.000,0,18.330,0.000,0,0,0.000,0.000,0,0,0,0,0.291,0.665,0.044,1,0,0,disabled,24,1,1,40,105,40,52,13,77,77,1,4,decoder-sync-observed,0,,0,0,27.318,23.729,0,,0.000,0.000,0.000,0.000,0,0,0,,16,0,0,5.870,0,439,0.069,0.000,0.000,0.068,0.000,0.045,0.008,1,1,1,1,0,1,1,0,0,0,1,0,0.860,113.113,0.000,26,0,0.000,0,0,0,0.000,0.000,0.000,0.000,0.000,0.000,0.000,1.843,27.637,0,0,0,0,0,0,0,0,0.000,0.000,0.000,0.000,0.000,0.000,0,0.092,21.753,320,321,1481,60.146,167.324,58.054,167.324,2409.088,54,1,H.264,84.343,0,0,166.118,167.934,1.004,117.629,83.119,arrival-gap-jitter-spike,13796.118,0,1,1,1,1,16205.206,411.150,454.875,455.724,455.724,0,0,3,0,0,3,0,,,141.315,141.315,370,1,decoded,0,0,0,0,0,0,0,0,0,0,,106.616,0.000,109.515,0.000,0.000,0.000,138.923,stale-before-upload,0.000,436,0.000,112.907,3.289,0.078,0.923,0.702,0.000,0.221,1,0,0,1,3,0.066,21.755,21.753,14.066,21.905,1.000,RecoveryDeadline,0,1,0,1.000,1,1,1,1,0.060,0.000,0.060,0,100,0,12738,11898,793,0,686
17.206,Custom_loss6_delay0-100_dup0_reorder6_burst0,Loopback,1,1,0,,,0.000,0,21,464,23.726,21.908,20.302,97.233,102.707,20.834,42.088,14.926,0.065,0.237,12589,877,11904,11027,1565,933,76,491,424,67,65,0,11029,351,109,0,0,0,0,5.000,0,0,0,0,0,0,0,0,0,0,0,0,0,0,0,0.000,0.000,0.000,,344,344,1570,0,1,26.203,166.118,27.221,167.934,0.000,0.000,343,339,6498,418,103,0,1138,1824,465,1,fec-recovered,pending,H.264,0,1,22,14,8,2,2,1,1,10,0,0,13436,8,0,0,0,0,0,68.672,65,76,67,63,67,0,65.959,20.114,102.125,1,0,209,11,220,0,77,6,0.461,0.539,0.950,1.000,0.072,44.000,0.167,0.833,0.000,duplicate-guard,602,5110,0,0,369,4752,1138,10738,233,358,0,0,10729,predicted-useful,fec-grace,1891,0.455,87,220,0,1,0,0,0,6,6,6,6,84,1356,84,1356,0,0,0,pacing,1,0.814,11.848,119.848,0,0,6,6,0,0,0,0,2,4,4,0,3,2,2,sent,1363,1411,67,0,1,9500000,1200000,9,0,9,13467,13458,16481540,681,837758,394,488672,0,0,0,0,0,0.770,44.529,1193.438,4800.000,693,24491,12587,5463,11904,6441,0.303,16.162,1.394,693,3828436,6579573,1.056,17.213,0.474,14.315,24491,1138,344,10738,236,893,9,102,102,186,4,6,1,2,2,0,0,0,0,0,0,0,0,0,0,98,0,1,0,4,2272,1824,1824,0,0,0,0,0,,disabled,,0,0,0,0,,1,Fixed Quality,Hybrid,85,30,9500,12000,640,360,H.264,480,270,518400,26096,518400,26096,0.050,0.000,,0,0,0.000,2.007,0.000,0.000,0.062,6500,6250,6250,8,8,0,1,9500,0.916,1,12.036,0.000,0,0,0.000,0.000,0,0,0,0,0.295,0.655,0.050,1,0,0,latency-pressure-freshness-hold,22,1,1,44,115,44,58,13,83,83,1,4,decoder-sync-observed,0,,0,0,15.439,21.976,0,,0.000,0.000,0.000,0.000,0,0,0,,17,0,0,3.282,0,467,0.062,0.000,0.000,0.062,0.000,0.042,0.006,1,1,1,1,0,1,1,0,0,0,1,0,0.860,144.133,0.000,26,0,0.000,0,0,0,0.000,0.000,0.000,0.000,0.000,0.000,0.000,1.916,7.598,0,0,0,0,0,0,0,0,0.000,0.000,0.000,0.000,0.000,0.000,0,0.094,21.908,343,344,1570,27.349,167.324,58.054,167.324,2409.088,54,1,H.264,84.343,0,0,166.118,167.934,1.004,117.629,83.119,arrival-gap-jitter-spike,14797.014,0,1,1,1,1,17206.102,411.150,454.875,455.724,455.724,0,0,4,0,0,4,1,latency-pressure freshness,latency-over-80ms,133.494,141.315,444,1,decoded,0,0,0,0,0,0,0,0,0,0,,100.863,0.000,103.450,0.000,0.000,0.000,128.617,stale-before-upload,0.001,464,0.000,107.809,4.368,0.075,0.846,0.606,0.000,0.240,1,0,0,1,3,0.065,23.726,21.908,14.926,20.302,1.000,Loss,0,1,0,1.000,0,1,1,1,0.060,0.000,0.060,0,100,0,13475,12611,836,0,723
18.209,Custom_loss6_delay0-100_dup0_reorder6_burst0,Loopback,1,1,0,,,0.000,0,21,491,22.087,20.242,20.019,84.988,102.472,98.147,45.592,24.267,0.065,0.239,13298,921,12563,11642,1661,990,86,517,449,68,68,0,11644,370,116,0,0,0,0,5.000,0,0,0,0,0,0,0,0,0,0,0,0,0,0,0,0.000,0.000,0.000,,362,362,1658,0,1,20.044,166.118,21.009,167.934,0.000,0.000,361,357,6856,438,110,0,1200,1926,492,1,fec-recovered,pending,H.264,0,1,23,18,5,5,2,2,8,23,0,0,14176,13,0,0,0,0,0,83.880,71,86,68,64,68,0,66.053,20.191,102.125,2,0,227,12,239,0,82,8,0.452,0.548,0.950,1.000,0.089,43.000,0.200,0.800,0.000,duplicate-guard,624,5357,0,0,389,4996,1200,11317,235,361,0,0,11308,predicted-useful,fec-grace,1993,0.391,94,239,0,1,0,0,0,7,7,7,7,91,1454,91,1454,0,0,0,pacing,1,0.763,8.361,116.361,0,0,7,7,0,0,0,0,2,4,4,0,3,2,2,sent,1462,1485,71,0,1,9500000,1200000,0,0,0,14203,14203,17399202,729,897054,418,518568,0,0,0,0,0,13.244,44.529,4764.875,4800.000,732,25851,13288,5810,12563,6753,0.304,24.757,6.934,732,5076661,8647343,2.457,29.233,0.414,13.919,25851,1200,363,11317,254,937,9,108,108,197,6,9,2,3,3,0,0,0,0,0,0,0,0,0,0,102,0,1,0,4,2401,1926,1926,0,0,0,0,0,,disabled,,0,0,0,0,,1,Fixed Quality,Hybrid,85,30,9500,12000,640,360,H.264,480,270,518400,0,518400,27136,0.052,0.000,,0,0,0.000,2.206,0.000,0.000,0.086,7250,6500,6500,9,9,0,1,9500,1.000,0,13.244,0.000,0,0,0.000,0.000,0,0,0,0,0.297,0.653,0.050,1,0,0,disabled,0,0,0,48,123,48,62,13,88,88,0,4,async-output-pending,0,,0,0,0.000,0.000,0,,0.000,0.000,0.000,0.000,0,0,0,,18,0,0,6.596,0,494,0.086,0.000,0.000,0.086,0.000,0.057,0.009,1,1,1,1,0,1,1,0,1,0,1,0,0.860,113.548,0.000,26,0,0.000,0,0,0,0.000,0.000,0.000,0.000,0.000,0.000,0.000,0.000,10.698,0,0,0,0,0,0,0,0,0.000,0.000,0.000,0.000,0.000,0.000,0,0.093,20.242,361,362,1658,21.050,167.324,58.054,167.324,2409.088,54,1,H.264,84.343,0,0,166.118,167.934,1.004,117.629,83.119,arrival-gap-jitter-spike,15799.888,0,1,1,1,1,18208.976,411.150,454.875,455.724,455.724,0,0,4,0,0,4,0,,,133.494,141.315,444,1,decoded,0,0,0,0,0,0,0,0,0,0,,97.770,0.000,100.403,0.000,0.000,0.000,122.494,stale-before-upload,0.001,491,0.000,104.503,4.003,0.081,0.292,0.005,0.000,0.288,1,0,0,1,3,0.065,22.087,20.242,24.267,20.019,1.000,Loss,0,1,0,1.000,0,2,2,1,0.060,0.000,0.060,0,100,0,14221,13322,889,0,757
19.214,Custom_loss6_delay0-100_dup0_reorder6_burst0,Loopback,1,1,0,,,0.000,0,21,520,19.594,19.599,19.736,97.937,102.653,141.644,51.242,23.113,0.066,0.234,14035,992,13281,12289,1747,1051,91,537,467,70,68,0,12291,393,120,0,0,0,0,5.000,0,0,0,0,0,0,0,0,0,0,0,0,0,0,0,0.000,0.000,0.000,,385,385,1751,0,1,26.801,166.118,27.923,167.934,0.000,0.000,384,379,7235,463,114,0,1268,2033,521,1,fec-recovered,pending,H.264,0,1,24,15,9,4,2,1,3,13,0,0,14979,6,0,0,0,0,0,62.626,74,91,70,66,70,0,66.137,20.169,102.125,2,0,237,12,249,0,83,9,0.448,0.552,0.952,1.000,0.098,35.000,0.200,0.800,0.500,retransmit-late,656,5641,0,0,409,5261,1268,11945,247,380,0,0,11935,predicted-useful,fec-grace,2110,0.000,98,249,0,1,0,0,0,7,7,7,7,95,1517,95,1517,0,0,0,pacing,1,0.783,5.610,113.610,0,0,7,7,0,0,0,0,2,4,4,0,3,2,2,sent,1525,1574,75,0,1,9500000,1200000,10,0,10,15044,15034,18419144,769,946240,444,550960,0,0,0,0,0,0.961,44.529,252.250,4800.000,773,27302,14021,6150,13281,7131,0.305,22.799,0.085,773,5885432,8891577,0.645,32.086,0.495,15.571,27302,1268,386,11945,272,987,9,112,112,202,6,9,2,3,3,0,0,0,0,0,0,0,0,0,0,106,0,1,0,4,2536,2033,2033,0,0,0,0,0,,disabled,,0,0,0,0,,1,Fixed Quality,Hybrid,85,30,9500,12000,640,360,H.264,480,270,518400,28176,518400,28176,0.054,0.000,,0,0,0.000,2.100,0.000,0.000,0.072,7250,6750,6750,10,10,0,1,9500,1.000,0,15.538,0.000,0,0,0.000,0.000,0,0,0,0,0.297,0.655,0.048,1,0,0,disabled,24,1,1,52,135,52,70,13,95,95,1,4,decoder-sync-observed,0,,0,0,17.634,23.727,0,,0.000,0.000,0.000,0.000,0,0,0,,19,0,0,7.350,0,523,0.071,0.000,0.000,0.071,0.000,0.049,0.007,1,1,1,1,0,1,1,0,0,0,1,0,0.860,146.738,0.000,26,0,0.000,0,0,0,0.000,0.000,0.000,0.000,0.000,0.000,0.000,1.995,11.436,0,0,0,0,0,0,0,0,0.000,0.000,0.000,0.000,0.000,0.000,0,0.093,19.598,384,385,1751,27.766,167.324,58.054,167.324,2409.088,54,1,H.264,84.343,0,0,166.118,167.934,1.004,117.629,83.119,arrival-gap-jitter-spike,16805.004,0,1,1,1,1,19214.092,411.150,454.875,455.724,455.724,0,0,4,0,0,4,0,,,133.494,141.315,444,1,decoded,0,0,0,0,0,0,0,0,0,0,,105.428,0.000,108.303,5.779,0.000,107.660,128.969,stale-before-upload,0.000,519,0.000,115.035,5.000,0.075,0.950,0.687,0.000,0.263,1,0,0,1,3,0.066,19.594,19.599,23.113,19.736,1.000,RecoveryDeadline,0,1,0,2.000,1,2,2,1,0.060,0.000,0.060,0,100,0,15053,14059,935,0,802
20.221,Custom_loss6_delay0-100_dup0_reorder6_burst0,Loopback,1,1,0,,,0.000,0,21,548,22.175,22.178,22.037,97.912,102.759,89.421,53.363,4.311,0.064,0.237,14843,1020,14010,12990,1858,1123,101,565,488,77,69,0,12992,412,128,0,0,0,0,5.000,0,0,0,0,0,0,0,0,0,0,0,0,0,0,0,0.000,0.000,0.000,,404,404,1841,0,1,39.696,166.118,40.785,167.934,0.000,0.000,403,399,7652,489,122,0,1348,2150,549,1,fec-recovered,pending,H.264,0,1,24,24,0,4,4,3,11,31,0,0,15822,16,0,0,0,0,0,97.411,77,101,77,73,77,0,67.004,19.838,102.125,2,0,257,14,271,0,88,10,0.433,0.567,0.948,1.000,0.102,33.000,0.143,0.857,0.333,retransmit-late,689,5928,0,0,429,5529,1348,12713,260,399,0,0,12703,predicted-useful,fec-grace,2234,0.333,106,271,0,1,0,0,0,7,7,7,7,103,1654,103,1654,0,0,0,pacing,1,0.790,11.157,119.157,0,0,7,7,0,0,0,0,2,4,4,0,3,2,2,sent,1662,1669,79,0,1,9500000,1200000,11,0,11,15876,15865,19437398,821,1010352,470,583352,0,0,0,0,0,0.851,44.529,865.688,4800.000,816,28833,14824,6446,14009,7563,0.303,16.509,3.614,816,5147007,8306339,1.790,15.224,0.454,18.725,28833,1348,405,12713,296,1043,9,120,120,214,7,10,1,4,3,0,0,0,0,0,0,0,0,0,0,113,0,1,0,4,2676,2150,2150,0,0,0,0,0,,disabled,,0,0,0,0,,1,Fixed Quality,Hybrid,85,30,9500,12000,640,360,H.264,480,270,518400,28178,518400,28178,0.054,0.000,,0,0,0.000,2.189,0.000,0.000,0.060,7250,6750,6750,10,10,0,1,9500,1.000,0,9.213,0.000,0,0,0.000,0.000,0,0,0,0,0.284,0.664,0.052,1,0,0,disabled,24,1,1,56,146,56,75,15,103,103,1,4,decoder-sync-observed,0,,0,0,11.151,23.729,0,,0.000,0.000,0.000,0.000,0,0,0,,20,0,0,4.194,0,552,0.059,0.000,0.000,0.059,0.000,0.039,0.007,1,1,1,1,0,1,1,0,0,0,0,0,1.000,0.000,0.000,30,0,0.000,0,0,0,0.000,0.000,0.000,0.000,0.000,0.000,0.000,2.101,8.120,0,0,0,0,0,0,0,0,0.000,0.000,0.000,0.000,0.000,0.000,0,0.103,22.178,403,404,1841,40.768,167.324,58.054,167.324,2409.088,54,1,H.264,84.343,0,0,166.118,167.934,1.004,117.629,83.119,arrival-gap-jitter-spike,17811.670,0,1,1,1,1,20220.758,411.150,454.875,455.724,455.724,0,0,4,0,0,4,0,,,133.494,141.315,444,1,decoded,0,0,0,0,0,0,0,0,0,0,,106.568,0.000,109.305,0.000,0.000,0.000,128.956,stale-before-upload,0.001,548,0.000,114.108,4.685,0.080,0.815,0.547,0.000,0.267,1,0,0,1,3,0.064,22.175,22.178,4.311,22.037,1.000,RecoveryDeadline,0,1,0,0.000,2,5,5,1,0.060,0.000,0.060,0,100,0,15885,14867,989,0,851
21.223,Custom_loss6_delay0-100_dup0_reorder6_burst0,Loopback,1,1,0,,,0.000,0,21,577,16.167,16.168,16.019,107.484,102.859,34.123,52.350,24.278,0.066,0.241,15654,1108,14817,13709,1977,1193,119,590,508,82,75,0,13711,431,137,0,0,0,0,5.000,0,0,0,0,0,0,0,0,0,0,0,0,0,0,0,0.000,0.000,0.000,,423,423,1932,0,1,36.467,166.118,37.578,167.934,0.000,0.000,422,418,8083,513,131,0,1423,2273,580,1,fec-parity,pending,H.264,0,1,24,4,20,2,0,0,0,0,0,0,16751,17,0,0,0,0,0,42.718,81,119,82,78,82,0,66.874,20.279,102.125,2,0,284,14,298,0,93,11,0.405,0.595,0.953,1.000,0.106,42.000,0.111,0.889,0.200,duplicate-guard,718,6237,0,0,450,5825,1423,13485,268,412,0,0,13475,predicted-useful,fec-grace,2352,0.458,117,298,0,1,0,0,0,7,7,7,7,114,1834,114,1834,0,0,0,pacing,1,0.792,10.276,118.276,0,0,7,7,0,0,0,0,2,4,4,0,3,2,2,sent,1842,1757,83,0,1,9500000,1200000,0,0,0,16743,16743,20512972,878,1080686,496,615736,0,0,0,0,0,26.117,44.529,7977.250,4800.000,860,30460,15647,6844,14813,7969,0.304,22.561,4.136,860,6163817,9219275,1.840,1.120,0.474,15.059,30460,1423,424,13485,320,1094,9,129,129,230,10,14,1,6,4,0,0,0,0,0,0,0,0,0,0,119,0,1,0,4,2825,2273,2273,0,0,0,0,0,,disabled,,0,0,0,0,,1,Fixed Quality,Hybrid,85,30,9500,12000,640,360,H.264,480,270,518400,0,518400,28178,0.054,0.000,,0,0,0.000,1.939,0.000,0.000,0.103,7250,6750,6750,10,10,0,1,9500,1.000,0,26.117,0.000,0,0,0.000,0.000,0,0,0,0,0.272,0.681,0.047,1,0,0,disabled,0,0,0,60,153,60,78,15,110,110,0,4,async-output-pending,0,,0,0,0.000,0.000,0,,0.000,0.000,0.000,0.000,0,0,0,,21,0,0,4.773,0,581,0.103,0.000,0.000,0.103,0.000,0.073,0.011,1,1,1,1,0,1,1,0,1,0,0,0,1.000,0.000,0.000,30,0,0.000,0,0,0,0.000,0.000,0.000,0.000,0.000,0.000,0.000,0.000,10.062,0,0,0,0,0,0,0,0,0.000,0.000,0.000,0.000,0.000,0.000,0,0.107,16.168,422,423,1932,37.502,167.324,58.054,167.324,2409.088,54,1,H.264,84.343,0,0,166.118,167.934,1.004,117.629,83.119,arrival-gap-jitter-spike,18814.365,0,1,1,1,1,21223.453,411.150,454.875,455.724,455.724,0,0,4,0,0,4,0,,,133.494,141.315,444,1,decoded,0,0,0,0,0,0,0,0,0,0,,104.447,0.000,107.499,0.000,0.000,0.000,133.742,stale-before-upload,0.001,577,0.000,112.927,5.314,0.086,0.279,0.002,0.000,0.277,1,0,0,1,3,0.066,16.167,16.168,24.278,16.019,1.000,Loss,0,1,0,2.000,1,2,2,1,0.060,0.000,0.060,0,100,0,16764,15685,1044,0,896
22.228,Custom_loss6_delay0-100_dup0_reorder6_burst0,Loopback,1,1,0,,,0.000,0,21,607,11.774,11.771,11.651,101.627,102.894,29.831,51.224,11.757,0.066,0.248,16469,1171,15596,14425,2080,1262,130,606,521,85,82,0,14427,449,148,0,0,0,0,5.000,0,0,0,0,0,0,0,0,0,0,0,0,0,0,0,0.000,0.000,0.000,,441,441,2024,0,1,95.586,166.118,96.690,167.934,0.000,0.000,440,436,8489,534,142,0,1499,2386,608,1,nack-sent,pending,H.264,0,1,24,20,4,5,3,2,6,17,0,0,17575,11,0,0,0,0,0,73.510,85,130,85,81,85,0,67.619,20.594,102.125,2,0,302,15,317,0,97,12,0.395,0.605,0.953,1.000,0.110,45.000,0.000,1.000,0.000,duplicate-guard,748,6496,0,0,469,6067,1499,14226,279,429,0,0,14216,predicted-useful,fec-grace,2471,0.000,124,317,0,1,0,0,0,7,7,7,7,121,1947,121,1947,0,0,0,pacing,1,0.779,6.242,114.242,0,0,7,7,0,0,0,0,2,4,4,0,3,2,2,sent,1955,1851,86,0,1,9500000,1200000,4,0,4,17632,17628,21597222,927,1141068,521,646884,0,0,0,0,0,6.380,44.529,41.875,4800.000,904,32058,16464,7215,15594,8379,0.305,22.614,0.060,904,6142610,9440722,1.633,0.037,0.487,14.990,32058,1498,442,14222,344,1145,9,140,140,250,13,20,2,6,7,0,0,0,0,0,0,0,0,0,0,127,0,1,0,4,2965,2386,2386,0,0,0,0,0,,disabled,,0,0,0,0,,1,Fixed Quality,Hybrid,85,30,9500,12000,640,360,H.264,480,270,518400,28178,518400,28178,0.054,0.000,,0,0,0.000,2.043,0.000,0.000,0.073,7250,6750,6750,10,10,0,1,9500,1.000,0,13.896,0.000,0,0,0.000,0.000,0,0,0,0,0.268,0.685,0.047,1,0,0,disabled,24,0,0,63,162,63,82,17,118,118,0,4,large-au-observed,0,,0,0,17.757,23.729,0,,0.000,0.000,0.000,0.000,0,0,0,,22,0,0,3.434,0,610,0.072,0.000,0.000,0.072,0.000,0.051,0.007,1,1,1,1,0,1,1,0,0,0,1,0,0.860,31.552,0.000,26,0,0.000,0,0,0,0.000,0.000,0.000,0.000,0.000,0.000,0.000,1.958,8.057,0,0,0,0,0,0,0,0,0.000,0.000,0.000,0.000,0.000,0.000,0,0.097,11.771,440,441,2024,96.598,167.324,58.054,167.324,2409.088,54,1,H.264,84.343,0,0,166.118,167.934,1.004,117.629,83.119,arrival-gap-jitter-spike,19819.075,0,1,1,1,1,22228.163,411.150,454.875,455.724,455.724,0,0,4,0,0,4,0,,,133.494,141.315,444,1,decoded,0,0,0,0,0,0,0,0,0,0,,104.484,0.000,107.238,0.000,0.000,0.000,130.814,stale-before-upload,0.001,607,0.000,112.052,4.701,0.079,0.728,0.440,0.000,0.288,1,0,0,1,3,0.066,11.774,11.771,11.757,11.651,1.000,Loss,0,1,0,3.000,1,3,3,1,0.060,0.000,0.060,0,100,0,17650,16498,1113,0,939
23.234,Custom_loss6_delay0-100_dup0_reorder6_burst0,Loopback,1,1,0,,,0.000,0,21,634,20.461,20.463,20.564,105.558,102.853,27.619,50.100,27.612,0.067,0.251,17300,1234,16380,15146,2181,1326,136,631,543,88,88,0,15148,469,157,0,0,0,0,5.000,0,0,0,0,0,0,0,0,0,0,0,0,0,0,0,0.000,0.000,0.000,,461,461,2117,0,1,75.375,166.118,76.485,167.934,0.000,0.000,460,456,8911,557,151,0,1576,2506,639,1,fec-parity,pending,H.264,0,1,24,3,21,1,0,0,0,0,0,0,18512,2,0,0,0,0,0,17.627,91,136,88,84,88,0,67.415,20.447,102.125,2,0,317,15,332,0,103,13,0.401,0.599,0.955,1.000,0.112,43.000,0.286,0.714,0.000,duplicate-guard,786,6864,0,0,493,6411,1576,14964,293,453,0,0,14953,predicted-useful,fec-grace,2595,0.292,129,332,0,1,0,0,0,7,7,7,7,126,2026,126,2026,0,0,0,pacing,1,0.792,5.828,113.828,0,0,7,7,0,0,0,0,2,4,4,0,3,2,2,sent,2034,1948,90,0,1,9500000,1200000,31,0,31,18547,18516,22685260,972,1196474,547,679276,0,0,0,0,0,10.566,44.529,1180.750,4800.000,950,33658,17291,7641,16367,8726,0.306,27.483,0.052,950,5852016,9839487,0.787,-0.413,0.448,12.350,33658,1576,462,14964,362,1205,9,149,149,263,15,22,1,8,7,0,0,0,0,0,0,0,0,0,0,134,0,1,0,4,3108,2506,2506,0,0,0,0,0,,disabled,,0,0,0,0,,1,Fixed Quality,Hybrid,85,30,9500,12000,640,360,H.264,480,270,518400,28178,518400,28178,0.054,0.000,,0,0,0.000,1.939,0.000,0.000,0.088,7250,6750,6750,10,10,0,1,9500,1.000,0,20.434,0.000,0,0,0.000,0.000,0,0,0,0,0.274,0.681,0.045,1,0,0,disabled,24,0,0,67,170,67,86,17,124,124,0,4,large-au-observed,0,,0,0,8.563,23.729,0,,0.000,0.000,0.000,0.000,0,0,0,,23,0,0,3.951,0,640,0.088,0.000,0.000,0.087,0.000,0.049,0.007,1,1,1,1,0,1,1,0,0,0,0,0,1.000,0.000,0.000,30,0,0.000,0,0,0,0.000,0.000,0.000,0.000,0.000,0.000,0.000,1.843,8.058,0,0,0,0,0,0,0,0,0.000,0.000,0.000,0.000,0.000,0.000,0,0.091,20.463,460,461,2117,76.340,167.324,58.054,167.324,2409.088,54,1,H.264,84.343,0,0,166.118,167.934,1.004,117.629,83.119,arrival-gap-jitter-spike,20824.921,0,1,1,1,1,23234.009,411.150,454.875,455.724,455.724,0,0,4,0,0,4,0,,,133.494,141.315,444,1,decoded,0,0,0,0,0,0,0,0,0,0,,102.227,0.000,105.006,0.000,0.000,0.000,132.779,stale-before-upload,0.000,634,0.000,110.186,5.080,0.074,0.729,0.474,0.000,0.255,1,0,0,1,3,0.067,20.461,20.463,27.612,20.564,1.000,Loss,0,1,0,0.000,1,2,2,1,0.060,0.000,0.060,0,100,0,18539,17330,1174,0,987
24.237,Custom_loss6_delay0-100_dup0_reorder6_burst0,Loopback,1,1,0,,,0.000,0,21,665,21.476,21.470,21.276,95.024,102.852,101.301,52.427,9.368,0.067,0.253,18116,1300,17158,15858,2281,1385,142,663,569,94,91,0,15860,489,166,0,0,0,0,5.000,0,0,0,0,0,0,0,0,0,0,0,0,0,0,0,0.000,0.000,0.000,,481,481,2213,0,1,54.926,166.118,55.932,167.934,0.000,0.000,480,476,9329,583,160,0,1653,2622,667,1,fec-parity,pending,H.264,0,1,24,7,17,2,0,1,2,19,0,0,19388,19,0,0,0,0,0,41.356,96,142,94,90,94,0,67.023,20.844,102.125,2,0,334,16,350,0,108,15,0.403,0.597,0.954,1.000,0.122,31.000,0.429,0.571,0.333,retransmit-late,826,7200,0,0,515,6720,1653,15753,311,480,0,0,15741,predicted-useful,fec-grace,2718,0.167,135,350,0,1,0,0,0,7,7,7,7,132,2120,132,2120,0,0,0,pacing,1,0.772,5.336,113.336,0,0,7,7,0,0,0,0,2,4,4,0,3,2,2,sent,2128,2043,94,0,1,9500000,1200000,1,0,1,19405,19404,23773274,1020,1255612,572,710424,0,0,0,0,0,9.826,44.529,154.375,4800.000,996,35260,18110,8029,17150,9121,0.307,14.787,1.103,996,5636225,8892096,0.982,73.682,0.468,16.116,35260,1653,482,15753,380,1264,9,158,158,277,17,25,2,9,8,0,0,0,0,0,0,0,0,0,0,141,0,1,0,4,3247,2622,2622,0,0,0,0,0,,disabled,,0,0,0,0,,1,Fixed Quality,Hybrid,85,30,9500,12000,640,360,H.264,480,270,518400,28176,518400,28176,0.054,0.000,,0,0,0.000,2.363,0.000,0.000,0.096,7250,6750,6750,10,10,0,1,9500,1.000,0,10.663,0.000,0,0,0.000,0.000,0,0,0,0,0.274,0.680,0.046,1,0,0,disabled,24,0,0,71,178,71,88,19,130,130,0,4,large-au-observed,0,,0,0,15.927,23.727,0,,0.000,0.000,0.000,0.000,0,0,0,,24,0,0,11.582,0,668,0.096,0.000,0.000,0.095,0.000,0.066,0.009,1,1,1,1,0,1,1,0,0,0,1,0,0.860,179.994,0.000,26,0,0.000,0,0,0,0.000,0.000,0.000,0.000,0.000,0.000,0.000,2.257,9.023,0,0,0,0,0,0,0,0,0.000,0.000,0.000,0.000,0.000,0.000,0,0.099,21.471,480,481,2213,56.127,167.324,58.054,167.324,2409.088,54,1,H.264,84.343,0,0,166.118,167.934,1.004,117.629,83.119,arrival-gap-jitter-spike,21828.095,0,1,1,1,1,24237.183,411.150,454.875,455.724,455.724,0,0,4,0,0,4,0,,,133.494,141.315,444,1,decoded,0,0,0,0,0,0,0,0,0,0,,101.938,0.000,104.892,0.000,0.000,0.000,127.512,stale-before-upload,0.001,665,0.000,111.565,6.561,0.089,0.287,0.001,0.000,0.287,1,0,0,1,3,0.067,21.476,21.470,9.368,21.276,1.000,Loss,0,1,0,0.000,0,2,2,1,0.060,0.000,0.060,0,100,0,19428,18149,1233,0,1035
25.241,Custom_loss6_delay0-100_dup0_reorder6_burst0,Loopback,1,1,0,,,0.000,0,21,693,25.313,25.320,25.516,108.476,102.816,57.946,52.667,6.166,0.066,0.246,18941,1342,17930,16588,2386,1440,147,708,609,99,91,0,16590,515,168,0,0,0,0,5.000,0,0,0,0,0,0,0,0,0,0,0,0,0,0,0,0.000,0.000,0.000,,507,507,2306,0,1,44.479,166.118,45.672,167.934,0.000,0.000,506,502,9757,614,162,0,1726,2746,696,1,fec-parity,pending,H.264,0,1,24,8,16,1,0,0,0,0,0,0,20281,22,0,0,0,0,0,20.147,104,147,99,95,99,0,67.069,20.905,102.125,2,0,352,18,370,0,120,15,0.414,0.586,0.951,1.000,0.111,39.000,0.400,0.600,0.000,duplicate-guard,860,7556,0,0,538,7055,1726,16507,322,501,0,0,16495,predicted-useful,fec-grace,2844,0.833,143,370,0,1,0,0,0,7,7,7,7,140,2254,140,2254,0,0,0,pacing,1,0.794,7.871,115.871,0,0,7,7,0,0,0,0,2,4,4,0,3,2,2,sent,2262,2132,98,0,1,9500000,1200000,0,0,0,20265,20265,24828284,1070,1317238,599,743430,0,0,0,0,0,17.648,44.529,4902.000,4800.000,1040,36839,18916,8429,17923,9494,0.308,6.243,0.869,1040,5462694,12431860,1.177,50.275,0.525,11.564,36839,1726,508,16507,398,1319,9,160,160,280,17,25,2,9,8,0,0,0,0,0,0,0,0,0,0,143,0,1,0,4,3398,2746,2746,0,0,0,0,0,,disabled,,0,0,0,0,,1,Fixed Quality,Hybrid,85,30,9500,12000,640,360,H.264,480,270,518400,28178,518400,28178,0.054,0.000,,0,0,0.000,1.922,0.000,0.000,0.082,7250,6750,6750,10,10,0,1,9500,1.000,0,17.648,0.000,0,0,0.000,0.000,0,0,0,0,0.281,0.670,0.049,1,0,0,disabled,24,0,0,75,186,75,92,19,136,136,0,4,large-au-observed,0,,0,0,17.106,23.729,0,,0.000,0.000,0.000,0.000,0,0,0,,25,0,0,4.592,0,696,0.082,0.000,0.000,0.081,0.000,0.058,0.006,1,1,1,1,0,1,1,0,0,0,1,0,0.860,68.642,0.000,26,0,0.000,0,0,0,0.000,0.000,0.000,0.000,0.000,0.000,0.000,1.833,29.873,0,0,0,0,0,0,0,0,0.000,0.000,0.000,0.000,0.000,0.000,0,0.094,25.321,506,507,2306,45.578,167.324,58.054,167.324,2409.088,54,1,H.264,84.343,0,0,166.118,167.934,1.004,117.629,83.119,arrival-gap-jitter-spike,22831.996,0,1,1,1,1,25241.084,411.150,454.875,455.724,455.724,0,0,4,0,0,4,0,,,133.494,141.315,444,1,decoded,0,0,0,0,0,0,0,0,0,0,,104.540,0.000,107.405,0.000,0.000,0.000,134.238,stale-before-upload,0.001,693,0.000,110.710,3.204,0.081,0.784,0.505,0.000,0.279,1,0,0,1,3,0.066,25.313,25.320,6.166,25.516,1.000,RecoveryDeadline,0,1,0,2.000,1,2,2,1,0.060,0.000,0.060,0,100,0,20290,18974,1285,0,1078
26.241,Custom_loss6_delay0-100_dup0_reorder6_burst0,Loopback,1,1,0,,,0.000,0,21,721,19.698,19.702,19.470,109.917,102.844,70.464,53.409,16.366,0.066,0.246,19695,1392,18635,17243,2489,1509,152,734,632,102,94,0,17245,535,175,0,0,0,0,5.000,0,0,0,0,0,0,0,0,0,0,0,0,0,0,0,0.000,0.000,0.000,,527,527,2399,0,1,33.327,166.118,34.400,167.934,0.000,0.000,526,521,10151,637,169,0,1798,2859,721,1,retransmit-late-after-completed,completed,H.264,1,1,24,24,0,0,0,3,0,0,0,1,21028,2,21028,2,21028,2,1,107.345,111,152,102,98,102,0,67.218,20.469,102.125,2,0,367,22,389,0,124,16,0.422,0.578,0.943,1.000,0.114,31.000,0.400,0.600,0.500,retransmit-late,894,7865,0,0,558,7343,1798,17315,336,522,0,0,17303,predicted-useful,fec-grace,2956,0.000,152,389,0,1,0,0,0,7,7,7,7,149,2416,149,2416,0,0,0,pacing,1,0.847,8.606,116.606,0,0,7,7,0,0,0,0,2,4,4,0,3,2,2,sent,2424,2214,102,0,1,9500000,1200000,0,0,0,21064,21064,25807306,1119,1377620,626,776436,0,0,0,0,0,11.122,44.529,606.438,3574.450,1082,38308,19682,8712,18626,9914,0.307,4.852,1.003,1082,5651724,9333836,0.881,42.723,0.443,12.497,38308,1798,528,17315,416,1373,9,167,167,293,19,29,2,9,10,0,0,0,0,0,0,0,0,0,0,148,0,1,0,4,3531,2859,2859,0,0,0,0,0,,disabled,,0,0,0,0,,1,Fixed Quality,Hybrid,85,30,9500,12000,640,360,H.264,480,270,518400,0,518400,28176,0.054,0.000,,0,0,0.000,0.015,0.000,0.000,0.005,7250,6750,6750,10,10,0,1,9500,1.000,0,11.920,0.000,0,0,0.000,0.000,0,0,0,0,0.000,1.000,0.000,1,0,0,disabled,0,0,0,79,195,79,95,21,142,142,0,4,async-output-pending,0,,0,0,0.000,0.000,0,,0.000,0.000,0.000,0.000,0,0,0,,26,0,0,0.000,1,0,0.000,0.000,0.000,0.000,0.000,0.000,0.000,0,0,0,0,0,0,0,0,1,1,1,1,1.000,180.000,1.500,30,0,0.000,0,0,0,0.000,0.000,0.000,0.000,0.000,0.000,0.000,0.000,7.115,0,0,0,0,0,0,0,0,0.000,0.000,0.000,0.000,0.000,0.000,0,0.089,19.702,526,527,2399,34.362,167.324,58.054,167.324,2409.088,54,1,H.264,84.343,0,0,166.118,167.934,1.004,117.629,83.119,arrival-gap-jitter-spike,23832.346,0,1,1,1,1,26241.434,411.150,454.875,455.724,455.724,0,0,4,0,0,4,0,,,133.494,141.315,444,1,decoded,0,0,0,0,0,0,0,0,0,0,,107.643,0.000,110.420,4.115,0.000,117.924,134.959,stale-before-upload,0.001,720,0.000,115.118,5.402,0.077,0.568,0.281,0.000,0.287,1,0,0,1,3,0.066,19.698,19.702,16.366,19.470,1.000,RecoveryDeadline,0,1,0,0.500,4,2,2,1,0.060,0.000,0.060,0,100,0,21090,19726,1333,0,1126
27.248,Custom_loss6_delay0-100_dup0_reorder6_burst0,Loopback,1,1,0,,,0.000,0,21,750,24.133,22.270,22.257,101.841,102.882,54.014,53.433,51.807,0.066,0.245,20505,1438,19383,17945,2600,1580,158,763,659,104,99,0,17947,558,181,0,0,0,0,5.000,0,0,0,0,0,0,0,0,0,0,0,0,0,0,0,0.000,0.000,0.000,,549,549,2498,0,1,92.304,166.118,93.245,167.934,0.000,0.000,548,543,10578,662,174,0,1878,2985,750,1,completed,completed,H.264,0,1,24,24,0,5,5,2,6,12,0,0,21862,5,0,0,0,0,0,92.218,120,158,104,100,104,0,67.182,20.734,102.125,2,0,384,21,405,0,130,16,0.432,0.568,0.948,1.000,0.110,40.000,0.600,0.400,0.000,duplicate-guard,928,8215,0,0,580,7672,1878,18118,348,543,0,0,18106,predicted-useful,fec-grace,3080,0.000,158,405,0,1,0,0,0,7,7,7,7,155,2508,155,2508,0,0,0,pacing,1,0.766,7.165,115.165,0,0,7,7,0,0,0,0,2,4,4,0,3,2,2,sent,2516,2307,106,0,1,9500000,1200000,11,0,11,21950,21939,26879724,1165,1434270,651,807584,0,0,0,0,0,0.868,44.529,1067.562,4800.000,1127,39888,20505,9078,19383,10305,0.307,36.557,0.661,1127,6218852,9555293,1.291,30.889,0.419,16.685,39888,1878,551,18118,434,1435,9,172,172,300,19,29,2,9,10,0,0,0,0,0,0,0,0,0,0,153,0,1,0,4,3673,2985,2985,0,0,0,0,0,,disabled,,0,0,0,0,,1,Fixed Quality,Hybrid,85,30,9500,12000,640,360,H.264,480,270,518400,28176,518400,28176,0.054,0.000,,0,0,0.000,2.372,0.000,0.000,0.104,7250,6750,6750,10,10,0,1,9500,1.000,0,12.548,0.000,0,0,0.000,0.000,0,0,0,0,0.296,0.652,0.052,1,0,0,disabled,24,0,0,83,204,83,100,21,148,148,0,4,large-au-observed,0,,0,0,14.775,23.727,0,,0.000,0.000,0.000,0.000,0,0,0,,27,0,0,12.807,0,753,0.103,0.000,0.000,0.102,0.000,0.073,0.009,1,1,1,1,0,1,1,0,0,0,1,0,0.860,179.994,0.000,26,0,0.000,0,0,0,0.000,0.000,0.000,0.000,0.000,0.000,0.000,2.256,10.360,0,0,0,0,0,0,0,0,0.000,0.000,0.000,0.000,0.000,0.000,0,0.113,22.270,548,549,2498,93.467,167.324,58.054,167.324,2409.088,54,1,H.264,84.343,0,0,166.118,167.934,1.004,117.629,83.119,arrival-gap-jitter-spike,24838.891,0,1,1,1,1,27247.979,411.150,454.875,455.724,455.724,0,0,4,0,0,4,0,,,133.494,141.315,444,1,decoded,0,0,0,0,0,0,0,0,0,0,,104.152,0.000,106.962,1.201,0.000,107.007,135.921,stale-before-upload,0.001,747,0.000,113.365,5.952,0.091,0.283,0.001,0.000,0.282,1,0,0,1,3,0.066,24.133,22.270,51.807,22.257,2.000,RecoveryDeadline,0,1,0,2.000,1,2,2,1,0.060,0.000,0.060,0,100,0,21966,20537,1380,0,1173
28.255,Custom_loss6_delay0-100_dup0_reorder6_burst0,Loopback,1,1,0,,,0.000,0,21,777,12.754,12.752,12.755,126.020,102.832,68.548,54.014,16.099,0.066,0.249,21241,1494,20073,18579,2699,1648,166,779,674,105,106,0,18581,574,190,0,0,0,0,5.000,0,0,0,0,0,0,0,0,0,0,0,0,0,0,0,0.000,0.000,0.000,,565,565,2590,0,1,61.248,166.118,62.307,167.934,0.000,0.000,564,560,10957,679,184,0,1946,3084,778,1,nack-sent,pending,H.264,0,1,24,20,4,4,3,3,4,20,0,1,22674,21,22683,0,0,0,0,90.231,126,166,105,101,105,0,67.142,20.687,102.125,3,0,400,21,421,0,133,21,0.432,0.568,0.950,1.000,0.136,33.000,0.444,0.444,1.000,retransmit-late,969,8530,0,0,602,7955,1946,18746,367,575,0,0,18733,predicted-useful,fec-grace,3186,0.583,168,421,0,1,0,0,0,7,7,7,7,165,2696,165,2696,0,0,0,pacing,1,0.858,7.726,115.726,0,0,7,7,0,0,0,0,2,4,4,0,3,2,2,sent,2704,2387,110,0,1,9500000,1200000,0,0,0,22716,22716,27831378,1211,1490920,677,839354,0,0,0,0,0,15.281,44.529,955.938,4800.000,1168,41313,21240,9430,20073,10643,0.307,47.969,0.000,1168,5684565,9420918,1.024,27.618,0.497,20.189,41313,1945,567,18742,446,1490,9,181,181,319,21,33,2,9,12,0,0,0,0,0,0,0,0,0,0,160,0,1,0,4,3803,3084,3084,0,0,0,0,0,,disabled,,0,0,0,0,,1,Fixed Quality,Hybrid,85,30,9500,12000,640,360,H.264,480,270,518400,28178,518400,28178,0.054,0.000,,0,0,0.000,2.171,0.000,0.000,0.149,7250,6750,6750,10,10,0,1,9500,1.000,0,15.281,0.000,0,0,0.000,0.000,0,0,0,0,0.299,0.651,0.050,1,0,0,disabled,24,0,0,87,211,87,102,22,152,152,0,4,large-au-observed,0,,0,0,11.846,23.729,0,,0.000,0.000,0.000,0.000,0,0,0,,28,0,0,7.536,0,780,0.148,0.000,0.000,0.148,0.000,0.120,0.009,1,1,1,1,0,1,1,0,0,0,1,0,0.860,65.526,0.000,26,0,0.000,0,0,0,0.000,0.000,0.000,0.000,0.000,0.000,0.000,1.988,11.508,0,0,0,0,0,0,0,0,0.000,0.000,0.000,0.000,0.000,0.000,0,0.091,12.752,564,565,2590,62.377,167.324,58.054,167.324,2409.088,54,1,H.264,84.343,0,0,166.118,167.934,1.004,117.629,83.119,arrival-gap-jitter-spike,25845.695,0,1,1,1,1,28254.783,411.150,454.875,455.724,455.724,0,0,4,0,0,4,0,,,133.494,141.315,444,1,decoded,0,0,0,0,0,0,0,0,0,0,,106.285,0.000,109.107,0.000,0.000,0.000,143.010,stale-before-upload,0.001,777,0.000,114.227,5.024,0.080,0.381,0.144,0.000,0.237,1,0,0,1,3,0.066,12.754,12.752,16.099,12.755,1.000,RecoveryDeadline,0,1,0,0.000,1,1,1,1,0.060,0.000,0.060,0,100,0,22744,21283,1425,0,1206
29.261,Custom_loss6_delay0-100_dup0_reorder6_burst0,Loopback,1,1,0,,,0.000,0,21,805,19.691,19.698,19.724,86.979,102.854,69.694,54.595,44.452,0.065,0.249,22015,1540,20800,19260,2792,1701,168,812,700,112,111,0,19262,594,197,0,0,0,0,5.000,0,0,0,0,0,0,0,0,0,0,0,0,0,0,0,0.000,0.000,0.000,,585,585,2689,0,1,5.264,166.118,6.332,167.934,0.000,0.000,584,580,11349,706,191,0,2018,3190,807,1,nack-sent,pending,H.264,0,1,24,15,9,3,2,1,0,9,0,0,23512,4,0,0,0,0,0,57.961,129,168,112,108,112,0,67.052,20.204,102.125,3,0,412,22,434,0,138,21,0.434,0.566,0.949,1.000,0.132,42.000,0.167,0.833,0.000,duplicate-guard,1006,8866,0,0,624,8267,2018,19456,382,599,0,0,19443,predicted-useful,fec-grace,3306,0.333,173,434,0,1,0,0,0,7,7,7,7,170,2784,170,2784,0,0,0,pacing,1,0.849,4.169,112.169,0,0,7,7,0,0,0,0,2,4,4,0,3,2,2,sent,2792,2479,114,0,1,9500000,1200000,0,0,0,23539,23539,28839680,1254,1543836,703,871122,0,0,0,0,0,11.303,44.529,873.625,4800.000,1209,42804,22004,9732,20800,11068,0.307,6.232,0.548,1209,5881186,9128140,0.937,22.323,0.507,16.671,42804,2017,587,19447,461,1547,9,188,188,332,21,33,2,9,12,0,0,0,0,0,0,0,0,0,0,167,0,1,0,4,3941,3190,3190,0,0,0,0,0,,disabled,,0,0,0,0,,1,Fixed Quality,Hybrid,85,30,9500,12000,640,360,H.264,480,270,518400,0,518400,28176,0.054,0.000,,0,0,0.000,4.813,0.000,4.109,0.674,7250,6750,6750,10,10,0,1,9500,1.000,0,11.303,0.000,0,0,0.000,0.000,0,0,0,0,0.297,0.652,0.051,1,0,0,disabled,0,0,0,91,217,91,103,23,157,157,0,4,async-output-pending,0,,0,0,0.000,0.000,0,,11.228,11086.312,45673.077,0.000,0,0,0,,29,0,0,0.000,1,0,0.665,0.177,0.486,0.000,0.000,0.000,0.000,0,0,1,1,1,0,0,1,1,0,1,0,0.860,167.062,0.000,26,0,0.000,0,0,0,0.000,0.000,0.000,0.000,0.000,0.000,0.000,0.000,13.501,0,0,0,0,0,0,0,0,0.000,0.000,0.000,0.000,0.000,0.000,0,0.090,19.698,584,585,2689,6.207,167.324,58.054,167.324,2409.088,54,1,H.264,84.343,0,0,166.118,167.934,1.004,117.629,83.119,arrival-gap-jitter-spike,26852.390,0,1,1,1,1,29261.478,411.150,454.875,455.724,455.724,0,0,4,0,0,4,0,,,133.494,141.315,444,1,decoded,0,0,0,0,0,0,0,0,0,0,,102.118,0.000,104.894,0.000,0.000,0.000,128.489,stale-before-upload,0.001,805,0.000,109.116,4.123,0.086,0.824,0.597,0.000,0.227,1,0,0,1,3,0.065,19.691,19.698,44.452,19.724,1.000,RecoveryDeadline,0,1,0,2.000,2,4,4,1,0.060,0.000,0.060,0,100,0,23568,22052,1474,0,1244
30.262,Custom_loss6_delay0-100_dup0_reorder6_burst0,Loopback,1,1,0,,,0.000,0,21,834,23.754,23.767,23.916,100.911,102.954,90.861,55.890,6.246,0.065,0.246,22827,1596,21569,19973,2893,1753,173,853,735,118,114,0,19975,618,202,0,0,0,0,5.000,0,0,0,0,0,0,0,0,0,0,0,0,0,0,0,0.000,0.000,0.000,,609,609,2779,0,1,34.341,166.118,35.464,167.934,0.000,0.000,608,603,11766,736,196,0,2087,3303,835,1,fec-recovered,pending,H.264,0,1,24,12,12,3,1,1,4,17,0,0,24379,12,0,0,0,0,0,63.216,136,173,118,114,118,0,67.474,19.782,102.125,3,0,430,22,452,0,145,22,0.440,0.560,0.951,1.000,0.132,45.000,0.222,0.778,0.000,duplicate-guard,1047,9203,0,0,647,8575,2087,20112,400,628,0,0,20098,predicted-useful,fec-grace,3427,0.708,179,452,0,1,0,0,0,7,7,7,7,176,2879,176,2879,0,0,0,pacing,1,0.778,7.705,115.705,0,0,7,7,0,0,0,0,2,4,4,0,3,2,2,sent,2887,2567,118,0,1,9500000,1200000,0,0,0,24397,24397,29890950,1302,1602974,731,905380,0,0,0,0,0,15.145,44.529,5287.938,4800.000,1254,44380,22813,10154,21567,11413,0.308,6.328,1.519,1254,7584413,10762145,1.355,22.092,0.519,8.478,44380,2087,611,20112,476,1602,9,193,193,342,21,33,2,9,12,0,0,0,0,0,0,0,0,0,0,172,0,1,0,4,4088,3303,3303,0,0,0,0,0,,disabled,,0,0,0,0,,1,Fixed Quality,Hybrid,85,30,9500,12000,640,360,H.264,480,270,518400,0,518400,28178,0.054,0.000,,0,0,0.000,0.008,0.000,0.000,0.004,7250,6750,6750,10,10,0,1,9500,1.000,0,15.145,0.000,0,0,0.000,0.000,0,0,0,0,0.301,0.650,0.049,1,0,0,disabled,0,0,0,95,223,95,105,23,162,162,0,4,async-output-pending,0,,0,0,0.000,0.000,0,,0.000,0.000,0.000,0.000,0,0,0,,30,0,0,0.000,1,0,0.000,0.000,0.000,0.000,0.000,0.000,0.000,0,0,0,0,0,0,0,0,1,1,1,1,0.860,180.000,1.500,26,0,0.000,0,0,0,0.000,0.000,0.000,0.000,0.000,0.000,0.000,0.000,10.038,0,0,0,0,0,0,0,0,0.000,0.000,0.000,0.000,0.000,0.000,0,0.106,23.767,608,609,2779,35.376,167.324,58.054,167.324,2409.088,54,1,H.264,84.343,0,0,166.118,167.934,1.004,117.629,83.119,arrival-gap-jitter-spike,27853.453,0,1,1,1,1,30262.541,411.150,454.875,455.724,455.724,0,0,4,0,0,4,0,,,133.494,141.315,444,1,decoded,0,0,0,0,0,0,0,0,0,0,,101.662,0.000,104.582,5.939,0.000,110.701,130.456,stale-before-upload,0.001,833,0.000,110.790,6.102,0.095,0.310,0.001,0.000,0.309,1,0,0,1,3,0.065,23.754,23.767,6.246,23.916,1.000,RecoveryDeadline,0,1,0,0.000,2,1,1,1,0.060,0.000,0.060,0,100,0,24427,22869,1527,0,1304
31.269,Custom_loss6_delay0-100_dup0_reorder6_burst0,Loopback,1,1,0,,,0.000,0,21,863,19.725,17.756,21.103,102.358,103.123,90.861,55.890,15.147,0.065,0.246,23613,1630,22302,20672,2995,1823,180,877,757,120,115,0,20674,640,209,0,0,0,0,5.000,0,0,0,0,0,0,0,0,0,0,0,0,0,0,0,0.000,0.000,0.000,,629,629,2872,0,1,55.802,166.118,56.834,167.934,0.000,0.000,628,623,12152,760,201,0,2154,3414,864,1,fec-parity,pending,H.264,0,1,24,15,9,4,2,1,2,13,0,0,25203,9,0,0,0,0,0,63.024,143,180,120,116,120,0,67.477,19.529,102.125,3,0,446,22,468,0,149,23,0.443,0.557,0.953,1.000,0.134,39.000,0.375,0.625,0.333,retransmit-late,1077,9483,0,0,668,8841,2154,20730,409,642,0,0,20716,predicted-useful,fec-grace,3539,0.000,185,468,0,1,0,0,0,7,7,7,7,182,2981,182,2981,0,0,0,pacing,1,0.809,6.731,114.731,0,0,7,7,0,0,0,0,2,4,4,0,3,2,2,sent,2989,2649,122,0,1,9500000,1200000,11,0,11,25253,25242,30926620,1348,1659624,756,936528,0,0,0,0,0,0.621,44.529,1137.625,4800.000,1296,45898,23596,10474,22302,11828,0.307,7.168,1.456,1296,4706117,8078998,1.320,22.092,0.518,18.638,45898,2154,633,20730,494,1651,9,198,198,351,22,34,1,10,12,0,0,0,0,0,0,0,0,0,0,176,0,1,0,4,4223,3414,3414,0,0,0,0,0,,disabled,,0,0,0,0,,1,Fixed Quality,Hybrid,85,30,9500,12000,640,360,H.264,480,270,518400,28178,518400,28178,0.054,0.000,,0,0,0.000,2.532,0.000,0.000,0.091,7250,6750,6750,10,10,0,1,9500,1.000,0,15.668,0.000,0,0,0.000,0.000,0,0,0,0,0.306,0.647,0.047,1,0,0,disabled,24,0,0,99,233,99,110,24,168,168,0,4,large-au-observed,0,,0,0,17.637,23.729,0,,0.000,0.000,0.000,0.000,0,0,0,,31,0,0,6.153,0,866,0.091,0.000,0.000,0.090,0.000,0.063,0.006,1,1,1,1,0,1,1,0,0,0,0,0,1.000,0.000,0.000,30,0,0.000,0,0,0,0.000,0.000,0.000,0.000,0.000,0.000,0.000,2.432,10.377,0,0,0,0,0,0,0,0,0.000,0.000,0.000,0.000,0.000,0.000,0,0.097,17.756,628,629,2872,56.791,167.324,58.054,167.324,2409.088,54,1,H.264,84.343,0,0,166.118,167.934,1.004,117.629,83.119,arrival-gap-jitter-spike,28860.171,0,1,1,1,1,31269.259,411.150,454.875,455.724,455.724,0,0,4,0,0,4,0,,,133.494,141.315,444,1,decoded,0,0,0,0,0,0,0,0,0,0,,104.302,0.000,107.108,5.472,0.000,111.709,131.179,stale-before-upload,0.001,861,0.000,111.584,4.127,0.079,0.647,0.396,0.000,0.252,1,0,0,1,3,0.065,19.725,17.756,15.147,21.103,2.000,RecoveryDeadline,0,1,0,4.000,1,4,4,1,0.060,0.000,0.060,0,100,0,25273,23648,1570,0,1347
32.276,Custom_loss6_delay0-100_dup0_reorder6_burst0,Loopback,1,1,0,,,0.000,0,21,891,20.561,20.559,20.538,108.439,103.087,22.366,54.734,75.818,0.065,0.250,24445,1698,23089,21391,3090,1884,187,902,778,124,117,0,21393,658,219,0,0,0,0,5.000,0,0,0,0,0,0,0,0,0,0,0,0,0,0,0,0.000,0.000,0.000,,647,647,2967,0,1,123.170,166.118,124.453,167.934,0.000,0.000,646,642,12557,782,211,0,2231,3520,893,1,nack-sent,pending,H.264,0,1,24,12,12,5,1,1,0,12,0,0,26092,9,0,0,0,0,0,48.940,150,187,124,120,124,0,67.540,19.720,102.125,3,0,464,22,486,0,157,25,0.445,0.555,0.955,1.000,0.137,37.000,0.333,0.667,0.333,retransmit-late,1107,9769,0,0,690,9118,2231,21406,417,651,0,0,21392,predicted-useful,fec-grace,3660,0.500,193,486,0,1,0,0,0,7,7,7,7,190,3110,190,3110,0,0,0,pacing,1,0.797,6.866,114.866,0,0,7,7,0,0,0,0,2,4,4,0,3,2,2,sent,3118,2743,126,0,1,9500000,1200000,11,0,11,26141,26130,32014634,1396,1718762,781,967676,0,0,0,0,0,0.659,44.529,477.375,4800.000,1340,47497,24423,10746,23074,12328,0.306,20.141,3.502,1340,4398799,7169629,2.351,3.975,0.497,18.741,47497,2231,651,21406,512,1710,9,208,208,370,23,35,1,11,12,0,0,0,0,0,0,0,0,0,0,185,0,1,0,4,4369,3520,3520,0,0,0,0,0,,disabled,,0,0,0,0,,1,Fixed Quality,Hybrid,85,30,9500,12000,640,360,H.264,480,270,518400,28178,518400,28178,0.054,0.000,,0,0,0.000,1.829,0.000,0.000,0.090,7250,6750,6750,10,10,0,1,9500,1.000,0,14.263,0.000,0,0,0.000,0.000,0,0,0,0,0.309,0.646,0.045,1,0,0,disabled,24,0,0,103,240,103,113,24,174,174,0,4,large-au-observed,0,,0,0,17.773,23.729,0,,0.000,0.000,0.000,0.000,0,0,0,,32,0,0,5.988,0,895,0.090,0.000,0.000,0.089,0.000,0.064,0.009,1,1,1,1,0,1,1,0,0,0,0,0,1.000,0.000,0.000,30,0,0.000,0,0,0,0.000,0.000,0.000,0.000,0.000,0.000,0.000,1.731,10.474,0,0,0,0,0,0,0,0,0.000,0.000,0.000,0.000,0.000,0.000,0,0.102,20.559,646,647,2967,124.289,167.324,58.054,167.324,2409.088,54,1,H.264,84.343,0,0,166.118,167.934,1.004,117.629,83.119,arrival-gap-jitter-spike,29867.265,0,1,1,1,1,32276.353,411.150,454.875,455.724,455.724,0,0,4,0,0,4,0,,,133.494,141.315,444,1,decoded,0,0,0,0,0,0,0,0,0,0,,103.482,0.000,106.241,0.000,0.000,0.000,139.219,stale-before-upload,0.000,891,0.000,111.331,4.973,0.077,0.802,0.495,0.000,0.307,1,0,0,1,3,0.065,20.561,20.559,75.818,20.538,2.000,RecoveryDeadline,0,1,0,0.000,1,2,2,1,0.060,0.000,0.060,0,100,0,26162,24483,1630,0,1395
33.277,Custom_loss6_delay0-100_dup0_reorder6_burst0,Loopback,1,1,0,,,0.000,0,21,919,17.560,17.550,17.256,107.035,103.001,73.983,55.376,12.357,0.065,0.252,25247,1760,23856,22096,3198,1954,193,929,802,127,122,0,22098,677,228,0,0,0,0,5.000,0,0,0,0,0,0,0,0,0,0,0,0,0,0,0,0.000,0.000,0.000,,666,666,3060,0,1,43.429,166.118,44.590,167.934,0.000,0.000,665,661,12966,804,221,0,2304,3637,920,1,fec-parity,pending,H.264,0,1,24,23,1,6,4,3,10,27,0,0,26937,23,0,0,0,0,0,109.091,157,193,127,123,127,0,67.544,19.648,102.125,4,0,481,25,506,0,162,28,0.449,0.551,0.951,1.000,0.147,35.000,0.375,0.500,0.750,retransmit-late,1141,10081,0,0,712,9412,2304,22167,429,669,0,0,22153,predicted-useful,fec-grace,3779,0.042,201,506,0,1,0,0,0,7,7,7,7,198,3238,198,3238,0,0,0,pacing,1,0.749,6.733,114.733,0,0,7,7,0,0,0,0,2,4,4,0,3,2,2,sent,3246,2829,130,0,1,9500000,1200000,14,0,14,27001,26987,33064660,1446,1780386,806,998824,0,0,0,0,0,9.388,44.529,640.938,4800.000,1384,49080,25236,11103,23844,12741,0.306,35.867,0.181,1384,5243725,8658276,1.172,13.503,0.480,9.098,49080,2304,670,22167,530,1765,9,217,217,388,25,39,2,11,14,0,0,0,0,0,0,0,0,0,0,192,0,1,0,4,4509,3637,3637,0,0,0,0,0,,disabled,,0,0,0,0,,1,Fixed Quality,Hybrid,85,30,9500,12000,640,360,H.264,480,270,518400,28176,518400,28176,0.054,0.000,,0,0,0.000,1.865,0.000,0.000,0.086,7250,6750,6750,10,10,0,1,9500,1.000,0,9.388,0.000,0,0,0.000,0.000,0,0,0,0,0.310,0.640,0.049,1,0,0,disabled,24,0,0,107,248,107,116,25,180,180,0,4,large-au-observed,0,,0,0,16.044,23.727,0,,0.000,0.000,0.000,0.000,0,0,0,,33,0,0,5.482,0,923,0.086,0.000,0.000,0.085,0.000,0.060,0.008,1,1,1,1,0,1,1,0,0,0,1,0,0.860,150.597,0.000,26,0,0.000,0,0,0,0.000,0.000,0.000,0.000,0.000,0.000,0.000,1.770,9.664,0,0,0,0,0,0,0,0,0.000,0.000,0.000,0.000,0.000,0.000,0,0.127,17.550,665,666,3060,44.491,167.324,58.054,167.324,2409.088,54,1,H.264,84.343,0,0,166.118,167.934,1.004,117.629,83.119,arrival-gap-jitter-spike,30867.577,0,1,1,1,1,33276.665,411.150,454.875,455.724,455.724,0,0,4,0,0,4,0,,,133.494,141.315,444,1,decoded,0,0,0,0,0,0,0,0,0,0,,102.865,0.000,105.607,0.000,0.000,0.000,133.517,stale-before-upload,0.001,919,0.000,110.359,4.610,0.087,0.285,0.001,0.000,0.285,1,0,0,1,3,0.065,17.560,17.550,12.357,17.256,1.000,RecoveryDeadline,0,1,0,2.000,1,2,2,1,0.060,0.000,0.060,0,100,0,27020,25285,1690,0,1439
34.282,Custom_loss6_delay0-100_dup0_reorder6_burst0,Loopback,1,1,0,,,0.000,0,21,949,19.018,19.018,19.164,118.897,103.072,36.091,54.754,22.480,0.065,0.252,26036,1802,24603,22801,3296,2008,199,960,831,129,129,0,22803,699,235,0,0,0,0,5.000,0,0,0,0,0,0,0,0,0,0,0,0,0,0,0,0.000,0.000,0.000,,687,687,3152,0,1,28.996,183.857,30.102,184.851,0.000,0.000,686,681,13368,828,227,0,2378,3753,951,1,nack-sent,pending,H.264,0,1,24,14,10,3,1,1,0,10,0,0,27814,17,0,0,0,0,0,48.307,161,199,129,125,129,0,67.290,19.981,102.125,4,0,493,25,518,0,168,28,0.447,0.553,0.952,1.000,0.143,38.000,0.250,0.750,0.000,duplicate-guard,1172,10444,0,0,736,9763,2378,22858,436,681,0,0,22844,predicted-useful,fec-grace,3898,0.000,205,518,0,1,0,0,0,8,8,8,8,202,3293,202,3293,0,0,0,pacing,1,0.727,3.776,111.776,0,0,8,8,0,0,0,0,2,4,4,0,3,2,2,sent,3302,2922,134,0,1,9500000,1200000,0,0,0,27823,27823,34088560,1488,1832058,835,1034940,0,0,0,0,0,15.672,44.529,5954.125,4800.000,1427,50617,26024,11486,24593,13107,0.306,3.766,1.745,1427,6183451,9568987,0.839,3.224,0.410,12.398,50617,2377,692,22848,542,1826,9,223,223,398,25,39,2,11,14,0,0,0,0,0,0,0,0,0,0,198,0,1,0,4,4650,3753,3753,0,0,0,0,0,,disabled,,0,0,0,0,,1,Fixed Quality,Hybrid,85,30,9500,12000,640,360,H.264,480,270,518400,0,518400,28178,0.054,0.000,,0,0,0.000,5.120,0.000,4.374,0.654,7250,6750,6750,10,10,0,1,9500,1.000,0,15.672,0.000,0,0,0.000,0.000,0,0,0,0,0.311,0.641,0.048,1,0,0,disabled,0,0,0,111,254,111,118,25,184,184,0,4,async-output-pending,0,,0,0,0.000,0.000,0,,15.672,5954.125,45673.077,0.000,0,0,0,,34,0,0,0.000,1,0,0.619,0.162,0.456,0.000,0.000,0.000,0.000,0,0,1,1,1,0,0,1,1,0,1,0,0.860,170.553,0.000,26,0,0.000,0,0,0,0.000,0.000,0.000,0.000,0.000,0.000,0.000,0.000,18.014,0,0,0,0,0,0,0,0,0.000,0.000,0.000,0.000,0.000,0.000,0,0.090,19.018,686,687,3152,29.996,184.853,58.054,184.853,33846.133,936,1,H.264,120.481,0,0,183.857,184.851,1.000,142.727,119.440,arrival-gap-jitter-spike,436.186,0,1,1,1,1,34282.319,411.150,454.875,455.724,455.724,0,0,4,0,0,4,0,,,133.494,141.315,444,1,decoded,0,0,0,0,0,0,0,0,0,0,,107.900,0.000,110.713,4.810,0.000,127.454,139.448,stale-before-upload,0.000,948,0.000,112.908,5.054,0.077,0.957,0.712,0.000,0.245,1,0,0,1,3,0.065,19.018,19.018,22.480,19.164,1.000,Jitter,1,1,0,0.667,3,2,2,1,0.060,0.000,0.060,0,100,0,27857,26078,1739,0,1494
35.284,Custom_loss6_delay0-100_dup0_reorder6_burst0,Loopback,1,1,0,,,0.000,0,21,978,19.555,19.558,16.514,109.228,103.072,78.867,55.507,19.470,0.064,0.256,26861,1849,25387,23538,3406,2078,204,986,854,132,138,0,23540,717,247,0,0,0,0,5.000,0,0,0,0,0,0,0,0,0,0,0,0,0,0,0,0.000,0.000,0.000,,704,704,3249,0,1,69.558,183.857,70.609,184.851,0.000,0.000,703,699,13792,849,238,0,2463,3872,979,1,nack-sent,pending,H.264,0,1,24,21,3,5,4,3,8,29,0,0,28657,1,0,0,0,0,0,76.113,168,204,132,128,132,0,67.271,19.989,102.125,4,0,508,28,536,0,173,30,0.452,0.548,0.948,1.000,0.148,26.000,0.429,0.571,0.250,retransmit-late,1201,10806,0,0,758,10115,2463,23767,443,691,0,0,23753,predicted-useful,fec-grace,4024,0.708,211,536,0,1,0,0,0,8,8,8,8,208,3394,208,3394,0,0,0,pacing,1,0.812,8.397,116.397,0,0,8,8,0,0,0,0,2,4,4,0,3,2,2,sent,3403,3022,138,0,1,9500000,1200000,10,0,10,28711,28701,35164708,1536,1891196,861,1067332,0,0,0,0,0,0.703,44.529,202.375,4800.000,1471,52229,26842,11839,25387,13548,0.306,22.627,0.607,1471,5523149,8864779,1.009,11.134,0.480,19.977,52229,2462,710,23764,563,1890,9,234,234,418,27,42,1,12,15,0,0,0,0,0,0,0,0,0,0,207,0,1,0,4,4797,3872,3872,0,0,0,0,0,,disabled,,0,0,0,0,,1,Fixed Quality,Hybrid,85,30,9500,12000,640,360,H.264,480,270,518400,28178,518400,28178,0.054,0.000,,0,0,0.000,1.728,0.000,0.000,0.087,7250,6750,6750,10,10,0,1,9500,1.000,0,15.246,0.000,0,0,0.000,0.000,0,0,0,0,0.313,0.634,0.052,1,0,0,disabled,24,0,0,115,264,115,122,27,191,191,0,4,large-au-observed,0,,0,0,17.490,23.729,0,,0.000,0.000,0.000,0.000,0,0,0,,35,0,0,13.144,0,981,0.087,0.000,0.000,0.086,0.000,0.058,0.007,1,1,1,1,0,1,1,0,0,0,1,0,0.860,32.864,0.000,26,0,0.000,0,0,0,0.000,0.000,0.000,0.000,0.000,0.000,0.000,1.632,18.064,0,0,0,0,0,0,0,0,0.000,0.000,0.000,0.000,0.000,0.000,0,0.088,19.558,703,704,3249,70.524,184.853,58.054,184.853,33846.133,936,1,H.264,120.481,0,0,183.857,184.851,1.000,142.727,119.440,arrival-gap-jitter-spike,1437.665,0,1,1,1,1,35283.798,411.150,454.875,455.724,455.724,0,0,4,0,0,4,0,,,133.494,141.315,444,1,decoded,0,0,0,0,0,0,0,0,0,0,,103.578,0.000,106.332,0.000,0.000,0.000,134.614,stale-before-upload,0.000,978,0.000,111.306,4.873,0.075,0.546,0.299,0.000,0.247,1,0,0,1,3,0.064,19.555,19.558,19.470,16.514,1.000,Jitter,1,1,0,1.000,0,2,2,1,0.060,0.000,0.060,0,100,0,28736,26904,1796,0,1546
36.287,Custom_loss6_delay0-100_dup0_reorder6_burst0,Loopback,1,1,0,,,0.000,0,21,1007,21.159,21.165,21.882,103.963,103.001,78.867,55.507,1.996,0.065,0.258,27651,1924,26154,24230,3508,2146,210,1008,872,136,144,0,24232,736,256,0,0,0,0,5.000,0,0,0,0,0,0,0,0,0,0,0,0,0,0,0,0.000,0.000,0.000,,723,723,3343,0,1,48.245,183.857,49.257,184.851,0.000,0.000,722,718,14189,872,247,0,2540,3981,1008,1,fec-parity,pending,H.264,0,1,24,11,13,2,0,2,4,30,0,0,29538,22,0,0,0,0,0,68.865,174,210,136,132,136,0,67.340,20.194,102.125,4,0,524,31,555,0,179,31,0.453,0.547,0.944,1.000,0.148,24.000,0.444,0.556,0.250,retransmit-late,1232,11163,0,0,779,10456,2540,24694,453,707,0,0,24680,predicted-useful,fec-grace,4146,0.000,218,555,0,1,0,0,0,8,8,8,8,215,3515,215,3515,0,0,0,pacing,1,0.842,10.667,118.667,0,0,8,8,0,0,0,0,2,4,4,0,3,2,2,sent,3524,3117,142,0,1,9500000,1200000,3,0,3,29570,29567,36225330,1585,1951578,886,1097850,0,0,0,0,0,7.874,44.529,269.500,4800.000,1514,53776,27623,12240,26153,13913,0.307,7.317,1.198,1514,4404376,7662980,1.141,11.134,0.529,9.945,53776,2540,729,24694,584,1947,9,243,243,437,28,44,2,12,16,0,0,0,0,0,0,0,0,0,0,215,0,1,0,4,4933,3981,3981,0,0,0,0,0,,disabled,,0,0,0,0,,1,Fixed Quality,Hybrid,85,30,9500,12000,640,360,H.264,480,270,518400,28178,518400,28178,0.054,0.000,,0,0,0.000,1.973,0.000,0.000,0.081,7250,6750,6750,10,10,0,1,9500,1.000,0,23.094,0.000,0,0,0.000,0.000,0,0,0,0,0.314,0.631,0.056,1,0,0,disabled,24,0,0,119,273,119,127,27,198,198,0,4,large-au-observed,0,,0,0,26.719,23.729,0,,0.000,0.000,0.000,0.000,0,0,0,,36,0,0,9.040,0,1010,0.081,0.000,0.000,0.081,0.000,0.055,0.007,1,1,1,1,0,1,1,0,0,0,0,0,1.000,0.000,0.000,30,0,0.000,0,0,0,0.000,0.000,0.000,0.000,0.000,0.000,0.000,1.883,12.954,0,0,0,0,0,0,0,0,0.000,0.000,0.000,0.000,0.000,0.000,0,0.113,21.165,722,723,3343,49.440,184.853,58.054,184.853,33846.133,936,1,H.264,120.481,0,0,183.857,184.851,1.000,142.727,119.440,arrival-gap-jitter-spike,2441.079,0,1,1,1,1,36287.212,411.150,454.875,455.724,455.724,0,0,4,0,0,4,0,,,133.494,141.315,444,1,decoded,0,0,0,0,0,0,0,0,0,0,,102.157,0.000,105.050,0.000,0.000,0.000,131.981,stale-before-upload,0.001,1007,0.000,110.163,4.976,0.080,0.258,0.000,0.000,0.258,1,0,0,1,3,0.065,21.159,21.165,1.996,21.882,1.000,Loss,0,1,0,0.000,2,2,2,1,0.060,0.000,0.060,0,100,0,29603,27691,1858,0,1585
37.290,Custom_loss6_delay0-100_dup0_reorder6_burst0,Loopback,1,1,0,,,0.000,0,21,1036,20.148,20.131,21.693,90.620,103.006,40.401,55.050,13.945,0.065,0.257,28483,1983,26953,24970,3621,2208,216,1048,903,145,149,0,24972,758,262,0,0,0,0,5.000,0,0,0,0,0,0,0,0,0,0,0,0,0,0,0,0.000,0.000,0.000,,745,745,3434,0,1,34.686,183.857,35.688,184.851,0.000,0.000,744,740,14604,903,253,0,2622,4093,1038,1,fec-parity,pending,H.264,0,1,24,10,14,2,1,1,1,15,0,0,30417,7,0,0,0,0,0,41.869,181,216,145,141,145,0,67.202,20.229,102.125,4,0,546,32,578,0,189,31,0.456,0.544,0.945,1.000,0.141,34.000,0.182,0.818,0.000,duplicate-guard,1261,11469,0,0,799,10746,2622,25618,462,723,0,0,25604,predicted-useful,fec-grace,4277,0.542,227,578,0,1,0,0,0,8,8,8,8,224,3663,224,3663,0,0,0,pacing,1,0.781,9.565,117.565,0,0,8,8,0,0,0,0,2,4,4,0,3,2,2,sent,3672,3214,146,0,1,9500000,1200000,0,0,0,30433,30433,37286574,1638,2016936,912,1130242,0,0,0,0,0,17.550,44.529,7857.312,4800.000,1558,55415,28476,12571,26939,14368,0.306,13.438,1.452,1558,5885337,9380360,1.030,1.214,0.464,16.771,55415,2622,751,25618,608,2005,9,249,249,447,29,46,2,12,17,0,0,0,0,0,0,0,0,0,0,220,0,1,0,4,5075,4093,4093,0,0,0,0,0,,disabled,,0,0,0,0,,1,Fixed Quality,Hybrid,85,30,9500,12000,640,360,H.264,480,270,518400,0,518400,28178,0.054,0.000,,0,0,0.000,4.779,0.000,4.108,0.643,7250,6750,6750,10,10,0,1,9500,1.000,0,17.550,0.000,0,0,0.000,0.000,0,0,0,0,0.313,0.631,0.055,1,0,0,disabled,0,0,0,123,283,123,131,29,206,206,0,4,async-output-pending,0,,0,0,0.000,0.000,0,,17.550,7857.312,39583.333,0.000,0,0,0,,37,0,0,0.000,1,0,0.633,0.164,0.467,0.000,0.000,0.000,0.000,0,0,1,1,1,0,0,1,1,0,0,0,1.000,0.000,0.000,30,0,0.000,0,0,0,0.000,0.000,0.000,0.000,0.000,0.000,0.000,0.000,20.270,0,0,0,0,0,0,0,0,0.000,0.000,0.000,0.000,0.000,0.000,0,0.108,20.131,744,745,3434,36.077,184.853,58.054,184.853,33846.133,936,1,H.264,120.481,0,0,183.857,184.851,1.000,142.727,119.440,arrival-gap-jitter-spike,3444.139,0,1,1,1,1,37290.272,411.150,454.875,455.724,455.724,0,0,4,0,0,4,0,,,133.494,141.315,444,1,decoded,0,0,0,0,0,0,0,0,0,0,,98.782,0.000,101.651,0.000,0.000,0.000,125.310,stale-before-upload,0.000,1036,0.000,105.969,4.191,0.074,1.007,0.774,0.000,0.233,1,0,0,1,3,0.065,20.148,20.131,13.945,21.693,1.000,RecoveryDeadline,0,1,0,0.000,2,1,1,1,0.060,0.000,0.060,0,100,0,30470,28525,1890,0,1639
38.296,Custom_loss6_delay0-100_dup0_reorder6_burst0,Loopback,1,1,0,,,0.000,0,21,1064,19.986,19.995,19.754,107.486,103.093,43.973,54.724,3.868,0.064,0.258,29300,2019,27712,25693,3723,2276,221,1073,927,146,153,0,25695,778,270,0,0,0,0,5.000,0,0,0,0,0,0,0,0,0,0,0,0,0,0,0,0.000,0.000,0.000,,765,765,3526,0,1,45.046,183.857,46.166,184.851,0.000,0.000,764,760,15019,924,261,0,2702,4209,1067,1,nack-sent,pending,H.264,0,1,24,15,9,5,3,2,4,25,0,0,31275,12,0,0,0,0,0,65.226,186,221,146,142,146,0,67.180,20.099,102.125,4,0,557,33,590,0,194,31,0.457,0.543,0.944,1.000,0.138,36.000,0.667,0.333,0.000,insufficient-sample,1293,11771,0,0,819,11030,2702,26436,474,741,0,0,26422,predicted-useful,fec-grace,4400,0.125,231,590,0,2,0,0,0,8,8,8,8,229,3742,229,3742,0,0,0,pacing,1,0.777,9.921,117.921,0,0,8,8,0,0,0,0,2,4,4,0,3,2,2,sent,3752,3312,150,0,1,9500000,1200000,0,0,0,31285,31285,38330378,1680,2068610,937,1161390,0,0,0,0,0,17.886,44.529,8848.875,4800.000,1602,56987,29279,12968,27708,14740,0.307,8.561,0.062,1602,7687054,10642658,0.466,1.686,0.503,17.934,56987,2701,771,26427,632,2060,9,257,257,466,29,46,2,12,17,0,0,0,0,0,0,0,0,0,0,228,0,1,0,4,5223,4209,4209,0,0,0,0,0,,disabled,,0,0,0,0,,1,Fixed Quality,Hybrid,85,30,9500,12000,640,360,H.264,480,270,518400,28176,518400,28176,0.054,0.000,,0,0,0.000,2.012,0.000,0.000,0.083,7250,6750,6750,10,10,0,1,9500,1.000,0,17.886,0.000,0,0,0.000,0.000,0,0,0,0,0.315,0.629,0.056,1,0,0,disabled,24,0,0,127,292,127,136,29,214,214,0,4,large-au-observed,0,,0,0,15.690,23.727,0,,0.000,0.000,0.000,0.000,0,0,0,,38,0,0,3.158,0,1068,0.083,0.000,0.000,0.082,0.000,0.055,0.009,1,1,1,1,0,1,1,0,0,0,0,0,1.000,0.000,0.000,30,0,0.000,0,0,0,0.000,0.000,0.000,0.000,0.000,0.000,0.000,1.921,37.730,0,0,0,0,0,0,0,0,0.000,0.000,0.000,0.000,0.000,0.000,0,0.095,19.995,764,765,3526,46.322,184.853,58.054,184.853,33846.133,936,1,H.264,120.481,0,0,183.857,184.851,1.000,142.727,119.440,arrival-gap-jitter-spike,4450.049,0,1,1,1,1,38296.182,411.150,454.875,455.724,455.724,0,0,4,0,0,4,0,,,133.494,141.315,444,1,decoded,0,0,0,0,0,0,0,0,0,0,,107.911,0.000,110.761,0.000,0.000,0.000,133.743,stale-before-upload,0.000,1064,0.000,115.181,4.291,0.078,0.753,0.420,0.000,0.333,1,0,0,1,3,0.064,19.986,19.995,3.868,19.754,2.000,RecoveryDeadline,0,1,0,1.500,2,3,3,1,0.060,0.000,0.060,0,100,0,31323,29346,1943,0,1688
39.302,Custom_loss6_delay0-100_dup0_reorder6_burst0,Loopback,1,1,0,,,0.000,0,21,1095,23.764,23.758,23.516,104.069,103.157,83.588,55.549,13.313,0.064,0.257,30121,2073,28480,26407,3833,2340,234,1101,953,148,158,0,26409,800,277,0,0,0,0,5.000,0,0,0,0,0,0,0,0,0,0,0,0,0,0,0,0.000,0.000,0.000,,787,787,3620,0,1,27.806,183.857,28.767,184.851,0.000,0.000,786,781,15433,948,268,0,2778,4319,1096,1,fec-parity,pending,H.264,0,1,24,17,7,2,1,2,4,19,0,0,32138,10,0,0,0,0,0,76.241,193,234,148,144,148,0,67.225,20.200,102.125,4,0,579,35,614,0,199,32,0.452,0.548,0.943,1.000,0.139,44.000,0.286,0.714,0.000,duplicate-guard,1331,12039,0,0,839,11275,2778,27187,492,764,0,0,27173,predicted-useful,fec-grace,4523,0.000,239,614,0,2,0,0,0,8,8,8,8,237,3865,237,3865,0,0,0,pacing,1,0.760,10.788,118.788,0,0,8,8,0,0,0,0,2,4,4,0,3,2,2,sent,3875,3402,154,0,1,9500000,1200000,2,0,2,32179,32177,39423352,1734,2135212,963,1193782,0,0,0,0,0,8.864,44.529,646.375,4800.000,1647,58572,30108,13309,28464,15155,0.307,8.336,1.722,1647,5804736,9704426,1.128,9.272,0.466,8.597,58572,2778,793,27187,656,2113,9,264,264,478,31,48,1,14,17,0,0,0,0,0,0,0,0,0,0,233,0,1,0,4,5362,4319,4319,0,0,0,0,0,,disabled,,0,0,0,0,,1,Fixed Quality,Hybrid,85,30,9500,12000,640,360,H.264,480,270,518400,28176,518400,28176,0.054,0.000,,0,0,0.000,2.013,0.000,0.000,0.082,7250,6750,6750,10,10,0,1,9500,1.000,0,18.564,0.000,0,0,0.000,0.000,0,0,0,0,0.314,0.629,0.057,1,0,0,disabled,24,0,0,131,302,131,140,31,222,222,0,4,large-au-observed,0,,0,0,23.789,23.727,0,,0.000,0.000,0.000,0.000,0,0,0,,39,0,0,5.747,0,1098,0.081,0.000,0.000,0.081,0.000,0.056,0.008,1,1,1,1,0,1,1,0,0,0,1,0,0.860,108.166,0.000,26,0,0.000,0,0,0,0.000,0.000,0.000,0.000,0.000,0.000,0.000,1.923,9.554,0,0,0,0,0,0,0,0,0.000,0.000,0.000,0.000,0.000,0.000,0,0.106,23.758,786,787,3620,28.815,184.853,58.054,184.853,33846.133,936,1,H.264,120.481,0,0,183.857,184.851,1.000,142.727,119.440,arrival-gap-jitter-spike,5455.600,0,1,1,1,1,39301.733,411.150,454.875,455.724,455.724,0,0,4,0,0,4,0,,,133.494,141.315,444,1,decoded,0,0,0,0,0,0,0,0,0,0,,109.450,0.000,112.286,3.872,0.000,111.879,132.035,stale-before-upload,0.001,1094,0.000,119.183,5.672,0.086,0.245,0.001,0.000,0.244,1,0,0,1,3,0.064,23.764,23.758,13.313,23.516,1.000,RecoveryDeadline,0,1,0,1.000,2,2,2,1,0.060,0.000,0.060,0,100,0,32216,30168,1995,0,1739
40.303,Custom_loss6_delay0-100_dup0_reorder6_burst0,Loopback,1,1,0,,,0.000,0,21,1122,22.670,22.672,22.661,102.066,103.188,4.913,54.142,8.548,0.064,0.257,30923,2122,29234,27112,3932,2402,244,1124,971,153,162,0,27114,820,284,0,0,0,0,5.000,0,0,0,0,0,0,0,0,0,0,0,0,0,0,0,0.000,0.000,0.000,,807,807,3713,0,1,34.471,183.857,35.563,184.851,0.000,0.000,806,802,15837,973,275,0,2849,4427,1124,1,fec-recovered,pending,H.264,0,1,24,24,0,5,3,2,5,10,0,0,32973,6,0,0,0,0,0,89.753,202,244,153,149,153,0,67.075,20.080,102.125,4,0,603,39,642,0,208,33,0.453,0.547,0.939,1.000,0.137,45.000,0.300,0.700,0.000,duplicate-guard,1367,12303,0,0,858,11514,2849,27885,509,789,0,0,27871,predicted-useful,fec-grace,4639,0.458,249,642,0,2,0,0,0,8,8,8,8,247,4025,247,4025,0,0,0,pacing,1,0.744,7.988,115.988,0,0,8,8,0,0,0,0,2,4,4,0,3,2,2,sent,4035,3485,158,0,1,9500000,1200000,15,0,15,33047,33031,40470236,1792,2206790,991,1228662,0,0,0,0,0,0.568,44.529,5670.688,4800.000,1692,60130,30901,13634,29229,15595,0.306,37.591,3.357,1692,5666720,9126864,2.487,-8.318,0.508,12.525,60130,2849,813,27885,680,2160,9,271,271,493,32,50,2,14,18,0,0,0,0,0,0,0,0,0,0,239,0,1,0,4,5500,4427,4427,0,0,0,0,0,,disabled,,0,0,0,0,,1,Fixed Quality,Hybrid,85,30,9500,12000,640,360,H.264,480,270,518400,28178,518400,28178,0.054,0.000,,0,0,0.000,1.892,0.000,0.000,0.098,7250,6750,6750,10,10,0,1,9500,1.000,0,13.348,0.000,0,0,0.000,0.000,0,0,0,0,0.315,0.625,0.061,1,0,0,disabled,24,0,0,135,311,135,145,31,230,230,0,4,large-au-observed,0,,0,0,15.137,23.729,0,,0.000,0.000,0.000,0.000,0,0,0,,40,0,0,6.194,0,1127,0.098,0.000,0.000,0.097,0.000,0.066,0.013,1,1,1,1,0,1,1,0,0,0,0,0,1.000,0.000,0.000,30,0,0.000,0,0,0,0.000,0.000,0.000,0.000,0.000,0.000,0.000,1.785,10.002,0,0,0,0,0,0,0,0,0.000,0.000,0.000,0.000,0.000,0.000,0,0.095,22.672,806,807,3713,35.520,184.853,58.054,184.853,33846.133,936,1,H.264,120.481,0,0,183.857,184.851,1.000,142.727,119.440,arrival-gap-jitter-spike,6457.170,0,1,1,1,1,40303.303,411.150,454.875,455.724,455.724,0,0,4,0,0,4,0,,,133.494,141.315,444,1,decoded,0,0,0,0,0,0,0,0,0,0,,104.073,0.000,106.877,0.000,0.000,0.000,131.033,stale-before-upload,0.001,1122,0.000,112.526,5.518,0.077,0.695,0.437,0.000,0.258,1,0,0,1,3,0.064,22.670,22.672,8.548,22.661,2.000,RecoveryDeadline,0,1,0,2.000,1,2,2,1,0.060,0.000,0.060,0,100,0,33072,30976,2053,0,1785
41.303,Custom_loss6_delay0-100_dup0_reorder6_burst0,Loopback,1,1,0,,,0.000,0,21,1152,23.645,21.837,21.743,91.068,103.277,35.261,53.632,28.906,0.065,0.254,31686,2194,29968,27774,4038,2470,252,1152,995,157,164,0,27776,844,288,0,0,0,0,5.000,0,0,0,0,0,0,0,0,0,0,0,0,0,0,0,0.000,0.000,0.000,,830,830,3803,0,1,12.333,183.857,13.386,184.851,0.000,0.000,829,825,16235,1001,278,0,2912,4544,1154,1,nack-suppressed-fec-grace,pending,H.264,0,1,24,11,13,4,1,0,0,0,0,0,33839,10,0,0,0,0,0,46.027,210,252,157,153,157,0,67.178,19.828,102.125,4,0,623,40,663,0,217,34,0.455,0.545,0.940,1.000,0.135,40.000,0.444,0.556,0.250,retransmit-late,1401,12568,0,0,877,11755,2912,28535,524,813,0,0,28521,predicted-useful,fec-grace,4747,0.333,256,663,0,2,0,0,0,8,8,8,8,254,4133,254,4133,0,0,0,pacing,1,0.779,13.219,121.219,0,0,8,8,0,0,0,0,2,4,4,0,3,2,2,sent,4143,3560,162,0,1,9500000,1200000,0,0,0,33848,33848,41471076,1843,2269658,1016,1259802,0,0,0,0,0,14.937,44.529,5491.000,4800.000,1733,61622,31676,13940,29946,16006,0.306,4.148,1.522,1733,5714723,9285518,0.882,30.348,0.467,17.977,61622,2912,837,28535,704,2199,9,274,274,500,33,51,1,15,18,0,0,0,0,0,0,0,0,0,0,241,0,1,0,4,5637,4544,4544,0,0,0,0,0,,disabled,,0,0,0,0,,1,Fixed Quality,Hybrid,85,30,9500,12000,640,360,H.264,480,270,518400,28178,518400,28178,0.054,0.000,,0,0,0.000,1.903,0.000,0.000,0.109,7250,6750,6750,10,10,0,1,9500,1.000,0,14.937,0.000,0,0,0.000,0.000,0,0,0,0,0.317,0.623,0.060,1,0,0,disabled,24,0,0,139,323,139,151,33,238,238,0,4,large-au-observed,0,,0,0,17.149,23.729,0,,0.000,0.000,0.000,0.000,0,0,0,,41,0,0,6.465,0,1155,0.108,0.000,0.000,0.108,0.000,0.081,0.008,1,1,1,1,0,1,1,0,0,0,1,0,0.860,101.043,0.000,26,0,0.000,0,0,0,0.000,0.000,0.000,0.000,0.000,0.000,0.000,1.784,10.332,0,0,0,0,0,0,0,0,0.000,0.000,0.000,0.000,0.000,0.000,0,0.103,21.837,829,830,3803,13.578,184.853,58.054,184.853,33846.133,936,1,H.264,120.481,0,0,183.857,184.851,1.000,142.727,119.440,arrival-gap-jitter-spike,7457.464,0,1,1,1,1,41303.597,411.150,454.875,455.724,455.724,0,0,4,0,0,4,0,,,133.494,141.315,444,1,decoded,0,0,0,0,0,0,0,0,0,0,,102.789,0.000,105.613,0.000,0.000,0.000,125.534,stale-before-upload,0.001,1152,0.000,112.048,6.302,0.081,0.697,0.344,0.000,0.352,1,0,0,1,3,0.065,23.645,21.837,28.906,21.743,1.000,RecoveryDeadline,0,1,0,0.000,3,2,2,1,0.060,0.000,0.060,0,100,0,33889,31738,2108,0,1817
42.309,Custom_loss6_delay0-100_dup0_reorder6_burst0,Loopback,1,1,0,,,0.000,0,21,1182,21.019,21.026,20.844,103.440,103.260,75.866,54.217,54.806,0.064,0.256,32544,2238,30775,28537,4154,2540,258,1187,1026,161,169,0,28539,864,298,0,0,0,0,5.000,0,0,0,0,0,0,0,0,0,0,0,0,0,0,0,0.000,0.000,0.000,,850,850,3892,0,1,101.380,183.857,102.383,184.851,0.000,0.000,849,844,16681,1025,288,0,2989,4669,1184,1,fec-parity,pending,H.264,0,1,24,5,19,4,0,0,0,0,0,0,34757,8,0,0,0,0,0,31.698,219,258,161,157,161,0,67.209,20.150,102.125,4,0,642,40,682,0,227,35,0.459,0.541,0.941,1.000,0.134,45.000,0.444,0.556,0.000,duplicate-guard,1439,12814,0,0,897,11977,2989,29249,542,837,0,0,29235,predicted-useful,fec-grace,4871,0.000,263,682,0,2,0,0,0,8,8,8,8,261,4246,261,4246,0,0,0,pacing,1,0.811,6.987,114.987,0,0,8,8,0,0,0,0,2,4,4,0,3,2,2,sent,4256,3655,166,0,1,9500000,1200000,4,0,4,34767,34763,42592072,1892,2330040,1041,1290942,0,0,0,0,0,6.773,44.529,860.062,4800.000,1779,63284,32515,14391,30769,16378,0.307,31.389,0.021,1779,6142659,10248188,0.585,32.399,0.511,17.267,63284,2989,857,29249,728,2252,9,284,284,514,34,52,1,16,18,0,0,0,0,0,0,0,0,0,0,250,0,1,0,4,5794,4669,4669,0,0,0,0,0,,disabled,,0,0,0,0,,1,Fixed Quality,Hybrid,85,30,9500,12000,640,360,H.264,480,270,518400,28178,518400,28178,0.054,0.000,,0,0,0.000,3.125,0.000,0.000,0.095,7250,6750,6750,10,10,0,1,9500,1.000,0,14.415,0.000,0,0,0.000,0.000,0,0,0,0,0.321,0.620,0.059,1,0,0,disabled,24,0,0,143,331,143,155,33,246,246,0,4,large-au-observed,0,,0,0,17.957,23.729,0,,0.000,0.000,0.000,0.000,0,0,0,,42,0,0,6.062,0,1185,0.095,0.000,0.000,0.095,0.000,0.051,0.024,1,1,1,1,0,1,1,0,0,0,0,0,1.000,0.000,0.000,30,0,0.000,0,0,0,0.000,0.000,0.000,0.000,0.000,0.000,0.000,3.018,10.020,0,0,0,0,0,0,0,0,0.000,0.000,0.000,0.000,0.000,0.000,0,0.123,21.026,849,850,3892,103.329,184.853,58.054,184.853,33846.133,936,1,H.264,120.481,0,0,183.857,184.851,1.000,142.727,119.440,arrival-gap-jitter-spike,8463.542,0,1,1,1,1,42309.675,411.150,454.875,455.724,455.724,0,0,4,0,0,4,0,,,133.494,141.315,444,1,decoded,0,0,0,0,0,0,0,0,0,0,,101.177,0.000,104.221,4.180,0.000,113.463,136.720,stale-before-upload,0.001,1179,0.000,108.646,5.500,0.076,0.903,0.618,0.000,0.285,1,0,0,1,3,0.064,21.019,21.026,54.806,20.844,2.000,RecoveryDeadline,0,1,0,0.500,6,3,3,1,0.060,0.000,0.060,0,100,0,34805,32593,2156,0,1877
43.310,Custom_loss6_delay0-100_dup0_reorder6_burst0,Loopback,1,1,0,,,0.000,0,21,1210,23.926,16.323,16.460,109.059,103.342,49.736,54.102,3.852,0.064,0.257,33268,2271,31438,29167,4253,2596,271,1212,1044,168,174,0,29170,885,306,0,0,0,0,5.000,0,0,0,0,0,0,0,0,0,0,0,0,0,0,0,0.000,0.000,0.000,,869,869,3980,0,1,44.711,183.857,45.648,184.851,0.000,0.000,867,862,17056,1053,294,0,3051,4771,1211,1,fec-recovered,pending,H.264,0,1,22,15,7,6,3,1,0,8,0,0,35489,2,0,0,0,0,0,73.849,219,271,168,162,168,0,66.644,20.316,102.125,4,0,662,42,704,0,227,35,0.447,0.553,0.940,1.000,0.134,45.000,0.000,1.000,0.000,duplicate-guard,1484,13106,0,0,917,12231,3051,29818,566,872,1,3,29803,deferred-likely-arrival,likely-arrival,4978,0.000,272,704,0,2,0,0,0,9,9,9,9,269,4372,269,4372,0,0,0,pacing,1,0.775,5.127,113.127,0,0,9,9,0,0,0,0,3,6,6,0,1201,2,2,sent,4383,3730,170,0,1,9500000,1200000,0,0,0,35500,35500,43497408,1942,2391984,1065,1320846,0,0,0,0,0,17.949,44.529,10940.875,4800.000,1816,64679,33253,14643,31426,16783,0.306,14.387,0.506,1816,5199474,7744934,1.069,20.694,0.431,14.425,64679,3051,878,29818,750,2291,10,290,290,524,34,52,1,16,18,0,0,0,0,0,0,0,0,0,0,255,1,1,0,4,5914,4771,4771,0,0,0,0,0,,disabled,,0,0,0,0,,1,Fixed Quality,Hybrid,85,30,9500,12000,640,360,H.264,480,270,518400,0,518400,26096,0.050,0.000,,0,0,0.000,5.007,0.000,4.323,0.654,6000,6250,6250,11,11,0,1,9500,0.820,1,17.949,0.000,0,0,0.000,0.000,0,0,0,0,0.311,0.629,0.060,1,0,0,latency-pressure-freshness-hold,0,0,0,147,341,147,159,35,254,254,0,4,async-output-pending,0,,0,0,0.000,0.000,0,,17.949,10940.875,43981.481,0.000,0,0,0,,43,0,0,0.000,1,0,0.641,0.183,0.457,0.000,0.000,0.000,0.000,0,0,1,1,1,0,0,1,1,0,0,0,1.000,0.000,0.000,27,0,0.000,0,0,0,0.000,0.000,0.000,0.000,0.000,0.000,0.000,0.000,31.852,0,0,0,0,0,0,0,0,0.000,0.000,0.000,0.000,0.000,0.000,0,0.115,16.323,867,869,3980,45.860,184.853,58.054,184.853,33846.133,936,1,H.264,120.481,0,0,183.857,184.851,1.000,142.727,119.440,arrival-gap-jitter-spike,9464.282,0,1,1,1,1,43310.415,411.150,454.875,455.724,455.724,0,0,5,0,0,5,1,latency-pressure freshness,latency-over-80ms,165.915,165.915,1195,1,H.264,0,0,0,0,0,0,0,0,0,0,,106.615,0.000,107.875,4.529,0.000,117.684,134.529,stale-before-decode,0.001,1209,0.000,112.407,5.669,0.093,0.293,0.006,0.000,0.287,1,0,0,1,3,0.064,23.926,16.323,3.852,16.460,1.000,DecodeLoad,0,1,0,0.500,2,1,1,1,0.060,0.000,0.060,0,100,0,35543,33320,2197,0,1924
44.311,Custom_loss6_delay0-100_dup0_reorder6_burst0,Loopback,1,1,0,,,0.000,0,21,1234,23.627,21.128,21.327,158.041,103.311,42.347,53.808,17.666,0.064,0.253,33947,2316,32070,29754,4347,2640,275,1258,1086,172,174,0,29756,908,308,0,0,0,0,5.000,0,0,0,0,0,0,0,0,0,0,0,0,0,0,0,0.000,0.000,0.000,,891,891,4077,0,1,47.513,183.857,48.525,184.851,0.000,0.000,889,885,17403,1080,295,0,3109,4870,1237,1,fec-parity,pending,H.264,1,1,23,13,10,3,2,3,8,47,1,0,36206,0,36237,3,0,0,0,69.556,228,275,172,166,172,0,66.504,20.103,102.125,4,0,679,46,725,0,236,35,0.453,0.547,0.937,1.000,0.129,44.000,0.000,0.000,0.000,insufficient-sample,1514,13342,0,0,935,12445,3109,30353,578,894,1,3,30337,predicted-useful,likely-arrival,5081,0.435,279,725,0,2,0,0,0,10,10,10,10,276,4474,276,4474,0,0,0,pacing,1,0.805,6.915,114.915,0,0,10,10,0,0,0,0,3,6,6,0,1201,2,2,sent,4486,3801,174,0,1,9500000,1200000,0,0,0,36223,36223,44390344,1991,2452682,1092,1354466,0,0,0,0,0,9.896,44.529,122.938,4800.000,1853,66004,33934,14930,32070,17140,0.306,39.756,0.028,1853,5443798,8716414,0.683,15.077,0.499,16.159,66004,3109,901,30353,771,2328,10,291,291,526,34,52,1,16,18,0,0,0,0,0,0,0,0,0,0,256,1,1,0,4,6033,4870,4870,0,0,0,0,0,,disabled,,0,0,0,0,,1,Fixed Quality,Hybrid,85,30,9500,12000,640,360,H.264,480,270,518400,27136,518400,27136,0.052,0.000,,0,0,0.000,1.919,0.000,0.000,0.080,7000,6500,6500,12,12,0,1,9500,0.975,1,9.896,0.000,0,0,0.000,0.000,0,0,0,0,0.314,0.622,0.063,1,0,0,fixed-pacing-queue-hold,23,0,0,151,349,151,163,35,261,261,0,4,large-au-observed,0,,0,0,15.125,22.851,0,,0.000,0.000,0.000,0.000,0,0,0,,44,0,0,6.214,0,1238,0.080,0.000,0.000,0.080,0.000,0.057,0.007,1,1,1,1,0,1,1,0,0,0,0,0,1.000,0.000,0.000,24,0,0.000,0,0,0,0.000,0.000,0.000,0.000,0.000,0.000,0.000,1.827,32.523,0,0,0,0,0,0,0,0,0.000,0.000,0.000,0.000,0.000,0.000,0,0.113,21.128,889,891,4077,48.508,184.853,58.054,184.853,33846.133,936,1,H.264,120.481,0,0,183.857,184.851,1.000,142.727,119.440,arrival-gap-jitter-spike,10464.840,0,1,1,1,1,44310.973,411.150,454.875,455.724,455.724,0,0,5,0,0,5,0,,,165.915,165.915,1195,1,H.264,0,0,0,0,0,0,0,0,0,0,,103.036,0.000,105.693,0.000,0.000,0.000,122.177,stale-before-decode,0.001,1235,0.000,109.373,3.551,0.081,0.448,0.185,0.000,0.263,1,0,0,1,3,0.064,23.627,21.128,17.666,21.327,3.000,RecoveryDeadline,0,1,0,0.000,0,1,1,1,0.060,0.000,0.060,0,100,0,36267,34001,2230,0,1976
45.317,Custom_loss6_delay0-100_dup0_reorder6_burst0,Loopback,1,1,0,,,0.000,0,21,1263,22.543,26.387,26.394,101.813,103.293,19.027,52.960,9.283,0.064,0.252,34725,2372,32798,30426,4458,2699,282,1298,1119,179,179,0,30428,931,313,0,0,0,0,5.000,0,0,0,0,0,0,0,0,0,0,0,0,0,0,0,0.000,0.000,0.000,,914,914,4169,0,1,52.486,183.857,53.643,184.851,0.000,0.000,912,908,17808,1110,300,0,3177,4979,1264,1,fec-recovered,pending,H.264,1,1,23,17,6,5,3,3,8,40,2,0,37031,17,37074,4,0,0,0,74.367,238,282,179,173,179,0,66.421,20.343,102.125,4,0,703,46,749,0,245,36,0.458,0.542,0.939,1.000,0.128,43.000,0.000,1.000,0.000,insufficient-sample,1554,13608,0,0,955,12682,3177,30970,598,923,1,3,30953,predicted-useful,fec-grace,5197,0.435,289,749,0,2,0,0,0,11,11,11,11,286,4628,286,4628,0,0,0,pacing,1,0.740,7.120,115.120,0,0,11,11,0,0,0,0,3,6,6,0,1201,2,2,sent,4641,3882,178,0,1,9500000,1200000,0,0,0,37061,37061,45421120,2044,2518198,1118,1386850,0,0,0,0,0,18.917,44.529,5529.125,4800.000,1896,67517,34719,15270,32798,17528,0.305,7.817,3.312,1896,5028464,8170008,1.500,7.398,0.528,12.438,67517,3177,924,30970,795,2372,10,296,296,537,35,54,2,16,19,0,0,0,0,0,0,0,0,0,0,260,1,1,0,4,6169,4979,4979,0,0,0,0,0,,disabled,,0,0,0,0,,1,Fixed Quality,Hybrid,85,30,9500,12000,640,360,H.264,480,270,518400,0,518400,28178,0.054,0.000,,0,0,0.000,5.008,0.000,4.318,0.664,7250,6750,6750,13,13,0,1,9500,1.000,0,18.917,0.000,0,0,0.000,0.000,0,0,0,0,0.318,0.621,0.061,1,0,0,disabled,0,0,0,155,358,155,166,37,269,269,0,4,async-output-pending,0,,0,0,0.000,0.000,0,,18.672,11266.625,45673.077,0.000,0,0,0,,45,0,0,0.000,1,0,0.651,0.180,0.469,0.000,0.000,0.000,0.000,0,0,1,1,1,0,0,1,1,0,1,0,0.860,167.401,0.000,26,0,0.000,0,0,0,0.000,0.000,0.000,0.000,0.000,0.000,0.000,0.000,21.173,0,0,0,0,0,0,0,0,0.000,0.000,0.000,0.000,0.000,0.000,0,0.102,26.387,912,914,4169,53.471,184.853,58.054,184.853,33846.133,936,1,H.264,120.481,0,0,183.857,184.851,1.000,142.727,119.440,arrival-gap-jitter-spike,11470.799,0,1,1,1,1,45316.932,411.150,454.875,455.724,455.724,0,0,5,0,0,5,0,,,165.915,165.915,1195,1,H.264,0,0,0,0,0,0,0,0,0,0,,102.571,0.000,105.448,0.000,0.000,0.000,130.906,stale-before-decode,0.001,1263,0.000,110.739,5.160,0.083,0.469,0.226,0.000,0.243,1,0,0,1,3,0.064,22.543,26.387,9.283,26.394,1.000,RecoveryDeadline,0,1,0,1.000,0,2,2,1,0.060,0.000,0.060,0,100,0,37106,34782,2277,0,2025
46.324,Custom_loss6_delay0-100_dup0_reorder6_burst0,Loopback,1,1,0,,,0.000,0,21,1290,19.932,15.573,15.569,107.138,103.188,176.110,55.892,5.617,0.064,0.253,35423,2403,33437,31034,4555,2766,287,1322,1138,184,180,0,31036,949,322,0,0,0,0,5.000,0,0,0,0,0,0,0,0,0,0,0,0,0,0,0,0.000,0.000,0.000,,931,931,4264,0,1,54.686,183.857,55.787,184.851,0.000,0.000,929,925,18158,1133,308,0,3238,5071,1292,1,fec-recovered,pending,H.264,0,1,22,12,10,3,2,0,0,0,0,0,37805,18,0,0,0,0,0,41.246,250,287,184,178,184,0,66.575,20.406,102.125,4,0,725,47,772,0,254,37,0.466,0.534,0.939,1.000,0.127,45.000,0.000,1.000,0.000,stable,1586,13823,0,0,972,12876,3238,31511,613,944,1,3,31493,predicted-useful,fec-grace,5299,0.182,296,772,0,2,0,0,0,11,11,11,11,293,4735,293,4735,0,0,0,pacing,1,0.795,10.071,118.071,0,0,11,11,0,0,0,0,3,6,6,0,1201,2,2,sent,4748,3959,182,0,1,9500000,1200000,0,0,0,37797,37797,46324862,2095,2581384,1144,1419234,0,0,0,0,0,8.963,44.529,473.875,4800.000,1936,68844,35419,15515,33425,17910,0.305,5.702,3.253,1936,4506950,7070475,1.651,37.335,0.448,12.470,68844,3238,941,31511,816,2411,11,304,304,552,36,55,1,17,19,0,0,0,0,0,0,0,0,0,0,267,1,1,0,4,6286,5071,5071,0,0,0,0,0,,disabled,,0,0,0,0,,1,Fixed Quality,Hybrid,85,30,9500,12000,640,360,H.264,480,270,518400,26094,518400,26094,0.050,0.000,,0,0,0.000,1.853,0.000,0.000,0.077,6000,6250,6250,14,14,0,1,9500,0.820,1,13.818,0.000,0,0,0.000,0.000,0,0,0,0,0.000,1.000,0.000,1,0,0,fixed-pacing-queue-hold,22,0,0,159,366,159,170,37,276,276,0,4,large-au-observed,0,,0,0,17.552,21.974,0,,0.000,0.000,0.000,0.000,0,0,0,,46,0,0,6.301,0,1293,0.077,0.000,0.000,0.076,0.000,0.052,0.007,1,1,1,1,0,1,1,0,0,0,1,0,0.860,134.115,0.000,24,0,0.000,0,0,0,0.000,0.000,0.000,0.000,0.000,0.000,0.000,1.765,10.282,0,0,0,0,0,0,0,0,0.000,0.000,0.000,0.000,0.000,0.000,0,0.092,15.573,929,931,4264,55.622,184.853,58.054,184.853,33846.133,936,1,H.264,120.481,0,0,183.857,184.851,1.000,142.727,119.440,arrival-gap-jitter-spike,12478.118,0,1,1,1,1,46324.251,411.150,454.875,455.724,455.724,0,0,5,0,0,5,0,,,165.915,165.915,1195,1,H.264,0,0,0,0,0,0,0,0,0,0,,92.743,0.000,95.114,0.000,0.000,0.000,133.569,stale-before-decode,0.001,1290,0.000,100.514,5.287,0.075,0.829,0.571,0.000,0.258,1,0,0,1,3,0.064,19.932,15.573,5.617,15.569,1.000,RTT,0,1,0,0.667,3,2,2,1,0.060,0.000,0.060,0,100,0,37843,35477,2323,0,2069
47.328,Custom_loss6_delay0-100_dup0_reorder6_burst0,Loopback,1,1,0,,,0.000,0,21,1315,13.082,12.937,11.997,87.866,103.213,83.250,56.528,48.051,0.064,0.255,36093,2462,34080,31618,4661,2835,297,1346,1159,187,183,0,31620,966,331,0,0,0,0,5.000,0,0,0,0,0,0,0,0,0,0,0,0,0,0,0,0.000,0.000,0.000,,947,947,4358,0,1,27.282,214.741,28.391,215.651,0.000,0.000,944,939,18536,1153,316,0,3299,5180,1317,1,fec-recovered,pending,H.264,0,1,22,9,13,4,1,0,0,0,0,0,38513,5,0,0,0,0,0,43.059,255,297,187,181,187,0,66.893,20.157,102.125,4,0,743,49,792,0,258,39,0.462,0.538,0.938,1.000,0.131,38.000,0.000,1.000,0.000,insufficient-sample,1626,14096,0,0,992,13121,3299,32059,633,972,1,3,32041,predicted-useful,fec-grace,5400,0.273,302,792,0,2,0,0,0,11,11,11,11,299,4820,299,4820,0,0,0,pacing,1,0.800,10.902,118.902,0,0,11,11,0,0,0,0,3,6,6,0,1201,2,2,sent,4833,4036,186,0,1,9500000,1200000,0,0,0,38517,38517,47214130,2143,2640840,1171,1452870,0,0,0,0,0,15.844,44.529,8634.750,4800.000,1973,70170,36090,15837,34080,18243,0.305,25.264,0.342,1973,5060382,8060814,0.593,11.296,0.505,18.274,70170,3299,958,32059,834,2454,11,312,312,565,38,57,1,19,19,0,0,0,0,0,0,0,0,0,0,273,1,1,0,4,6411,5180,5180,0,0,0,0,0,,disabled,,0,0,0,0,,1,Fixed Quality,Hybrid,85,30,9500,12000,640,360,H.264,480,270,518400,26096,518400,26096,0.050,0.000,,0,0,0.000,2.330,0.000,0.000,0.110,6000,6250,6250,14,14,0,1,9500,0.820,1,15.844,0.000,0,0,0.000,0.000,0,0,0,0,0.322,0.616,0.062,1,0,0,latency-pressure-freshness-hold,22,0,0,163,373,163,173,37,282,282,0,4,large-au-observed,0,,0,0,18.002,21.976,0,,0.000,0.000,0.000,0.000,0,0,0,,47,0,0,6.247,0,1318,0.109,0.000,0.000,0.108,0.000,0.068,0.007,1,1,1,1,0,1,1,0,0,0,0,0,1.000,0.000,0.000,27,0,0.000,0,0,0,0.000,0.000,0.000,0.000,0.000,0.000,0.000,2.208,10.039,0,0,0,0,0,0,0,0,0.000,0.000,0.000,0.000,0.000,0.000,0,0.099,12.937,944,947,4358,28.311,215.775,58.054,215.775,46846.278,1302,1,H.264,159.004,0,0,214.741,215.651,0.999,157.161,157.964,arrival-gap-jitter-spike,481.658,0,1,1,1,1,47327.936,411.150,454.875,455.724,455.724,0,0,7,0,0,7,2,latency-pressure freshness,latency-over-80ms,145.200,165.915,1303,1,decoded,0,0,0,0,0,0,0,0,0,0,,99.070,0.000,100.174,0.000,0.000,0.000,128.933,stale-before-upload,0.001,1315,0.000,103.943,4.968,0.085,0.272,0.020,0.000,0.253,1,0,0,1,3,0.064,13.082,12.937,48.051,11.997,1.000,Jitter,1,1,0,0.500,4,2,2,1,0.060,0.000,0.060,0,100,0,38564,36152,2366,0,2122
48.332,Custom_loss6_delay0-100_dup0_reorder6_burst0,Loopback,1,1,0,,,0.000,0,21,1341,15.696,19.079,17.828,97.534,103.158,97.273,57.454,100.894,0.064,0.256,36768,2513,34709,32196,4761,2895,303,1374,1180,194,189,0,32198,983,339,0,0,0,0,5.000,0,0,0,0,0,0,0,0,0,0,0,0,0,0,0,0.000,0.000,0.000,,964,964,4447,0,1,144.572,214.741,145.519,215.651,0.000,0.000,961,956,18907,1177,324,0,3364,5282,1341,1,retransmit-late-after-completed,completed,H.264,1,1,22,22,0,0,0,3,0,0,1,0,39197,0,39197,0,39197,0,1,133.430,263,303,194,188,194,0,66.987,19.997,102.125,4,0,764,53,817,0,265,41,0.465,0.535,0.935,1.000,0.134,42.000,0.000,0.000,0.000,insufficient-sample,1662,14340,0,0,1010,13337,3364,32635,651,1000,1,3,32616,predicted-useful,fec-grace,5503,0.545,313,817,0,2,0,0,0,15,15,15,15,310,4989,310,4989,0,0,0,pacing,1,0.794,10.506,118.506,0,0,15,15,0,0,0,0,3,6,6,0,1201,2,2,sent,5006,4110,190,0,1,9500000,1200000,0,0,0,39243,39243,48110958,2196,2706516,1196,1484010,0,0,0,0,0,16.474,44.529,7943.125,4800.000,2009,71445,36755,16085,34690,18605,0.304,10.822,1.951,2009,4783144,7359820,1.585,11.841,0.437,9.825,71445,3364,975,32635,854,2499,11,320,320,582,39,59,2,19,20,0,0,0,0,0,0,0,0,0,0,280,1,1,0,4,6533,5282,5282,0,0,0,0,0,,disabled,,0,0,0,0,,1,Fixed Quality,Hybrid,85,30,9500,12000,640,360,H.264,480,270,518400,27392,518400,27392,0.053,0.000,,0,0,0.000,2.402,0.000,0.000,0.123,7000,6500,6500,15,15,0,1,9500,0.971,1,16.474,0.000,0,0,0.000,0.000,0,0,0,0,0.000,1.000,0.000,1,0,0,fixed-pacing-queue-hold,23,0,0,167,384,167,178,39,289,289,0,4,large-au-observed,0,,0,0,0.142,23.067,0,,0.000,0.000,0.000,0.000,0,0,0,,48,0,0,9.948,0,1344,0.123,0.000,0.000,0.122,0.000,0.085,0.012,1,1,1,1,0,1,1,0,0,0,0,0,1.000,0.000,0.000,24,0,0.000,0,0,0,0.000,0.000,0.000,0.000,0.000,0.000,0.000,2.267,14.693,0,0,0,0,0,0,0,0,0.000,0.000,0.000,0.000,0.000,0.000,0,0.095,19.079,961,964,4447,145.483,215.775,58.054,215.775,46846.278,1302,1,H.264,159.004,0,0,214.741,215.651,0.999,157.161,157.964,arrival-gap-jitter-spike,1485.590,0,1,1,1,1,48331.868,411.150,454.875,455.724,455.724,0,0,7,0,0,7,0,,,145.200,165.915,1303,1,decoded,0,0,0,0,0,0,0,0,0,0,,100.871,0.000,103.516,0.000,0.000,0.000,133.767,stale-before-upload,0.001,1341,0.000,109.638,6.036,0.084,0.515,0.173,0.000,0.342,1,0,0,1,3,0.064,15.696,19.079,100.894,17.828,2.000,Jitter,1,1,0,0.000,2,1,1,1,0.060,0.000,0.060,0,100,0,39291,36829,2423,0,2161
49.335,Custom_loss6_delay0-100_dup0_reorder6_burst0,Loopback,1,1,0,,,0.000,0,21,1369,14.599,15.295,15.621,104.414,103.145,20.088,56.624,53.530,0.064,0.258,37551,2557,35445,32888,4879,2964,312,1407,1209,198,196,0,32890,1002,348,0,0,0,0,5.000,0,0,0,0,0,0,0,0,0,0,0,0,0,0,0,0.000,0.000,0.000,,983,983,4546,0,1,14.012,214.741,14.967,215.651,0.000,0.000,980,975,19311,1200,333,0,3438,5390,1371,1,fec-parity,pending,H.264,0,1,24,10,14,1,0,1,5,19,0,0,40072,3,0,0,0,0,0,51.886,273,312,198,192,198,0,66.933,19.864,102.125,4,0,787,53,840,0,274,42,0.467,0.533,0.937,1.000,0.133,36.000,0.000,1.000,0.000,insufficient-sample,1696,14630,0,0,1030,13606,3438,33409,665,1021,1,3,33389,predicted-useful,fec-grace,5622,0.708,322,840,0,2,0,0,0,15,15,15,15,319,5139,319,5139,0,0,0,pacing,1,0.843,8.079,116.079,0,0,15,15,0,0,0,0,3,6,6,0,1201,2,2,sent,5156,4200,194,0,1,9500000,1200000,0,0,0,40080,40080,49140490,2248,2770788,1221,1514694,0,0,0,0,0,18.231,44.529,8776.062,4800.000,2053,72984,37539,16467,35445,18978,0.305,29.532,0.064,2053,6306995,9712727,1.067,-5.964,0.489,16.544,72984,3438,994,33409,876,2551,11,329,329,599,41,63,3,20,21,0,0,0,0,0,0,0,0,0,0,287,1,1,0,4,6670,5390,5390,0,0,0,0,0,,disabled,,0,0,0,0,,1,Fixed Quality,Hybrid,85,30,9500,12000,640,360,H.264,480,270,518400,28178,518400,28178,0.054,0.000,,0,0,0.000,1.931,0.000,0.000,0.061,7250,6750,6750,16,16,0,1,9500,1.000,0,18.231,0.000,0,0,0.000,0.000,0,0,0,0,0.325,0.612,0.063,1,0,0,disabled,24,0,0,171,391,171,181,39,296,296,0,4,large-au-observed,0,,0,0,21.302,23.729,0,,0.000,0.000,0.000,0.000,0,0,0,,49,0,0,6.150,0,1372,0.060,0.000,0.000,0.060,0.000,0.042,0.005,1,1,1,1,0,1,1,0,0,0,1,0,0.860,113.802,0.000,26,0,0.000,0,0,0,0.000,0.000,0.000,0.000,0.000,0.000,0.000,1.861,10.159,0,0,0,0,0,0,0,0,0.000,0.000,0.000,0.000,0.000,0.000,0,0.099,15.295,980,983,4546,15.107,215.775,58.054,215.775,46846.278,1302,1,H.264,159.004,0,0,214.741,215.651,0.999,157.161,157.964,arrival-gap-jitter-spike,2488.834,0,1,1,1,1,49335.112,411.150,454.875,455.724,455.724,0,0,7,0,0,7,0,,,145.200,165.915,1303,1,decoded,0,0,0,0,0,0,0,0,0,0,,105.249,0.000,108.217,0.000,0.000,0.000,137.207,stale-before-upload,0.000,1369,0.000,113.292,4.954,0.083,0.285,0.000,0.000,0.285,1,0,0,1,3,0.064,14.599,15.295,53.530,15.621,2.000,RecoveryDeadline,0,1,0,0.000,0,2,2,1,0.060,0.000,0.060,0,100,0,40129,37609,2468,0,2203
50.339,Custom_loss6_delay0-100_dup0_reorder6_burst0,Loopback,1,1,0,,,0.000,0,21,1395,23.236,21.914,23.539,100.664,103.178,70.050,56.916,27.012,0.064,0.256,38337,2628,36210,33582,4968,3019,318,1432,1232,200,199,0,33584,1024,352,0,0,0,0,5.000,0,0,0,0,0,0,0,0,0,0,0,0,0,0,0,0.000,0.000,0.000,,1005,1005,4630,0,1,14.494,214.741,16.024,215.651,0.000,0.000,1002,997,19702,1224,337,0,3512,5503,1399,1,nack-sent,pending,H.264,1,1,24,5,19,1,0,1,0,19,0,0,40930,8,0,0,0,0,0,24.720,274,318,200,194,200,0,66.892,19.881,102.125,4,0,796,56,852,0,277,42,0.463,0.537,0.934,1.000,0.132,44.000,0.000,1.000,0.000,insufficient-sample,1730,14921,0,0,1050,13873,3512,34180,679,1045,1,3,34159,predicted-useful,likely-arrival,5742,0.250,326,852,0,5,0,0,0,15,15,15,15,324,5229,324,5229,0,0,0,pacing,1,0.876,13.285,121.285,0,0,15,15,0,0,0,0,3,6,6,0,1201,2,2,sent,5249,4291,198,0,1,9500000,1200000,7,0,7,40932,40925,50176162,2290,2822462,1247,1546456,0,0,0,0,0,3.840,44.529,184.875,4800.000,2097,74546,38336,16827,36210,19383,0.305,17.927,0.637,2097,7841744,11535110,1.513,49.962,0.532,11.928,74546,3511,1016,34161,900,2600,11,333,333,604,41,63,3,20,21,0,0,0,0,0,0,0,0,0,0,291,1,1,0,4,6805,5503,5503,0,0,0,0,0,,disabled,,0,0,0,0,,1,Fixed Quality,Hybrid,85,30,9500,12000,640,360,H.264,480,270,518400,28176,518400,28176,0.054,0.000,,0,0,0.000,2.865,0.000,0.000,0.142,7250,6750,6750,16,16,0,1,9500,1.000,0,13.391,0.000,0,0,0.000,0.000,0,0,0,0,0.000,1.000,0.000,1,0,0,disabled,24,0,0,175,402,175,185,42,305,305,0,5,large-au-observed,0,,0,0,16.419,23.727,0,,0.000,0.000,0.000,0.000,0,0,0,,50,0,0,8.420,0,1400,0.142,0.000,0.000,0.141,0.000,0.099,0.013,1,1,1,1,0,1,1,0,0,0,0,0,1.000,0.000,0.000,30,0,0.000,0,0,0,0.000,0.000,0.000,0.000,0.000,0.000,0.000,2.707,14.176,0,0,0,0,0,0,0,0,0.000,0.000,0.000,0.000,0.000,0.000,0,0.138,21.914,1002,1005,4630,16.292,215.775,58.054,215.775,46846.278,1302,1,H.264,159.004,0,0,214.741,215.651,0.999,157.161,157.964,arrival-gap-jitter-spike,3492.813,0,1,1,1,1,50339.091,411.150,454.875,455.724,455.724,0,0,7,0,0,7,0,,,145.200,165.915,1303,1,decoded,0,0,0,0,0,0,0,0,0,0,,105.137,0.000,108.673,0.000,0.000,0.000,130.332,stale-before-upload,0.001,1395,0.000,117.984,9.161,0.123,0.433,0.001,0.000,0.431,1,0,0,1,3,0.064,23.236,21.914,27.012,23.539,1.000,RecoveryDeadline,0,1,0,5.000,1,5,5,1,0.060,0.000,0.060,0,100,0,40975,38399,2517,0,2261
51.340,Custom_loss6_delay0-100_dup0_reorder6_burst0,Loopback,1,1,0,,,0.000,0,21,1427,17.203,19.371,19.929,97.561,103.041,70.050,56.916,19.274,0.063,0.258,39220,2657,37016,34359,5100,3089,329,1476,1272,204,206,0,34361,1045,363,0,0,0,0,5.000,0,0,0,0,0,0,0,0,0,0,0,0,0,0,0,0.000,0.000,0.000,,1026,1026,4720,0,1,37.891,214.741,38.855,215.651,0.000,0.000,1023,1018,20134,1249,348,0,3585,5631,1427,1,retransmit-late-after-completed,completed,H.264,1,1,24,24,0,0,0,3,0,0,1,0,41840,3,41840,3,41840,3,1,103.194,281,329,204,198,204,0,66.829,19.860,102.125,4,0,818,55,873,0,282,43,0.461,0.539,0.937,1.000,0.132,44.000,0.000,1.000,0.000,insufficient-sample,1760,15182,0,0,1071,14123,3585,34882,688,1056,1,3,34860,predicted-useful,fec-grace,5866,0.375,333,873,0,5,0,0,0,15,15,15,15,331,5341,331,5341,0,0,0,pacing,1,0.804,9.258,117.258,0,0,15,15,0,0,0,0,3,6,6,0,1201,2,2,sent,5361,4385,202,0,1,9500000,1200000,12,0,12,41853,41841,51298434,2341,2885332,1273,1578218,0,0,0,0,0,0.805,44.529,1150.188,4800.000,2144,76204,39198,17206,37006,19800,0.305,29.196,0.009,2144,5425206,8779423,0.632,49.962,0.506,9.833,76204,3585,1037,34882,924,2650,11,344,344,623,44,69,2,20,24,0,0,0,0,0,0,0,0,0,0,299,1,1,0,4,6952,5631,5631,0,0,0,0,0,,disabled,,0,0,0,0,,1,Fixed Quality,Hybrid,85,30,9500,12000,640,360,H.264,480,270,518400,28176,518400,28176,0.054,0.000,,0,0,0.000,1.948,0.000,0.000,0.089,7250,6750,6750,16,16,0,1,9500,1.000,0,8.634,0.000,0,0,0.000,0.000,0,0,0,0,0.322,0.615,0.063,1,0,0,disabled,24,0,0,179,410,179,189,42,313,313,0,5,large-au-observed,0,,0,0,12.003,23.727,0,,0.000,0.000,0.000,0.000,0,0,0,,51,0,0,11.231,0,1430,0.089,0.000,0.000,0.088,0.000,0.058,0.013,1,1,1,1,0,1,1,0,0,0,0,0,1.000,0.000,0.000,30,0,0.000,0,0,0,0.000,0.000,0.000,0.000,0.000,0.000,0.000,1.852,15.525,0,0,0,0,0,0,0,0,0.000,0.000,0.000,0.000,0.000,0.000,0,0.102,19.371,1023,1026,4720,39.077,215.775,58.054,215.775,46846.278,1302,1,H.264,159.004,0,0,214.741,215.651,0.999,157.161,157.964,arrival-gap-jitter-spike,4493.545,0,1,1,1,1,51339.823,411.150,454.875,455.724,455.724,0,0,7,0,0,7,0,,,145.200,165.915,1303,1,decoded,0,0,0,0,0,0,0,0,0,0,,93.881,0.000,97.299,0.000,0.000,0.000,128.781,stale-before-upload,0.001,1427,0.000,103.168,5.736,0.083,0.237,0.000,0.000,0.237,1,0,0,1,3,0.063,17.203,19.371,19.274,19.929,0.750,Loss,0,1,0,0.000,2,3,3,1,0.060,0.000,0.060,0,100,0,41892,39284,2563,0,2307
52.343,Custom_loss6_delay0-100_dup0_reorder6_burst0,Loopback,1,1,0,,,0.000,0,21,1455,23.870,23.861,25.169,102.452,103.058,28.310,56.307,83.723,0.063,0.258,40020,2695,37751,35056,5202,3157,334,1501,1294,207,210,0,35058,1066,370,0,0,0,0,5.000,0,0,0,0,0,0,0,0,0,0,0,0,0,0,0,0.000,0.000,0.000,,1047,1047,4811,0,1,124.487,214.741,125.617,215.651,0.000,0.000,1044,1039,20533,1273,355,0,3652,5746,1456,1,retransmit-duplicate,pending,H.264,1,1,24,19,5,2,2,2,9,24,1,1,42697,1,42697,1,42697,1,1,66.198,288,334,207,201,207,0,66.686,20.268,102.125,4,0,833,54,887,0,290,44,0.463,0.537,0.939,1.000,0.132,45.000,0.500,0.500,0.000,stable,1795,15443,0,0,1093,14369,3652,35465,701,1071,1,3,35443,predicted-useful,likely-arrival,5978,0.000,339,887,0,5,0,0,0,15,15,15,15,337,5440,337,5440,0,0,0,pacing,1,0.812,8.518,116.518,0,0,15,15,0,0,0,0,3,6,6,0,1201,2,2,sent,5460,4468,206,0,1,9500000,1200000,0,0,0,42677,42677,52322334,2385,2939494,1301,1612468,0,0,0,0,0,21.304,44.529,12832.125,4800.000,2190,77767,40016,17501,37751,20250,0.304,29.236,0.107,2190,5472364,8457580,2.069,31.622,0.447,23.818,77767,3652,1058,35465,938,2703,11,351,351,634,45,70,1,21,24,0,0,0,0,0,0,0,0,0,0,305,1,1,0,4,7091,5746,5746,0,0,0,0,0,,disabled,,0,0,0,0,,1,Fixed Quality,Hybrid,85,30,9500,12000,640,360,H.264,480,270,518400,0,518400,28178,0.054,0.000,,0,0,0.000,5.568,0.000,4.701,0.742,7250,6750,6750,16,16,0,1,9500,1.000,0,21.304,0.000,0,0,0.000,0.000,0,0,0,0,0.000,1.000,0.000,1,0,0,disabled,0,0,0,183,420,183,194,43,318,318,2,5,async-output-pending,0,,0,0,0.000,0.000,0,,21.270,14985.812,45673.077,0.000,0,0,0,,52,0,0,0.000,1,0,0.732,0.195,0.535,0.000,0.000,0.000,0.000,0,0,1,1,1,0,0,1,1,0,1,0,0.860,166.810,0.000,26,0,0.000,0,0,0,0.000,0.000,0.000,0.000,0.000,0.000,0.000,0.000,24.418,0,0,0,0,0,0,0,0,0.000,0.000,0.000,0.000,0.000,0.000,0,0.125,23.861,1044,1047,4811,125.708,215.775,58.054,215.775,46846.278,1302,1,H.264,159.004,0,0,214.741,215.651,0.999,157.161,157.964,arrival-gap-jitter-spike,5496.598,0,1,1,1,1,52342.876,411.150,454.875,455.724,455.724,0,0,7,0,0,7,0,,,145.200,165.915,1303,1,decoded,0,0,0,0,0,0,0,0,0,0,,101.049,0.000,104.081,0.000,0.000,0.000,136.226,stale-before-upload,0.001,1455,0.000,108.955,4.742,0.084,0.316,0.001,0.000,0.315,1,0,0,1,3,0.063,23.870,23.861,83.723,25.169,2.000,Jitter,0,1,0,0.000,0,3,3,1,0.060,0.000,0.060,0,100,0,42729,40082,2615,0,2353
53.348,Custom_loss6_delay0-100_dup0_reorder6_burst0,Loopback,1,1,0,,,0.000,0,21,1482,19.247,19.239,19.466,107.781,102.994,28.310,56.307,9.251,0.063,0.256,40791,2764,38501,35737,5295,3212,340,1531,1322,209,212,0,35739,1088,375,0,0,0,0,5.000,0,0,0,0,0,0,0,0,0,0,0,0,0,0,0,0.000,0.000,0.000,,1069,1069,4901,0,1,41.005,214.741,42.704,215.651,0.000,0.000,1066,1061,20916,1297,360,0,3714,5859,1485,1,retransmit-arrived,pending,H.264,1,1,24,4,20,0,0,0,0,0,1,0,43556,3,43556,3,43556,3,1,15.565,292,340,209,203,209,0,66.552,20.176,102.125,4,0,845,60,905,0,291,45,0.462,0.538,0.934,1.000,0.134,44.000,0.000,1.000,1.000,insufficient-sample,1828,15733,0,0,1114,14639,3714,36067,713,1091,1,3,36045,predicted-useful,fec-grace,6081,0.833,345,905,0,5,0,0,0,15,15,15,15,343,5536,343,5536,0,0,0,pacing,1,0.795,8.461,116.461,0,0,15,15,0,0,0,0,3,6,6,0,1201,2,2,sent,5556,4542,210,0,1,9500000,1200000,0,0,0,43505,43505,53336856,2433,2998632,1329,1646718,0,0,0,0,0,16.644,44.529,4888.375,2122.650,2232,79267,40779,17798,38488,20690,0.304,6.737,1.224,2232,4406026,7570644,1.050,31.622,0.500,14.719,79267,3714,1080,36067,956,2747,11,356,356,643,47,74,2,21,26,0,0,0,0,0,0,0,0,0,0,308,1,1,0,4,7227,5859,5859,0,0,0,0,0,,disabled,,0,0,0,0,,1,Fixed Quality,Hybrid,85,30,9500,12000,640,360,H.264,480,270,518400,28176,518400,28176,0.054,0.000,,0,0,0.000,2.536,0.000,0.000,0.108,7250,6750,6750,16,16,0,1,9500,1.000,0,16.644,0.000,0,0,4.000,0.400,6220,2488,0,0,0.000,0.000,1.000,1,0,0,disabled,24,1,1,187,429,187,199,43,324,324,2,5,decoder-sync-observed,0,,0,0,0.066,23.727,0,,0.000,0.000,0.000,0.000,0,0,0,,53,0,0,11.262,0,1485,0.107,0.000,0.000,0.107,0.000,0.071,0.010,1,1,1,1,0,1,1,0,0,0,1,0,0.860,103.513,0.000,26,0,0.000,0,0,0,0.000,0.000,0.000,0.000,0.000,0.000,0.000,2.376,19.656,0,0,0,0,0,0,0,0,0.000,0.000,0.000,0.000,0.000,0.000,0,0.131,19.239,1066,1069,4901,42.412,215.775,58.054,215.775,46846.278,1302,1,H.264,159.004,0,0,214.741,215.651,0.999,157.161,157.964,arrival-gap-jitter-spike,6501.732,0,1,1,1,1,53348.010,411.150,454.875,455.724,455.724,0,0,7,0,0,7,0,,,145.200,165.915,1303,1,decoded,0,0,0,0,0,0,0,0,0,0,,103.558,0.000,107.290,0.000,0.000,0.000,133.891,stale-before-upload,0.001,1482,0.000,112.651,5.224,0.101,0.343,0.001,0.000,0.343,1,0,0,1,3,0.063,19.247,19.239,9.251,19.466,1.000,Loss,0,1,0,1.000,1,1,1,1,0.060,0.000,0.060,0,100,0,43558,40858,2658,0,2388
54.351,Custom_loss6_delay0-100_dup0_reorder6_burst0,Loopback,1,1,0,,,0.000,0,21,1509,21.644,19.679,19.675,109.008,102.857,94.336,57.099,10.728,0.063,0.256,41573,2781,39209,36428,5401,3256,349,1578,1358,220,218,0,36430,1109,381,0,0,0,0,5.000,0,0,0,0,0,0,0,0,0,0,0,0,0,0,0,0.000,0.000,0.000,,1089,1089,4991,0,1,55.964,214.741,56.931,215.651,0.000,0.000,1086,1081,21294,1329,365,0,3775,5962,1512,1,nack-sent,pending,H.264,1,1,24,8,16,1,0,1,0,16,0,0,44329,1,0,0,0,0,0,28.543,296,349,220,214,220,0,65.740,20.694,102.125,4,0,869,58,927,0,299,45,0.459,0.541,0.937,1.000,0.131,45.000,0.000,1.000,0.000,duplicate-guard,1863,16001,0,0,1134,14879,3775,36662,728,1119,1,3,36639,predicted-useful,likely-arrival,6185,0.667,353,927,0,5,0,0,0,15,15,15,15,351,5666,351,5666,0,0,0,pacing,1,0.789,5.837,113.837,0,0,15,15,0,0,0,0,3,6,6,0,1201,2,2,sent,5686,4616,214,0,1,9500000,1200000,11,0,11,44337,44326,54343246,2485,3062746,1354,1677866,0,0,0,0,0,0.913,44.529,1096.062,1111.650,2274,80752,41549,18107,39203,21096,0.304,12.392,1.631,2274,4659729,7610554,1.562,38.502,0.486,17.022,80752,3775,1101,36662,978,2786,11,361,361,652,48,75,1,22,26,0,0,0,0,0,0,0,0,0,0,312,1,1,0,4,7356,5962,5962,0,0,0,0,0,,disabled,,0,0,0,0,,1,Fixed Quality,Hybrid,85,30,9500,12000,640,360,H.264,480,270,518400,28178,518400,28178,0.054,0.000,,0,0,0.000,2.529,0.000,0.000,0.138,7250,6750,6750,16,16,0,1,9500,1.000,0,8.017,0.000,0,0,0.000,0.000,0,0,0,0,0.319,0.618,0.063,1,0,0,disabled,24,1,1,191,441,191,204,46,332,332,2,5,decoder-sync-observed,0,,0,0,11.575,23.729,0,,0.000,0.000,0.000,0.000,0,0,0,,54,0,0,6.052,0,1513,0.138,0.000,0.000,0.138,0.000,0.106,0.010,1,1,1,1,0,1,1,0,0,0,0,0,1.000,0.000,0.000,30,0,0.000,0,0,0,0.000,0.000,0.000,0.000,0.000,0.000,0.000,2.317,10.538,0,0,0,0,0,0,0,0,0.000,0.000,0.000,0.000,0.000,0.000,0,0.117,19.679,1086,1089,4991,57.182,215.775,58.054,215.775,46846.278,1302,1,H.264,159.004,0,0,214.741,215.651,0.999,157.161,157.964,arrival-gap-jitter-spike,7505.427,0,1,1,1,1,54351.705,411.150,454.875,455.724,455.724,0,0,7,0,0,7,0,,,145.200,165.915,1303,1,decoded,0,0,0,0,0,0,0,0,0,0,,98.581,0.000,101.517,0.000,0.000,0.000,134.504,stale-before-upload,0.001,1509,0.000,105.645,4.002,0.086,0.459,0.175,0.000,0.283,1,0,0,1,3,0.063,21.644,19.679,10.728,19.675,0.750,Loss,0,1,0,0.000,2,2,2,1,0.060,0.000,0.060,0,100,0,44380,41642,2699,0,2444
55.358,Custom_loss6_delay0-100_dup0_reorder6_burst0,Loopback,1,1,0,,,0.000,0,21,1537,21.370,21.373,21.610,124.792,102.734,14.996,56.240,32.887,0.063,0.254,42262,2818,39858,37040,5502,3309,357,1616,1392,224,220,0,37042,1131,386,0,0,0,0,5.000,0,0,0,0,0,0,0,0,0,0,0,0,0,0,0,0.000,0.000,0.000,,1111,1111,5084,0,1,78.758,214.741,79.681,215.651,0.000,0.000,1107,1101,21654,1355,370,0,3828,6065,1538,1,fec-recovered,pending,H.264,0,1,22,16,6,5,2,2,5,20,0,0,45041,1,0,0,0,0,0,82.883,302,357,224,218,224,0,65.677,20.859,102.125,4,0,887,56,943,0,304,45,0.458,0.542,0.941,1.000,0.129,45.000,0.167,0.833,0.000,duplicate-guard,1899,16221,0,0,1154,15079,3828,37110,744,1139,1,3,37087,predicted-useful,likely-arrival,6284,0.000,359,943,0,5,0,0,0,16,16,16,16,357,5758,357,5758,0,0,0,pacing,1,0.803,11.393,119.393,0,0,16,16,0,0,0,0,3,6,6,0,1201,2,2,sent,5779,4682,218,0,1,9500000,1200000,5,5,0,45041,45036,55216963,2524,3110966,1373,1701510,0,0,0,0,0,0.475,44.529,678.375,221.150,2313,82102,42257,18379,39845,21466,0.303,10.971,0.029,2313,3994180,6902485,1.047,14.934,0.353,10.152,82102,3828,1122,37110,995,2821,12,366,366,657,49,76,1,23,26,0,0,0,0,0,0,0,0,0,0,316,1,1,0,4,7479,6065,6065,0,0,0,0,0,,disabled,,0,0,0,0,,1,Fixed Quality,Hybrid,85,30,9500,12000,640,360,H.264,480,270,518400,26096,518400,26096,0.050,0.000,,0,0,0.000,2.028,0.000,0.000,0.260,7000,6250,6250,17,17,0,1,9500,0.967,1,8.482,0.000,0,0,4.000,0.835,28316,23644,0,0,0.320,0.620,0.059,1,0,0,fixed-pacing-queue-hold,22,1,1,195,447,195,206,46,337,337,1,5,keyframe-g4-priority,0,,0,0,10.487,21.976,0,,0.000,0.000,0.000,0.000,0,0,0,,55,0,0,6.045,0,1540,0.260,0.000,0.000,0.260,0.000,0.213,0.008,1,1,1,1,0,1,1,0,0,0,0,0,1.000,0.000,0.000,24,0,0.000,0,0,0,0.000,0.000,0.000,0.000,0.000,0.000,0.000,1.738,9.787,0,0,0,0,0,0,0,0,0.000,0.000,0.000,0.000,0.000,0.000,0,0.093,21.373,1107,1111,5084,79.737,215.775,58.054,215.775,46846.278,1302,1,H.264,159.004,0,0,214.741,215.651,0.999,157.161,157.964,arrival-gap-jitter-spike,8512.351,0,1,1,1,1,55358.629,411.150,454.875,455.724,455.724,0,0,8,0,0,8,1,latency-pressure freshness,latency-over-80ms,145.242,165.915,1512,1,H.264,0,0,0,0,0,0,0,0,0,0,,99.299,0.000,101.885,2.434,0.000,130.835,142.396,stale-after-h264-decode,0.001,1536,0.000,98.318,3.044,0.078,1.123,0.847,0.000,0.276,1,0,0,1,3,0.062,21.370,21.373,32.887,21.610,1.000,RecoveryDeadline,0,1,0,0.500,2,1,1,1,0.060,0.000,0.060,0,100,0,45091,42330,2735,0,2475
56.366,Custom_loss6_delay0-100_dup0_reorder6_burst0,Loopback,1,1,0,,,0.000,0,21,1565,23.776,23.767,23.459,106.966,102.752,84.069,56.797,3.596,0.063,0.252,43051,2882,40614,37732,5606,3377,361,1647,1418,229,221,0,37734,1155,389,0,0,0,0,5.000,0,0,0,0,0,0,0,0,0,0,0,0,0,0,0,0.000,0.000,0.000,,1135,1135,5178,0,1,37.488,214.741,38.464,215.651,0.000,0.000,1131,1126,22065,1384,373,0,3893,6183,1566,1,nack-sent,pending,H.264,0,1,23,22,1,4,4,3,9,21,0,0,45847,12,0,0,0,0,0,104.598,310,361,229,223,229,0,65.682,21.012,102.125,4,0,904,58,962,0,311,46,0.462,0.538,0.940,1.000,0.129,40.000,0.333,0.667,0.333,retransmit-late,1940,16518,0,0,1177,15348,3893,37691,762,1167,1,3,37668,predicted-useful,likely-arrival,6399,0.043,366,962,0,5,0,0,0,16,16,16,16,364,5870,364,5870,0,0,0,pacing,1,0.839,7.752,115.752,0,0,16,16,0,0,0,0,3,6,6,0,1201,2,2,sent,5891,4765,222,0,1,9500000,1200000,9,0,9,45899,45890,56268317,2577,3176522,1405,1740934,0,0,0,0,0,0.625,44.529,30.188,4800.000,2355,83639,43035,18764,40604,21840,0.304,26.660,0.556,2355,6212529,9487808,1.183,25.762,0.475,19.358,83639,3893,1146,37691,1014,2867,12,369,369,664,51,79,2,24,27,0,0,0,0,0,0,0,0,0,0,317,1,1,0,4,7622,6183,6183,0,0,0,0,0,,disabled,,0,0,0,0,,1,Fixed Quality,Hybrid,85,30,9500,12000,640,360,H.264,480,270,518400,27138,518400,27138,0.052,0.000,,0,0,0.000,2.055,0.000,0.000,0.102,7250,6500,6500,18,18,0,1,9500,1.000,0,0.625,0.000,0,0,0.000,0.000,0,0,0,0,1.000,0.000,0.000,1,0,0,disabled,23,1,1,199,455,199,208,48,344,344,2,5,decoder-sync-observed,0,,0,0,0.021,22.853,0,,0.000,0.000,0.000,0.000,0,0,0,,56,0,0,8.673,0,1569,0.101,0.000,0.000,0.101,0.000,0.068,0.011,1,1,1,1,0,1,1,0,0,0,1,0,0.860,112.294,0.000,26,0,0.000,0,0,0,0.000,0.000,0.000,0.000,0.000,0.000,0.000,1.916,13.946,0,0,0,0,0,0,0,0,0.000,0.000,0.000,0.000,0.000,0.000,0,0.116,23.767,1131,1135,5178,38.531,215.775,58.054,215.775,46846.278,1302,1,H.264,159.004,0,0,214.741,215.651,0.999,157.161,157.964,arrival-gap-jitter-spike,9520.305,0,1,1,1,1,56366.583,411.150,454.875,455.724,455.724,0,0,8,0,0,8,0,,,145.242,165.915,1512,1,H.264,0,0,0,0,0,0,0,0,0,0,,105.132,0.000,107.821,0.000,0.000,0.000,133.483,stale-after-h264-decode,0.001,1565,0.000,113.100,5.152,0.100,0.307,0.003,0.000,0.305,1,0,0,1,3,0.063,23.776,23.767,3.596,23.459,1.000,Loss,0,1,0,0.000,1,1,1,1,0.060,0.000,0.060,0,100,0,45946,43125,2782,0,2513
57.367,Custom_loss6_delay0-100_dup0_reorder6_burst0,Loopback,1,1,0,,,0.000,0,21,1594,21.525,19.570,19.533,90.830,102.745,100.979,57.663,15.290,0.063,0.252,43819,2924,41326,38402,5708,3434,368,1680,1448,232,226,0,38404,1177,396,0,0,0,0,5.000,0,0,0,0,0,0,0,0,0,0,0,0,0,0,0,0.000,0.000,0.000,,1156,1156,5270,0,1,30.181,214.741,31.168,215.651,0.000,0.000,1152,1147,22457,1409,379,0,3957,6297,1595,1,nack-sent,pending,H.264,0,1,24,17,7,5,3,2,7,24,0,0,46697,9,0,0,0,0,0,77.690,317,368,232,226,232,0,65.639,20.886,102.125,4,0,921,56,977,0,321,46,0.463,0.537,0.943,1.000,0.125,45.000,0.444,0.556,0.000,duplicate-guard,1975,16808,0,0,1198,15614,3957,38279,776,1191,1,3,38253,predicted-useful,fec-grace,6505,0.292,371,977,0,5,0,0,0,16,16,16,16,369,5945,369,5945,0,0,0,pacing,1,0.787,11.101,119.101,0,0,16,16,0,0,0,0,3,6,6,0,1201,2,2,sent,5966,4842,226,1,1,9500000,1200000,0,0,0,46691,46691,57250147,2592,3195182,1405,1740934,0,0,0,0,0,18.245,44.529,9307.625,4800.000,2398,85117,43803,19096,41314,22218,0.304,32.125,0.043,2398,6160074,17873930,0.699,23.991,0.473,14.795,85117,3957,1168,38279,1031,2914,12,375,375,678,51,79,2,24,27,0,0,0,0,0,0,0,0,0,0,323,1,1,0,4,7756,6297,6297,0,0,0,0,0,,disabled,,0,0,0,0,,1,Fixed Quality,Hybrid,85,30,9500,12000,640,360,H.264,480,270,518400,0,518400,28178,0.054,0.000,,0,0,0.000,5.444,0.000,4.585,0.815,7250,6750,6750,19,19,0,1,9500,1.000,0,18.245,0.000,0,0,0.000,0.000,0,0,0,0,0.324,0.618,0.057,1,0,0,disabled,0,0,0,202,461,202,211,48,348,348,0,5,async-output-pending,0,,0,0,0.000,0.000,0,,0.000,0.000,0.000,0.000,0,0,0,,56,0,0,0.000,1,0,0.804,0.187,0.616,0.000,0.000,0.000,0.000,0,0,1,1,1,0,0,1,1,0,1,0,0.860,55.379,0.000,26,0,0.000,0,0,0,0.000,0.000,0.000,0.000,0.000,0.000,0.000,0.000,29.389,0,0,0,0,0,0,0,0,0.000,0.000,0.000,0.000,0.000,0.000,0,0.111,19.570,1152,1156,5270,31.222,215.775,58.054,215.775,46846.278,1302,1,H.264,159.004,0,0,214.741,215.651,0.999,157.161,157.964,arrival-gap-jitter-spike,10520.683,0,1,1,1,1,57366.961,411.150,454.875,455.724,455.724,0,0,8,0,0,8,0,,,145.242,165.915,1512,1,H.264,0,0,0,0,0,0,0,0,0,0,,100.866,0.000,103.670,0.000,0.000,0.000,125.415,stale-after-h264-decode,0.001,1594,0.000,109.700,5.912,0.080,0.422,0.152,0.000,0.270,1,0,0,1,3,0.063,21.525,19.570,15.290,19.533,1.000,Loss,0,1,0,3.000,1,3,3,1,0.060,0.000,0.060,0,100,0,46748,43895,2825,0,2564
58.372,Custom_loss6_delay0-100_dup0_reorder6_burst0,Loopback,1,1,0,,,0.000,0,21,1623,23.611,23.617,23.992,108.974,102.786,104.175,58.557,3.799,0.063,0.250,44689,2981,42143,39162,5827,3505,382,1712,1478,234,228,0,39164,1201,401,0,0,0,0,5.000,0,0,0,0,0,0,0,0,0,0,0,0,0,0,0,0.000,0.000,0.000,,1180,1180,5359,0,1,37.453,214.741,38.554,215.651,0.000,0.000,1176,1171,22885,1435,384,0,4030,6418,1625,1,nack-sent,pending,H.264,0,1,24,13,11,2,2,1,0,11,0,0,47629,16,0,0,0,0,0,54.679,325,382,234,228,234,0,65.807,20.804,102.125,4,0,945,56,1001,0,327,47,0.460,0.540,0.944,1.000,0.126,43.000,0.333,0.667,0.000,duplicate-guard,2011,17118,0,0,1222,15905,4030,38949,788,1210,1,3,38923,predicted-useful,fec-grace,6628,0.000,381,1001,0,5,0,0,0,16,16,16,16,379,6112,379,6112,0,0,0,pacing,1,0.823,11.868,119.868,0,0,16,16,0,0,0,0,3,6,6,0,1201,2,2,sent,6133,4929,228,0,1,9500000,1200000,0,0,0,47615,47615,58382371,2646,3261782,1433,1775814,0,0,0,0,0,16.036,44.529,5627.562,4800.000,2447,86828,44685,19502,42143,22641,0.304,32.674,1.037,2447,7503827,11861508,1.281,19.832,0.482,17.102,86828,4028,1192,38935,1049,2967,12,380,380,688,52,81,2,24,28,0,0,0,0,0,0,0,0,0,0,327,1,1,0,4,7901,6418,6418,0,0,0,0,0,,disabled,,0,0,0,0,,1,Fixed Quality,Hybrid,85,30,9500,12000,640,360,H.264,480,270,518400,0,518400,28178,0.054,0.000,,0,0,0.000,4.832,0.000,4.155,0.655,7250,6750,6750,19,19,0,1,9500,1.000,0,16.036,0.000,0,0,0.000,0.000,0,0,0,0,0.325,0.619,0.056,1,0,0,disabled,0,0,0,205,468,205,213,50,354,354,0,5,async-output-pending,0,,0,0,0.000,0.000,0,,16.036,5627.562,39583.333,0.000,0,0,0,,57,0,0,0.000,1,0,0.646,0.153,0.491,0.000,0.000,0.000,0.000,0,0,1,1,1,0,0,1,1,0,0,0,1.000,0.000,0.000,30,0,0.000,0,0,0,0.000,0.000,0.000,0.000,0.000,0.000,0.000,0.000,28.052,0,0,0,0,0,0,0,0,0.000,0.000,0.000,0.000,0.000,0.000,0,0.093,23.617,1176,1180,5359,38.509,215.775,58.054,215.775,46846.278,1302,1,H.264,159.004,0,0,214.741,215.651,0.999,157.161,157.964,arrival-gap-jitter-spike,11525.661,0,1,1,1,1,58371.939,411.150,454.875,455.724,455.724,0,0,8,0,0,8,0,,,145.242,165.915,1512,1,H.264,0,0,0,0,0,0,0,0,0,0,,108.843,0.000,111.635,0.000,0.000,0.000,134.487,stale-after-h264-decode,0.001,1623,0.000,116.485,4.737,0.077,0.669,0.416,0.000,0.253,1,0,0,1,3,0.063,23.611,23.617,3.799,23.992,1.000,Loss,0,1,0,0.500,2,1,1,1,0.060,0.000,0.060,0,100,0,47673,44761,2876,0,2609
59.375,Custom_loss6_delay0-100_dup0_reorder6_burst0,Loopback,1,1,0,,,0.000,0,21,1652,17.324,17.308,18.435,91.635,102.873,77.655,58.918,32.852,0.062,0.250,45485,3029,42893,39864,5922,3570,384,1733,1498,235,235,0,39866,1222,408,0,0,0,0,5.000,0,0,0,0,0,0,0,0,0,0,0,0,0,0,0,0.000,0.000,0.000,,1201,1201,5455,0,1,23.393,214.741,24.870,215.651,0.000,0.000,1197,1192,23284,1457,391,0,4101,6534,1653,1,fec-parity,pending,H.264,0,1,24,20,4,5,2,2,8,20,1,0,48433,2,48461,0,0,0,0,95.437,329,384,235,229,235,0,65.871,20.988,102.125,4,0,952,57,1009,0,329,48,0.461,0.539,0.944,1.000,0.127,43.000,0.500,0.500,0.000,stable,2051,17413,0,0,1244,16173,4101,39611,806,1237,1,3,39584,predicted-useful,fec-grace,6749,0.333,385,1009,0,5,0,0,0,16,16,16,16,383,6190,383,6190,0,0,0,pacing,1,0.875,12.415,120.415,0,0,16,16,0,0,0,0,3,6,6,0,1201,2,2,sent,6211,5024,232,0,1,9500000,1200000,0,0,0,48463,48463,59421201,2684,3308480,1458,1806962,0,0,0,0,0,15.454,44.529,6122.750,4800.000,2491,88347,45465,19859,42882,23023,0.304,28.291,0.049,2491,6398750,10375214,0.780,10.562,0.482,15.571,88347,4101,1213,39611,1061,3028,12,387,387,698,53,83,2,24,29,0,0,0,0,0,0,0,0,0,0,333,1,1,0,4,8038,6534,6534,0,0,0,0,0,,disabled,,0,0,0,0,,1,Fixed Quality,Hybrid,85,30,9500,12000,640,360,H.264,480,270,518400,0,518400,28178,0.054,0.000,,0,0,0.000,6.427,0.000,5.613,0.778,7250,6750,6750,19,19,0,1,9500,1.000,0,15.454,0.000,0,0,0.000,0.000,0,0,0,0,0.326,0.617,0.056,1,0,0,disabled,0,0,0,209,473,209,214,50,358,358,0,5,async-output-pending,0,,0,0,0.000,0.000,0,,15.110,8107.812,39583.333,0.000,0,0,0,,58,0,0,0.000,1,0,0.764,0.171,0.591,0.000,0.000,0.000,0.000,0,0,1,1,1,0,0,1,1,0,0,0,1.000,0.000,0.000,30,0,0.000,0,0,0,0.000,0.000,0.000,0.000,0.000,0.000,0.000,0.000,17.637,0,0,0,0,0,0,0,0,0.000,0.000,0.000,0.000,0.000,0.000,0,0.125,17.308,1197,1201,5455,24.774,215.775,58.054,215.775,46846.278,1302,1,H.264,159.004,0,0,214.741,215.651,0.999,157.161,157.964,arrival-gap-jitter-spike,12529.062,0,1,1,1,1,59375.340,411.150,454.875,455.724,455.724,0,0,8,0,0,8,0,,,145.242,165.915,1512,1,H.264,0,0,0,0,0,0,0,0,0,0,,108.745,0.000,112.306,0.000,0.000,0.000,125.817,stale-after-h264-decode,0.001,1652,0.000,119.557,7.118,0.108,0.355,0.001,0.000,0.354,1,0,0,1,3,0.062,17.324,17.308,32.852,18.435,1.000,RecoveryDeadline,0,1,0,1.000,1,1,1,1,0.060,0.000,0.060,0,100,0,48522,45563,2927,0,2668
60.380,Custom_loss6_delay0-100_dup0_reorder6_burst0,Loopback,1,1,0,,,0.000,0,21,1682,15.669,15.687,15.635,89.748,102.879,38.479,58.539,44.086,0.062,0.251,46311,3076,43660,40584,6024,3629,391,1764,1525,239,240,0,40586,1242,417,0,0,0,0,5.000,0,0,0,0,0,0,0,0,0,0,0,0,0,0,0,0.000,0.000,0.000,,1221,1221,5552,0,1,18.695,214.741,19.733,215.651,0.000,0.000,1217,1212,23691,1481,400,0,4169,6643,1684,1,fec-recovered,pending,H.264,0,1,24,13,11,3,1,0,0,0,0,0,49348,1,0,0,0,0,0,40.688,332,391,239,233,239,0,65.889,20.946,102.125,4,0,966,57,1023,0,332,49,0.459,0.541,0.944,1.000,0.129,45.000,0.000,1.000,0.000,duplicate-guard,2099,17748,0,0,1268,16466,4169,40205,830,1279,1,3,40175,predicted-useful,likely-arrival,6862,0.375,391,1023,0,5,0,0,0,16,16,16,16,389,6288,389,6288,0,0,0,pacing,1,0.810,13.745,121.745,0,0,16,16,0,0,0,0,3,6,6,0,1201,2,2,sent,6309,5109,236,0,1,9500000,1200000,0,0,0,49347,49347,60504241,2728,3362642,1483,1838110,0,0,0,0,0,17.918,44.529,6294.562,4800.000,2536,89959,46299,20224,43660,23436,0.304,5.291,1.405,2536,5974467,9666487,2.674,0.614,0.495,15.493,89959,4169,1233,40205,1076,3081,12,396,396,715,54,85,2,24,30,0,0,0,0,0,0,0,0,0,0,341,1,1,0,4,8177,6643,6643,0,0,0,0,0,,disabled,,0,0,0,0,,1,Fixed Quality,Hybrid,85,30,9500,12000,640,360,H.264,480,270,518400,28178,518400,28178,0.054,0.000,,0,0,0.000,1.986,0.000,0.000,0.077,7250,6750,6750,19,19,0,1,9500,1.000,0,17.918,0.000,0,0,0.000,0.000,0,0,0,0,0.325,0.620,0.056,1,0,0,disabled,24,0,0,213,480,213,215,52,363,363,0,5,large-au-observed,0,,0,0,21.601,23.729,0,,0.000,0.000,0.000,0.000,0,0,0,,59,0,0,5.744,0,1685,0.076,0.000,0.000,0.076,0.000,0.050,0.009,1,1,1,1,0,1,1,0,0,0,0,0,1.000,0.000,0.000,30,0,0.000,0,0,0,0.000,0.000,0.000,0.000,0.000,0.000,0.000,1.902,10.229,0,0,0,0,0,0,0,0,0.000,0.000,0.000,0.000,0.000,0.000,0,0.109,15.687,1217,1221,5552,19.815,215.775,58.054,215.775,46846.278,1302,1,H.264,159.004,0,0,214.741,215.651,0.999,157.161,157.964,arrival-gap-jitter-spike,13533.945,0,1,1,1,1,60380.223,411.150,454.875,455.724,455.724,0,0,8,0,0,8,0,,,145.242,165.915,1512,1,H.264,0,0,0,0,0,0,0,0,0,0,,105.346,0.000,108.555,0.000,0.000,0.000,129.874,stale-after-h264-decode,0.001,1682,0.000,113.849,5.168,0.087,0.269,0.001,0.000,0.268,1,0,0,1,3,0.062,15.669,15.687,44.086,15.635,1.000,RecoveryDeadline,0,1,0,1.000,1,1,1,1,0.060,0.000,0.060,0,100,0,49407,46384,2976,0,2718
