timeSec,scenarioName,networkRuntimeMode,networkModeSendingEnabled,networkModeReceivingEnabled,networkExperimentActive,networkExperimentScenarioName,networkExperimentAdaptiveMode,networkExperimentRemainingSec,networkExperimentStepIndex,networkExperimentStepCount,frameId,receiveFps,decodeFps,displayFps,currentLatencyMs,averageLatencyMs,currentRttMs,averageRttMs,currentJitterMs,packetLossRate,frameDropRate,receivedPackets,missingPackets,sequenceGapPackets,sequenceGapRecoveredPackets,duplicatePackets,duplicateOriginalPackets,duplicateRetransmitPackets,duplicateLateAfterCompletedPackets,duplicateLateAfterCompletedOriginalPackets,duplicateLateAfterCompletedRetransmitPackets,duplicateLateAfterExpiredPackets,duplicateLateAfterRejectedPackets,reorderedPackets,completedFrames,droppedFrames,deadlineDroppedFrames,outputQueueDroppedFrames,outputQueueDropEvents,outputQueueDropBurstEvents,startupWarmupSec,startupWarmupActive,outputQueueDroppedFramesDelta,outputQueueDropEventsDelta,outputQueueDropBurstEventsDelta,startupOutputQueueDroppedFrames,startupOutputQueueDropEvents,startupOutputQueueDropBurstEvents,steadyOutputQueueDroppedFrames,steadyOutputQueueDropEvents,steadyOutputQueueDropBurstEvents,evaluationOutputQueueDroppedFrames,evaluationOutputQueueDropEvents,evaluationOutputQueueDropBurstEvents,lastOutputQueueDropFrameCount,lastOutputQueueDropQueueSize,lastOutputQueueDropOldestAgeMs,lastOutputQueueDropNewestAgeMs,maxOutputQueueDropOldestAgeMs,lastOutputQueueDropReason,completedQueuePushes,completedQueuePops,completedQueueEmptyPolls,completedQueueSize,maxCompletedQueueSize,completedQueueLastPopAgeMs,completedQueueMaxPopAgeMs,completedQueueLastPushIntervalMs,completedQueueMaxPushIntervalMs,lastOutputQueueDropPopAgeMs,lastOutputQueueDropPushIntervalMs,decodedFrames,displayedFrames,frameRecoveryOutcomeEvents,frameRecoveryCompletedFrames,frameRecoveryExpiredFrames,frameRecoveryRejectedFrames,frameRecoveryNackSentFrames,frameRecoveryFecRecoveredFrames,frameRecoveryLastFrameId,frameRecoveryLastStreamId,frameRecoveryLastEvent,frameRecoveryLastOutcome,frameRecoveryLastCodec,frameRecoveryLastKeyFrame,frameRecoveryLastLargeFrame,frameRecoveryLastChunkCount,frameRecoveryLastReceivedChunks,frameRecoveryLastMissingChunks,frameRecoveryLastFecParityPackets,frameRecoveryLastFecRecoveredChunks,frameRecoveryLastNackCount,frameRecoveryLastPostNackReceivedChunks,frameRecoveryLastNackRequestedChunks,frameRecoveryLastRetransmitReceivedChunks,frameRecoveryLastRetransmitDuplicatePackets,frameRecoveryLastPacketSequence,frameRecoveryLastPacketChunkIndex,frameRecoveryLastRetransmitSequence,frameRecoveryLastRetransmitChunkIndex,frameRecoveryLastEventPacketSequence,frameRecoveryLastEventPacketChunkIndex,frameRecoveryLastEventWasRetransmit,frameRecoveryLastAgeMs,retransmitUsefulChunks,retransmitDuplicatePackets,retransmitLateAfterCompletedPackets,retransmitLateAfterCompletedLargePackets,retransmitLateAfterCompletedSentBeforeCompletePackets,retransmitLateAfterCompletedSentAfterCompletePackets,retransmitLateAfterCompletedAvgSendToCompleteMs,retransmitLateAfterCompletedAvgDelayMs,retransmitLateAfterCompletedMaxDelayMs,retransmitLateAfterExpiredPackets,retransmitLateAfterRejectedPackets,retransmitClassifiedPackets,retransmitNotArrivedPackets,retransmitAccountedPackets,retransmitUnclassifiedPackets,retransmitCompletedFrames,retransmitExpiredFrames,retransmitUsefulnessRatio,retransmitDuplicateRatio,retransmitFinalClassificationRatio,retransmitFinalAccountingRatio,retransmitExpiredAfterUsefulRatio,dynamicNackDeadlineMs,dynamicNackUsefulnessRatio,dynamicNackDuplicateRatio,dynamicNackExpiredAfterRetransmitRatio,dynamicNackDecisionReason,nackSuppressedFrames,nackSuppressedMissingChunks,nackPreflightSuppressedFrames,nackPreflightSuppressedChunks,nackFecGraceSuppressedFrames,nackFecGraceSuppressedChunks,nackPredictedUsefulFrames,nackPredictedUsefulChunks,nackDeferredForLikelyArrivalFrames,nackDeferredForLikelyArrivalChunks,nackSkippedTooLateFrames,nackSkippedTooLateChunks,nackRequestedChunkBudget,nackLastShapingReason,nackLastSuppressionReason,ackCount,lastAckMissingRate,ackRetransmittedFrames,ackRetransmittedChunks,repairCanceledByCompleteAckPackets,repairSkippedByTtlPackets,repairQueuedButCanceledPackets,repairSentAfterCompleteAckPackets,repairSentAfterCompleteAckLargePackets,repairSuppressedByFecLikelyFrames,repairSuppressedByFecLikelyPackets,repairSuppressedByFecLikelyLargeFrames,repairSuppressedByFecLikelyLargePackets,repairBudgetSuppressedFrames,repairBudgetSuppressedPackets,repairBudgetSuppressedLargeFrames,repairBudgetSuppressedLargePackets,repairRaceGuardSuppressedFrames,repairRaceGuardSuppressedPackets,repairRaceGuardSuppressedLargePackets,repairBudgetProfile,repairBudgetProfileSwitches,repairBudgetSmoothedMissingRate,repairBudgetSmoothedPacingQueueDelayMs,repairBudgetSmoothedDeliveryMs,repairFecLikelySuppressedCompletedFrames,repairFecLikelySuppressedCompletedPackets,repairFecLikelySuppressedExpiredFrames,repairFecLikelySuppressedExpiredPackets,repairFecLikelySuppressedPendingFrames,repairFecLikelySuppressedPendingPackets,repairFecLikelySuppressionRescueFrames,repairFecLikelySuppressionRescuePackets,lateRepairSavedPackets,ackStaleDroppedFrames,ackKeyFrameRequests,ackKeyFramePending,pacingEnabled,pacingTargetBitrateBps,pacingRepairTargetBitrateBps,pacingQueuedPackets,pacingHighPriorityQueuedPackets,pacingNormalQueuedPackets,pacingEnqueuedPackets,pacingSentPackets,pacingSentBytes,pacingRepairSentPackets,pacingRepairSentBytes,pacingRepairBorrowedPackets,pacingRepairBorrowedBytes,pacingDroppedPackets,pacingDeadlineDroppedPackets,pacingHighPriorityDeadlineDroppedPackets,pacingNormalDeadlineDroppedPackets,pacingOverflowDroppedPackets,pacingCurrentQueueDelayMs,pacingMaxQueueDelayMs,pacingVideoCreditBytes,pacingRepairCreditBytes,transportFeedbackPackets,transportFeedbackPacketStatuses,transportFeedbackReceivedPackets,transportFeedbackMissingPackets,transportFeedbackSequenceGapPackets,transportFeedbackSequenceGapRecoveredPackets,transportFeedbackLossRate,transportFeedbackArrivalJitterMs,transportFeedbackQueueDelayTrendMs,transportFeedbackLastSequence,estimatedBandwidthBps,deliveryRateBps,bandwidthQueueDelayMs,bandwidthRttTrendMs,bandwidthLossTrend,bandwidthJitterTrendMs,bandwidthFeedbackSamples,deadlineNackSentFrames,deadlineNackRecoveredFrames,deadlineNackMissingChunks,deadlineNackSentH264KeyFrames,deadlineNackSentH264LargeFrames,deadlineNackSentH264DeltaFrames,deadlineNackExpiredDroppedFrames,deadlineNackExpiredAfterNackFrames,deadlineNackExpiredMissingChunks,deadlineNackExpiredH264KeyFrames,deadlineNackExpiredH264LargeFrames,deadlineNackExpiredH264DeltaFrames,fecEnabled,adaptiveFecEnabled,fecGroupChunkCount,fecParityPackets,fecRecoveredFrames,fecRecoveredChunks,h264ReassemblerAuRejectedFrames,h264ReassemblerHeaderFailures,h264ReassemblerPayloadSizeMismatches,h264ReassemblerFrameIdMismatches,h264ReassemblerCrcMismatches,h264ReassemblerLastRejectReason,adaptiveFecDecisionReason,adaptiveFecHoldReason,adaptiveFecG8ToG4Recovery,adaptiveFecQualityHoldActive,adaptiveFecQualityHoldCanceled,adaptiveFecEmergencyG2Active,adaptiveFecEarlyOffReason,adaptiveEnabled,adaptiveControlMode,adaptiveCongestionControlMode,targetJpegQuality,targetFps,targetBitrateKbps,adaptiveBandwidthCeilingKbps,targetWidth,targetHeight,actualCodec,actualEncodeWidth,actualEncodeHeight,actualRawFrameBytes,actualEncodedFrameBytes,rawFrameBytes,encodedFrameBytes,compressionRatio,captureFps,cameraCaptureSubtype,cameraCaptureWidth,cameraCaptureHeight,cameraCaptureFormatFps,encodeMs,resizeMs,nv12PrepareMs,h264EncodeMs,h264EncoderRequestedBitrateKbps,h264EncoderTargetBitrateKbps,h264EncoderAppliedBitrateKbps,h264DynamicBitrateUpdateRequests,h264DynamicBitrateUpdateSuccesses,h264DynamicBitrateUpdateFailures,h264EncoderReinitializations,pacingBudgetTargetBitrateKbps,h264VideoBudgetScale,pacingBurstGuardActive,fixedPacingRecentMaxQueueDelayMs,fixedPacingQueueReleaseStableSec,fixedPacingQueueRecovered,fixedPacingQueueReleaseEligible,adaptiveRepairBudgetUtilization,adaptiveRepairBorrowedRatio,adaptiveRepairSentBytesDelta,adaptiveRepairBorrowedBytesDelta,adaptiveRepairBudgetGuardActive,adaptiveRepairVideoBudgetPressure,adaptiveRetransmitUsefulRatio,adaptiveLateRepairWasteRatio,adaptiveRetransmitNotArrivedRatio,adaptiveRetransmitAccountingComplete,adaptiveLateRepairWastePressure,adaptiveRetransmitNotArrivedPressure,adaptiveRepairDecisionReason,h264AuChunkCount,h264AuIsIdr,h264AuIsDecoderSync,h264AuProtectionLevel,h264AuDroppedBeforeSend,h264AuDropReason,h264AuDroppedBytes,h264AuDroppedChunks,h264AuPacingQueueDelayMs,h264AuEstimatedSendMs,h264InputGatedByPacing,h264InputGateReason,h264InputGateQueueDelayMs,h264InputGateVideoCreditBytes,h264InputGateFrameBudgetBytes,h264InputGateDurationMs,h264InputGateConsecutiveFrames,h264InputGateSkippedInputFrames,h264InputGateForcedOpen,h264InputGateReleaseReason,fecProtectedH264KeyFrames,fecProtectedH264LargeFrames,h264EncoderDelayFrames,h264EncoderDelayMs,h264EncoderPendingFrames,h264EncodedInputFrameId,h264EncoderCallMs,h264EncoderSampleCreateMs,h264EncoderProcessInputMs,h264EncoderPreInputPollMs,h264EncoderPostInputWaitMs,h264EncoderProcessOutputMs,h264EncoderOutputCopyMs,h264EncoderProcessOutputAttempts,h264EncoderAsyncEventCount,h264EncoderHardware,h264EncoderAsync,h264EncoderNeedInputSignaled,h264EncoderOutputProduced,h264EncoderOutputProducedBeforeInput,h264SubmittedNewInput,h264AsyncSubmittedWithoutOutput,h264AsyncPendingNoOutput,h264AsyncCadenceHoldActive,h264AsyncPendingNoOutputStreak,h264AsyncCadenceScale,h264AsyncCadenceHoldRemainingMs,h264AsyncOutputPollBackoffMs,h264InputCadenceFps,h264NeedInputSubmitWake,h264NeedInputSubmitLeadMs,encodedCameraFrameId,encodedCameraSourceTimestamp100ns,encodedCameraCaptureCompletedTimeUs,encodedCameraFrameAgeMs,encodedCameraReadSampleMs,encodedCameraReadSampleEndToCaptureMs,encodedCameraCaptureToPublishMs,encodedCameraPublishToAcquireMs,encodedCameraAcquireToEncoderInputMs,jpegEncodeMs,packetizeMs,sendFrameIntervalMs,cameraFrameReady,cameraFrameId,cameraSourceTimestamp100ns,cameraReadSampleStartTimeUs,cameraReadSampleEndTimeUs,cameraCaptureCompletedTimeUs,cameraFramePublishedTimeUs,cameraSenderAcquireTimeUs,cameraReadSampleMs,cameraReadSampleEndToCaptureMs,cameraCaptureToPublishMs,cameraPublishToAcquireMs,cameraAcquireToSendMs,cameraFrameAgeMs,cameraFrameCacheUsed,receiveJpegDecodeMs,receiveDecodeWorkerFps,receiveDecodeWorkerFrames,receiveDecodePopSuccesses,receiveDecodePopEmptyPolls,receiveDecodeLoopLastPopGapMs,receiveDecodeLoopMaxPopGapMs,receiveStartupDecodeLoopMaxPopGapMs,receiveSteadyDecodeLoopMaxPopGapMs,receiveSteadyDecodeLoopMaxPopGapAtMs,receiveSteadyDecodeLoopMaxPopGapFrameId,receiveSteadyDecodeLoopMaxPopGapStreamId,receiveSteadyDecodeLoopMaxPopGapCodec,receiveSteadyDecodeLoopMaxPopGapInputFrameAgeMs,receiveSteadyDecodeLoopMaxPopGapDecodedQueueSize,receiveSteadyDecodeLoopMaxPopGapCompletedQueueSize,receiveSteadyDecodeLoopMaxPopGapCompletedQueuePopAgeMs,receiveSteadyDecodeLoopMaxPopGapCompletedQueuePushIntervalMs,receiveSteadyDecodeLoopMaxPopGapArrivalRatio,receiveSteadyDecodeLoopMaxPopGapReceiverJitterMs,receiveSteadyDecodeLoopMaxPopGapReceiverLatencyMs,receiveSteadyDecodeLoopMaxPopGapClass,receiveSteadyDecodeLoopMaxPopGapAgeMs,receiveH264StartupActive,receiveH264StartupDecoderSynced,receiveH264StartupFirstDecoded,receiveH264StartupFirstDisplayed,receiveH264StartupReady,receiveH264StartupElapsedMs,receiveH264StartupDecoderSyncMs,receiveH264StartupFirstDecodedMs,receiveH264StartupFirstDisplayedMs,receiveH264StartupReadyMs,receiveH264StartupQueueFlushFrames,receiveDecodeOverwrittenFrames,receiveDecodeQueueDroppedFrames,receiveDecodeRenderOverwriteFrames,receiveDecodeFailures,receiveFreshnessDroppedFrames,receiveFreshnessDroppedFramesDelta,receiveFreshnessDropClass,receiveFreshnessDropEvidence,receiveLastFreshnessDropAgeMs,receiveMaxFreshnessDropAgeMs,receiveLastFreshnessDropFrameId,receiveLastFreshnessDropStreamId,receiveLastFreshnessDropCodec,receiveH264AuInvalidFrames,receiveH264AuCrcMismatches,receiveH264AuPayloadSizeMismatches,receiveH264AuNalCountMismatches,receiveH264AuNoAnnexBNals,receiveH264AuIdrFlagMismatches,receiveH264AuSpsPpsFlagMismatches,receiveH264AuSyncWithoutIdr,receiveH264AuIdrWithoutSpsPps,receiveH264AuForbiddenZeroBit,receiveH264AuLastInvalidReason,receiveDecodeInputFrameAgeMs,receiveDecodeInputCameraFrameAgeMs,receiveDecodeInputEncoderOutputAgeMs,receiveLatestDecodedFrameAgeMs,receiveLatestDecodedCameraFrameAgeMs,receiveLatestDecodedEncoderOutputAgeMs,receiveFreshnessDropThresholdMs,receiveDecodeLastDropReason,receiveUploadBufferWaitMs,receiveDisplayFrameId,receiveDisplayCameraFrameAgeMs,receiveDisplayEncoderOutputAgeMs,receiveDisplayDecodedFrameAgeMs,textureUploadMs,presentGpuWaitMs,renderFramePacingWaitMs,waitableSwapChainWaitMs,presentMs,presentSyncInterval,lowLatencyPresentMode,waitableSwapChainPacingEnabled,waitableSwapChainAvailable,swapChainBufferCount,adaptiveInputPacketLossRate,adaptiveInputReceiveFps,adaptiveInputDecodeFps,adaptiveInputJitterMs,adaptiveInputDisplayFps,adaptiveQoeScore,adaptiveDegradationCause,adaptiveArrivalGapJitterSpikeActive,adaptiveFecRecoveryWorking,adaptiveFecGuardActive,adaptiveFecRecoveryEfficiency,adaptiveFecParityPacketDelta,adaptiveFecRecoveredFrameDelta,adaptiveFecRecoveredChunkDelta,simEnabled,simLossRate,simDuplicateRate,simReorderRate,simMinDelayMs,simMaxDelayMs,simBurstLossLength,simSubmittedPackets,simSentPackets,simDroppedPackets,simDuplicatedPackets,simReorderedPackets
0.030,Custom_loss6_delay0-100_dup0_reorder6_burst0,Loopback,1,1,0,,,0.000,0,21,0,0.000,0.000,0.000,0.000,0.000,0.000,0.000,0.000,0.000,0.000,0,0,0,0,0,0,0,0,0,0,0,0,0,0,0,0,0,0,0,5.000,1,0,0,0,0,0,0,0,0,0,0,0,0,0,0,0.000,0.000,0.000,,0,0,3,0,0,0.000,0.000,0.000,0.000,0.000,0.000,0,0,0,0,0,0,0,0,0,0,,,,0,0,0,0,0,0,0,0,0,0,0,0,0,0,0,0,0,0,0,0.000,0,0,0,0,0,0,0.000,0.000,0.000,0,0,0,0,0,0,0,0,0.000,0.000,0.000,0.000,0.000,0.000,0.000,0.000,0.000,,0,0,0,0,0,0,0,0,0,0,0,0,0,,,0,0.000,0,0,0,0,0,0,0,0,0,0,0,0,0,0,0,0,0,0,balanced,0,0.000,0.000,0.000,0,0,0,0,0,0,0,0,0,0,0,0,1,9500000,1200000,0,0,0,0,0,0,0,0,0,0,0,0,0,0,0,0.000,0.000,3750.000,4800.000,0,0,0,0,0,0,0.000,0.000,0.000,0,6000000,0,0.000,0.000,0.000,0.000,0,0,0,0,0,0,0,0,0,0,0,0,0,1,0,4,0,0,0,0,0,0,0,0,,disabled,,0,0,0,0,,1,Fixed Quality,Hybrid,85,30,9500,12000,640,360,,0,0,0,0,0,0,0.000,0.000,,0,0,0.000,0.000,0.000,0.000,0.000,0,0,0,0,0,0,0,0,1.000,0,0.000,0.000,1,0,0.000,0.000,0,0,0,0,0.000,0.000,0.000,0,0,0,disabled,0,0,0,,0,,0,0,0.000,0.000,0,,0.000,0.000,0.000,0.000,0,0,0,,0,0,0,0.000,0,0,0.000,0.000,0.000,0.000,0.000,0.000,0.000,0,0,0,0,0,0,0,0,0,0,0,0,1.000,0.000,0.000,0,0,0.000,0,0,0,0.000,0.000,0.000,0.000,0.000,0.000,0.000,0.000,0.000,0,0,0,0,0,0,0,0,0.000,0.000,0.000,0.000,0.000,0.000,0,0.000,0.000,0,0,3,0.000,0.000,0.000,0.000,0.000,0,0,,0.000,0,0,0.000,0.000,0.000,0.000,0.000,,-1.000,1,0,0,0,0,30.152,0.000,0.000,0.000,0.000,0,0,0,0,0,0,0,,,0.000,0.000,0,0,,0,0,0,0,0,0,0,0,0,0,,0.000,0.000,0.000,0.000,0.000,0.000,120.000,,0.000,0,0.000,0.000,0.000,0.000,0.000,0.000,0.000,0.000,1,0,0,1,3,0.000,0.000,0.000,0.000,0.000,0.000,None,0,0,0,0.000,0,0,0,1,0.060,0.000,0.060,0,100,0,0,0,0,0,0
1.031,Custom_loss6_delay0-100_dup0_reorder6_burst0,Loopback,1,1,0,,,0.000,0,21,20,12.643,10.825,10.811,111.697,86.206,0.000,0.000,35.834,0.176,0.182,379,81,398,317,59,28,7,22,14,8,2,0,320,18,4,0,0,0,0,5.000,1,0,0,0,0,0,0,0,0,0,0,0,0,0,0,0.000,0.000,0.000,,16,16,96,0,1,42.161,134.722,43.260,134.962,0.000,0.000,15,15,204,26,2,0,42,53,22,1,fec-recovered,pending,H.264,1,1,26,15,11,3,2,2,6,33,1,0,420,24,460,4,0,0,0,60.705,6,7,8,3,8,0,58.689,17.882,38.729,0,0,21,5,26,0,8,0,0.462,0.538,0.808,1.000,0.000,40.000,0.333,0.667,0.000,duplicate-guard,0,0,0,0,0,0,42,411,0,0,0,0,411,predicted-useful,,75,0.538,10,26,0,0,0,0,0,0,0,0,0,6,102,6,102,0,0,0,jitter-ack-loss,0,0.745,2.490,110.490,0,0,0,0,0,0,0,0,102,45,57,1,1,9500000,1200000,2,0,2,464,462,557783,26,32344,1,1244,0,0,0,0,0,17.159,34.071,475.875,3688.200,26,753,355,236,398,162,0.399,46.699,0.000,26,8979417,13879436,1.248,0.000,0.536,18.903,753,42,14,411,42,0,0,2,2,4,2,0,0,1,0,4,68,53,53,0,0,0,0,0,,disabled,,0,0,0,0,,1,Fixed Quality,Hybrid,85,30,9500,12000,640,360,H.264,480,270,518400,30264,518400,30264,0.058,0.000,,0,0,0.000,2.391,0.000,0.000,0.082,7250,7250,7250,0,0,0,1,9500,1.000,0,20.234,0.000,0,0,0.000,0.000,0,0,0,0,0.231,0.577,0.192,1,0,0,disabled,26,1,1,decoder-sync-observed,0,,0,0,27.352,25.485,0,,0.000,0.000,0.000,0.000,0,0,0,,0,0,0,5.689,0,23,0.081,0.000,0.000,0.081,0.000,0.044,0.007,1,1,1,1,0,1,1,0,0,0,1,0,0.860,109.239,0.000,26,0,0.000,0,0,0,0.000,0.000,0.000,0.000,0.000,0.000,0.000,2.270,9.690,0,0,0,0,0,0,0,0,0.000,0.000,0.000,0.000,0.000,0.000,0,0.111,10.937,15,16,96,43.159,135.779,19.927,135.779,747.574,12,1,H.264,112.201,0,0,134.722,134.962,0.994,23.630,111.132,arrival-gap-jitter-spike,283.268,0,1,1,1,1,1030.842,322.138,326.417,326.974,326.974,0,0,0,0,0,0,0,,,0.000,0.000,0,0,,0,0,0,0,0,0,0,0,0,0,,104.350,0.000,107.034,0.000,0.000,0.000,140.849,,0.001,20,0.000,110.700,3.853,0.086,0.290,0.001,0.000,0.290,1,0,0,1,3,0.180,12.643,10.825,35.834,10.811,1.000,Jitter,1,1,0,0.000,2,1,1,1,0.060,0.000,0.060,0,100,0,463,385,28,0,33
2.032,Custom_loss6_delay0-100_dup0_reorder6_burst0,Loopback,1,1,0,,,0.000,0,21,48,21.296,13.588,13.425,100.894,96.221,65.615,65.615,12.098,0.089,0.268,1113,109,1069,960,174,98,22,51,34,17,3,0,963,41,15,0,0,0,0,5.000,1,0,0,0,0,0,0,0,0,0,0,0,0,0,0,0.000,0.000,0.000,,33,33,192,0,1,58.708,134.722,59.542,134.962,0.000,0.000,31,30,584,58,7,0,111,169,49,1,fec-recovered,pending,H.264,1,1,22,14,8,3,1,1,5,14,0,0,1169,8,0,0,0,0,0,58.007,14,22,17,10,17,0,54.692,25.649,76.581,0,0,53,5,58,0,19,2,0.389,0.611,0.914,1.000,0.095,44.000,0.364,0.636,0.000,duplicate-guard,0,0,0,0,0,0,111,1028,0,0,0,0,1028,predicted-useful,,195,0.000,21,58,0,0,0,0,0,0,0,0,0,16,226,16,226,0,0,0,pacing,1,0.655,6.399,114.399,0,0,0,0,0,0,0,0,226,128,153,1,1,9500000,1200000,0,0,0,1221,1221,1487102,58,71932,1,1244,0,0,0,0,0,0.102,34.071,16737.500,1082.100,64,2180,1111,545,1069,524,0.329,11.552,1.807,64,4872337,7528043,1.541,0.000,0.465,8.401,2180,111,35,1028,111,0,0,7,7,13,7,0,0,1,0,4,203,169,169,0,0,0,0,0,,disabled,,0,0,0,0,,1,Fixed Quality,Hybrid,85,30,9500,12000,640,360,H.264,480,270,518400,0,518400,26096,0.050,0.000,,0,0,0.000,5.278,0.000,4.564,0.673,6750,6250,6250,2,2,0,1,9500,0.923,1,14.094,0.000,0,0,0.000,0.000,0,0,0,0,1.000,0.000,0.000,1,0,0,latency-pressure-freshness-hold,0,0,0,async-output-pending,0,,0,0,0.000,0.000,0,,0.000,0.000,0.000,0.000,0,0,0,,0,0,0,0.000,1,0,0.665,0.194,0.470,0.000,0.000,0.000,0.000,0,0,1,1,1,0,0,1,1,0,1,0,0.860,102.780,0.000,26,0,0.000,0,0,0,0.000,0.000,0.000,0.000,0.000,0.000,0.000,0.000,34.192,0,0,0,0,0,0,0,0,0.000,0.000,0.000,0.000,0.000,0.000,0,0.136,13.587,31,33,192,59.620,135.779,19.927,135.779,747.574,12,1,H.264,112.201,0,0,134.722,134.962,0.994,23.630,111.132,arrival-gap-jitter-spike,1284.490,0,1,1,1,1,2032.064,322.138,326.417,326.974,326.974,0,0,1,0,0,1,1,latency-pressure freshness,latency-over-80ms,145.452,145.452,27,1,H.264,0,0,0,0,0,0,0,0,0,0,,96.067,0.000,98.345,4.694,0.000,109.407,130.447,stale-after-h264-decode,0.001,47,0.000,100.241,3.850,0.078,0.736,0.514,0.000,0.223,1,0,0,1,3,0.089,21.296,13.588,12.098,13.425,3.000,FrameFreshness,1,1,0,1.000,1,1,1,1,0.060,0.000,0.060,0,100,0,1223,1116,75,0,78
3.038,Custom_loss6_delay0-100_dup0_reorder6_burst0,Loopback,1,1,0,,,0.000,0,21,75,24.379,24.362,24.357,95.780,96.233,21.240,43.427,16.488,0.079,0.205,1885,161,1792,1631,282,149,27,103,74,29,3,0,1634,66,17,0,0,0,0,5.000,1,0,0,0,0,0,0,0,0,0,0,0,0,0,0,0.000,0.000,0.000,,58,58,283,0,1,23.595,134.722,24.531,134.962,0.000,0.000,56,56,961,95,9,0,184,285,77,1,nack-sent,pending,H.264,1,1,23,18,5,3,3,2,5,18,1,0,2046,9,2046,9,0,0,0,68.522,22,27,29,22,29,0,57.069,30.272,104.482,0,0,78,10,88,0,32,3,0.449,0.551,0.886,1.000,0.086,45.000,0.200,0.800,0.000,duplicate-guard,0,0,0,0,0,0,184,1553,0,0,0,0,1553,predicted-useful,,317,0.174,31,88,0,3,0,0,0,0,0,0,0,27,356,27,356,0,0,0,pacing,1,0.674,6.764,114.764,0,0,0,0,0,0,0,0,359,214,252,0,1,9500000,1200000,22,0,22,2069,2046,2505044,88,109252,4,4976,0,0,0,0,0,0.308,34.071,20428.875,4350.300,105,3649,1865,917,1784,867,0.330,27.721,2.231,105,5225611,8861708,1.089,-44.375,0.524,16.767,3649,182,60,1547,182,0,0,9,9,16,9,0,0,1,0,4,339,285,285,0,0,0,0,0,,disabled,,0,0,0,0,,1,Fixed Quality,Hybrid,85,30,9500,12000,640,360,H.264,480,270,518400,27136,518400,27136,0.052,0.000,,0,0,0.000,2.242,0.000,0.000,0.063,7250,6500,6500,3,3,0,1,9500,1.000,0,0.793,0.000,0,0,0.000,0.000,0,0,0,0,1.000,0.000,0.000,1,0,0,disabled,23,1,1,decoder-sync-observed,0,,0,0,0.134,22.851,0,,0.000,0.000,0.000,0.000,0,0,0,,0,0,0,5.645,0,79,0.063,0.000,0.000,0.062,0.000,0.042,0.006,1,1,1,1,0,1,1,0,0,0,0,0,1.000,0.000,0.000,30,0,0.000,0,0,0,0.000,0.000,0.000,0.000,0.000,0.000,0.000,2.135,9.604,0,0,0,0,0,0,0,0,0.000,0.000,0.000,0.000,0.000,0.000,0,0.091,24.362,56,58,283,24.531,135.779,19.927,135.779,747.574,12,1,H.264,112.201,0,0,134.722,134.962,0.994,23.630,111.132,arrival-gap-jitter-spike,2291.084,0,1,1,1,1,3038.658,322.138,326.417,326.974,326.974,0,0,1,0,0,1,0,,,145.452,145.452,27,1,H.264,0,0,0,0,0,0,0,0,0,0,,96.249,0.000,98.949,0.000,0.000,0.000,127.890,stale-after-h264-decode,0.001,75,0.000,104.020,4.935,0.076,0.649,0.433,0.000,0.216,1,0,0,1,3,0.079,24.379,24.362,16.488,24.357,3.000,FrameFreshness,0,1,0,2.000,1,2,2,1,0.060,0.000,0.060,0,100,0,2050,1896,114,0,112
4.038,Custom_loss6_delay0-100_dup0_reorder6_burst0,Loopback,1,1,0,,,0.000,0,21,106,21.303,19.524,19.539,88.412,99.241,7.975,31.610,1.136,0.073,0.207,2758,218,2608,2390,415,220,46,146,105,41,3,0,2393,92,24,0,0,0,0,5.000,1,0,0,0,0,0,0,0,0,0,0,0,0,0,0,0.000,0.000,0.000,,81,81,378,0,1,47.091,134.722,48.077,134.962,0.000,0.000,79,79,1401,133,13,0,270,414,106,1,retransmit-late-after-completed,completed,H.264,1,1,24,24,0,0,0,3,0,0,0,0,2933,0,2933,0,2933,0,1,103.008,32,46,41,34,41,0,57.847,27.255,104.482,0,0,119,11,130,0,42,5,0.410,0.590,0.915,1.000,0.106,35.000,0.200,0.800,0.250,retransmit-late,0,0,0,0,0,0,270,2210,0,0,0,0,2210,predicted-useful,,456,0.417,45,130,0,3,0,0,0,0,0,0,0,41,549,41,549,0,0,0,pacing,1,0.678,6.074,114.074,0,0,0,0,0,0,0,0,552,310,364,0,1,9500000,1200000,11,0,11,2995,2984,3658278,130,161500,6,7464,0,0,0,0,0,0.602,34.071,429.875,4800.000,153,5350,2749,1275,2601,1326,0.317,27.583,4.617,153,6207105,10339727,1.361,-13.265,0.463,23.035,5350,270,86,2210,270,0,0,13,13,22,13,0,0,1,0,4,493,414,414,0,0,0,0,0,,disabled,,0,0,0,0,,1,Fixed Quality,Hybrid,85,30,9500,12000,640,360,H.264,480,270,518400,28176,518400,28176,0.054,0.000,,0,0,0.000,1.935,0.000,0.000,0.061,7250,6750,6750,4,4,0,1,9500,1.000,0,16.181,0.000,0,0,0.000,0.000,0,0,0,0,0.250,0.750,0.000,1,0,0,disabled,24,1,1,decoder-sync-observed,0,,0,0,17.897,23.727,0,,0.000,0.000,0.000,0.000,0,0,0,,0,0,0,5.563,0,109,0.061,0.000,0.000,0.061,0.000,0.042,0.005,1,1,1,1,0,1,1,0,0,0,0,0,1.000,0.000,0.000,30,0,0.000,0,0,0,0.000,0.000,0.000,0.000,0.000,0.000,0.000,1.841,10.103,0,0,0,0,0,0,0,0,0.000,0.000,0.000,0.000,0.000,0.000,0,0.106,19.524,79,81,378,48.653,135.779,19.927,135.779,747.574,12,1,H.264,112.201,0,0,134.722,134.962,0.994,23.630,111.132,arrival-gap-jitter-spike,3290.872,0,1,1,1,1,4038.446,322.138,326.417,326.974,326.974,0,0,1,0,0,1,0,,,145.452,145.452,27,1,H.264,0,0,0,0,0,0,0,0,0,0,,99.925,0.000,102.871,0.000,0.000,0.000,124.206,stale-after-h264-decode,0.001,106,0.000,105.861,2.836,0.082,0.681,0.447,0.000,0.234,1,0,0,1,3,0.074,21.303,19.524,1.136,19.539,3.000,FrameFreshness,0,1,0,2.000,1,2,2,1,0.060,0.000,0.060,0,100,0,2988,2764,173,0,156
5.045,Custom_loss6_delay0-100_dup0_reorder6_burst0,Loopback,1,1,0,,,0.000,0,21,135,23.973,21.981,19.082,68.194,100.425,7.975,31.610,6.723,0.069,0.196,3561,262,3365,3103,530,281,55,191,137,54,3,0,3106,119,29,0,0,0,0,5.000,0,0,0,0,0,0,0,0,0,0,0,0,0,0,0,0.000,0.000,0.000,,106,106,472,0,1,34.791,134.722,34.990,134.962,0.000,0.000,104,102,1790,173,16,0,345,528,136,1,nack-sent,pending,H.264,1,1,22,17,5,3,3,2,2,13,0,0,3772,14,0,0,0,0,0,69.578,41,55,54,47,54,0,59.583,26.219,104.482,0,0,150,12,162,0,57,5,0.427,0.573,0.926,1.000,0.081,45.000,0.333,0.667,0.000,duplicate-guard,0,0,0,0,0,0,345,2843,0,0,0,0,2843,predicted-useful,,584,0.273,55,162,0,3,0,0,0,0,0,0,0,51,706,51,706,0,0,0,pacing,1,0.819,10.214,118.214,0,0,0,0,0,0,0,0,709,398,464,1,1,9500000,1200000,9,0,9,3840,3831,4696474,162,201308,10,12440,0,0,0,0,0,0.694,34.071,897.750,2225.400,196,6903,3547,1646,3356,1710,0.317,25.265,4.131,196,3623774,7152201,2.795,-13.265,0.490,18.834,6903,345,112,2843,345,0,0,16,16,27,16,0,0,1,0,4,632,528,528,0,0,0,0,0,,disabled,,0,0,0,0,,1,Fixed Quality,Hybrid,85,30,9500,12000,640,360,H.264,480,270,518400,26096,518400,26096,0.050,0.000,,0,0,0.000,1.804,0.000,0.000,0.064,6000,6250,6250,5,5,0,1,9500,0.820,1,8.416,0.000,0,0,0.000,0.000,0,0,0,0,0.253,0.673,0.074,1,0,0,latency-pressure-freshness-hold,22,1,1,decoder-sync-observed,0,,0,0,0.106,21.976,0,,0.000,0.000,0.000,0.000,0,0,0,,0,0,0,4.463,0,138,0.064,0.000,0.000,0.064,0.000,0.042,0.006,1,1,1,1,0,1,1,0,0,0,0,0,1.000,0.000,0.000,27,0,0.000,0,0,0,0.000,0.000,0.000,0.000,0.000,0.000,0.000,1.711,8.813,0,0,0,0,0,0,0,0,0.000,0.000,0.000,0.000,0.000,0.000,0,0.111,21.981,104,106,472,35.314,135.779,19.927,135.779,747.574,12,1,H.264,112.201,0,0,134.722,134.962,0.994,23.630,111.132,arrival-gap-jitter-spike,4297.920,0,1,1,1,1,5045.494,322.138,326.417,326.974,326.974,0,0,3,0,0,3,2,cadence-limited freshness,input-cadence-or-video-budget,132.267,150.498,129,1,decoded,0,0,0,0,0,0,0,0,0,0,,92.620,0.000,94.637,0.000,0.000,0.000,120.000,stale-before-upload,0.001,135,0.000,95.550,3.655,0.080,0.741,0.537,0.000,0.204,1,0,0,1,3,0.069,23.973,21.981,6.723,19.082,3.000,FrameFreshness,0,1,0,0.000,0,1,1,1,0.060,0.000,0.060,0,100,0,3836,3568,224,0,198
6.047,Custom_loss6_delay0-100_dup0_reorder6_burst0,Loopback,1,1,0,,,0.000,0,21,162,19.442,19.433,18.958,92.221,101.021,47.890,35.680,20.784,0.065,0.200,4290,300,4033,3733,644,352,61,225,160,65,6,0,3736,140,35,0,0,0,0,5.000,0,0,0,0,0,0,0,0,0,0,0,0,0,0,0,0.000,0.000,0.000,,127,127,563,0,1,29.621,142.990,30.650,144.178,0.000,0.000,125,123,2170,205,22,0,419,642,163,1,fec-parity,pending,H.264,1,1,22,6,16,2,0,1,0,16,0,0,4545,3,0,0,0,0,0,48.149,49,61,65,58,65,0,61.129,27.534,110.012,0,0,175,11,186,0,73,5,0.445,0.555,0.941,1.000,0.064,45.000,0.250,0.750,0.000,duplicate-guard,0,0,0,0,0,0,419,3353,0,0,0,0,3353,predicted-useful,,704,0.727,63,186,0,3,0,0,0,0,0,0,0,59,809,59,809,0,0,0,pacing,1,0.741,8.720,116.720,0,0,0,0,0,0,0,0,812,487,563,0,1,9500000,1200000,0,0,0,4592,4592,5636232,186,231164,10,12440,0,0,0,0,0,18.027,34.071,11284.062,4800.000,236,8307,4275,1909,4032,2123,0.309,33.446,0.000,236,4145661,7114290,1.627,39.915,0.509,23.141,8307,419,133,3353,419,0,0,22,22,37,22,0,0,1,0,4,772,642,642,0,0,0,0,0,,disabled,,0,0,0,0,,1,Fixed Quality,Hybrid,85,30,9500,12000,640,360,H.264,480,270,518400,26096,518400,26096,0.050,0.000,,0,0,0.000,2.069,0.000,0.000,0.073,6500,6250,6250,5,5,0,1,9500,0.905,1,18.027,0.000,0,0,0.000,0.000,0,0,0,0,0.263,0.677,0.059,1,0,0,fixed-pacing-queue-hold,22,1,1,decoder-sync-observed,0,,0,0,19.062,21.976,0,,0.000,0.000,0.000,0.000,0,0,0,,0,0,0,5.664,0,164,0.073,0.000,0.000,0.072,0.000,0.050,0.007,1,1,1,1,0,1,1,0,0,0,0,0,1.000,0.000,0.000,24,0,0.000,0,0,0,0.000,0.000,0.000,0.000,0.000,0.000,0.000,1.966,30.528,0,0,0,0,0,0,0,0,0.000,0.000,0.000,0.000,0.000,0.000,0,0.088,19.433,125,127,563,31.052,144.160,19.927,144.160,5579.518,149,1,H.264,134.475,0,0,142.990,144.178,1.000,100.135,133.301,arrival-gap-jitter-spike,467.457,0,1,1,1,1,6046.975,322.138,326.417,326.974,326.974,0,0,3,0,0,3,0,,,132.267,150.498,129,1,decoded,0,0,0,0,0,0,0,0,0,0,,102.147,0.000,104.836,0.000,0.000,0.000,126.111,stale-before-upload,0.001,162,0.000,108.558,3.618,0.078,0.646,0.316,0.000,0.330,1,0,0,1,3,0.066,19.442,19.433,20.784,18.958,3.000,FrameFreshness,1,1,0,0.000,2,1,1,1,0.060,0.000,0.060,0,100,0,4598,4303,267,0,249
7.052,Custom_loss6_delay0-100_dup0_reorder6_burst0,Loopback,1,1,0,,,0.000,0,21,189,17.953,17.947,17.794,103.155,101.315,21.646,32.873,21.612,0.068,0.206,5057,369,4762,4393,742,409,70,255,180,75,8,0,4396,162,42,0,0,0,0,5.000,0,0,0,0,0,0,0,0,0,0,0,0,0,0,0,0.000,0.000,0.000,,147,147,657,0,1,32.992,142.990,34.088,144.178,0.000,0.000,145,143,2555,237,27,0,495,753,190,1,nack-sent,pending,H.264,1,1,23,18,5,3,2,3,9,34,0,0,5358,12,0,0,0,0,0,82.219,54,70,75,68,75,0,60.050,27.144,110.012,0,0,199,17,216,0,78,6,0.435,0.565,0.921,1.000,0.071,40.000,0.286,0.714,1.000,retransmit-late,0,0,0,0,0,0,495,3953,0,0,0,0,3953,predicted-useful,,828,0.696,73,216,0,3,0,0,0,0,0,0,0,69,929,69,929,0,0,0,pacing,1,0.694,9.354,117.354,0,0,0,0,0,0,0,0,932,578,666,0,1,9500000,1200000,0,0,0,5429,5429,6666876,216,268484,10,12440,0,0,0,0,0,14.525,34.071,5900.500,1081.800,279,9799,5042,2259,4757,2498,0.309,11.357,0.205,279,4829483,8231462,0.925,26.683,0.522,10.740,9799,494,155,3948,494,0,0,27,27,45,27,0,0,1,0,4,919,753,753,0,0,0,0,0,,disabled,,0,0,0,0,,1,Fixed Quality,Hybrid,85,30,9500,12000,640,360,H.264,480,270,518400,27138,518400,27138,0.052,0.000,,0,0,0.000,2.086,0.000,0.000,0.087,7250,6500,6500,6,6,0,1,9500,1.000,0,14.525,0.000,0,0,3.497,0.000,3732,0,0,0,0.000,0.000,1.000,1,0,0,disabled,23,1,1,decoder-sync-observed,0,,0,0,17.763,22.853,0,,0.000,0.000,0.000,0.000,0,0,0,,0,0,0,6.086,0,192,0.086,0.000,0.000,0.086,0.000,0.065,0.007,1,1,1,1,0,1,1,0,0,0,0,0,1.000,0.000,0.000,30,0,0.000,0,0,0,0.000,0.000,0.000,0.000,0.000,0.000,0.000,1.971,22.514,0,0,0,0,0,0,0,0,0.000,0.000,0.000,0.000,0.000,0.000,0,0.096,17.947,145,147,657,34.021,144.160,19.927,144.160,5579.518,149,1,H.264,134.475,0,0,142.990,144.178,1.000,100.135,133.301,arrival-gap-jitter-spike,1472.876,0,1,1,1,1,7052.394,322.138,326.417,326.974,326.974,0,0,3,0,0,3,0,,,132.267,150.498,129,1,decoded,0,0,0,0,0,0,0,0,0,0,,103.400,0.000,106.171,0.000,0.000,0.000,131.577,stale-before-upload,0.001,189,0.000,110.830,4.511,0.075,0.709,0.447,0.000,0.262,1,0,0,1,3,0.068,17.953,17.947,21.612,17.794,3.000,FrameFreshness,1,1,0,0.000,2,1,1,1,0.060,0.000,0.060,0,100,0,5436,5070,320,0,290
8.059,Custom_loss6_delay0-100_dup0_reorder6_burst0,Loopback,1,1,0,,,0.000,0,21,219,21.703,21.702,20.861,108.786,101.835,77.300,40.278,14.191,0.067,0.218,5933,425,5596,5171,873,475,91,297,214,83,10,0,5174,183,51,0,0,0,0,5.000,0,0,0,0,0,0,0,0,0,0,0,0,0,0,0,0.000,0.000,0.000,,168,168,750,0,1,30.876,142.990,31.886,144.178,0.000,0.000,166,164,2984,266,36,0,581,872,220,1,fec-recovered,pending,H.264,1,1,24,19,5,4,2,3,7,25,0,0,6298,21,0,0,0,0,0,83.582,66,91,83,76,83,0,60.481,25.898,110.012,0,0,240,15,255,0,89,9,0.420,0.580,0.941,1.000,0.092,40.000,0.182,0.818,0.667,retransmit-late,0,0,0,0,0,0,581,4726,0,0,0,0,4726,predicted-useful,,963,0.542,86,255,0,3,0,0,0,0,0,0,0,82,1126,82,1126,0,0,0,pacing,1,0.786,10.145,118.145,0,0,0,0,0,0,0,0,1129,676,779,0,1,9500000,1200000,0,0,0,6362,6362,7811504,255,317000,10,12440,0,0,0,0,0,11.319,34.071,895.375,4800.000,328,11517,5921,2686,5596,2910,0.312,8.169,0.832,328,7110127,11297643,0.767,32.477,0.498,6.334,11517,581,176,4726,581,0,0,36,36,64,36,0,0,1,0,4,1072,872,872,0,0,0,0,0,,disabled,,0,0,0,0,,1,Fixed Quality,Hybrid,85,30,9500,12000,640,360,H.264,480,270,518400,0,518400,28178,0.054,0.000,,0,0,0.000,5.330,0.000,4.668,0.623,7250,6750,6750,7,7,0,1,9500,1.000,0,11.319,0.000,0,0,0.000,0.000,0,0,0,0,0.000,1.000,0.000,1,0,0,disabled,0,0,0,async-output-pending,0,,0,0,0.000,0.000,0,,0.000,0.000,0.000,0.000,0,0,0,,0,0,0,0.000,1,0,0.616,0.181,0.433,0.000,0.000,0.000,0.000,0,0,1,1,1,0,0,1,1,0,1,0,0.860,167.140,0.000,26,0,0.000,0,0,0,0.000,0.000,0.000,0.000,0.000,0.000,0.000,0.000,13.693,0,0,0,0,0,0,0,0,0.000,0.000,0.000,0.000,0.000,0.000,0,0.088,21.702,166,168,750,32.234,144.160,19.927,144.160,5579.518,149,1,H.264,134.475,0,0,142.990,144.178,1.000,100.135,133.301,arrival-gap-jitter-spike,2479.881,0,1,1,1,1,8059.399,322.138,326.417,326.974,326.974,0,0,3,0,0,3,0,,,132.267,150.498,129,1,decoded,0,0,0,0,0,0,0,0,0,0,,108.150,0.000,110.983,0.000,0.000,0.000,134.393,stale-before-upload,0.001,219,0.000,116.278,5.159,0.075,0.700,0.484,0.000,0.216,1,0,0,1,3,0.067,21.703,21.702,14.191,20.861,1.000,RecoveryDeadline,0,1,0,1.000,1,1,1,1,0.060,0.000,0.060,0,100,0,6370,5943,383,0,354
9.060,Custom_loss6_delay0-100_dup0_reorder6_burst0,Loopback,1,1,0,,,0.000,0,21,247,27.502,23.506,23.653,91.528,101.975,43.128,40.685,24.318,0.064,0.208,6652,456,6249,5793,985,532,107,336,245,91,10,0,5796,209,55,0,0,0,0,5.000,0,0,0,0,0,0,0,0,0,0,0,0,0,0,0,0.000,0.000,0.000,,191,191,844,0,1,59.689,142.990,60.679,144.178,0.000,0.000,188,185,3345,300,37,0,646,977,247,1,completed,completed,H.264,1,1,22,22,0,4,4,2,5,15,0,0,7062,14,0,0,0,0,0,83.546,77,107,91,84,91,0,60.521,26.811,110.012,0,0,275,18,293,0,101,9,0.418,0.582,0.939,1.000,0.082,45.000,0.273,0.727,0.000,duplicate-guard,0,0,0,0,0,0,646,5205,0,0,0,0,5205,predicted-useful,,1073,0.000,98,293,0,3,0,0,0,0,0,0,0,94,1297,94,1297,0,0,0,pacing,1,0.710,3.092,111.092,0,0,0,0,0,0,0,0,1300,747,864,0,1,9500000,1200000,4,0,4,7123,7119,8743942,293,364272,15,18660,0,0,0,0,0,5.641,34.071,1121.375,4800.000,368,12885,6643,2948,6242,3294,0.307,30.193,0.081,368,4479150,7428534,0.925,19.147,0.457,13.358,12885,646,200,5205,646,0,0,37,37,65,37,0,0,1,0,4,1201,977,977,0,0,0,0,0,,disabled,,0,0,0,0,,1,Fixed Quality,Hybrid,85,30,9500,12000,640,360,H.264,480,270,518400,26094,518400,26094,0.050,0.000,,0,0,0.000,1.968,0.000,0.000,0.089,6000,6250,6250,8,8,0,1,9500,0.820,1,9.558,0.000,0,0,0.000,0.000,0,0,0,0,0.263,0.676,0.061,1,0,0,latency-pressure-freshness-hold,22,1,1,decoder-sync-observed,0,,0,0,13.132,21.974,0,,0.000,0.000,0.000,0.000,0,0,0,,0,0,0,11.834,0,249,0.089,0.000,0.000,0.089,0.000,0.061,0.010,1,1,1,1,0,1,1,0,0,0,1,0,0.860,72.983,0.000,26,0,0.000,0,0,0,0.000,0.000,0.000,0.000,0.000,0.000,0.000,1.834,15.969,0,0,0,0,0,0,0,0,0.000,0.000,0.000,0.000,0.000,0.000,0,0.124,23.506,188,191,844,60.706,144.160,19.927,144.160,5579.518,149,1,H.264,134.475,0,0,142.990,144.178,1.000,100.135,133.301,arrival-gap-jitter-spike,3480.820,0,1,1,1,1,9060.338,322.138,326.417,326.974,326.974,0,0,4,0,0,4,1,latency-pressure freshness,latency-over-80ms,150.201,150.498,225,1,H.264,0,0,0,0,0,0,0,0,0,0,,98.739,0.000,101.258,4.923,0.000,100.178,125.764,stale-before-decode,0.001,245,0.000,108.822,5.829,0.089,0.344,0.003,0.000,0.341,1,0,0,1,3,0.063,27.502,23.506,24.318,23.653,3.000,FrameFreshness,0,1,0,1.000,2,2,2,1,0.060,0.000,0.060,0,100,0,7128,6666,416,0,408
10.066,Custom_loss6_delay0-100_dup0_reorder6_burst0,Loopback,1,1,0,,,0.000,0,21,272,23.790,21.803,21.477,90.222,102.115,52.853,42.206,25.853,0.063,0.199,7373,496,6922,6426,1098,590,121,377,282,95,10,0,6429,233,58,0,0,0,0,5.000,0,0,0,0,0,0,0,0,0,0,0,0,0,0,0,0.000,0.000,0.000,,214,214,934,0,1,15.179,142.990,16.182,144.178,0.000,0.000,211,209,3704,328,39,0,712,1087,273,1,fec-recovered,pending,H.264,1,1,23,18,5,3,2,2,6,20,0,0,7824,10,0,0,0,0,0,76.663,87,121,95,88,95,0,60.732,26.272,110.012,0,0,303,20,323,0,110,9,0.418,0.582,0.938,1.000,0.076,45.000,0.455,0.545,0.000,duplicate-guard,0,0,0,0,0,0,712,5679,0,0,0,0,5679,predicted-useful,,1190,0.348,108,323,0,3,0,0,0,0,0,0,0,104,1433,104,1433,0,0,0,pacing,1,0.748,11.673,119.673,0,0,0,0,0,0,0,0,1436,824,953,1,1,9500000,1200000,3,0,3,7891,7888,9692582,323,401592,15,18660,0,0,0,0,0,7.402,34.071,1002.812,4800.000,408,14268,7352,3207,6916,3709,0.304,19.413,0.101,408,5276338,8484207,0.558,17.263,0.514,15.382,14268,712,224,5679,712,0,0,39,39,69,39,0,0,1,0,4,1330,1087,1087,0,0,0,0,0,,disabled,,0,0,0,0,,1,Fixed Quality,Hybrid,85,30,9500,12000,640,360,H.264,480,270,518400,27136,518400,27136,0.052,0.000,,0,0,0.000,2.210,0.000,0.000,0.074,7250,6500,6500,9,9,0,1,9500,1.000,0,14.345,0.000,0,0,0.000,0.000,0,0,0,0,0.269,0.669,0.062,1,0,0,disabled,23,1,1,decoder-sync-observed,0,,0,0,18.122,22.851,0,,0.000,0.000,0.000,0.000,0,0,0,,0,0,0,10.050,0,275,0.074,0.000,0.000,0.073,0.000,0.051,0.007,1,1,1,1,0,1,1,0,0,0,0,0,1.000,0.000,0.000,30,0,0.000,0,0,0,0.000,0.000,0.000,0.000,0.000,0.000,0.000,2.103,13.989,0,0,0,0,0,0,0,0,0.000,0.000,0.000,0.000,0.000,0.000,0,0.098,21.803,211,214,934,16.468,144.160,19.927,144.160,5579.518,149,1,H.264,134.475,0,0,142.990,144.178,1.000,100.135,133.301,arrival-gap-jitter-spike,4486.990,0,1,1,1,1,10066.508,322.138,326.417,326.974,326.974,0,0,4,0,0,4,0,,,150.201,150.498,225,1,H.264,0,0,0,0,0,0,0,0,0,0,,104.780,0.000,107.676,0.000,0.000,0.000,125.111,stale-before-decode,0.001,272,0.000,111.940,4.119,0.076,0.703,0.480,0.000,0.223,1,0,0,1,3,0.063,23.790,21.803,25.853,21.477,3.000,FrameFreshness,0,1,0,0.333,3,1,1,1,0.060,0.000,0.060,0,100,0,7898,7386,461,0,452
11.073,Custom_loss6_delay0-100_dup0_reorder6_burst0,Loopback,1,1,0,,,0.000,0,21,299,15.024,15.026,16.659,96.407,102.562,8.182,38.425,46.064,0.064,0.207,8113,559,7641,7082,1189,645,127,405,306,99,12,0,7085,253,66,0,0,0,0,5.000,0,0,0,0,0,0,0,0,0,0,0,0,0,0,0,0.000,0.000,0.000,,233,233,1032,0,1,19.560,174.301,20.494,175.723,0.000,0.000,230,227,4050,352,46,0,789,1189,301,1,retransmit-duplicate,pending,H.264,1,1,23,5,18,1,0,0,0,0,0,1,8672,4,8672,4,8672,4,1,34.540,88,127,99,92,99,0,61.064,26.204,110.012,0,0,314,26,340,0,112,9,0.409,0.591,0.924,1.000,0.074,45.000,0.000,1.000,0.000,duplicate-guard,0,0,0,0,0,0,789,6304,0,0,0,0,6304,predicted-useful,,1312,0.174,113,340,0,3,0,0,0,0,0,0,0,109,1509,109,1509,0,0,0,pacing,1,0.793,7.713,115.713,0,0,0,0,0,0,0,0,1512,920,1056,1,1,9500000,1200000,0,0,0,8662,8662,10644660,340,422740,17,21148,0,0,0,0,0,18.272,34.071,8000.625,2263.650,448,15742,8108,3536,7634,4098,0.304,37.292,0.000,448,5079503,8105430,0.930,4.876,0.476,11.799,15742,789,244,6304,789,0,0,46,46,80,46,0,0,1,0,4,1459,1189,1189,0,0,0,0,0,,disabled,,0,0,0,0,,1,Fixed Quality,Hybrid,85,30,9500,12000,640,360,H.264,480,270,518400,0,518400,27136,0.052,0.000,,0,0,0.000,5.314,0.000,4.636,0.638,7000,6500,6500,9,9,0,1,9500,0.958,1,18.272,0.000,0,0,0.000,0.000,0,0,0,0,0.259,0.662,0.079,1,0,0,fixed-pacing-queue-hold,0,0,0,async-output-pending,0,,0,0,0.000,0.000,0,,0.000,0.000,0.000,0.000,0,0,0,,0,0,0,0.000,1,0,0.631,0.189,0.441,0.000,0.000,0.000,0.000,0,0,1,1,1,0,0,1,1,0,1,0,0.860,134.331,0.000,24,0,0.000,0,0,0,0.000,0.000,0.000,0.000,0.000,0.000,0.000,0.000,10.058,0,0,0,0,0,0,0,0,0.000,0.000,0.000,0.000,0.000,0.000,0,0.095,15.026,230,233,1032,20.597,175.368,19.927,175.368,10651.630,288,1,H.264,118.447,0,0,174.301,175.723,1.002,136.152,117.369,arrival-gap-jitter-spike,422.015,0,1,1,1,1,11073.645,322.138,326.417,326.974,326.974,0,0,5,0,0,5,1,latency-pressure freshness,latency-over-80ms,143.812,150.498,275,1,decoded,0,0,0,0,0,0,0,0,0,0,,105.258,0.000,108.043,0.000,0.000,0.000,133.203,stale-before-upload,0.001,299,0.000,114.434,6.394,0.074,0.812,0.514,0.000,0.298,1,0,0,1,3,0.064,15.024,15.026,46.064,16.659,3.000,FrameFreshness,1,1,0,2.000,1,2,2,1,0.060,0.000,0.060,0,100,0,8673,8132,513,0,511
12.077,Custom_loss6_delay0-100_dup0_reorder6_burst0,Loopback,1,1,0,,,0.000,0,21,325,23.100,22.245,18.937,94.734,102.870,8.182,38.425,0.113,0.063,0.201,8765,585,8238,7653,1263,682,135,433,332,101,13,0,7656,278,70,0,0,0,0,5.000,0,0,0,0,0,0,0,0,0,0,0,0,0,0,0,0.000,0.000,0.000,,255,255,1124,0,1,42.489,174.301,43.403,175.723,0.000,0.000,251,247,4351,379,47,0,858,1273,326,1,nack-sent,pending,H.264,1,1,21,19,2,4,2,3,5,18,0,0,9293,9,0,0,0,0,0,84.432,91,135,101,94,101,0,61.180,26.384,110.012,0,0,327,25,352,0,115,9,0.403,0.597,0.929,1.000,0.073,43.000,0.000,1.000,0.000,insufficient-sample,0,0,0,0,0,0,858,6798,0,0,0,0,6798,predicted-useful,,1428,0.571,117,352,0,3,0,0,0,0,0,0,0,113,1548,113,1548,0,0,0,pacing,1,0.642,7.320,115.320,0,0,0,0,0,0,0,0,1551,1007,1149,1,1,9500000,1200000,0,0,0,9353,9353,11498349,352,437668,17,21148,0,0,0,0,0,7.999,34.071,1546.375,3850.350,483,16971,8746,3841,8225,4384,0.305,17.601,1.302,483,5563936,8281388,1.355,4.876,0.473,10.124,16971,857,268,6796,857,0,0,47,47,82,47,0,0,1,0,4,1568,1273,1273,0,0,0,0,0,,disabled,,0,0,0,0,,1,Fixed Quality,Hybrid,85,30,9500,12000,640,360,H.264,480,270,518400,25054,518400,25054,0.048,0.000,,0,0,0.000,1.928,0.000,0.000,0.097,6000,6000,6000,10,10,0,1,9500,0.820,1,7.999,0.000,0,0,0.000,0.000,0,0,0,0,0.259,0.670,0.071,1,0,0,latency-pressure-freshness-hold,21,1,1,decoder-sync-observed,0,,0,0,0.143,21.098,0,,0.000,0.000,0.000,0.000,0,0,0,,0,0,0,7.362,0,328,0.096,0.000,0.000,0.096,0.000,0.067,0.008,1,1,1,1,0,1,1,0,0,0,0,0,1.000,0.000,0.000,27,0,0.000,0,0,0,0.000,0.000,0.000,0.000,0.000,0.000,0.000,1.780,14.131,0,0,0,0,0,0,0,0,0.000,0.000,0.000,0.000,0.000,0.000,0,0.138,22.247,251,255,1124,43.439,175.368,19.927,175.368,10651.630,288,1,H.264,118.447,0,0,174.301,175.723,1.002,136.152,117.369,arrival-gap-jitter-spike,1425.759,0,1,1,1,1,12077.389,322.138,326.417,326.974,326.974,0,0,7,0,0,7,2,latency-pressure freshness,latency-over-80ms,148.255,150.923,305,1,H.264,0,0,0,0,0,0,0,0,0,0,,99.841,0.000,102.222,0.000,0.000,0.000,127.367,stale-before-decode,0.001,325,0.000,108.796,6.467,0.095,0.316,0.001,0.000,0.315,1,0,0,1,3,0.063,23.100,22.245,0.113,18.937,3.000,FrameFreshness,1,1,0,0.000,2,1,1,1,0.060,0.000,0.060,0,100,0,9365,8786,545,0,555
13.081,Custom_loss6_delay0-100_dup0_reorder6_burst0,Loopback,1,1,0,,,0.000,0,21,350,21.198,19.965,19.152,96.448,102.460,66.360,41.219,154.474,0.064,0.212,9432,648,8879,8231,1366,741,147,461,352,109,17,0,8235,294,79,0,0,0,0,5.000,0,0,0,0,0,0,0,0,0,0,0,0,0,0,0,0.000,0.000,0.000,,271,271,1216,0,1,200.456,200.456,201.647,201.647,0.000,0.000,267,263,4676,403,57,0,925,1366,353,1,nack-sent,pending,H.264,1,1,22,11,11,2,1,1,0,11,0,0,10039,0,0,0,0,0,0,46.021,95,147,109,102,109,0,60.510,26.903,110.012,1,0,352,29,381,0,125,9,0.393,0.607,0.924,1.000,0.067,45.000,0.000,1.000,0.000,duplicate-guard,0,0,0,0,0,0,925,7255,0,0,0,0,7255,predicted-useful,,1533,0.500,127,381,0,4,0,0,0,0,0,0,0,123,1674,123,1674,0,0,0,pacing,1,0.764,12.591,120.591,0,0,0,0,0,0,0,0,1678,1085,1239,1,1,9500000,1200000,1,0,1,10082,10081,12399671,381,473744,17,21148,0,0,0,0,0,8.307,34.071,813.875,4800.000,520,18281,9417,4126,8864,4738,0.305,21.373,2.595,520,5081370,7792085,1.835,15.537,0.475,14.808,18281,925,284,7255,925,0,0,56,56,98,56,0,0,1,0,4,1683,1366,1366,0,0,0,0,0,,disabled,,0,0,0,0,,1,Fixed Quality,Hybrid,85,30,9500,12000,640,360,H.264,480,270,518400,26094,518400,26094,0.050,0.000,,0,0,0.000,1.902,0.000,0.000,0.082,7250,6250,6250,11,11,0,1,9500,1.000,0,13.970,0.000,0,0,0.000,0.000,0,0,0,0,0.249,0.675,0.076,1,0,0,disabled,22,1,1,decoder-sync-observed,0,,0,0,17.559,21.974,0,,0.000,0.000,0.000,0.000,0,0,0,,0,0,0,10.418,0,354,0.081,0.000,0.000,0.081,0.000,0.059,0.006,1,1,1,1,0,1,1,0,0,0,1,0,0.860,179.996,0.000,26,0,0.000,0,0,0,0.000,0.000,0.000,0.000,0.000,0.000,0.000,1.787,10.240,0,0,0,0,0,0,0,0,0.000,0.000,0.000,0.000,0.000,0.000,0,0.111,19.963,267,271,1216,201.719,201.719,19.927,201.719,13011.963,350,1,H.264,97.720,0,0,200.456,201.647,1.000,154.474,96.448,arrival-gap-jitter-spike,69.001,0,1,1,1,1,13080.964,322.138,326.417,326.974,326.974,0,0,7,0,0,7,0,,,148.255,150.923,305,1,H.264,0,0,0,0,0,0,0,0,0,0,,98.710,0.000,101.403,0.000,0.000,0.000,133.224,stale-before-decode,0.001,350,0.000,104.617,3.059,0.076,0.551,0.317,0.000,0.234,1,0,0,1,3,0.064,21.198,19.965,154.474,19.152,3.000,FrameFreshness,1,1,0,0.000,3,1,1,1,0.060,0.000,0.060,0,100,0,10094,9453,590,0,600
14.087,Custom_loss6_delay0-100_dup0_reorder6_burst0,Loopback,1,1,0,,,0.000,0,21,380,21.715,19.358,19.719,103.821,102.661,2.193,37.671,8.768,0.064,0.212,10225,695,9626,8931,1484,810,160,496,384,112,18,0,8934,319,86,0,0,0,0,5.000,0,0,0,0,0,0,0,0,0,0,0,0,0,0,0,0.000,0.000,0.000,,294,294,1314,0,1,53.874,200.456,54.818,201.647,0.000,0.000,290,285,5080,431,62,0,1007,1486,382,1,fec-recovered,pending,H.264,1,1,23,10,13,1,1,0,0,0,1,0,10910,21,10919,1,0,0,0,35.846,108,160,112,105,112,0,61.224,27.183,110.012,1,0,381,29,410,0,133,10,0.403,0.597,0.929,1.000,0.070,39.000,0.000,1.000,0.000,insufficient-sample,0,0,0,0,0,0,1007,7954,0,0,0,0,7954,predicted-useful,,1666,0.000,136,410,0,4,0,0,0,0,0,0,0,132,1795,132,1795,0,0,0,pacing,1,0.726,8.897,116.897,0,0,0,0,0,0,0,0,1799,1180,1345,0,1,9500000,1200000,10,0,10,10936,10926,13442025,410,509820,18,22392,0,0,0,0,0,0.547,34.071,1221.938,2422.200,562,19824,10207,4505,9617,5112,0.306,27.464,6.599,562,5366550,8527732,2.572,-0.404,0.498,11.249,19824,1007,309,7954,1007,0,0,61,61,110,61,0,0,1,0,4,1826,1486,1486,0,0,0,0,0,,disabled,,0,0,0,0,,1,Fixed Quality,Hybrid,85,30,9500,12000,640,360,H.264,480,270,518400,27136,518400,27136,0.052,0.000,,0,0,0.000,1.942,0.000,0.000,0.069,7250,6500,6500,12,12,0,1,9500,1.000,0,11.070,0.000,0,0,0.000,0.000,0,0,0,0,1.000,0.000,0.000,1,0,0,disabled,23,1,1,decoder-sync-observed,0,,0,0,0.066,22.851,0,,0.000,0.000,0.000,0.000,0,0,0,,0,0,0,5.532,0,383,0.068,0.000,0.000,0.068,0.000,0.045,0.007,1,1,1,1,0,1,1,0,0,0,0,0,1.000,0.000,0.000,30,0,0.000,0,0,0,0.000,0.000,0.000,0.000,0.000,0.000,0.000,1.846,9.942,0,0,0,0,0,0,0,0,0.000,0.000,0.000,0.000,0.000,0.000,0,0.086,19.357,290,294,1314,54.997,201.719,19.927,201.719,13011.963,350,1,H.264,97.720,0,0,200.456,201.647,1.000,154.474,96.448,arrival-gap-jitter-spike,1074.994,0,1,1,1,1,14086.957,322.138,326.417,326.974,326.974,0,0,7,0,0,7,0,,,148.255,150.923,305,1,H.264,0,0,0,0,0,0,0,0,0,0,,102.614,0.000,105.547,4.202,0.000,112.085,131.911,stale-before-decode,0.001,379,0.000,110.892,5.765,0.073,0.495,0.277,0.000,0.218,1,0,0,1,3,0.064,21.715,19.358,8.768,19.719,3.000,FrameFreshness,1,1,0,2.000,1,2,2,1,0.060,0.000,0.060,0,100,0,10940,10244,647,0,643
15.091,Custom_loss6_delay0-100_dup0_reorder6_burst0,Loopback,1,1,0,,,0.000,0,21,409,21.836,20.880,19.853,100.883,102.665,50.498,38.740,24.149,0.064,0.214,11071,758,10426,9668,1614,879,173,540,418,122,22,0,9671,341,93,0,0,0,0,5.000,0,0,0,0,0,0,0,0,0,0,0,0,0,0,0,0.000,0.000,0.000,,316,316,1406,0,1,20.603,200.456,21.646,201.647,0.000,0.000,312,308,5505,463,69,0,1090,1610,409,1,retransmit-late-after-completed,completed,H.264,1,1,24,24,0,0,0,3,0,0,1,0,11745,0,11745,0,11745,0,1,108.765,121,173,122,115,122,0,60.610,28.002,110.012,1,0,417,29,446,0,144,12,0.412,0.588,0.935,1.000,0.077,44.000,0.000,1.000,1.000,insufficient-sample,0,0,0,0,0,0,1090,8641,0,0,0,0,8641,predicted-useful,,1799,0.000,148,446,0,4,0,0,0,0,0,0,0,144,1951,144,1951,0,0,0,pacing,1,0.687,5.627,113.627,0,0,0,0,0,0,0,0,1955,1278,1457,0,1,9500000,1200000,0,0,0,11826,11826,14547349,446,554604,18,22392,0,0,0,0,0,14.892,34.071,2249.125,4800.000,609,21492,11066,4883,10426,5543,0.306,47.357,0.000,609,6458223,10330856,1.494,48.305,0.486,21.136,21492,1090,331,8641,1090,0,0,68,68,125,68,0,0,1,0,4,1979,1610,1610,0,0,0,0,0,,disabled,,0,0,0,0,,1,Fixed Quality,Hybrid,85,30,9500,12000,640,360,H.264,480,270,518400,28178,518400,28178,0.054,0.000,,0,0,0.000,1.956,0.000,0.000,0.079,7250,6750,6750,13,13,0,1,9500,1.000,0,14.892,0.000,0,0,0.000,0.000,0,0,0,0,0.000,1.000,0.000,1,0,0,disabled,24,1,1,decoder-sync-observed,0,,0,0,18.355,23.729,0,,0.000,0.000,0.000,0.000,0,0,0,,0,0,0,3.177,0,412,0.079,0.000,0.000,0.078,0.000,0.049,0.011,1,1,1,1,0,1,1,0,0,0,0,0,1.000,0.000,0.000,30,0,0.000,0,0,0,0.000,0.000,0.000,0.000,0.000,0.000,0.000,1.841,17.015,0,0,0,0,0,0,0,0,0.000,0.000,0.000,0.000,0.000,0.000,0,0.098,20.880,312,316,1406,21.712,201.719,19.927,201.719,13011.963,350,1,H.264,97.720,0,0,200.456,201.647,1.000,154.474,96.448,arrival-gap-jitter-spike,2079.485,0,1,1,1,1,15091.448,322.138,326.417,326.974,326.974,0,0,7,0,0,7,0,,,148.255,150.923,305,1,H.264,0,0,0,0,0,0,0,0,0,0,,108.962,0.000,111.847,0.000,0.000,0.000,130.441,stale-before-decode,0.001,409,0.000,116.994,4.980,0.095,0.287,0.001,0.000,0.287,1,0,0,1,3,0.064,21.836,20.880,24.149,19.853,3.000,FrameFreshness,0,1,0,0.000,0,1,1,1,0.060,0.000,0.060,0,100,0,11841,11091,700,0,687
16.094,Custom_loss6_delay0-100_dup0_reorder6_burst0,Loopback,1,1,0,,,0.000,0,21,438,28.287,28.291,24.901,81.363,102.645,100.764,43.511,27.573,0.063,0.210,11899,796,11193,10397,1723,953,182,566,438,128,22,0,10400,366,97,0,0,0,0,5.000,0,0,0,0,0,0,0,0,0,0,0,0,0,0,0,0.000,0.000,0.000,,341,341,1499,0,1,6.741,200.456,7.779,201.647,0.000,0.000,337,333,5886,494,73,0,1169,1727,440,1,fec-parity,pending,H.264,1,1,24,3,21,1,0,0,0,0,0,0,12690,20,0,0,0,0,0,13.430,125,182,128,121,128,0,61.100,28.339,110.012,1,0,436,28,464,0,151,12,0.407,0.593,0.940,1.000,0.074,44.000,0.500,0.500,0.000,insufficient-sample,0,0,0,0,0,0,1169,9275,0,0,0,0,9275,predicted-useful,,1931,0.458,154,464,0,4,0,0,0,0,0,0,0,150,2031,150,2031,0,0,0,pacing,1,0.682,8.977,116.977,0,0,0,0,0,0,0,0,2035,1379,1566,0,1,9500000,1200000,0,0,0,12684,12684,15598617,464,576996,18,22392,0,0,0,0,0,17.541,34.071,8234.125,4800.000,654,23076,11889,5238,11187,5949,0.306,6.191,1.248,654,6384516,10097672,1.490,48.697,0.450,9.645,23076,1169,356,9275,1169,0,0,72,72,129,72,0,0,1,0,4,2116,1727,1727,0,0,0,0,0,,disabled,,0,0,0,0,,1,Fixed Quality,Hybrid,85,30,9500,12000,640,360,H.264,480,270,518400,0,518400,28178,0.054,0.000,,0,0,0.000,4.701,0.000,4.031,0.631,7250,6750,6750,13,13,0,1,9500,1.000,0,17.541,0.000,0,0,0.000,0.000,0,0,0,0,0.269,0.670,0.060,1,0,0,disabled,0,0,0,async-output-pending,0,,0,0,0.000,0.000,0,,0.000,0.000,0.000,0.000,0,0,0,,0,0,0,0.000,1,0,0.624,0.157,0.466,0.000,0.000,0.000,0.000,0,0,1,1,1,0,0,1,1,0,1,0,0.860,97.522,0.000,26,0,0.000,0,0,0,0.000,0.000,0.000,0.000,0.000,0.000,0.000,0.000,9.973,0,0,0,0,0,0,0,0,0.000,0.000,0.000,0.000,0.000,0.000,0,0.086,28.291,337,341,1499,7.719,201.719,19.927,201.719,13011.963,350,1,H.264,97.720,0,0,200.456,201.647,1.000,154.474,96.448,arrival-gap-jitter-spike,3082.595,0,1,1,1,1,16094.558,322.138,326.417,326.974,326.974,0,0,7,0,0,7,0,,,148.255,150.923,305,1,H.264,0,0,0,0,0,0,0,0,0,0,,98.576,0.000,101.446,0.000,0.000,0.000,120.681,stale-before-decode,0.001,438,0.000,105.752,4.171,0.073,0.681,0.435,0.000,0.246,1,0,0,1,3,0.062,28.287,28.291,27.573,24.901,3.000,FrameFreshness,0,1,0,0.000,2,3,3,1,0.060,0.000,0.060,0,100,0,12700,11925,742,0,733
17.096,Custom_loss6_delay0-100_dup0_reorder6_burst0,Loopback,1,1,0,,,0.000,0,21,466,22.749,21.667,21.063,96.356,102.487,89.944,46.828,0.603,0.064,0.211,12669,861,11934,11073,1824,1001,191,608,472,136,24,0,11077,390,104,0,0,0,0,5.000,0,0,0,0,0,0,0,0,0,0,0,0,0,0,0,0.000,0.000,0.000,,362,362,1590,0,1,42.399,200.456,43.355,201.647,0.000,0.000,358,352,6249,526,77,0,1237,1838,466,1,retransmit-late-after-completed,completed,H.264,1,1,22,22,0,0,0,2,0,0,1,0,13478,4,13478,4,13478,4,1,107.692,135,191,136,127,136,0,60.996,28.130,110.012,1,0,463,34,497,0,159,13,0.414,0.586,0.932,1.000,0.076,45.000,0.444,0.556,0.000,duplicate-guard,0,0,0,0,0,0,1237,9845,0,0,0,0,9845,predicted-useful,,2049,0.909,165,497,0,5,0,0,0,0,0,0,0,160,2187,160,2187,0,0,0,pacing,1,0.774,7.381,115.381,0,0,0,0,0,0,0,0,2192,1462,1662,1,1,9500000,1200000,0,0,0,13522,13522,16627207,497,618048,21,26124,0,0,0,0,0,13.145,34.071,5536.562,1140.000,698,24592,12662,5625,11930,6305,0.308,3.301,0.833,698,6588847,9478943,1.107,36.794,0.502,15.011,24592,1237,378,9845,1237,0,0,76,76,135,76,0,0,1,0,4,2245,1838,1838,0,0,0,0,0,,disabled,,0,0,0,0,,1,Fixed Quality,Hybrid,85,30,9500,12000,640,360,H.264,480,270,518400,26096,518400,26096,0.050,0.000,,0,0,0.000,2.185,0.000,0.000,0.069,6250,6250,6250,14,14,0,1,9500,0.880,1,13.145,0.000,0,0,3.396,0.000,3732,0,0,0,0.000,0.333,0.667,1,0,0,latency-pressure-freshness-hold,22,1,1,decoder-sync-observed,0,,0,0,10.295,21.976,0,,0.000,0.000,0.000,0.000,0,0,0,,0,0,0,4.743,0,469,0.068,0.000,0.000,0.068,0.000,0.047,0.006,1,1,1,1,0,1,1,0,0,0,0,0,1.000,0.000,0.000,27,0,0.000,0,0,0,0.000,0.000,0.000,0.000,0.000,0.000,0.000,2.084,9.785,0,0,0,0,0,0,0,0,0.000,0.000,0.000,0.000,0.000,0.000,0,0.096,21.667,358,362,1590,43.344,201.719,19.927,201.719,13011.963,350,1,H.264,97.720,0,0,200.456,201.647,1.000,154.474,96.448,arrival-gap-jitter-spike,4084.358,0,1,1,1,1,17096.321,322.138,326.417,326.974,326.974,0,0,9,0,0,9,2,latency-pressure freshness,latency-over-80ms,123.936,150.923,458,1,decoded,0,0,0,0,0,0,0,0,0,0,,92.709,0.000,95.166,0.000,0.000,0.000,128.178,stale-before-upload,0.001,466,0.000,99.496,5.629,0.074,0.508,0.178,0.000,0.330,1,0,0,1,3,0.064,22.749,21.667,0.603,21.063,0.750,Loss,0,1,0,0.000,1,1,1,1,0.060,0.000,0.060,0,100,0,13539,12698,794,0,790
18.101,Custom_loss6_delay0-100_dup0_reorder6_burst0,Loopback,1,1,0,,,0.000,0,21,492,17.300,14.920,17.016,93.700,102.498,19.297,44.992,42.081,0.063,0.217,13440,905,12639,11734,1958,1081,219,633,490,143,25,0,11737,408,113,0,0,0,0,5.000,0,0,0,0,0,0,0,0,0,0,0,0,0,0,0,0.000,0.000,0.000,,379,379,1690,0,1,14.565,200.456,15.721,201.647,0.000,0.000,375,369,6647,551,86,0,1317,1943,493,1,retransmit-duplicate,pending,H.264,1,1,23,21,2,6,4,3,10,29,1,2,14267,2,14267,2,14267,2,1,116.238,148,219,143,134,143,0,61.525,27.227,110.012,2,0,512,41,553,0,171,19,0.403,0.597,0.926,1.000,0.100,30.000,0.333,0.667,0.250,retransmit-late,0,0,0,0,0,0,1317,10434,0,0,0,0,10434,predicted-useful,,2169,0.652,183,553,0,5,0,0,0,0,0,0,0,178,2419,178,2419,0,0,0,pacing,1,0.637,7.533,115.533,0,0,0,0,0,0,0,0,2424,1546,1766,1,1,9500000,1200000,0,0,0,14343,14343,17640429,553,687712,25,31100,0,0,0,0,0,10.046,34.071,460.188,2502.900,741,26071,13432,5910,12639,6729,0.306,3.556,1.065,741,6597741,10108577,0.880,15.306,0.492,13.493,26071,1317,396,10434,1317,0,0,84,84,150,84,0,0,1,0,4,2383,1943,1943,0,0,0,0,0,,disabled,,0,0,0,0,,1,Fixed Quality,Hybrid,85,30,9500,12000,640,360,H.264,480,270,518400,27136,518400,27136,0.052,0.000,,0,0,0.000,2.023,0.000,0.000,0.071,7250,6500,6500,15,15,0,1,9500,1.000,0,15.899,0.000,0,0,0.000,0.000,0,0,0,0,0.268,0.656,0.076,1,0,0,disabled,23,1,1,decoder-sync-observed,0,,0,0,21.181,22.851,0,,0.000,0.000,0.000,0.000,0,0,0,,0,0,0,5.811,0,496,0.071,0.000,0.000,0.071,0.000,0.049,0.007,1,1,1,1,0,1,1,0,0,0,0,0,1.000,0.000,0.000,30,0,0.000,0,0,0,0.000,0.000,0.000,0.000,0.000,0.000,0.000,1.920,10.108,0,0,0,0,0,0,0,0,0.000,0.000,0.000,0.000,0.000,0.000,0,0.094,14.920,375,379,1690,15.465,201.719,19.927,201.719,13011.963,350,1,H.264,97.720,0,0,200.456,201.647,1.000,154.474,96.448,arrival-gap-jitter-spike,5089.521,0,1,1,1,1,18101.484,322.138,326.417,326.974,326.974,0,0,9,0,0,9,0,,,123.936,150.923,458,1,decoded,0,0,0,0,0,0,0,0,0,0,,100.414,0.000,103.246,0.000,0.000,0.000,131.850,stale-before-upload,0.001,492,0.000,108.155,4.795,0.083,0.398,0.141,0.000,0.257,1,0,0,1,3,0.063,17.300,14.920,42.081,17.016,1.000,Jitter,0,1,0,0.000,2,2,2,1,0.060,0.000,0.060,0,100,0,14361,13471,843,0,823
19.108,Custom_loss6_delay0-100_dup0_reorder6_burst0,Loopback,1,1,0,,,0.000,0,21,523,25.299,21.802,20.540,107.604,102.570,33.147,44.252,1.796,0.062,0.217,14344,956,13479,12523,2126,1170,244,683,523,160,29,0,12526,433,120,0,0,0,0,5.000,0,0,0,0,0,0,0,0,0,0,0,0,0,0,0,0.000,0.000,0.000,,403,403,1788,0,1,36.738,200.456,37.731,201.647,0.000,0.000,399,393,7108,593,92,0,1406,2074,525,1,fec-recovered,pending,H.264,1,1,24,15,9,1,1,1,3,13,1,0,15274,0,15274,0,0,0,0,36.867,169,244,160,151,160,0,61.384,27.629,110.012,2,0,575,47,622,0,192,22,0.409,0.591,0.924,1.000,0.103,30.000,0.385,0.615,0.111,duplicate-guard,0,0,0,0,0,0,1406,11470,0,0,0,0,11470,predicted-useful,,2314,0.833,206,622,0,5,0,0,0,0,0,0,0,201,2756,201,2756,0,0,0,pacing,1,0.761,8.366,116.366,0,0,0,0,0,0,0,0,2761,1642,1887,0,1,9500000,1200000,0,0,0,15291,15291,18806101,622,773548,26,32344,0,0,0,0,0,17.787,34.071,8634.312,1081.500,791,27811,14334,6303,13477,7174,0.305,41.792,0.000,791,6451372,10251843,1.962,15.014,0.495,20.820,27811,1406,421,11470,1406,0,0,90,90,158,90,0,0,1,0,4,2530,2074,2074,0,0,0,0,0,,disabled,,0,0,0,0,,1,Fixed Quality,Hybrid,85,30,9500,12000,640,360,H.264,480,270,518400,0,518400,28178,0.054,0.000,,0,0,0.000,4.904,0.000,4.246,0.616,7250,6750,6750,16,16,0,1,9500,1.000,0,17.787,0.000,0,0,3.447,0.000,3732,0,0,0,0.333,0.000,0.667,1,0,0,disabled,0,0,0,async-output-pending,0,,0,0,0.000,0.000,0,,0.000,0.000,0.000,0.000,0,0,0,,0,0,0,0.000,1,0,0.608,0.187,0.420,0.000,0.000,0.000,0.000,0,0,1,1,1,0,0,1,1,0,0,0,1.000,0.000,0.000,30,0,0.000,0,0,0,0.000,0.000,0.000,0.000,0.000,0.000,0.000,0.000,22.318,0,0,0,0,0,0,0,0,0.000,0.000,0.000,0.000,0.000,0.000,0,0.088,21.802,399,403,1788,38.040,201.719,19.927,201.719,13011.963,350,1,H.264,97.720,0,0,200.456,201.647,1.000,154.474,96.448,arrival-gap-jitter-spike,6096.606,0,1,1,1,1,19108.569,322.138,326.417,326.974,326.974,0,0,9,0,0,9,0,,,123.936,150.923,458,1,decoded,0,0,0,0,0,0,0,0,0,0,,104.445,0.000,107.391,0.000,0.000,0.000,133.802,stale-before-upload,0.001,523,0.000,112.109,4.579,0.075,0.768,0.512,0.000,0.256,1,0,0,1,3,0.063,25.299,21.802,1.796,20.540,1.000,RecoveryDeadline,0,1,0,1.000,0,1,1,1,0.060,0.000,0.060,0,100,0,15310,14376,888,0,889
20.108,Custom_loss6_delay0-100_dup0_reorder6_burst0,Loopback,1,1,0,,,0.000,0,21,551,24.937,22.424,19.705,104.248,102.424,41.934,44.116,2.081,0.062,0.216,15108,994,14200,13206,2244,1236,259,720,549,171,29,0,13209,458,126,0,0,0,0,5.000,0,0,0,0,0,0,0,0,0,0,0,0,0,0,0,0.000,0.000,0.000,,425,425,1880,0,1,37.029,200.456,38.020,201.647,0.000,0.000,421,414,7507,629,95,0,1484,2189,553,1,fec-recovered,pending,H.264,1,1,22,16,6,1,1,1,2,9,0,0,16043,0,0,0,0,0,0,51.241,178,259,171,162,171,0,61.539,28.149,110.012,2,0,610,46,656,0,200,23,0.407,0.593,0.930,1.000,0.103,45.000,0.083,0.917,0.000,duplicate-guard,0,0,0,0,0,0,1484,12175,0,0,0,0,12175,predicted-useful,,2439,0.409,217,656,0,6,0,0,0,0,0,0,0,212,2913,212,2913,0,0,0,pacing,1,0.780,10.515,118.515,0,0,0,0,0,0,0,0,2919,1730,1988,1,1,9500000,1200000,0,0,0,16084,16084,19781828,656,815844,27,33588,0,0,0,0,0,17.852,34.071,9790.688,1247.950,830,29281,15088,6653,14193,7540,0.306,33.510,9.787,830,4526638,7612750,3.549,13.769,0.515,18.354,29281,1484,445,12175,1484,0,0,93,93,162,93,0,0,1,0,4,2673,2189,2189,0,0,0,0,0,,disabled,,0,0,0,0,,1,Fixed Quality,Hybrid,85,30,9500,12000,640,360,H.264,480,270,518400,0,518400,26096,0.050,0.000,,0,0,0.000,5.504,0.000,4.777,0.679,6500,6250,6250,17,17,0,1,9500,0.906,1,17.852,0.000,0,0,0.000,0.000,0,0,0,0,1.000,0.000,0.000,1,0,0,latency-pressure-freshness-hold,0,0,0,async-output-pending,0,,0,0,0.000,0.000,0,,0.000,0.000,0.000,0.000,0,0,0,,0,0,0,0.000,1,0,0.670,0.189,0.480,0.000,0.000,0.000,0.000,0,0,1,1,1,0,0,1,1,0,0,0,1.000,0.000,0.000,27,0,0.000,0,0,0,0.000,0.000,0.000,0.000,0.000,0.000,0.000,0.000,30.969,0,0,0,0,0,0,0,0,0.000,0.000,0.000,0.000,0.000,0.000,0,0.098,22.425,421,425,1880,38.044,201.719,19.927,201.719,13011.963,350,1,H.264,97.720,0,0,200.456,201.647,1.000,154.474,96.448,arrival-gap-jitter-spike,7096.593,0,1,1,1,1,20108.556,322.138,326.417,326.974,326.974,0,0,10,0,0,10,1,latency-pressure freshness,latency-over-80ms,131.185,150.923,533,1,decoded,0,0,0,0,0,0,0,0,0,0,,101.458,0.000,104.041,0.000,0.000,0.000,132.124,stale-before-upload,0.001,551,0.000,108.811,4.816,0.080,0.759,0.444,0.000,0.315,1,0,0,1,3,0.062,24.937,22.424,2.081,19.705,1.000,RecoveryDeadline,0,1,0,2.000,1,2,2,1,0.060,0.000,0.060,0,100,0,16104,15136,932,0,931
21.109,Custom_loss6_delay0-100_dup0_reorder6_burst0,Loopback,1,1,0,,,0.000,0,21,579,22.677,17.773,18.187,98.809,102.525,21.048,42.834,5.652,0.062,0.216,15864,1053,14921,13868,2348,1293,266,760,582,178,29,0,13871,480,132,0,0,0,0,5.000,0,0,0,0,0,0,0,0,0,0,0,0,0,0,0,0.000,0.000,0.000,,447,447,1969,0,1,37.317,200.456,38.445,201.647,0.000,0.000,443,436,7887,658,101,0,1558,2309,582,1,fec-parity,pending,H.264,1,1,23,1,22,2,0,0,0,0,0,0,16901,10,0,0,0,0,0,7.543,180,266,178,169,178,0,62.005,27.862,110.012,2,0,626,42,668,0,208,23,0.404,0.596,0.937,1.000,0.100,44.000,0.000,1.000,0.000,insufficient-sample,0,0,0,0,0,0,1558,12789,0,0,0,0,12789,predicted-useful,,2556,0.217,221,668,0,6,0,0,0,0,0,0,0,216,2972,216,2972,0,0,0,pacing,1,0.771,7.324,115.324,0,0,0,0,0,0,0,0,2978,1817,2081,0,1,9500000,1200000,0,0,0,16899,16899,20785740,668,830772,27,33588,0,0,0,0,0,17.173,34.071,5654.125,4800.000,873,30780,15859,6979,14921,7942,0.306,28.870,5.996,873,4876037,8279784,2.716,6.838,0.513,17.072,30780,1558,467,12789,1558,0,0,99,99,173,99,0,0,1,0,4,2815,2309,2309,0,0,0,0,0,,disabled,,0,0,0,0,,1,Fixed Quality,Hybrid,85,30,9500,12000,640,360,H.264,480,270,518400,0,518400,27138,0.052,0.000,,0,0,0.000,0.026,0.000,0.000,0.003,7250,6500,6500,18,18,0,1,9500,1.000,0,17.173,0.000,0,0,0.000,0.000,0,0,0,0,0.269,0.668,0.063,1,0,0,disabled,0,0,0,async-output-pending,0,,0,0,0.000,0.000,0,,0.000,0.000,0.000,0.000,0,0,0,,0,0,0,0.000,1,0,0.000,0.000,0.000,0.000,0.000,0.000,0.000,0,0,0,0,0,0,0,0,1,1,1,1,1.000,180.000,1.500,30,0,0.000,0,0,0,0.000,0.000,0.000,0.000,0.000,0.000,0.000,0.000,5.973,0,0,0,0,0,0,0,0,0.000,0.000,0.000,0.000,0.000,0.000,0,0.093,17.773,443,447,1969,38.289,201.719,19.927,201.719,13011.963,350,1,H.264,97.720,0,0,200.456,201.647,1.000,154.474,96.448,arrival-gap-jitter-spike,8096.890,0,1,1,1,1,21108.853,322.138,326.417,326.974,326.974,0,0,10,0,0,10,0,,,131.185,150.923,533,1,decoded,0,0,0,0,0,0,0,0,0,0,,103.962,0.000,106.755,0.000,0.000,0.000,129.404,stale-before-upload,0.001,579,0.000,113.184,6.286,0.081,0.645,0.336,0.000,0.309,1,0,0,1,3,0.062,22.677,17.773,5.652,18.187,3.000,FrameFreshness,0,1,0,1.000,1,1,1,1,0.060,0.000,0.060,0,100,0,16920,15897,978,0,992
22.116,Custom_loss6_delay0-100_dup0_reorder6_burst0,Loopback,1,1,0,,,0.000,0,21,608,24.406,22.358,21.111,94.450,102.629,42.556,42.819,12.886,0.061,0.210,16726,1089,15722,14633,2488,1366,278,815,627,188,29,0,14636,507,135,0,0,0,0,5.000,0,0,0,0,0,0,0,0,0,0,0,0,0,0,0,0.000,0.000,0.000,,473,473,2067,0,1,26.781,200.456,28.088,201.647,0.000,0.000,469,462,8307,695,103,0,1634,2439,611,1,fec-parity,pending,H.264,1,1,24,4,20,1,0,0,0,0,0,0,17804,14,0,0,0,0,0,7.384,194,278,188,179,188,0,62.052,27.957,110.012,2,0,662,45,707,0,225,24,0.411,0.589,0.936,1.000,0.096,45.000,0.200,0.800,0.000,duplicate-guard,0,0,0,0,0,0,1634,13382,0,0,0,0,13382,predicted-useful,,2686,0.000,234,707,0,6,0,0,0,0,0,0,0,229,3156,229,3156,0,0,0,pacing,1,0.700,4.320,112.320,0,0,0,0,0,0,0,0,3162,1904,2182,0,1,9500000,1200000,0,0,0,17798,17798,21889282,707,879288,27,33588,0,0,0,0,0,23.857,34.071,7753.188,4800.000,918,32419,16707,7304,15712,8408,0.304,30.353,0.000,918,7229943,11976008,0.371,9.772,0.485,21.034,32419,1634,494,13382,1634,0,0,101,101,177,101,0,0,1,0,4,2964,2439,2439,0,0,0,0,0,,disabled,,0,0,0,0,,1,Fixed Quality,Hybrid,85,30,9500,12000,640,360,H.264,480,270,518400,28178,518400,28178,0.054,0.000,,0,0,0.000,1.927,0.000,0.000,0.062,7250,6750,6750,19,19,0,1,9500,1.000,0,23.857,0.000,0,0,0.000,0.000,0,0,0,0,0.000,1.000,0.000,1,0,0,disabled,24,1,1,decoder-sync-observed,0,,0,0,15.193,23.729,0,,0.000,0.000,0.000,0.000,0,0,0,,0,0,0,2.541,0,611,0.061,0.000,0.000,0.061,0.000,0.038,0.009,1,1,1,1,0,1,1,0,0,0,0,0,1.000,0.000,0.000,30,0,0.000,0,0,0,0.000,0.000,0.000,0.000,0.000,0.000,0.000,1.839,25.898,0,0,0,0,0,0,0,0,0.000,0.000,0.000,0.000,0.000,0.000,0,0.088,22.358,469,473,2067,27.538,201.719,19.927,201.719,13011.963,350,1,H.264,97.720,0,0,200.456,201.647,1.000,154.474,96.448,arrival-gap-jitter-spike,9104.095,0,1,1,1,1,22116.058,322.138,326.417,326.974,326.974,0,0,10,0,0,10,0,,,131.185,150.923,533,1,decoded,0,0,0,0,0,0,0,0,0,0,,102.728,0.000,105.650,0.000,0.000,0.000,127.225,stale-before-upload,0.001,608,0.000,111.653,5.869,0.077,0.821,0.487,0.000,0.334,1,0,0,1,3,0.061,24.406,22.358,12.886,21.111,3.000,FrameFreshness,0,1,0,0.500,2,1,1,1,0.060,0.000,0.060,0,100,0,17820,16758,1016,0,1046
23.118,Custom_loss6_delay0-100_dup0_reorder6_burst0,Loopback,1,1,0,,,0.000,0,21,638,25.419,22.836,21.108,98.788,102.732,90.868,45.222,28.322,0.060,0.210,17594,1118,16504,15386,2608,1429,287,859,660,199,33,0,15389,531,141,0,0,0,0,5.000,0,0,0,0,0,0,0,0,0,0,0,0,0,0,0,0.000,0.000,0.000,,496,496,2157,0,1,66.371,200.456,67.663,201.647,0.000,0.000,492,485,8714,730,108,0,1721,2558,640,1,nack-sent,pending,H.264,1,1,24,9,15,1,1,1,0,15,0,0,18705,17,0,0,0,0,0,47.810,202,287,199,190,199,0,62.160,27.668,110.012,2,0,690,44,734,0,235,24,0.413,0.587,0.940,1.000,0.093,44.000,1.000,0.000,0.000,useful-stable,0,0,0,0,0,0,1721,14129,0,0,0,0,14129,predicted-useful,,2825,0.000,243,734,0,6,0,0,0,0,0,0,0,238,3294,238,3294,0,0,0,pacing,1,0.789,9.786,117.786,0,0,0,0,0,0,0,0,3300,2009,2298,1,1,9500000,1200000,3,0,3,18725,18722,23021482,734,912876,27,33588,0,0,0,0,0,7.363,34.071,195.875,4800.000,966,34089,17585,7621,16504,8883,0.302,31.186,0.000,966,6740747,10166960,0.609,17.480,0.462,11.815,34089,1721,518,14129,1721,0,0,106,106,186,106,0,0,1,0,4,3108,2558,2558,0,0,0,0,0,,disabled,,0,0,0,0,,1,Fixed Quality,Hybrid,85,30,9500,12000,640,360,H.264,480,270,518400,28178,518400,28178,0.054,0.000,,0,0,0.000,2.333,0.000,0.000,0.081,7250,6750,6750,19,19,0,1,9500,1.000,0,13.689,0.000,0,0,0.000,0.000,0,0,0,0,0.275,0.665,0.060,1,0,0,disabled,24,1,1,decoder-sync-observed,0,,0,0,19.100,23.729,0,,0.000,0.000,0.000,0.000,0,0,0,,0,0,0,9.539,0,641,0.081,0.000,0.000,0.080,0.000,0.055,0.010,1,1,1,1,0,1,1,0,0,0,0,0,1.000,0.000,0.000,30,0,0.000,0,0,0,0.000,0.000,0.000,0.000,0.000,0.000,0.000,2.215,14.262,0,0,0,0,0,0,0,0,0.000,0.000,0.000,0.000,0.000,0.000,0,0.096,22.836,492,496,2157,67.568,201.719,19.927,201.719,13011.963,350,1,H.264,97.720,0,0,200.456,201.647,1.000,154.474,96.448,arrival-gap-jitter-spike,10105.800,0,1,1,1,1,23117.763,322.138,326.417,326.974,326.974,0,0,10,0,0,10,0,,,131.185,150.923,533,1,decoded,0,0,0,0,0,0,0,0,0,0,,102.782,0.000,105.672,0.000,0.000,0.000,129.394,stale-before-upload,0.001,638,0.000,109.337,3.522,0.084,0.260,0.004,0.000,0.256,1,0,0,1,3,0.060,25.419,22.836,28.322,21.108,3.000,FrameFreshness,0,1,0,0.000,4,2,2,1,0.060,0.000,0.060,0,100,0,18745,17633,1063,0,1111
24.123,Custom_loss6_delay0-100_dup0_reorder6_burst0,Loopback,1,1,0,,,0.000,0,21,666,19.834,23.313,17.869,105.989,102.741,75.009,46.640,46.845,0.061,0.214,18476,1196,17354,16158,2730,1501,300,894,686,208,35,0,16161,551,150,0,0,0,0,5.000,0,0,0,0,0,0,0,0,0,0,0,0,0,0,0,0.000,0.000,0.000,,516,516,2249,0,1,96.010,200.456,97.263,201.647,0.000,0.000,512,505,9115,759,117,0,1801,2671,668,1,fec-recovered,pending,H.264,1,1,24,22,2,4,4,3,10,29,0,0,19587,22,0,0,0,0,0,114.745,214,300,208,199,208,0,62.514,27.360,110.012,2,0,724,46,770,0,249,26,0.416,0.584,0.940,1.000,0.095,45.000,0.400,0.600,0.000,duplicate-guard,0,0,0,0,0,0,1801,14799,0,0,0,0,14799,predicted-useful,,2953,0.292,255,770,0,8,0,0,0,0,0,0,0,250,3474,250,3474,0,0,0,pacing,1,0.709,4.836,112.836,0,0,0,0,0,0,0,0,3482,2103,2406,1,1,9500000,1200000,0,0,0,19661,19661,24172390,770,957660,30,37320,0,0,0,0,0,17.863,34.071,3190.938,4800.000,1014,35809,18464,7995,17345,9350,0.302,31.843,0.000,1014,6260020,9905580,1.021,10.812,0.496,20.315,35809,1801,538,14799,1801,0,0,115,115,202,115,0,0,1,0,4,3253,2671,2671,0,0,0,0,0,,disabled,,0,0,0,0,,1,Fixed Quality,Hybrid,85,30,9500,12000,640,360,H.264,480,270,518400,0,518400,28178,0.054,0.000,,0,0,0.000,4.851,0.000,4.214,0.598,7250,6750,6750,19,19,0,1,9500,1.000,0,17.863,0.000,0,0,0.000,0.000,0,0,0,0,0.278,0.662,0.060,1,0,0,disabled,0,0,0,async-output-pending,0,,0,0,0.000,0.000,0,,0.000,0.000,0.000,0.000,0,0,0,,0,0,0,0.000,1,0,0.590,0.135,0.454,0.000,0.000,0.000,0.000,0,0,1,1,1,0,0,1,1,0,0,0,1.000,0.000,0.000,30,0,0.000,0,0,0,0.000,0.000,0.000,0.000,0.000,0.000,0.000,0.000,20.149,0,0,0,0,0,0,0,0,0.000,0.000,0.000,0.000,0.000,0.000,0,0.104,23.313,512,516,2249,97.118,201.719,19.927,201.719,13011.963,350,1,H.264,97.720,0,0,200.456,201.647,1.000,154.474,96.448,arrival-gap-jitter-spike,11110.882,0,1,1,1,1,24122.845,322.138,326.417,326.974,326.974,0,0,10,0,0,10,0,,,131.185,150.923,533,1,decoded,0,0,0,0,0,0,0,0,0,0,,102.512,0.000,105.339,0.000,0.000,0.000,137.995,stale-before-upload,0.001,666,0.000,109.092,3.599,0.080,0.610,0.243,0.000,0.368,1,0,0,1,3,0.061,19.834,23.313,46.845,17.869,1.000,RecoveryDeadline,0,1,0,2.000,1,2,2,1,0.060,0.000,0.060,0,100,0,19685,18520,1117,0,1162
25.123,Custom_loss6_delay0-100_dup0_reorder6_burst0,Loopback,1,1,0,,,0.000,0,21,698,25.128,27.656,27.287,96.603,102.772,28.406,45.812,5.201,0.061,0.211,19354,1252,18178,16926,2839,1560,308,935,717,218,36,0,16929,578,155,0,0,0,0,5.000,0,0,0,0,0,0,0,0,0,0,0,0,0,0,0,0.000,0.000,0.000,,543,543,2340,0,1,33.413,200.456,34.596,201.647,0.000,0.000,539,532,9539,796,122,0,1883,2799,699,1,nack-sent,pending,H.264,1,1,24,23,1,5,4,3,6,16,0,0,20534,11,0,0,0,0,0,83.643,221,308,218,209,218,0,62.651,27.295,110.012,2,0,749,56,805,0,258,27,0.418,0.582,0.930,1.000,0.095,40.000,0.286,0.714,1.000,retransmit-late,0,0,0,0,0,0,1883,15457,0,0,0,0,15457,predicted-useful,,3090,0.625,266,805,0,8,0,0,0,0,0,0,0,261,3636,261,3636,0,0,0,pacing,1,0.719,7.520,115.520,0,0,0,0,0,0,0,0,3644,2199,2515,0,1,9500000,1200000,0,0,0,20596,20596,25318298,805,1001200,34,42296,0,0,0,0,0,17.306,34.071,1233.438,1208.200,1062,37505,19339,8360,18166,9806,0.302,2.933,1.300,1062,7094002,11465956,0.875,-0.671,0.474,11.198,37505,1882,565,15456,1882,0,0,120,120,213,120,0,0,1,0,4,3410,2799,2799,0,0,0,0,0,,disabled,,0,0,0,0,,1,Fixed Quality,Hybrid,85,30,9500,12000,640,360,H.264,480,270,518400,28178,518400,28178,0.054,0.000,,0,0,0.000,2.050,0.000,0.000,0.090,7250,6750,6750,19,19,0,1,9500,1.000,0,17.306,0.000,0,0,0.000,0.000,0,0,0,0,0.275,0.656,0.070,1,0,0,disabled,24,1,1,decoder-sync-observed,0,,0,0,17.687,23.729,0,,0.000,0.000,0.000,0.000,0,0,0,,0,0,0,5.899,0,701,0.089,0.000,0.000,0.089,0.000,0.046,0.027,1,1,1,1,0,1,1,0,0,0,0,0,1.000,0.000,0.000,30,0,0.000,0,0,0,0.000,0.000,0.000,0.000,0.000,0.000,0.000,1.929,26.024,0,0,0,0,0,0,0,0,0.000,0.000,0.000,0.000,0.000,0.000,0,0.106,27.656,539,543,2340,34.573,201.719,19.927,201.719,13011.963,350,1,H.264,97.720,0,0,200.456,201.647,1.000,154.474,96.448,arrival-gap-jitter-spike,12111.054,0,1,1,1,1,25123.017,322.138,326.417,326.974,326.974,0,0,10,0,0,10,0,,,131.185,150.923,533,1,decoded,0,0,0,0,0,0,0,0,0,0,,101.077,0.000,103.991,0.000,0.000,0.000,128.302,stale-before-upload,0.001,698,0.000,108.961,4.812,0.075,0.636,0.384,0.000,0.252,1,0,0,1,3,0.061,25.128,27.656,5.201,27.287,3.000,FrameFreshness,0,1,0,0.000,0,2,2,1,0.060,0.000,0.060,0,100,0,20621,19399,1178,0,1208
26.124,Custom_loss6_delay0-100_dup0_reorder6_burst0,Loopback,1,1,0,,,0.000,0,21,727,13.213,16.697,16.028,104.497,102.674,142.818,50.029,48.203,0.061,0.219,20227,1324,19026,17702,2980,1641,329,970,743,227,40,0,17705,595,167,0,0,0,0,5.000,0,0,0,0,0,0,0,0,0,0,0,0,0,0,0,0.000,0.000,0.000,,560,560,2442,0,1,26.365,200.456,27.478,201.647,0.000,0.000,556,549,9967,822,134,0,1970,2919,730,1,nack-sent,pending,H.264,1,1,24,12,12,1,1,1,0,12,0,0,21516,16,0,0,0,0,0,43.363,234,329,227,218,227,0,62.779,26.979,110.012,2,0,792,51,843,0,268,29,0.416,0.584,0.940,1.000,0.098,40.000,0.200,0.800,0.000,duplicate-guard,0,0,0,0,0,0,1970,16244,0,0,0,0,16244,predicted-useful,,3217,0.375,278,843,0,8,0,0,0,0,0,0,0,273,3806,273,3806,0,0,0,pacing,1,0.748,6.775,114.775,0,0,0,0,0,0,0,0,3814,2295,2625,0,1,9500000,1200000,0,0,0,21534,21534,26467938,843,1048472,37,46028,0,0,0,0,0,15.550,34.071,2091.188,4800.000,1110,39230,20216,8761,19014,10253,0.302,21.522,2.721,1110,6060427,9732015,1.395,114.412,0.466,16.415,39230,1968,582,16228,1968,0,0,132,132,237,132,0,0,1,0,4,3559,2919,2919,0,0,0,0,0,,disabled,,0,0,0,0,,1,Fixed Quality,Hybrid,85,30,9500,12000,640,360,H.264,480,270,518400,28178,518400,28178,0.054,0.000,,0,0,0.000,2.444,0.000,0.000,0.096,7250,6750,6750,19,19,0,1,9500,1.000,0,15.550,0.000,0,0,0.000,0.000,0,0,0,0,0.278,0.662,0.060,1,0,0,disabled,24,1,1,decoder-sync-observed,0,,0,0,14.999,23.729,0,,0.000,0.000,0.000,0.000,0,0,0,,0,0,0,5.874,0,731,0.095,0.000,0.000,0.095,0.000,0.068,0.009,1,1,1,1,0,1,1,0,0,0,0,0,1.000,0.000,0.000,30,0,0.000,0,0,0,0.000,0.000,0.000,0.000,0.000,0.000,0.000,2.311,31.320,0,0,0,0,0,0,0,0,0.000,0.000,0.000,0.000,0.000,0.000,0,0.089,16.697,556,560,2442,27.441,201.719,19.927,201.719,13011.963,350,1,H.264,97.720,0,0,200.456,201.647,1.000,154.474,96.448,arrival-gap-jitter-spike,13112.513,0,1,1,1,1,26124.476,322.138,326.417,326.974,326.974,0,0,10,0,0,10,0,,,131.185,150.923,533,1,decoded,0,0,0,0,0,0,0,0,0,0,,103.318,0.000,106.149,0.000,0.000,0.000,137.249,stale-before-upload,0.001,727,0.000,110.816,4.531,0.074,0.408,0.144,0.000,0.264,1,0,0,1,3,0.061,13.213,16.697,48.203,16.028,1.000,RTT,0,1,0,1.000,1,1,1,1,0.060,0.000,0.060,0,100,0,21560,20264,1243,0,1254
27.131,Custom_loss6_delay0-100_dup0_reorder6_burst0,Loopback,1,1,0,,,0.000,0,21,758,29.203,23.459,20.986,101.256,102.779,16.915,48.649,0.457,0.061,0.220,21123,1378,19854,18476,3102,1715,341,1003,769,234,43,0,18479,620,175,0,0,0,0,5.000,0,0,0,0,0,0,0,0,0,0,0,0,0,0,0,0.000,0.000,0.000,,583,583,2537,0,1,33.666,200.456,34.700,201.647,0.000,0.000,579,572,10394,854,140,0,2058,3045,761,1,fec-recovered,pending,H.264,1,1,24,9,15,2,1,0,0,0,0,0,22455,0,0,0,0,0,0,32.510,240,341,234,225,234,0,62.752,26.580,110.012,2,0,817,50,867,0,277,31,0.413,0.587,0.942,1.000,0.101,45.000,0.091,0.909,0.000,duplicate-guard,0,0,0,0,0,0,2058,17071,0,0,0,0,17071,predicted-useful,,3356,0.083,286,867,0,8,0,0,0,0,0,0,0,281,3912,281,3912,0,0,0,pacing,1,0.682,4.394,112.394,0,0,0,0,0,0,0,0,3920,2397,2737,0,1,9500000,1200000,10,0,10,22488,22478,27625042,867,1078328,37,46028,0,0,0,0,0,0.882,34.071,128.750,4800.000,1158,40949,21113,9134,19836,10702,0.302,1.869,1.244,1158,6112957,9805339,1.293,66.349,0.450,7.887,40949,2058,607,17071,2058,0,0,138,138,247,138,0,0,1,0,4,3716,3045,3045,0,0,0,0,0,,disabled,,0,0,0,0,,1,Fixed Quality,Hybrid,85,30,9500,12000,640,360,H.264,480,270,518400,28176,518400,28176,0.054,0.000,,0,0,0.000,2.175,0.000,0.000,0.072,7250,6750,6750,19,19,0,1,9500,1.000,0,10.805,0.000,0,0,0.000,0.000,0,0,0,0,0.277,0.666,0.058,1,0,0,disabled,24,1,1,decoder-sync-observed,0,,0,0,12.594,23.727,0,,0.000,0.000,0.000,0.000,0,0,0,,0,0,0,2.905,0,762,0.072,0.000,0.000,0.072,0.000,0.044,0.011,1,1,1,1,0,1,1,0,0,0,0,0,1.000,0.000,0.000,30,0,0.000,0,0,0,0.000,0.000,0.000,0.000,0.000,0.000,0.000,2.068,7.077,0,0,0,0,0,0,0,0,0.000,0.000,0.000,0.000,0.000,0.000,0,0.121,23.459,579,583,2537,34.613,201.719,19.927,201.719,13011.963,350,1,H.264,97.720,0,0,200.456,201.647,1.000,154.474,96.448,arrival-gap-jitter-spike,14118.698,0,1,1,1,1,27130.661,322.138,326.417,326.974,326.974,0,0,10,0,0,10,0,,,131.185,150.923,533,1,decoded,0,0,0,0,0,0,0,0,0,0,,103.303,0.000,106.154,0.000,0.000,0.000,130.628,stale-before-upload,0.001,758,0.000,111.128,4.805,0.075,0.403,0.155,0.000,0.248,1,0,0,1,3,0.061,29.203,23.459,0.457,20.986,3.000,FrameFreshness,0,1,0,1.000,1,1,1,1,0.060,0.000,0.060,0,100,0,22505,21161,1295,0,1311
28.137,Custom_loss6_delay0-100_dup0_reorder6_burst0,Loopback,1,1,0,,,0.000,0,21,788,26.197,23.547,25.650,93.248,102.890,92.116,50.388,24.691,0.061,0.221,21980,1431,20669,19238,3201,1776,351,1030,795,235,44,0,19241,644,183,0,0,0,0,5.000,0,0,0,0,0,0,0,0,0,0,0,0,0,0,0,0.000,0.000,0.000,,605,605,2636,0,1,61.857,200.456,62.863,201.647,0.000,0.000,601,594,10815,879,146,0,2145,3170,790,1,fec-recovered,pending,H.264,1,1,24,18,6,3,2,2,4,19,2,0,23365,18,23377,0,0,0,0,68.147,249,351,235,226,235,0,62.630,26.511,110.012,2,0,837,59,896,0,279,33,0.415,0.585,0.934,1.000,0.106,45.000,0.143,0.857,0.000,duplicate-guard,0,0,0,0,0,0,2145,17823,0,0,0,0,17823,predicted-useful,,3494,0.333,295,896,0,8,0,0,0,0,0,0,0,290,4050,290,4050,0,0,0,pacing,1,0.793,10.155,118.155,0,0,0,0,0,0,0,0,4058,2499,2850,1,1,9500000,1200000,13,0,13,23417,23403,28758510,896,1114404,39,48516,0,0,0,0,0,0.633,34.071,3571.000,4800.000,1205,42617,21954,9506,20663,11157,0.302,18.309,3.268,1205,6241794,9895876,1.475,68.119,0.509,23.710,42617,2145,631,17823,2145,0,0,144,144,260,144,0,0,1,0,4,3875,3170,3170,0,0,0,0,0,,disabled,,0,0,0,0,,1,Fixed Quality,Hybrid,85,30,9500,12000,640,360,H.264,480,270,518400,28176,518400,28176,0.054,0.000,,0,0,0.000,2.688,0.000,0.000,0.075,7250,6750,6750,19,19,0,1,9500,1.000,0,11.765,0.000,0,0,0.000,0.000,0,0,0,0,1.000,0.000,0.000,1,0,0,disabled,24,1,1,decoder-sync-observed,0,,0,0,13.742,23.727,0,,0.000,0.000,0.000,0.000,0,0,0,,0,0,0,9.936,0,792,0.074,0.000,0.000,0.074,0.000,0.050,0.008,1,1,1,1,0,1,1,0,0,0,0,0,1.000,0.000,0.000,30,0,0.000,0,0,0,0.000,0.000,0.000,0.000,0.000,0.000,0.000,2.553,13.975,0,0,0,0,0,0,0,0,0.000,0.000,0.000,0.000,0.000,0.000,0,0.087,23.547,601,605,2636,62.943,201.719,19.927,201.719,13011.963,350,1,H.264,97.720,0,0,200.456,201.647,1.000,154.474,96.448,arrival-gap-jitter-spike,15125.557,0,1,1,1,1,28137.520,322.138,326.417,326.974,326.974,0,0,10,0,0,10,0,,,131.185,150.923,533,1,decoded,0,0,0,0,0,0,0,0,0,0,,99.375,0.000,102.204,0.000,0.000,0.000,126.624,stale-before-upload,0.001,788,0.000,107.318,4.978,0.088,0.571,0.309,0.000,0.261,1,0,0,1,3,0.061,26.197,23.547,24.691,25.650,3.000,FrameFreshness,0,1,0,2.000,2,4,4,1,0.060,0.000,0.060,0,100,0,23431,22019,1364,0,1359
29.144,Custom_loss6_delay0-100_dup0_reorder6_burst0,Loopback,1,1,0,,,0.000,0,21,818,19.893,17.756,15.780,95.731,102.942,92.116,50.388,28.539,0.061,0.228,22828,1486,21476,19990,3327,1848,360,1068,825,243,51,0,19993,664,196,0,0,0,0,5.000,0,0,0,0,0,0,0,0,0,0,0,0,0,0,0,0.000,0.000,0.000,,622,622,2729,0,1,20.645,200.456,21.731,201.647,0.000,0.000,618,611,11219,907,156,0,2225,3291,819,1,nack-sent,pending,H.264,1,1,24,21,3,3,2,3,10,28,0,2,24267,23,24305,3,0,0,0,80.817,257,360,243,234,243,0,62.889,26.400,110.012,2,0,862,55,917,0,291,34,0.417,0.583,0.940,1.000,0.105,39.000,0.444,0.556,0.333,retransmit-late,0,0,0,0,0,0,2225,18520,0,0,0,0,18520,predicted-useful,,3617,0.125,302,917,0,8,0,0,0,0,0,0,0,297,4156,297,4156,0,0,0,pacing,1,0.750,10.743,118.743,0,0,0,0,0,0,0,0,4164,2592,2952,1,1,9500000,1200000,1,0,1,24308,24307,29865846,917,1140528,39,48516,0,0,0,0,0,12.864,34.071,324.562,4800.000,1251,44296,22821,9871,21475,11604,0.302,3.416,1.356,1251,6195951,9622634,0.562,68.119,0.438,16.111,44296,2225,651,18520,2225,0,0,154,154,280,154,0,0,1,0,4,4023,3291,3291,0,0,0,0,0,,disabled,,0,0,0,0,,1,Fixed Quality,Hybrid,85,30,9500,12000,640,360,H.264,480,270,518400,28178,518400,28178,0.054,0.000,,0,0,0.000,2.189,0.000,0.000,0.095,7250,6750,6750,19,19,0,1,9500,1.000,0,12.864,0.000,0,0,0.000,0.000,0,0,0,0,0.280,0.660,0.060,1,0,0,disabled,24,1,1,decoder-sync-observed,0,,0,0,17.935,23.729,0,,0.000,0.000,0.000,0.000,0,0,0,,0,0,0,2.713,0,821,0.094,0.000,0.000,0.094,0.000,0.064,0.011,1,1,1,1,0,1,1,0,0,0,1,0,0.860,147.223,0.000,26,0,0.000,0,0,0,0.000,0.000,0.000,0.000,0.000,0.000,0.000,2.051,6.875,0,0,0,0,0,0,0,0,0.000,0.000,0.000,0.000,0.000,0.000,0,0.126,17.756,618,622,2729,21.753,201.719,19.927,201.719,13011.963,350,1,H.264,97.720,0,0,200.456,201.647,1.000,154.474,96.448,arrival-gap-jitter-spike,16132.154,0,1,1,1,1,29144.117,322.138,326.417,326.974,326.974,0,0,10,0,0,10,0,,,131.185,150.923,533,1,decoded,0,0,0,0,0,0,0,0,0,0,,99.402,0.000,102.411,0.000,0.000,0.000,127.865,stale-before-upload,0.001,818,0.000,108.937,6.338,0.084,0.359,0.003,0.000,0.356,1,0,0,1,3,0.061,19.893,17.756,28.539,15.780,3.000,FrameFreshness,0,1,0,0.000,0,1,1,1,0.060,0.000,0.060,0,100,0,24336,22869,1415,0,1417
30.151,Custom_loss6_delay0-100_dup0_reorder6_burst0,Loopback,1,1,0,,,0.000,0,21,847,26.826,19.347,21.314,97.300,103.049,55.332,50.578,3.494,0.061,0.227,23658,1529,22241,20712,3441,1916,367,1106,855,251,52,0,20715,688,202,0,0,0,0,5.000,0,0,0,0,0,0,0,0,0,0,0,0,0,0,0,0.000,0.000,0.000,,645,645,2822,0,1,39.724,200.456,40.771,201.647,0.000,0.000,640,633,11616,939,161,0,2304,3413,847,1,completed,completed,H.264,1,1,24,24,0,4,4,3,11,29,1,4,25107,7,25134,1,0,0,0,93.003,260,367,251,242,251,0,62.894,26.372,110.012,2,0,880,57,937,0,296,34,0.415,0.585,0.939,1.000,0.103,42.000,0.500,0.500,0.000,stable,0,0,0,0,0,0,2304,19185,0,0,0,0,19185,predicted-useful,,3743,0.000,308,937,0,8,0,0,0,0,0,0,0,303,4241,303,4241,0,0,0,pacing,1,0.759,4.370,112.370,0,0,0,0,0,0,0,0,4249,2688,3056,0,1,9500000,1200000,14,0,14,25198,25184,30940758,937,1165408,42,52248,0,0,0,0,0,0.643,34.071,583.938,4800.000,1296,45873,23635,10276,22238,11962,0.303,22.227,0.523,1296,6074976,9669550,0.725,47.139,0.475,18.927,45873,2304,675,19185,2304,0,0,159,159,290,159,0,0,1,0,4,4172,3413,3413,0,0,0,0,0,,disabled,,0,0,0,0,,1,Fixed Quality,Hybrid,85,30,9500,12000,640,360,H.264,480,270,518400,28178,518400,28178,0.054,0.000,,0,0,0.000,2.206,0.000,0.000,0.113,7250,6750,6750,19,19,0,1,9500,1.000,0,13.280,0.000,0,0,0.000,0.000,0,0,0,0,0.000,1.000,0.000,1,0,0,disabled,24,1,1,decoder-sync-observed,0,,0,0,15.128,23.729,0,,0.000,0.000,0.000,0.000,0,0,0,,0,0,0,5.907,0,850,0.112,0.000,0.000,0.112,0.000,0.086,0.009,1,1,1,1,0,1,1,0,0,0,0,0,1.000,0.000,0.000,30,0,0.000,0,0,0,0.000,0.000,0.000,0.000,0.000,0.000,0.000,2.037,9.944,0,0,0,0,0,0,0,0,0.000,0.000,0.000,0.000,0.000,0.000,0,0.108,19.347,640,645,2822,40.808,201.719,19.927,201.719,13011.963,350,1,H.264,97.720,0,0,200.456,201.647,1.000,154.474,96.448,arrival-gap-jitter-spike,17138.814,0,1,1,1,1,30150.777,322.138,326.417,326.974,326.974,0,0,10,0,0,10,0,,,131.185,150.923,533,1,decoded,0,0,0,0,0,0,0,0,0,0,,100.569,0.000,104.204,0.000,0.000,0.000,128.650,stale-before-upload,0.001,846,0.000,109.357,4.992,0.080,0.671,0.401,0.000,0.270,1,0,0,1,3,0.061,26.826,19.347,3.494,21.314,3.000,FrameFreshness,0,1,0,1.000,0,1,1,1,0.060,0.000,0.060,0,100,0,25214,23699,1462,0,1461
31.151,Custom_loss6_delay0-100_dup0_reorder6_burst0,Loopback,1,1,0,,,0.000,0,21,876,24.637,24.339,16.605,108.317,103.121,87.245,51.936,4.336,0.061,0.227,24446,1581,22987,21406,3535,1972,375,1135,875,260,53,0,21409,713,209,0,0,0,0,5.000,0,0,0,0,0,0,0,0,0,0,0,0,0,0,0,0.000,0.000,0.000,,667,667,2916,0,1,40.969,200.456,41.910,201.647,0.000,0.000,662,654,12003,973,165,0,2385,3523,876,1,completed,completed,H.264,1,1,22,22,0,5,2,3,11,18,0,0,25959,14,0,0,0,0,0,99.764,265,375,260,251,260,0,63.490,26.503,110.580,2,0,902,61,963,0,301,35,0.414,0.586,0.937,1.000,0.104,44.000,0.100,0.900,0.000,duplicate-guard,0,0,0,0,0,0,2385,19874,0,0,0,0,19874,predicted-useful,,3878,0.000,316,963,0,8,0,0,0,0,0,0,0,311,4357,311,4357,0,0,0,pacing,1,0.748,9.123,117.123,0,0,0,0,0,0,0,0,4365,2788,3166,0,1,9500000,1200000,9,0,9,26029,26020,31966543,963,1197752,44,54736,0,0,0,0,0,0.558,34.071,925.062,4800.000,1337,47412,24429,10664,22983,12319,0.304,9.550,0.461,1337,5807695,8721656,1.527,44.094,0.464,14.814,47412,2385,699,19874,2385,0,0,163,163,297,163,0,0,1,0,4,4317,3523,3523,0,0,0,0,0,,disabled,,0,0,0,0,,1,Fixed Quality,Hybrid,85,30,9500,12000,640,360,H.264,480,270,518400,26094,518400,26094,0.050,0.000,,0,0,0.000,1.964,0.000,0.000,0.061,6000,6250,6250,20,20,0,1,9500,0.820,1,4.723,0.000,0,0,0.000,0.000,0,0,0,0,0.275,0.661,0.063,1,0,0,latency-pressure-freshness-hold,22,1,1,decoder-sync-observed,0,,0,0,1.020,21.974,0,,0.000,0.000,0.000,0.000,0,0,0,,0,0,0,6.265,0,879,0.061,0.000,0.000,0.060,0.000,0.042,0.006,1,1,1,1,0,1,1,0,0,0,0,0,1.000,0.000,0.000,27,0,0.000,0,0,0,0.000,0.000,0.000,0.000,0.000,0.000,0.000,1.875,10.281,0,0,0,0,0,0,0,0,0.000,0.000,0.000,0.000,0.000,0.000,0,0.086,24.339,662,667,2916,41.956,201.719,19.927,201.719,13011.963,350,1,H.264,97.720,0,0,200.456,201.647,1.000,154.474,96.448,arrival-gap-jitter-spike,18138.833,0,1,1,1,1,31150.796,322.138,326.417,326.974,326.974,0,0,11,0,0,11,1,latency-pressure freshness,latency-over-80ms,146.922,150.923,866,1,H.264,0,0,0,0,0,0,0,0,0,0,,97.397,0.000,98.198,5.744,0.000,117.905,134.159,stale-before-decode,0.001,875,0.000,100.268,5.393,0.078,0.976,0.689,0.000,0.286,1,0,0,1,3,0.061,24.637,24.339,4.336,16.605,3.000,FrameFreshness,0,1,0,0.250,4,1,1,1,0.060,0.000,0.060,0,100,0,26051,24488,1516,0,1524
32.155,Custom_loss6_delay0-100_dup0_reorder6_burst0,Loopback,1,1,0,,,0.000,0,21,902,19.972,19.580,21.349,90.791,103.007,11.110,50.478,26.660,0.061,0.227,25195,1634,23689,22055,3656,2036,390,1176,905,271,54,0,22058,733,215,0,0,0,0,5.000,0,0,0,0,0,0,0,0,0,0,0,0,0,0,0,0.000,0.000,0.000,,687,687,3014,0,1,22.394,200.456,23.411,201.647,0.000,0.000,681,674,12369,1004,171,0,2455,3625,904,1,nack-sent,pending,H.264,1,1,22,13,9,3,0,2,6,24,0,0,26777,3,0,0,0,0,0,68.044,281,390,271,262,271,0,63.394,26.253,110.580,2,0,944,60,1004,0,315,37,0.419,0.581,0.940,1.000,0.105,45.000,0.333,0.667,0.200,duplicate-guard,0,0,0,0,0,0,2455,20400,0,0,0,0,20400,predicted-useful,,3992,0.136,329,1004,0,8,0,0,0,0,0,0,0,324,4528,324,4528,0,0,0,pacing,1,0.795,11.996,119.996,0,0,0,0,0,0,0,0,4536,2867,3260,0,1,9500000,1200000,0,0,0,26798,26798,32927447,1004,1248756,48,59712,0,0,0,0,0,14.378,34.071,5926.125,4800.000,1378,48871,25182,11041,23689,12648,0.305,32.181,1.972,1378,4713185,7727563,1.740,20.048,0.509,16.929,48871,2454,719,20391,2454,0,0,169,169,307,169,0,0,1,0,4,4443,3625,3625,0,0,0,0,0,,disabled,,0,0,0,0,,1,Fixed Quality,Hybrid,85,30,9500,12000,640,360,H.264,480,270,518400,26094,518400,26094,0.050,0.000,,0,0,0.000,2.001,0.000,0.000,0.080,6000,6250,6250,20,20,0,1,9500,0.831,1,14.378,0.000,0,0,0.000,0.000,0,0,0,0,0.280,0.660,0.060,1,0,0,latency-pressure-freshness-hold,22,1,1,decoder-sync-observed,0,,0,0,15.519,21.974,0,,0.000,0.000,0.000,0.000,0,0,0,,0,0,0,5.953,0,905,0.079,0.000,0.000,0.079,0.000,0.054,0.008,1,1,1,1,0,1,1,0,0,0,0,0,1.000,0.000,0.000,27,0,0.000,0,0,0,0.000,0.000,0.000,0.000,0.000,0.000,0.000,1.878,38.302,0,0,0,0,0,0,0,0,0.000,0.000,0.000,0.000,0.000,0.000,0,0.118,19.580,681,687,3014,23.356,201.719,19.927,201.719,13011.963,350,1,H.264,97.720,0,0,200.456,201.647,1.000,154.474,96.448,arrival-gap-jitter-spike,19142.964,0,1,1,1,1,32154.927,322.138,326.417,326.974,326.974,0,0,12,0,0,12,1,latency-pressure freshness,latency-over-80ms,146.577,150.923,878,1,H.264,0,0,0,0,0,0,0,0,0,0,,99.321,0.000,101.840,0.000,0.000,0.000,125.395,stale-before-decode,0.001,902,0.000,108.644,6.628,0.085,0.382,0.001,0.000,0.382,1,0,0,1,3,0.061,19.972,19.580,26.660,21.349,3.000,FrameFreshness,0,1,0,0.000,4,2,2,1,0.060,0.000,0.060,0,100,0,26830,25240,1564,0,1568
33.157,Custom_loss6_delay0-100_dup0_reorder6_burst0,Loopback,1,1,0,,,0.000,0,21,929,23.772,24.045,20.296,91.202,102.881,87.171,51.743,92.607,0.061,0.226,25929,1671,24371,22700,3770,2098,402,1216,939,277,54,0,22703,755,220,0,0,0,0,5.000,0,0,0,0,0,0,0,0,0,0,0,0,0,0,0,0.000,0.000,0.000,,708,708,3102,0,1,133.634,200.456,134.674,201.647,0.000,0.000,702,695,12727,1032,175,0,2521,3731,930,1,fec-parity,pending,H.264,1,1,23,17,6,4,3,2,4,17,0,0,27554,10,0,0,0,0,0,70.326,290,402,277,268,277,0,63.130,26.110,110.580,2,0,971,63,1034,0,324,38,0.419,0.581,0.939,1.000,0.105,45.000,0.375,0.625,0.000,duplicate-guard,0,0,0,0,0,0,2521,20919,0,0,0,0,20919,predicted-useful,,4104,0.522,339,1034,0,8,0,0,0,0,0,0,0,334,4663,334,4663,0,0,0,pacing,1,0.726,5.432,113.432,0,0,0,0,0,0,0,0,4671,2946,3351,1,1,9500000,1200000,2,0,2,27598,27596,33911247,1034,1286076,48,59712,0,0,0,0,0,7.984,34.071,612.938,4800.000,1418,50292,25921,11384,24371,12987,0.305,23.915,0.000,1418,6087945,9503141,1.468,31.250,0.461,18.837,50292,2521,741,20919,2521,0,0,173,173,316,173,0,0,1,0,4,4576,3731,3731,0,0,0,0,0,,disabled,,0,0,0,0,,1,Fixed Quality,Hybrid,85,30,9500,12000,640,360,H.264,480,270,518400,27136,518400,27136,0.052,0.000,,0,0,0.000,2.075,0.000,0.000,0.085,7250,6500,6500,21,21,0,1,9500,1.000,0,13.426,0.000,0,0,0.000,0.000,0,0,0,0,0.280,0.659,0.061,1,0,0,disabled,23,1,1,decoder-sync-observed,0,,0,0,18.821,22.851,0,,0.000,0.000,0.000,0.000,0,0,0,,0,0,0,9.749,0,932,0.085,0.000,0.000,0.084,0.000,0.057,0.009,1,1,1,1,0,1,1,0,0,0,0,0,1.000,0.000,0.000,30,0,0.000,0,0,0,0.000,0.000,0.000,0.000,0.000,0.000,0.000,1.955,13.894,0,0,0,0,0,0,0,0,0.000,0.000,0.000,0.000,0.000,0.000,0,0.096,24.045,702,708,3102,134.926,201.719,19.927,201.719,13011.963,350,1,H.264,97.720,0,0,200.456,201.647,1.000,154.474,96.448,arrival-gap-jitter-spike,20145.581,0,1,1,1,1,33157.544,322.138,326.417,326.974,326.974,0,0,12,0,0,12,0,,,146.577,150.923,878,1,H.264,0,0,0,0,0,0,0,0,0,0,,97.576,0.000,100.394,0.000,0.000,0.000,130.601,stale-before-decode,0.001,929,0.000,105.048,4.509,0.072,0.732,0.424,0.000,0.309,1,0,0,1,3,0.061,23.772,24.045,92.607,20.296,3.000,FrameFreshness,0,1,0,0.000,3,2,2,1,0.060,0.000,0.060,0,100,0,27629,25976,1606,0,1607
34.157,Custom_loss6_delay0-100_dup0_reorder6_burst0,Loopback,1,1,0,,,0.000,0,21,957,24.656,25.667,21.346,98.911,103.008,83.896,52.815,13.133,0.061,0.223,26720,1729,25118,23389,3886,2168,415,1248,961,287,55,0,23392,780,224,0,0,0,0,5.000,0,0,0,0,0,0,0,0,0,0,0,0,0,0,0,0.000,0.000,0.000,,733,733,3192,0,1,26.377,200.456,27.425,201.647,0.000,0.000,727,717,13101,1067,179,0,2599,3835,959,1,fec-parity,pending,H.264,1,1,23,3,20,1,0,0,0,0,0,0,28442,18,0,0,0,0,0,14.622,302,415,287,278,287,0,63.134,25.901,110.580,2,0,1006,66,1072,0,341,38,0.421,0.579,0.938,1.000,0.100,45.000,0.222,0.778,0.000,duplicate-guard,0,0,0,0,0,0,2599,21437,0,0,0,0,21437,predicted-useful,,4231,0.000,351,1072,0,8,0,0,0,0,0,0,0,346,4826,346,4826,0,0,0,pacing,1,0.749,10.587,118.587,0,0,0,0,0,0,0,0,4834,3036,3455,0,1,9500000,1200000,0,0,0,28419,28419,34923857,1072,1333348,51,63444,0,0,0,0,0,17.202,34.071,9346.250,4800.000,1458,51810,26704,11729,25106,13377,0.305,2.923,1.501,1458,4549362,7753231,2.391,24.345,0.491,14.581,51810,2599,766,21437,2599,0,0,177,177,322,177,0,0,1,0,4,4704,3835,3835,0,0,0,0,0,,disabled,,0,0,0,0,,1,Fixed Quality,Hybrid,85,30,9500,12000,640,360,H.264,480,270,518400,27136,518400,27136,0.052,0.000,,0,0,0.000,2.114,0.000,0.000,0.150,6250,6500,6500,21,21,0,1,9500,0.884,1,17.202,0.000,0,0,0.000,0.000,0,0,0,0,0.000,1.000,0.000,1,0,0,latency-pressure-freshness-hold,23,1,1,decoder-sync-observed,0,,0,0,16.039,22.851,0,,0.000,0.000,0.000,0.000,0,0,0,,0,0,0,6.239,0,959,0.150,0.000,0.000,0.150,0.000,0.048,0.084,1,1,1,1,0,1,1,0,0,0,0,0,1.000,0.000,0.000,27,0,0.000,0,0,0,0.000,0.000,0.000,0.000,0.000,0.000,0.000,1.936,20.103,0,0,0,0,0,0,0,0,0.000,0.000,0.000,0.000,0.000,0.000,0,0.111,25.667,727,733,3192,27.391,201.719,19.927,201.719,13011.963,350,1,H.264,97.720,0,0,200.456,201.647,1.000,154.474,96.448,arrival-gap-jitter-spike,21145.649,0,1,1,1,1,34157.612,322.138,326.417,326.974,326.974,0,0,14,0,0,14,2,latency-pressure freshness,latency-over-80ms,133.843,150.923,941,1,decoded,0,0,0,0,0,0,0,0,0,0,,102.542,0.000,105.478,5.788,0.000,108.983,129.456,stale-before-upload,0.001,956,0.000,111.619,5.601,0.074,0.779,0.469,0.000,0.311,1,0,0,1,3,0.061,24.656,25.667,13.133,21.346,3.000,FrameFreshness,0,1,0,1.000,1,1,1,1,0.060,0.000,0.060,0,100,0,28453,26765,1648,0,1654
35.158,Custom_loss6_delay0-100_dup0_reorder6_burst0,Loopback,1,1,0,,,0.000,0,21,983,18.967,16.832,17.366,102.397,103.097,83.728,53.812,44.618,0.060,0.225,27461,1746,25769,24023,3997,2231,422,1289,996,293,55,0,24026,801,233,0,0,0,0,5.000,0,0,0,0,0,0,0,0,0,0,0,0,0,0,0,0.000,0.000,0.000,,751,751,3285,0,1,54.776,200.456,55.857,201.647,0.000,0.000,745,736,13463,1094,185,0,2669,3946,983,1,retransmit-late-after-completed,completed,H.264,1,1,24,24,0,0,0,3,0,0,0,1,29186,3,29186,3,29186,3,1,113.442,309,422,293,284,293,0,63.210,25.620,110.580,2,0,1026,71,1097,0,351,39,0.423,0.577,0.935,1.000,0.100,45.000,0.333,0.667,0.143,duplicate-guard,0,0,0,0,0,0,2669,22005,0,0,0,0,22005,predicted-useful,,4347,0.000,360,1097,0,8,0,0,0,0,0,0,0,353,4932,353,4932,0,0,0,pacing,1,0.660,5.466,113.466,0,0,0,0,0,0,0,0,4940,3120,3550,0,1,9500000,1200000,0,0,0,29190,29190,35870343,1097,1364448,52,64688,0,0,0,0,0,11.425,37.051,3327.438,4800.000,1499,53228,27459,12028,25769,13741,0.305,14.476,0.553,1499,4089832,7365374,3.022,19.443,0.413,16.110,53228,2669,787,22005,2669,0,0,183,183,333,183,0,0,1,0,4,4838,3946,3946,0,0,0,0,0,,disabled,,0,0,0,0,,1,Fixed Quality,Hybrid,85,30,9500,12000,640,360,H.264,480,270,518400,26094,518400,26094,0.050,0.000,,0,0,0.000,2.120,0.000,0.000,0.096,6000,6250,6250,23,23,0,1,9500,0.820,1,11.425,0.000,0,0,0.000,0.000,0,0,0,0,0.000,1.000,0.000,1,0,0,fixed-pacing-queue-hold,22,1,1,decoder-sync-observed,0,,0,0,0.102,21.974,0,,0.000,0.000,0.000,0.000,0,0,0,,0,0,0,5.338,0,986,0.095,0.000,0.000,0.095,0.000,0.050,0.007,1,1,1,1,0,1,1,0,0,0,0,0,1.000,0.000,0.000,24,0,0.000,0,0,0,0.000,0.000,0.000,0.000,0.000,0.000,0.000,1.986,10.254,0,0,0,0,0,0,0,0,0.000,0.000,0.000,0.000,0.000,0.000,0,0.116,16.832,745,751,3285,55.025,201.719,19.927,201.719,13011.963,350,1,H.264,97.720,0,0,200.456,201.647,1.000,154.474,96.448,arrival-gap-jitter-spike,22145.795,0,1,1,1,1,35157.758,322.138,326.417,326.974,326.974,0,0,14,0,0,14,0,,,133.843,150.923,941,1,decoded,0,0,0,0,0,0,0,0,0,0,,94.133,0.000,96.574,0.000,0.000,0.000,120.000,stale-before-upload,0.001,984,0.000,101.329,4.587,0.086,0.268,0.001,0.000,0.268,1,0,0,1,3,0.060,18.967,16.832,44.618,17.366,3.000,FrameFreshness,0,1,0,0.000,1,2,2,1,0.060,0.000,0.060,0,100,0,29225,27507,1685,0,1699
36.164,Custom_loss6_delay0-100_dup0_reorder6_burst0,Loopback,1,1,0,,,0.000,0,21,1010,19.888,21.912,20.841,97.618,103.043,92.610,55.025,22.401,0.060,0.225,28160,1801,26436,24635,4100,2290,427,1326,1027,299,57,0,24638,822,238,0,0,0,0,5.000,0,0,0,0,0,0,0,0,0,0,0,0,0,0,0,0.000,0.000,0.000,,772,772,3382,0,1,26.895,200.456,27.882,201.647,0.000,0.000,766,756,13805,1121,190,0,2737,4050,1011,1,nack-sent,pending,H.264,1,1,22,15,7,2,2,2,2,17,0,0,29939,21,0,0,0,0,0,68.727,320,427,299,288,299,0,63.290,25.878,110.580,2,0,1048,69,1117,0,362,39,0.428,0.572,0.938,1.000,0.097,45.000,0.500,0.500,0.000,duplicate-guard,0,0,0,0,0,0,2737,22497,0,0,0,0,22497,predicted-useful,,4456,0.318,366,1117,0,8,0,0,0,0,0,0,0,359,5016,359,5016,0,0,0,pacing,1,0.766,9.091,117.091,0,0,0,0,0,0,0,0,5024,3200,3638,1,1,9500000,1200000,3,0,3,29938,29935,36790431,1117,1389328,54,67176,0,0,0,0,0,6.366,37.051,551.375,4800.000,1536,54570,28149,12282,26421,14139,0.304,13.344,2.269,1536,5030186,7978828,2.144,17.331,0.412,13.842,54570,2737,808,22497,2737,0,0,188,188,343,188,0,0,1,0,4,4960,4050,4050,0,0,0,0,0,,disabled,,0,0,0,0,,1,Fixed Quality,Hybrid,85,30,9500,12000,640,360,H.264,480,270,518400,0,518400,26096,0.050,0.000,,0,0,0.000,0.026,0.000,0.000,0.003,6000,6250,6250,23,23,0,1,9500,0.820,1,7.648,0.000,0,0,0.000,0.000,0,0,0,0,0.286,0.652,0.062,1,0,0,latency-pressure-freshness-hold,0,0,0,async-output-pending,0,,0,0,0.000,0.000,0,,0.000,0.000,0.000,0.000,0,0,0,,0,0,0,0.000,1,0,0.000,0.000,0.000,0.000,0.000,0.000,0.000,0,0,0,0,0,0,0,0,1,1,1,1,1.000,180.000,1.500,27,0,0.000,0,0,0,0.000,0.000,0.000,0.000,0.000,0.000,0.000,0.000,5.771,0,0,0,0,0,0,0,0,0.000,0.000,0.000,0.000,0.000,0.000,0,0.087,21.912,766,772,3382,27.960,201.719,19.927,201.719,13011.963,350,1,H.264,97.720,0,0,200.456,201.647,1.000,154.474,96.448,arrival-gap-jitter-spike,23152.459,0,1,1,1,1,36164.422,322.138,326.417,326.974,326.974,0,0,15,0,0,15,1,latency-pressure freshness,latency-over-80ms,146.391,150.923,987,1,decoded,0,0,0,0,0,0,0,0,0,0,,105.824,0.000,108.508,0.000,0.000,0.000,128.809,stale-before-upload,0.001,1010,0.000,114.131,5.673,0.076,0.508,0.208,0.000,0.300,1,0,0,1,3,0.060,19.888,21.912,22.401,20.841,3.000,FrameFreshness,0,1,0,1.000,0,1,1,1,0.060,0.000,0.060,0,100,0,29971,28207,1733,0,1738
37.165,Custom_loss6_delay0-100_dup0_reorder6_burst0,Loopback,1,1,0,,,0.000,0,21,1035,17.774,18.100,19.544,125.589,102.943,76.242,55.668,32.894,0.061,0.226,28877,1873,27133,25260,4199,2342,436,1363,1059,304,58,0,25263,840,245,0,0,0,0,5.000,0,0,0,0,0,0,0,0,0,0,0,0,0,0,0,0.000,0.000,0.000,,790,790,3478,0,1,88.138,200.456,89.156,201.647,0.000,0.000,784,774,14136,1144,197,0,2805,4144,1036,1,nack-sent,pending,H.264,1,1,23,21,2,4,3,3,7,22,0,0,30658,12,0,0,0,0,0,90.770,323,436,304,293,304,0,63.084,25.892,110.580,2,0,1065,71,1136,0,364,39,0.426,0.574,0.938,1.000,0.097,44.000,0.000,0.000,0.000,insufficient-sample,0,0,0,0,0,0,2805,23064,0,0,0,0,23064,predicted-useful,,4564,0.478,372,1136,0,9,0,0,0,0,0,0,0,365,5091,365,5091,0,0,0,pacing,1,0.703,5.211,113.211,0,0,0,0,0,0,0,0,5100,3283,3729,0,1,9500000,1200000,10,0,10,30725,30715,37752611,1136,1412964,55,68420,0,0,0,0,0,0.500,37.051,1159.000,4800.000,1577,56008,28875,12620,27133,14513,0.304,12.404,2.081,1577,5384970,8632529,1.355,10.591,0.551,12.994,56008,2805,826,23064,2805,0,0,195,195,354,195,0,0,1,0,4,5087,4144,4144,0,0,0,0,0,,disabled,,0,0,0,0,,1,Fixed Quality,Hybrid,85,30,9500,12000,640,360,H.264,480,270,518400,27138,518400,27138,0.052,0.000,,0,0,0.000,2.033,0.000,0.000,0.063,7250,6500,6500,24,24,0,1,9500,1.000,0,25.476,0.000,0,0,0.000,0.000,0,0,0,0,0.284,0.653,0.062,1,0,0,disabled,23,1,1,decoder-sync-observed,0,,0,0,27.572,22.853,0,,0.000,0.000,0.000,0.000,0,0,0,,0,0,0,5.378,0,1039,0.063,0.000,0.000,0.063,0.000,0.043,0.006,1,1,1,1,0,1,1,0,0,0,0,0,1.000,0.000,0.000,30,0,0.000,0,0,0,0.000,0.000,0.000,0.000,0.000,0.000,0.000,1.942,9.603,0,0,0,0,0,0,0,0,0.000,0.000,0.000,0.000,0.000,0.000,0,0.088,18.100,784,790,3478,89.181,201.719,19.927,201.719,13011.963,350,1,H.264,97.720,0,0,200.456,201.647,1.000,154.474,96.448,arrival-gap-jitter-spike,24152.666,0,1,1,1,1,37164.629,322.138,326.417,326.974,326.974,0,0,15,0,0,15,0,,,146.391,150.923,987,1,decoded,0,0,0,0,0,0,0,0,0,0,,103.040,0.000,105.821,0.000,0.000,0.000,142.794,stale-before-upload,0.001,1035,0.000,111.870,5.920,0.077,0.746,0.423,0.000,0.323,1,0,0,1,3,0.061,17.774,18.100,32.894,19.544,3.000,FrameFreshness,0,1,0,1.000,0,1,1,1,0.060,0.000,0.060,0,100,0,30752,28925,1772,0,1785
38.171,Custom_loss6_delay0-100_dup0_reorder6_burst0,Loopback,1,1,0,,,0.000,0,21,1065,25.714,23.233,22.248,113.048,102.977,56.255,55.685,9.835,0.060,0.226,29703,1906,27897,25991,4304,2398,441,1405,1095,310,60,0,25994,865,253,0,0,0,0,5.000,0,0,0,0,0,0,0,0,0,0,0,0,0,0,0,0.000,0.000,0.000,,812,812,3575,0,1,47.639,200.456,48.724,201.647,0.000,0.000,806,795,14533,1175,202,0,2882,4263,1066,1,nack-sent,pending,H.264,1,1,24,14,10,1,0,2,6,26,0,0,31553,6,0,0,0,0,0,66.950,330,441,310,299,310,0,63.087,25.797,110.580,2,0,1083,77,1160,0,373,39,0.428,0.572,0.934,1.000,0.095,44.000,0.000,1.000,0.000,insufficient-sample,0,0,0,0,0,0,2882,23720,0,0,0,0,23720,predicted-useful,,4690,0.000,380,1160,0,9,0,0,0,0,0,0,0,373,5208,373,5208,0,0,0,pacing,1,0.779,5.234,113.234,0,0,0,0,0,0,0,0,5217,3375,3831,0,1,9500000,1200000,7,0,7,31602,31595,38833789,1160,1442820,55,68420,0,0,0,0,0,4.516,37.051,600.500,4800.000,1622,57594,29697,13030,27897,14867,0.305,24.212,4.381,1622,6322236,9863389,2.352,4.475,0.470,15.169,57594,2882,851,23720,2882,0,0,200,200,363,200,0,0,1,0,4,5240,4263,4263,0,0,0,0,0,,disabled,,0,0,0,0,,1,Fixed Quality,Hybrid,85,30,9500,12000,640,360,H.264,480,270,518400,28178,518400,28178,0.054,0.000,,0,0,0.000,2.118,0.000,0.000,0.079,7250,6750,6750,25,25,0,1,9500,1.000,0,7.388,0.000,0,0,0.000,0.000,0,0,0,0,0.284,0.649,0.066,1,0,0,disabled,24,1,1,decoder-sync-observed,0,,0,0,11.080,23.729,0,,0.000,0.000,0.000,0.000,0,0,0,,0,0,0,10.276,0,1068,0.078,0.000,0.000,0.078,0.000,0.050,0.011,1,1,1,1,0,1,1,0,0,0,0,0,1.000,0.000,0.000,30,0,0.000,0,0,0,0.000,0.000,0.000,0.000,0.000,0.000,0.000,1.956,14.408,0,0,0,0,0,0,0,0,0.000,0.000,0.000,0.000,0.000,0.000,0,0.094,23.233,806,812,3575,48.757,201.719,19.927,201.719,13011.963,350,1,H.264,97.720,0,0,200.456,201.647,1.000,154.474,96.448,arrival-gap-jitter-spike,25158.937,0,1,1,1,1,38170.900,322.138,326.417,326.974,326.974,0,0,15,0,0,15,0,,,146.391,150.923,987,1,decoded,0,0,0,0,0,0,0,0,0,0,,102.011,0.000,104.891,3.762,0.000,120.923,136.524,stale-before-upload,0.001,1064,0.000,106.992,4.986,0.087,0.657,0.387,0.000,0.270,1,0,0,1,3,0.060,25.714,23.233,9.835,22.248,3.000,FrameFreshness,0,1,0,0.500,2,1,1,1,0.060,0.000,0.060,0,100,0,31633,29753,1833,0,1840
39.178,Custom_loss6_delay0-100_dup0_reorder6_burst0,Loopback,1,1,0,,,0.000,0,21,1093,20.784,19.343,18.956,105.692,102.759,69.293,56.074,34.054,0.060,0.227,30460,1942,28591,26649,4432,2467,454,1449,1130,319,62,0,26652,887,261,0,0,0,0,5.000,0,0,0,0,0,0,0,0,0,0,0,0,0,0,0,0.000,0.000,0.000,,832,832,3673,0,1,77.130,200.456,78.036,201.647,0.000,0.000,825,815,14935,1206,208,0,2955,4385,1094,1,fec-recovered,pending,H.264,1,1,22,22,0,6,5,2,3,8,1,1,32353,9,32374,2,0,0,0,76.737,345,454,319,305,319,0,62.850,25.876,110.580,2,0,1120,82,1202,0,383,41,0.432,0.568,0.932,1.000,0.097,40.000,0.471,0.529,0.500,retransmit-late,0,0,0,0,0,0,2955,24244,0,0,0,0,24244,predicted-useful,,4813,0.591,391,1202,0,9,0,0,0,0,0,0,0,383,5349,383,5349,0,0,0,pacing,1,0.767,6.511,114.511,0,0,0,0,0,0,0,0,5358,3465,3934,1,1,9500000,1200000,2,0,2,32395,32393,39816418,1202,1495068,65,80860,0,0,0,0,0,7.217,37.051,977.312,1474.650,1664,59030,30444,13399,28586,15187,0.306,21.369,2.232,1664,5168826,8165880,1.407,6.188,0.422,10.099,59030,2955,871,24244,2955,0,0,206,206,373,206,0,0,1,0,4,5382,4385,4385,0,0,0,0,0,,disabled,,0,0,0,0,,1,Fixed Quality,Hybrid,85,30,9500,12000,640,360,H.264,480,270,518400,26096,518400,26096,0.050,0.000,,0,0,0.000,1.929,0.000,0.000,0.066,6000,6250,6250,26,26,0,1,9500,0.820,1,16.264,0.000,0,0,3.590,0.000,3732,0,0,0,0.000,0.000,1.000,1,0,0,latency-pressure-freshness-hold,22,1,1,decoder-sync-observed,0,,0,0,19.701,21.976,0,,0.000,0.000,0.000,0.000,0,0,0,,0,0,0,5.192,0,1096,0.066,0.000,0.000,0.066,0.000,0.044,0.007,1,1,1,1,0,1,1,0,0,0,0,0,1.000,0.000,0.000,27,0,0.000,0,0,0,0.000,0.000,0.000,0.000,0.000,0.000,0.000,1.833,9.803,0,0,0,0,0,0,0,0,0.000,0.000,0.000,0.000,0.000,0.000,0,0.086,19.343,825,832,3673,78.181,201.719,19.927,201.719,13011.963,350,1,H.264,97.720,0,0,200.456,201.647,1.000,154.474,96.448,arrival-gap-jitter-spike,26165.735,0,1,1,1,1,39177.698,322.138,326.417,326.974,326.974,0,0,16,0,0,16,1,latency-pressure freshness,latency-over-80ms,145.750,150.923,1071,1,H.264,0,0,0,0,0,0,0,0,0,0,,98.107,0.000,100.762,0.000,0.000,0.000,132.846,stale-after-h264-decode,0.001,1093,0.000,104.919,4.315,0.077,0.630,0.392,0.000,0.239,1,0,0,1,3,0.060,20.784,19.343,34.054,18.956,3.000,FrameFreshness,0,1,0,1.000,1,1,1,1,0.060,0.000,0.060,0,100,0,32432,30512,1880,0,1880
40.178,Custom_loss6_delay0-100_dup0_reorder6_burst0,Loopback,1,1,0,,,0.000,0,21,1118,25.271,21.702,21.853,79.621,102.791,34.940,55.487,10.824,0.060,0.226,31180,1994,29272,27278,4543,2524,462,1495,1161,334,62,0,27281,909,265,0,0,0,0,5.000,0,0,0,0,0,0,0,0,0,0,0,0,0,0,0,0.000,0.000,0.000,,853,853,3769,0,1,27.583,200.456,28.747,201.647,0.000,0.000,845,834,15298,1243,211,0,3024,4491,1120,1,fec-parity,pending,H.264,1,1,23,15,8,2,0,2,9,26,0,0,33133,11,0,0,0,0,0,75.697,356,462,334,320,334,0,62.428,25.743,110.580,2,0,1154,87,1241,0,399,42,0.435,0.565,0.930,1.000,0.095,45.000,0.286,0.714,0.000,duplicate-guard,0,0,0,0,0,0,3024,24822,0,0,0,0,24822,predicted-useful,,4927,0.391,404,1241,0,9,0,0,0,0,0,0,0,396,5507,396,5507,0,0,0,pacing,1,0.693,8.333,116.333,0,0,0,0,0,0,0,0,5516,3542,4026,1,1,9500000,1200000,2,0,2,33172,33170,40775002,1241,1543584,68,84592,0,0,0,0,0,8.380,37.051,878.938,2583.150,1703,60448,31176,13702,29272,15570,0.305,13.476,0.250,1703,5265738,8165736,1.504,-1.920,0.430,10.749,60448,3024,893,24822,3024,0,0,209,209,377,209,0,0,1,0,4,5511,4491,4491,0,0,0,0,0,,disabled,,0,0,0,0,,1,Fixed Quality,Hybrid,85,30,9500,12000,640,360,H.264,480,270,518400,27136,518400,27136,0.052,0.000,,0,0,0.000,1.934,0.000,0.000,0.066,6250,6500,6500,27,27,0,1,9500,0.880,1,12.279,0.000,0,0,0.000,0.000,0,0,0,0,0.287,0.643,0.070,1,0,0,latency-pressure-freshness-hold,23,1,1,decoder-sync-observed,0,,0,0,0.099,22.851,0,,0.000,0.000,0.000,0.000,0,0,0,,0,0,0,5.189,0,1122,0.066,0.000,0.000,0.066,0.000,0.043,0.009,1,1,1,1,0,1,1,0,0,0,0,0,1.000,0.000,0.000,27,0,0.000,0,0,0,0.000,0.000,0.000,0.000,0.000,0.000,0.000,1.839,9.317,0,0,0,0,0,0,0,0,0.000,0.000,0.000,0.000,0.000,0.000,0,0.097,21.702,845,853,3769,28.645,201.719,19.927,201.719,13011.963,350,1,H.264,97.720,0,0,200.456,201.647,1.000,154.474,96.448,arrival-gap-jitter-spike,27166.077,0,1,1,1,1,40178.040,322.138,326.417,326.974,326.974,0,0,18,0,0,18,2,true-stale-frame freshness,frame-age-threshold,145.236,150.923,1111,1,H.264,0,0,0,0,0,0,0,0,0,0,,102.365,0.000,105.204,0.000,0.000,0.000,120.000,stale-after-h264-decode,0.001,1118,0.000,107.238,4.931,0.075,0.622,0.346,0.000,0.277,1,0,0,1,3,0.060,25.271,21.702,10.824,21.853,3.000,FrameFreshness,0,1,0,0.000,1,2,2,1,0.060,0.000,0.060,0,100,0,33210,31234,1926,0,1927
41.185,Custom_loss6_delay0-100_dup0_reorder6_burst0,Loopback,1,1,0,,,0.000,0,21,1146,21.444,23.291,21.655,97.459,102.757,4.720,54.115,25.847,0.060,0.226,31949,2057,30010,27953,4651,2579,478,1529,1187,342,65,0,27956,931,272,0,0,0,0,5.000,0,0,0,0,0,0,0,0,0,0,0,0,0,0,0,0.000,0.000,0.000,,874,874,3868,0,1,40.196,200.456,41.189,201.647,0.000,0.000,866,855,15675,1273,218,0,3096,4598,1147,1,fec-parity,pending,H.264,1,1,24,15,9,5,1,2,2,20,0,0,33956,11,0,0,0,0,0,56.552,365,478,342,328,342,0,62.295,25.857,110.580,3,0,1188,89,1277,0,407,47,0.433,0.567,0.930,1.000,0.104,34.000,0.167,0.833,1.000,retransmit-late,0,0,0,0,0,0,3096,25459,0,0,0,0,25459,predicted-useful,,5044,0.375,416,1277,0,9,0,0,0,0,0,0,0,408,5666,408,5666,0,0,0,pacing,1,0.667,4.924,112.924,0,0,0,0,0,0,0,0,5675,3624,4122,0,1,9500000,1200000,0,0,0,33970,33970,41758400,1277,1588368,69,85836,0,0,0,0,0,11.651,37.051,1392.938,2107.350,1745,61952,31942,14088,30010,15922,0.306,14.747,1.894,1745,5602997,9210911,1.565,-30.220,0.485,14.195,61952,3096,915,25459,3096,0,0,215,215,387,215,0,0,1,0,4,5647,4598,4598,0,0,0,0,0,,disabled,,0,0,0,0,,1,Fixed Quality,Hybrid,85,30,9500,12000,640,360,H.264,480,270,518400,0,518400,28178,0.054,0.000,,0,0,0.000,5.356,0.000,4.530,0.769,7250,6750,6750,28,28,0,1,9500,1.000,0,11.651,0.000,0,0,0.000,0.000,0,0,0,0,0.286,0.644,0.070,1,0,0,disabled,0,0,0,async-output-pending,0,,0,0,0.000,0.000,0,,0.000,0.000,0.000,0.000,0,0,0,,0,0,0,0.000,1,0,0.761,0.288,0.472,0.000,0.000,0.000,0.000,0,0,1,1,1,0,0,1,1,0,0,0,1.000,0.000,0.000,30,0,0.000,0,0,0,0.000,0.000,0.000,0.000,0.000,0.000,0.000,0.000,9.929,0,0,0,0,0,0,0,0,0.000,0.000,0.000,0.000,0.000,0.000,0,0.097,23.290,866,874,3868,41.289,201.719,19.927,201.719,13011.963,350,1,H.264,97.720,0,0,200.456,201.647,1.000,154.474,96.448,arrival-gap-jitter-spike,28173.130,0,1,1,1,1,41185.093,322.138,326.417,326.974,326.974,0,0,18,0,0,18,0,,,145.236,150.923,1111,1,H.264,0,0,0,0,0,0,0,0,0,0,,99.325,0.000,102.227,0.000,0.000,0.000,128.730,stale-after-h264-decode,0.001,1146,0.000,106.031,3.687,0.082,0.814,0.558,0.000,0.257,1,0,0,1,3,0.061,21.444,23.291,25.847,21.655,3.000,FrameFreshness,0,1,0,1.000,1,1,1,1,0.060,0.000,0.060,0,100,0,34011,32006,1970,0,1979
42.191,Custom_loss6_delay0-100_dup0_reorder6_burst0,Loopback,1,1,0,,,0.000,0,21,1173,19.929,18.948,19.980,105.932,102.806,46.195,53.906,14.583,0.060,0.226,32679,2086,30669,28583,4775,2644,499,1564,1213,351,68,0,28586,952,278,0,0,0,0,5.000,0,0,0,0,0,0,0,0,0,0,0,0,0,0,0,0.000,0.000,0.000,,895,895,3962,0,1,34.476,200.456,35.596,201.647,0.000,0.000,886,875,16062,1303,224,0,3173,4707,1174,1,fec-recovered,pending,H.264,1,1,22,20,2,5,5,3,9,37,1,1,34723,18,34764,0,0,0,0,82.544,375,499,351,335,351,0,62.062,26.070,110.580,3,0,1228,89,1317,0,413,49,0.429,0.571,0.932,1.000,0.106,34.000,0.143,0.857,0.500,retransmit-late,0,0,0,0,0,0,3173,26120,0,0,0,0,26120,predicted-useful,,5168,0.227,429,1317,0,9,0,0,0,0,0,0,0,420,5811,420,5811,0,0,0,pacing,1,0.679,3.179,111.179,0,0,0,0,0,0,0,0,5820,3711,4224,1,1,9500000,1200000,9,0,9,34753,34744,42713291,1317,1638128,71,88324,0,0,0,0,0,0.463,37.051,976.125,4800.000,1783,63341,32672,14387,30669,16282,0.306,39.111,2.359,1783,5380588,8367748,2.150,41.475,0.399,22.030,63341,3173,935,26120,3173,0,0,221,221,396,221,0,0,1,0,4,5781,4707,4707,0,0,0,0,0,,disabled,,0,0,0,0,,1,Fixed Quality,Hybrid,85,30,9500,12000,640,360,H.264,480,270,518400,26094,518400,26094,0.050,0.000,,0,0,0.000,2.042,0.000,0.000,0.079,6000,6250,6250,29,29,0,1,9500,0.839,1,16.333,0.000,0,0,0.000,0.000,0,0,0,0,0.285,0.648,0.068,1,0,0,latency-pressure-freshness-hold,22,1,1,decoder-sync-observed,0,,0,0,18.072,21.974,0,,0.000,0.000,0.000,0.000,0,0,0,,0,0,0,11.920,0,1176,0.078,0.000,0.000,0.078,0.000,0.052,0.011,1,1,1,1,0,1,1,0,0,0,0,0,1.000,0.000,0.000,27,0,0.000,0,0,0,0.000,0.000,0.000,0.000,0.000,0.000,0.000,1.926,16.800,0,0,0,0,0,0,0,0,0.000,0.000,0.000,0.000,0.000,0.000,0,0.088,18.948,886,895,3962,35.513,201.719,19.927,201.719,13011.963,350,1,H.264,97.720,0,0,200.456,201.647,1.000,154.474,96.448,arrival-gap-jitter-spike,29179.222,0,1,1,1,1,42191.185,322.138,326.417,326.974,326.974,0,0,19,0,0,19,1,latency-pressure freshness,latency-over-80ms,150.476,150.923,1147,1,H.264,0,0,0,0,0,0,0,0,0,0,,102.663,0.000,105.222,0.000,0.000,0.000,132.966,stale-before-decode,0.001,1173,0.000,110.674,5.320,0.077,0.585,0.342,0.000,0.243,1,0,0,1,3,0.060,19.929,18.948,14.583,19.980,3.000,FrameFreshness,0,1,0,3.000,1,3,3,1,0.060,0.000,0.060,0,100,0,34786,32734,2019,0,2024
43.191,Custom_loss6_delay0-100_dup0_reorder6_burst0,Loopback,1,1,0,,,0.000,0,21,1198,21.023,22.916,21.146,86.046,102.732,46.195,53.906,28.402,0.060,0.224,33408,2147,31361,29214,4887,2708,506,1604,1244,360,69,0,29217,974,281,0,0,0,0,5.000,0,0,0,0,0,0,0,0,0,0,0,0,0,0,0,0.000,0.000,0.000,,917,917,4057,0,1,18.129,200.456,19.165,201.647,0.000,0.000,908,897,16413,1334,227,0,3242,4814,1201,1,nack-sent,pending,H.264,1,1,23,10,13,1,0,1,0,13,0,0,35521,12,0,0,0,0,0,51.539,384,506,360,344,360,0,62.163,26.043,110.580,3,0,1253,93,1346,0,426,50,0.431,0.569,0.931,1.000,0.105,45.000,0.500,0.500,0.167,duplicate-guard,0,0,0,0,0,0,3242,26633,0,0,0,0,26633,predicted-useful,,5283,0.304,438,1346,0,9,0,0,0,0,0,0,0,429,5933,429,5933,0,0,0,pacing,1,0.707,9.318,117.318,0,0,0,0,0,0,0,0,5942,3793,4317,0,1,9500000,1200000,0,0,0,35524,35524,43674713,1346,1674204,75,93300,0,0,0,0,0,17.904,37.051,9588.500,4800.000,1823,64744,33396,14692,31348,16656,0.306,22.984,2.466,1823,5343743,8880796,1.423,41.475,0.475,19.361,64744,3240,957,26619,3240,0,0,224,224,400,224,0,0,1,0,4,5906,4814,4814,0,0,0,0,0,,disabled,,0,0,0,0,,1,Fixed Quality,Hybrid,85,30,9500,12000,640,360,H.264,480,270,518400,0,518400,27136,0.052,0.000,,0,0,0.000,4.804,0.000,3.955,0.813,7250,6500,6500,30,30,0,1,9500,1.000,0,17.904,0.000,0,0,0.000,0.000,0,0,0,0,0.285,0.646,0.069,1,0,0,disabled,0,0,0,async-output-pending,0,,0,0,0.000,0.000,0,,0.000,0.000,0.000,0.000,0,0,0,,0,0,0,0.000,1,0,0.806,0.173,0.631,0.000,0.000,0.000,0.000,0,0,1,1,1,0,0,1,1,0,0,0,1.000,0.000,0.000,30,0,0.000,0,0,0,0.000,0.000,0.000,0.000,0.000,0.000,0.000,0.000,20.261,0,0,0,0,0,0,0,0,0.000,0.000,0.000,0.000,0.000,0.000,0,0.091,22.916,908,917,4057,19.284,201.719,19.927,201.719,13011.963,350,1,H.264,97.720,0,0,200.456,201.647,1.000,154.474,96.448,arrival-gap-jitter-spike,30179.536,0,1,1,1,1,43191.499,322.138,326.417,326.974,326.974,0,0,19,0,0,19,0,,,150.476,150.923,1147,1,H.264,0,0,0,0,0,0,0,0,0,0,,100.569,0.000,103.436,0.000,0.000,0.000,123.023,stale-before-decode,0.001,1198,0.000,108.707,5.133,0.073,0.549,0.258,0.000,0.291,1,0,0,1,3,0.060,21.023,22.916,28.402,21.146,3.000,FrameFreshness,0,1,0,0.000,0,1,1,1,0.060,0.000,0.060,0,100,0,35567,33467,2058,0,2076
44.198,Custom_loss6_delay0-100_dup0_reorder6_burst0,Loopback,1,1,0,,,0.000,0,21,1225,27.295,23.696,25.510,125.938,102.703,54.532,53.922,28.743,0.060,0.221,34182,2192,32073,29881,4992,2764,511,1647,1277,370,70,0,29884,999,283,0,0,0,0,5.000,0,0,0,0,0,0,0,0,0,0,0,0,0,0,0,0.000,0.000,0.000,,942,942,4153,0,1,64.428,200.456,65.380,201.647,0.000,0.000,933,921,16778,1369,229,0,3313,4925,1227,1,nack-sent,pending,H.264,1,1,23,18,5,5,3,3,3,19,0,0,36294,0,0,0,0,0,0,89.888,395,511,370,354,370,0,62.124,26.162,110.580,3,0,1279,100,1379,0,435,50,0.436,0.564,0.927,1.000,0.103,45.000,0.417,0.583,0.000,duplicate-guard,0,0,0,0,0,0,3313,27144,0,0,0,0,27144,predicted-useful,,5405,0.391,449,1379,0,9,0,0,0,0,0,0,0,440,6083,440,6083,0,0,0,pacing,1,0.722,9.903,117.903,0,0,0,0,0,0,0,0,6092,3879,4416,0,1,9500000,1200000,10,0,10,36369,36359,44702235,1379,1715256,75,93300,0,0,0,0,0,0.539,37.051,852.625,2554.950,1865,66230,34166,14946,32064,17118,0.304,2.812,1.308,1865,5156072,8180737,1.992,34.847,0.499,13.392,66230,3312,982,27139,3312,0,0,226,226,403,226,0,0,1,0,4,6036,4925,4925,0,0,0,0,0,,disabled,,0,0,0,0,,1,Fixed Quality,Hybrid,85,30,9500,12000,640,360,H.264,480,270,518400,27138,518400,27138,0.052,0.000,,0,0,0.000,2.054,0.000,0.000,0.077,6750,6500,6500,30,30,0,1,9500,0.927,1,9.536,0.000,0,0,0.000,0.000,0,0,0,0,0.286,0.641,0.073,1,0,0,latency-pressure-freshness-hold,23,1,1,decoder-sync-observed,0,,0,0,0.419,22.853,0,,0.000,0.000,0.000,0.000,0,0,0,,0,0,0,6.415,0,1230,0.076,0.000,0.000,0.076,0.000,0.051,0.009,1,1,1,1,0,1,1,0,0,0,0,0,1.000,0.000,0.000,27,0,0.000,0,0,0,0.000,0.000,0.000,0.000,0.000,0.000,0.000,1.946,10.344,0,0,0,0,0,0,0,0,0.000,0.000,0.000,0.000,0.000,0.000,0,0.143,23.697,933,942,4153,65.865,201.719,19.927,201.719,13011.963,350,1,H.264,97.720,0,0,200.456,201.647,1.000,154.474,96.448,arrival-gap-jitter-spike,31186.456,0,1,1,1,1,44198.419,322.138,326.417,326.974,326.974,0,0,20,0,0,20,1,latency-pressure freshness,latency-over-80ms,125.093,150.923,1207,1,decoded,0,0,0,0,0,0,0,0,0,0,,105.558,0.000,108.454,0.000,0.000,0.000,142.969,stale-before-upload,0.001,1225,0.000,114.039,5.457,0.081,0.700,0.402,0.000,0.298,1,0,0,1,3,0.060,27.295,23.696,28.743,25.510,1.000,RecoveryDeadline,0,1,0,1.000,0,1,1,1,0.060,0.000,0.060,0,100,0,36403,34242,2108,0,2119
45.205,Custom_loss6_delay0-100_dup0_reorder6_burst0,Loopback,1,1,0,,,0.000,0,21,1254,23.681,22.731,23.690,94.938,102.633,42.652,53.641,7.847,0.060,0.220,34961,2244,32815,30571,5097,2819,517,1691,1315,376,70,0,30574,1023,289,0,0,0,0,5.000,0,0,0,0,0,0,0,0,0,0,0,0,0,0,0,0.000,0.000,0.000,,965,965,4247,0,1,33.332,200.456,34.382,201.647,0.000,0.000,956,944,17151,1399,234,0,3385,5041,1255,1,fec-recovered,pending,H.264,1,1,24,20,4,5,3,2,7,23,0,1,37166,23,37205,4,0,0,0,70.723,401,517,376,360,376,0,62.117,26.041,110.580,3,0,1297,100,1397,0,447,50,0.437,0.563,0.928,1.000,0.101,44.000,1.000,0.000,0.000,insufficient-sample,0,0,0,0,0,0,3385,27747,0,0,0,0,27747,predicted-useful,,5527,0.167,455,1397,0,9,0,0,0,0,0,0,0,446,6169,446,6169,0,0,0,pacing,1,0.690,5.181,113.181,0,0,0,0,0,0,0,0,6178,3968,4513,1,1,9500000,1200000,11,0,11,37191,37180,45709417,1397,1737648,75,93300,0,0,0,0,0,0.705,37.051,154.000,4800.000,1910,67766,34951,15294,32815,17521,0.304,8.423,0.416,1910,5011660,8089782,1.046,25.502,0.506,11.712,67766,3385,1006,27747,3385,0,0,231,231,417,231,0,0,1,0,4,6174,5041,5041,0,0,0,0,0,,disabled,,0,0,0,0,,1,Fixed Quality,Hybrid,85,30,9500,12000,640,360,H.264,480,270,518400,28178,518400,28178,0.054,0.000,,0,0,0.000,2.071,0.000,0.000,0.062,7250,6750,6750,31,31,0,1,9500,1.000,0,15.237,0.000,0,0,0.000,0.000,0,0,0,0,0.287,0.641,0.072,1,0,0,disabled,24,1,1,decoder-sync-observed,0,,0,0,17.157,23.729,0,,0.000,0.000,0.000,0.000,0,0,0,,0,0,0,6.182,0,1257,0.062,0.000,0.000,0.061,0.000,0.041,0.007,1,1,1,1,0,1,1,0,0,0,0,0,1.000,0.000,0.000,30,0,0.000,0,0,0,0.000,0.000,0.000,0.000,0.000,0.000,0.000,1.978,10.140,0,0,0,0,0,0,0,0,0.000,0.000,0.000,0.000,0.000,0.000,0,0.089,22.731,956,965,4247,34.530,201.719,19.927,201.719,13011.963,350,1,H.264,97.720,0,0,200.456,201.647,1.000,154.474,96.448,arrival-gap-jitter-spike,32193.431,0,1,1,1,1,45205.394,322.138,326.417,326.974,326.974,0,0,20,0,0,20,0,,,125.093,150.923,1207,1,decoded,0,0,0,0,0,0,0,0,0,0,,101.324,0.000,104.280,0.000,0.000,0.000,127.469,stale-before-upload,0.000,1254,0.000,110.530,6.114,0.073,0.782,0.462,0.000,0.320,1,0,0,1,3,0.060,23.681,22.731,7.847,23.690,1.000,RecoveryDeadline,0,1,0,0.667,3,2,2,1,0.060,0.000,0.060,0,100,0,37225,35019,2163,0,2155
46.210,Custom_loss6_delay0-100_dup0_reorder6_burst0,Loopback,1,1,0,,,0.000,0,21,1283,26.315,21.376,17.059,95.609,102.625,14.336,52.682,3.267,0.060,0.221,35744,2298,33565,31267,5203,2880,528,1725,1344,381,70,0,31270,1048,297,0,0,0,0,5.000,0,0,0,0,0,0,0,0,0,0,0,0,0,0,0,0.000,0.000,0.000,,986,986,4347,0,1,33.718,200.456,34.734,201.647,0.000,0.000,976,964,17527,1429,238,0,3462,5154,1284,1,fec-parity,pending,H.264,1,1,22,18,4,4,2,2,5,15,2,0,38010,1,38010,1,0,0,0,73.010,411,528,381,365,381,0,62.165,25.981,110.580,3,0,1323,104,1427,0,458,50,0.438,0.562,0.927,1.000,0.098,45.000,0.286,0.714,0.000,duplicate-guard,0,0,0,0,0,0,3462,28348,0,0,0,0,28348,predicted-useful,,5655,0.182,465,1427,0,9,0,0,0,0,0,0,0,456,6322,456,6322,0,0,0,pacing,1,0.783,12.227,120.227,0,0,0,0,0,0,0,0,6331,4060,4617,1,1,9500000,1200000,9,0,9,38022,38013,46732106,1427,1774968,76,94544,0,0,0,0,0,0.819,37.051,1055.688,4800.000,1951,69282,35723,15626,33559,17933,0.304,21.789,1.940,1951,5923450,8754831,2.244,14.738,0.495,11.252,69282,3462,1030,28348,3462,0,0,235,235,424,235,0,0,1,0,4,6305,5154,5154,0,0,0,0,0,,disabled,,0,0,0,0,,1,Fixed Quality,Hybrid,85,30,9500,12000,640,360,H.264,480,270,518400,26096,518400,26096,0.050,0.000,,0,0,0.000,1.883,0.000,0.000,0.073,6000,6250,6250,32,32,0,1,9500,0.820,1,8.367,0.000,0,0,0.000,0.000,0,0,0,0,1.000,0.000,0.000,1,0,0,latency-pressure-freshness-hold,22,1,1,decoder-sync-observed,0,,0,0,10.254,21.976,0,,0.000,0.000,0.000,0.000,0,0,0,,0,0,0,4.835,0,1286,0.072,0.000,0.000,0.072,0.000,0.049,0.007,1,1,1,1,0,1,1,0,0,0,0,0,1.000,0.000,0.000,27,0,0.000,0,0,0,0.000,0.000,0.000,0.000,0.000,0.000,0.000,1.770,9.880,0,0,0,0,0,0,0,0,0.000,0.000,0.000,0.000,0.000,0.000,0,0.102,21.376,976,986,4347,34.754,201.719,19.927,201.719,13011.963,350,1,H.264,97.720,0,0,200.456,201.647,1.000,154.474,96.448,arrival-gap-jitter-spike,33198.943,0,1,1,1,1,46210.906,322.138,326.417,326.974,326.974,0,0,21,0,0,21,1,latency-pressure freshness,latency-over-80ms,155.833,155.833,1270,1,H.264,0,0,0,0,0,0,0,0,0,0,,97.097,0.000,98.385,0.000,0.000,0.000,127.804,stale-before-decode,0.001,1283,0.000,104.261,5.719,0.089,0.360,0.003,0.000,0.357,1,0,0,1,3,0.060,26.315,21.376,3.267,17.059,3.000,FrameFreshness,0,1,0,0.000,2,4,4,1,0.060,0.000,0.060,0,100,0,38059,35807,2209,0,2210
47.212,Custom_loss6_delay0-100_dup0_reorder6_burst0,Loopback,1,1,0,,,0.000,0,21,1309,25.750,26.223,25.389,115.397,102.630,69.070,53.072,36.338,0.060,0.217,36467,2335,34235,31900,5304,2932,534,1768,1380,388,70,0,31903,1074,298,0,0,0,0,5.000,0,0,0,0,0,0,0,0,0,0,0,0,0,0,0,0.000,0.000,0.000,,1011,1011,4441,0,1,74.180,200.456,75.174,201.647,0.000,0.000,1001,989,17867,1462,238,0,3529,5256,1311,1,nack-sent,pending,H.264,1,1,22,6,16,3,0,1,0,16,0,0,38769,2,0,0,0,0,0,45.467,421,534,388,372,388,0,62.291,25.876,110.580,3,0,1346,110,1456,0,472,50,0.441,0.559,0.924,1.000,0.096,45.000,0.500,0.500,0.000,stable,0,0,0,0,0,0,3529,28823,0,0,0,0,28823,predicted-useful,,5773,0.727,474,1456,0,12,0,0,0,0,0,0,0,466,6454,466,6454,0,0,0,pacing,1,0.780,7.980,115.980,0,0,0,0,0,0,0,0,6466,4140,4709,1,1,9500000,1200000,10,0,10,38780,38770,47667144,1456,1811044,79,98276,0,0,0,0,0,0.632,37.051,1100.812,1097.550,1990,70688,36461,15938,34227,18289,0.304,29.165,2.948,1990,4282352,7160595,1.875,22.737,0.430,20.504,70688,3529,1056,28823,3529,0,0,235,235,424,235,0,0,1,0,4,6427,5256,5256,0,0,0,0,0,,disabled,,0,0,0,0,,1,Fixed Quality,Hybrid,85,30,9500,12000,640,360,H.264,480,270,518400,27392,518400,27392,0.053,0.000,,0,0,0.000,1.958,0.000,0.000,0.074,7000,6500,6500,33,33,0,1,9500,0.960,1,12.520,0.000,0,0,3.539,0.000,3732,0,0,0,0.000,0.000,1.000,1,0,0,fixed-pacing-queue-hold,23,1,1,decoder-sync-observed,0,,0,0,14.348,23.067,0,,0.000,0.000,0.000,0.000,0,0,0,,0,0,0,8.195,0,1312,0.074,0.000,0.000,0.074,0.000,0.051,0.007,1,1,1,1,0,1,1,0,0,0,0,0,1.000,0.000,0.000,24,0,0.000,0,0,0,0.000,0.000,0.000,0.000,0.000,0.000,0.000,1.836,12.990,0,0,0,0,0,0,0,0,0.000,0.000,0.000,0.000,0.000,0.000,0,0.101,26.223,1001,1011,4441,75.228,201.719,19.927,201.719,13011.963,350,1,H.264,97.720,0,0,200.456,201.647,1.000,154.474,96.448,arrival-gap-jitter-spike,34200.232,0,1,1,1,1,47212.195,322.138,326.417,326.974,326.974,0,0,21,0,0,21,0,,,155.833,155.833,1270,1,H.264,0,0,0,0,0,0,0,0,0,0,,102.492,0.000,105.210,0.000,0.000,0.000,142.698,stale-before-decode,0.001,1309,0.000,111.884,6.526,0.084,0.774,0.536,0.000,0.239,1,0,0,1,3,0.060,25.750,26.223,36.338,25.389,3.000,FrameFreshness,0,1,0,0.000,3,1,1,1,0.060,0.000,0.060,0,100,0,38817,36527,2249,0,2255
48.219,Custom_loss6_delay0-100_dup0_reorder6_burst0,Loopback,1,1,0,,,0.000,0,21,1337,19.779,22.689,15.779,80.939,102.623,27.820,52.485,15.894,0.061,0.218,37229,2402,34958,32556,5407,2989,540,1805,1410,395,73,0,32559,1096,305,0,0,0,0,5.000,0,0,0,0,0,0,0,0,0,0,0,0,0,0,0,0.000,0.000,0.000,,1032,1032,4547,0,1,33.664,200.456,34.665,201.647,0.000,0.000,1022,1009,18244,1491,245,0,3601,5369,1338,1,fec-recovered,pending,H.264,1,1,23,12,11,2,1,1,2,14,0,0,39599,22,0,0,0,0,0,48.658,429,540,395,379,395,0,62.149,26.061,110.580,4,0,1368,118,1486,0,478,52,0.443,0.557,0.921,1.000,0.098,39.000,0.500,0.333,0.750,retransmit-late,0,0,0,0,0,0,3601,29384,0,0,0,0,29384,predicted-useful,,5891,0.957,484,1486,0,12,0,0,0,0,0,0,0,476,6587,476,6587,0,0,0,pacing,1,0.745,5.697,113.697,0,0,0,0,0,0,0,0,6599,4225,4806,1,1,9500000,1200000,0,0,0,39593,39593,48679578,1486,1848364,79,98276,0,0,0,0,0,15.156,37.051,6562.750,1240.650,2031,72183,37225,16352,34958,18606,0.305,5.371,1.063,2031,4615197,7750383,1.410,9.940,0.505,10.647,72183,3601,1078,29384,3601,0,0,241,241,433,241,0,0,1,0,4,6569,5369,5369,0,0,0,0,0,,disabled,,0,0,0,0,,1,Fixed Quality,Hybrid,85,30,9500,12000,640,360,H.264,480,270,518400,27136,518400,27136,0.052,0.000,,0,0,0.000,2.017,0.000,0.000,0.081,6250,6500,6500,33,33,0,1,9500,0.880,1,15.156,0.000,0,0,3.544,0.000,3732,0,0,0,0.000,0.000,1.000,1,0,0,latency-pressure-freshness-hold,23,1,1,decoder-sync-observed,0,,0,0,21.902,22.851,0,,0.000,0.000,0.000,0.000,0,0,0,,0,0,0,6.118,0,1339,0.080,0.000,0.000,0.080,0.000,0.054,0.009,1,1,1,1,0,1,1,0,0,0,0,0,1.000,0.000,0.000,27,0,0.000,0,0,0,0.000,0.000,0.000,0.000,0.000,0.000,0.000,1.876,10.350,0,0,0,0,0,0,0,0,0.000,0.000,0.000,0.000,0.000,0.000,0,0.094,22.689,1022,1032,4547,34.641,201.719,19.927,201.719,13011.963,350,1,H.264,97.720,0,0,200.456,201.647,1.000,154.474,96.448,arrival-gap-jitter-spike,35207.201,0,1,1,1,1,48219.164,322.138,326.417,326.974,326.974,0,0,22,0,0,22,1,latency-pressure freshness,latency-over-80ms,138.052,155.833,1321,1,decoded,0,0,0,0,0,0,0,0,0,0,,95.589,0.000,98.413,0.000,0.000,0.000,120.469,stale-before-upload,0.001,1337,0.000,103.922,5.812,0.076,0.647,0.308,0.000,0.339,1,0,0,1,3,0.061,19.779,22.689,15.894,15.779,3.000,FrameFreshness,0,1,0,0.000,0,3,3,1,0.060,0.000,0.060,0,100,0,39641,37293,2299,0,2294
49.221,Custom_loss6_delay0-100_dup0_reorder6_burst0,Loopback,1,1,0,,,0.000,0,21,1363,15.935,17.365,15.566,104.555,102.608,69.428,52.870,44.596,0.060,0.219,37907,2422,35572,33150,5516,3044,549,1850,1440,410,73,0,33153,1114,312,0,0,0,0,5.000,0,0,0,0,0,0,0,0,0,0,0,0,0,0,0,0.000,0.000,0.000,,1049,1049,4639,0,1,86.443,200.456,87.398,201.647,0.000,0.000,1039,1025,18567,1524,251,0,3668,5458,1364,1,retransmit-duplicate,pending,H.264,1,1,21,19,2,3,3,2,8,21,1,2,40298,2,40298,2,40298,2,1,65.823,439,549,410,394,410,0,62.005,26.472,110.580,4,0,1402,111,1513,0,490,53,0.444,0.556,0.927,1.000,0.098,40.000,0.400,0.600,0.333,retransmit-late,0,0,0,0,0,0,3668,29891,0,0,0,0,29891,predicted-useful,,6002,0.381,493,1513,0,12,0,0,0,0,0,0,0,485,6701,485,6701,0,0,0,pacing,1,0.740,7.013,115.013,0,0,0,0,0,0,0,0,6713,4308,4900,1,1,9500000,1200000,6,0,6,40302,40296,49547991,1513,1881952,79,98276,0,0,0,0,0,1.723,37.051,884.000,4800.000,2068,73464,37902,16639,35562,18923,0.305,24.886,0.025,2068,4760692,7603884,0.561,16.274,0.449,17.811,73464,3668,1095,29891,3668,0,0,247,247,442,247,0,0,1,0,4,6678,5458,5458,0,0,0,0,0,,disabled,,0,0,0,0,,1,Fixed Quality,Hybrid,85,30,9500,12000,640,360,H.264,480,270,518400,25054,518400,25054,0.048,0.000,,0,0,0.000,1.928,0.000,0.000,0.090,6000,6000,6000,34,34,0,1,9500,0.820,1,7.114,0.000,0,0,0.000,0.000,0,0,0,0,0.000,1.000,0.000,1,0,0,latency-pressure-freshness-hold,21,1,1,decoder-sync-observed,0,,0,0,8.987,21.098,0,,0.000,0.000,0.000,0.000,0,0,0,,0,0,0,6.329,0,1366,0.090,0.000,0.000,0.089,0.000,0.062,0.009,1,1,1,1,0,1,1,0,0,0,0,0,1.000,0.000,0.000,27,0,0.000,0,0,0,0.000,0.000,0.000,0.000,0.000,0.000,0.000,1.746,10.420,0,0,0,0,0,0,0,0,0.000,0.000,0.000,0.000,0.000,0.000,0,0.104,17.365,1039,1049,4639,87.412,201.719,19.927,201.719,13011.963,350,1,H.264,97.720,0,0,200.456,201.647,1.000,154.474,96.448,arrival-gap-jitter-spike,36209.379,0,1,1,1,1,49221.342,322.138,326.417,326.974,326.974,0,0,23,0,0,23,1,latency-pressure freshness,latency-over-80ms,145.823,155.833,1344,1,decoded,0,0,0,0,0,0,0,0,0,0,,97.870,0.000,100.555,0.000,0.000,0.000,137.278,stale-before-upload,0.001,1363,0.000,106.673,6.695,0.089,0.308,0.001,0.000,0.306,1,0,0,1,3,0.060,15.935,17.365,44.596,15.566,3.000,FrameFreshness,0,1,0,1.000,0,2,2,1,0.060,0.000,0.060,0,100,0,40345,37970,2331,0,2334
50.226,Custom_loss6_delay0-100_dup0_reorder6_burst0,Loopback,1,1,0,,,0.000,0,21,1387,24.362,24.400,24.709,155.465,102.647,8.750,51.889,24.925,0.060,0.217,38592,2462,36209,33747,5632,3110,564,1885,1468,417,73,0,33750,1137,316,0,0,0,0,5.000,0,0,0,0,0,0,0,0,0,0,0,0,0,0,0,0.000,0.000,0.000,,1071,1071,4735,0,1,54.745,200.456,55.766,201.647,0.000,0.000,1061,1047,18920,1554,254,0,3735,5563,1390,1,fec-parity,pending,H.264,1,1,22,14,8,4,1,2,3,19,0,0,41013,13,0,0,0,0,0,74.078,450,564,417,401,417,0,62.173,26.364,110.580,4,0,1435,115,1550,0,505,53,0.444,0.556,0.926,1.000,0.095,45.000,0.250,0.750,0.000,duplicate-guard,0,0,0,0,0,0,3735,30390,0,0,0,0,30390,predicted-useful,,6114,0.364,504,1550,0,12,0,0,0,0,0,0,0,496,6840,496,6840,0,0,0,pacing,1,0.706,7.112,115.112,0,0,0,0,0,0,0,0,6852,4386,4991,1,1,9500000,1200000,0,0,0,41009,41009,50430963,1550,1927980,85,105740,0,0,0,0,0,16.931,37.051,10204.625,3158.100,2105,74783,38581,16937,36202,19265,0.305,30.358,0.000,2105,4628110,7110647,1.445,0.883,0.487,20.028,74783,3735,1118,30390,3735,0,0,250,250,448,250,0,0,1,0,4,6800,5563,5563,0,0,0,0,0,,disabled,,0,0,0,0,,1,Fixed Quality,Hybrid,85,30,9500,12000,640,360,H.264,480,270,518400,0,518400,26096,0.050,0.000,,0,0,0.000,5.004,0.000,4.339,0.624,7250,6250,6250,35,35,0,1,9500,1.000,0,16.931,0.000,0,0,0.000,0.000,0,0,0,0,0.290,0.635,0.074,1,0,0,disabled,0,0,0,async-output-pending,0,,0,0,0.000,0.000,0,,0.000,0.000,0.000,0.000,0,0,0,,0,0,0,0.000,1,0,0.616,0.133,0.481,0.000,0.000,0.000,0.000,0,0,1,1,1,0,0,1,1,0,0,0,1.000,0.000,0.000,30,0,0.000,0,0,0,0.000,0.000,0.000,0.000,0.000,0.000,0.000,0.000,12.646,0,0,0,0,0,0,0,0,0.000,0.000,0.000,0.000,0.000,0.000,0,0.104,24.400,1061,1071,4735,55.838,201.719,19.927,201.719,13011.963,350,1,H.264,97.720,0,0,200.456,201.647,1.000,154.474,96.448,arrival-gap-jitter-spike,37214.457,0,1,1,1,1,50226.420,322.138,326.417,326.974,326.974,0,0,23,0,0,23,0,,,145.823,155.833,1344,1,decoded,0,0,0,0,0,0,0,0,0,0,,106.801,0.000,109.429,0.000,0.000,0.000,123.968,stale-before-upload,0.001,1388,0.000,112.197,2.620,0.087,0.784,0.536,0.000,0.248,1,0,0,1,3,0.060,24.362,24.400,24.925,24.709,3.000,FrameFreshness,0,1,0,0.000,2,2,2,1,0.060,0.000,0.060,0,100,0,41059,38656,2365,0,2374
51.233,Custom_loss6_delay0-100_dup0_reorder6_burst0,Loopback,1,1,0,,,0.000,0,21,1418,27.659,24.982,25.849,101.168,102.688,98.252,52.897,11.550,0.060,0.215,39409,2513,36981,34468,5746,3175,571,1927,1505,422,73,0,34471,1165,319,0,0,0,0,5.000,0,0,0,0,0,0,0,0,0,0,0,0,0,0,0,0.000,0.000,0.000,,1098,1098,4827,0,1,46.629,200.456,47.704,201.647,0.000,0.000,1088,1074,19306,1587,256,0,3812,5678,1420,1,retransmit-arrived,pending,H.264,1,1,23,7,16,2,0,0,0,0,2,0,41901,1,41901,1,41901,1,1,34.902,460,571,422,406,422,0,62.221,26.424,110.580,4,0,1457,113,1570,0,516,53,0.446,0.554,0.928,1.000,0.093,43.000,0.000,0.000,0.000,insufficient-sample,0,0,0,0,0,0,3812,30961,0,0,0,0,30961,predicted-useful,,6244,0.609,510,1570,0,12,0,0,0,0,0,0,0,502,6923,502,6923,0,0,0,pacing,1,0.758,9.192,117.192,0,0,0,0,0,0,0,0,6935,4480,5093,1,1,9500000,1200000,0,0,0,41881,41881,51506383,1570,1952860,86,106984,0,0,0,0,0,9.979,37.051,698.062,4800.000,2149,76362,39398,17322,36964,19642,0.305,31.886,4.870,2149,4604198,7452149,2.486,18.607,0.485,20.336,76362,3812,1146,30961,3812,0,0,252,252,451,252,0,0,1,0,4,6942,5678,5678,0,0,0,0,0,,disabled,,0,0,0,0,,1,Fixed Quality,Hybrid,85,30,9500,12000,640,360,H.264,480,270,518400,27138,518400,27138,0.052,0.000,,0,0,0.000,1.846,0.000,0.000,0.061,7250,6500,6500,36,36,0,1,9500,1.000,0,9.979,0.000,0,0,0.000,0.000,0,0,0,0,1.000,0.000,0.000,1,0,0,disabled,23,1,1,decoder-sync-observed,0,,0,0,0.145,22.853,0,,0.000,0.000,0.000,0.000,0,0,0,,0,0,0,6.435,0,1421,0.061,0.000,0.000,0.061,0.000,0.043,0.005,1,1,1,1,0,1,1,0,0,0,0,0,1.000,0.000,0.000,30,0,0.000,0,0,0,0.000,0.000,0.000,0.000,0.000,0.000,0.000,1.756,10.266,0,0,0,0,0,0,0,0,0.000,0.000,0.000,0.000,0.000,0.000,0,0.092,24.982,1088,1098,4827,47.632,201.719,19.927,201.719,13011.963,350,1,H.264,97.720,0,0,200.456,201.647,1.000,154.474,96.448,arrival-gap-jitter-spike,38221.141,0,1,1,1,1,51233.104,322.138,326.417,326.974,326.974,0,0,23,0,0,23,0,,,145.823,155.833,1344,1,decoded,0,0,0,0,0,0,0,0,0,0,,104.566,0.000,107.402,0.000,0.000,0.000,130.584,stale-before-upload,0.001,1418,0.000,113.168,5.626,0.079,0.697,0.420,0.000,0.277,1,0,0,1,3,0.060,27.659,24.982,11.550,25.849,3.000,FrameFreshness,0,1,0,0.000,1,1,1,1,0.060,0.000,0.060,0,100,0,41932,39474,2407,0,2432
52.233,Custom_loss6_delay0-100_dup0_reorder6_burst0,Loopback,1,1,0,,,0.000,0,21,1445,21.775,24.780,21.735,91.743,102.659,86.729,53.617,23.455,0.060,0.216,40257,2579,37796,35217,5871,3245,589,1961,1531,430,76,0,35220,1186,326,0,0,0,0,5.000,0,0,0,0,0,0,0,0,0,0,0,0,0,0,0,0.000,0.000,0.000,,1119,1119,4918,0,1,21.288,200.456,22.470,201.647,0.000,0.000,1109,1095,19727,1616,263,0,3898,5801,1448,1,fec-parity,pending,H.264,1,1,24,21,3,5,3,3,9,33,0,0,42753,17,0,0,0,0,0,111.882,471,589,430,414,430,0,62.090,26.530,110.580,4,0,1494,117,1611,0,526,54,0.444,0.556,0.927,1.000,0.093,45.000,0.364,0.636,0.000,duplicate-guard,0,0,0,0,0,0,3898,31729,0,0,0,0,31729,predicted-useful,,6378,0.292,523,1611,0,12,0,0,0,0,0,0,0,515,7106,515,7106,0,0,0,pacing,1,0.753,4.661,112.661,0,0,0,0,0,0,0,0,7118,4580,5208,1,1,9500000,1200000,5,0,5,42804,42798,52632965,1611,2003864,90,111960,0,0,0,0,0,18.372,37.051,7356.875,4800.000,2194,78041,40249,17748,37792,20044,0.306,5.382,0.967,2194,4600002,7796368,2.161,12.581,0.519,11.741,78041,3898,1167,31729,3898,0,0,259,259,462,259,0,0,1,0,4,7089,5801,5801,0,0,0,0,0,,disabled,,0,0,0,0,,1,Fixed Quality,Hybrid,85,30,9500,12000,640,360,H.264,480,270,518400,28178,518400,28178,0.054,0.000,,0,0,0.000,2.003,0.000,0.000,0.084,7250,6750,6750,37,37,0,1,9500,1.000,0,20.414,0.000,0,0,0.000,0.000,0,0,0,0,0.292,0.635,0.073,1,0,0,disabled,24,1,1,decoder-sync-observed,0,,0,0,25.617,23.729,0,,0.000,0.000,0.000,0.000,0,0,0,,0,0,0,6.062,0,1451,0.084,0.000,0.000,0.084,0.000,0.057,0.010,1,1,1,1,0,1,1,0,0,0,1,0,0.860,116.501,0.000,26,0,0.000,0,0,0,0.000,0.000,0.000,0.000,0.000,0.000,0.000,1.880,9.991,0,0,0,0,0,0,0,0,0.000,0.000,0.000,0.000,0.000,0.000,0,0.101,24.780,1109,1119,4918,22.296,201.719,19.927,201.719,13011.963,350,1,H.264,97.720,0,0,200.456,201.647,1.000,154.474,96.448,arrival-gap-jitter-spike,39221.200,0,1,1,1,1,52233.163,322.138,326.417,326.974,326.974,0,0,23,0,0,23,0,,,145.823,155.833,1344,1,decoded,0,0,0,0,0,0,0,0,0,0,,101.153,0.000,104.152,0.000,0.000,0.000,125.871,stale-before-upload,0.001,1445,0.000,109.924,5.608,0.103,0.287,0.001,0.000,0.286,1,0,0,1,3,0.060,21.775,24.780,23.455,21.735,3.000,FrameFreshness,0,1,0,0.000,1,1,1,1,0.060,0.000,0.060,0,100,0,42851,40328,2475,0,2467
53.233,Custom_loss6_delay0-100_dup0_reorder6_burst0,Loopback,1,1,0,,,0.000,0,21,1477,18.425,18.141,18.599,109.137,102.655,36.304,53.257,29.212,0.060,0.218,41113,2630,38596,35966,5984,3309,597,1999,1557,442,79,0,35969,1207,337,0,0,0,0,5.000,0,0,0,0,0,0,0,0,0,0,0,0,0,0,0,0.000,0.000,0.000,,1139,1139,5009,0,1,23.907,200.456,25.062,201.647,0.000,0.000,1129,1115,20138,1649,273,0,3980,5922,1478,1,fec-recovered,pending,H.264,1,1,24,20,4,6,4,2,7,23,0,0,43663,0,0,0,0,0,0,87.194,477,597,442,426,442,0,61.765,26.627,110.580,4,0,1520,117,1637,0,536,55,0.444,0.556,0.929,1.000,0.093,45.000,0.167,0.833,0.000,duplicate-guard,0,0,0,0,0,0,3980,32435,0,0,0,0,32435,predicted-useful,,6505,0.667,532,1637,0,13,0,0,0,0,0,0,0,524,7218,524,7218,0,0,0,pacing,1,0.659,4.601,112.601,0,0,0,0,0,0,0,0,7231,4676,5315,0,1,9500000,1200000,0,0,0,43700,43700,53738443,1637,2036208,90,111960,0,0,0,0,0,18.191,37.051,2001.750,4800.000,2240,79690,41094,18190,38596,20406,0.307,20.977,0.000,2240,5248406,8684211,0.884,-0.020,0.522,17.167,79690,3980,1188,32435,3980,0,0,269,269,481,269,0,0,1,0,4,7240,5922,5922,0,0,0,0,0,,disabled,,0,0,0,0,,1,Fixed Quality,Hybrid,85,30,9500,12000,640,360,H.264,480,270,518400,28178,518400,28178,0.054,0.000,,0,0,0.000,2.049,0.000,0.000,0.088,7250,6750,6750,37,37,0,1,9500,1.000,0,18.191,0.000,0,0,0.000,0.000,0,0,0,0,0.291,0.637,0.071,1,0,0,disabled,24,1,1,decoder-sync-observed,0,,0,0,15.859,23.729,0,,0.000,0.000,0.000,0.000,0,0,0,,0,0,0,6.024,0,1480,0.087,0.000,0.000,0.087,0.000,0.051,0.009,1,1,1,1,0,1,1,0,0,0,0,0,1.000,0.000,0.000,30,0,0.000,0,0,0,0.000,0.000,0.000,0.000,0.000,0.000,0.000,1.926,30.697,0,0,0,0,0,0,0,0,0.000,0.000,0.000,0.000,0.000,0.000,0,0.109,18.141,1129,1139,5009,24.950,201.719,19.927,201.719,13011.963,350,1,H.264,97.720,0,0,200.456,201.647,1.000,154.474,96.448,arrival-gap-jitter-spike,40221.512,0,1,1,1,1,53233.475,322.138,326.417,326.974,326.974,0,0,23,0,0,23,0,,,145.823,155.833,1344,1,decoded,0,0,0,0,0,0,0,0,0,0,,109.657,0.000,112.657,0.000,0.000,0.000,134.569,stale-before-upload,0.001,1477,0.000,117.861,5.034,0.084,0.280,0.001,0.000,0.280,1,0,0,1,3,0.060,18.425,18.141,29.212,18.599,3.000,FrameFreshness,0,1,0,1.000,0,1,1,1,0.060,0.000,0.060,0,100,0,43753,41180,2533,0,2507
54.240,Custom_loss6_delay0-100_dup0_reorder6_burst0,Loopback,1,1,0,,,0.000,0,21,1506,21.100,27.973,21.072,102.394,102.720,89.720,54.001,15.187,0.060,0.217,41957,2685,39393,36708,6093,3374,607,2032,1585,447,80,0,36711,1232,341,0,0,0,0,5.000,0,0,0,0,0,0,0,0,0,0,0,0,0,0,0,0.000,0.000,0.000,,1164,1164,5098,0,1,31.082,200.456,32.205,201.647,0.000,0.000,1154,1140,20540,1679,277,0,4063,6046,1508,1,fec-parity,pending,H.264,1,1,24,18,6,4,3,2,4,18,0,0,44612,21,0,0,0,0,0,68.788,488,607,447,431,447,0,61.876,26.570,110.580,4,0,1546,118,1664,0,547,57,0.446,0.554,0.929,1.000,0.094,40.000,0.500,0.500,0.000,stable,0,0,0,0,0,0,4063,33098,0,0,0,0,33098,predicted-useful,,6643,0.250,541,1664,0,13,0,0,0,0,0,0,0,533,7361,533,7361,0,0,0,pacing,1,0.786,7.146,115.146,0,0,0,0,0,0,0,0,7374,4776,5426,1,1,9500000,1200000,13,0,13,44627,44614,54858801,1664,2069796,92,114448,0,0,0,0,0,0.635,37.051,139.938,4800.000,2286,81323,41940,18569,39383,20814,0.307,32.012,3.428,2286,5812227,9149588,1.819,53.416,0.418,17.869,81323,4063,1213,33098,4063,0,0,273,273,489,273,0,0,1,0,4,7380,6046,6046,0,0,0,0,0,,disabled,,0,0,0,0,,1,Fixed Quality,Hybrid,85,30,9500,12000,640,360,H.264,480,270,518400,28178,518400,28178,0.054,0.000,,0,0,0.000,2.213,0.000,0.000,0.177,7250,6750,6750,37,37,0,1,9500,1.000,0,14.692,0.000,0,0,0.000,0.000,0,0,0,0,0.293,0.636,0.071,1,0,0,disabled,24,1,1,decoder-sync-observed,0,,0,0,18.297,23.729,0,,0.000,0.000,0.000,0.000,0,0,0,,0,0,0,3.005,0,1510,0.176,0.000,0.000,0.176,0.000,0.148,0.012,1,1,1,1,0,1,1,0,0,0,0,0,1.000,0.000,0.000,30,0,0.000,0,0,0,0.000,0.000,0.000,0.000,0.000,0.000,0.000,2.005,6.886,0,0,0,0,0,0,0,0,0.000,0.000,0.000,0.000,0.000,0.000,0,0.099,27.973,1154,1164,5098,32.162,201.719,19.927,201.719,13011.963,350,1,H.264,97.720,0,0,200.456,201.647,1.000,154.474,96.448,arrival-gap-jitter-spike,41228.081,0,1,1,1,1,54240.044,322.138,326.417,326.974,326.974,0,0,23,0,0,23,0,,,145.823,155.833,1344,1,decoded,0,0,0,0,0,0,0,0,0,0,,104.238,0.000,107.286,0.000,0.000,0.000,131.197,stale-before-upload,0.001,1506,0.000,111.906,4.471,0.082,0.765,0.503,0.000,0.262,1,0,0,1,3,0.060,21.100,27.973,15.187,21.072,3.000,FrameFreshness,0,1,0,0.000,0,1,1,1,0.060,0.000,0.060,0,100,0,44668,42027,2594,0,2565
55.246,Custom_loss6_delay0-100_dup0_reorder6_burst0,Loopback,1,1,0,,,0.000,0,21,1536,23.916,22.339,23.603,103.364,102.684,62.660,54.174,4.258,0.061,0.218,42810,2768,40220,37452,6191,3434,612,2059,1611,448,86,0,37455,1253,350,0,0,0,0,5.000,0,0,0,0,0,0,0,0,0,0,0,0,0,0,0,0.000,0.000,0.000,,1185,1185,5193,0,1,36.162,200.456,37.555,201.647,0.000,0.000,1175,1161,20940,1701,287,0,4148,6165,1538,1,nack-sent,pending,H.264,1,1,24,20,4,4,3,2,6,16,0,0,45521,17,0,0,0,0,0,62.799,492,612,448,432,448,0,61.879,26.587,110.580,5,0,1557,122,1679,0,549,59,0.446,0.554,0.927,1.000,0.097,38.000,0.000,0.000,0.000,insufficient-sample,0,0,0,0,0,0,4148,33817,0,0,0,0,33817,predicted-useful,,6778,0.167,546,1679,0,13,0,0,0,0,0,0,0,538,7436,538,7436,0,0,0,pacing,1,0.790,6.011,114.011,0,0,0,0,0,0,0,0,7449,4883,5540,1,1,9500000,1200000,3,0,3,45542,45539,55991671,1679,2088456,92,114448,0,0,0,0,0,7.884,37.051,697.000,4800.000,2333,83014,42806,18981,40208,21227,0.307,13.444,0.066,2333,5200057,8888243,0.850,37.321,0.426,9.042,83014,4148,1234,33817,4148,0,0,282,282,506,282,0,0,1,0,4,7535,6165,6165,0,0,0,0,0,,disabled,,0,0,0,0,,1,Fixed Quality,Hybrid,85,30,9500,12000,640,360,H.264,480,270,518400,28178,518400,28178,0.054,0.000,,0,0,0.000,1.976,0.000,0.000,0.086,7250,6750,6750,37,37,0,1,9500,1.000,0,13.614,0.000,0,0,0.000,0.000,0,0,0,0,0.293,0.634,0.073,1,0,0,disabled,24,1,1,decoder-sync-observed,0,,0,0,17.005,23.729,0,,0.000,0.000,0.000,0.000,0,0,0,,0,0,0,10.549,0,1540,0.086,0.000,0.000,0.085,0.000,0.060,0.009,1,1,1,1,0,1,1,0,0,0,0,0,1.000,0.000,0.000,30,0,0.000,0,0,0,0.000,0.000,0.000,0.000,0.000,0.000,0.000,1.855,14.616,0,0,0,0,0,0,0,0,0.000,0.000,0.000,0.000,0.000,0.000,0,0.107,22.339,1175,1185,5193,37.172,201.719,19.927,201.719,13011.963,350,1,H.264,97.720,0,0,200.456,201.647,1.000,154.474,96.448,arrival-gap-jitter-spike,42233.942,0,1,1,1,1,55245.905,322.138,326.417,326.974,326.974,0,0,23,0,0,23,0,,,145.823,155.833,1344,1,decoded,0,0,0,0,0,0,0,0,0,0,,104.527,0.000,107.500,0.000,0.000,0.000,131.682,stale-before-upload,0.001,1536,0.000,113.127,5.461,0.088,0.264,0.001,0.000,0.264,1,0,0,1,3,0.061,23.916,22.339,4.258,23.603,3.000,FrameFreshness,0,1,0,1.000,2,2,2,1,0.060,0.000,0.060,0,100,0,45594,42880,2656,0,2626
56.247,Custom_loss6_delay0-100_dup0_reorder6_burst0,Loopback,1,1,0,,,0.000,0,21,1564,24.216,20.918,20.950,79.440,102.640,102.876,55.129,19.583,0.061,0.219,43604,2819,40962,38143,6330,3506,630,2106,1646,460,88,0,38146,1275,357,0,0,0,0,5.000,0,0,0,0,0,0,0,0,0,0,0,0,0,0,0,0.000,0.000,0.000,,1206,1206,5285,0,1,59.941,200.456,60.878,201.647,0.000,0.000,1196,1181,21350,1735,294,0,4226,6283,1567,1,retransmit-arrived,pending,H.264,1,1,22,13,9,3,1,1,2,11,2,0,46423,6,46423,6,46423,6,1,53.753,510,630,460,444,460,0,62.045,26.479,110.580,6,0,1606,126,1732,0,562,60,0.447,0.553,0.927,1.000,0.096,38.000,0.471,0.529,0.000,duplicate-guard,0,0,0,0,0,0,4226,34683,0,0,0,0,34683,predicted-useful,,6903,0.500,564,1732,0,13,0,0,0,0,0,0,0,554,7656,554,7656,0,0,0,pacing,1,0.667,6.396,114.396,0,0,0,0,0,0,0,0,7669,4966,5643,1,1,9500000,1200000,0,0,0,46368,46368,57009982,1732,2154388,94,116936,0,0,0,0,0,11.767,37.051,3747.000,1740.300,2376,84539,43593,19301,40946,21645,0.307,9.616,1.540,2376,5787026,8884700,1.247,37.900,0.466,12.280,84539,4226,1256,34683,4226,0,0,288,288,517,288,0,0,1,0,4,7672,6283,6283,0,0,0,0,0,,disabled,,0,0,0,0,,1,Fixed Quality,Hybrid,85,30,9500,12000,640,360,H.264,480,270,518400,26096,518400,26096,0.050,0.000,,0,0,0.000,2.005,0.000,0.000,0.086,6250,6250,6250,38,38,0,1,9500,0.880,1,11.767,0.000,0,0,0.000,0.000,0,0,0,0,1.000,0.000,0.000,1,0,0,latency-pressure-freshness-hold,22,1,1,decoder-sync-observed,0,,0,0,15.171,21.976,0,,0.000,0.000,0.000,0.000,0,0,0,,0,0,0,6.467,0,1568,0.086,0.000,0.000,0.085,0.000,0.060,0.009,1,1,1,1,0,1,1,0,0,0,0,0,1.000,0.000,0.000,27,0,0.000,0,0,0,0.000,0.000,0.000,0.000,0.000,0.000,0.000,1.873,10.378,0,0,0,0,0,0,0,0,0.000,0.000,0.000,0.000,0.000,0.000,0,0.092,20.918,1196,1206,5285,61.047,201.719,19.927,201.719,13011.963,350,1,H.264,97.720,0,0,200.456,201.647,1.000,154.474,96.448,arrival-gap-jitter-spike,43235.192,0,1,1,1,1,56247.155,322.138,326.417,326.974,326.974,0,0,24,0,0,24,1,true-stale-frame freshness,frame-age-threshold,147.827,155.833,1554,1,decoded,0,0,0,0,0,0,0,0,0,0,,91.818,0.000,94.273,0.000,0.000,0.000,120.000,stale-before-upload,0.000,1564,0.000,98.425,5.252,0.074,0.688,0.449,0.000,0.239,1,0,0,1,3,0.061,24.216,20.918,19.583,20.950,3.000,FrameFreshness,0,1,0,0.000,0,2,2,1,0.060,0.000,0.060,0,100,0,46424,43677,2707,0,2677
57.254,Custom_loss6_delay0-100_dup0_reorder6_burst0,Loopback,1,1,0,,,0.000,0,21,1593,25.677,17.740,21.958,79.912,102.616,99.923,55.990,18.317,0.061,0.219,44375,2860,41672,38812,6480,3584,646,2161,1680,481,89,0,38815,1298,363,0,0,0,0,5.000,0,0,0,0,0,0,0,0,0,0,0,0,0,0,0,0.000,0.000,0.000,,1229,1229,5381,0,1,19.468,200.456,20.629,201.647,0.000,0.000,1218,1202,21767,1779,301,0,4305,6400,1594,1,fec-parity,pending,H.264,1,1,22,13,9,3,1,1,4,14,2,0,47235,1,47235,1,0,0,0,52.171,525,646,481,465,481,0,62.031,26.775,118.454,7,0,1659,129,1788,0,584,63,0.448,0.552,0.928,1.000,0.097,38.000,0.235,0.765,0.000,duplicate-guard,0,0,0,0,0,0,4305,35408,0,0,0,0,35408,predicted-useful,,7030,0.636,582,1788,0,13,0,0,0,0,0,0,0,572,7880,572,7880,0,0,0,pacing,1,0.726,6.385,114.385,0,0,0,0,0,0,0,0,7893,5050,5747,0,1,9500000,1200000,0,0,0,47180,47180,58013184,1788,2224052,97,120668,0,0,0,0,0,0.061,37.051,1773.375,1092.000,2417,86020,44361,19589,41659,22070,0.306,29.347,0.095,2417,6018396,9118113,0.546,29.729,0.468,19.037,86020,4305,1279,35408,4305,0,0,294,294,528,294,0,0,1,0,4,7811,6400,6400,0,0,0,0,0,,disabled,,0,0,0,0,,1,Fixed Quality,Hybrid,85,30,9500,12000,640,360,H.264,480,270,518400,26096,518400,26096,0.050,0.000,,0,0,0.000,1.796,0.000,0.000,0.064,6000,6250,6250,38,38,0,1,9500,0.820,1,8.787,0.000,0,0,0.000,0.000,0,0,0,0,0.500,0.500,0.000,1,0,0,latency-pressure-freshness-hold,22,1,1,decoder-sync-observed,0,,0,0,17.900,21.976,0,,0.000,0.000,0.000,0.000,0,0,0,,0,0,0,5.914,0,1595,0.064,0.000,0.000,0.063,0.000,0.043,0.007,1,1,1,1,0,1,1,0,0,0,0,0,1.000,0.000,0.000,27,0,0.000,0,0,0,0.000,0.000,0.000,0.000,0.000,0.000,0.000,1.701,27.793,0,0,0,0,0,0,0,0,0.000,0.000,0.000,0.000,0.000,0.000,0,0.092,17.740,1218,1229,5381,20.408,201.719,19.927,201.719,13011.963,350,1,H.264,97.720,0,0,200.456,201.647,1.000,154.474,96.448,arrival-gap-jitter-spike,44242.106,0,1,1,1,1,57254.069,322.138,326.417,326.974,326.974,0,0,26,0,0,26,2,cadence-limited freshness,input-cadence-or-video-budget,136.975,157.207,1577,1,decoded,0,0,0,0,0,0,0,0,0,0,,93.304,0.000,95.698,0.000,0.000,0.000,120.000,stale-before-upload,0.001,1593,0.000,101.748,6.180,0.075,0.751,0.435,0.000,0.316,1,0,0,1,3,0.061,25.677,17.740,18.317,21.958,3.000,FrameFreshness,0,1,0,0.000,2,1,1,1,0.060,0.000,0.060,0,100,0,47237,44454,2748,0,2722
58.260,Custom_loss6_delay0-100_dup0_reorder6_burst0,Loopback,1,1,0,,,0.000,0,21,1617,19.911,19.471,21.086,96.106,102.555,43.944,55.763,7.804,0.060,0.218,45097,2885,42330,39445,6590,3645,661,2195,1705,490,89,0,39448,1318,367,0,0,0,0,5.000,0,0,0,0,0,0,0,0,0,0,0,0,0,0,0,0.000,0.000,0.000,,1249,1249,5475,0,1,41.499,200.456,42.420,201.647,0.000,0.000,1238,1222,22120,1808,305,0,4378,6494,1620,1,nack-sent,pending,H.264,1,1,23,13,10,1,0,1,0,10,0,0,47953,4,0,0,0,0,0,51.378,538,661,490,474,490,0,61.958,26.736,118.454,7,0,1696,129,1825,0,598,65,0.449,0.551,0.929,1.000,0.098,45.000,0.364,0.636,0.000,duplicate-guard,0,0,0,0,0,0,4378,36005,0,0,0,0,36005,predicted-useful,,7145,0.087,593,1825,0,13,0,0,0,0,0,0,0,583,8016,583,8016,0,0,0,pacing,1,0.653,6.756,114.756,0,0,0,0,0,0,0,0,8029,5132,5842,1,1,9500000,1200000,3,0,3,47949,47946,58959014,1825,2270080,103,128132,0,0,0,0,0,7.582,37.051,1157.562,4800.000,2455,87416,45093,19901,42323,22422,0.306,2.024,1.779,2455,3904586,6601931,2.199,12.588,0.432,9.294,87416,4378,1299,36005,4378,0,0,298,298,535,298,0,0,1,0,4,7936,6494,6494,0,0,0,0,0,,disabled,,0,0,0,0,,1,Fixed Quality,Hybrid,85,30,9500,12000,640,360,H.264,480,270,518400,27138,518400,27138,0.052,0.000,,0,0,0.000,1.995,0.000,0.000,0.162,7250,6500,6500,39,39,0,1,9500,0.999,1,10.964,0.000,0,0,0.000,0.000,0,0,0,0,0.295,0.635,0.071,1,0,0,fixed-pacing-queue-hold,23,1,1,decoder-sync-observed,0,,0,0,18.017,22.853,0,,0.000,0.000,0.000,0.000,0,0,0,,0,0,0,2.503,0,1621,0.162,0.000,0.000,0.162,0.000,0.093,0.041,1,1,1,1,0,1,1,0,0,0,0,0,1.000,0.000,0.000,24,0,0.000,0,0,0,0.000,0.000,0.000,0.000,0.000,0.000,0.000,1.801,7.895,0,0,0,0,0,0,0,0,0.000,0.000,0.000,0.000,0.000,0.000,0,0.105,19.471,1238,1249,5475,42.443,201.719,19.927,201.719,13011.963,350,1,H.264,97.720,0,0,200.456,201.647,1.000,154.474,96.448,arrival-gap-jitter-spike,45248.228,0,1,1,1,1,58260.191,322.138,326.417,326.974,326.974,0,0,26,0,0,26,0,,,136.975,157.207,1577,1,decoded,0,0,0,0,0,0,0,0,0,0,,100.124,0.000,102.841,0.000,0.000,0.000,128.053,stale-before-upload,0.001,1617,0.000,107.508,4.512,0.080,0.636,0.365,0.000,0.272,1,0,0,1,3,0.060,19.911,19.471,7.804,21.086,3.000,FrameFreshness,0,1,0,0.000,0,1,1,1,0.060,0.000,0.060,0,100,0,48004,45175,2791,0,2769
59.261,Custom_loss6_delay0-100_dup0_reorder6_burst0,Loopback,1,1,0,,,0.000,0,21,1647,10.479,18.017,10.543,88.718,102.545,98.211,56.549,65.146,0.061,0.221,45901,2987,43135,40148,6702,3712,674,2225,1723,502,91,0,40151,1336,379,0,0,0,0,5.000,0,0,0,0,0,0,0,0,0,0,0,0,0,0,0,0.000,0.000,0.000,,1267,1267,5574,0,1,29.091,227.346,30.283,228.555,0.000,0.000,1256,1240,22509,1838,317,0,4459,6600,1649,1,nack-sent,pending,H.264,1,1,24,12,12,1,0,1,0,12,0,0,48846,12,0,0,0,0,0,49.156,549,674,502,486,502,0,62.129,26.648,118.454,7,0,1732,137,1869,0,612,66,0.449,0.551,0.927,1.000,0.097,45.000,0.133,0.867,0.000,duplicate-guard,0,0,0,0,0,0,4459,36635,0,0,0,0,36635,predicted-useful,,7268,0.625,607,1869,0,13,0,0,0,0,0,0,0,597,8198,597,8198,0,0,0,pacing,1,0.719,9.916,117.916,0,0,0,0,0,0,0,0,8211,5223,5949,1,1,9500000,1200000,0,0,0,48838,48838,60056256,1869,2324816,106,131864,0,0,0,0,0,16.433,37.051,6095.438,2515.800,2499,89031,45896,20220,43135,22915,0.306,24.024,0.000,2499,5519687,9143440,1.637,20.923,0.517,19.957,89031,4458,1317,36623,4458,0,0,310,310,555,310,0,0,1,0,4,8072,6600,6600,0,0,0,0,0,,disabled,,0,0,0,0,,1,Fixed Quality,Hybrid,85,30,9500,12000,640,360,H.264,480,270,518400,28178,518400,28178,0.054,0.000,,0,0,0.000,2.643,0.000,0.000,0.072,7250,6750,6750,40,40,0,1,9500,1.000,0,16.433,0.000,0,0,0.000,0.000,0,0,0,0,0.294,0.633,0.073,1,0,0,disabled,24,1,1,decoder-sync-observed,0,,0,0,17.453,23.729,0,,0.000,0.000,0.000,0.000,0,0,0,,0,0,0,5.389,0,1650,0.071,0.000,0.000,0.071,0.000,0.048,0.009,1,1,1,1,0,1,1,0,0,0,0,0,1.000,0.000,0.000,30,0,0.000,0,0,0,0.000,0.000,0.000,0.000,0.000,0.000,0.000,2.538,10.039,0,0,0,0,0,0,0,0,0.000,0.000,0.000,0.000,0.000,0.000,0,0.123,18.017,1256,1267,5574,30.055,228.289,19.927,228.289,58497.600,1625,1,H.264,119.380,0,0,227.346,228.555,1.001,183.834,118.427,arrival-gap-jitter-spike,763.576,0,1,1,1,1,59261.176,322.138,326.417,326.974,326.974,0,0,26,0,0,26,0,,,136.975,157.207,1577,1,decoded,0,0,0,0,0,0,0,0,0,0,,96.565,0.000,99.355,0.000,0.000,0.000,129.359,stale-before-upload,0.001,1647,0.000,102.549,3.020,0.076,0.474,0.146,0.000,0.328,1,0,0,1,3,0.061,10.479,18.017,65.146,10.543,3.000,FrameFreshness,1,1,0,0.000,2,4,4,1,0.060,0.000,0.060,0,100,0,48897,45984,2860,0,2818
60.268,Custom_loss6_delay0-100_dup0_reorder6_burst0,Loopback,1,1,0,,,0.000,0,21,1676,23.695,23.695,23.690,131.613,102.563,83.009,57.030,33.766,0.061,0.222,46791,3032,43966,40934,6824,3772,686,2275,1761,514,91,0,40938,1359,387,0,0,0,0,5.000,0,0,0,0,0,0,0,0,0,0,0,0,0,0,0,0.000,0.000,0.000,,1289,1289,5668,0,1,104.202,227.346,105.315,228.555,0.000,0.000,1278,1262,22926,1873,324,0,4540,6723,1680,1,fec-parity,pending,H.264,1,1,24,6,18,2,0,0,0,0,0,0,49817,20,0,0,0,0,0,13.164,556,686,514,498,514,0,62.388,26.577,118.454,7,0,1763,138,1901,0,628,66,0.448,0.552,0.927,1.000,0.095,45.000,0.200,0.800,0.000,duplicate-guard,0,0,0,0,0,0,4540,37266,0,0,0,0,37266,predicted-useful,,7406,0.792,617,1901,0,13,0,0,0,0,0,0,0,607,8357,607,8357,0,0,0,pacing,1,0.819,10.028,118.028,0,0,0,0,0,0,0,0,8370,5327,6065,0,1,9500000,1200000,0,0,0,49770,49770,61198432,1901,2364624,108,134352,0,0,0,0,0,17.996,37.051,8843.312,1094.850,2547,90734,46777,20521,43957,23436,0.305,14.382,2.246,2547,6506603,10619548,1.384,13.698,0.484,19.693,90734,4540,1340,37266,4540,0,0,317,317,567,317,0,0,1,0,4,8224,6723,6723,0,0,0,0,0,,disabled,,0,0,0,0,,1,Fixed Quality,Hybrid,85,30,9500,12000,640,360,H.264,480,270,518400,0,518400,28178,0.054,0.000,,0,0,0.000,4.857,0.000,4.052,0.765,7250,6750,6750,40,40,0,1,9500,1.000,0,17.996,0.000,0,0,3.101,0.000,3732,0,0,0,0.000,0.000,1.000,1,0,0,disabled,0,0,0,async-output-pending,0,,0,0,0.000,0.000,0,,0.000,0.000,0.000,0.000,0,0,0,,0,0,0,0.000,1,0,0.755,0.172,0.581,0.000,0.000,0.000,0.000,0,0,1,1,1,0,0,1,1,0,0,0,1.000,0.000,0.000,30,0,0.000,0,0,0,0.000,0.000,0.000,0.000,0.000,0.000,0.000,0.000,20.610,0,0,0,0,0,0,0,0,0.000,0.000,0.000,0.000,0.000,0.000,0,0.090,23.695,1278,1289,5668,105.131,228.289,19.927,228.289,58497.600,1625,1,H.264,119.380,0,0,227.346,228.555,1.001,183.834,118.427,arrival-gap-jitter-spike,1770.478,0,1,1,1,1,60268.078,322.138,326.417,326.974,326.974,0,0,26,0,0,26,0,,,136.975,157.207,1577,1,decoded,0,0,0,0,0,0,0,0,0,0,,99.726,0.000,102.566,0.000,0.000,0.000,135.227,stale-before-upload,0.000,1677,0.000,107.892,5.184,0.073,0.636,0.294,0.000,0.342,1,0,0,1,3,0.061,23.695,23.695,33.766,23.690,3.000,FrameFreshness,0,1,0,0.500,2,1,1,1,0.060,0.000,0.060,0,100,0,49830,46872,2917,0,2868
