timeSec,scenarioName,networkRuntimeMode,networkModeSendingEnabled,networkModeReceivingEnabled,networkExperimentActive,networkExperimentScenarioName,networkExperimentAdaptiveMode,networkExperimentRemainingSec,networkExperimentStepIndex,networkExperimentStepCount,frameId,receiveFps,decodeFps,displayFps,currentLatencyMs,averageLatencyMs,currentRttMs,averageRttMs,currentJitterMs,packetLossRate,frameDropRate,receivedPackets,missingPackets,sequenceGapPackets,sequenceGapRecoveredPackets,duplicatePackets,duplicateOriginalPackets,duplicateRetransmitPackets,duplicateLateAfterCompletedPackets,duplicateLateAfterCompletedOriginalPackets,duplicateLateAfterCompletedRetransmitPackets,duplicateLateAfterExpiredPackets,duplicateLateAfterRejectedPackets,reorderedPackets,completedFrames,droppedFrames,deadlineDroppedFrames,outputQueueDroppedFrames,outputQueueDropEvents,outputQueueDropBurstEvents,startupWarmupSec,startupWarmupActive,outputQueueDroppedFramesDelta,outputQueueDropEventsDelta,outputQueueDropBurstEventsDelta,startupOutputQueueDroppedFrames,startupOutputQueueDropEvents,startupOutputQueueDropBurstEvents,steadyOutputQueueDroppedFrames,steadyOutputQueueDropEvents,steadyOutputQueueDropBurstEvents,evaluationOutputQueueDroppedFrames,evaluationOutputQueueDropEvents,evaluationOutputQueueDropBurstEvents,lastOutputQueueDropFrameCount,lastOutputQueueDropQueueSize,lastOutputQueueDropOldestAgeMs,lastOutputQueueDropNewestAgeMs,maxOutputQueueDropOldestAgeMs,lastOutputQueueDropReason,completedQueuePushes,completedQueuePops,completedQueueEmptyPolls,completedQueueSize,maxCompletedQueueSize,completedQueueLastPopAgeMs,completedQueueMaxPopAgeMs,completedQueueLastPushIntervalMs,completedQueueMaxPushIntervalMs,lastOutputQueueDropPopAgeMs,lastOutputQueueDropPushIntervalMs,decodedFrames,displayedFrames,frameRecoveryOutcomeEvents,frameRecoveryCompletedFrames,frameRecoveryExpiredFrames,frameRecoveryRejectedFrames,frameRecoveryNackSentFrames,frameRecoveryFecRecoveredFrames,frameRecoveryLastFrameId,frameRecoveryLastStreamId,frameRecoveryLastEvent,frameRecoveryLastOutcome,frameRecoveryLastCodec,frameRecoveryLastKeyFrame,frameRecoveryLastLargeFrame,frameRecoveryLastChunkCount,frameRecoveryLastReceivedChunks,frameRecoveryLastMissingChunks,frameRecoveryLastFecParityPackets,frameRecoveryLastFecRecoveredChunks,frameRecoveryLastNackCount,frameRecoveryLastPostNackReceivedChunks,frameRecoveryLastNackRequestedChunks,frameRecoveryLastRetransmitReceivedChunks,frameRecoveryLastRetransmitDuplicatePackets,frameRecoveryLastPacketSequence,frameRecoveryLastPacketChunkIndex,frameRecoveryLastRetransmitSequence,frameRecoveryLastRetransmitChunkIndex,frameRecoveryLastEventPacketSequence,frameRecoveryLastEventPacketChunkIndex,frameRecoveryLastEventWasRetransmit,frameRecoveryLastAgeMs,retransmitUsefulChunks,retransmitDuplicatePackets,retransmitLateAfterCompletedPackets,retransmitLateAfterCompletedLargePackets,retransmitLateAfterCompletedSentBeforeCompletePackets,retransmitLateAfterCompletedSentAfterCompletePackets,retransmitLateAfterCompletedAvgSendToCompleteMs,retransmitLateAfterCompletedAvgDelayMs,retransmitLateAfterCompletedMaxDelayMs,retransmitLateAfterExpiredPackets,retransmitLateAfterRejectedPackets,retransmitClassifiedPackets,retransmitNotArrivedPackets,retransmitAccountedPackets,retransmitUnclassifiedPackets,retransmitCompletedFrames,retransmitExpiredFrames,retransmitUsefulnessRatio,retransmitDuplicateRatio,retransmitFinalClassificationRatio,retransmitFinalAccountingRatio,retransmitExpiredAfterUsefulRatio,dynamicNackDeadlineMs,dynamicNackUsefulnessRatio,dynamicNackDuplicateRatio,dynamicNackExpiredAfterRetransmitRatio,dynamicNackDecisionReason,nackSuppressedFrames,nackSuppressedMissingChunks,nackPreflightSuppressedFrames,nackPreflightSuppressedChunks,nackFecGraceSuppressedFrames,nackFecGraceSuppressedChunks,nackPredictedUsefulFrames,nackPredictedUsefulChunks,nackDeferredForLikelyArrivalFrames,nackDeferredForLikelyArrivalChunks,nackSkippedTooLateFrames,nackSkippedTooLateChunks,nackRequestedChunkBudget,nackLastShapingReason,nackLastSuppressionReason,ackCount,lastAckMissingRate,ackRetransmittedFrames,ackRetransmittedChunks,repairCanceledByCompleteAckPackets,repairSkippedByTtlPackets,repairQueuedButCanceledPackets,repairSentAfterCompleteAckPackets,repairSentAfterCompleteAckLargePackets,repairSuppressedByFecLikelyFrames,repairSuppressedByFecLikelyPackets,repairSuppressedByFecLikelyLargeFrames,repairSuppressedByFecLikelyLargePackets,repairBudgetSuppressedFrames,repairBudgetSuppressedPackets,repairBudgetSuppressedLargeFrames,repairBudgetSuppressedLargePackets,repairRaceGuardSuppressedFrames,repairRaceGuardSuppressedPackets,repairRaceGuardSuppressedLargePackets,repairBudgetProfile,repairBudgetProfileSwitches,repairBudgetSmoothedMissingRate,repairBudgetSmoothedPacingQueueDelayMs,repairBudgetSmoothedDeliveryMs,repairFecLikelySuppressedCompletedFrames,repairFecLikelySuppressedCompletedPackets,repairFecLikelySuppressedExpiredFrames,repairFecLikelySuppressedExpiredPackets,repairFecLikelySuppressedPendingFrames,repairFecLikelySuppressedPendingPackets,repairFecLikelySuppressionRescueFrames,repairFecLikelySuppressionRescuePackets,lateRepairSavedPackets,ackStaleDroppedFrames,ackKeyFrameRequests,ackKeyFramePending,pacingEnabled,pacingTargetBitrateBps,pacingRepairTargetBitrateBps,pacingQueuedPackets,pacingHighPriorityQueuedPackets,pacingNormalQueuedPackets,pacingEnqueuedPackets,pacingSentPackets,pacingSentBytes,pacingRepairSentPackets,pacingRepairSentBytes,pacingRepairBorrowedPackets,pacingRepairBorrowedBytes,pacingDroppedPackets,pacingDeadlineDroppedPackets,pacingHighPriorityDeadlineDroppedPackets,pacingNormalDeadlineDroppedPackets,pacingOverflowDroppedPackets,pacingCurrentQueueDelayMs,pacingMaxQueueDelayMs,pacingVideoCreditBytes,pacingRepairCreditBytes,transportFeedbackPackets,transportFeedbackPacketStatuses,transportFeedbackReceivedPackets,transportFeedbackMissingPackets,transportFeedbackSequenceGapPackets,transportFeedbackSequenceGapRecoveredPackets,transportFeedbackLossRate,transportFeedbackArrivalJitterMs,transportFeedbackQueueDelayTrendMs,transportFeedbackLastSequence,estimatedBandwidthBps,deliveryRateBps,bandwidthQueueDelayMs,bandwidthRttTrendMs,bandwidthLossTrend,bandwidthJitterTrendMs,bandwidthFeedbackSamples,deadlineNackSentFrames,deadlineNackRecoveredFrames,deadlineNackMissingChunks,deadlineNackSentH264KeyFrames,deadlineNackSentH264LargeFrames,deadlineNackSentH264DeltaFrames,deadlineNackExpiredDroppedFrames,deadlineNackExpiredAfterNackFrames,deadlineNackExpiredMissingChunks,deadlineNackExpiredH264KeyFrames,deadlineNackExpiredH264KeyMissingChunks,deadlineNackLastExpiredH264KeyMissingChunks,deadlineNackExpiredH264KeyMissingChunks1,deadlineNackExpiredH264KeyMissingChunks2To4,deadlineNackExpiredH264KeyMissingChunks5To8,deadlineNackExpiredH264KeyMissingChunks9To16,deadlineNackExpiredH264KeyMissingChunks17Plus,deadlineNackExpiredH264LargeFrames,deadlineNackExpiredH264DeltaFrames,fecEnabled,adaptiveFecEnabled,fecGroupChunkCount,fecParityPackets,fecRecoveredFrames,fecRecoveredChunks,h264ReassemblerAuRejectedFrames,h264ReassemblerHeaderFailures,h264ReassemblerPayloadSizeMismatches,h264ReassemblerFrameIdMismatches,h264ReassemblerCrcMismatches,h264ReassemblerLastRejectReason,adaptiveFecDecisionReason,adaptiveFecHoldReason,adaptiveFecG8ToG4Recovery,adaptiveFecQualityHoldActive,adaptiveFecQualityHoldCanceled,adaptiveFecEmergencyG2Active,adaptiveFecEarlyOffReason,adaptiveEnabled,adaptiveControlMode,adaptiveCongestionControlMode,targetJpegQuality,targetFps,targetBitrateKbps,adaptiveBandwidthCeilingKbps,targetWidth,targetHeight,actualCodec,actualEncodeWidth,actualEncodeHeight,actualRawFrameBytes,actualEncodedFrameBytes,rawFrameBytes,encodedFrameBytes,compressionRatio,captureFps,cameraCaptureSubtype,cameraCaptureWidth,cameraCaptureHeight,cameraCaptureFormatFps,encodeMs,resizeMs,nv12PrepareMs,h264EncodeMs,h264EncoderRequestedBitrateKbps,h264EncoderTargetBitrateKbps,h264EncoderAppliedBitrateKbps,h264DynamicBitrateUpdateRequests,h264DynamicBitrateUpdateSuccesses,h264DynamicBitrateUpdateFailures,h264EncoderReinitializations,pacingBudgetTargetBitrateKbps,h264VideoBudgetScale,pacingBurstGuardActive,fixedPacingRecentMaxQueueDelayMs,fixedPacingQueueReleaseStableSec,fixedPacingQueueRecovered,fixedPacingQueueReleaseEligible,adaptiveRepairBudgetUtilization,adaptiveRepairBorrowedRatio,adaptiveRepairSentBytesDelta,adaptiveRepairBorrowedBytesDelta,adaptiveRepairBudgetGuardActive,adaptiveRepairVideoBudgetPressure,adaptiveRetransmitUsefulRatio,adaptiveLateRepairWasteRatio,adaptiveRetransmitNotArrivedRatio,adaptiveRetransmitAccountingComplete,adaptiveLateRepairWastePressure,adaptiveRetransmitNotArrivedPressure,adaptiveRepairDecisionReason,h264AuChunkCount,h264AuIsIdr,h264AuIsDecoderSync,h264RequestedKeyFrameConsumedFrames,h264EncoderKeyFrameRequests,h264RecoveryKeyFrameRequests,h264AwaitingSyncKeyFrameRequests,h264PeriodicIdrRequests,h264IdrFrames,h264DecoderSyncFrames,h264ConsecutiveIdrFrames,h264MaxConsecutiveIdrFrames,h264AuProtectionLevel,h264AuDroppedBeforeSend,h264AuDropReason,h264AuDroppedBytes,h264AuDroppedChunks,h264AuPacingQueueDelayMs,h264AuEstimatedSendMs,h264InputGatedByPacing,h264InputGateReason,h264InputGateQueueDelayMs,h264InputGateVideoCreditBytes,h264InputGateFrameBudgetBytes,h264InputGateDurationMs,h264InputGateConsecutiveFrames,h264InputGateSkippedInputFrames,h264InputGateForcedOpen,h264InputGateReleaseReason,fecProtectedH264KeyFrames,fecProtectedH264LargeFrames,h264EncoderDelayFrames,h264EncoderDelayMs,h264EncoderPendingFrames,h264EncodedInputFrameId,h264EncoderCallMs,h264EncoderSampleCreateMs,h264EncoderProcessInputMs,h264EncoderPreInputPollMs,h264EncoderPostInputWaitMs,h264EncoderProcessOutputMs,h264EncoderOutputCopyMs,h264EncoderProcessOutputAttempts,h264EncoderAsyncEventCount,h264EncoderHardware,h264EncoderAsync,h264EncoderNeedInputSignaled,h264EncoderOutputProduced,h264EncoderOutputProducedBeforeInput,h264SubmittedNewInput,h264AsyncSubmittedWithoutOutput,h264AsyncPendingNoOutput,h264AsyncCadenceHoldActive,h264AsyncPendingNoOutputStreak,h264AsyncCadenceScale,h264AsyncCadenceHoldRemainingMs,h264AsyncOutputPollBackoffMs,h264InputCadenceFps,h264NeedInputSubmitWake,h264NeedInputSubmitLeadMs,encodedCameraFrameId,encodedCameraSourceTimestamp100ns,encodedCameraCaptureCompletedTimeUs,encodedCameraFrameAgeMs,encodedCameraReadSampleMs,encodedCameraReadSampleEndToCaptureMs,encodedCameraCaptureToPublishMs,encodedCameraPublishToAcquireMs,encodedCameraAcquireToEncoderInputMs,jpegEncodeMs,packetizeMs,sendFrameIntervalMs,cameraFrameReady,cameraFrameId,cameraSourceTimestamp100ns,cameraReadSampleStartTimeUs,cameraReadSampleEndTimeUs,cameraCaptureCompletedTimeUs,cameraFramePublishedTimeUs,cameraSenderAcquireTimeUs,cameraReadSampleMs,cameraReadSampleEndToCaptureMs,cameraCaptureToPublishMs,cameraPublishToAcquireMs,cameraAcquireToSendMs,cameraFrameAgeMs,cameraFrameCacheUsed,receiveJpegDecodeMs,receiveDecodeWorkerFps,receiveDecodeWorkerFrames,receiveDecodePopSuccesses,receiveDecodePopEmptyPolls,receiveDecodeLoopLastPopGapMs,receiveDecodeLoopMaxPopGapMs,receiveStartupDecodeLoopMaxPopGapMs,receiveSteadyDecodeLoopMaxPopGapMs,receiveSteadyDecodeLoopMaxPopGapAtMs,receiveSteadyDecodeLoopMaxPopGapFrameId,receiveSteadyDecodeLoopMaxPopGapStreamId,receiveSteadyDecodeLoopMaxPopGapCodec,receiveSteadyDecodeLoopMaxPopGapInputFrameAgeMs,receiveSteadyDecodeLoopMaxPopGapDecodedQueueSize,receiveSteadyDecodeLoopMaxPopGapCompletedQueueSize,receiveSteadyDecodeLoopMaxPopGapCompletedQueuePopAgeMs,receiveSteadyDecodeLoopMaxPopGapCompletedQueuePushIntervalMs,receiveSteadyDecodeLoopMaxPopGapArrivalRatio,receiveSteadyDecodeLoopMaxPopGapReceiverJitterMs,receiveSteadyDecodeLoopMaxPopGapReceiverLatencyMs,receiveSteadyDecodeLoopMaxPopGapClass,receiveSteadyDecodeLoopMaxPopGapAgeMs,receiveH264StartupActive,receiveH264StartupDecoderSynced,receiveH264StartupFirstDecoded,receiveH264StartupFirstDisplayed,receiveH264StartupReady,receiveH264StartupElapsedMs,receiveH264StartupDecoderSyncMs,receiveH264StartupFirstDecodedMs,receiveH264StartupFirstDisplayedMs,receiveH264StartupReadyMs,receiveH264StartupQueueFlushFrames,receiveDecodeOverwrittenFrames,receiveDecodeQueueDroppedFrames,receiveDecodeRenderOverwriteFrames,receiveDecodeFailures,receiveFreshnessDroppedFrames,receiveFreshnessDroppedFramesDelta,receiveFreshnessDropClass,receiveFreshnessDropEvidence,receiveLastFreshnessDropAgeMs,receiveMaxFreshnessDropAgeMs,receiveLastFreshnessDropFrameId,receiveLastFreshnessDropStreamId,receiveLastFreshnessDropCodec,receiveH264AuInvalidFrames,receiveH264AuCrcMismatches,receiveH264AuPayloadSizeMismatches,receiveH264AuNalCountMismatches,receiveH264AuNoAnnexBNals,receiveH264AuIdrFlagMismatches,receiveH264AuSpsPpsFlagMismatches,receiveH264AuSyncWithoutIdr,receiveH264AuIdrWithoutSpsPps,receiveH264AuForbiddenZeroBit,receiveH264AuLastInvalidReason,receiveDecodeInputFrameAgeMs,receiveDecodeInputCameraFrameAgeMs,receiveDecodeInputEncoderOutputAgeMs,receiveLatestDecodedFrameAgeMs,receiveLatestDecodedCameraFrameAgeMs,receiveLatestDecodedEncoderOutputAgeMs,receiveFreshnessDropThresholdMs,receiveDecodeLastDropReason,receiveUploadBufferWaitMs,receiveDisplayFrameId,receiveDisplayCameraFrameAgeMs,receiveDisplayEncoderOutputAgeMs,receiveDisplayDecodedFrameAgeMs,textureUploadMs,presentGpuWaitMs,renderFramePacingWaitMs,waitableSwapChainWaitMs,presentMs,presentSyncInterval,lowLatencyPresentMode,waitableSwapChainPacingEnabled,waitableSwapChainAvailable,swapChainBufferCount,adaptiveInputPacketLossRate,adaptiveInputReceiveFps,adaptiveInputDecodeFps,adaptiveInputJitterMs,adaptiveInputDisplayFps,adaptiveQoeScore,adaptiveDegradationCause,adaptiveArrivalGapJitterSpikeActive,adaptiveFecRecoveryWorking,adaptiveFecGuardActive,adaptiveFecRecoveryEfficiency,adaptiveFecParityPacketDelta,adaptiveFecRecoveredFrameDelta,adaptiveFecRecoveredChunkDelta,simEnabled,simLossRate,simDuplicateRate,simReorderRate,simMinDelayMs,simMaxDelayMs,simBurstLossLength,simSubmittedPackets,simSentPackets,simDroppedPackets,simDuplicatedPackets,simReorderedPackets
0.106,Custom_loss6_delay0-100_dup0_reorder6_burst0,Loopback,1,1,0,,,0.000,0,21,0,0.000,0.000,0.000,0.000,0.000,0.000,0.000,0.000,0.000,0.000,0,0,0,0,0,0,0,0,0,0,0,0,0,0,0,0,0,0,0,5.000,1,0,0,0,0,0,0,0,0,0,0,0,0,0,0,0.000,0.000,0.000,,0,0,10,0,0,0.000,0.000,0.000,0.000,0.000,0.000,0,0,0,0,0,0,0,0,0,0,,,,0,0,0,0,0,0,0,0,0,0,0,0,0,0,0,0,0,0,0,0.000,0,0,0,0,0,0,0.000,0.000,0.000,0,0,0,0,0,0,0,0,0.000,0.000,0.000,0.000,0.000,0.000,0.000,0.000,0.000,,0,0,0,0,0,0,0,0,0,0,0,0,0,,,0,0.000,0,0,0,0,0,0,0,0,0,0,0,0,0,0,0,0,0,0,balanced,0,0.000,0.000,0.000,0,0,0,0,0,0,0,0,0,0,0,0,1,6000000,1200000,0,0,0,0,0,0,0,0,0,0,0,0,0,0,0,0.000,0.000,3750.000,4800.000,0,0,0,0,0,0,0.000,0.000,0.000,0,6000000,0,0.000,0.000,0.000,0.000,0,0,0,0,0,0,0,0,0,0,0,0,0,0,0,0,0,0,0,0,1,0,4,0,0,0,0,0,0,0,0,,disabled,,0,0,0,0,,1,Fixed Quality,Hybrid,85,30,9500,12000,640,360,,0,0,0,0,0,0,0.000,0.000,,0,0,0.000,0.000,0.000,0.000,0.000,0,0,0,0,0,0,0,0,1.000,0,0.000,0.000,1,0,0.000,0.000,0,0,0,0,0.000,0.000,0.000,0,0,0,disabled,0,0,0,0,0,0,0,0,0,0,0,0,,0,,0,0,0.000,0.000,0,,0.000,0.000,0.000,0.000,0,0,0,,0,0,0,0.000,0,0,0.000,0.000,0.000,0.000,0.000,0.000,0.000,0,0,0,0,0,0,0,0,0,0,0,0,1.000,0.000,0.000,0,0,0.000,0,0,0,0.000,0.000,0.000,0.000,0.000,0.000,0.000,0.000,0.000,0,0,0,0,0,0,0,0,0.000,0.000,0.000,0.000,0.000,0.000,0,0.000,0.000,0,0,10,0.000,0.000,0.000,0.000,0.000,0,0,,0.000,0,0,0.000,0.000,0.000,0.000,0.000,,-1.000,1,0,0,0,0,105.715,0.000,0.000,0.000,0.000,0,0,0,0,0,0,0,,,0.000,0.000,0,0,,0,0,0,0,0,0,0,0,0,0,,0.000,0.000,0.000,0.000,0.000,0.000,120.000,,0.000,0,0.000,0.000,0.000,0.000,0.000,0.000,0.000,0.000,1,0,0,1,3,0.000,0.000,0.000,0.000,0.000,0.000,None,0,0,0,0.000,0,0,0,1,0.060,0.000,0.060,0,100,0,0,0,0,0,0
1.108,Custom_loss6_delay0-100_dup0_reorder6_burst0,Loopback,1,1,0,,,0.000,0,21,19,18.732,7.472,7.397,88.782,77.700,0.000,0.000,0.137,0.127,0.318,336,49,327,278,53,28,2,20,14,6,3,0,281,15,7,0,0,0,0,5.000,1,0,0,0,0,0,0,0,0,0,0,0,0,0,0,0.000,0.000,0.000,,12,12,111,0,1,108.649,108.649,109.697,109.697,0.000,0.000,7,7,200,21,4,0,37,53,20,1,nack-sent,pending,H.264,0,1,26,18,8,3,2,3,10,43,0,0,342,21,0,0,0,0,0,77.764,2,2,6,0,6,0,39.953,36.281,62.636,0,0,10,0,10,0,3,1,0.500,0.500,1.000,1.000,0.250,28.000,0.333,0.667,0.000,insufficient-sample,20,147,0,0,12,135,37,356,8,12,0,0,356,predicted-useful,fec-grace,72,0.308,4,10,0,0,0,0,0,0,0,0,0,1,18,1,18,0,0,0,jitter-ack-loss,0,0.737,0.192,108.192,0,0,0,0,0,0,0,0,18,47,4,0,1,9500000,1200000,14,0,14,419,405,485985,15,17197,1,1252,0,0,0,0,0,0.803,24.338,997.500,4800.000,24,637,312,148,325,177,0.322,41.038,0.000,24,6439903,10440475,1.267,0.000,0.511,18.195,637,37,11,356,11,21,5,4,4,5,1,1,1,1,0,0,0,0,2,1,1,0,4,61,53,53,0,0,0,0,0,,disabled,,0,0,0,0,,1,Fixed Quality,Hybrid,85,30,9500,12000,640,360,H.264,480,270,518400,30264,518400,30264,0.058,0.000,,0,0,0.000,2.151,0.000,0.000,0.061,7250,7250,7250,0,0,0,1,9500,1.000,0,20.741,0.000,0,0,0.000,0.000,0,0,0,0,0.200,0.800,0.000,1,0,0,disabled,26,0,0,2,7,2,5,0,5,5,0,3,large-au-observed,0,,0,0,24.338,25.485,0,,0.000,0.000,0.000,0.000,0,0,0,,1,0,0,3.956,0,22,0.060,0.000,0.000,0.060,0.000,0.041,0.006,1,1,1,1,0,1,1,0,0,0,1,0,0.860,67.818,0.000,26,0,0.000,0,0,0,0.000,0.000,0.000,0.000,0.000,0.000,0.000,2.083,8.027,0,0,0,0,0,0,0,0,0.000,0.000,0.000,0.000,0.000,0.000,0,0.291,7.472,7,12,111,109.641,109.641,55.479,109.641,1081.506,19,1,H.264,89.783,0,0,108.649,109.697,1.001,0.137,88.782,arrival-gap,26.605,0,1,1,1,1,1108.111,377.558,428.251,429.772,429.772,0,0,4,0,0,0,0,,,0.000,0.000,0,0,,0,0,0,0,0,0,0,0,0,0,,87.500,0.000,89.643,0.000,0.000,0.000,124.391,h264-decoder-buffering,0.000,19,0.000,94.854,3.783,0.096,0.878,0.680,0.000,0.199,1,0,0,1,3,0.130,18.732,7.472,0.137,7.397,0.750,Loss,0,1,0,0.000,4,2,2,1,0.060,0.000,0.060,0,100,0,406,339,19,0,35
2.109,Custom_loss6_delay0-100_dup0_reorder6_burst0,Loopback,1,1,0,,,0.000,0,21,44,15.303,15.294,15.335,104.758,92.821,63.992,63.992,29.829,0.087,0.388,1194,114,1158,1044,171,114,10,35,28,7,12,0,1047,30,19,0,0,0,0,5.000,1,0,0,0,0,0,0,0,0,0,0,0,0,0,0,0.000,0.000,0.000,,27,27,201,0,1,34.531,183.246,35.518,184.375,0.000,0.000,22,22,638,37,16,0,117,177,48,1,fec-parity,pending,H.264,0,1,26,22,4,5,3,3,15,38,0,0,1234,8,0,0,0,0,0,96.004,5,10,7,1,7,0,42.488,34.800,62.636,0,0,22,1,23,0,7,1,0.333,0.667,0.957,1.000,0.125,36.000,0.200,0.800,0.000,duplicate-guard,52,524,0,0,34,494,117,1320,18,30,0,0,1320,predicted-useful,fec-grace,193,0.538,9,23,0,0,0,0,0,0,0,0,0,6,118,6,118,0,0,0,pacing,1,0.831,3.452,111.452,0,0,0,0,0,0,0,0,118,148,8,0,1,9500000,1200000,0,0,0,1323,1323,1603337,61,73541,29,36132,0,0,0,0,0,32.982,35.196,7324.062,4800.000,70,2324,1173,538,1151,613,0.314,15.146,0.153,70,7506858,11430144,0.530,0.000,0.507,18.757,2324,117,26,1320,23,89,5,16,16,29,2,4,3,1,1,0,0,0,13,1,1,0,4,224,177,177,0,0,0,0,0,,disabled,,0,0,0,0,,1,Fixed Quality,Hybrid,85,30,9500,12000,640,360,H.264,480,270,518400,0,518400,30264,0.058,0.000,,0,0,0.000,4.729,0.000,4.059,0.648,7250,7250,7250,0,0,0,1,9500,1.000,0,32.982,0.000,0,0,0.000,0.000,0,0,0,0,0.217,0.739,0.043,1,0,0,disabled,0,0,0,4,13,4,9,0,9,9,0,3,async-output-pending,0,,0,0,0.000,0.000,0,,32.982,7324.062,45673.077,0.000,0,0,0,,2,0,0,0.000,1,0,0.638,0.177,0.459,0.000,0.000,0.000,0.000,0,0,1,1,1,0,0,1,1,0,1,0,0.860,143.174,0.000,26,0,0.000,0,0,0,0.000,0.000,0.000,0.000,0.000,0.000,0.000,0.000,35.956,0,0,0,0,0,0,0,0,0.000,0.000,0.000,0.000,0.000,0.000,0,0.400,15.294,22,27,201,35.608,184.180,55.479,184.180,1436.302,28,1,H.264,126.013,0,0,183.246,184.375,1.001,130.990,125.071,arrival-gap-jitter-spike,673.343,0,1,1,1,1,2109.645,377.558,428.251,429.772,429.772,0,0,4,0,0,0,0,,,0.000,0.000,0,0,,0,0,0,0,0,0,0,0,0,0,,107.913,0.000,110.993,0.000,0.000,0.000,132.379,h264-decoder-buffering,0.001,44,0.000,116.246,4.771,0.076,0.521,0.253,0.000,0.268,1,0,0,1,3,0.087,15.303,15.294,29.829,15.335,2.000,RecoveryDeadline,1,1,0,0.000,1,1,1,1,0.060,0.000,0.060,0,100,0,1325,1197,79,0,92
3.115,Custom_loss6_delay0-100_dup0_reorder6_burst0,Loopback,1,1,0,,,0.000,0,21,72,22.698,22.690,20.629,166.163,96.687,11.611,37.801,24.107,0.073,0.329,1931,152,1844,1692,273,172,15,70,63,7,16,0,1695,53,26,0,0,0,0,5.000,1,0,0,0,0,0,0,0,0,0,0,0,0,0,0,0.000,0.000,0.000,,48,48,296,0,1,34.242,183.246,34.390,184.375,0.000,0.000,43,42,1013,60,21,0,185,289,76,1,nack-sent,pending,H.264,0,1,22,10,12,2,0,2,5,29,0,0,2040,9,0,0,0,0,0,64.740,8,15,7,1,7,0,42.488,34.800,62.636,0,0,30,2,32,0,9,1,0.348,0.652,0.938,1.000,0.100,33.000,0.000,1.000,0.000,insufficient-sample,75,818,0,0,53,780,185,2102,22,38,0,0,2102,predicted-useful,fec-grace,308,0.773,12,32,0,0,0,0,0,0,0,0,0,9,167,9,167,0,0,0,pacing,1,0.794,1.834,109.834,0,0,0,0,0,0,0,0,167,233,12,0,1,9500000,1200000,0,0,0,2084,2084,2529830,103,124909,55,68516,0,0,0,0,0,17.533,35.196,10768.312,4800.000,109,3769,1925,812,1844,1032,0.297,23.335,0.000,109,3176631,5983924,0.648,-52.381,0.513,20.560,3769,184,46,2090,38,141,5,21,21,38,2,4,3,1,1,0,0,0,18,1,1,0,4,360,289,289,0,0,0,0,0,,disabled,,0,0,0,0,,1,Fixed Quality,Hybrid,85,30,9500,12000,640,360,H.264,480,270,518400,26094,518400,26094,0.050,0.000,,0,0,0.000,1.902,0.000,0.000,0.069,6000,6250,6250,2,2,0,1,9500,0.820,1,17.533,0.000,0,0,0.000,0.000,0,0,0,0,0.250,0.688,0.062,1,0,0,latency-pressure-freshness-hold,22,0,0,6,19,6,11,2,14,14,0,3,large-au-observed,0,,0,0,15.287,21.974,0,,0.000,0.000,0.000,0.000,0,0,0,,3,0,0,6.060,0,77,0.069,0.000,0.000,0.068,0.000,0.046,0.006,1,1,1,1,0,1,1,0,0,0,1,0,0.860,63.647,0.000,26,0,0.000,0,0,0,0.000,0.000,0.000,0.000,0.000,0.000,0.000,1.825,27.933,0,0,0,0,0,0,0,0,0.000,0.000,0.000,0.000,0.000,0.000,0,0.329,22.690,43,48,296,34.593,184.180,55.479,184.180,1436.302,28,1,H.264,126.013,0,0,183.246,184.375,1.001,130.990,125.071,arrival-gap-jitter-spike,1679.352,0,1,1,1,1,3115.654,377.558,428.251,429.772,429.772,0,0,5,0,0,1,1,latency-pressure freshness,latency-over-80ms,150.449,150.449,59,1,decoded,0,0,0,0,0,0,0,0,0,0,,76.133,0.000,77.967,0.000,0.000,0.000,120.000,stale-before-upload,0.000,75,0.000,80.715,2.856,0.073,0.767,0.540,0.000,0.227,1,0,0,1,3,0.073,22.698,22.690,24.107,20.629,3.000,Loss,0,1,0,0.000,1,1,1,1,0.060,0.000,0.060,0,100,0,2087,1937,119,0,140
4.116,Custom_loss6_delay0-100_dup0_reorder6_burst0,Loopback,1,1,0,,,0.000,0,21,100,18.913,18.904,18.930,111.865,97.713,23.474,33.026,4.795,0.067,0.333,2611,187,2467,2280,377,240,17,98,88,10,22,0,2283,70,35,0,0,0,0,5.000,1,0,0,0,0,0,0,0,0,0,0,0,0,0,0,0.000,0.000,0.000,,64,64,393,0,1,56.763,187.235,57.667,187.586,0.000,0.000,59,58,1381,80,29,0,251,394,102,1,nack-suppressed-fec-grace,pending,H.264,0,1,23,8,15,2,0,0,0,0,0,0,2783,11,0,0,0,0,0,35.317,12,17,10,4,10,0,49.523,33.460,62.636,0,0,39,3,42,0,15,2,0.414,0.586,0.929,1.000,0.118,32.000,0.333,0.667,0.000,stable,108,1155,0,0,75,1100,251,2748,33,55,0,0,2748,predicted-useful,fec-grace,413,0.000,16,42,0,0,0,0,0,1,1,1,1,13,221,13,221,0,0,0,pacing,1,0.770,7.579,115.579,0,0,1,1,0,0,0,0,222,316,16,0,1,9500000,1200000,10,0,10,2826,2816,3433802,141,171925,78,97168,0,0,0,0,0,0.444,35.196,1029.562,4800.000,146,5067,2600,1126,2467,1341,0.302,8.985,0.482,146,5171503,7972536,1.772,11.863,0.523,9.458,5067,250,63,2738,50,195,5,29,29,57,3,5,1,2,1,0,0,0,25,1,1,0,4,490,394,394,0,0,0,0,0,,disabled,,0,0,0,0,,1,Fixed Quality,Hybrid,85,30,9500,12000,640,360,H.264,480,270,518400,27138,518400,27138,0.052,0.000,,0,0,0.000,1.945,0.000,0.000,0.078,7250,6500,6500,3,3,0,1,9500,0.993,1,16.410,0.000,0,0,0.000,0.000,0,0,0,0,0.286,0.643,0.071,1,0,0,fixed-pacing-queue-hold,23,0,0,8,23,8,13,2,18,18,0,3,large-au-observed,0,,0,0,18.147,22.853,0,,0.000,0.000,0.000,0.000,0,0,0,,4,0,0,3.119,0,103,0.077,0.000,0.000,0.077,0.000,0.047,0.013,1,1,1,1,0,1,1,0,0,0,0,0,1.000,0.000,0.000,24,0,0.000,0,0,0,0.000,0.000,0.000,0.000,0.000,0.000,0.000,1.859,7.482,0,0,0,0,0,0,0,0,0.000,0.000,0.000,0.000,0.000,0.000,0,0.448,18.904,59,64,393,58.121,188.142,55.479,188.142,3234.824,78,1,H.264,104.199,0,0,187.235,187.586,0.997,123.579,103.282,arrival-gap-jitter-spike,881.082,0,1,1,1,1,4115.906,377.558,428.251,429.772,429.772,0,0,5,0,0,1,0,,,150.449,150.449,59,1,decoded,0,0,0,0,0,0,0,0,0,0,,99.760,0.000,102.428,0.000,0.000,0.000,135.933,stale-before-upload,0.001,100,0.000,107.323,4.406,0.099,0.792,0.585,0.000,0.207,1,0,0,1,3,0.067,18.913,18.904,4.795,18.930,1.000,Jitter,1,1,0,0.000,1,1,1,1,0.060,0.000,0.060,0,100,0,2820,2620,157,0,191
5.116,Custom_loss6_delay0-100_dup0_reorder6_burst0,Loopback,1,1,0,,,0.000,0,21,127,17.749,17.739,17.747,101.895,98.086,30.033,32.278,14.721,0.066,0.313,3344,237,3156,2919,471,291,20,137,122,15,23,0,2922,90,41,0,0,0,0,5.000,0,0,0,0,0,0,0,0,0,0,0,0,0,0,0,0.000,0.000,0.000,,84,84,483,0,1,40.568,187.235,41.620,187.586,0.000,0.000,79,77,1754,105,35,0,321,500,129,1,nack-suppressed-fec-grace,pending,H.264,0,1,24,12,12,2,1,0,0,0,0,0,3552,7,0,0,0,0,0,40.473,17,20,15,9,15,0,56.770,24.921,62.636,0,0,52,6,58,0,24,2,0.459,0.541,0.897,1.000,0.077,35.000,1.000,0.000,0.000,insufficient-sample,141,1469,0,0,96,1396,321,3456,45,73,0,0,3456,predicted-useful,fec-grace,525,0.458,22,58,0,0,0,0,0,1,1,1,1,19,316,19,316,0,0,0,pacing,1,0.811,12.580,120.580,0,0,1,1,0,0,0,0,317,401,20,0,1,9500000,1200000,3,0,3,3600,3597,4393746,186,227491,103,128308,0,0,0,0,0,8.178,35.196,1138.750,4800.000,185,6474,3328,1504,3146,1642,0.311,1.476,1.474,185,5211920,8271172,1.492,10.802,0.445,14.822,6474,321,83,3456,65,251,5,35,35,68,3,5,1,2,1,0,0,0,31,1,1,0,4,615,500,500,0,0,0,0,0,,disabled,,0,0,0,0,,1,Fixed Quality,Hybrid,85,30,9500,12000,640,360,H.264,480,270,518400,28178,518400,28178,0.054,0.000,,0,0,0.000,2.119,0.000,0.000,0.072,7250,6750,6750,4,4,0,1,9500,1.000,0,9.361,0.000,0,0,0.000,0.000,0,0,0,0,0.293,0.603,0.103,1,0,0,disabled,24,0,0,10,30,10,16,4,23,23,0,3,large-au-observed,0,,0,0,13.033,23.729,0,,0.000,0.000,0.000,0.000,0,0,0,,5,0,0,6.107,0,130,0.072,0.000,0.000,0.071,0.000,0.050,0.007,1,1,1,1,0,1,1,0,0,0,0,0,1.000,0.000,0.000,30,0,0.000,0,0,0,0.000,0.000,0.000,0.000,0.000,0.000,0.000,2.040,10.133,0,0,0,0,0,0,0,0,0.000,0.000,0.000,0.000,0.000,0.000,0,0.473,17.739,79,84,483,41.458,188.142,55.479,188.142,3234.824,78,1,H.264,104.199,0,0,187.235,187.586,0.997,123.579,103.282,arrival-gap-jitter-spike,1881.351,0,1,1,1,1,5116.175,377.558,428.251,429.772,429.772,0,0,6,0,0,2,1,latency-pressure freshness,latency-over-80ms,122.433,150.449,119,1,decoded,0,0,0,0,0,0,0,0,0,0,,98.446,0.000,101.174,0.000,0.000,0.000,130.947,stale-before-upload,0.001,127,0.000,106.300,5.124,0.077,0.693,0.458,0.000,0.235,1,0,0,1,3,0.066,17.749,17.739,14.721,17.747,1.000,RecoveryDeadline,0,1,0,0.000,3,3,3,1,0.060,0.000,0.060,0,100,0,3602,3351,204,0,237
6.122,Custom_loss6_delay0-100_dup0_reorder6_burst0,Loopback,1,1,0,,,0.000,0,21,156,16.429,16.427,16.421,111.914,99.044,102.896,46.401,6.424,0.069,0.308,4147,305,3921,3616,567,355,26,159,142,17,27,0,3619,110,49,0,0,0,0,5.000,0,0,0,0,0,0,0,0,0,0,0,0,0,0,0,0.000,0.000,0.000,,104,104,576,0,1,53.448,187.235,54.444,187.586,0.000,0.000,99,97,2172,127,43,0,393,621,158,1,nack-sent,pending,H.264,0,1,24,10,14,3,1,1,0,14,0,0,4417,18,0,0,0,0,0,52.287,20,26,17,11,17,0,57.139,24.458,62.636,0,0,63,9,72,0,25,3,0.435,0.565,0.875,1.000,0.107,43.000,0.000,0.000,0.000,insufficient-sample,181,1811,0,0,120,1710,393,4129,61,101,0,0,4128,predicted-useful,fec-grace,644,0.167,28,72,0,0,0,0,0,1,1,1,1,25,417,25,417,0,0,0,pacing,1,0.799,9.784,117.784,0,0,1,1,0,0,0,0,418,491,24,0,1,9500000,1200000,0,0,0,4454,4454,5443794,230,281653,128,159448,0,0,0,0,0,17.367,35.196,4831.938,3563.050,229,8041,4131,1891,3910,2019,0.314,19.113,0.941,229,7881582,10767543,0.936,23.214,0.475,12.244,8041,392,103,4115,77,310,5,43,43,81,3,5,1,2,1,0,0,0,39,1,1,0,4,761,621,621,0,0,0,0,0,,disabled,,0,0,0,0,,1,Fixed Quality,Hybrid,85,30,9500,12000,640,360,H.264,480,270,518400,28178,518400,28178,0.054,0.000,,0,0,0.000,1.989,0.000,0.000,0.086,7250,6750,6750,4,4,0,1,9500,1.000,0,17.367,0.000,0,0,0.000,0.000,0,0,0,0,0.278,0.597,0.125,1,0,0,disabled,24,0,0,12,35,12,19,4,27,27,0,3,large-au-observed,0,,0,0,16.249,23.729,0,,0.000,0.000,0.000,0.000,0,0,0,,6,0,0,5.991,0,159,0.086,0.000,0.000,0.086,0.000,0.060,0.008,1,1,1,1,0,1,1,0,0,0,1,0,0.860,150.252,0.000,26,0,0.000,0,0,0,0.000,0.000,0.000,0.000,0.000,0.000,0.000,1.894,10.080,0,0,0,0,0,0,0,0,0.000,0.000,0.000,0.000,0.000,0.000,0,0.415,16.427,99,104,576,54.458,188.142,55.479,188.142,3234.824,78,1,H.264,104.199,0,0,187.235,187.586,0.997,123.579,103.282,arrival-gap-jitter-spike,2887.731,0,1,1,1,1,6122.555,377.558,428.251,429.772,429.772,0,0,6,0,0,2,0,,,122.433,150.449,119,1,decoded,0,0,0,0,0,0,0,0,0,0,,106.714,0.000,109.541,0.000,0.000,0.000,135.957,stale-before-upload,0.001,156,0.000,115.363,5.362,0.084,0.637,0.395,0.000,0.242,1,0,0,1,3,0.069,16.429,16.427,6.424,16.421,1.000,RecoveryDeadline,0,1,0,0.000,1,1,1,1,0.060,0.000,0.060,0,100,0,4460,4160,260,0,286
7.125,Custom_loss6_delay0-100_dup0_reorder6_burst0,Loopback,1,1,0,,,0.000,0,21,184,20.425,18.587,16.676,92.470,98.315,37.447,44.909,22.201,0.064,0.299,4840,333,4546,4213,664,402,29,200,177,23,33,0,4216,131,56,0,0,0,0,5.000,0,0,0,0,0,0,0,0,0,0,0,0,0,0,0,0.000,0.000,0.000,,124,124,672,0,1,25.744,187.235,26.758,187.586,0.000,0.000,119,116,2530,154,49,0,451,724,186,1,fec-parity,pending,H.264,0,1,22,6,16,1,0,0,0,0,0,0,5150,4,0,0,0,0,0,34.694,24,29,23,17,23,0,59.078,24.136,62.636,0,0,76,9,85,0,33,3,0.453,0.547,0.894,1.000,0.083,44.000,0.000,0.000,0.000,insufficient-sample,219,2081,0,0,141,1952,451,4605,78,129,0,0,4603,predicted-useful,fec-grace,745,0.364,33,85,0,0,0,0,0,2,2,2,2,30,492,30,492,0,0,0,pacing,1,0.786,12.161,120.161,0,0,2,2,0,0,0,0,494,562,28,0,1,9500000,1200000,0,0,0,5167,5167,6319950,273,334571,153,190596,0,0,0,0,0,15.272,35.196,7579.062,4800.000,266,9352,4817,2132,4535,2403,0.307,29.780,0.000,266,6235050,9263576,0.860,5.482,0.476,19.566,9352,451,123,4605,89,356,6,49,49,95,3,5,1,2,1,0,0,0,45,1,1,0,4,880,724,724,0,0,0,0,0,,disabled,,0,0,0,0,,1,Fixed Quality,Hybrid,85,30,9500,12000,640,360,H.264,480,270,518400,0,518400,26096,0.050,0.000,,0,0,0.000,4.819,0.000,4.048,0.744,6500,6250,6250,5,5,0,1,9500,0.907,1,15.272,0.000,0,0,0.000,0.000,0,0,0,0,0.282,0.612,0.106,1,0,0,latency-pressure-freshness-hold,0,0,0,14,41,14,21,6,31,31,0,3,async-output-pending,0,,0,0,0.000,0.000,0,,15.272,7579.062,43981.481,0.000,0,0,0,,7,0,0,0.000,1,0,0.734,0.177,0.556,0.000,0.000,0.000,0.000,0,0,1,1,1,0,0,1,1,0,0,0,1.000,0.000,0.000,27,0,0.000,0,0,0,0.000,0.000,0.000,0.000,0.000,0.000,0.000,0.000,29.838,0,0,0,0,0,0,0,0,0.000,0.000,0.000,0.000,0.000,0.000,0,0.578,18.587,119,124,672,26.703,188.142,55.479,188.142,3234.824,78,1,H.264,104.199,0,0,187.235,187.586,0.997,123.579,103.282,arrival-gap-jitter-spike,3890.655,0,1,1,1,1,7125.479,377.558,428.251,429.772,429.772,0,0,7,0,0,3,1,latency-pressure freshness,latency-over-80ms,134.544,150.449,165,1,decoded,0,0,0,0,0,0,0,0,0,0,,94.782,0.000,97.298,0.000,0.000,0.000,126.235,stale-before-upload,0.001,184,0.000,103.368,5.670,0.080,0.290,0.025,0.000,0.264,1,0,0,1,3,0.062,20.425,18.587,22.201,16.676,1.000,RecoveryDeadline,0,1,0,1.000,0,2,2,1,0.060,0.000,0.060,0,100,0,5174,4850,297,0,332
8.130,Custom_loss6_delay0-100_dup0_reorder6_burst0,Loopback,1,1,0,,,0.000,0,21,210,19.199,19.201,19.198,101.799,99.327,60.482,47.134,8.775,0.069,0.292,5544,409,5243,4834,741,458,34,212,186,26,37,0,4837,150,62,0,0,0,0,5.000,0,0,0,0,0,0,0,0,0,0,0,0,0,0,0,0.000,0.000,0.000,,143,143,763,0,1,59.843,187.235,60.862,187.586,0.000,0.000,138,135,2899,176,55,0,515,821,211,1,fec-parity,pending,H.264,0,1,23,18,5,3,1,1,7,13,0,0,5877,4,0,0,0,0,0,65.613,27,34,26,20,26,0,60.823,23.024,62.636,0,0,87,11,98,0,35,3,0.443,0.557,0.888,1.000,0.079,44.000,0.000,0.000,0.000,insufficient-sample,262,2347,0,0,162,2186,515,5093,100,161,0,0,5091,deferred-likely-arrival,likely-arrival,852,0.957,38,98,0,0,0,0,0,2,2,2,2,35,572,35,572,0,0,0,pacing,1,0.831,6.832,114.832,0,0,2,2,0,0,0,0,574,645,32,0,1,9500000,1200000,1,0,1,5953,5952,7287108,314,385317,179,222988,0,0,0,0,0,8.856,35.196,364.375,3767.200,303,10785,5542,2417,5243,2826,0.304,34.341,0.000,303,7297125,10446960,0.836,8.992,0.500,20.709,10785,515,142,5093,101,408,6,55,55,104,4,6,1,3,1,0,0,0,50,1,1,0,4,1009,821,821,0,0,0,0,0,,disabled,,0,0,0,0,,1,Fixed Quality,Hybrid,85,30,9500,12000,640,360,H.264,480,270,518400,27136,518400,27136,0.052,0.000,,0,0,0.000,2.045,0.000,0.000,0.072,7250,6500,6500,6,6,0,1,9500,1.000,0,11.462,0.000,0,0,1.333,0.000,1244,0,0,0,0.000,0.000,1.000,1,0,0,disabled,23,0,0,16,45,16,23,6,35,35,0,3,large-au-observed,0,,0,0,15.130,22.851,0,,0.000,0.000,0.000,0.000,0,0,0,,8,0,0,6.405,0,213,0.072,0.000,0.000,0.072,0.000,0.048,0.008,1,1,1,1,0,1,1,0,0,0,0,0,1.000,0.000,0.000,30,0,0.000,0,0,0,0.000,0.000,0.000,0.000,0.000,0.000,0.000,1.965,10.253,0,0,0,0,0,0,0,0,0.000,0.000,0.000,0.000,0.000,0.000,0,0.443,19.201,138,143,763,60.945,188.142,55.479,188.142,3234.824,78,1,H.264,104.199,0,0,187.235,187.586,0.997,123.579,103.282,arrival-gap-jitter-spike,4894.839,0,1,1,1,1,8129.663,377.558,428.251,429.772,429.772,0,0,7,0,0,3,0,,,134.544,150.449,165,1,decoded,0,0,0,0,0,0,0,0,0,0,,106.137,0.000,108.825,0.000,0.000,0.000,130.899,stale-before-upload,0.000,210,0.000,114.980,5.704,0.074,0.731,0.478,0.000,0.253,1,0,0,1,3,0.069,19.199,19.201,8.775,19.198,1.000,Loss,0,1,0,0.500,2,1,1,1,0.060,0.000,0.060,0,100,0,5960,5554,355,0,371
9.132,Custom_loss6_delay0-100_dup0_reorder6_burst0,Loopback,1,1,0,,,0.000,0,21,239,23.281,23.281,23.320,87.493,99.290,98.763,53.587,35.033,0.065,0.283,6303,435,5933,5498,849,522,36,250,220,30,41,0,5501,172,68,0,0,0,0,5.000,0,0,0,0,0,0,0,0,0,0,0,0,0,0,0,0.000,0.000,0.000,,165,165,852,0,1,6.944,187.235,7.920,187.586,0.000,0.000,160,157,3305,202,61,0,578,941,240,1,nack-sent,pending,H.264,0,1,24,14,10,5,2,1,0,10,1,0,6690,8,6712,0,0,0,0,52.158,33,36,30,24,30,0,61.104,22.597,62.636,0,0,99,13,112,0,42,5,0.478,0.522,0.884,1.000,0.106,44.000,0.000,1.000,0.000,insufficient-sample,304,2677,0,0,186,2486,578,5644,118,191,0,0,5642,predicted-useful,fec-grace,959,0.792,44,112,0,0,0,0,0,2,2,2,2,41,670,41,670,0,0,0,pacing,1,0.810,11.887,119.887,0,0,2,2,0,0,0,0,672,724,36,0,1,9500000,1200000,0,0,0,6737,6737,8250566,357,438395,203,252884,0,0,0,0,0,0.011,35.196,14352.938,1080.900,344,12229,6296,2725,5933,3208,0.302,16.494,1.415,344,6530359,9683230,1.504,14.850,0.476,12.223,12229,578,164,5644,114,458,6,61,61,116,5,7,1,4,1,0,0,0,55,1,1,0,4,1150,941,941,0,0,0,0,0,,disabled,,0,0,0,0,,1,Fixed Quality,Hybrid,85,30,9500,12000,640,360,H.264,480,270,518400,0,518400,28178,0.054,0.000,,0,0,0.000,7.057,0.000,6.144,0.885,7250,6750,6750,7,7,0,1,9500,1.000,0,16.702,0.000,0,0,3.695,0.000,3732,0,0,0,0.000,0.000,1.000,1,0,0,disabled,0,0,0,18,53,18,27,8,40,40,1,3,async-output-pending,0,,0,0,0.000,0.000,0,,17.977,10658.188,39583.333,0.000,0,0,0,,9,0,0,0.000,1,0,0.875,0.211,0.661,0.000,0.000,0.000,0.000,0,0,1,1,1,0,0,1,1,0,0,0,1.000,0.000,0.000,30,0,0.000,0,0,0,0.000,0.000,0.000,0.000,0.000,0.000,0.000,0.000,20.393,0,0,0,0,0,0,0,0,0.000,0.000,0.000,0.000,0.000,0.000,0,0.430,23.281,160,165,852,8.046,188.142,55.479,188.142,3234.824,78,1,H.264,104.199,0,0,187.235,187.586,0.997,123.579,103.282,arrival-gap-jitter-spike,5897.604,0,1,1,1,1,9132.428,377.558,428.251,429.772,429.772,0,0,7,0,0,3,0,,,134.544,150.449,165,1,decoded,0,0,0,0,0,0,0,0,0,0,,100.127,0.000,102.922,0.000,0.000,0.000,128.746,stale-before-upload,0.000,239,0.000,108.650,5.280,0.076,0.723,0.441,0.000,0.283,1,0,0,1,3,0.065,23.281,23.281,35.033,23.320,1.000,Loss,0,1,0,1.000,0,1,1,1,0.060,0.000,0.060,0,100,0,6746,6318,394,0,402
10.136,Custom_loss6_delay0-100_dup0_reorder6_burst0,Loopback,1,1,0,,,0.000,0,21,266,16.605,16.601,16.608,95.232,99.568,81.915,56.735,40.582,0.066,0.278,7065,502,6670,6168,940,576,43,275,242,33,46,0,6171,192,74,0,0,0,0,5.000,0,0,0,0,0,0,0,0,0,0,0,0,0,0,0,0.000,0.000,0.000,,185,185,945,0,1,18.543,187.235,19.639,187.586,0.000,0.000,180,177,3686,225,67,0,640,1046,268,1,nack-sent,pending,H.264,0,1,24,10,14,3,1,1,0,14,0,0,7516,4,0,0,0,0,0,55.364,40,43,33,27,33,0,62.255,22.774,62.636,0,0,116,11,127,0,48,5,0.482,0.518,0.913,1.000,0.094,44.000,0.000,1.000,0.000,insufficient-sample,343,2987,0,0,208,2771,640,6190,135,216,0,0,6187,predicted-useful,fec-grace,1066,0.375,51,127,0,0,0,0,0,3,3,3,3,48,794,48,794,0,0,0,pacing,1,0.824,11.816,119.816,0,0,3,3,0,0,0,0,797,803,40,0,1,9500000,1200000,0,0,0,7562,7562,9261358,402,493801,231,287764,0,0,0,0,0,14.640,35.196,1875.062,4800.000,385,13719,7054,2980,6665,3685,0.297,7.796,0.743,385,5193452,8061573,1.468,8.510,0.535,12.333,13719,640,184,6190,128,506,6,67,67,125,5,7,1,4,1,0,0,0,61,1,1,0,4,1282,1046,1046,0,0,0,0,0,,disabled,,0,0,0,0,,1,Fixed Quality,Hybrid,85,30,9500,12000,640,360,H.264,480,270,518400,28178,518400,28178,0.054,0.000,,0,0,0.000,2.388,0.000,0.000,0.063,7250,6750,6750,7,7,0,1,9500,1.000,0,14.640,0.000,0,0,0.000,0.000,0,0,0,0,0.000,1.000,0.000,1,0,0,disabled,24,0,0,20,58,20,30,8,44,44,0,3,large-au-observed,0,,0,0,17.645,23.729,0,,0.000,0.000,0.000,0.000,0,0,0,,10,0,0,4.757,0,269,0.063,0.000,0.000,0.062,0.000,0.042,0.007,1,1,1,1,0,1,1,0,0,0,0,0,1.000,0.000,0.000,30,0,0.000,0,0,0,0.000,0.000,0.000,0.000,0.000,0.000,0.000,2.316,28.254,0,0,0,0,0,0,0,0,0.000,0.000,0.000,0.000,0.000,0.000,0,0.424,16.601,180,185,945,19.679,188.142,55.479,188.142,3234.824,78,1,H.264,104.199,0,0,187.235,187.586,0.997,123.579,103.282,arrival-gap-jitter-spike,6901.784,0,1,1,1,1,10136.608,377.558,428.251,429.772,429.772,0,0,7,0,0,3,0,,,134.544,150.449,165,1,decoded,0,0,0,0,0,0,0,0,0,0,,103.509,0.000,106.282,0.000,0.000,0.000,132.616,stale-before-upload,0.001,266,0.000,111.412,4.685,0.086,0.827,0.571,0.000,0.255,1,0,0,1,3,0.066,16.605,16.601,40.582,16.608,1.000,Jitter,0,1,0,0.000,3,2,2,1,0.060,0.000,0.060,0,100,0,7572,7083,443,0,433
11.137,Custom_loss6_delay0-100_dup0_reorder6_burst0,Loopback,1,1,0,,,0.000,0,21,293,19.583,19.590,19.647,97.028,99.997,97.977,60.859,37.265,0.062,0.276,7877,525,7414,6889,1038,644,48,296,260,36,50,0,6892,212,81,0,0,0,0,5.000,0,0,0,0,0,0,0,0,0,0,0,0,0,0,0,0.000,0.000,0.000,,205,205,1038,0,1,12.663,187.235,13.799,187.586,0.000,0.000,200,197,4085,248,74,0,709,1160,296,1,fec-parity,pending,H.264,0,1,24,20,4,3,2,1,0,4,0,0,8385,20,0,0,0,0,0,54.095,42,48,36,30,36,0,63.182,22.184,62.636,0,0,126,13,139,0,50,5,0.467,0.533,0.906,1.000,0.091,44.000,0.000,0.000,0.000,insufficient-sample,383,3309,0,0,232,3068,709,6810,151,241,0,0,6806,predicted-useful,fec-grace,1181,0.167,55,139,0,0,0,0,0,3,3,3,3,52,865,52,865,0,0,0,pacing,1,0.851,13.514,121.514,0,0,3,3,0,0,0,0,868,892,44,0,1,9500000,1200000,0,0,0,8414,8414,10305162,444,545475,260,323888,0,0,0,0,0,17.956,35.196,8932.375,4800.000,429,15279,7868,3364,7411,4047,0.300,27.698,5.674,429,6594548,10272258,1.880,10.021,0.414,15.259,15279,709,204,6810,140,563,6,74,74,137,6,9,2,4,2,0,0,0,67,1,1,0,4,1421,1160,1160,0,0,0,0,0,,disabled,,0,0,0,0,,1,Fixed Quality,Hybrid,85,30,9500,12000,640,360,H.264,480,270,518400,0,518400,28178,0.054,0.000,,0,0,0.000,4.856,0.000,4.166,0.668,7250,6750,6750,7,7,0,1,9500,1.000,0,17.956,0.000,0,0,0.000,0.000,0,0,0,0,0.302,0.604,0.094,1,0,0,disabled,0,0,0,22,62,22,32,8,48,48,0,3,async-output-pending,0,,0,0,0.000,0.000,0,,7.810,536.688,39583.333,0.000,0,0,0,,11,0,0,0.000,1,0,0.657,0.180,0.476,0.000,0.000,0.000,0.000,0,0,1,1,1,0,0,1,1,0,0,0,1.000,0.000,0.000,30,0,0.000,0,0,0,0.000,0.000,0.000,0.000,0.000,0.000,0.000,0.000,20.296,0,0,0,0,0,0,0,0,0.000,0.000,0.000,0.000,0.000,0.000,0,0.390,19.590,200,205,1038,13.819,188.142,55.479,188.142,3234.824,78,1,H.264,104.199,0,0,187.235,187.586,0.997,123.579,103.282,arrival-gap-jitter-spike,7902.031,0,1,1,1,1,11136.855,377.558,428.251,429.772,429.772,0,0,7,0,0,3,0,,,134.544,150.449,165,1,decoded,0,0,0,0,0,0,0,0,0,0,,105.483,0.000,108.289,0.000,0.000,0.000,133.514,stale-before-upload,0.000,293,0.000,114.934,6.243,0.072,0.785,0.506,0.000,0.279,1,0,0,1,3,0.062,19.583,19.590,37.265,19.647,1.000,RecoveryDeadline,0,1,0,1.000,1,1,1,1,0.060,0.000,0.060,0,100,0,8425,7899,490,0,480
12.139,Custom_loss6_delay0-100_dup0_reorder6_burst0,Loopback,1,1,0,,,0.000,0,21,323,21.157,21.160,21.373,111.506,100.267,98.046,64.240,11.350,0.064,0.270,8663,588,8152,7564,1138,709,54,323,285,38,52,0,7567,235,87,0,0,0,0,5.000,0,0,0,0,0,0,0,0,0,0,0,0,0,0,0,0.000,0.000,0.000,,228,228,1128,0,1,34.799,187.235,35.915,187.586,0.000,0.000,223,219,4490,273,80,0,777,1277,325,1,fec-parity,pending,H.264,0,1,24,6,18,3,0,0,0,0,0,0,9238,16,0,0,0,0,0,37.643,49,54,38,32,38,0,63.986,21.766,62.636,0,0,141,14,155,0,55,6,0.476,0.524,0.910,1.000,0.098,44.000,0.000,0.000,0.000,insufficient-sample,420,3629,0,0,254,3362,777,7450,166,267,0,0,7446,predicted-useful,fec-grace,1298,0.292,61,155,0,0,0,0,0,3,3,3,3,58,968,58,968,0,0,0,pacing,1,0.840,13.364,121.364,0,0,3,3,0,0,0,0,971,979,48,0,1,9500000,1200000,0,0,0,9240,9240,11317196,490,602125,287,356902,0,0,0,0,0,11.477,35.196,1493.500,4800.000,473,16804,8652,3695,8152,4457,0.299,27.221,6.648,473,5817003,9031286,2.320,8.030,0.485,13.169,16804,777,227,7450,155,616,6,80,80,148,7,11,2,4,3,0,0,0,72,1,1,0,4,1560,1277,1277,0,0,0,0,0,,disabled,,0,0,0,0,,1,Fixed Quality,Hybrid,85,30,9500,12000,640,360,H.264,480,270,518400,0,518400,28176,0.054,0.000,,0,0,0.000,5.260,0.000,4.312,0.917,7250,6750,6750,7,7,0,1,9500,1.000,0,11.477,0.000,0,0,0.000,0.000,0,0,0,0,0.316,0.594,0.090,1,0,0,disabled,0,0,0,24,70,24,35,11,53,53,0,3,async-output-pending,0,,0,0,0.000,0.000,0,,11.477,1493.500,39583.333,0.000,0,0,0,,12,0,0,0.000,1,0,0.904,0.199,0.703,0.000,0.000,0.000,0.000,0,0,1,1,1,0,0,1,1,0,0,0,1.000,0.000,0.000,30,0,0.000,0,0,0,0.000,0.000,0.000,0.000,0.000,0.000,0.000,0.000,20.883,0,0,0,0,0,0,0,0,0.000,0.000,0.000,0.000,0.000,0.000,0,0.478,21.160,223,228,1128,35.807,188.142,55.479,188.142,3234.824,78,1,H.264,104.199,0,0,187.235,187.586,0.997,123.579,103.282,arrival-gap-jitter-spike,8904.081,0,1,1,1,1,12138.905,377.558,428.251,429.772,429.772,0,0,7,0,0,3,0,,,134.544,150.449,165,1,decoded,0,0,0,0,0,0,0,0,0,0,,106.314,0.000,109.095,5.099,0.000,121.136,135.753,stale-before-upload,0.001,322,0.000,113.375,5.389,0.081,0.281,0.004,0.000,0.276,1,0,0,1,3,0.064,21.157,21.160,11.350,21.373,1.000,RecoveryDeadline,0,1,0,0.333,3,1,1,1,0.060,0.000,0.060,0,100,0,9252,8683,541,0,526
13.143,Custom_loss6_delay0-100_dup0_reorder6_burst0,Loopback,1,1,0,,,0.000,0,21,351,21.923,21.920,21.908,91.835,100.567,89.589,66.352,27.578,0.065,0.271,9498,657,8952,8295,1225,765,57,348,307,41,55,0,8298,255,95,0,0,0,0,5.000,0,0,0,0,0,0,0,0,0,0,0,0,0,0,0,0.000,0.000,0.000,,248,248,1221,0,1,17.019,187.235,18.037,187.586,0.000,0.000,243,240,4902,296,88,0,847,1392,354,1,nack-suppressed-fec-grace,pending,H.264,0,1,24,16,8,1,1,0,0,0,0,0,10107,5,0,0,0,0,0,48.716,55,57,41,35,41,0,65.204,21.412,62.636,0,0,153,14,167,0,60,7,0.491,0.509,0.916,1.000,0.104,44.000,0.000,1.000,0.000,insufficient-sample,467,3991,0,0,280,3696,847,8095,187,295,0,0,8090,predicted-useful,fec-grace,1415,0.125,67,167,0,0,0,0,0,3,3,3,3,64,1072,64,1072,0,0,0,pacing,1,0.808,8.721,116.721,0,0,3,3,0,0,0,0,1075,1070,52,0,1,9500000,1200000,0,0,0,10152,10152,12434492,532,653799,314,390530,0,0,0,0,0,14.065,35.196,3940.938,4800.000,520,18422,9491,4004,8931,4927,0.297,37.546,2.451,520,5011463,8131389,1.277,4.733,0.406,19.924,18422,847,247,8095,167,674,6,88,88,162,7,11,2,4,3,0,0,0,80,1,1,0,4,1700,1392,1392,0,0,0,0,0,,disabled,,0,0,0,0,,1,Fixed Quality,Hybrid,85,30,9500,12000,640,360,H.264,480,270,518400,0,518400,28176,0.054,0.000,,0,0,0.000,5.167,0.000,4.426,0.649,7250,6750,6750,7,7,0,1,9500,1.000,0,14.065,0.000,0,0,0.000,0.000,0,0,0,0,0.329,0.587,0.084,1,0,0,disabled,0,0,0,26,74,26,37,11,57,57,0,3,async-output-pending,0,,0,0,0.000,0.000,0,,13.708,5946.188,39583.333,0.000,0,0,0,,13,0,0,0.000,1,0,0.639,0.164,0.474,0.000,0.000,0.000,0.000,0,0,1,1,1,0,0,1,1,0,0,0,1.000,0.000,0.000,30,0,0.000,0,0,0,0.000,0.000,0.000,0.000,0.000,0.000,0.000,0.000,16.309,0,0,0,0,0,0,0,0,0.000,0.000,0.000,0.000,0.000,0.000,0,0.449,21.920,243,248,1221,18.259,188.142,55.479,188.142,3234.824,78,1,H.264,104.199,0,0,187.235,187.586,0.997,123.579,103.282,arrival-gap-jitter-spike,9908.865,0,1,1,1,1,13143.689,377.558,428.251,429.772,429.772,0,0,7,0,0,3,0,,,134.544,150.449,165,1,decoded,0,0,0,0,0,0,0,0,0,0,,105.961,0.000,108.645,0.000,0.000,0.000,125.917,stale-before-upload,0.001,351,0.000,114.012,4.913,0.083,0.608,0.398,0.000,0.210,1,0,0,1,3,0.065,21.923,21.920,27.578,21.908,1.000,RecoveryDeadline,0,1,0,0.000,0,1,1,1,0.060,0.000,0.060,0,100,0,10165,9521,599,0,584
14.151,Custom_loss6_delay0-100_dup0_reorder6_burst0,Loopback,1,1,0,,,0.000,0,21,380,14.560,14.559,14.578,80.464,100.468,97.254,68.729,43.499,0.063,0.268,10140,685,9540,8855,1321,820,66,380,336,44,55,0,8858,276,101,0,0,0,0,5.000,0,0,0,0,0,0,0,0,0,0,0,0,0,0,0,0.000,0.000,0.000,,269,269,1315,0,1,24.123,187.235,25.181,187.586,0.000,0.000,263,259,5255,320,94,0,903,1489,381,1,fec-parity,pending,H.264,0,1,22,10,12,2,0,0,0,0,0,0,10793,14,0,0,0,0,0,34.488,58,66,44,38,44,0,64.967,21.146,62.636,0,0,168,15,183,0,63,8,0.468,0.532,0.918,1.000,0.113,44.000,0.000,1.000,1.000,insufficient-sample,500,4195,0,0,298,3881,903,8574,202,314,0,0,8569,predicted-useful,fec-grace,1514,0.000,75,183,0,0,0,0,0,7,7,7,7,72,1202,72,1202,0,0,0,pacing,1,0.813,8.221,116.221,0,0,7,7,0,0,0,0,1209,1138,56,0,1,9500000,1200000,0,0,0,10824,10824,13262443,576,708277,338,420426,0,0,0,0,0,14.543,35.196,6895.062,4800.000,555,19661,10131,4233,9530,5297,0.295,23.912,0.489,555,4333384,6687698,1.709,5.319,0.443,14.808,19661,903,267,8574,182,714,7,94,94,172,8,15,4,4,4,0,0,0,85,1,1,0,4,1825,1489,1489,0,0,0,0,0,,disabled,,0,0,0,0,,1,Fixed Quality,Hybrid,85,30,9500,12000,640,360,H.264,480,270,518400,26096,518400,26096,0.050,0.000,,0,0,0.000,1.827,0.000,0.000,0.086,6250,6250,6250,8,8,0,1,9500,0.855,1,15.314,0.000,0,0,0.000,0.000,0,0,0,0,0.000,1.000,0.000,1,0,0,latency-pressure-freshness-hold,22,0,0,29,82,29,40,13,62,62,0,3,large-au-observed,0,,0,0,20.943,21.976,0,,0.000,0.000,0.000,0.000,0,0,0,,14,0,0,5.985,0,382,0.086,0.000,0.000,0.086,0.000,0.063,0.006,1,1,1,1,0,1,1,0,0,0,0,0,1.000,0.000,0.000,27,0,0.000,0,0,0,0.000,0.000,0.000,0.000,0.000,0.000,0.000,1.734,9.848,0,0,0,0,0,0,0,0,0.000,0.000,0.000,0.000,0.000,0.000,0,0.435,14.559,263,269,1315,25.522,188.142,55.479,188.142,3234.824,78,1,H.264,104.199,0,0,187.235,187.586,0.997,123.579,103.282,arrival-gap-jitter-spike,10916.396,0,1,1,1,1,14151.220,377.558,428.251,429.772,429.772,0,0,8,0,0,4,1,latency-pressure freshness,latency-over-80ms,147.195,150.449,352,1,H.264,0,0,0,0,0,0,0,0,0,0,,96.096,0.000,98.537,0.063,0.000,85.077,125.232,stale-before-decode,0.001,379,0.000,107.268,4.778,0.075,0.850,0.614,0.000,0.235,1,0,0,1,3,0.063,14.560,14.559,43.499,14.578,1.000,RecoveryDeadline,0,1,0,1.000,3,3,3,1,0.060,0.000,0.060,0,100,0,10838,10161,635,0,619
15.152,Custom_loss6_delay0-100_dup0_reorder6_burst0,Loopback,1,1,0,,,0.000,0,21,405,18.653,18.639,18.638,73.953,100.584,8.035,64.394,11.717,0.063,0.258,10780,726,10127,9401,1406,868,67,415,365,50,56,0,9404,297,103,0,0,0,0,5.000,0,0,0,0,0,0,0,0,0,0,0,0,0,0,0,0.000,0.000,0.000,,290,290,1402,0,1,40.913,187.235,41.894,187.586,0.000,0.000,284,281,5579,347,96,0,958,1580,406,1,nack-sent,pending,H.264,1,1,23,14,9,3,1,3,9,40,0,0,11462,13,0,0,0,0,0,67.925,61,67,50,44,50,0,65.568,23.169,119.336,0,0,178,15,193,0,69,8,0.477,0.523,0.922,1.000,0.104,44.000,0.000,1.000,0.000,insufficient-sample,535,4435,0,0,318,4098,958,9018,217,337,0,0,9012,predicted-useful,likely-arrival,1610,0.522,79,193,0,0,0,0,0,8,8,8,8,76,1268,76,1268,0,0,0,pacing,1,0.842,11.664,119.664,0,0,8,8,0,0,0,0,1276,1207,60,0,1,9500000,1200000,0,0,0,11492,11492,14085563,614,755291,362,450322,0,0,0,0,0,14.649,35.196,6385.000,4800.000,592,20904,10777,4478,10127,5649,0.294,18.989,2.674,592,6770466,9300957,2.016,-13.588,0.522,13.919,20904,957,288,9009,193,757,7,96,96,178,8,15,4,4,4,0,0,0,87,1,1,0,4,1935,1580,1580,0,0,0,0,0,,disabled,,0,0,0,0,,1,Fixed Quality,Hybrid,85,30,9500,12000,640,360,H.264,480,270,518400,27138,518400,27138,0.052,0.000,,0,0,0.000,2.137,0.000,0.000,0.114,7250,6500,6500,9,9,0,1,9500,1.000,0,14.649,0.000,0,0,0.000,0.000,0,0,0,0,0.316,0.606,0.078,1,0,0,disabled,23,0,0,33,88,33,42,13,66,66,0,3,large-au-observed,0,,0,0,22.893,22.853,0,,0.000,0.000,0.000,0.000,0,0,0,,15,0,0,5.947,0,407,0.113,0.000,0.000,0.113,0.000,0.075,0.009,1,1,1,1,0,1,1,0,0,0,1,0,0.860,25.767,0.000,26,0,0.000,0,0,0,0.000,0.000,0.000,0.000,0.000,0.000,0.000,2.010,27.072,0,0,0,0,0,0,0,0,0.000,0.000,0.000,0.000,0.000,0.000,0,0.541,18.639,284,290,1402,41.888,188.142,55.479,188.142,3234.824,78,1,H.264,104.199,0,0,187.235,187.586,0.997,123.579,103.282,arrival-gap-jitter-spike,11917.532,0,1,1,1,1,15152.356,377.558,428.251,429.772,429.772,0,0,8,0,0,4,0,,,147.195,150.449,352,1,H.264,0,0,0,0,0,0,0,0,0,0,,100.440,0.000,103.249,0.000,0.000,0.000,120.000,stale-before-decode,0.001,405,0.000,109.198,5.384,0.085,0.272,0.001,0.000,0.271,1,0,0,1,3,0.063,18.653,18.639,11.717,18.638,1.000,Loss,0,1,0,0.000,2,2,2,1,0.060,0.000,0.060,0,100,0,11507,10807,668,0,658
16.159,Custom_loss6_delay0-100_dup0_reorder6_burst0,Loopback,1,1,0,,,0.000,0,21,433,21.446,19.491,19.309,78.670,100.770,77.606,65.275,13.247,0.064,0.257,11554,786,10864,10078,1496,919,72,445,391,54,60,0,10081,318,110,0,0,0,0,5.000,0,0,0,0,0,0,0,0,0,0,0,0,0,0,0,0.000,0.000,0.000,,310,310,1501,0,1,58.827,187.235,59.875,187.586,0.000,0.000,304,301,5967,372,102,0,1021,1687,434,1,fec-recovered,pending,H.264,1,1,24,20,4,2,2,3,11,38,1,0,12284,22,12322,1,0,0,0,69.200,69,72,54,48,54,0,67.513,22.533,119.336,0,0,195,17,212,0,76,8,0.489,0.511,0.920,1.000,0.095,45.000,0.000,1.000,0.000,duplicate-guard,579,4716,0,0,339,4345,1021,9599,240,371,0,0,9592,predicted-useful,likely-arrival,1719,0.292,86,212,0,0,0,0,0,8,8,8,8,83,1381,83,1381,0,0,0,pacing,1,0.785,9.654,117.654,0,0,8,8,0,0,0,0,1389,1287,64,0,1,9500000,1200000,5,0,5,12339,12334,15119049,662,814587,388,482698,0,0,0,0,0,6.175,35.196,513.688,4800.000,635,22413,11549,4805,10864,6059,0.294,35.915,6.828,635,4220901,6855033,2.958,69.571,0.541,22.839,22413,1021,309,9599,212,802,7,102,102,187,8,15,4,4,4,0,0,0,93,1,1,0,4,2065,1687,1687,0,0,0,0,0,,disabled,,0,0,0,0,,1,Fixed Quality,Hybrid,85,30,9500,12000,640,360,H.264,480,270,518400,28178,518400,28178,0.054,0.000,,0,0,0.000,2.335,0.000,0.000,0.071,7250,6750,6750,10,10,0,1,9500,1.000,0,13.929,0.000,0,0,0.000,0.000,0,0,0,0,0.325,0.594,0.080,1,0,0,disabled,24,0,0,37,97,37,45,15,72,72,0,4,large-au-observed,0,,0,0,17.740,23.729,0,,0.000,0.000,0.000,0.000,0,0,0,,16,0,0,5.927,0,436,0.071,0.000,0.000,0.070,0.000,0.047,0.009,1,1,1,1,0,1,1,0,0,0,0,0,1.000,0.000,0.000,30,0,0.000,0,0,0,0.000,0.000,0.000,0.000,0.000,0.000,0.000,2.256,10.159,0,0,0,0,0,0,0,0,0.000,0.000,0.000,0.000,0.000,0.000,0,0.366,19.491,304,310,1501,59.867,188.142,55.479,188.142,3234.824,78,1,H.264,104.199,0,0,187.235,187.586,0.997,123.579,103.282,arrival-gap-jitter-spike,12924.124,0,1,1,1,1,16158.948,377.558,428.251,429.772,429.772,0,0,8,0,0,4,0,,,147.195,150.449,352,1,H.264,0,0,0,0,0,0,0,0,0,0,,98.556,0.000,101.271,0.000,0.000,0.000,120.000,stale-before-decode,0.001,433,0.000,106.192,4.540,0.073,0.955,0.717,0.000,0.238,1,0,0,1,3,0.064,21.446,19.491,13.247,19.309,1.000,RecoveryDeadline,0,1,0,1.000,0,1,1,1,0.060,0.000,0.060,0,100,0,12350,11578,720,0,703
17.165,Custom_loss6_delay0-100_dup0_reorder6_burst0,Loopback,1,1,0,,,0.000,0,21,456,21.856,21.863,21.845,86.593,100.737,70.559,65.605,4.983,0.063,0.262,12311,829,11568,10739,1585,975,78,467,411,56,65,0,10742,335,119,0,0,0,0,5.000,0,0,0,0,0,0,0,0,0,0,0,0,0,0,0,0.000,0.000,0.000,,327,327,1602,0,1,39.684,187.235,40.771,187.586,0.000,0.000,321,318,6339,391,111,0,1086,1788,462,1,fec-recovered,pending,H.264,1,1,24,20,4,3,3,3,13,49,0,2,13062,7,13087,2,0,0,0,96.974,72,78,56,50,56,0,67.583,22.133,119.336,0,0,206,21,227,0,81,8,0.480,0.520,0.907,1.000,0.090,43.000,0.000,1.000,0.000,insufficient-sample,613,5028,0,0,361,4638,1086,10207,252,390,0,0,10199,predicted-useful,fec-grace,1822,0.458,91,227,0,0,0,0,0,8,8,8,8,89,1488,89,1488,0,0,0,pacing,1,0.828,14.138,122.138,0,0,8,8,0,0,0,0,1496,1365,68,0,1,9500000,1200000,0,0,0,13134,13134,16099353,707,869993,415,516334,0,0,0,0,0,14.994,35.196,5047.688,3635.550,675,23854,12291,5160,11563,6403,0.296,2.815,1.431,675,3811383,6636888,1.576,54.247,0.521,4.919,23854,1086,326,10207,226,853,7,111,111,203,9,16,1,5,4,0,0,0,101,1,1,0,4,2200,1788,1788,0,0,0,0,0,,disabled,,0,0,0,0,,1,Fixed Quality,Hybrid,85,30,9500,12000,640,360,H.264,480,270,518400,0,518400,28176,0.054,0.000,,0,0,0.000,0.007,0.000,0.000,0.004,7250,6750,6750,10,10,0,1,9500,1.000,0,14.994,0.000,0,0,0.000,0.000,0,0,0,0,0.000,1.000,0.000,1,0,0,disabled,0,0,0,41,105,41,49,15,77,77,0,4,async-output-pending,0,,0,0,0.000,0.000,0,,0.000,0.000,0.000,0.000,0,0,0,,17,0,0,0.000,1,0,0.000,0.000,0.000,0.000,0.000,0.000,0.000,0,0,0,0,0,0,0,0,1,1,1,1,1.000,180.000,1.500,30,0,0.000,0,0,0,0.000,0.000,0.000,0.000,0.000,0.000,0.000,0.000,6.713,0,0,0,0,0,0,0,0,0.000,0.000,0.000,0.000,0.000,0.000,0,0.363,21.863,321,327,1602,40.842,188.142,55.479,188.142,3234.824,78,1,H.264,104.199,0,0,187.235,187.586,0.997,123.579,103.282,arrival-gap-jitter-spike,13930.737,0,1,1,1,1,17165.561,377.558,428.251,429.772,429.772,0,0,8,0,0,4,0,,,147.195,150.449,352,1,H.264,0,0,0,0,0,0,0,0,0,0,,98.444,0.000,101.187,0.000,0.000,0.000,123.297,stale-before-decode,0.001,456,0.000,105.078,3.519,0.077,0.823,0.566,0.000,0.256,1,0,0,1,3,0.063,21.856,21.863,4.983,21.845,1.000,Loss,0,1,0,0.500,2,1,1,1,0.060,0.000,0.060,0,100,0,13151,12345,768,0,751
18.165,Custom_loss6_delay0-100_dup0_reorder6_burst0,Loopback,1,1,0,,,0.000,0,21,487,17.390,17.372,17.358,101.795,101.132,2.070,61.868,20.400,0.063,0.266,13097,877,12297,11420,1692,1040,84,497,435,62,71,0,11423,354,128,0,0,0,0,5.000,0,0,0,0,0,0,0,0,0,0,0,0,0,0,0,0.000,0.000,0.000,,345,345,1698,0,1,76.841,236.738,77.903,237.893,0.000,0.000,339,336,6738,416,119,0,1156,1897,490,1,nack-sent,pending,H.264,1,1,24,13,11,3,1,3,6,45,0,0,13937,20,0,0,0,0,0,62.941,75,84,62,56,62,0,67.701,21.276,119.336,0,0,221,24,245,0,85,8,0.472,0.528,0.902,1.000,0.086,44.000,0.000,1.000,0.000,insufficient-sample,652,5307,0,0,382,4888,1156,10845,270,419,0,0,10837,predicted-useful,likely-arrival,1934,0.458,97,245,0,0,0,0,0,8,8,8,8,95,1582,95,1582,0,0,0,pacing,1,0.774,16.143,124.143,0,0,8,8,0,0,0,0,1590,1451,72,0,1,9500000,1200000,21,0,21,13987,13965,17117609,755,929131,440,547482,0,0,0,0,0,0.372,35.196,15217.438,4800.000,718,25386,13089,5512,12297,6785,0.296,11.098,2.953,718,4527714,7611621,1.340,29.700,0.502,12.325,25386,1156,345,10845,245,904,7,119,119,221,9,16,1,5,4,0,0,0,109,1,1,0,4,2339,1897,1897,0,0,0,0,0,,disabled,,0,0,0,0,,1,Fixed Quality,Hybrid,85,30,9500,12000,640,360,H.264,480,270,518400,28178,518400,28178,0.054,0.000,,0,0,0.000,1.920,0.000,0.000,0.076,7250,6750,6750,10,10,0,1,9500,1.000,0,9.824,0.000,0,0,0.000,0.000,0,0,0,0,0.306,0.596,0.098,1,0,0,disabled,24,0,0,45,115,45,53,17,84,84,0,4,large-au-observed,0,,0,0,11.429,23.729,0,,0.000,0.000,0.000,0.000,0,0,0,,18,0,0,3.253,0,492,0.075,0.000,0.000,0.075,0.000,0.045,0.009,1,1,1,1,0,1,1,0,0,0,0,0,1.000,0.000,0.000,30,0,0.000,0,0,0,0.000,0.000,0.000,0.000,0.000,0.000,0.000,1.835,7.198,0,0,0,0,0,0,0,0,0.000,0.000,0.000,0.000,0.000,0.000,0,0.411,17.372,339,345,1698,78.009,237.989,55.479,237.989,17167.347,462,1,H.264,99.581,0,0,236.738,237.893,1.000,192.139,98.318,arrival-gap-jitter-spike,998.215,0,1,1,1,1,18165.562,377.558,428.251,429.772,429.772,0,0,8,0,0,4,0,,,147.195,150.449,352,1,H.264,0,0,0,0,0,0,0,0,0,0,,102.704,0.000,105.502,0.000,0.000,0.000,130.898,stale-before-decode,0.001,487,0.000,111.588,5.649,0.088,0.238,0.000,0.000,0.238,1,0,0,1,3,0.063,17.390,17.372,20.400,17.358,1.000,Jitter,1,1,0,0.500,2,1,1,1,0.060,0.000,0.060,0,100,0,13984,13124,818,0,797
19.173,Custom_loss6_delay0-100_dup0_reorder6_burst0,Loopback,1,1,0,,,0.000,0,21,517,23.934,23.932,24.970,88.515,101.354,67.802,62.197,11.880,0.063,0.260,13926,935,13082,12147,1810,1100,89,542,476,66,79,0,12150,378,133,0,0,0,0,5.000,0,0,0,0,0,0,0,0,0,0,0,0,0,0,0,0.000,0.000,0.000,,369,369,1791,0,1,28.900,236.738,29.902,237.893,0.000,0.000,363,360,7169,444,124,0,1229,2020,518,1,fec-parity,pending,H.264,1,1,24,17,7,4,0,3,14,42,1,1,14788,11,14837,0,0,0,0,75.278,86,89,66,60,66,0,67.795,20.364,119.336,0,0,241,23,264,0,95,8,0.491,0.509,0.913,1.000,0.078,44.000,0.000,0.000,0.000,insufficient-sample,695,5650,0,0,404,5197,1229,11561,291,453,0,0,11553,predicted-useful,likely-arrival,2059,0.833,104,264,0,0,0,0,0,8,8,8,8,102,1694,102,1694,0,0,0,pacing,1,0.800,8.966,116.966,0,0,8,8,0,0,0,0,1702,1542,76,0,1,9500000,1200000,0,0,0,14851,14851,18203135,804,989513,467,580488,0,0,0,0,0,15.717,35.196,5949.375,4800.000,763,26989,13915,5811,13074,7263,0.295,27.480,1.040,763,5310682,8751865,1.152,36.906,0.521,22.444,26989,1229,369,11561,264,958,7,124,124,230,9,16,1,5,4,0,0,0,114,1,1,0,4,2482,2020,2020,0,0,0,0,0,,disabled,,0,0,0,0,,1,Fixed Quality,Hybrid,85,30,9500,12000,640,360,H.264,480,270,518400,28178,518400,28178,0.054,0.000,,0,0,0.000,2.020,0.000,0.000,0.087,7250,6750,6750,10,10,0,1,9500,1.000,0,22.151,0.000,0,0,0.000,0.000,0,0,0,0,0.326,0.587,0.087,1,0,0,disabled,24,0,0,49,121,49,55,17,90,90,0,4,large-au-observed,0,,0,0,27.888,23.729,0,,0.000,0.000,0.000,0.000,0,0,0,,19,0,0,9.636,0,520,0.086,0.000,0.000,0.086,0.000,0.058,0.008,1,1,1,1,0,1,1,0,0,0,1,0,0.860,179.991,0.000,26,0,0.000,0,0,0,0.000,0.000,0.000,0.000,0.000,0.000,0.000,1.926,17.605,0,0,0,0,0,0,0,0,0.000,0.000,0.000,0.000,0.000,0.000,0,0.353,23.932,363,369,1791,30.087,237.989,55.479,237.989,17167.347,462,1,H.264,99.581,0,0,236.738,237.893,1.000,192.139,98.318,arrival-gap-jitter-spike,2006.211,0,1,1,1,1,19173.558,377.558,428.251,429.772,429.772,0,0,8,0,0,4,0,,,147.195,150.449,352,1,H.264,0,0,0,0,0,0,0,0,0,0,,103.276,0.000,106.035,0.000,0.000,0.000,124.257,stale-before-decode,0.000,517,0.000,111.105,4.703,0.074,1.015,0.764,0.000,0.251,1,0,0,1,3,0.063,23.934,23.932,11.880,24.970,1.000,RecoveryDeadline,0,1,0,0.000,2,3,3,1,0.060,0.000,0.060,0,100,0,14870,13957,861,0,862
20.179,Custom_loss6_delay0-100_dup0_reorder6_burst0,Loopback,1,1,0,,,0.000,0,21,547,23.882,23.860,23.701,103.525,101.479,44.076,61.244,26.356,0.063,0.259,14774,999,13881,12882,1907,1165,95,566,499,67,81,0,12885,401,140,0,0,0,0,5.000,0,0,0,0,0,0,0,0,0,0,0,0,0,0,0,0.000,0.000,0.000,,392,392,1887,0,1,67.189,236.738,68.229,237.893,0.000,0.000,386,383,7595,468,131,0,1301,2141,548,1,retransmit-duplicate,pending,H.264,1,1,24,17,7,5,2,3,11,43,0,1,15754,1,15754,1,15754,1,1,68.099,92,95,67,61,67,0,67.697,20.954,119.336,0,0,254,29,283,0,99,10,0.492,0.508,0.898,1.000,0.092,44.000,0.500,0.500,1.000,insufficient-sample,735,5961,0,0,427,5477,1301,12261,308,484,0,0,12252,predicted-useful,likely-arrival,2181,0.333,111,283,0,0,0,0,0,8,8,8,8,109,1812,109,1812,0,0,0,pacing,1,0.824,10.713,118.713,0,0,8,8,0,0,0,0,1820,1633,80,0,1,9500000,1200000,3,0,3,15770,15767,19325383,853,1049895,492,611636,0,0,0,0,0,7.955,35.196,502.250,3518.850,808,28618,14755,6125,13863,7738,0.293,30.429,0.000,808,5447388,9136843,1.819,24.780,0.509,18.198,28618,1301,392,12261,285,1009,7,131,131,243,12,22,1,6,6,0,0,0,118,1,1,0,4,2632,2141,2141,0,0,0,0,0,,disabled,,0,0,0,0,,1,Fixed Quality,Hybrid,85,30,9500,12000,640,360,H.264,480,270,518400,28178,518400,28178,0.054,0.000,,0,0,0.000,1.910,0.000,0.000,0.065,7250,6750,6750,10,10,0,1,9500,1.000,0,8.865,0.000,0,0,0.000,0.000,0,0,0,0,0.000,1.000,0.000,1,0,0,disabled,24,0,0,53,130,53,58,19,97,97,0,4,large-au-observed,0,,0,0,0.132,23.729,0,,0.000,0.000,0.000,0.000,0,0,0,,20,0,0,4.889,0,550,0.065,0.000,0.000,0.065,0.000,0.045,0.006,1,1,1,1,0,1,1,0,0,0,0,0,1.000,0.000,0.000,30,0,0.000,0,0,0,0.000,0.000,0.000,0.000,0.000,0.000,0.000,1.837,9.055,0,0,0,0,0,0,0,0,0.000,0.000,0.000,0.000,0.000,0.000,0,0.372,23.861,386,392,1887,68.317,237.989,55.479,237.989,17167.347,462,1,H.264,99.581,0,0,236.738,237.893,1.000,192.139,98.318,arrival-gap-jitter-spike,3012.120,0,1,1,1,1,20179.467,377.558,428.251,429.772,429.772,0,0,8,0,0,4,0,,,147.195,150.449,352,1,H.264,0,0,0,0,0,0,0,0,0,0,,106.862,0.000,109.623,0.000,0.000,0.000,131.762,stale-before-decode,0.001,547,0.000,114.738,4.726,0.071,0.783,0.561,0.000,0.222,1,0,0,1,3,0.063,23.882,23.860,26.356,23.701,1.000,RecoveryDeadline,0,1,0,1.000,0,1,1,1,0.060,0.000,0.060,0,100,0,15787,14804,926,0,915
21.186,Custom_loss6_delay0-100_dup0_reorder6_burst0,Loopback,1,1,0,,,0.000,0,21,576,27.132,27.115,26.871,101.661,101.505,69.727,61.668,40.080,0.063,0.258,15607,1045,14655,13610,2019,1233,106,597,527,70,83,0,13613,423,147,0,0,0,0,5.000,0,0,0,0,0,0,0,0,0,0,0,0,0,0,0,0.000,0.000,0.000,,414,414,1981,0,1,75.935,236.738,76.937,237.893,0.000,0.000,408,404,8035,493,138,0,1370,2270,578,1,nack-sent,pending,H.264,1,1,24,9,15,2,0,1,0,15,1,0,16638,18,16652,3,0,0,0,24.814,100,106,70,64,70,0,67.532,21.053,119.336,0,0,276,31,307,0,108,10,0.485,0.515,0.899,1.000,0.085,45.000,0.000,1.000,0.000,stable,776,6293,0,0,449,5783,1370,12915,327,510,0,0,12906,predicted-useful,likely-arrival,2297,0.000,119,307,0,0,0,0,0,8,8,8,8,117,1950,117,1950,0,0,0,pacing,1,0.850,9.368,117.368,0,0,8,8,0,0,0,0,1958,1715,84,0,1,9500000,1200000,0,0,0,16634,16634,20387873,907,1116497,521,647130,0,0,0,0,0,14.428,35.196,1004.938,1107.950,853,30235,15588,6479,14647,8168,0.294,23.981,3.106,853,5921534,9044817,1.444,24.954,0.507,20.753,30235,1369,414,12900,304,1058,7,138,138,256,14,25,1,7,7,0,0,0,123,1,1,0,4,2782,2270,2270,0,0,0,0,0,,disabled,,0,0,0,0,,1,Fixed Quality,Hybrid,85,30,9500,12000,640,360,H.264,480,270,518400,0,518400,28178,0.054,0.000,,0,0,0.000,4.598,0.000,3.935,0.645,7250,6750,6750,10,10,0,1,9500,1.000,0,14.428,0.000,0,0,0.000,0.000,0,0,0,0,0.000,1.000,0.000,1,0,0,disabled,0,0,0,57,139,57,63,19,104,104,3,4,async-output-pending,0,,0,0,0.000,0.000,0,,14.428,1004.938,45673.077,0.000,0,0,0,,21,0,0,0.000,1,0,0.634,0.170,0.463,0.000,0.000,0.000,0.000,0,0,1,1,1,0,0,1,1,0,1,0,0.860,94.108,0.000,26,0,0.000,0,0,0,0.000,0.000,0.000,0.000,0.000,0.000,0.000,0.000,26.279,0,0,0,0,0,0,0,0,0.000,0.000,0.000,0.000,0.000,0.000,0,0.434,27.115,408,414,1981,76.993,237.989,55.479,237.989,17167.347,462,1,H.264,99.581,0,0,236.738,237.893,1.000,192.139,98.318,arrival-gap-jitter-spike,4018.968,0,1,1,1,1,21186.315,377.558,428.251,429.772,429.772,0,0,8,0,0,4,0,,,147.195,150.449,352,1,H.264,0,0,0,0,0,0,0,0,0,0,,103.775,0.000,106.561,4.023,0.000,110.158,135.831,stale-before-decode,0.001,574,0.000,111.894,4.655,0.077,0.746,0.463,0.000,0.283,1,0,0,1,3,0.063,27.132,27.115,40.080,26.871,1.000,Jitter,0,1,0,1.000,2,2,2,1,0.060,0.000,0.060,0,100,0,16655,15641,981,0,956
22.193,Custom_loss6_delay0-100_dup0_reorder6_burst0,Loopback,1,1,0,,,0.000,0,21,604,18.809,19.199,19.178,109.422,101.437,12.182,59.311,21.541,0.063,0.258,16426,1112,15436,14324,2131,1297,116,632,557,75,86,0,14327,444,154,0,0,0,0,5.000,0,0,0,0,0,0,0,0,0,0,0,0,0,0,0,0.000,0.000,0.000,,435,435,2076,0,1,73.630,236.738,74.707,237.893,0.000,0.000,429,426,8446,519,145,0,1440,2387,606,1,fec-recovered,pending,H.264,1,1,24,14,10,2,1,2,8,36,0,0,17498,20,0,0,0,0,0,48.167,105,116,75,69,75,0,68.116,21.119,119.336,0,0,296,26,322,0,114,10,0.475,0.525,0.919,1.000,0.081,44.000,0.667,0.333,0.000,insufficient-sample,811,6605,0,0,470,6069,1440,13618,341,536,0,0,13609,predicted-useful,likely-arrival,2415,0.875,124,322,0,0,0,0,0,8,8,8,8,123,2055,123,2055,0,0,0,pacing,1,0.854,12.165,120.165,0,0,8,8,0,0,0,0,2063,1803,88,0,1,9500000,1200000,2,2,0,17521,17519,21472155,952,1171903,546,678270,0,0,0,0,0,12.058,35.196,1662.500,3771.150,899,31842,16419,6822,15423,8601,0.294,25.403,3.010,899,6225042,9746399,1.592,8.454,0.472,18.369,31842,1440,435,13618,328,1105,7,145,145,272,14,25,1,7,7,0,0,0,130,1,1,0,4,2923,2387,2387,0,0,0,0,0,,disabled,,0,0,0,0,,1,Fixed Quality,Hybrid,85,30,9500,12000,640,360,H.264,480,270,518400,0,518400,28178,0.054,0.000,,0,0,0.000,4.777,0.000,4.082,0.676,7250,6750,6750,10,10,0,1,9500,1.000,0,12.058,0.000,0,0,0.000,0.000,0,0,0,0,0.326,0.593,0.081,1,0,0,disabled,0,0,0,61,148,61,66,21,112,112,3,4,async-output-pending,0,,0,0,0.000,0.000,0,,12.058,1662.500,39583.333,0.000,0,0,0,,22,0,0,0.000,1,0,0.668,0.171,0.495,0.000,0.000,0.000,0.000,0,0,1,1,1,0,0,1,1,0,0,0,1.000,0.000,0.000,30,0,0.000,0,0,0,0.000,0.000,0.000,0.000,0.000,0.000,0.000,0.000,21.741,0,0,0,0,0,0,0,0,0.000,0.000,0.000,0.000,0.000,0.000,0,0.402,19.199,429,435,2076,74.665,237.989,55.479,237.989,17167.347,462,1,H.264,99.581,0,0,236.738,237.893,1.000,192.139,98.318,arrival-gap-jitter-spike,5025.617,0,1,1,1,1,22192.964,377.558,428.251,429.772,429.772,0,0,8,0,0,4,0,,,147.195,150.449,352,1,H.264,0,0,0,0,0,0,0,0,0,0,,101.862,0.000,104.727,0.000,0.000,0.000,134.711,stale-before-decode,0.000,604,0.000,109.801,4.654,0.083,0.729,0.433,0.000,0.296,1,0,0,1,3,0.063,18.809,19.199,21.541,19.178,1.000,Loss,0,1,0,1.000,1,1,1,1,0.060,0.000,0.060,0,100,0,17541,16463,1035,0,1008
23.201,Custom_loss6_delay0-100_dup0_reorder6_burst0,Loopback,1,1,0,,,0.000,0,21,631,20.310,19.937,18.434,92.814,101.534,70.592,59.824,20.492,0.063,0.258,17110,1142,16065,14923,2234,1359,124,662,580,82,89,0,14926,464,161,0,0,0,0,5.000,0,0,0,0,0,0,0,0,0,0,0,0,0,0,0,0.000,0.000,0.000,,455,455,2170,0,1,68.732,236.738,69.728,237.893,0.000,0.000,448,444,8828,546,152,0,1500,2496,633,1,fec-parity,pending,H.264,1,1,22,14,8,5,2,2,5,24,0,0,18191,0,0,0,0,0,0,60.771,109,124,82,76,82,0,69.358,21.267,119.336,0,0,315,29,344,0,117,11,0.468,0.532,0.916,1.000,0.086,40.000,0.000,1.000,1.000,retransmit-late,849,6846,0,0,489,6282,1500,14114,360,564,0,0,14105,predicted-useful,likely-arrival,2515,0.864,134,344,0,0,0,0,0,10,10,10,10,132,2204,132,2204,0,0,0,pacing,1,0.831,11.163,119.163,0,0,10,10,0,0,0,0,2214,1873,92,0,1,9500000,1200000,9,0,9,18258,18249,22372247,1002,1233845,570,708166,0,0,0,0,0,0.828,35.196,1062.812,2514.450,936,33156,17098,7125,16058,8933,0.294,13.749,0.066,936,3680508,6128408,2.347,18.445,0.520,14.392,33156,1500,454,14114,347,1145,8,152,152,280,16,27,1,9,7,0,0,0,135,1,1,0,4,3052,2496,2496,0,0,0,0,0,,disabled,,0,0,0,0,,1,Fixed Quality,Hybrid,85,30,9500,12000,640,360,H.264,480,270,518400,26096,518400,26096,0.050,0.000,,0,0,0.000,2.120,0.000,0.000,0.073,6000,6250,6250,11,11,0,1,9500,0.820,1,13.363,0.000,0,0,0.000,0.000,0,0,0,0,1.000,0.000,0.000,1,0,0,latency-pressure-freshness-hold,22,1,1,65,158,65,72,21,119,119,3,4,decoder-sync-observed,0,,0,0,0.010,21.976,0,,0.000,0.000,0.000,0.000,0,0,0,,23,0,0,5.677,0,635,0.072,0.000,0.000,0.072,0.000,0.047,0.006,1,1,1,1,0,1,1,0,0,0,1,0,0.860,66.569,0.000,26,0,0.000,0,0,0,0.000,0.000,0.000,0.000,0.000,0.000,0.000,2.040,9.928,0,0,0,0,0,0,0,0,0.000,0.000,0.000,0.000,0.000,0.000,0,0.320,19.937,448,455,2170,69.653,237.989,55.479,237.989,17167.347,462,1,H.264,99.581,0,0,236.738,237.893,1.000,192.139,98.318,arrival-gap-jitter-spike,6033.610,0,1,1,1,1,23200.957,377.558,428.251,429.772,429.772,0,0,10,0,0,6,2,latency-pressure freshness,latency-over-80ms,153.847,153.847,620,1,H.264,0,0,0,0,0,0,0,0,0,0,,102.278,0.000,103.124,0.000,0.000,0.000,126.407,stale-before-decode,0.000,631,0.000,108.687,5.371,0.074,1.051,0.779,0.000,0.272,1,0,0,1,3,0.063,20.310,19.937,20.492,18.434,1.000,Loss,0,1,0,0.250,4,1,1,1,0.060,0.000,0.060,0,100,0,18272,17146,1076,0,1049
24.207,Custom_loss6_delay0-100_dup0_reorder6_burst0,Loopback,1,1,0,,,0.000,0,21,658,24.858,22.218,24.875,119.518,101.599,76.529,60.550,14.544,0.062,0.250,17788,1174,16684,15510,2322,1410,128,692,605,87,92,0,15513,488,163,0,0,0,0,5.000,0,0,0,0,0,0,0,0,0,0,0,0,0,0,0,0.000,0.000,0.000,,479,479,2266,0,1,53.830,236.738,54.772,237.893,0.000,0.000,472,467,9183,575,154,0,1559,2600,658,1,completed,completed,H.264,0,1,22,22,0,6,5,2,4,8,0,0,18926,19,0,0,0,0,0,104.335,112,128,87,81,87,0,68.800,21.101,119.336,0,0,327,26,353,0,122,11,0.467,0.533,0.926,1.000,0.083,44.000,0.000,1.000,0.000,insufficient-sample,882,7099,0,0,509,6517,1559,14602,373,582,0,0,14593,predicted-useful,likely-arrival,2620,0.000,137,353,0,0,0,0,0,10,10,10,10,135,2246,135,2246,0,0,0,pacing,1,0.787,12.677,120.677,0,0,10,10,0,0,0,0,2256,1951,96,0,1,9500000,1200000,10,0,10,18968,18958,23247829,1039,1279617,593,736818,0,0,0,0,0,0.528,35.196,906.062,4800.000,974,34454,17778,7419,16676,9257,0.294,12.459,1.977,974,3784130,6529318,1.524,15.944,0.437,9.941,34454,1559,478,14602,363,1188,8,154,154,285,16,27,1,9,7,0,0,0,137,1,1,0,4,3173,2600,2600,0,0,0,0,0,,disabled,,0,0,0,0,,1,Fixed Quality,Hybrid,85,30,9500,12000,640,360,H.264,480,270,518400,27392,518400,27392,0.053,0.000,,0,0,0.000,1.876,0.000,0.000,0.072,7000,6500,6500,12,12,0,1,9500,0.962,1,16.277,0.000,0,0,0.000,0.000,0,0,0,0,0.317,0.609,0.074,1,0,0,fixed-pacing-queue-hold,23,1,1,69,165,69,74,22,124,124,2,4,decoder-sync-observed,0,,0,0,18.119,23.067,0,,0.000,0.000,0.000,0.000,0,0,0,,24,0,0,5.480,0,661,0.072,0.000,0.000,0.071,0.000,0.048,0.007,1,1,1,1,0,1,1,0,0,0,0,0,1.000,0.000,0.000,24,0,0.000,0,0,0,0.000,0.000,0.000,0.000,0.000,0.000,0.000,1.786,10.204,0,0,0,0,0,0,0,0,0.000,0.000,0.000,0.000,0.000,0.000,0,0.458,22.218,472,479,2266,55.048,237.989,55.479,237.989,17167.347,462,1,H.264,99.581,0,0,236.738,237.893,1.000,192.139,98.318,arrival-gap-jitter-spike,7039.435,0,1,1,1,1,24206.782,377.558,428.251,429.772,429.772,0,0,10,0,0,6,0,,,153.847,153.847,620,1,H.264,0,0,0,0,0,0,0,0,0,0,,110.311,0.000,112.976,4.840,0.000,128.546,139.759,stale-before-decode,0.000,657,0.000,116.566,5.694,0.073,0.935,0.716,0.000,0.219,1,0,0,1,3,0.062,24.858,22.218,14.544,24.875,1.000,Loss,0,1,0,1.000,1,1,1,1,0.060,0.000,0.060,0,100,0,18982,17825,1125,0,1090
25.207,Custom_loss6_delay0-100_dup0_reorder6_burst0,Loopback,1,1,0,,,0.000,0,21,683,15.277,16.529,13.549,98.640,101.698,13.940,58.608,38.966,0.063,0.254,18507,1251,17393,16142,2415,1466,134,718,630,88,97,0,16145,504,172,0,0,0,0,5.000,0,0,0,0,0,0,0,0,0,0,0,0,0,0,0,0.000,0.000,0.000,,494,494,2362,0,1,25.310,236.738,26.490,237.893,0.000,0.000,487,483,9560,592,162,0,1621,2706,686,1,fec-parity,pending,H.264,0,1,23,17,6,5,3,1,3,12,0,0,19676,2,0,0,0,0,0,69.663,119,134,88,82,88,0,68.703,20.899,119.336,0,0,341,31,372,0,125,11,0.470,0.530,0.917,1.000,0.081,45.000,0.000,1.000,0.000,stable,918,7368,0,0,530,6759,1621,15158,388,609,0,0,15149,predicted-useful,fec-grace,2724,0.435,144,372,0,0,0,0,0,10,10,10,10,142,2356,142,2356,0,0,0,pacing,1,0.841,6.156,114.156,0,0,10,10,0,0,0,0,2366,2032,100,0,1,9500000,1200000,2,0,2,19741,19739,24208413,1087,1338913,619,769202,0,0,0,0,0,7.713,35.196,297.062,4800.000,1014,35866,18494,7754,17372,9618,0.295,2.682,0.893,1014,5274196,8105554,0.857,0.237,0.472,15.640,35866,1621,494,15158,378,1235,8,162,162,300,16,27,1,9,7,0,0,0,145,1,1,0,4,3308,2706,2706,0,0,0,0,0,,disabled,,0,0,0,0,,1,Fixed Quality,Hybrid,85,30,9500,12000,640,360,H.264,480,270,518400,27136,518400,27136,0.052,0.000,,0,0,0.000,2.660,0.000,0.000,0.113,7250,6750,6750,13,13,0,1,9500,1.000,0,9.428,0.000,0,0,0.000,0.000,0,0,0,0,0.320,0.597,0.083,1,0,0,disabled,23,1,1,73,174,73,79,22,129,129,2,4,decoder-sync-observed,0,,0,0,13.012,22.851,0,,0.000,0.000,0.000,0.000,0,0,0,,25,0,0,6.863,0,688,0.112,0.000,0.000,0.112,0.000,0.066,0.030,1,1,1,1,0,1,1,0,0,0,0,0,1.000,0.000,0.000,30,0,0.000,0,0,0,0.000,0.000,0.000,0.000,0.000,0.000,0.000,1.897,10.199,0,0,0,0,0,0,0,0,0.000,0.000,0.000,0.000,0.000,0.000,0,0.350,16.529,487,494,2362,26.386,237.989,55.479,237.989,17167.347,462,1,H.264,99.581,0,0,236.738,237.893,1.000,192.139,98.318,arrival-gap-jitter-spike,8039.851,0,1,1,1,1,25207.198,377.558,428.251,429.772,429.772,0,0,10,0,0,6,0,,,153.847,153.847,620,1,H.264,0,0,0,0,0,0,0,0,0,0,,99.975,0.000,102.657,0.000,0.000,0.000,134.320,stale-before-decode,0.001,683,0.000,107.963,4.947,0.079,0.474,0.167,0.000,0.307,1,0,0,1,3,0.063,15.277,16.529,38.966,13.549,1.000,Jitter,0,1,0,0.500,4,2,2,1,0.060,0.000,0.060,0,100,0,19764,18546,1170,0,1136
26.207,Custom_loss6_delay0-100_dup0_reorder6_burst0,Loopback,1,1,0,,,0.000,0,21,714,23.082,21.383,23.293,98.376,101.861,104.375,60.439,0.944,0.063,0.254,19335,1310,18180,16870,2523,1527,142,752,659,93,102,0,16873,527,179,0,0,0,0,5.000,0,0,0,0,0,0,0,0,0,0,0,0,0,0,0,0.000,0.000,0.000,,517,517,2455,0,1,43.173,236.738,44.267,237.893,0.000,0.000,510,506,9984,620,169,0,1697,2824,715,1,fec-parity,pending,H.264,0,1,24,15,9,4,1,2,5,24,0,0,20565,2,0,0,0,0,0,71.617,123,142,93,87,93,0,68.937,21.310,119.336,0,0,358,30,388,0,131,11,0.464,0.536,0.923,1.000,0.077,44.000,0.000,0.000,0.000,insufficient-sample,960,7703,0,0,553,7066,1697,15898,407,637,0,0,15887,predicted-useful,fec-grace,2849,0.375,150,388,0,0,0,0,0,10,10,10,10,148,2452,148,2452,0,0,0,pacing,1,0.793,11.740,119.740,0,0,10,10,0,0,0,0,2462,2126,104,0,1,9500000,1200000,3,0,3,20627,20624,25292943,1133,1395563,644,800350,0,0,0,0,0,8.133,35.196,909.562,4800.000,1060,37481,19325,8193,18156,9963,0.298,23.778,0.000,1060,4779838,8178340,1.382,18.277,0.453,11.927,37481,1697,517,15898,396,1293,8,169,169,311,16,27,1,9,7,0,0,0,152,1,1,0,4,3449,2824,2824,0,0,0,0,0,,disabled,,0,0,0,0,,1,Fixed Quality,Hybrid,85,30,9500,12000,640,360,H.264,480,270,518400,28178,518400,28178,0.054,0.000,,0,0,0.000,2.008,0.000,0.000,0.083,7250,6750,6750,13,13,0,1,9500,1.000,0,23.610,0.000,0,0,0.000,0.000,0,0,0,0,0.317,0.606,0.077,1,0,0,disabled,24,1,1,77,180,77,81,22,135,135,2,4,decoder-sync-observed,0,,0,0,27.347,23.729,0,,0.000,0.000,0.000,0.000,0,0,0,,26,0,0,8.701,0,717,0.083,0.000,0.000,0.083,0.000,0.057,0.009,1,1,1,1,0,1,1,0,0,0,0,0,1.000,0.000,0.000,30,0,0.000,0,0,0,0.000,0.000,0.000,0.000,0.000,0.000,0.000,1.888,14.807,0,0,0,0,0,0,0,0,0.000,0.000,0.000,0.000,0.000,0.000,0,0.345,21.383,510,517,2455,44.130,237.989,55.479,237.989,17167.347,462,1,H.264,99.581,0,0,236.738,237.893,1.000,192.139,98.318,arrival-gap-jitter-spike,9040.028,0,1,1,1,1,26207.375,377.558,428.251,429.772,429.772,0,0,10,0,0,6,0,,,153.847,153.847,620,1,H.264,0,0,0,0,0,0,0,0,0,0,,104.583,0.000,107.336,0.000,0.000,0.000,129.188,stale-before-decode,0.001,714,0.000,112.438,4.751,0.079,0.430,0.134,0.000,0.296,1,0,0,1,3,0.063,23.082,21.383,0.944,23.293,1.000,RecoveryDeadline,0,1,0,0.250,4,1,1,1,0.060,0.000,0.060,0,100,0,20650,19375,1223,0,1184
27.214,Custom_loss6_delay0-100_dup0_reorder6_burst0,Loopback,1,1,0,,,0.000,0,21,742,21.048,21.468,19.253,75.377,101.818,93.210,61.699,25.974,0.062,0.251,20004,1331,18790,17459,2618,1587,152,775,678,97,104,0,17462,549,184,0,0,0,0,5.000,0,0,0,0,0,0,0,0,0,0,0,0,0,0,0,0.000,0.000,0.000,,539,539,2549,0,1,20.528,236.738,21.537,237.893,0.000,0.000,531,527,10346,646,174,0,1754,2932,744,1,fec-parity,pending,H.264,1,1,22,2,20,4,0,0,0,0,0,0,21329,20,0,0,0,0,0,13.857,126,152,97,91,97,0,68.827,21.241,119.336,0,0,375,30,405,0,134,12,0.453,0.547,0.926,1.000,0.082,42.000,0.000,1.000,0.000,insufficient-sample,990,7936,0,0,571,7279,1754,16483,419,657,0,0,16471,predicted-useful,fec-grace,2951,0.000,157,405,0,0,0,0,0,11,11,11,11,155,2571,155,2571,0,0,0,pacing,1,0.829,9.887,117.887,0,0,11,11,0,0,0,0,2582,2197,107,0,1,9500000,1200000,0,0,0,21310,21310,26136746,1178,1451287,668,830246,0,0,0,0,0,15.292,35.196,7626.562,4800.000,1096,38777,19997,8467,18780,10313,0.297,29.411,5.156,1096,4146122,6746978,2.313,12.388,0.436,20.661,38777,1754,538,16483,416,1329,9,174,174,319,18,31,2,9,9,0,0,0,155,1,1,0,4,3572,2932,2932,0,0,0,0,0,,disabled,,0,0,0,0,,1,Fixed Quality,Hybrid,85,30,9500,12000,640,360,H.264,480,270,518400,26096,518400,26096,0.050,0.000,,0,0,0.000,1.878,0.000,0.000,0.060,6000,6250,6250,14,14,0,1,9500,0.820,1,15.292,0.000,0,0,0.000,0.000,0,0,0,0,0.311,0.615,0.074,1,0,0,latency-pressure-freshness-hold,22,1,1,80,190,80,86,24,141,141,1,4,decoder-sync-observed,0,,0,0,17.779,21.976,0,,0.000,0.000,0.000,0.000,0,0,0,,27,0,0,2.869,0,744,0.060,0.000,0.000,0.060,0.000,0.041,0.005,1,1,1,1,0,1,1,0,0,0,1,0,0.860,150.029,0.000,26,0,0.000,0,0,0,0.000,0.000,0.000,0.000,0.000,0.000,0.000,1.789,7.141,0,0,0,0,0,0,0,0,0.000,0.000,0.000,0.000,0.000,0.000,0,0.344,21.468,531,539,2549,21.547,237.989,55.479,237.989,17167.347,462,1,H.264,99.581,0,0,236.738,237.893,1.000,192.139,98.318,arrival-gap-jitter-spike,10046.508,0,1,1,1,1,27213.855,377.558,428.251,429.772,429.772,0,0,11,0,0,7,1,cadence-limited freshness,input-cadence-or-video-budget,165.123,165.123,718,1,H.264,0,0,0,0,0,0,0,0,0,0,,94.228,0.000,96.726,0.000,0.000,0.000,120.000,stale-before-decode,0.001,742,0.000,102.299,5.222,0.073,0.672,0.429,0.000,0.242,1,0,0,1,3,0.062,21.048,21.468,25.974,19.253,1.000,Loss,0,1,0,0.000,1,2,2,1,0.060,0.000,0.060,0,100,0,21337,20046,1265,0,1225
28.221,Custom_loss6_delay0-100_dup0_reorder6_burst0,Loopback,1,1,0,,,0.000,0,21,766,19.659,14.094,17.763,95.716,101.909,76.743,62.256,12.232,0.063,0.252,20683,1384,19425,18041,2708,1635,158,802,701,101,113,0,18044,566,191,0,0,0,0,5.000,0,0,0,0,0,0,0,0,0,0,0,0,0,0,0,0.000,0.000,0.000,,555,555,2649,0,1,62.098,236.738,63.100,237.893,0.000,0.000,547,543,10677,667,180,0,1816,3021,767,1,nack-sent,pending,H.264,0,1,23,22,1,4,3,3,7,17,0,0,21981,5,0,0,0,0,0,111.062,131,158,101,95,101,0,68.774,21.779,119.336,0,0,390,34,424,0,143,12,0.453,0.547,0.920,1.000,0.077,45.000,0.167,0.833,0.000,duplicate-guard,1021,8180,0,0,590,7500,1816,17039,431,680,0,0,17027,predicted-useful,likely-arrival,3052,0.696,164,424,0,0,0,0,0,11,11,11,11,162,2675,162,2675,0,0,0,pacing,1,0.796,10.167,118.167,0,0,11,11,0,0,0,0,2686,2272,111,0,1,9500000,1200000,10,0,10,22068,22058,27059510,1225,1509497,691,858898,0,0,0,0,0,0.668,35.196,1027.188,1113.000,1133,40088,20677,8744,19411,10667,0.297,33.543,4.000,1133,4484918,7618039,1.366,6.617,0.441,22.767,40088,1816,555,17039,435,1372,9,180,180,330,19,33,2,9,10,0,0,0,160,1,1,0,4,3683,3021,3021,0,0,0,0,0,,disabled,,0,0,0,0,,1,Fixed Quality,Hybrid,85,30,9500,12000,640,360,H.264,480,270,518400,27136,518400,27136,0.052,0.000,,0,0,0.000,1.823,0.000,0.000,0.083,7250,6500,6500,15,15,0,1,9500,1.000,0,10.629,0.000,0,0,3.261,0.000,3732,0,0,0,0.000,0.000,1.000,1,0,0,disabled,23,1,1,84,196,84,88,24,148,148,2,4,decoder-sync-observed,0,,0,0,12.612,22.851,0,,0.000,0.000,0.000,0.000,0,0,0,,28,0,0,5.922,0,770,0.083,0.000,0.000,0.083,0.000,0.051,0.011,1,1,1,1,0,1,1,0,0,0,0,0,1.000,0.000,0.000,30,0,0.000,0,0,0,0.000,0.000,0.000,0.000,0.000,0.000,0.000,1.733,10.113,0,0,0,0,0,0,0,0,0.000,0.000,0.000,0.000,0.000,0.000,0,0.341,14.094,547,555,2649,63.142,237.989,55.479,237.989,17167.347,462,1,H.264,99.581,0,0,236.738,237.893,1.000,192.139,98.318,arrival-gap-jitter-spike,11053.531,0,1,1,1,1,28220.878,377.558,428.251,429.772,429.772,0,0,11,0,0,7,0,,,165.123,165.123,718,1,H.264,0,0,0,0,0,0,0,0,0,0,,103.424,0.000,105.973,0.000,0.000,0.000,127.858,stale-before-decode,0.001,766,0.000,111.744,5.420,0.073,0.920,0.683,0.000,0.236,1,0,0,1,3,0.062,19.659,14.094,12.232,17.763,1.000,RecoveryDeadline,0,1,0,0.000,0,2,2,1,0.060,0.000,0.060,0,100,0,22086,20731,1311,0,1284
29.223,Custom_loss6_delay0-100_dup0_reorder6_burst0,Loopback,1,1,0,,,0.000,0,21,794,21.317,18.396,17.506,100.368,101.972,76.090,62.751,67.663,0.062,0.254,21311,1416,20008,18592,2790,1678,170,823,718,105,119,0,18595,586,200,0,0,0,0,5.000,0,0,0,0,0,0,0,0,0,0,0,0,0,0,0,0.000,0.000,0.000,,573,573,2747,0,1,113.664,236.738,114.574,237.893,0.000,0.000,565,560,11014,691,187,0,1877,3105,797,1,fec-parity,pending,H.264,1,1,21,0,21,1,0,0,0,0,0,0,22727,4,0,0,0,0,0,0.000,139,170,105,99,105,0,68.407,22.095,119.336,0,0,414,31,445,0,152,13,0.450,0.550,0.930,1.000,0.079,45.000,0.286,0.714,0.200,duplicate-guard,1051,8360,0,0,607,7659,1877,17551,444,701,0,0,17539,predicted-useful,fec-grace,3157,0.476,171,445,0,0,0,0,0,11,11,11,11,169,2764,169,2764,0,0,0,pacing,1,0.758,5.048,113.048,0,0,11,11,0,0,0,0,2775,2350,115,0,1,9500000,1200000,0,0,0,22702,22702,27854875,1272,1567859,713,886306,0,0,0,0,0,7.407,35.196,710.375,4800.000,1167,41283,21298,8988,19985,10997,0.297,15.888,0.076,1167,4019870,6540095,1.647,5.163,0.397,12.943,41283,1877,573,17551,458,1410,9,187,187,343,20,35,2,9,11,0,0,0,166,1,1,0,4,3794,3105,3105,0,0,0,0,0,,disabled,,0,0,0,0,,1,Fixed Quality,Hybrid,85,30,9500,12000,640,360,H.264,480,270,518400,25054,518400,25054,0.048,0.000,,0,0,0.000,1.974,0.000,0.000,0.132,6000,6000,6000,16,16,0,1,9500,0.830,1,7.407,0.000,0,0,0.000,0.000,0,0,0,0,0.312,0.618,0.070,1,0,0,latency-pressure-freshness-hold,21,1,1,88,207,88,93,26,155,155,1,4,decoder-sync-observed,0,,0,0,7.679,21.098,0,,0.000,0.000,0.000,0.000,0,0,0,,29,0,0,6.270,0,797,0.131,0.000,0.000,0.131,0.000,0.099,0.011,1,1,1,1,0,1,1,0,0,0,0,0,1.000,0.000,0.000,27,0,0.000,0,0,0,0.000,0.000,0.000,0.000,0.000,0.000,0.000,1.801,10.056,0,0,0,0,0,0,0,0,0.000,0.000,0.000,0.000,0.000,0.000,0,0.456,18.396,565,573,2747,114.664,237.989,55.479,237.989,17167.347,462,1,H.264,99.581,0,0,236.738,237.893,1.000,192.139,98.318,arrival-gap-jitter-spike,12056.105,0,1,1,1,1,29223.452,377.558,428.251,429.772,429.772,0,0,12,0,0,8,1,latency-pressure freshness,latency-over-80ms,146.372,165.123,769,1,decoded,0,0,0,0,0,0,0,0,0,0,,97.671,0.000,100.088,0.000,0.000,0.000,135.184,stale-before-upload,0.001,794,0.000,105.923,5.534,0.100,0.261,0.002,0.000,0.259,1,0,0,1,3,0.062,21.317,18.396,67.663,17.506,2.000,Jitter,0,1,0,1.000,0,1,1,1,0.060,0.000,0.060,0,100,0,22731,21355,1347,0,1324
30.225,Custom_loss6_delay0-100_dup0_reorder6_burst0,Loopback,1,1,0,,,0.000,0,21,820,19.082,19.096,19.092,103.825,102.069,37.211,61.870,5.736,0.062,0.255,21988,1449,20628,19179,2887,1739,182,842,733,109,124,0,19182,605,207,0,0,0,0,5.000,0,0,0,0,0,0,0,0,0,0,0,0,0,0,0,0.000,0.000,0.000,,591,591,2841,0,1,57.208,236.738,58.142,237.893,0.000,0.000,583,578,11373,714,193,0,1942,3197,822,1,nack-sent,pending,H.264,0,1,22,14,8,1,1,1,0,8,0,0,23430,18,0,0,0,0,0,55.485,147,182,109,103,109,0,68.748,21.672,119.336,0,0,438,33,471,0,159,14,0.447,0.553,0.930,1.000,0.081,45.000,0.143,0.857,0.000,duplicate-guard,1089,8603,0,0,625,7867,1942,18127,464,736,0,0,18113,predicted-useful,likely-arrival,3261,0.273,181,471,0,0,0,0,0,12,12,12,12,179,2900,179,2900,0,0,0,pacing,1,0.759,9.013,117.013,0,0,12,12,0,0,0,0,2912,2424,119,0,1,9500000,1200000,0,0,0,23410,23410,28730827,1326,1634777,738,917446,0,0,0,0,0,18.732,35.196,6095.938,4800.000,1203,42610,21982,9298,20628,11330,0.297,1.776,1.549,1203,4340737,7369901,1.673,-3.645,0.411,9.843,42610,1941,592,18119,482,1450,9,193,193,355,21,36,1,10,11,0,0,0,171,1,1,0,4,3909,3197,3197,0,0,0,0,0,,disabled,,0,0,0,0,,1,Fixed Quality,Hybrid,85,30,9500,12000,640,360,H.264,480,270,518400,0,518400,26094,0.050,0.000,,0,0,0.000,5.230,0.000,4.423,0.735,7250,6250,6250,17,17,0,1,9500,1.000,0,18.732,0.000,0,0,0.000,0.000,0,0,0,0,0.312,0.618,0.070,1,0,0,disabled,0,0,0,92,215,92,97,26,162,162,0,4,async-output-pending,0,,0,0,0.000,0.000,0,,0.000,0.000,0.000,0.000,0,0,0,,30,0,0,0.000,1,0,0.724,0.185,0.537,0.000,0.000,0.000,0.000,0,0,1,1,1,0,0,1,1,0,1,0,0.860,171.062,0.000,26,0,0.000,0,0,0,0.000,0.000,0.000,0.000,0.000,0.000,0.000,0.000,10.209,0,0,0,0,0,0,0,0,0.000,0.000,0.000,0.000,0.000,0.000,0,0.376,19.095,583,591,2841,58.171,237.989,55.479,237.989,17167.347,462,1,H.264,99.581,0,0,236.738,237.893,1.000,192.139,98.318,arrival-gap-jitter-spike,13058.224,0,1,1,1,1,30225.571,377.558,428.251,429.772,429.772,0,0,12,0,0,8,0,,,146.372,165.123,769,1,decoded,0,0,0,0,0,0,0,0,0,0,,102.501,0.000,105.266,0.000,0.000,0.000,131.912,stale-before-upload,0.001,820,0.000,110.011,4.359,0.083,0.360,0.003,0.000,0.357,1,0,0,1,3,0.062,19.082,19.096,5.736,19.092,1.000,Loss,0,1,0,2.000,1,2,2,1,0.060,0.000,0.060,0,100,0,23440,22038,1390,0,1362
31.227,Custom_loss6_delay0-100_dup0_reorder6_burst0,Loopback,1,1,0,,,0.000,0,21,848,13.799,13.247,13.263,95.917,102.017,37.211,61.870,45.348,0.062,0.259,22697,1507,21298,19791,2992,1799,191,874,758,116,128,0,19794,622,217,0,0,0,0,5.000,0,0,0,0,0,0,0,0,0,0,0,0,0,0,0,0.000,0.000,0.000,,607,607,2936,0,1,116.736,236.738,117.815,237.893,0.000,0.000,599,594,11746,738,202,0,2009,3294,849,1,nack-sent,pending,H.264,0,1,23,20,3,3,3,2,5,14,0,0,24152,1,0,0,0,0,0,75.902,155,191,116,110,116,0,68.730,22.062,119.336,0,0,462,33,495,0,171,15,0.448,0.552,0.933,1.000,0.081,45.000,0.125,0.875,0.000,duplicate-guard,1115,8801,0,0,642,8050,2009,18685,473,751,0,0,18671,predicted-useful,fec-grace,3371,0.478,189,495,0,0,0,0,0,13,13,13,13,187,3019,187,3019,0,0,0,pacing,1,0.775,7.727,115.727,0,0,13,13,0,0,0,0,3032,2509,123,0,1,9500000,1200000,10,0,10,24207,24197,29700897,1379,1700293,765,950618,0,0,0,0,0,0.617,35.196,1003.438,4800.000,1243,43983,22685,9659,21298,11639,0.299,45.276,0.000,1243,5337507,8734368,1.032,-3.645,0.507,6.636,43983,2008,609,18682,506,1493,9,202,202,375,22,38,2,10,12,0,0,0,179,1,1,0,4,4042,3294,3294,0,0,0,0,0,,disabled,,0,0,0,0,,1,Fixed Quality,Hybrid,85,30,9500,12000,640,360,H.264,480,270,518400,27136,518400,27136,0.052,0.000,,0,0,0.000,1.918,0.000,0.000,0.070,7250,6500,6500,18,18,0,1,9500,1.000,0,13.475,0.000,0,0,0.000,0.000,0,0,0,0,0.313,0.620,0.067,1,0,0,disabled,23,1,1,96,227,96,104,27,171,171,1,4,decoder-sync-observed,0,,0,0,17.084,22.851,0,,0.000,0.000,0.000,0.000,0,0,0,,31,0,0,5.906,0,851,0.070,0.000,0.000,0.070,0.000,0.045,0.009,1,1,1,1,0,1,1,0,0,0,0,0,1.000,0.000,0.000,30,0,0.000,0,0,0,0.000,0.000,0.000,0.000,0.000,0.000,0.000,1.816,10.085,0,0,0,0,0,0,0,0,0.000,0.000,0.000,0.000,0.000,0.000,0,0.325,13.247,599,607,2936,117.922,237.989,55.479,237.989,17167.347,462,1,H.264,99.581,0,0,236.738,237.893,1.000,192.139,98.318,arrival-gap-jitter-spike,14060.275,0,1,1,1,1,31227.622,377.558,428.251,429.772,429.772,0,0,12,0,0,8,0,,,146.372,165.123,769,1,decoded,0,0,0,0,0,0,0,0,0,0,,99.573,0.000,102.280,0.000,0.000,0.000,132.959,stale-before-upload,0.001,848,0.000,106.866,4.251,0.075,0.825,0.603,0.000,0.223,1,0,0,1,3,0.062,13.799,13.247,45.348,13.263,1.000,Jitter,0,1,0,4.000,1,4,4,1,0.060,0.000,0.060,0,100,0,24228,22746,1437,0,1406
32.230,Custom_loss6_delay0-100_dup0_reorder6_burst0,Loopback,1,1,0,,,0.000,0,21,876,15.421,17.977,18.091,101.533,101.980,97.294,63.051,30.426,0.062,0.259,23445,1552,22000,20448,3107,1869,198,906,787,119,134,0,20451,641,224,0,0,0,0,5.000,0,0,0,0,0,0,0,0,0,0,0,0,0,0,0,0.000,0.000,0.000,,626,626,3030,0,1,33.331,236.738,34.422,237.893,0.000,0.000,618,613,12138,760,209,0,2074,3405,878,1,nack-sent,pending,H.264,0,1,24,11,13,1,0,1,0,13,0,0,24980,8,0,0,0,0,0,39.604,165,198,119,113,119,0,68.655,22.648,119.336,0,0,482,36,518,0,178,17,0.455,0.545,0.931,1.000,0.087,33.000,0.500,0.500,0.333,retransmit-late,1148,9102,0,0,661,8331,2074,19348,487,771,0,0,19334,predicted-useful,fec-grace,3479,0.458,198,518,0,0,0,0,0,14,14,14,14,196,3148,196,3148,0,0,0,pacing,1,0.718,10.206,118.206,0,0,14,14,0,0,0,0,3162,2588,127,0,1,9500000,1200000,0,0,0,24970,24970,30649579,1432,1765651,790,981128,0,0,0,0,0,15.783,35.196,6198.375,4800.000,1284,45433,23433,10012,22000,11988,0.299,1.675,1.100,1284,6242510,9585390,1.416,60.083,0.466,7.333,45433,2073,628,19335,529,1535,9,209,209,393,24,42,2,10,14,0,0,0,184,1,1,0,4,4179,3405,3405,0,0,0,0,0,,disabled,,0,0,0,0,,1,Fixed Quality,Hybrid,85,30,9500,12000,640,360,H.264,480,270,518400,0,518400,28176,0.054,0.000,,0,0,0.000,1.875,0.000,0.000,0.092,7250,6750,6750,19,19,0,1,9500,1.000,0,15.783,0.000,0,0,0.000,0.000,0,0,0,0,0.319,0.612,0.069,1,0,0,disabled,0,0,0,100,236,100,109,27,178,178,0,4,async-output-pending,0,,0,0,0.000,0.000,0,,0.000,0.000,0.000,0.000,0,0,0,,32,0,0,6.129,0,879,0.091,0.000,0.000,0.091,0.000,0.064,0.009,1,1,1,1,0,1,1,0,1,0,1,0,0.860,32.116,0.000,26,0,0.000,0,0,0,0.000,0.000,0.000,0.000,0.000,0.000,0.000,0.000,10.072,0,0,0,0,0,0,0,0,0.000,0.000,0.000,0.000,0.000,0.000,0,0.460,17.977,618,626,3030,34.663,237.989,55.479,237.989,17167.347,462,1,H.264,99.581,0,0,236.738,237.893,1.000,192.139,98.318,arrival-gap-jitter-spike,15062.946,0,1,1,1,1,32230.293,377.558,428.251,429.772,429.772,0,0,12,0,0,8,0,,,146.372,165.123,769,1,decoded,0,0,0,0,0,0,0,0,0,0,,101.888,0.000,104.686,0.000,0.000,0.000,130.767,stale-before-upload,0.001,876,0.000,110.985,5.825,0.087,0.281,0.001,0.000,0.281,1,0,0,1,3,0.062,15.421,17.977,30.426,18.091,1.000,Loss,0,1,0,1.000,0,1,1,1,0.060,0.000,0.060,0,100,0,25002,23494,1483,0,1455
33.235,Custom_loss6_delay0-100_dup0_reorder6_burst0,Loopback,1,1,0,,,0.000,0,21,903,24.818,26.878,21.024,101.660,102.045,86.794,63.817,19.772,0.063,0.257,24243,1619,22761,21142,3227,1945,206,940,815,125,136,0,21145,663,229,0,0,0,0,5.000,0,0,0,0,0,0,0,0,0,0,0,0,0,0,0,0.000,0.000,0.000,,648,648,3126,0,1,19.394,236.738,20.521,237.893,0.000,0.000,640,635,12558,788,214,0,2149,3525,905,1,fec-parity,pending,H.264,0,1,24,19,5,5,1,3,10,34,0,0,25801,22,0,0,0,0,0,84.295,175,206,125,119,125,0,68.525,22.769,119.336,0,0,506,39,545,0,186,18,0.459,0.541,0.928,1.000,0.088,31.000,0.455,0.545,0.250,retransmit-late,1180,9360,0,0,678,8565,2149,20112,502,795,0,0,20098,predicted-useful,likely-arrival,3604,0.917,209,545,0,0,0,0,0,15,15,15,15,207,3302,207,3302,0,0,0,pacing,1,0.712,9.687,117.687,0,0,15,15,0,0,0,0,3317,2678,131,1,1,9500000,1200000,0,0,0,25837,25837,31712045,1489,1835985,815,1012276,0,0,0,0,0,14.710,35.196,5092.000,3572.350,1327,46987,24233,10378,22754,12376,0.300,25.832,0.004,1327,4614098,7978725,0.826,45.966,0.507,13.197,46987,2149,650,20112,556,1584,9,214,214,401,26,45,1,11,15,0,0,0,187,1,1,0,4,4321,3525,3525,0,0,0,0,0,,disabled,,0,0,0,0,,1,Fixed Quality,Hybrid,85,30,9500,12000,640,360,H.264,480,270,518400,28178,518400,28178,0.054,0.000,,0,0,0.000,1.962,0.000,0.000,0.085,7250,6750,6750,19,19,0,1,9500,1.000,0,14.710,0.000,0,0,1.101,0.000,1244,0,0,0,0.000,0.000,1.000,1,0,0,disabled,24,0,0,103,246,103,114,29,187,187,0,4,large-au-observed,0,,0,0,18.236,23.729,0,,0.000,0.000,0.000,0.000,0,0,0,,33,0,0,9.362,0,907,0.085,0.000,0.000,0.084,0.000,0.059,0.009,1,1,1,1,0,1,1,0,0,0,1,0,0.860,141.818,0.000,26,0,0.000,0,0,0,0.000,0.000,0.000,0.000,0.000,0.000,0.000,1.868,13.189,0,0,0,0,0,0,0,0,0.000,0.000,0.000,0.000,0.000,0.000,0,0.433,26.878,640,648,3126,20.486,237.989,55.479,237.989,17167.347,462,1,H.264,99.581,0,0,236.738,237.893,1.000,192.139,98.318,arrival-gap-jitter-spike,16067.982,0,1,1,1,1,33235.329,377.558,428.251,429.772,429.772,0,0,12,0,0,8,0,,,146.372,165.123,769,1,decoded,0,0,0,0,0,0,0,0,0,0,,103.035,0.000,105.762,0.000,0.000,0.000,130.830,stale-before-upload,0.000,903,0.000,111.854,5.639,0.073,0.979,0.661,0.000,0.318,1,0,0,1,3,0.063,24.818,26.878,19.772,21.024,2.000,RecoveryDeadline,0,1,0,0.500,2,1,1,1,0.060,0.000,0.060,0,100,0,25870,24297,1526,0,1496
34.241,Custom_loss6_delay0-100_dup0_reorder6_burst0,Loopback,1,1,0,,,0.000,0,21,932,17.638,14.944,25.691,99.206,102.026,110.283,65.269,13.529,0.063,0.257,25014,1679,23499,21820,3335,2005,209,980,846,134,141,0,21823,683,236,0,0,0,0,5.000,0,0,0,0,0,0,0,0,0,0,0,0,0,0,0,0.000,0.000,0.000,,668,668,3219,0,1,69.097,236.738,70.226,237.893,0.000,0.000,660,655,12954,817,221,0,2221,3637,934,1,nack-suppressed-fec-grace,pending,H.264,0,1,24,5,19,1,0,0,0,0,0,0,26663,21,0,0,0,0,0,40.111,185,209,134,128,134,0,68.314,23.907,119.336,0,0,528,38,566,0,199,18,0.470,0.530,0.933,1.000,0.083,40.000,0.286,0.714,0.000,duplicate-guard,1208,9654,0,0,697,8842,2221,20867,511,812,0,0,20853,predicted-useful,fec-grace,3717,0.375,216,566,0,0,0,0,0,15,15,15,15,214,3414,214,3414,0,0,0,pacing,1,0.780,9.768,117.768,0,0,15,15,0,0,0,0,3429,2763,134,0,1,9500000,1200000,0,0,0,26668,26668,32730299,1540,1898855,840,1043424,0,0,0,0,0,13.043,35.196,1781.250,4800.000,1368,48510,25011,10762,23499,12737,0.301,4.694,1.804,1368,5283063,8462048,0.839,41.471,0.529,11.606,48510,2220,670,20859,580,1631,9,221,221,414,27,46,1,12,15,0,0,0,193,1,1,0,4,4456,3637,3637,0,0,0,0,0,,disabled,,0,0,0,0,,1,Fixed Quality,Hybrid,85,30,9500,12000,640,360,H.264,480,270,518400,28178,518400,28178,0.054,0.000,,0,0,0.000,1.923,0.000,0.000,0.107,7250,6750,6750,19,19,0,1,9500,1.000,0,13.043,0.000,0,0,0.000,0.000,0,0,0,0,0.327,0.606,0.067,1,0,0,disabled,24,0,0,107,255,107,119,29,195,195,0,4,large-au-observed,0,,0,0,17.097,23.729,0,,0.000,0.000,0.000,0.000,0,0,0,,34,0,0,7.146,0,935,0.106,0.000,0.000,0.106,0.000,0.073,0.012,1,1,1,1,0,1,1,0,0,0,0,0,1.000,0.000,0.000,30,0,0.000,0,0,0,0.000,0.000,0.000,0.000,0.000,0.000,0.000,1.807,11.035,0,0,0,0,0,0,0,0,0.000,0.000,0.000,0.000,0.000,0.000,0,0.360,14.944,660,668,3219,70.049,237.989,55.479,237.989,17167.347,462,1,H.264,99.581,0,0,236.738,237.893,1.000,192.139,98.318,arrival-gap-jitter-spike,17073.897,0,1,1,1,1,34241.244,377.558,428.251,429.772,429.772,0,0,12,0,0,8,0,,,146.372,165.123,769,1,decoded,0,0,0,0,0,0,0,0,0,0,,106.198,0.000,108.999,0.000,0.000,0.000,129.603,stale-before-upload,0.000,932,0.000,114.818,5.443,0.073,0.798,0.475,0.000,0.322,1,0,0,1,3,0.063,17.638,14.944,13.529,25.691,1.000,Loss,0,1,0,0.000,2,1,1,1,0.060,0.000,0.060,0,100,0,26702,25073,1579,0,1548
35.241,Custom_loss6_delay0-100_dup0_reorder6_burst0,Loopback,1,1,0,,,0.000,0,21,959,21.982,20.427,19.545,98.468,102.067,173.834,68.559,2.808,0.063,0.255,25702,1724,24133,22409,3437,2062,223,1010,869,141,142,0,22412,704,241,0,0,0,0,5.000,0,0,0,0,0,0,0,0,0,0,0,0,0,0,0,0.000,0.000,0.000,,689,689,3311,0,1,47.311,236.738,48.300,237.893,0.000,0.000,680,674,13347,845,226,0,2289,3749,961,1,nack-sent,pending,H.264,1,1,22,17,5,4,3,3,10,35,1,0,27374,7,27397,1,0,0,0,64.094,192,223,141,135,141,0,68.939,23.552,119.336,0,0,556,42,598,0,202,19,0.463,0.537,0.930,1.000,0.086,45.000,0.111,0.889,0.000,duplicate-guard,1231,9836,0,0,713,9016,2289,21525,518,820,0,0,21511,predicted-useful,fec-grace,3829,0.182,228,598,0,0,0,0,0,17,18,17,18,226,3595,226,3595,0,0,0,pacing,1,0.804,12.051,120.051,0,0,17,18,0,0,0,0,3613,2842,138,0,1,9500000,1200000,0,0,0,27392,27392,33621409,1600,1973239,867,1077052,0,0,0,0,0,16.898,35.196,9679.375,4610.100,1405,49817,25696,11013,24121,13108,0.300,12.803,1.462,1405,4540831,7332740,1.456,45.887,0.478,20.263,49817,2288,690,21520,606,1671,11,226,226,424,28,47,1,13,15,0,0,0,197,1,1,0,4,4591,3749,3749,0,0,0,0,0,,disabled,,0,0,0,0,,1,Fixed Quality,Hybrid,85,30,9500,12000,640,360,H.264,480,270,518400,0,518400,26094,0.050,0.000,,0,0,0.000,5.324,0.000,4.655,0.641,6250,6250,6250,20,20,0,1,9500,0.880,1,16.898,0.000,0,0,0.000,0.000,0,0,0,0,0.321,0.609,0.070,1,0,0,latency-pressure-freshness-hold,0,0,0,111,266,111,124,31,204,204,0,4,async-output-pending,0,,0,0,0.000,0.000,0,,16.898,9679.375,45673.077,0.000,0,0,0,,35,0,0,0.000,1,0,0.625,0.156,0.467,0.000,0.000,0.000,0.000,0,0,1,1,1,0,0,1,1,0,1,0,0.860,22.217,0.000,26,0,0.000,0,0,0,0.000,0.000,0.000,0.000,0.000,0.000,0.000,0.000,28.648,0,0,0,0,0,0,0,0,0.000,0.000,0.000,0.000,0.000,0.000,0,0.432,20.427,680,689,3311,48.380,237.989,55.479,237.989,17167.347,462,1,H.264,99.581,0,0,236.738,237.893,1.000,192.139,98.318,arrival-gap-jitter-spike,18074.166,0,1,1,1,1,35241.513,377.558,428.251,429.772,429.772,0,0,14,0,0,10,2,latency-pressure freshness,latency-over-80ms,150.453,165.123,954,1,H.264,0,0,0,0,0,0,0,0,0,0,,103.043,0.000,101.826,0.000,0.000,0.000,129.234,stale-before-decode,0.001,959,0.000,106.914,4.774,0.079,0.543,0.327,0.000,0.217,1,0,0,1,3,0.063,21.982,20.427,2.808,19.545,1.000,RTT,0,1,0,0.250,4,1,1,1,0.060,0.000,0.060,0,100,0,27427,25763,1633,0,1581
36.242,Custom_loss6_delay0-100_dup0_reorder6_burst0,Loopback,1,1,0,,,0.000,0,21,983,18.724,16.828,17.267,97.185,102.082,27.735,67.358,24.722,0.063,0.257,26376,1770,24756,22986,3534,2119,229,1041,895,146,145,0,22989,721,249,0,0,0,0,5.000,0,0,0,0,0,0,0,0,0,0,0,0,0,0,0,0.000,0.000,0.000,,706,706,3408,0,1,76.887,236.738,78.129,237.893,0.000,0.000,697,691,13712,867,234,0,2351,3845,987,1,nack-suppressed-fec-grace,pending,H.264,0,1,23,14,9,1,0,0,0,0,0,0,28119,22,0,0,0,0,0,45.778,201,229,146,140,146,0,68.840,23.528,119.336,0,0,576,41,617,0,213,19,0.467,0.533,0.934,1.000,0.082,45.000,0.429,0.571,0.000,duplicate-guard,1265,10065,0,0,731,9218,2351,22016,534,847,0,0,22001,predicted-useful,fec-grace,3931,0.391,235,617,0,0,0,0,0,18,19,18,19,233,3694,233,3694,0,0,0,pacing,1,0.775,12.670,120.670,0,0,18,19,0,0,0,0,3713,2917,142,0,1,9500000,1200000,0,0,0,28119,28119,34518369,1647,2031451,890,1105704,0,0,0,0,0,17.490,35.196,5721.812,4800.000,1443,51113,26370,11344,24743,13399,0.301,5.361,1.112,1443,4700868,7360222,2.461,7.490,0.468,14.842,51113,2351,707,22016,628,1712,11,234,234,438,28,47,1,13,15,0,0,0,205,1,1,0,4,4719,3845,3845,0,0,0,0,0,,disabled,,0,0,0,0,,1,Fixed Quality,Hybrid,85,30,9500,12000,640,360,H.264,480,270,518400,0,518400,27138,0.052,0.000,,0,0,0.000,4.590,0.000,3.951,0.618,7250,6500,6500,21,21,0,1,9500,1.000,0,17.490,0.000,0,0,0.000,0.000,0,0,0,0,0.326,0.608,0.066,1,0,0,disabled,0,0,0,115,274,115,128,31,211,211,0,4,async-output-pending,0,,0,0,0.000,0.000,0,,17.490,5721.812,39583.333,0.000,0,0,0,,36,0,0,0.000,1,0,0.607,0.150,0.455,0.000,0.000,0.000,0.000,0,0,1,1,1,0,0,1,1,0,0,0,1.000,0.000,0.000,30,0,0.000,0,0,0,0.000,0.000,0.000,0.000,0.000,0.000,0.000,0.000,27.575,0,0,0,0,0,0,0,0,0.000,0.000,0.000,0.000,0.000,0.000,0,0.402,16.828,697,706,3408,77.973,237.989,55.479,237.989,17167.347,462,1,H.264,99.581,0,0,236.738,237.893,1.000,192.139,98.318,arrival-gap-jitter-spike,19074.877,0,1,1,1,1,36242.224,377.558,428.251,429.772,429.772,0,0,14,0,0,10,0,,,150.453,165.123,954,1,H.264,0,0,0,0,0,0,0,0,0,0,,102.681,0.000,105.173,0.000,0.000,0.000,128.593,stale-before-decode,0.001,983,0.000,110.563,4.967,0.079,0.269,0.004,0.000,0.265,1,0,0,1,3,0.063,18.724,16.828,24.722,17.267,1.000,RecoveryDeadline,0,1,0,0.000,0,1,1,1,0.060,0.000,0.060,0,100,0,28155,26434,1677,0,1611
37.248,Custom_loss6_delay0-100_dup0_reorder6_burst0,Loopback,1,1,0,,,0.000,0,21,1014,22.942,21.716,23.489,109.064,102.026,55.871,67.030,4.775,0.063,0.255,27198,1823,25524,23701,3639,2178,240,1073,920,153,148,0,23704,744,255,0,0,0,0,5.000,0,0,0,0,0,0,0,0,0,0,0,0,0,0,0,0.000,0.000,0.000,,729,729,3500,0,1,47.247,236.738,48.363,237.893,0.000,0.000,720,714,14128,897,241,0,2422,3956,1016,1,nack-suppressed-fec-grace,pending,H.264,0,1,24,7,17,1,0,0,0,0,0,0,28992,21,0,0,0,0,0,48.411,206,240,153,147,153,0,68.481,23.328,119.336,1,0,600,42,642,0,218,20,0.462,0.538,0.935,1.000,0.084,43.000,0.333,0.667,0.000,duplicate-guard,1301,10378,0,0,752,9507,2422,22692,549,871,0,0,22677,deferred-likely-arrival,fec-grace,4052,0.792,244,642,0,0,0,0,0,18,19,18,19,242,3826,242,3826,0,0,0,pacing,1,0.761,10.030,118.030,0,0,18,19,0,0,0,0,3845,3005,146,0,1,9500000,1200000,0,0,0,28994,28994,35593645,1701,2098211,915,1136844,0,0,0,0,0,18.104,35.196,5249.938,4800.000,1489,52708,27184,11669,25524,13855,0.300,9.876,4.412,1489,4628351,8223438,1.607,11.619,0.546,14.093,52708,2422,730,22692,652,1759,11,240,240,451,30,51,2,13,17,0,0,0,209,1,1,0,4,4863,3956,3956,0,0,0,0,0,,disabled,,0,0,0,0,,1,Fixed Quality,Hybrid,85,30,9500,12000,640,360,H.264,480,270,518400,0,518400,28178,0.054,0.000,,0,0,0.000,5.816,0.000,5.140,0.630,7250,6750,6750,22,22,0,1,9500,1.000,0,18.104,0.000,0,0,0.000,0.000,0,0,0,0,0.321,0.614,0.065,1,0,0,disabled,0,0,0,119,282,119,132,31,219,219,0,4,async-output-pending,0,,0,0,0.000,0.000,0,,17.870,10998.125,39583.333,0.000,0,0,0,,37,0,0,0.000,1,0,0.622,0.143,0.477,0.000,0.000,0.000,0.000,0,0,1,1,1,0,0,1,1,0,0,0,1.000,0.000,0.000,30,0,0.000,0,0,0,0.000,0.000,0.000,0.000,0.000,0.000,0.000,0.000,20.003,0,0,0,0,0,0,0,0,0.000,0.000,0.000,0.000,0.000,0.000,0,0.386,21.716,720,729,3500,48.350,237.989,55.479,237.989,17167.347,462,1,H.264,99.581,0,0,236.738,237.893,1.000,192.139,98.318,arrival-gap-jitter-spike,20080.666,0,1,1,1,1,37248.013,377.558,428.251,429.772,429.772,0,0,14,0,0,10,0,,,150.453,165.123,954,1,H.264,0,0,0,0,0,0,0,0,0,0,,103.151,0.000,105.858,0.000,0.000,0.000,134.532,stale-before-decode,0.000,1014,0.000,111.174,4.918,0.075,0.836,0.597,0.000,0.239,1,0,0,1,3,0.063,22.942,21.716,4.775,23.489,1.000,Loss,0,1,0,1.000,0,1,1,1,0.060,0.000,0.060,0,100,0,29031,27259,1730,0,1659
38.252,Custom_loss6_delay0-100_dup0_reorder6_burst0,Loopback,1,1,0,,,0.000,0,21,1043,17.285,19.685,19.639,113.955,102.000,56.430,66.735,7.030,0.063,0.256,27998,1880,26284,24404,3742,2237,246,1109,951,158,150,0,24407,764,263,0,0,0,0,5.000,0,0,0,0,0,0,0,0,0,0,0,0,0,0,0,0.000,0.000,0.000,,749,749,3594,0,1,49.785,236.738,50.823,237.893,0.000,0.000,740,734,14550,922,249,0,2501,4072,1044,1,nack-sent,pending,H.264,0,1,24,21,3,5,4,3,8,25,0,0,29810,9,0,0,0,0,0,90.214,212,246,158,152,158,0,68.481,24.005,119.336,1,0,617,45,662,0,224,21,0.463,0.537,0.932,1.000,0.086,41.000,0.250,0.750,0.000,duplicate-guard,1338,10708,0,0,773,9811,2501,23468,565,897,0,0,23451,predicted-useful,fec-grace,4175,0.125,252,662,0,3,0,0,0,18,19,18,19,251,3976,251,3976,0,0,0,pacing,1,0.821,8.251,116.251,0,0,18,19,0,0,0,0,3998,3097,150,0,1,9500000,1200000,3,0,3,29854,29851,36643645,1751,2159837,940,1167992,0,0,0,0,0,8.414,35.196,859.688,4800.000,1531,54277,27993,11988,26284,14296,0.300,26.764,0.107,1531,4477721,7486087,1.086,9.407,0.501,11.148,54277,2501,750,23468,673,1817,11,248,248,464,31,52,1,14,17,0,0,0,216,1,1,0,4,5008,4072,4072,0,0,0,0,0,,disabled,,0,0,0,0,,1,Fixed Quality,Hybrid,85,30,9500,12000,640,360,H.264,480,270,518400,28178,518400,28178,0.054,0.000,,0,0,0.000,2.026,0.000,0.000,0.087,7250,6750,6750,22,22,0,1,9500,1.000,0,10.072,0.000,0,0,0.000,0.000,0,0,0,0,0.320,0.612,0.068,1,0,0,disabled,24,0,0,123,292,123,137,32,226,226,0,4,large-au-observed,0,,0,0,15.166,23.729,0,,0.000,0.000,0.000,0.000,0,0,0,,38,0,0,8.400,0,1046,0.087,0.000,0.000,0.087,0.000,0.063,0.006,1,1,1,1,0,1,1,0,0,0,0,0,1.000,0.000,0.000,30,0,0.000,0,0,0,0.000,0.000,0.000,0.000,0.000,0.000,0.000,1.930,12.415,0,0,0,0,0,0,0,0,0.000,0.000,0.000,0.000,0.000,0.000,0,0.456,19.685,740,749,3594,50.778,237.989,55.479,237.989,17167.347,462,1,H.264,99.581,0,0,236.738,237.893,1.000,192.139,98.318,arrival-gap-jitter-spike,21084.792,0,1,1,1,1,38252.139,377.558,428.251,429.772,429.772,0,0,14,0,0,10,0,,,150.453,165.123,954,1,H.264,0,0,0,0,0,0,0,0,0,0,,103.284,0.000,106.084,0.000,0.000,0.000,136.977,stale-before-decode,0.001,1043,0.000,111.828,5.267,0.079,0.261,0.001,0.000,0.260,1,0,0,1,3,0.063,17.285,19.685,7.030,19.639,1.000,RecoveryDeadline,0,1,0,1.000,0,1,1,1,0.060,0.000,0.060,0,100,0,29889,28062,1789,0,1701
39.255,Custom_loss6_delay0-100_dup0_reorder6_burst0,Loopback,1,1,0,,,0.000,0,21,1071,21.609,21.844,21.868,94.290,102.037,8.586,65.164,29.737,0.063,0.258,28807,1936,27047,25111,3849,2294,258,1141,976,165,156,0,25114,783,272,0,0,0,0,5.000,0,0,0,0,0,0,0,0,0,0,0,0,0,0,0,0.000,0.000,0.000,,768,768,3689,0,1,74.817,236.738,76.013,237.893,0.000,0.000,759,753,14966,948,258,0,2573,4190,1073,1,nack-sent,pending,H.264,0,1,24,14,10,2,1,2,5,26,0,0,30700,1,0,0,0,0,0,70.607,218,258,165,159,165,0,68.485,24.335,119.336,1,0,642,46,688,0,230,22,0.458,0.542,0.933,1.000,0.087,39.000,0.333,0.667,0.250,retransmit-late,1368,11000,0,0,793,10085,2573,24171,575,915,0,0,24152,predicted-useful,fec-grace,4288,0.417,262,688,0,4,0,0,0,18,19,18,19,262,4150,262,4150,0,0,0,pacing,1,0.757,6.884,114.884,0,0,18,19,0,0,0,0,4173,3178,154,0,1,9500000,1200000,11,0,11,30750,30739,37732257,1807,2228925,965,1199140,0,0,0,0,0,0.593,35.196,129.438,4800.000,1574,55825,28786,12320,27039,14719,0.300,27.981,4.224,1574,5681472,9152420,2.553,-2.043,0.474,20.557,55825,2573,769,24171,697,1865,11,257,257,486,32,57,5,14,17,1,0,0,224,1,1,0,4,5151,4190,4190,0,0,0,0,0,,disabled,,0,0,0,0,,1,Fixed Quality,Hybrid,85,30,9500,12000,640,360,H.264,480,270,518400,28178,518400,28178,0.054,0.000,,0,0,0.000,1.884,0.000,0.000,0.078,7250,6750,6750,22,22,0,1,9500,1.000,0,17.927,0.000,0,0,0.000,0.000,0,0,0,0,0.317,0.616,0.067,1,0,0,disabled,24,0,0,127,300,127,141,32,234,234,0,4,large-au-observed,0,,0,0,18.379,23.729,0,,0.000,0.000,0.000,0.000,0,0,0,,39,0,0,5.295,0,1075,0.078,0.000,0.000,0.078,0.000,0.049,0.008,1,1,1,1,0,1,1,0,0,0,0,0,1.000,0.000,0.000,30,0,0.000,0,0,0,0.000,0.000,0.000,0.000,0.000,0.000,0.000,1.798,9.880,0,0,0,0,0,0,0,0,0.000,0.000,0.000,0.000,0.000,0.000,0,0.375,21.845,759,768,3689,76.067,237.989,55.479,237.989,17167.347,462,1,H.264,99.581,0,0,236.738,237.893,1.000,192.139,98.318,arrival-gap-jitter-spike,22088.059,0,1,1,1,1,39255.406,377.558,428.251,429.772,429.772,0,0,14,0,0,10,0,,,150.453,165.123,954,1,H.264,0,0,0,0,0,0,0,0,0,0,,102.018,0.000,104.826,0.000,0.000,0.000,127.145,stale-before-decode,0.001,1071,0.000,109.957,4.735,0.075,0.757,0.507,0.000,0.250,1,0,0,1,3,0.063,21.609,21.844,29.737,21.868,1.000,RecoveryDeadline,0,1,0,0.000,1,1,1,1,0.060,0.000,0.060,0,100,0,30778,28869,1859,0,1758
40.262,Custom_loss6_delay0-100_dup0_reorder6_burst0,Loopback,1,1,0,,,0.000,0,21,1101,19.721,19.708,19.725,108.601,102.115,23.759,64.074,23.389,0.063,0.260,29640,1989,27838,25849,3961,2365,265,1170,1001,169,161,0,25852,802,282,0,0,0,0,5.000,0,0,0,0,0,0,0,0,0,0,0,0,0,0,0,0.000,0.000,0.000,,787,787,3781,0,1,26.315,236.738,27.318,237.893,0.000,0.000,778,772,15391,971,268,0,2653,4313,1102,1,fec-recovered,pending,H.264,0,1,24,21,3,5,5,2,4,19,0,0,31577,23,0,0,0,0,0,76.356,221,265,169,163,169,0,68.019,24.401,119.336,1,0,656,46,702,0,232,24,0.455,0.545,0.934,1.000,0.094,37.000,0.143,0.857,0.000,duplicate-guard,1401,11349,0,0,815,10418,2653,25025,586,931,0,0,25006,predicted-useful,fec-grace,4411,0.167,267,702,0,4,0,0,0,18,19,18,19,266,4214,266,4214,0,0,0,pacing,1,0.598,3.565,111.565,0,0,18,19,0,0,0,0,4237,3275,158,0,1,9500000,1200000,3,0,3,31604,31601,38787905,1851,2283085,991,1231532,0,0,0,0,0,7.581,35.196,834.750,4800.000,1618,57472,29634,12712,27838,15126,0.300,25.412,0.113,1618,9689196,13324629,0.452,15.173,0.441,16.385,57472,2653,788,25025,718,1924,11,267,267,505,35,63,2,14,20,1,0,0,231,1,1,0,4,5297,4313,4313,0,0,0,0,0,,disabled,,0,0,0,0,,1,Fixed Quality,Hybrid,85,30,9500,12000,640,360,H.264,480,270,518400,28178,518400,28178,0.054,0.000,,0,0,0.000,1.779,0.000,0.000,0.071,7250,6750,6750,22,22,0,1,9500,1.000,0,13.771,0.000,0,0,0.000,0.000,0,0,0,0,0.315,0.620,0.066,1,0,0,disabled,24,0,0,131,309,131,145,33,241,241,0,4,large-au-observed,0,,0,0,17.484,23.729,0,,0.000,0.000,0.000,0.000,0,0,0,,40,0,0,4.666,0,1104,0.071,0.000,0.000,0.071,0.000,0.049,0.008,1,1,1,1,0,1,1,0,0,0,0,0,1.000,0.000,0.000,30,0,0.000,0,0,0,0.000,0.000,0.000,0.000,0.000,0.000,0.000,1.699,9.806,0,0,0,0,0,0,0,0,0.000,0.000,0.000,0.000,0.000,0.000,0,0.360,19.708,778,787,3781,27.368,237.989,55.479,237.989,17167.347,462,1,H.264,99.581,0,0,236.738,237.893,1.000,192.139,98.318,arrival-gap-jitter-spike,23095.085,0,1,1,1,1,40262.432,377.558,428.251,429.772,429.772,0,0,14,0,0,10,0,,,150.453,165.123,954,1,H.264,0,0,0,0,0,0,0,0,0,0,,108.104,0.000,110.845,0.000,0.000,0.000,134.300,stale-before-decode,0.001,1101,0.000,116.703,5.481,0.075,0.682,0.433,0.000,0.249,1,0,0,1,3,0.063,19.721,19.708,23.389,19.725,1.000,RecoveryDeadline,0,1,0,4.000,1,4,4,1,0.060,0.000,0.060,0,100,0,31641,29700,1905,0,1814
41.269,Custom_loss6_delay0-100_dup0_reorder6_burst0,Loopback,1,1,0,,,0.000,0,21,1130,17.685,17.675,17.708,97.853,102.131,82.986,64.559,31.202,0.063,0.261,30449,2047,28599,26552,4069,2424,279,1200,1028,172,166,0,26555,822,290,0,0,0,0,5.000,0,0,0,0,0,0,0,0,0,0,0,0,0,0,0,0.000,0.000,0.000,,807,807,3876,0,1,24.389,236.738,25.344,237.893,0.000,0.000,798,792,15814,994,276,0,2728,4423,1131,1,nack-sent,pending,H.264,0,1,24,19,5,4,2,2,5,16,0,0,32426,6,0,0,0,0,0,78.448,228,279,172,166,172,0,67.982,24.879,125.700,1,0,680,47,727,0,237,24,0.450,0.550,0.935,1.000,0.092,45.000,0.500,0.500,0.000,duplicate-guard,1438,11636,0,0,835,10679,2728,25763,603,957,0,0,25744,predicted-useful,fec-grace,4528,0.583,276,727,0,4,0,0,0,18,19,18,19,275,4365,275,4365,0,0,0,pacing,1,0.796,8.913,116.913,0,0,18,19,0,0,0,0,4388,3362,162,0,1,9500000,1200000,0,0,0,32469,32469,39851637,1906,2350929,1016,1262680,0,0,0,0,0,15.936,35.196,6268.438,4800.000,1661,59041,30442,13071,28599,15528,0.300,24.903,6.837,1661,5929525,9415062,2.441,23.984,0.481,11.023,59041,2727,808,25758,742,1974,11,275,275,520,36,65,2,14,21,1,0,0,238,1,1,0,4,5446,4423,4423,0,0,0,0,0,,disabled,,0,0,0,0,,1,Fixed Quality,Hybrid,85,30,9500,12000,640,360,H.264,480,270,518400,28176,518400,28176,0.054,0.000,,0,0,0.000,1.746,0.000,0.000,0.173,7250,6750,6750,22,22,0,1,9500,1.000,0,15.936,0.000,0,0,0.000,0.000,0,0,0,0,0.314,0.622,0.065,1,0,0,disabled,24,0,0,135,318,135,150,33,249,249,0,4,large-au-observed,0,,0,0,22.662,23.727,0,,0.000,0.000,0.000,0.000,0,0,0,,41,0,0,9.605,0,1133,0.172,0.000,0.000,0.172,0.000,0.141,0.012,1,1,1,1,0,1,1,0,0,0,1,0,0.860,179.994,0.000,26,0,0.000,0,0,0,0.000,0.000,0.000,0.000,0.000,0.000,0.000,1.565,6.700,0,0,0,0,0,0,0,0,0.000,0.000,0.000,0.000,0.000,0.000,0,0.434,17.675,798,807,3876,25.453,237.989,55.479,237.989,17167.347,462,1,H.264,99.581,0,0,236.738,237.893,1.000,192.139,98.318,arrival-gap-jitter-spike,24101.401,0,1,1,1,1,41268.748,377.558,428.251,429.772,429.772,0,0,14,0,0,10,0,,,150.453,165.123,954,1,H.264,0,0,0,0,0,0,0,0,0,0,,102.508,0.000,105.262,0.000,0.000,0.000,128.927,stale-before-decode,0.001,1130,0.000,110.189,4.469,0.078,0.809,0.584,0.000,0.225,1,0,0,1,3,0.063,17.685,17.675,31.202,17.708,1.000,RecoveryDeadline,0,1,0,0.000,0,1,1,1,0.060,0.000,0.060,0,100,0,32510,30514,1957,0,1858
42.269,Custom_loss6_delay0-100_dup0_reorder6_burst0,Loopback,1,1,0,,,0.000,0,21,1157,19.520,17.567,17.751,109.627,102.215,21.689,63.487,13.805,0.063,0.260,31225,2094,29318,27224,4180,2490,287,1234,1056,178,169,0,27227,843,296,0,0,0,0,5.000,0,0,0,0,0,0,0,0,0,0,0,0,0,0,0,0.000,0.000,0.000,,827,827,3973,0,1,36.163,236.738,37.425,237.893,0.000,0.000,818,812,16216,1021,281,0,2793,4543,1159,1,fec-recovered,pending,H.264,0,1,24,18,6,2,1,1,4,11,0,0,33265,12,0,0,0,0,0,64.370,234,287,178,172,178,0,67.811,25.268,125.700,1,0,700,49,749,0,244,24,0.449,0.551,0.935,1.000,0.090,45.000,0.222,0.778,0.000,duplicate-guard,1471,11905,0,0,853,10919,2793,26419,618,986,0,0,26400,predicted-useful,fec-grace,4638,0.458,284,749,0,4,0,0,0,18,19,18,19,283,4494,283,4494,0,0,0,pacing,1,0.790,9.794,117.794,0,0,18,19,0,0,0,0,4517,3442,166,0,1,9500000,1200000,0,0,0,33301,33301,40871137,1958,2415043,1041,1293828,0,0,0,0,0,17.797,35.196,6913.625,4800.000,1702,60516,31204,13451,29312,15861,0.301,22.853,0.068,1702,5725275,9049819,1.624,6.928,0.460,17.061,60516,2793,829,26419,766,2016,11,280,280,528,37,67,2,14,22,1,0,0,242,1,1,0,4,5584,4543,4543,0,0,0,0,0,,disabled,,0,0,0,0,,1,Fixed Quality,Hybrid,85,30,9500,12000,640,360,H.264,480,270,518400,28178,518400,28178,0.054,0.000,,0,0,0.000,2.077,0.000,0.000,0.079,7250,6750,6750,22,22,0,1,9500,1.000,0,17.797,0.000,0,0,0.000,0.000,0,0,0,0,0.312,0.622,0.065,1,0,0,disabled,24,0,0,139,328,139,154,35,257,257,0,5,large-au-observed,0,,0,0,20.399,23.729,0,,0.000,0.000,0.000,0.000,0,0,0,,42,0,0,6.230,0,1161,0.078,0.000,0.000,0.078,0.000,0.054,0.008,1,1,1,1,0,1,1,0,0,0,0,0,1.000,0.000,0.000,30,0,0.000,0,0,0,0.000,0.000,0.000,0.000,0.000,0.000,0.000,1.986,10.204,0,0,0,0,0,0,0,0,0.000,0.000,0.000,0.000,0.000,0.000,0,0.427,17.567,818,827,3973,37.131,237.989,55.479,237.989,17167.347,462,1,H.264,99.581,0,0,236.738,237.893,1.000,192.139,98.318,arrival-gap-jitter-spike,25101.525,0,1,1,1,1,42268.872,377.558,428.251,429.772,429.772,0,0,14,0,0,10,0,,,150.453,165.123,954,1,H.264,0,0,0,0,0,0,0,0,0,0,,104.842,0.000,107.643,0.000,0.000,0.000,134.814,stale-before-decode,0.000,1157,0.000,112.974,4.891,0.073,0.771,0.468,0.000,0.303,1,0,0,1,3,0.063,19.520,17.567,13.805,17.751,1.000,Loss,0,1,0,0.000,2,1,1,1,0.060,0.000,0.060,0,100,0,33343,31290,2007,0,1912
43.276,Custom_loss6_delay0-100_dup0_reorder6_burst0,Loopback,1,1,0,,,0.000,0,21,1187,21.437,21.435,20.870,98.893,102.222,174.753,66.201,3.983,0.063,0.260,32037,2150,30088,27938,4291,2560,294,1265,1078,187,172,0,27941,864,304,0,0,0,0,5.000,0,0,0,0,0,0,0,0,0,0,0,0,0,0,0,0.000,0.000,0.000,,848,848,4066,0,1,49.351,236.738,50.631,237.893,0.000,0.000,839,833,16629,1051,289,0,2864,4660,1189,1,fec-recovered,pending,H.264,0,1,24,14,10,1,1,0,0,0,0,0,34153,6,0,0,0,0,0,36.533,238,294,187,181,187,0,68.241,24.602,125.700,1,0,720,52,772,0,253,24,0.447,0.553,0.933,1.000,0.087,45.000,0.200,0.800,0.000,duplicate-guard,1506,12172,0,0,874,11165,2864,27054,632,1007,0,0,27033,predicted-useful,fec-grace,4756,0.500,291,772,0,4,0,0,0,18,19,18,19,290,4601,290,4601,0,0,0,pacing,1,0.773,7.372,115.372,0,0,18,19,0,0,0,0,4624,3531,170,0,1,9500000,1200000,11,0,11,34164,34153,41915515,2011,2480401,1068,1326826,0,0,0,0,0,0.648,35.196,801.562,4800.000,1747,62101,32028,13806,30073,16267,0.301,10.049,1.957,1747,6862416,12609276,1.221,36.155,0.426,7.187,62101,2864,850,27054,787,2066,11,288,288,545,38,71,4,14,23,1,0,0,249,1,1,0,4,5725,4660,4660,0,0,0,0,0,,disabled,,0,0,0,0,,1,Fixed Quality,Hybrid,85,30,9500,12000,640,360,H.264,480,270,518400,28178,518400,28178,0.054,0.000,,0,0,0.000,1.858,0.000,0.000,0.071,7250,6750,6750,22,22,0,1,9500,1.000,0,15.599,0.000,0,0,0.000,0.000,0,0,0,0,0.308,0.624,0.067,1,0,0,disabled,24,0,0,143,336,143,158,35,264,264,0,5,large-au-observed,0,,0,0,17.398,23.729,0,,0.000,0.000,0.000,0.000,0,0,0,,43,0,0,6.001,0,1190,0.071,0.000,0.000,0.070,0.000,0.049,0.007,1,1,1,1,0,1,1,0,0,0,1,0,0.860,68.397,0.000,26,0,0.000,0,0,0,0.000,0.000,0.000,0.000,0.000,0.000,0.000,1.781,10.224,0,0,0,0,0,0,0,0,0.000,0.000,0.000,0.000,0.000,0.000,0,0.379,21.435,839,848,4066,50.481,237.989,55.479,237.989,17167.347,462,1,H.264,99.581,0,0,236.738,237.893,1.000,192.139,98.318,arrival-gap-jitter-spike,26108.410,0,1,1,1,1,43275.757,377.558,428.251,429.772,429.772,0,0,14,0,0,10,0,,,150.453,165.123,954,1,H.264,0,0,0,0,0,0,0,0,0,0,,101.294,0.000,103.968,0.000,0.000,0.000,129.447,stale-before-decode,0.001,1187,0.000,109.076,4.714,0.074,0.854,0.614,0.000,0.240,1,0,0,1,3,0.062,21.437,21.435,3.983,20.870,1.000,RecoveryDeadline,0,1,0,2.000,1,2,2,1,0.060,0.000,0.060,0,100,0,34196,32103,2056,0,1959
44.276,Custom_loss6_delay0-100_dup0_reorder6_burst0,Loopback,1,1,0,,,0.000,0,21,1213,21.011,21.021,19.802,102.577,102.237,21.148,65.128,0.815,0.063,0.260,32758,2205,30770,28565,4385,2621,301,1287,1099,188,176,0,28568,883,310,0,0,0,0,5.000,0,0,0,0,0,0,0,0,0,0,0,0,0,0,0,0.000,0.000,0.000,,867,867,4163,0,1,47.354,236.738,48.408,237.893,0.000,0.000,858,852,16995,1071,295,0,2926,4768,1214,1,fec-recovered,pending,H.264,0,1,24,19,5,4,3,2,4,20,0,0,34897,16,0,0,0,0,0,83.347,241,301,188,182,188,0,68.272,24.553,125.700,1,0,731,54,785,0,256,24,0.445,0.555,0.931,1.000,0.086,45.000,0.000,1.000,0.000,duplicate-guard,1539,12431,0,0,892,11400,2926,27635,647,1031,0,0,27614,predicted-useful,likely-arrival,4858,0.333,296,785,0,4,0,0,0,18,19,18,19,295,4676,295,4676,0,0,0,pacing,1,0.741,5.612,113.612,0,0,18,19,0,0,0,0,4699,3608,174,0,1,9500000,1200000,0,0,0,34927,34927,42863437,2054,2533317,1093,1357974,0,0,0,0,0,17.270,35.196,8158.125,4800.000,1786,63503,32743,14147,30760,16613,0.302,20.346,1.498,1786,4551458,7671981,0.952,-1.797,0.520,11.523,63503,2926,869,27635,808,2107,11,294,294,556,39,73,2,14,24,1,0,0,254,1,1,0,4,5852,4768,4768,0,0,0,0,0,,disabled,,0,0,0,0,,1,Fixed Quality,Hybrid,85,30,9500,12000,640,360,H.264,480,270,518400,28178,518400,28178,0.054,0.000,,0,0,0.000,2.288,0.000,0.000,0.280,7250,6750,6750,22,22,0,1,9500,1.000,0,17.270,0.000,0,0,0.000,0.000,0,0,0,0,0.307,0.624,0.069,1,0,0,disabled,24,0,0,147,347,147,163,37,271,271,0,5,large-au-observed,0,,0,0,12.700,23.729,0,,0.000,0.000,0.000,0.000,0,0,0,,44,0,0,6.291,0,1216,0.279,0.000,0.000,0.278,0.000,0.166,0.021,1,1,1,1,0,1,1,0,0,0,1,0,0.860,76.238,0.000,26,0,0.000,0,0,0,0.000,0.000,0.000,0.000,0.000,0.000,0.000,1.996,10.033,0,0,0,0,0,0,0,0,0.000,0.000,0.000,0.000,0.000,0.000,0,0.381,21.021,858,867,4163,48.478,237.989,55.479,237.989,17167.347,462,1,H.264,99.581,0,0,236.738,237.893,1.000,192.139,98.318,arrival-gap-jitter-spike,27108.791,0,1,1,1,1,44276.138,377.558,428.251,429.772,429.772,0,0,14,0,0,10,0,,,150.453,165.123,954,1,H.264,0,0,0,0,0,0,0,0,0,0,,104.082,0.000,106.769,0.000,0.000,0.000,131.288,stale-before-decode,0.001,1213,0.000,112.569,5.403,0.075,0.715,0.455,0.000,0.260,1,0,0,1,3,0.063,21.011,21.021,0.815,19.802,1.000,Loss,0,1,0,1.000,1,1,1,1,0.060,0.000,0.060,0,100,0,34971,32825,2098,0,2005
45.283,Custom_loss6_delay0-100_dup0_reorder6_burst0,Loopback,1,1,0,,,0.000,0,21,1241,17.896,17.959,17.521,118.207,102.293,72.257,65.294,55.537,0.062,0.259,33508,2231,31443,29212,4488,2678,311,1321,1132,189,178,0,29215,905,317,0,0,0,0,5.000,0,0,0,0,0,0,0,0,0,0,0,0,0,0,0,0.000,0.000,0.000,,888,888,4256,0,1,68.055,236.738,69.143,237.893,0.000,0.000,879,873,17390,1094,301,0,2994,4882,1241,1,completed,completed,H.264,0,1,24,24,0,6,6,3,9,29,0,0,35683,3,0,0,0,0,0,117.060,247,311,189,183,189,0,68.206,24.461,125.700,1,0,748,55,803,0,260,25,0.443,0.557,0.932,1.000,0.088,43.000,0.125,0.875,0.000,duplicate-guard,1573,12707,0,0,913,11655,2994,28243,660,1052,0,0,28222,predicted-useful,fec-grace,4973,0.000,302,803,0,4,0,0,0,18,19,18,19,301,4767,301,4767,0,0,0,pacing,1,0.752,12.200,120.200,0,0,18,19,0,0,0,0,4790,3693,178,0,1,9500000,1200000,0,0,0,35702,35702,43812895,2102,2592455,1118,1389122,0,0,0,0,0,18.521,39.174,11645.875,4800.000,1827,64921,33500,14428,31421,16993,0.301,13.857,3.537,1827,3395425,6584884,2.099,51.109,0.356,7.131,64921,2994,891,28243,826,2156,12,300,300,564,42,77,1,16,25,1,0,0,257,1,1,0,4,5985,4882,4882,0,0,0,0,0,,disabled,,0,0,0,0,,1,Fixed Quality,Hybrid,85,30,9500,12000,640,360,H.264,480,270,518400,26094,518400,26094,0.050,0.000,,0,0,0.000,1.783,0.000,0.000,0.209,6000,6250,6250,23,23,0,1,9500,0.820,1,18.521,0.000,0,0,0.000,0.000,0,0,0,0,0.308,0.624,0.068,1,0,0,fixed-pacing-queue-hold,22,0,0,151,354,151,166,37,277,277,0,5,large-au-observed,0,,0,0,0.150,21.974,0,,0.000,0.000,0.000,0.000,0,0,0,,45,0,0,6.192,0,1244,0.209,0.000,0.000,0.208,0.000,0.181,0.008,1,1,1,1,0,1,1,0,0,0,0,0,1.000,0.000,0.000,24,0,0.000,0,0,0,0.000,0.000,0.000,0.000,0.000,0.000,0.000,1.566,10.394,0,0,0,0,0,0,0,0,0.000,0.000,0.000,0.000,0.000,0.000,0,0.355,17.959,879,888,4256,68.444,237.989,55.479,237.989,17167.347,462,1,H.264,99.581,0,0,236.738,237.893,1.000,192.139,98.318,arrival-gap-jitter-spike,28115.316,0,1,1,1,1,45282.663,377.558,428.251,429.772,429.772,0,0,14,0,0,10,0,,,150.453,165.123,954,1,H.264,0,0,0,0,0,0,0,0,0,0,,101.704,0.000,104.015,0.000,0.000,0.000,126.041,stale-before-decode,0.001,1242,0.000,108.696,4.318,0.072,1.023,0.725,0.000,0.298,1,0,0,1,3,0.062,17.896,17.959,55.537,17.521,2.000,Jitter,0,1,0,0.000,1,2,2,1,0.060,0.000,0.060,0,100,0,35747,33577,2145,0,2052
46.283,Custom_loss6_delay0-100_dup0_reorder6_burst0,Loopback,1,1,0,,,0.000,0,21,1265,19.537,17.720,10.495,84.598,102.358,90.704,65.872,30.279,0.063,0.261,34140,2288,32049,29761,4577,2730,320,1344,1149,195,183,0,29764,920,325,0,0,0,0,5.000,0,0,0,0,0,0,0,0,0,0,0,0,0,0,0,0.000,0.000,0.000,,903,903,4352,0,1,19.943,236.738,20.905,237.893,0.000,0.000,893,887,17760,1115,309,0,3055,4977,1267,1,nack-sent,pending,H.264,0,1,22,12,10,2,1,1,0,10,0,0,36405,20,0,0,0,0,0,60.390,252,320,195,189,193,2,68.385,24.778,125.700,1,0,768,56,824,0,265,25,0.441,0.559,0.932,1.000,0.086,45.000,0.000,1.000,0.000,duplicate-guard,1622,12953,0,0,932,11859,3055,28708,690,1094,0,0,28687,predicted-useful,fec-grace,5066,0.045,310,824,0,4,0,0,0,20,21,20,21,308,4875,308,4875,0,0,0,pacing,1,0.702,8.457,116.457,0,0,20,21,0,0,0,0,4900,3762,182,0,1,9500000,1200000,1,0,1,36395,36394,44667579,2151,2653155,1145,1422750,0,0,0,0,0,8.309,39.174,908.062,4800.000,1864,66180,34131,14747,32049,17302,0.302,6.037,1.987,1864,4013679,6655468,1.760,44.577,0.523,7.234,66180,3054,906,28698,844,2197,13,308,308,574,42,77,1,16,25,1,0,0,264,2,1,0,4,6107,4977,4977,0,0,0,0,0,,disabled,,0,0,0,0,,1,Fixed Quality,Hybrid,85,30,9500,12000,640,360,H.264,480,270,518400,26096,518400,26096,0.050,0.000,,0,0,0.000,1.876,0.000,0.000,0.133,6000,6250,6250,23,23,0,1,9500,0.820,1,9.203,0.000,0,0,0.000,0.000,0,0,0,0,0.306,0.626,0.068,1,0,0,latency-pressure-freshness-hold,22,0,0,155,361,155,168,38,283,283,0,5,large-au-observed,0,,0,0,15.102,21.976,0,,0.000,0.000,0.000,0.000,0,0,0,,46,0,0,10.646,0,1268,0.133,0.000,0.000,0.132,0.000,0.098,0.010,1,1,1,1,0,1,1,0,0,0,1,0,0.860,95.981,0.000,26,0,0.000,0,0,0,0.000,0.000,0.000,0.000,0.000,0.000,0.000,1.732,14.520,0,0,0,0,0,0,0,0,0.000,0.000,0.000,0.000,0.000,0.000,0,0.380,17.720,893,903,4352,21.023,237.989,55.479,237.989,17167.347,462,1,H.264,99.581,0,0,236.738,237.893,1.000,192.139,98.318,arrival-gap-jitter-spike,29115.573,0,1,1,1,1,46282.920,377.558,428.251,429.772,429.772,0,0,15,0,0,11,1,latency-pressure freshness,latency-over-80ms,145.706,165.123,1263,1,H.264,0,0,0,0,0,0,0,0,0,0,,105.033,0.000,107.626,0.000,0.000,0.000,122.299,stale-after-h264-decode,0.001,1265,0.000,105.348,4.198,0.091,0.349,0.066,0.000,0.283,1,0,0,1,3,0.063,19.537,17.720,30.279,10.495,1.000,Loss,0,1,0,0.000,1,1,1,1,0.060,0.000,0.060,0,100,0,36440,34213,2193,0,2072
47.290,Custom_loss6_delay0-100_dup0_reorder6_burst0,Loopback,1,1,0,,,0.000,0,21,1292,21.741,21.752,19.065,103.490,102.313,62.077,65.787,11.217,0.063,0.261,34864,2348,32738,30390,4674,2783,324,1380,1181,199,187,0,30393,940,332,0,0,0,0,5.000,0,0,0,0,0,0,0,0,0,0,0,0,0,0,0,0.000,0.000,0.000,,923,923,4445,0,1,33.743,236.738,34.780,237.893,0.000,0.000,913,907,18157,1139,316,0,3121,5085,1294,1,nack-sent,pending,H.264,0,1,22,18,4,3,2,1,0,4,0,0,37179,18,0,0,0,0,0,55.253,261,324,199,193,197,2,68.511,24.760,125.700,1,0,785,58,843,0,275,25,0.446,0.554,0.931,1.000,0.083,45.000,0.571,0.429,0.000,duplicate-guard,1660,13197,0,0,953,12075,3121,29227,707,1122,0,0,29206,predicted-useful,likely-arrival,5178,0.227,317,843,0,4,0,0,0,21,23,21,23,315,4977,315,4977,0,0,0,pacing,1,0.793,10.084,118.084,0,0,21,23,0,0,0,0,5004,3845,186,0,1,9500000,1200000,2,0,2,37170,37168,45623501,2198,2711367,1170,1453890,0,0,0,0,0,7.459,39.174,883.500,4800.000,1905,67601,34863,15102,32738,17636,0.302,6.100,2.715,1905,5463656,8844979,2.026,29.936,0.487,10.416,67601,3120,926,29223,862,2245,13,315,315,588,42,77,1,16,25,1,0,0,271,2,1,0,4,6248,5085,5085,0,0,0,0,0,,disabled,,0,0,0,0,,1,Fixed Quality,Hybrid,85,30,9500,12000,640,360,H.264,480,270,518400,26096,518400,26096,0.050,0.000,,0,0,0.000,1.816,0.000,0.000,0.072,6250,6250,6250,23,23,0,1,9500,0.877,1,9.692,0.000,0,0,0.000,0.000,0,0,0,0,0.310,0.622,0.069,1,0,0,latency-pressure-freshness-hold,22,0,0,159,368,159,171,38,289,289,0,5,large-au-observed,0,,0,0,15.156,21.976,0,,0.000,0.000,0.000,0.000,0,0,0,,47,0,0,5.741,0,1295,0.071,0.000,0.000,0.071,0.000,0.050,0.006,1,1,1,1,0,1,1,0,0,0,0,0,1.000,0.000,0.000,27,0,0.000,0,0,0,0.000,0.000,0.000,0.000,0.000,0.000,0.000,1.732,10.006,0,0,0,0,0,0,0,0,0.000,0.000,0.000,0.000,0.000,0.000,0,0.402,21.752,913,923,4445,34.695,237.989,55.479,237.989,17167.347,462,1,H.264,99.581,0,0,236.738,237.893,1.000,192.139,98.318,arrival-gap-jitter-spike,30122.468,0,1,1,1,1,47289.815,377.558,428.251,429.772,429.772,0,0,15,0,0,11,0,,,145.706,165.123,1263,1,H.264,0,0,0,0,0,0,0,0,0,0,,98.415,0.000,101.057,0.000,0.000,0.000,131.745,stale-after-h264-decode,0.000,1292,0.000,105.866,4.467,0.079,0.888,0.560,0.000,0.328,1,0,0,1,3,0.063,21.741,21.752,11.217,19.065,1.000,RecoveryDeadline,0,1,0,0.500,2,1,1,1,0.060,0.000,0.060,0,100,0,37215,34942,2244,0,2120
48.296,Custom_loss6_delay0-100_dup0_reorder6_burst0,Loopback,1,1,0,,,0.000,0,21,1317,19.958,19.953,21.114,108.574,102.419,35.572,65.130,15.586,0.063,0.260,35571,2406,33418,31012,4764,2837,332,1407,1204,203,188,0,31015,961,338,0,0,0,0,5.000,0,0,0,0,0,0,0,0,0,0,0,0,0,0,0,0.000,0.000,0.000,,943,943,4538,0,1,33.383,236.738,34.518,237.893,0.000,0.000,933,927,18540,1164,321,0,3190,5189,1318,1,expired-no-slack,expired,H.264,0,1,23,21,2,6,5,3,9,27,0,0,37882,13,0,0,0,0,0,120.461,269,332,203,197,201,2,68.596,24.529,125.700,1,0,805,60,865,0,283,26,0.448,0.552,0.931,1.000,0.084,43.000,0.250,0.750,0.000,duplicate-guard,1694,13493,0,0,973,12348,3190,29872,721,1145,0,0,29851,predicted-useful,fec-grace,5290,0.174,327,865,0,4,0,0,0,22,24,22,24,325,5141,325,5141,0,0,0,pacing,1,0.810,13.259,121.259,0,0,22,24,0,0,0,0,5169,3926,190,0,1,9500000,1200000,0,0,0,37938,37938,46572121,2249,2774395,1196,1485818,0,0,0,0,0,17.822,39.174,9666.875,4800.000,1944,68985,35567,15449,33418,17969,0.303,31.469,0.002,1944,5127690,8245435,0.766,18.648,0.481,16.373,68985,3190,947,29872,880,2297,13,320,320,598,43,79,2,16,26,1,0,0,275,2,1,0,4,6378,5189,5189,0,0,0,0,0,,disabled,,0,0,0,0,,1,Fixed Quality,Hybrid,85,30,9500,12000,640,360,H.264,480,270,518400,27136,518400,27136,0.052,0.000,,0,0,0.000,1.965,0.000,0.000,0.065,7250,6500,6500,24,24,0,1,9500,1.000,0,17.822,0.000,0,0,0.000,0.000,0,0,0,0,0.311,0.620,0.069,1,0,0,disabled,23,1,1,163,378,163,175,40,296,296,1,5,decoder-sync-observed,0,,0,0,0.065,22.851,0,,0.000,0.000,0.000,0.000,0,0,0,,48,0,0,2.628,0,1321,0.065,0.000,0.000,0.065,0.000,0.044,0.007,1,1,1,1,0,1,1,0,0,0,1,0,0.860,70.970,0.000,26,0,0.000,0,0,0,0.000,0.000,0.000,0.000,0.000,0.000,0.000,1.886,6.843,0,0,0,0,0,0,0,0,0.000,0.000,0.000,0.000,0.000,0.000,0,0.409,19.953,933,943,4538,34.401,237.989,55.479,237.989,17167.347,462,1,H.264,99.581,0,0,236.738,237.893,1.000,192.139,98.318,arrival-gap-jitter-spike,31129.164,0,1,1,1,1,48296.511,377.558,428.251,429.772,429.772,0,0,15,0,0,11,0,,,145.706,165.123,1263,1,H.264,0,0,0,0,0,0,0,0,0,0,,108.112,0.000,110.799,0.000,0.000,0.000,134.287,stale-after-h264-decode,0.001,1317,0.000,117.356,6.132,0.074,0.964,0.680,0.000,0.284,1,0,0,1,3,0.063,19.958,19.953,15.586,21.114,1.000,RecoveryDeadline,0,1,0,1.000,0,1,1,1,0.060,0.000,0.060,0,100,0,37986,35652,2296,0,2168
49.303,Custom_loss6_delay0-100_dup0_reorder6_burst0,Loopback,1,1,0,,,0.000,0,21,1349,24.415,24.412,23.377,48.421,102.349,22.618,64.226,39.736,0.062,0.257,36390,2418,34142,31724,4887,2912,334,1448,1240,208,193,0,31727,987,342,0,0,0,0,5.000,0,0,0,0,0,0,0,0,0,0,0,0,0,0,0,0.000,0.000,0.000,,969,969,4630,0,1,0.140,236.738,1.223,237.893,0.000,0.000,959,950,18963,1195,325,0,3254,5318,1349,1,completed,completed,H.264,0,0,3,3,0,1,1,0,0,0,0,0,38801,0,0,0,0,0,0,47.873,273,334,208,202,206,2,68.678,24.688,125.700,1,0,816,62,878,0,292,26,0.450,0.550,0.929,1.000,0.082,44.000,0.667,0.333,0.000,stable,1738,13806,0,0,997,12630,3254,30453,741,1176,0,0,30432,predicted-useful,fec-grace,5407,0.000,332,878,0,4,0,0,0,23,25,23,25,330,5223,330,5223,0,0,0,pacing,1,0.814,8.414,116.414,0,0,23,25,0,0,0,0,5252,4011,194,0,1,9500000,1200000,0,0,0,38762,38762,47581556,2292,2827313,1222,1518210,0,0,0,0,0,0.176,39.174,17438.438,4800.000,1987,70518,36380,15726,34138,18412,0.302,6.578,1.420,1987,5444951,8632031,2.424,12.327,0.366,14.360,70518,3254,972,30453,895,2346,13,324,324,604,43,79,2,16,26,1,0,0,279,2,1,0,4,6523,5318,5318,0,0,0,0,0,,disabled,,0,0,0,0,,1,Fixed Quality,Hybrid,85,30,9500,12000,640,360,H.264,480,270,518400,5102,518400,5102,0.010,0.000,,0,0,0.000,0.470,0.000,0.000,0.092,6000,6250,6250,26,26,0,1,9500,0.820,1,6.388,0.000,0,0,0.000,0.000,0,0,0,0,0.311,0.618,0.071,1,0,0,latency-pressure-freshness-hold,5,0,0,166,382,166,176,40,300,300,0,5,none,0,,0,0,0.159,4.296,0,,0.000,0.000,0.000,0.000,0,0,0,,49,0,0,5.242,0,1350,0.091,0.000,0.000,0.091,0.000,0.066,0.004,1,1,1,1,0,1,1,0,0,0,1,0,0.860,68.368,0.000,26,0,0.000,0,0,0,0.000,0.000,0.000,0.000,0.000,0.000,0.000,0.370,9.387,0,0,0,0,0,0,0,0,0.000,0.000,0.000,0.000,0.000,0.000,0,0.407,24.411,959,969,4630,1.276,237.989,55.479,237.989,17167.347,462,1,H.264,99.581,0,0,236.738,237.893,1.000,192.139,98.318,arrival-gap-jitter-spike,32135.502,0,1,1,1,1,49302.849,377.558,428.251,429.772,429.772,0,0,16,0,0,12,1,cadence-limited freshness,input-cadence-or-video-budget,145.584,165.123,1344,1,decoded,0,0,0,0,0,0,0,0,0,0,,97.383,0.000,99.703,4.562,0.000,54.607,120.000,stale-before-upload,0.001,1346,0.000,109.358,4.578,0.084,0.296,0.001,0.000,0.295,1,0,0,1,3,0.062,24.415,24.412,39.736,23.377,1.000,RecoveryDeadline,0,1,0,1.000,2,2,2,1,0.060,0.000,0.060,0,100,0,38811,36465,2334,0,2222
50.303,Custom_loss6_delay0-100_dup0_reorder6_burst0,Loopback,1,1,0,,,0.000,0,21,1374,17.193,17.189,18.059,91.281,102.344,200.401,67.063,50.934,0.062,0.258,37047,2468,34767,32299,4973,2960,337,1479,1264,215,197,0,32302,1005,350,0,0,0,0,5.000,0,0,0,0,0,0,0,0,0,0,0,0,0,0,0,0.000,0.000,0.000,,986,986,4728,0,1,6.252,236.738,7.228,237.893,0.000,0.000,976,967,19309,1220,332,0,3313,5410,1375,1,nack-suppressed-fec-grace,pending,H.264,0,1,22,14,8,6,3,0,0,0,0,0,39480,12,0,0,0,0,0,47.174,274,337,215,209,213,2,68.403,24.476,125.700,1,0,827,63,890,0,293,26,0.448,0.552,0.929,1.000,0.082,45.000,0.167,0.833,0.000,duplicate-guard,1775,14057,0,0,1018,12860,3313,30929,757,1197,0,0,30908,predicted-useful,fec-grace,5506,0.000,338,890,0,4,0,0,0,25,27,25,27,336,5307,336,5307,0,0,0,pacing,1,0.744,8.798,116.798,0,0,25,27,0,0,0,0,5338,4084,198,0,1,9500000,1200000,0,0,0,39474,39474,48460870,2332,2876815,1245,1546862,0,0,0,0,0,18.587,39.174,11797.875,4800.000,2022,71795,37030,15988,34765,18777,0.302,3.862,0.709,2022,4947447,7283292,2.296,45.418,0.485,12.960,71795,3313,990,30929,907,2391,15,331,331,614,44,81,2,16,27,1,0,0,284,3,1,0,4,6645,5410,5410,0,0,0,0,0,,disabled,,0,0,0,0,,1,Fixed Quality,Hybrid,85,30,9500,12000,640,360,H.264,480,270,518400,26094,518400,26094,0.050,0.000,,0,0,0.000,1.677,0.000,0.000,0.074,6250,6250,6250,26,26,0,1,9500,0.870,1,18.587,0.000,0,0,0.000,0.000,0,0,0,0,0.308,0.621,0.071,1,0,0,latency-pressure-freshness-hold,22,0,0,169,388,169,179,40,304,304,0,5,large-au-observed,0,,0,0,11.472,21.974,0,,0.000,0.000,0.000,0.000,0,0,0,,50,0,0,6.275,0,1376,0.073,0.000,0.000,0.073,0.000,0.050,0.007,1,1,1,1,0,1,1,0,0,0,0,0,1.000,0.000,0.000,27,0,0.000,0,0,0,0.000,0.000,0.000,0.000,0.000,0.000,0.000,1.596,10.419,0,0,0,0,0,0,0,0,0.000,0.000,0.000,0.000,0.000,0.000,0,0.435,17.189,976,986,4728,7.191,237.989,55.479,237.989,17167.347,462,1,H.264,99.581,0,0,236.738,237.893,1.000,192.139,98.318,arrival-gap-jitter-spike,33135.921,0,1,1,1,1,50303.268,377.558,428.251,429.772,429.772,0,0,18,0,0,14,2,latency-pressure freshness,latency-over-80ms,133.844,165.123,1373,1,decoded,0,0,0,0,0,0,0,0,0,0,,101.150,0.000,103.828,0.000,0.000,0.000,130.641,stale-before-upload,0.001,1374,0.000,104.324,4.817,0.089,0.907,0.686,0.000,0.221,1,0,0,1,3,0.062,17.193,17.189,50.934,18.059,2.000,RTT,0,1,0,1.000,0,1,1,1,0.060,0.000,0.060,0,100,0,39524,37124,2372,0,2273
51.308,Custom_loss6_delay0-100_dup0_reorder6_burst0,Loopback,1,1,0,,,0.000,0,21,1400,27.831,27.839,24.958,103.514,102.282,98.317,67.701,7.735,0.063,0.254,37733,2521,35422,32901,5075,3025,342,1510,1290,220,198,0,32904,1029,351,0,0,0,0,5.000,0,0,0,0,0,0,0,0,0,0,0,0,0,0,0,0.000,0.000,0.000,,1010,1010,4820,0,1,42.760,236.738,43.666,237.893,0.000,0.000,1000,990,19690,1249,333,0,3369,5527,1402,1,nack-sent,pending,H.264,0,1,22,14,8,2,1,1,0,8,0,0,40218,3,0,0,0,0,0,53.310,281,342,220,214,218,2,68.526,24.390,125.700,1,0,844,65,909,0,303,26,0.451,0.549,0.928,1.000,0.079,44.000,0.500,0.500,0.000,stable,1811,14309,0,0,1039,13088,3369,31368,772,1221,0,0,31347,predicted-useful,fec-grace,5611,0.318,347,909,0,5,0,0,0,30,32,30,32,346,5459,346,5459,0,0,0,pacing,1,0.798,11.165,119.165,0,0,29,31,1,1,0,0,5496,4153,202,0,1,9500000,1200000,9,0,9,40221,40212,49372530,2379,2935027,1269,1576758,0,0,0,0,0,0.535,39.174,1053.312,4800.000,2058,73127,37719,16264,35408,19144,0.301,19.147,0.642,2058,4526348,7061172,0.933,15.918,0.472,12.832,73127,3368,1014,31360,922,2431,15,332,332,616,44,81,2,16,27,1,0,0,285,3,1,0,4,6775,5527,5527,0,0,0,0,0,,disabled,,0,0,0,0,,1,Fixed Quality,Hybrid,85,30,9500,12000,640,360,H.264,480,270,518400,26096,518400,26096,0.050,0.000,,0,0,0.000,1.705,0.000,0.000,0.076,6500,6250,6250,26,26,0,1,9500,0.920,1,10.898,0.000,0,0,0.000,0.000,0,0,0,0,0.309,0.619,0.072,1,0,0,fixed-pacing-queue-hold,22,0,0,171,396,171,183,42,309,309,0,5,large-au-observed,0,,0,0,14.034,21.976,0,,0.000,0.000,0.000,0.000,0,0,0,,51,0,0,10.263,0,1403,0.076,0.000,0.000,0.076,0.000,0.052,0.007,1,1,1,1,0,1,1,0,0,0,0,0,1.000,0.000,0.000,27,0,0.000,0,0,0,0.000,0.000,0.000,0.000,0.000,0.000,0.000,1.622,19.776,0,0,0,0,0,0,0,0,0.000,0.000,0.000,0.000,0.000,0.000,0,0.497,27.839,1000,1010,4820,44.365,237.989,55.479,237.989,17167.347,462,1,H.264,99.581,0,0,236.738,237.893,1.000,192.139,98.318,arrival-gap-jitter-spike,34141.209,0,1,1,1,1,51308.556,377.558,428.251,429.772,429.772,0,0,19,0,0,15,1,latency-pressure freshness,latency-over-80ms,127.160,165.123,1380,1,decoded,0,0,0,0,0,0,0,0,0,0,,99.823,0.000,102.642,0.000,0.000,0.000,131.757,stale-before-upload,0.000,1400,0.000,109.819,6.738,0.078,0.432,0.171,0.000,0.261,1,0,0,1,3,0.063,27.831,27.839,7.735,24.958,1.000,Loss,0,1,0,0.000,1,2,2,1,0.060,0.000,0.060,0,100,0,40263,37820,2413,0,2308
52.313,Custom_loss6_delay0-100_dup0_reorder6_burst0,Loopback,1,1,0,,,0.000,0,21,1426,19.307,19.300,18.337,109.914,102.213,98.317,67.701,13.153,0.063,0.253,38434,2590,36089,33499,5173,3090,344,1539,1314,225,200,0,33502,1049,356,0,0,0,0,5.000,0,0,0,0,0,0,0,0,0,0,0,0,0,0,0,0.000,0.000,0.000,,1030,1030,4914,0,1,63.910,236.738,64.947,237.893,0.000,0.000,1020,1010,20057,1274,338,0,3426,5636,1428,1,nack-sent,pending,H.264,0,1,23,14,9,1,1,1,0,9,0,0,40957,9,0,0,0,0,0,55.032,287,344,225,219,223,2,68.290,24.321,125.700,1,0,857,64,921,0,308,26,0.455,0.545,0.931,1.000,0.078,45.000,0.200,0.800,0.000,duplicate-guard,1847,14590,0,0,1060,13350,3426,31862,787,1240,0,0,31841,predicted-useful,likely-arrival,5709,0.130,351,921,0,5,0,0,0,30,32,30,32,350,5518,350,5518,0,0,0,pacing,1,0.775,13.058,121.058,0,0,30,32,0,0,0,0,5555,4227,206,0,1,9500000,1200000,10,0,10,40983,40973,50309462,2420,2985615,1293,1606654,0,0,0,0,0,0.871,39.174,456.625,4800.000,2097,74522,38433,16587,36089,19502,0.301,23.677,1.906,2097,4343450,7148267,1.090,15.918,0.545,11.795,74522,3425,1034,31853,934,2476,15,337,337,624,44,81,2,16,27,1,0,0,290,3,1,0,4,6902,5636,5636,0,0,0,0,0,,disabled,,0,0,0,0,,1,Fixed Quality,Hybrid,85,30,9500,12000,640,360,H.264,480,270,518400,27138,518400,27138,0.052,0.000,,0,0,0.000,2.020,0.000,0.000,0.081,7250,6500,6500,27,27,0,1,9500,1.000,0,14.310,0.000,0,0,0.000,0.000,0,0,0,0,0.312,0.619,0.069,1,0,0,disabled,23,0,0,173,401,173,186,42,313,313,0,5,large-au-observed,0,,0,0,16.177,22.853,0,,0.000,0.000,0.000,0.000,0,0,0,,52,0,0,5.993,0,1430,0.081,0.000,0.000,0.080,0.000,0.055,0.009,1,1,1,1,0,1,1,0,0,0,0,0,1.000,0.000,0.000,30,0,0.000,0,0,0,0.000,0.000,0.000,0.000,0.000,0.000,0.000,1.927,10.069,0,0,0,0,0,0,0,0,0.000,0.000,0.000,0.000,0.000,0.000,0,0.445,19.300,1020,1030,4914,64.932,237.989,55.479,237.989,17167.347,462,1,H.264,99.581,0,0,236.738,237.893,1.000,192.139,98.318,arrival-gap-jitter-spike,35145.947,0,1,1,1,1,52313.294,377.558,428.251,429.772,429.772,0,0,19,0,0,15,0,,,127.160,165.123,1380,1,decoded,0,0,0,0,0,0,0,0,0,0,,101.769,0.000,104.488,0.000,0.000,0.000,134.957,stale-before-upload,0.001,1426,0.000,110.176,5.221,0.082,0.268,0.001,0.000,0.268,1,0,0,1,3,0.063,19.307,19.300,13.153,18.337,1.000,Loss,0,1,0,0.000,0,1,1,1,0.060,0.000,0.060,0,100,0,41025,38515,2460,0,2344
53.317,Custom_loss6_delay0-100_dup0_reorder6_burst0,Loopback,1,1,0,,,0.000,0,21,1455,20.994,19.063,19.206,101.756,102.309,22.398,66.795,15.347,0.063,0.252,39233,2616,36824,34208,5271,3146,349,1571,1343,228,205,0,34211,1072,362,0,0,0,0,5.000,0,0,0,0,0,0,0,0,0,0,0,0,0,0,0,0.000,0.000,0.000,,1052,1052,5008,0,1,30.842,236.738,32.285,237.893,0.000,0.000,1042,1032,20458,1300,343,0,3493,5752,1457,1,nack-sent,pending,H.264,0,1,24,16,8,4,3,1,0,8,0,0,41802,8,0,0,0,0,0,52.702,290,349,228,222,226,2,68.358,24.263,125.700,1,0,868,65,933,0,312,27,0.454,0.546,0.930,1.000,0.080,43.000,0.333,0.667,0.000,insufficient-sample,1885,14907,0,0,1083,13641,3493,32479,802,1266,0,0,32458,predicted-useful,fec-grace,5825,0.167,355,933,0,5,0,0,0,30,32,30,32,354,5587,354,5587,0,0,0,pacing,1,0.833,10.765,118.765,0,0,30,32,0,0,0,0,5624,4315,210,0,1,9500000,1200000,0,0,0,41801,41801,51324462,2462,3037289,1320,1640290,0,0,0,0,0,17.391,39.174,8154.562,4800.000,2139,76043,39219,16940,36824,19884,0.302,13.575,0.986,2139,5216208,8764466,0.724,-2.449,0.512,13.934,76043,3492,1057,32471,949,2528,15,342,342,634,45,83,2,16,28,1,0,0,294,3,1,0,4,7043,5752,5752,0,0,0,0,0,,disabled,,0,0,0,0,,1,Fixed Quality,Hybrid,85,30,9500,12000,640,360,H.264,480,270,518400,0,518400,28178,0.054,0.000,,0,0,0.000,5.134,0.000,4.395,0.712,7250,6750,6750,28,28,0,1,9500,1.000,0,17.391,0.000,0,0,0.000,0.000,0,0,0,0,0.311,0.620,0.070,1,0,0,disabled,0,0,0,175,408,175,189,44,318,318,0,5,async-output-pending,0,,0,0,0.000,0.000,0,,17.317,9277.125,39583.333,0.000,0,0,0,,53,0,0,0.000,1,0,0.702,0.185,0.515,0.000,0.000,0.000,0.000,0,0,1,1,1,0,0,1,1,0,0,0,1.000,0.000,0.000,30,0,0.000,0,0,0,0.000,0.000,0.000,0.000,0.000,0.000,0.000,0.000,10.144,0,0,0,0,0,0,0,0,0.000,0.000,0.000,0.000,0.000,0.000,0,0.363,19.063,1042,1052,5008,31.798,237.989,55.479,237.989,17167.347,462,1,H.264,99.581,0,0,236.738,237.893,1.000,192.139,98.318,arrival-gap-jitter-spike,36150.132,0,1,1,1,1,53317.479,377.558,428.251,429.772,429.772,0,0,19,0,0,15,0,,,127.160,165.123,1380,1,decoded,0,0,0,0,0,0,0,0,0,0,,102.041,0.000,104.709,0.000,0.000,0.000,130.878,stale-before-upload,0.000,1455,0.000,110.370,5.286,0.072,0.625,0.371,0.000,0.254,1,0,0,1,3,0.063,20.994,19.063,15.347,19.206,2.000,RecoveryDeadline,0,1,0,1.000,0,1,1,1,0.060,0.000,0.060,0,100,0,41854,39322,2498,0,2404
54.324,Custom_loss6_delay0-100_dup0_reorder6_burst0,Loopback,1,1,0,,,0.000,0,21,1485,25.646,25.662,19.138,94.101,102.345,55.758,66.578,50.036,0.062,0.250,40067,2666,37597,34931,5378,3217,352,1602,1373,229,207,0,34934,1096,366,0,0,0,0,5.000,0,0,0,0,0,0,0,0,0,0,0,0,0,0,0,0.000,0.000,0.000,,1076,1076,5105,0,1,95.527,236.738,96.699,237.893,0.000,0.000,1066,1055,20886,1325,347,0,3566,5875,1487,1,fec-parity,pending,H.264,0,1,24,4,20,2,0,0,0,0,0,0,42705,1,0,0,0,0,0,13.777,294,352,229,223,227,2,68.309,24.214,125.700,1,0,876,66,942,0,313,27,0.455,0.545,0.930,1.000,0.079,40.000,0.500,0.500,0.000,insufficient-sample,1935,15246,0,0,1108,13944,3566,33179,827,1302,0,0,33157,predicted-useful,likely-arrival,5949,0.292,358,942,0,5,0,0,0,30,32,30,32,357,5636,357,5636,0,0,0,pacing,1,0.811,15.488,123.488,0,0,30,32,0,0,0,0,5673,4410,214,0,1,9500000,1200000,11,0,11,42710,42699,52424916,2501,3085231,1345,1670816,0,0,0,0,0,0.793,39.174,982.062,4800.000,2184,77635,40052,17310,37583,20273,0.302,2.432,1.164,2184,5663810,9709504,0.900,33.360,0.459,11.851,77635,3566,1081,33179,961,2590,15,346,346,643,45,83,2,16,28,1,0,0,298,3,1,0,4,7189,5875,5875,0,0,0,0,0,,disabled,,0,0,0,0,,1,Fixed Quality,Hybrid,85,30,9500,12000,640,360,H.264,480,270,518400,28178,518400,28178,0.054,0.000,,0,0,0.000,1.950,0.000,0.000,0.068,7250,6750,6750,28,28,0,1,9500,1.000,0,18.701,0.000,0,0,0.000,0.000,0,0,0,0,0.312,0.618,0.070,1,0,0,disabled,24,0,0,177,412,177,191,44,322,322,0,5,large-au-observed,0,,0,0,13.182,23.729,0,,0.000,0.000,0.000,0.000,0,0,0,,54,0,0,6.098,0,1488,0.067,0.000,0.000,0.067,0.000,0.048,0.006,1,1,1,1,0,1,1,0,0,0,1,0,0.860,77.791,0.000,26,0,0.000,0,0,0,0.000,0.000,0.000,0.000,0.000,0.000,0.000,1.875,10.210,0,0,0,0,0,0,0,0,0.000,0.000,0.000,0.000,0.000,0.000,0,0.344,25.662,1066,1076,5105,96.689,237.989,55.479,237.989,17167.347,462,1,H.264,99.581,0,0,236.738,237.893,1.000,192.139,98.318,arrival-gap-jitter-spike,37157.141,0,1,1,1,1,54324.488,377.558,428.251,429.772,429.772,0,0,19,0,0,15,0,,,127.160,165.123,1380,1,decoded,0,0,0,0,0,0,0,0,0,0,,104.208,0.000,107.044,4.954,0.000,103.476,132.050,stale-before-upload,0.001,1482,0.000,114.753,5.144,0.075,0.901,0.676,0.000,0.225,1,0,0,1,3,0.062,25.646,25.662,50.036,19.138,2.000,RecoveryDeadline,0,1,0,0.000,2,2,2,1,0.060,0.000,0.060,0,100,0,42753,40150,2551,0,2457
55.328,Custom_loss6_delay0-100_dup0_reorder6_burst0,Loopback,1,1,0,,,0.000,0,21,1513,21.053,21.047,21.098,113.024,102.313,69.795,66.640,9.108,0.063,0.250,40824,2728,38316,35588,5475,3266,358,1637,1404,233,214,0,35591,1117,373,0,0,0,0,5.000,0,0,0,0,0,0,0,0,0,0,0,0,0,0,0,0.000,0.000,0.000,,1097,1097,5200,0,1,55.475,236.738,56.608,237.893,0.000,0.000,1087,1076,21273,1350,354,0,3628,5987,1515,1,nack-suppressed-fec-grace,pending,H.264,0,1,24,11,13,2,0,0,0,0,0,0,43507,7,0,0,0,0,0,47.128,298,358,233,227,231,2,68.284,24.149,125.700,1,0,890,67,957,0,318,28,0.454,0.546,0.930,1.000,0.081,45.000,0.167,0.833,0.000,duplicate-guard,1970,15567,0,0,1130,14240,3628,33762,840,1327,0,0,33739,predicted-useful,fec-grace,6056,0.208,363,957,0,5,0,0,0,30,32,30,32,362,5717,362,5717,0,0,0,pacing,1,0.819,11.227,119.227,0,0,30,32,0,0,0,0,5754,4489,218,0,1,9500000,1200000,0,0,0,43505,43505,53412070,2546,3140637,1372,1703822,0,0,0,0,0,11.419,39.174,612.750,4800.000,2227,79130,40820,17735,38310,20575,0.303,4.307,0.868,2227,6069916,9190125,1.340,29.495,0.504,8.560,79130,3628,1102,33762,976,2637,15,353,353,657,47,87,2,16,30,1,0,0,303,3,1,0,4,7323,5987,5987,0,0,0,0,0,,disabled,,0,0,0,0,,1,Fixed Quality,Hybrid,85,30,9500,12000,640,360,H.264,480,270,518400,28178,518400,28178,0.054,0.000,,0,0,0.000,2.134,0.000,0.000,0.254,7250,6750,6750,28,28,0,1,9500,1.000,0,11.419,0.000,0,0,0.000,0.000,0,0,0,0,0.311,0.619,0.070,1,0,0,disabled,24,0,0,179,420,179,195,46,327,327,0,5,large-au-observed,0,,0,0,14.158,23.729,0,,0.000,0.000,0.000,0.000,0,0,0,,55,0,0,3.206,0,1516,0.253,0.000,0.000,0.253,0.000,0.047,0.009,1,1,1,1,0,1,1,0,0,0,0,0,1.000,0.000,0.000,30,0,0.000,0,0,0,0.000,0.000,0.000,0.000,0.000,0.000,0.000,1.857,6.953,0,0,0,0,0,0,0,0,0.000,0.000,0.000,0.000,0.000,0.000,0,0.449,21.047,1087,1097,5200,56.523,237.989,55.479,237.989,17167.347,462,1,H.264,99.581,0,0,236.738,237.893,1.000,192.139,98.318,arrival-gap-jitter-spike,38160.789,0,1,1,1,1,55328.136,377.558,428.251,429.772,429.772,0,0,19,0,0,15,0,,,127.160,165.123,1380,1,decoded,0,0,0,0,0,0,0,0,0,0,,102.204,0.000,105.011,4.188,0.000,121.529,136.512,stale-before-upload,0.001,1512,0.000,107.098,4.572,0.088,0.265,0.000,0.000,0.265,1,0,0,1,3,0.063,21.053,21.047,9.108,21.098,1.000,RecoveryDeadline,0,1,0,1.000,0,1,1,1,0.060,0.000,0.060,0,100,0,43560,40913,2600,0,2505
56.331,Custom_loss6_delay0-100_dup0_reorder6_burst0,Loopback,1,1,0,,,0.000,0,21,1541,22.359,22.361,22.144,108.831,102.346,33.315,66.011,9.936,0.063,0.251,41621,2783,39075,36292,5569,3324,363,1660,1424,236,222,0,36295,1137,381,0,0,0,0,5.000,0,0,0,0,0,0,0,0,0,0,0,0,0,0,0,0.000,0.000,0.000,,1117,1117,5295,0,1,33.717,236.738,34.788,237.893,0.000,0.000,1107,1097,21683,1373,362,0,3697,6103,1543,1,nack-sent,pending,H.264,0,1,24,15,9,2,1,1,0,9,0,0,44359,6,0,0,0,0,0,57.023,301,363,236,230,234,2,68.348,24.082,125.700,1,0,901,68,969,0,323,28,0.453,0.547,0.930,1.000,0.080,45.000,0.167,0.833,0.000,duplicate-guard,2011,15899,0,0,1154,14543,3697,34385,857,1356,0,0,34361,predicted-useful,likely-arrival,6171,0.375,367,969,0,5,0,0,0,30,32,30,32,366,5780,366,5780,0,0,0,pacing,1,0.808,6.730,114.730,0,0,30,32,0,0,0,0,5817,4580,222,0,1,9500000,1200000,0,0,0,44357,44357,54455874,2588,3192311,1397,1734970,0,0,0,0,0,17.719,39.174,8417.812,4800.000,2271,80682,41615,18112,39067,20955,0.303,13.587,0.908,2271,7474152,10944457,1.271,16.300,0.442,12.979,80682,3697,1122,34385,988,2694,15,361,361,674,47,87,2,16,30,1,0,0,311,3,1,0,4,7468,6103,6103,0,0,0,0,0,,disabled,,0,0,0,0,,1,Fixed Quality,Hybrid,85,30,9500,12000,640,360,H.264,480,270,518400,28176,518400,28176,0.054,0.000,,0,0,0.000,2.253,0.000,0.000,0.069,7250,6750,6750,28,28,0,1,9500,1.000,0,17.719,0.000,0,0,0.000,0.000,0,0,0,0,0.311,0.619,0.070,1,0,0,disabled,24,0,0,181,424,181,197,46,331,331,0,5,large-au-observed,0,,0,0,20.948,23.727,0,,0.000,0.000,0.000,0.000,0,0,0,,56,0,0,6.471,0,1544,0.069,0.000,0.000,0.069,0.000,0.047,0.007,1,1,1,1,0,1,1,0,0,0,0,0,1.000,0.000,0.000,30,0,0.000,0,0,0,0.000,0.000,0.000,0.000,0.000,0.000,0.000,2.174,30.678,0,0,0,0,0,0,0,0,0.000,0.000,0.000,0.000,0.000,0.000,0,0.387,22.361,1107,1117,5295,34.693,237.989,55.479,237.989,17167.347,462,1,H.264,99.581,0,0,236.738,237.893,1.000,192.139,98.318,arrival-gap-jitter-spike,39164.045,0,1,1,1,1,56331.392,377.558,428.251,429.772,429.772,0,0,19,0,0,15,0,,,127.160,165.123,1380,1,decoded,0,0,0,0,0,0,0,0,0,0,,108.612,0.000,111.417,0.000,0.000,0.000,134.416,stale-before-upload,0.001,1541,0.000,116.581,4.757,0.073,0.894,0.610,0.000,0.284,1,0,0,1,3,0.063,22.359,22.361,9.936,22.144,1.000,RecoveryDeadline,0,1,0,0.000,2,2,2,1,0.060,0.000,0.060,0,100,0,44413,41712,2663,0,2551
57.332,Custom_loss6_delay0-100_dup0_reorder6_burst0,Loopback,1,1,0,,,0.000,0,21,1569,14.758,14.756,14.774,98.295,102.416,33.315,66.011,53.692,0.063,0.253,42413,2853,39836,36983,5657,3384,367,1679,1442,237,227,0,36986,1155,391,0,0,0,0,5.000,0,0,0,0,0,0,0,0,0,0,0,0,0,0,0,0.000,0.000,0.000,,1135,1135,5392,0,1,13.157,236.738,14.070,237.893,0.000,0.000,1125,1115,22076,1392,372,0,3767,6208,1570,1,fec-parity,pending,H.264,1,1,24,16,8,3,0,3,14,55,1,0,45197,19,45210,2,0,0,0,93.184,307,367,237,231,235,2,68.363,24.066,125.700,1,0,912,74,986,0,325,31,0.455,0.545,0.925,1.000,0.087,33.000,0.667,0.333,0.000,insufficient-sample,2046,16208,0,0,1177,14832,3767,35088,869,1376,0,0,35064,predicted-useful,fec-grace,6283,0.417,374,986,0,5,0,0,0,30,32,30,32,373,5902,373,5902,0,0,0,pacing,1,0.845,12.074,120.074,0,0,30,32,0,0,0,0,5939,4666,226,0,1,9500000,1200000,25,0,25,45244,45218,55510876,2635,3250203,1424,1768606,0,0,0,0,0,0.507,39.174,18009.750,4800.000,2315,82232,42401,18510,39831,21321,0.304,27.457,0.000,2315,5472396,9071587,0.983,16.300,0.485,15.296,82232,3767,1140,35088,1003,2749,15,371,371,698,48,89,2,16,31,1,0,0,320,3,1,0,4,7612,6208,6208,0,0,0,0,0,,disabled,,0,0,0,0,,1,Fixed Quality,Hybrid,85,30,9500,12000,640,360,H.264,480,270,518400,28178,518400,28178,0.054,0.000,,0,0,0.000,2.082,0.000,0.000,0.215,7250,6750,6750,28,28,0,1,9500,1.000,0,8.425,0.000,0,0,0.000,0.000,0,0,0,0,0.311,0.614,0.075,1,0,0,disabled,24,0,0,183,431,183,199,49,336,336,0,5,large-au-observed,0,,0,0,10.383,23.729,0,,0.000,0.000,0.000,0.000,0,0,0,,57,0,0,3.521,0,1573,0.214,0.000,0.000,0.213,0.000,0.076,0.015,1,1,1,1,0,1,1,0,0,0,0,0,1.000,0.000,0.000,30,0,0.000,0,0,0,0.000,0.000,0.000,0.000,0.000,0.000,0.000,1.854,7.997,0,0,0,0,0,0,0,0,0.000,0.000,0.000,0.000,0.000,0.000,0,0.381,14.756,1125,1135,5392,14.288,237.989,55.479,237.989,17167.347,462,1,H.264,99.581,0,0,236.738,237.893,1.000,192.139,98.318,arrival-gap-jitter-spike,40164.387,0,1,1,1,1,57331.734,377.558,428.251,429.772,429.772,0,0,19,0,0,15,0,,,127.160,165.123,1380,1,decoded,0,0,0,0,0,0,0,0,0,0,,108.465,0.000,111.366,0.000,0.000,0.000,134.148,stale-before-upload,0.001,1569,0.000,117.653,5.884,0.074,0.980,0.761,0.000,0.219,1,0,0,1,3,0.063,14.758,14.756,53.692,14.774,2.000,Jitter,0,1,0,1.000,1,1,1,1,0.060,0.000,0.060,0,100,0,45276,42507,2729,0,2614
58.338,Custom_loss6_delay0-100_dup0_reorder6_burst0,Loopback,1,1,0,,,0.000,0,21,1599,16.004,16.007,15.898,47.750,102.417,8.860,64.953,60.465,0.063,0.254,43191,2901,40555,37654,5757,3446,371,1711,1467,244,229,0,37657,1175,400,0,0,0,0,5.000,0,0,0,0,0,0,0,0,0,0,0,0,0,0,0,0.000,0.000,0.000,,1155,1155,5482,0,1,0.942,236.738,2.019,237.893,0.000,0.000,1145,1135,22485,1419,381,0,3838,6323,1600,1,fec-parity,pending,H.264,1,1,22,17,5,4,3,2,9,28,0,1,46048,13,46066,0,0,0,0,69.493,309,371,244,236,242,2,68.146,24.206,125.700,1,0,925,74,999,0,333,31,0.454,0.546,0.926,1.000,0.085,41.000,0.000,1.000,0.000,insufficient-sample,2093,16536,0,0,1201,15124,3838,35723,892,1412,0,0,35697,predicted-useful,likely-arrival,6402,0.455,379,999,0,5,0,0,0,30,32,30,32,377,5964,377,5964,0,0,0,pacing,1,0.748,10.565,118.565,0,0,30,32,0,0,0,0,6001,4756,230,0,1,9500000,1200000,0,0,0,46039,46039,56515540,2654,3272051,1426,1771102,0,0,0,0,0,17.272,39.174,10165.438,4800.000,2358,83737,43184,18872,40553,21681,0.304,10.725,4.240,2358,3764167,6776544,2.869,8.149,0.468,18.826,83737,3838,1160,35723,1012,2811,15,380,380,715,48,89,2,16,31,1,0,0,329,3,1,0,4,7746,6323,6323,0,0,0,0,0,,disabled,,0,0,0,0,,1,Fixed Quality,Hybrid,85,30,9500,12000,640,360,H.264,480,270,518400,26096,518400,26096,0.050,0.000,,0,0,0.000,1.808,0.000,0.000,0.082,6000,6250,6250,29,29,0,1,9500,0.820,1,17.272,0.000,0,0,0.000,0.000,0,0,0,0,0.309,0.617,0.074,1,0,0,fixed-pacing-queue-hold,22,0,0,185,436,185,202,49,340,340,0,5,large-au-observed,0,,0,0,0.038,21.976,0,,0.000,0.000,0.000,0.000,0,0,0,,58,0,0,6.161,0,1601,0.082,0.000,0.000,0.082,0.000,0.059,0.007,1,1,1,1,0,1,1,0,0,0,0,0,1.000,0.000,0.000,24,0,0.000,0,0,0,0.000,0.000,0.000,0.000,0.000,0.000,0.000,1.718,10.382,0,0,0,0,0,0,0,0,0.000,0.000,0.000,0.000,0.000,0.000,0,0.408,16.007,1145,1155,5482,1.289,237.989,55.479,237.989,17167.347,462,1,H.264,99.581,0,0,236.738,237.893,1.000,192.139,98.318,arrival-gap-jitter-spike,41170.865,0,1,1,1,1,58338.212,377.558,428.251,429.772,429.772,0,0,19,0,0,15,0,,,127.160,165.123,1380,1,decoded,0,0,0,0,0,0,0,0,0,0,,100.455,0.000,102.759,0.000,0.000,0.000,120.000,stale-before-upload,0.001,1599,0.000,108.500,5.318,0.079,1.035,0.821,0.000,0.215,1,0,0,1,3,0.063,16.004,16.007,60.465,15.898,2.000,Jitter,0,1,0,0.000,1,1,1,1,0.060,0.000,0.060,0,100,0,46097,43283,2788,0,2657
59.345,Custom_loss6_delay0-100_dup0_reorder6_burst0,Loopback,1,1,0,,,0.000,0,21,1622,19.012,17.116,17.078,90.145,102.438,62.320,64.905,24.839,0.063,0.252,43800,2955,41134,38179,5838,3493,377,1737,1492,245,231,0,38182,1195,403,0,0,0,0,5.000,0,0,0,0,0,0,0,0,0,0,0,0,0,0,0,0.000,0.000,0.000,,1174,1174,5580,0,1,26.668,236.738,27.760,237.893,0.000,0.000,1164,1154,22824,1440,383,0,3891,6422,1625,1,fec-parity,pending,H.264,0,1,22,2,20,2,0,0,0,0,0,0,46741,10,0,0,0,0,0,13.280,315,377,245,237,243,2,68.180,24.136,125.700,1,0,938,78,1016,0,338,32,0.455,0.545,0.923,1.000,0.086,44.000,0.200,0.800,0.000,duplicate-guard,2128,16777,0,0,1219,15341,3891,36160,909,1436,0,0,36134,predicted-useful,fec-grace,6495,0.455,386,1016,0,5,0,0,0,31,33,31,33,384,6062,384,6062,0,0,0,pacing,1,0.745,11.396,119.396,0,0,31,33,0,0,0,0,6100,4822,234,0,1,9500000,1200000,0,0,0,46700,46700,57331924,2699,3327773,1450,1800998,0,0,0,0,0,18.469,39.174,11699.312,4800.000,2390,84927,43794,19146,41133,21987,0.304,3.672,1.526,2390,4688199,7363150,2.011,17.211,0.507,11.408,84927,3891,1180,36160,1027,2849,15,382,382,718,48,89,2,16,31,1,0,0,331,3,1,0,4,7863,6422,6422,0,0,0,0,0,,disabled,,0,0,0,0,,1,Fixed Quality,Hybrid,85,30,9500,12000,640,360,H.264,480,270,518400,26094,518400,26094,0.050,0.000,,0,0,0.000,1.759,0.000,0.000,0.073,6500,6250,6250,29,29,0,1,9500,0.916,1,18.469,0.000,0,0,0.000,0.000,0,0,0,0,0.310,0.613,0.077,1,0,0,fixed-pacing-queue-hold,22,0,0,187,443,187,205,51,345,345,0,5,large-au-observed,0,,0,0,0.015,21.974,0,,0.000,0.000,0.000,0.000,0,0,0,,59,0,0,5.448,0,1625,0.073,0.000,0.000,0.072,0.000,0.050,0.007,1,1,1,1,0,1,1,0,0,0,0,0,1.000,0.000,0.000,24,0,0.000,0,0,0,0.000,0.000,0.000,0.000,0.000,0.000,0.000,1.678,31.535,0,0,0,0,0,0,0,0,0.000,0.000,0.000,0.000,0.000,0.000,0,0.376,17.116,1164,1174,5580,27.568,237.989,55.479,237.989,17167.347,462,1,H.264,99.581,0,0,236.738,237.893,1.000,192.139,98.318,arrival-gap-jitter-spike,42178.196,0,1,1,1,1,59345.543,377.558,428.251,429.772,429.772,0,0,19,0,0,15,0,,,127.160,165.123,1380,1,decoded,0,0,0,0,0,0,0,0,0,0,,103.388,0.000,106.093,0.000,0.000,0.000,125.072,stale-before-upload,0.001,1622,0.000,112.485,5.999,0.073,0.962,0.649,0.000,0.313,1,0,0,1,3,0.063,19.012,17.116,24.839,17.078,1.000,Loss,0,1,0,0.000,0,1,1,1,0.060,0.000,0.060,0,100,0,46759,43898,2833,0,2688
60.352,Custom_loss6_delay0-100_dup0_reorder6_burst0,Loopback,1,1,0,,,0.000,0,21,1647,15.373,15.388,15.253,101.741,102.379,76.292,65.108,150.944,0.063,0.254,44392,2991,41684,38693,5921,3538,384,1761,1513,248,238,0,38696,1211,412,0,0,0,0,5.000,0,0,0,0,0,0,0,0,0,0,0,0,0,0,0,0.000,0.000,0.000,,1190,1190,5670,0,1,207.468,236.738,208.380,237.893,0.000,0.000,1180,1170,23150,1459,392,0,3944,6514,1648,1,fec-recovered,pending,H.264,1,1,21,16,5,3,3,3,9,37,1,1,47338,6,47358,0,0,0,0,74.795,319,384,248,240,246,2,68.232,23.954,125.700,1,0,952,77,1029,0,342,32,0.454,0.546,0.925,1.000,0.086,45.000,0.000,1.000,0.000,duplicate-guard,2165,17022,0,0,1238,15556,3944,36598,927,1466,0,0,36572,predicted-useful,likely-arrival,6584,0.381,391,1029,0,5,0,0,0,32,34,32,34,389,6129,389,6129,0,0,0,pacing,1,0.747,8.446,116.446,0,0,32,34,0,0,0,0,6168,4888,238,0,1,9500000,1200000,7,0,7,47353,47346,58128099,2738,3376183,1472,1828398,0,0,0,0,0,0.770,39.174,999.875,4800.000,2422,86057,44378,19357,41679,22322,0.304,34.687,3.462,2422,4057765,6502744,2.676,16.564,0.492,10.822,86057,3944,1194,36598,1040,2889,15,391,391,734,49,90,1,17,31,1,0,0,339,3,1,0,4,7968,6514,6514,0,0,0,0,0,,disabled,,0,0,0,0,,1,Fixed Quality,Hybrid,85,30,9500,12000,640,360,H.264,480,270,518400,25056,518400,25056,0.048,0.000,,0,0,0.000,1.772,0.000,0.000,0.067,6000,6000,6000,31,31,0,1,9500,0.820,1,5.879,0.000,0,0,0.000,0.000,0,0,0,0,1.000,0.000,0.000,1,0,0,fixed-pacing-queue-hold,21,0,0,189,447,189,207,51,349,349,0,5,large-au-observed,0,,0,0,7.877,21.100,0,,0.000,0.000,0.000,0.000,0,0,0,,60,0,0,5.730,0,1650,0.067,0.000,0.000,0.067,0.000,0.045,0.006,1,1,1,1,0,1,1,0,0,0,0,0,1.000,0.000,0.000,24,0,0.000,0,0,0,0.000,0.000,0.000,0.000,0.000,0.000,0.000,1.697,9.938,0,0,0,0,0,0,0,0,0.000,0.000,0.000,0.000,0.000,0.000,0,0.380,15.388,1180,1190,5670,208.348,237.989,55.479,237.989,17167.347,462,1,H.264,99.581,0,0,236.738,237.893,1.000,192.139,98.318,arrival-gap-jitter-spike,43184.997,0,1,1,1,1,60352.344,377.558,428.251,429.772,429.772,0,0,19,0,0,15,0,,,127.160,165.123,1380,1,decoded,0,0,0,0,0,0,0,0,0,0,,96.260,0.000,98.321,0.000,0.000,0.000,135.870,stale-before-upload,0.000,1647,0.000,103.648,4.932,0.076,1.099,0.812,0.000,0.287,1,0,0,1,3,0.063,15.373,15.388,150.944,15.253,2.000,RecoveryDeadline,0,1,0,1.000,1,1,1,1,0.060,0.000,0.060,0,100,0,47406,44485,2875,0,2735
