timeSec,scenarioName,networkRuntimeMode,networkModeSendingEnabled,networkModeReceivingEnabled,networkExperimentActive,networkExperimentScenarioName,networkExperimentAdaptiveMode,networkExperimentRemainingSec,networkExperimentStepIndex,networkExperimentStepCount,frameId,receiveFps,decodeFps,displayFps,currentLatencyMs,averageLatencyMs,currentRttMs,averageRttMs,currentJitterMs,packetLossRate,frameDropRate,receivedPackets,missingPackets,sequenceGapPackets,sequenceGapRecoveredPackets,duplicatePackets,duplicateOriginalPackets,duplicateRetransmitPackets,duplicateLateAfterCompletedPackets,duplicateLateAfterCompletedOriginalPackets,duplicateLateAfterCompletedRetransmitPackets,duplicateLateAfterExpiredPackets,duplicateLateAfterRejectedPackets,reorderedPackets,completedFrames,droppedFrames,deadlineDroppedFrames,outputQueueDroppedFrames,outputQueueDropEvents,outputQueueDropBurstEvents,startupWarmupSec,startupWarmupActive,outputQueueDroppedFramesDelta,outputQueueDropEventsDelta,outputQueueDropBurstEventsDelta,startupOutputQueueDroppedFrames,startupOutputQueueDropEvents,startupOutputQueueDropBurstEvents,steadyOutputQueueDroppedFrames,steadyOutputQueueDropEvents,steadyOutputQueueDropBurstEvents,evaluationOutputQueueDroppedFrames,evaluationOutputQueueDropEvents,evaluationOutputQueueDropBurstEvents,lastOutputQueueDropFrameCount,lastOutputQueueDropQueueSize,lastOutputQueueDropOldestAgeMs,lastOutputQueueDropNewestAgeMs,maxOutputQueueDropOldestAgeMs,lastOutputQueueDropReason,completedQueuePushes,completedQueuePops,completedQueueEmptyPolls,completedQueueSize,maxCompletedQueueSize,completedQueueLastPopAgeMs,completedQueueMaxPopAgeMs,completedQueueLastPushIntervalMs,completedQueueMaxPushIntervalMs,lastOutputQueueDropPopAgeMs,lastOutputQueueDropPushIntervalMs,decodedFrames,displayedFrames,frameRecoveryOutcomeEvents,frameRecoveryCompletedFrames,frameRecoveryExpiredFrames,frameRecoveryRejectedFrames,frameRecoveryNackSentFrames,frameRecoveryFecRecoveredFrames,frameRecoveryLastFrameId,frameRecoveryLastStreamId,frameRecoveryLastEvent,frameRecoveryLastOutcome,frameRecoveryLastCodec,frameRecoveryLastKeyFrame,frameRecoveryLastLargeFrame,frameRecoveryLastChunkCount,frameRecoveryLastReceivedChunks,frameRecoveryLastMissingChunks,frameRecoveryLastFecParityPackets,frameRecoveryLastFecRecoveredChunks,frameRecoveryLastNackCount,frameRecoveryLastPostNackReceivedChunks,frameRecoveryLastNackRequestedChunks,frameRecoveryLastRetransmitReceivedChunks,frameRecoveryLastRetransmitDuplicatePackets,frameRecoveryLastPacketSequence,frameRecoveryLastPacketChunkIndex,frameRecoveryLastRetransmitSequence,frameRecoveryLastRetransmitChunkIndex,frameRecoveryLastEventPacketSequence,frameRecoveryLastEventPacketChunkIndex,frameRecoveryLastEventWasRetransmit,frameRecoveryLastAgeMs,retransmitUsefulChunks,retransmitDuplicatePackets,retransmitLateAfterCompletedPackets,retransmitLateAfterCompletedLargePackets,retransmitLateAfterCompletedSentBeforeCompletePackets,retransmitLateAfterCompletedSentAfterCompletePackets,retransmitLateAfterCompletedAvgSendToCompleteMs,retransmitLateAfterCompletedAvgDelayMs,retransmitLateAfterCompletedMaxDelayMs,retransmitLateAfterExpiredPackets,retransmitLateAfterRejectedPackets,retransmitClassifiedPackets,retransmitNotArrivedPackets,retransmitAccountedPackets,retransmitUnclassifiedPackets,retransmitCompletedFrames,retransmitExpiredFrames,retransmitUsefulnessRatio,retransmitDuplicateRatio,retransmitFinalClassificationRatio,retransmitFinalAccountingRatio,retransmitExpiredAfterUsefulRatio,dynamicNackDeadlineMs,dynamicNackUsefulnessRatio,dynamicNackDuplicateRatio,dynamicNackExpiredAfterRetransmitRatio,dynamicNackDecisionReason,nackSuppressedFrames,nackSuppressedMissingChunks,nackPreflightSuppressedFrames,nackPreflightSuppressedChunks,nackFecGraceSuppressedFrames,nackFecGraceSuppressedChunks,nackPredictedUsefulFrames,nackPredictedUsefulChunks,nackDeferredForLikelyArrivalFrames,nackDeferredForLikelyArrivalChunks,nackSkippedTooLateFrames,nackSkippedTooLateChunks,nackRequestedChunkBudget,nackLastShapingReason,nackLastSuppressionReason,ackCount,lastAckMissingRate,ackRetransmittedFrames,ackRetransmittedChunks,repairCanceledByCompleteAckPackets,repairSkippedByTtlPackets,repairQueuedButCanceledPackets,repairSentAfterCompleteAckPackets,repairSentAfterCompleteAckLargePackets,repairSuppressedByFecLikelyFrames,repairSuppressedByFecLikelyPackets,repairSuppressedByFecLikelyLargeFrames,repairSuppressedByFecLikelyLargePackets,repairBudgetSuppressedFrames,repairBudgetSuppressedPackets,repairBudgetSuppressedLargeFrames,repairBudgetSuppressedLargePackets,repairRaceGuardSuppressedFrames,repairRaceGuardSuppressedPackets,repairRaceGuardSuppressedLargePackets,repairBudgetProfile,repairBudgetProfileSwitches,repairBudgetSmoothedMissingRate,repairBudgetSmoothedPacingQueueDelayMs,repairBudgetSmoothedDeliveryMs,repairFecLikelySuppressedCompletedFrames,repairFecLikelySuppressedCompletedPackets,repairFecLikelySuppressedExpiredFrames,repairFecLikelySuppressedExpiredPackets,repairFecLikelySuppressedPendingFrames,repairFecLikelySuppressedPendingPackets,repairFecLikelySuppressionRescueFrames,repairFecLikelySuppressionRescuePackets,h264KeyTinyMissingCriticalFrames,h264KeyTinyMissingCriticalPackets,h264KeyTinyMissingCriticalSentPackets,h264KeyTinyMissingCriticalSkippedPackets,h264KeyTinyMissingCriticalLastFrameId,h264KeyTinyMissingCriticalLastAckMissingChunks,h264KeyTinyMissingCriticalLastRequestedChunks,h264KeyTinyMissingCriticalLastEvent,h264KeySmallMissingAckFrames,h264KeySmallMissingAckMissingChunks,h264KeySmallMissingAckHistoryMissingFrames,h264KeySmallMissingAckStaleFrameLagFrames,h264KeySmallMissingAckStaleAgeFrames,h264KeySmallMissingAckRetransmitBudgetExhaustedFrames,h264KeySmallMissingAckDynamicBudgetSuppressedFrames,h264KeySmallMissingAckDynamicBudgetSuppressedPackets,h264KeySmallMissingAckSelectedRepairFrames,h264KeySmallMissingAckSelectedRepairPackets,h264KeySelectedRepair1To2Frames,h264KeySelectedRepair1To2Packets,h264KeySelectedRepair3To4Frames,h264KeySelectedRepair3To4Packets,h264KeySmallMissingAckLastFrameId,h264KeySmallMissingAckLastMissingChunks,h264KeySmallMissingAckLastGate,h264KeyRepair1To2CompletedFrames,h264KeyRepair1To2ExpiredFrames,h264KeyRepair1To2ArrivedPackets,h264KeyRepair1To2DuplicatePackets,h264KeyRepair1To2LateCompletedPackets,h264KeyRepair1To2LateExpiredPackets,h264KeyRepair1To2LateRejectedPackets,h264KeyRepair3To4CompletedFrames,h264KeyRepair3To4ExpiredFrames,h264KeyRepair3To4ArrivedPackets,h264KeyRepair3To4DuplicatePackets,h264KeyRepair3To4LateCompletedPackets,h264KeyRepair3To4LateExpiredPackets,h264KeyRepair3To4LateRejectedPackets,lateRepairSavedPackets,ackStaleDroppedFrames,ackKeyFrameRequests,ackKeyFramePending,pacingEnabled,pacingTargetBitrateBps,pacingRepairTargetBitrateBps,pacingQueuedPackets,pacingHighPriorityQueuedPackets,pacingNormalQueuedPackets,pacingEnqueuedPackets,pacingSentPackets,pacingSentBytes,pacingRepairSentPackets,pacingRepairSentBytes,pacingRepairBorrowedPackets,pacingRepairBorrowedBytes,pacingDroppedPackets,pacingDeadlineDroppedPackets,pacingHighPriorityDeadlineDroppedPackets,pacingNormalDeadlineDroppedPackets,pacingOverflowDroppedPackets,pacingCurrentQueueDelayMs,pacingMaxQueueDelayMs,pacingVideoCreditBytes,pacingRepairCreditBytes,transportFeedbackPackets,transportFeedbackPacketStatuses,transportFeedbackReceivedPackets,transportFeedbackMissingPackets,transportFeedbackSequenceGapPackets,transportFeedbackSequenceGapRecoveredPackets,transportFeedbackLossRate,transportFeedbackArrivalJitterMs,transportFeedbackQueueDelayTrendMs,transportFeedbackLastSequence,estimatedBandwidthBps,deliveryRateBps,bandwidthQueueDelayMs,bandwidthRttTrendMs,bandwidthLossTrend,bandwidthJitterTrendMs,bandwidthFeedbackSamples,deadlineNackSentFrames,deadlineNackRecoveredFrames,deadlineNackMissingChunks,deadlineNackSentH264KeyFrames,deadlineNackSentH264LargeFrames,deadlineNackSentH264DeltaFrames,deadlineNackExpiredDroppedFrames,deadlineNackExpiredAfterNackFrames,deadlineNackExpiredMissingChunks,deadlineNackExpiredH264KeyFrames,deadlineNackExpiredH264KeyMissingChunks,deadlineNackLastExpiredH264KeyMissingChunks,deadlineNackExpiredH264KeyMissingChunks1,deadlineNackExpiredH264KeyMissingChunks2To4,deadlineNackExpiredH264KeyMissingChunks5To8,deadlineNackExpiredH264KeyMissingChunks9To16,deadlineNackExpiredH264KeyMissingChunks17Plus,h264KeySmallMissingDeadlineRescueFrames,h264KeySmallMissingDeadlineRescueMissingChunks,h264KeySmallMissingDeadlineRescueCompletedFrames,h264KeySmallMissingDeadlineRescueRejectedFrames,h264KeySmallMissingDeadlineRescueExpiredFrames,h264KeySmallMissingDeadlineRescueCompletedMissingChunks,h264KeySmallMissingDeadlineRescueExpiredMissingChunks,deadlineNackExpiredH264LargeFrames,deadlineNackExpiredH264DeltaFrames,fecEnabled,adaptiveFecEnabled,fecGroupChunkCount,fecParityPackets,fecRecoveredFrames,fecRecoveredChunks,h264ReassemblerAuRejectedFrames,h264ReassemblerHeaderFailures,h264ReassemblerPayloadSizeMismatches,h264ReassemblerFrameIdMismatches,h264ReassemblerCrcMismatches,h264ReassemblerLastRejectReason,adaptiveFecDecisionReason,adaptiveFecHoldReason,adaptiveFecG8ToG4Recovery,adaptiveFecQualityHoldActive,adaptiveFecQualityHoldCanceled,adaptiveFecEmergencyG2Active,adaptiveFecEarlyOffReason,adaptiveEnabled,adaptiveControlMode,adaptiveCongestionControlMode,targetJpegQuality,targetFps,targetBitrateKbps,adaptiveBandwidthCeilingKbps,targetWidth,targetHeight,actualCodec,actualEncodeWidth,actualEncodeHeight,actualRawFrameBytes,actualEncodedFrameBytes,rawFrameBytes,encodedFrameBytes,compressionRatio,captureFps,cameraCaptureSubtype,cameraCaptureWidth,cameraCaptureHeight,cameraCaptureFormatFps,encodeMs,resizeMs,nv12PrepareMs,h264EncodeMs,h264EncoderRequestedBitrateKbps,h264EncoderTargetBitrateKbps,h264EncoderAppliedBitrateKbps,h264DynamicBitrateUpdateRequests,h264DynamicBitrateUpdateSuccesses,h264DynamicBitrateUpdateFailures,h264EncoderReinitializations,pacingBudgetTargetBitrateKbps,h264VideoBudgetScale,pacingBurstGuardActive,fixedPacingRecentMaxQueueDelayMs,fixedPacingQueueReleaseStableSec,fixedPacingQueueRecovered,fixedPacingQueueReleaseEligible,adaptiveRepairBudgetUtilization,adaptiveRepairBorrowedRatio,adaptiveRepairSentBytesDelta,adaptiveRepairBorrowedBytesDelta,adaptiveRepairBudgetGuardActive,adaptiveRepairVideoBudgetPressure,adaptiveRetransmitUsefulRatio,adaptiveLateRepairWasteRatio,adaptiveRetransmitNotArrivedRatio,adaptiveRetransmitAccountingComplete,adaptiveLateRepairWastePressure,adaptiveRetransmitNotArrivedPressure,adaptiveRepairDecisionReason,h264AuChunkCount,h264AuIsIdr,h264AuIsDecoderSync,h264RequestedKeyFrameConsumedFrames,h264EncoderKeyFrameRequests,h264RecoveryKeyFrameRequests,h264AwaitingSyncKeyFrameRequests,h264PeriodicIdrRequests,h264IdrFrames,h264DecoderSyncFrames,h264ConsecutiveIdrFrames,h264MaxConsecutiveIdrFrames,h264AuProtectionLevel,h264AuDroppedBeforeSend,h264AuDropReason,h264AuDroppedBytes,h264AuDroppedChunks,h264AuPacingQueueDelayMs,h264AuEstimatedSendMs,h264InputGatedByPacing,h264InputGateReason,h264InputGateQueueDelayMs,h264InputGateVideoCreditBytes,h264InputGateFrameBudgetBytes,h264InputGateDurationMs,h264InputGateConsecutiveFrames,h264InputGateSkippedInputFrames,h264InputGateForcedOpen,h264InputGateReleaseReason,fecProtectedH264KeyFrames,fecProtectedH264LargeFrames,h264EncoderDelayFrames,h264EncoderDelayMs,h264EncoderPendingFrames,h264EncodedInputFrameId,h264EncoderCallMs,h264EncoderSampleCreateMs,h264EncoderProcessInputMs,h264EncoderPreInputPollMs,h264EncoderPostInputWaitMs,h264EncoderProcessOutputMs,h264EncoderOutputCopyMs,h264EncoderProcessOutputAttempts,h264EncoderAsyncEventCount,h264EncoderHardware,h264EncoderAsync,h264EncoderNeedInputSignaled,h264EncoderOutputProduced,h264EncoderOutputProducedBeforeInput,h264SubmittedNewInput,h264AsyncSubmittedWithoutOutput,h264AsyncPendingNoOutput,h264AsyncCadenceHoldActive,h264AsyncPendingNoOutputStreak,h264AsyncCadenceScale,h264AsyncCadenceHoldRemainingMs,h264AsyncOutputPollBackoffMs,h264InputCadenceFps,h264NeedInputSubmitWake,h264NeedInputSubmitLeadMs,encodedCameraFrameId,encodedCameraSourceTimestamp100ns,encodedCameraCaptureCompletedTimeUs,encodedCameraFrameAgeMs,encodedCameraReadSampleMs,encodedCameraReadSampleEndToCaptureMs,encodedCameraCaptureToPublishMs,encodedCameraPublishToAcquireMs,encodedCameraAcquireToEncoderInputMs,jpegEncodeMs,packetizeMs,sendFrameIntervalMs,cameraFrameReady,cameraFrameId,cameraSourceTimestamp100ns,cameraReadSampleStartTimeUs,cameraReadSampleEndTimeUs,cameraCaptureCompletedTimeUs,cameraFramePublishedTimeUs,cameraSenderAcquireTimeUs,cameraReadSampleMs,cameraReadSampleEndToCaptureMs,cameraCaptureToPublishMs,cameraPublishToAcquireMs,cameraAcquireToSendMs,cameraFrameAgeMs,cameraFrameCacheUsed,receiveJpegDecodeMs,receiveDecodeWorkerFps,receiveDecodeWorkerFrames,receiveDecodePopSuccesses,receiveDecodePopEmptyPolls,receiveDecodeLoopLastPopGapMs,receiveDecodeLoopMaxPopGapMs,receiveStartupDecodeLoopMaxPopGapMs,receiveSteadyDecodeLoopMaxPopGapMs,receiveSteadyDecodeLoopMaxPopGapAtMs,receiveSteadyDecodeLoopMaxPopGapFrameId,receiveSteadyDecodeLoopMaxPopGapStreamId,receiveSteadyDecodeLoopMaxPopGapCodec,receiveSteadyDecodeLoopMaxPopGapInputFrameAgeMs,receiveSteadyDecodeLoopMaxPopGapDecodedQueueSize,receiveSteadyDecodeLoopMaxPopGapCompletedQueueSize,receiveSteadyDecodeLoopMaxPopGapCompletedQueuePopAgeMs,receiveSteadyDecodeLoopMaxPopGapCompletedQueuePushIntervalMs,receiveSteadyDecodeLoopMaxPopGapArrivalRatio,receiveSteadyDecodeLoopMaxPopGapReceiverJitterMs,receiveSteadyDecodeLoopMaxPopGapReceiverLatencyMs,receiveSteadyDecodeLoopMaxPopGapClass,receiveSteadyDecodeLoopMaxPopGapAgeMs,receiveH264StartupActive,receiveH264StartupDecoderSynced,receiveH264StartupFirstDecoded,receiveH264StartupFirstDisplayed,receiveH264StartupReady,receiveH264StartupElapsedMs,receiveH264StartupDecoderSyncMs,receiveH264StartupFirstDecodedMs,receiveH264StartupFirstDisplayedMs,receiveH264StartupReadyMs,receiveH264StartupQueueFlushFrames,receiveDecodeOverwrittenFrames,receiveDecodeQueueDroppedFrames,receiveDecodeRenderOverwriteFrames,receiveDecodeFailures,receiveFreshnessDroppedFrames,receiveFreshnessDroppedFramesDelta,receiveFreshnessDropClass,receiveFreshnessDropEvidence,receiveLastFreshnessDropAgeMs,receiveMaxFreshnessDropAgeMs,receiveLastFreshnessDropFrameId,receiveLastFreshnessDropStreamId,receiveLastFreshnessDropCodec,receiveH264AuInvalidFrames,receiveH264AuCrcMismatches,receiveH264AuPayloadSizeMismatches,receiveH264AuNalCountMismatches,receiveH264AuNoAnnexBNals,receiveH264AuIdrFlagMismatches,receiveH264AuSpsPpsFlagMismatches,receiveH264AuSyncWithoutIdr,receiveH264AuIdrWithoutSpsPps,receiveH264AuForbiddenZeroBit,receiveH264AuLastInvalidReason,receiveDecodeInputFrameAgeMs,receiveDecodeInputCameraFrameAgeMs,receiveDecodeInputEncoderOutputAgeMs,receiveLatestDecodedFrameAgeMs,receiveLatestDecodedCameraFrameAgeMs,receiveLatestDecodedEncoderOutputAgeMs,receiveFreshnessDropThresholdMs,receiveDecodeLastDropReason,receiveUploadBufferWaitMs,receiveDisplayFrameId,receiveDisplayCameraFrameAgeMs,receiveDisplayEncoderOutputAgeMs,receiveDisplayDecodedFrameAgeMs,textureUploadMs,presentGpuWaitMs,renderFramePacingWaitMs,waitableSwapChainWaitMs,presentMs,presentSyncInterval,lowLatencyPresentMode,waitableSwapChainPacingEnabled,waitableSwapChainAvailable,swapChainBufferCount,adaptiveInputPacketLossRate,adaptiveInputReceiveFps,adaptiveInputDecodeFps,adaptiveInputJitterMs,adaptiveInputDisplayFps,adaptiveQoeScore,adaptiveDegradationCause,adaptiveArrivalGapJitterSpikeActive,adaptiveFecRecoveryWorking,adaptiveFecGuardActive,adaptiveFecRecoveryEfficiency,adaptiveFecParityPacketDelta,adaptiveFecRecoveredFrameDelta,adaptiveFecRecoveredChunkDelta,simEnabled,simLossRate,simDuplicateRate,simReorderRate,simMinDelayMs,simMaxDelayMs,simBurstLossLength,simSubmittedPackets,simSentPackets,simDroppedPackets,simDuplicatedPackets,simReorderedPackets
0.158,Custom_loss6_delay0-100_dup0_reorder6_burst0,Loopback,1,1,0,,,0.000,0,21,0,0.000,0.000,0.000,0.000,0.000,0.000,0.000,0.000,0.000,0.000,0,0,0,0,0,0,0,0,0,0,0,0,0,0,0,0,0,0,0,5.000,1,0,0,0,0,0,0,0,0,0,0,0,0,0,0,0.000,0.000,0.000,,0,0,16,0,0,0.000,0.000,0.000,0.000,0.000,0.000,0,0,0,0,0,0,0,0,0,0,,,,0,0,0,0,0,0,0,0,0,0,0,0,0,0,0,0,0,0,0,0.000,0,0,0,0,0,0,0.000,0.000,0.000,0,0,0,0,0,0,0,0,0.000,0.000,0.000,0.000,0.000,0.000,0.000,0.000,0.000,,0,0,0,0,0,0,0,0,0,0,0,0,0,,,0,0.000,0,0,0,0,0,0,0,0,0,0,0,0,0,0,0,0,0,0,balanced,0,0.000,0.000,0.000,0,0,0,0,0,0,0,0,0,0,0,0,0,0,0,,0,0,0,0,0,0,0,0,0,0,0,0,0,0,0,0,,0,0,0,0,0,0,0,0,0,0,0,0,0,0,0,0,0,0,1,6000000,1200000,0,0,0,0,0,0,0,0,0,0,0,0,0,0,0,0.000,0.000,3750.000,4800.000,0,0,0,0,0,0,0.000,0.000,0.000,0,6000000,0,0.000,0.000,0.000,0.000,0,0,0,0,0,0,0,0,0,0,0,0,0,0,0,0,0,0,0,0,0,0,0,0,0,0,0,1,0,4,0,0,0,0,0,0,0,0,,disabled,,0,0,0,0,,1,Fixed Quality,Hybrid,85,30,9500,12000,640,360,,0,0,0,0,0,0,0.000,0.000,,0,0,0.000,0.000,0.000,0.000,0.000,0,0,0,0,0,0,0,0,1.000,0,0.000,0.000,1,0,0.000,0.000,0,0,0,0,0.000,0.000,0.000,0,0,0,disabled,0,0,0,0,0,0,0,0,0,0,0,0,,0,,0,0,0.000,0.000,0,,0.000,0.000,0.000,0.000,0,0,0,,0,0,0,0.000,0,0,0.000,0.000,0.000,0.000,0.000,0.000,0.000,0,0,0,0,0,0,0,0,0,0,0,0,1.000,0.000,0.000,0,0,0.000,0,0,0,0.000,0.000,0.000,0.000,0.000,0.000,0.000,0.000,0.000,0,0,0,0,0,0,0,0,0.000,0.000,0.000,0.000,0.000,0.000,0,0.000,0.000,0,0,16,0.000,0.000,0.000,0.000,0.000,0,0,,0.000,0,0,0.000,0.000,0.000,0.000,0.000,,-1.000,1,0,0,0,0,158.445,0.000,0.000,0.000,0.000,0,0,0,0,0,0,0,,,0.000,0.000,0,0,,0,0,0,0,0,0,0,0,0,0,,0.000,0.000,0.000,0.000,0.000,0.000,120.000,,0.000,0,0.000,0.000,0.000,0.000,0.000,0.000,0.000,0.000,1,0,0,1,3,0.000,0.000,0.000,0.000,0.000,0.000,None,0,0,0,0.000,0,0,0,1,0.060,0.000,0.060,0,100,0,0,0,0,0,0
1.167,Custom_loss6_delay0-100_dup0_reorder6_burst0,Loopback,1,1,0,,,0.000,0,21,19,16.823,16.773,15.059,97.631,81.271,0.000,0.000,15.990,0.137,0.263,297,47,289,242,50,24,3,22,18,4,1,0,245,14,5,0,0,0,0,5.000,1,0,0,0,0,0,0,0,0,0,0,0,0,0,0,0.000,0.000,0.000,,13,13,112,0,1,43.651,175.582,44.738,176.561,0.000,0.000,12,10,176,18,4,0,33,45,20,1,fec-parity,pending,H.264,0,1,26,17,9,3,2,2,3,23,0,0,307,16,0,0,0,0,0,62.134,4,3,4,0,4,0,31.745,29.608,51.773,0,0,11,3,14,0,3,1,0.571,0.429,0.786,1.000,0.250,24.000,0.400,0.600,0.500,retransmit-late,15,116,0,0,11,109,33,306,4,7,0,0,306,predicted-useful,fec-grace,64,0.346,6,14,0,0,0,0,0,0,0,0,0,3,58,3,58,0,0,0,jitter-ack-loss,0,0.804,3.443,111.443,0,0,0,0,0,0,0,0,2,4,4,0,3,2,2,sent,10,15,0,0,3,4,0,0,3,7,2,4,1,3,16,2,stale-age,1,0,0,0,4,0,0,0,0,0,0,0,0,0,58,40,4,0,1,9500000,1200000,19,0,19,390,371,444569,19,22173,3,3740,0,0,0,0,0,1.028,28.695,326.375,3591.100,23,579,290,133,289,156,0.314,2.710,1.410,23,5552276,8709174,1.244,0.000,0.454,14.589,579,33,9,306,13,17,3,4,3,7,1,2,2,0,1,0,0,0,0,0,0,0,0,0,0,1,2,1,0,4,54,45,45,0,0,0,0,0,,disabled,,0,0,0,0,,1,Fixed Quality,Hybrid,85,30,9500,12000,640,360,H.264,480,270,518400,30264,518400,30264,0.058,0.000,,0,0,0.000,2.159,0.000,0.000,0.096,7250,7250,7250,0,0,0,1,9500,1.000,0,13.693,0.000,0,0,0.945,0.000,1244,0,0,0,0.000,0.000,1.000,1,0,0,disabled,26,0,0,2,8,2,6,0,5,5,0,3,large-au-observed,0,,0,0,15.055,25.485,0,,0.000,0.000,0.000,0.000,0,0,0,,1,0,0,12.281,0,22,0.096,0.000,0.000,0.095,0.000,0.068,0.007,1,1,1,1,0,1,1,0,0,0,1,0,0.860,179.989,0.000,26,0,0.000,0,0,0,0.000,0.000,0.000,0.000,0.000,0.000,0.000,2.052,9.796,0,0,0,0,0,0,0,0,0.000,0.000,0.000,0.000,0.000,0.000,0,0.320,16.773,12,13,112,44.694,176.692,98.634,176.692,1117.911,18,1,H.264,94.334,0,0,175.582,176.561,0.999,85.999,93.213,arrival-gap-jitter-spike,49.206,0,1,1,1,1,1167.117,440.078,523.012,527.523,527.523,1,0,0,0,0,0,0,,,0.000,0.000,0,0,,0,0,0,0,0,0,0,0,0,0,,86.013,0.000,87.945,3.396,0.000,105.421,128.815,,0.001,18,0.000,95.213,3.694,0.105,0.314,0.001,0.000,0.313,1,0,0,1,3,0.142,16.823,16.773,15.990,15.059,1.000,RecoveryDeadline,1,1,0,1.000,0,2,2,1,0.060,0.000,0.060,0,100,0,372,297,21,0,25
2.172,Custom_loss6_delay0-100_dup0_reorder6_burst0,Loopback,1,1,0,,,0.000,0,21,46,13.794,13.797,13.780,96.811,93.779,50.015,50.015,71.997,0.075,0.304,1073,87,1015,928,147,87,12,41,35,6,7,0,931,32,14,0,0,0,0,5.000,1,0,0,0,0,0,0,0,0,0,0,0,0,0,0,0.000,0.000,0.000,,31,31,203,0,1,110.412,177.717,111.401,178.683,0.000,0.000,30,29,575,38,14,0,110,155,45,1,expired-no-slack,expired,H.264,1,1,24,23,1,5,5,3,11,38,0,3,1089,21,1098,0,0,0,0,166.918,5,12,6,2,6,0,43.087,26.583,51.773,1,0,24,3,27,0,4,1,0.294,0.706,0.889,1.000,0.200,34.000,0.000,1.000,0.000,duplicate-guard,44,478,0,0,33,458,110,1175,11,20,0,0,1175,predicted-useful,fec-grace,185,0.167,11,27,0,0,0,0,0,0,0,0,0,8,143,8,143,0,0,0,pacing,1,0.769,9.556,117.556,0,0,0,0,0,0,0,0,2,4,4,0,3,2,2,sent,12,23,0,0,5,4,0,0,3,7,2,4,1,3,30,4,stale-age,1,0,0,0,4,0,0,0,0,0,0,1,0,0,143,135,8,0,1,9500000,1200000,0,0,0,1169,1169,1414666,65,78517,31,38620,0,0,0,0,0,0.131,36.545,17417.062,4800.000,65,2068,1053,446,1015,569,0.298,19.581,2.337,65,3812643,6369620,2.130,0.000,0.450,18.417,2068,110,27,1175,25,81,4,13,12,26,3,4,1,2,1,0,0,0,0,0,0,0,0,0,0,8,2,1,0,4,197,155,155,0,0,0,0,0,,disabled,,0,0,0,0,,1,Fixed Quality,Hybrid,85,30,9500,12000,640,360,H.264,480,270,518400,5102,518400,5102,0.010,0.000,,0,0,0.000,0.418,0.000,0.000,0.071,6000,6250,6250,2,2,0,1,9500,0.820,1,4.583,0.000,0,0,0.000,0.000,0,0,0,0,0.185,0.704,0.111,1,0,0,fixed-pacing-queue-hold,5,0,0,4,12,4,8,0,9,9,0,3,none,0,,0,0,0.199,4.296,0,,0.000,0.000,0.000,0.000,0,0,0,,2,0,0,4.000,0,49,0.070,0.000,0.000,0.070,0.000,0.050,0.004,1,1,1,1,0,1,1,0,0,0,0,0,1.000,0.000,0.000,24,0,0.000,0,0,0,0.000,0.000,0.000,0.000,0.000,0.000,0.000,0.340,8.264,0,0,0,0,0,0,0,0,0.000,0.000,0.000,0.000,0.000,0.000,0,0.366,13.797,30,31,203,111.426,178.785,98.634,178.785,1808.803,37,1,H.264,124.992,0,0,177.717,178.683,0.999,139.279,123.913,arrival-gap-jitter-spike,363.205,0,1,1,1,1,2172.008,440.078,523.012,527.523,527.523,1,0,0,0,0,0,0,,,0.000,0.000,0,0,,0,0,0,0,0,0,0,0,0,0,,102.374,0.000,105.050,0.000,0.000,0.000,133.406,,0.001,46,0.000,110.885,5.310,0.081,0.750,0.477,0.000,0.273,1,0,0,1,3,0.075,13.794,13.797,71.997,13.780,2.000,RecoveryDeadline,1,1,0,0.000,0,1,1,1,0.060,0.000,0.060,0,100,0,1171,1078,78,0,66
3.177,Custom_loss6_delay0-100_dup0_reorder6_burst0,Loopback,1,1,0,,,0.000,0,21,70,14.819,14.822,14.970,97.000,94.271,28.041,39.028,139.385,0.074,0.319,1662,133,1568,1435,225,132,15,66,57,9,12,0,1438,47,22,0,0,0,0,5.000,1,0,0,0,0,0,0,0,0,0,0,0,0,0,0,0.000,0.000,0.000,,46,46,297,0,1,206.023,206.023,206.867,206.867,0.000,0.000,45,44,885,56,22,0,166,239,72,1,nack-sent,pending,H.264,0,1,22,9,13,3,0,1,0,13,0,0,1787,17,0,0,0,0,0,47.494,6,15,9,5,9,0,49.000,30.635,74.197,1,0,31,6,37,0,5,1,0.286,0.714,0.838,1.000,0.167,37.000,0.000,1.000,0.000,insufficient-sample,71,712,0,0,51,678,166,1664,20,34,0,0,1664,predicted-useful,fec-grace,274,0.591,15,37,0,0,0,0,0,1,1,1,1,12,197,12,197,0,0,0,pacing,1,0.747,12.164,120.164,0,0,1,1,0,0,0,0,2,4,4,0,3,2,2,sent,12,23,0,0,5,4,0,0,3,7,2,4,1,3,30,4,stale-age,1,0,0,0,4,0,0,0,0,0,0,1,0,0,198,204,12,0,1,9500000,1200000,10,0,10,1824,1814,2211402,103,125533,56,69768,0,0,0,0,0,0.540,36.545,1147.125,4800.000,97,3225,1657,643,1568,925,0.280,39.887,1.456,97,4313897,6870726,1.283,-21.974,0.442,24.430,3225,166,42,1664,40,120,6,21,19,39,4,6,2,2,2,0,0,0,0,0,0,0,0,0,0,14,3,1,0,4,310,239,239,0,0,0,0,0,,disabled,,0,0,0,0,,1,Fixed Quality,Hybrid,85,30,9500,12000,640,360,H.264,480,270,518400,27392,518400,27392,0.053,0.000,,0,0,0.000,1.879,0.000,0.000,0.081,7000,6500,6500,3,3,0,1,9500,0.982,1,12.807,0.000,0,0,0.000,0.000,0,0,0,0,0.162,0.676,0.162,1,0,0,fixed-pacing-queue-hold,23,0,0,6,19,6,11,2,14,14,0,3,large-au-observed,0,,0,0,14.496,23.067,0,,0.000,0.000,0.000,0.000,0,0,0,,3,0,0,12.036,0,73,0.080,0.000,0.000,0.080,0.000,0.056,0.006,1,1,1,1,0,1,1,0,0,0,1,0,0.860,179.994,0.000,24,0,0.000,0,0,0,0.000,0.000,0.000,0.000,0.000,0.000,0.000,1.791,9.844,0,0,0,0,0,0,0,0,0.000,0.000,0.000,0.000,0.000,0.000,0,0.420,14.822,45,46,297,206.857,206.857,98.634,206.857,3137.305,70,1,H.264,97.839,0,0,206.023,206.867,1.000,139.385,97.000,arrival-gap-jitter-spike,39.964,0,1,1,1,1,3177.269,440.078,523.012,527.523,527.523,1,0,0,0,0,0,0,,,0.000,0.000,0,0,,0,0,0,0,0,0,0,0,0,0,,98.680,0.000,101.370,0.000,0.000,0.000,133.500,,0.001,70,0.000,105.543,3.699,0.089,0.633,0.434,0.000,0.199,1,0,0,1,3,0.074,14.819,14.822,139.385,14.970,2.000,RecoveryDeadline,1,1,0,0.000,0,2,2,1,0.060,0.000,0.060,0,100,0,1817,1666,115,0,103
4.179,Custom_loss6_delay0-100_dup0_reorder6_burst0,Loopback,1,1,0,,,0.000,0,21,97,19.271,19.998,17.639,103.607,97.184,70.328,49.461,23.911,0.075,0.319,2343,190,2220,2030,317,180,21,98,88,10,18,0,2033,64,30,0,0,0,0,5.000,1,0,0,0,0,0,0,0,0,0,0,0,0,0,0,0.000,0.000,0.000,,63,63,386,0,1,26.977,206.023,27.982,206.867,0.000,0.000,62,60,1257,74,30,0,232,344,99,1,fec-parity,pending,H.264,0,1,23,9,14,2,0,0,0,0,0,0,2510,3,0,0,0,0,0,35.009,11,21,10,6,10,0,50.333,30.439,74.197,1,0,43,6,49,0,9,1,0.344,0.656,0.878,1.000,0.100,34.000,0.000,1.000,0.000,insufficient-sample,104,1009,0,0,72,959,232,2260,32,50,0,0,2260,predicted-useful,fec-grace,380,0.130,19,49,0,0,0,0,0,1,1,1,1,16,255,16,255,0,0,0,pacing,1,0.767,12.343,120.343,0,0,1,1,0,0,0,0,2,4,4,0,3,2,2,sent,13,26,0,0,6,4,0,0,3,7,2,4,1,3,97,3,stale-age,1,0,0,0,4,0,0,0,0,0,0,1,0,0,256,285,16,0,1,9500000,1200000,0,0,0,2532,2532,3094462,144,176121,80,99664,0,0,0,0,0,15.078,36.545,6502.562,4800.000,134,4551,2331,956,2220,1264,0.291,20.628,0.074,134,5342019,7934223,2.355,42.287,0.491,14.351,4551,232,59,2260,52,174,6,29,27,54,4,6,2,2,2,0,0,0,0,0,0,0,0,0,0,22,3,1,0,4,441,344,344,0,0,0,0,0,,disabled,,0,0,0,0,,1,Fixed Quality,Hybrid,85,30,9500,12000,640,360,H.264,480,270,518400,0,518400,27138,0.052,0.000,,0,0,0.000,4.949,0.000,4.175,0.751,6250,6500,6500,3,3,0,1,9500,0.880,1,15.078,0.000,0,0,0.000,0.000,0,0,0,0,0.224,0.653,0.122,1,0,0,latency-pressure-freshness-hold,0,0,0,8,25,8,15,2,18,18,0,3,async-output-pending,0,,0,0,0.000,0.000,0,,15.078,6502.562,43981.481,0.000,0,0,0,,4,0,0,0.000,1,0,0.741,0.208,0.531,0.000,0.000,0.000,0.000,0,0,1,1,1,0,0,1,1,0,0,0,1.000,0.000,0.000,27,0,0.000,0,0,0,0.000,0.000,0.000,0.000,0.000,0.000,0.000,0.000,18.556,0,0,0,0,0,0,0,0,0.000,0.000,0.000,0.000,0.000,0.000,0,0.400,19.998,62,63,386,28.022,206.857,98.634,206.857,3137.305,70,1,H.264,97.839,0,0,206.023,206.867,1.000,139.385,97.000,arrival-gap-jitter-spike,1041.475,0,1,1,1,1,4178.780,440.078,523.012,527.523,527.523,1,0,1,0,0,1,1,latency-pressure freshness,latency-over-80ms,145.589,145.589,83,1,decoded,0,0,0,0,0,0,0,0,0,0,,106.951,0.000,110.010,0.000,0.000,0.000,131.803,stale-before-upload,0.001,97,0.000,113.916,4.944,0.086,0.301,0.001,0.000,0.300,1,0,0,1,3,0.075,19.271,19.998,23.911,17.639,1.000,RecoveryDeadline,1,1,0,0.000,1,1,1,1,0.060,0.000,0.060,0,100,0,2536,2348,164,0,152
5.184,Custom_loss6_delay0-100_dup0_reorder6_burst0,Loopback,1,1,0,,,0.000,0,21,123,18.603,18.550,15.908,93.556,97.862,83.539,57.981,48.468,0.076,0.314,3075,253,2932,2679,419,246,27,123,110,13,23,0,2682,83,38,0,0,0,0,5.000,0,0,0,0,0,0,0,0,0,0,0,0,0,0,0,0.000,0.000,0.000,,81,81,478,0,1,4.316,206.023,5.286,206.867,0.000,0.000,80,77,1648,96,37,0,297,456,124,1,nack-sent,pending,H.264,0,1,23,19,4,5,3,3,7,26,0,0,3268,22,0,0,0,0,0,86.262,15,27,13,9,13,0,55.618,26.357,74.197,1,0,56,6,62,0,14,1,0.357,0.643,0.903,1.000,0.067,37.000,0.000,1.000,0.000,insufficient-sample,146,1312,0,0,93,1232,297,2833,53,80,0,0,2833,predicted-useful,fec-grace,488,0.174,24,62,0,0,0,0,0,1,1,1,1,21,338,21,338,0,0,0,pacing,1,0.821,13.173,121.173,0,0,1,1,0,0,0,0,2,4,4,0,3,2,2,sent,14,29,0,0,7,4,0,0,3,7,2,4,1,3,110,3,stale-age,1,0,0,0,4,0,0,0,0,0,0,1,0,0,339,369,20,0,1,9500000,1200000,0,0,0,3328,3328,4073468,186,227953,107,132828,0,0,0,0,0,17.747,36.545,9696.562,4800.000,175,5998,3066,1317,2932,1615,0.300,4.150,1.287,175,4997904,8118229,1.690,36.472,0.522,10.385,5998,297,78,2833,67,224,6,36,34,66,5,9,3,2,3,0,0,0,0,0,0,0,0,0,0,28,3,1,0,4,574,456,456,0,0,0,0,0,,disabled,,0,0,0,0,,1,Fixed Quality,Hybrid,85,30,9500,12000,640,360,H.264,480,270,518400,27136,518400,27136,0.052,0.000,,0,0,0.000,1.987,0.000,0.000,0.071,6250,6500,6500,3,3,0,1,9500,0.885,1,17.747,0.000,0,0,0.000,0.000,0,0,0,0,0.242,0.661,0.097,1,0,0,latency-pressure-freshness-hold,23,0,0,11,31,11,16,4,23,23,0,3,large-au-observed,0,,0,0,18.340,22.851,0,,0.000,0.000,0.000,0.000,0,0,0,,5,0,0,5.759,0,126,0.070,0.000,0.000,0.070,0.000,0.049,0.005,1,1,1,1,0,1,1,0,0,0,0,0,1.000,0.000,0.000,27,0,0.000,0,0,0,0.000,0.000,0.000,0.000,0.000,0.000,0.000,1.902,30.410,0,0,0,0,0,0,0,0,0.000,0.000,0.000,0.000,0.000,0.000,0,0.393,18.550,80,81,478,5.341,206.857,98.634,206.857,3137.305,70,1,H.264,97.839,0,0,206.023,206.867,1.000,139.385,97.000,arrival-gap-jitter-spike,2046.559,0,1,1,1,1,5183.864,440.078,523.012,527.523,527.523,1,0,2,0,0,2,1,latency-pressure freshness,latency-over-80ms,132.637,145.589,108,1,decoded,0,0,0,0,0,0,0,0,0,0,,100.482,0.000,103.407,0.000,0.000,0.000,131.778,stale-before-upload,0.001,123,0.000,108.551,5.236,0.077,0.279,0.001,0.000,0.278,1,0,0,1,3,0.077,18.603,18.550,48.468,15.908,1.000,RecoveryDeadline,0,1,0,1.000,1,1,1,1,0.060,0.000,0.060,0,100,0,3333,3083,211,0,203
6.190,Custom_loss6_delay0-100_dup0_reorder6_burst0,Loopback,1,1,0,,,0.000,0,21,149,19.314,19.313,19.310,142.152,98.895,8.272,48.039,36.379,0.072,0.295,3820,298,3616,3318,518,313,31,149,133,16,25,0,3321,105,44,0,0,0,0,5.000,0,0,0,0,0,0,0,0,0,0,0,0,0,0,0,0.000,0.000,0.000,,102,102,572,0,1,48.449,206.023,49.770,206.867,0.000,0.000,101,98,2038,121,42,0,356,567,152,1,fec-parity,pending,H.264,0,1,24,1,23,2,0,0,0,0,0,0,4098,9,0,0,0,0,0,11.798,22,31,16,12,16,0,59.494,24.152,74.197,1,0,70,8,78,0,18,2,0.415,0.585,0.897,1.000,0.100,44.000,0.000,1.000,0.000,insufficient-sample,193,1606,0,0,115,1487,356,3360,78,119,0,0,3360,predicted-useful,fec-grace,594,0.583,32,78,0,0,0,0,0,2,2,2,2,29,476,29,476,0,0,0,pacing,1,0.804,8.162,116.162,0,0,2,2,0,0,0,0,2,4,4,0,3,2,2,sent,14,29,0,0,7,4,0,0,3,7,2,4,1,3,110,3,stale-age,1,0,0,0,4,0,0,0,0,0,0,1,0,0,478,443,24,0,1,9500000,1200000,0,0,0,4113,4113,5037078,231,283519,131,162724,0,0,0,0,0,11.126,36.545,914.375,4800.000,215,7431,3815,1664,3616,1952,0.304,29.667,2.609,215,4642969,7694488,2.476,14.124,0.504,14.788,7431,356,100,3360,79,271,6,41,39,74,5,9,3,2,3,0,0,0,0,0,0,0,0,0,0,33,3,1,0,4,706,567,567,0,0,0,0,0,,disabled,,0,0,0,0,,1,Fixed Quality,Hybrid,85,30,9500,12000,640,360,H.264,480,270,518400,28178,518400,28178,0.054,0.000,,0,0,0.000,2.467,0.000,0.000,0.105,7250,6750,6750,4,4,0,1,9500,1.000,0,11.126,0.000,0,0,0.000,0.000,0,0,0,0,0.282,0.615,0.103,1,0,0,disabled,24,0,0,13,35,13,18,4,27,27,0,3,large-au-observed,0,,0,0,16.441,23.729,0,,0.000,0.000,0.000,0.000,0,0,0,,6,0,0,5.282,0,152,0.105,0.000,0.000,0.104,0.000,0.072,0.010,1,1,1,1,0,1,1,0,0,0,1,0,0.860,31.472,0.000,26,0,0.000,0,0,0,0.000,0.000,0.000,0.000,0.000,0.000,0.000,2.352,10.199,0,0,0,0,0,0,0,0,0.000,0.000,0.000,0.000,0.000,0.000,0,0.500,19.313,101,102,572,49.685,206.857,98.634,206.857,3137.305,70,1,H.264,97.839,0,0,206.023,206.867,1.000,139.385,97.000,arrival-gap-jitter-spike,3052.732,0,1,1,1,1,6190.037,440.078,523.012,527.523,527.523,1,0,2,0,0,2,0,,,132.637,145.589,108,1,decoded,0,0,0,0,0,0,0,0,0,0,,100.646,0.000,103.559,0.000,0.000,0.000,123.014,stale-before-upload,0.001,150,0.000,108.956,4.838,0.086,0.381,0.030,0.000,0.351,1,0,0,1,3,0.072,19.314,19.313,36.379,19.310,2.000,RecoveryDeadline,0,1,0,0.500,2,1,1,1,0.060,0.000,0.060,0,100,0,4119,3827,249,0,243
7.192,Custom_loss6_delay0-100_dup0_reorder6_burst0,Loopback,1,1,0,,,0.000,0,21,177,19.162,19.181,19.136,112.182,99.386,31.314,45.252,78.223,0.072,0.286,4579,355,4342,3987,611,375,34,171,153,18,31,0,3990,125,50,0,0,0,0,5.000,0,0,0,0,0,0,0,0,0,0,0,0,0,0,0,0.000,0.000,0.000,,122,122,665,0,1,128.923,206.023,130.409,206.867,0.000,0.000,121,118,2414,143,48,0,418,680,179,1,fec-parity,pending,H.264,0,1,24,6,18,1,0,1,1,19,0,0,4899,23,0,0,0,0,0,52.441,24,34,18,14,18,0,59.241,27.811,81.311,1,0,77,7,84,0,22,2,0.414,0.586,0.917,1.000,0.083,41.000,0.000,0.000,0.000,insufficient-sample,224,1920,0,0,137,1788,418,3961,87,132,0,0,3961,predicted-useful,likely-arrival,696,0.750,34,84,0,0,0,0,0,2,2,2,2,31,509,31,509,0,0,0,pacing,1,0.806,7.608,115.608,0,0,2,2,0,0,0,0,2,4,4,0,3,2,2,sent,14,29,0,0,7,4,0,0,3,7,2,4,1,3,110,3,stale-age,1,0,0,0,4,0,0,0,0,0,0,1,0,0,511,521,28,0,1,9500000,1200000,0,0,0,4929,4929,6036672,267,327727,156,193872,0,0,0,0,0,15.326,36.545,4361.688,4800.000,255,8893,4562,1921,4331,2410,0.296,27.972,0.054,255,5297500,8362193,0.891,15.908,0.526,10.319,8893,418,120,3961,91,321,6,47,45,84,5,9,3,2,3,0,0,0,0,0,0,0,0,0,0,39,3,1,0,4,843,680,680,0,0,0,0,0,,disabled,,0,0,0,0,,1,Fixed Quality,Hybrid,85,30,9500,12000,640,360,H.264,480,270,518400,0,518400,28178,0.054,0.000,,0,0,0.000,5.213,0.000,4.447,0.710,7250,6750,6750,4,4,0,1,9500,1.000,0,15.326,0.000,0,0,0.000,0.000,0,0,0,0,0.286,0.631,0.083,1,0,0,disabled,0,0,0,16,42,16,20,6,31,31,0,3,async-output-pending,0,,0,0,0.000,0.000,0,,15.077,8904.188,39583.333,0.000,0,0,0,,7,0,0,0.000,1,0,0.701,0.217,0.482,0.000,0.000,0.000,0.000,0,0,1,1,1,0,0,1,1,0,0,0,1.000,0.000,0.000,30,0,0.000,0,0,0,0.000,0.000,0.000,0.000,0.000,0.000,0.000,0.000,12.128,0,0,0,0,0,0,0,0,0.000,0.000,0.000,0.000,0.000,0.000,0,0.611,19.181,121,122,665,130.102,206.857,98.634,206.857,3137.305,70,1,H.264,97.839,0,0,206.023,206.867,1.000,139.385,97.000,arrival-gap-jitter-spike,4055.200,0,1,1,1,1,7192.505,440.078,523.012,527.523,527.523,1,0,2,0,0,2,0,,,132.637,145.589,108,1,decoded,0,0,0,0,0,0,0,0,0,0,,105.946,0.000,109.827,0.000,0.000,0.000,141.091,stale-before-upload,0.001,177,0.000,117.087,6.536,0.103,0.317,0.001,0.000,0.317,1,0,0,1,3,0.072,19.162,19.181,78.223,19.136,2.000,RecoveryDeadline,0,1,0,0.500,2,1,1,1,0.060,0.000,0.060,0,100,0,4936,4593,294,0,280
8.193,Custom_loss6_delay0-100_dup0_reorder6_burst0,Loopback,1,1,0,,,0.000,0,21,205,19.820,19.813,19.824,83.249,99.755,51.742,46.179,32.249,0.068,0.272,5362,390,5067,4677,704,430,37,203,181,22,34,0,4680,147,55,0,0,0,0,5.000,0,0,0,0,0,0,0,0,0,0,0,0,0,0,0,0.000,0.000,0.000,,144,144,756,0,1,81.525,206.023,82.703,206.867,0.000,0.000,143,140,2808,169,53,0,483,791,207,1,nack-suppressed-fec-grace,pending,H.264,0,1,24,10,14,2,0,0,0,0,0,0,5705,2,0,0,0,0,0,39.340,32,37,22,18,22,0,59.627,27.075,81.311,1,0,92,9,101,0,31,2,0.464,0.536,0.911,1.000,0.061,39.000,0.000,1.000,0.000,insufficient-sample,270,2255,0,0,160,2089,483,4527,110,166,0,0,4526,predicted-useful,fec-grace,811,0.250,41,101,0,0,0,0,0,2,2,2,2,38,620,38,620,0,0,0,pacing,1,0.798,9.171,117.171,0,0,2,2,0,0,0,0,2,4,4,0,3,2,2,sent,16,36,0,0,9,4,0,0,3,7,2,4,1,3,193,4,stale-age,1,0,0,0,4,0,0,0,0,0,0,3,0,0,622,605,32,0,1,9500000,1200000,3,0,3,5756,5753,7046194,314,385621,181,224390,0,0,0,0,0,8.289,36.949,918.688,4800.000,298,10424,5358,2271,5066,2795,0.298,3.510,0.963,298,7627174,11265103,0.868,16.812,0.485,5.740,10424,483,142,4527,106,371,6,52,50,91,5,9,3,2,3,0,0,0,0,0,0,0,0,0,0,44,3,1,0,4,973,791,791,0,0,0,0,0,,disabled,,0,0,0,0,,1,Fixed Quality,Hybrid,85,30,9500,12000,640,360,H.264,480,270,518400,28176,518400,28176,0.054,0.000,,0,0,0.000,1.822,0.000,0.000,0.071,7250,6750,6750,4,4,0,1,9500,1.000,0,15.064,0.000,0,0,0.000,0.000,0,0,0,0,0.317,0.594,0.089,1,0,0,disabled,24,0,0,18,49,18,25,6,36,36,0,3,large-au-observed,0,,0,0,14.466,23.727,0,,0.000,0.000,0.000,0.000,0,0,0,,8,0,0,6.659,0,208,0.071,0.000,0.000,0.070,0.000,0.048,0.007,1,1,1,1,0,1,1,0,0,0,1,0,0.860,71.411,0.000,26,0,0.000,0,0,0,0.000,0.000,0.000,0.000,0.000,0.000,0.000,1.743,10.528,0,0,0,0,0,0,0,0,0.000,0.000,0.000,0.000,0.000,0.000,0,0.406,19.813,143,144,756,82.543,206.857,98.634,206.857,3137.305,70,1,H.264,97.839,0,0,206.023,206.867,1.000,139.385,97.000,arrival-gap-jitter-spike,5056.308,0,1,1,1,1,8193.613,440.078,523.012,527.523,527.523,1,0,2,0,0,2,0,,,132.637,145.589,108,1,decoded,0,0,0,0,0,0,0,0,0,0,,98.681,0.000,101.575,0.000,0.000,0.000,121.624,stale-before-upload,0.001,205,0.000,106.729,4.727,0.082,0.243,0.001,0.000,0.243,1,0,0,1,3,0.068,19.820,19.813,32.249,19.824,1.000,Loss,0,1,0,0.000,0,1,1,1,0.060,0.000,0.060,0,100,0,5761,5372,339,0,330
9.199,Custom_loss6_delay0-100_dup0_reorder6_burst0,Loopback,1,1,0,,,0.000,0,21,233,23.706,23.694,23.914,99.294,100.165,59.269,47.815,20.565,0.064,0.261,6159,420,5793,5373,796,489,42,229,202,27,36,0,5376,170,60,0,0,0,0,5.000,0,0,0,0,0,0,0,0,0,0,0,0,0,0,0,0.000,0.000,0.000,,167,167,846,0,1,20.552,206.023,21.619,206.867,0.000,0.000,166,163,3200,197,58,0,547,901,236,1,nack-sent,pending,H.264,1,1,24,5,19,2,0,1,0,19,0,0,6559,7,0,0,0,0,0,25.243,32,42,27,23,27,0,63.303,25.802,81.311,1,0,102,9,111,0,31,2,0.432,0.568,0.919,1.000,0.061,41.000,0.000,1.000,0.000,insufficient-sample,311,2567,0,0,184,2373,547,5138,127,194,0,0,5136,predicted-useful,likely-arrival,922,0.792,45,111,0,0,0,0,0,2,2,2,2,42,690,42,690,0,0,0,pacing,1,0.818,8.765,116.765,0,0,2,2,0,0,0,0,2,4,4,0,3,2,2,sent,16,36,0,0,9,4,0,0,3,7,2,4,1,3,193,4,stale-age,1,0,0,0,4,0,0,0,0,0,0,3,0,0,692,687,36,0,1,9500000,1200000,16,0,16,6606,6590,8071938,354,434807,208,257404,0,0,0,0,0,0.120,36.949,588.875,1081.800,342,11926,6148,2644,5778,3134,0.301,24.431,3.899,342,4521810,7877825,1.827,14.955,0.405,16.291,11926,547,165,5138,116,425,6,57,55,99,5,9,3,2,3,0,0,0,0,0,0,0,0,0,0,49,3,1,0,4,1112,901,901,0,0,0,0,0,,disabled,,0,0,0,0,,1,Fixed Quality,Hybrid,85,30,9500,12000,640,360,H.264,480,270,518400,28178,518400,28178,0.054,0.000,,0,0,0.000,2.183,0.000,0.000,0.081,7250,6750,6750,4,4,0,1,9500,1.000,0,8.957,0.000,0,0,3.832,0.000,3732,0,0,0,0.000,0.000,1.000,1,0,0,disabled,24,0,0,20,54,20,28,6,40,40,0,3,large-au-observed,0,,0,0,14.360,23.729,0,,0.000,0.000,0.000,0.000,0,0,0,,9,0,0,6.020,0,237,0.081,0.000,0.000,0.080,0.000,0.054,0.008,1,1,1,1,0,1,1,0,0,0,1,0,0.860,156.713,0.000,26,0,0.000,0,0,0,0.000,0.000,0.000,0.000,0.000,0.000,0.000,2.094,10.049,0,0,0,0,0,0,0,0,0.000,0.000,0.000,0.000,0.000,0.000,0,0.432,23.694,166,167,846,21.588,206.857,98.634,206.857,3137.305,70,1,H.264,97.839,0,0,206.023,206.867,1.000,139.385,97.000,arrival-gap-jitter-spike,6062.119,0,1,1,1,1,9199.424,440.078,523.012,527.523,527.523,1,0,2,0,0,2,0,,,132.637,145.589,108,1,decoded,0,0,0,0,0,0,0,0,0,0,,105.959,0.000,109.054,0.000,0.000,0.000,129.647,stale-before-upload,0.001,233,0.000,114.186,4.695,0.081,0.293,0.001,0.000,0.293,1,0,0,1,3,0.064,23.706,23.694,20.565,23.914,1.000,RecoveryDeadline,0,1,0,0.500,2,1,1,1,0.060,0.000,0.060,0,100,0,6599,6171,382,0,366
10.202,Custom_loss6_delay0-100_dup0_reorder6_burst0,Loopback,1,1,0,,,0.000,0,21,260,15.573,15.609,15.408,129.618,100.757,81.032,51.506,47.251,0.065,0.260,6912,478,6503,6025,884,545,46,252,223,29,41,0,6028,191,67,0,0,0,0,5.000,0,0,0,0,0,0,0,0,0,0,0,0,0,0,0,0.000,0.000,0.000,,187,187,937,0,1,56.393,206.023,57.735,206.867,0.000,0.000,186,183,3579,220,64,0,616,1009,263,1,nack-sent,pending,H.264,1,1,24,11,13,2,1,2,4,31,0,1,7372,7,7372,7,0,0,0,42.798,33,46,29,25,29,0,64.168,25.046,81.311,1,0,109,9,118,0,33,2,0.418,0.582,0.924,1.000,0.057,38.000,0.000,0.000,0.000,insufficient-sample,346,2885,0,0,206,2669,616,5768,140,216,0,0,5766,predicted-useful,likely-arrival,1036,0.542,48,118,0,0,0,0,0,2,2,2,2,45,741,45,741,0,0,0,pacing,1,0.808,11.306,119.306,0,0,2,2,0,0,0,0,2,4,4,0,3,2,2,sent,16,36,0,0,9,4,0,0,3,7,2,4,1,3,193,4,stale-age,1,0,0,0,4,0,0,0,0,0,0,3,0,0,743,774,40,0,1,9500000,1200000,0,0,0,7393,7393,9055360,391,480259,234,289156,0,0,0,0,0,17.680,36.949,8244.812,4139.550,383,13374,6894,2966,6480,3514,0.301,26.435,0.105,383,6257818,9714684,1.144,16.316,0.441,17.646,13374,616,186,5768,129,481,6,63,61,112,5,9,3,2,3,0,0,0,0,0,0,0,0,0,0,55,3,1,0,4,1245,1009,1009,0,0,0,0,0,,disabled,,0,0,0,0,,1,Fixed Quality,Hybrid,85,30,9500,12000,640,360,H.264,480,270,518400,28178,518400,28178,0.054,0.000,,0,0,0.000,2.011,0.000,0.000,0.070,7250,6750,6750,4,4,0,1,9500,1.000,0,17.680,0.000,0,0,0.000,0.000,0,0,0,0,0.000,1.000,0.000,1,0,0,disabled,24,1,1,22,62,22,31,9,45,45,2,3,decoder-sync-observed,0,,0,0,0.140,23.729,0,,0.000,0.000,0.000,0.000,0,0,0,,10,0,0,5.724,0,264,0.070,0.000,0.000,0.070,0.000,0.048,0.006,1,1,1,1,0,1,1,0,0,0,0,0,1.000,0.000,0.000,30,0,0.000,0,0,0,0.000,0.000,0.000,0.000,0.000,0.000,0.000,1.933,20.021,0,0,0,0,0,0,0,0,0.000,0.000,0.000,0.000,0.000,0.000,0,0.498,15.609,186,187,937,57.603,206.857,98.634,206.857,3137.305,70,1,H.264,97.839,0,0,206.023,206.867,1.000,139.385,97.000,arrival-gap-jitter-spike,7064.745,0,1,1,1,1,10202.050,440.078,523.012,527.523,527.523,1,0,2,0,0,2,0,,,132.637,145.589,108,1,decoded,0,0,0,0,0,0,0,0,0,0,,100.578,0.000,104.191,0.000,0.000,0.000,121.289,stale-before-upload,0.001,261,0.000,111.598,6.890,0.093,0.311,0.001,0.000,0.310,1,0,0,1,3,0.065,15.573,15.609,47.251,15.408,1.000,RecoveryDeadline,0,1,0,0.000,0,1,1,1,0.060,0.000,0.060,0,100,0,7403,6926,436,0,409
11.205,Custom_loss6_delay0-100_dup0_reorder6_burst0,Loopback,1,1,0,,,0.000,0,21,289,17.468,15.574,16.636,104.836,101.045,93.525,55.708,22.459,0.064,0.273,7647,519,7194,6675,984,603,55,269,239,30,57,0,6678,208,78,0,0,0,0,5.000,0,0,0,0,0,0,0,0,0,0,0,0,0,0,0,0.000,0.000,0.000,,203,203,1031,0,1,33.683,206.023,34.788,206.867,0.000,0.000,202,199,3959,238,74,0,685,1114,290,1,fec-recovered,pending,H.264,0,1,22,22,0,3,3,3,10,27,1,0,8124,15,8137,0,0,0,0,87.354,35,55,30,26,30,0,64.359,25.138,81.311,1,0,121,7,128,0,33,3,0.389,0.611,0.945,1.000,0.083,30.000,0.000,1.000,0.000,insufficient-sample,382,3241,0,0,229,2987,685,6470,151,236,2,18,6481,predicted-useful,fec-grace,1143,0.182,52,128,0,0,0,0,0,3,3,3,3,49,809,49,809,0,0,0,pacing,1,0.838,10.541,118.541,0,0,3,3,0,0,0,0,2,4,4,0,3,2,2,sent,18,42,0,1,10,4,0,0,3,7,2,4,1,3,278,4,stale-age,1,0,0,0,4,0,0,0,0,0,0,3,0,0,812,857,44,0,1,9500000,1200000,2,0,2,8183,8181,10020473,431,529445,259,320304,0,0,0,0,0,7.439,46.956,1148.312,4800.000,424,14837,7643,3324,7194,3870,0.303,27.458,1.163,424,4244827,6995194,1.808,15.552,0.447,18.166,14837,685,201,6470,140,539,6,73,71,139,6,10,1,3,3,0,0,0,0,0,0,0,0,0,0,64,3,1,0,4,1378,1114,1114,0,0,0,0,0,,disabled,,0,0,0,0,,1,Fixed Quality,Hybrid,85,30,9500,12000,640,360,H.264,480,270,518400,26096,518400,26096,0.050,0.000,,0,0,0.000,1.907,0.000,0.000,0.074,6000,6250,6250,5,5,0,1,9500,0.820,1,12.401,0.000,0,0,0.000,0.000,0,0,0,0,1.000,0.000,0.000,1,0,0,fixed-pacing-queue-hold,22,1,1,24,66,24,33,9,49,49,2,3,decoder-sync-observed,0,,0,0,15.901,21.976,0,,0.000,0.000,0.000,0.000,0,0,0,,11,0,0,5.721,0,292,0.074,0.000,0.000,0.074,0.000,0.051,0.007,1,1,1,1,0,1,1,0,0,0,0,0,1.000,0.000,0.000,24,0,0.000,0,0,0,0.000,0.000,0.000,0.000,0.000,0.000,0.000,1.822,9.964,0,0,0,0,0,0,0,0,0.000,0.000,0.000,0.000,0.000,0.000,0,0.442,15.574,202,203,1031,34.722,206.857,98.634,206.857,3137.305,70,1,H.264,97.839,0,0,206.023,206.867,1.000,139.385,97.000,arrival-gap-jitter-spike,8068.005,0,1,1,1,1,11205.310,440.078,523.012,527.523,527.523,1,0,2,0,0,2,0,,,132.637,145.589,108,1,decoded,0,0,0,0,0,0,0,0,0,0,,99.653,0.000,101.978,0.000,0.000,0.000,132.418,stale-before-upload,0.001,289,0.000,106.891,4.465,0.093,0.260,0.001,0.000,0.259,1,0,0,1,3,0.064,17.468,15.574,22.459,16.636,1.000,RecoveryDeadline,0,1,0,1.000,0,2,2,1,0.060,0.000,0.060,0,100,0,8192,7662,487,0,454
12.211,Custom_loss6_delay0-100_dup0_reorder6_burst0,Loopback,1,1,0,,,0.000,0,21,314,20.485,20.454,19.958,101.414,100.794,14.658,51.976,5.405,0.063,0.267,8284,553,7790,7237,1071,650,59,303,267,36,59,0,7240,228,83,0,0,0,0,5.000,0,0,0,0,0,0,0,0,0,0,0,0,0,0,0,0.000,0.000,0.000,,223,223,1123,0,1,52.983,206.023,54.221,206.867,0.000,0.000,222,218,4293,264,79,0,748,1210,314,1,completed,completed,H.264,0,1,22,22,0,5,5,3,13,29,0,0,8811,15,0,0,0,0,0,87.960,38,59,36,32,36,0,65.500,22.850,81.311,1,0,134,7,141,0,40,4,0.392,0.608,0.950,1.000,0.091,23.000,0.000,1.000,0.250,retransmit-late,409,3521,0,0,248,3254,748,7131,159,249,2,18,7142,predicted-useful,fec-grace,1246,0.000,57,141,0,0,0,0,0,4,4,4,4,54,885,54,885,0,0,0,pacing,1,0.834,8.112,116.112,0,0,4,4,0,0,0,0,2,4,4,0,3,2,2,sent,21,51,0,1,13,4,0,0,3,7,2,4,1,3,303,2,stale-age,1,0,0,0,4,0,0,0,0,0,0,5,0,0,889,934,48,0,1,9500000,1200000,2,0,2,8840,8838,10831881,472,580193,286,353636,0,0,0,0,0,7.326,46.956,904.875,4800.000,460,16072,8282,3563,7790,4227,0.301,12.783,3.414,460,3793067,6706426,1.461,-3.332,0.437,11.396,16072,748,221,7131,154,588,6,78,76,146,8,12,1,5,3,0,0,0,0,0,0,0,0,0,0,67,3,1,0,4,1488,1210,1210,0,0,0,0,0,,disabled,,0,0,0,0,,1,Fixed Quality,Hybrid,85,30,9500,12000,640,360,H.264,480,270,518400,26096,518400,26096,0.050,0.000,,0,0,0.000,2.307,0.000,0.000,0.093,6750,6250,6250,5,5,0,1,9500,0.943,1,13.903,0.000,0,0,0.000,0.000,0,0,0,0,0.270,0.681,0.050,1,0,0,fixed-pacing-queue-hold,22,1,1,26,73,26,36,11,53,53,1,3,decoder-sync-observed,0,,0,0,17.935,21.976,0,,0.000,0.000,0.000,0.000,0,0,0,,12,0,0,10.353,0,316,0.092,0.000,0.000,0.092,0.000,0.062,0.009,1,1,1,1,0,1,1,0,0,0,1,0,0.860,51.258,0.000,24,0,0.000,0,0,0,0.000,0.000,0.000,0.000,0.000,0.000,0.000,2.140,16.388,0,0,0,0,0,0,0,0,0.000,0.000,0.000,0.000,0.000,0.000,0,0.534,20.455,222,223,1123,54.304,206.857,98.634,206.857,3137.305,70,1,H.264,97.839,0,0,206.023,206.867,1.000,139.385,97.000,arrival-gap-jitter-spike,9073.921,0,1,1,1,1,12211.226,440.078,523.012,527.523,527.523,1,0,2,0,0,2,0,,,132.637,145.589,108,1,decoded,0,0,0,0,0,0,0,0,0,0,,98.643,0.000,101.542,1.484,0.000,107.771,130.707,stale-before-upload,0.001,313,0.000,106.247,5.213,0.111,0.373,0.001,0.000,0.372,1,0,0,1,3,0.063,20.485,20.454,5.405,19.958,1.000,Loss,0,1,0,1.000,1,1,1,1,0.060,0.000,0.060,0,100,0,8850,8300,524,0,490
13.214,Custom_loss6_delay0-100_dup0_reorder6_burst0,Loopback,1,1,0,,,0.000,0,21,339,17.486,17.468,16.449,91.096,101.167,28.427,50.013,39.048,0.064,0.269,8945,614,8426,7812,1153,701,63,327,286,41,62,0,7815,245,90,0,0,0,0,5.000,0,0,0,0,0,0,0,0,0,0,0,0,0,0,0,0.000,0.000,0.000,,240,240,1214,0,1,16.798,206.023,18.142,206.867,0.000,0.000,239,236,4662,286,86,0,815,1315,340,1,fec-parity,pending,H.264,0,1,23,12,11,3,1,1,3,15,0,0,9545,12,0,0,0,0,0,62.981,41,63,41,37,41,0,66.620,23.187,81.311,1,0,146,9,155,0,45,4,0.394,0.606,0.942,1.000,0.082,33.000,0.000,1.000,0.000,duplicate-guard,444,3852,0,0,269,3561,815,7819,173,273,2,18,7830,predicted-useful,fec-grace,1353,0.652,63,155,0,0,0,0,0,5,5,5,5,60,982,60,982,0,0,0,pacing,1,0.830,10.073,118.073,0,0,5,5,0,0,0,0,2,4,4,0,3,2,2,sent,22,54,0,1,14,4,0,0,3,7,2,4,1,3,317,3,stale-age,1,0,0,0,4,0,0,0,0,0,0,7,0,0,987,1017,52,0,1,9500000,1200000,0,0,0,9549,9549,11706823,515,633269,311,384312,0,0,0,0,0,16.621,46.956,8616.312,4800.000,496,17348,8922,3923,8426,4503,0.305,11.431,1.342,496,4576137,7384274,2.984,13.769,0.477,20.002,17348,815,238,7819,166,643,6,85,83,159,8,12,1,5,3,0,0,0,0,0,0,0,0,0,0,74,3,1,0,4,1614,1315,1315,0,0,0,0,0,,disabled,,0,0,0,0,,1,Fixed Quality,Hybrid,85,30,9500,12000,640,360,H.264,480,270,518400,0,518400,27138,0.052,0.000,,0,0,0.000,5.698,0.000,4.913,0.728,7250,6500,6500,6,6,0,1,9500,1.000,0,16.621,0.000,0,0,0.000,0.000,0,0,0,0,0.265,0.677,0.058,1,0,0,disabled,0,0,0,28,77,28,38,11,56,56,0,3,async-output-pending,0,,0,0,0.000,0.000,0,,0.000,0.000,0.000,0.000,0,0,0,,13,0,0,0.000,1,0,0.718,0.169,0.547,0.000,0.000,0.000,0.000,0,0,1,1,1,0,0,1,1,0,1,0,0.860,62.401,0.000,26,0,0.000,0,0,0,0.000,0.000,0.000,0.000,0.000,0.000,0.000,0.000,12.372,0,0,0,0,0,0,0,0,0.000,0.000,0.000,0.000,0.000,0.000,0,0.533,17.467,239,240,1214,18.148,206.857,98.634,206.857,3137.305,70,1,H.264,97.839,0,0,206.023,206.867,1.000,139.385,97.000,arrival-gap-jitter-spike,10076.823,0,1,1,1,1,13214.128,440.078,523.012,527.523,527.523,1,0,2,0,0,2,0,,,132.637,145.589,108,1,decoded,0,0,0,0,0,0,0,0,0,0,,107.882,0.000,111.704,0.000,0.000,0.000,130.548,stale-before-upload,0.001,339,0.000,119.552,7.300,0.128,0.349,0.001,0.000,0.349,1,0,0,1,3,0.064,17.486,17.468,39.048,16.449,1.000,Jitter,0,1,0,0.000,0,1,1,1,0.060,0.000,0.060,0,100,0,9562,8963,588,0,529
14.215,Custom_loss6_delay0-100_dup0_reorder6_burst0,Loopback,1,1,0,,,0.000,0,21,365,19.631,17.706,17.827,94.386,101.285,10.139,46.946,34.998,0.067,0.277,9698,697,9161,8464,1238,755,66,351,310,41,66,0,8467,261,100,0,0,0,0,5.000,0,0,0,0,0,0,0,0,0,0,0,0,0,0,0,0.000,0.000,0.000,,255,255,1309,0,1,84.689,206.023,85.937,206.867,0.000,0.000,254,251,5019,302,95,0,889,1409,368,1,nack-suppressed-fec-grace,pending,H.264,0,1,24,11,13,1,0,0,0,0,0,0,10359,7,0,0,0,0,0,26.916,47,66,41,37,41,0,66.620,23.187,81.311,1,0,155,11,166,0,48,6,0.416,0.584,0.934,1.000,0.111,26.000,1.000,0.000,1.000,retransmit-late,471,4183,0,0,290,3881,889,8673,179,284,2,18,8684,predicted-useful,fec-grace,1468,0.500,68,166,0,3,0,0,0,5,5,5,5,66,1090,66,1090,0,0,0,pacing,1,0.831,12.784,120.784,0,0,5,5,0,0,0,0,2,4,4,0,3,2,2,sent,25,64,0,1,17,4,0,0,3,7,2,4,1,3,361,2,stale-age,1,0,0,0,4,0,0,0,0,0,0,7,0,0,1098,1109,56,0,1,9500000,1200000,4,0,4,10398,10394,12742459,556,683699,337,416074,0,0,0,0,0,11.062,46.956,409.625,4800.000,538,18853,9692,4236,9161,4925,0.304,23.306,2.783,538,5218830,8464608,1.746,7.358,0.512,21.346,18853,889,254,8673,181,702,6,94,92,174,11,18,2,5,6,0,0,0,0,0,0,0,0,0,0,80,3,1,0,4,1742,1409,1409,0,0,0,0,0,,disabled,,0,0,0,0,,1,Fixed Quality,Hybrid,85,30,9500,12000,640,360,H.264,480,270,518400,28178,518400,28178,0.054,0.000,,0,0,0.000,2.054,0.000,0.000,0.064,7250,6750,6750,7,7,0,1,9500,1.000,0,12.007,0.000,0,0,0.000,0.000,0,0,0,0,0.283,0.651,0.066,1,0,0,disabled,24,1,1,31,84,31,40,13,62,62,1,3,decoder-sync-observed,0,,0,0,17.261,23.729,0,,0.000,0.000,0.000,0.000,0,0,0,,14,0,0,3.101,0,369,0.064,0.000,0.000,0.064,0.000,0.041,0.008,1,1,1,1,0,1,1,0,0,0,1,0,0.860,141.583,0.000,26,0,0.000,0,0,0,0.000,0.000,0.000,0.000,0.000,0.000,0.000,1.961,7.045,0,0,0,0,0,0,0,0,0.000,0.000,0.000,0.000,0.000,0.000,0,0.346,17.706,254,255,1309,85.786,206.857,98.634,206.857,3137.305,70,1,H.264,97.839,0,0,206.023,206.867,1.000,139.385,97.000,arrival-gap-jitter-spike,11078.196,0,1,1,1,1,14215.501,440.078,523.012,527.523,527.523,1,0,2,0,0,2,0,,,132.637,145.589,108,1,decoded,0,0,0,0,0,0,0,0,0,0,,99.226,0.000,102.361,0.000,0.000,0.000,127.193,stale-before-upload,0.001,365,0.000,107.398,4.685,0.087,0.249,0.001,0.000,0.248,1,0,0,1,3,0.067,19.631,17.706,34.998,17.827,1.000,RecoveryDeadline,0,1,0,0.000,1,1,1,1,0.060,0.000,0.060,0,100,0,10408,9717,639,0,588
15.222,Custom_loss6_delay0-100_dup0_reorder6_burst0,Loopback,1,1,0,,,0.000,0,21,394,21.035,21.012,21.100,106.175,101.270,63.535,48.131,15.544,0.065,0.279,10523,733,9926,9193,1339,824,71,376,335,41,68,0,9196,281,109,0,0,0,0,5.000,0,0,0,0,0,0,0,0,0,0,0,0,0,0,0,0.000,0.000,0.000,,275,275,1402,0,1,30.751,206.023,31.997,206.867,0.000,0.000,274,271,5431,322,104,0,971,1525,397,1,nack-sent,pending,H.264,0,1,24,6,18,0,0,1,0,18,0,0,11237,2,0,0,0,0,0,24.440,54,71,41,37,41,0,66.620,23.187,81.311,1,0,167,11,178,0,51,7,0.432,0.568,0.938,1.000,0.121,20.000,0.250,0.750,1.000,retransmit-late,500,4566,0,0,314,4254,971,9645,184,294,2,18,9656,predicted-useful,fec-grace,1596,0.292,74,178,0,4,0,0,0,6,6,6,6,73,1203,73,1203,0,0,0,pacing,1,0.756,5.115,113.115,0,0,6,6,0,0,0,0,2,4,4,0,3,2,2,sent,25,64,0,1,17,4,0,0,3,7,2,4,1,3,361,2,stale-age,1,0,0,0,4,0,0,0,0,0,0,7,0,0,1213,1208,60,0,1,9500000,1200000,0,0,0,11250,11250,13791273,598,735371,362,447222,0,0,0,0,0,17.260,46.956,7785.250,4800.000,582,20422,10505,4561,9917,5356,0.303,18.296,3.549,582,6896880,10580584,2.133,16.565,0.461,21.484,20422,970,274,9627,193,771,6,103,101,191,12,19,1,6,6,0,0,0,0,0,0,0,0,0,0,88,3,1,0,4,1886,1525,1525,0,0,0,0,0,,disabled,,0,0,0,0,,1,Fixed Quality,Hybrid,85,30,9500,12000,640,360,H.264,480,270,518400,0,518400,28178,0.054,0.000,,0,0,0.000,5.150,0.000,4.397,0.708,7250,6750,6750,7,7,0,1,9500,1.000,0,17.260,0.000,0,0,0.000,0.000,0,0,0,0,0.303,0.635,0.062,1,0,0,disabled,0,0,0,33,87,33,41,13,65,65,0,3,async-output-pending,0,,0,0,0.000,0.000,0,,0.000,0.000,0.000,0.000,0,0,0,,15,0,0,0.000,1,0,0.700,0.187,0.511,0.000,0.000,0.000,0.000,0,0,1,1,1,0,0,1,1,0,0,0,1.000,0.000,0.000,30,0,0.000,0,0,0,0.000,0.000,0.000,0.000,0.000,0.000,0.000,0.000,11.377,0,0,0,0,0,0,0,0,0.000,0.000,0.000,0.000,0.000,0.000,0,0.411,21.010,274,275,1402,31.944,206.857,98.634,206.857,3137.305,70,1,H.264,97.839,0,0,206.023,206.867,1.000,139.385,97.000,arrival-gap-jitter-spike,12085.091,0,1,1,1,1,15222.396,440.078,523.012,527.523,527.523,1,0,2,0,0,2,0,,,132.637,145.589,108,1,decoded,0,0,0,0,0,0,0,0,0,0,,104.749,0.000,107.986,0.000,0.000,0.000,133.088,stale-before-upload,0.001,394,0.000,114.253,5.846,0.089,0.313,0.001,0.000,0.312,1,0,0,1,3,0.065,21.035,21.012,15.544,21.100,1.000,Loss,0,1,0,0.000,0,2,2,1,0.060,0.000,0.060,0,100,0,11265,10547,686,0,629
16.227,Custom_loss6_delay0-100_dup0_reorder6_burst0,Loopback,1,1,0,,,0.000,0,21,424,27.169,27.095,27.068,89.381,101.251,77.123,50.064,53.023,0.065,0.274,11356,788,10709,9921,1442,890,75,406,363,43,71,0,9924,305,115,0,0,0,0,5.000,0,0,0,0,0,0,0,0,0,0,0,0,0,0,0,0.000,0.000,0.000,,299,299,1497,0,1,88.502,206.023,89.829,206.867,0.000,0.000,298,295,5857,348,111,0,1058,1644,425,1,nack-sent,pending,H.264,0,1,24,18,6,3,1,3,10,31,0,0,12091,0,0,0,0,0,0,74.868,62,75,43,39,43,0,67.220,22.777,81.311,2,0,182,11,193,0,57,9,0.453,0.547,0.943,1.000,0.136,17.000,0.250,0.500,0.600,retransmit-late,528,4929,0,0,337,4608,1058,10748,189,303,2,18,10759,predicted-useful,fec-grace,1733,0.750,79,193,0,4,0,0,0,6,6,6,6,78,1289,78,1289,0,0,0,pacing,1,0.825,9.778,117.778,0,0,6,6,0,0,0,0,2,4,4,0,3,2,2,sent,27,66,0,2,18,4,0,0,3,7,2,4,1,3,413,1,stale-age,1,0,0,0,4,0,0,0,0,0,0,7,0,0,1299,1315,63,0,1,9500000,1200000,0,0,0,12135,12135,14875555,643,790775,388,479606,0,0,0,0,0,15.828,46.956,6138.188,4800.000,627,22052,11343,4944,10709,5765,0.304,5.369,1.206,627,5987870,9387815,1.266,15.970,0.494,11.475,22052,1057,298,10742,208,843,6,109,107,205,13,23,4,6,7,0,0,0,0,0,0,0,0,0,0,93,3,1,0,4,2033,1644,1644,0,0,0,0,0,,disabled,,0,0,0,0,,1,Fixed Quality,Hybrid,85,30,9500,12000,640,360,H.264,480,270,518400,0,518400,28178,0.054,0.000,,0,0,0.000,2.321,0.000,0.000,0.074,7250,6750,6750,7,7,0,1,9500,1.000,0,15.828,0.000,0,0,0.000,0.000,0,0,0,0,0.321,0.622,0.057,1,0,0,disabled,0,0,0,35,93,35,43,15,70,70,0,3,async-output-pending,0,,0,0,0.000,0.000,0,,0.000,0.000,0.000,0.000,0,0,0,,16,0,0,5.496,0,427,0.074,0.000,0.000,0.073,0.000,0.049,0.008,1,1,1,1,0,1,1,0,1,0,1,0,0.860,29.279,0.000,26,0,0.000,0,0,0,0.000,0.000,0.000,0.000,0.000,0.000,0.000,0.000,10.340,0,0,0,0,0,0,0,0,0.000,0.000,0.000,0.000,0.000,0.000,0,0.495,27.095,298,299,1497,89.924,206.857,98.634,206.857,3137.305,70,1,H.264,97.839,0,0,206.023,206.867,1.000,139.385,97.000,arrival-gap-jitter-spike,13089.707,0,1,1,1,1,16227.012,440.078,523.012,527.523,527.523,1,0,2,0,0,2,0,,,132.637,145.589,108,1,decoded,0,0,0,0,0,0,0,0,0,0,,97.101,0.000,100.683,0.000,0.000,0.000,129.690,stale-before-upload,0.001,424,0.000,108.009,6.813,0.127,0.328,0.001,0.000,0.327,1,0,0,1,3,0.065,27.169,27.095,53.023,27.068,2.000,RecoveryDeadline,0,1,0,0.000,1,3,3,1,0.060,0.000,0.060,0,100,0,12151,11379,745,0,668
17.229,Custom_loss6_delay0-100_dup0_reorder6_burst0,Loopback,1,1,0,,,0.000,0,21,449,14.918,14.909,14.836,101.409,101.272,99.213,53.136,29.266,0.066,0.281,12090,852,11406,10554,1522,942,80,425,380,45,75,0,10557,320,125,0,0,0,0,5.000,0,0,0,0,0,0,0,0,0,0,0,0,0,0,0,0.000,0.000,0.000,,314,314,1596,0,1,95.128,206.023,96.298,206.867,0.000,0.000,313,310,6228,365,121,0,1135,1741,452,1,nack-sent,pending,H.264,0,1,24,17,7,3,1,3,6,32,0,0,12888,2,0,0,0,0,0,75.302,69,80,45,41,45,0,67.649,22.421,81.311,2,0,196,11,207,0,62,9,0.463,0.537,0.947,1.000,0.127,23.000,0.200,0.800,0.000,duplicate-guard,557,5241,0,0,359,4908,1135,11697,196,315,2,18,11708,predicted-useful,fec-grace,1844,0.792,85,207,0,4,0,0,0,6,6,6,6,84,1392,84,1392,0,0,0,pacing,1,0.818,6.806,114.806,0,0,6,6,0,0,0,0,2,4,4,0,3,2,2,sent,28,69,0,2,19,4,0,0,3,7,2,4,1,3,428,3,stale-age,1,0,0,0,4,0,0,0,0,0,0,7,0,0,1402,1402,66,0,1,9500000,1200000,0,0,0,12929,12929,15848355,687,844937,414,511998,0,0,0,0,0,11.848,46.956,1922.188,4800.000,667,23483,12084,5300,11399,6099,0.305,1.965,2.144,667,4955536,8028543,1.557,17.194,0.447,9.271,23483,1134,313,11690,220,908,6,119,117,224,13,23,4,6,7,0,0,0,0,0,0,0,0,0,0,103,3,1,0,4,2162,1741,1741,0,0,0,0,0,,disabled,,0,0,0,0,,1,Fixed Quality,Hybrid,85,30,9500,12000,640,360,H.264,480,270,518400,0,518400,28176,0.054,0.000,,0,0,0.000,5.280,0.000,4.542,0.702,7250,6750,6750,7,7,0,1,9500,1.000,0,11.848,0.000,0,0,0.000,0.000,0,0,0,0,0.333,0.614,0.053,1,0,0,disabled,0,0,0,38,97,38,44,15,74,74,0,3,async-output-pending,0,,0,0,0.000,0.000,0,,11.848,1922.188,45673.077,0.000,0,0,0,,17,0,0,0.000,1,0,0.687,0.181,0.505,0.000,0.000,0.000,0.000,0,0,1,1,1,0,0,1,1,0,1,0,0.860,101.731,0.000,26,0,0.000,0,0,0,0.000,0.000,0.000,0.000,0.000,0.000,0.000,0.000,9.874,0,0,0,0,0,0,0,0,0.000,0.000,0.000,0.000,0.000,0.000,0,0.484,14.909,313,314,1596,96.310,206.857,98.634,206.857,3137.305,70,1,H.264,97.839,0,0,206.023,206.867,1.000,139.385,97.000,arrival-gap-jitter-spike,14091.990,0,1,1,1,1,17229.295,440.078,523.012,527.523,527.523,1,0,2,0,0,2,0,,,132.637,145.589,108,1,decoded,0,0,0,0,0,0,0,0,0,0,,102.006,0.000,105.190,0.000,0.000,0.000,130.704,stale-before-upload,0.001,449,0.000,111.629,5.944,0.089,0.320,0.001,0.000,0.320,1,0,0,1,3,0.066,14.918,14.909,29.266,14.836,1.000,Loss,0,1,0,0.000,1,1,1,1,0.060,0.000,0.060,0,100,0,12946,12113,805,0,708
18.236,Custom_loss6_delay0-100_dup0_reorder6_burst0,Loopback,1,1,0,,,0.000,0,21,480,23.385,23.412,23.624,96.053,101.180,33.613,51.987,165.864,0.066,0.285,12880,907,12137,11230,1611,993,85,452,404,48,81,0,11233,339,135,0,0,0,0,5.000,0,0,0,0,0,0,0,0,0,0,0,0,0,0,0,0.000,0.000,0.000,,333,333,1688,0,1,207.322,207.322,208.627,208.627,0.000,0.000,332,329,6631,387,131,0,1215,1854,481,1,retransmit-duplicate,pending,H.264,1,1,24,19,5,3,2,3,10,34,0,2,13767,0,13767,0,13767,0,1,73.584,73,85,48,44,48,0,66.866,22.883,81.311,2,0,208,12,220,0,69,9,0.462,0.538,0.945,1.000,0.115,30.000,0.200,0.800,0.000,duplicate-guard,588,5605,0,0,381,5256,1215,12641,205,331,2,18,12652,predicted-useful,likely-arrival,1971,0.792,90,220,0,4,0,0,0,6,6,6,6,89,1470,89,1470,0,0,0,pacing,1,0.767,8.716,116.716,0,0,6,6,0,0,0,0,2,4,4,0,3,2,2,sent,28,69,0,2,19,4,0,0,3,7,2,4,1,3,428,3,stale-age,1,0,0,0,4,0,0,0,0,0,0,7,0,0,1480,1504,70,0,1,9500000,1200000,10,0,10,13812,13802,16918285,730,897855,440,543752,0,0,0,0,0,0.885,46.956,64.625,4800.000,711,25006,12875,5593,12131,6538,0.303,19.584,0.102,711,5783941,8894545,0.605,0.635,0.427,15.147,25006,1215,332,12641,235,974,6,129,127,242,13,23,4,6,7,0,0,0,0,0,0,0,0,0,0,113,3,1,0,4,2300,1854,1854,0,0,0,0,0,,disabled,,0,0,0,0,,1,Fixed Quality,Hybrid,85,30,9500,12000,640,360,H.264,480,270,518400,28176,518400,28176,0.054,0.000,,0,0,0.000,2.187,0.000,0.000,0.122,7250,6750,6750,7,7,0,1,9500,1.000,0,15.961,0.000,0,0,0.000,0.000,0,0,0,0,0.000,1.000,0.000,1,0,0,disabled,24,0,0,42,104,42,45,17,79,79,0,3,large-au-observed,0,,0,0,18.148,23.727,0,,0.000,0.000,0.000,0.000,0,0,0,,18,0,0,6.538,0,483,0.122,0.000,0.000,0.121,0.000,0.087,0.011,1,1,1,1,0,1,1,0,0,0,0,0,1.000,0.000,0.000,30,0,0.000,0,0,0,0.000,0.000,0.000,0.000,0.000,0.000,0.000,2.054,11.099,0,0,0,0,0,0,0,0,0.000,0.000,0.000,0.000,0.000,0.000,0,0.370,23.412,332,333,1688,208.585,208.585,98.634,208.585,18221.041,480,1,H.264,97.329,0,0,207.322,208.627,1.000,165.864,96.053,arrival-gap-jitter-spike,14.612,0,1,1,1,1,18235.653,440.078,523.012,527.523,527.523,1,0,2,0,0,2,0,,,132.637,145.589,108,1,decoded,0,0,0,0,0,0,0,0,0,0,,97.163,0.000,100.072,0.000,0.000,0.000,133.026,stale-before-upload,0.001,480,0.000,105.184,4.715,0.092,0.274,0.001,0.000,0.273,1,0,0,1,3,0.066,23.385,23.412,165.864,23.624,2.000,RecoveryDeadline,1,1,0,1.000,1,1,1,1,0.060,0.000,0.060,0,100,0,13820,12902,865,0,756
19.237,Custom_loss6_delay0-100_dup0_reorder6_burst0,Loopback,1,1,0,,,0.000,0,21,508,20.810,19.071,18.964,105.477,101.222,33.613,51.987,16.382,0.066,0.282,13710,964,12937,11973,1727,1064,90,489,435,54,84,0,11976,361,142,0,0,0,0,5.000,0,0,0,0,0,0,0,0,0,0,0,0,0,0,0,0.000,0.000,0.000,,354,354,1784,0,1,62.848,207.322,64.435,208.627,0.000,0.000,353,350,7038,415,137,0,1278,1974,509,1,fec-recovered,pending,H.264,0,1,24,20,4,4,2,1,5,11,0,0,14601,2,0,0,0,0,0,59.549,79,90,54,50,54,0,68.185,23.183,81.311,2,0,225,13,238,0,74,9,0.467,0.533,0.945,1.000,0.108,44.000,0.000,1.000,0.000,duplicate-guard,625,5936,0,0,402,5561,1278,13299,221,357,2,18,13309,predicted-useful,likely-arrival,2083,0.000,96,238,0,4,0,0,0,6,6,6,6,95,1570,95,1570,0,0,0,pacing,1,0.828,9.891,117.891,0,0,6,6,0,0,0,0,2,4,4,0,3,2,2,sent,29,73,0,2,20,4,0,0,3,7,2,4,1,3,481,4,stale-age,1,0,0,0,4,0,0,0,0,0,0,7,0,0,1580,1587,74,0,1,9500000,1200000,11,0,11,14670,14659,17968309,778,956993,470,580498,0,0,0,0,0,0.710,46.956,1226.688,4800.000,755,26616,13699,5913,12917,7004,0.301,17.466,3.495,755,5214927,8648456,2.042,0.635,0.445,15.412,26616,1278,354,13299,253,1019,6,135,133,252,13,23,4,6,7,0,0,0,0,0,0,0,0,0,0,119,3,1,0,4,2442,1974,1974,0,0,0,0,0,,disabled,,0,0,0,0,,1,Fixed Quality,Hybrid,85,30,9500,12000,640,360,H.264,480,270,518400,28178,518400,28178,0.054,0.000,,0,0,0.000,2.343,0.000,0.000,0.091,7250,6750,6750,7,7,0,1,9500,1.000,0,8.010,0.000,0,0,0.000,0.000,0,0,0,0,0.332,0.613,0.055,1,0,0,disabled,24,0,0,46,112,46,49,17,85,85,0,3,large-au-observed,0,,0,0,10.244,23.729,0,,0.000,0.000,0.000,0.000,0,0,0,,19,0,0,4.769,0,511,0.091,0.000,0.000,0.090,0.000,0.062,0.010,1,1,1,1,0,1,1,0,0,0,0,0,1.000,0.000,0.000,30,0,0.000,0,0,0,0.000,0.000,0.000,0.000,0.000,0.000,0.000,2.242,9.668,0,0,0,0,0,0,0,0,0.000,0.000,0.000,0.000,0.000,0.000,0,0.472,19.071,353,354,1784,64.139,208.585,98.634,208.585,18221.041,480,1,H.264,97.329,0,0,207.322,208.627,1.000,165.864,96.053,arrival-gap-jitter-spike,1015.942,0,1,1,1,1,19236.983,440.078,523.012,527.523,527.523,1,0,2,0,0,2,0,,,132.637,145.589,108,1,decoded,0,0,0,0,0,0,0,0,0,0,,101.958,0.000,105.727,0.000,0.000,0.000,132.738,stale-before-upload,0.001,508,0.000,112.917,6.693,0.112,0.360,0.001,0.000,0.360,1,0,0,1,3,0.064,20.810,19.071,16.382,18.964,1.000,Jitter,1,1,0,1.000,1,1,1,1,0.060,0.000,0.060,0,100,0,14678,13733,907,0,788
20.237,Custom_loss6_delay0-100_dup0_reorder6_burst0,Loopback,1,1,0,,,0.000,0,21,535,24.560,24.582,24.658,103.559,101.390,100.983,54.709,5.261,0.065,0.275,14505,1009,13679,12670,1822,1116,93,527,462,65,86,0,12673,385,146,0,0,0,0,5.000,0,0,0,0,0,0,0,0,0,0,0,0,0,0,0,0.000,0.000,0.000,,377,377,1879,0,1,47.111,207.322,48.171,208.627,0.000,0.000,376,373,7438,450,140,0,1344,2087,537,1,fec-recovered,pending,H.264,0,1,24,17,7,2,2,1,1,9,0,0,15468,12,0,0,0,0,0,59.592,81,93,65,61,65,0,69.441,23.316,81.311,2,0,241,14,255,0,76,9,0.466,0.534,0.945,1.000,0.106,45.000,0.000,1.000,0.000,duplicate-guard,660,6219,0,0,424,5826,1344,13933,234,375,2,18,13942,predicted-useful,fec-grace,2200,0.375,103,255,0,4,0,0,0,6,6,6,6,102,1688,102,1688,0,0,0,pacing,1,0.813,7.875,115.875,0,0,6,6,0,0,0,0,2,4,4,0,3,2,2,sent,30,75,0,2,21,4,0,0,3,7,2,4,1,3,527,2,stale-age,1,0,0,0,4,0,0,0,0,0,0,7,0,0,1698,1670,78,0,1,9500000,1200000,11,0,11,15527,15516,19018333,825,1014887,496,612890,0,0,0,0,0,0.670,46.956,307.188,4800.000,798,28163,14488,6242,13675,7433,0.301,30.610,4.325,798,5828959,9161354,1.771,13.982,0.507,21.218,28163,1344,378,13933,271,1067,6,138,136,257,13,23,4,6,7,0,0,0,0,0,0,0,0,0,0,122,3,1,0,4,2585,2087,2087,0,0,0,0,0,,disabled,,0,0,0,0,,1,Fixed Quality,Hybrid,85,30,9500,12000,640,360,H.264,480,270,518400,28178,518400,28178,0.054,0.000,,0,0,0.000,1.965,0.000,0.000,0.076,7250,6750,6750,7,7,0,1,9500,1.000,0,14.188,0.000,0,0,0.000,0.000,0,0,0,0,0.318,0.627,0.055,1,0,0,disabled,24,0,0,50,120,50,53,17,91,91,0,3,large-au-observed,0,,0,0,15.999,23.729,0,,0.000,0.000,0.000,0.000,0,0,0,,20,0,0,6.565,0,539,0.076,0.000,0.000,0.076,0.000,0.052,0.007,1,1,1,1,0,1,1,0,0,0,0,0,1.000,0.000,0.000,30,0,0.000,0,0,0,0.000,0.000,0.000,0.000,0.000,0.000,0.000,1.880,10.554,0,0,0,0,0,0,0,0,0.000,0.000,0.000,0.000,0.000,0.000,0,0.509,24.582,376,377,1879,48.112,208.585,98.634,208.585,18221.041,480,1,H.264,97.329,0,0,207.322,208.627,1.000,165.864,96.053,arrival-gap-jitter-spike,2016.162,0,1,1,1,1,20237.203,440.078,523.012,527.523,527.523,1,0,2,0,0,2,0,,,132.637,145.589,108,1,decoded,0,0,0,0,0,0,0,0,0,0,,102.695,0.000,105.689,0.000,0.000,0.000,131.779,stale-before-upload,0.001,535,0.000,110.551,4.341,0.088,0.298,0.001,0.000,0.297,1,0,0,1,3,0.065,24.560,24.582,5.261,24.658,1.000,RecoveryDeadline,0,1,0,0.000,1,1,1,1,0.060,0.000,0.060,0,100,0,15536,14533,956,0,835
21.244,Custom_loss6_delay0-100_dup0_reorder6_burst0,Loopback,1,1,0,,,0.000,0,21,564,23.532,23.528,23.505,101.745,101.410,102.325,57.215,53.709,0.065,0.277,15331,1070,14458,13388,1918,1166,102,561,492,69,89,0,13391,405,155,0,0,0,0,5.000,0,0,0,0,0,0,0,0,0,0,0,0,0,0,0,0.000,0.000,0.000,,397,397,1970,0,1,94.981,207.322,96.205,208.627,0.000,0.000,396,393,7838,474,149,0,1414,2190,565,1,nack-sent,pending,H.264,0,1,24,19,5,1,1,2,6,17,0,0,16333,18,0,0,0,0,0,74.748,84,102,69,65,69,0,69.540,22.979,81.311,2,0,257,15,272,0,79,10,0.452,0.548,0.945,1.000,0.112,39.000,0.200,0.800,1.000,retransmit-late,702,6542,0,0,447,6119,1414,14585,253,405,2,18,14593,predicted-useful,fec-grace,2313,0.500,108,272,0,4,0,0,0,6,6,6,6,107,1767,107,1767,0,0,0,pacing,1,0.810,7.389,115.389,0,0,6,6,0,0,0,0,2,4,4,0,3,2,2,sent,33,83,0,2,24,4,0,0,3,7,2,4,1,3,558,2,stale-age,1,0,0,0,6,0,0,0,0,0,0,9,0,0,1777,1754,82,0,1,9500000,1200000,23,0,23,16410,16386,20083957,872,1072781,521,644038,0,0,0,0,0,0.391,46.956,20243.625,4800.000,843,29772,15317,6562,14455,7893,0.300,8.131,1.505,843,4564679,7444574,1.139,11.454,0.547,13.204,29772,1413,398,14580,289,1118,6,147,145,275,15,29,4,6,9,0,0,0,0,0,0,0,0,0,0,129,3,1,0,4,2725,2190,2190,0,0,0,0,0,,disabled,,0,0,0,0,,1,Fixed Quality,Hybrid,85,30,9500,12000,640,360,H.264,480,270,518400,28176,518400,28176,0.054,0.000,,0,0,0.000,2.133,0.000,0.000,0.095,7250,6750,6750,7,7,0,1,9500,1.000,0,17.716,0.000,0,0,0.000,0.000,0,0,0,0,0.309,0.636,0.055,1,0,0,disabled,24,0,0,54,129,54,57,18,97,97,0,3,large-au-observed,0,,0,0,19.737,23.727,0,,0.000,0.000,0.000,0.000,0,0,0,,21,0,0,12.665,0,568,0.095,0.000,0.000,0.094,0.000,0.065,0.010,1,1,1,1,0,1,1,0,0,0,1,0,0.860,179.992,0.000,26,0,0.000,0,0,0,0.000,0.000,0.000,0.000,0.000,0.000,0.000,2.029,10.402,0,0,0,0,0,0,0,0,0.000,0.000,0.000,0.000,0.000,0.000,0,0.432,23.528,396,397,1970,96.174,208.585,98.634,208.585,18221.041,480,1,H.264,97.329,0,0,207.322,208.627,1.000,165.864,96.053,arrival-gap-jitter-spike,3023.452,0,1,1,1,1,21244.493,440.078,523.012,527.523,527.523,1,0,2,0,0,2,0,,,132.637,145.589,108,1,decoded,0,0,0,0,0,0,0,0,0,0,,102.254,0.000,105.399,0.000,0.000,0.000,135.873,stale-before-upload,0.001,564,0.000,111.141,5.293,0.090,0.332,0.001,0.000,0.332,1,0,0,1,3,0.065,23.532,23.528,53.709,23.505,2.000,Jitter,0,1,0,0.000,0,1,1,1,0.060,0.000,0.060,0,100,0,16408,15362,1004,0,887
22.246,Custom_loss6_delay0-100_dup0_reorder6_burst0,Loopback,1,1,0,,,0.000,0,21,592,22.879,20.933,20.631,89.425,101.740,133.713,61.040,30.166,0.065,0.273,16118,1116,15194,14078,2017,1227,107,589,517,72,94,0,14081,428,161,0,0,0,0,5.000,0,0,0,0,0,0,0,0,0,0,0,0,0,0,0,0.000,0.000,0.000,,419,419,2060,0,1,12.236,207.322,13.542,208.627,0.000,0.000,418,415,8256,500,154,0,1481,2309,593,1,fec-recovered,pending,H.264,0,1,24,13,11,4,2,1,1,14,0,0,17189,21,0,0,0,0,0,58.222,88,107,72,68,72,0,69.455,23.994,88.994,2,0,269,15,284,0,84,10,0.451,0.549,0.947,1.000,0.106,45.000,0.500,0.500,0.000,duplicate-guard,747,6860,0,0,468,6401,1481,15220,277,441,2,18,15228,predicted-useful,fec-grace,2431,0.583,112,284,0,4,0,0,0,6,6,6,6,111,1830,111,1830,0,0,0,pacing,1,0.806,6.576,114.576,0,0,6,6,0,0,0,0,2,4,4,0,3,2,2,sent,33,83,0,2,24,4,0,0,3,7,2,4,1,3,558,2,stale-age,1,0,0,0,6,0,0,0,0,0,0,9,0,0,1840,1844,86,0,1,9500000,1200000,10,0,10,17236,17226,21113407,914,1124455,546,674556,0,0,0,0,0,5.052,46.956,840.062,4800.000,886,31309,16115,6876,15194,8318,0.299,19.395,1.863,886,4667875,7879268,1.286,15.441,0.508,18.258,31309,1481,421,15220,307,1168,6,152,150,285,15,29,4,6,9,0,0,0,0,0,0,0,0,0,0,134,3,1,0,4,2872,2309,2309,0,0,0,0,0,,disabled,,0,0,0,0,,1,Fixed Quality,Hybrid,85,30,9500,12000,640,360,H.264,480,270,518400,28178,518400,28178,0.054,0.000,,0,0,0.000,2.466,0.000,0.000,0.089,7250,6750,6750,7,7,0,1,9500,1.000,0,9.555,0.000,0,0,0.000,0.000,0,0,0,0,0.310,0.637,0.053,1,0,0,disabled,24,0,0,58,136,58,60,18,103,103,0,3,large-au-observed,0,,0,0,14.300,23.729,0,,0.000,0.000,0.000,0.000,0,0,0,,22,0,0,4.399,0,595,0.089,0.000,0.000,0.088,0.000,0.057,0.011,1,1,1,1,0,1,1,0,0,0,1,0,0.860,147.984,0.000,26,0,0.000,0,0,0,0.000,0.000,0.000,0.000,0.000,0.000,0.000,2.365,9.744,0,0,0,0,0,0,0,0,0.000,0.000,0.000,0.000,0.000,0.000,0,0.539,20.933,418,419,2060,13.668,208.585,98.634,208.585,18221.041,480,1,H.264,97.329,0,0,207.322,208.627,1.000,165.864,96.053,arrival-gap-jitter-spike,4025.030,0,1,1,1,1,22246.071,440.078,523.012,527.523,527.523,1,0,2,0,0,2,0,,,132.637,145.589,108,1,decoded,0,0,0,0,0,0,0,0,0,0,,104.447,0.000,108.053,0.000,0.000,0.000,124.713,stale-before-upload,0.001,592,0.000,114.596,5.981,0.134,0.375,0.001,0.000,0.374,1,0,0,1,3,0.065,22.879,20.933,30.166,20.631,1.000,Loss,0,1,0,2.000,1,2,2,1,0.060,0.000,0.060,0,100,0,17248,16149,1054,0,936
23.251,Custom_loss6_delay0-100_dup0_reorder6_burst0,Loopback,1,1,0,,,0.000,0,21,620,19.866,17.904,17.705,102.239,101.711,73.747,61.645,12.720,0.066,0.273,16916,1188,15967,14779,2124,1291,115,616,542,74,102,0,14782,449,169,0,0,0,0,5.000,0,0,0,0,0,0,0,0,0,0,0,0,0,0,0,0.000,0.000,0.000,,439,439,2157,0,1,36.488,207.322,37.618,208.627,0.000,0.000,438,435,8664,523,161,0,1548,2432,621,1,fec-recovered,pending,H.264,0,1,24,16,8,4,3,1,3,13,0,0,18034,9,0,0,0,0,0,83.188,92,115,74,70,74,0,69.223,24.230,88.994,2,0,283,17,300,0,88,10,0.444,0.556,0.943,1.000,0.102,45.000,0.167,0.833,0.000,duplicate-guard,784,7161,0,0,490,6675,1548,15824,292,468,2,18,15830,predicted-useful,fec-grace,2543,0.542,118,300,0,4,0,0,0,6,6,6,6,117,1930,117,1930,0,0,0,pacing,1,0.792,10.515,118.515,0,0,6,6,0,0,0,0,2,4,4,0,3,2,2,sent,36,93,0,2,27,4,0,0,3,7,2,4,1,3,613,3,stale-age,1,0,0,0,6,0,0,0,0,0,0,10,0,0,1940,1925,90,0,1,9500000,1200000,0,0,0,18092,18092,22174053,960,1181103,572,706316,0,0,0,0,0,12.695,46.956,2438.750,4800.000,928,32878,16911,7194,15967,8773,0.298,14.053,1.967,928,4408632,7500668,0.973,0.359,0.523,17.125,32878,1548,442,15824,325,1217,6,159,157,301,15,29,4,6,9,0,0,0,0,0,0,0,0,0,0,141,3,1,0,4,3011,2432,2432,0,0,0,0,0,,disabled,,0,0,0,0,,1,Fixed Quality,Hybrid,85,30,9500,12000,640,360,H.264,480,270,518400,28176,518400,28176,0.054,0.000,,0,0,0.000,2.299,0.000,0.000,0.074,7250,6750,6750,7,7,0,1,9500,1.000,0,12.695,0.000,0,0,0.000,0.000,0,0,0,0,0.307,0.637,0.057,1,0,0,disabled,24,0,0,62,144,62,62,20,109,109,0,4,large-au-observed,0,,0,0,16.657,23.727,0,,0.000,0.000,0.000,0.000,0,0,0,,23,0,0,3.217,0,623,0.074,0.000,0.000,0.074,0.000,0.048,0.007,1,1,1,1,0,1,1,0,0,0,1,0,0.860,66.339,0.000,26,0,0.000,0,0,0,0.000,0.000,0.000,0.000,0.000,0.000,0.000,2.215,8.138,0,0,0,0,0,0,0,0,0.000,0.000,0.000,0.000,0.000,0.000,0,0.427,17.904,438,439,2157,37.697,208.585,98.634,208.585,18221.041,480,1,H.264,97.329,0,0,207.322,208.627,1.000,165.864,96.053,arrival-gap-jitter-spike,5030.056,0,1,1,1,1,23251.097,440.078,523.012,527.523,527.523,1,0,2,0,0,2,0,,,132.637,145.589,108,1,decoded,0,0,0,0,0,0,0,0,0,0,,101.139,0.000,104.361,0.000,0.000,0.000,131.120,stale-before-upload,0.001,620,0.000,110.800,5.998,0.091,0.355,0.001,0.000,0.355,1,0,0,1,3,0.066,19.866,17.904,12.720,17.705,1.000,Loss,0,1,0,1.000,1,1,1,1,0.060,0.000,0.060,0,100,0,18115,16946,1115,0,980
24.256,Custom_loss6_delay0-100_dup0_reorder6_burst0,Loopback,1,1,0,,,0.000,0,21,649,15.667,15.672,15.712,93.521,101.658,124.724,64.513,39.893,0.064,0.279,17722,1218,16710,15492,2229,1358,125,639,563,76,107,0,15495,466,180,0,0,0,0,5.000,0,0,0,0,0,0,0,0,0,0,0,0,0,0,0,0.000,0.000,0.000,,456,456,2251,0,1,22.821,207.322,23.936,208.627,0.000,0.000,455,452,9070,542,172,0,1617,2541,650,1,nack-suppressed-fec-grace,pending,H.264,0,1,24,13,11,3,0,1,4,15,0,0,18882,1,0,0,0,0,0,66.007,95,125,76,72,76,0,69.089,24.004,88.994,2,0,298,17,315,0,90,11,0.432,0.568,0.946,1.000,0.109,43.000,0.143,0.857,0.000,duplicate-guard,826,7464,0,0,513,6949,1617,16486,311,497,2,18,16491,predicted-useful,fec-grace,2653,0.583,123,315,0,4,0,0,0,6,6,6,6,122,2014,122,2014,0,0,0,pacing,1,0.817,11.626,119.626,0,0,6,6,0,0,0,0,2,4,4,0,3,2,2,sent,36,93,0,2,27,4,0,0,3,7,2,4,1,3,613,3,stale-age,1,0,0,0,6,0,0,0,0,0,0,10,0,0,2024,2013,94,0,1,9500000,1200000,10,0,10,18947,18937,23209725,1005,1236509,598,738708,0,0,0,0,0,1.831,46.956,1133.375,4800.000,970,34430,17720,7464,16710,9246,0.296,35.595,0.000,970,5825292,9598211,0.331,10.483,0.429,18.842,34430,1617,459,16486,340,1271,6,170,168,318,17,32,2,7,10,0,0,0,0,0,0,0,0,0,0,150,3,1,0,4,3154,2541,2541,0,0,0,0,0,,disabled,,0,0,0,0,,1,Fixed Quality,Hybrid,85,30,9500,12000,640,360,H.264,480,270,518400,28178,518400,28178,0.054,0.000,,0,0,0.000,1.952,0.000,0.000,0.089,7250,6750,6750,7,7,0,1,9500,1.000,0,9.785,0.000,0,0,0.000,0.000,0,0,0,0,0.302,0.644,0.054,1,0,0,disabled,24,0,0,66,151,66,65,20,114,114,0,4,large-au-observed,0,,0,0,11.615,23.729,0,,0.000,0.000,0.000,0.000,0,0,0,,24,0,0,13.189,0,652,0.089,0.000,0.000,0.088,0.000,0.057,0.007,1,1,1,1,0,1,1,0,0,0,1,0,0.860,179.995,0.000,26,0,0.000,0,0,0,0.000,0.000,0.000,0.000,0.000,0.000,0.000,1.855,10.264,0,0,0,0,0,0,0,0,0.000,0.000,0.000,0.000,0.000,0.000,0,0.433,15.672,455,456,2251,24.123,208.585,98.634,208.585,18221.041,480,1,H.264,97.329,0,0,207.322,208.627,1.000,165.864,96.053,arrival-gap-jitter-spike,6035.518,0,1,1,1,1,24256.559,440.078,523.012,527.523,527.523,1,0,2,0,0,2,0,,,132.637,145.589,108,1,decoded,0,0,0,0,0,0,0,0,0,0,,103.748,0.000,106.683,0.000,0.000,0.000,131.761,stale-before-upload,0.001,649,0.000,111.894,4.764,0.079,0.266,0.014,0.000,0.251,1,0,0,1,3,0.064,15.667,15.672,39.893,15.712,1.000,RecoveryDeadline,0,1,0,0.200,0,2,2,1,0.060,0.000,0.060,0,100,0,18961,17750,1166,0,1028
25.263,Custom_loss6_delay0-100_dup0_reorder6_burst0,Loopback,1,1,0,,,0.000,0,21,676,15.410,15.371,15.291,99.967,101.674,55.422,64.117,0.779,0.064,0.282,18439,1268,17381,16113,2324,1411,134,665,587,78,114,0,16116,482,189,0,0,0,0,5.000,0,0,0,0,0,0,0,0,0,0,0,0,0,0,0,0.000,0.000,0.000,,472,472,2350,0,1,64.323,207.322,65.673,208.627,0.000,0.000,471,468,9427,560,181,0,1679,2647,677,1,fec-recovered,pending,H.264,0,1,24,18,6,5,3,1,6,14,0,0,19648,0,0,0,0,0,0,75.608,99,134,78,74,78,0,69.157,23.740,88.994,2,0,313,18,331,0,96,11,0.425,0.575,0.946,1.000,0.103,45.000,0.333,0.667,0.000,duplicate-guard,850,7750,0,0,534,7230,1679,17104,314,502,2,18,17108,predicted-useful,fec-grace,2752,0.000,129,331,0,4,0,0,0,6,6,6,6,128,2119,128,2119,0,0,0,pacing,1,0.845,11.187,119.187,0,0,6,6,0,0,0,0,2,4,4,0,3,2,2,sent,38,98,0,2,29,4,0,0,3,7,2,4,1,3,671,2,stale-age,1,0,0,0,6,0,0,0,0,0,0,10,0,0,2129,2089,98,0,1,9500000,1200000,8,0,8,19713,19705,24150755,1051,1293159,624,770470,0,0,0,0,0,2.647,46.956,120.250,4800.000,1008,35795,18417,7821,17378,9557,0.298,2.381,1.523,1008,4748166,8027122,0.875,-5.474,0.486,10.745,35795,1679,475,17104,355,1318,6,179,177,339,18,34,2,7,11,0,0,0,0,0,0,0,0,0,0,158,3,1,0,4,3279,2647,2647,0,0,0,0,0,,disabled,,0,0,0,0,,1,Fixed Quality,Hybrid,85,30,9500,12000,640,360,H.264,480,270,518400,28178,518400,28178,0.054,0.000,,0,0,0.000,3.079,0.000,0.000,0.128,7250,6750,6750,7,7,0,1,9500,1.000,0,10.549,0.000,0,0,0.000,0.000,0,0,0,0,0.299,0.647,0.054,1,0,0,disabled,24,0,0,70,159,70,67,22,119,119,0,4,large-au-observed,0,,0,0,13.255,23.729,0,,0.000,0.000,0.000,0.000,0,0,0,,25,0,0,11.097,0,679,0.128,0.000,0.000,0.127,0.000,0.088,0.009,1,1,1,1,0,1,1,0,0,0,1,0,0.860,101.297,0.000,26,0,0.000,0,0,0,0.000,0.000,0.000,0.000,0.000,0.000,0.000,2.936,17.026,0,0,0,0,0,0,0,0,0.000,0.000,0.000,0.000,0.000,0.000,0,0.486,15.371,471,472,2350,65.776,208.585,98.634,208.585,18221.041,480,1,H.264,97.329,0,0,207.322,208.627,1.000,165.864,96.053,arrival-gap-jitter-spike,7041.969,0,1,1,1,1,25263.010,440.078,523.012,527.523,527.523,1,0,2,0,0,2,0,,,132.637,145.589,108,1,decoded,0,0,0,0,0,0,0,0,0,0,,100.836,0.000,104.382,0.000,0.000,0.000,129.983,stale-before-upload,0.001,676,0.000,112.637,7.734,0.120,0.412,0.001,0.000,0.411,1,0,0,1,3,0.064,15.410,15.371,0.779,15.291,1.000,Loss,0,1,0,1.000,2,2,2,1,0.060,0.000,0.060,0,100,0,19730,18468,1221,0,1078
26.265,Custom_loss6_delay0-100_dup0_reorder6_burst0,Loopback,1,1,0,,,0.000,0,21,705,21.438,23.969,23.849,96.043,101.618,36.524,62.968,19.079,0.065,0.281,19282,1336,18196,16860,2446,1473,142,708,624,84,123,0,16863,503,197,0,0,0,0,5.000,0,0,0,0,0,0,0,0,0,0,0,0,0,0,0,0.000,0.000,0.000,,493,493,2442,0,1,26.568,207.322,27.568,208.627,0.000,0.000,492,489,9859,587,189,0,1750,2776,706,1,nack-sent,pending,H.264,0,1,24,20,4,4,3,2,3,12,0,0,20550,10,0,0,0,0,0,78.434,104,142,84,80,84,0,69.514,23.157,88.994,2,0,332,20,352,0,101,11,0.423,0.577,0.943,1.000,0.098,45.000,0.250,0.750,0.000,duplicate-guard,887,8031,0,0,556,7488,1750,17722,329,525,2,18,17726,predicted-useful,fec-grace,2869,0.667,138,352,0,4,0,0,0,6,6,6,6,137,2277,137,2277,0,0,0,pacing,1,0.815,3.444,111.444,0,0,6,6,0,0,0,0,2,4,4,0,3,2,2,sent,39,100,0,3,29,4,0,0,3,7,2,4,1,3,699,2,stale-frame-lag,1,0,0,0,6,0,0,0,0,0,0,10,0,0,2287,2174,102,0,1,9500000,1200000,0,0,0,20604,20604,25251879,1102,1356027,650,802230,0,0,0,0,0,17.009,46.956,7873.938,4800.000,1054,37462,19274,8206,18188,9982,0.299,16.416,0.945,1054,5993549,9851527,0.705,-18.898,0.490,23.786,37462,1750,496,17722,373,1371,6,187,185,354,18,34,2,7,11,0,0,0,0,0,0,0,0,0,0,166,3,1,0,4,3426,2776,2776,0,0,0,0,0,,disabled,,0,0,0,0,,1,Fixed Quality,Hybrid,85,30,9500,12000,640,360,H.264,480,270,518400,28176,518400,28176,0.054,0.000,,0,0,0.000,2.291,0.000,0.000,0.083,7250,6750,6750,7,7,0,1,9500,1.000,0,17.009,0.000,0,0,0.000,0.000,0,0,0,0,0.295,0.648,0.057,1,0,0,disabled,24,0,0,74,166,74,70,22,125,125,0,4,large-au-observed,0,,0,0,18.978,23.727,0,,0.000,0.000,0.000,0.000,0,0,0,,26,0,0,5.599,0,708,0.083,0.000,0.000,0.082,0.000,0.058,0.008,1,1,1,1,0,1,1,0,0,0,1,0,0.860,70.445,0.000,26,0,0.000,0,0,0,0.000,0.000,0.000,0.000,0.000,0.000,0.000,2.198,9.867,0,0,0,0,0,0,0,0,0.000,0.000,0.000,0.000,0.000,0.000,0,0.433,23.969,492,493,2442,27.633,208.585,98.634,208.585,18221.041,480,1,H.264,97.329,0,0,207.322,208.627,1.000,165.864,96.053,arrival-gap-jitter-spike,8043.869,0,1,1,1,1,26264.910,440.078,523.012,527.523,527.523,1,0,2,0,0,2,0,,,132.637,145.589,108,1,decoded,0,0,0,0,0,0,0,0,0,0,,100.757,0.000,103.704,0.000,0.000,0.000,128.022,stale-before-upload,0.001,705,0.000,109.690,5.540,0.076,0.339,0.001,0.000,0.338,1,0,0,1,3,0.065,21.438,23.969,19.079,23.849,1.000,RecoveryDeadline,0,1,0,0.000,0,1,1,1,0.060,0.000,0.060,0,100,0,20630,19315,1275,0,1130
27.270,Custom_loss6_delay0-100_dup0_reorder6_burst0,Loopback,1,1,0,,,0.000,0,21,733,17.785,16.784,16.803,94.939,101.787,23.712,61.397,22.658,0.066,0.286,20045,1409,18938,17529,2549,1543,152,725,636,89,129,0,17532,519,208,0,0,0,0,5.000,0,0,0,0,0,0,0,0,0,0,0,0,0,0,0,0.000,0.000,0.000,,509,509,2534,0,1,32.349,209.778,33.570,210.846,0.000,0.000,508,505,10265,608,200,0,1820,2884,735,1,nack-sent,pending,H.264,0,1,24,7,17,2,0,1,0,17,0,0,21414,11,0,0,0,0,0,55.663,110,152,89,85,89,0,69.606,23.859,88.994,2,0,353,21,374,0,105,12,0.420,0.580,0.944,1.000,0.103,39.000,0.333,0.667,0.500,retransmit-late,926,8311,0,0,576,7733,1820,18418,348,560,2,18,18421,predicted-useful,fec-grace,2978,0.375,146,374,0,4,0,0,0,6,6,6,6,145,2406,145,2406,0,0,0,pacing,1,0.792,9.434,117.434,0,0,6,6,0,0,0,0,2,4,4,0,3,2,2,sent,40,104,0,3,30,4,0,0,3,7,2,4,1,3,715,4,stale-age,1,0,0,0,6,0,0,0,0,0,0,11,0,0,2416,2258,106,0,1,9500000,1200000,0,0,0,21436,21436,26271379,1154,1420141,675,833378,0,0,0,0,0,13.977,46.956,4767.812,4800.000,1097,38977,20039,8565,18938,10373,0.299,7.845,2.451,1097,4316059,7752171,1.219,-12.812,0.548,9.143,38977,1819,512,18401,397,1416,6,198,196,376,21,38,2,9,12,0,0,0,0,0,0,0,0,0,0,174,3,1,0,4,3567,2884,2884,0,0,0,0,0,,disabled,,0,0,0,0,,1,Fixed Quality,Hybrid,85,30,9500,12000,640,360,H.264,480,270,518400,28178,518400,28178,0.054,0.000,,0,0,0.000,2.781,0.000,0.000,0.101,7250,6750,6750,7,7,0,1,9500,1.000,0,13.977,0.000,0,0,0.000,0.000,0,0,0,0,0.294,0.650,0.056,1,0,0,disabled,24,0,0,78,176,78,74,24,133,133,0,4,large-au-observed,0,,0,0,16.201,23.729,0,,0.000,0.000,0.000,0.000,0,0,0,,27,0,0,3.166,0,736,0.100,0.000,0.000,0.100,0.000,0.070,0.009,1,1,1,1,0,1,1,0,0,0,1,0,0.860,101.996,0.000,26,0,0.000,0,0,0,0.000,0.000,0.000,0.000,0.000,0.000,0.000,2.666,24.958,0,0,0,0,0,0,0,0,0.000,0.000,0.000,0.000,0.000,0.000,0,0.499,16.784,508,509,2534,33.554,210.858,98.634,210.858,26447.564,710,1,H.264,123.669,0,0,209.778,210.846,1.000,164.199,122.578,arrival-gap-jitter-spike,822.386,0,1,1,1,1,27269.950,440.078,523.012,527.523,527.523,1,0,2,0,0,2,0,,,132.637,145.589,108,1,decoded,0,0,0,0,0,0,0,0,0,0,,105.686,0.000,109.277,0.000,0.000,0.000,127.469,stale-before-upload,0.001,733,0.000,115.505,5.706,0.114,0.371,0.001,0.000,0.371,1,0,0,1,3,0.066,17.785,16.784,22.658,16.803,1.000,RecoveryDeadline,1,1,0,0.000,0,1,1,1,0.060,0.000,0.060,0,100,0,21463,20085,1336,0,1174
28.271,Custom_loss6_delay0-100_dup0_reorder6_burst0,Loopback,1,1,0,,,0.000,0,21,760,20.165,18.343,18.406,109.047,101.986,11.364,59.473,16.759,0.065,0.286,20822,1446,19655,18209,2653,1613,161,749,655,94,130,0,18212,539,216,0,0,0,0,5.000,0,0,0,0,0,0,0,0,0,0,0,0,0,0,0,0.000,0.000,0.000,,528,528,2634,0,1,64.789,209.778,66.351,210.846,0.000,0.000,527,523,10663,633,207,0,1882,2998,761,1,fec-recovered,pending,H.264,0,1,24,18,6,4,3,1,4,12,0,0,22222,17,0,0,0,0,0,82.526,117,161,94,90,94,0,69.747,25.058,88.994,2,0,374,21,395,0,111,13,0.421,0.579,0.947,1.000,0.105,45.000,0.556,0.444,0.000,duplicate-guard,963,8600,0,0,595,7995,1882,19069,366,587,2,18,19072,deferred-likely-arrival,likely-arrival,3089,0.000,153,395,0,4,0,0,0,6,6,6,6,152,2525,152,2525,0,0,0,pacing,1,0.833,11.363,119.363,0,0,6,6,0,0,0,0,2,4,4,0,3,2,2,sent,41,108,0,3,31,4,0,0,3,7,2,4,1,3,742,4,stale-age,1,0,0,0,6,0,0,0,0,0,0,11,0,0,2535,2340,110,0,1,9500000,1200000,6,0,6,22267,22261,27282121,1205,1483011,701,865770,0,0,0,0,0,4.642,46.956,763.062,4800.000,1138,40442,20800,8904,19642,10738,0.300,17.623,2.558,1138,4984379,8251410,1.766,-12.348,0.474,15.290,40442,1882,531,19069,418,1458,6,205,203,386,22,40,2,9,13,0,0,0,0,0,0,0,0,0,0,180,3,1,0,4,3704,2998,2998,0,0,0,0,0,,disabled,,0,0,0,0,,1,Fixed Quality,Hybrid,85,30,9500,12000,640,360,H.264,480,270,518400,28176,518400,28176,0.054,0.000,,0,0,0.000,2.798,0.000,0.000,0.110,7250,6750,6750,7,7,0,1,9500,1.000,0,7.721,0.000,0,0,0.000,0.000,0,0,0,0,0.296,0.651,0.053,1,0,0,disabled,24,0,0,82,184,82,78,24,140,140,0,4,large-au-observed,0,,0,0,9.990,23.727,0,,0.000,0.000,0.000,0.000,0,0,0,,28,0,0,11.784,0,763,0.109,0.000,0.000,0.109,0.000,0.074,0.011,1,1,1,1,0,1,1,0,0,0,1,0,0.860,98.558,0.000,26,0,0.000,0,0,0,0.000,0.000,0.000,0.000,0.000,0.000,0.000,2.679,19.960,0,0,0,0,0,0,0,0,0.000,0.000,0.000,0.000,0.000,0.000,0,0.528,18.343,527,528,2634,66.190,210.858,98.634,210.858,26447.564,710,1,H.264,123.669,0,0,209.778,210.846,1.000,164.199,122.578,arrival-gap-jitter-spike,1823.352,0,1,1,1,1,28270.916,440.078,523.012,527.523,527.523,1,0,2,0,0,2,0,,,132.637,145.589,108,1,decoded,0,0,0,0,0,0,0,0,0,0,,109.425,0.000,113.344,5.846,0.000,119.780,134.524,stale-before-upload,0.001,758,0.000,121.003,7.116,0.119,0.377,0.001,0.000,0.376,1,0,0,1,3,0.065,20.165,18.343,16.759,18.406,1.000,RecoveryDeadline,0,1,0,1.000,3,3,3,1,0.060,0.000,0.060,0,100,0,22289,20855,1386,0,1221
29.275,Custom_loss6_delay0-100_dup0_reorder6_burst0,Loopback,1,1,0,,,0.000,0,21,788,21.869,21.841,21.557,102.250,102.017,60.883,59.525,6.122,0.065,0.284,21617,1506,20402,18896,2774,1684,174,779,679,100,137,0,18899,560,222,0,0,0,0,5.000,0,0,0,0,0,0,0,0,0,0,0,0,0,0,0,0.000,0.000,0.000,,549,549,2727,0,1,50.504,209.778,51.850,210.846,0.000,0.000,548,545,11074,660,213,0,1947,3117,791,1,fec-parity,pending,H.264,0,1,24,3,21,2,0,0,0,0,0,0,23112,14,0,0,0,0,0,12.677,120,174,100,96,100,0,69.668,24.954,88.994,2,0,396,22,418,0,115,14,0.408,0.592,0.947,1.000,0.109,45.000,0.067,0.933,0.000,duplicate-guard,998,8910,0,0,616,8286,1947,19657,380,606,2,18,19658,predicted-useful,fec-grace,3200,0.917,162,418,0,4,0,0,0,6,6,6,6,161,2670,161,2670,0,0,0,pacing,1,0.818,6.701,114.701,0,0,6,6,0,0,0,0,2,4,4,0,3,2,2,sent,44,117,0,4,33,4,0,0,3,7,2,4,1,3,784,4,stale-frame-lag,1,0,0,0,7,0,0,0,0,0,0,13,0,0,2680,2419,114,0,1,9500000,1200000,0,0,0,23100,23100,28310379,1258,1548369,726,896918,0,0,0,0,0,17.347,46.956,6281.875,4800.000,1182,42012,21610,9262,20402,11140,0.300,27.516,1.819,1182,6212859,9607564,0.676,49.519,0.514,19.400,42012,1947,552,19657,439,1502,6,211,209,399,23,42,2,9,14,0,0,0,0,0,0,0,0,0,0,185,3,1,0,4,3847,3117,3117,0,0,0,0,0,,disabled,,0,0,0,0,,1,Fixed Quality,Hybrid,85,30,9500,12000,640,360,H.264,480,270,518400,28178,518400,28178,0.054,0.000,,0,0,0.000,2.277,0.000,0.000,0.084,7250,6750,6750,7,7,0,1,9500,1.000,0,17.347,0.000,0,0,0.000,0.000,0,0,0,0,0.287,0.660,0.053,1,0,0,disabled,24,0,0,86,193,86,81,26,147,147,0,5,large-au-observed,0,,0,0,17.859,23.729,0,,0.000,0.000,0.000,0.000,0,0,0,,29,0,0,5.553,0,791,0.084,0.000,0.000,0.083,0.000,0.056,0.010,1,1,1,1,0,1,1,0,0,0,0,0,1.000,0.000,0.000,30,0,0.000,0,0,0,0.000,0.000,0.000,0.000,0.000,0.000,0.000,2.184,20.163,0,0,0,0,0,0,0,0,0.000,0.000,0.000,0.000,0.000,0.000,0,0.563,21.842,548,549,2727,52.132,210.858,98.634,210.858,26447.564,710,1,H.264,123.669,0,0,209.778,210.846,1.000,164.199,122.578,arrival-gap-jitter-spike,2827.644,0,1,1,1,1,29275.208,440.078,523.012,527.523,527.523,1,0,2,0,0,2,0,,,132.637,145.589,108,1,decoded,0,0,0,0,0,0,0,0,0,0,,103.448,0.000,106.756,0.000,0.000,0.000,131.125,stale-before-upload,0.001,788,0.000,112.951,5.609,0.089,0.344,0.001,0.000,0.343,1,0,0,1,3,0.065,21.869,21.841,6.122,21.557,1.000,Loss,0,1,0,0.000,2,1,1,1,0.060,0.000,0.060,0,100,0,23129,21651,1425,0,1264
30.276,Custom_loss6_delay0-100_dup0_reorder6_burst0,Loopback,1,1,0,,,0.000,0,21,815,13.993,13.991,19.531,104.413,102.029,71.276,59.945,22.468,0.064,0.287,22414,1538,21131,19593,2886,1754,188,803,698,105,141,0,19596,577,232,0,0,0,0,5.000,0,0,0,0,0,0,0,0,0,0,0,0,0,0,0,0.000,0.000,0.000,,566,566,2823,0,1,25.498,218.423,26.657,219.724,0.000,0.000,565,562,11477,682,223,0,2018,3227,817,1,nack-sent,pending,H.264,0,1,24,12,12,2,0,1,0,12,0,0,23906,2,0,0,0,0,0,54.472,126,188,105,101,105,0,69.621,25.004,88.994,2,0,421,21,442,0,123,14,0.401,0.599,0.952,1.000,0.102,45.000,0.200,0.800,0.000,duplicate-guard,1037,9209,0,0,636,8556,2018,20334,399,635,2,18,20333,predicted-useful,likely-arrival,3306,0.125,172,442,0,4,0,0,0,6,6,6,6,171,2837,171,2837,0,0,0,pacing,1,0.777,11.112,119.112,0,0,6,6,0,0,0,0,2,4,4,0,3,2,2,sent,46,123,0,4,35,4,0,0,3,7,2,4,1,3,812,4,stale-age,1,0,0,0,7,0,0,0,0,0,0,13,0,0,2847,2497,118,0,1,9500000,1200000,0,0,0,23934,23934,29332365,1312,1614971,752,928688,0,0,0,0,0,17.667,46.956,8256.312,4800.000,1225,43538,22407,9630,21131,11501,0.301,10.483,2.397,1225,5086451,8464759,1.062,41.694,0.482,13.451,43538,2017,569,20322,460,1551,6,221,219,415,25,45,1,10,15,0,0,0,0,0,0,0,0,0,0,193,3,1,0,4,3978,3227,3227,0,0,0,0,0,,disabled,,0,0,0,0,,1,Fixed Quality,Hybrid,85,30,9500,12000,640,360,H.264,480,270,518400,0,518400,28176,0.054,0.000,,0,0,0.000,4.960,0.000,4.213,0.720,7250,6750,6750,7,7,0,1,9500,1.000,0,17.667,0.000,0,0,0.000,0.000,0,0,0,0,0.285,0.667,0.048,1,0,0,disabled,0,0,0,90,200,90,84,26,154,154,0,5,async-output-pending,0,,0,0,0.000,0.000,0,,17.654,9451.312,45673.077,0.000,0,0,0,,30,0,0,0.000,1,0,0.709,0.194,0.514,0.000,0.000,0.000,0.000,0,0,1,1,1,0,0,1,1,0,1,0,0.860,97.275,0.000,26,0,0.000,0,0,0,0.000,0.000,0.000,0.000,0.000,0.000,0.000,0.000,20.542,0,0,0,0,0,0,0,0,0.000,0.000,0.000,0.000,0.000,0.000,0,0.508,13.991,565,566,2823,26.679,219.605,98.634,219.605,30087.984,811,1,H.264,107.168,0,0,218.423,219.724,1.001,170.599,105.972,arrival-gap-jitter-spike,187.747,0,1,1,1,1,30275.731,440.078,523.012,527.523,527.523,1,0,2,0,0,2,0,,,132.637,145.589,108,1,decoded,0,0,0,0,0,0,0,0,0,0,,105.765,0.000,109.013,0.000,0.000,0.000,132.207,stale-before-upload,0.001,815,0.000,115.059,5.515,0.082,0.291,0.001,0.000,0.291,1,0,0,1,3,0.064,13.993,13.991,22.468,19.531,1.000,Jitter,1,1,0,0.000,2,3,3,1,0.060,0.000,0.060,0,100,0,23964,22450,1478,0,1306
31.278,Custom_loss6_delay0-100_dup0_reorder6_burst0,Loopback,1,1,0,,,0.000,0,21,843,23.321,23.276,21.147,104.663,102.090,35.159,59.090,29.211,0.064,0.286,23186,1580,21845,20265,2985,1810,194,835,725,110,146,0,20268,598,239,0,0,0,0,5.000,0,0,0,0,0,0,0,0,0,0,0,0,0,0,0,0.000,0.000,0.000,,586,586,2918,0,1,25.677,218.423,27.138,219.724,0.000,0.000,585,581,11857,708,229,0,2080,3331,844,1,nack-sent,pending,H.264,0,1,24,20,4,6,4,2,2,12,0,0,24717,10,0,0,0,0,0,69.297,136,194,110,106,110,0,70.215,26.021,103.085,2,0,442,22,464,0,131,16,0.412,0.588,0.953,1.000,0.109,43.000,0.400,0.600,0.000,duplicate-guard,1076,9470,0,0,655,8788,2080,20918,419,664,2,18,20916,predicted-useful,likely-arrival,3414,0.000,178,464,0,4,0,0,0,6,6,6,6,177,2940,177,2940,0,0,0,pacing,1,0.835,7.098,115.098,0,0,6,6,0,0,0,0,2,4,4,0,3,2,2,sent,48,126,0,4,37,4,0,0,3,7,2,4,1,3,841,1,stale-age,1,0,0,0,9,0,0,0,0,0,0,13,0,0,2950,2577,122,0,1,9500000,1200000,9,0,9,24766,24757,30341245,1364,1679085,784,967922,0,0,0,0,0,2.046,46.956,961.875,4800.000,1266,45025,23180,9934,21845,11911,0.300,2.875,1.143,1266,5482471,8356355,1.375,26.132,0.441,15.087,45025,2079,590,20914,481,1592,6,227,225,425,27,48,2,11,16,0,0,0,0,0,0,0,0,0,0,197,3,1,0,4,4105,3331,3331,0,0,0,0,0,,disabled,,0,0,0,0,,1,Fixed Quality,Hybrid,85,30,9500,12000,640,360,H.264,480,270,518400,28178,518400,28178,0.054,0.000,,0,0,0.000,3.261,0.000,0.000,0.130,7250,6750,6750,7,7,0,1,9500,1.000,0,14.101,0.000,0,0,0.000,0.000,0,0,0,0,0.293,0.659,0.047,1,0,0,disabled,24,0,0,94,210,94,88,28,161,161,0,5,large-au-observed,0,,0,0,17.126,23.729,0,,0.000,0.000,0.000,0.000,0,0,0,,31,0,0,7.426,0,846,0.129,0.000,0.000,0.129,0.000,0.089,0.013,1,1,1,1,0,1,1,0,0,0,0,0,1.000,0.000,0.000,30,0,0.000,0,0,0,0.000,0.000,0.000,0.000,0.000,0.000,0.000,3.117,13.854,0,0,0,0,0,0,0,0,0.000,0.000,0.000,0.000,0.000,0.000,0,0.642,23.276,585,586,2918,27.182,219.605,98.634,219.605,30087.984,811,1,H.264,107.168,0,0,218.423,219.724,1.001,170.599,105.972,arrival-gap-jitter-spike,1190.519,0,1,1,1,1,31278.503,440.078,523.012,527.523,527.523,1,0,2,0,0,2,0,,,132.637,145.589,108,1,decoded,0,0,0,0,0,0,0,0,0,0,,109.275,0.000,113.343,5.579,0.000,116.595,132.332,stale-before-upload,0.001,842,0.000,119.737,4.959,0.115,0.365,0.001,0.000,0.364,1,0,0,1,3,0.064,23.321,23.276,29.211,21.147,1.000,Jitter,1,1,0,0.250,4,1,1,1,0.060,0.000,0.060,0,100,0,24788,23225,1524,0,1345
32.282,Custom_loss6_delay0-100_dup0_reorder6_burst0,Loopback,1,1,0,,,0.000,0,21,872,19.759,17.821,17.520,105.660,102.221,94.472,60.270,16.415,0.063,0.285,24003,1625,22610,20985,3100,1876,207,866,753,113,151,0,20988,619,247,0,0,0,0,5.000,0,0,0,0,0,0,0,0,0,0,0,0,0,0,0,0.000,0.000,0.000,,606,606,3013,0,1,33.016,218.423,34.196,219.724,0.000,0.000,605,601,12275,732,236,0,2152,3449,874,1,nack-sent,pending,H.264,0,1,24,11,13,0,0,1,0,13,0,0,25608,4,0,0,0,0,0,47.509,146,207,113,109,113,0,70.091,25.852,103.085,2,0,468,22,490,0,138,17,0.414,0.586,0.955,1.000,0.110,45.000,0.417,0.583,0.000,duplicate-guard,1114,9776,0,0,676,9061,2152,21628,436,697,2,18,21623,predicted-useful,likely-arrival,3533,0.542,188,490,0,4,0,0,0,6,6,6,6,187,3112,187,3112,0,0,0,pacing,1,0.791,6.796,114.796,0,0,6,6,0,0,0,0,2,4,4,0,3,2,2,sent,53,141,0,5,41,4,0,0,3,7,2,4,1,3,869,4,stale-age,1,0,0,0,9,0,0,0,0,0,0,15,0,0,3122,2665,126,0,1,9500000,1200000,0,0,0,25603,25603,31376464,1420,1748173,814,1005282,0,0,0,0,0,0.024,46.956,23627.000,4800.000,1311,46607,23997,10329,22610,12281,0.301,1.125,1.028,1311,5843263,9383321,1.523,32.768,0.393,18.352,46607,2152,611,21628,502,1644,6,234,232,436,28,49,1,12,16,0,0,0,0,0,0,0,0,0,0,203,3,1,0,4,4241,3449,3449,0,0,0,0,0,,disabled,,0,0,0,0,,1,Fixed Quality,Hybrid,85,30,9500,12000,640,360,H.264,480,270,518400,79,518400,79,0.000,0.000,,0,0,0.000,0.108,0.000,0.000,0.085,6000,6250,6250,8,8,0,1,9500,0.820,1,8.171,0.000,0,0,0.000,0.000,0,0,0,0,0.298,0.657,0.045,1,0,0,latency-pressure-freshness-hold,1,0,0,98,219,98,93,28,168,168,0,5,none,0,,0,0,14.790,0.067,0,,0.000,0.000,0.000,0.000,0,0,0,,32,0,0,10.389,0,875,0.085,0.000,0.000,0.084,0.000,0.062,0.003,1,1,1,1,0,1,1,0,0,0,1,0,0.860,179.995,0.000,26,0,0.000,0,0,0,0.000,0.000,0.000,0.000,0.000,0.000,0.000,0.014,7.699,0,0,0,0,0,0,0,0,0.000,0.000,0.000,0.000,0.000,0.000,0,0.463,17.821,605,606,3013,34.033,219.605,98.634,219.605,30087.984,811,1,H.264,107.168,0,0,218.423,219.724,1.001,170.599,105.972,arrival-gap-jitter-spike,2194.599,0,1,1,1,1,32282.583,440.078,523.012,527.523,527.523,1,0,3,0,0,3,1,latency-pressure freshness,latency-over-80ms,148.232,148.232,869,1,decoded,0,0,0,0,0,0,0,0,0,0,,111.153,0.000,114.216,0.000,0.000,0.000,132.830,stale-before-upload,0.001,872,0.000,115.918,5.058,0.082,0.278,0.031,0.000,0.247,1,0,0,1,3,0.063,19.759,17.821,16.415,17.520,1.000,RecoveryDeadline,0,1,0,1.000,0,1,1,1,0.060,0.000,0.060,0,100,0,25635,24043,1576,0,1389
33.283,Custom_loss6_delay0-100_dup0_reorder6_burst0,Loopback,1,1,0,,,0.000,0,21,899,20.287,18.437,14.830,94.685,102.140,83.344,61.014,9.552,0.064,0.285,24677,1698,23266,21568,3188,1930,211,892,773,119,155,0,21571,640,255,0,0,0,0,5.000,0,0,0,0,0,0,0,0,0,0,0,0,0,0,0,0.000,0.000,0.000,,625,625,3106,0,1,38.510,218.423,39.741,219.724,0.000,0.000,624,620,12633,759,243,0,2213,3545,900,1,nack-sent,pending,H.264,0,1,22,17,5,3,2,2,7,19,0,0,26323,12,0,0,0,0,0,76.948,156,211,119,115,119,0,69.646,26.082,103.085,3,0,489,23,512,0,146,19,0.425,0.575,0.955,1.000,0.115,45.000,0.444,0.556,0.000,duplicate-guard,1145,9985,0,0,694,9249,2213,22200,449,718,2,18,22193,predicted-useful,fec-grace,3639,0.227,196,512,0,4,0,0,0,7,7,7,7,195,3225,195,3225,0,0,0,pacing,1,0.737,3.764,111.764,0,0,7,7,0,0,0,0,2,4,4,0,3,2,2,sent,56,149,0,6,43,4,0,0,3,7,2,4,1,3,897,3,stale-age,1,0,0,0,9,0,0,0,0,0,0,18,0,0,3236,2742,130,0,1,9500000,1200000,8,0,8,26362,26354,32303618,1470,1810117,837,1033934,0,0,0,0,0,0.881,46.956,348.438,4800.000,1349,47915,24663,10641,23252,12611,0.301,6.126,1.173,1349,6826044,10115314,1.445,23.989,0.463,9.692,47915,2213,631,22200,527,1679,7,240,238,447,29,51,2,12,17,0,0,0,0,0,0,0,0,0,0,208,3,1,0,4,4363,3545,3545,0,0,0,0,0,,disabled,,0,0,0,0,,1,Fixed Quality,Hybrid,85,30,9500,12000,640,360,H.264,480,270,518400,26096,518400,26096,0.050,0.000,,0,0,0.000,2.207,0.000,0.000,0.099,6250,6250,6250,8,8,0,1,9500,0.875,1,19.651,0.000,0,0,0.000,0.000,0,0,0,0,0.305,0.650,0.045,1,0,0,latency-pressure-freshness-hold,22,0,0,102,229,102,97,30,177,177,0,5,large-au-observed,0,,0,0,21.965,21.976,0,,0.000,0.000,0.000,0.000,0,0,0,,33,0,0,5.288,0,902,0.099,0.000,0.000,0.098,0.000,0.069,0.009,1,1,1,1,0,1,1,0,0,0,0,0,1.000,0.000,0.000,27,0,0.000,0,0,0,0.000,0.000,0.000,0.000,0.000,0.000,0.000,2.098,10.398,0,0,0,0,0,0,0,0,0.000,0.000,0.000,0.000,0.000,0.000,0,0.541,18.437,624,625,3106,39.625,219.605,98.634,219.605,30087.984,811,1,H.264,107.168,0,0,218.423,219.724,1.001,170.599,105.972,arrival-gap-jitter-spike,3195.313,0,1,1,1,1,33283.297,440.078,523.012,527.523,527.523,1,0,3,0,0,3,0,,,148.232,148.232,869,1,decoded,0,0,0,0,0,0,0,0,0,0,,100.790,0.000,103.653,0.000,0.000,0.000,127.343,stale-before-upload,0.001,899,0.000,109.046,4.871,0.091,0.343,0.001,0.000,0.343,1,0,0,1,3,0.064,20.287,18.437,9.552,14.830,1.000,RecoveryDeadline,0,1,0,0.000,0,1,1,1,0.060,0.000,0.060,0,100,0,26387,24717,1627,0,1431
34.287,Custom_loss6_delay0-100_dup0_reorder6_burst0,Loopback,1,1,0,,,0.000,0,21,924,20.306,20.561,20.118,107.196,102.163,94.993,62.076,19.810,0.065,0.282,25392,1753,23948,22195,3288,1983,220,929,807,122,156,0,22198,661,259,0,0,0,0,5.000,0,0,0,0,0,0,0,0,0,0,0,0,0,0,0,0.000,0.000,0.000,,646,646,3202,0,1,28.066,218.423,29.437,219.724,0.000,0.000,645,641,13013,783,247,0,2274,3654,926,1,fec-recovered,pending,H.264,0,1,23,20,3,5,3,1,1,5,0,0,27092,18,0,0,0,0,0,56.718,163,220,122,118,122,0,69.639,25.830,103.085,3,0,508,23,531,0,153,19,0.426,0.574,0.957,1.000,0.110,45.000,0.333,0.667,0.000,duplicate-guard,1181,10230,0,0,713,9469,2274,22697,466,743,2,18,22690,predicted-useful,fec-grace,3746,0.217,203,531,0,4,0,0,0,8,8,8,8,202,3339,202,3339,0,0,0,pacing,1,0.839,12.540,120.540,0,0,8,8,0,0,0,0,2,4,4,0,3,2,2,sent,60,161,0,6,47,4,0,0,3,7,2,4,1,3,924,4,stale-age,1,0,0,0,10,0,0,0,0,0,0,18,0,0,3351,2818,134,0,1,9500000,1200000,5,0,5,27127,27122,33249438,1518,1869415,862,1064620,0,0,0,0,0,7.900,46.956,332.062,4800.000,1389,49337,25389,10965,23948,12983,0.302,14.758,0.018,1389,5463781,8920901,0.747,21.521,0.506,14.547,49337,2274,652,22697,547,1720,7,244,242,453,29,51,2,12,17,0,0,0,0,0,0,0,0,0,0,212,3,1,0,4,4493,3654,3654,0,0,0,0,0,,disabled,,0,0,0,0,,1,Fixed Quality,Hybrid,85,30,9500,12000,640,360,H.264,480,270,518400,27136,518400,27136,0.052,0.000,,0,0,0.000,2.511,0.000,0.000,0.102,7250,6500,6500,9,9,0,1,9500,1.000,0,8.324,0.000,0,0,0.000,0.000,0,0,0,0,0.307,0.650,0.043,1,0,0,disabled,23,0,0,106,237,106,101,30,183,183,0,5,large-au-observed,0,,0,0,13.374,22.851,0,,0.000,0.000,0.000,0.000,0,0,0,,34,0,0,5.417,0,928,0.102,0.000,0.000,0.101,0.000,0.074,0.008,1,1,1,1,0,1,1,0,0,0,0,0,1.000,0.000,0.000,30,0,0.000,0,0,0,0.000,0.000,0.000,0.000,0.000,0.000,0.000,2.398,10.446,0,0,0,0,0,0,0,0,0.000,0.000,0.000,0.000,0.000,0.000,0,0.628,20.562,645,646,3202,29.476,219.605,98.634,219.605,30087.984,811,1,H.264,107.168,0,0,218.423,219.724,1.001,170.599,105.972,arrival-gap-jitter-spike,4199.853,0,1,1,1,1,34287.837,440.078,523.012,527.523,527.523,1,0,3,0,0,3,0,,,148.232,148.232,869,1,decoded,0,0,0,0,0,0,0,0,0,0,,105.194,0.000,108.819,0.000,0.000,0.000,133.598,stale-before-upload,0.001,924,0.000,116.969,7.457,0.108,0.385,0.001,0.000,0.384,1,0,0,1,3,0.065,20.306,20.561,19.810,20.118,1.000,RecoveryDeadline,0,1,0,1.000,0,1,1,1,0.060,0.000,0.060,0,100,0,27156,25438,1673,0,1480
35.290,Custom_loss6_delay0-100_dup0_reorder6_burst0,Loopback,1,1,0,,,0.000,0,21,952,18.349,20.509,20.786,118.984,102.254,89.058,62.893,24.258,0.064,0.282,26154,1787,24664,22877,3391,2047,225,957,832,125,162,0,22880,680,267,0,0,0,0,5.000,0,0,0,0,0,0,0,0,0,0,0,0,0,0,0,0.000,0.000,0.000,,665,665,3291,0,1,77.560,218.423,78.758,219.724,0.000,0.000,664,660,13406,805,255,0,2339,3768,954,1,fec-parity,pending,H.264,0,1,24,15,9,2,1,1,5,15,0,0,27906,20,0,0,0,0,0,61.607,165,225,125,121,125,0,69.672,25.880,103.085,3,0,518,25,543,0,156,19,0.423,0.577,0.954,1.000,0.109,42.000,0.000,1.000,0.000,insufficient-sample,1223,10528,0,0,734,9730,2339,23281,487,780,2,18,23272,predicted-useful,fec-grace,3852,0.125,207,543,0,4,0,0,0,8,8,8,8,206,3392,206,3392,0,0,0,pacing,1,0.739,10.257,118.257,0,0,8,8,0,0,0,0,2,4,4,0,3,2,2,sent,61,165,0,6,48,4,0,0,3,7,2,4,1,3,938,4,stale-age,1,0,0,0,10,0,0,0,0,0,0,19,0,0,3404,2897,138,0,1,9500000,1200000,10,0,10,27941,27931,34242468,1560,1921089,887,1095768,0,0,0,0,0,1.228,46.956,884.000,4800.000,1430,50797,26133,11320,24664,13344,0.302,10.449,1.028,1430,4074265,7065051,1.746,16.030,0.526,13.194,50797,2339,671,23281,562,1770,7,252,250,466,29,51,2,12,17,0,0,0,0,0,0,0,0,0,0,220,3,1,0,4,4628,3768,3768,0,0,0,0,0,,disabled,,0,0,0,0,,1,Fixed Quality,Hybrid,85,30,9500,12000,640,360,H.264,480,270,518400,28178,518400,28178,0.054,0.000,,0,0,0.000,2.783,0.000,0.000,0.126,7250,6750,6750,10,10,0,1,9500,1.000,0,16.077,0.000,0,0,0.000,0.000,0,0,0,0,0.000,1.000,0.000,1,0,0,disabled,24,0,0,110,244,110,104,30,188,188,0,5,large-au-observed,0,,0,0,11.892,23.729,0,,0.000,0.000,0.000,0.000,0,0,0,,35,0,0,5.561,0,956,0.126,0.000,0.000,0.125,0.000,0.090,0.012,1,1,1,1,0,1,1,0,0,0,0,0,1.000,0.000,0.000,30,0,0.000,0,0,0,0.000,0.000,0.000,0.000,0.000,0.000,0.000,2.642,10.286,0,0,0,0,0,0,0,0,0.000,0.000,0.000,0.000,0.000,0.000,0,0.501,20.509,664,665,3291,78.940,219.605,98.634,219.605,30087.984,811,1,H.264,107.168,0,0,218.423,219.724,1.001,170.599,105.972,arrival-gap-jitter-spike,5202.753,0,1,1,1,1,35290.737,440.078,523.012,527.523,527.523,1,0,3,0,0,3,0,,,148.232,148.232,869,1,decoded,0,0,0,0,0,0,0,0,0,0,,106.230,0.000,109.331,0.000,0.000,0.000,139.492,stale-before-upload,0.001,952,0.000,116.260,6.388,0.098,0.356,0.001,0.000,0.355,1,0,0,1,3,0.064,18.349,20.509,24.258,20.786,1.000,RecoveryDeadline,0,1,0,0.600,5,3,3,1,0.060,0.000,0.060,0,100,0,27966,26195,1716,0,1539
36.295,Custom_loss6_delay0-100_dup0_reorder6_burst0,Loopback,1,1,0,,,0.000,0,21,981,25.717,25.750,25.594,98.520,102.220,70.860,63.128,17.127,0.064,0.281,26950,1846,25414,23568,3492,2104,229,992,857,135,167,0,23571,701,274,0,0,0,0,5.000,0,0,0,0,0,0,0,0,0,0,0,0,0,0,0,0.000,0.000,0.000,,686,686,3383,0,1,54.920,218.423,56.011,219.724,0.000,0.000,685,681,13791,836,262,0,2405,3872,983,1,fec-parity,pending,H.264,0,1,24,6,18,2,0,0,0,0,0,0,28757,9,0,0,0,0,0,33.854,171,229,135,131,135,0,69.678,26.161,108.377,3,0,538,26,564,0,169,19,0.427,0.573,0.954,1.000,0.101,44.000,0.000,0.000,0.000,insufficient-sample,1260,10800,0,0,755,9975,2405,23931,503,807,2,18,23922,predicted-useful,fec-grace,3961,0.500,214,564,0,4,0,0,0,8,8,8,8,213,3503,213,3503,0,0,0,pacing,1,0.779,11.612,119.612,0,0,8,8,0,0,0,0,2,4,4,0,3,2,2,sent,62,167,0,6,49,4,0,0,3,7,2,4,1,3,981,2,stale-age,1,0,0,0,10,0,0,0,0,0,0,19,0,0,3515,2977,142,0,1,9500000,1200000,0,0,0,28772,28772,35272588,1611,1983959,913,1128160,0,0,0,0,0,23.752,46.956,2084.062,4800.000,1474,52336,26940,11654,25396,13742,0.302,15.813,2.089,1474,4179386,6679450,1.662,9.184,0.457,9.736,52336,2405,692,23931,583,1815,7,259,257,483,29,51,2,12,17,0,0,0,0,0,0,0,0,0,0,227,3,1,0,4,4758,3872,3872,0,0,0,0,0,,disabled,,0,0,0,0,,1,Fixed Quality,Hybrid,85,30,9500,12000,640,360,H.264,480,270,518400,28178,518400,28178,0.054,0.000,,0,0,0.000,1.969,0.000,0.000,0.107,7250,6750,6750,10,10,0,1,9500,1.000,0,23.752,0.000,0,0,0.000,0.000,0,0,0,0,0.000,1.000,0.000,1,0,0,disabled,24,0,0,114,255,114,109,32,195,195,0,5,large-au-observed,0,,0,0,16.736,23.729,0,,0.000,0.000,0.000,0.000,0,0,0,,36,0,0,12.595,0,984,0.107,0.000,0.000,0.106,0.000,0.074,0.009,1,1,1,1,0,1,1,0,0,0,1,0,0.860,179.996,0.000,26,0,0.000,0,0,0,0.000,0.000,0.000,0.000,0.000,0.000,0.000,1.850,25.873,0,0,0,0,0,0,0,0,0.000,0.000,0.000,0.000,0.000,0.000,0,0.426,25.750,685,686,3383,55.952,219.605,98.634,219.605,30087.984,811,1,H.264,107.168,0,0,218.423,219.724,1.001,170.599,105.972,arrival-gap-jitter-spike,6207.260,0,1,1,1,1,36295.244,440.078,523.012,527.523,527.523,1,0,3,0,0,3,0,,,148.232,148.232,869,1,decoded,0,0,0,0,0,0,0,0,0,0,,99.779,0.000,102.591,0.000,0.000,0.000,129.260,stale-before-upload,0.000,981,0.000,108.600,5.559,0.082,0.246,0.030,0.000,0.216,1,0,0,1,3,0.064,25.717,25.750,17.127,25.594,1.000,Loss,0,1,0,2.000,1,2,2,1,0.060,0.000,0.060,0,100,0,28808,26992,1767,0,1584
37.303,Custom_loss6_delay0-100_dup0_reorder6_burst0,Loopback,1,1,0,,,0.000,0,21,1008,17.637,19.778,17.894,142.946,102.276,61.497,63.081,42.383,0.064,0.282,27690,1879,26099,24220,3592,2159,234,1025,886,139,174,0,24223,719,283,0,0,0,0,5.000,0,0,0,0,0,0,0,0,0,0,0,0,0,0,0,0.000,0.000,0.000,,703,703,3480,0,1,135.100,218.423,136.826,219.724,0.000,0.000,702,698,14174,858,270,0,2465,3983,1011,1,fec-parity,pending,H.264,0,1,24,5,19,4,0,0,0,0,0,0,29558,18,0,0,0,0,0,9.771,172,234,139,135,139,0,69.503,25.998,108.377,3,0,548,27,575,0,173,19,0.424,0.576,0.953,1.000,0.099,42.000,0.000,0.000,0.000,insufficient-sample,1300,11125,0,0,777,10268,2465,24476,521,839,2,18,24465,predicted-useful,fec-grace,4060,0.000,217,575,0,4,0,0,0,8,8,8,8,216,3551,216,3551,0,0,0,pacing,1,0.804,10.288,118.288,0,0,8,8,0,0,0,0,2,4,4,0,3,2,2,sent,63,170,0,6,50,4,0,0,3,7,2,4,1,3,1009,3,stale-age,1,0,0,0,10,0,0,0,0,0,0,21,0,0,3563,3054,146,0,1,9500000,1200000,3,0,3,29563,29560,36237902,1652,2034389,943,1164906,0,0,0,0,0,7.152,46.956,112.375,4800.000,1516,53770,27671,12020,26099,14079,0.303,17.941,0.847,1516,5011251,7619180,1.445,5.475,0.531,9.853,53770,2465,710,24476,595,1863,7,267,265,495,29,51,2,12,17,0,0,0,0,0,0,0,0,0,0,235,3,1,0,4,4894,3983,3983,0,0,0,0,0,,disabled,,0,0,0,0,,1,Fixed Quality,Hybrid,85,30,9500,12000,640,360,H.264,480,270,518400,28176,518400,28176,0.054,0.000,,0,0,0.000,2.212,0.000,0.000,0.117,7250,6750,6750,10,10,0,1,9500,1.000,0,7.152,0.000,0,0,0.000,0.000,0,0,0,0,0.299,0.654,0.047,1,0,0,disabled,24,0,0,118,262,118,112,32,199,199,0,5,large-au-observed,0,,0,0,11.555,23.727,0,,0.000,0.000,0.000,0.000,0,0,0,,37,0,0,11.398,0,1012,0.117,0.000,0.000,0.116,0.000,0.082,0.010,1,1,1,1,0,1,1,0,0,0,1,0,0.860,148.582,0.000,26,0,0.000,0,0,0,0.000,0.000,0.000,0.000,0.000,0.000,0.000,2.075,16.726,0,0,0,0,0,0,0,0,0.000,0.000,0.000,0.000,0.000,0.000,0,0.586,19.779,702,703,3480,136.712,219.605,98.634,219.605,30087.984,811,1,H.264,107.168,0,0,218.423,219.724,1.001,170.599,105.972,arrival-gap-jitter-spike,7215.696,0,1,1,1,1,37303.680,440.078,523.012,527.523,527.523,1,0,3,0,0,3,0,,,148.232,148.232,869,1,decoded,0,0,0,0,0,0,0,0,0,0,,105.630,0.000,109.456,0.000,0.000,0.000,131.728,stale-before-upload,0.001,1009,0.000,117.778,7.711,0.114,0.373,0.001,0.000,0.372,1,0,0,1,3,0.064,17.637,19.778,42.383,17.894,2.000,Jitter,0,1,0,0.000,5,3,3,1,0.060,0.000,0.060,0,100,0,29597,27734,1814,0,1630
38.306,Custom_loss6_delay0-100_dup0_reorder6_burst0,Loopback,1,1,0,,,0.000,0,21,1035,21.567,15.176,19.863,102.453,102.386,22.155,61.944,1.602,0.065,0.281,28396,1959,26789,24830,3668,2214,239,1039,899,140,176,0,24833,738,289,0,0,0,0,5.000,0,0,0,0,0,0,0,0,0,0,0,0,0,0,0,0.000,0.000,0.000,,722,722,3572,0,1,46.805,218.423,47.970,219.724,0.000,0.000,721,717,14526,878,276,0,2527,4085,1036,1,fec-parity,pending,H.264,1,1,24,18,6,4,3,3,12,49,2,1,30272,1,30331,1,0,0,0,91.056,178,239,140,136,140,0,69.529,25.907,108.377,3,0,560,28,588,0,174,20,0.427,0.573,0.952,1.000,0.103,42.000,0.000,0.000,1.000,insufficient-sample,1331,11409,0,0,798,10537,2527,25116,531,854,2,18,25104,predicted-useful,fec-grace,4163,0.500,222,588,0,4,0,0,0,8,8,8,8,221,3641,221,3641,0,0,0,pacing,1,0.840,7.826,115.826,0,0,8,8,0,0,0,0,2,4,4,0,3,2,2,sent,63,170,0,6,50,4,0,0,3,7,2,4,1,3,1009,3,stale-age,1,0,0,0,10,0,0,0,0,0,0,21,0,0,3653,3133,150,0,1,9500000,1200000,0,0,0,30326,30326,37176470,1695,2087307,969,1197298,0,0,0,0,0,16.677,46.956,6337.312,4800.000,1556,55172,28383,12302,26789,14487,0.302,44.482,0.000,1556,4474353,7189282,1.020,-3.489,0.520,17.843,55172,2527,729,25116,610,1910,7,273,271,510,30,53,2,12,18,0,0,0,0,0,0,0,0,0,0,240,3,1,0,4,5014,4085,4085,0,0,0,0,0,,disabled,,0,0,0,0,,1,Fixed Quality,Hybrid,85,30,9500,12000,640,360,H.264,480,270,518400,28178,518400,28178,0.054,0.000,,0,0,0.000,2.558,0.000,0.000,0.067,7250,6750,6750,10,10,0,1,9500,1.000,0,16.677,0.000,0,0,0.000,0.000,0,0,0,0,0.303,0.650,0.048,1,0,0,disabled,24,0,0,122,269,122,115,32,204,204,0,5,large-au-observed,0,,0,0,19.955,23.729,0,,0.000,0.000,0.000,0.000,0,0,0,,38,0,0,4.591,0,1038,0.067,0.000,0.000,0.066,0.000,0.045,0.007,1,1,1,1,0,1,1,0,0,0,1,0,0.860,110.343,0.000,26,0,0.000,0,0,0,0.000,0.000,0.000,0.000,0.000,0.000,0.000,2.481,29.738,0,0,0,0,0,0,0,0,0.000,0.000,0.000,0.000,0.000,0.000,0,0.493,15.176,721,722,3572,47.830,219.605,98.634,219.605,30087.984,811,1,H.264,107.168,0,0,218.423,219.724,1.001,170.599,105.972,arrival-gap-jitter-spike,8218.698,0,1,1,1,1,38306.682,440.078,523.012,527.523,527.523,1,0,3,0,0,3,0,,,148.232,148.232,869,1,decoded,0,0,0,0,0,0,0,0,0,0,,103.444,0.000,106.596,0.000,0.000,0.000,131.226,stale-before-upload,0.001,1035,0.000,113.002,5.885,0.102,0.313,0.001,0.000,0.313,1,0,0,1,3,0.065,21.567,15.176,1.602,19.863,1.000,DecodeLoad,0,1,0,1.000,1,1,1,1,0.060,0.000,0.060,0,100,0,30364,28448,1875,0,1675
39.310,Custom_loss6_delay0-100_dup0_reorder6_burst0,Loopback,1,1,0,,,0.000,0,21,1063,12.261,16.430,13.537,90.259,102.447,24.268,60.926,53.538,0.064,0.283,29178,1999,27509,25510,3762,2282,244,1058,917,141,178,0,25513,756,299,0,0,0,0,5.000,0,0,0,0,0,0,0,0,0,0,0,0,0,0,0,0.000,0.000,0.000,,740,740,3666,0,1,26.882,218.423,28.021,219.724,0.000,0.000,739,735,14915,897,286,0,2599,4195,1064,1,nack-sent,pending,H.264,1,1,24,19,5,1,1,3,11,34,1,0,31138,14,31156,2,0,0,0,62.267,182,244,141,137,141,0,69.424,25.787,108.377,3,0,570,30,600,0,177,21,0.427,0.573,0.950,1.000,0.106,44.000,0.000,0.000,1.000,insufficient-sample,1366,11682,0,0,820,10789,2599,25711,544,875,2,18,25699,predicted-useful,fec-grace,4280,0.208,226,600,0,4,0,0,0,8,8,8,8,225,3703,225,3703,0,0,0,pacing,1,0.780,7.324,115.324,0,0,8,8,0,0,0,0,2,4,4,0,3,2,2,sent,65,178,0,6,52,4,0,0,3,7,2,4,1,3,1063,4,stale-age,1,0,0,0,10,0,0,0,0,0,0,21,0,0,3715,3227,154,0,1,9500000,1200000,0,0,0,31148,31148,38183530,1737,2138979,994,1227814,0,0,0,0,0,17.702,46.956,8580.875,4800.000,1598,56674,29168,12657,27506,14849,0.303,26.868,0.000,1598,5865301,8941106,2.121,2.113,0.473,16.768,56674,2599,747,25711,625,1967,7,283,281,526,32,57,2,12,20,0,0,0,0,0,0,0,0,0,0,248,3,1,0,4,5148,4195,4195,0,0,0,0,0,,disabled,,0,0,0,0,,1,Fixed Quality,Hybrid,85,30,9500,12000,640,360,H.264,480,270,518400,28178,518400,28178,0.054,0.000,,0,0,0.000,1.972,0.000,0.000,0.068,7250,6750,6750,10,10,0,1,9500,1.000,0,17.702,0.000,0,0,0.000,0.000,0,0,0,0,0.303,0.647,0.050,1,0,0,disabled,24,0,0,126,275,126,117,32,209,209,0,5,large-au-observed,0,,0,0,0.239,23.729,0,,0.000,0.000,0.000,0.000,0,0,0,,39,0,0,5.492,0,1065,0.068,0.000,0.000,0.068,0.000,0.046,0.006,1,1,1,1,0,1,1,0,0,0,0,0,1.000,0.000,0.000,30,0,0.000,0,0,0,0.000,0.000,0.000,0.000,0.000,0.000,0.000,1.897,9.785,0,0,0,0,0,0,0,0,0.000,0.000,0.000,0.000,0.000,0.000,0,0.347,16.430,739,740,3666,27.913,219.605,98.634,219.605,30087.984,811,1,H.264,107.168,0,0,218.423,219.724,1.001,170.599,105.972,arrival-gap-jitter-spike,9221.807,0,1,1,1,1,39309.791,440.078,523.012,527.523,527.523,1,0,3,0,0,3,0,,,148.232,148.232,869,1,decoded,0,0,0,0,0,0,0,0,0,0,,105.270,0.000,108.041,0.000,0.000,0.000,130.130,stale-before-upload,0.001,1063,0.000,114.524,6.116,0.075,0.761,0.486,0.000,0.276,1,0,0,1,3,0.064,12.261,16.430,53.538,13.537,2.000,RecoveryDeadline,0,1,0,1.000,0,1,1,1,0.060,0.000,0.060,0,100,0,31187,29226,1926,0,1724
40.319,Custom_loss6_delay0-100_dup0_reorder6_burst0,Loopback,1,1,0,,,0.000,0,21,1089,19.764,20.571,15.721,84.782,102.400,70.960,61.190,48.095,0.064,0.282,29840,2052,28136,26084,3854,2331,249,1093,946,147,181,0,26087,778,305,0,0,0,0,5.000,0,0,0,0,0,0,0,0,0,0,0,0,0,0,0,0.000,0.000,0.000,,759,759,3764,0,1,1.205,218.423,2.503,219.724,0.000,0.000,758,752,15260,925,289,0,2656,4291,1092,1,fec-parity,pending,H.264,0,1,22,3,19,1,0,0,0,0,0,0,31875,9,0,0,0,0,0,24.116,185,249,147,143,147,0,69.067,25.692,108.377,3,0,584,35,619,0,183,21,0.426,0.574,0.943,1.000,0.103,44.000,0.000,1.000,0.000,insufficient-sample,1394,11916,0,0,839,11008,2656,26254,553,890,2,18,26242,predicted-useful,fec-grace,4380,0.136,233,619,0,4,0,0,0,9,9,9,9,232,3808,232,3808,0,0,0,pacing,1,0.815,9.129,117.129,0,0,8,8,1,1,0,0,2,4,4,0,3,2,2,sent,66,181,0,6,53,4,0,0,3,7,2,4,1,3,1090,3,stale-age,1,0,0,0,10,0,0,0,0,0,0,21,0,0,3821,3298,158,0,1,9500000,1200000,0,0,0,31855,31855,39054129,1784,2197189,1017,1256160,0,0,0,0,0,0.034,46.956,5632.750,2681.800,1633,57955,29830,12929,28125,15196,0.302,3.608,0.927,1633,4534638,7031995,1.687,11.029,0.499,8.090,57955,2656,768,26254,642,2006,8,286,284,532,33,59,2,12,21,0,0,0,0,0,0,0,0,0,0,250,3,1,0,4,5273,4291,4291,0,0,0,0,0,,disabled,,0,0,0,0,,1,Fixed Quality,Hybrid,85,30,9500,12000,640,360,H.264,480,270,518400,0,518400,26096,0.050,0.000,,0,0,0.000,7.705,0.000,6.571,1.091,6250,6250,6250,11,11,0,1,9500,0.880,1,1.969,0.000,0,0,0.000,0.000,0,0,0,0,0.299,0.645,0.057,1,0,0,latency-pressure-freshness-hold,0,0,0,130,286,130,122,34,215,215,0,5,async-output-pending,0,,0,0,0.000,0.000,0,,12.241,7192.688,45673.077,0.000,0,0,0,,40,0,0,0.000,1,0,1.075,0.271,0.800,0.000,0.000,0.000,0.000,0,0,1,1,1,0,0,1,1,0,1,0,0.860,42.485,0.000,26,0,0.000,0,0,0,0.000,0.000,0.000,0.000,0.000,0.000,0.000,0.000,15.873,0,0,0,0,0,0,0,0,0.000,0.000,0.000,0.000,0.000,0.000,0,0.647,20.571,758,759,3764,3.691,219.605,98.634,219.605,30087.984,811,1,H.264,107.168,0,0,218.423,219.724,1.001,170.599,105.972,arrival-gap-jitter-spike,10231.771,0,1,1,1,1,40319.755,440.078,523.012,527.523,527.523,1,0,5,0,0,5,2,latency-pressure freshness,latency-over-80ms,139.936,148.232,1088,1,decoded,0,0,0,0,0,0,0,0,0,0,,99.458,0.000,102.712,0.000,0.000,0.000,127.391,stale-before-upload,0.001,1089,0.000,105.043,7.272,0.107,0.437,0.001,0.000,0.436,1,0,0,1,3,0.064,19.764,20.571,48.095,15.721,1.000,Jitter,0,1,0,0.000,2,3,3,1,0.060,0.000,0.060,0,100,0,31895,29897,1963,0,1755
41.324,Custom_loss6_delay0-100_dup0_reorder6_burst0,Loopback,1,1,0,,,0.000,0,21,1116,25.528,21.901,25.659,87.090,102.388,10.894,59.900,64.410,0.064,0.280,30529,2076,28766,26690,3957,2392,254,1128,972,156,183,0,26693,799,310,0,0,0,0,5.000,0,0,0,0,0,0,0,0,0,0,0,0,0,0,0,0.000,0.000,0.000,,780,780,3857,0,1,102.518,218.423,103.582,219.724,0.000,0.000,779,773,15626,955,294,0,2713,4397,1116,1,retransmit-late-after-completed,completed,H.264,1,1,23,23,0,0,0,3,0,2,1,0,32552,2,32552,2,32552,2,1,113.482,189,254,156,152,156,0,68.266,25.531,108.377,3,0,602,32,634,0,190,21,0.427,0.573,0.950,1.000,0.100,44.000,0.000,0.000,0.000,insufficient-sample,1429,12184,0,0,859,11253,2713,26741,568,913,2,18,26728,predicted-useful,likely-arrival,4483,0.348,238,634,0,4,0,0,0,9,9,9,9,237,3874,237,3874,0,0,0,pacing,1,0.747,5.766,113.766,0,0,9,9,0,0,0,0,2,4,4,0,3,2,2,sent,70,194,0,6,57,4,0,0,3,7,2,4,1,3,1116,2,stale-age,1,0,0,0,12,0,0,0,0,0,0,24,0,0,3887,3372,162,0,1,9500000,1200000,0,0,0,32573,32573,39940431,1828,2251509,1041,1286056,0,0,0,0,0,12.541,46.956,5049.062,3020.850,1670,59271,30511,13232,28760,15528,0.302,5.323,1.516,1670,3860735,6226459,1.602,-3.190,0.523,12.469,59271,2713,789,26741,657,2048,8,291,289,541,34,61,2,12,22,0,0,0,0,0,0,0,0,0,0,254,3,1,0,4,5397,4397,4397,0,0,0,0,0,,disabled,,0,0,0,0,,1,Fixed Quality,Hybrid,85,30,9500,12000,640,360,H.264,480,270,518400,0,518400,27138,0.052,0.000,,0,0,0.000,5.379,0.000,4.715,0.645,7250,6500,6500,12,12,0,1,9500,1.000,0,15.688,0.000,0,0,0.000,0.000,0,0,0,0,0.000,1.000,0.000,1,0,0,disabled,0,0,0,134,293,134,125,34,220,220,0,5,async-output-pending,0,,0,0,0.000,0.000,0,,12.541,5049.062,39583.333,0.000,0,0,0,,41,0,0,0.000,1,0,0.635,0.190,0.444,0.000,0.000,0.000,0.000,0,0,1,1,1,0,0,1,1,0,0,0,1.000,0.000,0.000,30,0,0.000,0,0,0,0.000,0.000,0.000,0.000,0.000,0.000,0.000,0.000,24.421,0,0,0,0,0,0,0,0,0.000,0.000,0.000,0.000,0.000,0.000,0,0.462,21.901,779,780,3857,103.415,219.605,98.634,219.605,30087.984,811,1,H.264,107.168,0,0,218.423,219.724,1.001,170.599,105.972,arrival-gap-jitter-spike,11236.481,0,1,1,1,1,41324.465,440.078,523.012,527.523,527.523,1,0,5,0,0,5,0,,,139.936,148.232,1088,1,decoded,0,0,0,0,0,0,0,0,0,0,,99.392,0.000,102.154,0.000,0.000,0.000,128.545,stale-before-upload,0.001,1116,0.000,109.418,6.838,0.089,0.519,0.211,0.000,0.308,1,0,0,1,3,0.064,25.528,21.901,64.410,25.659,2.000,RecoveryDeadline,0,1,0,0.000,0,1,1,1,0.060,0.000,0.060,0,100,0,32614,30581,2003,0,1798
42.325,Custom_loss6_delay0-100_dup0_reorder6_burst0,Loopback,1,1,0,,,0.000,0,21,1143,21.652,22.196,21.629,83.120,102.404,34.858,59.274,3.989,0.065,0.281,31277,2168,29513,27345,4046,2444,258,1152,991,161,192,0,27348,817,319,0,0,0,0,5.000,0,0,0,0,0,0,0,0,0,0,0,0,0,0,0,0.000,0.000,0.000,,798,798,3947,0,1,49.090,218.423,50.173,219.724,0.000,0.000,797,791,16013,978,303,0,2783,4495,1146,1,fec-recovered,pending,H.264,1,1,24,12,12,3,1,2,6,35,0,0,33404,22,0,0,0,0,0,51.186,193,258,161,157,161,0,67.912,25.568,108.377,3,0,615,36,651,0,193,21,0.428,0.572,0.945,1.000,0.098,44.000,0.000,0.000,0.000,insufficient-sample,1468,12474,0,0,881,11515,2783,27399,585,941,2,18,27384,predicted-useful,likely-arrival,4590,0.667,245,651,0,4,0,0,0,11,13,11,13,244,3983,244,3983,0,0,0,pacing,1,0.803,8.856,116.856,0,0,11,13,0,0,0,0,2,4,4,0,3,2,2,sent,71,196,0,6,58,4,0,0,3,7,2,4,1,3,1117,2,stale-age,1,0,0,0,15,0,0,0,0,0,0,24,0,0,4000,3454,166,0,1,9500000,1200000,0,0,0,33406,33406,40964667,1875,2309403,1066,1317204,0,0,0,0,0,17.933,46.956,8821.562,3703.800,1712,60772,31265,13604,29507,15903,0.303,24.364,5.422,1712,3723468,6468766,2.083,23.964,0.552,17.993,60772,2783,807,27399,675,2100,8,300,298,564,34,61,2,12,22,0,0,0,0,0,0,0,0,0,0,263,3,1,0,4,5537,4495,4495,0,0,0,0,0,,disabled,,0,0,0,0,,1,Fixed Quality,Hybrid,85,30,9500,12000,640,360,H.264,480,270,518400,0,518400,28176,0.054,0.000,,0,0,0.000,5.326,0.000,4.117,1.185,7250,6750,6750,13,13,0,1,9500,1.000,0,17.933,0.000,0,0,0.000,0.000,0,0,0,0,0.296,0.648,0.055,1,0,0,disabled,0,0,0,138,302,138,128,36,226,226,0,5,async-output-pending,0,,0,0,0.000,0.000,0,,17.933,8821.562,39583.333,0.000,0,0,0,,42,0,0,0.000,1,0,1.175,0.665,0.508,0.000,0.000,0.000,0.000,0,0,1,1,1,0,0,1,1,0,0,0,1.000,0.000,0.000,30,0,0.000,0,0,0,0.000,0.000,0.000,0.000,0.000,0.000,0.000,0.000,20.549,0,0,0,0,0,0,0,0,0.000,0.000,0.000,0.000,0.000,0.000,0,0.397,22.196,797,798,3947,50.104,219.605,98.634,219.605,30087.984,811,1,H.264,107.168,0,0,218.423,219.724,1.001,170.599,105.972,arrival-gap-jitter-spike,12237.684,0,1,1,1,1,42325.668,440.078,523.012,527.523,527.523,1,0,5,0,0,5,0,,,139.936,148.232,1088,1,decoded,0,0,0,0,0,0,0,0,0,0,,102.678,0.000,105.809,0.000,0.000,0.000,121.560,stale-before-upload,0.001,1143,0.000,112.036,5.783,0.101,0.315,0.000,0.000,0.314,1,0,0,1,3,0.065,21.652,22.196,3.989,21.629,1.000,Loss,0,1,0,0.000,2,1,1,1,0.060,0.000,0.060,0,100,0,33448,31338,2064,0,1842
43.331,Custom_loss6_delay0-100_dup0_reorder6_burst0,Loopback,1,1,0,,,0.000,0,21,1173,19.659,19.620,19.653,87.003,102.396,72.853,59.606,33.933,0.064,0.278,32097,2197,30245,28048,4157,2517,264,1180,1016,164,196,0,28051,841,324,0,0,0,0,5.000,0,0,0,0,0,0,0,0,0,0,0,0,0,0,0,0.000,0.000,0.000,,822,822,4036,0,1,14.981,218.423,16.933,219.724,0.000,0.000,821,815,16418,1005,308,0,2844,4617,1174,1,nack-sent,pending,H.264,1,1,24,12,12,3,1,2,2,27,0,0,34250,12,0,0,0,0,0,40.353,198,264,164,160,164,0,67.774,25.647,108.377,3,0,629,34,663,0,195,23,0.429,0.571,0.949,1.000,0.106,44.000,0.000,0.000,1.000,insufficient-sample,1508,12810,0,0,906,11830,2844,27922,600,962,2,18,27907,predicted-useful,likely-arrival,4702,0.792,249,663,0,4,0,0,0,11,13,11,13,249,4065,249,4065,0,0,0,pacing,1,0.787,9.671,117.671,0,0,11,13,0,0,0,0,2,4,4,0,3,2,2,sent,72,199,0,6,59,4,0,0,3,7,2,4,1,3,1145,3,stale-age,1,0,0,0,15,0,0,0,0,0,0,24,0,0,4082,3536,170,0,1,9500000,1200000,1,1,0,34260,34259,42009717,1918,2362321,1093,1350218,0,0,0,0,0,0.043,46.956,11451.062,3455.000,1759,62333,32090,13847,30243,16396,0.301,46.173,0.000,1759,5165306,8922084,1.646,26.770,0.499,32.770,62333,2844,831,27922,684,2152,8,305,303,573,36,65,2,12,24,0,0,0,0,0,0,0,0,0,0,266,3,1,0,4,5676,4617,4617,0,0,0,0,0,,disabled,,0,0,0,0,,1,Fixed Quality,Hybrid,85,30,9500,12000,640,360,H.264,480,270,518400,28178,518400,28178,0.054,0.000,,0,0,0.000,3.363,0.000,0.000,0.137,7250,6750,6750,13,13,0,1,9500,1.000,0,15.986,0.000,0,0,0.000,0.000,0,0,0,0,0.299,0.650,0.051,1,0,0,disabled,24,1,1,141,306,141,129,36,230,230,2,5,decoder-sync-observed,0,,0,0,0.021,23.729,0,,0.000,0.000,0.000,0.000,0,0,0,,43,0,0,7.814,0,1175,0.136,0.000,0.000,0.135,0.000,0.099,0.010,1,1,1,1,0,1,1,0,0,0,1,0,0.860,64.569,0.000,26,0,0.000,0,0,0,0.000,0.000,0.000,0.000,0.000,0.000,0.000,3.211,20.071,0,0,0,0,0,0,0,0,0.000,0.000,0.000,0.000,0.000,0.000,0,0.588,19.620,821,822,4036,16.384,219.605,98.634,219.605,30087.984,811,1,H.264,107.168,0,0,218.423,219.724,1.001,170.599,105.972,arrival-gap-jitter-spike,13243.907,0,1,1,1,1,43331.891,440.078,523.012,527.523,527.523,1,0,5,0,0,5,0,,,139.936,148.232,1088,1,decoded,0,0,0,0,0,0,0,0,0,0,,104.485,0.000,108.550,0.000,0.000,0.000,123.501,stale-before-upload,0.001,1173,0.000,116.172,7.028,0.113,0.422,0.001,0.000,0.421,1,0,0,1,3,0.064,19.659,19.620,33.933,19.653,1.000,RecoveryDeadline,0,1,0,0.000,2,3,3,1,0.060,0.000,0.060,0,100,0,34302,32151,2111,0,1887
44.334,Custom_loss6_delay0-100_dup0_reorder6_burst0,Loopback,1,1,0,,,0.000,0,21,1199,21.828,21.880,16.553,109.709,102.368,105.039,60.687,21.027,0.064,0.278,32776,2241,30875,28634,4239,2561,270,1210,1041,169,198,0,28637,860,331,0,0,0,0,5.000,0,0,0,0,0,0,0,0,0,0,0,0,0,0,0,0.000,0.000,0.000,,841,841,4127,0,1,69.375,218.423,70.488,219.724,0.000,0.000,840,833,16777,1029,315,0,2903,4714,1201,1,nack-sent,pending,H.264,1,1,22,4,18,2,0,1,0,18,0,0,35009,15,0,0,0,0,0,25.856,201,270,169,163,169,0,67.122,25.284,108.377,3,0,643,33,676,0,198,23,0.427,0.573,0.951,1.000,0.104,44.000,0.000,1.000,0.000,insufficient-sample,1546,13061,0,0,928,12056,2903,28437,616,987,2,18,28419,predicted-useful,likely-arrival,4800,0.000,255,676,0,4,0,0,0,11,13,11,13,253,4135,253,4135,0,0,0,pacing,1,0.784,5.232,113.232,0,0,11,13,0,0,0,0,3,6,6,0,1189,2,2,sent,75,206,0,6,61,4,0,0,4,9,3,6,1,3,1188,2,stale-age,1,0,0,0,18,0,0,0,0,0,0,24,0,0,4152,3608,174,0,1,9500000,1200000,9,0,9,35006,34997,42916509,1958,2411433,1116,1378870,0,0,0,0,0,0.683,46.956,1015.312,3511.450,1796,63645,32770,14162,30875,16713,0.302,62.252,0.057,1796,4588741,7752208,1.698,27.853,0.484,23.004,63645,2901,849,28412,695,2198,8,312,310,585,37,66,1,13,24,0,0,0,0,0,0,0,0,0,0,272,3,1,0,4,5801,4714,4714,0,0,0,0,0,,disabled,,0,0,0,0,,1,Fixed Quality,Hybrid,85,30,9500,12000,640,360,H.264,480,270,518400,26096,518400,26096,0.050,0.000,,0,0,0.000,1.791,0.000,0.000,0.075,6250,6250,6250,14,14,0,1,9500,0.880,1,5.911,0.000,0,0,0.000,0.000,0,0,0,0,0.297,0.654,0.049,1,0,0,latency-pressure-freshness-hold,22,1,1,145,313,145,131,37,235,235,2,5,decoder-sync-observed,0,,0,0,7.449,21.976,0,,0.000,0.000,0.000,0.000,0,0,0,,44,0,0,5.552,0,1202,0.075,0.000,0.000,0.075,0.000,0.054,0.006,1,1,1,1,0,1,1,0,0,0,0,0,1.000,0.000,0.000,27,0,0.000,0,0,0,0.000,0.000,0.000,0.000,0.000,0.000,0.000,1.708,10.005,0,0,0,0,0,0,0,0,0.000,0.000,0.000,0.000,0.000,0.000,0,0.400,21.880,840,841,4128,70.207,219.605,98.634,219.605,30087.984,811,1,H.264,107.168,0,0,218.423,219.724,1.001,170.599,105.972,arrival-gap-jitter-spike,14246.144,0,1,1,1,1,44334.128,440.078,523.012,527.523,527.523,1,0,6,0,0,6,1,latency-pressure freshness,latency-over-80ms,135.266,148.232,1184,1,decoded,0,0,0,0,0,0,0,0,0,0,,102.911,0.000,105.672,0.000,0.000,0.000,134.855,stale-before-upload,0.001,1199,0.000,111.355,5.523,0.087,0.252,0.001,0.000,0.251,1,0,0,1,3,0.064,21.828,21.880,21.027,16.553,1.000,Loss,0,1,0,0.000,2,1,1,1,0.060,0.000,0.060,0,100,0,35041,32836,2161,0,1929
45.338,Custom_loss6_delay0-100_dup0_reorder6_burst0,Loopback,1,1,0,,,0.000,0,21,1226,13.989,13.978,17.044,98.906,102.521,105.039,60.687,45.120,0.064,0.280,33504,2299,31561,29262,4340,2631,277,1229,1057,172,203,0,29265,878,341,0,0,0,0,5.000,0,0,0,0,0,0,0,0,0,0,0,0,0,0,0,0.000,0.000,0.000,,858,858,4226,0,1,0.107,218.423,1.264,219.724,0.000,0.000,857,848,17182,1050,324,0,2969,4828,1228,1,nack-sent,pending,H.264,1,1,23,7,16,1,0,1,0,16,0,0,35790,14,0,0,0,0,0,25.417,203,277,172,166,172,0,67.125,25.698,110.291,3,0,655,33,688,0,199,24,0.423,0.577,0.952,1.000,0.108,39.000,0.000,1.000,1.000,retransmit-late,1596,13348,0,0,950,12305,2969,28983,644,1025,2,18,28964,predicted-useful,fec-grace,4907,0.000,259,688,0,4,0,0,0,11,13,11,13,257,4193,257,4193,0,0,0,pacing,1,0.796,5.970,113.970,0,0,11,13,0,0,0,0,3,6,6,0,1189,2,2,sent,78,213,0,6,64,4,0,0,4,9,3,6,1,3,1215,3,stale-age,1,0,0,0,18,0,0,0,0,0,0,25,0,0,4210,3692,178,0,1,9500000,1200000,0,0,0,35760,35760,43856785,1999,2462021,1141,1409554,0,0,0,0,0,5.942,46.956,319.250,794.650,1836,65042,33487,14504,31555,17051,0.302,6.580,0.224,1836,7693844,10451898,1.105,27.853,0.515,10.166,65042,2968,867,28967,710,2250,8,321,319,598,38,68,2,13,25,0,0,0,0,0,0,0,0,0,0,280,3,1,0,4,5937,4828,4828,0,0,0,0,0,,disabled,,0,0,0,0,,1,Fixed Quality,Hybrid,85,30,9500,12000,640,360,H.264,480,270,518400,27136,518400,27136,0.052,0.000,,0,0,0.000,2.254,0.000,0.000,0.072,7250,6500,6500,15,15,0,1,9500,1.000,0,8.834,0.000,0,0,0.000,0.000,0,0,0,0,0.295,0.657,0.048,1,0,0,disabled,23,1,1,148,319,148,134,37,239,239,1,5,keyframe-g4-priority,0,,0,0,19.182,22.851,0,,0.000,0.000,0.000,0.000,0,0,0,,45,0,0,2.788,0,1228,0.072,0.000,0.000,0.072,0.000,0.043,0.010,1,1,1,1,0,1,1,0,0,0,0,0,1.000,0.000,0.000,30,0,0.000,0,0,0,0.000,0.000,0.000,0.000,0.000,0.000,0.000,2.148,30.635,0,0,0,0,0,0,0,0,0.000,0.000,0.000,0.000,0.000,0.000,0,0.372,13.978,857,858,4226,1.459,219.605,98.634,219.605,30087.984,811,1,H.264,107.168,0,0,218.423,219.724,1.001,170.599,105.972,arrival-gap-jitter-spike,15250.113,0,1,1,1,1,45338.097,440.078,523.012,527.523,527.523,1,0,6,0,0,6,0,,,135.266,148.232,1184,1,decoded,0,0,0,0,0,0,0,0,0,0,,110.956,0.000,113.839,3.918,0.000,107.763,134.453,stale-before-upload,0.001,1223,0.000,116.719,4.936,0.082,0.325,0.001,0.000,0.325,1,0,0,1,3,0.064,13.989,13.978,45.120,17.044,1.000,Jitter,0,1,0,1.000,0,1,1,1,0.060,0.000,0.060,0,100,0,35805,33568,2211,0,1978
46.339,Custom_loss6_delay0-100_dup0_reorder6_burst0,Loopback,1,1,0,,,0.000,0,21,1252,24.421,24.427,19.786,95.285,102.512,18.299,59.702,5.312,0.064,0.277,34193,2348,32196,29848,4425,2686,281,1253,1079,174,205,0,29851,900,344,0,0,0,0,5.000,0,0,0,0,0,0,0,0,0,0,0,0,0,0,0,0.000,0.000,0.000,,880,880,4319,0,1,33.938,218.423,35.636,219.724,0.000,0.000,879,871,17550,1074,327,0,3026,4941,1253,1,nack-deferred-likely-arrival,pending,H.264,0,1,23,21,2,4,4,1,5,11,0,0,36494,9,0,0,0,0,0,80.016,209,281,174,168,174,0,67.019,25.472,110.291,3,0,667,33,700,0,205,24,0.427,0.573,0.953,1.000,0.105,43.000,0.333,0.667,0.000,stable,1627,13631,0,0,970,12573,3026,29489,655,1040,2,18,29470,deferred-likely-arrival,likely-arrival,5012,0.478,263,700,0,4,0,0,0,11,13,11,13,261,4254,261,4254,0,0,0,pacing,1,0.799,11.476,119.476,0,0,11,13,0,0,0,0,3,6,6,0,1189,2,2,sent,79,217,0,6,65,4,0,0,4,9,3,6,1,3,1229,4,stale-age,1,0,0,0,18,0,0,0,0,0,0,25,0,0,4271,3770,181,0,1,9500000,1200000,0,0,0,36497,36497,44763227,2011,2476949,1141,1409554,0,0,0,0,0,10.610,46.956,2477.750,4800.000,1873,66369,34182,14772,32187,17415,0.302,20.835,0.057,1873,5283246,8236246,1.529,4.935,0.479,12.417,66369,3026,889,29489,725,2293,8,324,322,604,38,68,2,13,25,0,0,0,0,0,0,0,0,0,0,283,3,1,0,4,6067,4941,4941,0,0,0,0,0,,disabled,,0,0,0,0,,1,Fixed Quality,Hybrid,85,30,9500,12000,640,360,H.264,480,270,518400,0,518400,27136,0.052,0.000,,0,0,0.000,2.803,0.000,0.000,0.127,7000,6500,6500,15,15,0,1,9500,0.988,1,10.610,0.000,0,0,0.000,0.000,0,0,0,0,0.299,0.654,0.047,1,0,0,fixed-pacing-queue-hold,0,0,0,152,327,152,138,37,243,243,0,5,async-output-pending,0,,0,0,0.000,0.000,0,,0.000,0.000,0.000,0.000,0,0,0,,45,0,0,13.610,0,1255,0.126,0.000,0.000,0.126,0.000,0.085,0.014,1,1,1,1,0,1,1,0,1,0,1,0,0.860,179.992,0.000,24,0,0.000,0,0,0,0.000,0.000,0.000,0.000,0.000,0.000,0.000,0.000,10.245,0,0,0,0,0,0,0,0,0.000,0.000,0.000,0.000,0.000,0.000,0,0.610,24.427,879,880,4319,35.427,219.605,98.634,219.605,30087.984,811,1,H.264,107.168,0,0,218.423,219.724,1.001,170.599,105.972,arrival-gap-jitter-spike,16250.998,0,1,1,1,1,46338.982,440.078,523.012,527.523,527.523,1,0,7,0,0,7,1,latency-pressure freshness,latency-over-80ms,143.302,148.232,1225,1,decoded,0,0,0,0,0,0,0,0,0,0,,102.749,0.000,106.429,0.000,0.000,0.000,127.642,stale-before-upload,0.001,1252,0.000,113.024,6.004,0.126,0.428,0.001,0.000,0.427,1,0,0,1,3,0.064,24.421,24.427,5.312,19.786,1.000,Loss,0,1,0,0.000,2,3,3,1,0.060,0.000,0.060,0,100,0,36543,34255,2258,0,2012
47.339,Custom_loss6_delay0-100_dup0_reorder6_burst0,Loopback,1,1,0,,,0.000,0,21,1278,17.709,15.955,17.858,95.547,102.451,165.007,62.095,22.988,0.064,0.276,34832,2399,32801,30402,4508,2732,289,1281,1100,181,206,0,30405,919,350,0,0,0,0,5.000,0,0,0,0,0,0,0,0,0,0,0,0,0,0,0,0.000,0.000,0.000,,898,898,4414,0,1,32.408,218.423,33.479,219.724,0.000,0.000,897,888,17892,1100,332,0,3081,5036,1280,1,nack-sent,pending,H.264,0,1,22,11,11,3,1,1,0,11,0,0,37187,6,0,0,0,0,0,57.295,211,289,181,175,181,0,66.615,25.505,110.291,3,0,684,35,719,0,208,25,0.422,0.578,0.951,1.000,0.107,45.000,0.167,0.833,0.000,duplicate-guard,1659,13850,0,0,986,12771,3081,29991,671,1061,2,18,29971,predicted-useful,fec-grace,5104,0.227,270,719,0,4,0,0,0,12,14,12,14,268,4354,268,4354,0,0,0,pacing,1,0.775,10.819,118.819,0,0,12,14,0,0,0,0,3,6,6,0,1189,2,2,sent,81,222,0,6,67,4,0,0,4,9,3,6,1,3,1270,2,stale-age,1,0,0,0,20,0,0,0,0,0,0,27,0,0,4372,3835,185,1,1,9500000,1200000,0,0,0,37190,37190,45614696,2060,2537585,1166,1440326,0,0,0,0,0,15.237,46.956,7725.125,4800.000,1910,67620,34820,15088,32800,17712,0.302,20.381,0.000,1910,4288779,6947097,2.167,33.289,0.549,14.024,67620,3080,906,29980,746,2326,8,329,327,611,40,70,1,15,25,0,0,0,0,0,0,0,0,0,0,286,3,1,0,4,6186,5036,5036,0,0,0,0,0,,disabled,,0,0,0,0,,1,Fixed Quality,Hybrid,85,30,9500,12000,640,360,H.264,480,270,518400,26096,518400,26096,0.050,0.000,,0,0,0.000,1.843,0.000,0.000,0.078,6750,6250,6250,17,17,0,1,9500,0.936,1,15.237,0.000,0,0,0.000,0.000,0,0,0,0,0.293,0.658,0.049,1,0,0,fixed-pacing-queue-hold,22,0,0,155,336,155,142,39,250,250,0,5,large-au-observed,0,,0,0,14.666,21.976,0,,0.000,0.000,0.000,0.000,0,0,0,,46,0,0,6.313,0,1281,0.077,0.000,0.000,0.077,0.000,0.055,0.008,1,1,1,1,0,1,1,0,0,0,0,0,1.000,0.000,0.000,27,0,0.000,0,0,0,0.000,0.000,0.000,0.000,0.000,0.000,0.000,1.757,10.328,0,0,0,0,0,0,0,0,0.000,0.000,0.000,0.000,0.000,0.000,0,0.503,15.953,897,898,4414,33.396,219.605,98.634,219.605,30087.984,811,1,H.264,107.168,0,0,218.423,219.724,1.001,170.599,105.972,arrival-gap-jitter-spike,17251.410,0,1,1,1,1,47339.394,440.078,523.012,527.523,527.523,1,0,8,0,0,8,1,latency-pressure freshness,latency-over-80ms,140.591,148.232,1257,1,decoded,0,0,0,0,0,0,0,0,0,0,,100.105,0.000,102.785,0.000,0.000,0.000,127.773,stale-before-upload,0.001,1278,0.000,108.108,5.051,0.078,0.245,0.001,0.000,0.244,1,0,0,1,3,0.064,17.709,15.955,22.988,17.858,1.000,RecoveryDeadline,0,1,0,1.000,1,1,1,1,0.060,0.000,0.060,0,100,0,37237,34895,2310,0,2054
48.343,Custom_loss6_delay0-100_dup0_reorder6_burst0,Loopback,1,1,0,,,0.000,0,21,1305,13.620,13.638,13.328,89.209,102.409,33.730,61.465,44.382,0.064,0.278,35528,2438,33454,31016,4603,2783,298,1314,1127,187,208,0,31019,935,360,0,0,0,0,5.000,0,0,0,0,0,0,0,0,0,0,0,0,0,0,0,0.000,0.000,0.000,,914,914,4504,0,1,27.923,218.423,29.042,219.724,0.000,0.000,913,904,18268,1122,342,0,3142,5140,1306,1,fec-recovered,pending,H.264,0,1,23,19,4,3,2,1,5,11,0,0,37924,11,0,0,0,0,0,69.305,214,298,187,181,187,0,66.368,25.166,110.291,3,0,702,35,737,0,212,25,0.418,0.582,0.953,1.000,0.105,45.000,0.333,0.667,0.000,duplicate-guard,1699,14087,0,0,1004,12973,3142,30524,693,1096,2,18,30503,predicted-useful,fec-grace,5204,0.000,276,737,0,4,0,0,0,12,14,12,14,274,4441,274,4441,0,0,0,pacing,1,0.782,11.751,119.751,0,0,12,14,0,0,0,0,3,6,6,0,1189,2,2,sent,83,230,0,6,69,4,0,0,4,9,3,6,1,3,1296,4,stale-age,1,0,0,0,20,0,0,0,0,0,0,27,0,0,4459,3909,188,0,1,9500000,1200000,3,0,3,37952,37949,46549908,2106,2594553,1191,1471466,0,0,0,0,0,7.287,46.956,671.500,4800.000,1947,68977,35523,15336,33454,18118,0.302,1.502,1.025,1947,5520331,8327288,1.827,0.376,0.459,13.935,68977,3142,922,30524,769,2365,8,339,337,631,43,76,2,15,28,0,0,0,0,0,0,0,0,0,0,293,3,1,0,4,6313,5140,5140,0,0,0,0,0,,disabled,,0,0,0,0,,1,Fixed Quality,Hybrid,85,30,9500,12000,640,360,H.264,480,270,518400,27136,518400,27136,0.052,0.000,,0,0,0.000,2.161,0.000,0.000,0.089,7250,6500,6500,18,18,0,1,9500,1.000,0,13.811,0.000,0,0,0.000,0.000,0,0,0,0,0.290,0.662,0.047,1,0,0,disabled,23,0,0,159,346,159,148,39,258,258,0,5,large-au-observed,0,,0,0,17.830,22.851,0,,0.000,0.000,0.000,0.000,0,0,0,,47,0,0,5.629,0,1308,0.089,0.000,0.000,0.088,0.000,0.061,0.009,1,1,1,1,0,1,1,0,0,0,1,0,0.860,142.244,0.000,26,0,0.000,0,0,0,0.000,0.000,0.000,0.000,0.000,0.000,0.000,2.063,10.063,0,0,0,0,0,0,0,0,0.000,0.000,0.000,0.000,0.000,0.000,0,0.419,13.638,913,914,4504,29.036,219.605,98.634,219.605,30087.984,811,1,H.264,107.168,0,0,218.423,219.724,1.001,170.599,105.972,arrival-gap-jitter-spike,18254.772,0,1,1,1,1,48342.756,440.078,523.012,527.523,527.523,1,0,8,0,0,8,0,,,140.591,148.232,1257,1,decoded,0,0,0,0,0,0,0,0,0,0,,98.633,0.000,101.972,0.000,0.000,0.000,129.605,stale-before-upload,0.001,1305,0.000,108.026,5.627,0.091,0.386,0.001,0.000,0.386,1,0,0,1,3,0.064,13.620,13.638,44.382,13.328,1.000,Jitter,0,1,0,1.000,0,1,1,1,0.060,0.000,0.060,0,100,0,37997,35588,2364,0,2091
49.344,Custom_loss6_delay0-100_dup0_reorder6_burst0,Loopback,1,1,0,,,0.000,0,21,1332,17.776,17.765,18.346,96.453,102.404,90.040,62.086,28.055,0.065,0.278,36263,2516,34176,31660,4693,2830,307,1347,1153,194,209,0,31663,954,367,0,0,0,0,5.000,0,0,0,0,0,0,0,0,0,0,0,0,0,0,0,0.000,0.000,0.000,,933,933,4597,0,1,26.731,218.423,28.201,219.724,0.000,0.000,932,923,18638,1148,349,0,3209,5241,1333,1,fec-parity,pending,H.264,0,1,24,16,8,4,1,2,6,26,0,0,38714,16,0,0,0,0,0,85.924,216,307,194,188,194,0,66.473,24.746,110.291,3,0,720,35,755,0,218,25,0.413,0.587,0.954,1.000,0.103,45.000,0.000,1.000,0.000,duplicate-guard,1731,14334,0,0,1022,13196,3209,31216,707,1120,2,18,31193,predicted-useful,fec-grace,5311,0.458,282,755,0,4,0,0,0,12,14,12,14,280,4537,280,4537,0,0,0,pacing,1,0.792,5.217,113.217,0,0,12,14,0,0,0,0,3,6,6,0,1189,2,2,sent,83,230,0,6,69,4,0,0,4,9,3,6,1,3,1296,4,stale-age,1,0,0,0,20,0,0,0,0,0,0,27,0,0,4555,3990,192,0,1,9500000,1200000,0,0,0,38739,38739,47519760,2153,2652605,1216,1502606,0,0,0,0,0,16.571,46.956,620.688,4800.000,1988,70428,36253,15654,34175,18521,0.302,5.333,1.015,1988,5851663,8794306,1.730,11.563,0.513,15.171,70428,3209,941,31216,796,2405,8,346,344,644,45,79,2,16,29,0,0,0,0,0,0,0,0,0,0,298,3,1,0,4,6439,5241,5241,0,0,0,0,0,,disabled,,0,0,0,0,,1,Fixed Quality,Hybrid,85,30,9500,12000,640,360,H.264,480,270,518400,0,518400,28178,0.054,0.000,,0,0,0.000,6.267,0.000,5.440,0.787,7250,6750,6750,19,19,0,1,9500,1.000,0,16.571,0.000,0,0,0.000,0.000,0,0,0,0,0.286,0.668,0.046,1,0,0,disabled,0,0,0,163,358,163,153,42,267,267,0,5,async-output-pending,0,,0,0,0.000,0.000,0,,16.571,620.688,39583.333,0.000,0,0,0,,48,0,0,0.000,1,0,0.773,0.197,0.574,0.000,0.000,0.000,0.000,0,0,1,1,1,0,0,1,1,0,0,0,1.000,0.000,0.000,30,0,0.000,0,0,0,0.000,0.000,0.000,0.000,0.000,0.000,0.000,0.000,27.659,0,0,0,0,0,0,0,0,0.000,0.000,0.000,0.000,0.000,0.000,0,0.599,17.765,932,933,4597,28.113,219.605,98.634,219.605,30087.984,811,1,H.264,107.168,0,0,218.423,219.724,1.001,170.599,105.972,arrival-gap-jitter-spike,19256.472,0,1,1,1,1,49344.456,440.078,523.012,527.523,527.523,1,0,8,0,0,8,0,,,140.591,148.232,1257,1,decoded,0,0,0,0,0,0,0,0,0,0,,102.847,0.000,106.587,0.000,0.000,0.000,128.226,stale-before-upload,0.001,1332,0.000,113.754,6.551,0.116,0.408,0.001,0.000,0.407,1,0,0,1,3,0.065,17.776,17.765,28.055,18.346,1.000,RecoveryDeadline,0,1,0,1.000,0,1,1,1,0.060,0.000,0.060,0,100,0,38788,36327,2417,0,2134
50.348,Custom_loss6_delay0-100_dup0_reorder6_burst0,Loopback,1,1,0,,,0.000,0,21,1361,18.934,18.937,18.769,100.137,102.426,40.162,61.619,12.135,0.065,0.277,37045,2566,34912,32346,4799,2894,313,1382,1181,201,210,0,32349,975,373,0,0,0,0,5.000,0,0,0,0,0,0,0,0,0,0,0,0,0,0,0,0.000,0.000,0.000,,954,954,4688,0,1,39.410,218.423,40.680,219.724,0.000,0.000,953,944,19035,1176,355,0,3277,5354,1362,1,nack-sent,pending,H.264,0,1,24,20,4,3,2,2,5,15,0,0,39531,0,0,0,0,0,0,76.702,223,313,201,195,201,0,66.760,24.277,110.291,3,0,740,37,777,0,227,25,0.416,0.584,0.952,1.000,0.099,45.000,0.375,0.625,0.000,duplicate-guard,1763,14583,0,0,1040,13422,3277,31849,721,1143,2,18,31825,predicted-useful,fec-grace,5424,0.000,290,777,0,4,0,0,0,12,14,12,14,288,4663,288,4663,0,0,0,pacing,1,0.768,10.441,118.441,0,0,12,14,0,0,0,0,3,6,6,0,1189,2,2,sent,85,236,0,6,71,4,0,0,4,9,3,6,1,3,1342,2,stale-age,1,0,0,0,22,0,0,0,0,0,0,27,0,0,4681,4073,196,0,1,9500000,1200000,4,0,4,39571,39567,48534250,2205,2716719,1243,1535604,0,0,0,0,0,17.630,46.956,653.062,4800.000,2029,71914,37027,15923,34887,18964,0.301,27.408,2.879,2029,6629514,9825450,2.099,-0.725,0.471,18.521,71914,3276,962,31845,820,2448,8,352,350,654,46,81,2,16,30,0,0,0,0,0,0,0,0,0,0,303,3,1,0,4,6576,5354,5354,0,0,0,0,0,,disabled,,0,0,0,0,,1,Fixed Quality,Hybrid,85,30,9500,12000,640,360,H.264,480,270,518400,28176,518400,28176,0.054,0.000,,0,0,0.000,2.380,0.000,0.000,0.090,7250,6750,6750,19,19,0,1,9500,1.000,0,17.630,0.000,0,0,0.000,0.000,0,0,0,0,0.287,0.665,0.048,1,0,0,disabled,24,0,0,167,368,167,159,42,275,275,0,5,large-au-observed,0,,0,0,17.422,23.727,0,,0.000,0.000,0.000,0.000,0,0,0,,49,0,0,5.893,0,1364,0.090,0.000,0.000,0.089,0.000,0.062,0.010,1,1,1,1,0,1,1,0,0,0,1,0,0.860,154.721,0.000,26,0,0.000,0,0,0,0.000,0.000,0.000,0.000,0.000,0.000,0.000,2.281,10.298,0,0,0,0,0,0,0,0,0.000,0.000,0.000,0.000,0.000,0.000,0,0.433,18.937,953,954,4688,40.815,219.605,98.634,219.605,30087.984,811,1,H.264,107.168,0,0,218.423,219.724,1.001,170.599,105.972,arrival-gap-jitter-spike,20260.625,0,1,1,1,1,50348.609,440.078,523.012,527.523,527.523,1,0,8,0,0,8,0,,,140.591,148.232,1257,1,decoded,0,0,0,0,0,0,0,0,0,0,,103.141,0.000,106.446,0.000,0.000,0.000,130.069,stale-before-upload,0.001,1361,0.000,111.858,4.963,0.091,0.326,0.001,0.000,0.326,1,0,0,1,3,0.065,18.934,18.937,12.135,18.769,1.000,Loss,0,1,0,0.000,2,3,3,1,0.060,0.000,0.060,0,100,0,39617,37110,2458,0,2174
51.354,Custom_loss6_delay0-100_dup0_reorder6_burst0,Loopback,1,1,0,,,0.000,0,21,1389,21.568,19.803,19.169,115.639,102.287,41.080,61.191,3.824,0.064,0.275,37768,2591,35566,32975,4909,2962,318,1417,1212,205,212,0,32978,998,378,0,0,0,0,5.000,0,0,0,0,0,0,0,0,0,0,0,0,0,0,0,0.000,0.000,0.000,,976,976,4780,0,1,41.519,218.423,42.540,219.724,0.000,0.000,975,964,19419,1203,359,0,3334,5469,1390,1,nack-deferred-likely-arrival,pending,H.264,0,1,22,20,2,4,4,1,5,11,0,0,40294,4,0,0,0,0,0,72.582,230,318,205,199,205,0,66.870,24.057,110.291,3,0,756,39,795,0,235,26,0.420,0.580,0.951,1.000,0.100,39.000,0.600,0.400,0.333,retransmit-late,1801,14827,0,0,1057,13627,3334,32392,742,1182,2,18,32368,deferred-likely-arrival,likely-arrival,5528,0.000,296,795,0,4,0,0,0,12,14,12,14,294,4744,294,4744,0,0,0,pacing,1,0.732,12.869,120.869,0,0,12,14,0,0,0,0,3,6,6,0,1189,2,2,sent,89,245,0,6,75,4,0,0,4,9,3,6,1,3,1382,3,stale-age,1,0,0,0,22,0,0,0,0,0,0,27,0,0,4762,4147,200,0,1,9500000,1200000,5,0,5,40323,40318,49456461,2253,2775857,1269,1567366,0,0,0,0,0,4.718,46.956,1249.188,4800.000,2068,73328,37764,16185,35564,19379,0.300,2.871,1.264,2068,5190886,8378561,1.102,0.918,0.477,16.874,73328,3334,983,32392,844,2482,8,356,354,661,47,83,2,16,31,0,0,0,0,0,0,0,0,0,0,306,3,1,0,4,6707,5469,5469,0,0,0,0,0,,disabled,,0,0,0,0,,1,Fixed Quality,Hybrid,85,30,9500,12000,640,360,H.264,480,270,518400,26096,518400,26096,0.050,0.000,,0,0,0.000,2.274,0.000,0.000,0.121,6250,6250,6250,20,20,0,1,9500,0.880,1,13.654,0.000,0,0,0.000,0.000,0,0,0,0,0.289,0.662,0.049,1,0,0,latency-pressure-freshness-hold,22,0,0,171,379,171,164,44,283,283,0,5,large-au-observed,0,,0,0,17.450,21.976,0,,0.000,0.000,0.000,0.000,0,0,0,,50,0,0,5.569,0,1392,0.120,0.000,0.000,0.120,0.000,0.095,0.010,1,1,1,1,0,1,1,0,0,0,0,0,1.000,0.000,0.000,27,0,0.000,0,0,0,0.000,0.000,0.000,0.000,0.000,0.000,0.000,2.142,9.588,0,0,0,0,0,0,0,0,0.000,0.000,0.000,0.000,0.000,0.000,0,0.400,19.803,975,976,4780,42.743,219.605,98.634,219.605,30087.984,811,1,H.264,107.168,0,0,218.423,219.724,1.001,170.599,105.972,arrival-gap-jitter-spike,21266.517,0,1,1,1,1,51354.501,440.078,523.012,527.523,527.523,1,0,9,0,0,9,1,latency-pressure freshness,latency-over-80ms,131.820,148.232,1373,1,decoded,0,0,0,0,0,0,0,0,0,0,,101.807,0.000,104.528,2.826,0.000,122.834,137.820,stale-before-upload,0.001,1388,0.000,105.590,4.723,0.106,0.269,0.001,0.000,0.269,1,0,0,1,3,0.064,21.568,19.803,3.824,19.169,1.000,RecoveryDeadline,0,1,0,1.000,1,1,1,1,0.060,0.000,0.060,0,100,0,40369,37836,2493,0,2217
52.364,Custom_loss6_delay0-100_dup0_reorder6_burst0,Loopback,1,1,0,,,0.000,0,21,1415,17.019,16.993,17.434,99.126,102.259,46.552,60.893,68.402,0.064,0.274,38439,2632,36198,33566,4996,3007,325,1450,1241,209,214,0,33569,1017,384,0,0,0,0,5.000,0,0,0,0,0,0,0,0,0,0,0,0,0,0,0,0.000,0.000,0.000,,995,995,4878,0,1,108.278,218.423,109.748,219.724,0.000,0.000,994,984,19777,1226,365,0,3398,5561,1416,1,fec-recovered,pending,H.264,0,1,23,17,6,2,2,1,3,11,0,0,41028,14,0,0,0,0,0,68.472,231,325,209,203,209,0,66.969,23.986,110.291,3,0,768,39,807,0,237,26,0.415,0.585,0.952,1.000,0.099,45.000,0.000,1.000,0.000,duplicate-guard,1839,15092,0,0,1076,13861,3398,32936,761,1213,2,18,32911,predicted-useful,fec-grace,5635,0.478,300,807,0,4,0,0,0,12,14,12,14,298,4799,298,4799,0,0,0,pacing,1,0.758,10.541,118.541,0,0,12,14,0,0,0,0,3,6,6,0,1189,2,2,sent,91,252,0,6,77,4,0,0,4,9,3,6,1,3,1398,3,stale-age,1,0,0,0,22,0,0,0,0,0,0,28,0,0,4817,4227,204,0,1,9500000,1200000,9,0,9,41049,41040,50346701,2293,2825361,1293,1596966,0,0,0,0,0,0.680,46.956,184.562,4800.000,2105,74632,38435,16459,36197,19738,0.300,37.914,2.115,2105,4455013,7282385,1.398,1.829,0.490,13.924,74632,3398,1002,32936,862,2528,8,362,360,672,48,85,2,16,32,0,0,0,0,0,0,0,0,0,0,311,3,1,0,4,6834,5561,5561,0,0,0,0,0,,disabled,,0,0,0,0,,1,Fixed Quality,Hybrid,85,30,9500,12000,640,360,H.264,480,270,518400,27138,518400,27138,0.052,0.000,,0,0,0.000,2.835,0.000,0.000,0.164,7250,6500,6500,21,21,0,1,9500,1.000,0,11.920,0.000,0,0,0.000,0.000,0,0,0,0,0.286,0.665,0.048,1,0,0,disabled,23,0,0,175,389,175,170,44,289,289,0,5,large-au-observed,0,,0,0,14.823,22.853,0,,0.000,0.000,0.000,0.000,0,0,0,,51,0,0,8.445,0,1418,0.163,0.000,0.000,0.162,0.000,0.110,0.019,1,1,1,1,0,1,1,0,0,0,0,0,1.000,0.000,0.000,30,0,0.000,0,0,0,0.000,0.000,0.000,0.000,0.000,0.000,0.000,2.655,14.042,0,0,0,0,0,0,0,0,0.000,0.000,0.000,0.000,0.000,0.000,0,0.536,16.993,994,995,4878,109.785,219.605,98.634,219.605,30087.984,811,1,H.264,107.168,0,0,218.423,219.724,1.001,170.599,105.972,arrival-gap-jitter-spike,22276.147,0,1,1,1,1,52364.131,440.078,523.012,527.523,527.523,1,0,9,0,0,9,0,,,131.820,148.232,1373,1,decoded,0,0,0,0,0,0,0,0,0,0,,102.815,0.000,106.335,0.000,0.000,0.000,134.563,stale-before-upload,0.001,1415,0.000,114.172,7.267,0.131,0.400,0.001,0.000,0.399,1,0,0,1,3,0.064,17.019,16.993,68.402,17.434,2.000,RecoveryDeadline,0,1,0,1.000,2,2,2,1,0.060,0.000,0.060,0,100,0,41092,38505,2533,0,2255
53.366,Custom_loss6_delay0-100_dup0_reorder6_burst0,Loopback,1,1,0,,,0.000,0,21,1443,21.179,21.194,14.602,94.689,102.245,29.974,60.274,30.477,0.064,0.275,39241,2691,36966,34275,5101,3078,334,1468,1257,211,221,0,34278,1035,393,0,0,0,0,5.000,0,0,0,0,0,0,0,0,0,0,0,0,0,0,0,0.000,0.000,0.000,,1013,1013,4971,0,1,15.428,218.423,16.740,219.724,0.000,0.000,1012,1002,20164,1246,375,0,3465,5667,1444,1,fec-recovered,pending,H.264,0,1,24,24,0,4,3,2,12,23,0,0,41831,0,0,0,0,0,0,101.192,240,334,211,205,211,0,66.923,23.987,110.291,4,0,789,41,830,0,242,29,0.418,0.582,0.951,1.000,0.107,39.000,0.375,0.625,0.667,retransmit-late,1875,15378,0,0,1096,14123,3465,33612,777,1237,2,18,33585,deferred-likely-arrival,likely-arrival,5745,0.292,309,830,0,4,0,0,0,12,14,12,14,306,4924,306,4924,0,0,0,pacing,1,0.779,7.874,115.874,0,0,12,14,0,0,0,0,4,7,7,0,1439,1,1,sent,93,255,0,6,78,4,0,0,5,10,4,7,1,3,1439,1,selected-repair,1,0,0,0,22,0,0,0,0,0,0,28,0,0,4942,4307,208,0,1,9500000,1200000,0,0,0,41898,41898,51400035,2345,2889635,1318,1627652,0,0,0,0,0,13.091,46.956,3690.375,4800.000,2149,76199,39233,16817,36966,20149,0.300,14.961,2.155,2149,6470058,9884500,1.339,-1.853,0.500,11.843,76199,3465,1020,33612,886,2571,8,371,369,688,51,90,1,17,34,0,0,0,0,0,0,0,0,0,0,317,3,1,0,4,6964,5667,5667,0,0,0,0,0,,disabled,,0,0,0,0,,1,Fixed Quality,Hybrid,85,30,9500,12000,640,360,H.264,480,270,518400,28176,518400,28176,0.054,0.000,,0,0,0.000,2.798,0.000,0.000,0.103,7250,6750,6750,22,22,0,1,9500,1.000,0,23.325,0.000,0,0,0.000,0.000,0,0,0,0,0.289,0.661,0.049,1,0,0,disabled,24,0,0,179,400,179,175,46,297,297,0,5,large-au-observed,0,,0,0,27.237,23.727,0,,0.000,0.000,0.000,0.000,0,0,0,,52,0,0,3.531,0,1447,0.103,0.000,0.000,0.102,0.000,0.071,0.011,1,1,1,1,0,1,1,0,0,0,0,0,1.000,0.000,0.000,30,0,0.000,0,0,0,0.000,0.000,0.000,0.000,0.000,0.000,0.000,2.680,8.053,0,0,0,0,0,0,0,0,0.000,0.000,0.000,0.000,0.000,0.000,0,0.467,21.194,1012,1013,4971,16.744,219.605,98.634,219.605,30087.984,811,1,H.264,107.168,0,0,218.423,219.724,1.001,170.599,105.972,arrival-gap-jitter-spike,23278.569,0,1,1,1,1,53366.553,440.078,523.012,527.523,527.523,1,0,9,0,0,9,0,,,131.820,148.232,1373,1,decoded,0,0,0,0,0,0,0,0,0,0,,101.674,0.000,105.142,0.000,0.000,0.000,127.344,stale-before-upload,0.001,1443,0.000,110.941,5.306,0.094,0.330,0.001,0.000,0.329,1,0,0,1,3,0.064,21.179,21.194,30.477,14.602,1.000,RecoveryDeadline,0,1,0,0.333,3,1,1,1,0.060,0.000,0.060,0,100,0,41951,39314,2582,0,2308
54.368,Custom_loss6_delay0-100_dup0_reorder6_burst0,Loopback,1,1,0,,,0.000,0,21,1470,23.605,23.613,24.146,85.605,102.232,81.389,60.688,36.087,0.064,0.273,40051,2716,37702,34986,5202,3130,341,1508,1289,219,223,0,34989,1059,397,0,0,0,0,5.000,0,0,0,0,0,0,0,0,0,0,0,0,0,0,0,0.000,0.000,0.000,,1037,1037,5062,0,1,5.183,218.423,6.276,219.724,0.000,0.000,1036,1026,20558,1278,379,0,3531,5778,1472,1,fec-parity,pending,H.264,0,1,24,23,1,4,3,2,11,21,0,0,42696,5,0,0,0,0,0,89.861,243,341,219,213,219,0,66.641,23.898,110.291,4,0,807,42,849,0,246,29,0.416,0.584,0.951,1.000,0.105,45.000,0.200,0.800,0.000,duplicate-guard,1911,15676,0,0,1118,14397,3531,34216,791,1261,2,18,34188,predicted-useful,fec-grace,5858,0.333,316,849,0,4,0,0,0,12,14,12,14,313,5037,313,5037,0,0,0,pacing,1,0.799,9.298,117.298,0,0,12,14,0,0,0,0,4,7,7,0,1439,1,1,sent,96,263,0,7,80,4,0,0,5,10,4,7,1,3,1468,2,stale-age,1,0,0,0,25,0,0,0,0,0,0,29,0,0,5055,4388,212,0,1,9500000,1200000,0,0,0,42727,42727,52415803,2394,2950015,1343,1658168,0,0,0,0,0,17.736,46.956,8583.250,4800.000,2192,77734,40035,17157,37699,20542,0.300,4.671,0.750,2192,4794443,8128634,1.087,51.415,0.455,10.682,77734,3531,1044,34216,904,2619,8,375,373,697,51,90,1,17,34,0,0,0,0,0,0,0,0,0,0,321,3,1,0,4,7099,5778,5778,0,0,0,0,0,,disabled,,0,0,0,0,,1,Fixed Quality,Hybrid,85,30,9500,12000,640,360,H.264,480,270,518400,0,518400,28178,0.054,0.000,,0,0,0.000,4.931,0.000,4.238,0.670,7250,6750,6750,22,22,0,1,9500,1.000,0,17.736,0.000,0,0,0.000,0.000,0,0,0,0,0.286,0.664,0.049,1,0,0,disabled,0,0,0,183,407,183,178,46,303,303,0,5,async-output-pending,0,,0,0,0.000,0.000,0,,17.736,8583.250,39583.333,0.000,0,0,0,,53,0,0,0.000,1,0,0.659,0.181,0.476,0.000,0.000,0.000,0.000,0,0,1,1,1,0,0,1,1,0,0,0,1.000,0.000,0.000,30,0,0.000,0,0,0,0.000,0.000,0.000,0.000,0.000,0.000,0.000,0.000,30.729,0,0,0,0,0,0,0,0,0.000,0.000,0.000,0.000,0.000,0.000,0,0.428,23.613,1036,1037,5062,6.208,219.605,98.634,219.605,30087.984,811,1,H.264,107.168,0,0,218.423,219.724,1.001,170.599,105.972,arrival-gap-jitter-spike,24279.968,0,1,1,1,1,54367.952,440.078,523.012,527.523,527.523,1,0,9,0,0,9,0,,,131.820,148.232,1373,1,decoded,0,0,0,0,0,0,0,0,0,0,,97.682,0.000,100.717,0.000,0.000,0.000,127.803,stale-before-upload,0.001,1470,0.000,106.476,5.311,0.080,0.242,0.001,0.000,0.241,1,0,0,1,3,0.064,23.605,23.613,36.087,24.146,1.000,Jitter,0,1,0,1.000,1,1,1,1,0.060,0.000,0.060,0,100,0,42781,40122,2627,0,2342
55.368,Custom_loss6_delay0-100_dup0_reorder6_burst0,Loopback,1,1,0,,,0.000,0,21,1499,22.463,22.460,21.251,108.956,102.154,8.427,59.683,10.839,0.064,0.270,40751,2770,38381,35611,5294,3173,346,1549,1320,229,226,0,35614,1083,400,0,0,0,0,5.000,0,0,0,0,0,0,0,0,0,0,0,0,0,0,0,0.000,0.000,0.000,,1061,1061,5149,0,1,32.319,218.423,33.679,219.724,0.000,0.000,1060,1049,20907,1312,382,0,3587,5869,1500,1,nack-sent,pending,H.264,0,1,22,17,5,4,3,3,2,20,0,0,43448,4,0,0,0,0,0,100.357,249,346,229,223,229,0,66.866,23.750,110.291,4,0,828,42,870,0,254,29,0.418,0.582,0.952,1.000,0.102,45.000,0.222,0.778,0.000,duplicate-guard,1945,15916,0,0,1137,14616,3587,34738,806,1282,2,18,34709,predicted-useful,likely-arrival,5962,0.682,323,870,0,4,0,0,0,12,14,12,14,320,5138,320,5138,0,0,0,pacing,1,0.802,10.979,118.979,0,0,12,14,0,0,0,0,4,7,7,0,1439,1,1,sent,97,264,0,7,81,4,0,0,5,10,4,7,1,3,1482,1,stale-age,1,0,0,0,25,0,0,0,0,0,0,29,0,0,5156,4460,216,0,1,9500000,1200000,0,0,0,43476,43476,53336486,2445,3012885,1371,1692426,0,0,0,0,0,13.909,46.956,1138.125,3928.800,2231,79129,40748,17472,38381,20909,0.300,43.850,0.000,2231,4050034,7043943,0.523,26.540,0.524,22.373,79129,3586,1067,34733,924,2653,9,378,376,702,51,90,1,17,34,0,0,0,0,0,0,0,0,0,0,323,4,1,0,4,7219,5869,5869,0,0,0,0,0,,disabled,,0,0,0,0,,1,Fixed Quality,Hybrid,85,30,9500,12000,640,360,H.264,480,270,518400,0,518400,26096,0.050,0.000,,0,0,0.000,7.338,0.000,6.451,0.850,6500,6250,6250,23,23,0,1,9500,0.911,1,13.909,0.000,0,0,0.000,0.000,0,0,0,0,0.667,0.333,0.000,1,0,0,latency-pressure-freshness-hold,0,0,0,187,418,187,183,48,310,310,0,5,async-output-pending,0,,0,0,0.000,0.000,0,,13.909,1138.125,45673.077,0.000,0,0,0,,54,0,0,0.000,1,0,0.837,0.234,0.600,0.000,0.000,0.000,0.000,0,0,1,1,1,0,0,1,1,0,1,0,0.860,140.658,0.000,26,0,0.000,0,0,0,0.000,0.000,0.000,0.000,0.000,0.000,0.000,0.000,27.860,0,0,0,0,0,0,0,0,0.000,0.000,0.000,0.000,0.000,0.000,0,0.577,22.461,1060,1061,5149,33.895,219.605,98.634,219.605,30087.984,811,1,H.264,107.168,0,0,218.423,219.724,1.001,170.599,105.972,arrival-gap-jitter-spike,25280.944,0,1,1,1,1,55368.928,440.078,523.012,527.523,527.523,1,0,10,0,0,10,1,latency-pressure freshness,latency-over-80ms,135.784,148.232,1480,1,decoded,0,0,0,0,0,0,0,0,0,0,,102.451,0.000,105.680,0.000,0.000,0.000,134.478,stale-before-upload,0.001,1499,0.000,114.996,8.847,0.118,0.424,0.001,0.000,0.423,1,0,0,1,3,0.064,22.463,22.460,10.839,21.251,1.000,RecoveryDeadline,0,1,0,0.000,0,1,1,1,0.060,0.000,0.060,0,100,0,43531,40831,2663,0,2373
56.371,Custom_loss6_delay0-100_dup0_reorder6_burst0,Loopback,1,1,0,,,0.000,0,21,1525,21.456,21.429,22.047,102.313,102.189,21.757,58.968,18.728,0.064,0.268,41468,2814,39050,36236,5392,3239,351,1574,1341,233,228,0,36239,1104,405,0,0,0,0,5.000,0,0,0,0,0,0,0,0,0,0,0,0,0,0,0,0.000,0.000,0.000,,1082,1082,5240,0,1,63.968,218.423,65.336,219.724,0.000,0.000,1081,1070,21293,1337,387,0,3647,5982,1528,1,nack-sent,pending,H.264,0,1,23,11,12,2,1,1,0,12,0,0,44240,6,0,0,0,0,0,54.523,255,351,233,227,233,0,66.936,23.808,110.291,4,0,843,42,885,0,261,29,0.421,0.579,0.953,1.000,0.100,45.000,0.500,0.500,0.000,duplicate-guard,1982,16184,0,0,1159,14864,3647,35207,821,1302,2,18,35177,predicted-useful,likely-arrival,6066,0.087,330,885,0,4,0,0,0,12,14,12,14,327,5246,327,5246,0,0,0,pacing,1,0.788,8.026,116.026,0,0,12,14,0,0,0,0,4,7,7,0,1439,1,1,sent,97,264,0,7,81,4,0,0,5,10,4,7,1,3,1482,1,stale-age,1,0,0,0,25,0,0,0,0,0,0,29,0,0,5264,4535,220,0,1,9500000,1200000,0,0,0,44236,44236,54272810,2488,3066121,1395,1722026,0,0,0,0,0,18.683,46.956,10974.312,4800.000,2269,80496,41457,17740,39039,21299,0.300,39.811,0.000,2269,5306879,8402820,1.114,23.898,0.440,23.007,80496,3646,1088,35195,937,2700,9,383,381,713,51,90,1,17,34,0,0,0,0,0,0,0,0,0,0,328,4,1,0,4,7354,5982,5982,0,0,0,0,0,,disabled,,0,0,0,0,,1,Fixed Quality,Hybrid,85,30,9500,12000,640,360,H.264,480,270,518400,27136,518400,27136,0.052,0.000,,0,0,0.000,1.977,0.000,0.000,0.074,7250,6500,6500,24,24,0,1,9500,1.000,0,18.683,0.000,0,0,0.000,0.000,0,0,0,0,0.288,0.664,0.047,1,0,0,disabled,23,0,0,191,424,191,185,48,314,314,0,5,large-au-observed,0,,0,0,17.012,22.851,0,,0.000,0.000,0.000,0.000,0,0,0,,55,0,0,5.894,0,1529,0.074,0.000,0.000,0.074,0.000,0.047,0.010,1,1,1,1,0,1,1,0,0,0,1,0,0.860,32.968,0.000,26,0,0.000,0,0,0,0.000,0.000,0.000,0.000,0.000,0.000,0.000,1.894,10.101,0,0,0,0,0,0,0,0,0.000,0.000,0.000,0.000,0.000,0.000,0,0.447,21.429,1081,1082,5240,65.275,219.605,98.634,219.605,30087.984,811,1,H.264,107.168,0,0,218.423,219.724,1.001,170.599,105.972,arrival-gap-jitter-spike,26283.647,0,1,1,1,1,56371.631,440.078,523.012,527.523,527.523,1,0,10,0,0,10,0,,,135.784,148.232,1480,1,decoded,0,0,0,0,0,0,0,0,0,0,,108.219,0.000,111.417,0.000,0.000,0.000,131.156,stale-before-upload,0.001,1525,0.000,117.656,5.766,0.091,0.281,0.001,0.000,0.281,1,0,0,1,3,0.064,21.456,21.429,18.728,22.047,2.000,RecoveryDeadline,0,1,0,0.000,1,1,1,1,0.060,0.000,0.060,0,100,0,44292,41539,2711,0,2420
57.375,Custom_loss6_delay0-100_dup0_reorder6_burst0,Loopback,1,1,0,,,0.000,0,21,1554,22.304,22.238,22.190,106.283,102.214,56.656,58.925,24.892,0.063,0.268,42207,2839,39712,36873,5482,3292,355,1599,1363,236,236,0,36876,1123,412,0,0,0,0,5.000,0,0,0,0,0,0,0,0,0,0,0,0,0,0,0,0.000,0.000,0.000,,1101,1101,5332,0,1,18.789,218.423,19.943,219.724,0.000,0.000,1099,1088,21664,1359,394,0,3706,6087,1556,1,fec-recovered,pending,H.264,0,1,24,21,3,4,3,1,7,13,0,0,45016,2,0,0,0,0,0,72.588,257,355,236,230,236,0,66.953,23.726,110.291,4,0,852,43,895,0,266,29,0.420,0.580,0.952,1.000,0.098,43.000,0.000,1.000,0.000,insufficient-sample,2023,16489,0,0,1181,15139,3706,35736,840,1332,2,18,35706,predicted-useful,fec-grace,6171,0.083,334,895,0,4,0,0,0,12,14,12,14,331,5307,331,5307,0,0,0,pacing,1,0.760,5.239,113.239,0,0,12,14,0,0,0,0,4,7,7,0,1439,1,1,sent,98,267,0,7,82,4,0,0,5,10,4,7,1,3,1537,3,stale-age,1,0,0,0,25,0,0,0,0,0,0,29,0,0,5325,4615,224,0,1,9500000,1200000,0,0,0,44997,44997,55205021,2527,3114221,1419,1751922,0,0,0,0,0,0.183,46.956,17423.000,4800.000,2309,81890,42181,18042,39709,21667,0.300,5.502,2.280,2309,5228843,8067307,1.095,26.098,0.466,8.483,81890,3706,1107,35736,949,2748,9,390,388,728,52,94,4,17,35,0,0,0,0,0,0,0,0,0,0,334,4,1,0,4,7485,6087,6087,0,0,0,0,0,,disabled,,0,0,0,0,,1,Fixed Quality,Hybrid,85,30,9500,12000,640,360,H.264,480,270,518400,5102,518400,5102,0.010,0.000,,0,0,0.000,0.384,0.000,0.000,0.080,6000,6250,6250,26,26,0,1,9500,0.820,1,7.162,0.000,0,0,0.000,0.000,0,0,0,0,0.287,0.665,0.048,1,0,0,latency-pressure-freshness-hold,5,0,0,195,430,195,187,48,318,318,0,5,none,0,,0,0,0.185,4.296,0,,0.000,0.000,0.000,0.000,0,0,0,,56,0,0,4.121,0,1558,0.080,0.000,0.000,0.079,0.000,0.058,0.004,1,1,1,1,0,1,1,0,0,0,0,0,1.000,0.000,0.000,27,0,0.000,0,0,0,0.000,0.000,0.000,0.000,0.000,0.000,0.000,0.297,7.962,0,0,0,0,0,0,0,0,0.000,0.000,0.000,0.000,0.000,0.000,0,0.407,22.238,1099,1101,5332,19.985,219.605,98.634,219.605,30087.984,811,1,H.264,107.168,0,0,218.423,219.724,1.001,170.599,105.972,arrival-gap-jitter-spike,27287.097,0,1,1,1,1,57375.081,440.078,523.012,527.523,527.523,1,0,11,0,0,11,1,latency-pressure freshness,latency-over-80ms,148.300,148.300,1552,1,H.264,0,0,0,0,0,0,0,0,0,0,,113.146,0.000,111.108,0.000,0.000,0.000,133.142,stale-before-decode,0.001,1554,0.000,114.325,2.806,0.095,0.332,0.001,0.000,0.331,1,0,0,1,3,0.063,22.304,22.238,24.892,22.190,1.000,Loss,0,1,0,1.000,1,1,1,1,0.060,0.000,0.060,0,100,0,45054,42279,2759,0,2455
58.384,Custom_loss6_delay0-100_dup0_reorder6_burst0,Loopback,1,1,0,,,0.000,0,21,1581,20.813,20.837,20.770,103.615,102.089,56.656,58.925,14.338,0.063,0.267,42868,2901,40356,37455,5581,3345,364,1635,1390,245,237,0,37458,1144,417,0,0,0,0,5.000,0,0,0,0,0,0,0,0,0,0,0,0,0,0,0,0.000,0.000,0.000,,1122,1122,5427,0,1,31.918,218.423,33.708,219.724,0.000,0.000,1120,1109,22012,1389,399,0,3763,6185,1582,1,nack-deferred-likely-arrival,pending,H.264,0,1,22,21,1,4,4,1,6,10,0,0,45698,4,0,0,0,0,0,88.398,259,364,245,239,245,0,67.043,23.564,110.291,4,0,872,46,918,0,268,30,0.416,0.584,0.950,1.000,0.101,45.000,0.143,0.857,0.000,duplicate-guard,2051,16679,0,0,1198,15311,3763,36276,851,1350,2,18,36246,deferred-likely-arrival,likely-arrival,6267,0.545,343,918,0,4,0,0,0,14,16,14,16,340,5451,340,5451,0,0,0,pacing,1,0.832,12.221,120.221,0,0,14,16,0,0,0,0,4,7,7,0,1439,1,1,sent,100,272,0,7,84,4,0,0,5,10,4,7,1,3,1564,2,stale-age,1,0,0,0,25,0,0,0,0,0,0,31,0,0,5471,4679,228,0,1,9500000,1200000,0,0,0,45720,45720,56098021,2578,3177409,1443,1781522,0,0,0,0,0,19.418,46.956,13368.938,4800.000,2344,83208,42855,18356,40353,21997,0.300,3.880,1.839,2344,5325233,8262691,2.177,26.098,0.502,11.636,83208,3763,1127,36276,970,2783,10,395,393,737,53,96,2,17,36,0,0,0,0,0,0,0,0,0,0,338,4,1,0,4,7604,6185,6185,0,0,0,0,0,,disabled,,0,0,0,0,,1,Fixed Quality,Hybrid,85,30,9500,12000,640,360,H.264,480,270,518400,26094,518400,26094,0.050,0.000,,0,0,0.000,3.065,0.000,0.000,0.122,6250,6250,6250,26,26,0,1,9500,0.876,1,19.418,0.000,0,0,0.000,0.000,0,0,0,0,0.282,0.668,0.050,1,0,0,latency-pressure-freshness-hold,22,0,0,199,441,199,192,50,325,325,0,5,large-au-observed,0,,0,0,16.258,21.974,0,,0.000,0.000,0.000,0.000,0,0,0,,57,0,0,3.871,0,1584,0.121,0.000,0.000,0.120,0.000,0.084,0.009,1,1,1,1,0,1,1,0,0,0,1,0,0.860,68.197,0.000,26,0,0.000,0,0,0,0.000,0.000,0.000,0.000,0.000,0.000,0.000,2.929,10.134,0,0,0,0,0,0,0,0,0.000,0.000,0.000,0.000,0.000,0.000,0,0.666,20.836,1120,1122,5427,33.498,219.605,98.634,219.605,30087.984,811,1,H.264,107.168,0,0,218.423,219.724,1.001,170.599,105.972,arrival-gap-jitter-spike,28296.112,0,1,1,1,1,58384.096,440.078,523.012,527.523,527.523,1,0,11,0,0,11,0,,,148.300,148.300,1552,1,H.264,0,0,0,0,0,0,0,0,0,0,,100.666,0.000,104.147,0.000,0.000,0.000,131.808,stale-before-decode,0.001,1581,0.000,111.878,7.007,0.132,0.454,0.001,0.000,0.453,1,0,0,1,3,0.063,20.813,20.837,14.338,20.770,1.000,RecoveryDeadline,0,1,0,0.000,0,1,1,1,0.060,0.000,0.060,0,100,0,45778,42945,2797,0,2486
59.386,Custom_loss6_delay0-100_dup0_reorder6_burst0,Loopback,1,1,0,,,0.000,0,21,1608,17.922,17.953,16.917,120.215,102.072,56.656,58.925,16.334,0.064,0.266,43583,2957,41033,38076,5676,3395,365,1677,1420,257,239,0,38079,1166,422,0,0,0,0,5.000,0,0,0,0,0,0,0,0,0,0,0,0,0,0,0,0.000,0.000,0.000,,1143,1143,5519,0,1,38.490,218.423,39.463,219.724,0.000,0.000,1141,1130,22400,1423,403,0,3819,6297,1609,1,nack-sent,pending,H.264,0,1,23,19,4,5,4,3,6,29,0,0,46462,7,0,0,0,0,0,97.347,262,365,257,251,257,0,66.727,23.870,110.291,4,0,888,46,934,0,275,30,0.418,0.582,0.951,1.000,0.098,45.000,0.167,0.833,0.000,duplicate-guard,2091,16959,0,0,1219,15560,3819,36782,869,1376,3,23,36754,predicted-useful,likely-arrival,6367,0.696,350,934,0,4,0,0,0,16,19,16,19,346,5545,346,5545,0,0,0,pacing,1,0.810,8.053,116.053,0,0,16,19,0,0,0,0,5,9,9,0,1605,2,2,sent,101,274,0,7,84,4,0,0,6,12,5,9,1,3,1605,2,selected-repair,1,0,0,0,27,0,0,0,0,0,0,31,0,0,5568,4747,232,0,1,9500000,1200000,0,0,0,46483,46483,57037759,2622,3231889,1470,1815150,0,0,0,0,0,18.827,46.956,4477.312,4800.000,2382,84589,43569,18647,41020,22373,0.300,33.994,5.658,2382,5505058,8818385,2.093,26.098,0.467,20.414,84589,3818,1149,36778,985,2823,10,399,397,747,53,96,2,17,36,0,0,0,0,0,0,0,0,0,0,342,4,1,0,4,7743,6297,6297,0,0,0,0,0,,disabled,,0,0,0,0,,1,Fixed Quality,Hybrid,85,30,9500,12000,640,360,H.264,480,270,518400,0,518400,27138,0.052,0.000,,0,0,0.000,4.968,0.000,4.292,0.645,7250,6500,6500,27,27,0,1,9500,1.000,0,18.827,0.000,0,0,0.000,0.000,0,0,0,0,0.281,0.670,0.049,1,0,0,disabled,0,0,0,203,448,203,195,50,330,330,0,5,async-output-pending,0,,0,0,0.000,0.000,0,,18.399,11218.625,45673.077,0.000,0,0,0,,58,0,0,0.000,1,0,0.635,0.152,0.482,0.000,0.000,0.000,0.000,0,0,1,1,1,0,0,1,1,0,1,0,0.860,170.591,0.000,26,0,0.000,0,0,0,0.000,0.000,0.000,0.000,0.000,0.000,0.000,0.000,20.595,0,0,0,0,0,0,0,0,0.000,0.000,0.000,0.000,0.000,0.000,0,0.475,17.953,1141,1143,5519,39.568,219.605,98.634,219.605,30087.984,811,1,H.264,107.168,0,0,218.423,219.724,1.001,170.599,105.972,arrival-gap-jitter-spike,29298.107,0,1,1,1,1,59386.091,440.078,523.012,527.523,527.523,1,0,11,0,0,11,0,,,148.300,148.300,1552,1,H.264,0,0,0,0,0,0,0,0,0,0,,107.193,0.000,109.992,0.000,0.000,0.000,140.108,stale-before-decode,0.001,1608,0.000,114.582,4.093,0.079,0.680,0.433,0.000,0.247,1,0,0,1,3,0.064,17.922,17.953,16.334,16.917,1.000,RecoveryDeadline,0,1,0,0.000,2,3,3,1,0.060,0.000,0.060,0,100,0,46542,43657,2848,0,2512
60.386,Custom_loss6_delay0-100_dup0_reorder6_burst0,Loopback,1,1,0,,,0.000,0,21,1635,21.194,21.177,21.777,97.220,102.028,8.789,58.013,19.620,0.063,0.264,44293,2994,41697,38703,5773,3444,376,1712,1447,265,241,0,38706,1189,427,0,0,0,0,5.000,0,0,0,0,0,0,0,0,0,0,0,0,0,0,0,0.000,0.000,0.000,,1165,1165,5612,0,1,26.547,218.423,27.563,219.724,0.000,0.000,1163,1152,22773,1454,407,0,3882,6400,1636,1,nack-sent,pending,H.264,0,1,22,17,5,5,3,2,3,15,0,0,47235,11,0,0,0,0,0,77.183,268,376,265,255,265,0,66.329,24.085,110.291,4,0,913,46,959,0,284,30,0.416,0.584,0.952,1.000,0.096,45.000,0.125,0.875,0.000,duplicate-guard,2123,17217,0,0,1238,15797,3882,37304,882,1397,3,23,37275,predicted-useful,fec-grace,6479,0.227,360,959,0,4,0,0,0,16,19,16,19,354,5679,354,5679,0,0,0,pacing,1,0.806,8.783,116.783,0,0,16,19,0,0,0,0,6,11,11,0,1632,2,2,sent,107,289,0,7,87,5,0,0,8,17,6,11,2,6,1633,2,stale-age,1,0,0,0,31,0,0,1,0,1,0,33,0,0,5702,4822,236,0,1,9500000,1200000,2,0,2,47248,47246,57974617,2676,3298035,1498,1850014,0,0,0,0,0,7.824,46.956,1211.250,4800.000,2421,85974,44285,18947,41689,22742,0.300,9.092,0.798,2421,4229450,6613447,0.960,11.305,0.446,14.764,85974,3882,1172,37304,1008,2864,10,403,401,755,53,96,2,17,36,0,0,0,0,0,0,0,0,0,0,346,4,1,0,4,7866,6400,6400,0,0,0,0,0,,disabled,,0,0,0,0,,1,Fixed Quality,Hybrid,85,30,9500,12000,640,360,H.264,480,270,518400,26096,518400,26096,0.050,0.000,,0,0,0.000,2.011,0.000,0.000,0.081,6000,6250,6250,29,29,0,1,9500,0.820,1,12.757,0.000,0,0,0.000,0.000,0,0,0,0,0.279,0.673,0.048,1,0,0,fixed-pacing-queue-hold,22,0,0,207,457,207,199,51,338,338,0,5,large-au-observed,0,,0,0,16.247,21.976,0,,0.000,0.000,0.000,0.000,0,0,0,,59,0,0,5.262,0,1638,0.081,0.000,0.000,0.080,0.000,0.054,0.009,1,1,1,1,0,1,1,0,0,0,0,0,1.000,0.000,0.000,24,0,0.000,0,0,0,0.000,0.000,0.000,0.000,0.000,0.000,0.000,1.922,10.352,0,0,0,0,0,0,0,0,0.000,0.000,0.000,0.000,0.000,0.000,0,0.392,21.177,1163,1165,5612,27.504,219.605,98.634,219.605,30087.984,811,1,H.264,107.168,0,0,218.423,219.724,1.001,170.599,105.972,arrival-gap-jitter-spike,30298.622,0,1,1,1,1,60386.606,440.078,523.012,527.523,527.523,1,0,11,0,0,11,0,,,148.300,148.300,1552,1,H.264,0,0,0,0,0,0,0,0,0,0,,94.107,0.000,96.399,0.000,0.000,0.000,128.610,stale-before-decode,0.001,1635,0.000,101.631,4.807,0.079,0.510,0.262,0.000,0.248,1,0,0,1,3,0.063,21.194,21.177,19.620,21.777,1.000,RecoveryDeadline,0,1,0,0.000,1,1,1,1,0.060,0.000,0.060,0,100,0,47306,44368,2893,0,2552
