timeSec,scenarioName,networkRuntimeMode,networkModeSendingEnabled,networkModeReceivingEnabled,networkExperimentActive,networkExperimentScenarioName,networkExperimentAdaptiveMode,networkExperimentRemainingSec,networkExperimentStepIndex,networkExperimentStepCount,frameId,receiveFps,decodeFps,displayFps,currentLatencyMs,averageLatencyMs,currentRttMs,averageRttMs,currentJitterMs,packetLossRate,frameDropRate,receivedPackets,missingPackets,sequenceGapPackets,sequenceGapRecoveredPackets,duplicatePackets,duplicateOriginalPackets,duplicateRetransmitPackets,duplicateLateAfterCompletedPackets,duplicateLateAfterCompletedOriginalPackets,duplicateLateAfterCompletedRetransmitPackets,duplicateLateAfterExpiredPackets,duplicateLateAfterRejectedPackets,reorderedPackets,completedFrames,droppedFrames,deadlineDroppedFrames,outputQueueDroppedFrames,outputQueueDropEvents,outputQueueDropBurstEvents,startupWarmupSec,startupWarmupActive,outputQueueDroppedFramesDelta,outputQueueDropEventsDelta,outputQueueDropBurstEventsDelta,startupOutputQueueDroppedFrames,startupOutputQueueDropEvents,startupOutputQueueDropBurstEvents,steadyOutputQueueDroppedFrames,steadyOutputQueueDropEvents,steadyOutputQueueDropBurstEvents,evaluationOutputQueueDroppedFrames,evaluationOutputQueueDropEvents,evaluationOutputQueueDropBurstEvents,lastOutputQueueDropFrameCount,lastOutputQueueDropQueueSize,lastOutputQueueDropOldestAgeMs,lastOutputQueueDropNewestAgeMs,maxOutputQueueDropOldestAgeMs,lastOutputQueueDropReason,completedQueuePushes,completedQueuePops,completedQueueEmptyPolls,completedQueueSize,maxCompletedQueueSize,completedQueueLastPopAgeMs,completedQueueMaxPopAgeMs,completedQueueLastPushIntervalMs,completedQueueMaxPushIntervalMs,lastOutputQueueDropPopAgeMs,lastOutputQueueDropPushIntervalMs,decodedFrames,displayedFrames,frameRecoveryOutcomeEvents,frameRecoveryCompletedFrames,frameRecoveryExpiredFrames,frameRecoveryRejectedFrames,frameRecoveryNackSentFrames,frameRecoveryFecRecoveredFrames,frameRecoveryLastFrameId,frameRecoveryLastStreamId,frameRecoveryLastEvent,frameRecoveryLastOutcome,frameRecoveryLastCodec,frameRecoveryLastKeyFrame,frameRecoveryLastLargeFrame,frameRecoveryLastChunkCount,frameRecoveryLastReceivedChunks,frameRecoveryLastMissingChunks,frameRecoveryLastFecParityPackets,frameRecoveryLastFecRecoveredChunks,frameRecoveryLastNackCount,frameRecoveryLastPostNackReceivedChunks,frameRecoveryLastNackRequestedChunks,frameRecoveryLastRetransmitReceivedChunks,frameRecoveryLastRetransmitDuplicatePackets,frameRecoveryLastPacketSequence,frameRecoveryLastPacketChunkIndex,frameRecoveryLastRetransmitSequence,frameRecoveryLastRetransmitChunkIndex,frameRecoveryLastEventPacketSequence,frameRecoveryLastEventPacketChunkIndex,frameRecoveryLastEventWasRetransmit,frameRecoveryLastAgeMs,retransmitUsefulChunks,retransmitDuplicatePackets,retransmitLateAfterCompletedPackets,retransmitLateAfterCompletedLargePackets,retransmitLateAfterCompletedSentBeforeCompletePackets,retransmitLateAfterCompletedSentAfterCompletePackets,retransmitLateAfterCompletedAvgSendToCompleteMs,retransmitLateAfterCompletedAvgDelayMs,retransmitLateAfterCompletedMaxDelayMs,retransmitLateAfterExpiredPackets,retransmitLateAfterRejectedPackets,retransmitClassifiedPackets,retransmitNotArrivedPackets,retransmitAccountedPackets,retransmitUnclassifiedPackets,retransmitCompletedFrames,retransmitExpiredFrames,retransmitUsefulnessRatio,retransmitDuplicateRatio,retransmitFinalClassificationRatio,retransmitFinalAccountingRatio,retransmitExpiredAfterUsefulRatio,dynamicNackDeadlineMs,dynamicNackUsefulnessRatio,dynamicNackDuplicateRatio,dynamicNackExpiredAfterRetransmitRatio,dynamicNackDecisionReason,nackSuppressedFrames,nackSuppressedMissingChunks,nackPreflightSuppressedFrames,nackPreflightSuppressedChunks,nackFecGraceSuppressedFrames,nackFecGraceSuppressedChunks,nackPredictedUsefulFrames,nackPredictedUsefulChunks,nackDeferredForLikelyArrivalFrames,nackDeferredForLikelyArrivalChunks,nackSkippedTooLateFrames,nackSkippedTooLateChunks,nackRequestedChunkBudget,nackLastShapingReason,nackLastSuppressionReason,ackCount,lastAckMissingRate,ackRetransmittedFrames,ackRetransmittedChunks,repairCanceledByCompleteAckPackets,repairSkippedByTtlPackets,repairQueuedButCanceledPackets,repairSentAfterCompleteAckPackets,repairSentAfterCompleteAckLargePackets,repairSuppressedByFecLikelyFrames,repairSuppressedByFecLikelyPackets,repairSuppressedByFecLikelyLargeFrames,repairSuppressedByFecLikelyLargePackets,repairBudgetSuppressedFrames,repairBudgetSuppressedPackets,repairBudgetSuppressedLargeFrames,repairBudgetSuppressedLargePackets,repairRaceGuardSuppressedFrames,repairRaceGuardSuppressedPackets,repairRaceGuardSuppressedLargePackets,repairBudgetProfile,repairBudgetProfileSwitches,repairBudgetSmoothedMissingRate,repairBudgetSmoothedPacingQueueDelayMs,repairBudgetSmoothedDeliveryMs,repairFecLikelySuppressedCompletedFrames,repairFecLikelySuppressedCompletedPackets,repairFecLikelySuppressedExpiredFrames,repairFecLikelySuppressedExpiredPackets,repairFecLikelySuppressedPendingFrames,repairFecLikelySuppressedPendingPackets,repairFecLikelySuppressionRescueFrames,repairFecLikelySuppressionRescuePackets,lateRepairSavedPackets,ackStaleDroppedFrames,ackKeyFrameRequests,ackKeyFramePending,pacingEnabled,pacingTargetBitrateBps,pacingRepairTargetBitrateBps,pacingQueuedPackets,pacingHighPriorityQueuedPackets,pacingNormalQueuedPackets,pacingEnqueuedPackets,pacingSentPackets,pacingSentBytes,pacingRepairSentPackets,pacingRepairSentBytes,pacingRepairBorrowedPackets,pacingRepairBorrowedBytes,pacingDroppedPackets,pacingDeadlineDroppedPackets,pacingHighPriorityDeadlineDroppedPackets,pacingNormalDeadlineDroppedPackets,pacingOverflowDroppedPackets,pacingCurrentQueueDelayMs,pacingMaxQueueDelayMs,pacingVideoCreditBytes,pacingRepairCreditBytes,transportFeedbackPackets,transportFeedbackPacketStatuses,transportFeedbackReceivedPackets,transportFeedbackMissingPackets,transportFeedbackSequenceGapPackets,transportFeedbackSequenceGapRecoveredPackets,transportFeedbackLossRate,transportFeedbackArrivalJitterMs,transportFeedbackQueueDelayTrendMs,transportFeedbackLastSequence,estimatedBandwidthBps,deliveryRateBps,bandwidthQueueDelayMs,bandwidthRttTrendMs,bandwidthLossTrend,bandwidthJitterTrendMs,bandwidthFeedbackSamples,deadlineNackSentFrames,deadlineNackRecoveredFrames,deadlineNackMissingChunks,deadlineNackSentH264KeyFrames,deadlineNackSentH264LargeFrames,deadlineNackSentH264DeltaFrames,deadlineNackExpiredDroppedFrames,deadlineNackExpiredAfterNackFrames,deadlineNackExpiredMissingChunks,deadlineNackExpiredH264KeyFrames,deadlineNackExpiredH264LargeFrames,deadlineNackExpiredH264DeltaFrames,fecEnabled,adaptiveFecEnabled,fecGroupChunkCount,fecParityPackets,fecRecoveredFrames,fecRecoveredChunks,h264ReassemblerAuRejectedFrames,h264ReassemblerHeaderFailures,h264ReassemblerPayloadSizeMismatches,h264ReassemblerFrameIdMismatches,h264ReassemblerCrcMismatches,h264ReassemblerLastRejectReason,adaptiveFecDecisionReason,adaptiveFecHoldReason,adaptiveFecG8ToG4Recovery,adaptiveFecQualityHoldActive,adaptiveFecQualityHoldCanceled,adaptiveFecEmergencyG2Active,adaptiveFecEarlyOffReason,adaptiveEnabled,adaptiveControlMode,adaptiveCongestionControlMode,targetJpegQuality,targetFps,targetBitrateKbps,adaptiveBandwidthCeilingKbps,targetWidth,targetHeight,actualCodec,actualEncodeWidth,actualEncodeHeight,actualRawFrameBytes,actualEncodedFrameBytes,rawFrameBytes,encodedFrameBytes,compressionRatio,captureFps,cameraCaptureSubtype,cameraCaptureWidth,cameraCaptureHeight,cameraCaptureFormatFps,encodeMs,resizeMs,nv12PrepareMs,h264EncodeMs,h264EncoderRequestedBitrateKbps,h264EncoderTargetBitrateKbps,h264EncoderAppliedBitrateKbps,h264DynamicBitrateUpdateRequests,h264DynamicBitrateUpdateSuccesses,h264DynamicBitrateUpdateFailures,h264EncoderReinitializations,pacingBudgetTargetBitrateKbps,h264VideoBudgetScale,pacingBurstGuardActive,fixedPacingRecentMaxQueueDelayMs,fixedPacingQueueReleaseStableSec,fixedPacingQueueRecovered,fixedPacingQueueReleaseEligible,adaptiveRepairBudgetUtilization,adaptiveRepairBorrowedRatio,adaptiveRepairSentBytesDelta,adaptiveRepairBorrowedBytesDelta,adaptiveRepairBudgetGuardActive,adaptiveRepairVideoBudgetPressure,adaptiveRetransmitUsefulRatio,adaptiveLateRepairWasteRatio,adaptiveRetransmitNotArrivedRatio,adaptiveRetransmitAccountingComplete,adaptiveLateRepairWastePressure,adaptiveRetransmitNotArrivedPressure,adaptiveRepairDecisionReason,h264AuChunkCount,h264AuIsIdr,h264AuIsDecoderSync,h264AuProtectionLevel,h264AuDroppedBeforeSend,h264AuDropReason,h264AuDroppedBytes,h264AuDroppedChunks,h264AuPacingQueueDelayMs,h264AuEstimatedSendMs,h264InputGatedByPacing,h264InputGateReason,h264InputGateQueueDelayMs,h264InputGateVideoCreditBytes,h264InputGateFrameBudgetBytes,h264InputGateDurationMs,h264InputGateConsecutiveFrames,h264InputGateSkippedInputFrames,h264InputGateForcedOpen,h264InputGateReleaseReason,fecProtectedH264KeyFrames,fecProtectedH264LargeFrames,h264EncoderDelayFrames,h264EncoderDelayMs,h264EncoderPendingFrames,h264EncodedInputFrameId,h264EncoderCallMs,h264EncoderSampleCreateMs,h264EncoderProcessInputMs,h264EncoderPreInputPollMs,h264EncoderPostInputWaitMs,h264EncoderProcessOutputMs,h264EncoderOutputCopyMs,h264EncoderProcessOutputAttempts,h264EncoderAsyncEventCount,h264EncoderHardware,h264EncoderAsync,h264EncoderNeedInputSignaled,h264EncoderOutputProduced,h264EncoderOutputProducedBeforeInput,h264SubmittedNewInput,h264AsyncSubmittedWithoutOutput,h264AsyncPendingNoOutput,h264AsyncCadenceHoldActive,h264AsyncPendingNoOutputStreak,h264AsyncCadenceScale,h264AsyncCadenceHoldRemainingMs,h264AsyncOutputPollBackoffMs,h264InputCadenceFps,h264NeedInputSubmitWake,h264NeedInputSubmitLeadMs,encodedCameraFrameId,encodedCameraSourceTimestamp100ns,encodedCameraCaptureCompletedTimeUs,encodedCameraFrameAgeMs,encodedCameraReadSampleMs,encodedCameraReadSampleEndToCaptureMs,encodedCameraCaptureToPublishMs,encodedCameraPublishToAcquireMs,encodedCameraAcquireToEncoderInputMs,jpegEncodeMs,packetizeMs,sendFrameIntervalMs,cameraFrameReady,cameraFrameId,cameraSourceTimestamp100ns,cameraReadSampleStartTimeUs,cameraReadSampleEndTimeUs,cameraCaptureCompletedTimeUs,cameraFramePublishedTimeUs,cameraSenderAcquireTimeUs,cameraReadSampleMs,cameraReadSampleEndToCaptureMs,cameraCaptureToPublishMs,cameraPublishToAcquireMs,cameraAcquireToSendMs,cameraFrameAgeMs,cameraFrameCacheUsed,receiveJpegDecodeMs,receiveDecodeWorkerFps,receiveDecodeWorkerFrames,receiveDecodePopSuccesses,receiveDecodePopEmptyPolls,receiveDecodeLoopLastPopGapMs,receiveDecodeLoopMaxPopGapMs,receiveStartupDecodeLoopMaxPopGapMs,receiveSteadyDecodeLoopMaxPopGapMs,receiveSteadyDecodeLoopMaxPopGapAtMs,receiveSteadyDecodeLoopMaxPopGapFrameId,receiveSteadyDecodeLoopMaxPopGapStreamId,receiveSteadyDecodeLoopMaxPopGapCodec,receiveSteadyDecodeLoopMaxPopGapInputFrameAgeMs,receiveSteadyDecodeLoopMaxPopGapDecodedQueueSize,receiveSteadyDecodeLoopMaxPopGapCompletedQueueSize,receiveSteadyDecodeLoopMaxPopGapCompletedQueuePopAgeMs,receiveSteadyDecodeLoopMaxPopGapCompletedQueuePushIntervalMs,receiveSteadyDecodeLoopMaxPopGapArrivalRatio,receiveSteadyDecodeLoopMaxPopGapReceiverJitterMs,receiveSteadyDecodeLoopMaxPopGapReceiverLatencyMs,receiveSteadyDecodeLoopMaxPopGapClass,receiveSteadyDecodeLoopMaxPopGapAgeMs,receiveH264StartupActive,receiveH264StartupDecoderSynced,receiveH264StartupFirstDecoded,receiveH264StartupFirstDisplayed,receiveH264StartupReady,receiveH264StartupElapsedMs,receiveH264StartupDecoderSyncMs,receiveH264StartupFirstDecodedMs,receiveH264StartupFirstDisplayedMs,receiveH264StartupReadyMs,receiveH264StartupQueueFlushFrames,receiveDecodeOverwrittenFrames,receiveDecodeQueueDroppedFrames,receiveDecodeRenderOverwriteFrames,receiveDecodeFailures,receiveFreshnessDroppedFrames,receiveFreshnessDroppedFramesDelta,receiveFreshnessDropClass,receiveFreshnessDropEvidence,receiveH264AuInvalidFrames,receiveH264AuCrcMismatches,receiveH264AuPayloadSizeMismatches,receiveH264AuNalCountMismatches,receiveH264AuNoAnnexBNals,receiveH264AuIdrFlagMismatches,receiveH264AuSpsPpsFlagMismatches,receiveH264AuSyncWithoutIdr,receiveH264AuIdrWithoutSpsPps,receiveH264AuForbiddenZeroBit,receiveH264AuLastInvalidReason,receiveDecodeInputFrameAgeMs,receiveDecodeInputCameraFrameAgeMs,receiveDecodeInputEncoderOutputAgeMs,receiveLatestDecodedFrameAgeMs,receiveLatestDecodedCameraFrameAgeMs,receiveLatestDecodedEncoderOutputAgeMs,receiveFreshnessDropThresholdMs,receiveDecodeLastDropReason,receiveUploadBufferWaitMs,receiveDisplayFrameId,receiveDisplayCameraFrameAgeMs,receiveDisplayEncoderOutputAgeMs,receiveDisplayDecodedFrameAgeMs,textureUploadMs,presentGpuWaitMs,renderFramePacingWaitMs,waitableSwapChainWaitMs,presentMs,presentSyncInterval,lowLatencyPresentMode,waitableSwapChainPacingEnabled,waitableSwapChainAvailable,swapChainBufferCount,adaptiveInputPacketLossRate,adaptiveInputReceiveFps,adaptiveInputDecodeFps,adaptiveInputJitterMs,adaptiveInputDisplayFps,adaptiveQoeScore,adaptiveDegradationCause,adaptiveArrivalGapJitterSpikeActive,adaptiveFecRecoveryWorking,adaptiveFecGuardActive,adaptiveFecRecoveryEfficiency,adaptiveFecParityPacketDelta,adaptiveFecRecoveredFrameDelta,adaptiveFecRecoveredChunkDelta,simEnabled,simLossRate,simDuplicateRate,simReorderRate,simMinDelayMs,simMaxDelayMs,simBurstLossLength,simSubmittedPackets,simSentPackets,simDroppedPackets,simDuplicatedPackets,simReorderedPackets
0.074,Baseline,Loopback,1,1,0,,,0.000,0,21,0,0.000,0.000,0.000,0.000,0.000,0.000,0.000,0.000,0.000,0.000,0,0,0,0,0,0,0,0,0,0,0,0,0,0,0,0,0,0,0,5.000,1,0,0,0,0,0,0,0,0,0,0,0,0,0,0,0.000,0.000,0.000,,0,0,8,0,0,0.000,0.000,0.000,0.000,0.000,0.000,0,0,0,0,0,0,0,0,0,0,,,,0,0,0,0,0,0,0,0,0,0,0,0,0,0,0,0,0,0,0,0.000,0,0,0,0,0,0,0.000,0.000,0.000,0,0,0,0,0,0,0,0,0.000,0.000,0.000,0.000,0.000,0.000,0.000,0.000,0.000,,0,0,0,0,0,0,0,0,0,0,0,0,0,,,0,0.000,0,0,0,0,0,0,0,0,0,0,0,0,0,0,0,0,0,0,balanced,0,0.000,0.000,0.000,0,0,0,0,0,0,0,0,0,0,0,0,1,9500000,1200000,0,0,0,0,0,0,0,0,0,0,0,0,0,0,0,0.000,0.000,3750.000,4800.000,0,0,0,0,0,0,0.000,0.000,0.000,0,6000000,0,0.000,0.000,0.000,0.000,0,0,0,0,0,0,0,0,0,0,0,0,0,1,0,4,0,0,0,0,0,0,0,0,,disabled,,0,0,0,0,,1,Fixed Quality,Hybrid,85,30,9500,12000,640,360,,0,0,0,0,0,0,0.000,0.000,,0,0,0.000,0.000,0.000,0.000,0.000,0,0,0,0,0,0,0,0,1.000,0,0.000,0.000,1,0,0.000,0.000,0,0,0,0,0.000,0.000,0.000,0,0,0,disabled,0,0,0,,0,,0,0,0.000,0.000,0,,0.000,0.000,0.000,0.000,0,0,0,,0,0,0,0.000,0,0,0.000,0.000,0.000,0.000,0.000,0.000,0.000,0,0,0,0,0,0,0,0,0,0,0,0,1.000,0.000,0.000,0,0,0.000,0,0,0,0.000,0.000,0.000,0.000,0.000,0.000,0.000,0.000,0.000,0,0,0,0,0,0,0,0,0.000,0.000,0.000,0.000,0.000,0.000,0,0.000,0.000,0,0,8,0.000,0.000,0.000,0.000,0.000,0,0,,0.000,0,0,0.000,0.000,0.000,0.000,0.000,,-1.000,1,0,0,0,0,74.276,0.000,0.000,0.000,0.000,0,0,0,0,0,0,0,,,0,0,0,0,0,0,0,0,0,0,,0.000,0.000,0.000,0.000,0.000,0.000,120.000,,0.000,0,0.000,0.000,0.000,0.000,0.000,0.000,0.000,0.000,1,0,0,1,3,0.000,0.000,0.000,0.000,0.000,0.000,None,0,0,0,0.000,0,0,0,0,0.000,0.000,0.000,0,0,0,0,0,0,0,0
1.077,Baseline,Loopback,1,1,0,,,0.000,0,21,21,25.890,25.803,25.893,8.257,6.755,0.147,0.147,2.878,0.000,0.000,377,0,0,0,0,0,0,0,0,0,0,0,0,21,0,0,0,0,0,5.000,1,0,0,0,0,0,0,0,0,0,0,0,0,0,0,0.000,0.000,0.000,,21,21,115,0,1,34.736,50.813,35.747,51.053,0.000,0.000,20,20,21,21,0,0,0,0,21,1,completed,completed,H.264,0,1,26,26,0,0,0,0,0,0,0,0,370,25,0,0,0,0,0,7.876,0,0,0,0,0,0,0.000,0.000,0.000,0,0,0,0,0,0,0,0,0.000,0.000,0.000,0.000,0.000,25.000,0.000,0.000,0.000,insufficient-sample,0,0,0,0,0,0,0,0,0,0,0,0,0,,,21,0.000,0,0,0,0,0,0,0,0,0,0,0,0,0,0,0,0,0,0,balanced,0,0.000,0.000,0.000,0,0,0,0,0,0,0,0,0,0,0,0,1,9500000,1200000,0,0,0,377,377,450235,0,0,0,0,0,0,0,0,0,17.756,32.980,4949.438,4800.000,18,367,367,0,0,0,0.000,0.072,0.122,18,12000000,9921055,0.090,0.000,0.000,0.059,367,0,0,0,0,0,0,0,0,0,0,0,0,1,0,4,0,0,0,0,0,0,0,0,,disabled,,0,0,0,0,,1,Fixed Quality,Hybrid,85,30,9500,12000,640,360,H.264,480,270,518400,0,518400,30264,0.058,0.000,,0,0,0.000,4.961,0.000,4.267,0.670,7250,7250,7250,0,0,0,1,9500,1.000,0,22.138,0.609,0,1,0.000,0.000,0,0,0,0,0.000,0.000,0.000,0,0,0,disabled,0,0,0,async-output-pending,0,,0,0,0.000,0.000,0,,17.756,4949.438,45673.077,0.000,0,0,0,,0,0,0,0.000,1,0,0.661,0.179,0.481,0.000,0.000,0.000,0.000,0,0,1,1,1,0,0,1,1,0,1,0,0.860,61.680,0.000,26,0,0.000,0,0,0,0.000,0.000,0.000,0.000,0.000,0.000,0.000,0.000,30.329,0,0,0,0,0,0,0,0,0.000,0.000,0.000,0.000,0.000,0.000,0,0.093,25.803,20,21,115,35.720,51.766,41.477,51.766,712.655,12,1,H.264,16.110,0,0,50.813,51.053,0.986,22.631,15.152,arrival-gap-jitter-spike,364.065,0,1,1,1,1,1076.720,287.585,314.331,318.999,318.999,0,0,0,0,0,0,0,,,0,0,0,0,0,0,0,0,0,0,,13.100,0.000,15.923,0.000,0.000,0.000,120.000,,0.000,21,0.000,19.790,3.729,0.077,0.995,0.777,0.000,0.218,1,0,0,1,3,0.000,25.890,25.803,2.878,25.893,1.000,Jitter,1,0,0,0.000,0,0,0,0,0.000,0.000,0.000,0,0,0,0,0,0,0,0
2.079,Baseline,Loopback,1,1,0,,,0.000,0,21,49,25.213,25.242,27.304,13.310,12.353,0.140,0.144,7.229,0.004,0.000,1277,5,14,9,5,0,5,0,0,0,0,0,9,48,0,0,0,0,0,5.000,1,0,0,0,0,0,0,0,0,0,0,0,0,0,0,0.000,0.000,0.000,,48,48,221,0,1,27.114,60.322,28.082,61.846,0.000,0.000,47,47,74,48,0,0,1,3,49,1,completed,completed,H.264,0,1,26,26,0,0,0,0,0,0,0,0,1268,25,0,0,0,0,0,12.877,1,5,0,0,0,0,0.000,0.000,0.000,0,0,6,0,6,0,1,0,0.167,0.833,1.000,1.000,0.000,29.000,0.000,0.000,0.000,insufficient-sample,2,3,0,0,2,3,1,8,0,0,0,0,8,predicted-useful,fec-grace,52,0.000,1,6,0,0,0,0,0,3,3,3,3,1,2,1,2,0,0,0,loss,0,0.308,26.399,34.472,3,3,0,0,0,0,0,0,5,0,2,0,1,9500000,1200000,26,0,26,1307,1281,1551051,6,7464,3,3732,0,0,0,0,0,0.447,33.259,121.938,4800.000,47,1272,1258,5,14,9,0.004,0.084,0.075,47,10500589,9532767,0.088,-0.007,0.011,0.080,1272,1,1,8,0,1,0,0,0,0,0,0,0,1,0,4,14,3,3,0,0,0,0,0,,disabled,,0,0,0,0,,1,Fixed Quality,Hybrid,85,30,9500,12000,640,360,H.264,480,270,518400,30264,518400,30264,0.058,0.000,,0,0,0.000,2.139,0.000,0.000,0.137,7250,7250,7250,0,0,0,1,9500,1.000,0,15.177,0.607,1,1,0.000,0.000,0,0,0,0,0.167,0.833,0.000,1,0,0,disabled,26,0,0,large-au-observed,0,,0,0,21.866,25.485,0,,0.000,0.000,0.000,0.000,0,0,0,,0,0,0,6.090,0,50,0.136,0.000,0.000,0.135,0.000,0.093,0.007,1,1,1,1,0,1,1,0,0,0,1,0,0.860,147.831,0.000,26,0,0.000,0,0,0,0.000,0.000,0.000,0.000,0.000,0.000,0.000,1.971,10.520,0,0,0,0,0,0,0,0,0.000,0.000,0.000,0.000,0.000,0.000,0,0.103,25.242,47,48,221,28.113,61.270,41.477,61.270,1605.417,37,1,H.264,12.984,0,0,60.322,61.846,1.009,26.535,12.028,arrival-gap-jitter-spike,473.657,0,1,1,1,1,2079.074,287.585,314.331,318.999,318.999,0,0,0,0,0,0,0,,,0,0,0,0,0,0,0,0,0,0,,18.336,0.000,21.308,0.000,0.000,0.000,120.000,,0.000,49,0.000,25.294,3.815,0.077,0.988,0.608,0.000,0.380,1,0,0,1,3,0.004,25.213,25.242,7.229,27.304,1.000,Jitter,1,1,0,0.000,2,1,1,0,0.000,0.000,0.000,0,0,0,0,0,0,0,0
3.083,Baseline,Loopback,1,1,0,,,0.000,0,21,77,27.403,27.389,27.682,18.170,14.203,0.140,0.144,3.695,0.003,0.000,2212,7,16,9,5,0,5,0,0,0,0,0,9,76,0,0,0,0,0,5.000,1,0,0,0,0,0,0,0,0,0,0,0,0,0,0,0.000,0.000,0.000,,76,76,320,0,1,38.883,60.322,40.188,61.846,0.000,0.000,75,75,107,76,0,0,1,4,77,1,completed,completed,H.264,0,1,26,26,0,0,0,0,0,0,0,0,2193,25,0,0,0,0,0,18.036,1,5,0,0,0,0,0.000,0.000,0.000,0,0,6,0,6,0,1,0,0.167,0.833,1.000,1.000,0.000,25.000,0.000,0.000,0.000,insufficient-sample,4,7,0,0,4,7,1,8,0,0,0,0,8,predicted-useful,fec-grace,81,0.000,1,6,0,0,0,0,0,4,4,4,4,1,2,1,2,0,0,0,loss,0,0.308,26.399,34.472,4,4,0,0,0,0,0,0,6,0,2,0,1,9500000,1200000,11,0,11,2231,2219,2693283,6,7464,3,3732,0,0,0,0,0,17.506,44.388,8385.562,4800.000,77,2227,2211,7,16,9,0.003,0.067,0.090,77,12000000,10058468,0.143,-0.007,0.000,0.111,2227,1,1,8,0,1,0,0,0,0,0,0,0,1,0,4,16,4,4,0,0,0,0,0,,disabled,,0,0,0,0,,1,Fixed Quality,Hybrid,85,30,9500,12000,640,360,H.264,480,270,518400,30264,518400,30264,0.058,0.000,,0,0,0.000,2.559,0.000,0.000,0.144,7250,7250,7250,0,0,0,1,9500,1.000,0,17.417,0.619,0,1,0.000,0.000,0,0,0,0,0.167,0.833,0.000,1,0,0,disabled,26,0,0,large-au-observed,0,,0,0,17.686,25.485,0,,0.000,0.000,0.000,0.000,0,0,0,,0,0,0,5.185,0,78,0.143,0.000,0.000,0.142,0.000,0.092,0.019,1,1,1,1,0,1,1,0,0,0,0,0,1.000,0.000,0.000,30,0,0.000,0,0,0,0.000,0.000,0.000,0.000,0.000,0.000,0.000,2.404,20.383,0,0,0,0,0,0,0,0,0.000,0.000,0.000,0.000,0.000,0.000,0,0.114,27.389,75,76,320,39.816,61.270,41.477,61.270,1605.417,37,1,H.264,12.984,0,0,60.322,61.846,1.009,26.535,12.028,arrival-gap-jitter-spike,1477.673,0,1,1,1,1,3083.090,287.585,314.331,318.999,318.999,0,0,0,0,0,0,0,,,0,0,0,0,0,0,0,0,0,0,,19.482,0.000,22.718,0.000,0.000,0.000,120.000,,0.001,77,0.000,26.665,3.768,0.084,0.340,0.053,0.000,0.287,1,0,0,1,3,0.003,27.403,27.389,3.695,27.682,1.000,Jitter,1,1,0,0.000,2,1,1,0,0.000,0.000,0.000,0,0,0,0,0,0,0,0
4.084,Baseline,Loopback,1,1,0,,,0.000,0,21,105,26.486,26.481,26.286,13.152,14.047,0.157,0.200,7.249,0.003,0.000,3084,10,20,10,7,0,5,2,0,2,0,0,10,103,0,0,0,0,0,5.000,1,0,0,0,0,0,0,0,0,0,0,0,0,0,0,0.000,0.000,0.000,,103,103,416,0,1,29.437,60.322,30.507,61.846,0.000,0.000,102,102,143,105,0,0,2,5,105,1,completed,completed,H.264,0,1,26,26,0,0,0,0,0,0,0,0,3087,25,0,0,0,0,0,12.914,1,5,2,2,2,0,0.038,0.782,0.798,0,0,8,0,8,0,1,0,0.167,0.833,1.000,1.000,0.000,25.000,0.000,0.000,0.000,insufficient-sample,4,7,0,0,4,7,2,11,0,0,0,0,11,predicted-useful,fec-grace,111,0.000,2,8,0,0,0,0,0,6,6,6,6,1,2,1,2,0,0,0,loss,0,0.260,26.581,34.662,6,6,0,0,0,0,0,0,8,0,3,0,1,9500000,1200000,0,0,0,3091,3091,3753355,8,9016,3,3732,0,0,0,0,0,31.415,44.388,14918.188,4800.000,104,3081,3061,10,20,10,0.003,0.080,0.131,104,10909363,9201304,0.115,0.133,0.014,0.086,3081,2,2,11,0,2,0,0,0,0,0,0,0,1,0,4,21,5,5,0,0,0,0,0,,disabled,,0,0,0,0,,1,Fixed Quality,Hybrid,85,30,9500,12000,640,360,H.264,480,270,518400,0,518400,30264,0.058,0.000,,0,0,0.000,4.611,0.000,3.908,0.683,7250,7250,7250,0,0,0,1,9500,1.000,0,31.415,0.670,0,1,0.000,0.000,0,0,0,0,0.125,0.875,0.000,1,0,0,disabled,0,0,0,async-output-pending,0,,0,0,0.000,0.000,0,,31.405,20956.125,39583.333,0.000,0,0,0,,0,0,0,0.000,1,0,0.667,0.188,0.479,0.000,0.000,0.000,0.000,0,0,1,1,1,0,0,1,1,0,0,0,1.000,0.000,0.000,30,0,0.000,0,0,0,0.000,0.000,0.000,0.000,0.000,0.000,0.000,0.000,34.103,0,0,0,0,0,0,0,0,0.000,0.000,0.000,0.000,0.000,0.000,0,0.105,26.481,102,103,416,30.404,61.270,41.477,61.270,1605.417,37,1,H.264,12.984,0,0,60.322,61.846,1.009,26.535,12.028,arrival-gap-jitter-spike,2478.653,0,1,1,1,1,4084.070,287.585,314.331,318.999,318.999,0,0,0,0,0,0,0,,,0,0,0,0,0,0,0,0,0,0,,15.088,0.000,18.541,0.000,0.000,0.000,120.000,,0.001,105,0.000,22.127,3.423,0.091,0.309,0.001,0.000,0.308,1,0,0,1,3,0.003,26.486,26.481,7.249,26.286,1.000,PacingQueue,0,1,0,0.000,2,1,1,0,0.000,0.000,0.000,0,0,0,0,0,0,0,0
5.085,Baseline,Loopback,1,1,0,,,0.000,0,21,132,26.725,26.723,25.732,7.795,13.207,0.187,0.197,7.123,0.004,0.000,3785,15,50,35,12,0,5,7,0,7,0,0,35,130,0,0,0,0,0,5.000,0,0,0,0,0,0,0,0,0,0,0,0,0,0,0,0.000,0.000,0.000,,130,130,505,0,1,29.128,62.349,30.295,63.316,0.000,0.000,129,129,190,137,0,0,3,7,132,1,completed,completed,H.264,0,1,22,22,0,0,0,0,0,0,0,0,3794,21,0,0,0,0,0,7.550,1,5,7,7,7,0,0.115,1.127,1.288,0,0,13,0,13,0,1,0,0.167,0.833,1.000,1.000,0.000,28.000,0.000,0.000,0.000,insufficient-sample,4,7,0,0,4,7,3,16,0,0,0,0,16,predicted-useful,fec-grace,141,0.000,3,13,0,0,0,0,0,6,6,6,6,1,2,1,2,0,0,0,loss,0,0.243,23.264,31.350,6,6,0,0,0,0,0,0,8,1,5,0,1,9500000,1200000,24,0,24,3823,3798,4619498,13,14300,4,4976,0,0,0,0,0,0.412,46.481,20225.812,4800.000,129,3816,3766,15,50,35,0.004,0.187,0.193,129,12000000,10340623,0.164,0.112,0.002,0.130,3816,3,3,16,0,3,0,0,0,0,0,0,0,1,0,4,33,7,7,0,0,0,0,0,,disabled,,0,0,0,0,,1,Fixed Quality,Hybrid,85,30,9500,12000,640,360,H.264,480,270,518400,26094,518400,26094,0.050,0.000,,0,0,0.000,2.040,0.000,0.000,0.086,7250,6250,6250,2,2,0,1,9500,1.000,0,15.611,0.393,1,1,0.000,0.000,0,0,0,0,0.077,0.923,0.000,1,0,0,disabled,22,0,0,large-au-observed,0,,0,0,17.472,21.974,0,,0.000,0.000,0.000,0.000,0,0,0,,0,0,0,5.504,0,133,0.086,0.000,0.000,0.086,0.000,0.066,0.007,1,1,1,1,0,1,1,0,0,0,0,0,1.000,0.000,0.000,30,0,0.000,0,0,0,0.000,0.000,0.000,0.000,0.000,0.000,0.000,1.939,9.704,0,0,0,0,0,0,0,0,0.000,0.000,0.000,0.000,0.000,0.000,0,0.106,26.723,129,130,505,30.069,63.409,41.477,63.409,4122.514,106,1,H.264,29.712,0,0,62.349,63.316,0.999,25.560,28.649,arrival-gap-jitter-spike,962.724,0,1,1,1,1,5085.238,287.585,314.331,318.999,318.999,0,0,0,0,0,0,0,,,0,0,0,0,0,0,0,0,0,0,,9.281,0.000,11.983,0.000,0.000,0.000,120.000,,0.000,132,0.000,15.326,3.177,0.075,0.832,0.505,0.000,0.327,1,0,0,1,3,0.004,26.725,26.723,7.123,25.732,1.000,Jitter,1,1,0,0.000,1,1,1,0,0.000,0.000,0.000,0,0,0,0,0,0,0,0
6.092,Baseline,Loopback,1,1,0,,,0.000,0,21,161,29.664,29.656,29.559,16.474,12.609,0.146,0.189,0.539,0.004,0.000,4626,19,54,35,12,0,5,7,0,7,0,0,35,159,0,0,0,0,0,5.000,0,0,0,0,0,0,0,0,0,0,0,0,0,0,0,0.000,0.000,0.000,,159,159,597,0,1,32.794,62.349,34.250,63.316,0.000,0.000,158,158,226,166,0,0,3,8,161,1,completed,completed,H.264,0,1,23,23,0,0,0,0,0,0,0,0,4622,22,0,0,0,0,0,16.298,1,5,7,7,7,0,0.115,1.127,1.288,0,0,13,0,13,0,1,0,0.167,0.833,1.000,1.000,0.000,25.000,0.000,0.000,0.000,insufficient-sample,4,7,0,0,4,7,3,16,0,0,0,0,16,predicted-useful,fec-grace,171,0.000,3,13,0,0,0,0,0,7,7,7,7,1,2,1,2,0,0,0,loss,0,0.243,23.264,31.350,7,7,0,0,0,0,0,0,9,1,5,0,1,9500000,1200000,12,0,12,4652,4640,5657378,13,14300,4,4976,0,0,0,0,0,0.596,46.481,513.625,4800.000,156,4661,4607,19,54,35,0.004,0.116,0.222,156,12000000,10471400,0.164,0.082,0.000,0.107,4661,3,3,16,0,3,0,0,0,0,0,0,0,1,0,4,39,8,8,0,0,0,0,0,,disabled,,0,0,0,0,,1,Fixed Quality,Hybrid,85,30,9500,12000,640,360,H.264,480,270,518400,27136,518400,27136,0.052,0.000,,0,0,0.000,1.971,0.000,0.000,0.114,7250,6500,6500,3,3,0,1,9500,1.000,0,12.298,0.668,1,1,0.000,0.000,0,0,0,0,0.077,0.923,0.000,1,0,0,disabled,23,0,0,large-au-observed,0,,0,0,31.433,22.851,0,,0.000,0.000,0.000,0.000,0,0,0,,0,0,0,11.547,0,162,0.113,0.000,0.000,0.113,0.000,0.080,0.010,1,1,1,1,0,1,1,0,0,0,0,0,1.000,0.000,0.000,30,0,0.000,0,0,0,0.000,0.000,0.000,0.000,0.000,0.000,0.000,1.840,15.828,0,0,0,0,0,0,0,0,0.000,0.000,0.000,0.000,0.000,0.000,0,0.126,29.656,158,159,597,33.741,63.409,41.477,63.409,4122.514,106,1,H.264,29.712,0,0,62.349,63.316,0.999,25.560,28.649,arrival-gap-jitter-spike,1969.345,0,1,1,1,1,6091.859,287.585,314.331,318.999,318.999,0,0,0,0,0,0,0,,,0,0,0,0,0,0,0,0,0,0,,13.471,0.000,16.655,0.000,0.000,0.000,120.000,,0.001,161,0.000,20.148,3.292,0.101,0.344,0.001,0.000,0.343,1,0,0,1,3,0.004,29.664,29.656,0.539,29.559,1.000,Jitter,0,1,0,0.000,2,1,1,0,0.000,0.000,0.000,0,0,0,0,0,0,0,0
7.097,Baseline,Loopback,1,1,0,,,0.000,0,21,187,26.193,24.329,24.382,1.588,12.327,0.103,0.177,1.854,0.004,0.005,5219,23,58,35,12,0,5,7,0,7,0,0,35,185,1,0,0,0,0,5.000,0,0,0,0,0,0,0,0,0,0,0,0,0,0,0,0.000,0.000,0.000,,184,184,693,0,1,39.245,82.615,40.032,83.630,0.000,0.000,183,182,264,192,0,0,6,8,187,1,completed,completed,H.264,0,1,20,20,0,0,0,0,0,0,0,0,5241,19,0,0,0,0,0,1.247,2,5,7,7,7,0,0.115,1.127,1.288,0,0,14,0,14,0,2,0,0.286,0.714,1.000,1.000,0.000,25.000,0.000,0.000,0.000,insufficient-sample,7,10,0,0,5,8,6,19,2,2,0,0,19,predicted-useful,likely-arrival,201,0.000,4,14,0,0,0,0,0,10,10,10,10,1,2,1,2,0,0,0,loss,0,0.193,21.869,29.957,8,10,0,0,0,0,1,1,12,1,5,0,1,9500000,1200000,2,0,2,5240,5238,6388369,14,15544,4,4976,0,0,0,0,0,3.521,46.481,1218.562,4800.000,178,5256,5198,23,58,35,0.004,0.007,0.007,178,12000000,34487599,0.099,0.057,0.001,0.054,5256,6,4,19,0,6,0,0,0,0,0,0,0,1,0,4,44,8,8,0,0,0,0,0,,disabled,,0,0,0,0,,1,Fixed Quality,Hybrid,85,30,9500,12000,640,360,H.264,480,270,518400,22972,518400,22972,0.044,0.000,,0,0,0.000,2.457,0.000,0.000,0.096,7250,5500,5500,5,5,0,1,9500,1.000,0,7.055,0.527,1,1,0.000,0.000,0,0,0,0,0.143,0.857,0.000,1,0,0,disabled,20,0,0,large-au-observed,0,,0,0,9.485,19.345,0,,0.000,0.000,0.000,0.000,0,0,0,,0,0,0,7.676,0,187,0.096,0.000,0.000,0.096,0.000,0.067,0.008,1,1,1,1,0,1,1,0,0,0,0,0,1.000,0.000,0.000,30,0,0.000,0,0,0,0.000,0.000,0.000,0.000,0.000,0.000,0.000,2.348,13.655,0,0,0,0,0,0,0,0,0.000,0.000,0.000,0.000,0.000,0.000,0,0.091,24.329,183,184,693,40.357,83.591,41.477,83.591,6469.637,173,1,H.264,6.262,0,0,82.615,83.630,1.000,47.466,5.276,arrival-gap-jitter-spike,627.421,0,1,1,1,1,7097.058,287.585,314.331,318.999,318.999,0,0,0,0,0,0,0,,,0,0,0,0,0,0,0,0,0,0,,3.530,0.000,5.566,0.617,0.000,6.917,120.000,,0.000,186,0.000,8.670,3.152,0.076,0.695,0.376,0.000,0.320,1,0,0,1,3,0.004,26.193,24.329,1.854,24.382,1.000,Jitter,1,1,0,0.000,2,1,1,0,0.000,0.000,0.000,0,0,0,0,0,0,0,0
8.098,Baseline,Loopback,1,1,0,,,0.000,0,21,214,25.733,25.733,25.993,8.267,11.048,0.091,0.166,4.055,0.004,0.005,5903,24,59,35,12,0,5,7,0,7,0,0,35,212,1,0,0,0,0,5.000,0,0,0,0,0,0,0,0,0,0,0,0,0,0,0,0.000,0.000,0.000,,211,211,791,0,1,33.794,82.615,34.806,83.630,0.000,0.000,210,209,291,219,0,0,6,8,214,1,completed,completed,H.264,0,1,21,21,0,0,0,0,0,0,0,0,5922,20,0,0,0,0,0,7.976,2,5,7,7,7,0,0.115,1.127,1.288,0,0,14,0,14,0,2,0,0.286,0.714,1.000,1.000,0.000,25.000,0.000,0.000,0.000,insufficient-sample,7,10,0,0,5,8,6,19,2,2,0,0,19,predicted-useful,likely-arrival,228,0.000,4,14,0,0,0,0,0,10,10,10,10,1,2,1,2,0,0,0,loss,0,0.193,21.869,29.957,8,10,0,0,0,0,1,1,12,1,5,0,1,9500000,1200000,0,0,0,5920,5920,7209585,14,15544,4,4976,0,0,0,0,0,7.974,46.481,2214.688,4800.000,201,5955,5896,24,59,35,0.004,0.224,0.314,201,12000000,9861585,0.156,0.043,0.000,0.133,5955,6,4,19,0,6,0,0,0,0,0,0,0,1,0,4,44,8,8,0,0,0,0,0,,disabled,,0,0,0,0,,1,Fixed Quality,Hybrid,85,30,9500,12000,640,360,H.264,480,270,518400,24014,518400,24014,0.046,0.000,,0,0,0.000,1.614,0.000,0.000,0.069,7250,5750,5750,6,6,0,1,9500,1.000,0,7.974,1.500,1,1,0.000,0.000,0,0,0,0,0.143,0.857,0.000,1,0,0,disabled,21,0,0,large-au-observed,0,,0,0,7.404,20.222,0,,0.000,0.000,0.000,0.000,0,0,0,,0,0,0,5.948,0,214,0.068,0.000,0.000,0.068,0.000,0.046,0.006,1,1,1,1,0,1,1,0,0,0,0,0,1.000,0.000,0.000,30,0,0.000,0,0,0,0.000,0.000,0.000,0.000,0.000,0.000,0.000,1.537,9.971,0,0,0,0,0,0,0,0,0.000,0.000,0.000,0.000,0.000,0.000,0,0.093,25.733,210,211,791,34.639,83.591,41.477,83.591,6469.637,173,1,H.264,6.262,0,0,82.615,83.630,1.000,47.466,5.276,arrival-gap-jitter-spike,1628.630,0,1,1,1,1,8098.267,287.585,314.331,318.999,318.999,0,0,0,0,0,0,0,,,0,0,0,0,0,0,0,0,0,0,,4.830,0.000,7.177,3.755,0.000,15.269,120.000,,0.000,213,0.000,9.985,3.772,0.078,0.895,0.660,0.000,0.235,1,0,0,1,3,0.004,25.733,25.733,4.055,25.993,1.000,Jitter,0,0,0,0.000,0,0,0,0,0.000,0.000,0.000,0,0,0,0,0,0,0,0
9.105,Baseline,Loopback,1,1,0,,,0.000,0,21,242,28.374,28.371,28.044,8.097,10.551,0.091,0.166,5.719,0.004,0.004,6647,25,60,35,12,0,5,7,0,7,0,0,35,240,1,0,0,0,0,5.000,0,0,0,0,0,0,0,0,0,0,0,0,0,0,0,0.000,0.000,0.000,,239,239,894,0,1,39.986,82.615,40.963,83.630,0.000,0.000,238,238,319,247,0,0,6,8,242,1,completed,completed,H.264,0,1,21,21,0,0,0,0,0,0,0,0,6653,20,0,0,0,0,0,7.907,2,5,7,7,7,0,0.115,1.127,1.288,0,0,14,0,14,0,2,0,0.286,0.714,1.000,1.000,0.000,25.000,0.000,0.000,0.000,insufficient-sample,7,10,0,0,5,8,6,19,2,2,0,0,19,predicted-useful,likely-arrival,256,0.000,4,14,0,0,0,0,0,10,10,10,10,1,2,1,2,0,0,0,loss,0,0.193,21.869,29.957,8,10,0,0,0,0,1,1,12,1,5,0,1,9500000,1200000,11,0,11,6676,6664,8105199,14,15544,4,4976,0,0,0,0,0,0.505,46.481,5793.000,4800.000,224,6667,6607,25,60,35,0.004,0.047,0.113,224,12000000,12531880,0.115,0.043,0.000,0.074,6667,6,4,19,0,6,0,0,0,0,0,0,0,1,0,4,44,8,8,0,0,0,0,0,,disabled,,0,0,0,0,,1,Fixed Quality,Hybrid,85,30,9500,12000,640,360,H.264,480,270,518400,25054,518400,25054,0.048,0.000,,0,0,0.000,2.382,0.000,0.000,0.105,7250,6000,6000,7,7,0,1,9500,1.000,0,5.268,2.453,1,1,0.000,0.000,0,0,0,0,0.143,0.857,0.000,1,0,0,disabled,21,0,0,large-au-observed,0,,0,0,7.560,21.098,0,,0.000,0.000,0.000,0.000,0,0,0,,0,0,0,5.610,0,243,0.104,0.000,0.000,0.104,0.000,0.073,0.009,1,1,1,1,0,1,1,0,0,0,0,0,1.000,0.000,0.000,30,0,0.000,0,0,0,0.000,0.000,0.000,0.000,0.000,0.000,0.000,2.266,10.050,0,0,0,0,0,0,0,0,0.000,0.000,0.000,0.000,0.000,0.000,0,0.103,28.371,238,239,894,41.009,83.591,41.477,83.591,6469.637,173,1,H.264,6.262,0,0,82.615,83.630,1.000,47.466,5.276,arrival-gap-jitter-spike,2635.218,0,1,1,1,1,9104.855,287.585,314.331,318.999,318.999,0,0,0,0,0,0,0,,,0,0,0,0,0,0,0,0,0,0,,8.316,0.000,10.892,0.000,0.000,0.000,120.000,,0.001,242,0.000,13.828,2.813,0.104,0.351,0.079,0.000,0.272,1,0,0,1,3,0.004,28.374,28.371,5.719,28.044,1.000,Jitter,0,0,0,0.000,0,0,0,0,0.000,0.000,0.000,0,0,0,0,0,0,0,0
10.105,Baseline,Loopback,1,1,0,,,0.000,0,21,271,28.290,28.284,28.230,8.656,10.177,0.116,0.216,4.915,0.004,0.004,7410,30,65,35,12,0,5,7,0,7,0,0,35,269,1,0,0,0,0,5.000,0,0,0,0,0,0,0,0,0,0,0,0,0,0,0,0.000,0.000,0.000,,268,268,989,0,1,29.555,82.615,30.433,83.630,0.000,0.000,267,267,366,276,0,0,6,11,271,1,completed,completed,H.264,0,1,22,22,0,0,0,0,0,0,0,0,7415,21,0,0,0,0,0,8.235,2,5,7,7,7,0,0.115,1.127,1.288,0,0,14,0,14,0,2,0,0.286,0.714,1.000,1.000,0.000,25.000,0.000,0.000,0.000,insufficient-sample,7,10,0,0,5,8,6,19,2,2,0,0,19,predicted-useful,likely-arrival,288,0.000,4,14,0,0,0,0,0,13,13,13,13,1,2,1,2,0,0,0,loss,0,0.193,21.869,29.957,11,13,0,0,0,0,1,1,15,1,5,0,1,9500000,1200000,9,0,9,7440,7431,9055935,14,15544,4,4976,0,0,0,0,0,0.578,46.481,913.188,4800.000,249,7447,7383,29,64,35,0.004,0.009,0.011,249,11118899,9421688,0.129,0.008,0.011,0.090,7447,6,4,19,0,6,0,0,0,0,0,0,0,1,0,4,59,11,11,0,0,0,0,0,,disabled,,0,0,0,0,,1,Fixed Quality,Hybrid,85,30,9500,12000,640,360,H.264,480,270,518400,26096,518400,26096,0.050,0.000,,0,0,0.000,1.939,0.000,0.000,0.070,7250,6250,6250,8,8,0,1,9500,1.000,0,15.179,3.314,1,1,0.000,0.000,0,0,0,0,0.143,0.857,0.000,1,0,0,disabled,22,0,0,large-au-observed,0,,0,0,18.473,21.976,0,,0.000,0.000,0.000,0.000,0,0,0,,0,0,0,6.069,0,272,0.069,0.000,0.000,0.069,0.000,0.048,0.007,1,1,1,1,0,1,1,0,0,0,0,0,1.000,0.000,0.000,30,0,0.000,0,0,0,0.000,0.000,0.000,0.000,0.000,0.000,0.000,1.860,10.210,0,0,0,0,0,0,0,0,0.000,0.000,0.000,0.000,0.000,0.000,0,0.092,28.284,267,268,989,30.474,83.591,41.477,83.591,6469.637,173,1,H.264,6.262,0,0,82.615,83.630,1.000,47.466,5.276,arrival-gap-jitter-spike,3635.415,0,1,1,1,1,10105.052,287.585,314.331,318.999,318.999,0,0,0,0,0,0,0,,,0,0,0,0,0,0,0,0,0,0,,8.764,0.000,11.291,0.000,0.000,0.000,120.000,,0.000,271,0.000,14.516,3.130,0.076,0.843,0.564,0.000,0.279,1,0,0,1,3,0.004,28.290,28.284,4.915,28.230,0.500,Loss,0,0,0,0.000,0,0,0,0,0.000,0.000,0.000,0,0,0,0,0,0,0,0
11.106,Baseline,Loopback,1,1,0,,,0.000,0,21,300,27.598,27.606,27.602,8.185,9.917,0.116,0.216,6.201,0.004,0.003,8203,35,70,35,12,0,5,7,0,7,0,0,35,298,1,0,0,0,0,5.000,0,0,0,0,0,0,0,0,0,0,0,0,0,0,0,0.000,0.000,0.000,,297,297,1096,0,1,29.044,82.615,30.033,83.630,0.000,0.000,296,296,402,305,0,0,6,12,300,1,completed,completed,H.264,0,1,23,23,0,0,0,0,0,0,0,0,8232,22,0,0,0,0,0,7.922,2,5,7,7,7,0,0.115,1.127,1.288,0,0,14,0,14,0,2,0,0.286,0.714,1.000,1.000,0.000,25.000,0.000,0.000,0.000,insufficient-sample,7,10,0,0,5,8,6,19,2,2,0,0,19,predicted-useful,likely-arrival,317,0.000,4,14,0,0,0,0,0,13,13,13,13,1,2,1,2,0,0,0,loss,0,0.193,21.869,29.957,11,13,0,0,0,0,1,1,15,1,5,0,1,9500000,1200000,0,0,0,8228,8228,10039585,14,15544,4,4976,0,0,0,0,0,17.661,46.481,9409.562,4800.000,275,8273,8203,35,70,35,0.004,0.100,0.092,275,10749038,9050623,0.105,0.008,0.013,0.081,8273,6,4,19,0,6,0,0,0,0,0,0,0,1,0,4,65,12,12,0,0,0,0,0,,disabled,,0,0,0,0,,1,Fixed Quality,Hybrid,85,30,9500,12000,640,360,H.264,480,270,518400,27138,518400,27138,0.052,0.000,,0,0,0.000,1.868,0.000,0.000,0.064,7250,6500,6500,9,9,0,1,9500,1.000,0,17.661,3.625,0,1,0.000,0.000,0,0,0,0,0.143,0.857,0.000,1,0,0,disabled,23,0,0,large-au-observed,0,,0,0,17.557,22.853,0,,0.000,0.000,0.000,0.000,0,0,0,,0,0,0,6.148,0,300,0.063,0.000,0.000,0.063,0.000,0.042,0.007,1,1,1,1,0,1,1,0,0,0,0,0,1.000,0.000,0.000,30,0,0.000,0,0,0,0.000,0.000,0.000,0.000,0.000,0.000,0.000,1.776,10.188,0,0,0,0,0,0,0,0,0.000,0.000,0.000,0.000,0.000,0.000,0,0.092,27.606,296,297,1096,29.952,83.591,41.477,83.591,6469.637,173,1,H.264,6.262,0,0,82.615,83.630,1.000,47.466,5.276,arrival-gap-jitter-spike,4635.979,0,1,1,1,1,11105.616,287.585,314.331,318.999,318.999,0,0,0,0,0,0,0,,,0,0,0,0,0,0,0,0,0,0,,9.386,0.000,12.036,0.000,0.000,0.000,120.000,,0.001,300,0.000,15.087,2.938,0.074,0.874,0.576,0.000,0.299,1,0,0,1,3,0.004,27.598,27.606,6.201,27.602,0.500,Loss,0,1,0,0.000,1,1,1,0,0.000,0.000,0.000,0,0,0,0,0,0,0,0
12.112,Baseline,Loopback,1,1,0,,,0.000,0,21,328,27.440,27.435,27.239,10.912,9.785,0.137,0.204,4.223,0.005,0.003,9032,41,76,35,12,0,5,7,0,7,0,0,35,326,1,0,0,0,0,5.000,0,0,0,0,0,0,0,0,0,0,0,0,0,0,0,0.000,0.000,0.000,,325,325,1200,0,1,39.241,82.615,40.666,83.630,0.000,0.000,324,324,430,333,0,0,6,12,328,1,completed,completed,H.264,0,1,24,24,0,0,0,0,0,0,0,0,9049,23,0,0,0,0,0,10.624,2,5,7,7,7,0,0.115,1.127,1.288,0,0,14,0,14,0,2,0,0.286,0.714,1.000,1.000,0.000,25.000,0.000,0.000,0.000,insufficient-sample,7,10,0,0,5,8,6,19,2,2,0,0,19,predicted-useful,likely-arrival,345,0.000,4,14,0,0,0,0,0,13,13,13,13,1,2,1,2,0,0,0,loss,0,0.193,21.869,29.957,11,13,0,0,0,0,1,1,15,1,5,0,1,9500000,1200000,12,0,12,9074,9062,11065067,14,15544,4,4976,0,0,0,0,0,0.659,46.481,579.000,4800.000,301,9101,9025,41,76,35,0.005,0.201,0.242,301,12000000,9278009,0.163,0.008,0.001,0.149,9101,6,4,19,0,6,0,0,0,0,0,0,0,1,0,4,65,12,12,0,0,0,0,0,,disabled,,0,0,0,0,,1,Fixed Quality,Hybrid,85,30,9500,12000,640,360,H.264,480,270,518400,28176,518400,28176,0.054,0.000,,0,0,0.000,2.223,0.000,0.000,0.099,7250,6750,6750,10,10,0,1,9500,1.000,0,15.053,3.723,1,1,0.000,0.000,0,0,0,0,0.143,0.857,0.000,1,0,0,disabled,24,0,0,large-au-observed,0,,0,0,17.110,23.727,0,,0.000,0.000,0.000,0.000,0,0,0,,0,0,0,4.436,0,329,0.099,0.000,0.000,0.098,0.000,0.069,0.010,1,1,1,1,0,1,1,0,0,0,1,0,0.860,147.167,0.000,26,0,0.000,0,0,0,0.000,0.000,0.000,0.000,0.000,0.000,0.000,2.111,9.643,0,0,0,0,0,0,0,0,0.000,0.000,0.000,0.000,0.000,0.000,0,0.100,27.435,324,325,1200,40.419,83.591,41.477,83.591,6469.637,173,1,H.264,6.262,0,0,82.615,83.630,1.000,47.466,5.276,arrival-gap-jitter-spike,5642.679,0,1,1,1,1,12112.316,287.585,314.331,318.999,318.999,0,0,0,0,0,0,0,,,0,0,0,0,0,0,0,0,0,0,,9.314,0.000,12.355,0.000,0.000,0.000,120.000,,0.001,328,0.000,17.072,4.614,0.096,0.340,0.021,0.000,0.319,1,0,0,1,3,0.005,27.440,27.435,4.223,27.239,0.000,None,0,1,0,0.000,1,1,1,0,0.000,0.000,0.000,0,0,0,0,0,0,0,0
13.113,Baseline,Loopback,1,1,0,,,0.000,0,21,355,26.614,26.614,26.853,7.793,9.788,0.163,0.201,8.125,0.005,0.003,9821,45,80,35,12,0,5,7,0,7,0,0,35,353,1,0,0,0,0,5.000,0,0,0,0,0,0,0,0,0,0,0,0,0,0,0,0.000,0.000,0.000,,352,352,1299,0,1,44.720,82.615,45.699,83.630,0.000,0.000,351,351,464,360,0,0,6,13,355,1,completed,completed,H.264,0,1,24,24,0,0,0,0,0,0,0,0,9860,23,0,0,0,0,0,7.565,2,5,7,7,7,0,0.115,1.127,1.288,0,0,14,0,14,0,2,0,0.286,0.714,1.000,1.000,0.000,25.000,0.000,0.000,0.000,insufficient-sample,7,10,0,0,5,8,6,19,2,2,0,0,19,predicted-useful,likely-arrival,373,0.000,4,14,0,0,0,0,0,14,14,14,14,1,2,1,2,0,0,0,loss,0,0.193,21.869,29.957,12,14,0,0,0,0,1,1,16,1,5,0,1,9500000,1200000,0,0,0,9854,9854,12034805,14,15544,4,4976,0,0,0,0,0,17.466,46.481,8162.875,4800.000,326,9894,9814,45,80,35,0.005,0.069,0.066,326,11081771,8274437,0.098,0.011,0.008,0.083,9894,6,4,19,0,6,0,0,0,0,0,0,0,1,0,4,71,13,13,0,0,0,0,0,,disabled,,0,0,0,0,,1,Fixed Quality,Hybrid,85,30,9500,12000,640,360,H.264,480,270,518400,0,518400,28178,0.054,0.000,,0,0,0.000,5.008,0.000,4.333,0.650,7250,6750,6750,10,10,0,1,9500,1.000,0,17.466,3.912,0,1,0.000,0.000,0,0,0,0,0.143,0.857,0.000,1,0,0,disabled,0,0,0,async-output-pending,0,,0,0,0.000,0.000,0,,17.466,8162.875,39583.333,0.000,0,0,0,,0,0,0,0.000,1,0,0.640,0.146,0.492,0.000,0.000,0.000,0.000,0,0,1,1,1,0,0,1,1,0,0,0,1.000,0.000,0.000,30,0,0.000,0,0,0,0.000,0.000,0.000,0.000,0.000,0.000,0.000,0.000,29.917,0,0,0,0,0,0,0,0,0.000,0.000,0.000,0.000,0.000,0.000,0,0.097,26.614,351,352,1299,45.808,83.591,41.477,83.591,6469.637,173,1,H.264,6.262,0,0,82.615,83.630,1.000,47.466,5.276,arrival-gap-jitter-spike,6643.106,0,1,1,1,1,13112.743,287.585,314.331,318.999,318.999,0,0,0,0,0,0,0,,,0,0,0,0,0,0,0,0,0,0,,10.013,0.000,12.871,0.000,0.000,0.000,120.000,,0.000,355,0.000,15.605,2.634,0.081,0.537,0.247,0.000,0.290,1,0,0,1,3,0.005,26.614,26.614,8.125,26.853,0.500,Loss,0,1,0,0.000,3,1,1,0,0.000,0.000,0.000,0,0,0,0,0,0,0,0
14.117,Baseline,Loopback,1,1,0,,,0.000,0,21,384,27.901,27.908,27.761,12.635,9.735,0.156,0.198,10.136,0.005,0.003,10701,50,85,35,12,0,5,7,0,7,0,0,35,382,1,0,0,0,0,5.000,0,0,0,0,0,0,0,0,0,0,0,0,0,0,0,0.000,0.000,0.000,,381,381,1398,0,1,24.709,82.615,25.705,83.630,0.000,0.000,380,380,493,389,0,0,6,13,384,1,completed,completed,H.264,0,1,24,24,0,0,0,0,0,0,0,0,10731,23,0,0,0,0,0,12.298,2,5,7,7,7,0,0.115,1.127,1.288,0,0,14,0,14,0,2,0,0.286,0.714,1.000,1.000,0.000,25.000,0.000,0.000,0.000,insufficient-sample,7,10,0,0,5,8,6,19,2,2,0,0,19,predicted-useful,likely-arrival,402,0.000,4,14,0,0,0,0,0,14,14,14,14,1,2,1,2,0,0,0,loss,0,0.193,21.869,29.957,12,14,0,0,0,0,1,1,16,1,5,0,1,9500000,1200000,16,0,16,10754,10738,13117843,14,15544,4,4976,0,0,0,0,0,0.521,46.481,751.188,4800.000,353,10759,10674,50,85,35,0.005,0.077,0.100,353,12000000,8542579,0.116,0.008,0.002,0.097,10759,6,4,19,0,6,0,0,0,0,0,0,0,1,0,4,71,13,13,0,0,0,0,0,,disabled,,0,0,0,0,,1,Fixed Quality,Hybrid,85,30,9500,12000,640,360,H.264,480,270,518400,28178,518400,28178,0.054,0.000,,0,0,0.000,1.975,0.000,0.000,0.124,7250,6750,6750,10,10,0,1,9500,1.000,0,9.891,4.175,1,1,0.000,0.000,0,0,0,0,0.143,0.857,0.000,1,0,0,disabled,24,0,0,large-au-observed,0,,0,0,26.330,23.729,0,,0.000,0.000,0.000,0.000,0,0,0,,0,0,0,10.827,0,385,0.123,0.000,0.000,0.123,0.000,0.086,0.011,1,1,1,1,0,1,1,0,0,0,0,0,1.000,0.000,0.000,30,0,0.000,0,0,0,0.000,0.000,0.000,0.000,0.000,0.000,0.000,1.842,14.833,0,0,0,0,0,0,0,0,0.000,0.000,0.000,0.000,0.000,0.000,0,0.097,27.908,380,381,1398,25.464,83.591,41.477,83.591,6469.637,173,1,H.264,6.262,0,0,82.615,83.630,1.000,47.466,5.276,arrival-gap-jitter-spike,7647.389,0,1,1,1,1,14117.026,287.585,314.331,318.999,318.999,0,0,0,0,0,0,0,,,0,0,0,0,0,0,0,0,0,0,,12.582,0.000,15.449,0.000,0.000,0.000,120.000,,0.001,384,0.000,19.532,3.980,0.085,0.282,0.002,0.000,0.280,1,0,0,1,3,0.005,27.901,27.908,10.136,27.761,0.000,None,0,1,0,0.000,3,1,1,0,0.000,0.000,0.000,0,0,0,0,0,0,0,0
15.120,Baseline,Loopback,1,1,0,,,0.000,0,21,414,30.348,30.350,30.581,7.879,10.037,0.152,0.194,6.594,0.005,0.002,11557,55,94,39,16,0,5,11,0,11,0,0,39,411,1,0,0,0,0,5.000,0,0,0,0,0,0,0,0,0,0,0,0,0,0,0,0.000,0.000,0.000,,410,410,1486,0,1,38.398,82.615,39.545,83.630,0.000,0.000,409,409,546,422,0,0,7,16,414,1,completed,completed,H.264,0,1,24,24,0,0,0,0,0,0,0,0,11606,23,0,0,0,0,0,7.685,2,5,11,11,11,0,0.086,1.147,1.288,0,0,18,0,18,0,2,0,0.286,0.714,1.000,1.000,0.000,27.000,0.000,0.000,0.000,insufficient-sample,7,10,0,0,5,8,7,23,2,2,0,0,23,predicted-useful,likely-arrival,436,0.000,5,18,0,0,0,0,0,17,17,17,17,1,2,1,2,0,0,0,loss,0,0.186,23.636,31.727,15,17,0,0,0,0,1,1,19,1,6,0,1,9500000,1200000,0,0,0,11598,11598,14170405,18,19898,4,4976,0,0,0,0,0,17.357,46.481,8381.000,4800.000,381,11649,11555,55,94,39,0.005,0.077,0.091,381,12000000,8853290,0.094,0.005,0.004,0.075,11649,7,5,23,0,7,0,0,0,0,0,0,0,1,0,4,87,16,16,0,0,0,0,0,,disabled,,0,0,0,0,,1,Fixed Quality,Hybrid,85,30,9500,12000,640,360,H.264,480,270,518400,0,518400,28176,0.054,0.000,,0,0,0.000,0.011,0.000,0.000,0.005,7250,6750,6750,10,10,0,1,9500,1.000,0,17.357,4.352,0,1,0.000,0.000,0,0,0,0,0.111,0.889,0.000,1,0,0,disabled,0,0,0,async-output-pending,0,,0,0,0.000,0.000,0,,0.000,0.000,0.000,0.000,0,0,0,,0,0,0,0.000,1,0,0.000,0.000,0.000,0.000,0.000,0.000,0.000,0,0,0,0,0,0,0,0,1,1,1,1,0.860,180.000,1.500,26,0,0.000,0,0,0,0.000,0.000,0.000,0.000,0.000,0.000,0.000,0.000,10.084,0,0,0,0,0,0,0,0,0.000,0.000,0.000,0.000,0.000,0.000,0,0.107,30.350,409,410,1486,39.435,83.591,41.477,83.591,6469.637,173,1,H.264,6.262,0,0,82.615,83.630,1.000,47.466,5.276,arrival-gap-jitter-spike,8650.963,0,1,1,1,1,15120.600,287.585,314.331,318.999,318.999,0,0,0,0,0,0,0,,,0,0,0,0,0,0,0,0,0,0,,12.424,0.000,15.240,0.000,0.000,0.000,120.000,,0.000,414,0.000,18.887,3.537,0.082,0.382,0.008,0.000,0.374,1,0,0,1,3,0.005,30.348,30.350,6.594,30.581,0.000,Loss,0,1,0,0.000,3,1,1,0,0.000,0.000,0.000,0,0,0,0,0,0,0,0
16.127,Baseline,Loopback,1,1,0,,,0.000,0,21,442,26.546,26.546,25.975,8.321,9.970,0.112,0.189,2.723,0.005,0.002,12391,59,98,39,16,0,5,11,0,11,0,0,39,439,1,0,0,0,0,5.000,0,0,0,0,0,0,0,0,0,0,0,0,0,0,0,0.000,0.000,0.000,,438,438,1591,0,1,39.410,82.615,40.393,83.630,0.000,0.000,437,436,580,450,0,0,7,17,442,1,completed,completed,H.264,0,1,24,24,0,0,0,0,0,0,0,0,12447,23,0,0,0,0,0,8.169,2,5,11,11,11,0,0.086,1.147,1.288,0,0,18,0,18,0,2,0,0.286,0.714,1.000,1.000,0.000,25.000,0.000,0.000,0.000,insufficient-sample,7,10,0,0,5,8,7,23,2,2,0,0,23,predicted-useful,likely-arrival,465,0.000,5,18,0,0,0,0,0,18,18,18,18,1,2,1,2,0,0,0,loss,0,0.186,23.636,31.727,16,18,0,0,0,0,1,1,20,1,6,0,1,9500000,1200000,3,0,3,12438,12435,15195527,18,19898,4,4976,0,0,0,0,0,7.654,46.481,625.750,4800.000,407,12478,12380,59,98,39,0.005,0.065,0.099,407,10932416,8650205,0.146,-0.004,0.005,0.111,12478,7,5,23,0,7,0,0,0,0,0,0,0,1,0,4,92,17,17,0,0,0,0,0,,disabled,,0,0,0,0,,1,Fixed Quality,Hybrid,85,30,9500,12000,640,360,H.264,480,270,518400,28178,518400,28178,0.054,0.000,,0,0,0.000,1.896,0.000,0.000,0.073,7250,6750,6750,10,10,0,1,9500,1.000,0,14.023,4.454,1,1,0.000,0.000,0,0,0,0,0.111,0.889,0.000,1,0,0,disabled,24,0,0,large-au-observed,0,,0,0,17.579,23.729,0,,0.000,0.000,0.000,0.000,0,0,0,,0,0,0,5.817,0,442,0.072,0.000,0.000,0.072,0.000,0.049,0.007,1,1,1,1,0,1,1,0,0,0,0,0,1.000,0.000,0.000,30,0,0.000,0,0,0,0.000,0.000,0.000,0.000,0.000,0.000,0.000,1.815,10.114,0,0,0,0,0,0,0,0,0.000,0.000,0.000,0.000,0.000,0.000,0,0.098,26.546,437,438,1591,40.411,83.591,41.477,83.591,6469.637,173,1,H.264,6.262,0,0,82.615,83.630,1.000,47.466,5.276,arrival-gap-jitter-spike,9657.072,0,1,1,1,1,16126.709,287.585,314.331,318.999,318.999,0,0,0,0,0,0,0,,,0,0,0,0,0,0,0,0,0,0,,9.758,0.000,12.562,1.363,0.000,13.662,120.000,,0.000,441,0.000,16.127,3.373,0.073,0.989,0.740,0.000,0.249,1,0,0,1,3,0.005,26.546,26.546,2.723,25.975,0.500,Loss,0,1,0,0.000,2,1,1,0,0.000,0.000,0.000,0,0,0,0,0,0,0,0
17.127,Baseline,Loopback,1,1,0,,,0.000,0,21,471,29.231,29.229,28.806,8.539,9.933,0.099,0.184,5.255,0.005,0.002,13252,67,106,39,16,0,5,11,0,11,0,0,39,468,1,0,0,0,0,5.000,0,0,0,0,0,0,0,0,0,0,0,0,0,0,0,0.000,0.000,0.000,,467,467,1693,0,1,28.906,82.615,29.886,83.630,0.000,0.000,466,465,633,479,0,0,7,21,471,1,completed,completed,H.264,0,1,24,24,0,0,0,0,0,0,0,0,13318,23,0,0,0,0,0,8.399,2,5,11,11,11,0,0.086,1.147,1.288,0,0,18,0,18,0,2,0,0.286,0.714,1.000,1.000,0.000,25.000,0.000,0.000,0.000,insufficient-sample,7,10,0,0,5,8,7,23,2,2,0,0,23,predicted-useful,likely-arrival,498,0.000,5,18,0,0,0,0,0,22,22,22,22,1,2,1,2,0,0,0,loss,0,0.186,23.636,31.727,20,22,0,0,0,0,1,1,24,1,6,0,1,9500000,1200000,5,0,5,13308,13303,16258645,18,19898,4,4976,0,0,0,0,0,8.049,46.481,983.562,4800.000,434,13342,13236,67,106,39,0.005,0.192,0.227,434,12000000,9324974,0.190,-0.013,0.003,0.149,13342,7,5,23,0,7,0,0,0,0,0,0,0,1,0,4,112,21,21,0,0,0,0,0,,disabled,,0,0,0,0,,1,Fixed Quality,Hybrid,85,30,9500,12000,640,360,H.264,480,270,518400,28178,518400,28178,0.054,0.000,,0,0,0.000,1.927,0.000,0.000,0.080,7250,6750,6750,10,10,0,1,9500,1.000,0,14.103,4.681,1,1,0.000,0.000,0,0,0,0,0.111,0.889,0.000,1,0,0,disabled,24,0,0,large-au-observed,0,,0,0,17.781,23.729,0,,0.000,0.000,0.000,0.000,0,0,0,,0,0,0,5.760,0,471,0.079,0.000,0.000,0.079,0.000,0.055,0.007,1,1,1,1,0,1,1,0,0,0,0,0,1.000,0.000,0.000,30,0,0.000,0,0,0,0.000,0.000,0.000,0.000,0.000,0.000,0.000,1.839,9.860,0,0,0,0,0,0,0,0,0.000,0.000,0.000,0.000,0.000,0.000,0,0.086,29.229,466,467,1693,29.928,83.591,41.477,83.591,6469.637,173,1,H.264,6.262,0,0,82.615,83.630,1.000,47.466,5.276,arrival-gap-jitter-spike,10657.215,0,1,1,1,1,17126.852,287.585,314.331,318.999,318.999,0,0,0,0,0,0,0,,,0,0,0,0,0,0,0,0,0,0,,9.345,0.000,12.101,1.764,0.000,14.160,120.000,,0.000,470,0.000,15.323,3.185,0.070,0.963,0.702,0.000,0.261,1,0,0,1,3,0.005,29.231,29.229,5.255,28.806,0.500,Loss,0,1,0,0.000,4,1,1,0,0.000,0.000,0.000,0,0,0,0,0,0,0,0
18.129,Baseline,Loopback,1,1,0,,,0.000,0,21,499,28.440,28.438,28.416,13.547,10.019,0.147,0.182,4.977,0.005,0.002,14071,68,107,39,20,0,5,15,0,15,0,0,39,495,1,0,0,0,0,5.000,0,0,0,0,0,0,0,0,0,0,0,0,0,0,0,0.000,0.000,0.000,,494,494,1778,0,1,29.104,82.615,30.184,83.630,0.000,0.000,493,493,665,510,0,0,8,21,499,1,completed,completed,H.264,1,1,24,24,0,0,0,0,0,0,0,0,14133,23,0,0,0,0,0,13.324,2,5,15,15,11,4,0.086,1.129,1.288,0,0,22,0,22,0,2,0,0.286,0.714,1.000,1.000,0.000,30.000,0.000,1.000,0.000,duplicate-guard,7,10,0,0,5,8,8,28,2,2,0,0,28,predicted-useful,likely-arrival,527,0.000,6,22,0,0,0,0,0,23,23,23,23,1,2,1,2,0,0,0,loss,0,0.192,24.732,32.823,21,23,0,0,0,0,1,1,25,1,7,0,1,9500000,1200000,0,0,0,14122,14122,17261389,22,24252,4,4976,0,0,0,0,0,13.007,46.481,1652.625,4800.000,460,14161,14054,68,107,39,0.005,0.157,0.185,460,12000000,8776139,0.169,0.048,0.000,0.132,14161,8,6,28,0,8,0,0,0,0,0,0,0,1,0,4,112,21,21,0,0,0,0,0,,disabled,,0,0,0,0,,1,Fixed Quality,Hybrid,85,30,9500,12000,640,360,H.264,480,270,518400,0,518400,28176,0.054,0.000,,0,0,0.000,6.204,0.000,5.250,0.916,7250,6750,6750,10,10,0,1,9500,1.000,0,13.007,4.994,1,1,0.000,0.000,0,0,0,0,0.091,0.909,0.000,1,0,0,disabled,0,0,0,async-output-pending,0,,0,0,0.000,0.000,0,,12.955,14162.125,39583.333,0.000,0,0,0,,0,0,0,0.000,1,0,0.902,0.248,0.652,0.000,0.000,0.000,0.000,0,0,1,1,1,0,0,1,1,0,0,0,1.000,0.000,0.000,30,0,0.000,0,0,0,0.000,0.000,0.000,0.000,0.000,0.000,0.000,0.000,15.314,0,0,0,0,0,0,0,0,0.000,0.000,0.000,0.000,0.000,0.000,0,0.108,28.438,493,494,1778,30.218,83.591,41.477,83.591,6469.637,173,1,H.264,6.262,0,0,82.615,83.630,1.000,47.466,5.276,arrival-gap-jitter-spike,11659.116,0,1,1,1,1,18128.753,287.585,314.331,318.999,318.999,0,0,0,0,0,0,0,,,0,0,0,0,0,0,0,0,0,0,,16.370,0.000,19.230,0.000,0.000,0.000,120.000,,0.001,499,0.000,23.950,4.592,0.093,0.310,0.001,0.000,0.310,1,0,0,1,3,0.005,28.440,28.438,4.977,28.416,0.000,Loss,0,1,0,0.000,4,1,1,0,0.000,0.000,0.000,0,0,0,0,0,0,0,0
19.134,Baseline,Loopback,1,1,0,,,0.000,0,21,528,29.172,29.184,29.872,6.149,10.051,0.147,0.182,4.733,0.005,0.002,14940,70,109,39,20,0,5,15,0,15,0,0,39,524,1,0,0,0,0,5.000,0,0,0,0,0,0,0,0,0,0,0,0,0,0,0,0.000,0.000,0.000,,523,523,1876,0,1,28.490,82.615,29.547,83.630,0.000,0.000,522,522,694,539,0,0,8,21,528,1,completed,completed,H.264,0,1,24,24,0,0,0,0,0,0,0,0,15004,23,0,0,0,0,0,5.901,2,5,15,15,11,4,0.086,1.129,1.288,0,0,22,0,22,0,2,0,0.286,0.714,1.000,1.000,0.000,26.000,0.000,0.000,0.000,insufficient-sample,7,10,0,0,5,8,8,28,2,2,0,0,28,predicted-useful,likely-arrival,556,0.000,6,22,0,0,0,0,0,23,23,23,23,1,2,1,2,0,0,0,loss,0,0.192,24.732,32.823,21,23,0,0,0,0,1,1,25,1,7,0,1,9500000,1200000,0,0,0,14992,14992,18327013,22,24252,4,4976,0,0,0,0,0,15.138,46.481,5417.375,4800.000,487,15023,14914,70,109,39,0.005,0.192,0.176,487,12000000,9524430,0.120,0.048,0.000,0.107,15023,8,6,28,0,8,0,0,0,0,0,0,0,1,0,4,112,21,21,0,0,0,0,0,,disabled,,0,0,0,0,,1,Fixed Quality,Hybrid,85,30,9500,12000,640,360,H.264,480,270,518400,28178,518400,28178,0.054,0.000,,0,0,0.000,1.919,0.000,0.000,0.080,7250,6750,6750,10,10,0,1,9500,1.000,0,15.352,5.122,0,1,0.000,0.000,0,0,0,0,0.091,0.909,0.000,1,0,0,disabled,24,0,0,large-au-observed,0,,0,0,24.428,23.729,0,,0.000,0.000,0.000,0.000,0,0,0,,0,0,0,6.888,0,528,0.080,0.000,0.000,0.079,0.000,0.054,0.008,1,1,1,1,0,1,1,0,0,0,1,0,0.860,115.535,0.000,26,0,0.000,0,0,0,0.000,0.000,0.000,0.000,0.000,0.000,0.000,1.832,11.124,0,0,0,0,0,0,0,0,0.000,0.000,0.000,0.000,0.000,0.000,0,0.100,29.184,522,523,1876,29.480,83.591,41.477,83.591,6469.637,173,1,H.264,6.262,0,0,82.615,83.630,1.000,47.466,5.276,arrival-gap-jitter-spike,12664.180,0,1,1,1,1,19133.817,287.585,314.331,318.999,318.999,0,0,0,0,0,0,0,,,0,0,0,0,0,0,0,0,0,0,,10.506,0.000,13.262,0.000,0.000,0.000,120.000,,0.000,528,0.000,17.067,3.702,0.074,0.785,0.534,0.000,0.251,1,0,0,1,3,0.005,29.172,29.184,4.733,29.872,0.000,Loss,0,0,0,0.000,0,0,0,0,0.000,0.000,0.000,0,0,0,0,0,0,0,0
20.134,Baseline,Loopback,1,1,0,,,0.000,0,21,556,26.803,26.800,26.868,7.659,10.032,0.229,0.184,7.152,0.005,0.002,15776,75,114,39,20,0,5,15,0,15,0,0,39,552,1,0,0,0,0,5.000,0,0,0,0,0,0,0,0,0,0,0,0,0,0,0,0.000,0.000,0.000,,551,551,1978,0,1,29.128,82.615,30.157,83.630,0.000,0.000,550,550,735,567,0,0,8,23,556,1,completed,completed,H.264,0,1,24,24,0,0,0,0,0,0,0,0,15845,23,0,0,0,0,0,7.372,2,5,15,15,11,4,0.086,1.129,1.288,0,0,22,0,22,0,2,0,0.286,0.714,1.000,1.000,0.000,25.000,0.000,0.000,0.000,insufficient-sample,7,10,0,0,5,8,8,28,2,2,0,0,28,predicted-useful,likely-arrival,586,0.000,6,22,0,0,0,0,0,25,25,25,25,1,2,1,2,0,0,0,loss,0,0.192,24.732,32.823,23,25,0,0,0,0,1,1,27,1,7,0,1,9500000,1200000,1,0,1,15833,15832,19355889,22,24252,4,4976,0,0,0,0,0,17.474,46.481,6783.000,4800.000,514,15884,15770,75,114,39,0.005,0.076,0.131,514,12000000,9667810,0.111,0.055,0.005,0.083,15884,8,6,28,0,8,0,0,0,0,0,0,0,1,0,4,123,23,23,0,0,0,0,0,,disabled,,0,0,0,0,,1,Fixed Quality,Hybrid,85,30,9500,12000,640,360,H.264,480,270,518400,28178,518400,28178,0.054,0.000,,0,0,0.000,1.835,0.000,0.000,0.087,7250,6750,6750,10,10,0,1,9500,1.000,0,17.474,5.435,0,1,0.000,0.000,0,0,0,0,0.091,0.909,0.000,1,0,0,disabled,24,0,0,large-au-observed,0,,0,0,17.474,23.729,0,,0.000,0.000,0.000,0.000,0,0,0,,0,0,0,5.600,0,557,0.087,0.000,0.000,0.087,0.000,0.062,0.007,1,1,1,1,0,1,1,0,0,0,0,0,1.000,0.000,0.000,30,0,0.000,0,0,0,0.000,0.000,0.000,0.000,0.000,0.000,0.000,1.741,9.567,0,0,0,0,0,0,0,0,0.000,0.000,0.000,0.000,0.000,0.000,0,0.083,26.800,550,551,1978,30.146,83.591,41.477,83.591,6469.637,173,1,H.264,6.262,0,0,82.615,83.630,1.000,47.466,5.276,arrival-gap-jitter-spike,13664.855,0,1,1,1,1,20134.492,287.585,314.331,318.999,318.999,0,0,0,0,0,0,0,,,0,0,0,0,0,0,0,0,0,0,,9.530,0.000,12.406,0.000,0.000,0.000,120.000,,0.000,556,0.000,16.654,4.162,0.072,0.842,0.547,0.000,0.295,1,0,0,1,3,0.005,26.803,26.800,7.152,26.868,0.500,Loss,0,1,0,0.000,3,1,1,0,0.000,0.000,0.000,0,0,0,0,0,0,0,0
21.137,Baseline,Loopback,1,1,0,,,0.000,0,21,585,27.989,28.001,28.052,7.638,10.012,0.175,0.195,6.031,0.005,0.002,16643,79,118,39,20,0,5,15,0,15,0,0,39,581,1,0,0,0,0,5.000,0,0,0,0,0,0,0,0,0,0,0,0,0,0,0,0.000,0.000,0.000,,580,580,2079,0,1,28.689,82.615,29.698,83.630,0.000,0.000,579,579,764,596,0,0,8,23,585,1,completed,completed,H.264,0,1,24,24,0,0,0,0,0,0,0,0,16716,23,0,0,0,0,0,7.459,2,5,15,15,11,4,0.086,1.129,1.288,0,0,22,0,22,0,2,0,0.286,0.714,1.000,1.000,0.000,25.000,0.000,0.000,0.000,insufficient-sample,7,10,0,0,5,8,8,28,2,2,0,0,28,predicted-useful,likely-arrival,615,0.000,6,22,0,0,0,0,0,25,25,25,25,1,2,1,2,0,0,0,loss,0,0.192,24.732,32.823,23,25,0,0,0,0,1,1,27,1,7,0,1,9500000,1200000,0,0,0,16702,16702,20421511,22,24252,4,4976,0,0,0,0,0,16.921,46.481,4928.938,4800.000,541,16742,16624,79,118,39,0.005,0.076,0.099,541,12000000,9762667,0.156,0.017,0.002,0.125,16742,8,6,28,0,8,0,0,0,0,0,0,0,1,0,4,123,23,23,0,0,0,0,0,,disabled,,0,0,0,0,,1,Fixed Quality,Hybrid,85,30,9500,12000,640,360,H.264,480,270,518400,28178,518400,28178,0.054,0.000,,0,0,0.000,2.076,0.000,0.000,0.092,7250,6750,6750,10,10,0,1,9500,1.000,0,16.921,5.563,0,1,0.000,0.000,0,0,0,0,0.091,0.909,0.000,1,0,0,disabled,24,0,0,large-au-observed,0,,0,0,21.639,23.729,0,,0.000,0.000,0.000,0.000,0,0,0,,0,0,0,5.917,0,585,0.092,0.000,0.000,0.091,0.000,0.065,0.008,1,1,1,1,0,1,1,0,0,0,0,0,1.000,0.000,0.000,30,0,0.000,0,0,0,0.000,0.000,0.000,0.000,0.000,0.000,0.000,1.974,10.244,0,0,0,0,0,0,0,0,0.000,0.000,0.000,0.000,0.000,0.000,0,0.099,28.001,579,580,2079,30.011,83.591,41.477,83.591,6469.637,173,1,H.264,6.262,0,0,82.615,83.630,1.000,47.466,5.276,arrival-gap-jitter-spike,14667.870,0,1,1,1,1,21137.507,287.585,314.331,318.999,318.999,0,0,0,0,0,0,0,,,0,0,0,0,0,0,0,0,0,0,,12.077,0.000,15.008,0.000,0.000,0.000,120.000,,0.001,585,0.000,19.371,4.261,0.081,0.307,0.004,0.000,0.303,1,0,0,1,3,0.005,27.989,28.001,6.031,28.052,0.000,None,0,1,0,0.000,3,1,1,0,0.000,0.000,0.000,0,0,0,0,0,0,0,0
22.141,Baseline,Loopback,1,1,0,,,0.000,0,21,613,27.285,27.292,26.747,19.013,10.012,0.127,0.192,14.601,0.005,0.002,17493,89,128,39,20,0,5,15,0,15,0,0,39,609,1,0,0,0,0,5.000,0,0,0,0,0,0,0,0,0,0,0,0,0,0,0,0.000,0.000,0.000,,608,608,2184,0,1,50.096,82.615,51.251,83.630,0.000,0.000,607,607,818,624,0,0,8,28,613,1,completed,completed,H.264,0,1,24,24,0,4,1,0,0,0,0,0,17557,23,0,0,0,0,0,18.794,2,5,15,15,11,4,0.086,1.129,1.288,0,0,22,0,22,0,2,0,0.286,0.714,1.000,1.000,0.000,25.000,0.000,0.000,0.000,insufficient-sample,7,10,0,0,5,8,8,28,2,2,0,0,28,predicted-useful,likely-arrival,648,0.000,6,22,0,0,0,0,0,30,30,30,30,1,2,1,2,0,0,0,loss,0,0.192,24.732,32.823,28,30,0,0,0,0,1,1,32,1,7,0,1,9500000,1200000,11,0,11,17572,17561,21474025,22,24252,4,4976,0,0,0,0,0,0.555,46.481,782.562,4800.000,568,17602,17474,89,128,39,0.005,0.047,0.061,568,11070192,10128068,0.089,0.004,0.024,0.079,17602,8,6,28,0,8,0,0,0,0,0,0,0,1,0,4,144,28,28,0,0,0,0,0,,disabled,,0,0,0,0,,1,Fixed Quality,Hybrid,85,30,9500,12000,640,360,H.264,480,270,518400,28176,518400,28176,0.054,0.000,,0,0,0.000,1.953,0.000,0.000,0.067,7250,6750,6750,10,10,0,1,9500,1.000,0,16.564,5.690,1,1,0.000,0.000,0,0,0,0,0.091,0.909,0.000,1,0,0,disabled,24,0,0,large-au-observed,0,,0,0,18.508,23.727,0,,0.000,0.000,0.000,0.000,0,0,0,,0,0,0,5.701,0,614,0.066,0.000,0.000,0.066,0.000,0.046,0.006,1,1,1,1,0,1,1,0,0,0,0,0,1.000,0.000,0.000,30,0,0.000,0,0,0,0.000,0.000,0.000,0.000,0.000,0.000,0.000,1.879,9.982,0,0,0,0,0,0,0,0,0.000,0.000,0.000,0.000,0.000,0.000,0,0.084,27.292,607,608,2184,51.058,83.591,41.477,83.591,6469.637,173,1,H.264,6.262,0,0,82.615,83.630,1.000,47.466,5.276,arrival-gap-jitter-spike,15671.774,0,1,1,1,1,22141.411,287.585,314.331,318.999,318.999,0,0,0,0,0,0,0,,,0,0,0,0,0,0,0,0,0,0,,13.073,0.000,15.769,0.000,0.000,0.000,120.000,,0.000,613,0.000,19.188,3.331,0.072,0.975,0.638,0.000,0.336,1,0,0,1,3,0.005,27.285,27.292,14.601,26.747,0.500,Loss,0,1,0,0.000,1,1,1,0,0.000,0.000,0.000,0,0,0,0,0,0,0,0
23.148,Baseline,Loopback,1,1,0,,,0.000,0,21,641,27.012,27.014,27.983,7.673,10.021,0.071,0.187,7.573,0.005,0.002,18329,96,135,39,20,0,5,15,0,15,0,0,39,637,1,0,0,0,0,5.000,0,0,0,0,0,0,0,0,0,0,0,0,0,0,0,0.000,0.000,0.000,,636,636,2287,0,1,28.453,82.615,29.448,83.630,0.000,0.000,635,635,865,652,0,0,8,31,641,1,completed,completed,H.264,0,1,24,24,0,0,0,0,0,0,0,0,18398,23,0,0,0,0,0,7.380,2,5,15,15,11,4,0.086,1.129,1.288,0,0,22,0,22,0,2,0,0.286,0.714,1.000,1.000,0.000,25.000,0.000,0.000,0.000,insufficient-sample,7,10,0,0,5,8,8,28,2,2,0,0,28,predicted-useful,likely-arrival,679,0.000,6,22,0,0,0,0,0,33,33,33,33,1,2,1,2,0,0,0,loss,0,0.192,24.732,32.823,31,33,0,0,0,0,1,1,35,1,7,0,1,9500000,1200000,9,0,9,18412,18403,22505389,22,24252,4,4976,0,0,0,0,0,2.677,46.481,996.125,4800.000,595,18452,18317,96,135,39,0.005,0.020,0.026,595,12000000,8770182,0.107,-0.008,0.001,0.108,18452,8,6,28,0,8,0,0,0,0,0,0,0,1,0,4,160,31,31,0,0,0,0,0,,disabled,,0,0,0,0,,1,Fixed Quality,Hybrid,85,30,9500,12000,640,360,H.264,480,270,518400,28178,518400,28178,0.054,0.000,,0,0,0.000,2.010,0.000,0.000,0.121,7250,6750,6750,10,10,0,1,9500,1.000,0,15.187,5.843,1,1,0.000,0.000,0,0,0,0,0.091,0.909,0.000,1,0,0,disabled,24,0,0,large-au-observed,0,,0,0,17.291,23.729,0,,0.000,0.000,0.000,0.000,0,0,0,,0,0,0,5.852,0,642,0.121,0.000,0.000,0.121,0.000,0.094,0.008,1,1,1,1,0,1,1,0,0,0,0,0,1.000,0.000,0.000,30,0,0.000,0,0,0,0.000,0.000,0.000,0.000,0.000,0.000,0.000,1.881,10.095,0,0,0,0,0,0,0,0,0.000,0.000,0.000,0.000,0.000,0.000,0,0.085,27.014,635,636,2287,29.661,83.591,41.477,83.591,6469.637,173,1,H.264,6.262,0,0,82.615,83.630,1.000,47.466,5.276,arrival-gap-jitter-spike,16678.593,0,1,1,1,1,23148.230,287.585,314.331,318.999,318.999,0,0,0,0,0,0,0,,,0,0,0,0,0,0,0,0,0,0,,9.732,0.000,12.538,0.000,0.000,0.000,120.000,,0.000,641,0.000,16.658,4.032,0.071,0.971,0.719,0.000,0.252,1,0,0,1,3,0.005,27.012,27.014,7.573,27.983,0.500,Loss,0,1,0,0.000,2,1,1,0,0.000,0.000,0.000,0,0,0,0,0,0,0,0
24.155,Baseline,Loopback,1,1,0,,,0.000,0,21,671,27.658,27.657,27.996,7.130,10.007,0.101,0.183,6.309,0.005,0.001,19198,101,140,39,20,0,5,15,0,15,0,0,39,667,1,0,0,0,0,5.000,0,0,0,0,0,0,0,0,0,0,0,0,0,0,0,0.000,0.000,0.000,,666,666,2392,0,1,28.611,82.615,29.847,83.630,0.000,0.000,664,664,922,682,0,0,8,35,671,1,completed,completed,H.264,0,1,24,24,0,0,0,0,0,0,0,0,19299,23,0,0,0,0,0,6.892,2,5,15,15,11,4,0.086,1.129,1.288,0,0,22,0,22,0,2,0,0.286,0.714,1.000,1.000,0.000,25.000,0.000,0.000,0.000,insufficient-sample,7,10,0,0,5,8,8,28,2,2,0,0,28,predicted-useful,likely-arrival,712,0.000,6,22,0,0,0,0,0,36,36,36,36,1,2,1,2,0,0,0,loss,0,0.192,24.732,32.823,34,36,0,0,0,0,1,1,38,1,7,0,1,9500000,1200000,6,0,6,19282,19276,23574121,22,24252,4,4976,0,0,0,0,0,6.590,46.481,1131.188,4800.000,622,19314,19174,101,140,39,0.005,0.099,0.072,622,12000000,9090732,0.092,0.030,0.001,0.092,19314,8,6,28,0,8,0,0,0,0,0,0,0,1,0,4,183,35,35,0,0,0,0,0,,disabled,,0,0,0,0,,1,Fixed Quality,Hybrid,85,30,9500,12000,640,360,H.264,480,270,518400,28178,518400,28178,0.054,0.000,,0,0,0.000,2.845,0.000,0.000,0.110,7250,6750,6750,10,10,0,1,9500,1.000,0,12.137,5.975,1,1,0.000,0.000,0,0,0,0,0.091,0.909,0.000,1,0,0,disabled,24,0,0,large-au-observed,0,,0,0,16.954,23.729,0,,0.000,0.000,0.000,0.000,0,0,0,,0,0,0,5.537,0,671,0.109,0.000,0.000,0.109,0.000,0.077,0.010,1,1,1,1,0,1,1,0,0,0,0,0,1.000,0.000,0.000,30,0,0.000,0,0,0,0.000,0.000,0.000,0.000,0.000,0.000,0.000,2.722,10.330,0,0,0,0,0,0,0,0,0.000,0.000,0.000,0.000,0.000,0.000,0,0.099,27.657,664,666,2392,29.713,83.591,41.477,83.591,6469.637,173,1,H.264,6.262,0,0,82.615,83.630,1.000,47.466,5.276,arrival-gap-jitter-spike,17685.351,0,1,1,1,1,24154.988,287.585,314.331,318.999,318.999,0,0,0,0,0,0,0,,,0,0,0,0,0,0,0,0,0,0,,9.438,0.000,12.673,0.000,0.000,0.000,120.000,,0.001,670,0.000,16.834,4.058,0.082,0.350,0.004,0.000,0.346,1,0,0,1,3,0.005,27.658,27.657,6.309,27.996,0.500,Loss,0,1,0,0.000,3,1,1,0,0.000,0.000,0.000,0,0,0,0,0,0,0,0
25.161,Baseline,Loopback,1,1,0,,,0.000,0,21,700,28.413,28.412,29.106,8.007,9.937,0.122,0.181,4.964,0.005,0.001,20065,108,147,39,20,0,5,15,0,15,0,0,39,696,1,0,0,0,0,5.000,0,0,0,0,0,0,0,0,0,0,0,0,0,0,0,0.000,0.000,0.000,,695,695,2491,0,1,39.191,82.615,40.159,83.630,0.000,0.000,694,694,951,711,0,0,8,35,700,1,completed,completed,H.264,0,1,24,24,0,0,0,0,0,0,0,0,20170,23,0,0,0,0,0,7.861,2,5,15,15,11,4,0.086,1.129,1.288,0,0,22,0,22,0,2,0,0.286,0.714,1.000,1.000,0.000,25.000,0.000,0.000,0.000,insufficient-sample,7,10,0,0,5,8,8,28,2,2,0,0,28,predicted-useful,likely-arrival,741,0.000,6,22,0,0,0,0,0,36,36,36,36,1,2,1,2,0,0,0,loss,0,0.192,24.732,32.823,34,36,0,0,0,0,1,1,38,1,7,0,1,9500000,1200000,3,0,3,20152,20149,24643499,22,24252,4,4976,0,0,0,0,0,7.257,46.481,141.250,4800.000,650,20205,20058,108,147,39,0.005,0.079,0.080,650,12000000,9209350,0.109,0.028,0.009,0.094,20205,8,6,28,0,8,0,0,0,0,0,0,0,1,0,4,183,35,35,0,0,0,0,0,,disabled,,0,0,0,0,,1,Fixed Quality,Hybrid,85,30,9500,12000,640,360,H.264,480,270,518400,28178,518400,28178,0.054,0.000,,0,0,0.000,2.034,0.000,0.000,0.073,7250,6750,6750,10,10,0,1,9500,1.000,0,12.237,6.055,1,1,0.000,0.000,0,0,0,0,0.091,0.909,0.000,1,0,0,disabled,24,0,0,large-au-observed,0,,0,0,17.510,23.729,0,,0.000,0.000,0.000,0.000,0,0,0,,0,0,0,6.166,0,700,0.072,0.000,0.000,0.072,0.000,0.050,0.007,1,1,1,1,0,1,1,0,0,0,0,0,1.000,0.000,0.000,30,0,0.000,0,0,0,0.000,0.000,0.000,0.000,0.000,0.000,0.000,1.954,10.175,0,0,0,0,0,0,0,0,0.000,0.000,0.000,0.000,0.000,0.000,0,0.092,28.412,694,695,2491,40.232,83.591,41.477,83.591,6469.637,173,1,H.264,6.262,0,0,82.615,83.630,1.000,47.466,5.276,arrival-gap-jitter-spike,18691.524,0,1,1,1,1,25161.161,287.585,314.331,318.999,318.999,0,0,0,0,0,0,0,,,0,0,0,0,0,0,0,0,0,0,,9.159,0.000,11.975,0.000,0.000,0.000,120.000,,0.001,700,0.000,14.525,2.455,0.075,0.800,0.531,0.000,0.269,1,0,0,1,3,0.005,28.413,28.412,4.964,29.106,0.000,None,0,1,0,0.000,3,1,1,0,0.000,0.000,0.000,0,0,0,0,0,0,0,0
26.168,Baseline,Loopback,1,1,0,,,0.000,0,21,730,29.486,29.480,29.597,8.264,9.981,0.126,0.179,3.356,0.006,0.001,20962,118,157,39,23,0,5,18,0,18,0,0,39,726,1,0,0,0,0,5.000,0,0,0,0,0,0,0,0,0,0,0,0,0,0,0,0.000,0.000,0.000,,725,725,2597,0,1,29.558,82.615,30.559,83.630,0.000,0.000,724,724,1010,744,0,0,9,39,730,1,completed,completed,H.264,0,1,24,24,0,0,0,0,0,0,0,0,21074,23,0,0,0,0,0,8.023,2,5,18,18,14,4,0.101,1.170,2.119,0,0,25,0,25,0,2,0,0.286,0.714,1.000,1.000,0.000,25.000,0.000,1.000,0.000,insufficient-sample,7,10,0,0,5,8,9,31,2,2,0,0,31,predicted-useful,likely-arrival,777,0.000,7,25,0,0,0,0,0,39,39,39,39,1,2,1,2,0,0,0,loss,0,0.175,22.942,31.033,37,39,0,0,0,0,1,1,41,2,9,0,1,9500000,1200000,0,0,0,21055,21055,25752733,25,27362,4,4976,0,0,0,0,0,17.771,46.481,7592.500,4800.000,678,21093,20937,117,156,39,0.006,0.168,0.172,678,11709292,9975189,0.102,0.023,0.009,0.121,21093,9,7,31,1,8,0,0,0,0,0,0,0,1,0,4,204,39,39,0,0,0,0,0,,disabled,,0,0,0,0,,1,Fixed Quality,Hybrid,85,30,9500,12000,640,360,H.264,480,270,518400,28178,518400,28178,0.054,0.000,,0,0,0.000,2.000,0.000,0.000,0.071,7250,6750,6750,10,10,0,1,9500,1.000,0,17.771,6.230,0,1,0.000,0.000,0,0,0,0,0.080,0.920,0.000,1,0,0,disabled,24,0,0,large-au-observed,0,,0,0,17.542,23.729,0,,0.000,0.000,0.000,0.000,0,0,0,,0,0,0,5.936,0,730,0.071,0.000,0.000,0.071,0.000,0.048,0.007,1,1,1,1,0,1,1,0,0,0,0,0,1.000,0.000,0.000,30,0,0.000,0,0,0,0.000,0.000,0.000,0.000,0.000,0.000,0.000,1.921,10.137,0,0,0,0,0,0,0,0,0.000,0.000,0.000,0.000,0.000,0.000,0,0.093,29.480,724,725,2597,30.634,83.591,41.477,83.591,6469.637,173,1,H.264,6.262,0,0,82.615,83.630,1.000,47.466,5.276,arrival-gap-jitter-spike,19698.440,0,1,1,1,1,26168.077,287.585,314.331,318.999,318.999,0,0,0,0,0,0,0,,,0,0,0,0,0,0,0,0,0,0,,12.137,0.000,14.992,0.000,0.000,0.000,120.000,,0.000,730,0.000,19.066,3.972,0.073,0.983,0.720,0.000,0.263,1,0,0,1,3,0.006,29.486,29.480,3.356,29.597,0.500,Loss,0,1,0,0.000,2,1,1,0,0.000,0.000,0.000,0,0,0,0,0,0,0,0
27.175,Baseline,Loopback,1,1,0,,,0.000,0,21,758,26.781,26.783,27.262,7.520,10.006,0.171,0.178,6.724,0.006,0.001,21797,124,163,39,23,0,5,18,0,18,0,0,39,754,1,0,0,0,0,5.000,0,0,0,0,0,0,0,0,0,0,0,0,0,0,0,0.000,0.000,0.000,,753,753,2702,0,1,29.474,82.615,30.616,83.630,0.000,0.000,752,752,1062,772,0,0,9,43,758,1,completed,completed,H.264,0,1,24,24,0,0,0,0,0,0,0,0,21915,23,0,0,0,0,0,7.360,2,5,18,18,14,4,0.101,1.170,2.119,0,0,25,0,25,0,2,0,0.286,0.714,1.000,1.000,0.000,25.000,0.000,0.000,0.000,insufficient-sample,7,10,0,0,5,8,9,31,2,2,0,0,31,predicted-useful,likely-arrival,809,0.000,7,25,0,0,0,0,0,43,43,43,43,1,2,1,2,0,0,0,loss,0,0.175,22.942,31.033,41,43,0,0,0,0,1,1,45,2,9,0,1,9500000,1200000,0,0,0,21895,21895,26781611,25,27362,4,4976,0,0,0,0,0,16.747,46.481,7483.625,4800.000,705,21948,21785,124,163,39,0.006,0.088,0.245,705,12000000,9301230,0.150,0.028,0.001,0.113,21948,9,7,31,1,8,0,0,0,0,0,0,0,1,0,4,224,43,43,0,0,0,0,0,,disabled,,0,0,0,0,,1,Fixed Quality,Hybrid,85,30,9500,12000,640,360,H.264,480,270,518400,28178,518400,28178,0.054,0.000,,0,0,0.000,2.186,0.000,0.000,0.091,7250,6750,6750,10,10,0,1,9500,1.000,0,16.747,6.371,0,1,0.000,0.000,0,0,0,0,0.080,0.920,0.000,1,0,0,disabled,24,0,0,large-au-observed,0,,0,0,18.281,23.729,0,,0.000,0.000,0.000,0.000,0,0,0,,0,0,0,5.552,0,758,0.091,0.000,0.000,0.090,0.000,0.064,0.008,1,1,1,1,0,1,1,0,0,0,0,0,1.000,0.000,0.000,30,0,0.000,0,0,0,0.000,0.000,0.000,0.000,0.000,0.000,0.000,2.085,29.705,0,0,0,0,0,0,0,0,0.000,0.000,0.000,0.000,0.000,0.000,0,0.105,26.783,752,753,2702,30.599,83.591,41.477,83.591,6469.637,173,1,H.264,6.262,0,0,82.615,83.630,1.000,47.466,5.276,arrival-gap-jitter-spike,20705.562,0,1,1,1,1,27175.199,287.585,314.331,318.999,318.999,0,0,0,0,0,0,0,,,0,0,0,0,0,0,0,0,0,0,,9.715,0.000,12.575,0.000,0.000,0.000,120.000,,0.000,758,0.000,17.328,4.646,0.087,0.368,0.002,0.000,0.366,1,0,0,1,3,0.006,26.781,26.783,6.724,27.262,0.500,Loss,0,1,0,0.000,2,1,1,0,0.000,0.000,0.000,0,0,0,0,0,0,0,0
28.175,Baseline,Loopback,1,1,0,,,0.000,0,21,787,27.568,27.572,27.115,8.470,9.964,0.085,0.175,6.519,0.006,0.001,22661,127,166,39,23,0,5,18,0,18,0,0,39,783,1,0,0,0,0,5.000,0,0,0,0,0,0,0,0,0,0,0,0,0,0,0,0.000,0.000,0.000,,782,782,2803,0,1,28.750,82.615,29.755,83.630,0.000,0.000,781,780,1097,801,0,0,9,44,787,1,completed,completed,H.264,0,1,24,24,0,0,0,0,0,0,0,0,22786,23,0,0,0,0,0,8.109,2,5,18,18,14,4,0.101,1.170,2.119,0,0,25,0,25,0,2,0,0.286,0.714,1.000,1.000,0.000,25.000,0.000,0.000,0.000,insufficient-sample,7,10,0,0,5,8,9,31,2,2,0,0,31,predicted-useful,likely-arrival,839,0.000,7,25,0,0,0,0,0,44,44,44,44,1,2,1,2,0,0,0,loss,0,0.175,22.942,31.033,42,44,0,0,0,0,1,1,46,2,9,0,1,9500000,1200000,4,0,4,22765,22761,27842225,25,27362,4,4976,0,0,0,0,0,8.138,46.481,573.875,4800.000,732,22798,22632,127,166,39,0.006,0.041,0.087,732,12000000,9447965,0.109,0.005,0.004,0.100,22798,9,7,31,1,8,0,0,0,0,0,0,0,1,0,4,229,44,44,0,0,0,0,0,,disabled,,0,0,0,0,,1,Fixed Quality,Hybrid,85,30,9500,12000,640,360,H.264,480,270,518400,28178,518400,28178,0.054,0.000,,0,0,0.000,1.853,0.000,0.000,0.076,7250,6750,6750,10,10,0,1,9500,1.000,0,14.193,6.438,1,1,0.000,0.000,0,0,0,0,0.080,0.920,0.000,1,0,0,disabled,24,0,0,large-au-observed,0,,0,0,17.717,23.729,0,,0.000,0.000,0.000,0.000,0,0,0,,0,0,0,5.550,0,787,0.076,0.000,0.000,0.075,0.000,0.051,0.008,1,1,1,1,0,1,1,0,0,0,0,0,1.000,0.000,0.000,30,0,0.000,0,0,0,0.000,0.000,0.000,0.000,0.000,0.000,0.000,1.770,9.694,0,0,0,0,0,0,0,0,0.000,0.000,0.000,0.000,0.000,0.000,0,0.085,27.572,781,782,2803,29.815,83.591,41.477,83.591,6469.637,173,1,H.264,6.262,0,0,82.615,83.630,1.000,47.466,5.276,arrival-gap-jitter-spike,21705.668,0,1,1,1,1,28175.305,287.585,314.331,318.999,318.999,0,0,0,0,0,0,0,,,0,0,0,0,0,0,0,0,0,0,,10.300,0.000,13.090,0.300,0.000,12.563,120.000,,0.001,786,0.000,16.926,3.512,0.072,0.516,0.226,0.000,0.291,1,0,0,1,3,0.006,27.568,27.572,6.519,27.115,0.500,Loss,0,1,0,0.000,2,1,1,0,0.000,0.000,0.000,0,0,0,0,0,0,0,0
29.175,Baseline,Loopback,1,1,0,,,0.000,0,21,816,28.563,28.569,28.405,8.199,9.928,0.085,0.175,4.365,0.005,0.001,23534,129,168,39,23,0,5,18,0,18,0,0,39,812,1,0,0,0,0,5.000,0,0,0,0,0,0,0,0,0,0,0,0,0,0,0,0.000,0.000,0.000,,811,811,2905,0,1,29.664,82.615,30.646,83.630,0.000,0.000,810,810,1126,830,0,0,9,44,816,1,completed,completed,H.264,0,1,24,24,0,0,0,0,0,0,0,0,23657,23,0,0,0,0,0,8.044,2,5,18,18,14,4,0.101,1.170,2.119,0,0,25,0,25,0,2,0,0.286,0.714,1.000,1.000,0.000,25.000,0.000,0.000,0.000,insufficient-sample,7,10,0,0,5,8,9,31,2,2,0,0,31,predicted-useful,likely-arrival,868,0.000,7,25,0,0,0,0,0,44,44,44,44,1,2,1,2,0,0,0,loss,0,0.175,22.942,31.033,42,44,0,0,0,0,1,1,46,2,9,0,1,9500000,1200000,0,0,0,23635,23635,28912855,25,27362,4,4976,0,0,0,0,0,17.521,46.481,7362.125,4800.000,760,23692,23524,129,168,39,0.005,0.070,0.063,760,12000000,9142158,0.106,0.005,0.000,0.098,23692,9,7,31,1,8,0,0,0,0,0,0,0,1,0,4,229,44,44,0,0,0,0,0,,disabled,,0,0,0,0,,1,Fixed Quality,Hybrid,85,30,9500,12000,640,360,H.264,480,270,518400,28178,518400,28178,0.054,0.000,,0,0,0.000,1.867,0.000,0.000,0.080,7250,6750,6750,10,10,0,1,9500,1.000,0,17.521,6.541,0,1,0.000,0.000,0,0,0,0,0.080,0.920,0.000,1,0,0,disabled,24,0,0,large-au-observed,0,,0,0,17.346,23.729,0,,0.000,0.000,0.000,0.000,0,0,0,,0,0,0,6.395,0,816,0.079,0.000,0.000,0.079,0.000,0.049,0.007,1,1,1,1,0,1,1,0,0,0,0,0,1.000,0.000,0.000,30,0,0.000,0,0,0,0.000,0.000,0.000,0.000,0.000,0.000,0.000,1.780,19.861,0,0,0,0,0,0,0,0,0.000,0.000,0.000,0.000,0.000,0.000,0,0.097,28.569,810,811,2905,30.630,83.591,41.477,83.591,6469.637,173,1,H.264,6.262,0,0,82.615,83.630,1.000,47.466,5.276,arrival-gap-jitter-spike,22705.838,0,1,1,1,1,29175.475,287.585,314.331,318.999,318.999,0,0,0,0,0,0,0,,,0,0,0,0,0,0,0,0,0,0,,9.488,0.000,12.237,0.000,0.000,0.000,120.000,,0.001,816,0.000,15.650,3.313,0.073,0.810,0.570,0.000,0.240,1,0,0,1,3,0.005,28.563,28.569,4.365,28.405,0.500,Loss,0,1,0,0.000,2,1,1,0,0.000,0.000,0.000,0,0,0,0,0,0,0,0
30.184,Baseline,Loopback,1,1,0,,,0.000,0,21,844,27.257,27.234,27.659,12.724,9.950,0.207,0.177,5.126,0.005,0.001,24392,133,172,39,23,0,5,18,0,18,0,0,39,840,1,0,0,0,0,5.000,0,0,0,0,0,0,0,0,0,0,0,0,0,0,0,0.000,0.000,0.000,,839,839,2999,0,1,30.337,82.615,31.561,83.630,0.000,0.000,838,838,1164,858,0,0,9,46,844,1,completed,completed,H.264,0,1,24,24,0,0,0,0,0,0,0,0,24498,23,0,0,0,0,0,12.590,2,5,18,18,14,4,0.101,1.170,2.119,0,0,25,0,25,0,2,0,0.286,0.714,1.000,1.000,0.000,25.000,0.000,0.000,0.000,insufficient-sample,7,10,0,0,5,8,9,31,2,2,0,0,31,predicted-useful,likely-arrival,898,0.000,7,25,0,0,0,0,0,46,46,46,46,1,2,1,2,0,0,0,loss,0,0.175,22.942,31.033,44,46,0,0,0,0,1,1,48,2,9,0,1,9500000,1200000,9,0,9,24505,24496,29967855,25,27362,4,4976,0,0,0,0,0,2.925,46.481,1070.938,4800.000,787,24546,24374,133,172,39,0.005,0.222,0.182,787,12000000,8242335,0.120,0.023,0.002,0.126,24546,9,7,31,1,8,0,0,0,0,0,0,0,1,0,4,237,46,46,0,0,0,0,0,,disabled,,0,0,0,0,,1,Fixed Quality,Hybrid,85,30,9500,12000,640,360,H.264,480,270,518400,28178,518400,28178,0.054,0.000,,0,0,0.000,2.255,0.000,0.000,0.138,7250,6750,6750,10,10,0,1,9500,1.000,0,9.540,6.772,1,1,0.000,0.000,0,0,0,0,0.080,0.920,0.000,1,0,0,disabled,24,0,0,large-au-observed,0,,0,0,12.109,23.729,0,,0.000,0.000,0.000,0.000,0,0,0,,0,0,0,16.075,0,845,0.138,0.000,0.000,0.137,0.000,0.099,0.010,1,1,1,1,0,1,1,0,0,0,0,0,1.000,0.000,0.000,30,0,0.000,0,0,0,0.000,0.000,0.000,0.000,0.000,0.000,0.000,2.105,21.359,0,0,0,0,0,0,0,0,0.000,0.000,0.000,0.000,0.000,0.000,0,0.114,27.234,838,839,2999,31.592,83.591,41.477,83.591,6469.637,173,1,H.264,6.262,0,0,82.615,83.630,1.000,47.466,5.276,arrival-gap-jitter-spike,23714.962,0,1,1,1,1,30184.599,287.585,314.331,318.999,318.999,0,0,0,0,0,0,0,,,0,0,0,0,0,0,0,0,0,0,,14.059,0.000,16.984,0.000,0.000,0.000,120.000,,0.001,844,0.000,22.211,5.099,0.111,0.366,0.002,0.000,0.363,1,0,0,1,3,0.005,27.257,27.234,5.126,27.659,0.500,Loss,0,1,0,0.000,2,1,1,0,0.000,0.000,0.000,0,0,0,0,0,0,0,0
31.189,Baseline,Loopback,1,1,0,,,0.000,0,21,874,28.711,28.746,27.213,23.836,10.123,0.082,0.174,0.090,0.005,0.001,25277,139,178,39,23,0,5,18,0,18,0,0,39,870,1,0,0,0,0,5.000,0,0,0,0,0,0,0,0,0,0,0,0,0,0,0,0.000,0.000,0.000,,869,869,3074,0,1,34.003,82.615,34.920,83.630,0.000,0.000,868,868,1217,888,0,0,9,50,874,1,completed,completed,H.264,0,1,24,24,0,5,1,0,0,0,0,0,25399,23,0,0,0,0,0,23.714,2,5,18,18,14,4,0.101,1.170,2.119,0,0,25,0,25,0,2,0,0.286,0.714,1.000,1.000,0.000,25.000,0.000,0.000,0.000,insufficient-sample,8,11,0,0,6,9,9,31,2,2,0,0,31,predicted-useful,fec-grace,932,0.000,7,25,0,0,0,0,0,50,50,50,50,1,2,1,2,0,0,0,loss,0,0.175,22.942,31.033,48,50,0,0,0,0,1,1,52,2,9,0,1,9500000,1200000,19,0,19,25405,25386,31057783,25,27362,4,4976,0,0,0,0,0,0.529,46.481,1164.938,4800.000,815,25427,25250,138,177,39,0.005,0.065,0.085,815,11727236,9498562,0.160,-0.007,0.006,0.108,25427,9,7,31,1,8,0,0,0,0,0,0,0,1,0,4,255,50,50,0,0,0,0,0,,disabled,,0,0,0,0,,1,Fixed Quality,Hybrid,85,30,9500,12000,640,360,H.264,480,270,518400,28178,518400,28178,0.054,0.000,,0,0,0.000,1.906,0.000,0.000,0.069,7250,6750,6750,10,10,0,1,9500,1.000,0,20.856,7.202,1,1,0.000,0.000,0,0,0,0,0.080,0.920,0.000,1,0,0,disabled,24,0,0,large-au-observed,0,,0,0,32.927,23.729,0,,0.000,0.000,0.000,0.000,0,0,0,,0,0,0,6.032,0,875,0.069,0.000,0.000,0.068,0.000,0.047,0.006,1,1,1,1,0,1,1,0,0,0,0,0,1.000,0.000,0.000,30,0,0.000,0,0,0,0.000,0.000,0.000,0.000,0.000,0.000,0.000,1.827,10.272,0,0,0,0,0,0,0,0,0.000,0.000,0.000,0.000,0.000,0.000,0,0.093,28.746,868,869,3074,35.016,83.591,41.477,83.591,6469.637,173,1,H.264,6.262,0,0,82.615,83.630,1.000,47.466,5.276,arrival-gap-jitter-spike,24719.636,0,1,1,1,1,31189.273,287.585,314.331,318.999,318.999,0,0,0,0,0,0,0,,,0,0,0,0,0,0,0,0,0,0,,20.043,0.000,22.917,0.000,0.000,0.000,120.000,,0.001,874,0.000,27.222,4.210,0.087,0.799,0.551,0.000,0.248,1,0,0,1,3,0.005,28.711,28.746,0.090,27.213,0.500,Loss,0,1,0,0.000,3,1,1,0,0.000,0.000,0.000,0,0,0,0,0,0,0,0
32.189,Baseline,Loopback,1,1,0,,,0.000,0,21,902,29.313,29.303,27.990,8.286,10.155,0.082,0.174,4.623,0.006,0.001,26101,146,189,43,23,0,5,18,0,18,0,0,43,898,1,0,0,0,0,5.000,0,0,0,0,0,0,0,0,0,0,0,0,0,0,0,0.000,0.000,0.000,,897,897,3161,0,1,28.467,82.615,29.492,83.630,0.000,0.000,896,896,1260,916,0,0,9,52,902,1,completed,completed,H.264,0,1,24,24,0,0,0,0,0,0,0,0,26241,23,0,0,0,0,0,7.900,3,5,18,18,14,4,0.101,1.170,2.119,0,0,26,0,26,0,3,0,0.375,0.625,1.000,1.000,0.000,25.000,0.000,0.000,0.000,insufficient-sample,8,11,0,0,6,9,9,31,2,2,0,0,31,predicted-useful,fec-grace,963,0.000,8,26,0,0,0,0,0,52,52,52,52,1,2,1,2,0,0,0,loss,0,0.142,19.091,27.180,50,52,0,0,0,0,1,1,54,2,9,0,1,9500000,1200000,0,0,0,26216,26216,32074221,26,28606,4,4976,0,0,0,0,0,17.773,46.481,5762.938,4800.000,842,26288,26099,146,189,43,0.006,0.083,0.115,842,9520996,9979344,0.088,-0.007,0.032,0.067,26288,9,7,31,1,8,0,0,0,0,0,0,0,1,0,4,267,52,52,0,0,0,0,0,,disabled,,0,0,0,0,,1,Fixed Quality,Hybrid,85,30,9500,12000,640,360,H.264,480,270,518400,28178,518400,28178,0.054,0.000,,0,0,0.000,1.965,0.000,0.000,0.070,7250,6750,6750,10,10,0,1,9500,1.000,0,17.773,7.574,0,1,0.000,0.000,0,0,0,0,0.115,0.885,0.000,1,0,0,disabled,24,0,0,large-au-observed,0,,0,0,17.461,23.729,0,,0.000,0.000,0.000,0.000,0,0,0,,0,0,0,5.577,0,902,0.070,0.000,0.000,0.069,0.000,0.046,0.006,1,1,1,1,0,1,1,0,0,0,0,0,1.000,0.000,0.000,30,0,0.000,0,0,0,0.000,0.000,0.000,0.000,0.000,0.000,0.000,1.887,9.730,0,0,0,0,0,0,0,0,0.000,0.000,0.000,0.000,0.000,0.000,0,0.087,29.303,896,897,3161,29.582,83.591,41.477,83.591,6469.637,173,1,H.264,6.262,0,0,82.615,83.630,1.000,47.466,5.276,arrival-gap-jitter-spike,25719.687,0,1,1,1,1,32189.324,287.585,314.331,318.999,318.999,0,0,0,0,0,0,0,,,0,0,0,0,0,0,0,0,0,0,,9.675,0.000,12.509,0.000,0.000,0.000,120.000,,0.000,902,0.000,16.797,4.185,0.073,0.799,0.466,0.000,0.333,1,0,0,1,3,0.006,29.313,29.303,4.623,27.990,0.500,Loss,0,1,0,0.000,3,1,1,0,0.000,0.000,0.000,0,0,0,0,0,0,0,0
33.196,Baseline,Loopback,1,1,0,,,0.000,0,21,932,30.742,30.746,29.503,8.059,10.217,0.180,0.174,4.377,0.006,0.001,26996,152,195,43,23,0,5,18,0,18,0,0,43,928,1,0,0,0,0,5.000,0,0,0,0,0,0,0,0,0,0,0,0,0,0,0,0.000,0.000,0.000,,927,927,3261,0,1,28.453,82.615,29.554,83.630,0.000,0.000,926,926,1314,946,0,0,9,56,932,1,completed,completed,H.264,0,1,24,24,0,0,0,0,0,0,0,0,27142,23,0,0,0,0,0,7.679,3,5,18,18,14,4,0.101,1.170,2.119,0,0,26,0,26,0,3,0,0.375,0.625,1.000,1.000,0.000,25.000,0.000,0.000,0.000,insufficient-sample,9,12,0,0,7,10,9,31,2,2,0,0,31,predicted-useful,fec-grace,997,0.000,8,26,0,0,0,0,0,56,56,56,56,1,2,1,2,0,0,0,loss,0,0.142,19.091,27.180,54,56,0,0,0,0,1,1,58,2,9,0,1,9500000,1200000,0,0,0,27116,27116,33176589,26,28606,4,4976,0,0,0,0,0,17.532,46.481,6717.688,4800.000,870,27184,26989,152,195,43,0.006,0.082,0.112,870,12000000,9425074,0.095,0.063,0.001,0.080,27184,9,7,31,1,8,0,0,0,0,0,0,0,1,0,4,286,56,56,0,0,0,0,0,,disabled,,0,0,0,0,,1,Fixed Quality,Hybrid,85,30,9500,12000,640,360,H.264,480,270,518400,28178,518400,28178,0.054,0.000,,0,0,0.000,2.174,0.000,0.000,0.088,7250,6750,6750,10,10,0,1,9500,1.000,0,17.532,7.717,0,1,0.000,0.000,0,0,0,0,0.115,0.885,0.000,1,0,0,disabled,24,0,0,large-au-observed,0,,0,0,16.821,23.729,0,,0.000,0.000,0.000,0.000,0,0,0,,0,0,0,5.106,0,932,0.088,0.000,0.000,0.087,0.000,0.061,0.008,1,1,1,1,0,1,1,0,0,0,0,0,1.000,0.000,0.000,30,0,0.000,0,0,0,0.000,0.000,0.000,0.000,0.000,0.000,0.000,2.068,30.161,0,0,0,0,0,0,0,0,0.000,0.000,0.000,0.000,0.000,0.000,0,0.123,30.746,926,927,3261,29.481,83.591,41.477,83.591,6469.637,173,1,H.264,6.262,0,0,82.615,83.630,1.000,47.466,5.276,arrival-gap-jitter-spike,26726.048,0,1,1,1,1,33195.685,287.585,314.331,318.999,318.999,0,0,0,0,0,0,0,,,0,0,0,0,0,0,0,0,0,0,,11.200,0.000,14.250,0.000,0.000,0.000,120.000,,0.001,932,0.000,18.301,3.925,0.089,0.336,0.001,0.000,0.335,1,0,0,1,3,0.006,30.742,30.746,4.377,29.503,0.500,Loss,0,1,0,0.000,1,1,1,0,0.000,0.000,0.000,0,0,0,0,0,0,0,0
34.196,Baseline,Loopback,1,1,0,,,0.000,0,21,961,27.955,27.961,26.890,8.469,10.194,0.115,0.172,5.657,0.006,0.001,27856,158,201,43,23,0,5,18,0,18,0,0,43,957,1,0,0,0,0,5.000,0,0,0,0,0,0,0,0,0,0,0,0,0,0,0,0.000,0.000,0.000,,956,956,3360,0,1,29.022,82.615,30.114,83.630,0.000,0.000,955,954,1355,975,0,0,9,58,961,1,completed,completed,H.264,1,1,24,24,0,0,0,0,0,0,0,0,28013,23,0,0,0,0,0,8.225,3,5,18,18,14,4,0.101,1.170,2.119,0,0,26,0,26,0,3,0,0.375,0.625,1.000,1.000,0.000,25.000,0.000,0.000,0.000,insufficient-sample,9,12,0,0,7,10,9,31,2,2,0,0,31,predicted-useful,fec-grace,1028,0.000,8,26,0,0,0,0,0,58,58,58,58,1,2,1,2,0,0,0,loss,0,0.142,19.091,27.180,56,58,0,0,0,0,1,1,60,2,9,0,1,9500000,1200000,5,0,5,27986,27981,34235951,26,28606,4,4976,0,0,0,0,0,8.190,46.481,868.750,4800.000,897,28047,27846,158,201,43,0.006,0.076,0.092,897,12000000,9445801,0.164,0.038,0.006,0.138,28047,9,7,31,1,8,0,0,0,0,0,0,0,1,0,4,296,58,58,0,0,0,0,0,,disabled,,0,0,0,0,,1,Fixed Quality,Hybrid,85,30,9500,12000,640,360,H.264,480,270,518400,28178,518400,28178,0.054,0.000,,0,0,0.000,2.030,0.000,0.000,0.065,7250,6750,6750,10,10,0,1,9500,1.000,0,13.111,7.803,1,1,0.000,0.000,0,0,0,0,0.115,0.885,0.000,1,0,0,disabled,24,1,1,decoder-sync-observed,0,,0,0,16.751,23.729,0,,0.000,0.000,0.000,0.000,0,0,0,,0,0,0,5.755,0,961,0.065,0.000,0.000,0.065,0.000,0.043,0.006,1,1,1,1,0,1,1,0,0,0,0,0,1.000,0.000,0.000,30,0,0.000,0,0,0,0.000,0.000,0.000,0.000,0.000,0.000,0.000,1.958,9.672,0,0,0,0,0,0,0,0,0.000,0.000,0.000,0.000,0.000,0.000,0,0.093,27.961,955,956,3360,30.071,83.591,41.477,83.591,6469.637,173,1,H.264,6.262,0,0,82.615,83.630,1.000,47.466,5.276,arrival-gap-jitter-spike,27726.436,0,1,1,1,1,34196.073,287.585,314.331,318.999,318.999,0,0,0,0,0,0,0,,,0,0,0,0,0,0,0,0,0,0,,9.947,0.000,12.875,1.252,0.000,13.722,120.000,,0.000,960,0.000,16.640,3.525,0.070,0.826,0.512,0.000,0.314,1,0,0,1,3,0.006,27.955,27.961,5.657,26.890,0.500,Loss,0,1,0,0.000,4,1,1,0,0.000,0.000,0.000,0,0,0,0,0,0,0,0
35.202,Baseline,Loopback,1,1,0,,,0.000,0,21,989,29.335,29.357,26.516,7.970,10.199,0.115,0.172,14.330,0.006,0.001,28694,166,209,43,23,0,5,18,0,18,0,0,43,985,1,0,0,0,0,5.000,0,0,0,0,0,0,0,0,0,0,0,0,0,0,0,0.000,0.000,0.000,,984,984,3462,0,1,18.772,82.615,19.759,83.630,0.000,0.000,983,983,1420,1003,0,0,9,64,989,1,completed,completed,H.264,0,1,24,24,0,0,0,0,0,0,0,0,28854,23,0,0,0,0,0,7.728,3,5,18,18,14,4,0.101,1.170,2.119,0,0,26,0,26,0,3,0,0.375,0.625,1.000,1.000,0.000,25.000,0.000,0.000,0.000,insufficient-sample,9,12,0,0,7,10,9,31,2,2,0,0,31,predicted-useful,fec-grace,1062,0.000,8,26,0,0,0,0,0,64,64,64,64,1,2,1,2,0,0,0,loss,0,0.142,19.091,27.180,62,64,0,0,0,0,1,1,66,2,9,0,1,9500000,1200000,0,0,0,28826,28826,35271087,26,28606,4,4976,0,0,0,0,0,17.614,46.481,5203.250,4800.000,923,28879,28670,166,209,43,0.006,0.189,0.251,923,9706451,9356477,0.147,0.038,0.013,0.123,28879,9,7,31,1,8,0,0,0,0,0,0,0,1,0,4,327,64,64,0,0,0,0,0,,disabled,,0,0,0,0,,1,Fixed Quality,Hybrid,85,30,9500,12000,640,360,H.264,480,270,518400,0,518400,28176,0.054,0.000,,0,0,0.000,4.750,0.000,4.094,0.627,7250,6750,6750,10,10,0,1,9500,1.000,0,17.614,7.966,0,1,0.000,0.000,0,0,0,0,0.115,0.885,0.000,1,0,0,disabled,0,0,0,async-output-pending,0,,0,0,0.000,0.000,0,,17.614,5203.250,39583.333,0.000,0,0,0,,0,0,0,0.000,1,0,0.616,0.142,0.472,0.000,0.000,0.000,0.000,0,0,1,1,1,0,0,1,1,0,0,0,1.000,0.000,0.000,30,0,0.000,0,0,0,0.000,0.000,0.000,0.000,0.000,0.000,0.000,0.000,30.010,0,0,0,0,0,0,0,0,0.000,0.000,0.000,0.000,0.000,0.000,0,0.087,29.357,983,984,3462,19.748,83.591,41.477,83.591,6469.637,173,1,H.264,6.262,0,0,82.615,83.630,1.000,47.466,5.276,arrival-gap-jitter-spike,28732.806,0,1,1,1,1,35202.443,287.585,314.331,318.999,318.999,0,0,0,0,0,0,0,,,0,0,0,0,0,0,0,0,0,0,,11.592,0.000,14.438,0.000,0.000,0.000,120.000,,0.000,989,0.000,17.420,2.892,0.070,0.977,0.692,0.000,0.284,1,0,0,1,3,0.006,29.335,29.357,14.330,26.516,0.500,Loss,0,1,0,0.000,4,1,1,0,0.000,0.000,0.000,0,0,0,0,0,0,0,0
36.203,Baseline,Loopback,1,1,0,,,0.000,0,21,1018,28.491,28.510,27.869,7.863,10.155,0.174,0.172,4.691,0.006,0.001,29557,171,214,43,23,0,5,18,0,18,0,0,43,1014,1,0,0,0,0,5.000,0,0,0,0,0,0,0,0,0,0,0,0,0,0,0,0.000,0.000,0.000,,1013,1013,3564,0,1,38.787,82.615,39.790,83.630,0.000,0.000,1012,1012,1461,1032,0,0,9,66,1018,1,completed,completed,H.264,0,1,24,24,0,0,0,0,0,0,0,0,29725,23,0,0,0,0,0,7.632,3,5,18,18,14,4,0.101,1.170,2.119,0,0,26,0,26,0,3,0,0.375,0.625,1.000,1.000,0.000,25.000,0.000,0.000,0.000,insufficient-sample,9,12,0,0,7,10,9,31,2,2,0,0,31,predicted-useful,fec-grace,1093,0.000,8,26,0,0,0,0,0,66,66,66,66,1,2,1,2,0,0,0,loss,0,0.142,19.091,27.180,64,66,0,0,0,0,1,1,68,2,9,0,1,9500000,1200000,3,0,3,29696,29693,36332955,26,28606,4,4976,0,0,0,0,0,7.364,46.481,62.875,4800.000,951,29762,29548,171,214,43,0.006,0.072,0.093,951,12000000,9489586,0.161,0.042,0.001,0.127,29762,9,7,31,1,8,0,0,0,0,0,0,0,1,0,4,337,66,66,0,0,0,0,0,,disabled,,0,0,0,0,,1,Fixed Quality,Hybrid,85,30,9500,12000,640,360,H.264,480,270,518400,28178,518400,28178,0.054,0.000,,0,0,0.000,2.313,0.000,0.000,0.104,7250,6750,6750,10,10,0,1,9500,1.000,0,11.369,8.120,1,1,0.000,0.000,0,0,0,0,0.115,0.885,0.000,1,0,0,disabled,24,0,0,large-au-observed,0,,0,0,17.195,23.729,0,,0.000,0.000,0.000,0.000,0,0,0,,0,0,0,5.127,0,1018,0.103,0.000,0.000,0.103,0.000,0.071,0.010,1,1,1,1,0,1,1,0,0,0,0,0,1.000,0.000,0.000,30,0,0.000,0,0,0,0.000,0.000,0.000,0.000,0.000,0.000,0.000,2.196,9.710,0,0,0,0,0,0,0,0,0.000,0.000,0.000,0.000,0.000,0.000,0,0.105,28.509,1012,1013,3564,39.916,83.591,41.477,83.591,6469.637,173,1,H.264,6.262,0,0,82.615,83.630,1.000,47.466,5.276,arrival-gap-jitter-spike,29733.059,0,1,1,1,1,36202.696,287.585,314.331,318.999,318.999,0,0,0,0,0,0,0,,,0,0,0,0,0,0,0,0,0,0,,9.092,0.000,11.993,0.000,0.000,0.000,120.000,,0.001,1018,0.000,15.973,3.872,0.088,0.335,0.001,0.000,0.334,1,0,0,1,3,0.006,28.491,28.510,4.691,27.869,0.500,Loss,0,1,0,0.000,3,1,1,0,0.000,0.000,0.000,0,0,0,0,0,0,0,0
37.209,Baseline,Loopback,1,1,0,,,0.000,0,21,1047,27.481,27.470,28.783,8.263,10.139,0.089,0.172,6.321,0.006,0.001,30445,176,219,43,23,0,5,18,0,18,0,0,43,1043,1,0,0,0,0,5.000,0,0,0,0,0,0,0,0,0,0,0,0,0,0,0,0.000,0.000,0.000,,1042,1042,3667,0,1,29.134,82.615,30.068,83.630,0.000,0.000,1041,1041,1508,1061,0,0,9,69,1047,1,completed,completed,H.264,0,1,24,24,0,0,0,0,0,0,0,0,30596,23,0,0,0,0,0,7.934,3,5,18,18,14,4,0.101,1.170,2.119,0,0,26,0,26,0,3,0,0.375,0.625,1.000,1.000,0.000,25.000,0.000,0.000,0.000,insufficient-sample,9,12,0,0,7,10,9,31,2,2,0,0,31,predicted-useful,fec-grace,1125,0.000,8,26,0,0,0,0,0,69,69,69,69,1,2,1,2,0,0,0,loss,0,0.142,19.091,27.180,67,69,0,0,0,0,1,1,71,2,9,0,1,9500000,1200000,11,0,11,30596,30585,37425969,26,28606,4,4976,0,0,0,0,0,2.220,46.481,757.625,4800.000,979,30657,30438,176,219,43,0.006,0.173,0.240,979,12000000,10096748,0.209,0.006,0.001,0.154,30657,9,7,31,1,8,0,0,0,0,0,0,0,1,0,4,352,69,69,0,0,0,0,0,,disabled,,0,0,0,0,,1,Fixed Quality,Hybrid,85,30,9500,12000,640,360,H.264,480,270,518400,28178,518400,28178,0.054,0.000,,0,0,0.000,1.909,0.000,0.000,0.072,7250,6750,6750,10,10,0,1,9500,1.000,0,15.845,8.259,1,1,0.000,0.000,0,0,0,0,0.115,0.885,0.000,1,0,0,disabled,24,0,0,large-au-observed,0,,0,0,17.771,23.729,0,,0.000,0.000,0.000,0.000,0,0,0,,0,0,0,6.011,0,1048,0.072,0.000,0.000,0.071,0.000,0.048,0.007,1,1,1,1,0,1,1,0,0,0,0,0,1.000,0.000,0.000,30,0,0.000,0,0,0,0.000,0.000,0.000,0.000,0.000,0.000,0.000,1.830,10.149,0,0,0,0,0,0,0,0,0.000,0.000,0.000,0.000,0.000,0.000,0,0.094,27.470,1041,1042,3667,30.037,83.591,41.477,83.591,6469.637,173,1,H.264,6.262,0,0,82.615,83.630,1.000,47.466,5.276,arrival-gap-jitter-spike,30739.894,0,1,1,1,1,37209.531,287.585,314.331,318.999,318.999,0,0,0,0,0,0,0,,,0,0,0,0,0,0,0,0,0,0,,9.659,0.000,12.477,0.000,0.000,0.000,120.000,,0.001,1047,0.000,16.130,3.557,0.075,1.101,0.838,0.000,0.264,1,0,0,1,3,0.006,27.481,27.470,6.321,28.783,0.500,Loss,0,1,0,0.000,2,1,1,0,0.000,0.000,0.000,0,0,0,0,0,0,0,0
38.211,Baseline,Loopback,1,1,0,,,0.000,0,21,1076,27.652,27.645,27.233,8.156,10.150,0.186,0.173,5.491,0.006,0.001,31287,181,224,43,23,0,5,18,0,18,0,0,43,1072,1,0,0,0,0,5.000,0,0,0,0,0,0,0,0,0,0,0,0,0,0,0,0.000,0.000,0.000,,1071,1071,3766,0,1,29.717,82.615,30.673,83.630,0.000,0.000,1070,1069,1549,1090,0,0,9,71,1076,1,completed,completed,H.264,0,1,24,24,0,0,0,0,0,0,0,0,31467,23,0,0,0,0,0,7.887,3,5,18,18,14,4,0.101,1.170,2.119,0,0,26,0,26,0,3,0,0.375,0.625,1.000,1.000,0.000,25.000,0.000,0.000,0.000,insufficient-sample,9,12,0,0,7,10,9,31,2,2,0,0,31,predicted-useful,fec-grace,1156,0.000,8,26,0,0,0,0,0,71,71,71,71,1,2,1,2,0,0,0,loss,0,0.142,19.091,27.180,69,71,0,0,0,0,1,1,73,2,9,0,1,9500000,1200000,5,0,5,31436,31431,38461695,26,28606,4,4976,0,0,0,0,0,7.810,46.481,1127.250,4800.000,1005,31483,31259,181,224,43,0.006,0.091,0.112,1005,12000000,8417863,0.134,0.024,0.002,0.105,31483,9,7,31,1,8,0,0,0,0,0,0,0,1,0,4,362,71,71,0,0,0,0,0,,disabled,,0,0,0,0,,1,Fixed Quality,Hybrid,85,30,9500,12000,640,360,H.264,480,270,518400,28178,518400,28178,0.054,0.000,,0,0,0.000,1.946,0.000,0.000,0.077,7250,6750,6750,10,10,0,1,9500,1.000,0,11.288,8.301,1,1,0.000,0.000,0,0,0,0,0.115,0.885,0.000,1,0,0,disabled,24,0,0,large-au-observed,0,,0,0,17.091,23.729,0,,0.000,0.000,0.000,0.000,0,0,0,,0,0,0,6.193,0,1076,0.076,0.000,0.000,0.076,0.000,0.046,0.009,1,1,1,1,0,1,1,0,0,0,0,0,1.000,0.000,0.000,30,0,0.000,0,0,0,0.000,0.000,0.000,0.000,0.000,0.000,0.000,1.860,10.337,0,0,0,0,0,0,0,0,0.000,0.000,0.000,0.000,0.000,0.000,0,0.087,27.645,1070,1071,3766,30.816,83.591,41.477,83.591,6469.637,173,1,H.264,6.262,0,0,82.615,83.630,1.000,47.466,5.276,arrival-gap-jitter-spike,31741.644,0,1,1,1,1,38211.281,287.585,314.331,318.999,318.999,0,0,0,0,0,0,0,,,0,0,0,0,0,0,0,0,0,0,,9.988,0.000,12.802,5.770,0.000,17.876,120.000,,0.000,1075,0.000,16.100,3.011,0.072,0.861,0.557,0.000,0.304,1,0,0,1,3,0.006,27.652,27.645,5.491,27.233,0.500,Loss,0,1,0,0.000,2,1,1,0,0.000,0.000,0.000,0,0,0,0,0,0,0,0
39.218,Baseline,Loopback,1,1,0,,,0.000,0,21,1104,27.068,27.077,28.073,7.165,10.111,0.186,0.173,6.945,0.006,0.001,32130,184,227,43,23,0,5,18,0,18,0,0,43,1100,1,0,0,0,0,5.000,0,0,0,0,0,0,0,0,0,0,0,0,0,0,0,0.000,0.000,0.000,,1099,1099,3869,0,1,28.876,82.615,29.998,83.630,0.000,0.000,1098,1098,1589,1118,0,0,9,73,1104,1,completed,completed,H.264,0,1,24,24,0,0,0,0,0,0,0,0,32308,23,0,0,0,0,0,6.991,3,5,18,18,14,4,0.101,1.170,2.119,0,0,26,0,26,0,3,0,0.375,0.625,1.000,1.000,0.000,25.000,0.000,0.000,0.000,insufficient-sample,9,12,0,0,7,10,9,31,2,2,0,0,31,predicted-useful,fec-grace,1186,0.000,8,26,0,0,0,0,0,73,73,73,73,1,2,1,2,0,0,0,loss,0,0.142,19.091,27.180,71,73,0,0,0,0,1,1,75,2,9,0,1,9500000,1200000,0,0,0,32276,32276,39496831,26,28606,4,4976,0,0,0,0,0,16.427,46.481,5616.500,4800.000,1032,32345,32118,184,227,43,0.006,0.087,0.095,1032,12000000,9673115,0.090,0.024,0.000,0.092,32345,9,7,31,1,8,0,0,0,0,0,0,0,1,0,4,372,73,73,0,0,0,0,0,,disabled,,0,0,0,0,,1,Fixed Quality,Hybrid,85,30,9500,12000,640,360,H.264,480,270,518400,28176,518400,28176,0.054,0.000,,0,0,0.000,2.705,0.000,0.000,0.102,7250,6750,6750,10,10,0,1,9500,1.000,0,16.427,8.414,0,1,0.000,0.000,0,0,0,0,0.115,0.885,0.000,1,0,0,disabled,24,0,0,large-au-observed,0,,0,0,17.266,23.727,0,,0.000,0.000,0.000,0.000,0,0,0,,0,0,0,5.525,0,1104,0.101,0.000,0.000,0.101,0.000,0.068,0.011,1,1,1,1,0,1,1,0,0,0,0,0,1.000,0.000,0.000,30,0,0.000,0,0,0,0.000,0.000,0.000,0.000,0.000,0.000,0.000,2.591,10.132,0,0,0,0,0,0,0,0,0.000,0.000,0.000,0.000,0.000,0.000,0,0.111,27.076,1098,1099,3869,29.896,83.591,41.477,83.591,6469.637,173,1,H.264,6.262,0,0,82.615,83.630,1.000,47.466,5.276,arrival-gap-jitter-spike,32748.103,0,1,1,1,1,39217.740,287.585,314.331,318.999,318.999,0,0,0,0,0,0,0,,,0,0,0,0,0,0,0,0,0,0,,8.954,0.000,12.086,0.000,0.000,0.000,120.000,,0.001,1104,0.000,14.446,2.246,0.088,0.303,0.001,0.000,0.302,1,0,0,1,3,0.006,27.068,27.077,6.945,28.073,0.500,Loss,0,1,0,0.000,4,1,1,0,0.000,0.000,0.000,0,0,0,0,0,0,0,0
40.218,Baseline,Loopback,1,1,0,,,0.000,0,21,1132,27.859,27.861,29.518,8.045,10.071,0.144,0.173,4.385,0.006,0.001,32981,192,235,43,23,0,5,18,0,18,0,0,43,1128,1,0,0,0,0,5.000,0,0,0,0,0,0,0,0,0,0,0,0,0,0,0,0.000,0.000,0.000,,1127,1127,3971,0,1,39.264,82.615,40.281,83.630,0.000,0.000,1126,1126,1624,1146,0,0,9,74,1132,1,completed,completed,H.264,0,1,24,24,0,0,0,0,0,0,0,0,33149,23,0,0,0,0,0,7.813,3,5,18,18,14,4,0.101,1.170,2.119,0,0,26,0,26,0,3,0,0.375,0.625,1.000,1.000,0.000,25.000,0.000,0.000,0.000,insufficient-sample,9,12,0,0,7,10,9,31,2,2,0,0,31,predicted-useful,fec-grace,1215,0.000,8,26,0,0,0,0,0,74,74,74,74,1,2,1,2,0,0,0,loss,0,0.142,19.091,27.180,72,74,0,0,0,0,1,1,76,2,9,0,1,9500000,1200000,12,0,12,33146,33134,40548101,26,28606,4,4976,0,0,0,0,0,0.573,46.481,871.125,4800.000,1059,33208,32973,192,235,43,0.006,0.176,0.171,1059,11098605,9446388,0.116,0.006,0.003,0.118,33208,9,7,31,1,8,0,0,0,0,0,0,0,1,0,4,378,74,74,0,0,0,0,0,,disabled,,0,0,0,0,,1,Fixed Quality,Hybrid,85,30,9500,12000,640,360,H.264,480,270,518400,28178,518400,28178,0.054,0.000,,0,0,0.000,2.024,0.000,0.000,0.179,7250,6750,6750,10,10,0,1,9500,1.000,0,15.379,8.539,1,1,0.000,0.000,0,0,0,0,0.115,0.885,0.000,1,0,0,disabled,24,0,0,large-au-observed,0,,0,0,17.196,23.729,0,,0.000,0.000,0.000,0.000,0,0,0,,0,0,0,5.751,0,1133,0.179,0.000,0.000,0.179,0.000,0.043,0.120,1,1,1,1,0,1,1,0,0,0,0,0,1.000,0.000,0.000,30,0,0.000,0,0,0,0.000,0.000,0.000,0.000,0.000,0.000,0.000,1.836,9.965,0,0,0,0,0,0,0,0,0.000,0.000,0.000,0.000,0.000,0.000,0,0.096,27.861,1126,1127,3971,40.264,83.591,41.477,83.591,6469.637,173,1,H.264,6.262,0,0,82.615,83.630,1.000,47.466,5.276,arrival-gap-jitter-spike,33748.241,0,1,1,1,1,40217.878,287.585,314.331,318.999,318.999,0,0,0,0,0,0,0,,,0,0,0,0,0,0,0,0,0,0,,9.346,0.000,12.118,0.000,0.000,0.000,120.000,,0.000,1132,0.000,15.283,3.066,0.077,0.840,0.531,0.000,0.309,1,0,0,1,3,0.006,27.859,27.861,4.385,29.518,0.500,Loss,0,1,0,0.000,3,1,1,0,0.000,0.000,0.000,0,0,0,0,0,0,0,0
41.224,Baseline,Loopback,1,1,0,,,0.000,0,21,1162,28.016,28.011,29.593,8.531,10.035,0.117,0.171,5.284,0.006,0.001,33861,195,238,43,23,0,5,18,0,18,0,0,43,1158,1,0,0,0,0,5.000,0,0,0,0,0,0,0,0,0,0,0,0,0,0,0,0.000,0.000,0.000,,1157,1157,4075,0,1,29.484,82.615,30.410,83.630,0.000,0.000,1156,1156,1660,1176,0,0,9,75,1162,1,completed,completed,H.264,0,1,24,24,0,0,0,0,0,0,0,0,34050,23,0,0,0,0,0,8.277,3,5,18,18,14,4,0.101,1.170,2.119,0,0,26,0,26,0,3,0,0.375,0.625,1.000,1.000,0.000,25.000,0.000,0.000,0.000,insufficient-sample,9,12,0,0,7,10,9,31,2,2,0,0,31,predicted-useful,fec-grace,1246,0.000,8,26,0,0,0,0,0,75,75,75,75,1,2,1,2,0,0,0,loss,0,0.142,19.091,27.180,73,75,0,0,0,0,1,1,77,2,9,0,1,9500000,1200000,0,0,0,34016,34016,41628077,26,28606,4,4976,0,0,0,0,0,17.955,46.481,6292.562,4800.000,1086,34072,33834,195,238,43,0.006,0.164,0.196,1086,12000000,8849424,0.144,-0.000,0.002,0.123,34072,9,7,31,1,8,0,0,0,0,0,0,0,1,0,4,383,75,75,0,0,0,0,0,,disabled,,0,0,0,0,,1,Fixed Quality,Hybrid,85,30,9500,12000,640,360,H.264,480,270,518400,28178,518400,28178,0.054,0.000,,0,0,0.000,2.049,0.000,0.000,0.067,7250,6750,6750,10,10,0,1,9500,1.000,0,17.955,8.735,0,1,0.000,0.000,0,0,0,0,0.115,0.885,0.000,1,0,0,disabled,24,0,0,large-au-observed,0,,0,0,17.944,23.729,0,,0.000,0.000,0.000,0.000,0,0,0,,0,0,0,5.536,0,1162,0.067,0.000,0.000,0.067,0.000,0.046,0.006,1,1,1,1,0,1,1,0,0,0,0,0,1.000,0.000,0.000,30,0,0.000,0,0,0,0.000,0.000,0.000,0.000,0.000,0.000,0.000,1.974,9.679,0,0,0,0,0,0,0,0,0.000,0.000,0.000,0.000,0.000,0.000,0,0.089,28.011,1156,1157,4075,30.594,83.591,41.477,83.591,6469.637,173,1,H.264,6.262,0,0,82.615,83.630,1.000,47.466,5.276,arrival-gap-jitter-spike,34754.292,0,1,1,1,1,41223.929,287.585,314.331,318.999,318.999,0,0,0,0,0,0,0,,,0,0,0,0,0,0,0,0,0,0,,9.304,0.000,12.092,0.000,0.000,0.000,120.000,,0.001,1162,0.000,15.616,3.432,0.071,0.710,0.422,0.000,0.288,1,0,0,1,3,0.006,28.016,28.011,5.284,29.593,0.500,Loss,0,1,0,0.000,2,1,1,0,0.000,0.000,0.000,0,0,0,0,0,0,0,0
42.228,Baseline,Loopback,1,1,0,,,0.000,0,21,1191,29.071,29.073,27.998,8.333,10.006,0.177,0.172,3.900,0.006,0.001,34726,201,244,43,23,0,5,18,0,18,0,0,43,1187,1,0,0,0,0,5.000,0,0,0,0,0,0,0,0,0,0,0,0,0,0,0,0.000,0.000,0.000,,1186,1186,4178,0,1,29.306,82.615,30.498,83.630,0.000,0.000,1185,1185,1704,1205,0,0,9,78,1191,1,completed,completed,H.264,0,1,24,24,0,0,0,0,0,0,0,0,34921,23,0,0,0,0,0,7.961,3,5,18,18,14,4,0.101,1.170,2.119,0,0,26,0,26,0,3,0,0.375,0.625,1.000,1.000,0.000,25.000,0.000,0.000,0.000,insufficient-sample,9,12,0,0,7,10,9,31,2,2,0,0,31,predicted-useful,fec-grace,1277,0.000,8,26,0,0,0,0,0,77,78,77,78,1,2,1,2,0,0,0,loss,0,0.142,19.091,27.180,75,78,0,0,0,0,1,1,80,2,10,0,1,9500000,1200000,0,0,0,34886,34886,42693699,26,28606,4,4976,0,0,0,0,0,17.940,46.481,6517.812,4800.000,1114,34968,34724,201,244,43,0.006,0.074,0.080,1114,12000000,9603988,0.113,0.060,0.001,0.091,34968,9,7,31,1,8,0,0,0,0,0,0,0,1,0,4,395,78,78,0,0,0,0,0,,disabled,,0,0,0,0,,1,Fixed Quality,Hybrid,85,30,9500,12000,640,360,H.264,480,270,518400,28178,518400,28178,0.054,0.000,,0,0,0.000,2.106,0.000,0.000,0.108,7250,6750,6750,10,10,0,1,9500,1.000,0,17.940,8.975,0,1,0.000,0.000,0,0,0,0,0.115,0.885,0.000,1,0,0,disabled,24,0,0,large-au-observed,0,,0,0,17.280,23.729,0,,0.000,0.000,0.000,0.000,0,0,0,,0,0,0,5.894,0,1191,0.108,0.000,0.000,0.107,0.000,0.072,0.012,1,1,1,1,0,1,1,0,0,0,0,0,1.000,0.000,0.000,30,0,0.000,0,0,0,0.000,0.000,0.000,0.000,0.000,0.000,0.000,1.985,30.769,0,0,0,0,0,0,0,0,0.000,0.000,0.000,0.000,0.000,0.000,0,0.107,29.073,1185,1186,4178,30.305,83.591,41.477,83.591,6469.637,173,1,H.264,6.262,0,0,82.615,83.630,1.000,47.466,5.276,arrival-gap-jitter-spike,35758.383,0,1,1,1,1,42228.020,287.585,314.331,318.999,318.999,0,0,0,0,0,0,0,,,0,0,0,0,0,0,0,0,0,0,,9.417,0.000,12.376,0.000,0.000,0.000,120.000,,0.001,1191,0.000,15.021,2.536,0.086,0.348,0.001,0.000,0.347,1,0,0,1,3,0.006,29.071,29.073,3.900,27.998,0.500,Loss,0,1,0,0.000,6,2,2,0,0.000,0.000,0.000,0,0,0,0,0,0,0,0
43.230,Baseline,Loopback,1,1,0,,,0.000,0,21,1219,25.755,25.753,26.715,9.186,9.996,0.177,0.172,8.494,0.006,0.001,35562,206,249,43,23,0,5,18,0,18,0,0,43,1215,1,0,0,0,0,5.000,0,0,0,0,0,0,0,0,0,0,0,0,0,0,0,0.000,0.000,0.000,,1214,1214,4282,0,1,29.063,82.615,30.334,83.630,0.000,0.000,1213,1213,1757,1233,0,0,9,82,1219,1,completed,completed,H.264,0,1,24,24,0,0,0,0,0,0,0,0,35762,23,0,0,0,0,0,8.845,3,5,18,18,14,4,0.101,1.170,2.119,0,0,26,0,26,0,3,0,0.375,0.625,1.000,1.000,0.000,25.000,0.000,0.000,0.000,insufficient-sample,9,12,0,0,7,10,9,31,2,2,0,0,31,predicted-useful,fec-grace,1309,0.000,8,26,0,0,0,0,0,81,82,81,82,1,2,1,2,0,0,0,loss,0,0.142,19.091,27.180,79,82,0,0,0,0,1,1,84,2,10,0,1,9500000,1200000,0,0,0,35726,35726,43722575,26,28606,4,4976,0,0,0,0,0,17.974,46.481,5351.688,4800.000,1140,35797,35548,206,249,43,0.006,0.112,0.104,1140,11888014,9831212,0.139,0.060,0.009,0.124,35797,9,7,31,1,8,0,0,0,0,0,0,0,1,0,4,416,82,82,0,0,0,0,0,,disabled,,0,0,0,0,,1,Fixed Quality,Hybrid,85,30,9500,12000,640,360,H.264,480,270,518400,0,518400,28176,0.054,0.000,,0,0,0.000,5.106,0.000,4.324,0.762,7250,6750,6750,10,10,0,1,9500,1.000,0,17.974,9.110,0,1,0.000,0.000,0,0,0,0,0.115,0.885,0.000,1,0,0,disabled,0,0,0,async-output-pending,0,,0,0,0.000,0.000,0,,17.974,5351.688,39583.333,0.000,0,0,0,,0,0,0,0.000,1,0,0.753,0.170,0.581,0.000,0.000,0.000,0.000,0,0,1,1,1,0,0,1,1,0,0,0,1.000,0.000,0.000,30,0,0.000,0,0,0,0.000,0.000,0.000,0.000,0.000,0.000,0.000,0.000,30.273,0,0,0,0,0,0,0,0,0.000,0.000,0.000,0.000,0.000,0.000,0,0.084,25.753,1213,1214,4282,30.011,83.591,41.477,83.591,6469.637,173,1,H.264,6.262,0,0,82.615,83.630,1.000,47.466,5.276,arrival-gap-jitter-spike,36760.675,0,1,1,1,1,43230.312,287.585,314.331,318.999,318.999,0,0,0,0,0,0,0,,,0,0,0,0,0,0,0,0,0,0,,11.835,0.000,14.653,0.000,0.000,0.000,120.000,,0.000,1219,0.000,18.127,3.388,0.075,0.981,0.762,0.000,0.219,1,0,0,1,3,0.006,25.755,25.753,8.494,26.715,0.500,Loss,0,1,0,0.000,3,1,1,0,0.000,0.000,0.000,0,0,0,0,0,0,0,0
44.231,Baseline,Loopback,1,1,0,,,0.000,0,21,1248,27.241,27.295,25.647,18.103,10.001,0.213,0.173,3.264,0.006,0.001,36403,209,255,46,26,0,5,21,0,21,0,0,46,1243,1,0,0,0,0,5.000,0,0,0,0,0,0,0,0,0,0,0,0,0,0,0,0.000,0.000,0.000,,1242,1242,4378,0,1,38.820,82.615,39.974,83.630,0.000,0.000,1241,1241,1795,1264,0,0,10,83,1248,1,completed,completed,H.264,0,1,24,24,0,5,1,0,0,0,0,0,36606,23,0,0,0,0,0,17.858,3,5,21,21,14,7,0.101,1.155,2.119,0,0,29,0,29,0,3,0,0.375,0.625,1.000,1.000,0.000,25.000,0.000,0.000,0.000,insufficient-sample,9,12,0,0,7,10,10,34,2,2,0,0,34,predicted-useful,fec-grace,1340,0.000,9,29,0,0,0,0,0,82,83,82,83,1,2,1,2,0,0,0,loss,0,0.138,21.932,30.021,80,83,0,0,0,0,1,1,85,2,11,0,1,9500000,1200000,0,0,0,36569,36569,44754561,29,31714,4,4976,0,0,0,0,0,17.378,46.481,6197.562,4800.000,1167,36652,36397,209,255,46,0.006,0.090,0.090,1167,12000000,9482038,0.104,0.055,0.008,0.093,36652,10,8,34,1,9,0,0,0,0,0,0,0,1,0,4,421,83,83,0,0,0,0,0,,disabled,,0,0,0,0,,1,Fixed Quality,Hybrid,85,30,9500,12000,640,360,H.264,480,270,518400,28178,518400,28178,0.054,0.000,,0,0,0.000,1.973,0.000,0.000,0.073,7250,6750,6750,10,10,0,1,9500,1.000,0,17.378,9.180,0,1,0.000,0.000,0,0,0,0,0.103,0.897,0.000,1,0,0,disabled,24,0,0,large-au-observed,0,,0,0,17.326,23.729,0,,0.000,0.000,0.000,0.000,0,0,0,,0,0,0,5.798,0,1248,0.073,0.000,0.000,0.072,0.000,0.051,0.007,1,1,1,1,0,1,1,0,0,0,0,0,1.000,0.000,0.000,30,0,0.000,0,0,0,0.000,0.000,0.000,0.000,0.000,0.000,0.000,1.893,10.131,0,0,0,0,0,0,0,0,0.000,0.000,0.000,0.000,0.000,0.000,0,0.086,27.295,1241,1242,4378,39.785,83.591,41.477,83.591,6469.637,173,1,H.264,6.262,0,0,82.615,83.630,1.000,47.466,5.276,arrival-gap-jitter-spike,37761.071,0,1,1,1,1,44230.708,287.585,314.331,318.999,318.999,0,0,0,0,0,0,0,,,0,0,0,0,0,0,0,0,0,0,,11.505,0.000,14.306,0.000,0.000,0.000,120.000,,0.001,1248,0.000,17.343,2.948,0.070,0.637,0.338,0.000,0.299,1,0,0,1,3,0.006,27.241,27.295,3.264,25.647,0.500,Loss,0,1,0,0.000,4,1,1,0,0.000,0.000,0.000,0,0,0,0,0,0,0,0
45.232,Baseline,Loopback,1,1,0,,,0.000,0,21,1277,28.664,28.637,28.434,8.215,9.965,0.177,0.173,5.045,0.006,0.001,37269,211,257,46,26,0,5,21,0,21,0,0,46,1272,1,0,0,0,0,5.000,0,0,0,0,0,0,0,0,0,0,0,0,0,0,0,0.000,0.000,0.000,,1271,1271,4481,0,1,38.842,82.615,39.931,83.630,0.000,0.000,1270,1270,1824,1293,0,0,10,83,1277,1,completed,completed,H.264,0,1,24,24,0,0,0,0,0,0,0,0,37477,23,0,0,0,0,0,8.068,3,5,21,21,14,7,0.101,1.155,2.119,0,0,29,0,29,0,3,0,0.375,0.625,1.000,1.000,0.000,25.000,0.000,0.000,0.000,insufficient-sample,9,12,0,0,7,10,10,34,2,2,0,0,34,predicted-useful,fec-grace,1369,0.000,9,29,0,0,0,0,0,82,83,82,83,1,2,1,2,0,0,0,loss,0,0.138,21.932,30.021,80,83,0,0,0,0,1,1,85,2,11,0,1,9500000,1200000,3,0,3,37439,37436,45816427,29,31714,4,4976,0,0,0,0,0,7.607,46.481,413.188,4800.000,1194,37515,37258,211,257,46,0.006,0.076,0.145,1194,12000000,8673670,0.155,0.030,0.000,0.127,37515,10,8,34,1,9,0,0,0,0,0,0,0,1,0,4,421,83,83,0,0,0,0,0,,disabled,,0,0,0,0,,1,Fixed Quality,Hybrid,85,30,9500,12000,640,360,H.264,480,270,518400,28178,518400,28178,0.054,0.000,,0,0,0.000,2.301,0.000,0.000,0.078,7250,6750,6750,10,10,0,1,9500,1.000,0,11.867,9.323,1,1,0.000,0.000,0,0,0,0,0.103,0.897,0.000,1,0,0,disabled,24,0,0,large-au-observed,0,,0,0,17.389,23.729,0,,0.000,0.000,0.000,0.000,0,0,0,,0,0,0,4.977,0,1277,0.077,0.000,0.000,0.077,0.000,0.052,0.008,1,1,1,1,0,1,1,0,0,0,1,0,0.860,64.108,0.000,26,0,0.000,0,0,0,0.000,0.000,0.000,0.000,0.000,0.000,0.000,2.214,9.504,0,0,0,0,0,0,0,0,0.000,0.000,0.000,0.000,0.000,0.000,0,0.098,28.637,1270,1271,4481,39.901,83.591,41.477,83.591,6469.637,173,1,H.264,6.262,0,0,82.615,83.630,1.000,47.466,5.276,arrival-gap-jitter-spike,38762.474,0,1,1,1,1,45232.111,287.585,314.331,318.999,318.999,0,0,0,0,0,0,0,,,0,0,0,0,0,0,0,0,0,0,,9.276,0.000,12.277,0.000,0.000,0.000,120.000,,0.001,1277,0.000,15.225,2.846,0.087,0.296,0.001,0.000,0.295,1,0,0,1,3,0.006,28.664,28.637,5.045,28.434,0.500,Loss,0,1,0,0.000,4,1,1,0,0.000,0.000,0.000,0,0,0,0,0,0,0,0
46.237,Baseline,Loopback,1,1,0,,,0.000,0,21,1306,28.826,28.830,28.392,8.519,9.963,0.111,0.171,4.668,0.006,0.001,38137,217,263,46,26,0,5,21,0,21,0,0,46,1301,1,0,0,0,0,5.000,0,0,0,0,0,0,0,0,0,0,0,0,0,0,0,0.000,0.000,0.000,,1300,1300,4582,0,1,29.041,82.615,30.023,83.630,0.000,0.000,1299,1299,1873,1322,0,0,10,86,1306,1,completed,completed,H.264,0,1,24,24,0,0,0,0,0,0,0,0,38348,23,0,0,0,0,0,8.322,3,5,21,21,14,7,0.101,1.155,2.119,0,0,29,0,29,0,3,0,0.375,0.625,1.000,1.000,0.000,25.000,0.000,0.000,0.000,insufficient-sample,9,12,0,0,7,10,10,34,2,2,0,0,34,predicted-useful,fec-grace,1401,0.000,9,29,0,0,0,0,0,85,86,85,86,1,2,1,2,0,0,0,loss,0,0.138,21.932,30.021,83,86,0,0,0,0,1,1,88,2,11,0,1,9500000,1200000,0,0,0,38309,38309,46885805,29,31714,4,4976,0,0,0,0,0,17.400,46.481,5864.688,4800.000,1221,38379,38116,217,263,46,0.006,0.172,0.178,1221,12000000,9349179,0.158,0.011,0.003,0.139,38379,10,8,34,1,9,0,0,0,0,0,0,0,1,0,4,438,86,86,0,0,0,0,0,,disabled,,0,0,0,0,,1,Fixed Quality,Hybrid,85,30,9500,12000,640,360,H.264,480,270,518400,28178,518400,28178,0.054,0.000,,0,0,0.000,1.977,0.000,0.000,0.070,7250,6750,6750,10,10,0,1,9500,1.000,0,17.400,9.411,0,1,0.000,0.000,0,0,0,0,0.103,0.897,0.000,1,0,0,disabled,24,0,0,large-au-observed,0,,0,0,16.658,23.729,0,,0.000,0.000,0.000,0.000,0,0,0,,0,0,0,6.202,0,1306,0.070,0.000,0.000,0.070,0.000,0.046,0.007,1,1,1,1,0,1,1,0,0,0,0,0,1.000,0.000,0.000,30,0,0.000,0,0,0,0.000,0.000,0.000,0.000,0.000,0.000,0.000,1.899,10.158,0,0,0,0,0,0,0,0,0.000,0.000,0.000,0.000,0.000,0.000,0,0.091,28.830,1299,1300,4582,30.040,83.591,41.477,83.591,6469.637,173,1,H.264,6.262,0,0,82.615,83.630,1.000,47.466,5.276,arrival-gap-jitter-spike,39767.696,0,1,1,1,1,46237.333,287.585,314.331,318.999,318.999,0,0,0,0,0,0,0,,,0,0,0,0,0,0,0,0,0,0,,9.555,0.000,12.427,0.000,0.000,0.000,120.000,,0.000,1306,0.000,16.672,4.151,0.071,1.006,0.699,0.000,0.307,1,0,0,1,3,0.006,28.826,28.830,4.668,28.392,0.500,Loss,0,1,0,0.000,2,1,1,0,0.000,0.000,0.000,0,0,0,0,0,0,0,0
47.244,Baseline,Loopback,1,1,0,,,0.000,0,21,1335,28.305,28.845,26.887,8.179,9.954,0.088,0.169,4.945,0.006,0.001,38997,225,271,46,26,0,5,21,0,21,0,0,46,1330,1,0,0,0,0,5.000,0,0,0,0,0,0,0,0,0,0,0,0,0,0,0,0.000,0.000,0.000,,1329,1329,4684,0,1,38.588,82.615,39.600,83.630,0.000,0.000,1327,1327,1921,1351,0,0,10,89,1335,1,completed,completed,H.264,0,1,24,24,0,0,0,0,0,0,0,0,39219,23,0,0,0,0,0,7.809,3,5,21,21,14,7,0.101,1.155,2.119,0,0,29,0,29,0,3,0,0.375,0.625,1.000,1.000,0.000,25.000,0.000,0.000,0.000,insufficient-sample,9,12,0,0,7,10,10,34,2,2,0,0,34,predicted-useful,fec-grace,1433,0.000,9,29,0,0,0,0,0,88,89,88,89,1,2,1,2,0,0,0,loss,0,0.138,21.932,30.021,86,89,0,0,0,0,1,1,91,2,11,0,1,9500000,1200000,3,0,3,39179,39176,47947671,29,31714,4,4976,0,0,0,0,0,7.868,46.481,242.188,4800.000,1248,39242,38971,225,271,46,0.006,0.072,0.112,1248,9147055,8368022,0.103,0.004,0.012,0.088,39242,10,8,34,1,9,0,0,0,0,0,0,0,1,0,4,454,89,89,0,0,0,0,0,,disabled,,0,0,0,0,,1,Fixed Quality,Hybrid,85,30,9500,12000,640,360,H.264,480,270,518400,28178,518400,28178,0.054,0.000,,0,0,0.000,1.913,0.000,0.000,0.070,7250,6750,6750,10,10,0,1,9500,1.000,0,13.783,9.547,1,1,0.000,0.000,0,0,0,0,0.103,0.897,0.000,1,0,0,disabled,24,0,0,large-au-observed,0,,0,0,17.542,23.729,0,,0.000,0.000,0.000,0.000,0,0,0,,0,0,0,6.228,0,1335,0.069,0.000,0.000,0.069,0.000,0.048,0.007,1,1,1,1,0,1,1,0,0,0,0,0,1.000,0.000,0.000,30,0,0.000,0,0,0,0.000,0.000,0.000,0.000,0.000,0.000,0.000,1.836,10.244,0,0,0,0,0,0,0,0,0.000,0.000,0.000,0.000,0.000,0.000,0,0.088,28.845,1327,1329,4684,39.669,83.591,41.477,83.591,6469.637,173,1,H.264,6.262,0,0,82.615,83.630,1.000,47.466,5.276,arrival-gap-jitter-spike,40774.651,0,1,1,1,1,47244.288,287.585,314.331,318.999,318.999,0,0,0,0,0,0,0,,,0,0,0,0,0,0,0,0,0,0,,10.449,0.000,13.528,0.000,0.000,0.000,120.000,,0.000,1334,0.000,16.509,2.890,0.072,0.903,0.651,0.000,0.252,1,0,0,1,3,0.006,28.305,28.845,4.945,26.887,0.500,Loss,0,1,0,0.000,2,1,1,0,0.000,0.000,0.000,0,0,0,0,0,0,0,0
48.248,Baseline,Loopback,1,1,0,,,0.000,0,21,1364,29.996,29.995,27.848,7.854,9.915,0.133,0.169,2.971,0.006,0.001,39864,227,273,46,26,0,5,21,0,21,0,0,46,1359,1,0,0,0,0,5.000,0,0,0,0,0,0,0,0,0,0,0,0,0,0,0,0.000,0.000,0.000,,1358,1358,4787,0,1,29.195,82.615,30.367,83.630,0.000,0.000,1357,1356,1950,1380,0,0,10,89,1364,1,completed,completed,H.264,0,1,24,24,0,0,0,0,0,0,0,0,40090,23,0,0,0,0,0,7.678,3,5,21,21,14,7,0.101,1.155,2.119,0,0,29,0,29,0,3,0,0.375,0.625,1.000,1.000,0.000,25.000,0.000,0.000,0.000,insufficient-sample,9,12,0,0,7,10,10,34,2,2,0,0,34,predicted-useful,fec-grace,1462,0.000,9,29,0,0,0,0,0,88,89,88,89,1,2,1,2,0,0,0,loss,0,0.138,21.932,30.021,86,89,0,0,0,0,1,1,91,2,11,0,1,9500000,1200000,5,0,5,40049,40044,49010789,29,31714,4,4976,0,0,0,0,0,7.383,46.481,164.188,4800.000,1276,40137,39864,227,273,46,0.006,0.123,0.200,1276,12000000,9294840,0.121,0.012,0.000,0.095,40137,10,8,34,1,9,0,0,0,0,0,0,0,1,0,4,454,89,89,0,0,0,0,0,,disabled,,0,0,0,0,,1,Fixed Quality,Hybrid,85,30,9500,12000,640,360,H.264,480,270,518400,28176,518400,28176,0.054,0.000,,0,0,0.000,1.960,0.000,0.000,0.078,7250,6750,6750,10,10,0,1,9500,1.000,0,13.837,9.658,1,1,0.000,0.000,0,0,0,0,0.103,0.897,0.000,1,0,0,disabled,24,0,0,large-au-observed,0,,0,0,17.457,23.727,0,,0.000,0.000,0.000,0.000,0,0,0,,0,0,0,6.147,0,1364,0.077,0.000,0.000,0.077,0.000,0.054,0.007,1,1,1,1,0,1,1,0,0,0,0,0,1.000,0.000,0.000,30,0,0.000,0,0,0,0.000,0.000,0.000,0.000,0.000,0.000,0.000,1.873,10.118,0,0,0,0,0,0,0,0,0.000,0.000,0.000,0.000,0.000,0.000,0,0.112,29.995,1357,1358,4787,30.225,83.591,41.477,83.591,6469.637,173,1,H.264,6.262,0,0,82.615,83.630,1.000,47.466,5.276,arrival-gap-jitter-spike,41778.354,0,1,1,1,1,48247.991,287.585,314.331,318.999,318.999,0,0,0,0,0,0,0,,,0,0,0,0,0,0,0,0,0,0,,9.056,0.000,11.948,3.143,0.000,14.903,120.000,,0.001,1363,0.000,15.367,3.228,0.096,0.309,0.001,0.000,0.308,1,0,0,1,3,0.006,29.996,29.995,2.971,27.848,0.500,Loss,0,1,0,0.000,2,1,1,0,0.000,0.000,0.000,0,0,0,0,0,0,0,0
49.251,Baseline,Loopback,1,1,0,,,0.000,0,21,1391,27.972,27.974,26.873,5.448,9.921,0.130,0.168,6.368,0.006,0.001,40679,228,274,46,26,0,5,21,0,21,0,0,46,1386,1,0,0,0,0,5.000,0,0,0,0,0,0,0,0,0,0,0,0,0,0,0,0.000,0.000,0.000,,1385,1385,4894,0,1,41.110,82.615,42.118,83.630,0.000,0.000,1384,1384,1977,1407,0,0,10,89,1391,1,completed,completed,H.264,0,1,24,24,0,0,0,0,0,0,0,0,40901,23,0,0,0,0,0,5.163,3,5,21,21,14,7,0.101,1.155,2.119,0,0,29,0,29,0,3,0,0.375,0.625,1.000,1.000,0.000,25.000,0.000,0.000,0.000,insufficient-sample,9,12,0,0,7,10,10,34,2,2,0,0,34,predicted-useful,fec-grace,1489,0.000,9,29,0,0,0,0,0,88,89,88,89,1,2,1,2,0,0,0,loss,0,0.138,21.932,30.021,86,89,0,0,0,0,1,1,91,2,11,0,1,9500000,1200000,0,0,0,40859,40859,50009181,29,31714,4,4976,0,0,0,0,0,11.855,46.481,1313.375,4800.000,1301,40935,40661,228,274,46,0.006,0.168,0.215,1301,12000000,8228706,0.161,0.009,0.000,0.137,40935,10,8,34,1,9,0,0,0,0,0,0,0,1,0,4,454,89,89,0,0,0,0,0,,disabled,,0,0,0,0,,1,Fixed Quality,Hybrid,85,30,9500,12000,640,360,H.264,480,270,518400,0,518400,28178,0.054,0.000,,0,0,0.000,4.706,0.000,4.031,0.658,7250,6750,6750,10,10,0,1,9500,1.000,0,11.855,9.940,1,1,0.000,0.000,0,0,0,0,0.103,0.897,0.000,1,0,0,disabled,0,0,0,async-output-pending,0,,0,0,0.000,0.000,0,,11.855,1313.375,39583.333,0.000,0,0,0,,0,0,0,0.000,1,0,0.648,0.139,0.508,0.000,0.000,0.000,0.000,0,0,1,1,1,0,0,1,1,0,0,0,1.000,0.000,0.000,30,0,0.000,0,0,0,0.000,0.000,0.000,0.000,0.000,0.000,0.000,0.000,21.628,0,0,0,0,0,0,0,0,0.000,0.000,0.000,0.000,0.000,0.000,0,0.092,27.974,1384,1385,4894,42.285,83.591,41.477,83.591,6469.637,173,1,H.264,6.262,0,0,82.615,83.630,1.000,47.466,5.276,arrival-gap-jitter-spike,42781.363,0,1,1,1,1,49251.000,287.585,314.331,318.999,318.999,0,0,0,0,0,0,0,,,0,0,0,0,0,0,0,0,0,0,,10.784,0.000,13.579,0.000,0.000,0.000,120.000,,0.000,1391,0.000,17.662,3.986,0.074,1.084,0.854,0.000,0.230,1,0,0,1,3,0.006,27.972,27.974,6.368,26.873,0.000,None,0,1,0,0.000,2,1,1,0,0.000,0.000,0.000,0,0,0,0,0,0,0,0
50.251,Baseline,Loopback,1,1,0,,,0.000,0,21,1419,27.843,27.841,27.991,8.013,9.889,0.130,0.168,4.568,0.006,0.001,41534,233,279,46,26,0,5,21,0,21,0,0,46,1414,1,0,0,0,0,5.000,0,0,0,0,0,0,0,0,0,0,0,0,0,0,0,0.000,0.000,0.000,,1413,1413,4997,0,1,39.567,82.615,40.484,83.630,0.000,0.000,1412,1412,2005,1435,0,0,10,89,1419,1,completed,completed,H.264,0,1,24,24,0,0,0,0,0,0,0,0,41742,23,0,0,0,0,0,7.856,3,5,21,21,14,7,0.101,1.155,2.119,0,0,29,0,29,0,3,0,0.375,0.625,1.000,1.000,0.000,25.000,0.000,0.000,0.000,insufficient-sample,9,12,0,0,7,10,10,34,2,2,0,0,34,predicted-useful,fec-grace,1517,0.000,9,29,0,0,0,0,0,88,89,88,89,1,2,1,2,0,0,0,loss,0,0.138,21.932,30.021,86,89,0,0,0,0,1,1,91,2,11,0,1,9500000,1200000,11,0,11,41729,41718,51061693,29,31714,4,4976,0,0,0,0,0,1.999,46.481,1168.125,4800.000,1328,41799,41520,233,279,46,0.006,0.183,0.238,1328,9344696,8856552,0.147,0.009,0.010,0.114,41799,10,8,34,1,9,0,0,0,0,0,0,0,1,0,4,454,89,89,0,0,0,0,0,,disabled,,0,0,0,0,,1,Fixed Quality,Hybrid,85,30,9500,12000,640,360,H.264,480,270,518400,28178,518400,28178,0.054,0.000,,0,0,0.000,1.948,0.000,0.000,0.066,7250,6750,6750,10,10,0,1,9500,1.000,0,15.215,10.115,1,1,0.000,0.000,0,0,0,0,0.103,0.897,0.000,1,0,0,disabled,24,0,0,large-au-observed,0,,0,0,17.124,23.729,0,,0.000,0.000,0.000,0.000,0,0,0,,0,0,0,5.790,0,1420,0.066,0.000,0.000,0.065,0.000,0.044,0.006,1,1,1,1,0,1,1,0,0,0,0,0,1.000,0.000,0.000,30,0,0.000,0,0,0,0.000,0.000,0.000,0.000,0.000,0.000,0.000,1.874,9.849,0,0,0,0,0,0,0,0,0.000,0.000,0.000,0.000,0.000,0.000,0,0.087,27.841,1412,1413,4997,40.564,83.591,41.477,83.591,6469.637,173,1,H.264,6.262,0,0,82.615,83.630,1.000,47.466,5.276,arrival-gap-jitter-spike,43781.519,0,1,1,1,1,50251.156,287.585,314.331,318.999,318.999,0,0,0,0,0,0,0,,,0,0,0,0,0,0,0,0,0,0,,9.249,0.000,12.061,0.000,0.000,0.000,120.000,,0.001,1419,0.000,14.727,2.577,0.078,0.866,0.578,0.000,0.289,1,0,0,1,3,0.006,27.843,27.841,4.568,27.991,0.000,None,0,0,0,0.000,0,0,0,0,0.000,0.000,0.000,0,0,0,0,0,0,0,0
51.255,Baseline,Loopback,1,1,0,,,0.000,0,21,1449,28.386,28.389,29.201,8.459,9.870,0.143,0.167,5.357,0.006,0.001,42412,237,283,46,26,0,5,21,0,21,0,0,46,1444,1,0,0,0,0,5.000,0,0,0,0,0,0,0,0,0,0,0,0,0,0,0,0.000,0.000,0.000,,1443,1443,5098,0,1,28.740,82.615,29.871,83.630,0.000,0.000,1442,1442,2041,1465,0,0,10,90,1449,1,completed,completed,H.264,0,1,24,24,0,0,0,0,0,0,0,0,42643,23,0,0,0,0,0,8.295,3,5,21,21,14,7,0.101,1.155,2.119,0,0,29,0,29,0,3,0,0.375,0.625,1.000,1.000,0.000,25.000,0.000,0.000,0.000,insufficient-sample,9,12,0,0,7,10,10,34,2,2,0,0,34,predicted-useful,fec-grace,1548,0.000,9,29,0,0,0,0,0,89,90,89,90,1,2,1,2,0,0,0,loss,0,0.138,21.932,30.021,87,90,0,0,0,0,1,1,92,2,11,0,1,9500000,1200000,0,0,0,42599,42599,52140425,29,31714,4,4976,0,0,0,0,0,17.969,46.481,7908.375,4800.000,1356,42690,42407,237,283,46,0.006,0.106,0.175,1356,12000000,9490943,0.108,0.008,0.001,0.092,42690,10,8,34,1,9,0,0,0,0,0,0,0,1,0,4,459,90,90,0,0,0,0,0,,disabled,,0,0,0,0,,1,Fixed Quality,Hybrid,85,30,9500,12000,640,360,H.264,480,270,518400,28176,518400,28176,0.054,0.000,,0,0,0.000,1.987,0.000,0.000,0.073,7250,6750,6750,10,10,0,1,9500,1.000,0,17.969,10.225,0,1,0.000,0.000,0,0,0,0,0.103,0.897,0.000,1,0,0,disabled,24,0,0,large-au-observed,0,,0,0,17.829,23.727,0,,0.000,0.000,0.000,0.000,0,0,0,,0,0,0,5.412,0,1449,0.073,0.000,0.000,0.072,0.000,0.050,0.007,1,1,1,1,0,1,1,0,0,0,0,0,1.000,0.000,0.000,30,0,0.000,0,0,0,0.000,0.000,0.000,0.000,0.000,0.000,0.000,1.905,20.428,0,0,0,0,0,0,0,0,0.000,0.000,0.000,0.000,0.000,0.000,0,0.124,28.389,1442,1443,5098,29.704,83.591,41.477,83.591,6469.637,173,1,H.264,6.262,0,0,82.615,83.630,1.000,47.466,5.276,arrival-gap-jitter-spike,44785.265,0,1,1,1,1,51254.902,287.585,314.331,318.999,318.999,0,0,0,0,0,0,0,,,0,0,0,0,0,0,0,0,0,0,,9.387,0.000,12.286,0.000,0.000,0.000,120.000,,0.001,1449,0.000,16.473,4.054,0.082,0.284,0.001,0.000,0.283,1,0,0,1,3,0.006,28.386,28.389,5.357,29.201,0.500,Loss,0,0,0,0.000,0,0,0,0,0.000,0.000,0.000,0,0,0,0,0,0,0,0
52.258,Baseline,Loopback,1,1,0,,,0.000,0,21,1477,25.120,25.128,26.197,7.864,9.857,0.143,0.167,0.192,0.006,0.001,43220,241,290,49,30,0,5,25,0,25,0,0,49,1471,1,0,0,0,0,5.000,0,0,0,0,0,0,0,0,0,0,0,0,0,0,0,0.000,0.000,0.000,,1470,1470,5202,0,1,39.038,82.615,40.001,83.630,0.000,0.000,1469,1468,2089,1496,0,0,11,92,1477,1,completed,completed,H.264,0,1,24,24,0,0,0,0,0,0,0,0,43459,23,0,0,0,0,0,7.691,4,5,25,25,18,7,0.102,1.181,2.119,0,0,34,0,34,0,4,0,0.444,0.556,1.000,1.000,0.000,29.000,0.000,0.000,0.000,insufficient-sample,9,12,0,0,7,10,11,39,2,2,0,0,39,predicted-useful,fec-grace,1580,0.000,11,34,0,0,0,0,0,91,92,91,92,1,2,1,2,0,0,0,balanced,1,0.127,17.482,25.568,88,91,1,1,0,0,1,1,94,3,13,0,1,9500000,1200000,4,0,4,43414,43410,53133147,34,37312,4,4976,0,0,0,0,0,7.324,46.481,1149.812,4800.000,1382,43506,43216,241,290,49,0.006,0.013,0.013,1382,12000000,9279086,0.086,0.008,0.001,0.076,43506,11,9,39,1,10,0,0,0,0,0,0,0,1,0,4,472,92,92,0,0,0,0,0,,disabled,,0,0,0,0,,1,Fixed Quality,Hybrid,85,30,9500,12000,640,360,H.264,480,270,518400,28178,518400,28178,0.054,0.000,,0,0,0.000,2.276,0.000,0.000,0.277,7250,6750,6750,10,10,0,1,9500,1.000,0,13.874,10.301,1,1,0.000,0.000,0,0,0,0,0.118,0.882,0.000,1,0,0,disabled,24,0,0,large-au-observed,0,,0,0,17.601,23.729,0,,0.000,0.000,0.000,0.000,0,0,0,,0,0,0,5.954,0,1477,0.275,0.000,0.000,0.273,0.000,0.130,0.040,1,1,1,1,0,1,1,0,0,0,0,0,1.000,0.000,0.000,30,0,0.000,0,0,0,0.000,0.000,0.000,0.000,0.000,0.000,0.000,1.975,9.883,0,0,0,0,0,0,0,0,0.000,0.000,0.000,0.000,0.000,0.000,0,0.089,25.128,1469,1470,5202,40.016,83.591,41.477,83.591,6469.637,173,1,H.264,6.262,0,0,82.615,83.630,1.000,47.466,5.276,arrival-gap-jitter-spike,45788.665,0,1,1,1,1,52258.302,287.585,314.331,318.999,318.999,0,0,0,0,0,0,0,,,0,0,0,0,0,0,0,0,0,0,,9.337,0.000,12.104,3.351,0.000,15.196,120.000,,0.000,1476,0.000,15.385,3.100,0.071,0.965,0.675,0.000,0.290,1,0,0,1,3,0.006,25.120,25.128,0.192,26.197,0.500,Loss,0,1,0,0.000,2,1,1,0,0.000,0.000,0.000,0,0,0,0,0,0,0,0
53.265,Baseline,Loopback,1,1,0,,,0.000,0,21,1505,26.622,26.603,29.157,8.138,9.885,0.318,0.170,2.615,0.006,0.001,44059,249,298,49,30,0,5,25,0,25,0,0,49,1499,1,0,0,0,0,5.000,0,0,0,0,0,0,0,0,0,0,0,0,0,0,0,0.000,0.000,0.000,,1498,1498,5302,0,1,39.241,82.615,40.178,83.630,0.000,0.000,1497,1497,2156,1524,0,0,11,98,1505,1,completed,completed,H.264,0,1,24,24,0,0,0,0,0,0,0,0,44300,23,0,0,0,0,0,7.799,4,5,25,25,18,7,0.102,1.181,2.119,0,0,34,0,34,0,4,0,0.444,0.556,1.000,1.000,0.000,25.000,0.000,0.000,0.000,insufficient-sample,9,12,0,0,7,10,11,39,2,2,0,0,39,predicted-useful,fec-grace,1614,0.000,11,34,0,0,0,0,0,97,98,97,98,1,2,1,2,0,0,0,balanced,1,0.127,17.482,25.568,94,97,1,1,0,0,1,1,100,3,13,0,1,9500000,1200000,27,0,27,44284,44256,54169519,34,37312,4,4976,0,0,0,0,0,0.316,46.481,18482.562,4800.000,1408,44325,44027,249,298,49,0.006,0.138,0.158,1408,10611279,9111199,0.099,0.041,0.014,0.090,44325,11,9,39,1,10,0,0,0,0,0,0,0,1,0,4,505,98,98,0,0,0,0,0,,disabled,,0,0,0,0,,1,Fixed Quality,Hybrid,85,30,9500,12000,640,360,H.264,480,270,518400,28178,518400,28178,0.054,0.000,,0,0,0.000,1.861,0.000,0.000,0.064,7250,6750,6750,10,10,0,1,9500,1.000,0,15.471,10.415,1,1,0.000,0.000,0,0,0,0,0.118,0.882,0.000,1,0,0,disabled,24,0,0,large-au-observed,0,,0,0,17.365,23.729,0,,0.000,0.000,0.000,0.000,0,0,0,,0,0,0,5.594,0,1506,0.064,0.000,0.000,0.064,0.000,0.043,0.006,1,1,1,1,0,1,1,0,0,0,0,0,1.000,0.000,0.000,30,0,0.000,0,0,0,0.000,0.000,0.000,0.000,0.000,0.000,0.000,1.790,9.824,0,0,0,0,0,0,0,0,0.000,0.000,0.000,0.000,0.000,0.000,0,0.085,26.603,1497,1498,5302,40.454,83.591,41.477,83.591,6469.637,173,1,H.264,6.262,0,0,82.615,83.630,1.000,47.466,5.276,arrival-gap-jitter-spike,46795.448,0,1,1,1,1,53265.085,287.585,314.331,318.999,318.999,0,0,0,0,0,0,0,,,0,0,0,0,0,0,0,0,0,0,,11.311,0.000,14.067,0.000,0.000,0.000,120.000,,0.001,1505,0.000,17.787,3.627,0.072,0.786,0.495,0.000,0.291,1,0,0,1,3,0.006,26.622,26.603,2.615,29.157,0.500,Loss,0,1,0,0.000,3,1,1,0,0.000,0.000,0.000,0,0,0,0,0,0,0,0
54.266,Baseline,Loopback,1,1,0,,,0.000,0,21,1535,29.734,29.733,29.954,7.459,9.859,0.097,0.194,6.243,0.006,0.001,44972,253,302,49,30,0,5,25,0,25,0,0,49,1529,1,0,0,0,0,5.000,0,0,0,0,0,0,0,0,0,0,0,0,0,0,0,0.000,0.000,0.000,,1528,1528,5407,0,1,38.796,82.615,39.875,83.630,0.000,0.000,1527,1527,2192,1554,0,0,11,99,1535,1,completed,completed,H.264,0,1,24,24,0,0,0,0,0,0,0,0,45201,23,0,0,0,0,0,7.075,4,5,25,25,18,7,0.102,1.181,2.119,0,0,34,0,34,0,4,0,0.444,0.556,1.000,1.000,0.000,25.000,0.000,0.000,0.000,insufficient-sample,9,12,0,0,7,10,11,39,2,2,0,0,39,predicted-useful,fec-grace,1645,0.000,11,34,0,0,0,0,0,98,99,98,99,1,2,1,2,0,0,0,balanced,1,0.127,17.482,25.568,95,98,1,1,0,0,1,1,101,3,13,0,1,9500000,1200000,12,0,12,45184,45172,55291791,34,37312,4,4976,0,0,0,0,0,0.521,46.481,31.562,4800.000,1437,45252,44950,253,302,49,0.006,0.079,0.092,1437,12000000,9109414,0.096,-0.068,0.000,0.090,45252,11,9,39,1,10,0,0,0,0,0,0,0,1,0,4,510,99,99,0,0,0,0,0,,disabled,,0,0,0,0,,1,Fixed Quality,Hybrid,85,30,9500,12000,640,360,H.264,480,270,518400,28178,518400,28178,0.054,0.000,,0,0,0.000,1.900,0.000,0.000,0.088,7250,6750,6750,10,10,0,1,9500,1.000,0,15.380,10.530,1,1,0.000,0.000,0,0,0,0,0.118,0.882,0.000,1,0,0,disabled,24,0,0,large-au-observed,0,,0,0,17.179,23.729,0,,0.000,0.000,0.000,0.000,0,0,0,,0,0,0,5.879,0,1536,0.088,0.000,0.000,0.087,0.000,0.059,0.009,1,1,1,1,0,1,1,0,0,0,0,0,1.000,0.000,0.000,30,0,0.000,0,0,0,0.000,0.000,0.000,0.000,0.000,0.000,0.000,1.804,9.938,0,0,0,0,0,0,0,0,0.000,0.000,0.000,0.000,0.000,0.000,0,0.104,29.733,1527,1528,5407,39.893,83.591,41.477,83.591,6469.637,173,1,H.264,6.262,0,0,82.615,83.630,1.000,47.466,5.276,arrival-gap-jitter-spike,47796.949,0,1,1,1,1,54266.586,287.585,314.331,318.999,318.999,0,0,0,0,0,0,0,,,0,0,0,0,0,0,0,0,0,0,,9.028,0.000,12.114,0.000,0.000,0.000,120.000,,0.001,1535,0.000,15.288,3.066,0.085,0.280,0.001,0.000,0.280,1,0,0,1,3,0.006,29.734,29.733,6.243,29.954,0.500,Loss,0,1,0,0.000,4,1,1,0,0.000,0.000,0.000,0,0,0,0,0,0,0,0
55.272,Baseline,Loopback,1,1,0,,,0.000,0,21,1564,27.099,27.092,27.286,8.277,9.835,0.121,0.193,6.697,0.006,0.001,45815,259,308,49,30,0,5,25,0,25,0,0,49,1558,1,0,0,0,0,5.000,0,0,0,0,0,0,0,0,0,0,0,0,0,0,0,0.000,0.000,0.000,,1557,1557,5509,0,1,29.194,82.615,30.205,83.630,0.000,0.000,1556,1556,2226,1583,0,0,11,100,1564,1,completed,completed,H.264,0,1,24,24,0,0,0,0,0,0,0,0,46072,23,0,0,0,0,0,8.149,4,5,25,25,18,7,0.102,1.181,2.119,0,0,34,0,34,0,4,0,0.444,0.556,1.000,1.000,0.000,25.000,0.000,0.000,0.000,insufficient-sample,9,12,0,0,7,10,11,39,2,2,0,0,39,predicted-useful,fec-grace,1675,0.000,11,34,0,0,0,0,0,99,100,99,100,1,2,1,2,0,0,0,balanced,1,0.127,17.482,25.568,96,99,1,1,0,0,1,1,102,3,13,0,1,9500000,1200000,4,0,4,46024,46020,56330013,34,37312,4,4976,0,0,0,0,0,7.770,46.481,394.188,4800.000,1464,46115,45807,259,308,49,0.006,0.063,0.075,1464,12000000,9482244,0.127,0.024,0.001,0.091,46115,11,9,39,1,10,0,0,0,0,0,0,0,1,0,4,514,100,100,0,0,0,0,0,,disabled,,0,0,0,0,,1,Fixed Quality,Hybrid,85,30,9500,12000,640,360,H.264,480,270,518400,28176,518400,28176,0.054,0.000,,0,0,0.000,1.821,0.000,0.000,0.069,7250,6750,6750,10,10,0,1,9500,1.000,0,11.851,10.640,1,1,0.000,0.000,0,0,0,0,0.118,0.882,0.000,1,0,0,disabled,24,0,0,large-au-observed,0,,0,0,17.385,23.727,0,,0.000,0.000,0.000,0.000,0,0,0,,0,0,0,5.950,0,1564,0.069,0.000,0.000,0.068,0.000,0.048,0.006,1,1,1,1,0,1,1,0,0,0,0,0,1.000,0.000,0.000,30,0,0.000,0,0,0,0.000,0.000,0.000,0.000,0.000,0.000,0.000,1.745,10.075,0,0,0,0,0,0,0,0,0.000,0.000,0.000,0.000,0.000,0.000,0,0.082,27.092,1556,1557,5509,30.193,83.591,41.477,83.591,6469.637,173,1,H.264,6.262,0,0,82.615,83.630,1.000,47.466,5.276,arrival-gap-jitter-spike,48802.217,0,1,1,1,1,55271.854,287.585,314.331,318.999,318.999,0,0,0,0,0,0,0,,,0,0,0,0,0,0,0,0,0,0,,9.243,0.000,12.009,0.000,0.000,0.000,120.000,,0.000,1564,0.000,14.695,2.592,0.073,0.876,0.658,0.000,0.218,1,0,0,1,3,0.006,27.099,27.092,6.697,27.286,0.000,None,0,1,0,0.000,4,1,1,0,0.000,0.000,0.000,0,0,0,0,0,0,0,0
56.279,Baseline,Loopback,1,1,0,,,0.000,0,21,1592,27.198,27.203,27.995,8.030,9.838,0.107,0.192,6.806,0.006,0.001,46673,265,314,49,30,0,5,25,0,25,0,0,49,1586,1,0,0,0,0,5.000,0,0,0,0,0,0,0,0,0,0,0,0,0,0,0,0.000,0.000,0.000,,1585,1585,5613,0,1,28.814,82.615,29.962,83.630,0.000,0.000,1584,1584,2272,1611,0,0,11,103,1592,1,completed,completed,H.264,0,1,24,24,0,0,0,0,0,0,0,0,46913,23,0,0,0,0,0,7.705,4,5,25,25,18,7,0.102,1.181,2.119,0,0,34,0,34,0,4,0,0.444,0.556,1.000,1.000,0.000,25.000,0.000,0.000,0.000,insufficient-sample,9,12,0,0,7,10,11,39,2,2,0,0,39,predicted-useful,fec-grace,1706,0.000,11,34,0,0,0,0,0,102,103,102,103,1,2,1,2,0,0,0,balanced,1,0.127,17.482,25.568,99,102,1,1,0,0,1,1,105,3,13,0,1,9500000,1200000,11,0,11,46894,46883,57387535,34,37312,4,4976,0,0,0,0,0,0.493,46.481,946.438,4800.000,1491,46979,46665,265,314,49,0.006,0.082,0.075,1491,12000000,8951347,0.172,0.016,0.001,0.138,46979,11,9,39,1,10,0,0,0,0,0,0,0,1,0,4,529,103,103,0,0,0,0,0,,disabled,,0,0,0,0,,1,Fixed Quality,Hybrid,85,30,9500,12000,640,360,H.264,480,270,518400,28178,518400,28178,0.054,0.000,,0,0,0.000,2.071,0.000,0.000,0.121,7250,6750,6750,10,10,0,1,9500,1.000,0,15.650,10.775,1,1,0.000,0.000,0,0,0,0,0.118,0.882,0.000,1,0,0,disabled,24,0,0,large-au-observed,0,,0,0,17.598,23.729,0,,0.000,0.000,0.000,0.000,0,0,0,,0,0,0,6.192,0,1593,0.121,0.000,0.000,0.120,0.000,0.077,0.010,1,1,1,1,0,1,1,0,0,0,0,0,1.000,0.000,0.000,30,0,0.000,0,0,0,0.000,0.000,0.000,0.000,0.000,0.000,0.000,1.941,10.064,0,0,0,0,0,0,0,0,0.000,0.000,0.000,0.000,0.000,0.000,0,0.085,27.203,1584,1585,5613,29.939,83.591,41.477,83.591,6469.637,173,1,H.264,6.262,0,0,82.615,83.630,1.000,47.466,5.276,arrival-gap-jitter-spike,49809.333,0,1,1,1,1,56278.970,287.585,314.331,318.999,318.999,0,0,0,0,0,0,0,,,0,0,0,0,0,0,0,0,0,0,,9.519,0.000,12.295,0.000,0.000,0.000,120.000,,0.000,1592,0.000,15.527,3.144,0.071,0.842,0.531,0.000,0.311,1,0,0,1,3,0.006,27.198,27.203,6.806,27.995,0.500,Loss,0,1,0,0.000,3,1,1,0,0.000,0.000,0.000,0,0,0,0,0,0,0,0
57.284,Baseline,Loopback,1,1,0,,,0.000,0,21,1623,29.734,29.734,29.580,8.042,9.810,0.107,0.192,6.579,0.006,0.001,47577,267,316,49,30,0,5,25,0,25,0,0,49,1617,1,0,0,0,0,5.000,0,0,0,0,0,0,0,0,0,0,0,0,0,0,0,0.000,0.000,0.000,,1615,1615,5718,0,1,29.160,82.615,30.146,83.630,0.000,0.000,1614,1614,2303,1642,0,0,11,103,1623,1,completed,completed,H.264,0,1,24,24,0,0,0,0,0,0,0,0,47844,23,0,0,0,0,0,7.865,4,5,25,25,18,7,0.102,1.181,2.119,0,0,34,0,34,0,4,0,0.444,0.556,1.000,1.000,0.000,25.000,0.000,0.000,0.000,insufficient-sample,9,12,0,0,7,10,11,39,2,2,0,0,39,predicted-useful,fec-grace,1736,0.000,11,34,0,0,0,0,0,102,103,102,103,1,2,1,2,0,0,0,balanced,1,0.127,17.482,25.568,99,102,1,1,0,0,1,1,105,3,13,0,1,9500000,1200000,3,0,3,47794,47791,58499257,34,37312,4,4976,0,0,0,0,0,7.491,46.481,150.750,4800.000,1519,47874,47558,267,316,49,0.006,0.170,0.200,1519,12000000,9276049,0.138,0.016,0.000,0.133,47874,11,9,39,1,10,0,0,0,0,0,0,0,1,0,4,529,103,103,0,0,0,0,0,,disabled,,0,0,0,0,,1,Fixed Quality,Hybrid,85,30,9500,12000,640,360,H.264,480,270,518400,28178,518400,28178,0.054,0.000,,0,0,0.000,2.103,0.000,0.000,0.083,7250,6750,6750,10,10,0,1,9500,1.000,0,14.186,10.976,1,1,0.000,0.000,0,0,0,0,0.118,0.882,0.000,1,0,0,disabled,24,0,0,large-au-observed,0,,0,0,17.721,23.729,0,,0.000,0.000,0.000,0.000,0,0,0,,0,0,0,5.947,0,1623,0.083,0.000,0.000,0.082,0.000,0.058,0.008,1,1,1,1,0,1,1,0,0,0,0,0,1.000,0.000,0.000,30,0,0.000,0,0,0,0.000,0.000,0.000,0.000,0.000,0.000,0.000,2.008,10.185,0,0,0,0,0,0,0,0,0.000,0.000,0.000,0.000,0.000,0.000,0,0.135,29.735,1614,1615,5718,30.152,83.591,41.477,83.591,6469.637,173,1,H.264,6.262,0,0,82.615,83.630,1.000,47.466,5.276,arrival-gap-jitter-spike,50814.560,0,1,1,1,1,57284.197,287.585,314.331,318.999,318.999,0,0,0,0,0,0,0,,,0,0,0,0,0,0,0,0,0,0,,9.421,0.000,12.213,0.000,0.000,0.000,120.000,,0.001,1622,0.000,16.437,4.071,0.086,0.303,0.001,0.000,0.303,1,0,0,1,3,0.006,29.734,29.734,3.485,29.580,0.000,None,0,1,0,0.000,3,1,1,0,0.000,0.000,0.000,0,0,0,0,0,0,0,0
58.285,Baseline,Loopback,1,1,0,,,0.000,0,21,1653,28.677,28.669,27.904,8.346,9.791,0.095,0.191,5.058,0.006,0.001,48448,272,321,49,30,0,5,25,0,25,0,0,49,1646,1,0,0,0,0,5.000,0,0,0,0,0,0,0,0,0,0,0,0,0,0,0,0.000,0.000,0.000,,1645,1645,5817,0,1,38.910,82.615,39.930,83.630,0.000,0.000,1644,1643,2347,1671,0,0,11,106,1653,1,completed,completed,H.264,0,1,24,24,0,0,0,0,0,0,0,0,48715,23,0,0,0,0,0,8.116,4,5,25,25,18,7,0.102,1.181,2.119,0,0,34,0,34,0,4,0,0.444,0.556,1.000,1.000,0.000,25.000,0.000,0.000,0.000,insufficient-sample,9,12,0,0,7,10,11,39,2,2,0,0,39,predicted-useful,fec-grace,1768,0.000,11,34,0,0,0,0,0,104,106,104,106,1,2,1,2,0,0,0,balanced,1,0.127,17.482,25.568,101,105,1,1,0,0,1,1,108,3,14,0,1,9500000,1200000,1,0,1,48664,48663,59567383,34,37312,4,4976,0,0,0,0,0,9.631,46.481,356.625,4800.000,1547,48760,48439,272,321,49,0.006,0.088,0.062,1547,12000000,9149517,0.107,0.002,0.000,0.109,48760,11,9,39,1,10,0,0,0,0,0,0,0,1,0,4,541,106,106,0,0,0,0,0,,disabled,,0,0,0,0,,1,Fixed Quality,Hybrid,85,30,9500,12000,640,360,H.264,480,270,518400,28178,518400,28178,0.054,0.000,,0,0,0.000,1.965,0.000,0.000,0.074,7250,6750,6750,10,10,0,1,9500,1.000,0,13.985,11.103,1,1,0.000,0.000,0,0,0,0,0.118,0.882,0.000,1,0,0,disabled,24,0,0,large-au-observed,0,,0,0,17.623,23.729,0,,0.000,0.000,0.000,0.000,0,0,0,,0,0,0,5.816,0,1653,0.074,0.000,0.000,0.073,0.000,0.050,0.007,1,1,1,1,0,1,1,0,0,0,0,0,1.000,0.000,0.000,30,0,0.000,0,0,0,0.000,0.000,0.000,0.000,0.000,0.000,0.000,1.883,9.885,0,0,0,0,0,0,0,0,0.000,0.000,0.000,0.000,0.000,0.000,0,0.105,28.669,1644,1645,5817,39.890,83.591,41.477,83.591,6469.637,173,1,H.264,6.262,0,0,82.615,83.630,1.000,47.466,5.276,arrival-gap-jitter-spike,51815.929,0,1,1,1,1,58285.566,287.585,314.331,318.999,318.999,0,0,0,0,0,0,0,,,0,0,0,0,0,0,0,0,0,0,,9.358,0.000,12.193,0.513,0.000,12.732,120.000,,0.001,1652,0.000,16.678,4.355,0.075,0.760,0.477,0.000,0.283,1,0,0,1,3,0.006,28.677,28.669,5.058,27.904,0.000,None,0,1,0,0.000,6,2,2,0,0.000,0.000,0.000,0,0,0,0,0,0,0,0
