timeSec,scenarioName,networkRuntimeMode,networkModeSendingEnabled,networkModeReceivingEnabled,networkExperimentActive,networkExperimentScenarioName,networkExperimentAdaptiveMode,networkExperimentRemainingSec,networkExperimentStepIndex,networkExperimentStepCount,frameId,receiveFps,decodeFps,displayFps,currentLatencyMs,averageLatencyMs,currentRttMs,averageRttMs,currentJitterMs,packetLossRate,frameDropRate,receivedPackets,missingPackets,sequenceGapPackets,sequenceGapRecoveredPackets,duplicatePackets,duplicateOriginalPackets,duplicateRetransmitPackets,duplicateLateAfterCompletedPackets,duplicateLateAfterCompletedOriginalPackets,duplicateLateAfterCompletedRetransmitPackets,duplicateLateAfterExpiredPackets,duplicateLateAfterRejectedPackets,reorderedPackets,completedFrames,droppedFrames,deadlineDroppedFrames,outputQueueDroppedFrames,outputQueueDropEvents,outputQueueDropBurstEvents,startupWarmupSec,startupWarmupActive,outputQueueDroppedFramesDelta,outputQueueDropEventsDelta,outputQueueDropBurstEventsDelta,startupOutputQueueDroppedFrames,startupOutputQueueDropEvents,startupOutputQueueDropBurstEvents,steadyOutputQueueDroppedFrames,steadyOutputQueueDropEvents,steadyOutputQueueDropBurstEvents,evaluationOutputQueueDroppedFrames,evaluationOutputQueueDropEvents,evaluationOutputQueueDropBurstEvents,lastOutputQueueDropFrameCount,lastOutputQueueDropQueueSize,lastOutputQueueDropOldestAgeMs,lastOutputQueueDropNewestAgeMs,maxOutputQueueDropOldestAgeMs,lastOutputQueueDropReason,completedQueuePushes,completedQueuePops,completedQueueEmptyPolls,completedQueueSize,maxCompletedQueueSize,completedQueueLastPopAgeMs,completedQueueMaxPopAgeMs,completedQueueLastPushIntervalMs,completedQueueMaxPushIntervalMs,lastOutputQueueDropPopAgeMs,lastOutputQueueDropPushIntervalMs,decodedFrames,displayedFrames,frameRecoveryOutcomeEvents,frameRecoveryCompletedFrames,frameRecoveryExpiredFrames,frameRecoveryRejectedFrames,frameRecoveryNackSentFrames,frameRecoveryFecRecoveredFrames,frameRecoveryLastFrameId,frameRecoveryLastStreamId,frameRecoveryLastEvent,frameRecoveryLastOutcome,frameRecoveryLastCodec,frameRecoveryLastKeyFrame,frameRecoveryLastLargeFrame,frameRecoveryLastChunkCount,frameRecoveryLastReceivedChunks,frameRecoveryLastMissingChunks,frameRecoveryLastFecParityPackets,frameRecoveryLastFecRecoveredChunks,frameRecoveryLastNackCount,frameRecoveryLastPostNackReceivedChunks,frameRecoveryLastNackRequestedChunks,frameRecoveryLastRetransmitReceivedChunks,frameRecoveryLastRetransmitDuplicatePackets,frameRecoveryLastPacketSequence,frameRecoveryLastPacketChunkIndex,frameRecoveryLastRetransmitSequence,frameRecoveryLastRetransmitChunkIndex,frameRecoveryLastEventPacketSequence,frameRecoveryLastEventPacketChunkIndex,frameRecoveryLastEventWasRetransmit,frameRecoveryLastAgeMs,retransmitUsefulChunks,retransmitDuplicatePackets,retransmitLateAfterCompletedPackets,retransmitLateAfterCompletedLargePackets,retransmitLateAfterCompletedSentBeforeCompletePackets,retransmitLateAfterCompletedSentAfterCompletePackets,retransmitLateAfterCompletedAvgSendToCompleteMs,retransmitLateAfterCompletedAvgDelayMs,retransmitLateAfterCompletedMaxDelayMs,retransmitLateAfterExpiredPackets,retransmitLateAfterRejectedPackets,retransmitClassifiedPackets,retransmitNotArrivedPackets,retransmitAccountedPackets,retransmitUnclassifiedPackets,retransmitCompletedFrames,retransmitExpiredFrames,retransmitUsefulnessRatio,retransmitDuplicateRatio,retransmitFinalClassificationRatio,retransmitFinalAccountingRatio,retransmitExpiredAfterUsefulRatio,dynamicNackDeadlineMs,dynamicNackUsefulnessRatio,dynamicNackDuplicateRatio,dynamicNackExpiredAfterRetransmitRatio,dynamicNackDecisionReason,nackSuppressedFrames,nackSuppressedMissingChunks,nackPreflightSuppressedFrames,nackPreflightSuppressedChunks,nackFecGraceSuppressedFrames,nackFecGraceSuppressedChunks,nackPredictedUsefulFrames,nackPredictedUsefulChunks,nackDeferredForLikelyArrivalFrames,nackDeferredForLikelyArrivalChunks,nackSkippedTooLateFrames,nackSkippedTooLateChunks,nackRequestedChunkBudget,nackLastShapingReason,nackLastSuppressionReason,ackCount,lastAckMissingRate,ackRetransmittedFrames,ackRetransmittedChunks,repairCanceledByCompleteAckPackets,repairSkippedByTtlPackets,repairQueuedButCanceledPackets,repairSentAfterCompleteAckPackets,repairSentAfterCompleteAckLargePackets,repairSuppressedByFecLikelyFrames,repairSuppressedByFecLikelyPackets,repairSuppressedByFecLikelyLargeFrames,repairSuppressedByFecLikelyLargePackets,repairBudgetSuppressedFrames,repairBudgetSuppressedPackets,repairBudgetSuppressedLargeFrames,repairBudgetSuppressedLargePackets,repairRaceGuardSuppressedFrames,repairRaceGuardSuppressedPackets,repairRaceGuardSuppressedLargePackets,repairBudgetProfile,repairBudgetProfileSwitches,repairBudgetSmoothedMissingRate,repairBudgetSmoothedPacingQueueDelayMs,repairBudgetSmoothedDeliveryMs,repairFecLikelySuppressedCompletedFrames,repairFecLikelySuppressedCompletedPackets,repairFecLikelySuppressedExpiredFrames,repairFecLikelySuppressedExpiredPackets,repairFecLikelySuppressedPendingFrames,repairFecLikelySuppressedPendingPackets,repairFecLikelySuppressionRescueFrames,repairFecLikelySuppressionRescuePackets,h264KeyTinyMissingCriticalFrames,h264KeyTinyMissingCriticalPackets,h264KeyTinyMissingCriticalSentPackets,h264KeyTinyMissingCriticalSkippedPackets,h264KeyTinyMissingCriticalLastFrameId,h264KeyTinyMissingCriticalLastAckMissingChunks,h264KeyTinyMissingCriticalLastRequestedChunks,h264KeyTinyMissingCriticalLastEvent,h264KeySmallMissingAckFrames,h264KeySmallMissingAckMissingChunks,h264KeySmallMissingAckHistoryMissingFrames,h264KeySmallMissingAckStaleFrameLagFrames,h264KeySmallMissingAckStaleAgeFrames,h264KeySmallMissingAckRetransmitBudgetExhaustedFrames,h264KeySmallMissingAckDynamicBudgetSuppressedFrames,h264KeySmallMissingAckDynamicBudgetSuppressedPackets,h264KeySmallMissingAckSelectedRepairFrames,h264KeySmallMissingAckSelectedRepairPackets,h264KeySelectedRepair1To2Frames,h264KeySelectedRepair1To2Packets,h264KeySelectedRepair3To4Frames,h264KeySelectedRepair3To4Packets,h264KeySmallMissingAckLastFrameId,h264KeySmallMissingAckLastMissingChunks,h264KeySmallMissingAckLastGate,h264KeyRepair1To2CompletedFrames,h264KeyRepair1To2ExpiredFrames,h264KeyRepair1To2ArrivedPackets,h264KeyRepair1To2DuplicatePackets,h264KeyRepair1To2LateCompletedPackets,h264KeyRepair1To2LateExpiredPackets,h264KeyRepair1To2LateRejectedPackets,h264KeyRepair3To4CompletedFrames,h264KeyRepair3To4ExpiredFrames,h264KeyRepair3To4ArrivedPackets,h264KeyRepair3To4DuplicatePackets,h264KeyRepair3To4LateCompletedPackets,h264KeyRepair3To4LateExpiredPackets,h264KeyRepair3To4LateRejectedPackets,lateRepairSavedPackets,ackStaleDroppedFrames,ackKeyFrameRequests,ackKeyFramePending,pacingEnabled,pacingTargetBitrateBps,pacingRepairTargetBitrateBps,pacingQueuedPackets,pacingHighPriorityQueuedPackets,pacingNormalQueuedPackets,pacingEnqueuedPackets,pacingSentPackets,pacingSentBytes,pacingRepairSentPackets,pacingRepairSentBytes,pacingRepairBorrowedPackets,pacingRepairBorrowedBytes,pacingDroppedPackets,pacingDeadlineDroppedPackets,pacingHighPriorityDeadlineDroppedPackets,pacingNormalDeadlineDroppedPackets,pacingOverflowDroppedPackets,pacingCurrentQueueDelayMs,pacingMaxQueueDelayMs,pacingVideoCreditBytes,pacingRepairCreditBytes,transportFeedbackPackets,transportFeedbackPacketStatuses,transportFeedbackReceivedPackets,transportFeedbackMissingPackets,transportFeedbackSequenceGapPackets,transportFeedbackSequenceGapRecoveredPackets,transportFeedbackLossRate,transportFeedbackArrivalJitterMs,transportFeedbackQueueDelayTrendMs,transportFeedbackLastSequence,estimatedBandwidthBps,deliveryRateBps,bandwidthQueueDelayMs,bandwidthRttTrendMs,bandwidthLossTrend,bandwidthJitterTrendMs,bandwidthFeedbackSamples,deadlineNackSentFrames,deadlineNackRecoveredFrames,deadlineNackMissingChunks,deadlineNackSentH264KeyFrames,deadlineNackSentH264LargeFrames,deadlineNackSentH264DeltaFrames,deadlineNackExpiredDroppedFrames,deadlineNackExpiredAfterNackFrames,deadlineNackExpiredMissingChunks,deadlineNackExpiredH264KeyFrames,deadlineNackExpiredH264KeyMissingChunks,deadlineNackLastExpiredH264KeyMissingChunks,deadlineNackExpiredH264KeyMissingChunks1,deadlineNackExpiredH264KeyMissingChunks2To4,deadlineNackExpiredH264KeyMissingChunks5To8,deadlineNackExpiredH264KeyMissingChunks9To16,deadlineNackExpiredH264KeyMissingChunks17Plus,h264KeySmallMissingDeadlineRescueFrames,h264KeySmallMissingDeadlineRescueMissingChunks,h264KeySmallMissingDeadlineRescueCompletedFrames,h264KeySmallMissingDeadlineRescueRejectedFrames,h264KeySmallMissingDeadlineRescueExpiredFrames,h264KeySmallMissingDeadlineRescueCompletedMissingChunks,h264KeySmallMissingDeadlineRescueExpiredMissingChunks,deadlineNackExpiredH264LargeFrames,deadlineNackExpiredH264DeltaFrames,fecEnabled,adaptiveFecEnabled,fecGroupChunkCount,fecParityPackets,fecRecoveredFrames,fecRecoveredChunks,h264ReassemblerAuRejectedFrames,h264ReassemblerHeaderFailures,h264ReassemblerPayloadSizeMismatches,h264ReassemblerFrameIdMismatches,h264ReassemblerCrcMismatches,h264ReassemblerLastRejectReason,adaptiveFecDecisionReason,adaptiveFecHoldReason,adaptiveFecG8ToG4Recovery,adaptiveFecQualityHoldActive,adaptiveFecQualityHoldCanceled,adaptiveFecEmergencyG2Active,adaptiveFecEarlyOffReason,adaptiveEnabled,adaptiveControlMode,adaptiveCongestionControlMode,targetJpegQuality,targetFps,targetBitrateKbps,adaptiveBandwidthCeilingKbps,targetWidth,targetHeight,actualCodec,actualEncodeWidth,actualEncodeHeight,actualRawFrameBytes,actualEncodedFrameBytes,rawFrameBytes,encodedFrameBytes,compressionRatio,captureFps,cameraCaptureSubtype,cameraCaptureWidth,cameraCaptureHeight,cameraCaptureFormatFps,encodeMs,resizeMs,nv12PrepareMs,h264EncodeMs,h264EncoderRequestedBitrateKbps,h264EncoderTargetBitrateKbps,h264EncoderAppliedBitrateKbps,h264DynamicBitrateUpdateRequests,h264DynamicBitrateUpdateSuccesses,h264DynamicBitrateUpdateFailures,h264EncoderReinitializations,pacingBudgetTargetBitrateKbps,h264VideoBudgetScale,pacingBurstGuardActive,fixedPacingRecentMaxQueueDelayMs,fixedPacingQueueReleaseStableSec,fixedPacingQueueRecovered,fixedPacingQueueReleaseEligible,adaptiveRepairBudgetUtilization,adaptiveRepairBorrowedRatio,adaptiveRepairSentBytesDelta,adaptiveRepairBorrowedBytesDelta,adaptiveRepairBudgetGuardActive,adaptiveRepairVideoBudgetPressure,adaptiveRetransmitUsefulRatio,adaptiveLateRepairWasteRatio,adaptiveRetransmitNotArrivedRatio,adaptiveRetransmitAccountingComplete,adaptiveLateRepairWastePressure,adaptiveRetransmitNotArrivedPressure,adaptiveRepairDecisionReason,h264AuChunkCount,h264AuIsIdr,h264AuIsDecoderSync,h264RequestedKeyFrameConsumedFrames,h264EncoderKeyFrameRequests,h264RecoveryKeyFrameRequests,h264AwaitingSyncKeyFrameRequests,h264PeriodicIdrRequests,h264IdrFrames,h264DecoderSyncFrames,h264ConsecutiveIdrFrames,h264MaxConsecutiveIdrFrames,h264AuProtectionLevel,h264AuDroppedBeforeSend,h264AuDropReason,h264AuDroppedBytes,h264AuDroppedChunks,h264AuPacingQueueDelayMs,h264AuEstimatedSendMs,h264InputGatedByPacing,h264InputGateReason,h264InputGateQueueDelayMs,h264InputGateVideoCreditBytes,h264InputGateFrameBudgetBytes,h264InputGateDurationMs,h264InputGateConsecutiveFrames,h264InputGateSkippedInputFrames,h264InputGateForcedOpen,h264InputGateReleaseReason,fecProtectedH264KeyFrames,fecProtectedH264LargeFrames,h264EncoderDelayFrames,h264EncoderDelayMs,h264EncoderPendingFrames,h264EncodedInputFrameId,h264EncoderCallMs,h264EncoderSampleCreateMs,h264EncoderProcessInputMs,h264EncoderPreInputPollMs,h264EncoderPostInputWaitMs,h264EncoderProcessOutputMs,h264EncoderOutputCopyMs,h264EncoderProcessOutputAttempts,h264EncoderAsyncEventCount,h264EncoderHardware,h264EncoderAsync,h264EncoderNeedInputSignaled,h264EncoderOutputProduced,h264EncoderOutputProducedBeforeInput,h264SubmittedNewInput,h264AsyncSubmittedWithoutOutput,h264AsyncPendingNoOutput,h264AsyncCadenceHoldActive,h264AsyncPendingNoOutputStreak,h264AsyncCadenceScale,h264AsyncCadenceHoldRemainingMs,h264AsyncOutputPollBackoffMs,h264InputCadenceFps,h264NeedInputSubmitWake,h264NeedInputSubmitLeadMs,encodedCameraFrameId,encodedCameraSourceTimestamp100ns,encodedCameraCaptureCompletedTimeUs,encodedCameraFrameAgeMs,encodedCameraReadSampleMs,encodedCameraReadSampleEndToCaptureMs,encodedCameraCaptureToPublishMs,encodedCameraPublishToAcquireMs,encodedCameraAcquireToEncoderInputMs,jpegEncodeMs,packetizeMs,sendFrameIntervalMs,cameraFrameReady,cameraFrameId,cameraSourceTimestamp100ns,cameraReadSampleStartTimeUs,cameraReadSampleEndTimeUs,cameraCaptureCompletedTimeUs,cameraFramePublishedTimeUs,cameraSenderAcquireTimeUs,cameraReadSampleMs,cameraReadSampleEndToCaptureMs,cameraCaptureToPublishMs,cameraPublishToAcquireMs,cameraAcquireToSendMs,cameraFrameAgeMs,cameraFrameCacheUsed,receiveJpegDecodeMs,receiveDecodeWorkerFps,receiveDecodeWorkerFrames,receiveDecodePopSuccesses,receiveDecodePopEmptyPolls,receiveDecodeLoopLastPopGapMs,receiveDecodeLoopMaxPopGapMs,receiveStartupDecodeLoopMaxPopGapMs,receiveSteadyDecodeLoopMaxPopGapMs,receiveSteadyDecodeLoopMaxPopGapAtMs,receiveSteadyDecodeLoopMaxPopGapFrameId,receiveSteadyDecodeLoopMaxPopGapStreamId,receiveSteadyDecodeLoopMaxPopGapCodec,receiveSteadyDecodeLoopMaxPopGapInputFrameAgeMs,receiveSteadyDecodeLoopMaxPopGapDecodedQueueSize,receiveSteadyDecodeLoopMaxPopGapCompletedQueueSize,receiveSteadyDecodeLoopMaxPopGapCompletedQueuePopAgeMs,receiveSteadyDecodeLoopMaxPopGapCompletedQueuePushIntervalMs,receiveSteadyDecodeLoopMaxPopGapArrivalRatio,receiveSteadyDecodeLoopMaxPopGapReceiverJitterMs,receiveSteadyDecodeLoopMaxPopGapReceiverLatencyMs,receiveSteadyDecodeLoopMaxPopGapClass,receiveSteadyDecodeLoopMaxPopGapAgeMs,receiveH264StartupActive,receiveH264StartupDecoderSynced,receiveH264StartupFirstDecoded,receiveH264StartupFirstDisplayed,receiveH264StartupReady,receiveH264StartupElapsedMs,receiveH264StartupDecoderSyncMs,receiveH264StartupFirstDecodedMs,receiveH264StartupFirstDisplayedMs,receiveH264StartupReadyMs,receiveH264StartupQueueFlushFrames,receiveDecodeOverwrittenFrames,receiveDecodeQueueDroppedFrames,receiveDecodeRenderOverwriteFrames,receiveDecodeFailures,receiveFreshnessDroppedFrames,receiveFreshnessDroppedFramesDelta,receiveFreshnessDropClass,receiveFreshnessDropEvidence,receiveLastFreshnessDropAgeMs,receiveMaxFreshnessDropAgeMs,receiveLastFreshnessDropFrameId,receiveLastFreshnessDropStreamId,receiveLastFreshnessDropCodec,receiveH264AuInvalidFrames,receiveH264AuCrcMismatches,receiveH264AuPayloadSizeMismatches,receiveH264AuNalCountMismatches,receiveH264AuNoAnnexBNals,receiveH264AuIdrFlagMismatches,receiveH264AuSpsPpsFlagMismatches,receiveH264AuSyncWithoutIdr,receiveH264AuIdrWithoutSpsPps,receiveH264AuForbiddenZeroBit,receiveH264AuLastInvalidReason,receiveDecodeInputFrameAgeMs,receiveDecodeInputCameraFrameAgeMs,receiveDecodeInputEncoderOutputAgeMs,receiveLatestDecodedFrameAgeMs,receiveLatestDecodedCameraFrameAgeMs,receiveLatestDecodedEncoderOutputAgeMs,receiveFreshnessDropThresholdMs,receiveDecodeLastDropReason,receiveUploadBufferWaitMs,receiveDisplayFrameId,receiveDisplayCameraFrameAgeMs,receiveDisplayEncoderOutputAgeMs,receiveDisplayDecodedFrameAgeMs,textureUploadMs,presentGpuWaitMs,renderFramePacingWaitMs,waitableSwapChainWaitMs,presentMs,presentSyncInterval,lowLatencyPresentMode,waitableSwapChainPacingEnabled,waitableSwapChainAvailable,swapChainBufferCount,adaptiveInputPacketLossRate,adaptiveInputReceiveFps,adaptiveInputDecodeFps,adaptiveInputJitterMs,adaptiveInputDisplayFps,adaptiveQoeScore,adaptiveDegradationCause,adaptiveArrivalGapJitterSpikeActive,adaptiveFecRecoveryWorking,adaptiveFecGuardActive,adaptiveFecRecoveryEfficiency,adaptiveFecParityPacketDelta,adaptiveFecRecoveredFrameDelta,adaptiveFecRecoveredChunkDelta,simEnabled,simLossRate,simDuplicateRate,simReorderRate,simMinDelayMs,simMaxDelayMs,simBurstLossLength,simSubmittedPackets,simSentPackets,simDroppedPackets,simDuplicatedPackets,simReorderedPackets
0.194,Custom_loss6_delay0-100_dup0_reorder6_burst0,Loopback,1,1,0,,,0.000,0,21,0,0.000,0.000,0.000,0.000,0.000,0.000,0.000,0.000,0.000,0.000,0,0,0,0,0,0,0,0,0,0,0,0,0,0,0,0,0,0,0,5.000,1,0,0,0,0,0,0,0,0,0,0,0,0,0,0,0.000,0.000,0.000,,0,0,22,0,0,0.000,0.000,0.000,0.000,0.000,0.000,0,0,0,0,0,0,0,0,0,0,,,,0,0,0,0,0,0,0,0,0,0,0,0,0,0,0,0,0,0,0,0.000,0,0,0,0,0,0,0.000,0.000,0.000,0,0,0,0,0,0,0,0,0.000,0.000,0.000,0.000,0.000,0.000,0.000,0.000,0.000,,0,0,0,0,0,0,0,0,0,0,0,0,0,,,0,0.000,0,0,0,0,0,0,0,0,0,0,0,0,0,0,0,0,0,0,balanced,0,0.000,0.000,0.000,0,0,0,0,0,0,0,0,0,0,0,0,0,0,0,,0,0,0,0,0,0,0,0,0,0,0,0,0,0,0,0,,0,0,0,0,0,0,0,0,0,0,0,0,0,0,0,0,0,0,1,9500000,1200000,0,0,0,0,0,0,0,0,0,0,0,0,0,0,0,0.000,0.000,3750.000,4800.000,0,0,0,0,0,0,0.000,0.000,0.000,0,6000000,0,0.000,0.000,0.000,0.000,0,0,0,0,0,0,0,0,0,0,0,0,0,0,0,0,0,0,0,0,0,0,0,0,0,0,0,1,0,4,0,0,0,0,0,0,0,0,,disabled,,0,0,0,0,,1,Fixed Quality,Hybrid,85,30,9500,12000,640,360,,0,0,0,0,0,0,0.000,0.000,,0,0,0.000,0.000,0.000,0.000,0.000,0,0,0,0,0,0,0,0,1.000,0,0.000,0.000,1,0,0.000,0.000,0,0,0,0,0.000,0.000,0.000,0,0,0,disabled,0,0,0,0,0,0,0,0,0,0,0,0,,0,,0,0,0.000,0.000,0,,0.000,0.000,0.000,0.000,0,0,0,,0,0,0,0.000,0,0,0.000,0.000,0.000,0.000,0.000,0.000,0.000,0,0,0,0,0,0,0,0,0,0,0,0,1.000,0.000,0.000,0,0,0.000,0,0,0,0.000,0.000,0.000,0.000,0.000,0.000,0.000,0.000,0.000,0,0,0,0,0,0,0,0,0.000,0.000,0.000,0.000,0.000,0.000,0,0.000,0.000,0,0,22,0.000,0.000,0.000,0.000,0.000,0,0,,0.000,0,0,0.000,0.000,0.000,0.000,0.000,,-1.000,1,0,0,0,0,194.215,0.000,0.000,0.000,0.000,0,0,0,0,0,0,0,,,0.000,0.000,0,0,,0,0,0,0,0,0,0,0,0,0,,0.000,0.000,0.000,0.000,0.000,0.000,120.000,,0.000,0,0.000,0.000,0.000,0.000,0.000,0.000,0.000,0.000,1,0,0,1,3,0.000,0.000,0.000,0.000,0.000,0.000,None,0,0,0,0.000,0,0,0,1,0.060,0.000,0.060,0,100,0,0,0,0,0,0
1.196,Custom_loss6_delay0-100_dup0_reorder6_burst0,Loopback,1,1,0,,,0.000,0,21,18,19.013,14.143,14.011,101.240,75.882,0.000,0.000,18.502,0.180,0.235,309,68,316,248,45,22,4,15,12,3,4,0,249,13,4,0,0,0,0,5.000,1,0,0,0,0,0,0,0,0,0,0,0,0,0,0,0.000,0.000,0.000,,13,13,114,0,1,33.153,155.118,34.094,155.402,0.000,0.000,10,10,182,16,4,0,37,47,20,1,fec-recovered,pending,H.264,0,1,26,22,4,5,4,3,11,37,0,0,311,23,0,0,0,0,0,85.289,2,4,3,1,3,0,46.156,42.870,64.196,0,0,9,2,11,0,3,0,0.333,0.667,0.818,1.000,0.000,29.000,0.000,0.000,0.000,insufficient-sample,15,131,0,0,12,125,37,330,3,6,0,0,330,predicted-useful,fec-grace,67,0.654,5,11,0,0,0,0,0,0,0,0,0,1,15,1,15,0,0,0,jitter-ack-loss,0,0.736,0.234,108.234,0,0,0,0,0,0,0,0,3,5,5,0,4,2,2,sent,13,21,0,0,8,1,0,0,4,8,3,5,1,3,4,1,stale-age,0,0,0,0,2,0,0,1,0,2,0,0,0,0,15,43,4,0,1,9500000,1200000,1,0,1,386,385,461045,16,17189,1,1252,0,0,0,0,0,13.836,27.498,149.750,4800.000,23,597,291,152,306,154,0.343,21.951,2.976,23,7345041,12252960,2.713,0.000,0.515,20.162,597,37,8,330,17,19,1,4,3,9,0,0,0,0,0,0,0,0,0,0,0,0,0,0,0,2,2,1,0,4,57,47,47,0,0,0,0,0,,disabled,,0,0,0,0,,1,Fixed Quality,Hybrid,85,30,9500,12000,640,360,H.264,480,270,518400,0,518400,30264,0.058,0.000,,0,0,0.000,4.771,0.000,4.066,0.675,7250,7250,7250,0,0,0,1,9500,1.000,0,19.788,0.000,0,0,0.000,0.000,0,0,0,0,0.182,0.636,0.182,1,0,0,disabled,0,0,0,2,8,2,6,0,6,6,0,4,async-output-pending,0,,0,0,0.000,0.000,0,,13.477,7153.938,39583.333,0.000,0,0,0,,1,0,0,0.000,1,0,0.662,0.192,0.469,0.000,0.000,0.000,0.000,0,0,1,1,1,0,0,1,1,0,0,0,1.000,0.000,0.000,30,0,0.000,0,0,0,0.000,0.000,0.000,0.000,0.000,0.000,0.000,0.000,16.040,0,0,0,0,0,0,0,0,0.000,0.000,0.000,0.000,0.000,0.000,0,0.319,14.143,10,13,114,34.524,156.238,14.811,156.238,947.811,13,1,H.264,94.400,0,0,155.118,155.402,0.995,363.933,93.270,arrival-gap-jitter-spike,248.208,0,1,1,1,1,1196.019,531.198,532.163,532.259,532.259,0,0,2,0,0,0,0,,,0.000,0.000,0,0,,0,0,0,0,0,0,0,0,0,0,,87.845,0.000,89.813,0.000,0.000,0.000,130.620,h264-decoder-buffering,0.001,18,0.000,92.345,3.238,0.089,0.338,0.001,0.000,0.337,1,0,0,1,3,0.183,19.013,14.143,18.502,14.011,1.000,RecoveryDeadline,1,1,0,2.000,1,2,2,1,0.060,0.000,0.060,0,100,0,386,316,27,0,19
2.196,Custom_loss6_delay0-100_dup0_reorder6_burst0,Loopback,1,1,0,,,0.000,0,21,47,21.080,21.018,20.950,97.836,92.431,21.719,21.719,16.112,0.094,0.304,1194,124,1153,1029,146,83,10,42,36,6,11,0,1030,32,14,0,0,0,0,5.000,1,0,0,0,0,0,0,0,0,0,0,0,0,0,0,0.000,0.000,0.000,,32,32,204,0,1,30.088,155.118,31.326,155.402,0.000,0.000,29,29,624,38,14,0,118,166,48,1,fec-parity,pending,H.264,0,1,26,23,3,5,4,2,8,23,0,0,1233,4,0,0,0,0,0,85.894,9,10,6,4,6,0,60.953,27.665,64.196,0,0,25,2,27,0,9,0,0.474,0.526,0.926,1.000,0.000,31.000,0.000,1.000,0.000,insufficient-sample,44,485,0,0,35,472,118,1298,9,13,0,0,1298,predicted-useful,fec-grace,194,0.192,10,27,0,0,0,0,0,1,1,1,1,6,103,6,103,0,0,0,pacing,1,0.782,10.779,118.779,0,0,1,1,0,0,0,0,3,5,5,0,4,2,2,sent,14,23,0,0,9,1,0,0,4,8,3,5,1,3,45,2,stale-age,0,0,0,0,3,0,0,1,0,2,0,0,0,0,104,144,8,0,1,9500000,1200000,0,0,0,1326,1326,1607017,65,77265,34,42360,0,0,0,0,0,18.300,37.330,1567.250,4800.000,71,2332,1186,575,1146,571,0.327,24.781,0.074,71,7257716,11048927,0.536,0.000,0.449,17.012,2332,118,27,1298,29,88,1,14,13,28,0,0,0,0,0,0,0,0,0,0,0,0,0,0,0,12,2,1,0,4,225,166,166,0,0,0,0,0,,disabled,,0,0,0,0,,1,Fixed Quality,Hybrid,85,30,9500,12000,640,360,H.264,480,270,518400,30264,518400,30264,0.058,0.000,,0,0,0.000,2.046,0.000,0.000,0.082,7250,7250,7250,0,0,0,1,9500,1.000,0,20.041,0.000,0,0,0.000,0.000,0,0,0,0,0.333,0.593,0.074,1,0,0,disabled,26,0,0,5,12,5,7,0,10,10,0,4,large-au-observed,0,,0,0,25.276,25.485,0,,0.000,0.000,0.000,0.000,0,0,0,,2,0,0,5.361,0,50,0.082,0.000,0.000,0.082,0.000,0.054,0.009,1,1,1,1,0,1,1,0,0,0,0,0,1.000,0.000,0.000,30,0,0.000,0,0,0,0.000,0.000,0.000,0.000,0.000,0.000,0.000,1.953,20.335,0,0,0,0,0,0,0,0,0.000,0.000,0.000,0.000,0.000,0.000,0,0.431,21.018,29,32,204,31.145,156.238,14.811,156.238,947.811,13,1,H.264,94.400,0,0,155.118,155.402,0.995,363.933,93.270,arrival-gap-jitter-spike,1248.618,0,1,1,1,1,2196.429,531.198,532.163,532.259,532.259,0,0,2,0,0,0,0,,,0.000,0.000,0,0,,0,0,0,0,0,0,0,0,0,0,,101.104,0.000,104.346,0.000,0.000,0.000,128.918,h264-decoder-buffering,0.001,47,0.000,110.453,5.630,0.083,0.313,0.001,0.000,0.313,1,0,0,1,3,0.094,21.080,21.018,16.112,20.950,1.000,RecoveryDeadline,1,1,0,2.000,1,2,2,1,0.060,0.000,0.060,0,100,0,1328,1197,85,0,70
3.202,Custom_loss6_delay0-100_dup0_reorder6_burst0,Loopback,1,1,0,,,0.000,0,21,76,23.865,23.916,24.063,101.429,96.981,21.719,21.719,28.009,0.083,0.311,2090,189,2008,1819,256,150,13,74,67,7,19,0,1820,51,23,0,0,0,0,5.000,1,0,0,0,0,0,0,0,0,0,0,0,0,0,0,0.000,0.000,0.000,,51,51,304,0,1,68.870,162.818,69.911,163.789,0.000,0.000,48,48,1072,58,23,0,196,297,78,1,nack-deferred-likely-arrival,pending,H.264,0,1,26,24,2,5,3,2,11,24,0,0,2200,7,0,0,0,0,0,91.451,11,13,7,5,7,0,62.439,26.784,64.196,0,0,31,5,36,0,10,0,0.458,0.542,0.861,1.000,0.000,33.000,0.000,0.000,0.000,insufficient-sample,81,922,0,0,60,890,196,2163,21,32,0,0,2163,deferred-likely-arrival,likely-arrival,316,0.769,13,36,0,0,0,0,0,1,1,1,1,9,148,9,148,0,0,0,pacing,1,0.722,5.444,113.444,0,0,1,1,0,0,0,0,3,5,5,0,4,2,2,sent,14,23,0,0,9,1,0,0,4,8,3,5,1,3,45,2,stale-age,0,0,0,0,3,0,0,1,0,2,0,0,0,0,149,242,12,0,1,9500000,1200000,0,0,0,2292,2292,2783201,107,128633,61,75996,0,0,0,0,0,18.211,37.330,2393.875,4800.000,121,4086,2082,1052,2004,952,0.336,6.226,0.767,121,5312655,8407186,1.150,0.000,0.484,6.109,4086,196,46,2163,41,154,1,23,22,43,0,0,0,0,0,0,0,0,0,0,0,0,0,0,0,21,2,1,0,4,393,297,297,0,0,0,0,0,,disabled,,0,0,0,0,,1,Fixed Quality,Hybrid,85,30,9500,12000,640,360,H.264,480,270,518400,0,518400,30264,0.058,0.000,,0,0,0.000,4.592,0.000,3.848,0.722,7250,7250,7250,0,0,0,1,9500,1.000,0,18.211,0.000,0,0,0.000,0.000,0,0,0,0,0.306,0.556,0.139,1,0,0,disabled,0,0,0,7,18,7,10,1,14,14,0,4,async-output-pending,0,,0,0,0.000,0.000,0,,18.020,10842.438,39583.333,0.000,0,0,0,,3,0,0,0.000,1,0,0.712,0.195,0.515,0.000,0.000,0.000,0.000,0,0,1,1,1,0,0,1,1,0,0,0,1.000,0.000,0.000,30,0,0.000,0,0,0,0.000,0.000,0.000,0.000,0.000,0.000,0.000,0.000,10.425,0,0,0,0,0,0,0,0,0.000,0.000,0.000,0.000,0.000,0.000,0,0.433,23.916,48,51,305,70.144,163.880,14.811,163.880,2899.733,69,1,H.264,96.722,0,0,162.818,163.789,0.999,121.887,95.648,arrival-gap-jitter-spike,302.693,0,1,1,1,1,3202.426,531.198,532.163,532.259,532.259,0,0,2,0,0,0,0,,,0.000,0.000,0,0,,0,0,0,0,0,0,0,0,0,0,,100.997,0.000,104.247,0.000,0.000,0.000,130.714,h264-decoder-buffering,0.001,76,0.000,109.009,4.274,0.123,0.263,0.001,0.000,0.263,1,0,0,1,3,0.083,23.865,23.916,28.009,24.063,1.000,Jitter,1,1,0,0.000,2,1,1,1,0.060,0.000,0.060,0,100,0,2295,2096,153,0,120
4.209,Custom_loss6_delay0-100_dup0_reorder6_burst0,Loopback,1,1,0,,,0.000,0,21,106,22.776,22.784,22.780,121.123,101.580,21.719,21.719,23.227,0.074,0.272,2992,238,2851,2613,379,240,20,94,85,9,25,0,2614,75,28,0,0,0,0,5.000,1,0,0,0,0,0,0,0,0,0,0,0,0,0,0,0.000,0.000,0.000,,75,75,395,0,1,19.617,162.818,20.679,163.789,0.000,0.000,72,72,1538,84,28,0,278,438,107,1,fec-parity,pending,H.264,0,1,26,25,1,5,3,3,12,25,0,0,3143,13,0,0,0,0,0,99.723,14,20,9,7,9,0,65.580,25.232,64.196,0,0,43,5,48,0,15,0,0.412,0.588,0.896,1.000,0.000,35.000,0.000,0.000,0.000,insufficient-sample,113,1353,0,0,84,1308,278,3121,29,45,0,0,3121,predicted-useful,likely-arrival,448,0.038,17,48,0,0,0,0,0,1,1,1,1,13,222,13,222,0,0,0,pacing,1,0.780,8.402,116.402,0,0,1,1,0,0,0,0,3,5,5,0,4,2,2,sent,15,24,0,0,10,1,0,0,4,8,3,5,1,3,91,1,stale-age,0,0,0,0,3,0,0,1,0,2,0,0,0,0,223,345,16,0,1,9500000,1200000,19,0,19,3261,3242,3940361,152,183733,90,112128,0,0,0,0,0,0.752,37.330,657.062,4800.000,170,5837,2986,1391,2851,1460,0.318,28.049,2.081,170,5924317,9765082,1.756,0.000,0.461,26.774,5837,278,70,3121,53,224,1,28,27,52,1,2,2,0,1,0,0,0,0,0,0,0,0,0,0,25,2,1,0,4,563,438,438,0,0,0,0,0,,disabled,,0,0,0,0,,1,Fixed Quality,Hybrid,85,30,9500,12000,640,360,H.264,480,270,518400,30264,518400,30264,0.058,0.000,,0,0,0.000,2.377,0.000,0.000,0.109,7250,7250,7250,0,0,0,1,9500,1.000,0,23.226,0.000,0,0,0.000,0.000,0,0,0,0,0.000,1.000,0.000,1,0,0,disabled,26,0,0,9,23,9,13,1,18,18,0,4,large-au-observed,0,,0,0,25.075,25.485,0,,0.000,0.000,0.000,0.000,0,0,0,,4,0,0,6.197,0,110,0.108,0.000,0.000,0.108,0.000,0.054,0.007,1,1,1,1,0,1,1,0,0,0,0,0,1.000,0.000,0.000,30,0,0.000,0,0,0,0.000,0.000,0.000,0.000,0.000,0.000,0.000,2.257,10.230,0,0,0,0,0,0,0,0,0.000,0.000,0.000,0.000,0.000,0.000,0,0.464,22.784,72,75,395,20.646,163.880,14.811,163.880,2899.733,69,1,H.264,96.722,0,0,162.818,163.789,0.999,121.887,95.648,arrival-gap-jitter-spike,1309.123,0,1,1,1,1,4208.856,531.198,532.163,532.259,532.259,0,0,2,0,0,0,0,,,0.000,0.000,0,0,,0,0,0,0,0,0,0,0,0,0,,114.414,0.000,117.501,0.000,0.000,0.000,140.561,h264-decoder-buffering,0.001,106,0.000,123.000,4.968,0.090,0.287,0.001,0.000,0.287,1,0,0,1,3,0.074,22.776,22.784,23.227,22.780,1.000,RecoveryDeadline,1,1,0,0.250,4,1,1,1,0.060,0.000,0.060,0,100,0,3246,2996,200,0,170
5.212,Custom_loss6_delay0-100_dup0_reorder6_burst0,Loopback,1,1,0,,,0.000,0,21,133,19.014,18.992,18.999,101.068,102.270,87.850,54.785,17.390,0.068,0.269,3667,269,3464,3195,472,301,24,115,103,12,32,0,3196,95,35,0,0,0,0,5.000,0,0,0,0,0,0,0,0,0,0,0,0,0,0,0,0.000,0.000,0.000,,95,95,486,0,1,33.871,162.818,35.201,163.789,0.000,0.000,92,92,1894,107,35,0,343,538,133,1,retransmit-late-after-completed,completed,H.264,1,1,22,22,0,0,0,3,0,6,1,1,3885,2,3885,2,3885,2,1,112.639,18,24,12,10,12,0,67.960,21.904,64.196,0,0,54,6,60,0,22,0,0.429,0.571,0.900,1.000,0.000,43.000,0.000,0.000,0.000,insufficient-sample,146,1642,0,0,105,1579,343,3777,41,63,0,0,3776,predicted-useful,fec-grace,554,0.273,21,60,0,0,0,0,0,1,1,1,1,17,279,17,279,0,0,0,pacing,1,0.765,8.347,116.347,0,0,1,1,0,0,0,0,3,5,5,0,4,2,2,sent,16,26,0,0,11,1,0,0,4,8,3,5,1,3,121,2,stale-age,0,0,0,0,3,0,0,1,0,2,0,0,0,0,280,425,20,0,1,9500000,1200000,0,0,0,3937,3937,4788443,194,235405,115,143276,0,0,0,0,0,15.036,37.330,7602.812,4800.000,208,7128,3664,1666,3464,1798,0.313,19.892,8.619,208,4225129,7025297,3.110,66.131,0.485,16.037,7128,343,88,3777,65,275,3,35,34,66,1,2,2,0,1,0,0,0,0,0,0,0,0,0,0,32,2,1,0,4,683,538,538,0,0,0,0,0,,disabled,,0,0,0,0,,1,Fixed Quality,Hybrid,85,30,9500,12000,640,360,H.264,480,270,518400,0,518400,26096,0.050,0.000,,0,0,0.000,4.662,0.000,3.900,0.742,6000,6250,6250,2,2,0,1,9500,0.820,1,15.036,0.000,0,0,0.000,0.000,0,0,0,0,0.300,0.583,0.117,1,0,0,fixed-pacing-queue-hold,0,0,0,11,28,11,15,2,22,22,0,4,async-output-pending,0,,0,0,0.000,0.000,0,,15.036,7602.812,49479.167,0.000,0,0,0,,5,0,0,0.000,1,0,0.731,0.208,0.522,0.000,0.000,0.000,0.000,0,0,1,1,1,0,0,1,1,0,0,0,1.000,0.000,0.000,24,0,0.000,0,0,0,0.000,0.000,0.000,0.000,0.000,0.000,0.000,0.000,27.829,0,0,0,0,0,0,0,0,0.000,0.000,0.000,0.000,0.000,0.000,0,0.436,18.992,92,95,486,34.791,163.880,14.811,163.880,2899.733,69,1,H.264,96.722,0,0,162.818,163.789,0.999,121.887,95.648,arrival-gap-jitter-spike,2312.237,0,1,1,1,1,5211.970,531.198,532.163,532.259,532.259,0,0,2,0,0,0,0,,,0.000,0.000,0,0,,0,0,0,0,0,0,0,0,0,0,,101.224,0.000,103.580,0.000,0.000,0.000,130.534,h264-decoder-buffering,0.001,133,0.000,109.106,5.034,0.081,0.414,0.163,0.000,0.251,1,0,0,1,3,0.069,19.014,18.992,17.390,18.999,1.000,Loss,0,1,0,0.000,0,1,1,1,0.060,0.000,0.060,0,100,0,3942,3678,237,0,215
6.216,Custom_loss6_delay0-100_dup0_reorder6_burst0,Loopback,1,1,0,,,0.000,0,21,157,20.127,20.114,20.169,91.206,101.901,64.837,58.135,11.570,0.065,0.258,4364,305,4112,3807,559,352,29,145,132,13,33,0,3808,115,40,0,0,0,0,5.000,0,0,0,0,0,0,0,0,0,0,0,0,0,0,0,0.000,0.000,0.000,,114,114,579,0,1,38.288,162.818,39.387,163.789,0.000,0.000,111,111,2242,128,39,0,400,633,158,1,fec-recovered,pending,H.264,1,1,23,21,2,6,5,3,11,44,0,2,4636,1,4636,1,0,0,0,91.857,24,29,13,11,13,0,67.435,22.491,64.196,0,0,66,8,74,0,26,1,0.453,0.547,0.892,1.000,0.037,38.000,0.000,0.000,0.000,insufficient-sample,180,1907,0,0,126,1825,400,4253,54,82,0,0,4252,predicted-useful,fec-grace,654,0.174,27,74,0,0,0,0,0,2,2,2,2,23,373,23,373,0,0,0,pacing,1,0.789,6.416,114.416,0,0,2,2,0,0,0,0,3,5,5,0,4,2,2,sent,16,26,0,0,11,1,0,0,4,8,3,5,1,3,121,2,stale-age,0,0,0,0,3,0,0,1,0,2,0,0,0,0,375,494,24,0,1,9500000,1200000,11,0,11,4690,4679,5703743,236,287397,139,172876,0,0,0,0,0,10.014,37.330,67.812,4800.000,245,8460,4352,1948,4108,2160,0.309,12.176,0.055,245,6278489,9135426,0.954,48.302,0.432,10.315,8460,400,108,4253,77,320,3,39,38,73,2,4,2,0,2,0,0,0,0,0,0,0,0,0,0,35,2,1,0,4,809,633,633,0,0,0,0,0,,disabled,,0,0,0,0,,1,Fixed Quality,Hybrid,85,30,9500,12000,640,360,H.264,480,270,518400,27136,518400,27136,0.052,0.000,,0,0,0.000,1.862,0.000,0.000,0.074,7250,6500,6500,3,3,0,1,9500,1.000,0,12.890,0.000,0,0,0.000,0.000,0,0,0,0,0.000,1.000,0.000,1,0,0,disabled,23,0,0,13,32,13,17,2,26,26,0,4,large-au-observed,0,,0,0,16.495,22.851,0,,0.000,0.000,0.000,0.000,0,0,0,,6,0,0,4.952,0,161,0.074,0.000,0.000,0.073,0.000,0.050,0.007,1,1,1,1,0,1,1,0,0,0,1,0,0.860,157.603,0.000,26,0,0.000,0,0,0,0.000,0.000,0.000,0.000,0.000,0.000,0.000,1.777,9.524,0,0,0,0,0,0,0,0,0.000,0.000,0.000,0.000,0.000,0.000,0,0.443,20.114,111,114,579,39.139,163.880,14.811,163.880,2899.733,69,1,H.264,96.722,0,0,162.818,163.789,0.999,121.887,95.648,arrival-gap-jitter-spike,3316.147,0,1,1,1,1,6215.880,531.198,532.163,532.259,532.259,0,0,2,0,0,0,0,,,0.000,0.000,0,0,,0,0,0,0,0,0,0,0,0,0,,98.690,0.000,101.525,0.000,0.000,0.000,125.603,h264-decoder-buffering,0.001,157,0.000,107.448,5.395,0.092,0.326,0.001,0.000,0.325,1,0,0,1,3,0.065,20.127,20.114,11.570,20.169,1.000,RecoveryDeadline,0,1,0,0.333,3,1,1,1,0.060,0.000,0.060,0,100,0,4685,4371,272,0,267
7.220,Custom_loss6_delay0-100_dup0_reorder6_burst0,Loopback,1,1,0,,,0.000,0,21,186,21.565,21.567,21.576,105.307,101.582,16.856,47.816,3.256,0.066,0.251,5129,364,4847,4483,667,408,30,194,171,23,35,0,4484,137,46,0,0,0,0,5.000,0,0,0,0,0,0,0,0,0,0,0,0,0,0,0,0.000,0.000,0.000,,136,136,667,0,1,48.591,162.818,49.627,163.789,0.000,0.000,133,132,2630,160,45,0,466,750,185,1,retransmit-late-after-completed,completed,H.264,1,1,24,24,0,0,0,3,0,4,0,0,5446,17,5446,17,5446,17,1,137.876,27,30,23,21,23,0,61.795,20.453,64.196,0,0,80,12,92,0,33,1,0.474,0.526,0.870,1.000,0.029,41.000,1.000,0.000,0.000,insufficient-sample,213,2222,0,0,148,2128,466,4897,65,94,0,0,4896,predicted-useful,fec-grace,768,0.250,34,92,0,0,0,0,0,2,2,2,2,29,477,29,477,0,0,0,pacing,1,0.831,9.780,117.780,0,0,2,2,0,0,0,0,3,5,5,0,4,2,2,sent,18,31,0,0,12,1,0,0,5,12,3,5,2,7,185,1,stale-age,0,0,0,0,3,0,0,1,0,2,0,3,0,0,479,575,28,0,1,9500000,1200000,3,0,3,5502,5499,6710051,283,344827,166,205882,0,0,0,0,0,7.845,37.330,396.562,4800.000,285,9947,5118,2300,4829,2529,0.310,4.608,0.910,285,5934848,9611070,1.117,29.046,0.448,11.120,9947,466,130,4897,92,371,3,45,44,82,3,6,2,0,3,0,0,0,0,0,0,0,0,0,0,40,2,1,0,4,939,750,750,0,0,0,0,0,,disabled,,0,0,0,0,,1,Fixed Quality,Hybrid,85,30,9500,12000,640,360,H.264,480,270,518400,28178,518400,28178,0.054,0.000,,0,0,0.000,2.099,0.000,0.000,0.085,7250,6750,6750,4,4,0,1,9500,1.000,0,22.867,0.000,0,0,0.000,0.000,0,0,0,0,0.000,1.000,0.000,1,0,0,disabled,24,0,0,15,39,15,20,4,31,31,0,4,large-au-observed,0,,0,0,26.839,23.729,0,,0.000,0.000,0.000,0.000,0,0,0,,7,0,0,6.050,0,189,0.085,0.000,0.000,0.085,0.000,0.060,0.008,1,1,1,1,0,1,1,0,0,0,0,0,1.000,0.000,0.000,30,0,0.000,0,0,0,0.000,0.000,0.000,0.000,0.000,0.000,0.000,2.005,10.065,0,0,0,0,0,0,0,0,0.000,0.000,0.000,0.000,0.000,0.000,0,0.485,21.567,133,136,667,50.181,163.880,14.811,163.880,2899.733,69,1,H.264,96.722,0,0,162.818,163.789,0.999,121.887,95.648,arrival-gap-jitter-spike,4320.945,0,1,1,1,1,7220.678,531.198,532.163,532.259,532.259,0,0,2,0,0,0,0,,,0.000,0.000,0,0,,0,0,0,0,0,0,0,0,0,0,,103.482,0.000,106.339,0.812,0.000,111.518,132.654,h264-decoder-buffering,0.001,185,0.000,111.201,5.275,0.091,0.407,0.165,0.000,0.242,1,0,0,1,3,0.066,21.565,21.567,3.256,21.576,1.000,RecoveryDeadline,0,1,0,2.000,1,2,2,1,0.060,0.000,0.060,0,100,0,5506,5139,316,0,321
8.225,Custom_loss6_delay0-100_dup0_reorder6_burst0,Loopback,1,1,0,,,0.000,0,21,214,19.529,17.757,17.576,108.066,101.867,34.430,45.138,20.558,0.065,0.259,5933,411,5599,5188,768,470,32,224,195,29,42,0,5189,157,55,0,0,0,0,5.000,0,0,0,0,0,0,0,0,0,0,0,0,0,0,0,0.000,0.000,0.000,,155,155,761,0,1,29.452,162.818,30.649,163.789,0.000,0.000,152,152,3024,186,53,0,541,854,216,1,nack-sent,pending,H.264,0,1,24,9,15,1,0,1,0,15,0,0,6309,7,0,0,0,0,0,49.921,32,32,29,27,29,0,61.962,22.829,73.155,0,0,93,14,107,0,36,1,0.500,0.500,0.869,1.000,0.027,43.000,0.000,1.000,0.000,insufficient-sample,250,2565,0,0,173,2451,541,5586,77,114,0,0,5584,predicted-useful,fec-grace,889,0.750,41,107,0,0,0,0,0,2,2,2,2,36,593,36,593,0,0,0,pacing,1,0.775,7.210,115.210,0,0,2,2,0,0,0,0,3,5,5,0,4,2,2,sent,20,37,0,0,14,1,0,0,5,12,3,5,2,7,200,3,stale-age,0,0,0,0,3,0,0,1,0,2,0,5,0,0,595,667,32,0,1,9500000,1200000,3,0,3,6357,6354,7757589,328,400233,191,237030,0,0,0,0,0,8.598,37.330,1126.875,4800.000,329,11513,5924,2622,5589,2967,0.307,34.327,4.310,329,8928304,25836622,1.592,26.751,0.461,12.186,11513,540,150,5571,104,433,3,53,52,103,3,6,2,0,3,0,0,0,0,0,0,0,0,0,0,48,2,1,0,4,1076,854,854,0,0,0,0,0,,disabled,,0,0,0,0,,1,Fixed Quality,Hybrid,85,30,9500,12000,640,360,H.264,480,270,518400,28178,518400,28178,0.054,0.000,,0,0,0.000,2.010,0.000,0.000,0.092,7250,6750,6750,4,4,0,1,9500,1.000,0,12.076,0.000,0,0,0.000,0.000,0,0,0,0,0.299,0.570,0.131,1,0,0,disabled,24,0,0,17,43,17,22,4,35,35,0,4,large-au-observed,0,,0,0,17.548,23.729,0,,0.000,0.000,0.000,0.000,0,0,0,,8,0,0,5.814,0,217,0.091,0.000,0.000,0.091,0.000,0.063,0.009,1,1,1,1,0,1,1,0,0,0,1,0,0.860,29.977,0.000,26,0,0.000,0,0,0,0.000,0.000,0.000,0.000,0.000,0.000,0.000,1.909,10.060,0,0,0,0,0,0,0,0,0.000,0.000,0.000,0.000,0.000,0.000,0,0.357,17.757,152,155,761,30.561,163.880,14.811,163.880,2899.733,69,1,H.264,96.722,0,0,162.818,163.789,0.999,121.887,95.648,arrival-gap-jitter-spike,5325.600,0,1,1,1,1,8225.333,531.198,532.163,532.259,532.259,0,0,2,0,0,0,0,,,0.000,0.000,0,0,,0,0,0,0,0,0,0,0,0,0,,106.810,0.000,109.591,0.000,0.000,0.000,134.033,h264-decoder-buffering,0.001,214,0.000,114.871,4.906,0.082,0.762,0.540,0.000,0.222,1,0,0,1,3,0.065,19.529,17.757,20.558,17.576,1.000,Loss,0,1,0,0.000,0,1,1,1,0.060,0.000,0.060,0,100,0,6362,5944,372,0,380
9.228,Custom_loss6_delay0-100_dup0_reorder6_burst0,Loopback,1,1,0,,,0.000,0,21,241,20.028,20.019,20.041,104.715,101.819,85.092,51.797,9.530,0.063,0.255,6723,451,6324,5873,861,510,36,269,235,34,46,0,5874,178,61,0,0,0,0,5.000,0,0,0,0,0,0,0,0,0,0,0,0,0,0,0,0.000,0.000,0.000,,176,176,855,0,1,39.143,162.818,40.399,163.789,0.000,0.000,173,173,3400,212,59,0,607,958,244,1,nack-sent,pending,H.264,1,1,24,12,12,3,0,2,4,28,0,0,7133,6,0,0,0,0,0,47.060,34,36,34,32,34,0,63.905,21.463,73.155,0,0,104,15,119,0,41,1,0.486,0.514,0.874,1.000,0.024,44.000,0.000,1.000,0.000,insufficient-sample,291,2866,0,0,196,2728,607,6168,95,138,0,0,6165,predicted-useful,fec-grace,1001,0.042,47,119,0,0,0,0,0,2,2,2,2,41,681,41,681,0,0,0,pacing,1,0.813,12.391,120.391,0,0,2,2,0,0,0,0,4,6,6,0,243,1,1,sent,24,45,0,0,17,1,0,0,6,13,4,6,2,7,243,1,stale-age,0,0,0,0,3,0,0,1,0,2,0,8,0,0,683,750,36,0,1,9500000,1200000,6,0,6,7179,7173,8760891,370,451905,217,269414,0,0,0,0,0,4.957,37.330,620.938,4800.000,372,13045,6721,2992,6324,3332,0.308,6.007,2.794,372,8618392,15224246,1.241,31.533,0.482,9.289,13045,606,171,6156,117,486,3,59,58,112,3,6,2,0,3,0,0,0,0,0,0,0,0,0,0,54,2,1,0,4,1203,958,958,0,0,0,0,0,,disabled,,0,0,0,0,,1,Fixed Quality,Hybrid,85,30,9500,12000,640,360,H.264,480,270,518400,28178,518400,28178,0.054,0.000,,0,0,0.000,1.971,0.000,0.000,0.116,7250,6750,6750,4,4,0,1,9500,1.000,0,15.174,0.000,0,0,0.000,0.000,0,0,0,0,0.286,0.588,0.126,1,0,0,disabled,24,0,0,19,51,19,26,6,40,40,0,4,large-au-observed,0,,0,0,0.096,23.729,0,,0.000,0.000,0.000,0.000,0,0,0,,9,0,0,9.510,0,245,0.115,0.000,0.000,0.115,0.000,0.085,0.009,1,1,1,1,0,1,1,0,0,0,1,0,0.860,179.995,0.000,26,0,0.000,0,0,0,0.000,0.000,0.000,0.000,0.000,0.000,0.000,1.844,6.865,0,0,0,0,0,0,0,0,0.000,0.000,0.000,0.000,0.000,0.000,0,0.475,20.019,173,176,855,40.194,163.880,14.811,163.880,2899.733,69,1,H.264,96.722,0,0,162.818,163.789,0.999,121.887,95.648,arrival-gap-jitter-spike,6328.600,0,1,1,1,1,9228.333,531.198,532.163,532.259,532.259,0,0,2,0,0,0,0,,,0.000,0.000,0,0,,0,0,0,0,0,0,0,0,0,0,,102.941,0.000,105.742,0.000,0.000,0.000,132.358,h264-decoder-buffering,0.001,241,0.000,111.038,4.799,0.106,0.301,0.001,0.000,0.300,1,0,0,1,3,0.063,20.028,20.019,9.530,20.041,1.000,Loss,0,1,0,0.000,0,1,1,1,0.060,0.000,0.060,0,100,0,7182,6734,411,0,422
10.233,Custom_loss6_delay0-100_dup0_reorder6_burst0,Loopback,1,1,0,,,0.000,0,21,269,16.826,14.958,14.912,104.452,102.198,33.977,49.252,18.434,0.066,0.266,7504,526,7081,6555,964,576,39,296,257,39,53,0,6556,196,71,0,0,0,0,5.000,0,0,0,0,0,0,0,0,0,0,0,0,0,0,0,0.000,0.000,0.000,,193,193,948,0,1,68.370,162.818,69.563,163.789,0.000,0.000,190,190,3816,235,68,0,675,1078,271,1,nack-sent,pending,H.264,1,1,24,15,9,4,2,3,9,41,1,0,7954,1,7984,1,0,0,0,69.894,40,39,39,37,39,0,58.889,21.526,73.155,0,0,118,18,136,0,47,1,0.506,0.494,0.868,1.000,0.021,44.000,0.000,0.000,0.000,insufficient-sample,338,3195,0,0,219,3025,675,6781,119,170,0,0,6778,predicted-useful,likely-arrival,1112,0.833,53,136,0,0,0,0,0,2,2,2,2,46,773,46,773,0,0,0,pacing,1,0.858,15.055,123.055,0,0,2,2,0,0,0,0,4,6,6,0,243,1,1,sent,27,54,0,0,19,1,0,0,7,17,4,6,3,11,270,3,stale-age,0,0,0,0,4,0,0,1,0,2,0,11,0,0,775,836,40,0,1,9500000,1200000,13,0,13,8036,8023,9802831,417,509799,244,303050,0,0,0,0,0,2.049,37.330,983.438,4800.000,414,14566,7499,3324,7067,3743,0.307,47.394,0.000,414,5902441,9088643,0.315,15.004,0.461,23.420,14566,674,189,6772,130,541,3,68,67,125,3,6,2,0,3,0,0,0,0,0,0,0,0,0,0,63,2,1,0,4,1343,1078,1078,0,0,0,0,0,,disabled,,0,0,0,0,,1,Fixed Quality,Hybrid,85,30,9500,12000,640,360,H.264,480,270,518400,28176,518400,28176,0.054,0.000,,0,0,0.000,2.368,0.000,0.000,0.080,7250,6750,6750,4,4,0,1,9500,1.000,0,13.452,0.000,0,0,0.000,0.000,0,0,0,0,0.294,0.574,0.132,1,0,0,disabled,24,0,0,21,55,21,28,6,44,44,0,4,large-au-observed,0,,0,0,17.240,23.727,0,,0.000,0.000,0.000,0.000,0,0,0,,10,0,0,3.168,0,273,0.079,0.000,0.000,0.079,0.000,0.051,0.009,1,1,1,1,0,1,1,0,0,0,0,0,1.000,0.000,0.000,30,0,0.000,0,0,0,0.000,0.000,0.000,0.000,0.000,0.000,0.000,2.279,7.635,0,0,0,0,0,0,0,0,0.000,0.000,0.000,0.000,0.000,0.000,0,0.360,14.958,190,193,948,69.382,163.880,14.811,163.880,2899.733,69,1,H.264,96.722,0,0,162.818,163.789,0.999,121.887,95.648,arrival-gap-jitter-spike,7333.618,0,1,1,1,1,10233.351,531.198,532.163,532.259,532.259,0,0,2,0,0,0,0,,,0.000,0.000,0,0,,0,0,0,0,0,0,0,0,0,0,,103.495,0.000,106.274,0.000,0.000,0.000,132.226,h264-decoder-buffering,0.001,269,0.000,112.241,5.600,0.079,0.647,0.356,0.000,0.291,1,0,0,1,3,0.066,16.826,14.958,18.434,14.912,1.000,Loss,0,1,0,0.250,4,1,1,1,0.060,0.000,0.060,0,100,0,8033,7518,466,0,477
11.239,Custom_loss6_delay0-100_dup0_reorder6_burst0,Loopback,1,1,0,,,0.000,0,21,298,19.742,19.727,19.736,111.341,102.716,55.037,49.975,28.178,0.065,0.264,8281,578,7819,7241,1059,646,41,312,268,44,60,0,7242,217,78,0,0,0,0,5.000,0,0,0,0,0,0,0,0,0,0,0,0,0,0,0,0.000,0.000,0.000,,214,214,1043,0,1,21.391,162.818,22.476,163.789,0.000,0.000,211,211,4210,261,75,0,744,1184,301,1,nack-sent,pending,H.264,1,1,24,10,14,1,0,2,5,33,0,0,8817,11,0,0,0,0,0,41.300,47,41,44,42,44,0,60.572,20.604,73.155,0,0,132,19,151,0,56,1,0.534,0.466,0.874,1.000,0.018,43.000,0.000,1.000,0.000,insufficient-sample,381,3490,0,0,243,3291,744,7313,138,199,0,0,7309,predicted-useful,likely-arrival,1229,0.333,60,151,0,0,0,0,0,2,2,2,2,53,891,53,891,0,0,0,pacing,1,0.805,10.299,118.299,0,0,2,2,0,0,0,0,4,6,6,0,243,1,1,sent,28,58,0,0,20,1,0,0,7,17,4,6,3,11,285,4,stale-age,0,0,0,0,4,0,0,1,0,2,0,13,0,0,893,923,44,0,1,9500000,1200000,5,0,5,8861,8856,10822959,462,565205,270,335442,0,0,0,0,0,6.007,37.330,728.625,4537.700,455,16072,8273,3651,7799,4148,0.306,19.983,0.000,455,4637113,8084071,0.706,16.215,0.460,16.688,16072,744,210,7313,142,599,3,75,74,137,3,6,2,0,3,0,0,0,0,0,0,0,0,0,0,70,2,1,0,4,1477,1184,1184,0,0,0,0,0,,disabled,,0,0,0,0,,1,Fixed Quality,Hybrid,85,30,9500,12000,640,360,H.264,480,270,518400,28178,518400,28178,0.054,0.000,,0,0,0.000,1.411,0.000,0.000,0.086,7250,6750,6750,4,4,0,1,9500,1.000,0,6.007,0.000,0,0,0.000,0.000,0,0,0,0,0.311,0.563,0.126,1,0,0,disabled,24,0,0,23,62,23,32,7,48,48,0,4,large-au-observed,0,,0,0,0.093,23.729,0,,0.000,0.000,0.000,0.000,0,0,0,,11,0,0,5.756,0,302,0.086,0.000,0.000,0.085,0.000,0.059,0.009,1,1,1,1,0,1,1,0,0,0,0,0,1.000,0.000,0.000,30,0,0.000,0,0,0,0.000,0.000,0.000,0.000,0.000,0.000,0.000,1.315,10.241,0,0,0,0,0,0,0,0,0.000,0.000,0.000,0.000,0.000,0.000,0,0.461,19.727,211,214,1043,22.379,163.880,14.811,163.880,2899.733,69,1,H.264,96.722,0,0,162.818,163.789,0.999,121.887,95.648,arrival-gap-jitter-spike,8339.580,0,1,1,1,1,11239.313,531.198,532.163,532.259,532.259,0,0,2,0,0,0,0,,,0.000,0.000,0,0,,0,0,0,0,0,0,0,0,0,0,,110.662,0.000,113.416,0.000,0.000,0.000,135.671,h264-decoder-buffering,0.001,298,0.000,118.019,4.137,0.086,0.450,0.182,0.000,0.268,1,0,0,1,3,0.065,19.742,19.727,28.178,19.736,1.000,Loss,0,1,0,0.000,2,1,1,1,0.060,0.000,0.060,0,100,0,8867,8303,524,0,520
12.244,Custom_loss6_delay0-100_dup0_reorder6_burst0,Loopback,1,1,0,,,0.000,0,21,326,19.359,19.351,19.165,85.249,102.945,29.950,47.750,34.230,0.065,0.261,9060,635,8562,7927,1158,703,50,339,292,47,66,0,7928,238,84,0,0,0,0,5.000,0,0,0,0,0,0,0,0,0,0,0,0,0,0,0,0.000,0.000,0.000,,235,235,1138,0,1,16.284,162.818,17.425,163.789,0.000,0.000,232,232,4613,285,81,0,807,1300,328,1,nack-sent,pending,H.264,1,1,24,13,11,2,0,3,9,46,2,0,9645,13,9665,0,0,0,0,61.665,51,50,47,45,47,0,62.188,19.694,73.155,0,0,148,18,166,0,58,2,0.505,0.495,0.892,1.000,0.033,44.000,0.333,0.667,0.000,insufficient-sample,419,3812,0,0,266,3591,807,7905,153,221,0,0,7900,predicted-useful,likely-arrival,1336,0.625,67,166,0,0,0,0,0,2,2,2,2,60,1014,60,1014,0,0,0,pacing,1,0.825,10.097,118.097,0,0,2,2,0,0,0,0,4,6,6,0,243,1,1,sent,28,58,0,0,20,1,0,0,7,17,4,6,3,11,285,4,stale-age,0,0,0,0,4,0,0,1,0,2,0,13,0,0,1016,1000,48,0,1,9500000,1200000,0,0,0,9686,9686,11840009,507,620611,297,369078,0,0,0,0,0,18.224,37.330,9181.750,4800.000,498,17605,9049,4002,8556,4554,0.307,6.997,0.315,498,7988864,11110073,1.378,7.955,0.512,14.787,17605,807,231,7905,155,649,3,81,80,150,4,8,2,0,4,0,0,0,0,0,0,0,0,0,0,75,2,1,0,4,1620,1300,1300,0,0,0,0,0,,disabled,,0,0,0,0,,1,Fixed Quality,Hybrid,85,30,9500,12000,640,360,H.264,480,270,518400,0,518400,28178,0.054,0.000,,0,0,0.000,4.793,0.000,4.043,0.692,7250,6750,6750,4,4,0,1,9500,1.000,0,18.224,0.000,0,0,0.000,0.000,0,0,0,0,0.307,0.584,0.108,1,0,0,disabled,0,0,0,25,66,25,34,7,52,52,0,4,async-output-pending,0,,0,0,0.000,0.000,0,,18.029,11361.562,45673.077,0.000,0,0,0,,12,0,0,0.000,1,0,0.682,0.182,0.498,0.000,0.000,0.000,0.000,0,0,1,1,1,0,0,1,1,0,1,0,0.860,167.285,0.000,26,0,0.000,0,0,0,0.000,0.000,0.000,0.000,0.000,0.000,0.000,0.000,10.152,0,0,0,0,0,0,0,0,0.000,0.000,0.000,0.000,0.000,0.000,0,0.482,19.352,232,235,1138,17.487,163.880,14.811,163.880,2899.733,69,1,H.264,96.722,0,0,162.818,163.789,0.999,121.887,95.648,arrival-gap-jitter-spike,9344.240,0,1,1,1,1,12243.973,531.198,532.163,532.259,532.259,0,0,2,0,0,0,0,,,0.000,0.000,0,0,,0,0,0,0,0,0,0,0,0,0,,102.296,0.000,105.094,0.000,0.000,0.000,122.624,h264-decoder-buffering,0.001,326,0.000,110.192,4.611,0.088,0.303,0.001,0.000,0.303,1,0,0,1,3,0.065,19.359,19.351,34.230,19.165,1.000,Loss,0,1,0,0.000,0,1,1,1,0.060,0.000,0.060,0,100,0,9698,9082,578,0,562
13.248,Custom_loss6_delay0-100_dup0_reorder6_burst0,Loopback,1,1,0,,,0.000,0,21,354,17.896,17.897,18.969,106.057,102.942,70.384,50.013,19.728,0.064,0.258,9806,675,9255,8580,1249,753,56,364,316,48,76,0,8581,259,90,0,0,0,0,5.000,0,0,0,0,0,0,0,0,0,0,0,0,0,0,0,0.000,0.000,0.000,,256,256,1235,0,1,35.080,162.818,36.150,163.789,0.000,0.000,253,253,4974,307,87,0,859,1404,357,1,fec-parity,pending,H.264,1,1,24,4,20,1,0,0,0,0,0,0,10478,21,0,0,0,0,0,13.363,53,56,48,46,48,0,62.433,19.326,73.155,0,0,157,20,177,0,60,3,0.486,0.514,0.887,1.000,0.048,44.000,0.000,1.000,0.000,insufficient-sample,462,4143,0,0,289,3883,859,8415,172,254,1,6,8413,predicted-useful,likely-arrival,1431,0.583,72,177,0,0,0,0,0,2,2,2,2,65,1092,65,1092,0,0,0,pacing,1,0.769,5.711,113.711,0,0,2,2,0,0,0,0,4,6,6,0,243,1,1,sent,29,62,0,0,21,1,0,0,7,17,4,6,3,11,343,4,stale-age,0,0,0,0,4,0,0,1,0,2,0,13,0,0,1094,1069,52,0,1,9500000,1200000,11,0,11,10507,10496,12832715,548,671041,322,400226,0,0,0,0,0,0.601,37.330,775.438,4800.000,538,19046,9798,4308,9248,4940,0.305,48.723,0.000,538,4514360,7716634,0.795,14.450,0.462,23.229,19046,859,252,8415,163,693,3,87,86,166,5,9,1,1,4,0,0,0,0,0,0,0,0,0,0,80,2,1,0,4,1747,1404,1404,0,0,0,0,0,,disabled,,0,0,0,0,,1,Fixed Quality,Hybrid,85,30,9500,12000,640,360,H.264,480,270,518400,28176,518400,28176,0.054,0.000,,0,0,0.000,1.927,0.000,0.000,0.152,7250,6750,6750,4,4,0,1,9500,1.000,0,23.779,0.000,0,0,0.000,0.000,0,0,0,0,0.299,0.588,0.113,1,0,0,disabled,24,0,0,27,72,27,38,7,56,56,0,4,large-au-observed,0,,0,0,25.607,23.727,0,,0.000,0.000,0.000,0.000,0,0,0,,13,0,0,6.206,0,358,0.151,0.000,0.000,0.151,0.000,0.089,0.041,1,1,1,1,0,1,1,0,0,0,0,0,1.000,0.000,0.000,30,0,0.000,0,0,0,0.000,0.000,0.000,0.000,0.000,0.000,0.000,1.764,10.218,0,0,0,0,0,0,0,0,0.000,0.000,0.000,0.000,0.000,0.000,0,0.394,17.897,253,256,1235,36.148,163.880,14.811,163.880,2899.733,69,1,H.264,96.722,0,0,162.818,163.789,0.999,121.887,95.648,arrival-gap-jitter-spike,10347.972,0,1,1,1,1,13247.705,531.198,532.163,532.259,532.259,0,0,2,0,0,0,0,,,0.000,0.000,0,0,,0,0,0,0,0,0,0,0,0,0,,106.512,0.000,109.377,0.000,0.000,0.000,133.029,h264-decoder-buffering,0.001,354,0.000,114.327,4.550,0.085,0.269,0.001,0.000,0.268,1,0,0,1,3,0.064,17.896,17.897,19.728,18.969,1.000,Loss,0,1,0,0.000,0,1,1,1,0.060,0.000,0.060,0,100,0,10509,9821,629,0,612
14.248,Custom_loss6_delay0-100_dup0_reorder6_burst0,Loopback,1,1,0,,,0.000,0,21,383,23.502,21.550,21.599,93.796,103.127,14.626,46.796,28.795,0.063,0.264,10649,719,10041,9322,1353,821,61,392,340,52,79,0,9323,279,100,0,0,0,0,5.000,0,0,0,0,0,0,0,0,0,0,0,0,0,0,0,0.000,0.000,0.000,,275,275,1331,0,1,12.656,162.818,13.754,163.789,0.000,0.000,272,272,5412,331,96,0,935,1526,385,1,fec-parity,pending,H.264,0,1,24,23,1,5,3,3,10,28,0,0,11316,6,0,0,0,0,0,100.806,56,61,52,50,52,0,62.225,19.593,73.155,0,0,169,20,189,0,64,3,0.479,0.521,0.894,1.000,0.045,43.000,0.000,1.000,0.000,insufficient-sample,511,4494,0,0,314,4196,935,9103,196,292,1,6,9100,predicted-useful,likely-arrival,1554,0.708,78,189,0,0,0,0,0,2,2,2,2,71,1199,71,1199,0,0,0,pacing,1,0.806,10.896,118.896,0,0,2,2,0,0,0,0,4,6,6,0,243,1,1,sent,30,64,0,0,22,1,0,0,7,17,4,6,3,11,372,2,stale-age,0,0,0,0,4,0,0,1,0,2,0,13,0,0,1201,1165,56,0,1,9500000,1200000,19,0,19,11387,11368,13900825,590,722715,347,431374,0,0,0,0,0,0.626,37.330,13403.062,2216.100,583,20669,10637,4730,10032,5302,0.308,23.223,2.757,583,4774771,8081312,1.530,0.409,0.439,12.817,20669,935,272,9103,177,755,3,96,95,181,6,12,3,1,5,0,0,0,0,0,0,0,0,0,0,88,2,1,0,4,1897,1526,1526,0,0,0,0,0,,disabled,,0,0,0,0,,1,Fixed Quality,Hybrid,85,30,9500,12000,640,360,H.264,480,270,518400,28176,518400,28176,0.054,0.000,,0,0,0.000,2.445,0.000,0.000,0.127,7250,6750,6750,4,4,0,1,9500,1.000,0,12.433,0.000,0,0,3.101,0.000,3732,0,0,0,0.000,0.000,1.000,1,0,0,disabled,24,1,1,29,79,29,41,9,61,61,2,4,decoder-sync-observed,0,,0,0,0.234,23.727,0,,0.000,0.000,0.000,0.000,0,0,0,,14,0,0,7.560,0,388,0.126,0.000,0.000,0.126,0.000,0.089,0.012,1,1,1,1,0,1,1,0,0,0,0,0,1.000,0.000,0.000,30,0,0.000,0,0,0,0.000,0.000,0.000,0.000,0.000,0.000,0.000,2.305,11.338,0,0,0,0,0,0,0,0,0.000,0.000,0.000,0.000,0.000,0.000,0,0.411,21.550,272,275,1331,13.773,163.880,14.811,163.880,2899.733,69,1,H.264,96.722,0,0,162.818,163.789,0.999,121.887,95.648,arrival-gap-jitter-spike,11348.175,0,1,1,1,1,14247.908,531.198,532.163,532.259,532.259,0,0,2,0,0,0,0,,,0.000,0.000,0,0,,0,0,0,0,0,0,0,0,0,0,,100.481,0.000,103.253,0.000,0.000,0.000,126.898,h264-decoder-buffering,0.001,383,0.000,108.931,5.263,0.078,0.799,0.516,0.000,0.283,1,0,0,1,3,0.063,23.502,21.550,28.795,21.599,2.000,RecoveryDeadline,0,1,0,0.333,3,1,1,1,0.060,0.000,0.060,0,100,0,11382,10666,681,0,660
15.254,Custom_loss6_delay0-100_dup0_reorder6_burst0,Loopback,1,1,0,,,0.000,0,21,412,20.715,18.995,18.815,99.331,103.282,62.240,48.083,34.891,0.062,0.264,11371,756,10710,9954,1446,877,64,415,362,53,90,0,9955,299,107,0,0,0,0,5.000,0,0,0,0,0,0,0,0,0,0,0,0,0,0,0,0.000,0.000,0.000,,295,295,1426,0,1,82.184,162.818,83.165,163.789,0.000,0.000,291,291,5799,352,103,0,1000,1628,415,1,nack-sent,pending,H.264,1,1,22,6,16,2,0,1,0,16,0,0,12110,9,0,0,0,0,0,24.224,64,64,53,51,53,0,62.168,19.668,73.155,0,0,181,20,201,0,68,3,0.500,0.500,0.900,1.000,0.042,44.000,0.000,0.000,0.000,insufficient-sample,558,4818,0,0,336,4479,1000,9678,221,333,1,6,9671,predicted-useful,likely-arrival,1666,0.727,82,201,0,0,0,0,0,2,2,2,2,75,1266,75,1266,0,0,0,pacing,1,0.818,11.670,119.670,0,0,2,2,0,0,0,0,4,6,6,0,243,1,1,sent,32,69,0,0,24,1,0,0,7,17,4,6,3,11,401,2,stale-age,0,0,0,0,4,0,0,1,0,2,0,13,0,0,1268,1253,60,0,1,9500000,1200000,0,0,0,12117,12117,14818648,632,774389,372,462522,0,0,0,0,0,16.961,37.330,9806.812,1089.150,622,22058,11358,5010,10700,5690,0.306,37.369,0.000,622,4015624,6785722,1.766,9.850,0.442,27.287,22058,1000,291,9678,189,808,3,103,101,195,6,12,3,1,5,0,0,0,0,0,0,0,0,0,0,94,3,1,0,4,2031,1628,1628,0,0,0,0,0,,disabled,,0,0,0,0,,1,Fixed Quality,Hybrid,85,30,9500,12000,640,360,H.264,480,270,518400,0,518400,26096,0.050,0.000,,0,0,0.000,6.538,0.000,5.423,1.090,6000,6250,6250,5,5,0,1,9500,0.820,1,16.961,0.000,0,0,0.000,0.000,0,0,0,0,0.318,0.582,0.100,1,0,0,latency-pressure-freshness-hold,0,0,0,31,84,31,44,9,64,64,1,4,async-output-pending,0,,0,0,0.000,0.000,0,,16.961,9806.812,43981.481,0.000,0,0,0,,15,0,0,0.000,1,0,1.078,0.202,0.875,0.000,0.000,0.000,0.000,0,0,1,1,1,0,0,1,1,0,0,0,1.000,0.000,0.000,27,0,0.000,0,0,0,0.000,0.000,0.000,0.000,0.000,0.000,0.000,0.000,10.292,0,0,0,0,0,0,0,0,0.000,0.000,0.000,0.000,0.000,0.000,0,0.383,18.995,291,295,1426,83.156,163.880,14.811,163.880,2899.733,69,1,H.264,96.722,0,0,162.818,163.789,0.999,121.887,95.648,arrival-gap-jitter-spike,12354.784,0,1,1,1,1,15254.517,531.198,532.163,532.259,532.259,0,0,3,0,0,1,1,latency-pressure freshness,latency-over-80ms,148.233,148.233,401,1,H.264,0,0,0,0,0,0,0,0,0,0,,101.475,0.000,102.163,0.000,0.000,0.000,129.666,stale-before-decode,0.001,412,0.000,107.054,4.502,0.092,0.283,0.001,0.000,0.282,1,0,0,1,3,0.062,20.715,18.995,34.891,18.815,1.000,RecoveryDeadline,0,1,0,0.000,2,1,1,1,0.060,0.000,0.060,0,100,0,12132,11389,721,0,714
16.255,Custom_loss6_delay0-100_dup0_reorder6_burst0,Loopback,1,1,0,,,0.000,0,21,440,23.748,23.726,23.828,102.860,103.432,99.878,52.067,20.362,0.064,0.259,12073,831,11396,10565,1542,933,71,444,385,59,94,0,10566,321,112,0,0,0,0,5.000,0,0,0,0,0,0,0,0,0,0,0,0,0,0,0,0.000,0.000,0.000,,317,317,1515,0,1,61.402,162.818,62.471,163.789,0.000,0.000,312,311,6174,380,108,0,1063,1730,441,1,nack-sent,pending,H.264,0,1,22,9,13,3,0,1,0,13,0,0,12866,17,0,0,0,0,0,54.552,69,71,59,57,59,0,63.712,19.732,73.155,0,0,199,18,217,0,74,3,0.493,0.507,0.917,1.000,0.039,45.000,0.000,1.000,0.000,duplicate-guard,591,5054,0,0,357,4695,1063,10183,233,353,1,6,10174,predicted-useful,fec-grace,1772,0.000,88,217,0,0,0,0,0,3,3,3,3,81,1356,81,1356,0,0,0,pacing,1,0.804,8.318,116.318,0,0,3,3,0,0,0,0,4,6,6,0,243,1,1,sent,35,76,0,0,27,1,0,0,7,17,4,6,3,11,430,2,stale-age,0,0,0,0,4,0,0,1,0,2,0,14,0,0,1359,1330,64,0,1,9500000,1200000,0,0,0,12889,12889,15772090,676,828869,395,491174,0,0,0,0,0,11.287,37.330,3002.438,4800.000,661,23465,12069,5383,11396,6013,0.308,7.608,1.319,661,4625374,7542977,0.903,15.407,0.528,15.312,23465,1063,313,10183,206,854,3,108,106,209,6,12,3,1,5,0,0,0,0,0,0,0,0,0,0,99,3,1,0,4,2163,1730,1730,0,0,0,0,0,,disabled,,0,0,0,0,,1,Fixed Quality,Hybrid,85,30,9500,12000,640,360,H.264,480,270,518400,0,518400,26096,0.050,0.000,,0,0,0.000,4.649,0.000,4.017,0.594,6000,6250,6250,5,5,0,1,9500,0.820,1,11.287,0.000,0,0,0.000,0.000,0,0,0,0,0.318,0.599,0.083,1,0,0,latency-pressure-freshness-hold,0,0,0,35,93,35,47,11,70,70,1,4,async-output-pending,0,,0,0,0.000,0.000,0,,0.000,0.000,0.000,0.000,0,0,0,,16,0,0,0.000,1,0,0.586,0.158,0.427,0.000,0.000,0.000,0.000,0,0,1,1,1,0,0,1,1,0,0,0,1.000,0.000,0.000,27,0,0.000,0,0,0,0.000,0.000,0.000,0.000,0.000,0.000,0.000,0.000,10.775,0,0,0,0,0,0,0,0,0.000,0.000,0.000,0.000,0.000,0.000,0,0.417,23.726,312,317,1515,62.381,163.880,14.811,163.880,2899.733,69,1,H.264,96.722,0,0,162.818,163.789,0.999,121.887,95.648,arrival-gap-jitter-spike,13355.192,0,1,1,1,1,16254.925,531.198,532.163,532.259,532.259,0,0,4,0,0,2,1,latency-pressure freshness,latency-over-80ms,145.626,148.233,416,1,H.264,0,0,0,0,0,0,0,0,0,0,,100.485,0.000,103.032,4.223,0.000,111.143,131.430,stale-before-decode,0.001,439,0.000,108.179,5.584,0.090,0.269,0.001,0.000,0.269,1,0,0,1,3,0.064,23.748,23.726,20.362,23.828,1.000,Loss,0,1,0,0.000,2,2,2,1,0.060,0.000,0.060,0,100,0,12905,12096,774,0,752
17.262,Custom_loss6_delay0-100_dup0_reorder6_burst0,Loopback,1,1,0,,,0.000,0,21,466,19.005,17.141,17.277,84.127,103.059,47.999,51.777,28.285,0.062,0.253,12750,847,11990,11143,1636,985,74,480,415,65,97,0,11144,345,117,0,0,0,0,5.000,0,0,0,0,0,0,0,0,0,0,0,0,0,0,0,0.000,0.000,0.000,,339,339,1603,0,1,25.270,162.818,26.373,163.789,0.000,0.000,333,333,6536,410,111,0,1118,1839,466,1,completed,completed,H.264,0,0,3,3,0,0,0,0,0,0,0,0,13573,0,0,0,0,0,0,36.236,74,74,65,63,65,0,64.220,18.820,73.155,0,0,213,19,232,0,80,3,0.500,0.500,0.918,1.000,0.036,45.000,0.400,0.600,0.000,duplicate-guard,625,5291,0,0,375,4908,1118,10678,249,377,1,6,10668,predicted-useful,fec-grace,1878,0.000,93,232,0,0,0,0,0,3,3,3,3,86,1428,86,1428,0,0,0,pacing,1,0.766,10.668,118.668,0,0,3,3,0,0,0,0,4,6,6,0,243,1,1,sent,38,88,0,0,30,1,0,0,7,17,4,6,3,11,444,4,stale-age,0,0,0,0,4,0,0,1,0,2,0,17,0,0,1431,1403,66,0,1,9500000,1200000,3,0,3,13589,13586,16630125,719,882103,421,523260,0,0,0,0,0,3.324,37.330,1171.875,4800.000,698,24720,12745,5696,11975,6279,0.309,17.545,3.955,698,3377936,6249264,2.138,1.950,0.373,11.661,24720,1118,335,10678,224,891,3,111,109,213,6,12,3,1,5,0,0,0,0,0,0,0,0,0,0,102,3,1,0,4,2286,1839,1839,0,0,0,0,0,,disabled,,0,0,0,0,,1,Fixed Quality,Hybrid,85,30,9500,12000,640,360,H.264,480,270,518400,23424,518400,23424,0.045,0.000,,0,0,0.000,3.065,0.000,0.000,0.156,6000,6000,6000,7,7,0,1,9500,0.820,1,3.324,0.000,0,0,0.000,0.000,0,0,0,0,0.319,0.599,0.082,1,0,0,latency-pressure-freshness-hold,20,0,0,37,98,37,50,11,75,75,0,4,large-au-observed,0,,0,0,0.110,19.725,0,,0.000,0.000,0.000,0.000,0,0,0,,17,0,0,16.774,0,468,0.156,0.000,0.000,0.155,0.000,0.110,0.011,1,1,1,1,0,1,1,0,0,0,0,0,1.000,0.000,0.000,27,0,0.000,0,0,0,0.000,0.000,0.000,0.000,0.000,0.000,0.000,2.893,24.785,0,0,0,0,0,0,0,0,0.000,0.000,0.000,0.000,0.000,0.000,0,0.417,17.141,333,339,1603,25.851,163.880,14.811,163.880,2899.733,69,1,H.264,96.722,0,0,162.818,163.789,0.999,121.887,95.648,arrival-gap-jitter-spike,14362.559,0,1,1,1,1,17262.292,531.198,532.163,532.259,532.259,0,0,5,0,0,3,1,latency-pressure freshness,latency-over-80ms,149.423,149.423,458,1,H.264,0,0,0,0,0,0,0,0,0,0,,88.366,0.000,86.683,0.000,0.000,0.000,120.000,stale-before-decode,0.001,467,0.000,91.907,4.797,0.093,0.626,0.251,0.000,0.376,1,0,0,1,3,0.062,19.005,17.141,28.285,17.277,0.500,Loss,0,1,0,0.000,1,2,2,1,0.060,0.000,0.060,0,100,0,13603,12769,812,0,786
18.268,Custom_loss6_delay0-100_dup0_reorder6_burst0,Loopback,1,1,0,,,0.000,0,21,491,20.341,16.617,16.634,102.253,102.885,48.648,51.568,5.127,0.064,0.248,13343,918,12558,11640,1715,1036,79,502,436,66,98,0,11641,364,120,0,0,0,0,5.000,0,0,0,0,0,0,0,0,0,0,0,0,0,0,0,0.000,0.000,0.000,,358,358,1697,0,1,42.993,162.818,44.036,163.789,0.000,0.000,352,352,6844,430,114,0,1170,1923,493,1,nack-sent,pending,H.264,0,1,21,8,13,3,1,1,0,13,0,0,14205,9,0,0,0,0,0,50.853,82,79,66,64,66,0,64.306,19.037,73.155,0,0,227,22,249,0,86,3,0.509,0.491,0.912,1.000,0.034,44.000,0.600,0.400,0.000,stable,662,5499,0,0,394,5090,1170,11104,267,403,1,6,11094,predicted-useful,fec-grace,1967,0.714,100,249,0,0,0,0,0,3,3,3,3,93,1526,93,1526,0,0,0,pacing,1,0.771,4.753,112.753,0,0,3,3,0,0,0,0,4,6,6,0,243,1,1,sent,40,94,0,0,32,1,0,0,7,17,4,6,3,11,471,2,stale-age,0,0,0,0,4,0,0,1,0,2,0,17,0,0,1529,1466,70,0,1,9500000,1200000,9,0,9,14258,14249,17452387,762,935489,444,551912,0,0,0,0,0,0.754,37.330,1179.188,4800.000,731,25874,13333,6003,12541,6538,0.310,13.238,10.832,731,3168735,5736381,3.906,1.690,0.513,9.540,25874,1170,354,11104,239,928,3,114,112,219,6,12,3,1,5,0,0,0,0,0,0,0,0,0,0,105,3,1,0,4,2385,1923,1923,0,0,0,0,0,,disabled,,0,0,0,0,,1,Fixed Quality,Hybrid,85,30,9500,12000,640,360,H.264,480,270,518400,26350,518400,26350,0.051,0.000,,0,0,0.000,1.993,0.000,0.000,0.094,6750,6250,6250,8,8,0,1,9500,0.922,1,6.318,0.000,0,0,0.000,0.000,0,0,0,0,0.329,0.582,0.088,1,0,0,fixed-pacing-queue-hold,22,0,0,39,106,39,54,13,80,80,0,4,large-au-observed,0,,0,0,8.152,22.189,0,,0.000,0.000,0.000,0.000,0,0,0,,18,0,0,5.637,0,495,0.093,0.000,0.000,0.093,0.000,0.067,0.008,1,1,1,1,0,1,1,0,0,0,0,0,1.000,0.000,0.000,24,0,0.000,0,0,0,0.000,0.000,0.000,0.000,0.000,0.000,0.000,1.891,10.211,0,0,0,0,0,0,0,0,0.000,0.000,0.000,0.000,0.000,0.000,0,0.428,16.617,352,358,1697,44.152,163.880,14.811,163.880,2899.733,69,1,H.264,96.722,0,0,162.818,163.789,0.999,121.887,95.648,arrival-gap-jitter-spike,15368.051,0,1,1,1,1,18267.784,531.198,532.163,532.259,532.259,0,0,5,0,0,3,0,,,149.423,149.423,458,1,H.264,0,0,0,0,0,0,0,0,0,0,,102.771,0.000,105.238,0.000,0.000,0.000,131.126,stale-before-decode,0.001,491,0.000,110.679,4.999,0.087,0.641,0.346,0.000,0.295,1,0,0,1,3,0.064,20.341,16.617,5.127,16.634,1.000,RecoveryDeadline,0,1,0,0.500,2,1,1,1,0.060,0.000,0.060,0,100,0,14267,13364,851,0,810
19.268,Custom_loss6_delay0-100_dup0_reorder6_burst0,Loopback,1,1,0,,,0.000,0,21,518,17.262,17.256,17.287,98.604,102.858,57.000,51.908,5.199,0.063,0.253,14020,946,13167,12221,1809,1093,80,534,461,73,102,0,12222,381,129,0,0,0,0,5.000,0,0,0,0,0,0,0,0,0,0,0,0,0,0,0,0.000,0.000,0.000,,375,375,1796,0,1,61.970,162.818,63.130,163.789,0.000,0.000,369,369,7209,454,123,0,1233,2018,520,1,fec-parity,pending,H.264,0,1,22,5,17,2,0,0,0,0,0,0,14947,12,0,0,0,0,0,21.098,86,80,73,71,73,0,65.265,19.282,73.155,0,0,239,24,263,0,93,3,0.518,0.482,0.909,1.000,0.031,45.000,0.500,0.500,0.000,duplicate-guard,703,5769,0,0,415,5325,1233,11604,286,435,2,9,11594,predicted-useful,fec-grace,2070,0.182,104,263,0,0,0,0,0,3,3,3,3,97,1582,97,1582,0,0,0,pacing,1,0.802,7.948,115.948,0,0,3,3,0,0,0,0,4,6,6,0,243,1,1,sent,42,102,0,0,34,1,0,0,7,17,4,6,3,11,498,4,stale-age,0,0,0,0,4,0,0,1,0,2,0,19,0,0,1585,1546,74,0,1,9500000,1200000,6,0,6,14972,14966,18337871,804,987479,470,584296,0,0,0,0,0,3.250,37.330,1043.750,4800.000,768,27183,14016,6311,13167,6856,0.310,14.871,2.482,768,4934070,7979330,1.681,3.022,0.492,8.196,27183,1233,371,11604,251,979,3,123,121,238,6,12,3,1,5,0,0,0,0,0,0,0,0,0,0,114,3,1,0,4,2514,2018,2018,0,0,0,0,0,,disabled,,0,0,0,0,,1,Fixed Quality,Hybrid,85,30,9500,12000,640,360,H.264,480,270,518400,26094,518400,26094,0.050,0.000,,0,0,0.000,2.466,0.000,0.000,0.200,7250,6500,6500,9,9,0,1,9500,1.000,0,15.759,0.000,0,0,0.000,0.000,0,0,0,0,0.327,0.582,0.091,1,0,0,disabled,22,0,0,41,111,41,57,13,84,84,0,4,large-au-observed,0,,0,0,19.488,21.974,0,,0.000,0.000,0.000,0.000,0,0,0,,19,0,0,6.418,0,521,0.200,0.000,0.000,0.200,0.000,0.046,0.138,1,1,1,1,0,1,1,0,0,0,0,0,1.000,0.000,0.000,30,0,0.000,0,0,0,0.000,0.000,0.000,0.000,0.000,0.000,0.000,1.707,9.803,0,0,0,0,0,0,0,0,0.000,0.000,0.000,0.000,0.000,0.000,0,0.350,17.256,369,375,1796,62.921,163.880,14.811,163.880,2899.733,69,1,H.264,96.722,0,0,162.818,163.789,0.999,121.887,95.648,arrival-gap-jitter-spike,16368.572,0,1,1,1,1,19268.305,531.198,532.163,532.259,532.259,0,0,5,0,0,3,0,,,149.423,149.423,458,1,H.264,0,0,0,0,0,0,0,0,0,0,,106.906,0.000,109.468,0.000,0.000,0.000,129.302,stale-before-decode,0.000,518,0.000,115.456,5.628,0.073,0.766,0.520,0.000,0.247,1,0,0,1,3,0.063,17.262,17.256,5.199,17.287,1.000,RecoveryDeadline,0,1,0,0.000,0,2,2,1,0.060,0.000,0.060,0,100,0,14985,14043,899,0,851
20.274,Custom_loss6_delay0-100_dup0_reorder6_burst0,Loopback,1,1,0,,,0.000,0,21,545,21.394,19.441,19.445,118.049,102.855,83.486,53.765,22.475,0.063,0.255,14798,995,13892,12897,1917,1151,89,569,490,79,108,0,12898,401,137,0,0,0,0,5.000,0,0,0,0,0,0,0,0,0,0,0,0,0,0,0,0.000,0.000,0.000,,394,394,1898,0,1,68.128,162.818,69.216,163.789,0.000,0.000,388,388,7607,480,130,0,1296,2130,549,1,fec-recovered,pending,H.264,0,1,23,10,13,3,1,0,0,0,0,0,15778,12,0,0,0,0,0,34.576,89,89,79,77,79,0,65.121,20.317,97.294,0,0,257,26,283,0,95,5,0.500,0.500,0.908,1.000,0.050,45.000,0.222,0.778,0.000,duplicate-guard,742,6078,0,0,438,5605,1296,12168,302,464,2,9,12157,predicted-useful,fec-grace,2177,0.435,115,283,0,0,0,0,0,6,6,6,6,107,1750,107,1750,0,0,0,pacing,1,0.824,7.205,115.205,0,0,6,6,0,0,0,0,5,8,8,0,526,2,2,sent,44,107,0,0,35,1,0,0,8,19,5,8,3,11,539,3,stale-age,0,0,0,0,4,0,0,1,0,2,0,20,0,0,1756,1620,78,0,1,9500000,1200000,0,0,0,15775,15775,19333353,853,1048019,495,615436,0,0,0,0,0,18.129,37.330,8975.000,4800.000,810,28682,14790,6682,13892,7210,0.311,17.703,2.248,810,6451925,9461629,1.411,7.715,0.489,16.859,28682,1296,391,12168,266,1027,3,130,128,252,8,16,2,1,7,0,0,0,0,0,0,0,0,0,0,119,3,1,0,4,2653,2130,2130,0,0,0,0,0,,disabled,,0,0,0,0,,1,Fixed Quality,Hybrid,85,30,9500,12000,640,360,H.264,480,270,518400,0,518400,27136,0.052,0.000,,0,0,0.000,5.727,0.000,4.282,0.664,7250,6750,6750,10,10,0,1,9500,1.000,0,18.129,0.000,0,0,0.000,0.000,0,0,0,0,0.314,0.594,0.092,1,0,0,disabled,0,0,0,43,118,43,60,15,89,89,0,4,async-output-pending,0,,0,0,0.000,0.000,0,,18.129,8975.000,39583.333,0.000,0,0,0,,20,0,0,0.000,1,0,0.654,0.178,0.475,0.000,0.000,0.000,0.000,0,0,1,1,1,0,0,1,1,0,0,0,1.000,0.000,0.000,30,0,0.000,0,0,0,0.000,0.000,0.000,0.000,0.000,0.000,0.000,0.000,30.457,0,0,0,0,0,0,0,0,0.000,0.000,0.000,0.000,0.000,0.000,0,0.341,19.441,388,394,1898,69.311,163.880,14.811,163.880,2899.733,69,1,H.264,96.722,0,0,162.818,163.789,0.999,121.887,95.648,arrival-gap-jitter-spike,17374.545,0,1,1,1,1,20274.278,531.198,532.163,532.259,532.259,0,0,5,0,0,3,0,,,149.423,149.423,458,1,H.264,0,0,0,0,0,0,0,0,0,0,,102.163,0.000,104.937,0.000,0.000,0.000,139.024,stale-before-decode,0.000,545,0.000,109.413,4.127,0.073,0.912,0.659,0.000,0.253,1,0,0,1,3,0.063,21.394,19.441,22.475,19.445,2.000,RecoveryDeadline,0,1,0,0.000,2,2,2,1,0.060,0.000,0.060,0,100,0,15795,14822,940,0,897
21.274,Custom_loss6_delay0-100_dup0_reorder6_burst0,Loopback,1,1,0,,,0.000,0,21,574,18.121,18.154,17.531,96.860,102.999,19.198,51.845,13.538,0.063,0.254,15599,1045,14641,13596,2017,1215,91,598,518,80,113,0,13597,422,144,0,0,0,0,5.000,0,0,0,0,0,0,0,0,0,0,0,0,0,0,0,0.000,0.000,0.000,,415,415,1988,0,1,40.603,162.818,41.648,163.789,0.000,0.000,409,409,8014,502,137,0,1366,2243,577,1,fec-parity,pending,H.264,0,1,24,9,15,1,0,0,0,0,0,0,16620,2,0,0,0,0,0,27.089,98,91,80,78,80,0,65.077,20.077,97.294,0,0,269,27,296,0,95,8,0.519,0.481,0.909,1.000,0.078,33.000,0.800,0.200,1.000,retransmit-late,787,6456,0,0,462,5952,1366,12882,323,495,2,9,12871,predicted-useful,fec-grace,2295,0.375,120,296,0,0,0,0,0,6,6,6,6,112,1837,112,1837,0,0,0,pacing,1,0.829,6.666,114.666,0,0,6,6,0,0,0,0,5,8,8,0,526,2,2,sent,44,107,0,0,35,1,0,0,8,19,5,8,3,11,539,3,stale-age,0,0,0,0,4,0,0,1,0,2,0,20,0,0,1843,1710,82,0,1,9500000,1200000,14,0,14,16658,16644,20398561,896,1100937,521,647820,0,0,0,0,0,0.731,37.330,384.438,4800.000,853,30206,15576,6999,14630,7631,0.310,4.138,1.447,853,5498380,8426142,0.677,-6.686,0.490,10.533,30206,1366,412,12882,278,1085,3,137,135,263,11,21,2,2,9,0,0,0,0,0,0,0,0,0,0,123,3,1,0,4,2792,2243,2243,0,0,0,0,0,,disabled,,0,0,0,0,,1,Fixed Quality,Hybrid,85,30,9500,12000,640,360,H.264,480,270,518400,28178,518400,28178,0.054,0.000,,0,0,0.000,2.030,0.000,0.000,0.075,7250,6750,6750,10,10,0,1,9500,1.000,0,12.641,0.000,0,0,0.000,0.000,0,0,0,0,0.331,0.578,0.091,1,0,0,disabled,24,0,0,45,122,45,62,15,93,93,0,4,large-au-observed,0,,0,0,14.407,23.729,0,,0.000,0.000,0.000,0.000,0,0,0,,21,0,0,5.786,0,578,0.075,0.000,0.000,0.074,0.000,0.044,0.011,1,1,1,1,0,1,1,0,0,0,1,0,0.860,146.978,0.000,26,0,0.000,0,0,0,0.000,0.000,0.000,0.000,0.000,0.000,0.000,1.947,9.999,0,0,0,0,0,0,0,0,0.000,0.000,0.000,0.000,0.000,0.000,0,0.332,18.154,409,415,1988,41.739,163.880,14.811,163.880,2899.733,69,1,H.264,96.722,0,0,162.818,163.789,0.999,121.887,95.648,arrival-gap-jitter-spike,18374.854,0,1,1,1,1,21274.587,531.198,532.163,532.259,532.259,0,0,5,0,0,3,0,,,149.423,149.423,458,1,H.264,0,0,0,0,0,0,0,0,0,0,,104.038,0.000,106.814,0.000,0.000,0.000,128.430,stale-before-decode,0.001,574,0.000,113.179,6.028,0.077,0.877,0.653,0.000,0.224,1,0,0,1,3,0.063,18.121,18.154,13.538,17.531,1.000,RecoveryDeadline,0,1,0,1.500,2,3,3,1,0.060,0.000,0.060,0,100,0,16665,15628,990,0,946
22.275,Custom_loss6_delay0-100_dup0_reorder6_burst0,Loopback,1,1,0,,,0.000,0,21,602,19.719,19.713,15.171,99.152,102.818,71.623,52.886,23.058,0.064,0.260,16381,1114,15392,14278,2116,1274,95,630,546,84,117,0,14279,439,154,0,0,0,0,5.000,0,0,0,0,0,0,0,0,0,0,0,0,0,0,0,0.000,0.000,0.000,,432,432,2079,0,1,26.589,165.845,27.653,166.870,0.000,0.000,426,426,8405,523,147,0,1442,2349,605,1,nack-suppressed-fec-grace,pending,H.264,0,1,24,6,18,1,0,1,4,22,0,0,17462,18,0,0,0,0,0,49.872,104,95,84,82,84,0,65.405,20.024,97.294,0,0,283,27,310,0,98,10,0.523,0.477,0.913,1.000,0.093,25.000,0.500,0.500,0.250,retransmit-late,815,6811,0,0,485,6298,1442,13710,328,504,2,9,13699,predicted-useful,fec-grace,2411,0.000,124,310,0,0,0,0,0,6,6,6,6,116,1905,116,1905,0,0,0,pacing,1,0.821,8.174,116.174,0,0,6,6,0,0,0,0,5,8,8,0,526,2,2,sent,45,110,0,0,36,1,0,0,8,19,5,8,3,11,583,3,stale-age,0,0,0,0,4,0,0,1,0,2,0,20,0,0,1911,1804,86,0,1,9500000,1200000,0,0,0,17482,17482,21424949,940,1155099,550,683322,0,0,0,0,0,19.807,37.330,7003.875,4800.000,898,31771,16379,7317,15392,8075,0.309,57.124,0.000,898,6538634,10263038,1.171,52.425,0.491,29.128,31771,1441,429,13702,293,1145,3,147,145,284,13,24,1,3,10,0,0,0,0,0,0,0,0,0,0,131,3,1,0,4,2932,2349,2349,0,0,0,0,0,,disabled,,0,0,0,0,,1,Fixed Quality,Hybrid,85,30,9500,12000,640,360,H.264,480,270,518400,28178,518400,28178,0.054,0.000,,0,0,0.000,1.911,0.000,0.000,0.076,7250,6750,6750,10,10,0,1,9500,1.000,0,19.807,0.000,0,0,0.000,0.000,0,0,0,0,0.335,0.577,0.087,1,0,0,disabled,24,0,0,47,130,47,66,17,98,98,0,4,large-au-observed,0,,0,0,17.325,23.729,0,,0.000,0.000,0.000,0.000,0,0,0,,22,0,0,3.399,0,606,0.076,0.000,0.000,0.075,0.000,0.049,0.011,1,1,1,1,0,1,1,0,0,0,0,0,1.000,0.000,0.000,30,0,0.000,0,0,0,0.000,0.000,0.000,0.000,0.000,0.000,0.000,1.827,7.801,0,0,0,0,0,0,0,0,0.000,0.000,0.000,0.000,0.000,0.000,0,0.418,19.713,426,432,2079,27.838,166.921,14.811,166.921,21685.676,586,1,H.264,102.411,0,0,165.845,166.870,1.000,111.684,101.326,arrival-gap-jitter-spike,589.963,0,1,1,1,1,22275.639,531.198,532.163,532.259,532.259,0,0,5,0,0,3,0,,,149.423,149.423,458,1,H.264,0,0,0,0,0,0,0,0,0,0,,103.554,0.000,106.332,0.000,0.000,0.000,129.576,stale-before-decode,0.000,602,0.000,112.379,5.614,0.075,1.170,0.873,0.000,0.297,1,0,0,1,3,0.064,19.719,19.713,23.058,15.171,1.000,Jitter,1,1,0,1.000,1,1,1,1,0.060,0.000,0.060,0,100,0,17504,16416,1043,0,996
23.287,Custom_loss6_delay0-100_dup0_reorder6_burst0,Loopback,1,1,0,,,0.000,0,21,632,19.722,17.758,19.326,107.871,102.973,21.888,51.336,4.078,0.063,0.262,17152,1157,16110,14953,2222,1345,99,659,573,86,119,0,14954,459,163,0,0,0,0,5.000,0,0,0,0,0,0,0,0,0,0,0,0,0,0,0,0.000,0.000,0.000,,451,451,2172,0,1,53.749,165.845,54.783,166.870,0.000,0.000,445,444,8809,545,155,0,1521,2467,633,1,fec-recovered,pending,H.264,0,1,24,24,0,6,5,3,13,39,0,0,18249,10,0,0,0,0,0,89.505,109,99,86,84,86,0,64.215,20.715,97.294,0,0,294,31,325,0,101,11,0.524,0.476,0.905,1.000,0.098,20.000,0.429,0.571,0.500,retransmit-late,844,7125,0,0,508,6604,1521,14622,334,512,2,9,14611,predicted-useful,fec-grace,2536,0.000,131,325,0,0,0,0,0,6,6,6,6,122,2006,122,2006,0,0,0,pacing,1,0.784,5.459,113.459,0,0,6,6,0,0,0,0,5,8,8,0,526,2,2,sent,46,113,0,0,36,1,0,0,9,22,5,8,4,14,612,3,selected-repair,0,0,0,0,4,0,0,1,0,2,0,22,0,0,2012,1901,90,0,1,9500000,1200000,6,0,6,18307,18301,22428227,985,1210505,579,719446,0,0,0,0,0,4.946,37.330,1135.125,4800.000,937,33232,17134,7669,16098,8429,0.309,10.138,2.023,937,5532440,9194791,0.974,31.993,0.466,15.119,33232,1521,449,14622,305,1213,3,155,153,299,14,25,1,4,10,0,0,0,0,0,0,0,0,0,0,138,3,1,0,4,3071,2467,2467,0,0,0,0,0,,disabled,,0,0,0,0,,1,Fixed Quality,Hybrid,85,30,9500,12000,640,360,H.264,480,270,518400,28178,518400,28178,0.054,0.000,,0,0,0.000,4.473,0.000,0.000,0.173,7250,6750,6750,10,10,0,1,9500,1.000,0,14.614,0.000,0,0,0.000,0.000,0,0,0,0,0.335,0.569,0.095,1,0,0,disabled,24,0,0,50,136,50,69,17,102,102,0,4,large-au-observed,0,,0,0,18.032,23.729,0,,0.000,0.000,0.000,0.000,0,0,0,,23,0,0,7.765,0,635,0.173,0.000,0.000,0.172,0.000,0.121,0.017,1,1,1,1,0,1,1,0,0,0,0,0,1.000,0.000,0.000,30,0,0.000,0,0,0,0.000,0.000,0.000,0.000,0.000,0.000,0.000,4.282,14.256,0,0,0,0,0,0,0,0,0.000,0.000,0.000,0.000,0.000,0.000,0,0.574,17.758,445,451,2172,55.822,166.921,14.811,166.921,21685.676,586,1,H.264,102.411,0,0,165.845,166.870,1.000,111.684,101.326,arrival-gap-jitter-spike,1601.333,0,1,1,1,1,23287.009,531.198,532.163,532.259,532.259,0,0,5,0,0,3,0,,,149.423,149.423,458,1,H.264,0,0,0,0,0,0,0,0,0,0,,106.148,0.000,109.115,7.967,0.000,122.682,133.935,stale-before-decode,0.000,631,0.000,113.357,4.916,0.073,0.627,0.271,0.000,0.356,1,0,0,1,3,0.063,19.722,17.758,4.078,19.326,1.000,RecoveryDeadline,0,1,0,0.667,6,4,4,1,0.060,0.000,0.060,0,100,0,18324,17180,1097,0,1041
24.288,Custom_loss6_delay0-100_dup0_reorder6_burst0,Loopback,1,1,0,,,0.000,0,21,661,23.492,21.540,21.867,114.585,102.949,95.401,53.434,9.811,0.063,0.258,17972,1207,16877,15670,2327,1407,103,696,603,93,121,0,15671,483,168,0,0,0,0,5.000,0,0,0,0,0,0,0,0,0,0,0,0,0,0,0,0.000,0.000,0.000,,474,474,2264,0,1,31.779,165.845,32.757,166.870,0.000,0.000,468,468,9218,576,159,0,1601,2582,662,1,nack-sent,pending,H.264,0,1,24,20,4,3,2,3,12,30,0,0,19107,13,0,0,0,0,0,82.452,113,103,93,91,93,0,64.336,20.538,97.294,0,0,309,32,341,0,106,11,0.523,0.477,0.906,1.000,0.094,30.000,0.333,0.667,0.000,duplicate-guard,879,7502,0,0,531,6963,1601,15513,346,530,2,9,15501,predicted-useful,fec-grace,2663,0.000,137,341,0,0,0,0,0,6,6,6,6,128,2100,128,2100,0,0,0,pacing,1,0.750,6.215,114.215,0,0,6,6,0,0,0,0,5,8,8,0,526,2,2,sent,47,117,0,0,37,1,0,0,9,22,5,8,4,14,642,4,stale-age,0,0,0,0,4,0,0,1,0,2,0,24,0,0,2106,1996,94,0,1,9500000,1200000,0,0,0,19163,19163,23484519,1031,1267155,606,753082,0,0,0,0,0,17.887,37.330,8890.438,4800.000,982,34825,17954,8090,16871,8781,0.311,13.002,0.096,982,5063885,8184495,1.351,40.297,0.524,9.273,34825,1600,473,15509,320,1277,3,159,157,304,14,25,1,4,10,0,0,0,0,0,0,0,0,0,0,142,3,1,0,4,3207,2582,2582,0,0,0,0,0,,disabled,,0,0,0,0,,1,Fixed Quality,Hybrid,85,30,9500,12000,640,360,H.264,480,270,518400,28176,518400,28176,0.054,0.000,,0,0,0.000,1.907,0.000,0.000,0.087,7250,6750,6750,10,10,0,1,9500,1.000,0,17.887,0.000,0,0,0.000,0.000,0,0,0,0,0.331,0.575,0.094,1,0,0,disabled,24,0,0,52,144,52,73,19,107,107,0,4,large-au-observed,0,,0,0,22.422,23.727,0,,0.000,0.000,0.000,0.000,0,0,0,,24,0,0,7.077,0,664,0.087,0.000,0.000,0.087,0.000,0.059,0.010,1,1,1,1,0,1,1,0,0,0,1,0,0.860,109.232,0.000,26,0,0.000,0,0,0,0.000,0.000,0.000,0.000,0.000,0.000,0.000,1.810,11.580,0,0,0,0,0,0,0,0,0.000,0.000,0.000,0.000,0.000,0.000,0,0.405,21.540,468,474,2264,32.851,166.921,14.811,166.921,21685.676,586,1,H.264,102.411,0,0,165.845,166.870,1.000,111.684,101.326,arrival-gap-jitter-spike,2602.922,0,1,1,1,1,24288.598,531.198,532.163,532.259,532.259,0,0,5,0,0,3,0,,,149.423,149.423,458,1,H.264,0,0,0,0,0,0,0,0,0,0,,102.962,0.000,105.724,0.000,0.000,0.000,137.292,stale-before-decode,0.001,661,0.000,110.738,4.585,0.075,0.851,0.608,0.000,0.243,1,0,0,1,3,0.063,23.492,21.540,9.811,21.867,1.000,Loss,0,1,0,0.333,3,1,1,1,0.060,0.000,0.060,0,100,0,19187,18001,1141,0,1096
25.289,Custom_loss6_delay0-100_dup0_reorder6_burst0,Loopback,1,1,0,,,0.000,0,21,690,24.632,24.612,25.643,98.351,102.927,16.458,51.754,14.734,0.063,0.254,18774,1262,17634,16372,2422,1465,110,720,626,94,127,0,16373,507,173,0,0,0,0,5.000,0,0,0,0,0,0,0,0,0,0,0,0,0,0,0,0.000,0.000,0.000,,498,498,2361,0,1,26.987,165.845,28.075,166.870,0.000,0.000,492,491,9629,601,164,0,1685,2694,691,1,nack-sent,pending,H.264,0,1,24,14,10,2,0,2,6,26,0,0,20005,23,0,0,0,0,0,56.775,118,110,94,92,94,0,64.367,20.635,97.294,0,0,322,33,355,0,110,12,0.518,0.482,0.907,1.000,0.098,25.000,0.600,0.400,0.000,stable,907,7868,0,0,554,7321,1685,16465,351,538,2,9,16453,predicted-useful,fec-grace,2797,0.000,143,355,0,0,0,0,0,7,7,7,7,134,2193,134,2193,0,0,0,pacing,1,0.740,6.444,114.444,0,0,7,7,0,0,0,0,5,8,8,0,526,2,2,sent,49,123,0,0,39,1,0,0,9,22,5,8,4,14,685,4,stale-age,0,0,0,0,4,0,0,1,0,2,0,24,0,0,2200,2100,98,0,1,9500000,1200000,0,0,0,20017,20017,24530813,1075,1321315,632,785474,0,0,0,0,0,17.556,37.330,8655.688,4800.000,1024,36405,18771,8465,17634,9169,0.311,4.170,0.867,1024,4738280,7673371,0.719,16.449,0.484,14.584,36405,1684,497,16455,332,1349,3,164,162,318,15,26,1,5,10,0,0,0,0,0,0,0,0,0,0,146,3,1,0,4,3352,2694,2694,0,0,0,0,0,,disabled,,0,0,0,0,,1,Fixed Quality,Hybrid,85,30,9500,12000,640,360,H.264,480,270,518400,28178,518400,28178,0.054,0.000,,0,0,0.000,2.147,0.000,0.000,0.231,7250,6750,6750,10,10,0,1,9500,1.000,0,17.556,0.000,0,0,0.000,0.000,0,0,0,0,0.332,0.575,0.093,1,0,0,disabled,24,0,0,54,148,54,75,19,111,111,0,4,large-au-observed,0,,0,0,17.787,23.729,0,,0.000,0.000,0.000,0.000,0,0,0,,25,0,0,6.232,0,692,0.231,0.000,0.000,0.230,0.000,0.203,0.010,1,1,1,1,0,1,1,0,0,0,1,0,0.860,25.914,0.000,26,0,0.000,0,0,0,0.000,0.000,0.000,0.000,0.000,0.000,0.000,1.908,20.244,0,0,0,0,0,0,0,0,0.000,0.000,0.000,0.000,0.000,0.000,0,0.491,24.612,492,498,2361,28.028,166.921,14.811,166.921,21685.676,586,1,H.264,102.411,0,0,165.845,166.870,1.000,111.684,101.326,arrival-gap-jitter-spike,3604.009,0,1,1,1,1,25289.685,531.198,532.163,532.259,532.259,0,0,5,0,0,3,0,,,149.423,149.423,458,1,H.264,0,0,0,0,0,0,0,0,0,0,,102.692,0.000,105.410,5.251,0.000,108.012,129.175,stale-before-decode,0.000,689,0.000,111.948,5.251,0.073,0.821,0.548,0.000,0.273,1,0,0,1,3,0.063,24.632,24.612,14.734,25.643,1.000,RecoveryDeadline,0,1,0,0.333,3,1,1,1,0.060,0.000,0.060,0,100,0,20042,18809,1194,0,1139
26.297,Custom_loss6_delay0-100_dup0_reorder6_burst0,Loopback,1,1,0,,,0.000,0,21,717,18.616,18.627,19.090,106.683,102.883,76.957,52.849,2.860,0.062,0.253,19491,1299,18298,16999,2510,1520,115,742,646,96,133,0,17000,528,179,0,0,0,0,5.000,0,0,0,0,0,0,0,0,0,0,0,0,0,0,0,0.000,0.000,0.000,,519,519,2456,0,1,55.475,165.845,56.578,166.870,0.000,0.000,513,512,10012,624,170,0,1756,2797,718,1,fec-recovered,pending,H.264,0,1,22,15,7,2,1,2,6,23,0,0,20744,5,0,0,0,0,0,66.299,121,115,96,94,96,0,64.385,20.828,97.294,0,0,332,35,367,0,114,12,0.513,0.487,0.905,1.000,0.095,29.000,0.600,0.400,0.000,stable,946,8183,0,0,577,7610,1756,17229,367,564,2,9,17216,predicted-useful,likely-arrival,2913,0.000,147,367,0,0,0,0,0,7,7,7,7,138,2253,138,2253,0,0,0,pacing,1,0.764,3.881,111.881,0,0,7,7,0,0,0,0,5,8,8,0,526,2,2,sent,50,127,0,0,40,1,0,0,9,22,5,8,4,14,713,4,stale-age,0,0,0,0,4,0,0,1,0,2,0,26,0,0,2260,2190,102,0,1,9500000,1200000,0,0,0,20769,20769,25453322,1115,1370817,656,815370,0,0,0,0,0,15.046,37.330,7501.875,4800.000,1063,37774,19480,8828,18294,9466,0.312,20.521,0.635,1063,5237211,7917821,1.700,25.259,0.504,10.501,37774,1756,518,17229,344,1407,5,170,168,332,17,30,2,5,12,0,0,0,0,0,0,0,0,0,0,149,4,1,0,4,3485,2797,2797,0,0,0,0,0,,disabled,,0,0,0,0,,1,Fixed Quality,Hybrid,85,30,9500,12000,640,360,H.264,480,270,518400,26096,518400,26096,0.050,0.000,,0,0,0.000,2.125,0.000,0.000,0.145,6000,6250,6250,11,11,0,1,9500,0.820,1,15.046,0.000,0,0,0.000,0.000,0,0,0,0,0.330,0.575,0.095,1,0,0,fixed-pacing-queue-hold,22,0,0,56,152,56,77,19,115,115,0,4,large-au-observed,0,,0,0,13.913,21.976,0,,0.000,0.000,0.000,0.000,0,0,0,,26,0,0,9.746,0,719,0.144,0.000,0.000,0.144,0.000,0.111,0.011,1,1,1,1,0,1,1,0,0,0,1,0,0.860,15.049,0.000,24,0,0.000,0,0,0,0.000,0.000,0.000,0.000,0.000,0.000,0.000,1.969,13.567,0,0,0,0,0,0,0,0,0.000,0.000,0.000,0.000,0.000,0.000,0,0.476,18.627,513,519,2456,56.723,166.921,14.811,166.921,21685.676,586,1,H.264,102.411,0,0,165.845,166.870,1.000,111.684,101.326,arrival-gap-jitter-spike,4611.213,0,1,1,1,1,26296.889,531.198,532.163,532.259,532.259,0,0,5,0,0,3,0,,,149.423,149.423,458,1,H.264,0,0,0,0,0,0,0,0,0,0,,101.210,0.000,103.855,1.008,0.000,111.866,133.341,stale-before-decode,0.001,716,0.000,108.865,6.144,0.093,0.347,0.001,0.000,0.346,1,0,0,1,3,0.063,18.616,18.627,2.860,19.090,1.000,RecoveryDeadline,0,1,0,0.333,3,1,1,1,0.060,0.000,0.060,0,100,0,20795,19522,1240,0,1186
27.299,Custom_loss6_delay0-100_dup0_reorder6_burst0,Loopback,1,1,0,,,0.000,0,21,741,16.181,16.190,11.229,82.703,102.841,99.797,54.805,10.246,0.063,0.256,20109,1353,18882,17529,2597,1572,122,767,666,101,136,0,17530,543,187,0,0,0,0,5.000,0,0,0,0,0,0,0,0,0,0,0,0,0,0,0,0.000,0.000,0.000,,534,534,2555,0,1,70.933,175.743,72.046,176.758,0.000,0.000,528,528,10358,644,178,0,1820,2888,743,1,fec-parity,pending,H.264,0,1,23,4,19,2,0,0,0,0,0,0,21456,22,0,0,0,0,0,15.050,128,122,101,99,101,0,65.044,21.029,97.294,0,0,351,36,387,0,124,12,0.512,0.488,0.907,1.000,0.088,32.000,0.500,0.500,0.000,stable,971,8454,0,0,594,7869,1820,17840,375,576,2,9,17827,predicted-useful,fec-grace,3015,0.826,155,387,0,0,0,0,0,9,9,9,9,146,2380,146,2380,0,0,0,pacing,1,0.833,8.412,116.412,0,0,9,9,0,0,0,0,5,8,8,0,526,2,2,sent,50,127,0,0,40,1,0,0,9,22,5,8,4,14,713,4,stale-age,0,0,0,0,4,0,0,1,0,2,0,26,0,0,2389,2268,106,0,1,9500000,1200000,0,0,0,21437,21437,26278032,1163,1430273,681,846510,0,0,0,0,0,15.068,37.330,6772.125,3635.650,1098,38969,20098,9064,18871,9807,0.311,3.800,0.895,1098,5923337,8620111,1.031,24.775,0.485,17.407,38969,1820,533,17840,359,1456,5,178,176,344,17,30,2,5,12,0,0,0,0,0,0,0,0,0,0,157,4,1,0,4,3609,2888,2888,0,0,0,0,0,,disabled,,0,0,0,0,,1,Fixed Quality,Hybrid,85,30,9500,12000,640,360,H.264,480,270,518400,27138,518400,27138,0.052,0.000,,0,0,0.000,1.750,0.000,0.000,0.092,7250,6500,6500,12,12,0,1,9500,1.000,0,15.068,0.000,0,0,1.271,0.000,1244,0,0,0,0.000,0.000,1.000,1,0,0,disabled,23,0,0,58,160,58,81,21,120,120,0,4,large-au-observed,0,,0,0,18.113,22.853,0,,0.000,0.000,0.000,0.000,0,0,0,,27,0,0,5.884,0,743,0.092,0.000,0.000,0.091,0.000,0.063,0.009,1,1,1,1,0,1,1,0,0,0,1,0,0.860,136.604,0.000,24,0,0.000,0,0,0,0.000,0.000,0.000,0.000,0.000,0.000,0.000,1.647,9.873,0,0,0,0,0,0,0,0,0.000,0.000,0.000,0.000,0.000,0.000,0,0.427,16.191,528,534,2555,72.000,176.827,14.811,176.827,27153.476,737,1,H.264,129.651,0,0,175.743,176.758,1.000,114.958,128.561,arrival-gap-jitter-spike,145.127,0,1,1,1,1,27298.603,531.198,532.163,532.259,532.259,0,0,5,0,0,3,0,,,149.423,149.423,458,1,H.264,0,0,0,0,0,0,0,0,0,0,,98.434,0.000,101.197,0.000,0.000,0.000,121.352,stale-before-decode,0.001,741,0.000,107.080,5.434,0.084,0.254,0.000,0.000,0.253,1,0,0,1,3,0.063,16.181,16.190,10.246,11.229,1.000,Jitter,1,1,0,0.000,1,2,2,1,0.060,0.000,0.060,0,100,0,21464,20141,1287,0,1221
28.302,Custom_loss6_delay0-100_dup0_reorder6_burst0,Loopback,1,1,0,,,0.000,0,21,768,17.655,17.700,13.269,87.591,102.787,96.920,56.490,15.526,0.064,0.260,20837,1413,19575,18162,2698,1634,129,791,687,104,144,0,18163,560,197,0,0,0,0,5.000,0,0,0,0,0,0,0,0,0,0,0,0,0,0,0,0.000,0.000,0.000,,550,550,2650,0,1,40.125,187.114,41.117,188.189,0.000,0.000,544,544,10748,664,187,0,1891,2995,769,1,fec-recovered,pending,H.264,0,1,24,20,4,3,3,1,2,7,0,0,22197,20,0,0,0,0,0,55.687,132,129,104,102,104,0,65.128,20.978,97.294,0,0,365,36,401,0,127,13,0.506,0.494,0.910,1.000,0.093,36.000,0.200,0.800,0.000,duplicate-guard,1004,8789,0,0,617,8185,1891,18598,385,595,2,9,18585,predicted-useful,fec-grace,3126,0.292,161,401,0,0,0,0,0,10,10,10,10,152,2478,152,2478,0,0,0,pacing,1,0.833,10.401,118.401,0,0,10,10,0,0,0,0,5,8,8,0,526,2,2,sent,53,135,0,0,43,1,0,0,9,22,5,8,4,14,763,3,stale-age,0,0,0,0,4,0,0,1,0,2,0,27,0,0,2488,2354,110,0,1,9500000,1200000,14,0,14,22239,22225,27247122,1206,1483349,706,877650,0,0,0,0,0,4.282,37.330,707.438,4800.000,1138,40411,20836,9357,19575,10218,0.310,6.378,1.157,1138,5733111,9755871,1.277,19.245,0.521,12.518,40411,1891,550,18598,371,1515,5,187,185,364,17,30,2,5,12,0,0,0,0,0,0,0,0,0,0,166,4,1,0,4,3748,2995,2995,0,0,0,0,0,,disabled,,0,0,0,0,,1,Fixed Quality,Hybrid,85,30,9500,12000,640,360,H.264,480,270,518400,28176,518400,28176,0.054,0.000,,0,0,0.000,1.936,0.000,0.000,0.106,7250,6750,6750,13,13,0,1,9500,1.000,0,6.294,0.000,0,0,0.000,0.000,0,0,0,0,0.329,0.581,0.090,1,0,0,disabled,24,0,0,60,166,60,85,21,124,124,0,4,large-au-observed,0,,0,0,11.119,23.727,0,,0.000,0.000,0.000,0.000,0,0,0,,28,0,0,5.767,0,771,0.106,0.000,0.000,0.105,0.000,0.050,0.008,1,1,1,1,0,1,1,0,0,0,0,0,1.000,0.000,0.000,30,0,0.000,0,0,0,0.000,0.000,0.000,0.000,0.000,0.000,0.000,1.816,10.085,0,0,0,0,0,0,0,0,0.000,0.000,0.000,0.000,0.000,0.000,0,0.363,17.700,544,550,2650,41.105,188.754,14.811,188.754,27465.856,745,1,H.264,112.997,0,0,187.114,188.189,0.997,126.389,111.352,arrival-gap-jitter-spike,836.295,0,1,1,1,1,28302.151,531.198,532.163,532.259,532.259,0,0,5,0,0,3,0,,,149.423,149.423,458,1,H.264,0,0,0,0,0,0,0,0,0,0,,98.448,0.000,101.140,0.000,0.000,0.000,123.796,stale-before-decode,0.001,768,0.000,106.953,5.439,0.075,0.800,0.583,0.000,0.217,1,0,0,1,3,0.064,17.655,17.700,15.526,13.269,1.000,Jitter,1,1,0,0.000,0,1,1,1,0.060,0.000,0.060,0,100,0,22253,20871,1330,0,1271
29.303,Custom_loss6_delay0-100_dup0_reorder6_burst0,Loopback,1,1,0,,,0.000,0,21,796,19.170,17.243,19.998,105.210,102.931,50.174,56.247,23.307,0.063,0.260,21653,1458,20339,18881,2805,1691,135,831,718,113,148,0,18882,581,204,0,0,0,0,5.000,0,0,0,0,0,0,0,0,0,0,0,0,0,0,0,0.000,0.000,0.000,,570,570,2745,0,1,27.908,187.114,28.858,188.189,0.000,0.000,564,564,11164,694,193,0,1970,3110,799,1,nack-sent,pending,H.264,0,1,24,11,13,0,0,1,0,13,0,0,23072,5,0,0,0,0,0,41.992,135,135,113,111,113,0,65.661,20.754,97.294,0,0,383,37,420,0,132,14,0.500,0.500,0.912,1.000,0.096,40.000,0.143,0.857,0.250,retransmit-late,1039,9124,0,0,640,8503,1970,19365,397,612,2,9,19352,predicted-useful,fec-grace,3253,0.458,170,420,0,0,0,0,0,10,10,10,10,161,2639,161,2639,0,0,0,pacing,1,0.824,6.739,114.739,0,0,10,10,0,0,0,0,5,8,8,0,526,2,2,sent,54,139,0,0,44,1,0,0,9,22,5,8,4,14,794,4,stale-age,0,0,0,0,4,0,0,1,0,2,0,27,0,0,2649,2449,114,0,1,9500000,1200000,0,0,0,23098,23098,28316476,1255,1543731,732,909412,0,0,0,0,0,13.368,37.330,439.375,4800.000,1180,41974,21644,9677,20330,10653,0.309,30.827,0.000,1180,5249489,8690095,1.678,6.047,0.476,12.913,41974,1970,571,19365,386,1579,5,193,191,373,17,30,2,5,12,0,0,0,0,0,0,0,0,0,0,172,4,1,0,4,3890,3110,3110,0,0,0,0,0,,disabled,,0,0,0,0,,1,Fixed Quality,Hybrid,85,30,9500,12000,640,360,H.264,480,270,518400,28178,518400,28178,0.054,0.000,,0,0,0.000,1.956,0.000,0.000,0.078,7250,6750,6750,13,13,0,1,9500,1.000,0,13.368,0.000,0,0,0.000,0.000,0,0,0,0,0.321,0.590,0.088,1,0,0,disabled,24,0,0,62,173,62,88,23,129,129,0,4,large-au-observed,0,,0,0,19.393,23.729,0,,0.000,0.000,0.000,0.000,0,0,0,,29,0,0,3.861,0,800,0.078,0.000,0.000,0.078,0.000,0.053,0.009,1,1,1,1,0,1,1,0,0,0,0,0,1.000,0.000,0.000,30,0,0.000,0,0,0,0.000,0.000,0.000,0.000,0.000,0.000,0.000,1.869,26.049,0,0,0,0,0,0,0,0,0.000,0.000,0.000,0.000,0.000,0.000,0,0.480,17.243,564,570,2745,28.995,188.754,14.811,188.754,27465.856,745,1,H.264,112.997,0,0,187.114,188.189,0.997,126.389,111.352,arrival-gap-jitter-spike,1837.337,0,1,1,1,1,29303.193,531.198,532.163,532.259,532.259,0,0,5,0,0,3,0,,,149.423,149.423,458,1,H.264,0,0,0,0,0,0,0,0,0,0,,107.248,0.000,110.107,0.000,0.000,0.000,132.605,stale-before-decode,0.001,796,0.000,116.436,5.829,0.085,0.293,0.001,0.000,0.292,1,0,0,1,3,0.063,19.170,17.243,23.307,19.998,1.000,RecoveryDeadline,0,1,0,1.000,0,1,1,1,0.060,0.000,0.060,0,100,0,23127,21694,1380,0,1327
30.310,Custom_loss6_delay0-100_dup0_reorder6_burst0,Loopback,1,1,0,,,0.000,0,21,823,18.406,18.412,20.879,108.129,102.920,16.137,54.762,6.395,0.062,0.262,22459,1493,21084,19591,2910,1760,138,861,744,117,151,0,19593,601,213,0,0,0,0,5.000,0,0,0,0,0,0,0,0,0,0,0,0,0,0,0,0.000,0.000,0.000,,590,590,2840,0,1,45.680,187.114,46.852,188.189,0.000,0.000,584,584,11578,718,202,0,2041,3231,826,1,nack-sent,pending,H.264,0,1,24,19,5,4,3,2,5,16,0,0,23909,21,0,0,0,0,0,76.982,138,138,117,115,117,0,65.765,21.530,97.294,0,0,393,37,430,0,137,14,0.500,0.500,0.914,1.000,0.093,43.000,0.167,0.833,0.000,duplicate-guard,1080,9468,0,0,664,8820,2041,20056,414,639,2,9,20043,predicted-useful,fec-grace,3371,0.625,174,430,0,0,0,0,0,10,10,10,10,165,2703,165,2703,0,0,0,pacing,1,0.791,11.131,119.131,0,0,10,10,0,0,0,0,5,8,8,0,526,2,2,sent,54,139,0,0,44,1,0,0,9,22,5,8,4,14,794,4,stale-age,0,0,0,0,4,0,0,1,0,2,0,27,0,0,2713,2540,118,0,1,9500000,1200000,0,0,0,23948,23948,29357792,1295,1592915,758,941796,0,0,0,0,0,15.298,37.330,5562.250,4800.000,1225,43534,22450,10066,21084,11018,0.310,2.857,1.367,1225,5065866,8298737,1.549,-1.970,0.482,8.275,43534,2041,591,20056,398,1638,5,202,200,389,17,30,2,5,12,0,0,0,0,0,0,0,0,0,0,181,4,1,0,4,4032,3231,3231,0,0,0,0,0,,disabled,,0,0,0,0,,1,Fixed Quality,Hybrid,85,30,9500,12000,640,360,H.264,480,270,518400,28178,518400,28178,0.054,0.000,,0,0,0.000,1.963,0.000,0.000,0.158,7250,6750,6750,13,13,0,1,9500,1.000,0,16.289,0.000,0,0,0.000,0.000,0,0,0,0,0.321,0.593,0.086,1,0,0,disabled,24,0,0,64,177,64,90,23,133,133,0,4,large-au-observed,0,,0,0,22.017,23.729,0,,0.000,0.000,0.000,0.000,0,0,0,,30,0,0,6.099,0,828,0.158,0.000,0.000,0.157,0.000,0.131,0.009,1,1,1,1,0,1,1,0,0,0,0,0,1.000,0.000,0.000,30,0,0.000,0,0,0,0.000,0.000,0.000,0.000,0.000,0.000,0.000,1.796,10.150,0,0,0,0,0,0,0,0,0.000,0.000,0.000,0.000,0.000,0.000,0,0.386,18.412,584,590,2840,46.710,188.754,14.811,188.754,27465.856,745,1,H.264,112.997,0,0,187.114,188.189,0.997,126.389,111.352,arrival-gap-jitter-spike,2844.436,0,1,1,1,1,30310.292,531.198,532.163,532.259,532.259,0,0,5,0,0,3,0,,,149.423,149.423,458,1,H.264,0,0,0,0,0,0,0,0,0,0,,103.005,0.000,106.006,0.000,0.000,0.000,134.065,stale-before-decode,0.000,823,0.000,111.604,5.194,0.092,0.930,0.697,0.000,0.233,1,0,0,1,3,0.062,18.406,18.412,6.395,20.879,2.000,RecoveryDeadline,0,1,0,1.000,2,2,2,1,0.060,0.000,0.060,0,100,0,23978,22497,1434,0,1372
31.316,Custom_loss6_delay0-100_dup0_reorder6_burst0,Loopback,1,1,0,,,0.000,0,21,852,25.973,18.729,18.975,110.395,102.930,0.322,52.817,52.352,0.063,0.260,23248,1550,21828,20278,3005,1825,143,884,762,122,153,0,20279,624,219,0,0,0,0,5.000,0,0,0,0,0,0,0,0,0,0,0,0,0,0,0,0.000,0.000,0.000,,611,611,2932,0,1,39.939,187.114,40.956,188.189,0.000,0.000,605,605,11964,746,206,0,2110,3340,856,1,fec-parity,pending,H.264,0,1,24,2,22,1,0,0,0,0,0,0,24773,0,0,0,0,0,0,7.466,142,143,122,120,121,1,65.807,22.061,97.294,0,0,407,37,444,0,140,15,0.498,0.502,0.917,1.000,0.097,41.000,0.167,0.833,0.000,duplicate-guard,1113,9770,0,0,687,9104,2110,20698,424,657,2,9,20685,predicted-useful,fec-grace,3489,0.125,180,444,0,0,0,0,0,10,10,10,10,170,2781,170,2781,0,0,0,pacing,1,0.738,5.143,113.143,0,0,10,10,0,0,0,0,6,9,9,0,835,1,1,sent,57,147,0,0,46,1,0,0,10,23,6,9,4,14,851,3,stale-age,0,0,0,0,4,0,0,1,0,2,0,28,0,0,2791,2627,122,0,1,9500000,1200000,2,0,2,24772,24770,30364834,1339,1647077,783,972944,0,0,0,0,0,8.962,37.330,721.188,4800.000,1268,45057,23240,10439,21817,11378,0.310,19.438,2.239,1268,5191745,8334940,1.591,-15.815,0.476,7.389,45057,2110,614,20698,413,1692,5,206,204,395,17,30,2,5,12,0,0,0,0,0,0,0,0,0,0,185,4,1,0,4,4166,3340,3340,0,0,0,0,0,,disabled,,0,0,0,0,,1,Fixed Quality,Hybrid,85,30,9500,12000,640,360,H.264,480,270,518400,28176,518400,28176,0.054,0.000,,0,0,0.000,1.881,0.000,0.000,0.080,7250,6750,6750,13,13,0,1,9500,1.000,0,8.962,0.000,0,0,0.000,0.000,0,0,0,0,0.320,0.597,0.083,1,0,0,disabled,24,0,0,66,184,66,93,25,138,138,0,4,large-au-observed,0,,0,0,14.024,23.727,0,,0.000,0.000,0.000,0.000,0,0,0,,31,0,0,12.385,0,856,0.080,0.000,0.000,0.080,0.000,0.055,0.009,1,1,1,1,0,1,1,0,0,0,1,0,0.860,66.056,0.000,26,0,0.000,0,0,0,0.000,0.000,0.000,0.000,0.000,0.000,0.000,1.794,16.261,0,0,0,0,0,0,0,0,0.000,0.000,0.000,0.000,0.000,0.000,0,0.367,18.729,605,611,2932,40.914,188.754,14.811,188.754,27465.856,745,1,H.264,112.997,0,0,187.114,188.189,0.997,126.389,111.352,arrival-gap-jitter-spike,3850.336,0,1,1,1,1,31316.192,531.198,532.163,532.259,532.259,0,0,5,0,0,3,0,,,149.423,149.423,458,1,H.264,0,0,0,0,0,0,0,0,0,0,,98.311,0.000,101.151,0.000,0.000,0.000,120.000,stale-before-decode,0.001,853,0.000,107.071,5.536,0.073,0.833,0.518,0.000,0.315,1,0,0,1,3,0.063,25.973,18.729,52.352,18.975,2.000,RecoveryDeadline,0,1,0,1.000,1,1,1,1,0.060,0.000,0.060,0,100,0,24801,23287,1475,0,1407
32.322,Custom_loss6_delay0-100_dup0_reorder6_burst0,Loopback,1,1,0,,,0.000,0,21,880,22.608,21.941,21.347,102.464,102.918,0.322,52.817,18.366,0.063,0.261,24032,1612,22568,20956,3096,1882,147,910,786,124,157,0,20957,644,227,0,0,0,0,5.000,0,0,0,0,0,0,0,0,0,0,0,0,0,0,0,0.000,0.000,0.000,,631,631,3020,0,1,25.847,187.114,27.052,188.189,0.000,0.000,625,625,12364,768,214,0,2180,3454,881,1,expired-no-slack,expired,H.264,0,1,24,22,2,5,4,3,8,26,0,0,25555,22,0,0,0,0,0,124.175,145,147,124,122,123,1,66.007,21.932,97.294,0,0,416,38,454,0,144,15,0.497,0.503,0.916,1.000,0.094,44.000,0.250,0.750,0.000,duplicate-guard,1152,10124,0,0,711,9434,2180,21414,439,681,2,9,21401,predicted-useful,fec-grace,3601,0.708,186,454,0,0,0,0,0,10,10,10,10,176,2892,176,2892,0,0,0,pacing,1,0.831,6.020,114.020,0,0,10,10,0,0,0,0,6,9,9,0,835,1,1,sent,59,151,0,0,48,1,0,0,10,23,6,9,4,14,878,2,stale-age,0,0,0,0,4,0,0,1,0,2,0,28,0,0,2902,2713,126,0,1,9500000,1200000,0,0,0,25622,25622,31408656,1379,1696263,807,1002840,0,0,0,0,0,26.818,37.330,16501.625,4800.000,1311,46571,24010,10775,22561,11786,0.310,5.306,0.845,1311,5301094,8900296,0.716,-15.815,0.525,13.872,46571,2180,634,21414,425,1750,5,214,212,410,18,32,2,5,13,0,0,0,0,0,0,0,0,0,0,192,4,1,0,4,4306,3454,3454,0,0,0,0,0,,disabled,,0,0,0,0,,1,Fixed Quality,Hybrid,85,30,9500,12000,640,360,H.264,480,270,518400,0,518400,28178,0.054,0.000,,0,0,0.000,5.556,0.000,4.739,0.787,7250,6750,6750,13,13,0,1,9500,1.000,0,26.818,0.000,0,0,0.000,0.000,0,0,0,0,0.319,0.597,0.084,1,0,0,disabled,0,0,0,68,188,68,95,25,142,142,0,4,async-output-pending,0,,0,0,0.000,0.000,0,,26.788,18871.438,39583.333,0.000,0,0,0,,32,0,0,0.000,1,0,0.775,0.251,0.522,0.000,0.000,0.000,0.000,0,0,1,1,1,0,0,1,1,0,0,0,1.000,0.000,0.000,30,0,0.000,0,0,0,0.000,0.000,0.000,0.000,0.000,0.000,0.000,0.000,28.985,0,0,0,0,0,0,0,0,0.000,0.000,0.000,0.000,0.000,0.000,0,0.410,21.941,625,631,3020,25.876,188.754,14.811,188.754,27465.856,745,1,H.264,112.997,0,0,187.114,188.189,0.997,126.389,111.352,arrival-gap-jitter-spike,4856.333,0,1,1,1,1,32322.189,531.198,532.163,532.259,532.259,0,0,5,0,0,3,0,,,149.423,149.423,458,1,H.264,0,0,0,0,0,0,0,0,0,0,,103.163,0.000,105.945,0.000,0.000,0.000,131.232,stale-before-decode,0.001,880,0.000,111.217,4.851,0.081,0.279,0.001,0.000,0.279,1,0,0,1,3,0.063,22.608,21.941,18.366,21.347,2.000,RecoveryDeadline,0,1,0,2.000,1,2,2,1,0.060,0.000,0.060,0,100,0,25654,24073,1538,0,1455
33.323,Custom_loss6_delay0-100_dup0_reorder6_burst0,Loopback,1,1,0,,,0.000,0,21,911,14.775,14.544,17.701,77.363,102.877,8.533,51.290,54.373,0.062,0.263,24900,1656,23374,21718,3198,1941,151,944,816,128,162,0,21719,664,237,0,0,0,0,5.000,0,0,0,0,0,0,0,0,0,0,0,0,0,0,0,0.000,0.000,0.000,,651,651,3119,0,1,12.222,187.114,13.310,188.189,0.000,0.000,645,645,12786,792,224,0,2255,3562,913,1,nack-sent,pending,H.264,0,1,24,17,7,3,2,1,0,7,0,0,26529,19,0,0,0,0,0,48.889,152,151,128,126,127,1,65.975,21.948,97.294,0,0,431,38,469,0,152,17,0.502,0.498,0.919,1.000,0.101,43.000,0.333,0.667,0.000,duplicate-guard,1195,10441,0,0,736,9726,2255,22062,457,706,2,9,22049,predicted-useful,fec-grace,3721,0.292,191,469,0,0,0,0,0,10,10,10,10,181,2964,181,2964,0,0,0,pacing,1,0.733,7.972,115.972,0,0,10,10,0,0,0,0,6,9,9,0,835,1,1,sent,60,153,0,0,49,1,0,0,10,23,6,9,4,14,908,2,stale-age,0,0,0,0,6,0,0,1,0,2,0,28,0,0,2974,2805,130,0,1,9500000,1200000,0,0,0,26537,26537,32529684,1424,1751669,833,1035232,0,0,0,0,0,12.207,37.330,1774.125,4800.000,1358,48267,24895,11111,23372,12261,0.309,13.223,0.991,1358,6371603,10045388,0.954,8.211,0.453,11.600,48267,2254,654,22055,440,1809,5,224,222,431,19,34,2,5,14,0,0,0,0,0,0,0,0,0,0,201,4,1,0,4,4457,3562,3562,0,0,0,0,0,,disabled,,0,0,0,0,,1,Fixed Quality,Hybrid,85,30,9500,12000,640,360,H.264,480,270,518400,28178,518400,28178,0.054,0.000,,0,0,0.000,1.895,0.000,0.000,0.079,7250,6750,6750,13,13,0,1,9500,1.000,0,12.207,0.000,0,0,0.000,0.000,0,0,0,0,0.324,0.595,0.081,1,0,0,disabled,24,0,0,70,194,70,97,27,147,147,0,4,large-au-observed,0,,0,0,11.786,23.729,0,,0.000,0.000,0.000,0.000,0,0,0,,33,0,0,12.319,0,914,0.079,0.000,0.000,0.079,0.000,0.056,0.008,1,1,1,1,0,1,1,0,0,0,1,0,0.860,179.996,0.000,26,0,0.000,0,0,0,0.000,0.000,0.000,0.000,0.000,0.000,0.000,1.805,9.685,0,0,0,0,0,0,0,0,0.000,0.000,0.000,0.000,0.000,0.000,0,0.500,14.543,645,651,3119,13.244,188.754,14.811,188.754,27465.856,745,1,H.264,112.997,0,0,187.114,188.189,0.997,126.389,111.352,arrival-gap-jitter-spike,5857.234,0,1,1,1,1,33323.090,531.198,532.163,532.259,532.259,0,0,5,0,0,3,0,,,149.423,149.423,458,1,H.264,0,0,0,0,0,0,0,0,0,0,,94.904,0.000,97.699,0.000,0.000,0.000,120.000,stale-before-decode,0.000,911,0.000,103.731,5.517,0.078,0.940,0.685,0.000,0.255,1,0,0,1,3,0.062,14.775,14.544,54.373,17.701,2.000,RecoveryDeadline,0,1,0,1.000,2,2,2,1,0.060,0.000,0.060,0,100,0,26570,24943,1591,0,1501
34.323,Custom_loss6_delay0-100_dup0_reorder6_burst0,Loopback,1,1,0,,,0.000,0,21,937,19.464,18.986,19.727,116.967,103.001,77.071,52.150,13.282,0.063,0.263,25666,1715,24096,22381,3294,1995,156,977,844,133,166,0,22382,683,244,0,0,0,0,5.000,0,0,0,0,0,0,0,0,0,0,0,0,0,0,0,0.000,0.000,0.000,,670,670,3211,0,1,63.612,187.114,64.659,188.189,0.000,0.000,664,664,13193,816,231,0,2326,3665,939,1,nack-sent,pending,H.264,0,1,24,17,7,3,1,2,4,19,0,0,27317,13,0,0,0,0,0,76.503,155,156,133,131,132,1,65.912,21.665,97.294,0,0,444,38,482,0,154,18,0.498,0.502,0.921,1.000,0.105,45.000,0.000,1.000,0.000,duplicate-guard,1246,10744,0,0,759,9989,2326,22646,485,746,2,9,22633,predicted-useful,fec-grace,3834,0.500,196,482,0,0,0,0,0,10,10,10,10,186,3048,186,3048,0,0,0,pacing,1,0.802,10.853,118.853,0,0,10,10,0,0,0,0,6,9,9,0,835,1,1,sent,60,153,0,0,49,1,0,0,10,23,6,9,4,14,908,2,stale-age,0,0,0,0,6,0,0,1,0,2,0,28,0,0,3058,2894,134,0,1,9500000,1200000,0,0,0,27360,27360,33537986,1467,1804587,859,1067002,0,0,0,0,0,15.210,37.330,5673.500,4800.000,1400,49747,25658,11432,24089,12657,0.308,15.106,0.970,1400,5923670,9372986,0.810,20.276,0.486,15.244,49747,2325,673,22639,452,1868,5,231,229,446,20,36,2,5,15,0,0,0,0,0,0,0,0,0,0,207,4,1,0,4,4600,3665,3665,0,0,0,0,0,,disabled,,0,0,0,0,,1,Fixed Quality,Hybrid,85,30,9500,12000,640,360,H.264,480,270,518400,28176,518400,28176,0.054,0.000,,0,0,0.000,2.283,0.000,0.000,0.122,7250,6750,6750,13,13,0,1,9500,1.000,0,15.210,0.000,0,0,0.000,0.000,0,0,0,0,0.322,0.600,0.079,1,0,0,disabled,24,0,0,73,198,73,98,27,151,151,0,4,large-au-observed,0,,0,0,17.757,23.727,0,,0.000,0.000,0.000,0.000,0,0,0,,34,0,0,6.220,0,941,0.122,0.000,0.000,0.082,0.000,0.056,0.009,1,1,1,1,0,1,1,0,0,0,1,0,0.860,105.436,0.000,26,0,0.000,0,0,0,0.000,0.000,0.000,0.000,0.000,0.000,0.000,2.145,10.256,0,0,0,0,0,0,0,0,0.000,0.000,0.000,0.000,0.000,0.000,0,0.401,18.986,664,670,3211,64.662,188.754,14.811,188.754,27465.856,745,1,H.264,112.997,0,0,187.114,188.189,0.997,126.389,111.352,arrival-gap-jitter-spike,6857.405,0,1,1,1,1,34323.261,531.198,532.163,532.259,532.259,0,0,5,0,0,3,0,,,149.423,149.423,458,1,H.264,0,0,0,0,0,0,0,0,0,0,,105.932,0.000,108.753,0.000,0.000,0.000,138.483,stale-before-decode,0.001,937,0.000,114.252,5.082,0.073,0.785,0.482,0.000,0.303,1,0,0,1,3,0.063,19.464,18.986,13.282,19.727,1.000,Loss,0,1,0,1.000,2,2,2,1,0.060,0.000,0.060,0,100,0,27394,25711,1638,0,1555
35.330,Custom_loss6_delay0-100_dup0_reorder6_burst0,Loopback,1,1,0,,,0.000,0,21,965,23.217,20.920,19.865,106.818,103.049,14.683,50.941,3.845,0.063,0.263,26406,1766,24795,23029,3392,2052,164,1005,870,135,171,0,23030,703,251,0,0,0,0,5.000,0,0,0,0,0,0,0,0,0,0,0,0,0,0,0,0.000,0.000,0.000,,690,690,3309,0,1,45.039,187.114,46.917,188.189,0.000,0.000,684,684,13590,838,238,0,2390,3782,967,1,nack-suppressed-fec-grace,pending,H.264,0,1,24,7,17,1,0,0,0,0,0,0,28139,12,0,0,0,0,0,48.199,157,164,135,133,134,1,66.075,21.648,97.294,0,0,456,38,494,0,156,18,0.489,0.511,0.923,1.000,0.103,45.000,0.200,0.800,0.000,duplicate-guard,1283,11047,0,0,780,10264,2390,23216,501,774,2,9,23200,predicted-useful,fec-grace,3939,0.000,200,494,0,0,0,0,0,10,10,10,10,190,3108,190,3108,0,0,0,pacing,1,0.763,14.392,122.392,0,0,10,10,0,0,0,0,6,9,9,0,835,1,1,sent,61,156,0,0,50,1,0,0,10,23,6,9,4,14,964,3,stale-age,0,0,0,0,6,0,0,1,0,2,0,29,0,0,3118,2974,138,0,1,9500000,1200000,0,0,0,28152,28152,34508300,1509,1856259,885,1098770,0,0,0,0,0,15.839,37.330,2974.688,4800.000,1441,51200,26405,11751,24795,13044,0.308,6.157,0.378,1441,5046716,8131101,1.067,3.744,0.524,10.631,51200,2390,693,23216,467,1918,5,238,236,459,20,36,2,5,15,0,0,0,0,0,0,0,0,0,0,214,4,1,0,4,4740,3782,3782,0,0,0,0,0,,disabled,,0,0,0,0,,1,Fixed Quality,Hybrid,85,30,9500,12000,640,360,H.264,480,270,518400,28178,518400,28178,0.054,0.000,,0,0,0.000,1.928,0.000,0.000,0.072,7250,6750,6750,13,13,0,1,9500,1.000,0,15.839,0.000,0,0,0.000,0.000,0,0,0,0,0.318,0.605,0.077,1,0,0,disabled,24,0,0,77,205,77,99,29,156,156,0,4,large-au-observed,0,,0,0,18.128,23.729,0,,0.000,0.000,0.000,0.000,0,0,0,,35,0,0,3.856,0,968,0.072,0.000,0.000,0.072,0.000,0.049,0.008,1,1,1,1,0,1,1,0,0,0,0,0,1.000,0.000,0.000,30,0,0.000,0,0,0,0.000,0.000,0.000,0.000,0.000,0.000,0.000,1.849,26.557,0,0,0,0,0,0,0,0,0.000,0.000,0.000,0.000,0.000,0.000,0,0.434,20.920,684,690,3309,46.079,188.754,14.811,188.754,27465.856,745,1,H.264,112.997,0,0,187.114,188.189,0.997,126.389,111.352,arrival-gap-jitter-spike,7864.056,0,1,1,1,1,35329.912,531.198,532.163,532.259,532.259,0,0,5,0,0,3,0,,,149.423,149.423,458,1,H.264,0,0,0,0,0,0,0,0,0,0,,104.662,0.000,107.517,0.000,0.000,0.000,133.409,stale-before-decode,0.001,965,0.000,112.585,4.611,0.082,0.886,0.662,0.000,0.224,1,0,0,1,3,0.063,23.217,20.920,3.845,19.865,1.000,Loss,0,1,0,0.000,3,2,2,1,0.060,0.000,0.060,0,100,0,28187,26453,1682,0,1605
36.332,Custom_loss6_delay0-100_dup0_reorder6_burst0,Loopback,1,1,0,,,0.000,0,21,994,21.492,21.061,21.091,114.502,103.210,14.308,49.796,8.675,0.063,0.261,27204,1824,25551,23727,3487,2110,168,1035,895,140,174,0,23728,726,256,0,0,0,0,5.000,0,0,0,0,0,0,0,0,0,0,0,0,0,0,0,0.000,0.000,0.000,,713,713,3402,0,1,54.081,187.114,55.203,188.189,0.000,0.000,707,707,14023,866,243,0,2458,3908,995,1,fec-recovered,pending,H.264,0,1,24,17,7,3,2,1,4,12,0,1,28970,20,28980,0,0,0,0,68.793,159,168,140,138,139,1,65.941,21.329,97.294,0,0,467,40,507,0,160,18,0.486,0.514,0.921,1.000,0.101,45.000,0.000,1.000,0.000,duplicate-guard,1331,11368,0,0,803,10545,2458,23802,526,814,2,9,23785,predicted-useful,fec-grace,4058,0.625,205,507,0,0,0,0,0,10,10,10,10,195,3193,195,3193,0,0,0,pacing,1,0.816,10.854,118.854,0,0,10,10,0,0,0,0,6,9,9,0,835,1,1,sent,64,164,0,0,53,1,0,0,10,23,6,9,4,14,993,3,stale-age,0,0,0,0,6,0,0,1,0,2,0,29,0,0,3203,3065,142,0,1,9500000,1200000,10,0,10,29005,28995,35541482,1552,1909177,910,1129918,0,0,0,0,0,0.802,37.330,321.125,4800.000,1484,52727,27193,12106,25534,13428,0.308,17.955,1.197,1484,4745573,7802495,0.950,2.920,0.455,12.999,52727,2458,716,23802,479,1974,5,243,241,466,20,36,2,5,15,0,0,0,0,0,0,0,0,0,0,219,4,1,0,4,4892,3908,3908,0,0,0,0,0,,disabled,,0,0,0,0,,1,Fixed Quality,Hybrid,85,30,9500,12000,640,360,H.264,480,270,518400,28178,518400,28178,0.054,0.000,,0,0,0.000,2.025,0.000,0.000,0.070,7250,6750,6750,13,13,0,1,9500,1.000,0,11.378,0.000,0,0,0.000,0.000,0,0,0,0,0.314,0.607,0.079,1,0,0,disabled,24,0,0,80,211,80,102,29,160,160,0,4,large-au-observed,0,,0,0,13.840,23.729,0,,0.000,0.000,0.000,0.000,0,0,0,,36,0,0,12.841,0,997,0.069,0.000,0.000,0.069,0.000,0.052,0.005,1,1,1,1,0,1,1,0,0,0,1,0,0.860,179.996,0.000,26,0,0.000,0,0,0,0.000,0.000,0.000,0.000,0.000,0.000,0.000,1.946,10.158,0,0,0,0,0,0,0,0,0.000,0.000,0.000,0.000,0.000,0.000,0,0.377,21.061,707,713,3402,55.167,188.754,14.811,188.754,27465.856,745,1,H.264,112.997,0,0,187.114,188.189,0.997,126.389,111.352,arrival-gap-jitter-spike,8866.251,0,1,1,1,1,36332.107,531.198,532.163,532.259,532.259,0,0,5,0,0,3,0,,,149.423,149.423,458,1,H.264,0,0,0,0,0,0,0,0,0,0,,106.574,0.000,109.323,0.000,0.000,0.000,137.251,stale-before-decode,0.001,994,0.000,114.215,4.500,0.075,0.910,0.595,0.000,0.316,1,0,0,1,3,0.063,21.492,21.061,8.675,21.091,1.000,RecoveryDeadline,0,1,0,2.000,1,2,2,1,0.060,0.000,0.060,0,100,0,29031,27248,1740,0,1654
37.336,Custom_loss6_delay0-100_dup0_reorder6_burst0,Loopback,1,1,0,,,0.000,0,21,1022,22.877,19.956,20.043,103.365,103.119,95.830,51.191,24.202,0.063,0.261,28013,1868,26294,24426,3587,2163,173,1072,930,142,179,0,24427,746,263,0,0,0,0,5.000,0,0,0,0,0,0,0,0,0,0,0,0,0,0,0,0.000,0.000,0.000,,733,733,3503,0,1,66.848,187.114,67.914,188.189,0.000,0.000,727,727,14419,888,250,0,2522,4022,1023,1,nack-deferred-likely-arrival,pending,H.264,0,1,24,23,1,3,3,2,9,19,0,0,29803,1,0,0,0,0,0,95.800,162,173,142,140,141,1,66.056,21.128,97.294,0,0,477,40,517,0,163,18,0.484,0.516,0.923,1.000,0.099,43.000,0.000,1.000,0.000,insufficient-sample,1374,11704,0,0,827,10854,2522,24391,545,841,2,9,24374,deferred-likely-arrival,likely-arrival,4166,0.708,209,517,0,0,0,0,0,11,11,11,11,199,3256,199,3256,0,0,0,pacing,1,0.787,11.710,119.710,0,0,11,11,0,0,0,0,6,9,9,0,835,1,1,sent,64,164,0,0,53,1,0,0,10,23,6,9,4,14,993,3,stale-age,0,0,0,0,6,0,0,1,0,2,0,29,0,0,3267,3147,146,0,1,9500000,1200000,0,0,0,29855,29855,36594666,1592,1958363,934,1159184,0,0,0,0,0,17.755,37.330,8631.938,4800.000,1528,54284,27996,12405,26288,13883,0.307,43.268,3.880,1528,5554779,8982138,2.503,18.640,0.493,18.860,54284,2522,736,24391,494,2023,5,250,248,480,21,38,2,5,16,0,0,0,0,0,0,0,0,0,0,225,4,1,0,4,5030,4022,4022,0,0,0,0,0,,disabled,,0,0,0,0,,1,Fixed Quality,Hybrid,85,30,9500,12000,640,360,H.264,480,270,518400,0,518400,28178,0.054,0.000,,0,0,0.000,4.476,0.000,3.758,0.692,7250,6750,6750,13,13,0,1,9500,1.000,0,17.755,0.000,0,0,0.000,0.000,0,0,0,0,0.313,0.609,0.077,1,0,0,disabled,0,0,0,84,217,84,103,30,165,165,0,4,async-output-pending,0,,0,0,0.000,0.000,0,,17.475,10722.688,39583.333,0.000,0,0,0,,37,0,0,0.000,1,0,0.683,0.149,0.533,0.000,0.000,0.000,0.000,0,0,1,1,1,0,0,1,1,0,0,0,1.000,0.000,0.000,30,0,0.000,0,0,0,0.000,0.000,0.000,0.000,0.000,0.000,0.000,0.000,20.061,0,0,0,0,0,0,0,0,0.000,0.000,0.000,0.000,0.000,0.000,0,0.357,19.958,727,733,3503,67.845,188.754,14.811,188.754,27465.856,745,1,H.264,112.997,0,0,187.114,188.189,0.997,126.389,111.352,arrival-gap-jitter-spike,9870.706,0,1,1,1,1,37336.562,531.198,532.163,532.259,532.259,0,0,5,0,0,3,0,,,149.423,149.423,458,1,H.264,0,0,0,0,0,0,0,0,0,0,,97.469,0.000,100.307,0.000,0.000,0.000,131.683,stale-before-decode,0.001,1022,0.000,105.770,5.092,0.074,0.697,0.442,0.000,0.255,1,0,0,1,3,0.063,22.877,19.956,24.202,20.043,0.750,Loss,0,1,0,1.000,0,1,1,1,0.060,0.000,0.060,0,100,0,29892,28060,1789,0,1706
38.337,Custom_loss6_delay0-100_dup0_reorder6_burst0,Loopback,1,1,0,,,0.000,0,21,1050,22.204,17.803,16.026,86.786,103.110,84.331,52.166,16.657,0.062,0.262,28727,1890,26951,25061,3679,2215,181,1099,955,144,184,0,25062,767,272,0,0,0,0,5.000,0,0,0,0,0,0,0,0,0,0,0,0,0,0,0,0.000,0.000,0.000,,752,752,3599,0,1,27.362,191.706,28.380,191.978,0.000,0.000,746,745,14770,911,257,0,2585,4115,1051,1,fec-recovered,pending,H.264,0,1,22,20,2,3,3,1,2,5,0,0,30570,8,0,0,0,0,0,69.775,165,181,144,142,143,1,65.939,21.323,97.294,0,0,490,43,533,0,164,20,0.477,0.523,0.919,1.000,0.109,44.000,0.500,0.500,0.000,stable,1410,11983,0,0,847,11108,2585,24956,561,866,2,9,24939,predicted-useful,fec-grace,4274,0.227,215,533,0,0,0,0,0,12,12,12,12,205,3345,205,3345,0,0,0,pacing,1,0.761,6.078,114.078,0,0,12,12,0,0,0,0,6,9,9,0,835,1,1,sent,66,167,0,2,53,1,0,0,10,23,6,9,4,14,1035,1,stale-frame-lag,0,0,0,0,6,0,0,1,0,2,0,29,0,0,3357,3227,150,0,1,9500000,1200000,2,0,2,30611,30608,37518395,1636,2012843,958,1189080,0,0,0,0,0,8.248,37.330,1768.188,4800.000,1566,55672,28721,12698,26951,14253,0.307,10.386,1.037,1566,4633250,6896170,1.166,12.612,0.405,19.387,55672,2585,756,24956,509,2070,6,257,255,492,23,41,2,6,17,0,0,0,0,0,0,0,0,0,0,229,5,1,0,4,5148,4115,4115,0,0,0,0,0,,disabled,,0,0,0,0,,1,Fixed Quality,Hybrid,85,30,9500,12000,640,360,H.264,480,270,518400,26096,518400,26096,0.050,0.000,,0,0,0.000,1.915,0.000,0.000,0.069,6000,6250,6250,14,14,0,1,9500,0.820,1,11.404,0.000,0,0,0.000,0.000,0,0,0,0,0.310,0.610,0.081,1,0,0,latency-pressure-freshness-hold,22,0,0,88,224,88,106,30,170,170,0,4,large-au-observed,0,,0,0,15.001,21.976,0,,0.000,0.000,0.000,0.000,0,0,0,,38,0,0,7.132,0,1053,0.069,0.000,0.000,0.069,0.000,0.047,0.006,1,1,1,1,0,1,1,0,0,0,0,0,1.000,0.000,0.000,27,0,0.000,0,0,0,0.000,0.000,0.000,0.000,0.000,0.000,0.000,1.836,10.983,0,0,0,0,0,0,0,0,0.000,0.000,0.000,0.000,0.000,0.000,0,0.591,17.803,746,752,3599,28.351,192.659,14.811,192.659,38088.649,1044,1,H.264,103.810,0,0,191.706,191.978,0.996,90.566,102.846,arrival-gap-jitter-spike,248.178,0,1,1,1,1,38336.827,531.198,532.163,532.259,532.259,0,0,6,0,0,4,1,latency-pressure freshness,latency-over-80ms,148.594,149.423,1036,1,decoded,0,0,0,0,0,0,0,0,0,0,,96.613,0.000,99.134,0.000,0.000,0.000,123.393,stale-before-upload,0.001,1050,0.000,103.836,5.016,0.078,0.544,0.314,0.000,0.229,1,0,0,1,3,0.062,22.204,17.803,16.657,16.026,1.000,Jitter,1,1,0,0.000,0,1,1,1,0.060,0.000,0.060,0,100,0,30647,28778,1822,0,1750
39.337,Custom_loss6_delay0-100_dup0_reorder6_burst0,Loopback,1,1,0,,,0.000,0,21,1077,18.433,19.573,19.306,103.982,103.080,8.724,50.925,1.979,0.062,0.263,29453,1941,27634,25693,3788,2280,192,1130,979,151,186,0,25694,786,280,0,0,0,0,5.000,0,0,0,0,0,0,0,0,0,0,0,0,0,0,0,0.000,0.000,0.000,,771,771,3694,0,1,54.884,191.706,56.231,191.978,0.000,0.000,765,762,15178,937,265,0,2653,4229,1077,1,retransmit-late-after-completed,completed,H.264,1,1,22,22,0,0,0,3,0,8,0,2,31339,2,31339,2,31339,2,1,102.662,167,192,151,149,150,1,63.914,22.338,97.294,0,0,510,46,556,0,166,21,0.465,0.535,0.917,1.000,0.112,45.000,0.143,0.857,0.000,duplicate-guard,1441,12265,0,0,867,11373,2653,25576,572,883,2,9,25559,predicted-useful,likely-arrival,4384,0.000,223,556,0,0,0,0,0,13,13,13,13,211,3431,211,3431,0,0,0,pacing,1,0.748,5.571,113.571,0,0,13,13,0,0,0,0,6,9,9,0,835,1,1,sent,72,186,0,2,57,1,0,0,12,30,6,9,6,21,1077,2,stale-age,0,0,0,0,6,0,0,1,0,2,0,31,0,0,3444,3309,154,0,1,9500000,1200000,9,0,9,31390,31381,38473361,1687,2076031,987,1225196,0,0,0,0,0,0.564,37.330,1073.500,4800.000,1606,57078,29444,12997,27634,14637,0.306,35.406,0.031,1606,5815958,12217203,0.756,-5.031,0.456,16.871,57078,2653,775,25576,529,2118,6,265,263,509,24,43,2,6,18,0,0,0,0,0,0,0,0,0,0,236,5,1,0,4,5296,4229,4229,0,0,0,0,0,,disabled,,0,0,0,0,,1,Fixed Quality,Hybrid,85,30,9500,12000,640,360,H.264,480,270,518400,26096,518400,26096,0.050,0.000,,0,0,0.000,2.037,0.000,0.000,0.245,6250,6250,6250,14,14,0,1,9500,0.855,1,23.315,0.000,0,0,0.000,0.000,0,0,0,0,0.000,1.000,0.000,1,0,0,latency-pressure-freshness-hold,22,0,0,92,232,92,109,31,177,177,0,4,large-au-observed,0,,0,0,25.085,21.976,0,,0.000,0.000,0.000,0.000,0,0,0,,39,0,0,6.267,0,1080,0.244,0.000,0.000,0.244,0.000,0.043,0.169,1,1,1,1,0,1,1,0,0,0,0,0,1.000,0.000,0.000,27,0,0.000,0,0,0,0.000,0.000,0.000,0.000,0.000,0.000,0.000,1.758,10.201,0,0,0,0,0,0,0,0,0.000,0.000,0.000,0.000,0.000,0.000,0,0.332,19.573,765,771,3694,55.898,192.659,14.811,192.659,38088.649,1044,1,H.264,103.810,0,0,191.706,191.978,0.996,90.566,102.846,arrival-gap-jitter-spike,1248.809,0,1,1,1,1,39337.458,531.198,532.163,532.259,532.259,0,0,7,0,0,5,1,latency-pressure freshness,latency-over-80ms,140.928,149.423,1063,1,decoded,0,0,0,0,0,0,0,0,0,0,,102.673,0.000,105.249,4.597,0.000,112.589,131.991,stale-before-upload,0.000,1076,0.000,108.740,4.938,0.079,0.481,0.191,0.000,0.290,1,0,0,1,3,0.062,18.433,19.573,1.979,19.306,1.000,RecoveryDeadline,1,1,0,1.500,2,3,3,1,0.060,0.000,0.060,0,100,0,31420,29502,1874,0,1789
40.344,Custom_loss6_delay0-100_dup0_reorder6_burst0,Loopback,1,1,0,,,0.000,0,21,1103,16.599,19.836,18.716,97.234,103.087,41.700,50.668,19.742,0.063,0.264,30160,2018,28315,26297,3893,2340,204,1157,998,159,192,0,26298,804,288,0,0,0,0,5.000,0,0,0,0,0,0,0,0,0,0,0,0,0,0,0,0.000,0.000,0.000,,789,789,3788,0,1,39.565,191.706,40.502,191.978,0.000,0.000,783,780,15576,963,273,0,2722,4333,1106,1,fec-parity,pending,H.264,0,1,22,3,19,1,0,0,0,0,0,0,32159,7,0,0,0,0,0,9.232,171,204,159,157,158,1,62.677,22.792,97.294,0,0,534,44,578,0,171,21,0.456,0.544,0.924,1.000,0.109,45.000,0.200,0.800,0.000,duplicate-guard,1476,12508,0,0,886,11591,2722,26095,588,908,2,9,26078,predicted-useful,fec-grace,4494,0.182,231,578,0,0,0,0,0,14,14,14,14,218,3518,218,3518,0,0,0,pacing,1,0.675,7.540,115.540,0,0,14,14,0,0,0,0,6,9,9,0,835,1,1,sent,79,205,0,2,63,1,0,0,13,33,6,9,7,24,1104,4,stale-age,0,0,0,0,6,0,0,1,0,2,0,33,0,0,3532,3390,158,0,1,9500000,1200000,0,0,0,32140,32140,39410631,1737,2137975,1012,1256040,0,0,0,0,0,9.505,37.330,445.750,4800.000,1645,58454,30154,13317,28300,14983,0.306,18.005,3.147,1645,4917519,8334750,1.768,32.976,0.490,9.209,58454,2722,793,26095,551,2165,6,273,271,527,25,44,1,7,18,0,0,0,0,0,0,0,0,0,0,243,5,1,0,4,5436,4333,4333,0,0,0,0,0,,disabled,,0,0,0,0,,1,Fixed Quality,Hybrid,85,30,9500,12000,640,360,H.264,480,270,518400,26096,518400,26096,0.050,0.000,,0,0,0.000,1.884,0.000,0.000,0.083,6250,6250,6250,14,14,0,1,9500,0.880,1,11.875,0.000,0,0,0.000,0.000,0,0,0,0,0.000,1.000,0.000,1,0,0,latency-pressure-freshness-hold,22,0,0,96,241,96,113,32,184,184,0,4,large-au-observed,0,,0,0,15.450,21.976,0,,0.000,0.000,0.000,0.000,0,0,0,,40,0,0,6.282,0,1106,0.082,0.000,0.000,0.082,0.000,0.058,0.008,1,1,1,1,0,1,1,0,0,0,0,0,1.000,0.000,0.000,27,0,0.000,0,0,0,0.000,0.000,0.000,0.000,0.000,0.000,0.000,1.794,10.318,0,0,0,0,0,0,0,0,0.000,0.000,0.000,0.000,0.000,0.000,0,0.344,19.836,783,789,3788,40.483,192.659,14.811,192.659,38088.649,1044,1,H.264,103.810,0,0,191.706,191.978,0.996,90.566,102.846,arrival-gap-jitter-spike,2255.133,0,1,1,1,1,40343.782,531.198,532.163,532.259,532.259,0,0,8,0,0,6,1,latency-pressure freshness,latency-over-80ms,127.074,149.423,1089,1,decoded,0,0,0,0,0,0,0,0,0,0,,101.884,0.000,104.529,0.000,0.000,0.000,128.617,stale-before-upload,0.001,1103,0.000,110.539,6.057,0.075,0.810,0.551,0.000,0.259,1,0,0,1,3,0.063,16.599,19.836,19.742,18.716,1.000,RecoveryDeadline,0,1,0,0.000,0,2,2,1,0.060,0.000,0.060,0,100,0,32180,30211,1920,0,1833
41.350,Custom_loss6_delay0-100_dup0_reorder6_burst0,Loopback,1,1,0,,,0.000,0,21,1129,20.586,19.123,17.636,101.309,103.123,0.158,49.303,12.350,0.062,0.263,30881,2035,28963,26928,3999,2412,213,1179,1015,164,195,0,26929,825,294,0,0,0,0,5.000,0,0,0,0,0,0,0,0,0,0,0,0,0,0,0,0.000,0.000,0.000,,809,809,3882,0,1,33.855,191.706,34.940,191.978,0.000,0.000,803,800,15971,989,278,0,2781,4446,1131,1,fec-recovered,pending,H.264,0,1,23,13,10,3,2,0,0,0,0,0,32898,10,0,0,0,0,0,34.313,177,213,164,162,163,1,62.925,22.712,97.294,0,0,554,44,598,0,176,22,0.454,0.546,0.926,1.000,0.111,45.000,0.000,1.000,0.000,duplicate-guard,1519,12800,0,0,906,11848,2781,26650,611,943,2,9,26633,predicted-useful,likely-arrival,4600,0.391,239,598,0,3,0,0,0,17,17,17,17,227,3661,227,3661,0,0,0,pacing,1,0.811,13.250,121.250,0,0,16,16,1,1,0,0,6,9,9,0,835,1,1,sent,82,208,0,3,65,1,0,0,13,33,6,9,7,24,1128,1,stale-age,0,0,0,0,6,0,0,1,0,2,0,34,0,0,3681,3466,162,0,1,9500000,1200000,10,0,10,32906,32896,40342235,1786,2198515,1039,1289668,0,0,0,0,0,0.536,37.330,953.562,4800.000,1683,59813,30857,13623,28956,15333,0.306,20.155,0.265,1683,5874502,11590147,1.100,18.072,0.518,15.872,59813,2781,813,26650,569,2206,6,278,276,534,26,45,1,8,18,0,0,0,0,0,0,0,0,0,0,247,5,1,0,4,5570,4446,4446,0,0,0,0,0,,disabled,,0,0,0,0,,1,Fixed Quality,Hybrid,85,30,9500,12000,640,360,H.264,480,270,518400,27136,518400,27136,0.052,0.000,,0,0,0.000,1.844,0.000,0.000,0.082,7250,6500,6500,15,15,0,1,9500,1.000,0,5.330,0.000,0,0,0.000,0.000,0,0,0,0,0.296,0.630,0.074,1,0,0,disabled,23,0,0,100,247,100,115,32,190,190,0,4,large-au-observed,0,,0,0,0.019,22.851,0,,0.000,0.000,0.000,0.000,0,0,0,,41,0,0,9.953,0,1132,0.082,0.000,0.000,0.081,0.000,0.055,0.008,1,1,1,1,0,1,1,0,0,0,0,0,1.000,0.000,0.000,30,0,0.000,0,0,0,0.000,0.000,0.000,0.000,0.000,0.000,0.000,1.755,14.261,0,0,0,0,0,0,0,0,0.000,0.000,0.000,0.000,0.000,0.000,0,0.429,19.124,803,809,3882,34.907,192.659,14.811,192.659,38088.649,1044,1,H.264,103.810,0,0,191.706,191.978,0.996,90.566,102.846,arrival-gap-jitter-spike,3261.757,0,1,1,1,1,41350.406,531.198,532.163,532.259,532.259,0,0,8,0,0,6,0,,,127.074,149.423,1089,1,decoded,0,0,0,0,0,0,0,0,0,0,,104.456,0.000,107.297,0.000,0.000,0.000,130.654,stale-before-upload,0.001,1129,0.000,113.106,5.364,0.082,0.790,0.526,0.000,0.263,1,0,0,1,3,0.062,20.586,19.123,12.350,17.636,1.000,RecoveryDeadline,0,1,0,1.000,0,2,2,1,0.060,0.000,0.060,0,100,0,32937,30933,1959,0,1870
42.351,Custom_loss6_delay0-100_dup0_reorder6_burst0,Loopback,1,1,0,,,0.000,0,21,1156,23.852,23.368,23.320,97.057,103.126,28.114,48.746,26.231,0.062,0.261,31635,2084,29666,27582,4105,2471,218,1219,1049,170,197,0,27583,848,299,0,0,0,0,5.000,0,0,0,0,0,0,0,0,0,0,0,0,0,0,0,0.000,0.000,0.000,,831,831,3976,0,1,70.657,191.706,71.713,191.978,0.000,0.000,824,821,16370,1018,282,0,2844,4558,1157,1,fec-recovered,pending,H.264,1,1,23,15,8,6,2,3,9,45,2,0,33684,22,33691,0,0,0,0,76.146,185,218,170,168,169,1,62.923,22.539,97.294,0,0,573,46,619,0,184,22,0.459,0.541,0.926,1.000,0.107,45.000,0.000,1.000,0.000,duplicate-guard,1554,13065,0,0,927,12087,2844,27216,625,969,2,9,27199,predicted-useful,likely-arrival,4706,0.435,248,619,0,3,0,0,0,18,18,18,18,236,3810,236,3810,0,0,0,pacing,1,0.831,11.230,119.230,0,0,18,18,0,0,0,0,6,9,9,0,835,1,1,sent,83,211,0,3,66,1,0,0,13,33,6,9,7,24,1141,3,stale-age,0,0,0,0,6,0,0,1,0,2,0,34,0,0,3831,3538,166,0,1,9500000,1200000,0,0,0,33681,33681,41307557,1836,2260301,1064,1320808,0,0,0,0,0,17.870,37.330,9683.500,4800.000,1726,61298,31632,13970,29666,15696,0.306,33.684,2.589,1726,6143648,9010221,0.955,20.049,0.476,15.801,61298,2844,836,27216,587,2251,6,282,280,544,26,45,1,8,18,0,0,0,0,0,0,0,0,0,0,251,5,1,0,4,5713,4558,4558,0,0,0,0,0,,disabled,,0,0,0,0,,1,Fixed Quality,Hybrid,85,30,9500,12000,640,360,H.264,480,270,518400,0,518400,27136,0.052,0.000,,0,0,0.000,4.688,0.000,3.990,0.677,7000,6500,6500,15,15,0,1,9500,0.974,1,17.870,0.000,0,0,0.000,0.000,0,0,0,0,0.299,0.627,0.074,1,0,0,fixed-pacing-queue-hold,0,0,0,104,256,104,118,34,197,197,3,4,async-output-pending,0,,0,0,0.000,0.000,0,,17.870,9683.500,49479.167,0.000,0,0,0,,42,0,0,0.000,1,0,0.667,0.166,0.499,0.000,0.000,0.000,0.000,0,0,1,1,1,0,0,1,1,0,0,0,1.000,0.000,0.000,24,0,0.000,0,0,0,0.000,0.000,0.000,0.000,0.000,0.000,0.000,0.000,30.335,0,0,0,0,0,0,0,0,0.000,0.000,0.000,0.000,0.000,0.000,0,0.354,23.368,824,831,3976,71.937,192.659,14.811,192.659,38088.649,1044,1,H.264,103.810,0,0,191.706,191.978,0.996,90.566,102.846,arrival-gap-jitter-spike,4262.164,0,1,1,1,1,42350.813,531.198,532.163,532.259,532.259,0,0,9,0,0,7,1,latency-pressure freshness,latency-over-80ms,145.620,149.423,1130,1,H.264,0,0,0,0,0,0,0,0,0,0,,100.412,0.000,103.120,0.000,0.000,0.000,128.529,stale-before-decode,0.000,1156,0.000,107.997,4.507,0.074,0.920,0.697,0.000,0.223,1,0,0,1,3,0.062,23.852,23.368,26.231,23.320,1.000,RecoveryDeadline,0,1,0,0.000,1,1,1,1,0.060,0.000,0.060,0,100,0,33723,31691,2005,0,1914
43.351,Custom_loss6_delay0-100_dup0_reorder6_burst0,Loopback,1,1,0,,,0.000,0,21,1183,17.436,15.099,14.983,111.783,103.132,34.484,48.380,4.148,0.062,0.261,32423,2154,30422,28268,4205,2533,225,1248,1076,172,199,0,28269,869,307,0,0,0,0,5.000,0,0,0,0,0,0,0,0,0,0,0,0,0,0,0,0.000,0.000,0.000,,850,850,4070,0,1,61.463,191.706,62.650,191.978,0.000,0.000,843,840,16760,1041,288,0,2912,4671,1186,1,nack-sent,pending,H.264,1,1,24,3,21,1,0,1,0,21,0,0,34567,17,0,0,0,0,0,27.814,189,225,172,170,171,1,63.057,22.308,97.294,0,0,586,51,637,0,187,22,0.457,0.543,0.920,1.000,0.105,44.000,0.000,1.000,0.000,insufficient-sample,1592,13366,0,0,949,12365,2912,27865,641,992,2,9,27848,predicted-useful,fec-grace,4821,0.375,256,637,0,3,0,0,0,18,18,18,18,244,3941,244,3941,0,0,0,pacing,1,0.799,9.236,117.236,0,0,18,18,0,0,0,0,6,9,9,0,835,1,1,sent,85,215,0,3,68,1,0,0,13,33,6,9,7,24,1169,2,stale-age,0,0,0,0,6,0,0,1,0,2,0,34,0,0,3962,3623,170,0,1,9500000,1200000,0,0,0,34537,34537,42356911,1884,2319439,1090,1353200,0,0,0,0,0,14.710,37.330,2106.750,4220.900,1769,62831,32409,14349,30422,16073,0.307,7.256,1.524,1769,5265317,8975075,0.657,17.313,0.534,12.553,62831,2911,857,27844,605,2300,6,288,286,553,28,49,2,8,20,0,0,0,0,0,0,0,0,0,0,255,5,1,0,4,5844,4671,4671,0,0,0,0,0,,disabled,,0,0,0,0,,1,Fixed Quality,Hybrid,85,30,9500,12000,640,360,H.264,480,270,518400,0,518400,28176,0.054,0.000,,0,0,0.000,0.015,0.000,0.000,0.007,7250,6750,6750,16,16,0,1,9500,1.000,0,14.710,0.000,0,0,0.000,0.000,0,0,0,0,0.297,0.623,0.080,1,0,0,disabled,0,0,0,108,263,108,121,34,203,203,3,4,async-output-pending,0,,0,0,0.000,0.000,0,,0.000,0.000,0.000,0.000,0,0,0,,43,0,0,0.000,1,0,0.000,0.000,0.000,0.000,0.000,0.000,0.000,0,0,0,0,0,0,0,0,1,1,1,1,1.000,180.000,1.500,30,0,0.000,0,0,0,0.000,0.000,0.000,0.000,0.000,0.000,0.000,0.000,7.503,0,0,0,0,0,0,0,0,0.000,0.000,0.000,0.000,0.000,0.000,0,0.313,15.099,843,850,4070,62.541,192.659,14.811,192.659,38088.649,1044,1,H.264,103.810,0,0,191.706,191.978,0.996,90.566,102.846,arrival-gap-jitter-spike,5262.603,0,1,1,1,1,43351.252,531.198,532.163,532.259,532.259,0,0,9,0,0,7,0,,,145.620,149.423,1130,1,H.264,0,0,0,0,0,0,0,0,0,0,,102.135,0.000,104.921,0.000,0.000,0.000,135.892,stale-before-decode,0.001,1183,0.000,111.140,5.901,0.075,1.029,0.695,0.000,0.334,1,0,0,1,3,0.062,17.436,15.099,4.148,14.983,1.000,RecoveryDeadline,0,1,0,0.000,1,1,1,1,0.060,0.000,0.060,0,100,0,34580,32487,2058,0,1953
44.358,Custom_loss6_delay0-100_dup0_reorder6_burst0,Loopback,1,1,0,,,0.000,0,21,1210,22.123,18.736,16.837,104.787,103.160,112.449,49.982,10.006,0.062,0.260,33103,2178,31042,28864,4301,2593,228,1278,1099,179,202,0,28865,891,313,0,0,0,0,5.000,0,0,0,0,0,0,0,0,0,0,0,0,0,0,0,0.000,0.000,0.000,,871,871,4162,0,1,34.165,191.706,35.195,191.978,0.000,0.000,863,859,17116,1070,293,0,2970,4772,1212,1,fec-parity,pending,H.264,1,1,22,15,7,2,1,3,12,40,1,0,35234,7,35255,0,0,0,0,66.116,195,228,179,177,176,3,63.287,22.471,97.294,0,0,602,49,651,0,193,23,0.461,0.539,0.925,1.000,0.106,39.000,0.375,0.625,0.333,retransmit-late,1626,13615,0,0,968,12588,2970,28371,656,1018,2,9,28354,predicted-useful,likely-arrival,4923,0.364,262,651,0,3,0,0,0,19,19,19,19,248,4004,248,4004,0,0,0,pacing,1,0.831,7.284,115.284,0,0,19,19,0,0,0,0,8,13,13,0,1198,2,2,sent,87,219,0,3,68,1,0,0,15,37,8,13,7,24,1198,2,selected-repair,0,0,0,0,6,0,0,1,0,2,0,34,0,0,4026,3696,174,0,1,9500000,1200000,9,0,9,35270,35261,43249225,1926,2371431,1114,1382800,0,0,0,0,0,0.792,37.330,1154.250,4800.000,1806,64131,33094,14619,31037,16418,0.306,5.481,2.674,1806,3440323,6174428,1.340,29.444,0.481,7.817,64131,2970,878,28371,623,2339,8,293,291,559,29,51,2,8,21,0,0,0,0,0,0,0,0,0,0,258,6,1,0,4,5964,4772,4772,0,0,0,0,0,,disabled,,0,0,0,0,,1,Fixed Quality,Hybrid,85,30,9500,12000,640,360,H.264,480,270,518400,26096,518400,26096,0.050,0.000,,0,0,0.000,1.709,0.000,0.000,0.070,6000,6250,6250,17,17,0,1,9500,0.824,1,17.112,0.000,0,0,0.000,0.000,0,0,0,0,1.000,0.000,0.000,1,0,0,latency-pressure-freshness-hold,22,0,0,112,272,112,124,36,209,209,0,4,large-au-observed,0,,0,0,19.052,21.976,0,,0.000,0.000,0.000,0.000,0,0,0,,44,0,0,6.303,0,1214,0.070,0.000,0.000,0.070,0.000,0.049,0.007,1,1,1,1,0,1,1,0,0,0,0,0,1.000,0.000,0.000,27,0,0.000,0,0,0,0.000,0.000,0.000,0.000,0.000,0.000,0.000,1.631,10.532,0,0,0,0,0,0,0,0,0.000,0.000,0.000,0.000,0.000,0.000,0,0.336,18.735,863,871,4162,35.470,192.659,14.811,192.659,38088.649,1044,1,H.264,103.810,0,0,191.706,191.978,0.996,90.566,102.846,arrival-gap-jitter-spike,6269.241,0,1,1,1,1,44357.890,531.198,532.163,532.259,532.259,0,0,11,0,0,9,2,latency-pressure freshness,latency-over-80ms,121.507,170.887,1190,1,decoded,0,0,0,0,0,0,0,0,0,0,,104.694,0.000,107.062,0.000,0.000,0.000,132.394,stale-before-upload,0.001,1210,0.000,113.470,6.121,0.078,0.965,0.720,0.000,0.245,1,0,0,1,3,0.062,22.123,18.736,10.006,16.837,1.000,RecoveryDeadline,0,1,0,0.000,0,1,1,1,0.060,0.000,0.060,0,100,0,35305,33157,2096,0,1987
45.364,Custom_loss6_delay0-100_dup0_reorder6_burst0,Loopback,1,1,0,,,0.000,0,21,1234,17.525,17.523,17.524,101.181,103.117,48.244,49.939,5.287,0.062,0.261,33812,2222,31697,29475,4399,2651,235,1307,1127,180,206,0,29476,908,321,0,0,0,0,5.000,0,0,0,0,0,0,0,0,0,0,0,0,0,0,0,0.000,0.000,0.000,,888,888,4257,0,1,61.288,191.706,62.349,191.978,0.000,0.000,880,876,17490,1088,301,0,3038,4877,1237,1,nack-sent,pending,H.264,0,1,23,22,1,4,3,3,5,15,0,0,35955,5,0,0,0,0,0,103.985,198,235,180,178,177,3,63.323,22.483,97.294,0,0,613,54,667,0,195,25,0.457,0.543,0.919,1.000,0.114,41.000,0.200,0.800,0.000,duplicate-guard,1661,13916,0,0,989,12866,3038,28978,670,1041,2,9,28961,predicted-useful,likely-arrival,5034,0.043,268,667,0,3,0,0,0,19,19,19,19,254,4085,254,4085,0,0,0,pacing,1,0.750,10.428,118.428,0,0,19,19,0,0,0,0,8,13,13,0,1198,2,2,sent,88,223,0,3,69,1,0,0,15,37,8,13,7,24,1226,4,stale-age,0,0,0,0,6,0,0,1,0,2,0,34,0,0,4107,3782,178,0,1,9500000,1200000,0,0,0,35998,35998,44157731,1971,2426995,1138,1412696,0,0,0,0,0,0.024,37.330,11479.375,169.200,1843,65503,33806,14961,31697,16736,0.307,2.163,1.887,1843,5874339,9019575,1.577,10.714,0.493,12.062,65503,3038,895,28978,637,2393,8,301,299,573,31,53,1,10,21,0,0,0,0,0,0,0,0,0,0,264,6,1,0,4,6094,4877,4877,0,0,0,0,0,,disabled,,0,0,0,0,,1,Fixed Quality,Hybrid,85,30,9500,12000,640,360,H.264,480,270,518400,0,518400,27138,0.052,0.000,,0,0,0.000,0.006,0.000,0.000,0.003,7250,6500,6500,18,18,0,1,9500,1.000,0,2.615,0.000,0,0,0.000,0.000,0,0,0,0,0.297,0.622,0.081,1,0,0,disabled,0,0,0,116,278,116,126,36,214,214,2,4,async-output-pending,0,,0,0,0.000,0.000,0,,0.000,0.000,0.000,0.000,0,0,0,,45,0,0,0.000,1,0,0.000,0.000,0.000,0.000,0.000,0.000,0.000,0,0,0,0,0,0,0,0,1,1,1,1,1.000,180.000,1.500,30,0,0.000,0,0,0,0.000,0.000,0.000,0.000,0.000,0.000,0.000,0.000,7.094,0,0,0,0,0,0,0,0,0.000,0.000,0.000,0.000,0.000,0.000,0,0.382,17.523,880,888,4257,62.394,192.659,14.811,192.659,38088.649,1044,1,H.264,103.810,0,0,191.706,191.978,0.996,90.566,102.846,arrival-gap-jitter-spike,7275.481,0,1,1,1,1,45364.130,531.198,532.163,532.259,532.259,0,0,11,0,0,9,0,,,121.507,170.887,1190,1,decoded,0,0,0,0,0,0,0,0,0,0,,102.146,0.000,104.816,0.000,0.000,0.000,130.590,stale-before-upload,0.001,1234,0.000,111.248,6.043,0.075,0.845,0.541,0.000,0.304,1,0,0,1,3,0.062,17.525,17.523,5.287,17.524,1.000,RecoveryDeadline,0,1,0,0.000,2,1,1,1,0.060,0.000,0.060,0,100,0,36043,33871,2139,0,2031
46.370,Custom_loss6_delay0-100_dup0_reorder6_burst0,Loopback,1,1,0,,,0.000,0,21,1264,20.867,20.867,21.693,88.902,103.118,50.910,49.962,19.952,0.062,0.260,34579,2272,32412,30140,4502,2723,237,1333,1146,187,209,0,30141,931,327,0,0,0,0,5.000,0,0,0,0,0,0,0,0,0,0,0,0,0,0,0,0.000,0.000,0.000,,910,910,4350,0,1,27.021,191.706,27.970,191.978,0.000,0.000,902,898,17883,1118,306,0,3111,4989,1265,1,fec-parity,pending,H.264,1,1,24,21,3,3,2,3,14,37,1,0,36813,23,36821,1,0,0,0,80.959,205,237,187,185,184,3,63.105,22.223,97.294,0,0,629,55,684,0,205,25,0.464,0.536,0.920,1.000,0.109,44.000,0.200,0.800,0.000,duplicate-guard,1692,14193,0,0,1010,13127,3111,29658,680,1057,2,9,29641,predicted-useful,likely-arrival,5153,0.792,275,684,0,3,0,0,0,19,19,19,19,260,4183,260,4183,0,0,0,pacing,1,0.790,8.711,116.711,0,0,19,19,0,0,0,0,9,14,14,0,1252,1,1,sent,90,227,0,3,70,1,0,0,16,38,9,14,7,24,1265,3,stale-age,0,0,0,0,6,0,0,1,0,2,0,34,0,0,4205,3870,182,0,1,9500000,1200000,11,0,11,36840,36829,45178625,2018,2484889,1163,1443844,0,0,0,0,0,0.456,37.330,1102.000,1978.950,1885,66962,34563,15210,32399,17189,0.306,30.104,0.000,1885,6823972,10574178,0.621,9.104,0.455,14.897,66962,3111,918,29658,657,2446,8,306,304,582,31,53,1,10,21,0,0,0,0,0,0,0,0,0,0,269,6,1,0,4,6227,4989,4989,0,0,0,0,0,,disabled,,0,0,0,0,,1,Fixed Quality,Hybrid,85,30,9500,12000,640,360,H.264,480,270,518400,28178,518400,28178,0.054,0.000,,0,0,0.000,2.251,0.000,0.000,0.128,7250,6750,6750,19,19,0,1,9500,1.000,0,9.569,0.000,0,0,3.004,0.000,3732,0,0,0,0.000,0.000,1.000,1,0,0,disabled,24,1,1,120,289,120,130,39,221,221,3,4,decoder-sync-observed,0,,0,0,0.200,23.729,0,,0.000,0.000,0.000,0.000,0,0,0,,46,0,0,4.758,0,1267,0.127,0.000,0.000,0.127,0.000,0.060,0.008,1,1,1,1,0,1,1,0,0,0,1,0,0.860,30.948,0.000,26,0,0.000,0,0,0,0.000,0.000,0.000,0.000,0.000,0.000,0.000,2.114,8.713,0,0,0,0,0,0,0,0,0.000,0.000,0.000,0.000,0.000,0.000,0,0.404,20.867,902,910,4350,28.045,192.659,14.811,192.659,38088.649,1044,1,H.264,103.810,0,0,191.706,191.978,0.996,90.566,102.846,arrival-gap-jitter-spike,8281.187,0,1,1,1,1,46369.836,531.198,532.163,532.259,532.259,0,0,11,0,0,9,0,,,121.507,170.887,1190,1,decoded,0,0,0,0,0,0,0,0,0,0,,97.900,0.000,100.671,0.000,0.000,0.000,124.451,stale-before-upload,0.000,1264,0.000,106.187,5.101,0.079,0.455,0.190,0.000,0.265,1,0,0,1,3,0.062,20.867,20.867,19.952,21.693,1.000,RecoveryDeadline,0,1,0,0.000,0,2,2,1,0.060,0.000,0.060,0,100,0,36875,34636,2190,0,2078
47.371,Custom_loss6_delay0-100_dup0_reorder6_burst0,Loopback,1,1,0,,,0.000,0,21,1291,15.181,15.168,15.541,101.186,103.095,15.915,49.171,38.635,0.062,0.260,35341,2336,33128,30792,4603,2792,245,1356,1168,188,210,0,30793,950,334,0,0,0,0,5.000,0,0,0,0,0,0,0,0,0,0,0,0,0,0,0,0.000,0.000,0.000,,929,929,4449,0,1,26.076,191.706,27.236,191.978,0.000,0.000,921,917,18287,1138,313,0,3177,5105,1292,1,nack-sent,pending,H.264,0,1,24,19,5,5,2,3,8,26,0,0,37602,16,0,0,0,0,0,91.387,210,245,188,186,185,3,63.140,22.269,97.294,0,0,643,53,696,0,209,27,0.462,0.538,0.924,1.000,0.114,39.000,0.333,0.667,0.667,retransmit-late,1731,14505,0,0,1031,13409,3177,30332,698,1087,2,9,30314,predicted-useful,fec-grace,5260,0.542,279,696,0,6,0,0,0,19,19,19,19,265,4268,265,4268,0,0,0,pacing,1,0.813,7.525,115.525,0,0,19,19,0,0,0,0,9,14,14,0,1252,1,1,sent,91,230,0,3,71,1,0,0,16,38,9,14,7,24,1281,3,stale-age,0,0,0,0,6,0,0,1,0,2,0,34,0,0,4293,3951,186,0,1,9500000,1200000,0,0,0,37632,37632,46162047,2060,2536563,1188,1474992,0,0,0,0,0,13.479,37.330,3582.312,2583.600,1929,68468,35340,15535,33128,17593,0.305,22.495,0.049,1929,6740017,10159080,1.184,0.284,0.483,16.987,68468,3176,937,30327,673,2495,8,313,311,595,33,56,1,11,22,0,0,0,0,0,0,0,0,0,0,274,6,1,0,4,6370,5105,5105,0,0,0,0,0,,disabled,,0,0,0,0,,1,Fixed Quality,Hybrid,85,30,9500,12000,640,360,H.264,480,270,518400,0,518400,28176,0.054,0.000,,0,0,0.000,4.673,0.000,4.052,0.602,7250,6750,6750,19,19,0,1,9500,1.000,0,13.479,0.000,0,0,0.000,0.000,0,0,0,0,0.302,0.622,0.076,1,0,0,disabled,0,0,0,124,297,124,134,39,226,226,2,4,async-output-pending,0,,0,0,0.000,0.000,0,,13.479,3582.312,39583.333,0.000,0,0,0,,47,0,0,0.000,1,0,0.592,0.145,0.446,0.000,0.000,0.000,0.000,0,0,1,1,1,0,0,1,1,0,0,0,1.000,0.000,0.000,30,0,0.000,0,0,0,0.000,0.000,0.000,0.000,0.000,0.000,0.000,0.000,28.599,0,0,0,0,0,0,0,0,0.000,0.000,0.000,0.000,0.000,0.000,0,0.373,15.170,921,929,4449,27.264,192.659,14.811,192.659,38088.649,1044,1,H.264,103.810,0,0,191.706,191.978,0.996,90.566,102.846,arrival-gap-jitter-spike,9283.064,0,1,1,1,1,47371.713,531.198,532.163,532.259,532.259,0,0,11,0,0,9,0,,,121.507,170.887,1190,1,decoded,0,0,0,0,0,0,0,0,0,0,,103.643,0.000,106.419,0.000,0.000,0.000,135.593,stale-before-upload,0.000,1291,0.000,111.371,4.573,0.082,0.749,0.511,0.000,0.238,1,0,0,1,3,0.062,15.181,15.168,38.635,15.541,1.000,RecoveryDeadline,0,1,0,0.500,2,1,1,1,0.060,0.000,0.060,0,100,0,37679,35404,2239,0,2117
48.372,Custom_loss6_delay0-100_dup0_reorder6_burst0,Loopback,1,1,0,,,0.000,0,21,1320,27.288,27.267,27.217,119.011,103.105,87.486,50.041,18.711,0.062,0.257,36141,2373,33872,31499,4716,2869,252,1385,1193,192,210,0,31500,975,337,0,0,0,0,5.000,0,0,0,0,0,0,0,0,0,0,0,0,0,0,0,0.000,0.000,0.000,,954,954,4535,0,1,54.396,191.706,55.357,191.978,0.000,0.000,946,941,18687,1167,316,0,3244,5227,1322,1,fec-parity,pending,H.264,1,1,24,5,19,1,0,1,0,19,0,0,38487,11,0,0,0,0,0,25.889,215,252,192,190,189,3,63.316,22.169,97.294,0,0,659,56,715,0,213,27,0.460,0.540,0.922,1.000,0.113,45.000,0.000,1.000,0.000,duplicate-guard,1764,14799,0,0,1052,13687,3244,31011,710,1103,2,9,30993,predicted-useful,likely-arrival,5376,0.792,286,715,0,6,0,0,0,19,19,19,19,272,4385,272,4385,0,0,0,pacing,1,0.810,7.271,115.271,0,0,19,19,0,0,0,0,9,14,14,0,1252,1,1,sent,93,233,0,3,73,1,0,0,16,38,9,14,7,24,1309,2,stale-age,0,0,0,0,8,0,0,1,0,2,0,34,0,0,4410,4035,190,0,1,9500000,1200000,10,0,10,38491,38481,47202695,2109,2596945,1214,1506762,0,0,0,0,0,1.066,37.330,462.438,1138.050,1971,69978,36120,15855,33858,18003,0.305,4.841,2.566,1971,4907459,8198739,1.132,14.542,0.503,20.565,69978,3244,962,31011,693,2543,8,316,314,599,33,56,1,11,22,0,0,0,0,0,0,0,0,0,0,277,6,1,0,4,6504,5227,5227,0,0,0,0,0,,disabled,,0,0,0,0,,1,Fixed Quality,Hybrid,85,30,9500,12000,640,360,H.264,480,270,518400,28178,518400,28178,0.054,0.000,,0,0,0.000,2.146,0.000,0.000,0.137,7250,6750,6750,19,19,0,1,9500,1.000,0,15.435,0.000,0,0,3.176,0.000,3732,0,0,0,0.000,0.000,1.000,1,0,0,disabled,24,1,1,128,308,128,139,41,233,233,3,4,decoder-sync-observed,0,,0,0,17.472,23.729,0,,0.000,0.000,0.000,0.000,0,0,0,,48,0,0,5.952,0,1323,0.137,0.000,0.000,0.136,0.000,0.098,0.013,1,1,1,1,0,1,1,0,0,0,0,0,1.000,0.000,0.000,30,0,0.000,0,0,0,0.000,0.000,0.000,0.000,0.000,0.000,0.000,1.875,9.967,0,0,0,0,0,0,0,0,0.000,0.000,0.000,0.000,0.000,0.000,0,0.358,27.267,946,954,4535,55.413,192.659,14.811,192.659,38088.649,1044,1,H.264,103.810,0,0,191.706,191.978,0.996,90.566,102.846,arrival-gap-jitter-spike,10283.115,0,1,1,1,1,48371.764,531.198,532.163,532.259,532.259,0,0,11,0,0,9,0,,,121.507,170.887,1190,1,decoded,0,0,0,0,0,0,0,0,0,0,,104.947,0.000,107.746,5.317,0.000,128.572,139.505,stale-before-upload,0.000,1319,0.000,110.064,5.729,0.073,1.101,0.798,0.000,0.302,1,0,0,1,3,0.061,27.288,27.267,18.711,27.217,1.000,RecoveryDeadline,0,1,0,1.500,2,3,3,1,0.060,0.000,0.060,0,100,0,38529,36203,2274,0,2170
49.376,Custom_loss6_delay0-100_dup0_reorder6_burst0,Loopback,1,1,0,,,0.000,0,21,1349,21.024,21.005,21.163,107.738,103.095,27.787,49.547,17.769,0.062,0.259,36984,2425,34658,32233,4820,2927,263,1413,1219,194,217,0,32234,994,347,0,0,0,0,5.000,0,0,0,0,0,0,0,0,0,0,0,0,0,0,0,0.000,0.000,0.000,,973,973,4633,0,1,28.583,191.706,29.796,191.978,0.000,0.000,965,961,19108,1188,326,0,3320,5339,1350,1,fec-parity,pending,H.264,0,1,24,15,9,5,1,2,8,30,0,0,39357,21,0,0,0,0,0,81.920,221,263,194,192,191,3,63.257,22.463,97.294,0,0,678,53,731,0,217,31,0.457,0.543,0.927,1.000,0.125,34.000,0.333,0.667,0.500,retransmit-late,1802,15150,0,0,1076,14014,3320,31751,724,1127,2,9,31732,predicted-useful,fec-grace,5496,0.542,292,731,0,6,0,0,0,19,19,19,19,278,4484,278,4484,0,0,0,pacing,1,0.805,9.030,117.030,0,0,19,19,0,0,0,0,9,14,14,0,1252,1,1,sent,96,245,0,3,76,1,0,0,16,38,9,14,7,24,1339,4,stale-age,0,0,0,0,8,0,0,1,0,2,0,34,0,0,4509,4127,194,0,1,9500000,1200000,0,0,0,39377,39377,48300087,2155,2653595,1240,1539154,0,0,0,0,0,9.454,37.330,4010.312,701.250,2017,71614,36966,16249,34648,18399,0.305,11.287,7.076,2017,5183406,8243707,2.528,-0.306,0.493,14.913,71614,3320,981,31751,710,2602,8,326,324,619,37,63,2,12,25,0,0,0,0,0,0,0,0,0,0,283,6,1,0,4,6651,5339,5339,0,0,0,0,0,,disabled,,0,0,0,0,,1,Fixed Quality,Hybrid,85,30,9500,12000,640,360,H.264,480,270,518400,28178,518400,28178,0.054,0.000,,0,0,0.000,2.135,0.000,0.000,0.086,7250,6750,6750,19,19,0,1,9500,1.000,0,13.292,0.000,0,0,4.000,0.801,9378,7512,0,0,0.302,0.625,0.073,1,0,0,disabled,24,1,1,132,314,132,141,41,238,238,1,4,keyframe-g4-priority,0,,0,0,17.324,23.729,0,,0.000,0.000,0.000,0.000,0,0,0,,49,0,0,3.391,0,1352,0.085,0.000,0.000,0.085,0.000,0.057,0.011,1,1,1,1,0,1,1,0,0,0,0,0,1.000,0.000,0.000,30,0,0.000,0,0,0,0.000,0.000,0.000,0.000,0.000,0.000,0.000,2.004,7.153,0,0,0,0,0,0,0,0,0.000,0.000,0.000,0.000,0.000,0.000,0,0.409,21.005,965,973,4633,29.585,192.659,14.811,192.659,38088.649,1044,1,H.264,103.810,0,0,191.706,191.978,0.996,90.566,102.846,arrival-gap-jitter-spike,11287.499,0,1,1,1,1,49376.148,531.198,532.163,532.259,532.259,0,0,11,0,0,9,0,,,121.507,170.887,1190,1,decoded,0,0,0,0,0,0,0,0,0,0,,107.696,0.000,110.462,0.000,0.000,0.000,133.869,stale-before-upload,0.001,1349,0.000,116.174,5.298,0.086,0.395,0.003,0.000,0.392,1,0,0,1,3,0.062,21.024,21.005,17.769,21.163,1.000,Loss,0,1,0,0.000,1,1,1,1,0.060,0.000,0.060,0,100,0,39426,37045,2331,0,2213
50.378,Custom_loss6_delay0-100_dup0_reorder6_burst0,Loopback,1,1,0,,,0.000,0,21,1378,23.123,23.145,22.975,96.052,103.120,68.599,49.961,0.752,0.061,0.258,37792,2475,35414,32939,4928,2992,269,1449,1250,199,218,0,32940,1016,354,0,0,0,0,5.000,0,0,0,0,0,0,0,0,0,0,0,0,0,0,0,0.000,0.000,0.000,,994,994,4728,0,1,41.494,191.706,42.495,191.978,0.000,0.000,986,982,19523,1215,332,0,3393,5459,1381,1,nack-sent,pending,H.264,1,1,24,7,17,0,0,1,0,17,0,0,40262,11,0,0,0,0,0,27.845,224,269,199,197,196,3,63.312,22.320,97.294,0,0,692,53,745,0,219,31,0.454,0.546,0.929,1.000,0.124,42.000,0.200,0.800,0.000,duplicate-guard,1843,15509,0,0,1099,14344,3393,32497,742,1156,2,9,32478,predicted-useful,fec-grace,5612,0.292,297,745,0,7,0,0,0,19,19,19,19,283,4560,283,4560,0,0,0,pacing,1,0.777,9.678,117.678,0,0,19,19,0,0,0,0,9,14,14,0,1252,1,1,sent,96,245,0,3,76,1,0,0,16,38,9,14,7,24,1339,4,stale-age,0,0,0,0,8,0,0,1,0,2,0,34,0,0,4586,4215,197,0,1,9500000,1200000,0,0,0,40231,40231,49346379,2199,2707757,1265,1569672,0,0,0,0,0,20.295,37.330,5816.625,407.050,2061,73183,37778,16626,35405,18779,0.306,2.217,0.802,2061,6647219,10063668,1.286,40.812,0.480,10.685,73183,3391,1003,32464,725,2658,8,332,330,629,37,63,2,12,25,0,0,0,0,0,0,0,0,0,0,289,6,1,0,4,6790,5459,5459,0,0,0,0,0,,disabled,,0,0,0,0,,1,Fixed Quality,Hybrid,85,30,9500,12000,640,360,H.264,480,270,518400,28178,518400,28178,0.054,0.000,,0,0,0.000,2.092,0.000,0.000,0.061,7250,6750,6750,19,19,0,1,9500,1.000,0,20.295,0.000,0,0,0.000,0.000,0,0,0,0,0.301,0.628,0.071,1,0,0,disabled,24,1,1,135,322,135,145,42,243,243,1,4,keyframe-g4-priority,0,,0,0,17.459,23.729,0,,0.000,0.000,0.000,0.000,0,0,0,,50,0,0,5.670,0,1381,0.061,0.000,0.000,0.061,0.000,0.042,0.006,1,1,1,1,0,1,1,0,0,0,0,0,1.000,0.000,0.000,30,0,0.000,0,0,0,0.000,0.000,0.000,0.000,0.000,0.000,0.000,1.999,9.498,0,0,0,0,0,0,0,0,0.000,0.000,0.000,0.000,0.000,0.000,0,0.378,23.145,986,994,4728,42.491,192.659,14.811,192.659,38088.649,1044,1,H.264,103.810,0,0,191.706,191.978,0.996,90.566,102.846,arrival-gap-jitter-spike,12289.934,0,1,1,1,1,50378.583,531.198,532.163,532.259,532.259,0,0,11,0,0,9,0,,,121.507,170.887,1190,1,decoded,0,0,0,0,0,0,0,0,0,0,,101.029,0.000,103.839,0.000,0.000,0.000,128.026,stale-before-upload,0.000,1378,0.000,109.467,5.245,0.074,0.863,0.631,0.000,0.231,1,0,0,1,3,0.061,23.123,23.145,0.752,22.975,1.000,Loss,0,1,0,0.000,0,1,1,1,0.060,0.000,0.060,0,100,0,40281,37857,2382,0,2256
51.385,Custom_loss6_delay0-100_dup0_reorder6_burst0,Loopback,1,1,0,,,0.000,0,21,1407,22.228,22.218,22.223,92.019,103.106,28.457,49.504,3.681,0.062,0.257,38622,2533,36207,33674,5042,3053,277,1488,1282,206,224,0,33675,1039,360,0,0,0,0,5.000,0,0,0,0,0,0,0,0,0,0,0,0,0,0,0,0.000,0.000,0.000,,1017,1017,4824,0,1,40.004,191.706,41.307,191.978,0.000,0.000,1009,1005,19952,1245,339,0,3462,5587,1408,1,fec-parity,pending,H.264,0,1,24,16,8,6,2,1,0,8,0,0,41099,14,0,0,0,0,0,57.800,230,277,206,204,203,3,63.652,22.148,97.294,1,0,714,54,768,0,229,31,0.454,0.546,0.930,1.000,0.119,45.000,0.182,0.818,0.000,duplicate-guard,1876,15766,0,0,1120,14584,3462,33177,754,1173,2,9,33158,predicted-useful,fec-grace,5729,0.333,306,768,0,7,0,0,0,19,19,19,19,292,4714,292,4714,0,0,0,pacing,1,0.822,5.831,113.831,0,0,19,19,0,0,0,0,9,14,14,0,1252,1,1,sent,97,249,0,3,77,1,0,0,16,38,9,14,7,24,1382,4,stale-age,0,0,0,0,8,0,0,1,0,2,0,34,0,0,4740,4300,201,0,1,9500000,1200000,0,0,0,41124,41124,50440613,2252,2773115,1291,1602056,0,0,0,0,0,14.107,37.330,4615.938,152.450,2106,74807,38620,17000,36187,19187,0.306,1.543,0.905,2106,5661281,8823292,0.601,24.621,0.434,12.255,74807,3462,1026,33177,746,2708,8,338,336,642,37,63,2,12,25,0,0,0,0,0,0,0,0,0,0,295,6,1,0,4,6938,5587,5587,0,0,0,0,0,,disabled,,0,0,0,0,,1,Fixed Quality,Hybrid,85,30,9500,12000,640,360,H.264,480,270,518400,28178,518400,28178,0.054,0.000,,0,0,0.000,1.977,0.000,0.000,0.062,7250,6750,6750,19,19,0,1,9500,1.000,0,14.107,0.000,0,0,4.000,0.750,5008,3756,0,0,0.299,0.630,0.070,1,0,0,disabled,24,1,1,139,329,139,148,42,250,250,1,4,keyframe-g4-priority,0,,0,0,17.624,23.729,0,,0.000,0.000,0.000,0.000,0,0,0,,51,0,0,4.695,0,1410,0.062,0.000,0.000,0.062,0.000,0.038,0.009,1,1,1,1,0,1,1,0,0,0,0,0,1.000,0.000,0.000,30,0,0.000,0,0,0,0.000,0.000,0.000,0.000,0.000,0.000,0.000,1.877,8.544,0,0,0,0,0,0,0,0,0.000,0.000,0.000,0.000,0.000,0.000,0,0.433,22.218,1009,1017,4824,40.581,192.659,14.811,192.659,38088.649,1044,1,H.264,103.810,0,0,191.706,191.978,0.996,90.566,102.846,arrival-gap-jitter-spike,13296.718,0,1,1,1,1,51385.367,531.198,532.163,532.259,532.259,0,0,11,0,0,9,0,,,121.507,170.887,1190,1,decoded,0,0,0,0,0,0,0,0,0,0,,100.112,0.000,102.894,0.000,0.000,0.000,126.010,stale-before-upload,0.001,1407,0.000,107.751,4.415,0.086,0.807,0.543,0.000,0.264,1,0,0,1,3,0.062,22.228,22.218,3.681,22.223,1.000,RecoveryDeadline,0,1,0,0.000,1,1,1,1,0.060,0.000,0.060,0,100,0,41175,38684,2436,0,2299
52.391,Custom_loss6_delay0-100_dup0_reorder6_burst0,Loopback,1,1,0,,,0.000,0,21,1436,23.403,23.405,23.385,92.259,103.119,51.810,49.552,7.241,0.061,0.256,39489,2578,37009,34431,5166,3127,287,1526,1312,214,226,0,34432,1063,365,0,0,0,0,5.000,0,0,0,0,0,0,0,0,0,0,0,0,0,0,0,0.000,0.000,0.000,,1041,1041,4920,0,1,34.389,191.706,35.488,191.978,0.000,0.000,1033,1029,20408,1277,344,0,3534,5719,1437,1,nack-sent,pending,H.264,0,1,24,22,2,6,5,3,8,26,0,0,41991,11,0,0,0,0,0,111.210,234,287,214,212,211,3,63.683,22.272,97.294,1,0,736,56,792,0,236,31,0.449,0.551,0.929,1.000,0.116,45.000,0.100,0.900,0.000,duplicate-guard,1919,16088,0,0,1142,14874,3534,33858,775,1205,2,9,33839,predicted-useful,likely-arrival,5848,0.667,314,792,0,7,0,0,0,19,19,19,19,300,4825,300,4825,0,0,0,pacing,1,0.694,7.314,115.314,0,0,19,19,0,0,0,0,9,14,14,0,1252,1,1,sent,100,257,0,3,80,1,0,0,16,38,9,14,7,24,1425,4,stale-age,0,0,0,0,8,0,0,1,0,2,0,34,0,0,4851,4386,205,0,1,9500000,1200000,0,0,0,42018,42018,51536091,2276,2802971,1292,1603300,0,0,0,0,0,14.943,37.330,5731.688,4800.000,2154,76495,39486,17441,37009,19568,0.306,7.781,1.331,2154,5672802,9835250,0.857,24.368,0.452,15.518,76495,3533,1050,33856,770,2755,8,343,341,655,38,67,4,12,26,0,0,0,0,0,0,0,0,0,0,299,6,1,0,4,7096,5719,5719,0,0,0,0,0,,disabled,,0,0,0,0,,1,Fixed Quality,Hybrid,85,30,9500,12000,640,360,H.264,480,270,518400,0,518400,28176,0.054,0.000,,0,0,0.000,4.890,0.000,4.165,0.684,7250,6750,6750,19,19,0,1,9500,1.000,0,14.943,0.000,0,0,0.000,0.000,0,0,0,0,0.295,0.634,0.071,1,0,0,disabled,0,0,0,143,336,143,151,42,257,257,0,4,async-output-pending,0,,0,0,0.000,0.000,0,,0.000,0.000,0.000,0.000,0,0,0,,51,0,0,0.000,1,0,0.676,0.189,0.485,0.000,0.000,0.000,0.000,0,0,1,1,1,0,0,1,1,0,0,0,1.000,0.000,0.000,30,0,0.000,0,0,0,0.000,0.000,0.000,0.000,0.000,0.000,0.000,0.000,32.018,0,0,0,0,0,0,0,0,0.000,0.000,0.000,0.000,0.000,0.000,0,0.488,23.405,1033,1041,4920,35.590,192.659,14.811,192.659,38088.649,1044,1,H.264,103.810,0,0,191.706,191.978,0.996,90.566,102.846,arrival-gap-jitter-spike,14302.385,0,1,1,1,1,52391.034,531.198,532.163,532.259,532.259,0,0,11,0,0,9,0,,,121.507,170.887,1190,1,decoded,0,0,0,0,0,0,0,0,0,0,,101.893,0.000,104.788,0.000,0.000,0.000,126.130,stale-before-upload,0.001,1436,0.000,110.554,5.266,0.087,0.295,0.001,0.000,0.294,1,0,0,1,3,0.061,23.403,23.405,7.241,23.385,1.000,Loss,0,1,0,0.000,0,2,2,1,0.060,0.000,0.060,0,100,0,42070,39554,2484,0,2343
53.392,Custom_loss6_delay0-100_dup0_reorder6_burst0,Loopback,1,1,0,,,0.000,0,21,1465,21.416,21.427,21.379,112.347,103.159,98.102,50.542,51.228,0.061,0.256,40324,2640,37802,35162,5275,3201,301,1544,1328,216,229,0,35163,1085,373,0,0,0,0,5.000,0,0,0,0,0,0,0,0,0,0,0,0,0,0,0,0.000,0.000,0.000,,1062,1062,5015,0,1,96.852,191.706,97.923,191.978,0.000,0.000,1054,1050,20846,1301,351,0,3610,5844,1466,1,nack-sent,pending,H.264,0,1,24,21,3,4,4,3,7,23,0,0,42898,23,0,0,0,0,0,93.633,241,301,216,214,213,3,63.723,22.256,97.294,1,0,759,57,816,0,242,32,0.445,0.555,0.930,1.000,0.117,43.000,0.250,0.750,0.000,duplicate-guard,1953,16409,0,0,1163,15172,3610,34602,787,1224,3,13,34585,predicted-useful,fec-grace,5971,0.125,322,816,0,7,0,0,0,19,19,19,19,308,4941,308,4941,0,0,0,pacing,1,0.747,7.684,115.684,0,0,19,19,0,0,0,0,9,14,14,0,1252,1,1,sent,103,267,0,3,83,1,0,0,16,38,9,14,7,24,1455,2,stale-age,0,0,0,0,9,0,0,1,0,2,0,34,0,0,4967,4479,209,0,1,9500000,1200000,0,0,0,42912,42912,52631571,2330,2869573,1318,1635684,0,0,0,0,0,12.372,37.330,2187.375,4800.000,2197,78123,40321,17749,37802,20053,0.306,27.358,2.044,2197,6815239,10041461,1.461,28.752,0.465,18.170,78123,3609,1072,34599,794,2807,8,350,348,668,40,70,2,13,27,0,0,0,0,0,0,0,0,0,0,304,6,1,0,4,7248,5844,5844,0,0,0,0,0,,disabled,,0,0,0,0,,1,Fixed Quality,Hybrid,85,30,9500,12000,640,360,H.264,480,270,518400,0,518400,28178,0.054,0.000,,0,0,0.000,4.813,0.000,4.138,0.636,7250,6750,6750,19,19,0,1,9500,1.000,0,12.372,0.000,0,0,0.000,0.000,0,0,0,0,0.295,0.635,0.070,1,0,0,disabled,0,0,0,147,345,147,155,43,265,265,0,4,async-output-pending,0,,0,0,0.000,0.000,0,,0.000,0.000,0.000,0.000,0,0,0,,52,0,0,0.000,1,0,0.630,0.176,0.453,0.000,0.000,0.000,0.000,0,0,1,1,1,0,0,1,1,0,1,0,0.860,167.611,0.000,26,0,0.000,0,0,0,0.000,0.000,0.000,0.000,0.000,0.000,0.000,0.000,10.244,0,0,0,0,0,0,0,0,0.000,0.000,0.000,0.000,0.000,0.000,0,0.383,21.427,1054,1062,5015,97.941,192.659,14.811,192.659,38088.649,1044,1,H.264,103.810,0,0,191.706,191.978,0.996,90.566,102.846,arrival-gap-jitter-spike,15303.425,0,1,1,1,1,53392.074,531.198,532.163,532.259,532.259,0,0,11,0,0,9,0,,,121.507,170.887,1190,1,decoded,0,0,0,0,0,0,0,0,0,0,,107.808,0.000,110.690,0.000,0.000,0.000,141.173,stale-before-upload,0.001,1465,0.000,117.147,6.062,0.080,0.890,0.639,0.000,0.251,1,0,0,1,3,0.061,21.416,21.427,51.228,21.379,2.000,RecoveryDeadline,0,1,0,0.500,2,1,1,1,0.060,0.000,0.060,0,100,0,42965,40396,2542,0,2390
54.399,Custom_loss6_delay0-100_dup0_reorder6_burst0,Loopback,1,1,0,,,0.000,0,21,1494,25.918,21.903,21.693,93.508,103.211,80.203,51.136,2.078,0.061,0.255,41119,2680,38535,35855,5383,3260,309,1581,1360,221,233,0,35856,1109,379,0,0,0,0,5.000,0,0,0,0,0,0,0,0,0,0,0,0,0,0,0,0.000,0.000,0.000,,1084,1084,5109,0,1,35.257,191.706,36.505,191.978,0.000,0.000,1076,1072,21239,1330,355,0,3675,5957,1496,1,fec-recovered,pending,H.264,0,1,24,9,15,1,1,0,0,0,0,0,43774,2,0,0,0,0,0,28.251,251,309,221,219,218,3,63.946,22.125,97.294,1,0,782,60,842,0,251,33,0.448,0.552,0.929,1.000,0.116,45.000,0.400,0.600,0.000,duplicate-guard,1981,16653,0,0,1182,15403,3675,35292,796,1237,3,13,35275,predicted-useful,fec-grace,6088,0.458,330,842,0,7,0,0,0,19,19,19,19,316,5074,316,5074,0,0,0,pacing,1,0.810,13.408,121.408,0,0,19,19,0,0,0,0,9,14,14,0,1252,1,1,sent,105,272,0,4,84,1,0,0,16,38,9,14,7,24,1483,1,stale-frame-lag,0,0,0,0,9,0,0,1,0,2,0,34,0,0,5100,4561,213,0,1,9500000,1200000,0,0,0,43748,43748,53656045,2386,2938661,1347,1671808,0,0,0,0,0,17.353,37.330,7999.000,4800.000,2240,79635,41104,18080,38531,20451,0.305,23.963,2.289,2240,6244132,9230634,1.914,19.422,0.454,20.478,79635,3675,1096,35292,818,2849,8,354,352,678,41,71,1,14,27,0,0,0,0,0,0,0,0,0,0,307,6,1,0,4,7384,5957,5957,0,0,0,0,0,,disabled,,0,0,0,0,,1,Fixed Quality,Hybrid,85,30,9500,12000,640,360,H.264,480,270,518400,0,518400,28178,0.054,0.000,,0,0,0.000,2.118,0.000,0.000,0.096,7250,6750,6750,19,19,0,1,9500,1.000,0,17.353,0.000,0,0,0.000,0.000,0,0,0,0,0.298,0.631,0.071,1,0,0,disabled,0,0,0,151,355,151,161,43,273,273,0,4,async-output-pending,0,,0,0,0.000,0.000,0,,0.000,0.000,0.000,0.000,0,0,0,,53,0,0,5.312,0,1497,0.096,0.000,0.000,0.095,0.000,0.072,0.008,1,1,1,1,0,1,1,0,1,0,0,0,1.000,0.000,0.000,30,0,0.000,0,0,0,0.000,0.000,0.000,0.000,0.000,0.000,0.000,0.000,9.141,0,0,0,0,0,0,0,0,0.000,0.000,0.000,0.000,0.000,0.000,0,0.432,21.903,1076,1084,5109,36.328,192.659,14.811,192.659,38088.649,1044,1,H.264,103.810,0,0,191.706,191.978,0.996,90.566,102.846,arrival-gap-jitter-spike,16310.272,0,1,1,1,1,54398.921,531.198,532.163,532.259,532.259,0,0,11,0,0,9,0,,,121.507,170.887,1190,1,decoded,0,0,0,0,0,0,0,0,0,0,,102.405,0.000,105.190,0.000,0.000,0.000,126.754,stale-before-upload,0.000,1494,0.000,111.448,5.812,0.075,0.934,0.705,0.000,0.229,1,0,0,1,3,0.061,25.918,21.903,2.078,21.693,1.000,RecoveryDeadline,0,1,0,0.000,1,2,2,1,0.060,0.000,0.060,0,100,0,43802,41187,2590,0,2446
55.402,Custom_loss6_delay0-100_dup0_reorder6_burst0,Loopback,1,1,0,,,0.000,0,21,1522,20.037,20.037,20.044,84.128,103.136,77.004,51.643,9.773,0.061,0.254,41892,2728,39257,36529,5501,3324,313,1627,1393,234,237,0,36530,1129,385,0,0,0,0,5.000,0,0,0,0,0,0,0,0,0,0,0,0,0,0,0,0.000,0.000,0.000,,1104,1104,5205,0,1,58.534,191.706,59.680,191.978,0.000,0.000,1096,1092,21636,1363,361,0,3740,6072,1523,1,nack-deferred-likely-arrival,pending,H.264,0,1,24,22,2,4,4,2,10,27,0,0,44565,15,0,0,0,0,0,89.807,260,313,234,232,231,3,63.856,22.737,133.088,1,0,808,61,869,0,260,34,0.454,0.546,0.930,1.000,0.116,39.000,0.538,0.462,0.250,retransmit-late,2010,16908,0,0,1200,15636,3740,35931,807,1259,3,13,35914,deferred-likely-arrival,likely-arrival,6194,0.458,339,869,0,7,0,0,0,19,19,19,19,325,5213,325,5213,0,0,0,pacing,1,0.791,5.614,113.614,0,0,19,19,0,0,0,0,9,14,14,0,1252,1,1,sent,107,277,0,4,86,1,0,0,16,38,9,14,7,24,1513,3,stale-age,0,0,0,0,11,0,0,1,0,2,0,37,0,0,5239,4636,216,0,1,9500000,1200000,3,0,3,44585,44582,54678007,2443,3008995,1377,1709176,0,0,0,0,0,8.129,37.330,626.938,4800.000,2283,81132,41886,18434,39246,20812,0.306,1.463,0.385,2283,5409937,8284962,0.879,14.898,0.427,9.658,81132,3740,1116,35931,842,2890,8,360,358,688,42,72,1,15,27,0,0,0,0,0,0,0,0,0,0,312,6,1,0,4,7520,6072,6072,0,0,0,0,0,,disabled,,0,0,0,0,,1,Fixed Quality,Hybrid,85,30,9500,12000,640,360,H.264,480,270,518400,28178,518400,28178,0.054,0.000,,0,0,0.000,1.985,0.000,0.000,0.100,7250,6750,6750,19,19,0,1,9500,1.000,0,10.856,0.000,0,0,0.000,0.000,0,0,0,0,0.299,0.631,0.070,1,0,0,disabled,24,0,0,154,365,154,167,44,281,281,0,4,large-au-observed,0,,0,0,16.107,23.729,0,,0.000,0.000,0.000,0.000,0,0,0,,54,0,0,5.069,0,1525,0.100,0.000,0.000,0.099,0.000,0.067,0.010,1,1,1,1,0,1,1,0,0,0,1,0,0.860,63.140,0.000,26,0,0.000,0,0,0,0.000,0.000,0.000,0.000,0.000,0.000,0.000,1.874,10.011,0,0,0,0,0,0,0,0,0.000,0.000,0.000,0.000,0.000,0.000,0,0.378,20.037,1096,1104,5205,59.579,192.659,14.811,192.659,38088.649,1044,1,H.264,103.810,0,0,191.706,191.978,0.996,90.566,102.846,arrival-gap-jitter-spike,17313.795,0,1,1,1,1,55402.444,531.198,532.163,532.259,532.259,0,0,11,0,0,9,0,,,121.507,170.887,1190,1,decoded,0,0,0,0,0,0,0,0,0,0,,99.508,0.000,102.296,0.000,0.000,0.000,122.064,stale-before-upload,0.001,1522,0.000,107.836,5.145,0.088,0.286,0.001,0.000,0.285,1,0,0,1,3,0.061,20.037,20.037,9.773,20.044,1.000,Loss,0,1,0,0.000,2,3,3,1,0.060,0.000,0.060,0,100,0,44637,41962,2633,0,2500
56.406,Custom_loss6_delay0-100_dup0_reorder6_burst0,Loopback,1,1,0,,,0.000,0,21,1551,17.472,17.478,15.807,103.756,103.170,20.782,51.049,17.760,0.061,0.257,42719,2772,40038,37266,5611,3386,321,1659,1420,239,245,0,37267,1147,396,0,0,0,0,5.000,0,0,0,0,0,0,0,0,0,0,0,0,0,0,0,0.000,0.000,0.000,,1122,1122,5306,0,1,73.805,191.706,74.994,191.978,0.000,0.000,1114,1110,22055,1386,372,0,3823,6189,1552,1,nack-sent,pending,H.264,0,1,24,21,3,3,3,3,12,27,0,0,45463,23,0,0,0,0,0,76.108,266,321,239,237,236,3,64.086,22.889,133.088,1,0,827,61,888,0,263,36,0.453,0.547,0.931,1.000,0.120,27.000,0.111,0.889,1.000,retransmit-late,2038,17253,0,0,1221,15968,3823,36937,814,1272,3,13,36920,predicted-useful,fec-grace,6323,0.125,346,888,0,7,0,0,0,20,20,20,20,332,5330,332,5330,0,0,0,pacing,1,0.828,10.172,118.172,0,0,20,20,0,0,0,0,9,14,14,0,1252,1,1,sent,109,281,0,5,87,1,0,0,16,38,9,14,7,24,1542,1,stale-frame-lag,0,0,0,0,11,0,0,1,0,2,0,38,0,0,5357,4736,220,0,1,9500000,1200000,6,0,6,45474,45468,55763509,2492,3069377,1403,1741568,0,0,0,0,0,4.814,37.330,200.188,4800.000,2329,82744,42706,18732,40038,21306,0.305,8.014,0.121,2329,5031778,8030080,0.436,0.674,0.453,16.059,82744,3823,1134,36937,866,2949,8,371,369,711,45,79,2,15,30,0,0,0,0,0,0,0,0,0,0,320,6,1,0,4,7663,6189,6189,0,0,0,0,0,,disabled,,0,0,0,0,,1,Fixed Quality,Hybrid,85,30,9500,12000,640,360,H.264,480,270,518400,28176,518400,28176,0.054,0.000,,0,0,0.000,2.032,0.000,0.000,0.090,7250,6750,6750,19,19,0,1,9500,1.000,0,11.614,0.000,0,0,0.000,0.000,0,0,0,0,0.300,0.632,0.069,1,0,0,disabled,24,0,0,158,373,158,171,44,289,289,0,4,large-au-observed,0,,0,0,15.236,23.727,0,,0.000,0.000,0.000,0.000,0,0,0,,55,0,0,10.680,0,1554,0.090,0.000,0.000,0.090,0.000,0.063,0.008,1,1,1,1,0,1,1,0,0,0,0,0,1.000,0.000,0.000,30,0,0.000,0,0,0,0.000,0.000,0.000,0.000,0.000,0.000,0.000,1.929,15.499,0,0,0,0,0,0,0,0,0.000,0.000,0.000,0.000,0.000,0.000,0,0.457,17.478,1114,1122,5306,74.834,192.659,14.811,192.659,38088.649,1044,1,H.264,103.810,0,0,191.706,191.978,0.996,90.566,102.846,arrival-gap-jitter-spike,18317.434,0,1,1,1,1,56406.083,531.198,532.163,532.259,532.259,0,0,11,0,0,9,0,,,121.507,170.887,1190,1,decoded,0,0,0,0,0,0,0,0,0,0,,104.531,0.000,107.364,0.000,0.000,0.000,131.878,stale-before-upload,0.000,1551,0.000,113.044,5.209,0.077,0.471,0.202,0.000,0.269,1,0,0,1,3,0.061,17.472,17.478,17.760,15.807,1.000,Loss,0,1,0,0.000,1,1,1,1,0.060,0.000,0.060,0,100,0,45524,42788,2692,0,2566
57.412,Custom_loss6_delay0-100_dup0_reorder6_burst0,Loopback,1,1,0,,,0.000,0,21,1579,21.192,21.189,21.076,101.784,103.197,29.204,50.637,16.684,0.061,0.255,43474,2827,40754,37927,5711,3434,334,1695,1449,246,248,0,37928,1169,401,0,0,0,0,5.000,0,0,0,0,0,0,0,0,0,0,0,0,0,0,0,0.000,0.000,0.000,,1143,1143,5405,0,1,29.483,191.706,30.504,191.978,0.000,0.000,1135,1131,22432,1415,376,0,3895,6292,1581,1,nack-sent,pending,H.264,0,1,24,7,17,0,0,1,0,17,0,0,46301,23,0,0,0,0,0,37.119,273,334,246,244,243,3,64.202,22.742,133.088,1,0,854,61,915,0,271,36,0.450,0.550,0.933,1.000,0.117,35.000,0.444,0.556,0.000,duplicate-guard,2058,17480,0,0,1237,16188,3895,37771,818,1279,3,13,37754,predicted-useful,likely-arrival,6439,0.708,357,915,0,7,0,0,0,20,20,20,20,343,5511,343,5511,0,0,0,pacing,1,0.780,6.184,114.184,0,0,20,20,0,0,0,0,9,14,14,0,1252,1,1,sent,112,291,0,5,90,1,0,0,16,38,9,14,7,24,1572,3,stale-age,0,0,0,0,11,0,0,1,0,2,0,40,0,0,5538,4815,224,0,1,9500000,1200000,8,0,8,46281,46273,56750619,2549,3139711,1429,1773330,0,0,0,0,0,6.083,37.330,1208.000,4800.000,2371,84226,43472,19049,40754,21705,0.305,6.415,0.686,2371,5434221,8928485,1.293,2.224,0.430,12.984,84226,3895,1156,37771,890,2997,8,375,373,717,46,81,2,15,31,0,0,0,0,0,0,0,0,0,0,323,6,1,0,4,7792,6292,6292,0,0,0,0,0,,disabled,,0,0,0,0,,1,Fixed Quality,Hybrid,85,30,9500,12000,640,360,H.264,480,270,518400,28178,518400,28178,0.054,0.000,,0,0,0.000,1.845,0.000,0.000,0.087,7250,6750,6750,19,19,0,1,9500,1.000,0,11.741,0.000,0,0,0.000,0.000,0,0,0,0,0.298,0.635,0.067,1,0,0,disabled,24,0,0,162,386,162,177,47,297,297,0,4,large-au-observed,0,,0,0,17.143,23.729,0,,0.000,0.000,0.000,0.000,0,0,0,,56,0,0,5.994,0,1582,0.087,0.000,0.000,0.087,0.000,0.060,0.010,1,1,1,1,0,1,1,0,0,0,0,0,1.000,0.000,0.000,30,0,0.000,0,0,0,0.000,0.000,0.000,0.000,0.000,0.000,0.000,1.748,10.338,0,0,0,0,0,0,0,0,0.000,0.000,0.000,0.000,0.000,0.000,0,0.394,21.189,1135,1143,5405,30.719,192.659,14.811,192.659,38088.649,1044,1,H.264,103.810,0,0,191.706,191.978,0.996,90.566,102.846,arrival-gap-jitter-spike,19323.914,0,1,1,1,1,57412.563,531.198,532.163,532.259,532.259,0,0,11,0,0,9,0,,,121.507,170.887,1190,1,decoded,0,0,0,0,0,0,0,0,0,0,,103.963,0.000,106.745,0.000,0.000,0.000,130.892,stale-before-upload,0.000,1579,0.000,112.473,5.321,0.074,0.762,0.511,0.000,0.251,1,0,0,1,3,0.061,21.192,21.189,16.684,21.076,1.000,Loss,0,1,0,0.000,0,2,2,1,0.060,0.000,0.060,0,100,0,46330,43547,2737,0,2612
58.414,Custom_loss6_delay0-100_dup0_reorder6_burst0,Loopback,1,1,0,,,0.000,0,21,1607,12.795,12.792,12.776,98.040,103.216,44.602,50.525,43.428,0.062,0.258,44262,2901,41509,38608,5806,3488,340,1726,1476,250,252,0,38609,1186,412,0,0,0,0,5.000,0,0,0,0,0,0,0,0,0,0,0,0,0,0,0,0.000,0.000,0.000,,1159,1159,5504,0,1,33.712,191.706,34.726,191.978,0.000,0.000,1151,1147,22831,1436,386,0,3967,6396,1608,1,fec-parity,pending,H.264,0,1,24,20,4,3,1,2,9,20,0,0,47097,17,0,0,0,0,0,84.308,281,340,250,248,247,3,64.093,22.851,133.088,1,0,872,64,936,0,280,38,0.452,0.548,0.932,1.000,0.119,43.000,0.375,0.625,0.000,duplicate-guard,2092,17775,0,0,1258,16465,3967,38492,831,1297,3,13,38475,predicted-useful,fec-grace,6554,0.500,364,936,0,7,0,0,0,20,20,20,20,350,5623,350,5623,0,0,0,pacing,1,0.816,10.853,118.853,0,0,20,20,0,0,0,0,9,14,14,0,1252,1,1,sent,114,298,0,5,92,1,0,0,16,38,9,14,7,24,1599,4,stale-age,0,0,0,0,11,0,0,1,0,2,0,42,0,0,5650,4905,228,0,1,9500000,1200000,0,0,0,47112,47112,57778251,2600,3202579,1455,1805090,0,0,0,0,0,14.124,37.330,4408.000,4800.000,2415,85742,44249,19431,41493,22062,0.305,35.835,0.024,2415,5088817,8078813,0.703,4.858,0.465,15.036,85742,3967,1173,38492,911,3048,8,385,383,737,48,85,2,15,33,0,0,0,0,0,0,0,0,0,0,331,6,1,0,4,7936,6396,6396,0,0,0,0,0,,disabled,,0,0,0,0,,1,Fixed Quality,Hybrid,85,30,9500,12000,640,360,H.264,480,270,518400,28178,518400,28178,0.054,0.000,,0,0,0.000,2.673,0.000,0.000,0.099,7250,6750,6750,19,19,0,1,9500,1.000,0,16.810,0.000,0,0,0.000,0.000,0,0,0,0,0.300,0.631,0.068,1,0,0,disabled,24,0,0,166,395,166,182,47,304,304,0,4,large-au-observed,0,,0,0,22.448,23.729,0,,0.000,0.000,0.000,0.000,0,0,0,,57,0,0,5.865,0,1610,0.098,0.000,0.000,0.098,0.000,0.049,0.022,1,1,1,1,0,1,1,0,0,0,1,0,0.860,142.250,0.000,26,0,0.000,0,0,0,0.000,0.000,0.000,0.000,0.000,0.000,0.000,2.561,9.937,0,0,0,0,0,0,0,0,0.000,0.000,0.000,0.000,0.000,0.000,0,0.422,12.792,1151,1159,5504,34.708,192.659,14.811,192.659,38088.649,1044,1,H.264,103.810,0,0,191.706,191.978,0.996,90.566,102.846,arrival-gap-jitter-spike,20325.216,0,1,1,1,1,58413.865,531.198,532.163,532.259,532.259,0,0,11,0,0,9,0,,,121.507,170.887,1190,1,decoded,0,0,0,0,0,0,0,0,0,0,,100.503,0.000,103.322,0.000,0.000,0.000,134.020,stale-before-upload,0.001,1607,0.000,109.541,5.779,0.079,0.595,0.325,0.000,0.270,1,0,0,1,3,0.062,12.795,12.792,43.428,12.776,1.000,Jitter,0,1,0,0.000,2,2,2,1,0.060,0.000,0.060,0,100,0,47170,44332,2794,0,2653
59.414,Custom_loss6_delay0-100_dup0_reorder6_burst0,Loopback,1,1,0,,,0.000,0,21,1632,21.772,21.779,21.727,111.085,103.204,47.902,50.478,9.349,0.061,0.256,44988,2944,42184,39240,5890,3541,348,1748,1492,256,253,0,39241,1208,415,0,0,0,0,5.000,0,0,0,0,0,0,0,0,0,0,0,0,0,0,0,0.000,0.000,0.000,,1181,1181,5606,0,1,54.274,191.706,55.280,191.978,0.000,0.000,1173,1169,23186,1464,389,0,4029,6491,1635,1,nack-sent,pending,H.264,0,1,24,16,8,3,2,1,0,8,0,0,47890,5,0,0,0,0,0,66.430,290,348,256,254,253,3,64.356,22.568,133.088,1,0,895,65,960,0,295,38,0.455,0.545,0.932,1.000,0.114,45.000,0.444,0.556,0.000,duplicate-guard,2123,18014,0,0,1276,16685,4029,39090,844,1316,3,13,39073,predicted-useful,fec-grace,6653,0.250,374,960,0,7,0,0,0,20,20,20,20,360,5793,360,5793,0,0,0,pacing,1,0.826,11.954,119.954,0,0,20,20,0,0,0,0,9,14,14,0,1252,1,1,sent,115,300,0,5,93,1,0,0,16,38,9,14,7,24,1627,2,stale-age,0,0,0,0,11,0,0,1,0,2,0,42,0,0,5820,4971,232,0,1,9500000,1200000,0,0,0,47886,47886,58726747,2654,3269181,1481,1836852,0,0,0,0,0,17.960,37.330,8489.438,4800.000,2454,87142,44976,19733,42166,22433,0.305,31.374,2.108,2454,5231311,8403377,1.255,4.547,0.441,18.063,87142,4028,1195,39082,932,3088,8,388,386,742,48,85,2,15,33,0,0,0,0,0,0,0,0,0,0,334,6,1,0,4,8055,6491,6491,0,0,0,0,0,,disabled,,0,0,0,0,,1,Fixed Quality,Hybrid,85,30,9500,12000,640,360,H.264,480,270,518400,28178,518400,28178,0.054,0.000,,0,0,0.000,1.957,0.000,0.000,0.082,7250,6750,6750,19,19,0,1,9500,1.000,0,17.960,0.000,0,0,0.000,0.000,0,0,0,0,0.302,0.630,0.068,1,0,0,disabled,24,0,0,170,406,170,187,49,311,311,0,4,large-au-observed,0,,0,0,11.196,23.729,0,,0.000,0.000,0.000,0.000,0,0,0,,58,0,0,9.982,0,1636,0.081,0.000,0.000,0.081,0.000,0.055,0.009,1,1,1,1,0,1,1,0,0,0,1,0,0.860,179.996,0.000,26,0,0.000,0,0,0,0.000,0.000,0.000,0.000,0.000,0.000,0.000,1.868,27.046,0,0,0,0,0,0,0,0,0.000,0.000,0.000,0.000,0.000,0.000,0,0.405,21.779,1173,1181,5606,55.478,192.659,14.811,192.659,38088.649,1044,1,H.264,103.810,0,0,191.706,191.978,0.996,90.566,102.846,arrival-gap-jitter-spike,21325.519,0,1,1,1,1,59414.168,531.198,532.163,532.259,532.259,0,0,11,0,0,9,0,,,121.507,170.887,1190,1,decoded,0,0,0,0,0,0,0,0,0,0,,104.647,0.000,107.419,0.000,0.000,0.000,135.542,stale-before-upload,0.001,1632,0.000,113.785,5.946,0.075,1.098,0.845,0.000,0.253,1,0,0,1,3,0.061,21.772,21.779,9.349,21.727,1.000,Loss,0,1,0,0.000,1,1,1,1,0.060,0.000,0.060,0,100,0,47945,45065,2838,0,2694
60.419,Custom_loss6_delay0-100_dup0_reorder6_burst0,Loopback,1,1,0,,,0.000,0,21,1661,13.212,13.220,13.268,104.499,103.192,58.967,50.629,18.447,0.062,0.258,45737,3003,42904,39901,5986,3601,354,1772,1513,259,259,0,39902,1225,425,0,0,0,0,5.000,0,0,0,0,0,0,0,0,0,0,0,0,0,0,0,0.000,0.000,0.000,,1198,1198,5717,0,1,56.195,191.706,57.244,191.978,0.000,0.000,1190,1185,23558,1484,399,0,4096,6596,1663,1,fec-parity,pending,H.264,0,1,24,6,18,1,0,0,0,0,0,0,48721,9,0,0,0,0,0,22.609,296,354,259,257,256,3,64.417,22.485,133.088,1,0,910,66,976,0,296,41,0.455,0.545,0.932,1.000,0.122,33.000,0.333,0.667,0.500,retransmit-late,2155,18303,0,0,1297,16959,4096,39817,855,1331,3,13,39800,predicted-useful,fec-grace,6762,0.000,380,976,0,7,0,0,0,20,20,20,20,366,5896,366,5896,0,0,0,pacing,1,0.836,5.391,113.391,0,0,20,20,0,0,0,0,9,14,14,0,1252,1,1,sent,116,301,0,6,93,1,0,0,16,38,9,14,7,24,1653,1,stale-frame-lag,0,0,0,0,11,0,0,1,0,2,0,42,0,0,5923,5056,236,0,1,9500000,1200000,0,0,0,48682,48682,59702039,2700,3325831,1506,1868000,0,0,0,0,0,11.983,37.330,1594.812,4800.000,2497,88613,45714,20154,42899,22745,0.306,21.834,0.000,2497,6229424,9473270,1.160,5.850,0.517,12.187,88613,4096,1212,39817,947,3141,8,398,396,763,51,90,1,16,35,0,0,0,0,0,0,0,0,0,0,341,6,1,0,4,8181,6596,6596,0,0,0,0,0,,disabled,,0,0,0,0,,1,Fixed Quality,Hybrid,85,30,9500,12000,640,360,H.264,480,270,518400,0,518400,28178,0.054,0.000,,0,0,0.000,4.607,0.000,3.912,0.674,7250,6750,6750,19,19,0,1,9500,1.000,0,11.983,0.000,0,0,0.000,0.000,0,0,0,0,0.303,0.629,0.068,1,0,0,disabled,0,0,0,174,413,174,190,49,316,316,0,4,async-output-pending,0,,0,0,0.000,0.000,0,,11.983,1594.812,45673.077,0.000,0,0,0,,59,0,0,0.000,1,0,0.665,0.180,0.478,0.000,0.000,0.000,0.000,0,0,1,1,1,0,0,1,1,0,1,0,0.860,170.713,0.000,26,0,0.000,0,0,0,0.000,0.000,0.000,0.000,0.000,0.000,0.000,0.000,8.427,0,0,0,0,0,0,0,0,0.000,0.000,0.000,0.000,0.000,0.000,0,0.316,13.220,1190,1198,5717,57.278,192.659,14.811,192.659,38088.649,1044,1,H.264,103.810,0,0,191.706,191.978,0.996,90.566,102.846,arrival-gap-jitter-spike,22331.077,0,1,1,1,1,60419.726,531.198,532.163,532.259,532.259,0,0,11,0,0,9,0,,,121.507,170.887,1190,1,decoded,0,0,0,0,0,0,0,0,0,0,,103.934,0.000,106.663,4.943,0.000,113.641,132.250,stale-before-upload,0.000,1659,0.000,109.754,3.194,0.082,0.815,0.591,0.000,0.225,1,0,0,1,3,0.062,13.212,13.220,18.447,13.268,2.000,RecoveryDeadline,0,1,0,0.333,3,1,1,1,0.060,0.000,0.060,0,100,0,48742,45815,2900,0,2745
