timeSec,scenarioName,networkRuntimeMode,networkModeSendingEnabled,networkModeReceivingEnabled,networkExperimentActive,networkExperimentScenarioName,networkExperimentAdaptiveMode,networkExperimentRemainingSec,networkExperimentStepIndex,networkExperimentStepCount,frameId,receiveFps,decodeFps,displayFps,currentLatencyMs,averageLatencyMs,currentRttMs,averageRttMs,currentJitterMs,packetLossRate,frameDropRate,receivedPackets,missingPackets,sequenceGapPackets,sequenceGapRecoveredPackets,duplicatePackets,duplicateOriginalPackets,duplicateRetransmitPackets,duplicateLateAfterCompletedPackets,duplicateLateAfterCompletedOriginalPackets,duplicateLateAfterCompletedRetransmitPackets,duplicateLateAfterExpiredPackets,duplicateLateAfterRejectedPackets,reorderedPackets,completedFrames,droppedFrames,deadlineDroppedFrames,outputQueueDroppedFrames,outputQueueDropEvents,outputQueueDropBurstEvents,startupWarmupSec,startupWarmupActive,outputQueueDroppedFramesDelta,outputQueueDropEventsDelta,outputQueueDropBurstEventsDelta,startupOutputQueueDroppedFrames,startupOutputQueueDropEvents,startupOutputQueueDropBurstEvents,steadyOutputQueueDroppedFrames,steadyOutputQueueDropEvents,steadyOutputQueueDropBurstEvents,evaluationOutputQueueDroppedFrames,evaluationOutputQueueDropEvents,evaluationOutputQueueDropBurstEvents,lastOutputQueueDropFrameCount,lastOutputQueueDropQueueSize,lastOutputQueueDropOldestAgeMs,lastOutputQueueDropNewestAgeMs,maxOutputQueueDropOldestAgeMs,lastOutputQueueDropReason,completedQueuePushes,completedQueuePops,completedQueueEmptyPolls,completedQueueSize,maxCompletedQueueSize,completedQueueLastPopAgeMs,completedQueueMaxPopAgeMs,completedQueueLastPushIntervalMs,completedQueueMaxPushIntervalMs,lastOutputQueueDropPopAgeMs,lastOutputQueueDropPushIntervalMs,decodedFrames,displayedFrames,frameRecoveryOutcomeEvents,frameRecoveryCompletedFrames,frameRecoveryExpiredFrames,frameRecoveryRejectedFrames,frameRecoveryNackSentFrames,frameRecoveryFecRecoveredFrames,frameRecoveryLastFrameId,frameRecoveryLastStreamId,frameRecoveryLastEvent,frameRecoveryLastOutcome,frameRecoveryLastCodec,frameRecoveryLastKeyFrame,frameRecoveryLastLargeFrame,frameRecoveryLastChunkCount,frameRecoveryLastReceivedChunks,frameRecoveryLastMissingChunks,frameRecoveryLastFecParityPackets,frameRecoveryLastFecRecoveredChunks,frameRecoveryLastNackCount,frameRecoveryLastPostNackReceivedChunks,frameRecoveryLastNackRequestedChunks,frameRecoveryLastRetransmitReceivedChunks,frameRecoveryLastRetransmitDuplicatePackets,frameRecoveryLastPacketSequence,frameRecoveryLastPacketChunkIndex,frameRecoveryLastRetransmitSequence,frameRecoveryLastRetransmitChunkIndex,frameRecoveryLastEventPacketSequence,frameRecoveryLastEventPacketChunkIndex,frameRecoveryLastEventWasRetransmit,frameRecoveryLastAgeMs,retransmitUsefulChunks,retransmitDuplicatePackets,retransmitLateAfterCompletedPackets,retransmitLateAfterCompletedLargePackets,retransmitLateAfterCompletedSentBeforeCompletePackets,retransmitLateAfterCompletedSentAfterCompletePackets,retransmitLateAfterCompletedAvgSendToCompleteMs,retransmitLateAfterCompletedAvgDelayMs,retransmitLateAfterCompletedMaxDelayMs,retransmitLateAfterExpiredPackets,retransmitLateAfterRejectedPackets,retransmitClassifiedPackets,retransmitNotArrivedPackets,retransmitAccountedPackets,retransmitUnclassifiedPackets,retransmitCompletedFrames,retransmitExpiredFrames,retransmitUsefulnessRatio,retransmitDuplicateRatio,retransmitFinalClassificationRatio,retransmitFinalAccountingRatio,retransmitExpiredAfterUsefulRatio,dynamicNackDeadlineMs,dynamicNackUsefulnessRatio,dynamicNackDuplicateRatio,dynamicNackExpiredAfterRetransmitRatio,dynamicNackDecisionReason,nackSuppressedFrames,nackSuppressedMissingChunks,nackPreflightSuppressedFrames,nackPreflightSuppressedChunks,nackFecGraceSuppressedFrames,nackFecGraceSuppressedChunks,nackPredictedUsefulFrames,nackPredictedUsefulChunks,nackDeferredForLikelyArrivalFrames,nackDeferredForLikelyArrivalChunks,nackSkippedTooLateFrames,nackSkippedTooLateChunks,nackRequestedChunkBudget,nackLastShapingReason,nackLastSuppressionReason,ackCount,lastAckMissingRate,ackRetransmittedFrames,ackRetransmittedChunks,repairCanceledByCompleteAckPackets,repairSkippedByTtlPackets,repairQueuedButCanceledPackets,repairSentAfterCompleteAckPackets,repairSentAfterCompleteAckLargePackets,repairSuppressedByFecLikelyFrames,repairSuppressedByFecLikelyPackets,repairSuppressedByFecLikelyLargeFrames,repairSuppressedByFecLikelyLargePackets,repairBudgetSuppressedFrames,repairBudgetSuppressedPackets,repairBudgetSuppressedLargeFrames,repairBudgetSuppressedLargePackets,repairRaceGuardSuppressedFrames,repairRaceGuardSuppressedPackets,repairRaceGuardSuppressedLargePackets,repairBudgetProfile,repairBudgetProfileSwitches,repairBudgetSmoothedMissingRate,repairBudgetSmoothedPacingQueueDelayMs,repairBudgetSmoothedDeliveryMs,repairFecLikelySuppressedCompletedFrames,repairFecLikelySuppressedCompletedPackets,repairFecLikelySuppressedExpiredFrames,repairFecLikelySuppressedExpiredPackets,repairFecLikelySuppressedPendingFrames,repairFecLikelySuppressedPendingPackets,repairFecLikelySuppressionRescueFrames,repairFecLikelySuppressionRescuePackets,lateRepairSavedPackets,ackStaleDroppedFrames,ackKeyFrameRequests,ackKeyFramePending,pacingEnabled,pacingTargetBitrateBps,pacingRepairTargetBitrateBps,pacingQueuedPackets,pacingHighPriorityQueuedPackets,pacingNormalQueuedPackets,pacingEnqueuedPackets,pacingSentPackets,pacingSentBytes,pacingRepairSentPackets,pacingRepairSentBytes,pacingRepairBorrowedPackets,pacingRepairBorrowedBytes,pacingDroppedPackets,pacingDeadlineDroppedPackets,pacingHighPriorityDeadlineDroppedPackets,pacingNormalDeadlineDroppedPackets,pacingOverflowDroppedPackets,pacingCurrentQueueDelayMs,pacingMaxQueueDelayMs,pacingVideoCreditBytes,pacingRepairCreditBytes,transportFeedbackPackets,transportFeedbackPacketStatuses,transportFeedbackReceivedPackets,transportFeedbackMissingPackets,transportFeedbackSequenceGapPackets,transportFeedbackSequenceGapRecoveredPackets,transportFeedbackLossRate,transportFeedbackArrivalJitterMs,transportFeedbackQueueDelayTrendMs,transportFeedbackLastSequence,estimatedBandwidthBps,deliveryRateBps,bandwidthQueueDelayMs,bandwidthRttTrendMs,bandwidthLossTrend,bandwidthJitterTrendMs,bandwidthFeedbackSamples,deadlineNackSentFrames,deadlineNackRecoveredFrames,deadlineNackMissingChunks,deadlineNackSentH264KeyFrames,deadlineNackSentH264LargeFrames,deadlineNackSentH264DeltaFrames,deadlineNackExpiredDroppedFrames,deadlineNackExpiredAfterNackFrames,deadlineNackExpiredMissingChunks,deadlineNackExpiredH264KeyFrames,deadlineNackExpiredH264LargeFrames,deadlineNackExpiredH264DeltaFrames,fecEnabled,adaptiveFecEnabled,fecGroupChunkCount,fecParityPackets,fecRecoveredFrames,fecRecoveredChunks,h264ReassemblerAuRejectedFrames,h264ReassemblerHeaderFailures,h264ReassemblerPayloadSizeMismatches,h264ReassemblerFrameIdMismatches,h264ReassemblerCrcMismatches,h264ReassemblerLastRejectReason,adaptiveFecDecisionReason,adaptiveFecHoldReason,adaptiveFecG8ToG4Recovery,adaptiveFecQualityHoldActive,adaptiveFecQualityHoldCanceled,adaptiveFecEmergencyG2Active,adaptiveFecEarlyOffReason,adaptiveEnabled,adaptiveControlMode,adaptiveCongestionControlMode,targetJpegQuality,targetFps,targetBitrateKbps,adaptiveBandwidthCeilingKbps,targetWidth,targetHeight,actualCodec,actualEncodeWidth,actualEncodeHeight,actualRawFrameBytes,actualEncodedFrameBytes,rawFrameBytes,encodedFrameBytes,compressionRatio,captureFps,cameraCaptureSubtype,cameraCaptureWidth,cameraCaptureHeight,cameraCaptureFormatFps,encodeMs,resizeMs,nv12PrepareMs,h264EncodeMs,h264EncoderRequestedBitrateKbps,h264EncoderTargetBitrateKbps,h264EncoderAppliedBitrateKbps,h264DynamicBitrateUpdateRequests,h264DynamicBitrateUpdateSuccesses,h264DynamicBitrateUpdateFailures,h264EncoderReinitializations,pacingBudgetTargetBitrateKbps,h264VideoBudgetScale,pacingBurstGuardActive,fixedPacingRecentMaxQueueDelayMs,fixedPacingQueueReleaseStableSec,fixedPacingQueueRecovered,fixedPacingQueueReleaseEligible,adaptiveRepairBudgetUtilization,adaptiveRepairBorrowedRatio,adaptiveRepairSentBytesDelta,adaptiveRepairBorrowedBytesDelta,adaptiveRepairBudgetGuardActive,adaptiveRepairVideoBudgetPressure,adaptiveRetransmitUsefulRatio,adaptiveLateRepairWasteRatio,adaptiveRetransmitNotArrivedRatio,adaptiveRetransmitAccountingComplete,adaptiveLateRepairWastePressure,adaptiveRetransmitNotArrivedPressure,adaptiveRepairDecisionReason,h264AuChunkCount,h264AuIsIdr,h264AuIsDecoderSync,h264AuProtectionLevel,h264AuDroppedBeforeSend,h264AuDropReason,h264AuDroppedBytes,h264AuDroppedChunks,h264AuPacingQueueDelayMs,h264AuEstimatedSendMs,h264InputGatedByPacing,h264InputGateReason,h264InputGateQueueDelayMs,h264InputGateVideoCreditBytes,h264InputGateFrameBudgetBytes,h264InputGateDurationMs,h264InputGateConsecutiveFrames,h264InputGateSkippedInputFrames,h264InputGateForcedOpen,h264InputGateReleaseReason,fecProtectedH264KeyFrames,fecProtectedH264LargeFrames,h264EncoderDelayFrames,h264EncoderDelayMs,h264EncoderPendingFrames,h264EncodedInputFrameId,h264EncoderCallMs,h264EncoderSampleCreateMs,h264EncoderProcessInputMs,h264EncoderPreInputPollMs,h264EncoderPostInputWaitMs,h264EncoderProcessOutputMs,h264EncoderOutputCopyMs,h264EncoderProcessOutputAttempts,h264EncoderAsyncEventCount,h264EncoderHardware,h264EncoderAsync,h264EncoderNeedInputSignaled,h264EncoderOutputProduced,h264EncoderOutputProducedBeforeInput,h264SubmittedNewInput,h264AsyncSubmittedWithoutOutput,h264AsyncPendingNoOutput,h264AsyncCadenceHoldActive,h264AsyncPendingNoOutputStreak,h264AsyncCadenceScale,h264AsyncCadenceHoldRemainingMs,h264AsyncOutputPollBackoffMs,h264InputCadenceFps,h264NeedInputSubmitWake,h264NeedInputSubmitLeadMs,encodedCameraFrameId,encodedCameraSourceTimestamp100ns,encodedCameraCaptureCompletedTimeUs,encodedCameraFrameAgeMs,encodedCameraReadSampleMs,encodedCameraReadSampleEndToCaptureMs,encodedCameraCaptureToPublishMs,encodedCameraPublishToAcquireMs,encodedCameraAcquireToEncoderInputMs,jpegEncodeMs,packetizeMs,sendFrameIntervalMs,cameraFrameReady,cameraFrameId,cameraSourceTimestamp100ns,cameraReadSampleStartTimeUs,cameraReadSampleEndTimeUs,cameraCaptureCompletedTimeUs,cameraFramePublishedTimeUs,cameraSenderAcquireTimeUs,cameraReadSampleMs,cameraReadSampleEndToCaptureMs,cameraCaptureToPublishMs,cameraPublishToAcquireMs,cameraAcquireToSendMs,cameraFrameAgeMs,cameraFrameCacheUsed,receiveJpegDecodeMs,receiveDecodeWorkerFps,receiveDecodeWorkerFrames,receiveDecodePopSuccesses,receiveDecodePopEmptyPolls,receiveDecodeLoopLastPopGapMs,receiveDecodeLoopMaxPopGapMs,receiveStartupDecodeLoopMaxPopGapMs,receiveSteadyDecodeLoopMaxPopGapMs,receiveSteadyDecodeLoopMaxPopGapAtMs,receiveSteadyDecodeLoopMaxPopGapFrameId,receiveSteadyDecodeLoopMaxPopGapStreamId,receiveSteadyDecodeLoopMaxPopGapCodec,receiveSteadyDecodeLoopMaxPopGapInputFrameAgeMs,receiveSteadyDecodeLoopMaxPopGapDecodedQueueSize,receiveSteadyDecodeLoopMaxPopGapCompletedQueueSize,receiveSteadyDecodeLoopMaxPopGapCompletedQueuePopAgeMs,receiveSteadyDecodeLoopMaxPopGapCompletedQueuePushIntervalMs,receiveSteadyDecodeLoopMaxPopGapArrivalRatio,receiveSteadyDecodeLoopMaxPopGapReceiverJitterMs,receiveSteadyDecodeLoopMaxPopGapReceiverLatencyMs,receiveSteadyDecodeLoopMaxPopGapClass,receiveSteadyDecodeLoopMaxPopGapAgeMs,receiveH264StartupActive,receiveH264StartupDecoderSynced,receiveH264StartupFirstDecoded,receiveH264StartupFirstDisplayed,receiveH264StartupReady,receiveH264StartupElapsedMs,receiveH264StartupDecoderSyncMs,receiveH264StartupFirstDecodedMs,receiveH264StartupFirstDisplayedMs,receiveH264StartupReadyMs,receiveH264StartupQueueFlushFrames,receiveDecodeOverwrittenFrames,receiveDecodeQueueDroppedFrames,receiveDecodeRenderOverwriteFrames,receiveDecodeFailures,receiveFreshnessDroppedFrames,receiveFreshnessDroppedFramesDelta,receiveFreshnessDropClass,receiveFreshnessDropEvidence,receiveH264AuInvalidFrames,receiveH264AuCrcMismatches,receiveH264AuPayloadSizeMismatches,receiveH264AuNalCountMismatches,receiveH264AuNoAnnexBNals,receiveH264AuIdrFlagMismatches,receiveH264AuSpsPpsFlagMismatches,receiveH264AuSyncWithoutIdr,receiveH264AuIdrWithoutSpsPps,receiveH264AuForbiddenZeroBit,receiveH264AuLastInvalidReason,receiveDecodeInputFrameAgeMs,receiveDecodeInputCameraFrameAgeMs,receiveDecodeInputEncoderOutputAgeMs,receiveLatestDecodedFrameAgeMs,receiveLatestDecodedCameraFrameAgeMs,receiveLatestDecodedEncoderOutputAgeMs,receiveFreshnessDropThresholdMs,receiveDecodeLastDropReason,receiveUploadBufferWaitMs,receiveDisplayFrameId,receiveDisplayCameraFrameAgeMs,receiveDisplayEncoderOutputAgeMs,receiveDisplayDecodedFrameAgeMs,textureUploadMs,presentGpuWaitMs,renderFramePacingWaitMs,waitableSwapChainWaitMs,presentMs,presentSyncInterval,lowLatencyPresentMode,waitableSwapChainPacingEnabled,waitableSwapChainAvailable,swapChainBufferCount,adaptiveInputPacketLossRate,adaptiveInputReceiveFps,adaptiveInputDecodeFps,adaptiveInputJitterMs,adaptiveInputDisplayFps,adaptiveQoeScore,adaptiveDegradationCause,adaptiveArrivalGapJitterSpikeActive,adaptiveFecRecoveryWorking,adaptiveFecGuardActive,adaptiveFecRecoveryEfficiency,adaptiveFecParityPacketDelta,adaptiveFecRecoveredFrameDelta,adaptiveFecRecoveredChunkDelta,simEnabled,simLossRate,simDuplicateRate,simReorderRate,simMinDelayMs,simMaxDelayMs,simBurstLossLength,simSubmittedPackets,simSentPackets,simDroppedPackets,simDuplicatedPackets,simReorderedPackets
0.072,Custom_loss6_delay0-100_dup0_reorder6_burst0,Loopback,1,1,0,,,0.000,0,21,0,0.000,0.000,0.000,0.000,0.000,0.000,0.000,0.000,0.000,0.000,0,0,0,0,0,0,0,0,0,0,0,0,0,0,0,0,0,0,0,5.000,1,0,0,0,0,0,0,0,0,0,0,0,0,0,0,0.000,0.000,0.000,,0,0,9,0,0,0.000,0.000,0.000,0.000,0.000,0.000,0,0,0,0,0,0,0,0,0,0,,,,0,0,0,0,0,0,0,0,0,0,0,0,0,0,0,0,0,0,0,0.000,0,0,0,0,0,0,0.000,0.000,0.000,0,0,0,0,0,0,0,0,0.000,0.000,0.000,0.000,0.000,0.000,0.000,0.000,0.000,,0,0,0,0,0,0,0,0,0,0,0,0,0,,,0,0.000,0,0,0,0,0,0,0,0,0,0,0,0,0,0,0,0,0,0,balanced,0,0.000,0.000,0.000,0,0,0,0,0,0,0,0,0,0,0,0,1,9500000,1200000,0,0,0,0,0,0,0,0,0,0,0,0,0,0,0,0.000,0.000,3750.000,4800.000,0,0,0,0,0,0,0.000,0.000,0.000,0,6000000,0,0.000,0.000,0.000,0.000,0,0,0,0,0,0,0,0,0,0,0,0,0,1,0,4,0,0,0,0,0,0,0,0,,disabled,,0,0,0,0,,1,Fixed Quality,Hybrid,85,30,9500,12000,640,360,,0,0,0,0,0,0,0.000,0.000,,0,0,0.000,0.000,0.000,0.000,0.000,0,0,0,0,0,0,0,0,1.000,0,0.000,0.000,1,0,0.000,0.000,0,0,0,0,0.000,0.000,0.000,0,0,0,disabled,0,0,0,,0,,0,0,0.000,0.000,0,,0.000,0.000,0.000,0.000,0,0,0,,0,0,0,0.000,0,0,0.000,0.000,0.000,0.000,0.000,0.000,0.000,0,0,0,0,0,0,0,0,0,0,0,0,1.000,0.000,0.000,0,0,0.000,0,0,0,0.000,0.000,0.000,0.000,0.000,0.000,0.000,0.000,0.000,0,0,0,0,0,0,0,0,0.000,0.000,0.000,0.000,0.000,0.000,0,0.000,0.000,0,0,9,0.000,0.000,0.000,0.000,0.000,0,0,,0.000,0,0,0.000,0.000,0.000,0.000,0.000,,-1.000,1,0,0,0,0,72.074,0.000,0.000,0.000,0.000,0,0,0,0,0,0,0,,,0,0,0,0,0,0,0,0,0,0,,0.000,0.000,0.000,0.000,0.000,0.000,120.000,,0.000,0,0.000,0.000,0.000,0.000,0.000,0.000,0.000,0.000,1,0,0,1,3,0.000,0.000,0.000,0.000,0.000,0.000,None,0,0,0,0.000,0,0,0,1,0.060,0.000,0.060,0,100,0,0,0,0,0,0
1.076,Custom_loss6_delay0-100_dup0_reorder6_burst0,Loopback,1,1,0,,,0.000,0,21,16,17.365,13.506,13.495,90.278,69.660,0.000,0.000,61.238,0.169,0.176,133,27,125,98,27,3,2,22,12,10,0,0,99,14,3,0,0,0,0,5.000,1,0,0,0,0,0,0,0,0,0,0,0,0,0,0,0.000,0.000,0.000,,12,12,128,0,1,40.998,194.378,41.151,194.678,0.000,0.000,11,11,89,24,1,0,20,17,17,1,fec-recovered,pending,H.264,1,1,22,22,0,5,4,2,9,20,0,0,117,7,0,0,0,0,0,83.004,4,2,10,0,10,0,35.005,37.686,129.148,0,0,16,4,20,0,8,0,0.667,0.333,0.800,1.000,0.000,34.000,0.000,0.000,0.000,insufficient-sample,0,0,0,0,0,0,20,63,0,0,0,0,63,predicted-useful,,47,0.318,9,20,0,0,0,0,0,0,0,0,0,1,11,1,11,0,0,0,jitter-ack-loss,0,0.614,3.002,111.002,0,0,0,0,0,0,0,0,11,20,31,1,1,9500000,1200000,0,0,0,168,168,197484,20,21546,0,0,0,0,0,0,0,11.893,17.748,3799.250,4800.000,16,242,120,64,122,58,0.348,6.485,2.934,16,1979481,2794644,2.710,0.000,0.482,16.331,242,20,11,63,20,0,0,1,1,2,1,0,0,1,0,4,21,17,17,0,0,0,0,0,,disabled,,0,0,0,0,,1,Fixed Quality,Hybrid,85,30,9500,12000,640,360,H.264,480,270,518400,26096,518400,26096,0.050,0.000,,0,0,0.000,1.911,0.000,0.000,0.069,5000,6250,6250,2,2,0,1,9500,0.680,1,11.893,0.000,0,0,3.594,0.000,3732,0,1,0,0.200,0.600,0.200,1,0,0,fixed-pacing-queue-hard-pressure,22,1,1,decoder-sync-observed,0,,0,0,0.010,21.976,0,,0.000,0.000,0.000,0.000,0,0,0,,0,0,0,2.451,0,18,0.069,0.000,0.000,0.068,0.000,0.045,0.007,1,1,1,1,0,1,1,0,0,0,0,0,1.000,0.000,0.000,20,0,0.000,0,0,0,0.000,0.000,0.000,0.000,0.000,0.000,0.000,1.812,6.580,0,0,0,0,0,0,0,0,0.000,0.000,0.000,0.000,0.000,0.000,0,0.100,13.506,11,12,128,41.275,194.529,10.698,194.529,986.495,15,1,H.264,99.774,0,0,194.378,194.678,1.001,85.294,99.614,arrival-gap-jitter-spike,89.635,0,1,1,1,1,1076.130,357.986,358.719,363.774,363.774,0,0,0,0,0,0,0,,,0,0,0,0,0,0,0,0,0,0,,71.521,0.000,71.977,0.000,0.000,0.000,120.000,,0.000,16,0.000,71.948,1.904,0.092,0.921,0.695,0.000,0.226,1,0,0,1,3,0.169,17.365,13.506,61.238,13.495,2.000,Jitter,1,1,0,1.000,0,1,1,1,0.060,0.000,0.060,0,100,0,169,134,12,0,13
2.077,Custom_loss6_delay0-100_dup0_reorder6_burst0,Loopback,1,1,0,,,0.000,0,21,35,19.463,19.416,19.439,100.840,82.699,49.172,49.172,30.674,0.090,0.108,534,53,489,436,88,28,8,52,34,18,0,0,437,33,4,0,0,0,0,5.000,1,0,0,0,0,0,0,0,0,0,0,0,0,0,0,0.000,0.000,0.000,,30,30,243,0,1,19.885,194.378,20.705,194.678,0.000,0.000,28,28,303,51,1,0,62,76,37,1,nack-sent,pending,H.264,1,1,19,16,3,4,3,2,5,14,0,0,554,13,0,0,0,0,0,69.237,9,8,18,8,18,0,44.134,31.994,129.148,0,0,35,2,37,0,14,0,0.529,0.471,0.946,1.000,0.000,45.000,0.455,0.545,0.000,duplicate-guard,3,16,0,0,1,12,62,378,2,4,0,0,378,predicted-useful,likely-arrival,123,0.421,14,37,0,3,0,0,0,0,0,0,0,7,72,7,72,0,0,0,pacing,1,0.690,5.810,113.810,0,0,0,0,0,0,0,0,75,66,85,0,1,9500000,1200000,0,0,0,587,587,704132,37,42694,2,2488,0,0,0,0,0,8.287,18.540,5010.562,4800.000,42,1006,523,214,483,269,0.290,38.402,7.210,42,3090748,4852346,3.392,0.000,0.465,17.339,1006,61,27,375,60,1,0,1,1,2,1,0,0,1,0,4,93,76,76,0,0,0,0,0,,disabled,,0,0,0,0,,1,Fixed Quality,Hybrid,85,30,9500,12000,640,360,H.264,480,270,518400,21926,518400,21926,0.042,0.000,,0,0,0.000,1.610,0.000,0.000,0.061,5000,5250,5250,4,4,0,1,9500,0.680,1,8.287,0.000,0,0,0.000,0.000,0,0,1,0,0.243,0.703,0.054,1,0,0,fixed-pacing-queue-hard-pressure,19,1,1,decoder-sync-observed,0,,0,0,5.743,18.464,0,,0.000,0.000,0.000,0.000,0,0,0,,0,0,0,6.031,0,38,0.061,0.000,0.000,0.061,0.000,0.042,0.005,1,1,1,1,0,1,1,0,0,0,0,0,1.000,0.000,0.000,20,0,0.000,0,0,0,0.000,0.000,0.000,0.000,0.000,0.000,0.000,1.513,38.724,0,0,0,0,0,0,0,0,0.000,0.000,0.000,0.000,0.000,0.000,0,0.106,19.416,28,30,243,20.622,194.529,10.698,194.529,986.495,15,1,H.264,99.774,0,0,194.378,194.678,1.001,85.294,99.614,arrival-gap-jitter-spike,1090.377,0,1,1,1,1,2076.872,357.986,358.719,363.774,363.774,0,0,1,0,0,1,1,pacing-pressure freshness,pacing-queue-pressure,0,0,0,0,0,0,0,0,0,0,,95.511,0.000,90.979,0.000,0.000,0.000,120.000,stale-before-decode,0.001,35,0.000,92.504,1.410,0.079,0.899,0.679,0.000,0.221,1,0,0,1,3,0.090,19.463,19.416,30.674,19.439,1.000,Jitter,1,1,0,3.000,1,3,3,1,0.060,0.000,0.060,0,100,0,589,538,28,0,36
3.082,Custom_loss6_delay0-100_dup0_reorder6_burst0,Loopback,1,1,0,,,0.000,0,21,55,19.882,17.908,17.798,86.329,87.717,83.404,66.288,5.604,0.068,0.088,1029,75,930,855,180,66,17,95,64,31,2,0,856,52,5,0,0,0,0,5.000,1,0,0,0,0,0,0,0,0,0,0,0,0,0,0,0.000,0.000,0.000,,49,49,344,0,1,55.235,194.378,55.900,194.678,0.000,0.000,46,45,559,83,2,0,110,151,58,1,fec-recovered,pending,H.264,1,1,19,7,12,1,1,0,0,0,1,0,1086,8,1104,2,0,0,0,31.148,15,17,31,21,31,0,51.843,28.448,129.148,0,0,63,9,72,0,21,0,0.469,0.531,0.875,1.000,0.000,45.000,0.500,0.500,0.000,duplicate-guard,3,16,0,0,1,12,110,659,2,4,0,0,659,predicted-useful,likely-arrival,212,0.105,25,72,0,3,0,0,0,0,0,0,0,18,197,18,197,0,0,0,pacing,1,0.749,6.872,114.872,0,0,0,0,0,0,0,0,200,123,155,1,1,9500000,1200000,0,0,0,1102,1102,1328130,72,86234,4,4976,0,0,0,0,0,0.126,18.540,22587.938,1078.650,70,1957,1027,361,930,569,0.260,20.829,0.000,70,3002981,5012744,2.118,34.232,0.488,18.620,1957,110,46,659,109,1,0,2,2,4,2,0,0,1,0,4,178,151,151,0,0,0,0,0,,disabled,,0,0,0,0,,1,Fixed Quality,Hybrid,85,30,9500,12000,640,360,H.264,480,270,518400,21926,518400,21926,0.042,0.000,,0,0,0.000,1.820,0.000,0.000,0.094,5000,5250,5250,4,4,0,1,9500,0.680,1,3.817,0.000,0,0,3.683,0.000,3732,0,1,0,1.000,0.000,0.000,1,0,0,fixed-pacing-queue-pressure,19,1,1,decoder-sync-observed,0,,0,0,0.088,18.464,0,,0.000,0.000,0.000,0.000,0,0,0,,0,0,0,5.143,0,58,0.093,0.000,0.000,0.093,0.000,0.064,0.009,1,1,1,1,0,1,1,0,0,0,0,0,1.000,0.000,0.000,20,0,0.000,0,0,0,0.000,0.000,0.000,0.000,0.000,0.000,0.000,1.683,10.134,0,0,0,0,0,0,0,0,0.000,0.000,0.000,0.000,0.000,0.000,0,0.100,17.908,46,49,344,55.961,194.529,10.698,194.529,986.495,15,1,H.264,99.774,0,0,194.378,194.678,1.001,85.294,99.614,arrival-gap-jitter-spike,2095.229,0,1,1,1,1,3081.724,357.986,358.719,363.774,363.774,0,0,3,0,0,3,2,pacing-pressure freshness,pacing-queue-pressure,0,0,0,0,0,0,0,0,0,0,,93.525,0.000,95.363,0.000,0.000,0.000,120.000,stale-before-upload,0.000,55,0.000,96.669,3.801,0.080,0.429,0.101,0.000,0.328,1,0,0,1,3,0.068,19.882,17.908,5.604,17.798,1.000,RecoveryDeadline,0,1,0,0.000,1,2,2,1,0.060,0.000,0.060,0,100,0,1105,1033,50,0,67
4.083,Custom_loss6_delay0-100_dup0_reorder6_burst0,Loopback,1,1,0,,,0.000,0,21,76,12.069,10.155,9.990,110.673,91.567,32.069,54.882,0.732,0.068,0.167,1512,110,1376,1266,279,125,41,111,76,35,2,0,1267,65,13,0,0,0,0,5.000,1,0,0,0,0,0,0,0,0,0,0,0,0,0,0,0.000,0.000,0.000,,62,62,447,0,1,82.796,209.640,83.592,210.629,0.000,0.000,57,55,840,100,10,0,164,225,77,1,fec-parity,pending,H.264,1,1,19,12,7,5,2,2,5,21,0,0,1592,15,0,0,0,0,0,70.422,27,41,35,25,35,0,54.941,27.255,129.148,0,0,103,8,111,0,27,2,0.397,0.603,0.928,1.000,0.069,40.000,0.143,0.857,0.000,duplicate-guard,3,16,0,0,1,12,164,1041,2,4,0,0,1041,predicted-useful,likely-arrival,297,0.368,36,111,0,3,0,0,0,0,0,0,0,29,323,29,323,0,0,0,pacing,1,0.759,4.279,112.279,0,0,0,0,0,0,0,0,326,184,229,1,1,9500000,1200000,0,0,0,1621,1621,1957106,111,134750,9,11196,0,0,0,0,0,5.920,19.105,2138.375,4800.000,97,2870,1494,554,1376,822,0.271,4.913,2.656,97,3084276,4900831,2.902,17.119,0.523,14.188,2870,164,59,1041,163,1,0,10,10,16,10,0,0,1,0,4,270,225,225,0,0,0,0,0,,disabled,,0,0,0,0,,1,Fixed Quality,Hybrid,85,30,9500,12000,640,360,H.264,480,270,518400,21928,518400,21928,0.042,0.000,,0,0,0.000,1.679,0.000,0.000,0.062,5000,5250,5250,4,4,0,1,9500,0.680,1,5.920,0.000,0,0,3.442,0.000,3732,0,1,0,0.000,1.000,0.000,1,0,0,fixed-pacing-queue-hard-pressure,19,1,1,decoder-sync-observed,0,,0,0,5.090,18.466,0,,0.000,0.000,0.000,0.000,0,0,0,,0,0,0,3.114,0,78,0.062,0.000,0.000,0.061,0.000,0.042,0.006,1,1,1,1,0,1,1,0,0,0,1,0,0.860,140.980,0.000,20,0,0.000,0,0,0,0.000,0.000,0.000,0.000,0.000,0.000,0.000,1.562,7.022,0,0,0,0,0,0,0,0,0.000,0.000,0.000,0.000,0.000,0.000,0,0.094,10.155,57,62,447,83.733,210.529,10.698,210.529,3447.766,64,1,H.264,101.581,0,0,209.640,210.629,1.000,148.750,100.682,arrival-gap-jitter-spike,635.506,0,1,1,1,1,4083.272,357.986,358.719,363.774,363.774,0,0,6,0,0,6,3,pacing-pressure freshness,pacing-queue-pressure,0,0,0,0,0,0,0,0,0,0,,107.826,0.000,105.382,0.000,0.000,0.000,120.000,stale-before-decode,0.001,76,0.000,110.177,6.089,0.080,0.692,0.465,0.000,0.226,1,0,0,1,3,0.068,12.069,10.155,0.732,9.990,1.000,Jitter,1,1,0,0.000,2,3,3,1,0.060,0.000,0.060,0,100,0,1625,1518,87,0,105
5.084,Custom_loss6_delay0-100_dup0_reorder6_burst0,Loopback,1,1,0,,,0.000,0,21,95,11.571,11.573,13.625,146.799,91.939,76.430,60.269,70.404,0.068,0.202,1989,144,1823,1679,359,160,46,151,102,49,2,0,1680,79,20,0,0,0,0,5.000,0,0,0,0,0,0,0,0,0,0,0,0,0,0,0,0.000,0.000,0.000,,75,75,552,0,1,197.073,209.640,197.846,210.629,0.000,0.000,70,68,1090,128,16,0,211,297,97,1,nack-sent,pending,H.264,1,1,19,17,2,4,2,2,3,8,0,0,2092,3,0,0,0,0,0,71.577,37,46,49,39,49,0,55.283,25.648,129.148,0,0,132,10,142,0,42,2,0.446,0.554,0.930,1.000,0.045,45.000,0.455,0.545,0.000,duplicate-guard,3,16,0,0,1,12,211,1329,2,4,0,0,1329,predicted-useful,likely-arrival,375,0.158,45,142,0,3,0,0,0,0,0,0,0,38,420,38,420,0,0,0,pacing,1,0.805,5.535,113.535,0,0,0,0,0,0,0,0,423,238,294,0,1,9500000,1200000,0,0,0,2132,2132,2576128,142,173314,13,16172,0,0,0,0,0,22.122,22.122,21217.562,4800.000,125,3797,1978,730,1819,1089,0.270,11.397,2.931,125,2958005,4795466,4.790,22.567,0.480,16.152,3797,211,73,1329,210,1,0,16,16,25,16,0,0,1,0,4,352,297,297,0,0,0,0,0,,disabled,,0,0,0,0,,1,Fixed Quality,Hybrid,85,30,9500,12000,640,360,H.264,480,270,518400,21926,518400,21926,0.042,0.000,,0,0,0.000,1.792,0.000,0.000,0.072,5000,5250,5250,4,4,0,1,9500,0.680,1,22.122,0.000,0,0,3.601,0.000,3732,0,1,0,0.261,0.669,0.070,1,0,0,fixed-pacing-queue-hard-pressure,19,1,1,decoder-sync-observed,0,,0,0,7.955,18.464,0,,0.000,0.000,0.000,0.000,0,0,0,,0,0,0,11.211,0,98,0.071,0.000,0.000,0.071,0.000,0.051,0.006,1,1,1,1,0,1,1,0,0,0,0,0,1.000,0.000,0.000,20,0,0.000,0,0,0,0.000,0.000,0.000,0.000,0.000,0.000,0.000,1.687,40.447,0,0,0,0,0,0,0,0,0.000,0.000,0.000,0.000,0.000,0.000,0,0.091,11.573,70,75,552,197.976,210.529,10.698,210.529,3447.766,64,1,H.264,101.581,0,0,209.640,210.629,1.000,148.750,100.682,arrival-gap-jitter-spike,1636.828,0,1,1,1,1,5084.594,357.986,358.719,363.774,363.774,0,0,6,0,0,6,0,,,0,0,0,0,0,0,0,0,0,0,,92.080,0.000,94.305,0.000,0.000,0.000,120.000,stale-before-decode,0.001,96,0.000,98.724,4.355,0.084,0.294,0.001,0.000,0.293,1,0,0,1,3,0.068,11.571,11.573,70.404,13.625,2.000,Jitter,0,1,0,0.500,2,1,1,1,0.060,0.000,0.060,0,100,0,2137,1993,127,0,125
6.092,Custom_loss6_delay0-100_dup0_reorder6_burst0,Loopback,1,1,0,,,0.000,0,21,116,17.543,17.536,14.685,102.040,92.813,20.514,52.318,6.888,0.071,0.193,2455,188,2260,2072,438,201,54,179,127,52,4,0,2073,96,23,0,0,0,0,5.000,0,0,0,0,0,0,0,0,0,0,0,0,0,0,0,0.000,0.000,0.000,,92,92,645,0,1,62.658,209.640,63.438,210.629,0.000,0.000,86,84,1338,148,19,0,260,370,117,1,nack-sent,pending,H.264,1,1,19,17,2,2,2,3,6,18,0,1,2611,17,2619,1,0,0,0,90.212,49,54,52,42,52,0,56.031,27.342,129.148,0,0,155,14,169,0,50,2,0.476,0.524,0.917,1.000,0.038,45.000,0.750,0.250,0.000,stable,3,16,0,0,1,12,260,1657,2,4,0,0,1657,predicted-useful,likely-arrival,460,0.316,52,169,0,3,0,0,0,0,0,0,0,45,503,45,503,0,0,0,pacing,1,0.826,7.577,115.577,0,0,0,0,0,0,0,0,506,299,364,0,1,9500000,1200000,0,0,0,2639,2639,3190174,169,206902,18,22392,0,0,0,0,0,12.120,22.122,9505.250,4800.000,152,4712,2452,934,2260,1326,0.276,25.162,4.429,152,2671147,4530288,4.585,6.870,0.473,13.620,4712,260,90,1657,259,1,0,19,19,31,19,0,0,1,0,4,435,370,370,0,0,0,0,0,,disabled,,0,0,0,0,,1,Fixed Quality,Hybrid,85,30,9500,12000,640,360,H.264,480,270,518400,0,518400,21926,0.042,0.000,,0,0,0.000,5.284,0.000,4.355,0.868,5000,5250,5250,4,4,0,1,9500,0.680,1,12.120,0.000,0,0,3.059,0.000,3732,0,1,0,0.290,0.627,0.083,1,0,0,fixed-pacing-queue-hard-pressure,0,0,0,async-output-pending,0,,0,0,0.000,0.000,0,,0.000,0.000,0.000,0.000,0,0,0,,0,0,0,0.000,1,0,0.856,0.197,0.657,0.000,0.000,0.000,0.000,0,0,1,1,1,0,0,1,1,0,0,0,1.000,0.000,0.000,20,0,0.000,0,0,0,0.000,0.000,0.000,0.000,0.000,0.000,0.000,0.000,30.113,0,0,0,0,0,0,0,0,0.000,0.000,0.000,0.000,0.000,0.000,0,0.113,17.536,86,92,645,63.393,210.529,10.698,210.529,3447.766,64,1,H.264,101.581,0,0,209.640,210.629,1.000,148.750,100.682,arrival-gap-jitter-spike,2644.140,0,1,1,1,1,6091.906,357.986,358.719,363.774,363.774,0,0,7,0,0,7,1,pacing-pressure freshness,pacing-queue-pressure,0,0,0,0,0,0,0,0,0,0,,97.457,0.000,99.063,0.000,0.000,0.000,120.000,stale-before-decode,0.001,116,0.000,103.113,3.874,0.088,0.454,0.008,0.000,0.446,1,0,0,1,3,0.071,17.543,17.536,6.888,14.685,1.000,Loss,0,1,0,0.500,2,1,1,1,0.060,0.000,0.060,0,100,0,2645,2462,160,0,159
7.098,Custom_loss6_delay0-100_dup0_reorder6_burst0,Loopback,1,1,0,,,0.000,0,21,136,12.907,12.907,11.837,100.427,93.343,95.580,59.528,27.285,0.068,0.201,2939,213,2690,2477,519,233,72,208,154,54,6,0,2478,111,28,0,0,0,0,5.000,0,0,0,0,0,0,0,0,0,0,0,0,0,0,0,0.000,0.000,0.000,,107,107,728,0,1,48.840,209.640,50.190,210.629,0.000,0.000,101,98,1587,165,24,0,311,436,138,1,retransmit-duplicate,pending,H.264,1,1,19,7,12,0,0,0,0,0,0,1,3152,0,3152,0,3152,0,1,35.546,57,72,54,44,54,0,56.147,27.485,129.148,0,0,183,15,198,0,57,2,0.442,0.558,0.924,1.000,0.034,45.000,0.167,0.833,0.000,duplicate-guard,3,16,0,0,1,12,311,1967,2,4,0,0,1967,predicted-useful,likely-arrival,544,0.211,61,198,0,3,0,0,0,0,0,0,0,54,598,54,598,0,0,0,pacing,1,0.714,6.277,114.277,0,0,0,0,0,0,0,0,601,358,434,1,1,9500000,1200000,0,0,0,3148,3148,3806710,198,242978,20,24880,0,0,0,0,0,0.012,22.122,23750.000,1080.600,179,5626,2936,1109,2690,1581,0.274,39.791,5.052,179,2732148,4618650,3.926,20.510,0.471,26.076,5626,311,105,1967,310,1,0,24,24,40,24,0,0,1,0,4,519,436,436,0,0,0,0,0,,disabled,,0,0,0,0,,1,Fixed Quality,Hybrid,85,30,9500,12000,640,360,H.264,480,270,518400,0,518400,21928,0.042,0.000,,0,0,0.000,4.910,0.000,4.179,0.690,5000,5250,5250,4,4,0,1,9500,0.680,1,0.012,0.000,0,0,3.583,0.000,3732,0,1,0,0.000,1.000,0.000,1,0,0,fixed-pacing-queue-hard-pressure,0,0,0,async-output-pending,0,,0,0,0.000,0.000,0,,0.000,0.000,0.000,0.000,0,0,0,,0,0,0,0.000,1,0,0.680,0.207,0.472,0.000,0.000,0.000,0.000,0,0,1,1,1,0,0,1,1,0,1,0,0.860,172.096,0.000,20,0,0.000,0,0,0,0.000,0.000,0.000,0.000,0.000,0.000,0.000,0.000,40.938,0,0,0,0,0,0,0,0,0.000,0.000,0.000,0.000,0.000,0.000,0,0.099,12.907,101,107,728,49.702,210.529,10.698,210.529,3447.766,64,1,H.264,101.581,0,0,209.640,210.629,1.000,148.750,100.682,arrival-gap-jitter-spike,3650.444,0,1,1,1,1,7098.210,357.986,358.719,363.774,363.774,0,0,8,0,0,8,1,pacing-pressure freshness,pacing-queue-pressure,0,0,0,0,0,0,0,0,0,0,,98.454,0.000,100.720,0.000,0.000,0.000,120.000,stale-before-upload,0.001,136,0.000,104.957,5.438,0.091,0.789,0.544,0.000,0.245,1,0,0,1,3,0.068,12.907,12.907,27.285,11.837,1.000,RecoveryDeadline,0,1,0,0.000,0,1,1,1,0.060,0.000,0.060,0,100,0,3155,2945,187,0,194
8.099,Custom_loss6_delay0-100_dup0_reorder6_burst0,Loopback,1,1,0,,,0.000,0,21,157,20.953,19.040,16.286,96.547,93.927,49.289,58.065,7.706,0.068,0.199,3436,250,3139,2889,609,270,81,250,188,62,8,0,2890,129,32,0,0,0,0,5.000,0,0,0,0,0,0,0,0,0,0,0,0,0,0,0,0.000,0.000,0.000,,124,124,849,0,1,54.520,209.640,55.433,210.629,0.000,0.000,118,114,1859,191,28,0,362,515,158,1,fec-recovered,pending,H.264,1,1,19,11,8,2,1,1,2,11,1,0,3655,16,3667,4,0,0,0,52.853,67,81,62,52,62,0,56.718,25.880,129.148,1,0,211,24,235,0,68,3,0.453,0.547,0.898,1.000,0.042,45.000,0.300,0.700,0.000,duplicate-guard,3,16,0,0,1,12,362,2293,2,4,0,0,2293,predicted-useful,likely-arrival,634,0.947,72,235,0,3,0,0,0,0,0,0,0,65,725,65,725,0,0,0,pacing,1,0.814,4.082,112.082,0,0,0,0,0,0,0,0,728,418,507,1,1,9500000,1200000,1,0,1,3689,3688,4460966,235,289006,23,28612,0,0,0,0,0,4.837,22.122,1064.188,401.350,206,6571,3432,1314,3139,1825,0.277,5.486,2.266,206,3470235,5478755,2.086,7.149,0.500,15.646,6571,362,123,2293,361,1,0,27,27,46,27,0,0,1,0,4,612,515,515,0,0,0,0,0,,disabled,,0,0,0,0,,1,Fixed Quality,Hybrid,85,30,9500,12000,640,360,H.264,480,270,518400,21926,518400,21926,0.042,0.000,,0,0,0.000,1.682,0.000,0.000,0.069,5000,5250,5250,4,4,0,1,9500,0.680,1,4.837,0.000,0,0,4.000,0.200,6220,1244,1,0,0.000,0.000,1.000,1,0,0,fixed-pacing-queue-hard-pressure,19,1,1,decoder-sync-observed,0,,0,0,0.010,18.464,0,,0.000,0.000,0.000,0.000,0,0,0,,0,0,0,2.563,0,159,0.069,0.000,0.000,0.069,0.000,0.047,0.006,1,1,1,1,0,1,1,0,0,0,0,0,1.000,0.000,0.000,20,0,0.000,0,0,0,0.000,0.000,0.000,0.000,0.000,0.000,0.000,1.580,6.917,0,0,0,0,0,0,0,0,0.000,0.000,0.000,0.000,0.000,0.000,0,0.131,19.040,118,124,849,55.420,210.529,10.698,210.529,3447.766,64,1,H.264,101.581,0,0,209.640,210.629,1.000,148.750,100.682,arrival-gap-jitter-spike,4650.962,0,1,1,1,1,8098.728,357.986,358.719,363.774,363.774,0,0,8,0,0,8,0,,,0,0,0,0,0,0,0,0,0,0,,94.947,0.000,97.357,5.756,0.000,105.835,120.000,stale-before-upload,0.001,156,0.000,103.434,6.537,0.104,0.292,0.001,0.000,0.291,1,0,0,1,3,0.068,20.953,19.040,7.706,16.286,1.000,Loss,0,1,0,1.000,0,1,1,1,0.060,0.000,0.060,0,100,0,3696,3443,218,0,221
9.099,Custom_loss6_delay0-100_dup0_reorder6_burst0,Loopback,1,1,0,,,0.000,0,21,176,15.819,15.818,14.379,97.625,94.455,43.791,56.281,75.212,0.063,0.206,3901,264,3540,3276,683,308,87,280,211,69,8,0,3277,143,37,0,0,0,0,5.000,0,0,0,0,0,0,0,0,0,0,0,0,0,0,0,0.000,0.000,0.000,,138,138,944,0,1,137.504,209.640,138.429,210.629,0.000,0.000,131,128,2110,212,33,0,417,586,178,1,fec-parity,pending,H.264,1,1,19,10,9,1,0,0,0,0,0,0,4151,6,0,0,0,0,0,43.062,73,87,69,59,69,0,57.285,26.093,129.148,1,0,230,20,250,0,79,4,0.456,0.544,0.920,1.000,0.048,45.000,0.333,0.667,0.000,stable,3,16,0,0,1,12,417,2619,2,4,0,0,2619,predicted-useful,likely-arrival,720,0.105,77,250,0,6,0,0,0,0,0,0,0,71,781,71,781,0,0,0,pacing,1,0.661,3.613,111.613,0,0,0,0,0,0,0,0,787,482,579,1,1,9500000,1200000,0,0,0,4160,4160,5032314,250,307666,23,28612,0,0,0,0,0,13.785,22.122,11617.812,4800.000,232,7420,3882,1511,3538,2027,0.280,10.188,1.496,232,2642990,4384521,3.298,4.620,0.494,8.836,7420,417,137,2619,416,1,0,32,32,54,32,0,0,1,0,4,699,586,586,0,0,0,0,0,,disabled,,0,0,0,0,,1,Fixed Quality,Hybrid,85,30,9500,12000,640,360,H.264,480,270,518400,0,518400,21926,0.042,0.000,,0,0,0.000,5.036,0.000,4.174,0.787,5000,5250,5250,4,4,0,1,9500,0.680,1,13.785,0.000,0,0,3.600,0.000,3732,0,1,0,0.292,0.628,0.080,1,0,0,fixed-pacing-queue-hard-pressure,0,0,0,async-output-pending,0,,0,0,0.000,0.000,0,,0.000,0.000,0.000,0.000,0,0,0,,0,0,0,0.000,1,0,0.773,0.217,0.554,0.000,0.000,0.000,0.000,0,0,1,1,1,0,0,1,1,0,0,0,1.000,0.000,0.000,20,0,0.000,0,0,0,0.000,0.000,0.000,0.000,0.000,0.000,0.000,0.000,49.625,0,0,0,0,0,0,0,0,0.000,0.000,0.000,0.000,0.000,0.000,0,0.100,15.818,131,138,944,138.325,210.529,10.698,210.529,3447.766,64,1,H.264,101.581,0,0,209.640,210.629,1.000,148.750,100.682,arrival-gap-jitter-spike,5651.660,0,1,1,1,1,9099.426,357.986,358.719,363.774,363.774,0,0,9,0,0,9,1,pacing-pressure freshness,pacing-queue-pressure,0,0,0,0,0,0,0,0,0,0,,101.979,0.000,100.794,0.000,0.000,0.000,120.000,stale-before-decode,0.001,176,0.000,105.284,4.339,0.092,0.395,0.128,0.000,0.267,1,0,0,1,3,0.063,15.819,15.818,75.212,14.379,2.000,Jitter,0,1,0,1.000,0,1,1,1,0.060,0.000,0.060,0,100,0,4169,3909,247,0,244
10.104,Custom_loss6_delay0-100_dup0_reorder6_burst0,Loopback,1,1,0,,,0.000,0,21,197,19.863,19.863,15.961,102.880,94.801,49.958,55.579,53.622,0.064,0.190,4368,298,3975,3677,750,342,90,310,238,72,8,0,3678,162,38,0,0,0,0,5.000,0,0,0,0,0,0,0,0,0,0,0,0,0,0,0,0.000,0.000,0.000,,157,157,1034,0,1,103.085,209.640,103.968,210.629,0.000,0.000,150,147,2362,234,34,0,468,665,198,1,nack-sent,pending,H.264,1,1,19,12,7,2,2,1,0,7,0,0,4637,0,0,0,0,0,0,44.917,78,90,72,62,72,0,57.271,27.105,131.153,1,0,241,20,261,0,83,4,0.464,0.536,0.923,1.000,0.046,43.000,0.000,0.000,0.000,insufficient-sample,3,16,0,0,1,12,468,2935,2,4,0,0,2935,predicted-useful,likely-arrival,809,0.368,80,261,0,6,0,0,0,0,0,0,0,74,811,74,811,0,0,0,pacing,1,0.684,3.377,111.377,0,0,0,0,0,0,0,0,817,546,648,1,1,9500000,1200000,0,0,0,4675,4675,5655480,261,321350,25,31100,0,0,0,0,0,8.196,22.122,4731.500,4800.000,258,8341,4366,1710,3975,2265,0.281,31.366,6.972,258,3170195,4967713,3.342,4.929,0.474,18.632,8341,468,156,2935,467,1,0,33,33,56,33,0,0,1,0,4,790,665,665,0,0,0,0,0,,disabled,,0,0,0,0,,1,Fixed Quality,Hybrid,85,30,9500,12000,640,360,H.264,480,270,518400,21926,518400,21926,0.042,0.000,,0,0,0.000,1.628,0.000,0.000,0.058,5000,5250,5250,4,4,0,1,9500,0.680,1,8.196,0.000,0,0,3.428,0.000,3732,0,1,0,0.299,0.625,0.077,1,0,0,fixed-pacing-queue-hard-pressure,19,1,1,decoder-sync-observed,0,,0,0,7.113,18.464,0,,0.000,0.000,0.000,0.000,0,0,0,,0,0,0,6.162,0,199,0.058,0.000,0.000,0.058,0.000,0.040,0.005,1,1,1,1,0,1,1,0,0,0,1,0,0.860,30.855,0.000,20,0,0.000,0,0,0,0.000,0.000,0.000,0.000,0.000,0.000,0.000,1.542,10.173,0,0,0,0,0,0,0,0,0.000,0.000,0.000,0.000,0.000,0.000,0,0.097,19.863,150,157,1034,103.982,210.529,10.698,210.529,3447.766,64,1,H.264,101.581,0,0,209.640,210.629,1.000,148.750,100.682,arrival-gap-jitter-spike,6656.156,0,1,1,1,1,10103.922,357.986,358.719,363.774,363.774,0,0,9,0,0,9,0,,,0,0,0,0,0,0,0,0,0,0,,100.791,0.000,103.134,0.000,0.000,0.000,120.000,stale-before-decode,0.001,197,0.000,106.211,2.930,0.084,1.115,0.888,0.000,0.227,1,0,0,1,3,0.064,19.863,19.863,53.622,15.961,2.000,Jitter,0,1,0,0.000,0,2,2,1,0.060,0.000,0.060,0,100,0,4685,4377,279,0,274
11.104,Custom_loss6_delay0-100_dup0_reorder6_burst0,Loopback,1,1,0,,,0.000,0,21,217,18.950,17.525,10.533,90.284,94.890,21.288,52.150,45.069,0.067,0.195,4851,348,4438,4090,838,382,104,343,261,82,9,0,4091,178,43,0,0,0,0,5.000,0,0,0,0,0,0,0,0,0,0,0,0,0,0,0,0.000,0.000,0.000,,173,173,1133,0,1,6.858,221.823,7.701,222.719,0.000,0.000,164,161,2621,260,39,0,517,733,218,1,fec-parity,pending,H.264,1,1,19,9,10,4,1,0,0,0,0,0,5165,4,0,0,0,0,0,40.395,94,104,82,72,82,0,56.614,25.593,131.153,1,0,281,23,304,0,97,4,0.475,0.525,0.924,1.000,0.040,45.000,0.600,0.400,0.000,duplicate-guard,3,16,0,0,1,12,517,3237,2,4,0,0,3237,predicted-useful,likely-arrival,893,0.000,91,304,0,6,0,0,0,0,0,0,0,85,941,85,941,0,0,0,pacing,1,0.771,2.266,110.266,0,0,0,0,0,0,0,0,947,603,717,0,1,9500000,1200000,0,0,0,5198,5198,6289430,304,374842,33,41052,0,0,0,0,0,5.893,22.122,1921.875,4800.000,286,9287,4849,1965,4438,2473,0.288,5.129,1.355,286,3046146,5004701,2.126,-1.791,0.469,13.851,9287,517,172,3237,516,1,0,38,38,63,38,0,0,1,0,4,871,733,733,0,0,0,0,0,,disabled,,0,0,0,0,,1,Fixed Quality,Hybrid,85,30,9500,12000,640,360,H.264,480,270,518400,21926,518400,21926,0.042,0.000,,0,0,0.000,1.569,0.000,0.000,0.068,5000,5250,5250,4,4,0,1,9500,0.680,1,5.893,0.000,0,0,3.766,0.000,3732,0,1,0,0.309,0.615,0.076,1,0,0,fixed-pacing-queue-hard-pressure,19,1,1,decoder-sync-observed,0,,0,0,5.037,18.464,0,,0.000,0.000,0.000,0.000,0,0,0,,0,0,0,2.861,0,219,0.068,0.000,0.000,0.067,0.000,0.046,0.007,1,1,1,1,0,1,1,0,0,0,1,0,0.860,125.623,0.000,20,0,0.000,0,0,0,0.000,0.000,0.000,0.000,0.000,0.000,0.000,1.464,6.915,0,0,0,0,0,0,0,0,0.000,0.000,0.000,0.000,0.000,0.000,0,0.106,17.525,164,173,1133,7.691,222.681,10.698,222.681,10313.539,201,1,H.264,122.901,0,0,221.823,222.719,1.000,172.373,122.040,arrival-gap-jitter-spike,790.812,0,1,1,1,1,11104.351,357.986,358.719,363.774,363.774,0,0,11,0,0,11,2,pacing-pressure freshness,pacing-queue-pressure,0,0,0,0,0,0,0,0,0,0,,99.644,0.000,95.485,0.000,0.000,0.000,120.000,stale-before-decode,0.001,217,0.000,99.985,4.337,0.081,0.867,0.592,0.000,0.275,1,0,0,1,3,0.067,18.950,17.525,45.069,10.533,1.000,Jitter,1,1,0,0.000,1,3,3,1,0.060,0.000,0.060,0,100,0,5209,4865,319,0,297
12.111,Custom_loss6_delay0-100_dup0_reorder6_burst0,Loopback,1,1,0,,,0.000,0,21,237,16.797,14.929,17.267,95.998,94.721,70.773,53.843,2.473,0.067,0.190,5341,383,4891,4508,927,418,118,381,286,95,10,0,4509,196,46,0,0,0,0,5.000,0,0,0,0,0,0,0,0,0,0,0,0,0,0,0,0.000,0.000,0.000,,190,190,1239,0,1,61.123,221.823,62.009,222.719,0.000,0.000,181,178,2872,291,41,0,563,801,237,1,retransmit-late-after-completed,completed,H.264,1,1,19,19,0,0,0,2,0,0,0,0,5686,0,5686,0,5686,0,1,96.512,106,118,95,85,95,0,56.985,24.389,131.153,1,0,320,31,351,0,111,5,0.473,0.527,0.912,1.000,0.043,45.000,0.333,0.667,0.167,duplicate-guard,3,16,0,0,1,12,563,3533,2,4,0,0,3533,predicted-useful,likely-arrival,976,0.632,104,351,0,6,0,0,0,0,0,0,0,98,1094,98,1094,0,0,0,pacing,1,0.838,5.950,113.950,0,0,0,0,0,0,0,0,1100,655,784,1,1,9500000,1200000,0,0,0,5725,5725,6928358,351,433310,41,51004,0,0,0,0,0,8.089,22.122,4737.812,4800.000,313,10220,5337,2181,4883,2702,0.290,27.699,4.656,313,2781151,4704023,2.687,49.485,0.436,17.668,10220,563,190,3533,562,1,0,40,40,67,40,0,0,1,0,4,949,801,801,0,0,0,0,0,,disabled,,0,0,0,0,,1,Fixed Quality,Hybrid,85,30,9500,12000,640,360,H.264,480,270,518400,21928,518400,21928,0.042,0.000,,0,0,0.000,1.559,0.000,0.000,0.060,5000,5250,5250,4,4,0,1,9500,0.680,1,8.089,0.000,0,0,0.000,0.000,0,0,1,0,0.000,1.000,0.000,1,0,0,fixed-pacing-queue-hard-pressure,19,1,1,decoder-sync-observed,0,,0,0,4.829,18.466,0,,0.000,0.000,0.000,0.000,0,0,0,,0,0,0,6.262,0,239,0.060,0.000,0.000,0.059,0.000,0.040,0.005,1,1,1,1,0,1,1,0,0,0,1,0,0.860,33.501,0.000,20,0,0.000,0,0,0,0.000,0.000,0.000,0.000,0.000,0.000,0.000,1.471,10.470,0,0,0,0,0,0,0,0,0.000,0.000,0.000,0.000,0.000,0.000,0,0.097,14.929,181,190,1239,62.042,222.681,10.698,222.681,10313.539,201,1,H.264,122.901,0,0,221.823,222.719,1.000,172.373,122.040,arrival-gap-jitter-spike,1797.722,0,1,1,1,1,12111.261,357.986,358.719,363.774,363.774,0,0,11,0,0,11,0,,,0,0,0,0,0,0,0,0,0,0,,87.409,0.000,89.525,0.000,0.000,0.000,120.000,stale-before-decode,0.000,237,0.000,92.882,3.212,0.075,0.993,0.704,0.000,0.289,1,0,0,1,3,0.066,16.797,14.929,2.473,17.267,0.750,Loss,0,1,0,1.000,1,1,1,1,0.060,0.000,0.060,0,100,0,5737,5352,351,0,324
13.117,Custom_loss6_delay0-100_dup0_reorder6_burst0,Loopback,1,1,0,,,0.000,0,21,257,19.612,19.611,17.972,98.774,94.748,70.773,53.843,8.629,0.068,0.187,5816,426,5340,4914,997,446,125,416,310,106,10,0,4915,213,49,0,0,0,0,5.000,0,0,0,0,0,0,0,0,0,0,0,0,0,0,0,0.000,0.000,0.000,,207,207,1324,0,1,41.470,221.823,42.361,222.719,0.000,0.000,198,195,3117,319,44,0,612,868,258,1,nack-sent,pending,H.264,1,1,19,12,7,1,1,1,0,7,3,0,6210,15,6223,4,0,0,0,49.290,117,125,106,96,106,0,57.608,24.536,131.153,1,0,349,32,381,0,120,5,0.483,0.517,0.916,1.000,0.040,45.000,0.333,0.667,0.000,duplicate-guard,3,16,0,0,1,12,612,3845,2,4,0,0,3845,predicted-useful,likely-arrival,1061,0.368,112,381,0,6,0,0,0,0,0,0,0,106,1185,106,1185,0,0,0,pacing,1,0.845,4.694,112.694,0,0,0,0,0,0,0,0,1191,712,851,1,1,9500000,1200000,0,0,0,6235,6235,7546136,381,470630,46,57224,0,0,0,0,0,12.905,22.122,10646.438,4800.000,340,11148,5813,2404,5335,2931,0.293,4.916,2.202,340,3159785,5137766,1.994,49.485,0.485,12.483,11148,612,207,3845,611,1,0,43,43,71,43,0,0,1,0,4,1029,868,868,0,0,0,0,0,,disabled,,0,0,0,0,,1,Fixed Quality,Hybrid,85,30,9500,12000,640,360,H.264,480,270,518400,21926,518400,21926,0.042,0.000,,0,0,0.000,1.712,0.000,0.000,0.100,5000,5250,5250,4,4,0,1,9500,0.680,1,12.905,0.000,0,0,4.000,0.200,6220,1244,1,0,0.307,0.609,0.084,1,0,0,fixed-pacing-queue-hard-pressure,19,1,1,decoder-sync-observed,0,,0,0,6.515,18.464,0,,0.000,0.000,0.000,0.000,0,0,0,,0,0,0,11.546,0,259,0.100,0.000,0.000,0.100,0.000,0.071,0.009,1,1,1,1,0,1,1,0,0,0,0,0,1.000,0.000,0.000,20,0,0.000,0,0,0,0.000,0.000,0.000,0.000,0.000,0.000,0.000,1.518,15.664,0,0,0,0,0,0,0,0,0.000,0.000,0.000,0.000,0.000,0.000,0,0.100,19.611,198,207,1324,42.381,222.681,10.698,222.681,10313.539,201,1,H.264,122.901,0,0,221.823,222.719,1.000,172.373,122.040,arrival-gap-jitter-spike,2803.679,0,1,1,1,1,13117.218,357.986,358.719,363.774,363.774,0,0,11,0,0,11,0,,,0,0,0,0,0,0,0,0,0,0,,96.435,0.000,98.776,0.000,0.000,0.000,120.000,stale-before-decode,0.001,257,0.000,105.076,6.149,0.101,0.314,0.001,0.000,0.313,1,0,0,1,3,0.068,19.612,19.611,8.629,17.972,1.000,RecoveryDeadline,0,1,0,0.000,0,1,1,1,0.060,0.000,0.060,0,100,0,6248,5827,390,0,351
14.120,Custom_loss6_delay0-100_dup0_reorder6_burst0,Loopback,1,1,0,,,0.000,0,21,277,15.980,13.981,13.329,101.186,95.075,99.452,57.643,37.538,0.067,0.201,6298,454,5781,5327,1079,489,139,441,329,112,10,0,5328,226,57,0,0,0,0,5.000,0,0,0,0,0,0,0,0,0,0,0,0,0,0,0,0.000,0.000,0.000,,219,219,1428,0,1,50.738,248.948,51.835,249.752,0.000,0.000,210,207,3375,338,51,0,667,937,278,1,retransmit-arrived,pending,H.264,1,1,19,10,9,4,1,2,5,23,1,0,6731,0,6731,0,6731,0,1,73.091,124,139,112,102,112,0,57.991,23.898,131.153,1,0,376,39,415,0,128,6,0.471,0.529,0.906,1.000,0.045,40.000,0.273,0.727,0.333,retransmit-late,3,16,0,0,1,12,667,4176,2,4,0,0,4176,predicted-useful,likely-arrival,1148,0.474,122,415,0,6,0,0,0,0,0,0,0,116,1296,116,1296,0,0,0,pacing,1,0.781,4.694,112.694,0,0,0,0,0,0,0,0,1302,774,925,1,1,9500000,1200000,0,0,0,6749,6749,8168890,415,512926,51,63444,0,0,0,0,0,0.010,22.122,8846.500,1077.650,367,12044,6283,2559,5761,3202,0.289,2.272,2.611,367,2849850,4665485,2.890,45.324,0.428,14.261,12044,667,220,4176,666,1,0,50,50,82,50,0,0,1,0,4,1116,937,937,0,0,0,0,0,,disabled,,0,0,0,0,,1,Fixed Quality,Hybrid,85,30,9500,12000,640,360,H.264,480,270,518400,21926,518400,21926,0.042,0.000,,0,0,0.000,1.932,0.000,0.000,0.118,5000,5250,5250,4,4,0,1,9500,0.680,1,1.148,0.000,0,0,4.000,0.600,6220,3732,1,0,0.296,0.607,0.096,1,0,0,fixed-pacing-queue-hard-pressure,19,1,1,decoder-sync-observed,0,,0,0,0.022,18.464,0,,0.000,0.000,0.000,0.000,0,0,0,,0,0,0,7.630,0,279,0.117,0.000,0.000,0.117,0.000,0.075,0.010,1,1,1,1,0,1,1,0,0,0,0,0,1.000,0.000,0.000,20,0,0.000,0,0,0,0.000,0.000,0.000,0.000,0.000,0.000,0.000,1.764,13.126,0,0,0,0,0,0,0,0,0.000,0.000,0.000,0.000,0.000,0.000,0,0.116,13.982,210,219,1428,51.502,249.871,10.698,249.871,13589.551,267,1,H.264,103.090,0,0,248.948,249.752,1.000,198.762,102.156,arrival-gap-jitter-spike,531.073,0,1,1,1,1,14120.624,357.986,358.719,363.774,363.774,0,0,11,0,0,11,0,,,0,0,0,0,0,0,0,0,0,0,,95.825,0.000,98.215,0.000,0.000,0.000,120.000,stale-before-decode,0.001,277,0.000,105.959,7.559,0.090,0.389,0.001,0.000,0.388,1,0,0,1,3,0.068,15.980,13.981,37.538,13.329,1.000,RecoveryDeadline,1,1,0,1.000,1,1,1,1,0.060,0.000,0.060,0,100,0,6763,6310,421,0,383
15.127,Custom_loss6_delay0-100_dup0_reorder6_burst0,Loopback,1,1,0,,,0.000,0,21,297,16.285,15.814,15.860,99.927,95.259,60.155,57.837,16.424,0.066,0.195,6790,478,6230,5752,1173,533,153,476,354,122,11,0,5753,244,59,0,0,0,0,5.000,0,0,0,0,0,0,0,0,0,0,0,0,0,0,0,0.000,0.000,0.000,,237,237,1533,0,1,44.104,248.948,44.984,249.752,0.000,0.000,227,224,3643,366,53,0,715,1016,298,1,nack-sent,pending,H.264,1,1,19,14,5,4,3,2,1,12,2,2,7217,1,7241,1,0,0,0,71.303,131,153,122,112,122,0,58.346,23.665,131.153,1,0,407,33,440,0,139,6,0.461,0.539,0.925,1.000,0.041,45.000,0.143,0.857,0.000,duplicate-guard,3,16,0,0,1,12,715,4486,2,4,0,0,4486,predicted-useful,likely-arrival,1229,0.263,129,440,0,6,0,0,0,0,0,0,0,123,1364,123,1364,0,0,0,pacing,1,0.780,5.388,113.388,0,0,0,0,0,0,0,0,1370,829,989,0,1,9500000,1200000,0,0,0,7254,7254,8780450,440,544026,55,68420,0,0,0,0,0,5.939,22.122,2244.062,4800.000,396,13016,6786,2748,6230,3482,0.288,20.305,1.952,396,3894126,5761834,1.164,28.400,0.456,14.128,13016,715,238,4486,714,1,0,52,52,86,52,0,0,1,0,4,1206,1016,1016,0,0,0,0,0,,disabled,,0,0,0,0,,1,Fixed Quality,Hybrid,85,30,9500,12000,640,360,H.264,480,270,518400,21928,518400,21928,0.042,0.000,,0,0,0.000,1.669,0.000,0.000,0.084,5000,5250,5250,4,4,0,1,9500,0.680,1,5.939,0.000,0,0,4.000,0.400,6220,2488,1,0,0.298,0.627,0.075,1,0,0,fixed-pacing-queue-hard-pressure,19,1,1,decoder-sync-observed,0,,0,0,0.010,18.466,0,,0.000,0.000,0.000,0.000,0,0,0,,0,0,0,5.568,0,299,0.084,0.000,0.000,0.084,0.000,0.058,0.008,1,1,1,1,0,1,1,0,0,0,1,0,0.860,84.188,0.000,20,0,0.000,0,0,0,0.000,0.000,0.000,0.000,0.000,0.000,0.000,1.547,41.292,0,0,0,0,0,0,0,0,0.000,0.000,0.000,0.000,0.000,0.000,0,0.123,15.814,227,237,1533,45.011,249.871,10.698,249.871,13589.551,267,1,H.264,103.090,0,0,248.948,249.752,1.000,198.762,102.156,arrival-gap-jitter-spike,1537.719,0,1,1,1,1,15127.270,357.986,358.719,363.774,363.774,0,0,12,0,0,12,1,pacing-pressure freshness,pacing-queue-pressure,0,0,0,0,0,0,0,0,0,0,,98.325,0.000,99.905,0.000,0.000,0.000,120.000,stale-before-decode,0.001,297,0.000,105.963,5.856,0.085,0.358,0.099,0.000,0.259,1,0,0,1,3,0.066,16.285,15.814,16.424,15.860,1.000,Loss,0,1,0,0.000,0,1,1,1,0.060,0.000,0.060,0,100,0,7269,6807,446,0,415
16.133,Custom_loss6_delay0-100_dup0_reorder6_burst0,Loopback,1,1,0,,,0.000,0,21,318,13.822,12.888,12.689,83.076,95.313,71.886,58.840,17.752,0.066,0.195,7261,512,6662,6150,1241,563,159,508,377,131,11,0,6151,260,63,0,0,0,0,5.000,0,0,0,0,0,0,0,0,0,0,0,0,0,0,0,0.000,0.000,0.000,,253,253,1646,0,1,89.304,248.948,90.098,249.752,0.000,0.000,241,238,3885,391,57,0,761,1083,318,1,completed,completed,H.264,1,1,19,19,0,3,3,2,4,8,4,1,7733,11,7748,2,0,0,0,82.453,140,159,131,121,131,0,58.422,23.514,131.153,1,0,431,34,465,0,146,6,0.468,0.532,0.927,1.000,0.039,44.000,1.000,0.000,0.000,insufficient-sample,3,16,0,0,1,12,761,4793,2,4,0,0,4793,predicted-useful,likely-arrival,1307,0.000,136,465,0,6,0,0,0,0,0,0,0,130,1433,130,1433,0,0,0,pacing,1,0.739,4.222,112.222,0,0,0,0,0,0,0,0,1439,883,1052,0,1,9500000,1200000,0,0,0,7759,7759,9392008,465,575126,59,73396,0,0,0,0,0,4.428,22.122,832.938,4800.000,422,13900,7241,2931,6659,3728,0.288,30.907,7.022,422,3442611,5237227,2.511,25.066,0.498,20.203,13900,761,254,4793,760,1,0,56,56,93,56,0,0,1,0,4,1291,1083,1083,0,0,0,0,0,,disabled,,0,0,0,0,,1,Fixed Quality,Hybrid,85,30,9500,12000,640,360,H.264,480,270,518400,21926,518400,21926,0.042,0.000,,0,0,0.000,1.800,0.000,0.000,0.066,5000,5250,5250,4,4,0,1,9500,0.680,1,4.428,0.000,0,0,1.173,0.000,1244,0,1,0,0.301,0.626,0.073,1,0,0,fixed-pacing-queue-pressure,19,1,1,decoder-sync-observed,0,,0,0,6.878,18.464,0,,0.000,0.000,0.000,0.000,0,0,0,,0,0,0,5.650,0,319,0.066,0.000,0.000,0.065,0.000,0.045,0.006,1,1,1,1,0,1,1,0,0,0,0,0,1.000,0.000,0.000,20,0,0.000,0,0,0,0.000,0.000,0.000,0.000,0.000,0.000,0.000,1.704,40.871,0,0,0,0,0,0,0,0,0.000,0.000,0.000,0.000,0.000,0.000,0,0.097,12.889,241,253,1646,90.167,249.871,10.698,249.871,13589.551,267,1,H.264,103.090,0,0,248.948,249.752,1.000,198.762,102.156,arrival-gap-jitter-spike,2543.519,0,1,1,1,1,16133.070,357.986,358.719,363.774,363.774,0,0,14,0,0,14,2,pacing-pressure freshness,pacing-queue-pressure,0,0,0,0,0,0,0,0,0,0,,90.844,0.000,90.506,0.000,0.000,0.000,120.000,stale-before-decode,0.001,318,0.000,93.451,2.793,0.082,0.826,0.612,0.000,0.214,1,0,0,1,3,0.066,13.822,12.888,17.752,12.689,1.000,Loss,0,1,0,1.000,1,1,1,1,0.060,0.000,0.060,0,100,0,7775,7276,480,0,445
17.137,Custom_loss6_delay0-100_dup0_reorder6_burst0,Loopback,1,1,0,,,0.000,0,21,337,16.855,16.619,15.818,102.138,95.141,91.446,61.014,6.388,0.065,0.195,7748,536,7101,6565,1330,597,173,548,403,145,12,0,6566,276,67,0,0,0,0,5.000,0,0,0,0,0,0,0,0,0,0,0,0,0,0,0,0.000,0.000,0.000,,269,269,1727,0,1,64.801,248.948,65.717,249.752,0.000,0.000,257,254,4133,421,61,0,813,1148,338,1,fec-recovered,pending,H.264,1,1,19,18,1,3,3,2,3,10,1,1,8247,5,8267,2,0,0,0,78.616,146,173,145,135,145,0,59.111,23.569,131.153,1,0,465,37,502,0,153,8,0.458,0.542,0.926,1.000,0.050,44.000,0.125,0.875,0.000,duplicate-guard,3,16,0,0,1,12,813,5149,2,4,0,0,5149,predicted-useful,likely-arrival,1393,0.211,147,502,0,6,0,0,0,0,0,0,0,141,1548,141,1548,0,0,0,pacing,1,0.686,5.117,113.117,0,0,0,0,0,0,0,0,1554,941,1123,0,1,9500000,1200000,0,0,0,8276,8276,10018494,502,621154,63,78372,0,0,0,0,0,9.716,22.122,6657.625,4800.000,448,14822,7736,3121,7086,3965,0.287,4.803,2.886,448,3221275,5186870,2.692,23.965,0.383,12.146,14822,813,270,5149,812,1,0,60,60,101,60,0,0,1,0,4,1368,1148,1148,0,0,0,0,0,,disabled,,0,0,0,0,,1,Fixed Quality,Hybrid,85,30,9500,12000,640,360,H.264,480,270,518400,0,518400,21926,0.042,0.000,,0,0,0.000,5.196,0.000,4.417,0.726,5000,5250,5250,4,4,0,1,9500,0.680,1,9.716,0.000,0,0,3.738,0.000,3732,0,1,0,0.000,1.000,0.000,1,0,0,fixed-pacing-queue-hard-pressure,0,0,0,async-output-pending,0,,0,0,0.000,0.000,0,,0.000,0.000,0.000,0.000,0,0,0,,0,0,0,0.000,1,0,0.716,0.198,0.516,0.000,0.000,0.000,0.000,0,0,1,1,1,0,0,1,1,0,0,0,1.000,0.000,0.000,20,0,0.000,0,0,0,0.000,0.000,0.000,0.000,0.000,0.000,0.000,0.000,32.700,0,0,0,0,0,0,0,0,0.000,0.000,0.000,0.000,0.000,0.000,0,0.118,16.619,257,269,1727,65.729,249.871,10.698,249.871,13589.551,267,1,H.264,103.090,0,0,248.948,249.752,1.000,198.762,102.156,arrival-gap-jitter-spike,3548.080,0,1,1,1,1,17137.631,357.986,358.719,363.774,363.774,0,0,14,0,0,14,0,,,0,0,0,0,0,0,0,0,0,0,,94.576,0.000,96.692,0.000,0.000,0.000,120.000,stale-before-decode,0.001,337,0.000,99.642,2.767,0.099,0.301,0.029,0.000,0.272,1,0,0,1,3,0.065,16.855,16.619,6.388,15.818,1.000,RecoveryDeadline,0,1,0,0.000,0,1,1,1,0.060,0.000,0.060,0,100,0,8293,7764,504,0,476
18.140,Custom_loss6_delay0-100_dup0_reorder6_burst0,Loopback,1,1,0,,,0.000,0,21,356,18.120,13.925,16.592,108.978,95.496,15.481,58.168,2.134,0.065,0.188,8229,569,7541,6972,1412,641,179,579,424,155,13,0,6973,294,68,0,0,0,0,5.000,0,0,0,0,0,0,0,0,0,0,0,0,0,0,0,0.000,0.000,0.000,,287,287,1821,0,1,56.442,248.948,57.322,249.752,0.000,0.000,273,269,4388,449,62,0,866,1220,358,1,nack-sent,pending,H.264,1,1,19,16,3,3,3,3,5,19,2,0,8756,4,8776,1,0,0,0,89.990,157,179,155,145,155,0,59.590,23.684,131.153,1,0,492,39,531,0,167,8,0.467,0.533,0.927,1.000,0.046,45.000,0.333,0.667,0.000,duplicate-guard,3,16,0,0,1,12,866,5501,2,4,0,0,5501,predicted-useful,likely-arrival,1482,0.316,156,531,0,6,0,0,0,0,0,0,0,150,1650,150,1650,0,0,0,pacing,1,0.783,6.819,114.819,0,0,0,0,0,0,0,0,1656,1002,1195,0,1,9500000,1200000,0,0,0,8785,8785,10635030,531,657230,65,80860,0,0,0,0,0,8.168,22.122,4823.312,4800.000,475,15736,8210,3283,7526,4243,0.286,40.875,0.000,475,2877765,4801365,1.318,3.979,0.450,27.960,15736,865,288,5498,864,1,0,61,61,102,61,0,0,1,0,4,1452,1220,1220,0,0,0,0,0,,disabled,,0,0,0,0,,1,Fixed Quality,Hybrid,85,30,9500,12000,640,360,H.264,480,270,518400,0,518400,21928,0.042,0.000,,0,0,0.000,4.729,0.000,4.057,0.636,5000,5250,5250,4,4,0,1,9500,0.680,1,8.168,0.000,0,0,3.417,0.000,3732,0,1,0,0.296,0.631,0.073,1,0,0,fixed-pacing-queue-hard-pressure,0,0,0,async-output-pending,0,,0,0,0.000,0.000,0,,0.000,0.000,0.000,0.000,0,0,0,,0,0,0,0.000,1,0,0.628,0.171,0.456,0.000,0.000,0.000,0.000,0,0,1,1,1,0,0,1,1,0,0,0,1.000,0.000,0.000,20,0,0.000,0,0,0,0.000,0.000,0.000,0.000,0.000,0.000,0.000,0.000,40.589,0,0,0,0,0,0,0,0,0.000,0.000,0.000,0.000,0.000,0.000,0,0.099,13.925,273,287,1821,57.297,249.871,10.698,249.871,13589.551,267,1,H.264,103.090,0,0,248.948,249.752,1.000,198.762,102.156,arrival-gap-jitter-spike,4550.242,0,1,1,1,1,18139.793,357.986,358.719,363.774,363.774,0,0,17,0,0,17,3,pacing-pressure freshness,pacing-queue-pressure,0,0,0,0,0,0,0,0,0,0,,100.647,0.000,100.799,0.000,0.000,0.000,120.000,stale-before-decode,0.001,356,0.000,104.562,3.791,0.090,0.881,0.620,0.000,0.261,1,0,0,1,3,0.065,18.120,13.925,2.134,16.592,1.000,Loss,0,1,0,0.000,1,1,1,1,0.060,0.000,0.060,0,100,0,8803,8247,532,0,504
19.140,Custom_loss6_delay0-100_dup0_reorder6_burst0,Loopback,1,1,0,,,0.000,0,21,376,17.204,17.169,11.225,90.860,95.663,6.297,55.117,17.100,0.064,0.186,8717,593,7990,7397,1502,689,189,609,445,164,15,0,7398,311,71,0,0,0,0,5.000,0,0,0,0,0,0,0,0,0,0,0,0,0,0,0,0.000,0.000,0.000,,304,304,1924,0,1,40.251,248.948,41.027,249.752,0.000,0.000,288,284,4647,476,65,0,913,1294,378,1,completed,completed,H.264,1,1,19,19,0,3,3,2,7,13,2,1,9273,10,9288,2,0,0,0,90.124,169,189,164,154,164,0,60.176,23.938,131.153,1,0,523,38,561,0,179,9,0.472,0.528,0.932,1.000,0.048,45.000,0.000,1.000,0.000,duplicate-guard,3,16,0,0,1,12,913,5774,2,4,0,0,5774,predicted-useful,likely-arrival,1565,0.211,164,561,0,9,0,0,0,0,0,0,0,159,1755,159,1755,0,0,0,pacing,1,0.797,5.466,113.466,0,0,0,0,0,0,0,0,1764,1059,1263,0,1,9500000,1200000,4,0,4,9319,9315,11276824,561,694550,71,88324,0,0,0,0,0,0.429,22.122,508.250,4800.000,502,16691,8701,3468,7990,4522,0.285,38.791,0.000,502,2699828,4694057,2.470,1.346,0.535,14.605,16691,913,306,5774,912,1,0,64,64,107,64,0,0,1,0,4,1538,1294,1294,0,0,0,0,0,,disabled,,0,0,0,0,,1,Fixed Quality,Hybrid,85,30,9500,12000,640,360,H.264,480,270,518400,21928,518400,21928,0.042,0.000,,0,0,0.000,1.627,0.000,0.000,0.122,5000,5250,5250,4,4,0,1,9500,0.680,1,2.937,0.000,0,0,3.534,0.000,3732,0,1,0,0.301,0.631,0.068,1,0,0,fixed-pacing-queue-hard-pressure,19,1,1,decoder-sync-observed,0,,0,0,4.786,18.466,0,,0.000,0.000,0.000,0.000,0,0,0,,0,0,0,3.022,0,380,0.122,0.000,0.000,0.121,0.000,0.101,0.007,1,1,1,1,0,1,1,0,0,0,0,0,1.000,0.000,0.000,20,0,0.000,0,0,0,0.000,0.000,0.000,0.000,0.000,0.000,0.000,1.473,6.916,0,0,0,0,0,0,0,0,0.000,0.000,0.000,0.000,0.000,0.000,0,0.114,17.170,288,304,1924,41.169,249.871,10.698,249.871,13589.551,267,1,H.264,103.090,0,0,248.948,249.752,1.000,198.762,102.156,arrival-gap-jitter-spike,5550.327,0,1,1,1,1,19139.878,357.986,358.719,363.774,363.774,0,0,19,0,0,19,2,pacing-pressure freshness,pacing-queue-pressure,0,0,0,0,0,0,0,0,0,0,,93.731,0.000,95.447,0.000,0.000,0.000,120.000,stale-before-decode,0.001,376,0.000,100.890,5.260,0.083,0.762,0.523,0.000,0.239,1,0,0,1,3,0.064,17.204,17.169,17.100,11.225,1.000,Loss,0,1,0,1.000,0,1,1,1,0.060,0.000,0.060,0,100,0,9334,8737,559,0,541
20.148,Custom_loss6_delay0-100_dup0_reorder6_burst0,Loopback,1,1,0,,,0.000,0,21,398,16.603,17.571,12.765,97.623,95.885,66.626,55.756,11.216,0.064,0.188,9187,626,8429,7803,1574,725,197,635,467,168,17,0,7804,328,76,0,0,0,0,5.000,0,0,0,0,0,0,0,0,0,0,0,0,0,0,0,0.000,0.000,0.000,,321,321,2035,0,1,48.184,248.948,49.015,249.752,0.000,0.000,304,299,4898,496,70,0,964,1369,398,1,completed,completed,H.264,1,1,19,19,0,5,5,2,7,15,1,0,9771,7,9813,1,0,0,0,92.570,173,197,168,158,168,0,60.131,23.716,131.153,1,0,539,42,581,0,184,9,0.468,0.532,0.928,1.000,0.047,44.000,0.000,1.000,0.000,insufficient-sample,3,16,0,0,1,12,964,6124,2,4,0,0,6124,predicted-useful,likely-arrival,1651,0.000,170,581,0,9,0,0,0,0,0,0,0,165,1822,165,1822,0,0,0,pacing,1,0.742,3.859,111.859,0,0,0,0,0,0,0,0,1831,1121,1333,0,1,9500000,1200000,4,0,4,9819,9815,11882162,581,719430,72,89568,0,0,0,0,0,0.326,22.122,610.375,4800.000,528,17602,9173,3639,8429,4790,0.284,25.778,1.721,528,2825664,4522683,1.970,13.143,0.509,13.182,17602,964,322,6124,963,1,0,69,69,116,69,0,0,1,0,4,1626,1369,1369,0,0,0,0,0,,disabled,,0,0,0,0,,1,Fixed Quality,Hybrid,85,30,9500,12000,640,360,H.264,480,270,518400,21928,518400,21928,0.042,0.000,,0,0,0.000,2.054,0.000,0.000,0.094,5000,5250,5250,4,4,0,1,9500,0.680,1,6.322,0.000,0,0,3.658,0.000,3732,0,1,0,0.298,0.630,0.072,1,0,0,fixed-pacing-queue-hard-pressure,19,1,1,decoder-sync-observed,0,,0,0,8.357,18.466,0,,0.000,0.000,0.000,0.000,0,0,0,,0,0,0,6.019,0,400,0.094,0.000,0.000,0.093,0.000,0.067,0.007,1,1,1,1,0,1,1,0,0,0,0,0,1.000,0.000,0.000,20,0,0.000,0,0,0,0.000,0.000,0.000,0.000,0.000,0.000,0.000,1.913,10.059,0,0,0,0,0,0,0,0,0.000,0.000,0.000,0.000,0.000,0.000,0,0.124,17.571,304,321,2035,49.121,249.871,10.698,249.871,13589.551,267,1,H.264,103.090,0,0,248.948,249.752,1.000,198.762,102.156,arrival-gap-jitter-spike,6558.053,0,1,1,1,1,20147.604,357.986,358.719,363.774,363.774,0,0,20,0,0,20,1,pacing-pressure freshness,pacing-queue-pressure,0,0,0,0,0,0,0,0,0,0,,95.555,0.000,96.938,6.177,0.000,107.179,120.000,stale-before-decode,0.001,397,0.000,100.063,3.906,0.091,0.366,0.001,0.000,0.365,1,0,0,1,3,0.064,16.603,17.571,11.216,12.765,1.000,Loss,0,1,0,0.500,2,1,1,1,0.060,0.000,0.060,0,100,0,9835,9207,596,0,566
21.150,Custom_loss6_delay0-100_dup0_reorder6_burst0,Loopback,1,1,0,,,0.000,0,21,416,20.156,18.322,15.437,97.625,95.936,58.404,55.896,13.451,0.063,0.185,9680,654,8879,8225,1671,776,210,667,492,175,18,0,8226,344,78,0,0,0,0,5.000,0,0,0,0,0,0,0,0,0,0,0,0,0,0,0,0.000,0.000,0.000,,337,337,2137,0,1,62.255,248.948,63.065,249.752,0.000,0.000,318,314,5174,519,72,0,1015,1449,419,1,fec-recovered,pending,H.264,1,1,19,16,3,3,3,1,1,7,0,0,10312,3,0,0,0,0,0,53.555,188,210,175,165,175,0,59.707,23.720,131.153,1,0,574,44,618,0,193,11,0.472,0.528,0.929,1.000,0.054,40.000,0.545,0.455,0.667,retransmit-late,3,16,0,0,1,12,1015,6463,2,4,0,0,6463,predicted-useful,likely-arrival,1738,0.211,181,618,0,9,0,0,0,0,0,0,0,176,1925,176,1925,0,0,0,pacing,1,0.736,4.252,112.252,0,0,0,0,0,0,0,0,1934,1180,1405,1,1,9500000,1200000,0,0,0,10336,10336,12513656,618,765458,74,92056,0,0,0,0,0,5.987,22.122,2269.812,4800.000,555,18540,9666,3820,8874,5054,0.283,9.280,7.167,555,3324935,5388182,3.417,8.870,0.442,21.625,18540,1015,338,6463,1014,1,0,71,71,119,71,0,0,1,0,4,1718,1449,1449,0,0,0,0,0,,disabled,,0,0,0,0,,1,Fixed Quality,Hybrid,85,30,9500,12000,640,360,H.264,480,270,518400,21926,518400,21926,0.042,0.000,,0,0,0.000,1.625,0.000,0.000,0.066,5000,5250,5250,4,4,0,1,9500,0.680,1,5.987,0.000,0,0,2.844,0.000,3732,0,1,0,0.304,0.625,0.071,1,0,0,fixed-pacing-queue-hard-pressure,19,1,1,decoder-sync-observed,0,,0,0,6.996,18.464,0,,0.000,0.000,0.000,0.000,0,0,0,,0,0,0,2.664,0,420,0.065,0.000,0.000,0.065,0.000,0.045,0.006,1,1,1,1,0,1,1,0,0,0,0,0,1.000,0.000,0.000,20,0,0.000,0,0,0,0.000,0.000,0.000,0.000,0.000,0.000,0.000,1.530,6.909,0,0,0,0,0,0,0,0,0.000,0.000,0.000,0.000,0.000,0.000,0,0.139,18.322,318,337,2137,63.101,249.871,10.698,249.871,13589.551,267,1,H.264,103.090,0,0,248.948,249.752,1.000,198.762,102.156,arrival-gap-jitter-spike,7560.286,0,1,1,1,1,21149.837,357.986,358.719,363.774,363.774,0,0,22,0,0,22,2,pacing-pressure freshness,pacing-queue-pressure,0,0,0,0,0,0,0,0,0,0,,95.869,0.000,97.636,0.000,0.000,0.000,120.000,stale-after-h264-decode,0.001,416,0.000,102.729,6.124,0.092,0.336,0.001,0.000,0.335,1,0,0,1,3,0.063,20.156,18.322,13.451,15.437,1.000,RecoveryDeadline,0,1,0,0.500,2,1,1,1,0.060,0.000,0.060,0,100,0,10357,9701,621,0,603
22.153,Custom_loss6_delay0-100_dup0_reorder6_burst0,Loopback,1,1,0,,,0.000,0,21,438,20.147,20.154,18.182,84.477,95.845,87.031,57.452,7.614,0.064,0.185,10169,695,9346,8651,1765,816,218,711,523,188,20,0,8652,362,82,0,0,0,0,5.000,0,0,0,0,0,0,0,0,0,0,0,0,0,0,0,0.000,0.000,0.000,,355,355,2251,0,1,41.115,248.948,42.021,249.752,0.000,0.000,336,331,5428,550,76,0,1063,1516,439,1,fec-parity,pending,H.264,1,1,19,4,15,1,0,0,0,0,0,0,10842,17,0,0,0,0,0,18.950,203,218,188,178,188,0,59.470,24.474,131.153,1,0,610,46,656,0,215,14,0.482,0.518,0.930,1.000,0.061,40.000,0.500,0.500,0.500,retransmit-late,3,16,0,0,1,12,1063,6816,2,4,0,0,6816,predicted-useful,likely-arrival,1823,0.000,193,656,0,9,0,0,0,0,0,0,0,188,2041,188,2041,0,0,0,pacing,1,0.660,4.858,112.858,0,0,0,0,0,0,0,0,2050,1233,1472,0,1,9500000,1200000,0,0,0,10854,10854,13141388,656,812730,76,94544,0,0,0,0,0,8.063,22.122,4790.062,4800.000,582,19481,10147,4002,9334,5332,0.283,9.784,2.945,582,2792770,4518180,2.904,12.821,0.530,10.600,19481,1063,356,6816,1062,1,0,75,75,127,75,0,0,1,0,4,1799,1516,1516,0,0,0,0,0,,disabled,,0,0,0,0,,1,Fixed Quality,Hybrid,85,30,9500,12000,640,360,H.264,480,270,518400,21928,518400,21928,0.042,0.000,,0,0,0.000,1.743,0.000,0.000,0.066,5000,5250,5250,4,4,0,1,9500,0.680,1,8.063,0.000,0,0,2.904,0.000,3732,0,1,0,0.309,0.620,0.070,1,0,0,fixed-pacing-queue-pressure,19,1,1,decoder-sync-observed,0,,0,0,7.358,18.466,0,,0.000,0.000,0.000,0.000,0,0,0,,0,0,0,5.928,0,440,0.065,0.000,0.000,0.065,0.000,0.045,0.006,1,1,1,1,0,1,1,0,0,0,0,0,1.000,0.000,0.000,20,0,0.000,0,0,0,0.000,0.000,0.000,0.000,0.000,0.000,0.000,1.646,10.220,0,0,0,0,0,0,0,0,0.000,0.000,0.000,0.000,0.000,0.000,0,0.123,20.154,336,355,2251,41.948,249.871,10.698,249.871,13589.551,267,1,H.264,103.090,0,0,248.948,249.752,1.000,198.762,102.156,arrival-gap-jitter-spike,8563.953,0,1,1,1,1,22153.504,357.986,358.719,363.774,363.774,0,0,23,0,0,23,1,pacing-pressure freshness,pacing-queue-pressure,0,0,0,0,0,0,0,0,0,0,,92.877,0.000,95.106,0.000,0.000,0.000,120.000,stale-before-upload,0.001,438,0.000,98.251,3.386,0.078,0.697,0.437,0.000,0.260,1,0,0,1,3,0.063,20.147,20.154,7.614,18.182,1.000,Loss,0,1,0,0.000,0,2,2,1,0.060,0.000,0.060,0,100,0,10876,10191,652,0,639
23.160,Custom_loss6_delay0-100_dup0_reorder6_burst0,Loopback,1,1,0,,,0.000,0,21,458,16.722,11.148,10.939,95.642,96.178,91.751,59.086,35.175,0.063,0.185,10656,718,9781,9063,1856,859,233,743,546,197,21,0,9064,379,86,0,0,0,0,5.000,0,0,0,0,0,0,0,0,0,0,0,0,0,0,0,0.000,0.000,0.000,,371,371,2364,0,1,23.435,248.948,24.627,249.752,0.000,0.000,349,344,5697,576,79,0,1116,1584,459,1,nack-sent,pending,H.264,1,1,19,6,13,2,0,1,0,13,0,0,11368,16,0,0,0,0,0,50.672,218,233,197,187,197,0,59.366,24.141,131.153,1,0,649,50,699,0,222,15,0.483,0.517,0.928,1.000,0.063,45.000,0.250,0.750,0.000,duplicate-guard,3,16,0,0,1,12,1116,7154,2,4,0,0,7154,predicted-useful,likely-arrival,1910,0.000,204,699,0,9,0,0,0,0,0,0,0,199,2159,199,2159,0,0,0,pacing,1,0.833,4.884,112.884,0,0,0,0,0,0,0,0,2168,1291,1543,0,1,9500000,1200000,4,0,4,11377,11373,13770330,699,866222,85,105740,0,0,0,0,0,0.634,22.122,921.500,4800.000,610,20430,10651,4205,9779,5574,0.283,25.374,5.767,610,2797423,4686514,3.585,11.201,0.415,14.917,20430,1115,373,7141,1114,1,0,78,78,133,78,0,0,1,0,4,1888,1584,1584,0,0,0,0,0,,disabled,,0,0,0,0,,1,Fixed Quality,Hybrid,85,30,9500,12000,640,360,H.264,480,270,518400,21928,518400,21928,0.042,0.000,,0,0,0.000,2.152,0.000,0.000,0.190,5000,5250,5250,4,4,0,1,9500,0.680,1,8.155,0.000,0,0,3.577,0.000,3732,0,1,0,0.312,0.617,0.072,1,0,0,fixed-pacing-queue-hard-pressure,19,1,1,decoder-sync-observed,0,,0,0,10.893,18.466,0,,0.000,0.000,0.000,0.000,0,0,0,,0,0,0,14.238,0,460,0.190,0.000,0.000,0.189,0.000,0.103,0.010,1,1,1,1,0,1,1,0,0,0,0,0,1.000,0.000,0.000,20,0,0.000,0,0,0,0.000,0.000,0.000,0.000,0.000,0.000,0.000,1.913,18.500,0,0,0,0,0,0,0,0,0.000,0.000,0.000,0.000,0.000,0.000,0,0.136,11.148,349,371,2364,24.246,249.871,10.698,249.871,13589.551,267,1,H.264,103.090,0,0,248.948,249.752,1.000,198.762,102.156,arrival-gap-jitter-spike,9570.275,0,1,1,1,1,23159.826,357.986,358.719,363.774,363.774,0,0,26,0,0,26,3,pacing-pressure freshness,pacing-queue-pressure,0,0,0,0,0,0,0,0,0,0,,102.305,0.000,98.046,0.000,0.000,0.000,120.000,stale-before-decode,0.001,458,0.000,101.884,3.655,0.106,0.409,0.012,0.000,0.397,1,0,0,1,3,0.063,16.722,11.148,35.175,10.939,1.000,DecodeLoad,0,1,0,0.000,1,2,2,1,0.060,0.000,0.060,0,100,0,11396,10680,683,0,663
24.165,Custom_loss6_delay0-100_dup0_reorder6_burst0,Loopback,1,1,0,,,0.000,0,21,478,20.212,18.386,17.153,75.630,96.409,16.624,57.156,1.423,0.064,0.185,11141,763,10232,9469,1941,905,241,774,570,204,21,0,9470,397,90,0,0,0,0,5.000,0,0,0,0,0,0,0,0,0,0,0,0,0,0,0,0.000,0.000,0.000,,387,387,2469,0,1,47.289,248.948,48.051,249.752,0.000,0.000,365,360,5954,601,81,0,1163,1665,479,1,fec-recovered,pending,H.264,1,1,19,12,7,2,1,1,1,9,1,0,11867,8,11884,2,0,0,0,48.795,227,241,204,194,204,0,59.184,24.561,131.153,1,0,673,60,733,0,230,15,0.485,0.515,0.918,1.000,0.061,45.000,0.143,0.857,0.000,duplicate-guard,3,16,0,0,1,12,1163,7460,2,4,0,0,7460,predicted-useful,likely-arrival,1997,0.895,214,733,0,12,0,0,0,0,0,0,0,210,2283,210,2283,0,0,0,pacing,1,0.786,4.440,112.440,0,0,0,0,0,0,0,0,2295,1348,1613,1,1,9500000,1200000,0,0,0,11891,11891,14398092,733,908518,89,110716,0,0,0,0,0,0.011,22.122,6786.875,1090.500,638,21362,11137,4366,10225,5859,0.282,31.069,0.278,638,3045313,4982831,2.686,-6.065,0.455,20.055,21362,1163,391,7460,1162,1,0,80,80,136,80,0,0,1,0,4,1973,1665,1665,0,0,0,0,0,,disabled,,0,0,0,0,,1,Fixed Quality,Hybrid,85,30,9500,12000,640,360,H.264,480,270,518400,21926,518400,21926,0.042,0.000,,0,0,0.000,1.761,0.000,0.000,0.123,5000,5250,5250,4,4,0,1,9500,0.680,1,3.132,0.000,0,0,4.000,0.400,6220,2488,0,0,0.000,0.000,1.000,1,0,0,fixed-pacing-queue-hold,19,1,1,decoder-sync-observed,0,,0,0,0.088,18.464,0,,0.000,0.000,0.000,0.000,0,0,0,,0,0,0,10.121,0,480,0.123,0.000,0.000,0.122,0.000,0.088,0.010,1,1,1,1,0,1,1,0,0,0,1,0,0.860,179.995,0.000,20,0,0.000,0,0,0,0.000,0.000,0.000,0.000,0.000,0.000,0.000,1.581,7.570,0,0,0,0,0,0,0,0,0.000,0.000,0.000,0.000,0.000,0.000,0,0.123,18.386,365,387,2469,48.182,249.871,10.698,249.871,13589.551,267,1,H.264,103.090,0,0,248.948,249.752,1.000,198.762,102.156,arrival-gap-jitter-spike,10575.863,0,1,1,1,1,24165.414,357.986,358.719,363.774,363.774,0,0,26,0,0,26,0,,,0,0,0,0,0,0,0,0,0,0,,91.691,0.000,94.764,0.000,0.000,0.000,120.000,stale-before-decode,0.001,478,0.000,101.915,6.699,0.106,0.317,0.001,0.000,0.317,1,0,0,1,3,0.064,20.212,18.386,1.423,17.153,1.000,Loss,0,1,0,0.000,1,1,1,1,0.060,0.000,0.060,0,100,0,11915,11165,714,0,690
25.170,Custom_loss6_delay0-100_dup0_reorder6_burst0,Loopback,1,1,0,,,0.000,0,21,498,16.825,14.953,13.093,102.815,96.550,36.683,56.265,10.052,0.063,0.181,11644,781,10676,9895,2032,946,253,812,595,217,21,0,9896,415,92,0,0,0,0,5.000,0,0,0,0,0,0,0,0,0,0,0,0,0,0,0,0.000,0.000,0.000,,405,405,2581,0,1,48.501,248.948,49.385,249.752,0.000,0.000,382,376,6220,632,83,0,1212,1737,500,1,fec-parity,pending,H.264,1,1,19,8,11,3,0,0,0,0,0,0,12404,0,0,0,0,0,0,25.996,240,253,217,207,217,0,59.652,24.235,131.153,1,0,711,59,770,0,244,16,0.487,0.513,0.923,1.000,0.062,40.000,0.000,1.000,1.000,retransmit-late,3,16,0,0,1,12,1212,7745,2,4,0,0,7745,predicted-useful,likely-arrival,2083,0.105,225,770,0,12,0,0,0,0,0,0,0,221,2396,221,2396,0,0,0,pacing,1,0.720,4.647,112.647,0,0,0,0,0,0,0,0,2408,1403,1681,1,1,9500000,1200000,0,0,0,12408,12408,15024580,770,954546,93,115692,0,0,0,0,0,0.082,22.122,9266.750,1086.750,665,22295,11626,4548,10669,6121,0.281,4.614,0.692,665,4332159,6097957,1.801,20.059,0.494,11.934,22295,1212,409,7745,1211,1,0,82,82,139,82,0,0,1,0,4,2060,1737,1737,0,0,0,0,0,,disabled,,0,0,0,0,,1,Fixed Quality,Hybrid,85,30,9500,12000,640,360,H.264,480,270,518400,21928,518400,21928,0.042,0.000,,0,0,0.000,2.465,0.000,0.000,0.136,5000,5250,5250,4,4,0,1,9500,0.680,1,1.453,0.000,0,0,4.000,0.400,6220,2488,1,0,0.312,0.612,0.077,1,0,0,fixed-pacing-queue-hard-pressure,19,1,1,decoder-sync-observed,0,,0,0,4.240,18.466,0,,0.000,0.000,0.000,0.000,0,0,0,,0,0,0,2.691,0,500,0.135,0.000,0.000,0.135,0.000,0.081,0.021,1,1,1,1,0,1,1,0,0,0,0,0,1.000,0.000,0.000,20,0,0.000,0,0,0,0.000,0.000,0.000,0.000,0.000,0.000,0.000,2.300,6.734,0,0,0,0,0,0,0,0,0.000,0.000,0.000,0.000,0.000,0.000,0,0.098,14.954,382,405,2581,49.409,249.871,10.698,249.871,13589.551,267,1,H.264,103.090,0,0,248.948,249.752,1.000,198.762,102.156,arrival-gap-jitter-spike,11580.324,0,1,1,1,1,25169.875,357.986,358.719,363.774,363.774,0,0,28,0,0,28,2,pacing-pressure freshness,pacing-queue-pressure,0,0,0,0,0,0,0,0,0,0,,100.119,0.000,101.083,0.000,0.000,0.000,120.000,stale-before-upload,0.001,498,0.000,102.602,2.154,0.084,0.322,0.027,0.000,0.295,1,0,0,1,3,0.063,16.825,14.953,10.052,13.093,1.000,RecoveryDeadline,0,1,0,1.000,1,1,1,1,0.060,0.000,0.060,0,100,0,12433,11669,739,0,721
26.179,Custom_loss6_delay0-100_dup0_reorder6_burst0,Loopback,1,1,0,,,0.000,0,21,517,18.763,18.763,16.524,94.189,96.623,29.250,55.140,49.979,0.063,0.183,12125,819,11131,10312,2125,986,268,848,625,223,23,0,10313,430,96,0,0,0,0,5.000,0,0,0,0,0,0,0,0,0,0,0,0,0,0,0,0.000,0.000,0.000,,420,420,2684,0,1,102.443,248.948,103.276,249.752,0.000,0.000,397,390,6490,653,87,0,1264,1812,519,1,fec-recovered,pending,H.264,1,1,19,18,1,4,4,2,1,5,0,0,12910,14,0,0,0,0,0,78.037,251,268,223,213,223,0,60.007,24.529,131.153,1,0,743,60,803,0,253,16,0.484,0.516,0.925,1.000,0.059,45.000,0.000,1.000,0.000,duplicate-guard,3,16,0,0,1,12,1264,8122,2,4,0,0,8122,predicted-useful,likely-arrival,2168,0.105,234,803,0,12,0,0,0,0,0,0,0,230,2490,230,2490,0,0,0,pacing,1,0.707,6.027,114.027,0,0,0,0,0,0,0,0,2502,1462,1751,0,1,9500000,1200000,0,0,0,12921,12921,15646090,803,995598,96,119424,0,0,0,0,0,10.912,22.122,8053.312,4800.000,693,23225,12116,4698,11109,6411,0.279,2.491,2.213,693,3764032,5718755,3.178,14.561,0.422,12.945,23225,1264,424,8122,1263,1,0,86,86,147,86,0,0,1,0,4,2152,1812,1812,0,0,0,0,0,,disabled,,0,0,0,0,,1,Fixed Quality,Hybrid,85,30,9500,12000,640,360,H.264,480,270,518400,21928,518400,21928,0.042,0.000,,0,0,0.000,2.360,0.000,0.000,0.103,5000,5250,5250,4,4,0,1,9500,0.680,1,10.912,0.000,0,0,2.383,0.000,3732,0,1,0,0.313,0.613,0.075,1,0,0,fixed-pacing-queue-hard-pressure,19,1,1,decoder-sync-observed,0,,0,0,0.089,18.466,0,,0.000,0.000,0.000,0.000,0,0,0,,0,0,0,8.048,0,520,0.102,0.000,0.000,0.102,0.000,0.070,0.009,1,1,1,1,0,1,1,0,0,0,0,0,1.000,0.000,0.000,20,0,0.000,0,0,0,0.000,0.000,0.000,0.000,0.000,0.000,0.000,2.207,36.137,0,0,0,0,0,0,0,0,0.000,0.000,0.000,0.000,0.000,0.000,0,0.122,18.763,397,420,2684,103.522,249.871,10.698,249.871,13589.551,267,1,H.264,103.090,0,0,248.948,249.752,1.000,198.762,102.156,arrival-gap-jitter-spike,12589.472,0,1,1,1,1,26179.023,357.986,358.719,363.774,363.774,0,0,29,0,0,29,1,pacing-pressure freshness,pacing-queue-pressure,0,0,0,0,0,0,0,0,0,0,,97.461,0.000,99.761,0.000,0.000,0.000,120.000,stale-before-upload,0.001,517,0.000,102.758,3.114,0.090,0.410,0.006,0.000,0.404,1,0,0,1,3,0.063,18.763,18.763,49.979,16.524,1.000,RecoveryDeadline,0,1,0,0.000,3,3,3,1,0.060,0.000,0.060,0,100,0,12947,12151,770,0,761
27.183,Custom_loss6_delay0-100_dup0_reorder6_burst0,Loopback,1,1,0,,,0.000,0,21,538,18.225,14.944,10.554,84.180,96.813,12.542,53.436,10.268,0.064,0.183,12598,858,11572,10714,2204,1026,279,874,641,233,25,0,10715,447,100,0,0,0,0,5.000,0,0,0,0,0,0,0,0,0,0,0,0,0,0,0,0.000,0.000,0.000,,437,437,2773,0,1,61.776,248.948,62.654,249.752,0.000,0.000,412,403,6743,680,91,0,1315,1878,540,1,fec-parity,pending,H.264,1,1,19,1,18,1,0,0,0,0,0,0,13445,13,0,0,0,0,0,13.974,261,279,233,223,233,0,60.154,24.414,131.153,1,0,774,60,834,0,264,18,0.483,0.517,0.928,1.000,0.064,39.000,0.333,0.667,0.250,retransmit-late,3,16,0,0,1,12,1315,8468,2,4,0,0,8468,predicted-useful,likely-arrival,2254,0.474,243,834,0,15,0,0,0,0,0,0,0,240,2590,240,2590,0,0,0,pacing,1,0.691,2.295,110.295,0,0,0,0,0,0,0,0,2605,1519,1820,0,1,9500000,1200000,0,0,0,13432,13432,16265112,834,1034162,102,126888,0,0,0,0,0,4.911,22.122,838.875,1779.600,720,24159,12587,4930,11572,6642,0.281,8.314,1.297,720,3238664,5401303,3.771,8.307,0.555,15.398,24159,1315,441,8468,1314,1,0,90,90,155,90,0,0,1,0,4,2236,1878,1878,0,0,0,0,0,,disabled,,0,0,0,0,,1,Fixed Quality,Hybrid,85,30,9500,12000,640,360,H.264,480,270,518400,21926,518400,21926,0.042,0.000,,0,0,0.000,1.735,0.000,0.000,0.079,5000,5250,5250,4,4,0,1,9500,0.680,1,4.911,0.000,0,0,2.226,0.000,2488,0,1,0,0.313,0.615,0.072,1,0,0,fixed-pacing-queue-pressure,19,1,1,decoder-sync-observed,0,,0,0,4.451,18.464,0,,0.000,0.000,0.000,0.000,0,0,0,,0,0,0,2.980,0,540,0.079,0.000,0.000,0.078,0.000,0.056,0.007,1,1,1,1,0,1,1,0,0,0,0,0,1.000,0.000,0.000,20,0,0.000,0,0,0,0.000,0.000,0.000,0.000,0.000,0.000,0.000,1.627,42.308,0,0,0,0,0,0,0,0,0.000,0.000,0.000,0.000,0.000,0.000,0,0.107,14.944,412,437,2773,62.670,249.871,10.698,249.871,13589.551,267,1,H.264,103.090,0,0,248.948,249.752,1.000,198.762,102.156,arrival-gap-jitter-spike,13593.117,0,1,1,1,1,27182.668,357.986,358.719,363.774,363.774,0,0,33,0,0,33,4,pacing-pressure freshness,pacing-queue-pressure,0,0,0,0,0,0,0,0,0,0,,95.298,0.000,95.514,0.000,0.000,0.000,120.000,stale-before-decode,0.001,538,0.000,96.282,1.104,0.078,0.860,0.557,0.000,0.303,1,0,0,1,3,0.064,18.225,14.944,10.268,10.554,1.000,Loss,0,1,0,0.000,1,1,1,1,0.060,0.000,0.060,0,100,0,13459,12627,812,0,782
28.192,Custom_loss6_delay0-100_dup0_reorder6_burst0,Loopback,1,1,0,,,0.000,0,21,556,15.333,13.417,14.802,104.215,96.884,35.186,52.734,10.346,0.064,0.182,13080,893,12012,11119,2283,1052,291,913,666,247,27,0,11120,463,103,0,0,0,0,5.000,0,0,0,0,0,0,0,0,0,0,0,0,0,0,0,0.000,0.000,0.000,,453,453,2876,0,1,54.010,248.948,54.875,249.752,0.000,0.000,427,418,7017,710,94,0,1369,1950,559,1,fec-recovered,pending,H.264,1,1,19,17,2,4,4,2,8,21,0,0,13943,15,0,0,0,0,0,87.004,271,291,247,237,247,0,59.390,25.000,131.153,1,0,810,60,870,0,282,18,0.482,0.518,0.931,1.000,0.060,45.000,0.333,0.667,0.000,duplicate-guard,3,16,0,0,1,12,1369,8840,2,4,0,0,8840,predicted-useful,likely-arrival,2344,0.368,255,870,0,15,0,0,0,0,0,0,0,252,2703,252,2703,0,0,0,pacing,1,0.647,3.432,111.432,0,0,0,0,0,0,0,0,2718,1578,1893,0,1,9500000,1200000,0,0,0,13948,13948,16890356,870,1078946,102,126888,0,0,0,0,0,8.086,22.122,4703.375,4800.000,746,25064,13058,5144,12006,6862,0.283,33.166,2.226,746,2748721,4582981,3.059,11.174,0.471,27.741,25064,1369,457,8840,1368,1,0,93,93,161,93,0,0,1,0,4,2329,1950,1950,0,0,0,0,0,,disabled,,0,0,0,0,,1,Fixed Quality,Hybrid,85,30,9500,12000,640,360,H.264,480,270,518400,0,518400,21928,0.042,0.000,,0,0,0.000,4.774,0.000,4.120,0.616,5000,5250,5250,4,4,0,1,9500,0.680,1,8.086,0.000,0,0,3.626,0.000,3732,0,1,0,0.311,0.620,0.069,1,0,0,fixed-pacing-queue-hard-pressure,0,0,0,async-output-pending,0,,0,0,0.000,0.000,0,,0.000,0.000,0.000,0.000,0,0,0,,0,0,0,0.000,1,0,0.607,0.186,0.420,0.000,0.000,0.000,0.000,0,0,1,1,1,0,0,1,1,0,0,0,1.000,0.000,0.000,20,0,0.000,0,0,0,0.000,0.000,0.000,0.000,0.000,0.000,0.000,0.000,7.740,0,0,0,0,0,0,0,0,0.000,0.000,0.000,0.000,0.000,0.000,0,0.097,13.417,427,453,2876,54.877,249.871,10.698,249.871,13589.551,267,1,H.264,103.090,0,0,248.948,249.752,1.000,198.762,102.156,arrival-gap-jitter-spike,14602.807,0,1,1,1,1,28192.358,357.986,358.719,363.774,363.774,0,0,34,0,0,34,1,pacing-pressure freshness,pacing-queue-pressure,0,0,0,0,0,0,0,0,0,0,,96.194,0.000,97.427,0.000,0.000,0.000,120.000,stale-before-decode,0.000,556,0.000,101.636,4.075,0.081,1.327,0.585,0.000,0.742,1,0,0,1,3,0.064,15.333,13.417,10.346,14.802,1.000,Loss,0,1,0,2.000,1,2,2,1,0.060,0.000,0.060,0,100,0,13976,13108,850,0,812
29.193,Custom_loss6_delay0-100_dup0_reorder6_burst0,Loopback,1,1,0,,,0.000,0,21,579,18.639,16.413,14.699,83.275,97.126,37.994,52.188,19.876,0.064,0.179,13562,924,12453,11529,2362,1080,301,953,697,256,28,0,11530,483,105,0,0,0,0,5.000,0,0,0,0,0,0,0,0,0,0,0,0,0,0,0,0.000,0.000,0.000,,473,473,2978,0,1,32.777,248.948,33.774,249.752,0.000,0.000,444,434,7271,739,96,0,1420,2021,578,1,retransmit-late-after-completed,completed,H.264,1,1,19,19,0,0,0,3,0,0,0,1,14462,3,14462,3,14462,3,1,147.756,282,301,256,246,256,0,59.289,25.096,131.153,1,0,840,61,901,0,292,18,0.484,0.516,0.932,1.000,0.058,45.000,0.600,0.400,0.000,duplicate-guard,3,16,0,0,1,12,1420,9167,2,4,0,0,9167,predicted-useful,likely-arrival,2431,0.000,264,901,0,15,0,0,0,0,0,0,0,261,2787,261,2787,0,0,0,pacing,1,0.644,3.086,111.086,0,0,0,0,0,0,0,0,2802,1635,1961,1,1,9500000,1200000,0,0,0,14459,14459,17509378,901,1117510,106,131864,0,0,0,0,0,7.642,22.122,4538.312,4800.000,774,25986,13542,5332,12444,7112,0.283,6.163,2.511,774,3707529,5867527,2.906,9.501,0.482,10.325,25986,1420,477,9167,1419,1,0,95,95,164,95,0,0,1,0,4,2409,2021,2021,0,0,0,0,0,,disabled,,0,0,0,0,,1,Fixed Quality,Hybrid,85,30,9500,12000,640,360,H.264,480,270,518400,0,518400,21928,0.042,0.000,,0,0,0.000,6.603,0.000,5.827,0.718,5000,5250,5250,4,4,0,1,9500,0.680,1,7.642,0.000,0,0,3.469,0.000,3732,0,1,0,0.313,0.618,0.069,1,0,0,fixed-pacing-queue-pressure,0,0,0,async-output-pending,0,,0,0,0.000,0.000,0,,0.000,0.000,0.000,0.000,0,0,0,,0,0,0,0.000,1,0,0.706,0.208,0.495,0.000,0.000,0.000,0.000,0,0,1,1,1,0,0,1,1,0,0,0,1.000,0.000,0.000,20,0,0.000,0,0,0,0.000,0.000,0.000,0.000,0.000,0.000,0.000,0.000,10.142,0,0,0,0,0,0,0,0,0.000,0.000,0.000,0.000,0.000,0.000,0,0.109,16.413,444,473,2978,33.766,249.871,10.698,249.871,13589.551,267,1,H.264,103.090,0,0,248.948,249.752,1.000,198.762,102.156,arrival-gap-jitter-spike,15603.915,0,1,1,1,1,29193.466,357.986,358.719,363.774,363.774,0,0,38,0,0,38,4,pacing-pressure freshness,pacing-queue-pressure,0,0,0,0,0,0,0,0,0,0,,98.463,0.000,98.561,0.000,0.000,0.000,120.000,stale-before-decode,0.001,579,0.000,103.310,4.868,0.098,0.388,0.009,0.000,0.379,1,0,0,1,3,0.064,18.639,16.413,19.876,14.699,1.000,RecoveryDeadline,0,1,0,0.000,0,4,4,1,0.060,0.000,0.060,0,100,0,14488,13591,880,0,843
30.197,Custom_loss6_delay0-100_dup0_reorder6_burst0,Loopback,1,1,0,,,0.000,0,21,599,13.961,12.893,10.662,99.729,97.207,48.890,52.070,0.556,0.064,0.181,14036,952,12885,11933,2433,1117,312,974,714,260,30,0,11934,498,110,0,0,0,0,5.000,0,0,0,0,0,0,0,0,0,0,0,0,0,0,0,0.000,0.000,0.000,,488,488,3080,0,1,70.259,262.876,71.074,263.795,0.000,0.000,459,446,7510,758,101,0,1474,2086,600,1,nack-sent,pending,H.264,1,1,19,8,11,1,0,1,0,11,0,0,14980,16,0,0,0,0,0,45.567,287,312,260,250,260,0,58.971,25.080,131.153,1,0,860,63,923,0,297,18,0.479,0.521,0.932,1.000,0.057,45.000,0.222,0.778,0.000,duplicate-guard,3,16,0,0,1,12,1474,9525,2,4,0,0,9525,predicted-useful,likely-arrival,2519,0.579,270,923,0,15,0,0,0,0,0,0,0,267,2848,267,2848,0,0,0,pacing,1,0.705,3.150,111.150,0,0,0,0,0,0,0,0,2863,1699,2033,0,1,9500000,1200000,4,0,4,14985,14981,18141220,923,1144878,110,136840,0,0,0,0,0,0.622,22.122,1017.688,4800.000,802,26910,14026,5557,12884,7327,0.284,34.855,6.867,802,3461275,5850271,3.239,9.780,0.467,16.492,26910,1474,492,9525,1473,1,0,100,100,173,100,0,0,1,0,4,2489,2086,2086,0,0,0,0,0,,disabled,,0,0,0,0,,1,Fixed Quality,Hybrid,85,30,9500,12000,640,360,H.264,480,270,518400,21928,518400,21928,0.042,0.000,,0,0,0.000,1.766,0.000,0.000,0.098,5000,5250,5250,4,4,0,1,9500,0.680,1,3.132,0.000,0,0,0.000,0.000,0,0,1,0,0.000,1.000,0.000,1,0,0,fixed-pacing-queue-hard-pressure,19,1,1,decoder-sync-observed,0,,0,0,5.054,18.466,0,,0.000,0.000,0.000,0.000,0,0,0,,0,0,0,8.762,0,601,0.098,0.000,0.000,0.097,0.000,0.073,0.007,1,1,1,1,0,1,1,0,0,0,0,0,1.000,0.000,0.000,20,0,0.000,0,0,0,0.000,0.000,0.000,0.000,0.000,0.000,0.000,1.630,13.898,0,0,0,0,0,0,0,0,0.000,0.000,0.000,0.000,0.000,0.000,0,0.102,12.893,459,488,3080,71.076,263.795,10.698,263.795,29959.567,594,1,H.264,118.865,0,0,262.876,263.795,1.000,213.328,117.940,arrival-gap-jitter-spike,237.801,0,1,1,1,1,30197.368,357.986,358.719,363.774,363.774,0,0,40,0,0,40,2,pacing-pressure freshness,pacing-queue-pressure,0,0,0,0,0,0,0,0,0,0,,98.503,0.000,100.686,5.737,0.000,108.704,120.000,stale-before-upload,0.001,598,0.000,102.403,4.716,0.083,0.455,0.209,0.000,0.246,1,0,0,1,3,0.064,13.961,12.893,0.556,10.662,1.000,RecoveryDeadline,1,1,0,0.000,2,1,1,1,0.060,0.000,0.060,0,100,0,15011,14066,914,0,869
31.202,Custom_loss6_delay0-100_dup0_reorder6_burst0,Loopback,1,1,0,,,0.000,0,21,619,15.160,13.274,11.996,98.924,97.233,77.243,52.938,23.599,0.063,0.180,14522,980,13316,12336,2517,1157,321,1009,741,268,30,0,12337,515,113,0,0,0,0,5.000,0,0,0,0,0,0,0,0,0,0,0,0,0,0,0,0.000,0.000,0.000,,505,505,3190,0,1,41.417,262.876,42.363,263.795,0.000,0.000,475,463,7768,783,104,0,1527,2157,620,1,nack-sent,pending,H.264,1,1,19,11,8,3,1,1,0,8,0,0,15480,0,0,0,0,0,0,47.805,297,321,268,258,268,0,58.577,25.113,131.153,1,0,887,68,955,0,307,19,0.481,0.519,0.929,1.000,0.058,45.000,0.200,0.800,0.000,duplicate-guard,3,16,0,0,1,12,1527,9842,2,4,0,0,9842,predicted-useful,likely-arrival,2606,0.421,280,955,0,15,0,0,0,0,0,0,0,277,2926,277,2926,0,0,0,pacing,1,0.597,2.218,110.218,0,0,0,0,0,0,0,0,2941,1757,2103,1,1,9500000,1200000,4,0,4,15497,15493,18761486,955,1184686,114,141816,0,0,0,0,0,0.405,22.122,485.312,4800.000,828,27829,14513,5682,13316,7634,0.281,14.342,3.201,828,3576050,5720159,1.894,13.495,0.455,20.937,27829,1527,509,9842,1526,1,0,103,103,178,103,0,0,1,0,4,2576,2157,2157,0,0,0,0,0,,disabled,,0,0,0,0,,1,Fixed Quality,Hybrid,85,30,9500,12000,640,360,H.264,480,270,518400,21926,518400,21926,0.042,0.000,,0,0,0.000,1.749,0.000,0.000,0.070,5000,5250,5250,4,4,0,1,9500,0.680,1,8.476,0.000,0,0,3.600,0.333,3732,1244,1,0,0.311,0.618,0.071,1,0,0,fixed-pacing-queue-hard-pressure,19,1,1,decoder-sync-observed,0,,0,0,11.889,18.464,0,,0.000,0.000,0.000,0.000,0,0,0,,0,0,0,5.436,0,621,0.070,0.000,0.000,0.069,0.000,0.048,0.006,1,1,1,1,0,1,1,0,0,0,0,0,1.000,0.000,0.000,20,0,0.000,0,0,0,0.000,0.000,0.000,0.000,0.000,0.000,0.000,1.643,9.639,0,0,0,0,0,0,0,0,0.000,0.000,0.000,0.000,0.000,0.000,0,0.095,13.275,475,505,3190,42.253,263.795,10.698,263.795,29959.567,594,1,H.264,118.865,0,0,262.876,263.795,1.000,213.328,117.940,arrival-gap-jitter-spike,1242.678,0,1,1,1,1,31202.245,357.986,358.719,363.774,363.774,0,0,41,0,0,41,1,pacing-pressure freshness,pacing-queue-pressure,0,0,0,0,0,0,0,0,0,0,,97.864,0.000,99.139,0.000,0.000,0.000,120.000,stale-before-decode,0.001,619,0.000,104.680,5.458,0.079,0.796,0.540,0.000,0.257,1,0,0,1,3,0.063,15.160,13.274,23.599,11.996,1.000,Jitter,1,1,0,0.000,1,2,2,1,0.060,0.000,0.060,0,100,0,15524,14553,939,0,897
32.209,Custom_loss6_delay0-100_dup0_reorder6_burst0,Loopback,1,1,0,,,0.000,0,21,639,17.747,16.485,16.290,101.405,97.422,48.190,52.780,6.841,0.064,0.179,14994,1022,13757,12735,2588,1195,326,1035,761,274,32,0,12736,532,116,0,0,0,0,5.000,0,0,0,0,0,0,0,0,0,0,0,0,0,0,0,0.000,0.000,0.000,,522,522,3282,0,1,48.546,262.876,49.507,263.795,0.000,0.000,490,478,8006,806,107,0,1577,2226,639,1,completed,completed,H.264,1,1,19,19,0,3,3,2,10,21,0,0,15971,14,0,0,0,0,0,80.592,305,326,274,264,274,0,59.165,24.749,131.153,1,0,906,69,975,0,318,20,0.483,0.517,0.929,1.000,0.059,45.000,0.500,0.500,0.200,duplicate-guard,3,16,0,0,1,12,1577,10149,2,4,0,0,10149,predicted-useful,likely-arrival,2690,0.000,286,975,0,15,0,0,0,0,0,0,0,283,3003,283,3003,0,0,0,pacing,1,0.795,4.670,112.670,0,0,0,0,0,0,0,0,3018,1816,2170,1,1,9500000,1200000,0,0,0,15997,15997,19371832,975,1209566,116,144304,0,0,0,0,0,11.706,22.122,9310.500,4800.000,855,28724,14978,5916,13746,7830,0.283,27.850,3.150,855,2963331,6588762,2.171,4.985,0.482,5.273,28724,1577,526,10149,1576,1,0,106,106,182,106,0,0,1,0,4,2656,2226,2226,0,0,0,0,0,,disabled,,0,0,0,0,,1,Fixed Quality,Hybrid,85,30,9500,12000,640,360,H.264,480,270,518400,21926,518400,21926,0.042,0.000,,0,0,0.000,2.034,0.000,0.000,0.107,5000,5250,5250,4,4,0,1,9500,0.680,1,11.706,0.000,0,0,1.874,0.000,3732,0,1,0,0.313,0.616,0.071,1,0,0,fixed-pacing-queue-hard-pressure,19,1,1,decoder-sync-observed,0,,0,0,4.590,18.464,0,,0.000,0.000,0.000,0.000,0,0,0,,0,0,0,9.259,0,641,0.106,0.000,0.000,0.106,0.000,0.071,0.009,1,1,1,1,0,1,1,0,0,0,0,0,1.000,0.000,0.000,20,0,0.000,0,0,0,0.000,0.000,0.000,0.000,0.000,0.000,0.000,1.881,14.276,0,0,0,0,0,0,0,0,0.000,0.000,0.000,0.000,0.000,0.000,0,0.107,16.483,490,522,3282,49.324,263.795,10.698,263.795,29959.567,594,1,H.264,118.865,0,0,262.876,263.795,1.000,213.328,117.940,arrival-gap-jitter-spike,2249.108,0,1,1,1,1,32208.675,357.986,358.719,363.774,363.774,0,0,43,0,0,43,2,pacing-pressure freshness,pacing-queue-pressure,0,0,0,0,0,0,0,0,0,0,,103.602,0.000,102.826,0.000,0.000,0.000,120.000,stale-before-decode,0.001,639,0.000,106.793,3.806,0.103,0.330,0.005,0.000,0.326,1,0,0,1,3,0.064,17.747,16.485,6.841,16.290,1.000,Loss,0,1,0,0.000,2,3,3,1,0.060,0.000,0.060,0,100,0,16029,15026,971,0,929
33.209,Custom_loss6_delay0-100_dup0_reorder6_burst0,Loopback,1,1,0,,,0.000,0,21,659,18.904,17.014,14.332,86.297,97.638,10.292,51.409,15.691,0.064,0.178,15471,1052,14190,13138,2662,1230,334,1065,782,283,33,0,13139,550,119,0,0,0,0,5.000,0,0,0,0,0,0,0,0,0,0,0,0,0,0,0,0.000,0.000,0.000,,539,539,3375,0,1,68.931,262.876,69.755,263.795,0.000,0.000,505,493,8251,833,110,0,1627,2293,660,1,fec-parity,pending,H.264,1,1,19,8,11,1,0,1,0,11,0,0,16502,16,0,0,0,0,0,51.161,311,334,283,273,283,0,58.998,25.179,131.153,2,0,930,69,999,0,329,22,0.482,0.518,0.931,1.000,0.063,45.000,0.167,0.833,0.000,duplicate-guard,3,16,0,0,1,12,1627,10439,2,4,0,0,10439,predicted-useful,likely-arrival,2776,0.579,294,999,0,15,0,0,0,0,0,0,0,291,3076,291,3076,0,0,0,pacing,1,0.608,5.171,113.171,0,0,0,0,0,0,0,0,3091,1873,2237,1,1,9500000,1200000,0,0,0,16501,16501,19982148,999,1239422,116,144304,0,0,0,0,0,13.015,22.122,10545.875,4800.000,883,29650,15467,6069,14183,8114,0.282,8.585,2.311,883,2851799,4685000,2.395,-3.592,0.457,19.645,29650,1627,544,10439,1626,1,0,108,108,185,108,0,0,1,0,4,2740,2293,2293,0,0,0,0,0,,disabled,,0,0,0,0,,1,Fixed Quality,Hybrid,85,30,9500,12000,640,360,H.264,480,270,518400,21928,518400,21928,0.042,0.000,,0,0,0.000,1.692,0.000,0.000,0.147,5000,5250,5250,4,4,0,1,9500,0.680,1,13.015,0.000,0,0,3.509,0.000,3732,0,1,0,0.311,0.620,0.069,1,0,0,fixed-pacing-queue-pressure,19,1,1,decoder-sync-observed,0,,0,0,11.803,18.466,0,,0.000,0.000,0.000,0.000,0,0,0,,0,0,0,3.275,0,661,0.147,0.000,0.000,0.146,0.000,0.110,0.015,1,1,1,1,0,1,1,0,0,0,0,0,1.000,0.000,0.000,20,0,0.000,0,0,0,0.000,0.000,0.000,0.000,0.000,0.000,0.000,1.512,7.451,0,0,0,0,0,0,0,0,0.000,0.000,0.000,0.000,0.000,0.000,0,0.098,17.014,505,539,3375,69.860,263.795,10.698,263.795,29959.567,594,1,H.264,118.865,0,0,262.876,263.795,1.000,213.328,117.940,arrival-gap-jitter-spike,3249.986,0,1,1,1,1,33209.553,357.986,358.719,363.774,363.774,0,0,45,0,0,45,2,pacing-pressure freshness,pacing-queue-pressure,0,0,0,0,0,0,0,0,0,0,,96.226,0.000,97.938,0.000,0.000,0.000,120.000,stale-before-decode,0.001,659,0.000,101.856,3.763,0.083,0.663,0.323,0.000,0.340,1,0,0,1,3,0.064,18.904,17.014,15.691,14.332,1.000,RecoveryDeadline,0,1,0,0.000,1,1,1,1,0.060,0.000,0.060,0,100,0,16534,15504,995,0,962
34.215,Custom_loss6_delay0-100_dup0_reorder6_burst0,Loopback,1,1,0,,,0.000,0,21,678,13.801,13.801,15.163,94.792,97.503,41.353,51.095,11.041,0.063,0.179,15967,1076,14645,13569,2747,1273,345,1093,803,290,36,0,13570,565,123,0,0,0,0,5.000,0,0,0,0,0,0,0,0,0,0,0,0,0,0,0,0.000,0.000,0.000,,554,554,3465,0,1,60.585,262.876,61.420,263.795,0.000,0.000,520,508,8497,855,114,0,1676,2358,680,1,fec-recovered,pending,H.264,1,1,19,15,4,4,3,1,4,10,0,0,17016,17,0,0,0,0,0,69.593,324,345,290,280,290,0,59.240,24.862,131.153,2,0,961,73,1034,0,336,23,0.484,0.516,0.929,1.000,0.064,45.000,0.250,0.750,0.000,duplicate-guard,3,16,0,0,1,12,1676,10739,2,4,0,0,10739,predicted-useful,likely-arrival,2857,0.526,305,1034,0,15,0,0,0,0,0,0,0,302,3186,302,3186,0,0,0,pacing,1,0.663,6.620,114.620,0,0,0,0,0,0,0,0,3201,1926,2303,1,1,9500000,1200000,0,0,0,17016,17016,20606146,1034,1282962,117,145548,0,0,0,0,0,7.649,22.122,4840.750,4585.050,911,30602,15958,6315,14644,8329,0.284,8.921,3.169,911,2984368,4801989,2.257,31.061,0.505,18.339,30602,1676,559,10739,1675,1,0,112,112,192,112,0,0,1,0,4,2822,2358,2358,0,0,0,0,0,,disabled,,0,0,0,0,,1,Fixed Quality,Hybrid,85,30,9500,12000,640,360,H.264,480,270,518400,21926,518400,21926,0.042,0.000,,0,0,0.000,1.660,0.000,0.000,0.076,5000,5250,5250,4,4,0,1,9500,0.680,1,7.649,0.000,0,0,3.333,0.000,3732,0,1,0,0.313,0.616,0.071,1,0,0,fixed-pacing-queue-hard-pressure,19,1,1,decoder-sync-observed,0,,0,0,0.115,18.464,0,,0.000,0.000,0.000,0.000,0,0,0,,0,0,0,6.407,0,681,0.076,0.000,0.000,0.076,0.000,0.052,0.008,1,1,1,1,0,1,1,0,0,0,0,0,1.000,0.000,0.000,20,0,0.000,0,0,0,0.000,0.000,0.000,0.000,0.000,0.000,0.000,1.543,10.436,0,0,0,0,0,0,0,0,0.000,0.000,0.000,0.000,0.000,0.000,0,0.087,13.801,520,554,3465,61.610,263.795,10.698,263.795,29959.567,594,1,H.264,118.865,0,0,262.876,263.795,1.000,213.328,117.940,arrival-gap-jitter-spike,4256.025,0,1,1,1,1,34215.592,357.986,358.719,363.774,363.774,0,0,45,0,0,45,0,,,0,0,0,0,0,0,0,0,0,0,,90.899,0.000,93.146,0.000,0.000,0.000,120.000,stale-before-decode,0.001,678,0.000,95.794,2.512,0.082,0.906,0.609,0.000,0.297,1,0,0,1,3,0.063,13.801,13.801,11.041,15.163,1.000,Loss,0,1,0,1.000,0,1,1,1,0.060,0.000,0.060,0,100,0,17050,16002,1020,0,986
35.220,Custom_loss6_delay0-100_dup0_reorder6_burst0,Loopback,1,1,0,,,0.000,0,21,699,20.056,19.188,17.760,100.452,97.467,27.989,50.395,1.594,0.063,0.176,16454,1104,15080,13976,2833,1320,356,1121,823,298,36,0,13977,584,125,0,0,0,0,5.000,0,0,0,0,0,0,0,0,0,0,0,0,0,0,0,0.000,0.000,0.000,,573,573,3556,0,1,50.276,262.876,51.455,263.795,0.000,0.000,538,526,8738,882,116,0,1721,2425,701,1,fec-parity,pending,H.264,1,1,19,2,17,1,0,0,0,0,0,0,17540,1,0,0,0,0,0,9.411,333,356,298,288,298,0,59.435,24.807,131.153,2,0,989,77,1066,0,347,23,0.483,0.517,0.928,1.000,0.062,45.000,0.250,0.750,0.000,duplicate-guard,3,16,0,0,1,12,1721,11013,2,4,0,0,11013,predicted-useful,likely-arrival,2939,0.211,315,1066,0,15,0,0,0,0,0,0,0,312,3297,312,3297,0,0,0,pacing,1,0.733,5.278,113.278,0,0,0,0,0,0,0,0,3312,1979,2368,1,1,9500000,1200000,0,0,0,17528,17528,21226412,1066,1322770,119,148036,0,0,0,0,0,6.749,22.122,3872.938,4800.000,939,31527,16450,6514,15077,8563,0.284,26.990,0.052,939,3784241,5739045,1.288,22.176,0.484,24.423,31527,1721,578,11013,1720,1,0,114,114,196,114,0,0,1,0,4,2902,2425,2425,0,0,0,0,0,,disabled,,0,0,0,0,,1,Fixed Quality,Hybrid,85,30,9500,12000,640,360,H.264,480,270,518400,21926,518400,21926,0.042,0.000,,0,0,0.000,2.464,0.000,0.000,0.162,5000,5250,5250,4,4,0,1,9500,0.680,1,6.749,0.000,0,0,3.048,0.000,3732,0,1,0,0.312,0.615,0.072,1,0,0,fixed-pacing-queue-hard-pressure,19,1,1,decoder-sync-observed,0,,0,0,6.436,18.464,0,,0.000,0.000,0.000,0.000,0,0,0,,0,0,0,2.898,0,701,0.161,0.000,0.000,0.161,0.000,0.123,0.011,1,1,1,1,0,1,1,0,0,0,0,0,1.000,0.000,0.000,20,0,0.000,0,0,0,0.000,0.000,0.000,0.000,0.000,0.000,0.000,2.239,9.691,0,0,0,0,0,0,0,0,0.000,0.000,0.000,0.000,0.000,0.000,0,0.103,19.189,538,573,3556,51.447,263.795,10.698,263.795,29959.567,594,1,H.264,118.865,0,0,262.876,263.795,1.000,213.328,117.940,arrival-gap-jitter-spike,5260.338,0,1,1,1,1,35219.905,357.986,358.719,363.774,363.774,0,0,46,0,0,46,1,pacing-pressure freshness,pacing-queue-pressure,0,0,0,0,0,0,0,0,0,0,,96.212,0.000,98.472,0.000,0.000,0.000,120.000,stale-before-decode,0.001,699,0.000,103.755,5.121,0.102,0.383,0.006,0.000,0.377,1,0,0,1,3,0.063,20.056,19.188,1.594,17.760,1.000,RecoveryDeadline,0,1,0,0.000,0,2,2,1,0.060,0.000,0.060,0,100,0,17563,16489,1047,0,1009
36.223,Custom_loss6_delay0-100_dup0_reorder6_burst0,Loopback,1,1,0,,,0.000,0,21,719,18.724,15.173,15.332,102.511,97.501,58.489,50.633,62.697,0.063,0.176,16934,1130,15510,14380,2911,1359,366,1149,842,307,37,0,14381,601,128,0,0,0,0,5.000,0,0,0,0,0,0,0,0,0,0,0,0,0,0,0,0.000,0.000,0.000,,590,590,3644,0,1,115.289,262.876,116.103,263.795,0.000,0.000,554,542,8995,908,119,0,1770,2499,721,1,fec-parity,pending,H.264,1,1,19,7,12,1,0,0,0,0,0,0,18059,14,0,0,0,0,0,21.235,338,366,307,297,307,0,59.592,24.618,131.153,2,0,1013,78,1091,0,352,23,0.480,0.520,0.929,1.000,0.061,45.000,0.333,0.667,0.000,duplicate-guard,3,16,0,0,1,12,1770,11350,2,4,0,0,11350,predicted-useful,likely-arrival,3023,0.526,322,1091,0,15,0,0,0,0,0,0,0,319,3372,319,3372,0,0,0,pacing,1,0.737,5.268,113.268,0,0,0,0,0,0,0,0,3387,2037,2434,1,1,9500000,1200000,0,0,0,18033,18033,21837972,1091,1353870,123,153012,0,0,0,0,0,4.975,22.122,820.250,4800.000,966,32431,16923,6734,15508,8774,0.285,42.080,6.855,966,3750260,5820191,4.959,23.841,0.466,17.965,32431,1770,595,11350,1769,1,0,117,117,203,117,0,0,1,0,4,2992,2499,2499,0,0,0,0,0,,disabled,,0,0,0,0,,1,Fixed Quality,Hybrid,85,30,9500,12000,640,360,H.264,480,270,518400,21928,518400,21928,0.042,0.000,,0,0,0.000,1.706,0.000,0.000,0.066,5000,5250,5250,4,4,0,1,9500,0.680,1,4.975,0.000,0,0,3.403,0.000,3732,0,1,0,0.310,0.619,0.071,1,0,0,fixed-pacing-queue-hard-pressure,19,1,1,decoder-sync-observed,0,,0,0,4.962,18.466,0,,0.000,0.000,0.000,0.000,0,0,0,,0,0,0,2.382,0,721,0.066,0.000,0.000,0.066,0.000,0.043,0.008,1,1,1,1,0,1,1,0,0,0,0,0,1.000,0.000,0.000,20,0,0.000,0,0,0,0.000,0.000,0.000,0.000,0.000,0.000,0.000,1.608,6.392,0,0,0,0,0,0,0,0,0.000,0.000,0.000,0.000,0.000,0.000,0,0.102,15.173,554,590,3644,116.216,263.795,10.698,263.795,29959.567,594,1,H.264,118.865,0,0,262.876,263.795,1.000,213.328,117.940,arrival-gap-jitter-spike,6263.610,0,1,1,1,1,36223.177,357.986,358.719,363.774,363.774,0,0,47,0,0,47,1,pacing-pressure freshness,pacing-queue-pressure,0,0,0,0,0,0,0,0,0,0,,97.514,0.000,97.375,0.000,0.000,0.000,120.000,stale-before-decode,0.001,719,0.000,100.813,3.283,0.094,0.775,0.502,0.000,0.272,1,0,0,1,3,0.063,18.724,15.173,62.697,15.332,2.000,Jitter,0,1,0,1.000,1,1,1,1,0.060,0.000,0.060,0,100,0,18069,16972,1073,0,1033
37.226,Custom_loss6_delay0-100_dup0_reorder6_burst0,Loopback,1,1,0,,,0.000,0,21,739,16.751,12.545,12.346,81.395,97.527,8.070,49.417,25.949,0.062,0.175,17413,1159,15957,14798,2994,1400,377,1179,866,313,38,0,14799,618,131,0,0,0,0,5.000,0,0,0,0,0,0,0,0,0,0,0,0,0,0,0,0.000,0.000,0.000,,607,607,3746,0,1,32.821,262.876,33.748,263.795,0.000,0.000,570,557,9238,931,122,0,1820,2566,741,1,fec-parity,pending,H.264,1,1,19,2,17,1,0,0,0,0,0,0,18570,17,0,0,0,0,0,13.303,347,377,313,303,313,0,59.723,24.424,131.153,2,0,1039,79,1118,0,361,24,0.479,0.521,0.929,1.000,0.062,40.000,0.364,0.636,0.333,retransmit-late,3,16,0,0,1,12,1820,11662,2,4,0,0,11662,predicted-useful,likely-arrival,3107,0.579,329,1118,0,15,0,0,0,0,0,0,0,326,3452,326,3452,0,0,0,pacing,1,0.769,6.915,114.915,0,0,0,0,0,0,0,0,3467,2095,2501,1,1,9500000,1200000,0,0,0,18540,18540,22452018,1118,1387458,128,159232,0,0,0,0,0,13.336,22.122,11011.000,4800.000,993,33352,17402,6939,15950,9011,0.285,16.801,3.537,993,3411007,5180952,2.111,8.989,0.468,17.827,33352,1820,612,11662,1819,1,0,120,120,208,120,0,0,1,0,4,3072,2566,2566,0,0,0,0,0,,disabled,,0,0,0,0,,1,Fixed Quality,Hybrid,85,30,9500,12000,640,360,H.264,480,270,518400,21926,518400,21926,0.042,0.000,,0,0,0.000,1.886,0.000,0.000,0.229,5000,5250,5250,4,4,0,1,9500,0.680,1,13.336,0.000,0,0,3.586,0.000,3732,0,1,0,0.310,0.619,0.071,1,0,0,fixed-pacing-queue-pressure,19,1,1,decoder-sync-observed,0,,0,0,12.411,18.464,0,,0.000,0.000,0.000,0.000,0,0,0,,0,0,0,11.026,0,741,0.229,0.000,0.000,0.229,0.000,0.083,0.010,1,1,1,1,0,1,1,0,0,0,0,0,1.000,0.000,0.000,20,0,0.000,0,0,0,0.000,0.000,0.000,0.000,0.000,0.000,0.000,1.609,14.967,0,0,0,0,0,0,0,0,0.000,0.000,0.000,0.000,0.000,0.000,0,0.124,12.545,570,607,3746,33.728,263.795,10.698,263.795,29959.567,594,1,H.264,118.865,0,0,262.876,263.795,1.000,213.328,117.940,arrival-gap-jitter-spike,7266.589,0,1,1,1,1,37226.156,357.986,358.719,363.774,363.774,0,0,49,0,0,49,2,pacing-pressure freshness,pacing-queue-pressure,0,0,0,0,0,0,0,0,0,0,,99.932,0.000,102.226,0.000,0.000,0.000,120.000,stale-before-upload,0.001,739,0.000,104.409,5.136,0.088,0.294,0.001,0.000,0.293,1,0,0,1,3,0.062,16.751,12.545,25.949,12.346,1.000,DecodeLoad,0,1,0,0.500,2,1,1,1,0.060,0.000,0.060,0,100,0,18577,17450,1100,0,1061
38.235,Custom_loss6_delay0-100_dup0_reorder6_burst0,Loopback,1,1,0,,,0.000,0,21,759,17.894,16.297,16.312,100.314,97.499,92.624,50.617,61.289,0.062,0.173,17911,1180,16413,15233,3087,1438,386,1225,901,324,38,0,15234,636,133,0,0,0,0,5.000,0,0,0,0,0,0,0,0,0,0,0,0,0,0,0,0.000,0.000,0.000,,625,625,3848,0,1,116.197,262.876,117.174,263.795,0.000,0.000,587,574,9500,960,124,0,1870,2639,760,1,fec-recovered,pending,H.264,1,1,19,17,2,4,3,2,4,11,5,0,19054,14,19064,0,0,0,0,78.268,362,386,324,314,324,0,59.731,24.319,131.153,2,0,1074,79,1153,0,372,25,0.484,0.516,0.931,1.000,0.063,45.000,0.400,0.600,0.000,duplicate-guard,3,16,0,0,1,12,1870,12005,2,4,0,0,12005,predicted-useful,likely-arrival,3194,0.211,338,1153,0,15,0,0,0,0,0,0,0,335,3546,335,3546,0,0,0,pacing,1,0.826,4.509,112.509,0,0,0,0,0,0,0,0,3561,2152,2569,0,1,9500000,1200000,0,0,0,19055,19055,23076016,1153,1430998,137,170428,0,0,0,0,0,8.552,22.122,5476.062,4800.000,1019,34309,17898,7129,16411,9282,0.285,9.318,1.632,1019,3837548,5764159,1.570,24.102,0.470,8.496,34309,1870,630,12005,1869,1,0,122,122,212,122,0,0,1,0,4,3156,2639,2639,0,0,0,0,0,,disabled,,0,0,0,0,,1,Fixed Quality,Hybrid,85,30,9500,12000,640,360,H.264,480,270,518400,0,518400,21926,0.042,0.000,,0,0,0.000,6.429,0.000,5.460,0.923,5000,5250,5250,4,4,0,1,9500,0.680,1,8.552,0.000,0,0,4.000,0.400,6220,2488,1,0,0.314,0.618,0.069,1,0,0,fixed-pacing-queue-hard-pressure,0,0,0,async-output-pending,0,,0,0,0.000,0.000,0,,0.000,0.000,0.000,0.000,0,0,0,,0,0,0,0.000,1,0,0.913,0.252,0.659,0.000,0.000,0.000,0.000,0,0,1,1,1,0,0,1,1,0,0,0,1.000,0.000,0.000,20,0,0.000,0,0,0,0.000,0.000,0.000,0.000,0.000,0.000,0.000,0.000,31.238,0,0,0,0,0,0,0,0,0.000,0.000,0.000,0.000,0.000,0.000,0,0.147,16.297,587,625,3848,117.152,263.795,10.698,263.795,29959.567,594,1,H.264,118.865,0,0,262.876,263.795,1.000,213.328,117.940,arrival-gap-jitter-spike,8275.135,0,1,1,1,1,38234.702,357.986,358.719,363.774,363.774,0,0,50,0,0,50,1,pacing-pressure freshness,pacing-queue-pressure,0,0,0,0,0,0,0,0,0,0,,97.602,0.000,99.908,0.000,0.000,0.000,120.000,stale-after-h264-decode,0.001,759,0.000,105.572,5.823,0.089,0.319,0.001,0.000,0.318,1,0,0,1,3,0.062,17.894,16.297,61.289,16.312,2.000,RecoveryDeadline,0,1,0,1.000,1,1,1,1,0.060,0.000,0.060,0,100,0,19093,17949,1121,0,1093
39.237,Custom_loss6_delay0-100_dup0_reorder6_burst0,Loopback,1,1,0,,,0.000,0,21,779,13.326,14.175,14.158,103.619,97.437,15.557,49.670,13.492,0.061,0.174,18398,1205,16854,15649,3181,1489,394,1260,923,337,38,0,15650,652,137,0,0,0,0,5.000,0,0,0,0,0,0,0,0,0,0,0,0,0,0,0,0.000,0.000,0.000,,641,641,3961,0,1,60.751,262.876,61.550,263.795,0.000,0.000,603,590,9757,989,128,0,1920,2712,780,1,nack-sent,pending,H.264,1,1,19,16,3,2,2,3,6,21,0,0,19568,9,0,0,0,0,0,89.215,374,394,337,327,337,0,59.878,24.104,131.153,2,0,1107,79,1186,0,390,25,0.487,0.513,0.933,1.000,0.060,45.000,0.500,0.500,0.000,duplicate-guard,3,16,0,0,1,12,1920,12326,2,4,0,0,12326,predicted-useful,likely-arrival,3276,0.158,347,1186,0,15,0,0,0,0,0,0,0,344,3644,344,3644,0,0,0,pacing,1,0.763,6.204,114.204,0,0,0,0,0,0,0,0,3659,2209,2637,0,1,9500000,1200000,0,0,0,19568,19568,23697528,1186,1472050,142,176648,0,0,0,0,0,4.564,22.122,655.188,4800.000,1045,35227,18386,7275,16841,9566,0.284,28.774,0.696,1045,3089495,5235840,1.667,3.868,0.443,18.189,35227,1920,646,12326,1919,1,0,126,126,218,126,0,0,1,0,4,3237,2712,2712,0,0,0,0,0,,disabled,,0,0,0,0,,1,Fixed Quality,Hybrid,85,30,9500,12000,640,360,H.264,480,270,518400,0,518400,21928,0.042,0.000,,0,0,0.000,4.667,0.000,3.997,0.634,5000,5250,5250,4,4,0,1,9500,0.680,1,4.564,0.000,0,0,0.000,0.000,0,0,1,0,0.315,0.618,0.067,1,0,0,fixed-pacing-queue-hard-pressure,0,0,0,async-output-pending,0,,0,0,0.000,0.000,0,,0.000,0.000,0.000,0.000,0,0,0,,0,0,0,0.000,1,0,0.626,0.185,0.440,0.000,0.000,0.000,0.000,0,0,1,1,1,0,0,1,1,0,0,0,1.000,0.000,0.000,20,0,0.000,0,0,0,0.000,0.000,0.000,0.000,0.000,0.000,0.000,0.000,7.227,0,0,0,0,0,0,0,0,0.000,0.000,0.000,0.000,0.000,0.000,0,0.096,14.175,603,641,3961,61.620,263.795,10.698,263.795,29959.567,594,1,H.264,118.865,0,0,262.876,263.795,1.000,213.328,117.940,arrival-gap-jitter-spike,9277.045,0,1,1,1,1,39236.612,357.986,358.719,363.774,363.774,0,0,50,0,0,50,0,,,0,0,0,0,0,0,0,0,0,0,,97.725,0.000,100.026,0.000,0.000,0.000,120.000,stale-after-h264-decode,0.001,779,0.000,105.045,4.884,0.083,0.511,0.261,0.000,0.250,1,0,0,1,3,0.061,13.326,14.175,13.492,14.158,1.000,RecoveryDeadline,0,1,0,0.000,0,1,1,1,0.060,0.000,0.060,0,100,0,19607,18437,1149,0,1123
40.243,Custom_loss6_delay0-100_dup0_reorder6_burst0,Loopback,1,1,0,,,0.000,0,21,799,9.700,13.733,13.989,100.147,97.422,43.253,49.501,44.340,0.062,0.176,18887,1240,17308,16068,3265,1533,401,1289,942,347,42,0,16069,667,142,0,0,0,0,5.000,0,0,0,0,0,0,0,0,0,0,0,0,0,0,0,0.000,0.000,0.000,,656,656,4069,0,1,57.946,262.876,58.754,263.795,0.000,0.000,618,605,10013,1014,133,0,1973,2777,801,1,nack-sent,pending,H.264,1,1,19,10,9,1,0,1,0,9,1,0,20106,6,20127,0,0,0,0,44.196,392,401,347,337,347,0,60.019,24.335,131.153,2,0,1142,86,1228,0,404,27,0.494,0.506,0.930,1.000,0.063,40.000,0.750,0.250,0.000,stable,3,16,0,0,1,12,1973,12710,2,4,0,0,12710,predicted-useful,likely-arrival,3362,0.737,359,1228,0,15,0,0,0,0,0,0,0,356,3773,356,3773,0,0,0,pacing,1,0.750,4.064,112.064,0,0,0,0,0,0,0,0,3788,2268,2710,0,1,9500000,1200000,0,0,0,20090,20090,24330234,1228,1524298,149,185356,0,0,0,0,0,0.015,22.122,23750.000,723.600,1073,36163,18861,7510,17302,9792,0.285,30.996,1.862,1073,3109090,4922558,2.585,8.634,0.529,22.574,36163,1971,661,12698,1970,1,0,131,131,226,131,0,0,1,0,4,3320,2777,2777,0,0,0,0,0,,disabled,,0,0,0,0,,1,Fixed Quality,Hybrid,85,30,9500,12000,640,360,H.264,480,270,518400,0,518400,21926,0.042,0.000,,0,0,0.000,6.178,0.000,5.376,0.757,5000,5250,5250,4,4,0,1,9500,0.680,1,3.550,0.000,0,0,3.397,0.000,3732,0,1,0,0.319,0.611,0.070,1,0,0,fixed-pacing-queue-hard-pressure,0,0,0,async-output-pending,0,,0,0,0.000,0.000,0,,0.000,0.000,0.000,0.000,0,0,0,,0,0,0,0.000,1,0,0.747,0.250,0.496,0.000,0.000,0.000,0.000,0,0,1,1,1,0,0,1,1,0,0,0,1.000,0.000,0.000,20,0,0.000,0,0,0,0.000,0.000,0.000,0.000,0.000,0.000,0.000,0.000,45.899,0,0,0,0,0,0,0,0,0.000,0.000,0.000,0.000,0.000,0.000,0,0.128,13.733,618,656,4069,58.940,263.795,10.698,263.795,29959.567,594,1,H.264,118.865,0,0,262.876,263.795,1.000,213.328,117.940,arrival-gap-jitter-spike,10283.340,0,1,1,1,1,40242.907,357.986,358.719,363.774,363.774,0,0,50,0,0,50,0,,,0,0,0,0,0,0,0,0,0,0,,96.707,0.000,99.132,0.000,0.000,0.000,120.000,stale-after-h264-decode,0.001,799,0.000,103.671,4.342,0.091,0.354,0.001,0.000,0.353,1,0,0,1,3,0.062,9.700,13.733,44.340,13.989,1.000,Jitter,0,1,0,0.000,0,2,2,1,0.060,0.000,0.060,0,100,0,20130,18929,1182,0,1153
41.245,Custom_loss6_delay0-100_dup0_reorder6_burst0,Loopback,1,1,0,,,0.000,0,21,819,19.539,13.160,11.890,95.572,97.510,43.734,49.353,22.490,0.061,0.175,19367,1268,17743,16475,3341,1574,415,1310,958,352,42,0,16476,685,145,0,0,0,0,5.000,0,0,0,0,0,0,0,0,0,0,0,0,0,0,0,0.000,0.000,0.000,,673,673,4138,0,1,35.509,262.876,36.415,263.795,0.000,0.000,634,620,10259,1037,135,0,2018,2848,820,1,fec-recovered,pending,H.264,1,1,19,18,1,3,3,2,9,18,0,0,20593,4,0,0,0,0,0,92.676,403,415,352,342,352,0,59.912,24.391,131.153,2,0,1172,82,1254,0,415,27,0.493,0.507,0.935,1.000,0.061,45.000,0.300,0.700,0.000,duplicate-guard,3,16,0,0,1,12,2018,13005,2,4,0,0,13005,predicted-useful,likely-arrival,3444,0.316,367,1254,0,15,0,0,0,0,0,0,0,364,3863,364,3863,0,0,0,pacing,1,0.797,6.553,114.553,0,0,0,0,0,0,0,0,3878,2322,2774,0,1,9500000,1200000,0,0,0,20596,20596,24943036,1254,1556642,151,187844,0,0,0,0,0,13.182,22.122,10863.750,4800.000,1101,37091,19353,7720,17738,10018,0.285,32.233,0.010,1101,4086820,6038065,1.178,7.003,0.439,20.487,37091,2018,679,13005,2017,1,0,133,133,230,133,0,0,1,0,4,3400,2848,2848,0,0,0,0,0,,disabled,,0,0,0,0,,1,Fixed Quality,Hybrid,85,30,9500,12000,640,360,H.264,480,270,518400,0,518400,21926,0.042,0.000,,0,0,0.000,5.859,0.000,5.013,0.786,5000,5250,5250,4,4,0,1,9500,0.680,1,13.182,0.000,0,0,1.099,0.000,1244,0,1,0,0.321,0.613,0.065,1,0,0,fixed-pacing-queue-hard-pressure,0,0,0,async-output-pending,0,,0,0,0.000,0.000,0,,0.000,0.000,0.000,0.000,0,0,0,,0,0,0,0.000,1,0,0.774,0.231,0.541,0.000,0.000,0.000,0.000,0,0,1,1,1,0,0,1,1,0,0,0,1.000,0.000,0.000,20,0,0.000,0,0,0,0.000,0.000,0.000,0.000,0.000,0.000,0.000,0.000,40.147,0,0,0,0,0,0,0,0,0.000,0.000,0.000,0.000,0.000,0.000,0,0.120,13.160,634,673,4138,36.492,263.795,10.698,263.795,29959.567,594,1,H.264,118.865,0,0,262.876,263.795,1.000,213.328,117.940,arrival-gap-jitter-spike,11285.509,0,1,1,1,1,41245.076,357.986,358.719,363.774,363.774,0,0,52,0,0,52,2,pacing-pressure freshness,pacing-queue-pressure,0,0,0,0,0,0,0,0,0,0,,101.090,0.000,102.141,0.000,0.000,0.000,120.000,stale-before-upload,0.001,819,0.000,106.078,5.196,0.121,0.346,0.001,0.000,0.345,1,0,0,1,3,0.062,19.539,13.160,22.490,11.890,1.000,DecodeLoad,0,1,0,1.000,0,3,3,1,0.060,0.000,0.060,0,100,0,20637,19408,1214,0,1170
42.248,Custom_loss6_delay0-100_dup0_reorder6_burst0,Loopback,1,1,0,,,0.000,0,21,838,17.070,15.956,15.964,79.279,97.586,10.203,48.374,36.001,0.063,0.173,19836,1330,18202,16872,3410,1607,423,1338,978,360,42,0,16873,702,147,0,0,0,0,5.000,0,0,0,0,0,0,0,0,0,0,0,0,0,0,0,0.000,0.000,0.000,,690,690,4206,0,1,21.784,262.876,22.582,263.795,0.000,0.000,649,635,10505,1062,137,0,2071,2911,841,1,nack-sent,pending,H.264,1,1,19,7,12,1,0,1,0,12,0,0,21143,17,0,0,0,0,0,45.486,415,423,360,350,360,0,59.935,24.281,131.153,2,0,1200,86,1286,0,426,27,0.495,0.505,0.933,1.000,0.060,45.000,0.444,0.556,0.000,duplicate-guard,3,16,0,0,1,12,2071,13339,2,4,0,0,13339,predicted-useful,likely-arrival,3532,0.105,377,1286,0,15,0,0,0,0,0,0,0,374,3965,374,3965,0,0,0,pacing,1,0.650,7.044,115.044,0,0,0,0,0,0,0,0,3980,2382,2846,1,1,9500000,1200000,4,0,4,21132,21128,25587318,1286,1596450,153,190332,0,0,0,0,0,0.525,22.122,414.062,4800.000,1128,38016,19832,7933,18184,10251,0.286,60.800,5.451,1128,2654862,4484314,2.208,-1.104,0.482,21.491,38016,2071,696,13339,2070,1,0,135,135,234,135,0,0,1,0,4,3483,2911,2911,0,0,0,0,0,,disabled,,0,0,0,0,,1,Fixed Quality,Hybrid,85,30,9500,12000,640,360,H.264,480,270,518400,21926,518400,21926,0.042,0.000,,0,0,0.000,1.610,0.000,0.000,0.071,5000,5250,5250,4,4,0,1,9500,0.680,1,1.138,0.000,0,0,0.000,0.000,0,0,0,0,0.323,0.610,0.067,1,0,0,fixed-pacing-queue-hold,19,1,1,decoder-sync-observed,0,,0,0,4.613,18.464,0,,0.000,0.000,0.000,0.000,0,0,0,,0,0,0,4.562,0,842,0.071,0.000,0.000,0.070,0.000,0.048,0.007,1,1,1,1,0,1,1,0,0,0,0,0,1.000,0.000,0.000,20,0,0.000,0,0,0,0.000,0.000,0.000,0.000,0.000,0.000,0.000,1.506,8.510,0,0,0,0,0,0,0,0,0.000,0.000,0.000,0.000,0.000,0.000,0,0.113,15.956,649,690,4206,22.610,263.795,10.698,263.795,29959.567,594,1,H.264,118.865,0,0,262.876,263.795,1.000,213.328,117.940,arrival-gap-jitter-spike,12288.704,0,1,1,1,1,42248.271,357.986,358.719,363.774,363.774,0,0,54,0,0,54,2,cadence-limited freshness,input-cadence-or-video-budget,0,0,0,0,0,0,0,0,0,0,,100.217,0.000,100.706,0.000,0.000,0.000,120.000,stale-after-h264-decode,0.001,838,0.000,102.527,4.951,0.105,0.304,0.001,0.000,0.304,1,0,0,1,3,0.062,17.070,15.956,36.001,15.964,1.000,RecoveryDeadline,0,1,0,0.000,0,1,1,1,0.060,0.000,0.060,0,100,0,21170,19880,1250,0,1198
43.248,Custom_loss6_delay0-100_dup0_reorder6_burst0,Loopback,1,1,0,,,0.000,0,21,859,15.067,14.515,13.858,87.587,97.636,80.349,49.154,16.891,0.062,0.174,20319,1335,18612,17277,3488,1651,432,1361,997,364,44,0,17278,719,151,0,0,0,0,5.000,0,0,0,0,0,0,0,0,0,0,0,0,0,0,0,0.000,0.000,0.000,,707,707,4279,0,1,48.672,262.876,49.479,263.795,0.000,0.000,665,651,10754,1083,141,0,2120,2982,861,1,fec-parity,pending,H.264,1,1,19,9,10,4,1,1,1,11,0,0,21638,10,0,0,0,0,0,51.202,425,432,364,354,364,0,59.929,24.248,131.153,2,0,1223,87,1310,0,431,27,0.496,0.504,0.934,1.000,0.059,44.000,1.000,0.000,0.000,insufficient-sample,3,16,0,0,1,12,2120,13607,2,4,0,0,13607,predicted-useful,likely-arrival,3618,0.579,385,1310,0,15,0,0,0,0,0,0,0,382,4039,382,4039,0,0,0,pacing,1,0.661,5.566,113.566,0,0,0,0,0,0,0,0,4054,2442,2916,1,1,9500000,1200000,0,0,0,21612,21612,26173618,1310,1626306,153,190332,0,0,0,0,0,13.231,22.122,11020.500,2958.600,1155,38916,20304,8138,18612,10474,0.286,1.688,2.717,1155,3116121,4891962,1.374,70.146,0.487,11.090,38916,2120,713,13607,2119,1,0,139,139,241,139,0,0,1,0,4,3568,2982,2982,0,0,0,0,0,,disabled,,0,0,0,0,,1,Fixed Quality,Hybrid,85,30,9500,12000,640,360,H.264,480,270,518400,0,518400,21926,0.042,0.000,,0,0,0.000,5.114,0.000,4.303,0.763,5000,5250,5250,4,4,0,1,9500,0.680,1,13.231,0.000,0,0,3.158,0.000,3732,0,1,0,0.324,0.609,0.066,1,0,0,fixed-pacing-queue-pressure,0,0,0,async-output-pending,0,,0,0,0.000,0.000,0,,0.000,0.000,0.000,0.000,0,0,0,,0,0,0,0.000,1,0,0.753,0.222,0.530,0.000,0.000,0.000,0.000,0,0,1,1,1,0,0,1,1,0,0,0,1.000,0.000,0.000,20,0,0.000,0,0,0,0.000,0.000,0.000,0.000,0.000,0.000,0.000,0.000,40.606,0,0,0,0,0,0,0,0,0.000,0.000,0.000,0.000,0.000,0.000,0,0.112,14.515,665,707,4279,49.563,263.795,10.698,263.795,29959.567,594,1,H.264,118.865,0,0,262.876,263.795,1.000,213.328,117.940,arrival-gap-jitter-spike,13288.868,0,1,1,1,1,43248.435,357.986,358.719,363.774,363.774,0,0,55,0,0,55,1,pacing-pressure freshness,pacing-queue-pressure,0,0,0,0,0,0,0,0,0,0,,99.796,0.000,101.048,0.000,0.000,0.000,120.000,stale-before-decode,0.001,859,0.000,107.172,6.045,0.087,0.314,0.001,0.000,0.313,1,0,0,1,3,0.062,15.067,14.515,16.891,13.858,1.000,RecoveryDeadline,0,1,0,0.500,2,1,1,1,0.060,0.000,0.060,0,100,0,21655,20362,1276,0,1221
44.251,Custom_loss6_delay0-100_dup0_reorder6_burst0,Loopback,1,1,0,,,0.000,0,21,880,11.857,20.091,20.267,100.150,97.618,91.260,50.156,20.369,0.062,0.174,20810,1373,19067,17694,3584,1692,437,1408,1028,380,47,0,17695,736,155,0,0,0,0,5.000,0,0,0,0,0,0,0,0,0,0,0,0,0,0,0,0.000,0.000,0.000,,724,724,4371,0,1,62.941,262.876,63.966,263.795,0.000,0.000,679,665,11019,1116,145,0,2168,3058,881,1,fec-recovered,pending,H.264,1,1,19,10,9,1,1,1,1,11,0,0,22147,3,0,0,0,0,0,45.474,436,437,380,370,380,0,59.292,24.367,131.153,2,0,1255,87,1342,0,446,29,0.499,0.501,0.935,1.000,0.061,45.000,0.417,0.583,0.000,duplicate-guard,3,16,0,0,1,12,2168,13910,2,4,0,0,13910,predicted-useful,likely-arrival,3700,0.579,395,1342,0,17,0,0,0,0,0,0,0,392,4132,392,4132,0,0,0,pacing,1,0.599,3.726,111.726,0,0,0,0,0,0,0,0,4149,2494,2980,1,1,9500000,1200000,1,0,1,22148,22147,26821656,1342,1666114,156,194064,0,0,0,0,0,3.967,22.122,1175.688,4800.000,1183,39877,20810,8328,19067,10739,0.286,30.185,0.062,1183,3865414,5743208,2.153,58.299,0.482,15.040,39877,2168,730,13910,2167,1,0,143,143,246,143,0,0,1,0,4,3656,3058,3058,0,0,0,0,0,,disabled,,0,0,0,0,,1,Fixed Quality,Hybrid,85,30,9500,12000,640,360,H.264,480,270,518400,21928,518400,21928,0.042,0.000,,0,0,0.000,1.780,0.000,0.000,0.083,5000,5250,5250,4,4,0,1,9500,0.680,1,5.351,0.000,0,0,3.864,0.000,3732,0,1,0,0.325,0.610,0.065,1,0,0,fixed-pacing-queue-hard-pressure,19,1,1,decoder-sync-observed,0,,0,0,7.475,18.466,0,,0.000,0.000,0.000,0.000,0,0,0,,0,0,0,4.683,0,882,0.083,0.000,0.000,0.083,0.000,0.058,0.008,1,1,1,1,0,1,1,0,0,0,0,0,1.000,0.000,0.000,20,0,0.000,0,0,0,0.000,0.000,0.000,0.000,0.000,0.000,0.000,1.660,9.202,0,0,0,0,0,0,0,0,0.000,0.000,0.000,0.000,0.000,0.000,0,0.146,20.091,679,724,4371,63.972,263.795,10.698,263.795,29959.567,594,1,H.264,118.865,0,0,262.876,263.795,1.000,213.328,117.940,arrival-gap-jitter-spike,14291.209,0,1,1,1,1,44250.776,357.986,358.719,363.774,363.774,0,0,58,0,0,58,3,pacing-pressure freshness,pacing-queue-pressure,0,0,0,0,0,0,0,0,0,0,,92.326,0.000,93.808,0.000,0.000,0.000,120.000,stale-before-decode,0.001,880,0.000,98.500,4.476,0.093,0.345,0.001,0.000,0.344,1,0,0,1,3,0.062,11.857,20.091,20.369,20.267,1.000,RecoveryDeadline,0,1,0,2.000,1,2,2,1,0.060,0.000,0.060,0,100,0,22191,20854,1302,0,1252
45.258,Custom_loss6_delay0-100_dup0_reorder6_burst0,Loopback,1,1,0,,,0.000,0,21,899,11.250,10.840,11.992,131.964,97.677,72.204,50.669,81.195,0.063,0.178,21279,1419,19504,18085,3654,1731,445,1429,1046,383,49,0,18086,750,162,0,0,0,0,5.000,0,0,0,0,0,0,0,0,0,0,0,0,0,0,0,0.000,0.000,0.000,,737,737,4474,0,1,88.872,262.876,89.675,263.795,0.000,0.000,691,677,11267,1133,151,0,2220,3122,902,1,fec-parity,pending,H.264,1,1,19,4,15,1,0,0,0,0,0,0,22692,17,0,0,0,0,0,8.338,451,445,383,373,383,0,59.375,24.343,131.153,2,0,1281,87,1368,0,454,32,0.503,0.497,0.936,1.000,0.066,35.000,0.556,0.444,0.333,retransmit-late,3,16,0,0,1,12,2220,14285,2,4,0,0,14285,predicted-useful,likely-arrival,3783,0.737,403,1368,0,19,0,0,0,0,0,0,0,400,4221,400,4221,0,0,0,pacing,1,0.770,3.793,111.793,0,0,0,0,0,0,0,0,4240,2552,3048,1,1,9500000,1200000,0,0,0,22654,22654,27435710,1368,1698458,159,197796,0,0,0,0,0,4.818,22.122,943.375,4800.000,1209,40773,21274,8557,19499,10942,0.287,15.192,1.982,1209,4329450,6289587,2.145,42.828,0.474,7.090,40773,2220,744,14285,2219,1,0,149,149,259,149,0,0,1,0,4,3742,3122,3122,0,0,0,0,0,,disabled,,0,0,0,0,,1,Fixed Quality,Hybrid,85,30,9500,12000,640,360,H.264,480,270,518400,21926,518400,21926,0.042,0.000,,0,0,0.000,1.529,0.000,0.000,0.066,5000,5250,5250,4,4,0,1,9500,0.680,1,4.818,0.000,0,0,1.225,0.000,1244,0,1,0,0.330,0.607,0.064,1,0,0,fixed-pacing-queue-hard-pressure,19,1,1,decoder-sync-observed,0,,0,0,5.055,18.464,0,,0.000,0.000,0.000,0.000,0,0,0,,0,0,0,2.596,0,902,0.066,0.000,0.000,0.066,0.000,0.044,0.007,1,1,1,1,0,1,1,0,0,0,0,0,1.000,0.000,0.000,20,0,0.000,0,0,0,0.000,0.000,0.000,0.000,0.000,0.000,0.000,1.433,6.992,0,0,0,0,0,0,0,0,0.000,0.000,0.000,0.000,0.000,0.000,0,0.099,10.840,691,737,4474,89.770,263.795,10.698,263.795,29959.567,594,1,H.264,118.865,0,0,262.876,263.795,1.000,213.328,117.940,arrival-gap-jitter-spike,15298.280,0,1,1,1,1,45257.847,357.986,358.719,363.774,363.774,0,0,59,0,0,59,1,pacing-pressure freshness,pacing-queue-pressure,0,0,0,0,0,0,0,0,0,0,,96.730,0.000,96.682,0.000,0.000,0.000,120.000,stale-before-decode,0.001,900,0.000,101.190,4.353,0.087,0.519,0.288,0.000,0.231,1,0,0,1,3,0.063,11.250,10.840,81.195,11.992,2.000,Jitter,0,1,0,0.000,3,1,1,1,0.060,0.000,0.060,0,100,0,22699,21324,1347,0,1276
46.258,Custom_loss6_delay0-100_dup0_reorder6_burst0,Loopback,1,1,0,,,0.000,0,21,920,16.822,14.956,13.562,96.580,97.716,71.417,51.141,12.537,0.063,0.179,21757,1451,19953,18502,3746,1778,453,1465,1066,399,50,0,18503,765,167,0,0,0,0,5.000,0,0,0,0,0,0,0,0,0,0,0,0,0,0,0,0.000,0.000,0.000,,752,752,4595,0,1,45.978,262.876,46.908,263.795,0.000,0.000,704,690,11534,1164,156,0,2275,3197,921,1,fec-recovered,pending,H.264,1,1,19,9,10,3,1,1,3,14,0,0,23178,11,0,0,0,0,0,60.617,460,453,399,389,399,0,59.195,24.387,131.153,2,0,1314,89,1403,0,472,33,0.504,0.496,0.937,1.000,0.065,45.000,0.200,0.800,0.000,duplicate-guard,3,16,0,0,1,12,2275,14670,2,4,0,0,14670,predicted-useful,likely-arrival,3873,0.737,414,1403,0,22,0,0,0,0,0,0,0,412,4330,412,4330,0,0,0,pacing,1,0.631,4.638,112.638,0,0,0,0,0,0,0,0,4352,2615,3125,1,1,9500000,1200000,0,0,0,23169,23169,28059710,1403,1741998,161,200284,0,0,0,0,0,4.304,22.122,91.125,4800.000,1235,41680,21745,8790,19935,11145,0.288,19.531,2.493,1235,3266615,5224314,2.085,34.105,0.476,8.514,41680,2275,759,14670,2274,1,0,154,154,267,154,0,0,1,0,4,3826,3197,3197,0,0,0,0,0,,disabled,,0,0,0,0,,1,Fixed Quality,Hybrid,85,30,9500,12000,640,360,H.264,480,270,518400,21928,518400,21928,0.042,0.000,,0,0,0.000,2.291,0.000,0.000,0.093,5000,5250,5250,4,4,0,1,9500,0.680,1,6.452,0.000,0,0,0.000,0.000,0,0,1,0,0.328,0.609,0.063,1,0,0,fixed-pacing-queue-hard-pressure,19,1,1,decoder-sync-observed,0,,0,0,10.560,18.466,0,,0.000,0.000,0.000,0.000,0,0,0,,0,0,0,11.755,0,922,0.093,0.000,0.000,0.092,0.000,0.065,0.008,1,1,1,1,0,1,1,0,0,0,0,0,1.000,0.000,0.000,20,0,0.000,0,0,0,0.000,0.000,0.000,0.000,0.000,0.000,0.000,2.154,15.863,0,0,0,0,0,0,0,0,0.000,0.000,0.000,0.000,0.000,0.000,0,0.137,14.956,704,752,4595,47.110,263.795,10.698,263.795,29959.567,594,1,H.264,118.865,0,0,262.876,263.795,1.000,213.328,117.940,arrival-gap-jitter-spike,16298.825,0,1,1,1,1,46258.392,357.986,358.719,363.774,363.774,0,0,61,0,0,61,2,pacing-pressure freshness,pacing-queue-pressure,0,0,0,0,0,0,0,0,0,0,,103.488,0.000,98.737,0.000,0.000,0.000,120.000,stale-before-decode,0.001,920,0.000,103.131,4.172,0.088,0.361,0.002,0.000,0.359,1,0,0,1,3,0.063,16.822,14.956,12.537,13.562,1.000,Loss,0,1,0,0.000,0,1,1,1,0.060,0.000,0.060,0,100,0,23215,21803,1379,0,1313
47.260,Custom_loss6_delay0-100_dup0_reorder6_burst0,Loopback,1,1,0,,,0.000,0,21,939,12.436,11.922,11.865,97.254,97.816,71.417,51.141,25.057,0.063,0.181,22226,1494,20406,18912,3817,1818,463,1485,1080,405,51,0,18913,779,172,0,0,0,0,5.000,0,0,0,0,0,0,0,0,0,0,0,0,0,0,0,0.000,0.000,0.000,,766,766,4715,0,1,54.370,262.876,55.353,263.795,0.000,0.000,717,703,11779,1184,161,0,2329,3261,941,1,fec-parity,pending,H.264,1,1,19,9,10,1,0,1,5,15,0,0,23692,18,0,0,0,0,0,55.984,469,463,405,395,405,0,59.265,24.215,131.153,2,0,1339,90,1429,0,478,34,0.503,0.497,0.937,1.000,0.066,45.000,0.308,0.692,0.000,duplicate-guard,3,16,0,0,1,12,2329,14988,2,4,0,0,14988,predicted-useful,likely-arrival,3958,0.789,422,1429,0,22,0,0,0,0,0,0,0,420,4410,420,4410,0,0,0,pacing,1,0.731,5.460,113.460,0,0,0,0,0,0,0,0,4432,2677,3197,1,1,9500000,1200000,0,0,0,23675,23675,28672512,1429,1774342,164,204016,0,0,0,0,0,4.780,22.122,1114.750,4800.000,1263,42627,22221,9010,20406,11396,0.288,26.795,0.036,1263,3208991,4899850,2.401,34.105,0.547,9.718,42627,2329,773,14988,2328,1,0,159,159,277,159,0,0,1,0,4,3909,3261,3261,0,0,0,0,0,,disabled,,0,0,0,0,,1,Fixed Quality,Hybrid,85,30,9500,12000,640,360,H.264,480,270,518400,21928,518400,21928,0.042,0.000,,0,0,0.000,1.981,0.000,0.000,0.091,5000,5250,5250,4,4,0,1,9500,0.680,1,4.780,0.000,0,0,3.206,0.000,3732,0,1,0,0.328,0.609,0.063,1,0,0,fixed-pacing-queue-hard-pressure,19,1,1,decoder-sync-observed,0,,0,0,4.064,18.466,0,,0.000,0.000,0.000,0.000,0,0,0,,0,0,0,3.037,0,942,0.090,0.000,0.000,0.090,0.000,0.060,0.010,1,1,1,1,0,1,1,0,0,0,1,0,0.860,35.658,0.000,20,0,0.000,0,0,0,0.000,0.000,0.000,0.000,0.000,0.000,0.000,1.843,7.337,0,0,0,0,0,0,0,0,0.000,0.000,0.000,0.000,0.000,0.000,0,0.119,11.922,717,766,4715,55.366,263.795,10.698,263.795,29959.567,594,1,H.264,118.865,0,0,262.876,263.795,1.000,213.328,117.940,arrival-gap-jitter-spike,17300.434,0,1,1,1,1,47260.001,357.986,358.719,363.774,363.774,0,0,62,0,0,62,1,pacing-pressure freshness,pacing-queue-pressure,0,0,0,0,0,0,0,0,0,0,,104.889,0.000,101.567,0.000,0.000,0.000,120.000,stale-before-decode,0.001,939,0.000,106.577,4.825,0.108,0.373,0.001,0.000,0.372,1,0,0,1,3,0.063,12.436,11.922,25.057,11.865,1.000,RecoveryDeadline,0,1,0,0.000,1,1,1,1,0.060,0.000,0.060,0,100,0,23722,22275,1414,0,1334
48.264,Custom_loss6_delay0-100_dup0_reorder6_burst0,Loopback,1,1,0,,,0.000,0,21,960,17.565,16.621,14.768,82.385,97.843,48.703,51.087,2.086,0.063,0.180,22701,1515,20835,19320,3887,1854,473,1509,1100,409,51,0,19321,797,175,0,0,0,0,5.000,0,0,0,0,0,0,0,0,0,0,0,0,0,0,0,0.000,0.000,0.000,,784,784,4815,0,1,58.212,262.876,59.019,263.795,0.000,0.000,733,718,12040,1206,164,0,2377,3338,961,1,fec-recovered,pending,H.264,1,1,19,15,4,5,3,2,4,19,0,0,24195,18,0,0,0,0,0,75.841,477,473,409,399,409,0,59.487,24.124,131.153,2,0,1361,90,1451,0,484,37,0.502,0.498,0.938,1.000,0.071,44.000,0.400,0.600,0.200,duplicate-guard,3,16,0,0,1,12,2377,15330,2,4,0,0,15330,predicted-useful,likely-arrival,4043,0.211,428,1451,0,22,0,0,0,0,0,0,0,426,4478,426,4478,0,0,0,pacing,1,0.754,5.942,113.942,0,0,0,0,0,0,0,0,4500,2737,3265,1,1,9500000,1200000,0,0,0,24177,24177,29280338,1451,1801710,168,208992,0,0,0,0,0,7.853,22.122,4401.375,4800.000,1289,43507,22687,9209,20820,11611,0.289,1.891,1.624,1289,3665305,6131268,2.421,22.741,0.451,8.049,43507,2377,791,15330,2376,1,0,162,162,280,162,0,0,1,0,4,4002,3338,3338,0,0,0,0,0,,disabled,,0,0,0,0,,1,Fixed Quality,Hybrid,85,30,9500,12000,640,360,H.264,480,270,518400,21926,518400,21926,0.042,0.000,,0,0,0.000,1.570,0.000,0.000,0.081,5000,5250,5250,4,4,0,1,9500,0.680,1,7.853,0.000,0,0,0.000,0.000,0,0,1,0,0.329,0.609,0.062,1,0,0,fixed-pacing-queue-pressure,19,1,1,decoder-sync-observed,0,,0,0,5.364,18.464,0,,0.000,0.000,0.000,0.000,0,0,0,,0,0,0,10.110,0,962,0.080,0.000,0.000,0.080,0.000,0.056,0.007,1,1,1,1,0,1,1,0,0,0,0,0,1.000,0.000,0.000,20,0,0.000,0,0,0,0.000,0.000,0.000,0.000,0.000,0.000,0.000,1.454,14.232,0,0,0,0,0,0,0,0,0.000,0.000,0.000,0.000,0.000,0.000,0,0.108,16.621,733,784,4815,58.989,263.795,10.698,263.795,29959.567,594,1,H.264,118.865,0,0,262.876,263.795,1.000,213.328,117.940,arrival-gap-jitter-spike,18304.583,0,1,1,1,1,48264.150,357.986,358.719,363.774,363.774,0,0,65,0,0,65,3,pacing-pressure freshness,pacing-queue-pressure,0,0,0,0,0,0,0,0,0,0,,94.954,0.000,93.050,0.000,0.000,0.000,120.000,stale-before-decode,0.001,960,0.000,97.680,5.144,0.090,0.259,0.001,0.000,0.258,1,0,0,1,3,0.062,17.565,16.621,2.086,14.768,1.000,RecoveryDeadline,0,1,0,2.000,1,2,2,1,0.060,0.000,0.060,0,100,0,24225,22748,1445,0,1362
49.264,Custom_loss6_delay0-100_dup0_reorder6_burst0,Loopback,1,1,0,,,0.000,0,21,980,17.374,11.763,11.668,99.814,97.981,35.966,50.758,84.204,0.063,0.181,23167,1554,21280,19726,3955,1892,478,1533,1117,416,52,0,19727,813,180,0,0,0,0,5.000,0,0,0,0,0,0,0,0,0,0,0,0,0,0,0,0.000,0.000,0.000,,799,799,4929,0,1,140.865,262.876,141.760,263.795,0.000,0.000,747,732,12278,1229,168,0,2427,3403,981,1,fec-recovered,pending,H.264,1,1,19,13,6,3,2,1,2,9,0,0,24688,10,0,0,0,0,0,56.074,484,478,416,406,416,0,59.702,24.145,131.153,2,0,1380,91,1471,0,497,37,0.503,0.497,0.938,1.000,0.069,44.000,0.333,0.667,0.000,insufficient-sample,3,16,0,0,1,12,2427,15695,2,4,0,0,15695,predicted-useful,likely-arrival,4126,0.474,434,1471,0,22,0,0,0,0,0,0,0,432,4546,432,4546,0,0,0,pacing,1,0.738,7.582,115.582,0,0,0,0,0,0,0,0,4568,2797,3333,1,1,9500000,1200000,0,0,0,24677,24677,29885678,1471,1826590,170,211480,0,0,0,0,0,8.322,22.122,5037.062,4800.000,1318,44436,23159,9375,21277,11902,0.288,6.546,3.611,1318,3030844,5054909,2.172,15.646,0.480,8.723,44436,2427,807,15695,2426,1,0,166,166,288,166,0,0,1,0,4,4086,3403,3403,0,0,0,0,0,,disabled,,0,0,0,0,,1,Fixed Quality,Hybrid,85,30,9500,12000,640,360,H.264,480,270,518400,21928,518400,21928,0.042,0.000,,0,0,0.000,1.552,0.000,0.000,0.069,5000,5250,5250,4,4,0,1,9500,0.680,1,8.322,0.000,0,0,3.810,0.000,3732,0,1,0,0.329,0.609,0.062,1,0,0,fixed-pacing-queue-hard-pressure,19,1,1,decoder-sync-observed,0,,0,0,8.163,18.466,0,,0.000,0.000,0.000,0.000,0,0,0,,0,0,0,5.510,0,982,0.069,0.000,0.000,0.068,0.000,0.047,0.007,1,1,1,1,0,1,1,0,0,0,0,0,1.000,0.000,0.000,20,0,0.000,0,0,0,0.000,0.000,0.000,0.000,0.000,0.000,0.000,1.450,9.816,0,0,0,0,0,0,0,0,0.000,0.000,0.000,0.000,0.000,0.000,0,0.101,11.763,747,799,4929,141.780,263.795,10.698,263.795,29959.567,594,1,H.264,118.865,0,0,262.876,263.795,1.000,213.328,117.940,arrival-gap-jitter-spike,19305.014,0,1,1,1,1,49264.581,357.986,358.719,363.774,363.774,0,0,66,0,0,66,1,pacing-pressure freshness,pacing-queue-pressure,0,0,0,0,0,0,0,0,0,0,,102.719,0.000,101.086,0.000,0.000,0.000,120.000,stale-before-decode,0.001,980,0.000,106.546,5.340,0.079,0.772,0.533,0.000,0.239,1,0,0,1,3,0.063,17.374,11.763,84.204,11.668,2.000,DecodeLoad,0,1,0,1.000,0,1,1,1,0.060,0.000,0.060,0,100,0,24726,23216,1482,0,1391
50.267,Custom_loss6_delay0-100_dup0_reorder6_burst0,Loopback,1,1,0,,,0.000,0,21,1000,15.780,12.863,12.969,99.968,97.958,98.348,51.770,24.897,0.063,0.183,23653,1588,21729,20141,4046,1946,496,1552,1131,421,52,0,20142,828,185,0,0,0,0,5.000,0,0,0,0,0,0,0,0,0,0,0,0,0,0,0,0.000,0.000,0.000,,814,814,5041,0,1,37.437,262.876,38.474,263.795,0.000,0.000,762,746,12545,1249,173,0,2482,3476,1001,1,nack-sent,pending,H.264,1,1,19,16,3,4,4,2,0,7,0,1,25219,8,25219,8,0,0,0,64.754,495,496,421,411,421,0,59.778,23.962,131.153,2,0,1414,94,1508,0,504,40,0.499,0.501,0.938,1.000,0.074,40.000,0.333,0.667,0.333,retransmit-late,3,16,0,0,1,12,2482,16031,2,4,0,0,16031,predicted-useful,likely-arrival,4217,0.158,445,1508,0,22,0,0,0,0,0,0,0,443,4657,443,4657,0,0,0,pacing,1,0.628,5.724,113.724,0,0,0,0,0,0,0,0,4679,2862,3411,1,1,9500000,1200000,0,0,0,25194,25194,30512164,1508,1872618,173,215212,0,0,0,0,0,8.162,22.122,4851.812,4306.650,1346,45377,23648,9572,21729,12157,0.288,5.739,2.467,1346,3636669,5617789,2.547,24.993,0.505,8.117,45377,2482,822,16031,2481,1,0,171,171,296,171,0,0,1,0,4,4171,3476,3476,0,0,0,0,0,,disabled,,0,0,0,0,,1,Fixed Quality,Hybrid,85,30,9500,12000,640,360,H.264,480,270,518400,21928,518400,21928,0.042,0.000,,0,0,0.000,1.815,0.000,0.000,0.091,5000,5250,5250,4,4,0,1,9500,0.680,1,8.162,0.000,0,0,2.968,0.000,3732,0,1,0,0.000,1.000,0.000,1,0,0,fixed-pacing-queue-hard-pressure,19,1,1,decoder-sync-observed,0,,0,0,0.047,18.466,0,,0.000,0.000,0.000,0.000,0,0,0,,0,0,0,5.927,0,1002,0.090,0.000,0.000,0.090,0.000,0.063,0.008,1,1,1,1,0,1,1,0,0,0,0,0,1.000,0.000,0.000,20,0,0.000,0,0,0,0.000,0.000,0.000,0.000,0.000,0.000,0.000,1.684,10.455,0,0,0,0,0,0,0,0,0.000,0.000,0.000,0.000,0.000,0.000,0,0.125,12.863,762,814,5041,38.423,263.795,10.698,263.795,29959.567,594,1,H.264,118.865,0,0,262.876,263.795,1.000,213.328,117.940,arrival-gap-jitter-spike,20308.007,0,1,1,1,1,50267.574,357.986,358.719,363.774,363.774,0,0,67,0,0,67,1,pacing-pressure freshness,pacing-queue-pressure,0,0,0,0,0,0,0,0,0,0,,101.047,0.000,103.602,0.000,0.000,0.000,120.000,stale-before-upload,0.001,1000,0.000,104.632,3.774,0.112,0.334,0.001,0.000,0.333,1,0,0,1,3,0.063,15.780,12.863,24.897,12.969,1.000,Loss,0,1,0,0.000,1,2,2,1,0.060,0.000,0.060,0,100,0,25244,23703,1515,0,1418
51.273,Custom_loss6_delay0-100_dup0_reorder6_burst0,Loopback,1,1,0,,,0.000,0,21,1020,19.389,14.634,14.741,100.169,98.038,32.349,51.366,26.036,0.063,0.183,24135,1617,22164,20547,4126,1982,503,1588,1156,432,53,0,20548,845,189,0,0,0,0,5.000,0,0,0,0,0,0,0,0,0,0,0,0,0,0,0,0.000,0.000,0.000,,830,830,5142,0,1,84.431,262.876,85.337,263.795,0.000,0.000,776,760,12802,1277,176,0,2532,3546,1021,1,nack-sent,pending,H.264,1,1,19,18,1,4,2,2,2,6,1,0,25707,3,25730,3,0,0,0,76.037,506,503,432,422,432,0,59.672,24.083,131.153,2,0,1443,95,1538,0,514,40,0.501,0.499,0.938,1.000,0.072,45.000,0.200,0.800,0.000,duplicate-guard,3,16,0,0,1,12,2532,16349,2,4,0,0,16349,predicted-useful,likely-arrival,4301,0.000,455,1538,0,22,0,0,0,0,0,0,0,453,4770,453,4770,0,0,0,pacing,1,0.730,5.213,113.213,0,0,0,0,0,0,0,0,4792,2919,3480,1,1,9500000,1200000,0,0,0,25704,25704,31129942,1538,1909938,173,215212,0,0,0,0,0,8.938,22.122,5759.875,4800.000,1372,46284,24121,9756,22163,12407,0.288,9.421,5.614,1372,3102422,4932589,3.907,6.794,0.513,13.889,46284,2532,839,16349,2531,1,0,174,174,300,174,0,0,1,0,4,4259,3546,3546,0,0,0,0,0,,disabled,,0,0,0,0,,1,Fixed Quality,Hybrid,85,30,9500,12000,640,360,H.264,480,270,518400,21926,518400,21926,0.042,0.000,,0,0,0.000,1.645,0.000,0.000,0.060,5000,5250,5250,4,4,0,1,9500,0.680,1,8.938,0.000,0,0,4.000,0.000,3732,0,1,0,0.329,0.609,0.062,1,0,0,fixed-pacing-queue-hard-pressure,19,1,1,decoder-sync-observed,0,,0,0,0.113,18.464,0,,0.000,0.000,0.000,0.000,0,0,0,,0,0,0,4.391,0,1022,0.059,0.000,0.000,0.059,0.000,0.039,0.006,1,1,1,1,0,1,1,0,0,0,0,0,1.000,0.000,0.000,20,0,0.000,0,0,0,0.000,0.000,0.000,0.000,0.000,0.000,0.000,1.557,10.071,0,0,0,0,0,0,0,0,0.000,0.000,0.000,0.000,0.000,0.000,0,0.109,14.634,776,830,5142,85.388,263.795,10.698,263.795,29959.567,594,1,H.264,118.865,0,0,262.876,263.795,1.000,213.328,117.940,arrival-gap-jitter-spike,21313.808,0,1,1,1,1,51273.375,357.986,358.719,363.774,363.774,0,0,69,0,0,69,2,pacing-pressure freshness,pacing-queue-pressure,0,0,0,0,0,0,0,0,0,0,,96.320,0.000,97.983,0.000,0.000,0.000,120.000,stale-before-decode,0.001,1020,0.000,102.199,4.169,0.086,0.243,0.002,0.000,0.241,1,0,0,1,3,0.063,19.389,14.634,26.036,14.741,1.000,Loss,0,1,0,0.000,1,2,2,1,0.060,0.000,0.060,0,100,0,25755,24185,1547,0,1443
52.278,Custom_loss6_delay0-100_dup0_reorder6_burst0,Loopback,1,1,0,,,0.000,0,21,1040,18.704,16.918,17.109,104.912,98.023,82.192,51.995,1.617,0.063,0.182,24610,1652,22610,20958,4214,2020,511,1629,1186,443,54,0,20959,862,192,0,0,0,0,5.000,0,0,0,0,0,0,0,0,0,0,0,0,0,0,0,0.000,0.000,0.000,,847,847,5242,0,1,54.267,262.876,55.081,263.795,0.000,0.000,791,775,13062,1305,179,0,2583,3621,1041,1,fec-parity,pending,H.264,1,1,19,13,6,4,2,2,4,17,0,0,26217,2,0,0,0,0,0,69.878,513,511,443,433,443,0,59.349,24.304,131.153,2,0,1469,96,1565,0,528,40,0.501,0.499,0.939,1.000,0.070,45.000,0.333,0.667,0.000,duplicate-guard,3,16,0,0,1,12,2583,16667,2,4,0,0,16667,predicted-useful,likely-arrival,4385,0.474,464,1565,0,22,0,0,0,0,0,0,0,462,4853,462,4853,0,0,0,pacing,1,0.674,4.947,112.947,0,0,0,0,0,0,0,0,4875,2977,3549,1,1,9500000,1200000,0,0,0,26211,26211,31743990,1565,1943526,174,216456,0,0,0,0,0,7.924,22.122,4512.188,4800.000,1399,47190,24601,9898,22589,12691,0.287,35.508,3.191,1399,2953464,4933603,2.664,15.404,0.433,22.334,47190,2583,856,16667,2582,1,0,177,177,307,177,0,0,1,0,4,4347,3621,3621,0,0,0,0,0,,disabled,,0,0,0,0,,1,Fixed Quality,Hybrid,85,30,9500,12000,640,360,H.264,480,270,518400,21928,518400,21928,0.042,0.000,,0,0,0.000,1.784,0.000,0.000,0.069,5000,5250,5250,4,4,0,1,9500,0.680,1,7.924,0.000,0,0,2.935,0.333,3732,1244,1,0,0.328,0.611,0.061,1,0,0,fixed-pacing-queue-hard-pressure,19,1,1,decoder-sync-observed,0,,0,0,7.810,18.466,0,,0.000,0.000,0.000,0.000,0,0,0,,0,0,0,6.242,0,1042,0.069,0.000,0.000,0.068,0.000,0.046,0.008,1,1,1,1,0,1,1,0,0,0,0,0,1.000,0.000,0.000,20,0,0.000,0,0,0,0.000,0.000,0.000,0.000,0.000,0.000,0.000,1.683,10.242,0,0,0,0,0,0,0,0,0.000,0.000,0.000,0.000,0.000,0.000,0,0.106,16.918,791,847,5242,55.086,263.795,10.698,263.795,29959.567,594,1,H.264,118.865,0,0,262.876,263.795,1.000,213.328,117.940,arrival-gap-jitter-spike,22318.834,0,1,1,1,1,52278.401,357.986,358.719,363.774,363.774,0,0,71,0,0,71,2,pacing-pressure freshness,pacing-queue-pressure,0,0,0,0,0,0,0,0,0,0,,100.121,0.000,99.161,0.000,0.000,0.000,120.000,stale-before-decode,0.001,1040,0.000,102.083,3.646,0.081,1.008,0.746,0.000,0.263,1,0,0,1,3,0.063,18.704,16.918,1.617,17.109,1.000,Loss,0,1,0,0.500,2,1,1,1,0.060,0.000,0.060,0,100,0,26263,24663,1574,0,1474
53.281,Custom_loss6_delay0-100_dup0_reorder6_burst0,Loopback,1,1,0,,,0.000,0,21,1060,17.741,16.539,16.534,81.925,97.860,98.190,52.919,1.637,0.063,0.182,25087,1676,23044,21368,4298,2052,517,1674,1224,450,55,0,21369,878,196,0,0,0,0,5.000,0,0,0,0,0,0,0,0,0,0,0,0,0,0,0,0.000,0.000,0.000,,863,863,5338,0,1,53.708,262.876,54.728,263.795,0.000,0.000,807,791,13320,1328,183,0,2627,3706,1061,1,fec-recovered,pending,H.264,1,1,19,18,1,4,4,2,6,18,1,0,26729,15,26739,2,0,0,0,83.352,517,517,450,440,450,0,59.131,24.555,131.153,2,0,1486,100,1586,0,534,40,0.500,0.500,0.937,1.000,0.070,45.000,0.286,0.714,0.000,duplicate-guard,3,16,0,0,1,12,2627,16948,2,4,0,0,16948,predicted-useful,likely-arrival,4465,0.368,471,1586,0,22,0,0,0,0,0,0,0,469,4925,469,4925,0,0,0,pacing,1,0.696,6.678,114.678,0,0,0,0,0,0,0,0,4947,3032,3613,0,1,9500000,1200000,0,0,0,26712,26712,32350572,1586,1969650,174,216456,0,0,0,0,0,4.152,22.122,0.875,3538.950,1425,48122,25078,10093,23044,12951,0.287,10.914,1.978,1425,5216366,7020169,3.185,15.523,0.497,18.458,48122,2627,872,16948,2626,1,0,181,181,312,181,0,0,1,0,4,4439,3706,3706,0,0,0,0,0,,disabled,,0,0,0,0,,1,Fixed Quality,Hybrid,85,30,9500,12000,640,360,H.264,480,270,518400,0,518400,21928,0.042,0.000,,0,0,0.000,4.823,0.000,4.140,0.641,5000,5250,5250,4,4,0,1,9500,0.680,1,4.152,0.000,0,0,3.120,0.000,3732,0,1,0,0.326,0.611,0.063,1,0,0,fixed-pacing-queue-pressure,0,0,0,async-output-pending,0,,0,0,0.000,0.000,0,,0.000,0.000,0.000,0.000,0,0,0,,0,0,0,0.000,1,0,0.632,0.191,0.439,0.000,0.000,0.000,0.000,0,0,1,1,1,0,0,1,1,0,0,0,1.000,0.000,0.000,20,0,0.000,0,0,0,0.000,0.000,0.000,0.000,0.000,0.000,0.000,0.000,34.864,0,0,0,0,0,0,0,0,0.000,0.000,0.000,0.000,0.000,0.000,0,0.102,16.539,807,863,5338,54.730,263.795,10.698,263.795,29959.567,594,1,H.264,118.865,0,0,262.876,263.795,1.000,213.328,117.940,arrival-gap-jitter-spike,23321.287,0,1,1,1,1,53280.854,357.986,358.719,363.774,363.774,0,0,71,0,0,71,0,,,0,0,0,0,0,0,0,0,0,0,,89.834,0.000,92.152,0.000,0.000,0.000,120.000,stale-before-decode,0.001,1060,0.000,97.592,5.305,0.097,0.316,0.001,0.000,0.315,1,0,0,1,3,0.063,17.741,16.539,1.637,16.534,0.750,Loss,0,1,0,1.000,0,2,2,1,0.060,0.000,0.060,0,100,0,26765,25140,1603,0,1495
54.285,Custom_loss6_delay0-100_dup0_reorder6_burst0,Loopback,1,1,0,,,0.000,0,21,1080,16.388,15.246,14.494,109.238,97.833,14.791,52.171,19.676,0.063,0.182,25564,1721,23494,21773,4382,2092,530,1705,1245,460,55,0,21774,895,199,0,0,0,0,5.000,0,0,0,0,0,0,0,0,0,0,0,0,0,0,0,0.000,0.000,0.000,,880,880,5439,0,1,79.847,262.876,80.698,263.795,0.000,0.000,823,807,13578,1355,186,0,2676,3777,1082,1,fec-parity,pending,H.264,1,1,19,1,18,2,0,0,0,0,0,0,27277,15,0,0,0,0,0,6.249,531,530,460,450,460,0,59.197,24.653,131.153,2,0,1523,103,1626,0,545,40,0.500,0.500,0.937,1.000,0.068,45.000,0.273,0.727,0.000,duplicate-guard,3,16,0,0,1,12,2676,17247,2,4,0,0,17247,predicted-useful,likely-arrival,4544,0.211,481,1626,0,22,0,0,0,0,0,0,0,479,5045,479,5045,0,0,0,pacing,1,0.855,5.339,113.339,0,0,0,0,0,0,0,0,5067,3083,3676,0,1,9500000,1200000,0,0,0,27232,27232,32980790,1626,2019410,186,231384,0,0,0,0,0,8.054,22.122,5001.062,4800.000,1453,49050,25556,10267,23494,13227,0.287,11.960,1.083,1453,2824037,4707718,2.950,-4.261,0.530,12.793,49050,2676,889,17247,2675,1,0,184,184,318,184,0,0,1,0,4,4520,3777,3777,0,0,0,0,0,,disabled,,0,0,0,0,,1,Fixed Quality,Hybrid,85,30,9500,12000,640,360,H.264,480,270,518400,0,518400,21926,0.042,0.000,,0,0,0.000,4.847,0.000,4.178,0.631,5000,5250,5250,4,4,0,1,9500,0.680,1,8.054,0.000,0,0,0.000,0.000,0,0,1,0,0.327,0.610,0.063,1,0,0,fixed-pacing-queue-hard-pressure,0,0,0,async-output-pending,0,,0,0,0.000,0.000,0,,0.000,0.000,0.000,0.000,0,0,0,,0,0,0,0.000,1,0,0.623,0.186,0.435,0.000,0.000,0.000,0.000,0,0,1,1,1,0,0,1,1,0,0,0,1.000,0.000,0.000,20,0,0.000,0,0,0,0.000,0.000,0.000,0.000,0.000,0.000,0.000,0.000,29.970,0,0,0,0,0,0,0,0,0.000,0.000,0.000,0.000,0.000,0.000,0,0.100,14.652,823,880,5439,80.759,263.795,10.698,263.795,29959.567,594,1,H.264,118.865,0,0,262.876,263.795,1.000,213.328,117.940,arrival-gap-jitter-spike,24325.971,0,1,1,1,1,54285.538,357.986,358.719,363.774,363.774,0,0,72,0,0,72,1,pacing-pressure freshness,pacing-queue-pressure,0,0,0,0,0,0,0,0,0,0,,99.075,0.000,97.926,0.000,0.000,0.000,120.000,stale-before-decode,0.001,1080,0.000,102.870,4.797,0.091,0.324,0.058,0.000,0.265,1,0,0,1,3,0.063,16.388,15.246,19.676,14.494,1.000,Loss,0,1,0,0.000,1,1,1,1,0.060,0.000,0.060,0,100,0,27286,25617,1647,0,1518
55.292,Custom_loss6_delay0-100_dup0_reorder6_burst0,Loopback,1,1,0,,,0.000,0,21,1100,18.224,17.994,18.001,90.944,97.819,34.920,51.839,13.921,0.063,0.181,26042,1751,23924,22173,4460,2132,539,1732,1266,466,57,0,22174,912,202,0,0,0,0,5.000,0,0,0,0,0,0,0,0,0,0,0,0,0,0,0,0.000,0.000,0.000,,897,897,5540,0,1,40.132,262.876,40.953,263.795,0.000,0.000,839,823,13831,1378,189,0,2725,3850,1101,1,retransmit-duplicate,pending,H.264,1,1,19,16,3,4,3,3,6,24,0,2,27791,3,27791,3,27791,3,1,96.673,542,539,466,456,466,0,59.353,24.866,131.153,2,0,1549,105,1654,0,553,40,0.501,0.499,0.937,1.000,0.067,45.000,0.200,0.800,0.000,duplicate-guard,3,16,0,0,1,12,2725,17573,2,4,0,0,17573,predicted-useful,likely-arrival,4630,0.737,489,1654,0,22,0,0,0,0,0,0,0,487,5136,487,5136,0,0,0,pacing,1,0.757,3.516,111.516,0,0,0,0,0,0,0,0,5158,3142,3745,1,1,9500000,1200000,0,0,0,27740,27740,33596082,1654,2054242,190,236360,0,0,0,0,0,8.026,22.122,5073.875,2292.600,1479,49937,26023,10434,23914,13480,0.286,25.748,3.217,1479,3001597,4762590,3.442,20.129,0.469,16.863,49937,2725,906,17573,2724,1,0,187,187,324,187,0,0,1,0,4,4605,3850,3850,0,0,0,0,0,,disabled,,0,0,0,0,,1,Fixed Quality,Hybrid,85,30,9500,12000,640,360,H.264,480,270,518400,0,518400,21928,0.042,0.000,,0,0,0.000,5.343,0.000,4.671,0.634,5000,5250,5250,4,4,0,1,9500,0.680,1,8.026,0.000,0,0,3.605,0.000,3732,0,1,0,0.328,0.608,0.064,1,0,0,fixed-pacing-queue-hard-pressure,0,0,0,async-output-pending,0,,0,0,0.000,0.000,0,,0.000,0.000,0.000,0.000,0,0,0,,0,0,0,0.000,1,0,0.626,0.192,0.432,0.000,0.000,0.000,0.000,0,0,1,1,1,0,0,1,1,0,0,0,1.000,0.000,0.000,20,0,0.000,0,0,0,0.000,0.000,0.000,0.000,0.000,0.000,0.000,0.000,10.392,0,0,0,0,0,0,0,0,0.000,0.000,0.000,0.000,0.000,0.000,0,0.091,17.994,839,897,5540,40.939,263.795,10.698,263.795,29959.567,594,1,H.264,118.865,0,0,262.876,263.795,1.000,213.328,117.940,arrival-gap-jitter-spike,25332.422,0,1,1,1,1,55291.989,357.986,358.719,363.774,363.774,0,0,73,0,0,73,1,pacing-pressure freshness,pacing-queue-pressure,0,0,0,0,0,0,0,0,0,0,,95.384,0.000,97.570,0.000,0.000,0.000,120.000,stale-after-h264-decode,0.001,1100,0.000,99.911,2.453,0.081,0.890,0.633,0.000,0.256,1,0,0,1,3,0.063,18.224,17.994,13.921,18.001,1.000,RecoveryDeadline,0,1,0,1.000,0,1,1,1,0.060,0.000,0.060,0,100,0,27795,26097,1678,0,1546
56.294,Custom_loss6_delay0-100_dup0_reorder6_burst0,Loopback,1,1,0,,,0.000,0,21,1120,17.282,13.538,13.882,97.359,97.927,51.218,51.828,9.576,0.063,0.180,26519,1777,24357,22580,4539,2173,545,1764,1287,477,57,0,22581,930,204,0,0,0,0,5.000,0,0,0,0,0,0,0,0,0,0,0,0,0,0,0,0.000,0.000,0.000,,915,915,5643,0,1,47.150,262.876,48.289,263.795,0.000,0.000,854,838,14096,1407,191,0,2779,3928,1122,1,fec-parity,pending,H.264,1,1,19,8,11,3,0,1,1,12,0,0,28290,15,0,0,0,0,0,53.115,549,545,477,467,477,0,59.451,24.830,131.153,2,0,1573,104,1677,0,559,40,0.502,0.498,0.938,1.000,0.067,45.000,0.400,0.600,0.000,duplicate-guard,3,16,0,0,1,12,2779,17913,2,4,0,0,17913,predicted-useful,likely-arrival,4723,0.105,496,1677,0,22,0,0,0,0,0,0,0,494,5204,494,5204,0,0,0,pacing,1,0.731,5.371,113.371,0,0,0,0,0,0,0,0,5226,3209,3821,1,1,9500000,1200000,4,0,4,28267,28263,34229166,1677,2082854,191,237604,0,0,0,0,0,0.564,22.122,467.500,4800.000,1505,50857,26501,10603,24356,13753,0.286,26.935,5.119,1505,3336084,5172208,2.632,19.363,0.497,15.956,50857,2779,924,17913,2778,1,0,189,189,328,189,0,0,1,0,4,4694,3928,3928,0,0,0,0,0,,disabled,,0,0,0,0,,1,Fixed Quality,Hybrid,85,30,9500,12000,640,360,H.264,480,270,518400,21926,518400,21926,0.042,0.000,,0,0,0.000,1.782,0.000,0.000,0.121,5000,5250,5250,4,4,0,1,9500,0.680,1,11.242,0.000,0,0,2.983,0.000,3732,0,1,0,0.327,0.611,0.062,1,0,0,fixed-pacing-queue-hard-pressure,19,1,1,decoder-sync-observed,0,,0,0,13.175,18.464,0,,0.000,0.000,0.000,0.000,0,0,0,,0,0,0,2.426,0,1123,0.121,0.000,0.000,0.120,0.000,0.089,0.010,1,1,1,1,0,1,1,0,0,0,0,0,1.000,0.000,0.000,20,0,0.000,0,0,0,0.000,0.000,0.000,0.000,0.000,0.000,0.000,1.618,6.881,0,0,0,0,0,0,0,0,0.000,0.000,0.000,0.000,0.000,0.000,0,0.129,13.538,854,915,5643,48.119,263.795,10.698,263.795,29959.567,594,1,H.264,118.865,0,0,262.876,263.795,1.000,213.328,117.940,arrival-gap-jitter-spike,26334.457,0,1,1,1,1,56294.024,357.986,358.719,363.774,363.774,0,0,76,0,0,76,3,pacing-pressure freshness,pacing-queue-pressure,0,0,0,0,0,0,0,0,0,0,,103.783,0.000,102.274,0.000,0.000,0.000,120.000,stale-before-decode,0.001,1120,0.000,107.447,4.983,0.095,0.344,0.001,0.000,0.342,1,0,0,1,3,0.063,17.282,13.538,9.576,13.882,1.000,RecoveryDeadline,0,1,0,1.000,0,1,1,1,0.060,0.000,0.060,0,100,0,28319,26574,1713,0,1587
57.299,Custom_loss6_delay0-100_dup0_reorder6_burst0,Loopback,1,1,0,,,0.000,0,21,1141,16.422,16.676,15.073,87.897,97.944,44.121,51.685,33.055,0.063,0.179,26978,1824,24793,22969,4602,2210,546,1789,1308,481,57,0,22970,948,207,0,0,0,0,5.000,0,0,0,0,0,0,0,0,0,0,0,0,0,0,0,0.000,0.000,0.000,,933,933,5746,0,1,26.619,262.876,27.838,263.795,0.000,0.000,871,854,14338,1429,194,0,2828,4000,1142,1,fec-parity,pending,H.264,1,1,19,6,13,1,0,0,0,0,0,0,28787,16,0,0,0,0,0,39.609,557,546,481,471,481,0,59.376,25.010,131.153,2,0,1586,106,1692,0,562,40,0.505,0.495,0.937,1.000,0.066,44.000,1.000,0.000,0.000,insufficient-sample,3,16,0,0,1,12,2828,18257,2,4,0,0,18257,predicted-useful,likely-arrival,4807,0.000,501,1692,0,22,0,0,0,0,0,0,0,499,5258,499,5258,0,0,0,pacing,1,0.758,5.580,113.580,0,0,0,0,0,0,0,0,5280,3269,3888,0,1,9500000,1200000,0,0,0,28762,28762,34833294,1692,2101514,191,237604,0,0,0,0,0,11.011,22.122,8125.750,4800.000,1532,51753,26973,10780,24780,14000,0.286,20.281,6.730,1532,3284112,5208730,3.451,14.071,0.428,16.849,51753,2828,942,18257,2827,1,0,192,192,335,192,0,0,1,0,4,4781,4000,4000,0,0,0,0,0,,disabled,,0,0,0,0,,1,Fixed Quality,Hybrid,85,30,9500,12000,640,360,H.264,480,270,518400,21928,518400,21928,0.042,0.000,,0,0,0.000,1.616,0.000,0.000,0.062,5000,5250,5250,4,4,0,1,9500,0.680,1,11.011,0.000,0,0,3.616,0.000,3732,0,1,0,0.329,0.608,0.063,1,0,0,fixed-pacing-queue-pressure,19,1,1,decoder-sync-observed,0,,0,0,4.999,18.466,0,,0.000,0.000,0.000,0.000,0,0,0,,0,0,0,3.199,0,1143,0.062,0.000,0.000,0.062,0.000,0.042,0.005,1,1,1,1,0,1,1,0,0,0,0,0,1.000,0.000,0.000,20,0,0.000,0,0,0,0.000,0.000,0.000,0.000,0.000,0.000,0.000,1.526,7.354,0,0,0,0,0,0,0,0,0.000,0.000,0.000,0.000,0.000,0.000,0,0.096,16.675,871,933,5746,27.407,263.795,10.698,263.795,29959.567,594,1,H.264,118.865,0,0,262.876,263.795,1.000,213.328,117.940,arrival-gap-jitter-spike,27339.396,0,1,1,1,1,57298.963,357.986,358.719,363.774,363.774,0,0,78,0,0,78,2,pacing-pressure freshness,pacing-queue-pressure,0,0,0,0,0,0,0,0,0,0,,98.561,0.000,100.528,0.000,0.000,0.000,120.000,stale-before-upload,0.001,1141,0.000,102.156,3.885,0.078,1.020,0.745,0.000,0.275,1,0,0,1,3,0.063,16.422,16.676,33.055,15.073,1.000,Loss,0,1,0,0.000,1,1,1,1,0.060,0.000,0.060,0,100,0,28819,27034,1748,0,1613
58.300,Custom_loss6_delay0-100_dup0_reorder6_burst0,Loopback,1,1,0,,,0.000,0,21,1161,16.830,17.347,17.495,99.440,97.895,35.284,51.387,5.478,0.063,0.179,27467,1857,25242,23385,4695,2254,552,1831,1335,496,58,0,23386,965,210,0,0,0,0,5.000,0,0,0,0,0,0,0,0,0,0,0,0,0,0,0,0.000,0.000,0.000,,950,950,5847,0,1,53.043,262.876,53.941,263.795,0.000,0.000,888,871,14603,1461,197,0,2878,4080,1163,1,fec-parity,pending,H.264,1,1,19,0,19,1,0,0,0,0,0,0,29324,0,0,0,0,0,0,0.000,564,552,496,486,496,0,59.458,24.966,131.153,2,0,1614,110,1724,0,577,40,0.505,0.495,0.936,1.000,0.065,45.000,0.333,0.667,0.000,duplicate-guard,3,16,0,0,1,12,2878,18569,2,4,0,0,18569,predicted-useful,likely-arrival,4894,0.316,511,1724,0,22,0,0,0,0,0,0,0,509,5361,509,5361,0,0,0,pacing,1,0.622,5.122,113.122,0,0,0,0,0,0,0,0,5383,3326,3957,1,1,9500000,1200000,0,0,0,29274,29274,35453560,1724,2141322,193,240092,0,0,0,0,0,6.395,22.122,2886.125,1101.450,1559,52683,27460,10981,25223,14242,0.286,31.233,2.109,1559,3563519,6032584,2.529,9.489,0.416,14.762,52683,2878,959,18569,2877,1,0,195,195,340,195,0,0,1,0,4,4868,4080,4080,0,0,0,0,0,,disabled,,0,0,0,0,,1,Fixed Quality,Hybrid,85,30,9500,12000,640,360,H.264,480,270,518400,21926,518400,21926,0.042,0.000,,0,0,0.000,1.745,0.000,0.000,0.081,5000,5250,5250,4,4,0,1,9500,0.680,1,13.340,0.000,0,0,3.127,0.000,3732,0,1,0,0.000,0.333,0.667,1,0,0,fixed-pacing-queue-hard-pressure,19,1,1,decoder-sync-observed,0,,0,0,17.472,18.464,0,,0.000,0.000,0.000,0.000,0,0,0,,0,0,0,2.978,0,1163,0.081,0.000,0.000,0.080,0.000,0.054,0.008,1,1,1,1,0,1,1,0,0,0,0,0,1.000,0.000,0.000,20,0,0.000,0,0,0,0.000,0.000,0.000,0.000,0.000,0.000,0.000,1.624,7.440,0,0,0,0,0,0,0,0,0.000,0.000,0.000,0.000,0.000,0.000,0,0.101,17.347,888,950,5847,53.981,263.795,10.698,263.795,29959.567,594,1,H.264,118.865,0,0,262.876,263.795,1.000,213.328,117.940,arrival-gap-jitter-spike,28340.854,0,1,1,1,1,58300.421,357.986,358.719,363.774,363.774,0,0,78,0,0,78,0,,,0,0,0,0,0,0,0,0,0,0,,93.254,0.000,95.606,0.000,0.000,0.000,120.000,stale-before-upload,0.001,1161,0.000,98.898,3.193,0.089,0.326,0.006,0.000,0.320,1,0,0,1,3,0.063,16.830,17.347,5.478,17.495,1.000,Loss,0,1,0,0.500,2,1,1,1,0.060,0.000,0.060,0,100,0,29332,27528,1774,0,1650
