timeSec,scenarioName,networkRuntimeMode,networkModeSendingEnabled,networkModeReceivingEnabled,networkExperimentActive,networkExperimentScenarioName,networkExperimentAdaptiveMode,networkExperimentRemainingSec,networkExperimentStepIndex,networkExperimentStepCount,frameId,receiveFps,decodeFps,displayFps,currentLatencyMs,averageLatencyMs,currentRttMs,averageRttMs,currentJitterMs,packetLossRate,frameDropRate,receivedPackets,missingPackets,sequenceGapPackets,sequenceGapRecoveredPackets,duplicatePackets,duplicateOriginalPackets,duplicateRetransmitPackets,duplicateLateAfterCompletedPackets,duplicateLateAfterCompletedOriginalPackets,duplicateLateAfterCompletedRetransmitPackets,duplicateLateAfterExpiredPackets,duplicateLateAfterRejectedPackets,reorderedPackets,completedFrames,droppedFrames,deadlineDroppedFrames,outputQueueDroppedFrames,outputQueueDropEvents,outputQueueDropBurstEvents,startupWarmupSec,startupWarmupActive,outputQueueDroppedFramesDelta,outputQueueDropEventsDelta,outputQueueDropBurstEventsDelta,startupOutputQueueDroppedFrames,startupOutputQueueDropEvents,startupOutputQueueDropBurstEvents,steadyOutputQueueDroppedFrames,steadyOutputQueueDropEvents,steadyOutputQueueDropBurstEvents,evaluationOutputQueueDroppedFrames,evaluationOutputQueueDropEvents,evaluationOutputQueueDropBurstEvents,lastOutputQueueDropFrameCount,lastOutputQueueDropQueueSize,lastOutputQueueDropOldestAgeMs,lastOutputQueueDropNewestAgeMs,maxOutputQueueDropOldestAgeMs,lastOutputQueueDropReason,completedQueuePushes,completedQueuePops,completedQueueEmptyPolls,completedQueueSize,maxCompletedQueueSize,completedQueueLastPopAgeMs,completedQueueMaxPopAgeMs,completedQueueLastPushIntervalMs,completedQueueMaxPushIntervalMs,lastOutputQueueDropPopAgeMs,lastOutputQueueDropPushIntervalMs,decodedFrames,displayedFrames,frameRecoveryOutcomeEvents,frameRecoveryCompletedFrames,frameRecoveryExpiredFrames,frameRecoveryRejectedFrames,frameRecoveryNackSentFrames,frameRecoveryFecRecoveredFrames,frameRecoveryLastFrameId,frameRecoveryLastStreamId,frameRecoveryLastEvent,frameRecoveryLastOutcome,frameRecoveryLastCodec,frameRecoveryLastKeyFrame,frameRecoveryLastLargeFrame,frameRecoveryLastChunkCount,frameRecoveryLastReceivedChunks,frameRecoveryLastMissingChunks,frameRecoveryLastFecParityPackets,frameRecoveryLastFecRecoveredChunks,frameRecoveryLastNackCount,frameRecoveryLastPostNackReceivedChunks,frameRecoveryLastNackRequestedChunks,frameRecoveryLastRetransmitReceivedChunks,frameRecoveryLastRetransmitDuplicatePackets,frameRecoveryLastPacketSequence,frameRecoveryLastPacketChunkIndex,frameRecoveryLastRetransmitSequence,frameRecoveryLastRetransmitChunkIndex,frameRecoveryLastEventPacketSequence,frameRecoveryLastEventPacketChunkIndex,frameRecoveryLastEventWasRetransmit,frameRecoveryLastAgeMs,retransmitUsefulChunks,retransmitDuplicatePackets,retransmitLateAfterCompletedPackets,retransmitLateAfterCompletedLargePackets,retransmitLateAfterCompletedSentBeforeCompletePackets,retransmitLateAfterCompletedSentAfterCompletePackets,retransmitLateAfterCompletedAvgSendToCompleteMs,retransmitLateAfterCompletedAvgDelayMs,retransmitLateAfterCompletedMaxDelayMs,retransmitLateAfterExpiredPackets,retransmitLateAfterRejectedPackets,retransmitClassifiedPackets,retransmitNotArrivedPackets,retransmitAccountedPackets,retransmitUnclassifiedPackets,retransmitCompletedFrames,retransmitExpiredFrames,retransmitUsefulnessRatio,retransmitDuplicateRatio,retransmitFinalClassificationRatio,retransmitFinalAccountingRatio,retransmitExpiredAfterUsefulRatio,dynamicNackDeadlineMs,dynamicNackUsefulnessRatio,dynamicNackDuplicateRatio,dynamicNackExpiredAfterRetransmitRatio,dynamicNackDecisionReason,nackSuppressedFrames,nackSuppressedMissingChunks,nackPreflightSuppressedFrames,nackPreflightSuppressedChunks,nackFecGraceSuppressedFrames,nackFecGraceSuppressedChunks,nackPredictedUsefulFrames,nackPredictedUsefulChunks,nackDeferredForLikelyArrivalFrames,nackDeferredForLikelyArrivalChunks,nackSkippedTooLateFrames,nackSkippedTooLateChunks,nackRequestedChunkBudget,nackLastShapingReason,nackLastSuppressionReason,ackCount,lastAckMissingRate,ackRetransmittedFrames,ackRetransmittedChunks,repairCanceledByCompleteAckPackets,repairSkippedByTtlPackets,repairQueuedButCanceledPackets,repairSentAfterCompleteAckPackets,repairSentAfterCompleteAckLargePackets,repairSuppressedByFecLikelyFrames,repairSuppressedByFecLikelyPackets,repairSuppressedByFecLikelyLargeFrames,repairSuppressedByFecLikelyLargePackets,repairBudgetSuppressedFrames,repairBudgetSuppressedPackets,repairBudgetSuppressedLargeFrames,repairBudgetSuppressedLargePackets,repairRaceGuardSuppressedFrames,repairRaceGuardSuppressedPackets,repairRaceGuardSuppressedLargePackets,repairBudgetProfile,repairBudgetProfileSwitches,repairBudgetSmoothedMissingRate,repairBudgetSmoothedPacingQueueDelayMs,repairBudgetSmoothedDeliveryMs,repairFecLikelySuppressedCompletedFrames,repairFecLikelySuppressedCompletedPackets,repairFecLikelySuppressedExpiredFrames,repairFecLikelySuppressedExpiredPackets,repairFecLikelySuppressedPendingFrames,repairFecLikelySuppressedPendingPackets,repairFecLikelySuppressionRescueFrames,repairFecLikelySuppressionRescuePackets,h264KeyTinyMissingCriticalFrames,h264KeyTinyMissingCriticalPackets,h264KeyTinyMissingCriticalSentPackets,h264KeyTinyMissingCriticalSkippedPackets,h264KeyTinyMissingCriticalLastFrameId,h264KeyTinyMissingCriticalLastAckMissingChunks,h264KeyTinyMissingCriticalLastRequestedChunks,h264KeyTinyMissingCriticalLastEvent,h264KeySmallMissingAckFrames,h264KeySmallMissingAckMissingChunks,h264KeySmallMissingAckHistoryMissingFrames,h264KeySmallMissingAckStaleFrameLagFrames,h264KeySmallMissingAckStaleAgeFrames,h264KeySmallMissingAckRetransmitBudgetExhaustedFrames,h264KeySmallMissingAckDynamicBudgetSuppressedFrames,h264KeySmallMissingAckDynamicBudgetSuppressedPackets,h264KeySmallMissingAckSelectedRepairFrames,h264KeySmallMissingAckSelectedRepairPackets,h264KeySmallMissingAckLastFrameId,h264KeySmallMissingAckLastMissingChunks,h264KeySmallMissingAckLastGate,lateRepairSavedPackets,ackStaleDroppedFrames,ackKeyFrameRequests,ackKeyFramePending,pacingEnabled,pacingTargetBitrateBps,pacingRepairTargetBitrateBps,pacingQueuedPackets,pacingHighPriorityQueuedPackets,pacingNormalQueuedPackets,pacingEnqueuedPackets,pacingSentPackets,pacingSentBytes,pacingRepairSentPackets,pacingRepairSentBytes,pacingRepairBorrowedPackets,pacingRepairBorrowedBytes,pacingDroppedPackets,pacingDeadlineDroppedPackets,pacingHighPriorityDeadlineDroppedPackets,pacingNormalDeadlineDroppedPackets,pacingOverflowDroppedPackets,pacingCurrentQueueDelayMs,pacingMaxQueueDelayMs,pacingVideoCreditBytes,pacingRepairCreditBytes,transportFeedbackPackets,transportFeedbackPacketStatuses,transportFeedbackReceivedPackets,transportFeedbackMissingPackets,transportFeedbackSequenceGapPackets,transportFeedbackSequenceGapRecoveredPackets,transportFeedbackLossRate,transportFeedbackArrivalJitterMs,transportFeedbackQueueDelayTrendMs,transportFeedbackLastSequence,estimatedBandwidthBps,deliveryRateBps,bandwidthQueueDelayMs,bandwidthRttTrendMs,bandwidthLossTrend,bandwidthJitterTrendMs,bandwidthFeedbackSamples,deadlineNackSentFrames,deadlineNackRecoveredFrames,deadlineNackMissingChunks,deadlineNackSentH264KeyFrames,deadlineNackSentH264LargeFrames,deadlineNackSentH264DeltaFrames,deadlineNackExpiredDroppedFrames,deadlineNackExpiredAfterNackFrames,deadlineNackExpiredMissingChunks,deadlineNackExpiredH264KeyFrames,deadlineNackExpiredH264KeyMissingChunks,deadlineNackLastExpiredH264KeyMissingChunks,deadlineNackExpiredH264KeyMissingChunks1,deadlineNackExpiredH264KeyMissingChunks2To4,deadlineNackExpiredH264KeyMissingChunks5To8,deadlineNackExpiredH264KeyMissingChunks9To16,deadlineNackExpiredH264KeyMissingChunks17Plus,h264KeySmallMissingDeadlineRescueFrames,h264KeySmallMissingDeadlineRescueMissingChunks,h264KeySmallMissingDeadlineRescueCompletedFrames,h264KeySmallMissingDeadlineRescueRejectedFrames,h264KeySmallMissingDeadlineRescueExpiredFrames,h264KeySmallMissingDeadlineRescueCompletedMissingChunks,h264KeySmallMissingDeadlineRescueExpiredMissingChunks,deadlineNackExpiredH264LargeFrames,deadlineNackExpiredH264DeltaFrames,fecEnabled,adaptiveFecEnabled,fecGroupChunkCount,fecParityPackets,fecRecoveredFrames,fecRecoveredChunks,h264ReassemblerAuRejectedFrames,h264ReassemblerHeaderFailures,h264ReassemblerPayloadSizeMismatches,h264ReassemblerFrameIdMismatches,h264ReassemblerCrcMismatches,h264ReassemblerLastRejectReason,adaptiveFecDecisionReason,adaptiveFecHoldReason,adaptiveFecG8ToG4Recovery,adaptiveFecQualityHoldActive,adaptiveFecQualityHoldCanceled,adaptiveFecEmergencyG2Active,adaptiveFecEarlyOffReason,adaptiveEnabled,adaptiveControlMode,adaptiveCongestionControlMode,targetJpegQuality,targetFps,targetBitrateKbps,adaptiveBandwidthCeilingKbps,targetWidth,targetHeight,actualCodec,actualEncodeWidth,actualEncodeHeight,actualRawFrameBytes,actualEncodedFrameBytes,rawFrameBytes,encodedFrameBytes,compressionRatio,captureFps,cameraCaptureSubtype,cameraCaptureWidth,cameraCaptureHeight,cameraCaptureFormatFps,encodeMs,resizeMs,nv12PrepareMs,h264EncodeMs,h264EncoderRequestedBitrateKbps,h264EncoderTargetBitrateKbps,h264EncoderAppliedBitrateKbps,h264DynamicBitrateUpdateRequests,h264DynamicBitrateUpdateSuccesses,h264DynamicBitrateUpdateFailures,h264EncoderReinitializations,pacingBudgetTargetBitrateKbps,h264VideoBudgetScale,pacingBurstGuardActive,fixedPacingRecentMaxQueueDelayMs,fixedPacingQueueReleaseStableSec,fixedPacingQueueRecovered,fixedPacingQueueReleaseEligible,adaptiveRepairBudgetUtilization,adaptiveRepairBorrowedRatio,adaptiveRepairSentBytesDelta,adaptiveRepairBorrowedBytesDelta,adaptiveRepairBudgetGuardActive,adaptiveRepairVideoBudgetPressure,adaptiveRetransmitUsefulRatio,adaptiveLateRepairWasteRatio,adaptiveRetransmitNotArrivedRatio,adaptiveRetransmitAccountingComplete,adaptiveLateRepairWastePressure,adaptiveRetransmitNotArrivedPressure,adaptiveRepairDecisionReason,h264AuChunkCount,h264AuIsIdr,h264AuIsDecoderSync,h264RequestedKeyFrameConsumedFrames,h264EncoderKeyFrameRequests,h264RecoveryKeyFrameRequests,h264AwaitingSyncKeyFrameRequests,h264PeriodicIdrRequests,h264IdrFrames,h264DecoderSyncFrames,h264ConsecutiveIdrFrames,h264MaxConsecutiveIdrFrames,h264AuProtectionLevel,h264AuDroppedBeforeSend,h264AuDropReason,h264AuDroppedBytes,h264AuDroppedChunks,h264AuPacingQueueDelayMs,h264AuEstimatedSendMs,h264InputGatedByPacing,h264InputGateReason,h264InputGateQueueDelayMs,h264InputGateVideoCreditBytes,h264InputGateFrameBudgetBytes,h264InputGateDurationMs,h264InputGateConsecutiveFrames,h264InputGateSkippedInputFrames,h264InputGateForcedOpen,h264InputGateReleaseReason,fecProtectedH264KeyFrames,fecProtectedH264LargeFrames,h264EncoderDelayFrames,h264EncoderDelayMs,h264EncoderPendingFrames,h264EncodedInputFrameId,h264EncoderCallMs,h264EncoderSampleCreateMs,h264EncoderProcessInputMs,h264EncoderPreInputPollMs,h264EncoderPostInputWaitMs,h264EncoderProcessOutputMs,h264EncoderOutputCopyMs,h264EncoderProcessOutputAttempts,h264EncoderAsyncEventCount,h264EncoderHardware,h264EncoderAsync,h264EncoderNeedInputSignaled,h264EncoderOutputProduced,h264EncoderOutputProducedBeforeInput,h264SubmittedNewInput,h264AsyncSubmittedWithoutOutput,h264AsyncPendingNoOutput,h264AsyncCadenceHoldActive,h264AsyncPendingNoOutputStreak,h264AsyncCadenceScale,h264AsyncCadenceHoldRemainingMs,h264AsyncOutputPollBackoffMs,h264InputCadenceFps,h264NeedInputSubmitWake,h264NeedInputSubmitLeadMs,encodedCameraFrameId,encodedCameraSourceTimestamp100ns,encodedCameraCaptureCompletedTimeUs,encodedCameraFrameAgeMs,encodedCameraReadSampleMs,encodedCameraReadSampleEndToCaptureMs,encodedCameraCaptureToPublishMs,encodedCameraPublishToAcquireMs,encodedCameraAcquireToEncoderInputMs,jpegEncodeMs,packetizeMs,sendFrameIntervalMs,cameraFrameReady,cameraFrameId,cameraSourceTimestamp100ns,cameraReadSampleStartTimeUs,cameraReadSampleEndTimeUs,cameraCaptureCompletedTimeUs,cameraFramePublishedTimeUs,cameraSenderAcquireTimeUs,cameraReadSampleMs,cameraReadSampleEndToCaptureMs,cameraCaptureToPublishMs,cameraPublishToAcquireMs,cameraAcquireToSendMs,cameraFrameAgeMs,cameraFrameCacheUsed,receiveJpegDecodeMs,receiveDecodeWorkerFps,receiveDecodeWorkerFrames,receiveDecodePopSuccesses,receiveDecodePopEmptyPolls,receiveDecodeLoopLastPopGapMs,receiveDecodeLoopMaxPopGapMs,receiveStartupDecodeLoopMaxPopGapMs,receiveSteadyDecodeLoopMaxPopGapMs,receiveSteadyDecodeLoopMaxPopGapAtMs,receiveSteadyDecodeLoopMaxPopGapFrameId,receiveSteadyDecodeLoopMaxPopGapStreamId,receiveSteadyDecodeLoopMaxPopGapCodec,receiveSteadyDecodeLoopMaxPopGapInputFrameAgeMs,receiveSteadyDecodeLoopMaxPopGapDecodedQueueSize,receiveSteadyDecodeLoopMaxPopGapCompletedQueueSize,receiveSteadyDecodeLoopMaxPopGapCompletedQueuePopAgeMs,receiveSteadyDecodeLoopMaxPopGapCompletedQueuePushIntervalMs,receiveSteadyDecodeLoopMaxPopGapArrivalRatio,receiveSteadyDecodeLoopMaxPopGapReceiverJitterMs,receiveSteadyDecodeLoopMaxPopGapReceiverLatencyMs,receiveSteadyDecodeLoopMaxPopGapClass,receiveSteadyDecodeLoopMaxPopGapAgeMs,receiveH264StartupActive,receiveH264StartupDecoderSynced,receiveH264StartupFirstDecoded,receiveH264StartupFirstDisplayed,receiveH264StartupReady,receiveH264StartupElapsedMs,receiveH264StartupDecoderSyncMs,receiveH264StartupFirstDecodedMs,receiveH264StartupFirstDisplayedMs,receiveH264StartupReadyMs,receiveH264StartupQueueFlushFrames,receiveDecodeOverwrittenFrames,receiveDecodeQueueDroppedFrames,receiveDecodeRenderOverwriteFrames,receiveDecodeFailures,receiveFreshnessDroppedFrames,receiveFreshnessDroppedFramesDelta,receiveFreshnessDropClass,receiveFreshnessDropEvidence,receiveLastFreshnessDropAgeMs,receiveMaxFreshnessDropAgeMs,receiveLastFreshnessDropFrameId,receiveLastFreshnessDropStreamId,receiveLastFreshnessDropCodec,receiveH264AuInvalidFrames,receiveH264AuCrcMismatches,receiveH264AuPayloadSizeMismatches,receiveH264AuNalCountMismatches,receiveH264AuNoAnnexBNals,receiveH264AuIdrFlagMismatches,receiveH264AuSpsPpsFlagMismatches,receiveH264AuSyncWithoutIdr,receiveH264AuIdrWithoutSpsPps,receiveH264AuForbiddenZeroBit,receiveH264AuLastInvalidReason,receiveDecodeInputFrameAgeMs,receiveDecodeInputCameraFrameAgeMs,receiveDecodeInputEncoderOutputAgeMs,receiveLatestDecodedFrameAgeMs,receiveLatestDecodedCameraFrameAgeMs,receiveLatestDecodedEncoderOutputAgeMs,receiveFreshnessDropThresholdMs,receiveDecodeLastDropReason,receiveUploadBufferWaitMs,receiveDisplayFrameId,receiveDisplayCameraFrameAgeMs,receiveDisplayEncoderOutputAgeMs,receiveDisplayDecodedFrameAgeMs,textureUploadMs,presentGpuWaitMs,renderFramePacingWaitMs,waitableSwapChainWaitMs,presentMs,presentSyncInterval,lowLatencyPresentMode,waitableSwapChainPacingEnabled,waitableSwapChainAvailable,swapChainBufferCount,adaptiveInputPacketLossRate,adaptiveInputReceiveFps,adaptiveInputDecodeFps,adaptiveInputJitterMs,adaptiveInputDisplayFps,adaptiveQoeScore,adaptiveDegradationCause,adaptiveArrivalGapJitterSpikeActive,adaptiveFecRecoveryWorking,adaptiveFecGuardActive,adaptiveFecRecoveryEfficiency,adaptiveFecParityPacketDelta,adaptiveFecRecoveredFrameDelta,adaptiveFecRecoveredChunkDelta,simEnabled,simLossRate,simDuplicateRate,simReorderRate,simMinDelayMs,simMaxDelayMs,simBurstLossLength,simSubmittedPackets,simSentPackets,simDroppedPackets,simDuplicatedPackets,simReorderedPackets
0.147,Custom_loss6_delay0-100_dup0_reorder6_burst0,Loopback,1,1,0,,,0.000,0,21,0,0.000,0.000,0.000,0.000,0.000,0.000,0.000,0.000,0.000,0.000,0,0,0,0,0,0,0,0,0,0,0,0,0,0,0,0,0,0,0,5.000,1,0,0,0,0,0,0,0,0,0,0,0,0,0,0,0.000,0.000,0.000,,0,0,13,0,0,0.000,0.000,0.000,0.000,0.000,0.000,0,0,0,0,0,0,0,0,0,0,,,,0,0,0,0,0,0,0,0,0,0,0,0,0,0,0,0,0,0,0,0.000,0,0,0,0,0,0,0.000,0.000,0.000,0,0,0,0,0,0,0,0,0.000,0.000,0.000,0.000,0.000,0.000,0.000,0.000,0.000,,0,0,0,0,0,0,0,0,0,0,0,0,0,,,0,0.000,0,0,0,0,0,0,0,0,0,0,0,0,0,0,0,0,0,0,balanced,0,0.000,0.000,0.000,0,0,0,0,0,0,0,0,0,0,0,0,0,0,0,,0,0,0,0,0,0,0,0,0,0,0,0,,0,0,0,0,1,6000000,1200000,0,0,0,0,0,0,0,0,0,0,0,0,0,0,0,0.000,0.000,3750.000,4800.000,0,0,0,0,0,0,0.000,0.000,0.000,0,6000000,0,0.000,0.000,0.000,0.000,0,0,0,0,0,0,0,0,0,0,0,0,0,0,0,0,0,0,0,0,0,0,0,0,0,0,0,1,0,4,0,0,0,0,0,0,0,0,,disabled,,0,0,0,0,,1,Fixed Quality,Hybrid,85,30,9500,12000,640,360,,0,0,0,0,0,0,0.000,0.000,,0,0,0.000,0.000,0.000,0.000,0.000,0,0,0,0,0,0,0,0,1.000,0,0.000,0.000,1,0,0.000,0.000,0,0,0,0,0.000,0.000,0.000,0,0,0,disabled,0,0,0,0,0,0,0,0,0,0,0,0,,0,,0,0,0.000,0.000,0,,0.000,0.000,0.000,0.000,0,0,0,,0,0,0,0.000,0,0,0.000,0.000,0.000,0.000,0.000,0.000,0.000,0,0,0,0,0,0,0,0,0,0,0,0,1.000,0.000,0.000,0,0,0.000,0,0,0,0.000,0.000,0.000,0.000,0.000,0.000,0.000,0.000,0.000,0,0,0,0,0,0,0,0,0.000,0.000,0.000,0.000,0.000,0.000,0,0.000,0.000,0,0,13,0.000,0.000,0.000,0.000,0.000,0,0,,0.000,0,0,0.000,0.000,0.000,0.000,0.000,,-1.000,1,0,0,0,0,146.980,0.000,0.000,0.000,0.000,0,0,0,0,0,0,0,,,0.000,0.000,0,0,,0,0,0,0,0,0,0,0,0,0,,0.000,0.000,0.000,0.000,0.000,0.000,120.000,,0.000,0,0.000,0.000,0.000,0.000,0.000,0.000,0.000,0.000,1,0,0,1,3,0.000,0.000,0.000,0.000,0.000,0.000,None,0,0,0,0.000,0,0,0,1,0.060,0.000,0.060,0,100,0,0,0,0,0,0
1.149,Custom_loss6_delay0-100_dup0_reorder6_burst0,Loopback,1,1,0,,,0.000,0,21,20,21.141,21.087,20.909,100.074,73.751,0.000,0.000,6.989,0.164,0.200,356,70,359,289,47,27,2,18,14,4,0,0,295,16,4,0,0,0,0,5.000,1,0,0,0,0,0,0,0,0,0,0,0,0,0,0,0.000,0.000,0.000,,16,16,102,0,1,167.691,167.691,168.657,168.657,0.000,0.000,15,15,196,20,4,0,37,50,22,1,nack-sent,pending,H.264,0,1,26,9,17,0,0,1,0,17,0,0,396,5,0,0,0,0,0,34.558,7,2,4,0,4,0,35.790,8.280,22.420,0,0,13,2,15,0,5,2,0.778,0.222,0.867,1.000,0.286,29.000,0.000,0.000,0.000,insufficient-sample,10,128,0,0,10,128,37,392,0,0,0,0,392,predicted-useful,fec-grace,73,0.000,6,15,0,0,0,0,0,0,0,0,0,2,40,2,40,0,0,0,jitter-ack-loss,0,0.784,6.326,114.326,0,0,0,0,0,0,0,0,3,6,6,0,4,2,2,sent,11,22,0,1,2,4,0,0,4,9,18,4,stale-frame-lag,40,48,4,0,1,9500000,1200000,21,0,21,456,435,523766,20,23558,1,1252,0,0,0,0,0,7.974,29.949,385.312,4800.000,26,709,350,169,359,190,0.326,21.791,0.000,26,7490239,11114978,0.461,0.000,0.510,20.255,709,36,10,375,12,22,2,4,4,10,2,4,2,0,2,0,0,0,0,0,0,0,0,0,0,2,0,1,0,4,66,50,50,0,0,0,0,0,,disabled,,0,0,0,0,,1,Fixed Quality,Hybrid,85,30,9500,12000,640,360,H.264,480,270,518400,30264,518400,30264,0.058,0.000,,0,0,0.000,2.200,0.000,0.000,0.080,7250,7250,7250,0,0,0,1,9500,1.000,0,13.777,0.000,0,0,0.000,0.000,0,0,0,0,0.467,0.400,0.133,1,0,0,disabled,26,0,0,2,7,2,5,0,6,6,0,4,large-au-observed,0,,0,0,21.779,25.485,0,,0.000,0.000,0.000,0.000,0,0,0,,1,0,0,6.136,0,23,0.079,0.000,0.000,0.079,0.000,0.055,0.007,1,1,1,1,0,1,1,0,0,0,0,0,1.000,0.000,0.000,30,0,0.000,0,0,0,0.000,0.000,0.000,0.000,0.000,0.000,0.000,2.105,10.411,0,0,0,0,0,0,0,0,0.000,0.000,0.000,0.000,0.000,0.000,0,0.110,21.087,15,16,102,168.750,168.750,50.366,168.750,1137.537,20,1,H.264,101.142,0,0,167.691,168.657,0.999,6.989,100.074,arrival-gap,12.160,0,1,1,1,1,1149.697,460.913,484.202,485.202,485.202,0,0,0,0,0,0,0,,,0.000,0.000,0,0,,0,0,0,0,0,0,0,0,0,0,,88.439,0.000,90.658,0.000,0.000,0.000,130.037,,0.001,20,0.000,95.153,3.775,0.087,0.759,0.537,0.000,0.222,1,0,0,1,3,0.164,21.141,21.087,6.989,20.909,0.750,Loss,0,1,0,0.000,1,1,1,1,0.060,0.000,0.060,0,100,0,436,362,30,0,23
2.150,Custom_loss6_delay0-100_dup0_reorder6_burst0,Loopback,1,1,0,,,0.000,0,21,48,23.796,21.806,21.981,111.467,89.924,7.969,7.969,13.045,0.093,0.265,1187,122,1125,1003,169,93,5,45,39,6,26,0,1009,36,13,0,0,0,0,5.000,1,0,0,0,0,0,0,0,0,0,0,0,0,0,0,0.000,0.000,0.000,,35,35,193,0,1,54.105,172.146,55.069,172.665,0.000,0.000,34,34,610,42,12,0,111,174,49,1,fec-recovered,pending,H.264,0,1,24,16,8,4,2,2,3,22,0,0,1236,3,0,0,0,0,0,62.006,11,5,6,2,6,0,49.245,15.694,59.470,0,0,22,3,25,0,10,2,0.688,0.312,0.880,1.000,0.167,29.000,1.000,0.000,0.000,insufficient-sample,37,519,0,0,34,496,111,1327,2,4,1,19,1342,predicted-useful,fec-grace,193,0.500,10,25,0,0,0,0,0,0,0,0,0,6,99,6,99,0,0,0,pacing,1,0.798,8.322,116.322,0,0,0,0,0,0,0,0,3,6,6,0,4,2,2,sent,13,27,0,1,4,4,0,0,4,9,47,2,stale-age,99,141,8,0,1,9500000,1200000,3,0,3,1321,1318,1598738,63,76170,29,36140,0,0,0,0,0,8.039,41.325,780.125,4800.000,72,2309,1184,514,1125,611,0.303,5.329,1.668,72,4273450,6865470,1.376,0.000,0.503,11.393,2309,111,28,1327,24,85,2,12,12,44,2,4,2,0,2,0,0,0,0,0,0,0,0,0,0,10,0,1,0,4,219,174,174,0,0,0,0,0,,disabled,,0,0,0,0,,1,Fixed Quality,Hybrid,85,30,9500,12000,640,360,H.264,480,270,518400,28178,518400,28178,0.054,0.000,,0,0,0.000,2.014,0.000,0.000,0.087,6000,6750,6750,1,1,0,1,9500,0.820,1,12.831,0.000,0,0,0.000,0.000,0,0,0,0,0.440,0.440,0.120,1,0,0,fixed-pacing-queue-hold,24,0,0,4,11,4,7,0,10,10,0,4,large-au-observed,0,,0,0,18.367,23.729,0,,0.000,0.000,0.000,0.000,0,0,0,,2,0,0,5.804,0,51,0.086,0.000,0.000,0.086,0.000,0.054,0.006,1,1,1,1,0,1,1,0,0,0,1,0,0.860,140.007,0.000,24,0,0.000,0,0,0,0.000,0.000,0.000,0.000,0.000,0.000,0.000,1.921,9.825,0,0,0,0,0,0,0,0,0.000,0.000,0.000,0.000,0.000,0.000,0,0.099,21.806,34,35,193,55.483,173.110,50.366,173.110,2075.206,47,1,H.264,111.222,0,0,172.146,172.665,0.997,130.641,110.248,arrival-gap-jitter-spike,75.497,0,1,1,1,1,2150.703,460.913,484.202,485.202,485.202,0,0,0,0,0,0,0,,,0.000,0.000,0,0,,0,0,0,0,0,0,0,0,0,0,,96.336,0.000,98.857,0.000,0.000,0.000,135.733,,0.001,48,0.000,101.926,2.916,0.078,0.648,0.387,0.000,0.260,1,0,0,1,3,0.094,23.796,21.806,13.045,21.981,1.000,Jitter,1,1,0,0.000,0,1,1,1,0.060,0.000,0.060,0,100,0,1320,1195,83,0,69
3.157,Custom_loss6_delay0-100_dup0_reorder6_burst0,Loopback,1,1,0,,,0.000,0,21,73,19.267,16.041,16.017,91.762,94.537,151.574,79.772,16.410,0.077,0.267,1802,150,1675,1525,251,147,10,64,57,7,30,0,1531,55,20,0,0,0,0,5.000,1,0,0,0,0,0,0,0,0,0,0,0,0,0,0,0.000,0.000,0.000,,53,53,281,0,1,34.638,172.146,35.493,172.665,0.000,0.000,52,52,947,62,18,0,176,267,74,1,fec-parity,pending,H.264,0,1,22,17,5,4,3,1,7,15,0,0,1927,21,0,0,0,0,0,44.271,16,10,7,3,7,0,51.064,15.445,59.470,0,0,33,4,37,0,14,2,0.615,0.385,0.892,1.000,0.125,32.000,0.000,0.000,0.000,insufficient-sample,67,795,0,0,54,758,176,1930,12,18,1,19,1944,predicted-useful,fec-grace,300,0.227,14,37,0,0,0,0,0,0,0,0,0,10,146,10,146,0,0,0,pacing,1,0.714,11.171,119.171,0,0,0,0,0,0,0,0,3,6,6,0,4,2,2,sent,15,34,0,1,6,4,0,0,4,9,73,3,stale-age,146,223,12,0,1,9500000,1200000,0,0,0,1959,1959,2388723,103,125674,53,66036,0,0,0,0,0,13.078,41.325,5163.688,4800.000,104,3464,1792,732,1672,940,0.290,19.306,3.711,104,4399825,7075908,3.084,143.605,0.480,21.172,3464,176,46,1930,36,137,3,18,18,56,2,4,2,0,2,0,0,0,0,0,0,0,0,0,0,16,0,1,0,4,332,267,267,0,0,0,0,0,,disabled,,0,0,0,0,,1,Fixed Quality,Hybrid,85,30,9500,12000,640,360,H.264,480,270,518400,26096,518400,26096,0.050,0.000,,0,0,0.000,1.753,0.000,0.000,0.066,7000,6250,6250,2,2,0,1,9500,0.966,1,13.161,0.000,0,0,0.000,0.000,0,0,0,0,0.432,0.459,0.108,1,0,0,fixed-pacing-queue-hold,22,0,0,6,16,6,9,1,14,14,0,4,large-au-observed,0,,0,0,18.661,21.976,0,,0.000,0.000,0.000,0.000,0,0,0,,3,0,0,4.199,0,75,0.066,0.000,0.000,0.065,0.000,0.046,0.005,1,1,1,1,0,1,1,0,0,0,0,0,1.000,0.000,0.000,24,0,0.000,0,0,0,0.000,0.000,0.000,0.000,0.000,0.000,0.000,1.680,8.085,0,0,0,0,0,0,0,0,0.000,0.000,0.000,0.000,0.000,0.000,0,0.095,16.041,52,53,281,35.520,173.110,50.366,173.110,2075.206,47,1,H.264,111.222,0,0,172.146,172.665,0.997,130.641,110.248,arrival-gap-jitter-spike,1081.762,0,1,1,1,1,3156.968,460.913,484.202,485.202,485.202,0,0,0,0,0,0,0,,,0.000,0.000,0,0,,0,0,0,0,0,0,0,0,0,0,,99.010,0.000,101.574,0.000,0.000,0.000,125.881,,0.001,73,0.000,104.682,2.961,0.080,0.853,0.652,0.000,0.202,1,0,0,1,3,0.078,19.267,16.041,16.410,16.017,1.000,RecoveryDeadline,1,1,0,1.500,2,3,3,1,0.060,0.000,0.060,0,100,0,1962,1804,128,0,105
4.157,Custom_loss6_delay0-100_dup0_reorder6_burst0,Loopback,1,1,0,,,0.000,0,21,99,16.937,16.754,16.801,90.134,95.560,34.773,64.772,3.321,0.083,0.273,2489,225,2349,2124,344,203,15,93,84,9,33,0,2130,72,27,0,0,0,0,5.000,1,0,0,0,0,0,0,0,0,0,0,0,0,0,0,0.000,0.000,0.000,,70,70,379,0,1,54.851,172.146,55.723,172.665,0.000,0.000,69,69,1311,81,25,0,243,372,100,1,nack-sent,pending,H.264,1,1,23,18,5,2,1,3,7,26,0,0,2646,5,0,0,0,0,0,68.736,20,15,9,5,9,0,49.990,19.127,59.470,0,0,44,7,51,0,17,2,0.571,0.429,0.863,1.000,0.105,35.000,0.000,0.000,0.000,insufficient-sample,102,1083,0,0,74,1023,243,2556,27,41,1,19,2570,predicted-useful,fec-grace,405,0.217,20,51,0,0,0,0,0,0,0,0,0,16,244,16,244,0,0,0,pacing,1,0.776,6.383,114.383,0,0,0,0,0,0,0,0,3,6,6,0,4,2,2,sent,17,40,0,1,8,4,0,0,4,9,86,2,stale-age,244,303,16,0,1,9500000,1200000,5,0,5,2727,2722,3327309,146,178750,77,95932,0,0,0,0,0,7.393,41.325,1250.375,4800.000,142,4791,2467,1053,2324,1271,0.299,3.415,0.807,142,6769427,10684155,1.416,91.524,0.494,9.452,4791,243,63,2556,51,189,3,25,25,70,2,4,2,0,2,0,0,0,0,0,0,0,0,0,0,23,0,1,0,4,454,372,372,0,0,0,0,0,,disabled,,0,0,0,0,,1,Fixed Quality,Hybrid,85,30,9500,12000,640,360,H.264,480,270,518400,27138,518400,27138,0.052,0.000,,0,0,0.000,2.029,0.000,0.000,0.069,7250,6500,6500,3,3,0,1,9500,1.000,0,11.463,0.000,0,0,0.000,0.000,0,0,0,0,0.392,0.471,0.137,1,0,0,disabled,23,0,0,9,24,9,14,1,19,19,0,4,large-au-observed,0,,0,0,15.188,22.853,0,,0.000,0.000,0.000,0.000,0,0,0,,4,0,0,6.470,0,102,0.069,0.000,0.000,0.068,0.000,0.047,0.006,1,1,1,1,0,1,1,0,0,0,0,0,1.000,0.000,0.000,30,0,0.000,0,0,0,0.000,0.000,0.000,0.000,0.000,0.000,0.000,1.944,10.509,0,0,0,0,0,0,0,0,0.000,0.000,0.000,0.000,0.000,0.000,0,0.094,16.754,69,70,379,55.823,173.110,50.366,173.110,2075.206,47,1,H.264,111.222,0,0,172.146,172.665,0.997,130.641,110.248,arrival-gap-jitter-spike,2082.136,0,1,1,1,1,4157.342,460.913,484.202,485.202,485.202,0,0,0,0,0,0,0,,,0.000,0.000,0,0,,0,0,0,0,0,0,0,0,0,0,,101.117,0.000,103.815,0.000,0.000,0.000,125.067,,0.001,99,0.000,108.352,4.393,0.078,0.780,0.581,0.000,0.199,1,0,0,1,3,0.083,16.937,16.754,3.321,16.801,1.000,RecoveryDeadline,0,1,0,0.000,0,1,1,1,0.060,0.000,0.060,0,100,0,2726,2493,184,0,140
5.157,Custom_loss6_delay0-100_dup0_reorder6_burst0,Loopback,1,1,0,,,0.000,0,21,127,17.038,18.022,18.225,108.670,97.388,48.456,60.693,17.636,0.076,0.291,3254,268,3062,2794,441,259,25,120,108,12,37,0,2800,90,37,0,0,0,0,5.000,0,0,0,0,0,0,0,0,0,0,0,0,0,0,0,0.000,0.000,0.000,,88,88,473,0,1,75.308,172.146,76.328,172.665,0.000,0.000,87,86,1697,102,36,0,320,474,128,1,nack-sent,pending,H.264,1,1,24,15,9,2,1,3,9,42,0,2,3477,9,3499,1,0,0,0,65.054,25,25,12,8,12,0,51.763,21.942,59.470,1,0,63,7,70,0,21,6,0.500,0.500,0.900,1.000,0.222,29.000,0.333,0.667,0.500,retransmit-late,127,1402,0,0,95,1336,320,3442,31,47,1,19,3456,predicted-useful,likely-arrival,521,0.000,27,70,0,0,0,0,0,0,0,0,0,23,356,23,356,0,0,0,pacing,1,0.775,14.991,122.991,0,0,0,0,0,0,0,0,3,6,6,0,4,2,2,sent,18,41,0,2,8,4,0,0,4,9,100,1,stale-frame-lag,356,393,20,0,1,9500000,1200000,0,0,0,3526,3526,4312845,195,239130,102,127080,0,0,0,0,0,15.236,41.325,5334.250,4800.000,184,6292,3242,1371,3050,1679,0.297,22.788,2.322,184,4233264,7032110,2.316,75.956,0.447,11.859,6292,319,81,3433,68,248,3,35,35,95,6,13,3,0,6,0,0,0,0,0,0,0,0,0,0,29,0,1,0,4,589,474,474,0,0,0,0,0,,disabled,,0,0,0,0,,1,Fixed Quality,Hybrid,85,30,9500,12000,640,360,H.264,480,270,518400,0,518400,28178,0.054,0.000,,0,0,0.000,0.008,0.000,0.000,0.003,7250,6750,6750,4,4,0,1,9500,1.000,0,15.236,0.000,0,0,0.000,0.000,0,0,0,0,0.357,0.543,0.100,1,0,0,disabled,0,0,0,13,36,13,20,3,26,26,3,4,async-output-pending,0,,0,0,0.000,0.000,0,,0.000,0.000,0.000,0.000,0,0,0,,5,0,0,0.000,1,0,0.000,0.000,0.000,0.000,0.000,0.000,0.000,0,0,0,0,0,0,0,0,1,1,1,1,0.860,180.000,1.500,26,0,0.000,0,0,0,0.000,0.000,0.000,0.000,0.000,0.000,0.000,0.000,6.881,0,0,0,0,0,0,0,0,0.000,0.000,0.000,0.000,0.000,0.000,0,0.095,18.022,87,88,473,76.779,173.110,50.366,173.110,2075.206,47,1,H.264,111.222,0,0,172.146,172.665,0.997,130.641,110.248,arrival-gap-jitter-spike,3082.245,0,1,1,1,1,5157.451,460.913,484.202,485.202,485.202,0,0,0,0,0,0,0,,,0.000,0.000,0,0,,0,0,0,0,0,0,0,0,0,0,,107.555,0.000,110.417,5.217,0.000,118.410,134.335,,0.000,125,0.000,114.035,4.131,0.082,0.689,0.460,0.000,0.229,1,0,0,1,3,0.076,17.038,18.022,17.636,18.225,1.000,Loss,0,1,0,0.000,1,2,2,1,0.060,0.000,0.060,0,100,0,3531,3263,232,0,190
6.166,Custom_loss6_delay0-100_dup0_reorder6_burst0,Loopback,1,1,0,,,0.000,0,21,154,21.965,19.283,19.086,98.231,98.467,63.026,61.160,14.112,0.073,0.279,4016,315,3762,3447,546,320,31,156,142,14,39,0,3453,111,43,0,0,0,0,5.000,0,0,0,0,0,0,0,0,0,0,0,0,0,0,0,0.000,0.000,0.000,,108,108,568,0,1,58.504,179.009,59.639,180.042,0.000,0.000,107,107,2089,125,42,0,396,588,155,1,nack-sent,pending,H.264,1,1,24,17,7,3,2,3,12,40,1,1,4288,19,4300,1,0,0,0,65.455,33,31,14,10,14,0,54.783,24.673,75.593,2,0,80,10,90,0,25,9,0.516,0.484,0.889,1.000,0.265,19.000,0.000,0.500,0.750,retransmit-late,149,1694,0,0,114,1625,396,4360,34,50,1,19,4374,predicted-useful,fec-grace,644,0.000,35,90,0,0,0,0,0,0,0,0,0,31,486,31,486,0,0,0,pacing,1,0.779,13.264,121.264,0,0,0,0,0,0,0,0,3,6,6,0,4,2,2,sent,19,45,0,2,9,4,0,0,4,9,129,4,stale-age,486,484,24,0,1,9500000,1200000,0,0,0,4326,4326,5293113,245,300756,129,160716,0,0,0,0,0,15.539,41.325,6127.500,4800.000,227,7761,4008,1649,3753,2104,0.291,35.027,0.076,227,3962804,6626625,2.086,63.679,0.504,20.458,7761,395,102,4353,86,306,3,40,40,103,7,14,1,1,6,0,0,0,0,0,0,0,0,0,0,33,0,1,0,4,726,588,588,0,0,0,0,0,,disabled,,0,0,0,0,,1,Fixed Quality,Hybrid,85,30,9500,12000,640,360,H.264,480,270,518400,28178,518400,28178,0.054,0.000,,0,0,0.000,2.768,0.000,0.000,0.163,7250,6750,6750,4,4,0,1,9500,1.000,0,15.539,0.000,0,0,0.000,0.000,0,0,0,0,0.367,0.522,0.111,1,0,0,disabled,24,1,1,17,45,17,25,3,32,32,3,4,decoder-sync-observed,0,,0,0,0.052,23.729,0,,0.000,0.000,0.000,0.000,0,0,0,,6,0,0,12.238,0,156,0.162,0.000,0.000,0.162,0.000,0.093,0.015,1,1,1,1,0,1,1,0,0,0,1,0,0.860,62.644,0.000,26,0,0.000,0,0,0,0.000,0.000,0.000,0.000,0.000,0.000,0.000,2.591,27.905,0,0,0,0,0,0,0,0,0.000,0.000,0.000,0.000,0.000,0.000,0,0.115,19.283,107,108,568,59.698,180.141,50.366,180.141,5686.744,141,1,H.264,105.586,0,0,179.009,180.042,0.999,128.675,104.445,arrival-gap-jitter-spike,479.056,0,1,1,1,1,6165.800,460.913,484.202,485.202,485.202,0,0,0,0,0,0,0,,,0.000,0.000,0,0,,0,0,0,0,0,0,0,0,0,0,,101.953,0.000,104.641,0.000,0.000,0.000,129.115,,0.001,154,0.000,110.263,5.449,0.078,0.560,0.251,0.000,0.309,1,0,0,1,3,0.073,21.965,19.283,14.112,19.086,1.000,Jitter,1,1,0,0.000,0,4,4,1,0.060,0.000,0.060,0,100,0,4332,4028,270,0,233
7.173,Custom_loss6_delay0-100_dup0_reorder6_burst0,Loopback,1,1,0,,,0.000,0,21,182,25.215,23.507,23.502,98.052,98.755,89.162,65.827,27.204,0.069,0.260,4866,361,4547,4186,667,393,44,189,169,20,41,0,4192,134,47,0,0,0,0,5.000,0,0,0,0,0,0,0,0,0,0,0,0,0,0,0,0.000,0.000,0.000,,131,131,660,0,1,65.688,179.009,66.863,180.042,0.000,0.000,130,130,2513,154,46,0,476,711,184,1,fec-parity,pending,H.264,1,1,24,14,10,2,1,2,11,38,0,0,5172,7,0,0,0,0,0,57.274,36,44,20,16,20,0,59.594,22.486,75.593,2,0,102,16,118,0,31,9,0.450,0.550,0.864,1.000,0.225,28.000,0.000,0.000,0.000,insufficient-sample,177,2020,0,0,135,1942,476,5294,41,59,1,19,5308,predicted-useful,fec-grace,777,0.833,45,118,0,1,0,0,0,1,2,1,2,42,662,42,662,0,0,0,pacing,1,0.826,5.831,113.831,0,0,1,2,0,0,0,0,3,6,6,0,4,2,2,sent,22,54,0,2,12,4,0,0,4,9,170,4,stale-age,665,582,28,0,1,9500000,1200000,20,0,20,5254,5233,6404763,303,372332,156,193720,0,0,0,0,0,1.983,41.325,11072.125,1235.700,275,9410,4863,2009,4547,2538,0.292,16.059,2.186,275,5786269,9196924,1.788,56.170,0.504,18.434,9410,476,125,5294,111,362,3,44,44,108,7,14,1,1,6,0,0,0,0,0,0,0,0,0,0,37,0,1,0,4,870,711,711,0,0,0,0,0,,disabled,,0,0,0,0,,1,Fixed Quality,Hybrid,85,30,9500,12000,640,360,H.264,480,270,518400,28178,518400,28178,0.054,0.000,,0,0,0.000,1.415,0.000,0.000,0.070,7250,6750,6750,4,4,0,1,9500,1.000,0,15.932,0.000,0,0,3.488,0.000,3732,0,0,0,0.000,0.333,0.667,1,0,0,disabled,24,0,0,21,54,21,28,5,40,40,0,5,large-au-observed,0,,0,0,17.786,23.729,0,,0.000,0.000,0.000,0.000,0,0,0,,7,0,0,7.123,0,186,0.070,0.000,0.000,0.070,0.000,0.047,0.008,1,1,1,1,0,1,1,0,0,0,0,0,1.000,0.000,0.000,30,0,0.000,0,0,0,0.000,0.000,0.000,0.000,0.000,0.000,0.000,1.337,11.214,0,0,0,0,0,0,0,0,0.000,0.000,0.000,0.000,0.000,0.000,0,0.105,23.507,130,131,660,66.685,180.141,50.366,180.141,5686.744,141,1,H.264,105.586,0,0,179.009,180.042,0.999,128.675,104.445,arrival-gap-jitter-spike,1486.092,0,1,1,1,1,7172.836,460.913,484.202,485.202,485.202,0,0,0,0,0,0,0,,,0.000,0.000,0,0,,0,0,0,0,0,0,0,0,0,0,,101.122,0.000,104.235,0.000,0.000,0.000,129.026,,0.001,182,0.000,109.969,5.562,0.079,0.275,0.001,0.000,0.275,1,0,0,1,3,0.069,25.215,23.507,27.204,23.502,1.000,RecoveryDeadline,1,1,0,2.000,1,2,2,1,0.060,0.000,0.060,0,100,0,5241,4874,313,0,274
8.178,Custom_loss6_delay0-100_dup0_reorder6_burst0,Loopback,1,1,0,,,0.000,0,21,210,26.488,19.341,19.299,104.111,99.694,168.516,80.497,11.379,0.063,0.252,5649,378,5255,4877,772,457,49,218,192,26,48,0,4883,157,53,0,0,0,0,5.000,0,0,0,0,0,0,0,0,0,0,0,0,0,0,0,0.000,0.000,0.000,,154,154,750,0,1,48.137,179.009,49.132,180.042,0.000,0.000,153,152,2928,183,52,0,548,830,213,1,nack-sent,pending,H.264,1,0,3,1,2,1,0,2,0,4,0,0,6024,1,0,0,0,0,0,33.275,41,49,26,22,26,0,61.418,21.676,75.593,2,0,118,13,131,0,34,9,0.456,0.544,0.901,1.000,0.209,42.000,1.000,0.000,0.000,insufficient-sample,217,2361,0,0,157,2255,548,6023,59,87,1,19,6037,predicted-useful,likely-arrival,897,0.667,51,131,0,1,0,0,0,1,2,1,2,47,740,47,740,0,0,0,pacing,1,0.730,5.219,113.219,0,0,1,2,0,0,0,0,4,8,8,0,213,2,2,sent,26,64,0,2,14,5,0,0,5,11,213,2,retransmit-budget-exhausted,743,672,32,0,1,9500000,1200000,0,0,0,6026,6026,7375329,346,424857,182,226112,0,0,0,0,0,0.079,41.325,19647.562,2711.900,318,10898,5644,2276,5254,2978,0.287,23.753,3.290,318,3499605,6704638,2.264,60.807,0.417,13.975,10898,548,148,6023,128,417,3,50,50,118,9,17,2,2,7,0,0,0,0,0,0,0,0,0,0,41,0,1,0,4,1009,830,830,0,0,0,0,0,,disabled,,0,0,0,0,,1,Fixed Quality,Hybrid,85,30,9500,12000,640,360,H.264,480,270,518400,4578,518400,4578,0.009,0.000,,0,0,0.000,0.526,0.000,0.000,0.184,6250,6250,6250,5,5,0,1,9500,0.880,1,0.079,0.000,0,0,0.000,0.000,0,0,0,0,0.313,0.588,0.099,1,0,0,latency-pressure-freshness-hold,4,1,1,25,62,25,32,5,46,46,3,5,decoder-sync-observed,0,,0,0,0.050,3.855,0,,0.000,0.000,0.000,0.000,0,0,0,,8,0,0,6.510,0,214,0.184,0.000,0.000,0.183,0.000,0.153,0.005,1,1,1,1,0,1,1,0,0,0,0,0,1.000,0.000,0.000,27,0,0.000,0,0,0,0.000,0.000,0.000,0.000,0.000,0.000,0.000,0.333,10.561,0,0,0,0,0,0,0,0,0.000,0.000,0.000,0.000,0.000,0.000,0,0.091,19.341,153,154,750,49.396,180.141,50.366,180.141,5686.744,141,1,H.264,105.586,0,0,179.009,180.042,0.999,128.675,104.445,arrival-gap-jitter-spike,2491.388,0,1,1,1,1,8178.132,460.913,484.202,485.202,485.202,0,0,1,0,0,1,1,latency-pressure freshness,latency-over-80ms,133.230,133.230,208,1,decoded,0,0,0,0,0,0,0,0,0,0,,108.262,0.000,111.269,0.000,0.000,0.000,132.055,stale-before-upload,0.000,210,0.000,112.909,3.829,0.075,1.111,0.856,0.000,0.255,1,0,0,1,3,0.063,26.488,19.341,11.379,19.299,1.000,RecoveryDeadline,0,1,0,0.000,0,1,1,1,0.060,0.000,0.060,0,100,0,6034,5660,358,0,338
9.182,Custom_loss6_delay0-100_dup0_reorder6_burst0,Loopback,1,1,0,,,0.000,0,21,238,21.403,22.821,23.062,83.964,99.056,21.172,73.081,16.205,0.065,0.241,6319,436,5896,5460,875,518,54,250,217,33,53,0,5466,180,57,0,0,0,0,5.000,0,0,0,0,0,0,0,0,0,0,0,0,0,0,0,0.000,0.000,0.000,,177,177,842,0,1,29.285,179.009,30.518,180.042,0.000,0.000,176,174,3301,213,56,0,608,940,239,1,nack-sent,pending,H.264,1,1,23,10,13,1,0,2,6,32,0,0,6737,15,0,0,0,0,0,46.426,45,54,33,25,33,0,57.088,25.412,146.028,2,0,134,15,149,0,41,9,0.455,0.545,0.899,1.000,0.180,44.000,0.000,0.000,0.000,insufficient-sample,248,2599,0,0,176,2470,608,6522,71,110,1,19,6536,predicted-useful,fec-grace,1004,0.000,57,149,0,1,0,0,0,2,3,2,3,52,819,52,819,0,0,0,pacing,1,0.817,11.085,119.085,0,0,2,3,0,0,0,0,4,8,8,0,213,2,2,sent,34,82,0,2,19,7,0,0,6,14,238,2,stale-age,823,747,36,0,1,9500000,1200000,4,0,4,6774,6770,8293877,392,481603,210,260688,0,0,0,0,0,6.734,41.325,1228.812,2814.750,356,12196,6312,2564,5884,3320,0.289,29.590,0.000,356,4527225,7343086,1.400,19.177,0.439,18.619,12196,608,171,6522,145,460,3,54,54,129,9,17,2,2,7,0,0,0,0,0,0,0,0,0,0,45,0,1,0,4,1138,940,940,0,0,0,0,0,,disabled,,0,0,0,0,,1,Fixed Quality,Hybrid,85,30,9500,12000,640,360,H.264,480,270,518400,27136,518400,27136,0.052,0.000,,0,0,0.000,3.081,0.000,0.000,0.108,7250,6500,6500,6,6,0,1,9500,1.000,0,9.255,0.000,0,0,0.000,0.000,0,0,0,0,0.302,0.597,0.101,1,0,0,disabled,23,1,1,29,71,29,36,6,52,52,3,5,decoder-sync-observed,0,,0,0,0.013,22.851,0,,0.000,0.000,0.000,0.000,0,0,0,,9,0,0,4.712,0,240,0.107,0.000,0.000,0.107,0.000,0.074,0.009,1,1,1,1,0,1,1,0,0,0,0,0,1.000,0.000,0.000,30,0,0.000,0,0,0,0.000,0.000,0.000,0.000,0.000,0.000,0.000,2.927,10.038,0,0,0,0,0,0,0,0,0.000,0.000,0.000,0.000,0.000,0.000,0,0.105,22.821,176,177,842,30.632,180.141,50.366,180.141,5686.744,141,1,H.264,105.586,0,0,179.009,180.042,0.999,128.675,104.445,arrival-gap-jitter-spike,3495.539,0,1,1,1,1,9182.283,460.913,484.202,485.202,485.202,0,0,1,0,0,1,0,,,133.230,133.230,208,1,decoded,0,0,0,0,0,0,0,0,0,0,,97.621,0.000,100.325,4.189,0.000,92.810,121.982,stale-before-upload,0.001,237,0.000,108.989,5.592,0.085,0.413,0.071,0.000,0.341,1,0,0,1,3,0.064,21.403,22.821,16.205,23.062,1.000,Loss,0,1,0,0.000,0,1,1,1,0.060,0.000,0.060,0,100,0,6779,6332,402,0,379
10.186,Custom_loss6_delay0-100_dup0_reorder6_burst0,Loopback,1,1,0,,,0.000,0,21,265,20.958,18.754,18.800,111.030,99.937,83.209,74.206,24.526,0.065,0.238,7007,491,6550,6059,969,575,61,278,241,37,55,0,6065,202,63,0,0,0,0,5.000,0,0,0,0,0,0,0,0,0,0,0,0,0,0,0,0.000,0.000,0.000,,197,197,936,0,1,71.104,179.009,72.241,180.042,0.000,0.000,195,194,3674,239,60,0,665,1047,267,1,nack-sent,pending,H.264,1,1,21,7,14,2,0,2,4,32,0,0,7473,20,0,0,0,0,0,47.856,53,61,37,29,37,0,61.200,25.302,146.028,2,0,153,15,168,0,48,9,0.465,0.535,0.911,1.000,0.158,45.000,0.000,1.000,0.000,stable,284,2845,0,0,196,2695,665,7057,87,131,1,19,7071,predicted-useful,likely-arrival,1107,0.000,64,168,0,1,0,0,0,2,3,2,3,59,927,59,927,0,0,0,pacing,1,0.807,9.133,117.133,0,0,2,3,0,0,0,0,4,8,8,0,213,2,2,sent,36,86,0,2,21,7,0,0,6,14,266,2,stale-age,931,818,40,0,1,9500000,1200000,0,0,0,7501,7501,9193378,440,540899,235,291364,0,0,0,0,0,7.206,41.325,539.375,3558.000,394,13547,7001,2948,6546,3598,0.296,4.241,1.419,394,4864705,7351439,1.122,27.749,0.485,4.921,13547,665,192,7057,163,498,4,58,58,136,9,17,2,2,7,0,0,0,0,0,0,0,0,0,0,49,0,1,0,4,1266,1047,1047,0,0,0,0,0,,disabled,,0,0,0,0,,1,Fixed Quality,Hybrid,85,30,9500,12000,640,360,H.264,480,270,518400,25054,518400,25054,0.048,0.000,,0,0,0.000,1.929,0.000,0.000,0.170,6000,6000,6000,7,7,0,1,9500,0.820,1,7.206,0.000,0,0,0.000,0.000,0,0,0,0,0.315,0.595,0.089,1,0,0,latency-pressure-freshness-hold,21,1,1,33,79,33,39,7,58,58,3,5,decoder-sync-observed,0,,0,0,0.455,21.098,0,,0.000,0.000,0.000,0.000,0,0,0,,10,0,0,3.305,0,268,0.170,0.000,0.000,0.169,0.000,0.140,0.010,1,1,1,1,0,1,1,0,0,0,0,0,1.000,0.000,0.000,27,0,0.000,0,0,0,0.000,0.000,0.000,0.000,0.000,0.000,0.000,1.749,7.413,0,0,0,0,0,0,0,0,0.000,0.000,0.000,0.000,0.000,0.000,0,0.096,18.754,195,197,936,72.055,180.141,50.366,180.141,5686.744,141,1,H.264,105.586,0,0,179.009,180.042,0.999,128.675,104.445,arrival-gap-jitter-spike,4499.229,0,1,1,1,1,10185.973,460.913,484.202,485.202,485.202,0,0,2,0,0,2,1,latency-pressure freshness,latency-over-80ms,163.211,163.211,254,1,H.264,0,0,0,0,0,0,0,0,0,0,,106.939,0.000,107.085,0.000,0.000,0.000,135.515,stale-before-decode,0.001,265,0.000,111.522,4.336,0.080,0.436,0.152,0.000,0.284,1,0,0,1,3,0.065,20.958,18.754,24.526,18.800,1.000,Loss,0,1,0,0.000,4,2,2,1,0.060,0.000,0.060,0,100,0,7511,7023,450,0,413
11.191,Custom_loss6_delay0-100_dup0_reorder6_burst0,Loopback,1,1,0,,,0.000,0,21,291,17.191,15.817,15.995,93.816,100.002,83.209,74.206,16.197,0.067,0.243,7665,549,7177,6628,1050,622,67,306,263,43,55,0,6634,221,71,0,0,0,0,5.000,0,0,0,0,0,0,0,0,0,0,0,0,0,0,0,0.000,0.000,0.000,,215,215,1027,0,1,29.815,179.009,30.701,180.042,0.000,0.000,213,212,4000,264,67,0,727,1129,294,1,fec-parity,pending,H.264,1,1,22,3,19,1,0,0,0,0,0,0,8195,8,0,0,0,0,0,6.842,59,67,43,35,43,0,62.394,24.454,146.028,2,0,171,18,189,0,57,10,0.468,0.532,0.905,1.000,0.149,44.000,1.000,0.000,1.000,insufficient-sample,317,3050,0,0,215,2877,727,7538,101,154,1,19,7551,predicted-useful,likely-arrival,1211,0.545,73,189,0,1,0,0,0,2,3,2,3,68,1047,68,1047,0,0,0,pacing,1,0.752,11.653,119.653,0,0,2,3,0,0,0,0,4,8,8,0,213,2,2,sent,38,92,0,2,23,7,0,0,6,14,292,3,stale-age,1051,894,44,0,1,9500000,1200000,0,0,0,8204,8204,10064968,487,599261,257,318772,0,0,0,0,0,9.761,41.325,1229.500,4078.950,429,14806,7655,3204,7151,3947,0.295,17.489,0.506,429,3712447,6349174,1.988,27.749,0.462,14.854,14806,727,211,7538,181,542,4,65,65,146,10,18,1,3,7,0,0,0,0,0,0,0,0,0,0,55,0,1,0,4,1371,1129,1129,0,0,0,0,0,,disabled,,0,0,0,0,,1,Fixed Quality,Hybrid,85,30,9500,12000,640,360,H.264,480,270,518400,26096,518400,26096,0.050,0.000,,0,0,0.000,1.756,0.000,0.000,0.079,6750,6250,6250,8,8,0,1,9500,0.950,1,9.761,0.000,0,0,0.000,0.000,0,0,0,0,0.312,0.593,0.095,1,0,0,fixed-pacing-queue-hold,22,1,1,37,87,37,43,7,64,64,3,5,decoder-sync-observed,0,,0,0,0.123,21.976,0,,0.000,0.000,0.000,0.000,0,0,0,,11,0,0,6.071,0,294,0.079,0.000,0.000,0.078,0.000,0.056,0.007,1,1,1,1,0,1,1,0,0,0,0,0,1.000,0.000,0.000,24,0,0.000,0,0,0,0.000,0.000,0.000,0.000,0.000,0.000,0.000,1.670,10.158,0,0,0,0,0,0,0,0,0.000,0.000,0.000,0.000,0.000,0.000,0,0.093,15.817,213,215,1027,30.807,180.141,50.366,180.141,5686.744,141,1,H.264,105.586,0,0,179.009,180.042,0.999,128.675,104.445,arrival-gap-jitter-spike,5504.942,0,1,1,1,1,11191.686,460.913,484.202,485.202,485.202,0,0,2,0,0,2,0,,,163.211,163.211,254,1,H.264,0,0,0,0,0,0,0,0,0,0,,101.217,0.000,103.653,0.000,0.000,0.000,126.908,stale-before-decode,0.001,291,0.000,107.030,3.280,0.075,1.032,0.734,0.000,0.298,1,0,0,1,3,0.067,17.191,15.817,16.197,15.995,1.000,Loss,0,1,0,0.000,0,1,1,1,0.060,0.000,0.060,0,100,0,8215,7686,492,0,451
12.199,Custom_loss6_delay0-100_dup0_reorder6_burst0,Loopback,1,1,0,,,0.000,0,21,319,25.511,23.680,23.981,98.091,100.071,25.913,69.377,30.193,0.066,0.241,8416,598,7873,7275,1152,687,77,329,282,47,59,0,7281,243,77,0,0,0,0,5.000,0,0,0,0,0,0,0,0,0,0,0,0,0,0,0,0.000,0.000,0.000,,237,237,1121,0,1,27.556,221.899,28.783,222.820,0.000,0.000,235,234,4392,290,73,0,794,1233,320,1,fec-recovered,pending,H.264,1,1,23,20,3,4,3,3,12,43,0,0,8936,6,0,0,0,0,0,74.183,65,77,47,39,47,0,62.692,24.072,146.028,2,0,191,18,209,0,62,10,0.458,0.542,0.914,1.000,0.139,44.000,0.000,1.000,0.000,insufficient-sample,353,3303,0,0,236,3108,794,8090,116,176,1,19,8103,predicted-useful,likely-arrival,1326,0.478,81,209,0,1,0,0,0,4,5,4,5,76,1162,76,1162,0,0,0,pacing,1,0.784,9.760,117.760,0,0,4,5,0,0,0,0,4,8,8,0,213,2,2,sent,43,109,0,2,28,7,0,0,6,14,307,2,stale-age,1168,976,48,0,1,9500000,1200000,0,0,0,9011,9011,11061470,535,658717,282,349616,0,0,0,0,0,11.262,41.325,2451.625,3576.000,470,16231,8392,3552,7839,4287,0.297,30.904,5.026,470,4852334,8158117,2.959,10.740,0.470,19.593,16231,794,233,8090,201,589,4,71,71,159,10,18,1,3,7,0,0,0,0,0,0,0,0,0,0,61,0,1,0,4,1508,1233,1233,0,0,0,0,0,,disabled,,0,0,0,0,,1,Fixed Quality,Hybrid,85,30,9500,12000,640,360,H.264,480,270,518400,27136,518400,27136,0.052,0.000,,0,0,0.000,2.430,0.000,0.000,0.105,7250,6500,6500,9,9,0,1,9500,1.000,0,12.051,0.000,0,0,0.000,0.000,0,0,0,0,0.311,0.603,0.086,1,0,0,disabled,23,1,1,41,97,41,47,9,71,71,3,5,decoder-sync-observed,0,,0,0,0.142,22.851,0,,0.000,0.000,0.000,0.000,0,0,0,,12,0,0,9.113,0,322,0.104,0.000,0.000,0.104,0.000,0.077,0.007,1,1,1,1,0,1,1,0,0,0,0,0,1.000,0.000,0.000,30,0,0.000,0,0,0,0.000,0.000,0.000,0.000,0.000,0.000,0.000,2.316,15.326,0,0,0,0,0,0,0,0,0.000,0.000,0.000,0.000,0.000,0.000,0,0.118,23.680,235,237,1121,29.019,222.907,50.366,222.907,11519.346,300,1,H.264,100.692,0,0,221.899,222.820,1.000,164.649,99.674,arrival-gap-jitter-spike,679.762,0,1,1,1,1,12199.108,460.913,484.202,485.202,485.202,0,0,2,0,0,2,0,,,163.211,163.211,254,1,H.264,0,0,0,0,0,0,0,0,0,0,,102.658,0.000,105.397,0.000,0.000,0.000,129.046,stale-before-decode,0.001,319,0.000,111.686,6.166,0.096,0.406,0.034,0.000,0.372,1,0,0,1,3,0.066,25.511,23.680,30.193,23.981,1.000,RecoveryDeadline,1,1,0,0.250,4,1,1,1,0.060,0.000,0.060,0,100,0,9023,8430,540,0,491
13.201,Custom_loss6_delay0-100_dup0_reorder6_burst0,Loopback,1,1,0,,,0.000,0,21,346,19.755,16.051,17.655,110.626,100.091,38.881,66.605,2.901,0.066,0.242,9142,646,8566,7920,1237,737,80,359,304,55,61,0,7926,263,84,0,0,0,0,5.000,0,0,0,0,0,0,0,0,0,0,0,0,0,0,0,0.000,0.000,0.000,,256,256,1212,0,1,46.627,221.899,47.720,222.820,0.000,0.000,254,253,4750,318,79,0,850,1338,347,1,fec-recovered,pending,H.264,0,1,23,23,0,6,5,2,8,13,0,0,9703,3,0,0,0,0,0,90.455,69,80,55,47,55,0,62.917,24.655,146.028,2,0,206,15,221,0,67,11,0.463,0.537,0.932,1.000,0.141,39.000,0.000,1.000,0.333,retransmit-late,389,3536,0,0,257,3315,850,8570,131,202,1,19,8583,predicted-useful,likely-arrival,1424,0.043,85,221,0,1,0,0,0,4,5,4,5,80,1221,80,1221,0,0,0,pacing,1,0.771,10.791,118.791,0,0,4,5,0,0,0,0,4,8,8,0,213,2,2,sent,44,111,0,2,29,7,0,0,6,14,335,2,stale-age,1227,1050,52,0,1,9500000,1200000,0,0,0,9779,9779,12005996,576,709305,307,380756,0,0,0,0,0,13.528,41.325,3668.188,3689.250,512,17704,9138,3916,8566,4650,0.300,12.606,2.057,512,5788703,8776288,1.587,11.185,0.492,8.537,17704,850,253,8570,217,629,4,77,77,169,11,20,2,3,8,0,0,0,0,0,0,0,0,0,0,66,0,1,0,4,1628,1338,1338,0,0,0,0,0,,disabled,,0,0,0,0,,1,Fixed Quality,Hybrid,85,30,9500,12000,640,360,H.264,480,270,518400,28178,518400,28178,0.054,0.000,,0,0,0.000,2.140,0.000,0.000,0.071,7250,6750,6750,10,10,0,1,9500,1.000,0,13.528,0.000,0,0,0.000,0.000,0,0,0,0,1.000,0.000,0.000,1,0,0,disabled,24,1,1,45,105,45,51,9,76,76,2,5,decoder-sync-observed,0,,0,0,0.151,23.729,0,,0.000,0.000,0.000,0.000,0,0,0,,13,0,0,6.823,0,349,0.071,0.000,0.000,0.071,0.000,0.048,0.006,1,1,1,1,0,1,1,0,0,0,1,0,0.860,37.912,0.000,26,0,0.000,0,0,0,0.000,0.000,0.000,0.000,0.000,0.000,0.000,2.036,36.216,0,0,0,0,0,0,0,0,0.000,0.000,0.000,0.000,0.000,0.000,0,0.096,16.051,254,256,1212,47.700,222.907,50.366,222.907,11519.346,300,1,H.264,100.692,0,0,221.899,222.820,1.000,164.649,99.674,arrival-gap-jitter-spike,1681.423,0,1,1,1,1,13200.769,460.913,484.202,485.202,485.202,0,0,2,0,0,2,0,,,163.211,163.211,254,1,H.264,0,0,0,0,0,0,0,0,0,0,,100.628,0.000,103.562,0.000,0.000,0.000,135.313,stale-before-decode,0.001,346,0.000,108.823,5.157,0.088,0.284,0.001,0.000,0.284,1,0,0,1,3,0.066,19.755,16.051,2.901,17.655,1.000,RecoveryDeadline,0,1,0,0.333,3,1,1,1,0.060,0.000,0.060,0,100,0,9792,9158,597,0,538
14.206,Custom_loss6_delay0-100_dup0_reorder6_burst0,Loopback,1,1,0,,,0.000,0,21,376,18.073,19.152,17.767,95.476,100.560,97.288,69.162,18.586,0.066,0.251,9976,701,9352,8651,1356,811,89,387,328,59,69,0,8657,284,95,0,0,0,0,5.000,0,0,0,0,0,0,0,0,0,0,0,0,0,0,0,0.000,0.000,0.000,,275,275,1304,0,1,35.676,221.899,36.745,222.820,0.000,0.000,273,271,5164,343,88,0,924,1450,378,1,fec-parity,pending,H.264,1,1,24,2,22,1,0,0,0,0,0,0,10663,11,0,0,0,0,0,10.622,76,89,59,51,59,0,63.468,25.568,146.028,2,0,226,17,243,0,74,12,0.461,0.539,0.930,1.000,0.140,40.000,0.000,1.000,0.500,retransmit-late,431,3844,0,0,279,3596,924,9256,151,229,1,19,9268,predicted-useful,fec-grace,1547,0.000,93,243,0,1,0,0,0,4,5,4,5,88,1351,88,1351,0,0,0,pacing,1,0.823,6.439,114.439,0,0,4,5,0,0,0,0,4,8,8,0,213,2,2,sent,47,119,0,3,31,7,0,0,6,14,363,4,stale-frame-lag,1357,1142,56,0,1,9500000,1200000,0,0,0,10671,10671,13098986,628,773419,333,413148,0,0,0,0,0,21.837,41.325,1961.375,2513.400,556,19298,9962,4243,9336,5093,0.299,35.180,0.616,556,5238323,8600614,0.852,20.630,0.478,16.528,19298,924,274,9256,237,683,4,86,86,184,12,23,3,3,9,0,0,0,0,0,0,0,0,0,0,74,0,1,0,4,1764,1450,1450,0,0,0,0,0,,disabled,,0,0,0,0,,1,Fixed Quality,Hybrid,85,30,9500,12000,640,360,H.264,480,270,518400,0,518400,28176,0.054,0.000,,0,0,0.000,4.646,0.000,4.018,0.588,7250,6750,6750,10,10,0,1,9500,1.000,0,21.837,0.000,0,0,0.000,0.000,0,0,0,0,0.313,0.617,0.070,1,0,0,disabled,0,0,0,49,113,49,53,11,83,83,2,5,async-output-pending,0,,0,0,0.000,0.000,0,,21.834,3176.562,39583.333,0.000,0,0,0,,14,0,0,0.000,1,0,0.579,0.147,0.430,0.000,0.000,0.000,0.000,0,0,1,1,1,0,0,1,1,0,0,0,1.000,0.000,0.000,30,0,0.000,0,0,0,0.000,0.000,0.000,0.000,0.000,0.000,0.000,0.000,24.307,0,0,0,0,0,0,0,0,0.000,0.000,0.000,0.000,0.000,0.000,0,0.091,19.152,273,275,1304,36.811,222.907,50.366,222.907,11519.346,300,1,H.264,100.692,0,0,221.899,222.820,1.000,164.649,99.674,arrival-gap-jitter-spike,2686.618,0,1,1,1,1,14205.964,460.913,484.202,485.202,485.202,0,0,2,0,0,2,0,,,163.211,163.211,254,1,H.264,0,0,0,0,0,0,0,0,0,0,,100.087,0.000,102.845,3.572,0.000,102.953,127.738,stale-before-decode,0.001,375,0.000,108.563,4.732,0.097,0.749,0.531,0.000,0.218,1,0,0,1,3,0.066,18.073,19.152,18.586,17.767,1.000,RecoveryDeadline,0,1,0,1.000,1,1,1,1,0.060,0.000,0.060,0,100,0,10685,9991,648,0,586
15.215,Custom_loss6_delay0-100_dup0_reorder6_burst0,Loopback,1,1,0,,,0.000,0,21,403,24.064,20.347,19.240,91.106,100.729,12.423,64.797,9.961,0.064,0.254,10775,732,10080,9348,1455,877,94,411,347,64,73,0,9354,303,103,0,0,0,0,5.000,0,0,0,0,0,0,0,0,0,0,0,0,0,0,0,0.000,0.000,0.000,,294,294,1395,0,1,50.219,221.899,51.517,222.820,0.000,0.000,292,291,5565,367,96,0,990,1566,404,1,fec-recovered,pending,H.264,0,1,24,24,0,6,5,1,8,12,0,0,11451,3,0,0,0,0,0,93.523,79,94,64,56,64,0,63.192,25.180,146.028,2,0,239,16,255,0,76,13,0.457,0.543,0.937,1.000,0.146,40.000,0.000,1.000,0.500,retransmit-late,467,4171,0,0,301,3900,990,9916,165,252,1,19,9928,deferred-likely-arrival,likely-arrival,1657,0.625,97,255,0,1,0,0,0,4,5,4,5,92,1414,92,1414,0,0,0,pacing,1,0.798,10.599,118.599,0,0,4,5,0,0,0,0,4,8,8,0,213,2,2,sent,49,127,0,3,33,7,0,0,6,14,392,4,stale-age,1420,1228,60,0,1,9500000,1200000,10,0,10,11523,11513,14130926,670,825093,358,444296,0,0,0,0,0,1.186,41.325,219.000,4800.000,599,20842,10764,4574,10078,5504,0.298,38.541,0.000,599,7472627,10496738,0.588,-0.469,0.440,17.668,20842,990,293,9916,254,732,4,94,94,202,13,25,2,3,10,0,0,0,0,0,0,0,0,0,0,81,0,1,0,4,1907,1566,1566,0,0,0,0,0,,disabled,,0,0,0,0,,1,Fixed Quality,Hybrid,85,30,9500,12000,640,360,H.264,480,270,518400,28178,518400,28178,0.054,0.000,,0,0,0.000,2.764,0.000,0.000,0.099,7250,6750,6750,10,10,0,1,9500,1.000,0,9.563,0.000,0,0,0.000,0.000,0,0,0,0,0.310,0.627,0.063,1,0,0,disabled,24,1,1,53,120,53,56,11,88,88,1,5,decoder-sync-observed,0,,0,0,12.146,23.729,0,,0.000,0.000,0.000,0.000,0,0,0,,15,0,0,13.639,0,407,0.099,0.000,0.000,0.099,0.000,0.066,0.011,1,1,1,1,0,1,1,0,0,0,0,0,1.000,0.000,0.000,30,0,0.000,0,0,0,0.000,0.000,0.000,0.000,0.000,0.000,0.000,2.620,20.834,0,0,0,0,0,0,0,0,0.000,0.000,0.000,0.000,0.000,0.000,0,0.115,20.347,292,294,1395,51.793,222.907,50.366,222.907,11519.346,300,1,H.264,100.692,0,0,221.899,222.820,1.000,164.649,99.674,arrival-gap-jitter-spike,3696.255,0,1,1,1,1,15215.601,460.913,484.202,485.202,485.202,0,0,2,0,0,2,0,,,163.211,163.211,254,1,H.264,0,0,0,0,0,0,0,0,0,0,,101.765,0.000,104.559,0.000,0.000,0.000,125.553,stale-before-decode,0.001,403,0.000,111.294,6.612,0.102,0.439,0.016,0.000,0.423,1,0,0,1,3,0.064,24.064,20.347,9.961,19.240,1.000,RecoveryDeadline,0,1,0,1.000,3,3,3,1,0.060,0.000,0.060,0,100,0,11528,10798,701,0,632
16.220,Custom_loss6_delay0-100_dup0_reorder6_burst0,Loopback,1,1,0,,,0.000,0,21,432,20.147,20.386,17.800,96.664,100.916,4.404,60.483,22.222,0.065,0.251,11508,802,10789,9987,1546,934,102,434,369,65,76,0,9993,326,109,0,0,0,0,5.000,0,0,0,0,0,0,0,0,0,0,0,0,0,0,0,0.000,0.000,0.000,,316,316,1492,0,1,26.478,221.899,27.413,222.820,0.000,0.000,313,312,5940,391,101,0,1055,1669,433,1,nack-sent,pending,H.264,0,1,22,12,10,2,1,1,0,10,0,0,12261,13,0,0,0,0,0,49.486,83,102,65,57,65,0,63.374,26.543,146.028,2,0,252,19,271,0,78,14,0.449,0.551,0.930,1.000,0.152,39.000,0.000,1.000,0.500,retransmit-late,504,4479,0,0,322,4183,1055,10525,181,277,1,19,10535,predicted-useful,fec-grace,1771,0.409,103,271,0,1,0,0,0,4,5,4,5,98,1511,98,1511,0,0,0,pacing,1,0.789,6.525,114.525,0,0,4,5,0,0,0,0,4,8,8,0,213,2,2,sent,49,127,0,3,33,7,0,0,6,14,392,4,stale-age,1517,1307,64,1,1,9500000,1200000,10,0,10,12316,12306,15103474,716,881743,383,475444,0,0,0,0,0,0.811,41.325,1210.000,4800.000,640,22295,11506,4980,10789,5809,0.302,17.289,0.879,640,5885743,8414367,1.329,-8.019,0.486,17.348,22295,1055,315,10525,269,780,6,99,99,213,14,27,2,3,11,0,0,0,0,0,0,0,0,0,0,85,0,1,0,4,2036,1669,1669,0,0,0,0,0,,disabled,,0,0,0,0,,1,Fixed Quality,Hybrid,85,30,9500,12000,640,360,H.264,480,270,518400,26096,518400,26096,0.050,0.000,,0,0,0.000,1.754,0.000,0.000,0.065,6000,6250,6250,11,11,0,1,9500,0.820,1,14.420,0.000,0,0,0.000,0.000,0,0,0,0,0.306,0.624,0.070,1,0,0,latency-pressure-freshness-hold,22,1,1,56,127,56,59,12,93,93,1,5,decoder-sync-observed,0,,0,0,17.794,21.976,0,,0.000,0.000,0.000,0.000,0,0,0,,16,0,0,3.684,0,435,0.065,0.000,0.000,0.064,0.000,0.043,0.007,1,1,1,1,0,1,1,0,0,0,0,0,1.000,0.000,0.000,27,0,0.000,0,0,0,0.000,0.000,0.000,0.000,0.000,0.000,0.000,1.660,8.179,0,0,0,0,0,0,0,0,0.000,0.000,0.000,0.000,0.000,0.000,0,0.105,20.386,313,316,1492,27.459,222.907,50.366,222.907,11519.346,300,1,H.264,100.692,0,0,221.899,222.820,1.000,164.649,99.674,arrival-gap-jitter-spike,4700.927,0,1,1,1,1,16220.273,460.913,484.202,485.202,485.202,0,0,3,0,0,3,1,latency-pressure freshness,latency-over-80ms,169.348,169.348,422,1,H.264,0,0,0,0,0,0,0,0,0,0,,100.331,0.000,100.053,0.000,0.000,0.000,128.332,stale-before-decode,0.001,432,0.000,105.027,4.863,0.083,0.668,0.392,0.000,0.276,1,0,0,1,3,0.065,20.147,20.386,22.222,17.800,1.000,RecoveryDeadline,0,1,0,0.000,1,2,2,1,0.060,0.000,0.060,0,100,0,12322,11527,756,0,669
17.227,Custom_loss6_delay0-100_dup0_reorder6_burst0,Loopback,1,1,0,,,0.000,0,21,458,19.575,20.584,18.914,90.217,100.812,20.744,57.834,21.642,0.065,0.249,12217,847,11443,10596,1644,989,108,467,399,68,80,0,10602,346,115,0,0,0,0,5.000,0,0,0,0,0,0,0,0,0,0,0,0,0,0,0,0.000,0.000,0.000,,336,336,1580,0,1,28.484,221.899,29.445,222.820,0.000,0.000,333,332,6332,414,107,0,1125,1782,459,1,nack-sent,pending,H.264,0,1,22,17,5,5,2,3,4,21,0,0,13009,17,0,0,0,0,0,89.447,87,108,68,60,68,0,63.610,25.896,146.028,2,0,265,21,286,0,80,14,0.446,0.554,0.927,1.000,0.149,41.000,0.286,0.714,0.000,duplicate-guard,539,4742,0,0,342,4426,1125,11135,196,297,1,19,11144,predicted-useful,fec-grace,1885,0.500,108,286,0,1,0,0,0,4,5,4,5,103,1574,103,1574,0,0,0,pacing,1,0.712,10.672,118.672,0,0,4,5,0,0,0,0,4,8,8,0,213,2,2,sent,50,129,0,3,34,7,0,0,6,14,437,2,stale-age,1580,1393,67,1,1,9500000,1200000,1,0,1,13059,13058,16032028,759,934979,406,504096,0,0,0,0,0,7.799,41.325,382.000,4800.000,679,23656,12213,5289,11443,6154,0.302,9.940,4.915,679,3832331,6872900,1.943,16.340,0.502,10.820,23656,1125,335,11135,287,832,6,105,105,222,14,27,2,3,11,0,0,0,0,0,0,0,0,0,0,91,0,1,0,4,2171,1782,1782,0,0,0,0,0,,disabled,,0,0,0,0,,1,Fixed Quality,Hybrid,85,30,9500,12000,640,360,H.264,480,270,518400,26096,518400,26096,0.050,0.000,,0,0,0.000,2.138,0.000,0.000,0.073,6750,6250,6250,11,11,0,1,9500,0.936,1,8.682,0.000,0,0,0.000,0.000,0,0,0,0,0.304,0.622,0.073,1,0,0,fixed-pacing-queue-hold,22,0,0,59,133,59,62,12,98,98,0,5,large-au-observed,0,,0,0,15.839,21.976,0,,0.000,0.000,0.000,0.000,0,0,0,,17,0,0,5.684,0,461,0.072,0.000,0.000,0.072,0.000,0.048,0.009,1,1,1,1,0,1,1,0,0,0,0,0,1.000,0.000,0.000,24,0,0.000,0,0,0,0.000,0.000,0.000,0.000,0.000,0.000,0.000,2.055,10.254,0,0,0,0,0,0,0,0,0.000,0.000,0.000,0.000,0.000,0.000,0,0.089,20.584,333,336,1580,29.426,222.907,50.366,222.907,11519.346,300,1,H.264,100.692,0,0,221.899,222.820,1.000,164.649,99.674,arrival-gap-jitter-spike,5707.707,0,1,1,1,1,17227.053,460.913,484.202,485.202,485.202,0,0,3,0,0,3,0,,,169.348,169.348,422,1,H.264,0,0,0,0,0,0,0,0,0,0,,98.163,0.000,100.944,0.000,0.000,0.000,125.108,stale-before-decode,0.001,458,0.000,104.840,3.796,0.073,0.687,0.468,0.000,0.219,1,0,0,1,3,0.065,19.575,20.584,21.642,18.914,1.000,RecoveryDeadline,0,1,0,0.000,0,1,1,1,0.060,0.000,0.060,0,100,0,13075,12242,798,0,714
18.228,Custom_loss6_delay0-100_dup0_reorder6_burst0,Loopback,1,1,0,,,0.000,0,21,484,16.344,23.242,17.027,93.895,100.793,98.486,60.375,22.964,0.065,0.247,12923,896,12115,11219,1745,1028,115,518,442,76,84,0,11225,366,120,0,0,0,0,5.000,0,0,0,0,0,0,0,0,0,0,0,0,0,0,0,0.000,0.000,0.000,,356,356,1676,0,1,36.782,221.899,38.221,222.820,0.000,0.000,353,352,6695,442,112,0,1187,1886,487,1,fec-parity,pending,H.264,0,1,23,5,18,2,0,0,0,0,0,0,13802,10,0,0,0,0,0,29.164,91,115,76,68,76,0,64.974,25.503,146.028,2,0,284,23,307,0,82,15,0.442,0.558,0.925,1.000,0.155,39.000,0.200,0.800,0.000,duplicate-guard,564,4990,0,0,360,4663,1187,11804,203,308,1,19,11813,predicted-useful,fec-grace,1989,0.435,118,307,0,2,0,0,0,5,7,5,7,113,1740,113,1740,0,0,0,pacing,1,0.841,12.530,120.530,0,0,5,7,0,0,0,0,4,8,8,0,213,2,2,sent,52,137,0,3,36,7,0,0,6,14,481,4,stale-age,1749,1464,70,0,1,9500000,1200000,0,0,0,13803,13803,16949002,809,996765,431,534774,0,0,0,0,0,20.181,41.325,10549.000,4800.000,719,25036,12921,5605,12115,6510,0.303,17.168,0.087,719,5891723,9238711,1.041,28.620,0.474,13.388,25036,1187,355,11804,308,873,6,110,110,231,16,29,1,5,11,0,0,0,0,0,0,0,0,0,0,94,0,1,0,4,2299,1886,1886,0,0,0,0,0,,disabled,,0,0,0,0,,1,Fixed Quality,Hybrid,85,30,9500,12000,640,360,H.264,480,270,518400,0,518400,27136,0.052,0.000,,0,0,0.000,7.602,0.000,6.636,0.846,7250,6500,6500,12,12,0,1,9500,1.000,0,20.181,0.000,0,0,0.000,0.000,0,0,0,0,0.296,0.629,0.075,1,0,0,disabled,0,0,0,63,144,63,67,14,105,105,0,5,async-output-pending,0,,0,0,0.000,0.000,0,,19.680,11112.250,39583.333,0.000,0,0,0,,18,0,0,0.000,1,0,0.822,0.237,0.583,0.000,0.000,0.000,0.000,0,0,1,1,1,0,0,1,1,0,0,0,1.000,0.000,0.000,30,0,0.000,0,0,0,0.000,0.000,0.000,0.000,0.000,0.000,0.000,0.000,18.768,0,0,0,0,0,0,0,0,0.000,0.000,0.000,0.000,0.000,0.000,0,0.117,23.242,353,356,1676,38.122,222.907,50.366,222.907,11519.346,300,1,H.264,100.692,0,0,221.899,222.820,1.000,164.649,99.674,arrival-gap-jitter-spike,6709.218,0,1,1,1,1,18228.564,460.913,484.202,485.202,485.202,0,0,3,0,0,3,0,,,169.348,169.348,422,1,H.264,0,0,0,0,0,0,0,0,0,0,,102.817,0.000,105.948,0.000,0.000,0.000,126.947,stale-before-decode,0.001,484,0.000,110.746,4.662,0.105,0.438,0.010,0.000,0.428,1,0,0,1,3,0.065,16.344,23.242,22.964,17.027,1.000,Loss,0,1,0,0.500,2,1,1,1,0.060,0.000,0.060,0,100,0,13821,12953,838,0,765
19.234,Custom_loss6_delay0-100_dup0_reorder6_burst0,Loopback,1,1,0,,,0.000,0,21,514,16.921,15.100,21.895,98.056,100.717,99.249,62.661,21.198,0.064,0.258,13767,939,12904,11965,1871,1101,123,555,471,84,92,0,11971,383,133,0,0,0,0,5.000,0,0,0,0,0,0,0,0,0,0,0,0,0,0,0,0.000,0.000,0.000,,373,373,1769,0,1,79.175,221.899,80.295,222.820,0.000,0.000,370,369,7132,467,125,0,1264,2006,516,1,nack-sent,pending,H.264,0,1,24,8,16,0,0,1,0,16,0,0,14686,3,0,0,0,0,0,40.944,100,123,84,76,84,0,65.889,24.360,146.028,2,0,309,23,332,0,89,17,0.448,0.552,0.931,1.000,0.160,37.000,0.364,0.636,0.250,retransmit-late,599,5295,0,0,381,4944,1264,12561,217,332,1,19,12570,predicted-useful,fec-grace,2109,0.667,127,332,0,2,0,0,0,5,7,5,7,122,1892,122,1892,0,0,0,pacing,1,0.823,7.667,115.667,0,0,5,7,0,0,0,0,4,8,8,0,213,2,2,sent,54,144,0,3,38,7,0,0,6,14,507,4,stale-age,1901,1557,74,0,1,9500000,1200000,3,0,3,14724,14721,18074628,864,1064611,458,568410,0,0,0,0,0,7.966,41.325,661.000,4800.000,765,26642,13742,5971,12900,6929,0.303,41.937,0.080,765,8818558,12407351,0.657,23.049,0.528,17.408,26642,1264,372,12561,332,926,6,123,123,257,18,32,1,6,12,0,0,0,0,0,0,0,0,0,0,105,0,1,0,4,2449,2006,2006,0,0,0,0,0,,disabled,,0,0,0,0,,1,Fixed Quality,Hybrid,85,30,9500,12000,640,360,H.264,480,270,518400,28176,518400,28176,0.054,0.000,,0,0,0.000,2.062,0.000,0.000,0.087,7250,6750,6750,13,13,0,1,9500,1.000,0,9.687,0.000,0,0,0.000,0.000,0,0,0,0,0.301,0.630,0.069,1,0,0,disabled,24,0,0,67,152,67,71,14,113,113,0,5,large-au-observed,0,,0,0,15.103,23.727,0,,0.000,0.000,0.000,0.000,0,0,0,,19,0,0,6.406,0,517,0.086,0.000,0.000,0.086,0.000,0.060,0.009,1,1,1,1,0,1,1,0,0,0,1,0,0.860,108.403,0.000,26,0,0.000,0,0,0,0.000,0.000,0.000,0.000,0.000,0.000,0.000,1.967,10.371,0,0,0,0,0,0,0,0,0.000,0.000,0.000,0.000,0.000,0.000,0,0.107,15.100,370,373,1769,80.301,222.907,50.366,222.907,11519.346,300,1,H.264,100.692,0,0,221.899,222.820,1.000,164.649,99.674,arrival-gap-jitter-spike,7714.676,0,1,1,1,1,19234.022,460.913,484.202,485.202,485.202,0,0,3,0,0,3,0,,,169.348,169.348,422,1,H.264,0,0,0,0,0,0,0,0,0,0,,98.008,0.000,101.048,0.000,0.000,0.000,129.028,stale-before-decode,0.001,514,0.000,106.297,5.126,0.080,0.759,0.513,0.000,0.246,1,0,0,1,3,0.064,16.921,15.100,21.198,21.895,1.000,Loss,0,1,0,0.000,0,1,1,1,0.060,0.000,0.060,0,100,0,14740,13791,898,0,817
20.234,Custom_loss6_delay0-100_dup0_reorder6_burst0,Loopback,1,1,0,,,0.000,0,21,541,17.008,15.998,16.401,70.453,100.912,84.116,63.853,57.654,0.064,0.259,14557,1001,13648,12647,1978,1167,132,581,492,89,98,0,12653,403,141,0,0,0,0,5.000,0,0,0,0,0,0,0,0,0,0,0,0,0,0,0,0.000,0.000,0.000,,392,392,1863,0,1,0.000,221.899,1.143,222.820,0.000,0.000,389,387,7550,492,132,0,1338,2126,542,1,nack-deferred-likely-arrival,pending,H.264,0,1,24,22,2,5,3,2,11,25,0,0,15503,22,0,0,0,0,0,92.746,103,132,89,81,89,0,65.277,24.588,146.028,2,0,326,26,352,0,91,17,0.438,0.562,0.926,1.000,0.157,39.000,0.000,1.000,0.000,insufficient-sample,633,5593,0,0,400,5217,1338,13309,232,357,1,19,13318,deferred-likely-arrival,likely-arrival,2228,0.542,135,352,0,2,0,0,0,5,7,5,7,130,2021,130,2021,0,0,0,pacing,1,0.780,6.646,114.646,0,0,5,7,0,0,0,0,4,8,8,0,213,2,2,sent,58,151,0,4,41,7,0,0,6,14,541,1,stale-age,2030,1648,78,0,1,9500000,1200000,0,0,0,15554,15554,19095396,914,1126235,483,599558,0,0,0,0,0,15.628,41.325,6211.812,4800.000,807,28197,14549,6322,13648,7326,0.303,24.407,0.019,807,5060374,8113985,0.926,15.413,0.505,9.767,28197,1338,392,13309,356,976,6,130,130,268,19,34,2,6,13,0,0,0,0,0,0,0,0,0,0,111,0,1,0,4,2595,2126,2126,0,0,0,0,0,,disabled,,0,0,0,0,,1,Fixed Quality,Hybrid,85,30,9500,12000,640,360,H.264,480,270,518400,28178,518400,28178,0.054,0.000,,0,0,0.000,2.049,0.000,0.000,0.140,7250,6750,6750,13,13,0,1,9500,1.000,0,15.628,0.000,0,0,0.000,0.000,0,0,0,0,0.293,0.634,0.074,1,0,0,disabled,24,0,0,71,161,71,74,16,121,121,0,5,large-au-observed,0,,0,0,17.950,23.729,0,,0.000,0.000,0.000,0.000,0,0,0,,20,0,0,7.462,0,544,0.140,0.000,0.000,0.140,0.000,0.113,0.009,1,1,1,1,0,1,1,0,0,0,1,0,0.860,65.830,0.000,26,0,0.000,0,0,0,0.000,0.000,0.000,0.000,0.000,0.000,0.000,1.900,11.407,0,0,0,0,0,0,0,0,0.000,0.000,0.000,0.000,0.000,0.000,0,0.082,15.998,389,392,1863,1.726,222.907,50.366,222.907,11519.346,300,1,H.264,100.692,0,0,221.899,222.820,1.000,164.649,99.674,arrival-gap-jitter-spike,8715.183,0,1,1,1,1,20234.529,460.913,484.202,485.202,485.202,0,0,4,0,0,4,1,true-stale-frame freshness,frame-age-threshold,120.527,169.348,540,1,decoded,0,0,0,0,0,0,0,0,0,0,,99.319,0.000,102.123,0.000,0.000,0.000,120.000,stale-before-upload,0.001,541,0.000,105.395,4.975,0.074,0.683,0.409,0.000,0.274,1,0,0,1,3,0.064,17.008,15.998,57.654,16.401,2.000,Jitter,0,1,0,0.500,2,1,1,1,0.060,0.000,0.060,0,100,0,15574,14580,949,0,866
21.241,Custom_loss6_delay0-100_dup0_reorder6_burst0,Loopback,1,1,0,,,0.000,0,21,570,17.809,20.350,18.946,91.838,101.100,48.439,63.042,16.084,0.065,0.260,15353,1062,14420,13358,2090,1242,134,608,512,96,106,0,13364,424,149,0,0,0,0,5.000,0,0,0,0,0,0,0,0,0,0,0,0,0,0,0,0.000,0.000,0.000,,412,412,1956,0,1,70.870,221.899,72.234,222.820,0.000,0.000,409,407,7954,520,139,0,1404,2241,571,1,nack-sent,pending,H.264,0,1,24,15,9,3,1,2,2,20,0,0,16348,6,0,0,0,0,0,75.143,111,134,96,88,96,0,65.530,24.679,146.028,2,0,343,26,369,0,98,19,0.453,0.547,0.930,1.000,0.162,37.000,0.200,0.800,0.250,retransmit-late,671,5884,0,0,421,5479,1404,13991,249,386,1,19,14000,predicted-useful,fec-grace,2340,0.375,142,369,0,2,0,0,0,5,7,5,7,137,2132,137,2132,0,0,0,pacing,1,0.757,8.321,116.321,0,0,5,7,0,0,0,0,4,8,8,0,213,2,2,sent,59,155,0,4,42,7,0,0,6,14,563,4,stale-age,2141,1732,82,0,1,9500000,1200000,10,0,10,16411,16401,20133556,961,1184129,510,632564,0,0,0,0,0,1.033,41.325,40.875,4800.000,851,29771,15351,6700,14420,7720,0.304,41.477,4.245,851,4760954,7785955,2.012,5.195,0.524,17.582,29771,1404,413,13991,377,1021,6,137,137,286,22,39,2,7,15,0,0,0,0,0,0,0,0,0,0,115,0,1,0,4,2735,2241,2241,0,0,0,0,0,,disabled,,0,0,0,0,,1,Fixed Quality,Hybrid,85,30,9500,12000,640,360,H.264,480,270,518400,28178,518400,28178,0.054,0.000,,0,0,0.000,2.600,0.000,0.000,0.128,7250,6750,6750,13,13,0,1,9500,1.000,0,7.300,0.000,0,0,0.000,0.000,0,0,0,0,0.301,0.629,0.070,1,0,0,disabled,24,0,0,75,170,75,79,16,128,128,0,5,large-au-observed,0,,0,0,9.954,23.729,0,,0.000,0.000,0.000,0.000,0,0,0,,21,0,0,8.681,0,573,0.127,0.000,0.000,0.126,0.000,0.084,0.013,1,1,1,1,0,1,1,0,0,0,0,0,1.000,0.000,0.000,30,0,0.000,0,0,0,0.000,0.000,0.000,0.000,0.000,0.000,0.000,2.458,14.371,0,0,0,0,0,0,0,0,0.000,0.000,0.000,0.000,0.000,0.000,0,0.153,20.350,409,412,1956,72.394,222.907,50.366,222.907,11519.346,300,1,H.264,100.692,0,0,221.899,222.820,1.000,164.649,99.674,arrival-gap-jitter-spike,9721.736,0,1,1,1,1,21241.082,460.913,484.202,485.202,485.202,0,0,4,0,0,4,0,,,120.527,169.348,540,1,decoded,0,0,0,0,0,0,0,0,0,0,,101.326,0.000,104.637,0.000,0.000,0.000,125.919,stale-before-upload,0.001,570,0.000,110.750,5.971,0.097,0.394,0.005,0.000,0.389,1,0,0,1,3,0.065,17.809,20.350,16.084,18.946,1.000,RecoveryDeadline,0,1,0,0.000,2,1,1,1,0.060,0.000,0.060,0,100,0,16422,15377,1002,0,912
22.248,Custom_loss6_delay0-100_dup0_reorder6_burst0,Loopback,1,1,0,,,0.000,0,21,599,16.833,15.384,15.016,116.138,101.464,119.755,65.878,20.356,0.064,0.262,16174,1115,15194,14079,2203,1314,137,639,535,104,113,0,14085,445,158,0,0,0,0,5.000,0,0,0,0,0,0,0,0,0,0,0,0,0,0,0,0.000,0.000,0.000,,431,431,2047,0,1,38.019,221.899,39.050,222.820,0.000,0.000,428,426,8383,549,146,0,1479,2363,600,1,fec-recovered,pending,H.264,0,1,24,21,3,5,4,2,6,17,0,0,17223,21,0,0,0,0,0,82.970,119,137,104,96,104,0,65.743,24.216,146.028,2,0,362,29,391,0,111,19,0.465,0.535,0.926,1.000,0.146,45.000,0.455,0.545,0.000,duplicate-guard,707,6180,0,0,442,5750,1479,14753,263,407,2,23,14763,predicted-useful,likely-arrival,2464,0.792,150,391,0,2,0,0,0,5,7,5,7,145,2256,145,2256,0,0,0,pacing,1,0.745,6.890,114.890,0,0,5,7,0,0,0,0,4,8,8,0,213,2,2,sent,61,160,0,5,43,7,0,0,6,14,592,1,stale-frame-lag,2265,1826,86,0,1,9500000,1200000,0,0,0,17273,17273,21201666,1013,1248243,536,664956,0,0,0,0,0,15.643,41.325,3210.625,2685.000,895,31355,16161,7090,15194,8104,0.305,10.587,0.482,895,5806909,9191959,0.913,18.419,0.506,10.333,31355,1479,434,14753,400,1073,6,144,144,302,22,39,2,7,15,0,0,0,0,0,0,0,0,0,0,122,0,1,0,4,2885,2363,2363,0,0,0,0,0,,disabled,,0,0,0,0,,1,Fixed Quality,Hybrid,85,30,9500,12000,640,360,H.264,480,270,518400,0,518400,28176,0.054,0.000,,0,0,0.000,4.657,0.000,3.914,0.712,7250,6750,6750,13,13,0,1,9500,1.000,0,15.643,0.000,0,0,0.000,0.000,0,0,0,0,0.304,0.621,0.074,1,0,0,disabled,0,0,0,79,180,79,83,18,136,136,0,5,async-output-pending,0,,0,0,0.000,0.000,0,,15.643,3210.625,39583.333,0.000,0,0,0,,22,0,0,0.000,1,0,0.701,0.192,0.508,0.000,0.000,0.000,0.000,0,0,1,1,1,0,0,1,1,0,0,0,1.000,0.000,0.000,30,0,0.000,0,0,0,0.000,0.000,0.000,0.000,0.000,0.000,0.000,0.000,27.941,0,0,0,0,0,0,0,0,0.000,0.000,0.000,0.000,0.000,0.000,0,0.091,15.384,428,431,2047,39.235,222.907,50.366,222.907,11519.346,300,1,H.264,100.692,0,0,221.899,222.820,1.000,164.649,99.674,arrival-gap-jitter-spike,10728.553,0,1,1,1,1,22247.899,460.913,484.202,485.202,485.202,0,0,4,0,0,4,0,,,120.527,169.348,540,1,decoded,0,0,0,0,0,0,0,0,0,0,,107.880,0.000,110.783,0.000,0.000,0.000,138.069,stale-before-upload,0.001,599,0.000,116.194,5.311,0.076,0.786,0.555,0.000,0.231,1,0,0,1,3,0.065,16.833,15.384,20.356,15.016,1.000,RecoveryDeadline,0,1,0,1.000,0,2,2,1,0.060,0.000,0.060,0,100,0,17295,16200,1058,0,957
23.248,Custom_loss6_delay0-100_dup0_reorder6_burst0,Loopback,1,1,0,,,0.000,0,21,627,19.557,20.575,19.349,104.438,101.679,44.262,64.848,16.853,0.064,0.261,16987,1158,15955,14797,2302,1366,147,672,563,109,117,0,14803,466,165,0,0,0,0,5.000,0,0,0,0,0,0,0,0,0,0,0,0,0,0,0,0.000,0.000,0.000,,452,452,2137,0,1,33.308,221.899,34.280,222.820,0.000,0.000,449,447,8771,575,153,0,1550,2465,629,1,fec-recovered,pending,H.264,0,1,24,13,11,2,1,1,1,13,0,0,18094,0,0,0,0,0,0,55.249,124,147,109,101,109,0,66.093,23.792,146.028,2,0,382,27,409,0,119,20,0.458,0.542,0.934,1.000,0.144,45.000,0.000,1.000,0.000,duplicate-guard,744,6468,0,0,463,6014,1550,15456,279,431,2,23,15464,predicted-useful,likely-arrival,2580,0.542,156,409,0,2,0,0,0,5,7,5,7,151,2347,151,2347,0,0,0,pacing,1,0.760,8.922,116.922,0,0,5,7,0,0,0,0,4,8,8,0,213,2,2,sent,63,166,0,6,44,7,0,0,6,14,621,2,stale-frame-lag,2356,1910,90,0,1,9500000,1200000,13,0,13,18161,18148,22274084,1061,1307381,563,697962,0,0,0,0,0,0.666,41.325,126.062,4800.000,940,32935,16980,7369,15955,8586,0.303,26.454,0.372,940,5466279,9391722,0.526,-0.363,0.473,17.391,32935,1550,455,15456,422,1122,6,151,151,314,24,42,2,8,16,0,0,0,0,0,0,0,0,0,0,127,0,1,0,4,3015,2465,2465,0,0,0,0,0,,disabled,,0,0,0,0,,1,Fixed Quality,Hybrid,85,30,9500,12000,640,360,H.264,480,270,518400,28178,518400,28178,0.054,0.000,,0,0,0.000,1.911,0.000,0.000,0.105,7250,6750,6750,13,13,0,1,9500,1.000,0,24.263,0.000,0,0,0.000,0.000,0,0,0,0,0.303,0.631,0.066,1,0,0,disabled,24,0,0,83,188,83,87,18,143,143,0,5,large-au-observed,0,,0,0,27.743,23.729,0,,0.000,0.000,0.000,0.000,0,0,0,,23,0,0,6.184,0,631,0.105,0.000,0.000,0.104,0.000,0.076,0.009,1,1,1,1,0,1,1,0,0,0,0,0,1.000,0.000,0.000,30,0,0.000,0,0,0,0.000,0.000,0.000,0.000,0.000,0.000,0.000,1.793,10.369,0,0,0,0,0,0,0,0,0.000,0.000,0.000,0.000,0.000,0.000,0,0.089,20.575,449,452,2137,34.344,222.907,50.366,222.907,11519.346,300,1,H.264,100.692,0,0,221.899,222.820,1.000,164.649,99.674,arrival-gap-jitter-spike,11728.826,0,1,1,1,1,23248.172,460.913,484.202,485.202,485.202,0,0,4,0,0,4,0,,,120.527,169.348,540,1,decoded,0,0,0,0,0,0,0,0,0,0,,110.459,0.000,113.302,0.000,0.000,0.000,132.219,stale-before-upload,0.000,627,0.000,116.822,3.420,0.074,0.858,0.604,0.000,0.254,1,0,0,1,3,0.064,19.557,20.575,16.853,19.349,1.000,Loss,0,1,0,0.000,1,1,1,1,0.060,0.000,0.060,0,100,0,18171,17019,1102,0,1007
24.250,Custom_loss6_delay0-100_dup0_reorder6_burst0,Loopback,1,1,0,,,0.000,0,21,655,21.771,18.330,21.877,102.048,101.839,90.213,66.001,6.746,0.064,0.260,17755,1222,16685,15463,2399,1423,157,701,584,117,118,0,15469,486,171,0,0,0,0,5.000,0,0,0,0,0,0,0,0,0,0,0,0,0,0,0,0.000,0.000,0.000,,472,472,2237,0,1,51.223,221.899,52.679,222.820,0.000,0.000,469,467,9156,603,159,0,1615,2566,656,1,fec-recovered,pending,H.264,0,1,24,24,0,5,5,2,9,19,0,0,18890,20,0,0,0,0,0,107.989,130,157,117,109,117,0,67.009,24.098,146.028,2,0,406,29,435,0,127,21,0.453,0.547,0.933,1.000,0.142,45.000,0.091,0.909,0.000,duplicate-guard,775,6717,0,0,481,6243,1615,16078,292,451,2,23,16086,deferred-likely-arrival,fec-grace,2687,0.667,166,435,0,2,0,0,0,5,7,5,7,161,2510,161,2510,0,0,0,pacing,1,0.790,7.473,115.473,0,0,5,7,0,0,0,0,4,8,8,0,213,2,2,sent,64,169,0,6,45,7,0,0,6,14,651,3,stale-age,2519,1987,94,0,1,9500000,1200000,4,0,4,18967,18963,23272402,1117,1376471,589,730354,0,0,0,0,0,7.287,41.325,924.188,4800.000,980,34393,17733,7711,16660,8949,0.303,3.034,1.259,980,4558388,7194200,2.482,45.951,0.531,11.876,34393,1615,475,16078,446,1163,6,157,157,325,26,46,2,8,18,0,0,0,0,0,0,0,0,0,0,131,0,1,0,4,3153,2566,2566,0,0,0,0,0,,disabled,,0,0,0,0,,1,Fixed Quality,Hybrid,85,30,9500,12000,640,360,H.264,480,270,518400,28178,518400,28178,0.054,0.000,,0,0,0.000,2.633,0.000,0.000,0.129,7250,6750,6750,13,13,0,1,9500,1.000,0,12.038,0.000,0,0,0.000,0.000,0,0,0,0,0.299,0.634,0.067,1,0,0,disabled,24,0,0,87,199,87,94,18,151,151,0,5,large-au-observed,0,,0,0,15.095,23.729,0,,0.000,0.000,0.000,0.000,0,0,0,,24,0,0,8.334,0,659,0.128,0.000,0.000,0.127,0.000,0.093,0.010,1,1,1,1,0,1,1,0,0,0,1,0,0.860,144.497,0.000,26,0,0.000,0,0,0,0.000,0.000,0.000,0.000,0.000,0.000,0.000,2.493,14.267,0,0,0,0,0,0,0,0,0.000,0.000,0.000,0.000,0.000,0.000,0,0.107,18.330,469,472,2237,52.576,222.907,50.366,222.907,11519.346,300,1,H.264,100.692,0,0,221.899,222.820,1.000,164.649,99.674,arrival-gap-jitter-spike,12730.508,0,1,1,1,1,24249.854,460.913,484.202,485.202,485.202,0,0,4,0,0,4,0,,,120.527,169.348,540,1,decoded,0,0,0,0,0,0,0,0,0,0,,103.061,0.000,106.193,0.000,0.000,0.000,131.024,stale-before-upload,0.001,655,0.000,111.485,5.169,0.105,0.393,0.003,0.000,0.390,1,0,0,1,3,0.064,21.771,18.330,6.746,21.877,1.000,RecoveryDeadline,0,1,0,0.200,0,1,1,1,0.060,0.000,0.060,0,100,0,18987,17786,1149,0,1062
25.255,Custom_loss6_delay0-100_dup0_reorder6_burst0,Loopback,1,1,0,,,0.000,0,21,684,20.578,17.203,18.770,102.407,102.059,67.267,66.056,2.407,0.064,0.261,18523,1260,17396,16136,2493,1479,166,725,601,124,123,0,16142,507,179,0,0,0,0,5.000,0,0,0,0,0,0,0,0,0,0,0,0,0,0,0,0.000,0.000,0.000,,491,491,2336,0,1,44.827,221.899,46.190,222.820,0.000,0.000,488,486,9530,631,165,0,1678,2665,686,1,nack-sent,pending,H.264,0,1,24,13,11,2,0,1,0,11,0,0,19734,3,0,0,0,0,0,55.246,134,166,124,116,124,0,67.565,23.836,146.028,2,0,426,28,454,0,135,21,0.447,0.553,0.938,1.000,0.135,45.000,0.182,0.818,0.000,duplicate-guard,811,6984,0,0,500,6482,1678,16743,309,479,2,23,16751,predicted-useful,fec-grace,2790,0.167,173,454,0,2,0,0,0,5,7,5,7,168,2623,168,2623,0,0,0,pacing,1,0.780,5.377,113.377,0,0,5,7,0,0,0,0,4,8,8,0,213,2,2,sent,64,169,0,6,45,7,0,0,6,14,651,3,stale-age,2632,2062,98,0,1,9500000,1200000,0,0,0,19766,19766,24256430,1166,1436853,616,763368,0,0,0,0,0,17.820,41.325,9041.250,4800.000,1023,35907,18514,8049,17393,9344,0.303,25.647,1.102,1023,5274448,8492632,1.571,32.172,0.494,10.822,35907,1677,496,16732,470,1201,6,163,163,338,26,46,2,8,18,0,0,0,0,0,0,0,0,0,0,137,0,1,0,4,3282,2665,2665,0,0,0,0,0,,disabled,,0,0,0,0,,1,Fixed Quality,Hybrid,85,30,9500,12000,640,360,H.264,480,270,518400,28176,518400,28176,0.054,0.000,,0,0,0.000,1.915,0.000,0.000,0.073,7250,6750,6750,13,13,0,1,9500,1.000,0,17.820,0.000,0,0,0.000,0.000,0,0,0,0,0.295,0.643,0.062,1,0,0,disabled,24,0,0,91,210,91,99,20,159,159,0,5,large-au-observed,0,,0,0,16.735,23.727,0,,0.000,0.000,0.000,0.000,0,0,0,,25,0,0,6.225,0,687,0.073,0.000,0.000,0.072,0.000,0.050,0.006,1,1,1,1,0,1,1,0,0,0,1,0,0.860,70.654,0.000,26,0,0.000,0,0,0,0.000,0.000,0.000,0.000,0.000,0.000,0.000,1.835,10.293,0,0,0,0,0,0,0,0,0.000,0.000,0.000,0.000,0.000,0.000,0,0.099,17.203,488,491,2336,45.999,222.907,50.366,222.907,11519.346,300,1,H.264,100.692,0,0,221.899,222.820,1.000,164.649,99.674,arrival-gap-jitter-spike,13735.628,0,1,1,1,1,25254.974,460.913,484.202,485.202,485.202,0,0,4,0,0,4,0,,,120.527,169.348,540,1,decoded,0,0,0,0,0,0,0,0,0,0,,100.973,0.000,103.989,0.000,0.000,0.000,131.203,stale-before-upload,0.001,684,0.000,109.169,5.057,0.080,0.600,0.358,0.000,0.243,1,0,0,1,3,0.064,20.578,17.203,2.407,18.770,1.000,Loss,0,1,0,1.000,1,1,1,1,0.060,0.000,0.060,0,100,0,19791,18552,1197,0,1115
26.255,Custom_loss6_delay0-100_dup0_reorder6_burst0,Loopback,1,1,0,,,0.000,0,21,712,20.071,23.368,18.271,98.883,101.971,14.854,63.923,8.029,0.064,0.261,19194,1307,18011,16704,2578,1522,177,754,627,127,125,0,16710,528,186,0,0,0,0,5.000,0,0,0,0,0,0,0,0,0,0,0,0,0,0,0,0.000,0.000,0.000,,510,510,2431,0,1,56.686,221.899,57.853,222.820,0.000,0.000,507,503,9873,655,170,0,1738,2761,712,1,completed,completed,H.264,0,1,22,22,0,5,5,2,7,15,0,0,20439,17,0,0,0,0,0,85.063,141,177,127,119,127,0,67.636,24.211,146.028,2,0,447,30,477,0,143,23,0.443,0.557,0.937,1.000,0.139,39.000,0.333,0.667,0.250,retransmit-late,834,7186,0,0,516,6674,1738,17342,316,489,2,23,17350,predicted-useful,fec-grace,2894,0.000,182,477,0,4,0,0,0,6,8,6,8,177,2763,177,2763,0,0,0,pacing,1,0.761,12.463,120.463,0,0,6,8,0,0,0,0,4,8,8,0,213,2,2,sent,66,173,0,6,47,7,0,0,6,14,708,3,stale-age,2775,2135,102,0,1,9500000,1200000,0,0,0,20480,20480,25132110,1219,1502211,642,795130,0,0,0,0,0,18.606,41.325,11743.625,4800.000,1059,37173,19178,8331,17995,9664,0.303,31.122,0.000,1059,3590376,5861055,1.211,15.255,0.474,13.767,37173,1738,516,17342,494,1237,7,168,168,344,28,48,1,10,18,0,0,0,0,0,0,0,0,0,0,140,0,1,0,4,3399,2761,2761,0,0,0,0,0,,disabled,,0,0,0,0,,1,Fixed Quality,Hybrid,85,30,9500,12000,640,360,H.264,480,270,518400,0,518400,26096,0.050,0.000,,0,0,0.000,5.075,0.000,4.340,0.710,6000,6250,6250,14,14,0,1,9500,0.820,1,18.606,0.000,0,0,0.000,0.000,0,0,0,0,0.296,0.642,0.063,1,0,0,latency-pressure-freshness-hold,0,0,0,95,220,95,105,20,167,167,0,5,async-output-pending,0,,0,0,0.000,0.000,0,,18.468,12792.562,45673.077,0.000,0,0,0,,26,0,0,0.000,1,0,0.699,0.175,0.522,0.000,0.000,0.000,0.000,0,0,1,1,1,0,0,1,1,0,1,0,0.860,14.302,0.000,26,0,0.000,0,0,0,0.000,0.000,0.000,0.000,0.000,0.000,0.000,0.000,21.058,0,0,0,0,0,0,0,0,0.000,0.000,0.000,0.000,0.000,0.000,0,0.095,23.368,507,510,2431,57.685,222.907,50.366,222.907,11519.346,300,1,H.264,100.692,0,0,221.899,222.820,1.000,164.649,99.674,arrival-gap-jitter-spike,14736.290,0,1,1,1,1,26255.636,460.913,484.202,485.202,485.202,0,0,5,0,0,5,1,latency-pressure freshness,latency-over-80ms,145.360,169.348,704,1,decoded,0,0,0,0,0,0,0,0,0,0,,92.604,0.000,94.776,4.282,0.000,106.924,129.441,stale-before-upload,0.000,711,0.000,92.959,3.019,0.076,0.911,0.620,0.000,0.291,1,0,0,1,3,0.064,20.071,23.368,8.029,18.271,1.000,RecoveryDeadline,0,1,0,2.000,1,2,2,1,0.060,0.000,0.060,0,100,0,20506,19222,1248,0,1149
27.261,Custom_loss6_delay0-100_dup0_reorder6_burst0,Loopback,1,1,0,,,0.000,0,21,739,19.983,21.541,16.950,98.008,102.089,94.106,65.130,21.713,0.063,0.259,19935,1345,18684,17339,2695,1593,186,789,656,133,127,0,17345,549,192,0,0,0,0,5.000,0,0,0,0,0,0,0,0,0,0,0,0,0,0,0,0.000,0.000,0.000,,531,531,2517,0,1,26.958,221.899,28.328,222.820,0.000,0.000,527,523,10291,682,176,0,1808,2881,740,1,nack-sent,pending,H.264,0,1,22,14,8,3,1,1,0,8,0,0,21240,10,0,0,0,0,0,49.146,149,186,133,125,133,0,67.470,24.300,146.028,2,0,470,30,500,0,150,26,0.445,0.555,0.940,1.000,0.148,37.000,0.333,0.667,0.333,retransmit-late,868,7433,0,0,535,6896,1808,17971,331,514,2,23,17979,predicted-useful,fec-grace,3008,0.727,191,500,0,4,0,0,0,8,10,8,10,186,2892,186,2892,0,0,0,pacing,1,0.777,6.991,114.991,0,0,8,10,0,0,0,0,4,8,8,0,213,2,2,sent,68,177,0,6,49,7,0,0,6,14,735,3,stale-age,2906,2216,106,0,1,9500000,1200000,0,0,0,21259,21259,26094260,1270,1565399,666,825026,0,0,0,0,0,13.874,41.325,6011.562,4800.000,1099,38593,19916,8660,18677,10017,0.303,26.421,0.099,1099,6780095,9863737,1.577,28.054,0.491,20.514,38593,1807,537,17963,518,1282,7,174,174,355,30,52,2,10,20,0,0,0,0,0,0,0,0,0,0,144,0,1,0,4,3543,2881,2881,0,0,0,0,0,,disabled,,0,0,0,0,,1,Fixed Quality,Hybrid,85,30,9500,12000,640,360,H.264,480,270,518400,0,518400,26096,0.050,0.000,,0,0,0.000,8.004,0.000,6.933,1.039,6000,6250,6250,14,14,0,1,9500,0.820,1,13.874,0.000,0,0,0.000,0.000,0,0,0,0,0.298,0.642,0.060,1,0,0,latency-pressure-freshness-hold,0,0,0,99,229,99,109,21,175,175,0,5,async-output-pending,0,,0,0,0.000,0.000,0,,13.874,6011.562,43981.481,0.000,0,0,0,,27,0,0,0.000,1,0,1.027,0.211,0.814,0.000,0.000,0.000,0.000,0,0,1,1,1,0,0,1,1,0,0,0,1.000,0.000,0.000,27,0,0.000,0,0,0,0.000,0.000,0.000,0.000,0.000,0.000,0.000,0.000,26.844,0,0,0,0,0,0,0,0,0.000,0.000,0.000,0.000,0.000,0.000,0,0.120,21.541,527,531,2517,28.220,222.907,50.366,222.907,11519.346,300,1,H.264,100.692,0,0,221.899,222.820,1.000,164.649,99.674,arrival-gap-jitter-spike,15741.743,0,1,1,1,1,27261.089,460.913,484.202,485.202,485.202,0,0,6,0,0,6,1,latency-pressure freshness,latency-over-80ms,168.569,169.348,721,1,H.264,0,0,0,0,0,0,0,0,0,0,,103.557,0.000,106.137,7.124,0.000,109.863,129.004,stale-before-decode,0.001,738,0.000,114.380,7.250,0.100,0.361,0.002,0.000,0.359,1,0,0,1,3,0.063,19.983,21.541,21.713,16.950,1.000,RecoveryDeadline,0,1,0,1.000,3,3,3,1,0.060,0.000,0.060,0,100,0,21286,19971,1288,0,1191
28.262,Custom_loss6_delay0-100_dup0_reorder6_burst0,Loopback,1,1,0,,,0.000,0,21,764,19.337,19.964,18.620,88.571,102.306,7.079,62.898,2.497,0.063,0.258,20585,1391,19297,17906,2784,1642,196,817,683,134,129,0,17912,568,197,0,0,0,0,5.000,0,0,0,0,0,0,0,0,0,0,0,0,0,0,0,0.000,0.000,0.000,,549,549,2610,0,1,48.349,221.899,49.217,222.820,0.000,0.000,544,541,10632,702,180,0,1867,2977,767,1,fec-parity,pending,H.264,0,1,23,3,20,1,0,0,0,0,0,0,21960,7,0,0,0,0,0,9.869,153,196,134,126,134,0,67.516,24.168,146.028,2,0,485,33,518,0,153,27,0.438,0.562,0.936,1.000,0.150,45.000,0.167,0.833,0.000,duplicate-guard,892,7659,0,0,552,7111,1867,18499,338,525,2,23,18507,predicted-useful,fec-grace,3106,0.174,199,518,0,4,0,0,0,10,12,10,12,194,3018,194,3018,0,0,0,pacing,1,0.811,6.681,114.681,0,0,9,11,1,1,0,0,4,8,8,0,213,2,2,sent,73,188,0,6,54,7,0,0,6,14,761,1,stale-age,3034,2286,110,0,1,9500000,1200000,0,0,0,21954,21954,26952142,1316,1622367,691,856166,0,0,0,0,0,17.921,41.325,9666.875,4800.000,1136,39881,20584,8952,19297,10345,0.303,21.253,0.045,1136,5235098,8008378,1.245,5.038,0.489,16.000,39881,1867,556,18499,539,1321,7,178,178,362,30,52,2,10,20,0,0,0,0,0,0,0,0,0,0,148,0,1,0,4,3667,2977,2977,0,0,0,0,0,,disabled,,0,0,0,0,,1,Fixed Quality,Hybrid,85,30,9500,12000,640,360,H.264,480,270,518400,27136,518400,27136,0.052,0.000,,0,0,0.000,1.879,0.000,0.000,0.072,6000,6500,6500,15,15,0,1,9500,0.820,1,17.921,0.000,0,0,0.000,0.000,0,0,0,0,0.295,0.641,0.064,1,0,0,latency-pressure-freshness-hold,23,0,0,103,239,103,115,21,182,182,0,5,large-au-observed,0,,0,0,12.272,22.851,0,,0.000,0.000,0.000,0.000,0,0,0,,28,0,0,6.211,0,767,0.072,0.000,0.000,0.072,0.000,0.049,0.007,1,1,1,1,0,1,1,0,0,0,1,0,0.860,27.349,0.000,26,0,0.000,0,0,0,0.000,0.000,0.000,0.000,0.000,0.000,0.000,1.798,10.287,0,0,0,0,0,0,0,0,0.000,0.000,0.000,0.000,0.000,0.000,0,0.099,19.964,544,549,2610,49.363,222.907,50.366,222.907,11519.346,300,1,H.264,100.692,0,0,221.899,222.820,1.000,164.649,99.674,arrival-gap-jitter-spike,16742.563,0,1,1,1,1,28261.909,460.913,484.202,485.202,485.202,0,0,7,0,0,7,1,latency-pressure freshness,latency-over-80ms,158.332,169.348,759,1,H.264,0,0,0,0,0,0,0,0,0,0,,109.456,0.000,106.315,0.000,0.000,0.000,124.285,stale-before-decode,0.001,764,0.000,111.365,4.940,0.075,0.712,0.407,0.000,0.305,1,0,0,1,3,0.063,19.337,19.964,2.497,18.620,1.000,RecoveryDeadline,0,1,0,0.000,4,3,3,1,0.060,0.000,0.060,0,100,0,21982,20617,1326,0,1236
29.263,Custom_loss6_delay0-100_dup0_reorder6_burst0,Loopback,1,1,0,,,0.000,0,21,791,23.584,20.402,23.670,90.952,102.056,44.460,62.215,1.705,0.062,0.254,21236,1410,19887,18477,2890,1690,201,870,729,141,129,0,18483,592,202,0,0,0,0,5.000,0,0,0,0,0,0,0,0,0,0,0,0,0,0,0,0.000,0.000,0.000,,571,571,2702,0,1,43.077,221.899,44.106,222.820,0.000,0.000,566,563,10971,733,183,0,1918,3076,792,1,nack-sent,pending,H.264,0,1,21,9,12,3,0,1,0,12,0,0,22612,12,0,0,0,0,0,50.964,164,201,141,132,141,0,67.314,23.742,146.028,2,0,508,34,542,0,163,28,0.449,0.551,0.937,1.000,0.147,39.000,0.667,0.333,0.250,retransmit-late,922,7856,0,0,570,7290,1918,18946,350,543,2,23,18954,predicted-useful,fec-grace,3205,0.571,208,542,0,4,0,0,0,10,12,10,12,202,3141,202,3141,0,0,0,pacing,1,0.834,7.518,115.518,0,0,10,12,0,0,0,0,5,10,10,0,773,2,2,sent,76,195,0,6,56,7,0,0,7,16,785,3,stale-age,3157,2352,114,0,1,9500000,1200000,0,0,0,22623,22623,27779506,1366,1684463,714,884674,0,0,0,0,0,7.984,41.325,1251.875,4800.000,1171,41105,21220,9255,19885,10630,0.304,3.256,2.014,1171,4374368,7689989,1.342,11.507,0.483,13.624,41105,1918,578,18946,557,1354,7,181,181,366,31,53,1,11,20,0,0,0,0,0,0,0,0,0,0,150,0,1,0,4,3776,3076,3076,0,0,0,0,0,,disabled,,0,0,0,0,,1,Fixed Quality,Hybrid,85,30,9500,12000,640,360,H.264,480,270,518400,25054,518400,25054,0.048,0.000,,0,0,0.000,1.970,0.000,0.000,0.097,6500,6000,6000,16,16,0,1,9500,0.898,1,7.984,0.000,0,0,0.000,0.000,0,0,0,0,0.303,0.635,0.063,1,0,0,fixed-pacing-queue-hold,21,0,0,107,248,107,118,23,190,190,0,5,large-au-observed,0,,0,0,7.535,21.098,0,,0.000,0.000,0.000,0.000,0,0,0,,29,0,0,4.868,0,793,0.097,0.000,0.000,0.096,0.000,0.069,0.008,1,1,1,1,0,1,1,0,0,0,0,0,1.000,0.000,0.000,24,0,0.000,0,0,0,0.000,0.000,0.000,0.000,0.000,0.000,0.000,1.864,40.142,0,0,0,0,0,0,0,0,0.000,0.000,0.000,0.000,0.000,0.000,0,0.117,20.402,566,571,2702,44.224,222.907,50.366,222.907,11519.346,300,1,H.264,100.692,0,0,221.899,222.820,1.000,164.649,99.674,arrival-gap-jitter-spike,17744.151,0,1,1,1,1,29263.497,460.913,484.202,485.202,485.202,0,0,7,0,0,7,0,,,158.332,169.348,759,1,H.264,0,0,0,0,0,0,0,0,0,0,,97.280,0.000,100.133,0.000,0.000,0.000,125.476,stale-before-decode,0.001,791,0.000,106.668,6.401,0.085,0.297,0.001,0.000,0.296,1,0,0,1,3,0.062,23.584,20.402,1.705,23.670,1.000,RecoveryDeadline,0,1,0,0.000,4,2,2,1,0.060,0.000,0.060,0,100,0,22652,21268,1358,0,1264
30.272,Custom_loss6_delay0-100_dup0_reorder6_burst0,Loopback,1,1,0,,,0.000,0,21,817,17.127,17.500,17.042,106.051,101.966,80.745,62.876,47.557,0.064,0.255,21918,1498,20558,19060,2982,1738,208,902,753,149,134,0,19066,610,209,0,0,0,0,5.000,0,0,0,0,0,0,0,0,0,0,0,0,0,0,0,0.000,0.000,0.000,,589,589,2799,0,1,9.477,221.899,10.830,222.820,0.000,0.000,584,581,11348,759,190,0,1980,3183,821,1,fec-parity,pending,H.264,0,1,22,2,20,1,0,0,0,0,0,0,23411,19,0,0,0,0,0,3.388,166,208,149,140,149,0,67.404,23.601,146.028,2,0,525,36,561,0,164,29,0.444,0.556,0.936,1.000,0.150,37.000,0.200,0.800,1.000,retransmit-late,959,8112,0,0,590,7522,1980,19529,367,567,2,23,19537,predicted-useful,fec-grace,3306,0.364,217,561,0,4,0,0,0,14,16,14,16,211,3279,211,3279,0,0,0,pacing,1,0.824,7.436,115.436,0,0,14,16,0,0,0,0,5,10,10,0,773,2,2,sent,78,199,0,6,58,7,0,0,7,16,813,3,stale-age,3299,2425,118,0,1,9500000,1200000,3,0,3,23390,23387,28723830,1413,1742675,738,914570,0,0,0,0,0,7.767,41.325,93.062,4800.000,1209,42457,21914,9570,20543,10973,0.304,27.443,4.928,1209,6689152,10128758,1.951,16.462,0.478,20.512,42457,1980,596,19529,575,1398,7,188,188,380,33,58,2,11,22,0,0,0,0,0,0,0,0,0,0,155,0,1,0,4,3905,3183,3183,0,0,0,0,0,,disabled,,0,0,0,0,,1,Fixed Quality,Hybrid,85,30,9500,12000,640,360,H.264,480,270,518400,26094,518400,26094,0.050,0.000,,0,0,0.000,2.557,0.000,0.000,0.106,7250,6250,6250,17,17,0,1,9500,1.000,0,9.776,0.000,0,0,0.000,0.000,0,0,0,0,0.296,0.640,0.064,1,0,0,disabled,22,0,0,111,255,111,121,23,196,196,0,5,large-au-observed,0,,0,0,14.680,21.974,0,,0.000,0.000,0.000,0.000,0,0,0,,30,0,0,3.104,0,821,0.106,0.000,0.000,0.105,0.000,0.074,0.009,1,1,1,1,0,1,1,0,0,0,0,0,1.000,0.000,0.000,30,0,0.000,0,0,0,0.000,0.000,0.000,0.000,0.000,0.000,0.000,2.436,8.858,0,0,0,0,0,0,0,0,0.000,0.000,0.000,0.000,0.000,0.000,0,0.122,17.500,584,589,2799,10.852,222.907,50.366,222.907,11519.346,300,1,H.264,100.692,0,0,221.899,222.820,1.000,164.649,99.674,arrival-gap-jitter-spike,18753.123,0,1,1,1,1,30272.469,460.913,484.202,485.202,485.202,0,0,7,0,0,7,0,,,158.332,169.348,759,1,H.264,0,0,0,0,0,0,0,0,0,0,,103.973,0.000,107.308,0.000,0.000,0.000,138.025,stale-before-decode,0.001,817,0.000,114.646,7.202,0.101,0.380,0.001,0.000,0.379,1,0,0,1,3,0.064,17.127,17.500,47.557,17.042,1.000,RecoveryDeadline,0,1,0,1.000,0,1,1,1,0.060,0.000,0.060,0,100,0,23417,21952,1416,0,1304
31.276,Custom_loss6_delay0-100_dup0_reorder6_burst0,Loopback,1,1,0,,,0.000,0,21,845,25.285,21.516,21.559,104.240,102.194,93.992,63.949,19.259,0.064,0.257,22679,1538,21267,19729,3091,1812,213,928,776,152,138,0,19735,631,218,0,0,0,0,5.000,0,0,0,0,0,0,0,0,0,0,0,0,0,0,0,0.000,0.000,0.000,,608,608,2893,0,1,40.221,221.899,41.238,222.820,0.000,0.000,603,599,11756,783,197,0,2054,3303,847,1,fec-recovered,pending,H.264,0,1,23,15,8,3,2,2,8,28,0,0,24166,13,0,0,0,0,0,62.091,170,213,152,143,152,0,67.413,23.249,146.028,2,0,537,37,574,0,164,32,0.444,0.556,0.936,1.000,0.163,29.000,0.250,0.750,1.000,retransmit-late,993,8409,0,0,610,7798,2054,20263,381,588,2,23,20271,predicted-useful,fec-grace,3426,0.435,222,574,0,4,0,0,0,14,16,14,16,216,3356,216,3356,0,0,0,pacing,1,0.782,6.446,114.446,0,0,14,16,0,0,0,0,5,10,10,0,773,2,2,sent,79,201,0,6,59,7,0,0,7,16,843,2,stale-age,3376,2517,122,0,1,9500000,1200000,10,0,10,24209,24199,29723974,1455,1794507,763,945710,0,0,0,0,0,0.490,41.325,1086.562,4800.000,1249,43911,22660,9848,21251,11403,0.303,15.927,2.333,1249,5132327,7984608,0.973,15.819,0.503,20.855,43911,2054,617,20263,599,1448,7,195,195,395,36,65,3,11,25,0,0,0,0,0,0,0,0,0,0,159,0,1,0,4,4045,3303,3303,0,0,0,0,0,,disabled,,0,0,0,0,,1,Fixed Quality,Hybrid,85,30,9500,12000,640,360,H.264,480,270,518400,27136,518400,27136,0.052,0.000,,0,0,0.000,2.003,0.000,0.000,0.086,6500,6500,6500,18,18,0,1,9500,0.906,1,12.215,0.000,0,0,0.000,0.000,0,0,0,0,0.296,0.639,0.064,1,0,0,latency-pressure-freshness-hold,23,0,0,115,264,115,125,24,204,204,0,5,large-au-observed,0,,0,0,14.153,22.851,0,,0.000,0.000,0.000,0.000,0,0,0,,31,0,0,10.091,0,849,0.086,0.000,0.000,0.086,0.000,0.059,0.008,1,1,1,1,0,1,1,0,0,0,1,0,0.860,147.988,0.000,26,0,0.000,0,0,0,0.000,0.000,0.000,0.000,0.000,0.000,0.000,1.909,14.474,0,0,0,0,0,0,0,0,0.000,0.000,0.000,0.000,0.000,0.000,0,0.095,21.516,603,608,2893,41.137,222.907,50.366,222.907,11519.346,300,1,H.264,100.692,0,0,221.899,222.820,1.000,164.649,99.674,arrival-gap-jitter-spike,19756.506,0,1,1,1,1,31275.852,460.913,484.202,485.202,485.202,0,0,8,0,0,8,1,latency-pressure freshness,latency-over-80ms,141.989,169.348,827,1,decoded,0,0,0,0,0,0,0,0,0,0,,103.795,0.000,106.699,0.000,0.000,0.000,132.120,stale-before-upload,0.001,845,0.000,109.617,3.337,0.076,0.983,0.714,0.000,0.269,1,0,0,1,3,0.063,25.285,21.516,19.259,21.559,1.000,RecoveryDeadline,0,1,0,1.000,1,1,1,1,0.060,0.000,0.060,0,100,0,24230,22715,1467,0,1349
32.276,Custom_loss6_delay0-100_dup0_reorder6_burst0,Loopback,1,1,0,,,0.000,0,21,873,17.064,19.105,17.046,102.343,102.340,41.371,63.197,17.623,0.064,0.255,23388,1605,21947,20342,3187,1875,215,953,796,157,144,0,20349,652,223,0,0,0,0,5.000,0,0,0,0,0,0,0,0,0,0,0,0,0,0,0,0.000,0.000,0.000,,629,629,2982,0,1,39.658,221.899,40.980,222.820,0.000,0.000,624,619,12131,809,202,0,2127,3416,873,1,completed,completed,H.264,0,1,24,24,0,4,4,3,12,30,0,0,24903,23,0,0,0,0,0,97.658,174,215,157,148,157,0,67.512,23.134,146.028,2,0,548,42,590,0,173,32,0.447,0.553,0.929,1.000,0.156,37.000,0.333,0.667,0.000,duplicate-guard,1015,8711,0,0,629,8096,2127,21065,384,592,2,23,21073,predicted-useful,fec-grace,3541,0.000,228,590,0,4,0,0,0,14,16,14,16,222,3457,222,3457,0,0,0,pacing,1,0.806,11.083,119.083,0,0,14,16,0,0,0,0,5,10,10,0,773,2,2,sent,80,202,0,6,60,7,0,0,7,16,855,1,stale-age,3477,2605,126,0,1,9500000,1200000,2,0,2,24968,24966,30664700,1501,1851157,788,976858,0,0,0,0,0,11.265,41.325,276.250,4800.000,1289,45333,23386,10153,21947,11794,0.303,29.234,1.653,1289,5558555,8474090,1.809,2.131,0.528,15.667,45333,2127,638,21065,617,1503,7,200,200,407,36,65,3,11,25,0,0,0,0,0,0,0,0,0,0,164,0,1,0,4,4175,3416,3416,0,0,0,0,0,,disabled,,0,0,0,0,,1,Fixed Quality,Hybrid,85,30,9500,12000,640,360,H.264,480,270,518400,28178,518400,28178,0.054,0.000,,0,0,0.000,2.063,0.000,0.000,0.074,7250,6750,6750,19,19,0,1,9500,1.000,0,13.090,0.000,0,0,0.000,0.000,0,0,0,0,0.295,0.634,0.071,1,0,0,disabled,24,0,0,119,274,119,131,24,210,210,0,5,large-au-observed,0,,0,0,18.671,23.729,0,,0.000,0.000,0.000,0.000,0,0,0,,32,0,0,3.709,0,876,0.074,0.000,0.000,0.074,0.000,0.048,0.009,1,1,1,1,0,1,1,0,0,0,0,0,1.000,0.000,0.000,30,0,0.000,0,0,0,0.000,0.000,0.000,0.000,0.000,0.000,0.000,1.979,7.862,0,0,0,0,0,0,0,0,0.000,0.000,0.000,0.000,0.000,0.000,0,0.087,19.105,624,629,2982,40.797,222.907,50.366,222.907,11519.346,300,1,H.264,100.692,0,0,221.899,222.820,1.000,164.649,99.674,arrival-gap-jitter-spike,20757.251,0,1,1,1,1,32276.597,460.913,484.202,485.202,485.202,0,0,8,0,0,8,0,,,141.989,169.348,827,1,decoded,0,0,0,0,0,0,0,0,0,0,,105.976,0.000,108.842,0.909,0.000,107.547,131.172,stale-before-upload,0.000,872,0.000,112.785,3.271,0.076,0.802,0.484,0.000,0.318,1,0,0,1,3,0.064,17.064,19.105,17.623,17.046,1.000,RecoveryDeadline,0,1,0,1.000,0,2,2,1,0.060,0.000,0.060,0,100,0,24998,23427,1513,0,1405
33.281,Custom_loss6_delay0-100_dup0_reorder6_burst0,Loopback,1,1,0,,,0.000,0,21,900,15.178,21.021,13.433,109.452,102.455,29.581,62.112,28.879,0.064,0.255,24048,1634,22547,20913,3265,1918,222,978,816,162,147,0,20919,671,230,0,0,0,0,5.000,0,0,0,0,0,0,0,0,0,0,0,0,0,0,0,0.000,0.000,0.000,,647,647,3080,0,1,45.368,244.089,46.798,245.221,0.000,0.000,641,637,12484,833,208,0,2189,3510,902,1,nack-sent,pending,H.264,0,1,22,17,5,3,2,1,0,5,0,0,25645,10,0,0,0,0,0,53.241,181,222,162,153,162,0,67.777,22.920,146.028,2,0,567,44,611,0,182,32,0.449,0.551,0.928,1.000,0.150,45.000,0.300,0.700,0.000,duplicate-guard,1048,8935,0,0,647,8294,2189,21659,399,618,2,23,21666,predicted-useful,fec-grace,3642,0.000,235,611,0,4,0,0,0,14,16,14,16,229,3560,229,3560,0,0,0,pacing,1,0.790,8.752,116.752,0,0,14,16,0,0,0,0,5,10,10,0,773,2,2,sent,80,202,0,6,60,7,0,0,7,16,855,1,stale-age,3580,2680,130,0,1,9500000,1200000,0,0,0,25661,25661,31518735,1550,1911857,816,1011738,0,0,0,0,0,17.648,41.325,10748.500,4800.000,1324,46582,24037,10413,22545,12132,0.302,29.647,0.000,1324,6868360,15362636,0.374,-0.653,0.486,17.115,46582,2188,656,21654,641,1539,8,206,206,419,36,65,3,11,25,0,0,0,0,0,0,0,0,0,0,170,0,1,0,4,4295,3510,3510,0,0,0,0,0,,disabled,,0,0,0,0,,1,Fixed Quality,Hybrid,85,30,9500,12000,640,360,H.264,480,270,518400,26096,518400,26096,0.050,0.000,,0,0,0.000,2.613,0.000,0.000,0.114,6000,6250,6250,20,20,0,1,9500,0.820,1,17.648,0.000,0,0,0.000,0.000,0,0,0,0,0.296,0.632,0.072,1,0,0,latency-pressure-freshness-hold,22,0,0,123,286,123,137,26,218,218,0,5,large-au-observed,0,,0,0,16.770,21.976,0,,0.000,0.000,0.000,0.000,0,0,0,,33,0,0,4.084,0,903,0.114,0.000,0.000,0.113,0.000,0.079,0.010,1,1,1,1,0,1,1,0,0,0,1,0,0.860,33.337,0.000,26,0,0.000,0,0,0,0.000,0.000,0.000,0.000,0.000,0.000,0.000,2.485,34.963,0,0,0,0,0,0,0,0,0.000,0.000,0.000,0.000,0.000,0.000,0,0.124,21.021,641,647,3080,46.893,245.128,50.366,245.128,32602.826,882,1,H.264,131.339,0,0,244.089,245.221,1.000,205.669,130.280,arrival-gap-jitter-spike,678.825,0,1,1,1,1,33281.651,460.913,484.202,485.202,485.202,0,0,9,0,0,9,1,latency-pressure freshness,latency-over-80ms,156.440,169.348,883,1,H.264,0,0,0,0,0,0,0,0,0,0,,100.767,0.000,103.286,0.000,0.000,0.000,134.726,stale-before-decode,0.001,900,0.000,110.096,6.635,0.097,0.367,0.001,0.000,0.366,1,0,0,1,3,0.064,15.178,21.021,28.879,13.433,1.000,Jitter,1,1,0,2.000,1,2,2,1,0.060,0.000,0.060,0,100,0,25694,24094,1568,0,1453
34.282,Custom_loss6_delay0-100_dup0_reorder6_burst0,Loopback,1,1,0,,,0.000,0,21,924,25.745,20.356,23.417,95.740,102.473,58.026,61.985,8.354,0.064,0.252,24751,1684,23201,21517,3370,1979,231,1010,843,167,150,0,21523,693,234,0,0,0,0,5.000,0,0,0,0,0,0,0,0,0,0,0,0,0,0,0,0.000,0.000,0.000,,668,668,3167,0,1,46.182,244.089,47.196,245.221,0.000,0.000,662,658,12849,860,211,0,2247,3614,925,1,expired-no-slack,expired,H.264,1,1,23,22,1,5,4,3,12,40,0,3,26337,2,26337,2,0,0,0,168.809,191,231,167,158,167,0,67.844,22.928,146.028,2,0,591,45,636,0,195,32,0.453,0.547,0.929,1.000,0.141,45.000,0.400,0.600,0.000,duplicate-guard,1079,9148,0,0,664,8486,2247,22173,413,639,2,23,22179,predicted-useful,fec-grace,3745,0.174,244,636,0,4,0,0,0,15,17,15,17,238,3686,238,3686,0,0,0,pacing,1,0.762,11.444,119.444,0,0,15,17,0,0,0,0,5,10,10,0,773,2,2,sent,84,210,0,6,64,7,0,0,7,16,925,1,stale-age,3707,2749,134,0,1,9500000,1200000,10,0,10,26420,26410,32443539,1603,1977533,841,1042878,0,0,0,0,0,0.623,41.325,806.312,4800.000,1362,47923,24736,10734,23187,12453,0.303,1.718,1.810,1362,5843907,9298765,1.247,28.445,0.488,12.615,47923,2247,678,22173,665,1574,8,209,209,423,37,66,1,12,25,0,0,0,0,0,0,0,0,0,0,172,0,1,0,4,4418,3614,3614,0,0,0,0,0,,disabled,,0,0,0,0,,1,Fixed Quality,Hybrid,85,30,9500,12000,640,360,H.264,480,270,518400,27136,518400,27136,0.052,0.000,,0,0,0.000,2.225,0.000,0.000,0.066,7250,6500,6500,21,21,0,1,9500,1.000,0,16.136,0.000,0,0,0.000,0.000,0,0,0,0,0.300,0.629,0.071,1,0,0,disabled,23,0,0,127,294,127,141,26,226,226,0,5,large-au-observed,0,,0,0,17.859,22.851,0,,0.000,0.000,0.000,0.000,0,0,0,,34,0,0,5.454,0,929,0.066,0.000,0.000,0.066,0.000,0.044,0.007,1,1,1,1,0,1,1,0,0,0,0,0,1.000,0.000,0.000,30,0,0.000,0,0,0,0.000,0.000,0.000,0.000,0.000,0.000,0.000,2.150,9.596,0,0,0,0,0,0,0,0,0.000,0.000,0.000,0.000,0.000,0.000,0,0.095,20.356,662,668,3167,47.354,245.128,50.366,245.128,32602.826,882,1,H.264,131.339,0,0,244.089,245.221,1.000,205.669,130.280,arrival-gap-jitter-spike,1679.399,0,1,1,1,1,34282.225,460.913,484.202,485.202,485.202,0,0,9,0,0,9,0,,,156.440,169.348,883,1,H.264,0,0,0,0,0,0,0,0,0,0,,99.825,0.000,102.542,0.000,0.000,0.000,127.870,stale-before-decode,0.001,924,0.000,106.220,3.559,0.077,0.895,0.628,0.000,0.266,1,0,0,1,3,0.064,25.745,20.356,8.354,23.417,2.000,RecoveryDeadline,0,1,0,2.000,1,2,2,1,0.060,0.000,0.060,0,100,0,26444,24792,1610,0,1492
35.290,Custom_loss6_delay0-100_dup0_reorder6_burst0,Loopback,1,1,0,,,0.000,0,21,953,21.997,16.153,22.158,101.803,102.535,90.910,62.861,24.334,0.064,0.254,25556,1756,23977,22221,3461,2036,241,1031,862,169,153,0,22227,714,243,0,0,0,0,5.000,0,0,0,0,0,0,0,0,0,0,0,0,0,0,0,0.000,0.000,0.000,,688,688,3256,0,1,33.614,244.089,34.741,245.221,0.000,0.000,682,678,13278,883,219,0,2325,3727,957,1,nack-sent,pending,H.264,0,1,24,13,11,3,1,1,0,11,0,0,27270,9,0,0,0,0,0,52.946,198,241,169,160,169,0,67.812,23.040,146.028,2,0,610,46,656,0,202,32,0.451,0.549,0.930,1.000,0.137,45.000,0.300,0.700,0.000,duplicate-guard,1120,9475,0,0,687,8783,2325,22887,431,669,2,23,22891,predicted-useful,fec-grace,3870,0.458,252,656,0,4,0,0,0,15,17,15,17,246,3816,246,3816,0,0,0,pacing,1,0.807,4.764,112.764,0,0,15,17,0,0,0,0,5,10,10,0,773,2,2,sent,84,210,0,6,64,7,0,0,7,16,925,1,stale-age,3837,2843,138,0,1,9500000,1200000,0,0,0,27287,27287,33521363,1652,2038073,866,1074018,0,0,0,0,0,18.516,41.325,9258.938,4800.000,1406,49532,25555,11121,23977,12856,0.303,11.222,0.933,1406,5895511,9403284,0.843,29.333,0.484,12.033,49532,2325,699,22887,686,1631,8,217,217,436,37,66,1,12,25,0,0,0,0,0,0,0,0,0,0,180,0,1,0,4,4567,3727,3727,0,0,0,0,0,,disabled,,0,0,0,0,,1,Fixed Quality,Hybrid,85,30,9500,12000,640,360,H.264,480,270,518400,28178,518400,28178,0.054,0.000,,0,0,0.000,1.944,0.000,0.000,0.073,7250,6750,6750,22,22,0,1,9500,1.000,0,18.516,0.000,0,0,0.000,0.000,0,0,0,0,0.000,1.000,0.000,1,0,0,disabled,24,0,0,131,301,131,144,26,233,233,0,5,large-au-observed,0,,0,0,15.416,23.729,0,,0.000,0.000,0.000,0.000,0,0,0,,35,0,0,6.117,0,958,0.073,0.000,0.000,0.072,0.000,0.045,0.012,1,1,1,1,0,1,1,0,0,0,0,0,1.000,0.000,0.000,30,0,0.000,0,0,0,0.000,0.000,0.000,0.000,0.000,0.000,0.000,1.862,20.720,0,0,0,0,0,0,0,0,0.000,0.000,0.000,0.000,0.000,0.000,0,0.084,16.153,682,688,3256,34.682,245.128,50.366,245.128,32602.826,882,1,H.264,131.339,0,0,244.089,245.221,1.000,205.669,130.280,arrival-gap-jitter-spike,2686.989,0,1,1,1,1,35289.815,460.913,484.202,485.202,485.202,0,0,9,0,0,9,0,,,156.440,169.348,883,1,H.264,0,0,0,0,0,0,0,0,0,0,,102.752,0.000,105.490,0.000,0.000,0.000,130.901,stale-before-decode,0.001,953,0.000,111.257,5.660,0.075,0.918,0.686,0.000,0.232,1,0,0,1,3,0.064,21.997,16.153,24.334,22.158,1.000,RecoveryDeadline,0,1,0,2.000,1,2,2,1,0.060,0.000,0.060,0,100,0,27322,25598,1678,0,1541
36.296,Custom_loss6_delay0-100_dup0_reorder6_burst0,Loopback,1,1,0,,,0.000,0,21,981,18.418,19.605,18.073,101.842,102.452,27.534,61.822,70.804,0.064,0.255,26207,1804,24588,22784,3548,2090,247,1054,879,175,157,0,22790,733,251,0,0,0,0,5.000,0,0,0,0,0,0,0,0,0,0,0,0,0,0,0,0.000,0.000,0.000,,707,707,3349,0,1,123.525,244.089,125.098,245.221,0.000,0.000,701,697,13624,908,227,0,2388,3817,980,1,expired-no-slack,expired,H.264,1,1,22,20,2,6,3,3,11,39,2,1,27917,19,27927,1,0,0,0,170.700,207,247,175,164,175,0,67.660,22.967,146.028,2,0,631,48,679,0,210,34,0.456,0.544,0.929,1.000,0.139,45.000,0.273,0.727,0.000,duplicate-guard,1154,9725,0,0,705,9000,2388,23419,445,693,4,32,23426,predicted-useful,fec-grace,3976,0.318,260,679,0,4,0,0,0,15,17,15,17,252,3903,252,3903,0,0,0,pacing,1,0.783,9.979,117.979,0,0,15,17,0,0,0,0,6,12,12,0,966,2,2,sent,95,232,0,6,70,10,0,0,9,21,980,3,stale-age,3924,2920,142,0,1,9500000,1200000,6,0,6,28005,27999,34398001,1703,2101199,894,1108898,0,0,0,0,0,2.706,41.325,322.125,4800.000,1441,50793,26205,11404,24588,13184,0.303,30.639,0.082,1441,4344382,6923489,0.712,10.791,0.440,19.012,50793,2388,718,23419,707,1673,8,225,225,456,39,70,2,12,27,0,0,0,0,0,0,0,0,0,0,186,0,1,0,4,4680,3817,3817,0,0,0,0,0,,disabled,,0,0,0,0,,1,Fixed Quality,Hybrid,85,30,9500,12000,640,360,H.264,480,270,518400,26096,518400,26096,0.050,0.000,,0,0,0.000,2.602,0.000,0.000,0.114,6000,6250,6250,23,23,0,1,9500,0.820,1,14.637,0.000,0,0,0.000,0.000,0,0,0,0,0.305,0.624,0.071,1,0,0,fixed-pacing-queue-hold,22,0,0,135,310,135,147,28,240,240,0,5,large-au-observed,0,,0,0,17.892,21.976,0,,0.000,0.000,0.000,0.000,0,0,0,,36,0,0,4.368,0,984,0.114,0.000,0.000,0.113,0.000,0.078,0.010,1,1,1,1,0,1,1,0,0,0,0,0,1.000,0.000,0.000,24,0,0.000,0,0,0,0.000,0.000,0.000,0.000,0.000,0.000,0.000,2.474,10.215,0,0,0,0,0,0,0,0,0.000,0.000,0.000,0.000,0.000,0.000,0,0.163,19.605,701,707,3349,124.786,245.128,50.366,245.128,32602.826,882,1,H.264,131.339,0,0,244.089,245.221,1.000,205.669,130.280,arrival-gap-jitter-spike,3693.958,0,1,1,1,1,36296.784,460.913,484.202,485.202,485.202,0,0,9,0,0,9,0,,,156.440,169.348,883,1,H.264,0,0,0,0,0,0,0,0,0,0,,102.018,0.000,105.245,0.000,0.000,0.000,135.921,stale-before-decode,0.001,981,0.000,111.457,6.031,0.113,0.360,0.001,0.000,0.359,1,0,0,1,3,0.064,18.418,19.605,70.804,18.073,2.000,RecoveryDeadline,0,1,0,1.000,0,1,1,1,0.060,0.000,0.060,0,100,0,28035,26256,1740,0,1576
37.303,Custom_loss6_delay0-100_dup0_reorder6_burst0,Loopback,1,1,0,,,0.000,0,21,1006,14.341,19.530,19.388,94.124,102.435,26.691,60.818,28.147,0.065,0.254,26868,1866,25219,23353,3648,2146,258,1083,906,177,161,0,23359,752,256,0,0,0,0,5.000,0,0,0,0,0,0,0,0,0,0,0,0,0,0,0,0.000,0.000,0.000,,726,726,3443,0,1,40.568,244.089,41.584,245.221,0.000,0.000,720,716,13972,929,232,0,2441,3917,1008,1,fec-parity,pending,H.264,0,1,23,4,19,2,0,0,0,0,0,0,28703,14,0,0,0,0,0,28.130,213,258,177,166,177,0,67.634,22.914,146.028,2,0,650,50,700,0,216,34,0.452,0.548,0.929,1.000,0.136,44.000,0.000,0.000,0.000,insufficient-sample,1183,9965,0,0,722,9220,2441,23935,457,713,4,32,23942,predicted-useful,fec-grace,4069,0.000,267,700,0,4,0,0,0,15,17,15,17,259,3998,259,3998,0,0,0,pacing,1,0.769,12.141,120.141,0,0,15,17,0,0,0,0,6,12,12,0,966,2,2,sent,99,242,0,6,74,10,0,0,9,21,1005,1,stale-age,4019,2985,146,0,1,9500000,1200000,5,0,5,28710,28705,35268465,1753,2162983,919,1140038,0,0,0,0,0,4.841,41.325,509.938,4800.000,1479,52073,26862,11693,25211,13518,0.303,3.551,1.384,1479,5214092,8355940,1.357,8.464,0.513,7.295,52073,2441,737,23935,728,1705,8,230,230,466,40,72,2,12,28,0,0,0,0,0,0,0,0,0,0,190,0,1,0,4,4803,3917,3917,0,0,0,0,0,,disabled,,0,0,0,0,,1,Fixed Quality,Hybrid,85,30,9500,12000,640,360,H.264,480,270,518400,27138,518400,27138,0.052,0.000,,0,0,0.000,1.876,0.000,0.000,0.078,7250,6500,6500,24,24,0,1,9500,1.000,0,12.637,0.000,0,0,0.000,0.000,0,0,0,0,0.304,0.624,0.071,1,0,0,disabled,23,0,0,139,318,139,151,28,247,247,0,5,large-au-observed,0,,0,0,14.638,22.853,0,,0.000,0.000,0.000,0.000,0,0,0,,37,0,0,3.485,0,1009,0.078,0.000,0.000,0.077,0.000,0.058,0.006,1,1,1,1,0,1,1,0,0,0,0,0,1.000,0.000,0.000,30,0,0.000,0,0,0,0.000,0.000,0.000,0.000,0.000,0.000,0.000,1.791,7.606,0,0,0,0,0,0,0,0,0.000,0.000,0.000,0.000,0.000,0.000,0,0.094,19.530,720,726,3443,41.669,245.128,50.366,245.128,32602.826,882,1,H.264,131.339,0,0,244.089,245.221,1.000,205.669,130.280,arrival-gap-jitter-spike,4700.573,0,1,1,1,1,37303.399,460.913,484.202,485.202,485.202,0,0,9,0,0,9,0,,,156.440,169.348,883,1,H.264,0,0,0,0,0,0,0,0,0,0,,102.560,0.000,105.302,0.000,0.000,0.000,127.062,stale-before-decode,0.001,1006,0.000,109.850,4.423,0.077,0.917,0.670,0.000,0.247,1,0,0,1,3,0.065,14.341,19.530,28.147,19.388,1.000,Loss,0,1,0,0.000,1,1,1,1,0.060,0.000,0.060,0,100,0,28742,26915,1774,0,1620
38.310,Custom_loss6_delay0-100_dup0_reorder6_burst0,Loopback,1,1,0,,,0.000,0,21,1034,20.702,21.461,26.543,94.395,102.416,91.027,61.658,13.156,0.064,0.252,27658,1904,25953,24049,3769,2215,264,1123,939,184,167,0,24055,774,261,0,0,0,0,5.000,0,0,0,0,0,0,0,0,0,0,0,0,0,0,0,0.000,0.000,0.000,,748,748,3533,0,1,34.021,244.089,35.148,245.221,0.000,0.000,742,738,14394,958,237,0,2509,4040,1036,1,nack-suppressed-fec-grace,pending,H.264,0,1,24,14,10,1,0,1,8,18,0,1,29509,5,29534,0,0,0,0,70.572,221,264,184,173,184,0,67.259,23.150,146.028,2,0,671,52,723,0,225,34,0.456,0.544,0.928,1.000,0.131,44.000,0.000,1.000,0.000,insufficient-sample,1226,10269,0,0,743,9489,2509,24591,479,748,4,32,24597,predicted-useful,fec-grace,4185,0.750,276,723,0,4,0,0,0,15,17,15,17,268,4147,268,4147,0,0,0,pacing,1,0.818,12.441,120.441,0,0,15,17,0,0,0,0,6,12,12,0,966,2,2,sent,101,249,0,6,76,10,0,0,9,21,1021,4,stale-age,4168,3065,150,0,1,9500000,1200000,0,0,0,29527,29527,36278361,1806,2228341,944,1171186,0,0,0,0,0,10.240,41.325,305.188,4800.000,1522,53607,27654,12004,25953,13949,0.303,4.967,1.508,1522,5278761,8369288,2.401,19.639,0.497,14.437,53607,2509,759,24591,749,1752,8,235,235,474,40,72,2,12,28,0,0,0,0,0,0,0,0,0,0,195,0,1,0,4,4943,4040,4040,0,0,0,0,0,,disabled,,0,0,0,0,,1,Fixed Quality,Hybrid,85,30,9500,12000,640,360,H.264,480,270,518400,28178,518400,28178,0.054,0.000,,0,0,0.000,2.074,0.000,0.000,0.077,7250,6750,6750,25,25,0,1,9500,1.000,0,10.240,0.000,0,0,0.000,0.000,0,0,0,0,0.306,0.622,0.072,1,0,0,disabled,24,0,0,143,330,143,157,30,254,254,0,5,large-au-observed,0,,0,0,16.390,23.729,0,,0.000,0.000,0.000,0.000,0,0,0,,38,0,0,7.438,0,1037,0.077,0.000,0.000,0.076,0.000,0.052,0.009,1,1,1,1,0,1,1,0,0,0,0,0,1.000,0.000,0.000,30,0,0.000,0,0,0,0.000,0.000,0.000,0.000,0.000,0.000,0.000,1.988,31.512,0,0,0,0,0,0,0,0,0.000,0.000,0.000,0.000,0.000,0.000,0,0.098,21.461,742,748,3533,35.050,245.128,50.366,245.128,32602.826,882,1,H.264,131.339,0,0,244.089,245.221,1.000,205.669,130.280,arrival-gap-jitter-spike,5707.052,0,1,1,1,1,38309.878,460.913,484.202,485.202,485.202,0,0,9,0,0,9,0,,,156.440,169.348,883,1,H.264,0,0,0,0,0,0,0,0,0,0,,101.474,0.000,104.367,0.000,0.000,0.000,127.197,stale-before-decode,0.001,1034,0.000,110.904,6.416,0.075,0.832,0.589,0.000,0.242,1,0,0,1,3,0.064,20.702,21.461,13.156,26.543,1.000,Loss,0,1,0,0.000,1,1,1,1,0.060,0.000,0.060,0,100,0,29565,27708,1819,0,1671
39.311,Custom_loss6_delay0-100_dup0_reorder6_burst0,Loopback,1,1,0,,,0.000,0,21,1062,21.410,25.952,21.437,97.907,102.490,77.908,62.097,28.483,0.064,0.252,28449,1948,26684,24736,3857,2264,268,1153,961,192,172,0,24742,794,268,0,0,0,0,5.000,0,0,0,0,0,0,0,0,0,0,0,0,0,0,0,0.000,0.000,0.000,,768,768,3620,0,1,78.689,244.089,79.901,245.221,0.000,0.000,762,758,14784,986,244,0,2581,4147,1065,1,fec-recovered,pending,H.264,1,1,24,16,8,3,2,2,9,32,0,0,30380,19,0,0,0,0,0,46.100,224,268,192,181,192,0,67.199,23.232,146.028,2,0,686,58,744,0,229,34,0.455,0.545,0.922,1.000,0.129,44.000,0.000,1.000,0.000,insufficient-sample,1257,10511,0,0,763,9713,2581,25251,490,766,4,32,25256,predicted-useful,likely-arrival,4299,0.542,283,744,0,4,0,0,0,15,17,15,17,275,4254,275,4254,0,0,0,pacing,1,0.804,5.440,113.440,0,0,15,17,0,0,0,0,6,12,12,0,966,2,2,sent,105,260,0,6,80,10,0,0,9,21,1063,1,stale-age,4275,3152,154,0,1,9500000,1200000,0,0,0,30388,30388,37333361,1857,2291211,969,1201704,0,0,0,0,0,17.312,41.325,8616.500,3633.300,1562,55098,28417,12321,26681,14360,0.302,8.635,0.156,1562,4533874,7288836,1.029,13.087,0.562,12.327,55098,2581,779,25251,772,1801,8,242,242,487,40,72,2,12,28,0,0,0,0,0,0,0,0,0,0,202,0,1,0,4,5081,4147,4147,0,0,0,0,0,,disabled,,0,0,0,0,,1,Fixed Quality,Hybrid,85,30,9500,12000,640,360,H.264,480,270,518400,28178,518400,28178,0.054,0.000,,0,0,0.000,2.525,0.000,0.000,0.100,7250,6750,6750,25,25,0,1,9500,1.000,0,17.312,0.000,0,0,0.000,0.000,0,0,0,0,0.301,0.621,0.078,1,0,0,disabled,24,0,0,147,339,147,162,30,262,262,0,5,large-au-observed,0,,0,0,10.638,23.729,0,,0.000,0.000,0.000,0.000,0,0,0,,39,0,0,3.843,0,1066,0.099,0.000,0.000,0.099,0.000,0.066,0.012,1,1,1,1,0,1,1,0,0,0,0,0,1.000,0.000,0.000,30,0,0.000,0,0,0,0.000,0.000,0.000,0.000,0.000,0.000,0.000,2.416,20.437,0,0,0,0,0,0,0,0,0.000,0.000,0.000,0.000,0.000,0.000,0,0.135,25.952,762,768,3620,80.115,245.128,50.366,245.128,32602.826,882,1,H.264,131.339,0,0,244.089,245.221,1.000,205.669,130.280,arrival-gap-jitter-spike,6708.911,0,1,1,1,1,39311.737,460.913,484.202,485.202,485.202,0,0,9,0,0,9,0,,,156.440,169.348,883,1,H.264,0,0,0,0,0,0,0,0,0,0,,108.306,0.000,111.694,0.000,0.000,0.000,128.953,stale-before-decode,0.001,1062,0.000,116.861,5.003,0.095,0.362,0.001,0.000,0.361,1,0,0,1,3,0.064,21.410,25.952,28.483,21.437,1.000,RecoveryDeadline,0,1,0,3.000,1,3,3,1,0.060,0.000,0.060,0,100,0,30427,28497,1882,0,1728
40.317,Custom_loss6_delay0-100_dup0_reorder6_burst0,Loopback,1,1,0,,,0.000,0,21,1090,17.933,21.974,17.675,94.853,102.374,21.199,61.021,7.497,0.064,0.253,29121,1987,27304,25317,3960,2320,276,1188,986,202,176,0,25323,815,276,0,0,0,0,5.000,0,0,0,0,0,0,0,0,0,0,0,0,0,0,0,0.000,0.000,0.000,,788,788,3712,0,1,47.294,244.089,48.266,245.221,0.000,0.000,782,777,15135,1017,251,0,2639,4240,1092,1,fec-parity,pending,H.264,1,1,22,2,20,2,0,1,0,20,0,0,31084,2,0,0,0,0,0,41.359,232,276,202,191,202,0,67.105,22.993,146.028,2,0,712,59,771,0,238,36,0.457,0.543,0.923,1.000,0.131,45.000,0.375,0.625,0.143,duplicate-guard,1289,10729,0,0,779,9904,2639,25767,506,793,4,32,25771,predicted-useful,likely-arrival,4404,0.909,294,771,0,4,0,0,0,18,20,18,20,286,4423,286,4423,0,0,0,pacing,1,0.849,10.272,118.272,0,0,18,20,0,0,0,0,6,12,12,0,966,2,2,sent,107,267,0,6,82,10,0,0,9,21,1088,3,stale-age,4447,3221,158,0,1,9500000,1200000,0,0,0,31073,31073,38177166,1912,2359373,993,1231608,0,0,0,0,0,0.016,41.325,22852.312,1082.100,1599,56409,29115,12565,27294,14729,0.301,21.433,8.584,1599,4414767,7569259,2.850,-0.872,0.411,17.808,56409,2639,799,25767,795,1835,9,249,249,499,42,75,2,13,29,0,0,0,0,0,0,0,0,0,0,207,0,1,0,4,5195,4240,4240,0,0,0,0,0,,disabled,,0,0,0,0,,1,Fixed Quality,Hybrid,85,30,9500,12000,640,360,H.264,480,270,518400,26094,518400,26094,0.050,0.000,,0,0,0.000,1.810,0.000,0.000,0.071,7000,6250,6250,26,26,0,1,9500,0.977,1,7.806,0.000,0,0,0.000,0.000,0,0,0,0,0.301,0.623,0.077,1,0,0,fixed-pacing-queue-hold,22,1,1,151,350,151,167,32,270,270,1,5,decoder-sync-observed,0,,0,0,18.828,21.974,0,,0.000,0.000,0.000,0.000,0,0,0,,40,0,0,10.326,0,1092,0.071,0.000,0.000,0.071,0.000,0.048,0.008,1,1,1,1,0,1,1,0,0,0,0,0,1.000,0.000,0.000,24,0,0.000,0,0,0,0.000,0.000,0.000,0.000,0.000,0.000,0.000,1.704,14.992,0,0,0,0,0,0,0,0,0.000,0.000,0.000,0.000,0.000,0.000,0,0.090,21.974,782,788,3712,48.305,245.128,50.366,245.128,32602.826,882,1,H.264,131.339,0,0,244.089,245.221,1.000,205.669,130.280,arrival-gap-jitter-spike,7714.440,0,1,1,1,1,40317.266,460.913,484.202,485.202,485.202,0,0,10,0,0,10,1,latency-pressure freshness,latency-over-80ms,140.777,169.348,1064,1,decoded,0,0,0,0,0,0,0,0,0,0,,98.014,0.000,100.695,0.000,0.000,0.000,127.427,stale-before-upload,0.001,1090,0.000,106.777,6.031,0.074,1.087,0.850,0.000,0.237,1,0,0,1,3,0.064,17.933,21.974,7.497,17.675,1.000,Loss,0,1,0,0.000,1,1,1,1,0.060,0.000,0.060,0,100,0,31113,29169,1923,0,1777
41.318,Custom_loss6_delay0-100_dup0_reorder6_burst0,Loopback,1,1,0,,,0.000,0,21,1117,17.717,21.154,17.749,92.847,102.293,76.741,61.424,35.446,0.065,0.253,29815,2070,27985,25915,4050,2372,287,1213,1008,205,178,0,25921,833,282,0,0,0,0,5.000,0,0,0,0,0,0,0,0,0,0,0,0,0,0,0,0.000,0.000,0.000,,806,806,3809,0,1,20.034,244.089,20.997,245.221,0.000,0.000,800,795,15497,1038,257,0,2702,4343,1120,1,fec-parity,pending,H.264,1,1,23,3,20,1,0,0,0,0,0,0,31861,3,0,0,0,0,0,6.828,239,287,205,194,205,0,67.096,23.102,146.028,2,0,733,62,795,0,245,38,0.454,0.546,0.922,1.000,0.134,35.000,0.000,1.000,0.250,retransmit-late,1314,10944,0,0,796,10109,2702,26380,514,803,4,32,26384,predicted-useful,fec-grace,4508,0.130,302,795,0,4,0,0,0,18,20,18,20,294,4536,294,4536,0,0,0,pacing,1,0.762,5.500,113.500,0,0,18,20,0,0,0,0,6,12,12,0,966,2,2,sent,109,273,0,6,84,10,0,0,9,21,1116,3,stale-age,4560,3298,162,0,1,9500000,1200000,0,0,0,31849,31849,39132282,1965,2424889,1017,1261504,0,0,0,0,0,13.483,41.325,1750.438,3066.000,1638,57776,29805,12894,27971,15077,0.302,26.224,0.074,1638,5249311,8668136,0.939,55.542,0.510,12.974,57776,2702,817,26380,819,1874,9,255,255,512,44,79,2,13,31,0,0,0,0,0,0,0,0,0,0,211,0,1,0,4,5321,4343,4343,0,0,0,0,0,,disabled,,0,0,0,0,,1,Fixed Quality,Hybrid,85,30,9500,12000,640,360,H.264,480,270,518400,27136,518400,27136,0.052,0.000,,0,0,0.000,1.993,0.000,0.000,0.093,7250,6500,6500,27,27,0,1,9500,1.000,0,13.483,0.000,0,0,0.000,0.000,0,0,0,0,0.301,0.621,0.078,1,0,0,disabled,23,1,1,155,361,155,174,32,279,279,2,5,decoder-sync-observed,0,,0,0,15.050,22.851,0,,0.000,0.000,0.000,0.000,0,0,0,,41,0,0,6.319,0,1120,0.093,0.000,0.000,0.092,0.000,0.065,0.010,1,1,1,1,0,1,1,0,0,0,1,0,0.860,146.860,0.000,26,0,0.000,0,0,0,0.000,0.000,0.000,0.000,0.000,0.000,0.000,1.890,10.314,0,0,0,0,0,0,0,0,0.000,0.000,0.000,0.000,0.000,0.000,0,0.098,21.153,800,806,3809,20.999,245.128,50.366,245.128,32602.826,882,1,H.264,131.339,0,0,244.089,245.221,1.000,205.669,130.280,arrival-gap-jitter-spike,8714.869,0,1,1,1,1,41317.695,460.913,484.202,485.202,485.202,0,0,10,0,0,10,0,,,140.777,169.348,1064,1,decoded,0,0,0,0,0,0,0,0,0,0,,98.234,0.000,100.999,0.000,0.000,0.000,131.423,stale-before-upload,0.001,1117,0.000,106.149,5.031,0.075,0.841,0.608,0.000,0.233,1,0,0,1,3,0.065,17.717,21.154,35.446,17.749,1.000,Jitter,0,1,0,0.000,1,1,1,1,0.060,0.000,0.060,0,100,0,31890,29864,1975,0,1817
42.319,Custom_loss6_delay0-100_dup0_reorder6_burst0,Loopback,1,1,0,,,0.000,0,21,1143,17.271,17.189,17.133,87.711,102.365,49.030,61.114,30.979,0.064,0.252,30550,2094,28664,26570,4157,2435,302,1240,1032,208,180,0,26576,853,287,0,0,0,0,5.000,0,0,0,0,0,0,0,0,0,0,0,0,0,0,0,0.000,0.000,0.000,,826,826,3903,0,1,25.267,244.089,26.920,245.221,0.000,0.000,820,815,15878,1061,262,0,2768,4451,1145,1,fec-recovered,pending,H.264,0,1,24,13,11,3,1,1,1,13,0,0,32618,15,0,0,0,0,0,55.637,247,302,208,197,208,0,67.045,22.944,146.028,2,0,759,60,819,0,253,39,0.450,0.550,0.927,1.000,0.134,40.000,0.250,0.750,0.250,retransmit-late,1341,11209,0,0,813,10357,2768,27067,524,820,4,32,27071,predicted-useful,fec-grace,4620,0.542,310,819,0,4,0,0,0,18,20,18,20,302,4660,302,4660,0,0,0,pacing,1,0.760,10.390,118.390,0,0,18,20,0,0,0,0,6,12,12,0,966,2,2,sent,113,284,0,8,86,10,0,0,9,21,1144,3,stale-frame-lag,4684,3378,166,0,1,9500000,1200000,0,0,0,32621,32621,40078864,2019,2491491,1042,1292022,0,0,0,0,0,12.252,41.325,2280.812,4800.000,1678,59195,30544,13163,28651,15488,0.301,3.025,1.526,1678,4875789,8175549,1.313,38.891,0.423,7.901,59195,2768,837,27067,845,1914,9,260,260,519,45,81,2,13,32,0,0,0,0,0,0,0,0,0,0,215,0,1,0,4,5450,4451,4451,0,0,0,0,0,,disabled,,0,0,0,0,,1,Fixed Quality,Hybrid,85,30,9500,12000,640,360,H.264,480,270,518400,28176,518400,28176,0.054,0.000,,0,0,0.000,2.514,0.000,0.000,0.088,7250,6750,6750,28,28,0,1,9500,1.000,0,12.252,0.000,0,0,0.000,0.000,0,0,0,0,0.302,0.625,0.073,1,0,0,disabled,24,1,1,159,373,159,180,34,287,287,1,5,decoder-sync-observed,0,,0,0,17.817,23.727,0,,0.000,0.000,0.000,0.000,0,0,0,,42,0,0,4.945,0,1147,0.088,0.000,0.000,0.087,0.000,0.059,0.011,1,1,1,1,0,1,1,0,0,0,0,0,1.000,0.000,0.000,30,0,0.000,0,0,0,0.000,0.000,0.000,0.000,0.000,0.000,0.000,2.390,10.382,0,0,0,0,0,0,0,0,0.000,0.000,0.000,0.000,0.000,0.000,0,0.146,17.189,820,826,3903,26.638,245.128,50.366,245.128,32602.826,882,1,H.264,131.339,0,0,244.089,245.221,1.000,205.669,130.280,arrival-gap-jitter-spike,9716.699,0,1,1,1,1,42319.525,460.913,484.202,485.202,485.202,0,0,10,0,0,10,0,,,140.777,169.348,1064,1,decoded,0,0,0,0,0,0,0,0,0,0,,103.443,0.000,107.062,0.000,0.000,0.000,123.856,stale-before-upload,0.001,1143,0.000,114.640,7.396,0.110,0.347,0.001,0.000,0.346,1,0,0,1,3,0.064,17.271,17.189,30.979,17.133,1.000,Loss,0,1,0,1.000,0,1,1,1,0.060,0.000,0.060,0,100,0,32663,30600,2016,0,1869
43.324,Custom_loss6_delay0-100_dup0_reorder6_burst0,Loopback,1,1,0,,,0.000,0,21,1165,17.666,21.391,17.862,133.272,102.438,89.240,61.800,126.521,0.065,0.254,31264,2168,29359,27191,4255,2500,311,1261,1048,213,183,0,27197,868,296,0,0,0,0,5.000,0,0,0,0,0,0,0,0,0,0,0,0,0,0,0,0.000,0.000,0.000,,841,841,3996,0,1,173.125,244.089,174.169,245.221,0.000,0.000,835,830,16242,1081,271,0,2836,4550,1173,1,nack-sent,pending,H.264,0,1,24,10,14,1,0,1,0,14,0,0,33377,1,0,0,0,0,0,50.766,252,311,213,202,213,0,66.994,22.714,146.028,2,0,778,63,841,0,259,39,0.448,0.552,0.925,1.000,0.131,44.000,0.000,1.000,0.000,insufficient-sample,1373,11434,0,0,830,10559,2836,27718,539,843,4,32,27720,predicted-useful,fec-grace,4725,0.417,318,841,0,4,0,0,0,18,20,18,20,310,4791,310,4791,0,0,0,pacing,1,0.823,12.280,120.280,0,0,18,20,0,0,0,0,6,12,12,0,966,2,2,sent,116,291,0,8,89,10,0,0,9,21,1171,2,stale-age,4815,3460,170,0,1,9500000,1200000,0,0,0,33393,33393,41024872,2071,2555605,1068,1323784,0,0,0,0,0,17.983,41.325,8799.375,4800.000,1717,60598,31254,13529,29344,15815,0.302,34.633,1.993,1717,3814675,6302659,2.423,39.155,0.519,15.471,60598,2835,852,27704,869,1957,9,269,269,534,46,83,2,13,33,0,0,0,0,0,0,0,0,0,0,223,0,1,0,4,5572,4550,4550,0,0,0,0,0,,disabled,,0,0,0,0,,1,Fixed Quality,Hybrid,85,30,9500,12000,640,360,H.264,480,270,518400,0,518400,28178,0.054,0.000,,0,0,0.000,4.679,0.000,3.983,0.646,7250,6750,6750,28,28,0,1,9500,1.000,0,17.983,0.000,0,0,0.000,0.000,0,0,0,0,0.300,0.625,0.075,1,0,0,disabled,0,0,0,163,383,163,186,34,295,295,1,5,async-output-pending,0,,0,0,0.000,0.000,0,,17.891,11081.312,39583.333,0.000,0,0,0,,43,0,0,0.000,1,0,0.636,0.187,0.448,0.000,0.000,0.000,0.000,0,0,1,1,1,0,0,1,1,0,0,0,1.000,0.000,0.000,30,0,0.000,0,0,0,0.000,0.000,0.000,0.000,0.000,0.000,0.000,0.000,20.218,0,0,0,0,0,0,0,0,0.000,0.000,0.000,0.000,0.000,0.000,0,0.133,21.390,835,841,3996,174.165,245.128,50.366,245.128,32602.826,882,1,H.264,131.339,0,0,244.089,245.221,1.000,205.669,130.280,arrival-gap-jitter-spike,10721.105,0,1,1,1,1,43323.931,460.913,484.202,485.202,485.202,0,0,10,0,0,10,0,,,140.777,169.348,1064,1,decoded,0,0,0,0,0,0,0,0,0,0,,110.286,0.000,113.268,0.000,0.000,0.000,145.000,stale-before-upload,0.001,1165,0.000,118.036,4.611,0.086,0.854,0.631,0.000,0.223,1,0,0,1,3,0.065,17.666,21.391,126.521,17.862,2.000,Jitter,0,1,0,1.000,2,2,2,1,0.060,0.000,0.060,0,100,0,33436,31322,2067,0,1909
44.324,Custom_loss6_delay0-100_dup0_reorder6_burst0,Loopback,1,1,0,,,0.000,0,21,1198,14.955,17.806,13.092,95.988,102.471,82.136,62.284,26.840,0.064,0.256,31945,2193,29974,27781,4354,2553,321,1288,1070,218,192,0,27787,888,306,0,0,0,0,5.000,0,0,0,0,0,0,0,0,0,0,0,0,0,0,0,0.000,0.000,0.000,,858,858,4092,0,1,39.098,244.089,40.025,245.221,0.000,0.000,852,845,16592,1106,278,0,2898,4643,1200,1,fec-parity,pending,H.264,0,1,22,11,11,1,0,0,0,0,0,0,34105,16,0,0,0,0,0,38.435,262,321,218,207,218,0,66.942,22.938,146.028,2,0,803,65,868,0,272,39,0.449,0.551,0.925,1.000,0.125,45.000,0.667,0.333,0.000,stable,1403,11631,0,0,845,10733,2898,28240,554,866,4,32,28241,predicted-useful,likely-arrival,4829,0.909,327,868,0,4,0,0,0,18,20,18,20,319,4919,319,4919,0,0,0,pacing,1,0.808,9.136,117.136,0,0,18,20,0,0,0,0,6,12,12,0,966,2,2,sent,121,307,0,8,94,10,0,0,9,21,1189,4,stale-age,4943,3534,174,0,1,9500000,1200000,0,0,0,34104,34104,41901082,2126,2623769,1092,1353680,0,0,0,0,0,15.476,41.325,7925.438,1099.950,1754,61895,31936,13790,29959,16169,0.302,7.951,1.020,1754,5265374,8699116,1.226,29.903,0.447,14.834,61895,2898,871,28240,893,1994,11,276,276,545,46,83,2,13,33,0,0,0,0,0,0,0,0,0,0,229,1,1,0,4,5685,4643,4643,0,0,0,0,0,,disabled,,0,0,0,0,,1,Fixed Quality,Hybrid,85,30,9500,12000,640,360,H.264,480,270,518400,26094,518400,26094,0.050,0.000,,0,0,0.000,1.815,0.000,0.000,0.059,6000,6250,6250,29,29,0,1,9500,0.849,1,15.476,0.000,0,0,3.426,0.000,3732,0,0,0,0.000,0.000,1.000,1,0,0,latency-pressure-freshness-hold,22,1,1,167,393,167,190,36,303,303,1,5,decoder-sync-observed,0,,0,0,8.700,21.974,0,,0.000,0.000,0.000,0.000,0,0,0,,44,0,0,2.975,0,1201,0.059,0.000,0.000,0.059,0.000,0.039,0.005,1,1,1,1,0,1,1,0,0,0,0,0,1.000,0.000,0.000,27,0,0.000,0,0,0,0.000,0.000,0.000,0.000,0.000,0.000,0.000,1.727,7.082,0,0,0,0,0,0,0,0,0.000,0.000,0.000,0.000,0.000,0.000,0,0.090,17.806,852,858,4092,40.084,245.128,50.366,245.128,32602.826,882,1,H.264,131.339,0,0,244.089,245.221,1.000,205.669,130.280,arrival-gap-jitter-spike,11721.239,0,1,1,1,1,44324.065,460.913,484.202,485.202,485.202,0,0,12,0,0,12,2,latency-pressure freshness,latency-over-80ms,134.114,169.348,1173,1,decoded,0,0,0,0,0,0,0,0,0,0,,98.986,0.000,101.706,0.000,0.000,0.000,127.994,stale-before-upload,0.000,1198,0.000,107.196,5.667,0.085,0.857,0.560,0.000,0.297,1,0,0,1,3,0.064,14.955,17.806,26.840,13.092,1.000,Loss,0,1,0,1.000,2,2,2,1,0.060,0.000,0.060,0,100,0,34148,32000,2109,0,1959
45.331,Custom_loss6_delay0-100_dup0_reorder6_burst0,Loopback,1,1,0,,,0.000,0,21,1225,19.249,18.668,19.199,86.973,102.480,14.819,61.180,26.850,0.064,0.255,32602,2221,30568,28347,4458,2619,327,1315,1091,224,197,0,28353,908,311,0,0,0,0,5.000,0,0,0,0,0,0,0,0,0,0,0,0,0,0,0,0.000,0.000,0.000,,878,878,4177,0,1,23.813,244.089,25.100,245.221,0.000,0.000,872,864,16958,1132,284,0,2960,4751,1226,1,nack-sent,pending,H.264,0,1,23,10,13,2,0,1,0,13,0,0,34799,4,0,0,0,0,0,52.976,267,327,224,213,224,0,66.885,23.186,146.028,3,0,821,65,886,0,279,41,0.449,0.551,0.927,1.000,0.128,44.000,0.167,0.833,0.000,duplicate-guard,1433,11861,0,0,862,10941,2960,28804,567,888,4,32,28804,predicted-useful,fec-grace,4931,0.000,335,886,0,4,0,0,0,20,22,20,22,327,5038,327,5038,0,0,0,pacing,1,0.802,9.198,117.198,0,0,20,22,0,0,0,0,6,12,12,0,966,2,2,sent,123,315,0,8,96,10,0,0,9,21,1211,4,stale-age,5064,3606,178,0,1,9500000,1200000,0,0,0,34779,34779,42733070,2173,2681823,1116,1383576,0,0,0,0,0,14.381,41.325,5799.188,4064.100,1791,63167,32599,14058,30568,16510,0.301,22.256,5.258,1791,5096448,7758220,2.306,10.459,0.442,21.635,63167,2960,891,28804,917,2032,11,281,281,554,47,84,1,14,33,0,0,0,0,0,0,0,0,0,0,233,1,1,0,4,5808,4751,4751,0,0,0,0,0,,disabled,,0,0,0,0,,1,Fixed Quality,Hybrid,85,30,9500,12000,640,360,H.264,480,270,518400,0,518400,27136,0.052,0.000,,0,0,0.000,2.295,0.000,0.000,0.093,7250,6500,6500,30,30,0,1,9500,1.000,0,14.381,0.000,0,0,0.000,0.000,0,0,0,0,0.301,0.625,0.073,1,0,0,disabled,0,0,0,171,402,171,195,36,310,310,0,5,async-output-pending,0,,0,0,0.000,0.000,0,,0.000,0.000,0.000,0.000,0,0,0,,45,0,0,6.238,0,1227,0.093,0.000,0.000,0.092,0.000,0.063,0.010,1,1,1,1,0,1,1,0,1,0,0,0,1.000,0.000,0.000,30,0,0.000,0,0,0,0.000,0.000,0.000,0.000,0.000,0.000,0.000,0.000,11.953,0,0,0,0,0,0,0,0,0.000,0.000,0.000,0.000,0.000,0.000,0,0.108,18.669,872,878,4177,25.119,245.128,50.366,245.128,32602.826,882,1,H.264,131.339,0,0,244.089,245.221,1.000,205.669,130.280,arrival-gap-jitter-spike,12728.143,0,1,1,1,1,45330.969,460.913,484.202,485.202,485.202,0,0,12,0,0,12,0,,,134.114,169.348,1173,1,decoded,0,0,0,0,0,0,0,0,0,0,,101.492,0.000,104.902,7.760,0.000,99.890,123.487,stale-before-upload,0.001,1224,0.000,114.450,6.175,0.105,0.324,0.001,0.000,0.323,1,0,0,1,3,0.064,19.249,18.668,26.850,19.199,1.000,Loss,0,1,0,1.500,2,3,3,1,0.060,0.000,0.060,0,100,0,34824,32656,2149,0,1998
46.331,Custom_loss6_delay0-100_dup0_reorder6_burst0,Loopback,1,1,0,,,0.000,0,21,1252,20.337,22.951,18.493,104.911,102.485,66.046,61.291,4.208,0.064,0.253,33341,2275,31264,28989,4553,2668,332,1353,1117,236,200,0,28995,930,315,0,0,0,0,5.000,0,0,0,0,0,0,0,0,0,0,0,0,0,0,0,0.000,0.000,0.000,,899,899,4264,0,1,52.165,244.089,53.379,245.221,0.000,0.000,893,886,17310,1166,287,0,3019,4848,1253,1,fec-recovered,pending,H.264,1,1,24,20,4,3,1,3,13,37,0,0,35575,23,0,0,0,0,0,82.957,273,332,236,225,236,0,66.674,23.752,146.028,3,0,844,62,906,0,292,41,0.451,0.549,0.932,1.000,0.123,45.000,0.167,0.833,0.000,duplicate-guard,1465,12084,0,0,879,11142,3019,29370,582,910,4,32,29369,predicted-useful,likely-arrival,5038,0.208,343,906,0,4,0,0,0,20,22,20,22,335,5165,335,5165,0,0,0,pacing,1,0.774,8.552,116.552,0,0,20,22,0,0,0,0,6,12,12,0,966,2,2,sent,125,320,0,9,97,10,0,0,9,21,1252,2,stale-frame-lag,5191,3681,181,0,1,9500000,1200000,0,0,0,35596,35596,43736230,2223,2743449,1141,1414724,0,0,0,0,0,21.846,41.325,2346.125,4800.000,1831,64581,33325,14376,31256,16880,0.301,21.795,1.661,1831,4844892,7591614,1.598,18.613,0.484,14.457,64581,3019,913,29370,941,2067,11,284,284,562,47,84,1,14,33,0,0,0,0,0,0,0,0,0,0,236,1,1,0,4,5924,4848,4848,0,0,0,0,0,,disabled,,0,0,0,0,,1,Fixed Quality,Hybrid,85,30,9500,12000,640,360,H.264,480,270,518400,28176,518400,28176,0.054,0.000,,0,0,0.000,2.227,0.000,0.000,0.085,7250,6750,6750,31,31,0,1,9500,1.000,0,21.846,0.000,0,0,0.000,0.000,0,0,0,0,0.301,0.630,0.068,1,0,0,disabled,24,0,0,174,411,174,201,36,318,318,0,5,large-au-observed,0,,0,0,18.526,23.727,0,,0.000,0.000,0.000,0.000,0,0,0,,46,0,0,5.913,0,1255,0.085,0.000,0.000,0.084,0.000,0.055,0.010,1,1,1,1,0,1,1,0,0,0,1,0,0.860,154.028,0.000,26,0,0.000,0,0,0,0.000,0.000,0.000,0.000,0.000,0.000,0.000,2.126,31.452,0,0,0,0,0,0,0,0,0.000,0.000,0.000,0.000,0.000,0.000,0,0.103,22.951,893,899,4264,53.317,245.128,50.366,245.128,32602.826,882,1,H.264,131.339,0,0,244.089,245.221,1.000,205.669,130.280,arrival-gap-jitter-spike,13728.219,0,1,1,1,1,46331.045,460.913,484.202,485.202,485.202,0,0,12,0,0,12,0,,,134.114,169.348,1173,1,decoded,0,0,0,0,0,0,0,0,0,0,,103.915,0.000,106.773,0.000,0.000,0.000,132.456,stale-before-upload,0.001,1252,0.000,111.480,4.587,0.077,0.779,0.482,0.000,0.298,1,0,0,1,3,0.064,20.337,22.951,4.208,18.493,1.000,Loss,0,1,0,0.000,2,2,2,1,0.060,0.000,0.060,0,100,0,35642,33397,2200,0,2043
47.338,Custom_loss6_delay0-100_dup0_reorder6_burst0,Loopback,1,1,0,,,0.000,0,21,1278,19.495,21.166,19.468,82.556,102.521,188.792,64.124,21.113,0.064,0.253,34113,2349,32015,29666,4664,2740,340,1380,1137,243,204,0,29672,950,321,0,0,0,0,5.000,0,0,0,0,0,0,0,0,0,0,0,0,0,0,0,0.000,0.000,0.000,,919,919,4364,0,1,29.089,244.089,30.182,245.221,0.000,0.000,913,906,17725,1193,293,0,3089,4971,1280,1,fec-parity,pending,H.264,1,1,24,23,1,5,3,3,14,41,0,0,36369,15,0,0,0,0,0,89.757,278,340,243,232,243,0,66.695,23.617,146.028,3,0,864,66,930,0,299,41,0.450,0.550,0.929,1.000,0.121,45.000,0.286,0.714,0.000,duplicate-guard,1498,12322,0,0,897,11359,3089,30066,597,931,4,32,30065,predicted-useful,likely-arrival,5154,0.417,353,930,0,4,0,0,0,21,23,21,23,345,5328,345,5328,0,0,0,pacing,1,0.798,6.209,114.209,0,0,21,23,0,0,0,0,6,12,12,0,966,2,2,sent,127,325,0,9,99,10,0,0,9,21,1266,1,stale-age,5355,3766,185,0,1,9500000,1200000,11,0,11,36430,36419,44745110,2277,2810049,1166,1445872,0,0,0,0,0,0.693,41.325,1202.938,4800.000,1872,66084,34093,14695,31991,17296,0.301,8.587,0.073,1872,3938609,6880913,1.440,39.439,0.529,18.708,66084,3089,933,30066,968,2110,11,290,290,573,47,84,1,14,33,0,0,0,0,0,0,0,0,0,0,242,1,1,0,4,6067,4971,4971,0,0,0,0,0,,disabled,,0,0,0,0,,1,Fixed Quality,Hybrid,85,30,9500,12000,640,360,H.264,480,270,518400,28178,518400,28178,0.054,0.000,,0,0,0.000,2.079,0.000,0.000,0.074,7250,6750,6750,31,31,0,1,9500,1.000,0,15.986,0.000,0,0,0.000,0.000,0,0,0,0,0.299,0.630,0.071,1,0,0,disabled,24,0,0,178,422,178,206,38,327,327,0,5,large-au-observed,0,,0,0,17.866,23.729,0,,0.000,0.000,0.000,0.000,0,0,0,,47,0,0,6.777,0,1283,0.074,0.000,0.000,0.074,0.000,0.048,0.009,1,1,1,1,0,1,1,0,0,0,0,0,1.000,0.000,0.000,30,0,0.000,0,0,0,0.000,0.000,0.000,0.000,0.000,0.000,0.000,1.996,10.655,0,0,0,0,0,0,0,0,0.000,0.000,0.000,0.000,0.000,0.000,0,0.087,21.166,913,919,4364,30.097,245.128,50.366,245.128,32602.826,882,1,H.264,131.339,0,0,244.089,245.221,1.000,205.669,130.280,arrival-gap-jitter-spike,14734.936,0,1,1,1,1,47337.762,460.913,484.202,485.202,485.202,0,0,12,0,0,12,0,,,134.114,169.348,1173,1,decoded,0,0,0,0,0,0,0,0,0,0,,101.212,0.000,104.063,0.000,0.000,0.000,121.278,stale-before-upload,0.000,1278,0.000,109.462,5.301,0.073,0.891,0.652,0.000,0.239,1,0,0,1,3,0.064,19.495,21.166,21.113,19.468,2.000,RecoveryDeadline,0,1,0,1.333,3,4,4,1,0.060,0.000,0.060,0,100,0,36466,34167,2245,0,2094
48.338,Custom_loss6_delay0-100_dup0_reorder6_burst0,Loopback,1,1,0,,,0.000,0,21,1308,23.315,25.424,21.333,94.661,102.556,83.492,64.545,21.344,0.063,0.251,34943,2367,32761,30394,4777,2809,348,1415,1162,253,205,0,30400,974,327,0,0,0,0,5.000,0,0,0,0,0,0,0,0,0,0,0,0,0,0,0,0.000,0.000,0.000,,942,942,4453,0,1,20.202,244.089,21.546,245.221,0.000,0.000,936,929,18139,1227,298,0,3157,5091,1309,1,fec-recovered,pending,H.264,1,1,24,20,4,4,2,3,15,47,2,0,37257,7,37281,1,0,0,0,88.530,285,348,253,242,253,0,66.945,23.206,146.028,3,0,889,66,955,0,305,41,0.450,0.550,0.931,1.000,0.118,45.000,0.250,0.750,0.000,duplicate-guard,1533,12595,0,0,917,11612,3157,30710,612,951,4,32,30708,predicted-useful,fec-grace,5273,0.417,362,955,0,4,0,0,0,21,23,21,23,354,5481,354,5481,0,0,0,pacing,1,0.847,9.247,117.247,0,0,21,23,0,0,0,0,6,12,12,0,966,2,2,sent,129,330,0,9,101,10,0,0,9,21,1301,3,stale-age,5508,3850,189,0,1,9500000,1200000,4,0,4,37295,37291,45813188,2332,2877895,1196,1482618,0,0,0,0,0,6.837,41.325,619.000,4800.000,1918,67691,34931,15090,32760,17670,0.302,50.394,0.000,1918,7304526,10790192,1.333,10.492,0.419,20.180,67691,3157,957,30710,992,2154,11,295,295,579,48,85,1,15,33,0,0,0,0,0,0,0,0,0,0,246,1,1,0,4,6204,5091,5091,0,0,0,0,0,,disabled,,0,0,0,0,,1,Fixed Quality,Hybrid,85,30,9500,12000,640,360,H.264,480,270,518400,28178,518400,28178,0.054,0.000,,0,0,0.000,2.936,0.000,0.000,0.273,7250,6750,6750,31,31,0,1,9500,1.000,0,15.693,0.000,0,0,0.000,0.000,0,0,0,0,0.298,0.632,0.069,1,0,0,disabled,24,0,0,182,430,182,210,38,335,335,0,5,large-au-observed,0,,0,0,20.305,23.729,0,,0.000,0.000,0.000,0.000,0,0,0,,48,0,0,8.609,0,1311,0.272,0.000,0.000,0.272,0.000,0.237,0.012,1,1,1,1,0,1,1,0,0,0,0,0,1.000,0.000,0.000,30,0,0.000,0,0,0,0.000,0.000,0.000,0.000,0.000,0.000,0.000,2.651,14.393,0,0,0,0,0,0,0,0,0.000,0.000,0.000,0.000,0.000,0.000,0,0.140,25.424,936,942,4453,21.514,245.128,50.366,245.128,32602.826,882,1,H.264,131.339,0,0,244.089,245.221,1.000,205.669,130.280,arrival-gap-jitter-spike,15735.555,0,1,1,1,1,48338.381,460.913,484.202,485.202,485.202,0,0,12,0,0,12,0,,,134.114,169.348,1173,1,decoded,0,0,0,0,0,0,0,0,0,0,,103.833,0.000,107.504,0.000,0.000,0.000,127.331,stale-before-upload,0.001,1308,0.000,113.053,5.387,0.101,0.341,0.001,0.000,0.341,1,0,0,1,3,0.063,23.315,25.424,21.344,21.333,1.000,Loss,0,1,0,0.000,3,1,1,1,0.060,0.000,0.060,0,100,0,37339,34999,2297,0,2144
49.344,Custom_loss6_delay0-100_dup0_reorder6_burst0,Loopback,1,1,0,,,0.000,0,21,1335,26.384,24.864,26.135,100.974,102.513,83.492,64.545,5.789,0.064,0.249,35744,2438,33530,31092,4879,2869,352,1453,1188,265,205,0,31098,998,331,0,0,0,0,5.000,0,0,0,0,0,0,0,0,0,0,0,0,0,0,0,0.000,0.000,0.000,,966,966,4541,0,1,42.506,244.089,43.691,245.221,0.000,0.000,960,953,18520,1263,302,0,3223,5196,1339,1,retransmit-duplicate,pending,H.264,1,1,24,9,15,2,0,1,4,19,0,1,38182,2,38182,2,38182,2,1,37.443,292,352,265,254,265,0,66.934,23.046,146.028,3,0,912,72,984,0,316,41,0.453,0.547,0.927,1.000,0.115,45.000,0.600,0.400,0.000,stable,1562,12857,0,0,937,11860,3223,31405,621,965,4,32,31403,predicted-useful,fec-grace,5385,0.625,373,984,0,4,0,0,0,21,23,21,23,365,5668,365,5668,0,0,0,pacing,1,0.824,10.140,118.140,0,0,21,23,0,0,0,0,6,12,12,0,966,2,2,sent,130,333,0,9,102,10,0,0,9,21,1321,3,stale-age,5695,3925,193,0,1,9500000,1200000,11,0,11,38164,38153,46870040,2391,2950717,1222,1515010,0,0,0,0,0,0.674,41.325,1145.938,2272.500,1959,69243,35727,15443,33516,18073,0.302,9.880,2.167,1959,3380142,6131940,1.386,10.492,0.491,14.524,69243,3223,981,31405,1017,2195,11,299,299,590,48,85,1,15,33,0,0,0,0,0,0,0,0,0,0,250,1,1,0,4,6334,5196,5196,0,0,0,0,0,,disabled,,0,0,0,0,,1,Fixed Quality,Hybrid,85,30,9500,12000,640,360,H.264,480,270,518400,28176,518400,28176,0.054,0.000,,0,0,0.000,1.759,0.000,0.000,0.079,7250,6750,6750,31,31,0,1,9500,1.000,0,15.212,0.000,0,0,0.000,0.000,0,0,0,0,0.000,1.000,0.000,1,0,0,disabled,24,0,0,186,442,186,216,40,344,344,0,5,large-au-observed,0,,0,0,0.011,23.727,0,,0.000,0.000,0.000,0.000,0,0,0,,49,0,0,6.508,0,1340,0.078,0.000,0.000,0.078,0.000,0.054,0.008,1,1,1,1,0,1,1,0,0,0,1,0,0.860,32.437,0.000,26,0,0.000,0,0,0,0.000,0.000,0.000,0.000,0.000,0.000,0.000,1.672,10.637,0,0,0,0,0,0,0,0,0.000,0.000,0.000,0.000,0.000,0.000,0,0.094,24.864,960,966,4541,43.537,245.128,50.366,245.128,32602.826,882,1,H.264,131.339,0,0,244.089,245.221,1.000,205.669,130.280,arrival-gap-jitter-spike,16741.550,0,1,1,1,1,49344.376,460.913,484.202,485.202,485.202,0,0,12,0,0,12,0,,,134.114,169.348,1173,1,decoded,0,0,0,0,0,0,0,0,0,0,,101.773,0.000,104.770,0.000,0.000,0.000,130.487,stale-before-upload,0.000,1335,0.000,110.146,5.268,0.076,0.909,0.667,0.000,0.242,1,0,0,1,3,0.064,26.384,24.864,5.789,26.135,1.000,RecoveryDeadline,0,1,0,0.000,2,2,2,1,0.060,0.000,0.060,0,100,0,38202,35805,2355,0,2185
50.345,Custom_loss6_delay0-100_dup0_reorder6_burst0,Loopback,1,1,0,,,0.000,0,21,1364,22.677,23.658,20.829,92.721,102.459,1.176,63.197,30.505,0.064,0.248,36434,2482,34175,31693,4984,2926,361,1490,1214,276,207,0,31699,1019,336,0,0,0,0,5.000,0,0,0,0,0,0,0,0,0,0,0,0,0,0,0,0.000,0.000,0.000,,987,987,4635,0,1,73.618,244.089,74.602,245.221,0.000,0.000,981,973,18890,1295,307,0,3283,5302,1366,1,nack-sent,pending,H.264,1,1,22,13,9,4,2,2,5,24,0,1,38916,0,38916,0,0,0,0,47.789,295,361,276,262,276,0,66.731,22.986,146.028,3,0,935,71,1006,0,321,42,0.450,0.550,0.929,1.000,0.116,40.000,0.167,0.833,1.000,retransmit-late,1595,13093,0,0,955,12070,3283,31960,636,991,4,32,31958,predicted-useful,fec-grace,5487,0.682,381,1006,0,4,0,0,0,21,23,21,23,373,5784,372,5782,0,0,0,pacing,1,0.799,5.562,113.562,0,0,21,23,0,0,0,0,6,12,12,0,966,2,2,sent,134,347,0,9,106,10,0,0,9,21,1357,3,stale-age,5811,3995,197,0,1,9500000,1200000,0,0,0,38869,38869,47748027,2441,3012659,1246,1544906,0,0,0,0,0,18.846,41.325,10529.312,3467.450,1996,70588,36423,15686,34165,18479,0.301,5.456,2.074,1996,4090708,6832053,1.764,-8.070,0.492,12.712,70588,3282,1002,31951,1038,2232,12,304,304,601,50,90,4,16,34,0,0,0,0,0,0,0,0,0,0,253,1,1,0,4,6456,5302,5302,0,0,0,0,0,,disabled,,0,0,0,0,,1,Fixed Quality,Hybrid,85,30,9500,12000,640,360,H.264,480,270,518400,0,518400,26096,0.050,0.000,,0,0,0.000,5.001,0.000,4.337,0.635,6250,6250,6250,32,32,0,1,9500,0.880,1,18.846,0.000,0,0,0.000,0.000,0,0,0,0,0.000,1.000,0.000,1,0,0,latency-pressure-freshness-hold,0,0,0,190,452,190,222,40,352,352,2,5,async-output-pending,0,,0,0,0.000,0.000,0,,18.846,10529.312,43981.481,0.000,0,0,0,,50,0,0,0.000,1,0,0.623,0.148,0.474,0.000,0.000,0.000,0.000,0,0,1,1,1,0,0,1,1,0,0,0,1.000,0.000,0.000,27,0,0.000,0,0,0,0.000,0.000,0.000,0.000,0.000,0.000,0.000,0.000,21.213,0,0,0,0,0,0,0,0,0.000,0.000,0.000,0.000,0.000,0.000,0,0.085,23.658,981,987,4635,74.549,245.128,50.366,245.128,32602.826,882,1,H.264,131.339,0,0,244.089,245.221,1.000,205.669,130.280,arrival-gap-jitter-spike,17741.971,0,1,1,1,1,50344.797,460.913,484.202,485.202,485.202,0,0,13,0,0,13,1,latency-pressure freshness,latency-over-80ms,130.905,169.348,1351,1,decoded,0,0,0,0,0,0,0,0,0,0,,100.172,0.000,102.661,0.000,0.000,0.000,126.361,stale-before-upload,0.001,1364,0.000,106.630,4.359,0.074,0.870,0.634,0.000,0.236,1,0,0,1,3,0.064,22.677,23.658,30.505,20.829,1.000,Loss,0,1,0,1.000,1,1,1,1,0.060,0.000,0.060,0,100,0,38919,36492,2391,0,2232
51.353,Custom_loss6_delay0-100_dup0_reorder6_burst0,Loopback,1,1,0,,,0.000,0,21,1391,18.199,22.201,18.096,102.204,102.379,90.151,63.758,8.005,0.064,0.246,37150,2526,34841,32315,5091,2978,372,1530,1248,282,211,0,32321,1040,340,0,0,0,0,5.000,0,0,0,0,0,0,0,0,0,0,0,0,0,0,0,0.000,0.000,0.000,,1008,1008,4728,0,1,45.775,244.089,46.944,245.221,0.000,0.000,1002,994,19253,1322,311,0,3344,5407,1392,1,fec-recovered,pending,H.264,1,1,23,21,2,4,4,3,8,30,2,1,39602,8,39625,2,0,0,0,70.665,303,372,282,268,282,0,66.596,23.292,146.028,3,0,960,73,1033,0,331,43,0.449,0.551,0.929,1.000,0.115,45.000,0.250,0.750,0.000,duplicate-guard,1620,13292,0,0,971,12255,3344,32529,645,1005,4,32,32527,predicted-useful,fec-grace,5592,0.435,390,1033,0,4,0,0,0,22,24,22,24,382,5912,381,5910,0,0,0,pacing,1,0.751,13.215,121.215,0,0,22,24,0,0,0,0,6,12,12,0,966,2,2,sent,137,356,0,9,109,10,0,0,9,21,1384,2,stale-age,5940,4066,201,0,1,9500000,1200000,2,0,2,39636,39634,48691349,2497,3081907,1274,1579322,0,0,0,0,0,7.454,41.325,75.000,4301.700,2036,71987,37146,16009,34841,18832,0.301,45.514,0.000,2036,7179646,10175223,1.525,88.975,0.485,18.971,71987,3344,1023,32529,1069,2263,12,308,308,608,51,91,1,17,34,0,0,0,0,0,0,0,0,0,0,256,1,1,0,4,6578,5407,5407,0,0,0,0,0,,disabled,,0,0,0,0,,1,Fixed Quality,Hybrid,85,30,9500,12000,640,360,H.264,480,270,518400,27136,518400,27136,0.052,0.000,,0,0,0.000,2.362,0.000,0.000,0.106,7250,6500,6500,33,33,0,1,9500,1.000,0,10.619,0.000,0,0,0.000,0.000,0,0,0,0,0.293,0.636,0.071,1,0,0,disabled,23,0,0,194,463,194,227,42,361,361,0,5,large-au-observed,0,,0,0,0.191,22.851,0,,0.000,0.000,0.000,0.000,0,0,0,,51,0,0,5.915,0,1394,0.106,0.000,0.000,0.105,0.000,0.076,0.009,1,1,1,1,0,1,1,0,0,0,0,0,1.000,0.000,0.000,30,0,0.000,0,0,0,0.000,0.000,0.000,0.000,0.000,0.000,0.000,2.246,11.625,0,0,0,0,0,0,0,0,0.000,0.000,0.000,0.000,0.000,0.000,0,0.130,22.201,1002,1008,4728,47.000,245.128,50.366,245.128,32602.826,882,1,H.264,131.339,0,0,244.089,245.221,1.000,205.669,130.280,arrival-gap-jitter-spike,18750.196,0,1,1,1,1,51353.022,460.913,484.202,485.202,485.202,0,0,13,0,0,13,0,,,130.905,169.348,1351,1,decoded,0,0,0,0,0,0,0,0,0,0,,102.346,0.000,105.613,0.000,0.000,0.000,131.102,stale-before-upload,0.001,1391,0.000,111.786,6.025,0.114,0.349,0.001,0.000,0.348,1,0,0,1,3,0.064,18.199,22.201,8.005,18.096,1.000,RecoveryDeadline,0,1,0,2.000,1,2,2,1,0.060,0.000,0.060,0,100,0,39685,37212,2434,0,2272
52.358,Custom_loss6_delay0-100_dup0_reorder6_burst0,Loopback,1,1,0,,,0.000,0,21,1418,22.385,19.724,20.698,95.670,102.284,43.486,63.345,16.717,0.064,0.246,37798,2571,35441,32870,5176,3026,381,1555,1271,284,214,0,32876,1062,346,0,0,0,0,5.000,0,0,0,0,0,0,0,0,0,0,0,0,0,0,0,0.000,0.000,0.000,,1029,1029,4820,0,1,26.920,244.089,27.956,245.221,0.000,0.000,1023,1015,19602,1346,316,0,3402,5506,1420,1,nack-sent,pending,H.264,1,1,21,5,16,0,0,1,0,16,0,0,40358,5,0,0,0,0,0,27.448,310,381,284,270,284,0,66.598,23.145,146.028,3,0,978,76,1054,0,337,43,0.449,0.551,0.928,1.000,0.113,45.000,0.200,0.800,0.000,duplicate-guard,1649,13519,0,0,989,12461,3402,33116,656,1026,4,32,33114,predicted-useful,likely-arrival,5694,0.667,399,1054,0,4,0,0,0,22,24,22,24,391,6060,390,6058,0,0,0,pacing,1,0.832,9.143,117.143,0,0,22,24,0,0,0,0,6,12,12,0,966,2,2,sent,140,367,0,9,112,10,0,0,9,21,1407,4,stale-age,6088,4135,205,0,1,9500000,1200000,0,0,0,40330,40330,49548328,2544,3140269,1297,1607974,0,0,0,0,0,7.904,41.325,1099.875,1704.150,2072,73213,37779,16288,35434,19146,0.301,15.140,2.236,2072,3954389,6132616,1.880,61.847,0.503,13.038,73213,3402,1043,33116,1091,2299,12,313,313,618,51,91,1,17,34,0,0,0,0,0,0,0,0,0,0,261,1,1,0,4,6696,5506,5506,0,0,0,0,0,,disabled,,0,0,0,0,,1,Fixed Quality,Hybrid,85,30,9500,12000,640,360,H.264,480,270,518400,25054,518400,25054,0.048,0.000,,0,0,0.000,1.919,0.000,0.000,0.075,6000,6000,6000,34,34,0,1,9500,0.820,1,7.904,0.000,0,0,0.000,0.000,0,0,0,0,0.294,0.634,0.072,1,0,0,fixed-pacing-queue-hold,21,1,1,198,472,198,232,42,369,369,2,5,decoder-sync-observed,0,,0,0,8.080,21.098,0,,0.000,0.000,0.000,0.000,0,0,0,,52,0,0,6.298,0,1420,0.075,0.000,0.000,0.074,0.000,0.051,0.006,1,1,1,1,0,1,1,0,0,0,1,0,0.860,56.808,0.000,24,0,0.000,0,0,0,0.000,0.000,0.000,0.000,0.000,0.000,0.000,1.837,10.185,0,0,0,0,0,0,0,0,0.000,0.000,0.000,0.000,0.000,0.000,0,0.100,19.724,1023,1029,4820,27.769,245.128,50.366,245.128,32602.826,882,1,H.264,131.339,0,0,244.089,245.221,1.000,205.669,130.280,arrival-gap-jitter-spike,19755.457,0,1,1,1,1,52358.283,460.913,484.202,485.202,485.202,0,0,13,0,0,13,0,,,130.905,169.348,1351,1,decoded,0,0,0,0,0,0,0,0,0,0,,97.445,0.000,99.829,0.000,0.000,0.000,127.835,stale-before-upload,0.001,1418,0.000,104.255,4.308,0.074,0.873,0.610,0.000,0.264,1,0,0,1,3,0.064,22.385,19.724,16.717,20.698,1.000,RecoveryDeadline,0,1,0,0.000,1,1,1,1,0.060,0.000,0.060,0,100,0,40382,37858,2490,0,2309
53.365,Custom_loss6_delay0-100_dup0_reorder6_burst0,Loopback,1,1,0,,,0.000,0,21,1441,21.117,14.771,17.773,125.928,102.307,97.812,64.034,40.531,0.063,0.247,38416,2594,35999,33405,5271,3078,386,1590,1295,295,217,0,33411,1080,354,0,0,0,0,5.000,0,0,0,0,0,0,0,0,0,0,0,0,0,0,0,0.000,0.000,0.000,,1045,1045,4911,0,1,82.358,244.089,83.348,245.221,0.000,0.000,1039,1031,19941,1375,322,0,3462,5597,1441,1,retransmit-late-after-completed,completed,H.264,1,1,22,22,0,0,0,3,0,0,2,0,40988,3,40988,3,40988,3,1,124.849,321,386,295,281,295,0,66.640,22.980,146.028,3,0,1005,76,1081,0,352,44,0.454,0.546,0.930,1.000,0.111,45.000,0.333,0.667,0.000,duplicate-guard,1678,13711,0,0,1004,12633,3462,33627,670,1046,4,32,33624,predicted-useful,fec-grace,5792,0.636,408,1081,0,4,0,0,0,22,24,22,24,400,6182,399,6180,0,0,0,pacing,1,0.769,10.540,118.540,0,0,22,24,0,0,0,0,6,12,12,0,966,2,2,sent,144,382,0,9,116,10,0,0,9,21,1438,4,stale-age,6210,4206,209,0,1,9500000,1200000,0,0,0,40967,40967,50337678,2599,3208431,1321,1637572,0,0,0,0,0,0.009,41.325,23750.000,1080.150,2107,74400,38409,16545,35991,19446,0.301,18.680,3.275,2107,3875665,6334570,2.270,60.343,0.415,12.586,74400,3462,1061,33627,1116,2334,12,319,319,628,52,93,2,17,35,0,0,0,0,0,0,0,0,0,0,266,1,1,0,4,6804,5597,5597,0,0,0,0,0,,disabled,,0,0,0,0,,1,Fixed Quality,Hybrid,85,30,9500,12000,640,360,H.264,480,270,518400,0,518400,26096,0.050,0.000,,0,0,0.000,4.872,0.000,4.236,0.618,7250,6250,6250,35,35,0,1,9500,1.000,0,9.720,0.000,0,0,3.372,0.000,3732,0,0,0,0.000,0.333,0.667,1,0,0,disabled,0,0,0,202,483,202,237,44,377,377,1,5,async-output-pending,0,,0,0,0.000,0.000,0,,0.009,23750.000,39583.333,0.000,0,0,0,,53,0,0,0.000,1,0,0.609,0.176,0.431,0.000,0.000,0.000,0.000,0,0,1,1,1,0,0,1,1,0,0,0,1.000,0.000,0.000,30,0,0.000,0,0,0,0.000,0.000,0.000,0.000,0.000,0.000,0.000,0.000,34.964,0,0,0,0,0,0,0,0,0.000,0.000,0.000,0.000,0.000,0.000,0,0.097,14.771,1039,1045,4911,83.366,245.128,50.366,245.128,32602.826,882,1,H.264,131.339,0,0,244.089,245.221,1.000,205.669,130.280,arrival-gap-jitter-spike,20762.751,0,1,1,1,1,53365.577,460.913,484.202,485.202,485.202,0,0,13,0,0,13,0,,,130.905,169.348,1351,1,decoded,0,0,0,0,0,0,0,0,0,0,,96.722,0.000,99.223,0.000,0.000,0.000,129.429,stale-before-upload,0.001,1442,0.000,104.778,5.434,0.073,0.838,0.593,0.000,0.246,1,0,0,1,3,0.063,21.117,14.771,40.531,17.773,1.000,RecoveryDeadline,0,1,0,0.000,0,1,1,1,0.060,0.000,0.060,0,100,0,41020,38476,2525,0,2348
54.367,Custom_loss6_delay0-100_dup0_reorder6_burst0,Loopback,1,1,0,,,0.000,0,21,1470,18.908,16.661,13.603,105.952,102.445,55.922,63.875,6.583,0.063,0.249,39136,2630,36669,34039,5386,3152,397,1615,1317,298,222,0,34045,1097,364,0,0,0,0,5.000,0,0,0,0,0,0,0,0,0,0,0,0,0,0,0,0.000,0.000,0.000,,1061,1061,5004,0,1,45.088,244.089,46.305,245.221,0.000,0.000,1054,1045,20361,1395,331,0,3528,5713,1471,1,fec-recovered,pending,H.264,0,1,22,21,1,4,3,2,4,13,0,0,41752,11,0,0,0,0,0,78.586,330,397,298,284,298,0,66.666,22.986,146.028,3,0,1028,73,1101,0,360,45,0.454,0.546,0.934,1.000,0.111,45.000,0.333,0.667,0.000,duplicate-guard,1721,13943,0,0,1023,12831,3528,34165,693,1076,5,36,34161,predicted-useful,fec-grace,5899,0.227,414,1101,0,4,0,0,0,22,24,22,24,406,6272,405,6270,0,0,0,pacing,1,0.827,5.152,113.152,0,0,22,24,0,0,0,0,6,12,12,0,966,2,2,sent,146,387,0,10,117,10,0,0,9,21,1460,2,stale-frame-lag,6300,4289,213,0,1,9500000,1200000,5,5,0,41743,41738,51289834,2642,3261627,1342,1663704,0,0,0,0,0,0.554,41.325,820.875,268.850,2145,75789,39120,16908,36669,19761,0.302,21.515,3.212,2145,4928402,8308557,1.448,39.896,0.400,14.745,75789,3528,1078,34165,1139,2377,12,328,328,643,54,96,1,18,36,0,0,0,0,0,0,0,0,0,0,273,1,1,0,4,6951,5713,5713,0,0,0,0,0,,disabled,,0,0,0,0,,1,Fixed Quality,Hybrid,85,30,9500,12000,640,360,H.264,480,270,518400,26096,518400,26096,0.050,0.000,,0,0,0.000,2.629,0.000,0.000,0.094,6000,6250,6250,35,35,0,1,9500,0.820,1,18.823,0.000,0,0,4.000,0.835,28316,23644,0,0,0.300,0.634,0.066,1,0,0,latency-pressure-freshness-hold,22,1,1,206,493,206,243,44,385,385,1,5,keyframe-g4-priority,0,,0,0,20.821,21.976,0,,0.000,0.000,0.000,0.000,0,0,0,,54,0,0,12.277,0,1473,0.094,0.000,0.000,0.093,0.000,0.065,0.009,1,1,1,1,0,1,1,0,0,0,1,0,0.860,0.864,0.000,26,0,0.000,0,0,0,0.000,0.000,0.000,0.000,0.000,0.000,0.000,2.488,16.937,0,0,0,0,0,0,0,0,0.000,0.000,0.000,0.000,0.000,0.000,0,0.111,16.661,1054,1061,5004,46.246,245.128,50.366,245.128,32602.826,882,1,H.264,131.339,0,0,244.089,245.221,1.000,205.669,130.280,arrival-gap-jitter-spike,21763.979,0,1,1,1,1,54366.805,460.913,484.202,485.202,485.202,0,0,15,0,0,15,2,latency-pressure freshness,latency-over-80ms,148.883,169.348,1459,1,H.264,0,0,0,0,0,0,0,0,0,0,,106.191,0.000,107.160,0.000,0.000,0.000,132.976,stale-before-decode,0.001,1470,0.000,111.841,5.369,0.096,0.319,0.001,0.000,0.318,1,0,0,1,3,0.063,18.908,16.661,6.583,13.603,1.000,Loss,0,1,0,1.000,0,2,2,1,0.060,0.000,0.060,0,100,0,41792,39199,2574,0,2398
55.372,Custom_loss6_delay0-100_dup0_reorder6_burst0,Loopback,1,1,0,,,0.000,0,21,1497,17.704,14.965,14.915,92.641,102.537,91.660,64.409,17.789,0.064,0.251,39797,2719,37333,34614,5477,3213,409,1630,1331,299,225,0,34620,1115,373,0,0,0,0,5.000,0,0,0,0,0,0,0,0,0,0,0,0,0,0,0,0.000,0.000,0.000,,1077,1077,5097,0,1,72.934,244.089,74.275,245.221,0.000,0.000,1070,1060,20715,1414,338,0,3589,5808,1499,1,fec-parity,pending,H.264,0,1,22,2,20,1,0,0,0,0,0,0,42499,5,0,0,0,0,0,8.275,341,409,299,285,299,0,66.605,23.049,146.028,3,0,1052,73,1125,0,367,46,0.455,0.545,0.935,1.000,0.111,44.000,0.571,0.429,0.000,duplicate-guard,1749,14154,0,0,1039,13022,3589,34720,705,1096,5,36,34716,predicted-useful,likely-arrival,6000,0.636,422,1125,0,4,0,0,0,22,24,22,24,414,6385,413,6383,0,0,0,pacing,1,0.765,7.415,115.415,0,0,22,24,0,0,0,0,6,12,12,0,966,2,2,sent,151,400,0,10,122,10,0,0,9,21,1493,4,stale-age,6413,4362,217,1,1,9500000,1200000,0,0,0,42467,42467,52190338,2671,3297743,1351,1674932,0,0,0,0,0,11.563,41.325,3598.562,4800.000,2183,77115,39786,17208,37329,20121,0.302,25.739,0.000,2183,4452611,7247770,0.792,39.065,0.538,16.672,77115,3589,1096,34720,1163,2414,12,335,335,652,56,99,1,19,37,0,0,0,0,0,0,0,0,0,0,278,1,1,0,4,7072,5808,5808,0,0,0,0,0,,disabled,,0,0,0,0,,1,Fixed Quality,Hybrid,85,30,9500,12000,640,360,H.264,480,270,518400,26096,518400,26096,0.050,0.000,,0,0,0.000,1.970,0.000,0.000,0.088,6750,6250,6250,35,35,0,1,9500,0.951,1,11.563,0.000,0,0,0.000,0.000,0,0,0,0,0.303,0.632,0.065,1,0,0,fixed-pacing-queue-hold,22,0,0,209,501,209,248,44,392,392,0,5,large-au-observed,0,,0,0,13.336,21.976,0,,0.000,0.000,0.000,0.000,0,0,0,,54,0,0,6.274,0,1499,0.088,0.000,0.000,0.088,0.000,0.062,0.009,1,1,1,1,0,1,1,0,0,0,0,0,1.000,0.000,0.000,24,0,0.000,0,0,0,0.000,0.000,0.000,0.000,0.000,0.000,0.000,1.873,10.596,0,0,0,0,0,0,0,0,0.000,0.000,0.000,0.000,0.000,0.000,0,0.091,14.965,1070,1077,5097,73.980,245.128,50.366,245.128,32602.826,882,1,H.264,131.339,0,0,244.089,245.221,1.000,205.669,130.280,arrival-gap-jitter-spike,22769.595,0,1,1,1,1,55372.421,460.913,484.202,485.202,485.202,0,0,15,0,0,15,0,,,148.883,169.348,1459,1,H.264,0,0,0,0,0,0,0,0,0,0,,100.514,0.000,103.040,0.380,0.000,96.744,126.321,stale-before-decode,0.001,1495,0.000,108.733,3.925,0.075,0.794,0.520,0.000,0.275,1,0,0,1,3,0.064,17.704,14.965,17.789,14.915,2.000,RecoveryDeadline,0,1,0,1.000,1,1,1,1,0.060,0.000,0.060,0,100,0,42522,39860,2616,0,2441
56.379,Custom_loss6_delay0-100_dup0_reorder6_burst0,Loopback,1,1,0,,,0.000,0,21,1523,18.852,19.410,18.215,102.784,102.561,28.676,63.735,61.368,0.064,0.251,40548,2771,38041,35270,5586,3267,420,1667,1363,304,232,0,35276,1134,380,0,0,0,0,5.000,0,0,0,0,0,0,0,0,0,0,0,0,0,0,0,0.000,0.000,0.000,,1095,1095,5192,0,1,113.189,244.089,114.413,245.221,0.000,0.000,1088,1079,21113,1438,344,0,3650,5923,1524,1,fec-parity,pending,H.264,0,1,23,21,2,5,4,2,7,17,0,0,43232,16,0,0,0,0,0,101.964,348,420,304,290,304,0,66.686,22.970,146.028,3,0,1075,76,1151,0,375,48,0.453,0.547,0.934,1.000,0.113,45.000,0.200,0.800,0.000,duplicate-guard,1783,14410,0,0,1058,13250,3650,35318,720,1124,5,36,35314,deferred-likely-arrival,likely-arrival,6104,0.391,434,1151,0,4,0,0,0,23,25,23,25,426,6560,425,6558,0,0,0,pacing,1,0.726,3.055,111.055,0,0,23,25,0,0,0,0,6,12,12,0,966,2,2,sent,155,408,0,12,124,10,0,0,9,21,1520,4,stale-age,6589,4433,221,1,1,9500000,1200000,4,0,4,43276,43272,53180764,2726,3366003,1376,1706072,0,0,0,0,0,8.879,41.325,811.250,4800.000,2225,78573,40544,17529,38029,20500,0.302,23.730,0.000,2225,6623952,9635378,1.651,18.655,0.454,14.598,78573,3650,1115,35318,1187,2451,12,341,341,660,58,101,1,21,37,0,0,0,0,0,0,0,0,0,0,282,1,1,0,4,7212,5923,5923,0,0,0,0,0,,disabled,,0,0,0,0,,1,Fixed Quality,Hybrid,85,30,9500,12000,640,360,H.264,480,270,518400,27136,518400,27136,0.052,0.000,,0,0,0.000,1.726,0.000,0.000,0.075,7250,6500,6500,36,36,0,1,9500,1.000,0,12.738,0.000,0,0,0.000,0.000,0,0,0,0,0.302,0.632,0.066,1,0,0,disabled,23,0,0,213,511,213,253,45,400,400,0,5,large-au-observed,0,,0,0,16.409,22.851,0,,0.000,0.000,0.000,0.000,0,0,0,,55,0,0,5.494,0,1527,0.075,0.000,0.000,0.075,0.000,0.049,0.009,1,1,1,1,0,1,1,0,0,0,0,0,1.000,0.000,0.000,30,0,0.000,0,0,0,0.000,0.000,0.000,0.000,0.000,0.000,0.000,1.644,9.622,0,0,0,0,0,0,0,0,0.000,0.000,0.000,0.000,0.000,0.000,0,0.097,19.410,1088,1095,5192,114.228,245.128,50.366,245.128,32602.826,882,1,H.264,131.339,0,0,244.089,245.221,1.000,205.669,130.280,arrival-gap-jitter-spike,23776.225,0,1,1,1,1,56379.051,460.913,484.202,485.202,485.202,0,0,15,0,0,15,0,,,148.883,169.348,1459,1,H.264,0,0,0,0,0,0,0,0,0,0,,101.437,0.000,104.185,0.000,0.000,0.000,136.392,stale-before-decode,0.000,1523,0.000,109.117,4.820,0.074,0.779,0.501,0.000,0.278,1,0,0,1,3,0.064,18.852,19.410,61.368,18.215,2.000,RecoveryDeadline,0,1,0,2.000,1,2,2,1,0.060,0.000,0.060,0,100,0,43328,40612,2669,0,2494
57.385,Custom_loss6_delay0-100_dup0_reorder6_burst0,Loopback,1,1,0,,,0.000,0,21,1553,19.667,17.242,18.871,105.177,102.643,84.069,64.112,27.314,0.064,0.252,41377,2811,38816,36005,5708,3336,428,1704,1396,308,240,0,36011,1155,390,0,0,0,0,5.000,0,0,0,0,0,0,0,0,0,0,0,0,0,0,0,0.000,0.000,0.000,,1115,1115,5281,0,1,22.354,244.089,23.533,245.221,0.000,0.000,1108,1099,21538,1463,353,0,3725,6046,1554,1,nack-sent,pending,H.264,0,1,24,15,9,5,2,2,5,25,0,0,44133,3,0,0,0,0,0,69.321,354,428,308,294,308,0,66.778,23.025,146.028,3,0,1093,76,1169,0,380,49,0.453,0.547,0.935,1.000,0.114,43.000,0.667,0.333,0.000,insufficient-sample,1818,14720,0,0,1079,13534,3725,36026,734,1150,5,36,36020,predicted-useful,fec-grace,6226,0.667,440,1169,0,4,0,0,0,23,25,23,25,432,6661,431,6659,0,0,0,pacing,1,0.844,9.417,117.417,0,0,23,25,0,0,0,0,6,12,12,0,966,2,2,sent,161,427,0,12,130,10,0,0,9,21,1550,4,stale-age,6690,4527,224,0,1,9500000,1200000,0,0,0,44133,44133,54236210,2773,3424055,1400,1735968,0,0,0,0,0,18.075,41.325,9039.250,4800.000,2270,80189,41373,17937,38816,20879,0.302,2.216,1.169,2270,5704805,9116463,1.210,26.002,0.460,10.212,80189,3724,1136,36017,1211,2501,12,350,350,676,59,102,1,22,37,0,0,0,0,0,0,0,0,0,0,290,1,1,0,4,7356,6046,6046,0,0,0,0,0,,disabled,,0,0,0,0,,1,Fixed Quality,Hybrid,85,30,9500,12000,640,360,H.264,480,270,518400,0,518400,28178,0.054,0.000,,0,0,0.000,0.008,0.000,0.000,0.003,7250,6750,6750,37,37,0,1,9500,1.000,0,18.075,0.000,0,0,0.000,0.000,0,0,0,0,0.303,0.632,0.065,1,0,0,disabled,0,0,0,217,519,217,257,45,408,408,0,5,async-output-pending,0,,0,0,0.000,0.000,0,,0.000,0.000,0.000,0.000,0,0,0,,56,0,0,0.000,1,0,0.000,0.000,0.000,0.000,0.000,0.000,0.000,0,0,0,0,0,0,0,0,1,1,1,1,0.860,180.000,1.500,26,0,0.000,0,0,0,0.000,0.000,0.000,0.000,0.000,0.000,0.000,0.000,10.518,0,0,0,0,0,0,0,0,0.000,0.000,0.000,0.000,0.000,0.000,0,0.129,17.242,1108,1115,5281,23.465,245.128,50.366,245.128,32602.826,882,1,H.264,131.339,0,0,244.089,245.221,1.000,205.669,130.280,arrival-gap-jitter-spike,24781.962,0,1,1,1,1,57384.788,460.913,484.202,485.202,485.202,0,0,15,0,0,15,0,,,148.883,169.348,1459,1,H.264,0,0,0,0,0,0,0,0,0,0,,106.365,0.000,109.793,0.000,0.000,0.000,132.589,stale-before-decode,0.001,1553,0.000,115.348,5.402,0.091,0.262,0.001,0.000,0.262,1,0,0,1,3,0.064,19.667,17.242,27.314,18.871,1.000,Loss,0,1,0,0.000,0,1,1,1,0.060,0.000,0.060,0,100,0,44190,41446,2715,0,2554
58.391,Custom_loss6_delay0-100_dup0_reorder6_burst0,Loopback,1,1,0,,,0.000,0,21,1581,16.762,16.523,16.933,115.250,102.636,96.686,64.704,10.314,0.064,0.254,42174,2865,39563,36698,5822,3405,438,1733,1417,316,246,0,36704,1172,400,0,0,0,0,5.000,0,0,0,0,0,0,0,0,0,0,0,0,0,0,0,0.000,0.000,0.000,,1132,1132,5378,0,1,47.912,244.089,49.345,245.221,0.000,0.000,1125,1116,21946,1488,363,0,3797,6156,1583,1,nack-sent,pending,H.264,0,1,24,10,14,3,0,1,0,14,0,0,45008,10,0,0,0,0,0,48.645,362,438,316,302,316,0,66.650,23.124,146.028,3,0,1119,77,1196,0,390,52,0.453,0.547,0.936,1.000,0.118,35.000,0.000,1.000,0.500,retransmit-late,1855,15014,0,0,1098,13799,3797,36771,752,1179,5,36,36765,predicted-useful,fec-grace,6340,0.583,449,1196,0,4,0,0,0,23,25,23,25,441,6792,440,6790,0,0,0,pacing,1,0.728,10.805,118.805,0,0,23,25,0,0,0,0,6,12,12,0,966,2,2,sent,162,430,0,12,131,10,0,0,9,21,1579,3,stale-age,6821,4614,229,1,1,9500000,1200000,0,0,0,45000,45000,55298674,2830,3494389,1427,1769604,0,0,0,0,0,14.650,41.325,5253.125,4800.000,2311,81730,42168,18283,39562,21279,0.302,19.448,0.194,2311,4720156,7693577,1.130,23.325,0.463,18.426,81730,3797,1153,36771,1238,2547,12,360,360,692,62,106,1,24,38,0,0,0,0,0,0,0,0,0,0,297,1,1,0,4,7492,6156,6156,0,0,0,0,0,,disabled,,0,0,0,0,,1,Fixed Quality,Hybrid,85,30,9500,12000,640,360,H.264,480,270,518400,28176,518400,28176,0.054,0.000,,0,0,0.000,2.264,0.000,0.000,0.118,7250,6750,6750,37,37,0,1,9500,1.000,0,14.650,0.000,0,0,0.000,0.000,0,0,0,0,0.303,0.633,0.064,1,0,0,disabled,24,0,0,221,530,221,262,47,417,417,0,5,large-au-observed,0,,0,0,17.654,23.727,0,,0.000,0.000,0.000,0.000,0,0,0,,57,0,0,6.881,0,1584,0.117,0.000,0.000,0.117,0.000,0.075,0.015,1,1,1,1,0,1,1,0,0,0,1,0,0.860,98.799,0.000,26,0,0.000,0,0,0,0.000,0.000,0.000,0.000,0.000,0.000,0.000,2.126,11.976,0,0,0,0,0,0,0,0,0.000,0.000,0.000,0.000,0.000,0.000,0,0.111,16.523,1125,1132,5378,49.238,245.128,50.366,245.128,32602.826,882,1,H.264,131.339,0,0,244.089,245.221,1.000,205.669,130.280,arrival-gap-jitter-spike,25788.595,0,1,1,1,1,58391.421,460.913,484.202,485.202,485.202,0,0,15,0,0,15,0,,,148.883,169.348,1459,1,H.264,0,0,0,0,0,0,0,0,0,0,,104.531,0.000,107.394,0.000,0.000,0.000,137.625,stale-before-decode,0.001,1581,0.000,113.101,5.571,0.083,0.384,0.056,0.000,0.328,1,0,0,1,3,0.064,16.762,16.523,10.314,16.933,1.000,RecoveryDeadline,0,1,0,0.000,4,2,2,1,0.060,0.000,0.060,0,100,0,45058,42242,2770,0,2603
59.396,Custom_loss6_delay0-100_dup0_reorder6_burst0,Loopback,1,1,0,,,0.000,0,21,1608,17.468,20.619,19.517,104.422,102.649,25.236,63.999,8.624,0.064,0.255,42924,2932,40285,37353,5913,3461,445,1758,1435,323,249,0,37359,1190,408,0,0,0,0,5.000,0,0,0,0,0,0,0,0,0,0,0,0,0,0,0,0.000,0.000,0.000,,1150,1150,5475,0,1,47.507,244.089,48.622,245.221,0.000,0.000,1143,1134,22320,1513,371,0,3865,6258,1609,1,fec-recovered,pending,H.264,0,1,24,21,3,5,3,2,7,23,0,0,45792,19,0,0,0,0,0,84.771,369,445,323,309,323,0,66.694,22.988,146.028,3,0,1140,80,1220,0,399,52,0.453,0.547,0.934,1.000,0.115,45.000,0.167,0.833,0.000,duplicate-guard,1884,15233,0,0,1115,13999,3865,37457,764,1198,5,36,37449,predicted-useful,fec-grace,6450,0.208,457,1220,0,4,0,0,0,23,25,23,25,449,6929,448,6927,0,0,0,pacing,1,0.841,10.353,118.353,0,0,23,25,0,0,0,0,6,12,12,0,966,2,2,sent,164,436,0,12,133,10,0,0,9,21,1593,2,stale-age,6958,4696,232,0,1,9500000,1200000,0,0,0,45804,45804,56283918,2884,3560991,1453,1801996,0,0,0,0,0,26.812,41.325,6291.375,4800.000,2351,83186,42907,18607,40279,21672,0.302,4.381,1.650,2351,4862789,7949773,1.347,4.370,0.522,12.122,83186,3865,1171,37457,1262,2591,12,368,368,709,63,107,1,25,38,0,0,0,0,0,0,0,0,0,0,304,1,1,0,4,7620,6258,6258,0,0,0,0,0,,disabled,,0,0,0,0,,1,Fixed Quality,Hybrid,85,30,9500,12000,640,360,H.264,480,270,518400,28178,518400,28178,0.054,0.000,,0,0,0.000,2.091,0.000,0.000,0.082,7250,6750,6750,37,37,0,1,9500,1.000,0,26.812,0.000,0,0,0.000,0.000,0,0,0,0,0.302,0.632,0.066,1,0,0,disabled,24,0,0,225,540,225,268,47,425,425,0,5,large-au-observed,0,,0,0,17.218,23.729,0,,0.000,0.000,0.000,0.000,0,0,0,,58,0,0,6.000,0,1611,0.082,0.000,0.000,0.082,0.000,0.059,0.007,1,1,1,1,0,1,1,0,0,0,1,0,0.860,156.892,0.000,26,0,0.000,0,0,0,0.000,0.000,0.000,0.000,0.000,0.000,0.000,1.991,29.189,0,0,0,0,0,0,0,0,0.000,0.000,0.000,0.000,0.000,0.000,0,0.107,20.619,1143,1150,5475,48.655,245.128,50.366,245.128,32602.826,882,1,H.264,131.339,0,0,244.089,245.221,1.000,205.669,130.280,arrival-gap-jitter-spike,26792.940,0,1,1,1,1,59395.766,460.913,484.202,485.202,485.202,0,0,15,0,0,15,0,,,148.883,169.348,1459,1,H.264,0,0,0,0,0,0,0,0,0,0,,102.224,0.000,105.384,0.000,0.000,0.000,132.211,stale-before-decode,0.001,1608,0.000,110.797,5.278,0.095,0.273,0.001,0.000,0.272,1,0,0,1,3,0.064,17.468,20.619,8.624,19.517,1.000,Loss,0,1,0,1.000,1,1,1,1,0.060,0.000,0.060,0,100,0,45863,42994,2828,0,2649
60.398,Custom_loss6_delay0-100_dup0_reorder6_burst0,Loopback,1,1,0,,,0.000,0,21,1636,14.816,15.024,16.985,94.414,102.578,55.733,63.854,24.955,0.064,0.257,43639,2967,40948,37981,6004,3511,454,1786,1459,327,253,0,37987,1207,418,0,0,0,0,5.000,0,0,0,0,0,0,0,0,0,0,0,0,0,0,0,0.000,0.000,0.000,,1167,1167,5569,0,1,41.412,244.089,42.538,245.221,0.000,0.000,1160,1151,22689,1534,381,0,3929,6355,1637,1,fec-recovered,pending,H.264,0,1,22,21,1,5,4,2,7,21,0,0,46568,17,0,0,0,0,0,81.128,377,454,327,312,327,0,66.653,22.932,146.028,3,0,1161,80,1241,0,407,52,0.454,0.546,0.936,1.000,0.113,45.000,0.333,0.667,0.000,duplicate-guard,1918,15468,0,0,1133,14205,3929,38067,780,1227,5,36,38058,predicted-useful,fec-grace,6554,0.409,464,1241,0,4,0,0,0,23,25,23,25,455,7028,454,7026,0,0,0,pacing,1,0.801,8.758,116.758,0,0,23,25,0,0,0,0,6,12,12,0,966,2,2,sent,169,448,0,13,135,11,0,0,10,24,1634,2,stale-age,7057,4773,236,0,1,9500000,1200000,13,0,13,46575,46561,57211315,2935,3623861,1478,1833144,0,0,0,0,0,0.566,41.325,5737.188,4800.000,2388,84552,43615,18902,40937,22035,0.302,13.949,1.123,2388,4405606,6862437,0.809,9.596,0.468,16.557,84552,3929,1187,38067,1286,2631,12,378,378,726,64,108,1,26,38,0,0,0,0,0,0,0,0,0,0,313,1,1,0,4,7746,6355,6355,0,0,0,0,0,,disabled,,0,0,0,0,,1,Fixed Quality,Hybrid,85,30,9500,12000,640,360,H.264,480,270,518400,26096,518400,26096,0.050,0.000,,0,0,0.000,1.719,0.000,0.000,0.074,6000,6250,6250,38,38,0,1,9500,0.820,1,15.930,0.000,0,0,0.000,0.000,0,0,0,0,0.304,0.632,0.064,1,0,0,fixed-pacing-queue-hold,22,0,0,229,550,229,273,48,433,433,0,5,large-au-observed,0,,0,0,17.683,21.976,0,,0.000,0.000,0.000,0.000,0,0,0,,59,0,0,2.839,0,1639,0.074,0.000,0.000,0.073,0.000,0.051,0.008,1,1,1,1,0,1,1,0,0,0,0,0,1.000,0.000,0.000,24,0,0.000,0,0,0,0.000,0.000,0.000,0.000,0.000,0.000,0.000,1.637,6.929,0,0,0,0,0,0,0,0,0.000,0.000,0.000,0.000,0.000,0.000,0,0.114,15.024,1160,1167,5569,42.407,245.128,50.366,245.128,32602.826,882,1,H.264,131.339,0,0,244.089,245.221,1.000,205.669,130.280,arrival-gap-jitter-spike,27794.839,0,1,1,1,1,60397.665,460.913,484.202,485.202,485.202,0,0,15,0,0,15,0,,,148.883,169.348,1459,1,H.264,0,0,0,0,0,0,0,0,0,0,,90.394,0.000,93.156,0.000,0.000,0.000,127.207,stale-before-decode,0.001,1636,0.000,98.468,5.165,0.095,0.345,0.001,0.000,0.344,1,0,0,1,3,0.064,14.816,15.024,24.955,16.985,1.000,RecoveryDeadline,0,1,0,5.000,1,5,5,1,0.060,0.000,0.060,0,100,0,46621,43711,2880,0,2695
