timeSec,scenarioName,networkRuntimeMode,networkModeSendingEnabled,networkModeReceivingEnabled,networkExperimentActive,networkExperimentScenarioName,networkExperimentAdaptiveMode,networkExperimentRemainingSec,networkExperimentStepIndex,networkExperimentStepCount,frameId,receiveFps,decodeFps,displayFps,currentLatencyMs,averageLatencyMs,currentRttMs,averageRttMs,currentJitterMs,packetLossRate,frameDropRate,receivedPackets,missingPackets,sequenceGapPackets,sequenceGapRecoveredPackets,duplicatePackets,duplicateOriginalPackets,duplicateRetransmitPackets,duplicateLateAfterCompletedPackets,duplicateLateAfterCompletedOriginalPackets,duplicateLateAfterCompletedRetransmitPackets,duplicateLateAfterExpiredPackets,duplicateLateAfterRejectedPackets,reorderedPackets,completedFrames,droppedFrames,deadlineDroppedFrames,outputQueueDroppedFrames,outputQueueDropEvents,outputQueueDropBurstEvents,startupWarmupSec,startupWarmupActive,outputQueueDroppedFramesDelta,outputQueueDropEventsDelta,outputQueueDropBurstEventsDelta,startupOutputQueueDroppedFrames,startupOutputQueueDropEvents,startupOutputQueueDropBurstEvents,steadyOutputQueueDroppedFrames,steadyOutputQueueDropEvents,steadyOutputQueueDropBurstEvents,evaluationOutputQueueDroppedFrames,evaluationOutputQueueDropEvents,evaluationOutputQueueDropBurstEvents,lastOutputQueueDropFrameCount,lastOutputQueueDropQueueSize,lastOutputQueueDropOldestAgeMs,lastOutputQueueDropNewestAgeMs,maxOutputQueueDropOldestAgeMs,lastOutputQueueDropReason,completedQueuePushes,completedQueuePops,completedQueueEmptyPolls,completedQueueSize,maxCompletedQueueSize,completedQueueLastPopAgeMs,completedQueueMaxPopAgeMs,completedQueueLastPushIntervalMs,completedQueueMaxPushIntervalMs,lastOutputQueueDropPopAgeMs,lastOutputQueueDropPushIntervalMs,decodedFrames,displayedFrames,frameRecoveryOutcomeEvents,frameRecoveryCompletedFrames,frameRecoveryExpiredFrames,frameRecoveryRejectedFrames,frameRecoveryNackSentFrames,frameRecoveryFecRecoveredFrames,frameRecoveryLastFrameId,frameRecoveryLastStreamId,frameRecoveryLastEvent,frameRecoveryLastOutcome,frameRecoveryLastCodec,frameRecoveryLastKeyFrame,frameRecoveryLastLargeFrame,frameRecoveryLastChunkCount,frameRecoveryLastReceivedChunks,frameRecoveryLastMissingChunks,frameRecoveryLastFecParityPackets,frameRecoveryLastFecRecoveredChunks,frameRecoveryLastNackCount,frameRecoveryLastPostNackReceivedChunks,frameRecoveryLastNackRequestedChunks,frameRecoveryLastRetransmitReceivedChunks,frameRecoveryLastRetransmitDuplicatePackets,frameRecoveryLastPacketSequence,frameRecoveryLastPacketChunkIndex,frameRecoveryLastRetransmitSequence,frameRecoveryLastRetransmitChunkIndex,frameRecoveryLastEventPacketSequence,frameRecoveryLastEventPacketChunkIndex,frameRecoveryLastEventWasRetransmit,frameRecoveryLastAgeMs,retransmitUsefulChunks,retransmitDuplicatePackets,retransmitLateAfterCompletedPackets,retransmitLateAfterCompletedLargePackets,retransmitLateAfterCompletedSentBeforeCompletePackets,retransmitLateAfterCompletedSentAfterCompletePackets,retransmitLateAfterCompletedAvgSendToCompleteMs,retransmitLateAfterCompletedAvgDelayMs,retransmitLateAfterCompletedMaxDelayMs,retransmitLateAfterExpiredPackets,retransmitLateAfterRejectedPackets,retransmitClassifiedPackets,retransmitNotArrivedPackets,retransmitAccountedPackets,retransmitUnclassifiedPackets,retransmitCompletedFrames,retransmitExpiredFrames,retransmitUsefulnessRatio,retransmitDuplicateRatio,retransmitFinalClassificationRatio,retransmitFinalAccountingRatio,retransmitExpiredAfterUsefulRatio,dynamicNackDeadlineMs,dynamicNackUsefulnessRatio,dynamicNackDuplicateRatio,dynamicNackExpiredAfterRetransmitRatio,dynamicNackDecisionReason,nackSuppressedFrames,nackSuppressedMissingChunks,nackPreflightSuppressedFrames,nackPreflightSuppressedChunks,nackFecGraceSuppressedFrames,nackFecGraceSuppressedChunks,nackPredictedUsefulFrames,nackPredictedUsefulChunks,nackDeferredForLikelyArrivalFrames,nackDeferredForLikelyArrivalChunks,nackSkippedTooLateFrames,nackSkippedTooLateChunks,nackRequestedChunkBudget,nackLastShapingReason,nackLastSuppressionReason,ackCount,lastAckMissingRate,ackRetransmittedFrames,ackRetransmittedChunks,repairCanceledByCompleteAckPackets,repairSkippedByTtlPackets,repairQueuedButCanceledPackets,repairSentAfterCompleteAckPackets,repairSentAfterCompleteAckLargePackets,repairSuppressedByFecLikelyFrames,repairSuppressedByFecLikelyPackets,repairSuppressedByFecLikelyLargeFrames,repairSuppressedByFecLikelyLargePackets,repairBudgetSuppressedFrames,repairBudgetSuppressedPackets,repairBudgetSuppressedLargeFrames,repairBudgetSuppressedLargePackets,repairRaceGuardSuppressedFrames,repairRaceGuardSuppressedPackets,repairRaceGuardSuppressedLargePackets,repairBudgetProfile,repairBudgetProfileSwitches,repairBudgetSmoothedMissingRate,repairBudgetSmoothedPacingQueueDelayMs,repairBudgetSmoothedDeliveryMs,repairFecLikelySuppressedCompletedFrames,repairFecLikelySuppressedCompletedPackets,repairFecLikelySuppressedExpiredFrames,repairFecLikelySuppressedExpiredPackets,repairFecLikelySuppressedPendingFrames,repairFecLikelySuppressedPendingPackets,repairFecLikelySuppressionRescueFrames,repairFecLikelySuppressionRescuePackets,h264KeyTinyMissingCriticalFrames,h264KeyTinyMissingCriticalPackets,h264KeyTinyMissingCriticalSentPackets,h264KeyTinyMissingCriticalSkippedPackets,h264KeyTinyMissingCriticalLastFrameId,h264KeyTinyMissingCriticalLastAckMissingChunks,h264KeyTinyMissingCriticalLastRequestedChunks,h264KeyTinyMissingCriticalLastEvent,lateRepairSavedPackets,ackStaleDroppedFrames,ackKeyFrameRequests,ackKeyFramePending,pacingEnabled,pacingTargetBitrateBps,pacingRepairTargetBitrateBps,pacingQueuedPackets,pacingHighPriorityQueuedPackets,pacingNormalQueuedPackets,pacingEnqueuedPackets,pacingSentPackets,pacingSentBytes,pacingRepairSentPackets,pacingRepairSentBytes,pacingRepairBorrowedPackets,pacingRepairBorrowedBytes,pacingDroppedPackets,pacingDeadlineDroppedPackets,pacingHighPriorityDeadlineDroppedPackets,pacingNormalDeadlineDroppedPackets,pacingOverflowDroppedPackets,pacingCurrentQueueDelayMs,pacingMaxQueueDelayMs,pacingVideoCreditBytes,pacingRepairCreditBytes,transportFeedbackPackets,transportFeedbackPacketStatuses,transportFeedbackReceivedPackets,transportFeedbackMissingPackets,transportFeedbackSequenceGapPackets,transportFeedbackSequenceGapRecoveredPackets,transportFeedbackLossRate,transportFeedbackArrivalJitterMs,transportFeedbackQueueDelayTrendMs,transportFeedbackLastSequence,estimatedBandwidthBps,deliveryRateBps,bandwidthQueueDelayMs,bandwidthRttTrendMs,bandwidthLossTrend,bandwidthJitterTrendMs,bandwidthFeedbackSamples,deadlineNackSentFrames,deadlineNackRecoveredFrames,deadlineNackMissingChunks,deadlineNackSentH264KeyFrames,deadlineNackSentH264LargeFrames,deadlineNackSentH264DeltaFrames,deadlineNackExpiredDroppedFrames,deadlineNackExpiredAfterNackFrames,deadlineNackExpiredMissingChunks,deadlineNackExpiredH264KeyFrames,deadlineNackExpiredH264KeyMissingChunks,deadlineNackLastExpiredH264KeyMissingChunks,deadlineNackExpiredH264KeyMissingChunks1,deadlineNackExpiredH264KeyMissingChunks2To4,deadlineNackExpiredH264KeyMissingChunks5To8,deadlineNackExpiredH264KeyMissingChunks9To16,deadlineNackExpiredH264KeyMissingChunks17Plus,h264KeySmallMissingDeadlineRescueFrames,h264KeySmallMissingDeadlineRescueMissingChunks,h264KeySmallMissingDeadlineRescueCompletedFrames,h264KeySmallMissingDeadlineRescueRejectedFrames,h264KeySmallMissingDeadlineRescueExpiredFrames,h264KeySmallMissingDeadlineRescueCompletedMissingChunks,h264KeySmallMissingDeadlineRescueExpiredMissingChunks,deadlineNackExpiredH264LargeFrames,deadlineNackExpiredH264DeltaFrames,fecEnabled,adaptiveFecEnabled,fecGroupChunkCount,fecParityPackets,fecRecoveredFrames,fecRecoveredChunks,h264ReassemblerAuRejectedFrames,h264ReassemblerHeaderFailures,h264ReassemblerPayloadSizeMismatches,h264ReassemblerFrameIdMismatches,h264ReassemblerCrcMismatches,h264ReassemblerLastRejectReason,adaptiveFecDecisionReason,adaptiveFecHoldReason,adaptiveFecG8ToG4Recovery,adaptiveFecQualityHoldActive,adaptiveFecQualityHoldCanceled,adaptiveFecEmergencyG2Active,adaptiveFecEarlyOffReason,adaptiveEnabled,adaptiveControlMode,adaptiveCongestionControlMode,targetJpegQuality,targetFps,targetBitrateKbps,adaptiveBandwidthCeilingKbps,targetWidth,targetHeight,actualCodec,actualEncodeWidth,actualEncodeHeight,actualRawFrameBytes,actualEncodedFrameBytes,rawFrameBytes,encodedFrameBytes,compressionRatio,captureFps,cameraCaptureSubtype,cameraCaptureWidth,cameraCaptureHeight,cameraCaptureFormatFps,encodeMs,resizeMs,nv12PrepareMs,h264EncodeMs,h264EncoderRequestedBitrateKbps,h264EncoderTargetBitrateKbps,h264EncoderAppliedBitrateKbps,h264DynamicBitrateUpdateRequests,h264DynamicBitrateUpdateSuccesses,h264DynamicBitrateUpdateFailures,h264EncoderReinitializations,pacingBudgetTargetBitrateKbps,h264VideoBudgetScale,pacingBurstGuardActive,fixedPacingRecentMaxQueueDelayMs,fixedPacingQueueReleaseStableSec,fixedPacingQueueRecovered,fixedPacingQueueReleaseEligible,adaptiveRepairBudgetUtilization,adaptiveRepairBorrowedRatio,adaptiveRepairSentBytesDelta,adaptiveRepairBorrowedBytesDelta,adaptiveRepairBudgetGuardActive,adaptiveRepairVideoBudgetPressure,adaptiveRetransmitUsefulRatio,adaptiveLateRepairWasteRatio,adaptiveRetransmitNotArrivedRatio,adaptiveRetransmitAccountingComplete,adaptiveLateRepairWastePressure,adaptiveRetransmitNotArrivedPressure,adaptiveRepairDecisionReason,h264AuChunkCount,h264AuIsIdr,h264AuIsDecoderSync,h264RequestedKeyFrameConsumedFrames,h264EncoderKeyFrameRequests,h264RecoveryKeyFrameRequests,h264AwaitingSyncKeyFrameRequests,h264PeriodicIdrRequests,h264IdrFrames,h264DecoderSyncFrames,h264ConsecutiveIdrFrames,h264MaxConsecutiveIdrFrames,h264AuProtectionLevel,h264AuDroppedBeforeSend,h264AuDropReason,h264AuDroppedBytes,h264AuDroppedChunks,h264AuPacingQueueDelayMs,h264AuEstimatedSendMs,h264InputGatedByPacing,h264InputGateReason,h264InputGateQueueDelayMs,h264InputGateVideoCreditBytes,h264InputGateFrameBudgetBytes,h264InputGateDurationMs,h264InputGateConsecutiveFrames,h264InputGateSkippedInputFrames,h264InputGateForcedOpen,h264InputGateReleaseReason,fecProtectedH264KeyFrames,fecProtectedH264LargeFrames,h264EncoderDelayFrames,h264EncoderDelayMs,h264EncoderPendingFrames,h264EncodedInputFrameId,h264EncoderCallMs,h264EncoderSampleCreateMs,h264EncoderProcessInputMs,h264EncoderPreInputPollMs,h264EncoderPostInputWaitMs,h264EncoderProcessOutputMs,h264EncoderOutputCopyMs,h264EncoderProcessOutputAttempts,h264EncoderAsyncEventCount,h264EncoderHardware,h264EncoderAsync,h264EncoderNeedInputSignaled,h264EncoderOutputProduced,h264EncoderOutputProducedBeforeInput,h264SubmittedNewInput,h264AsyncSubmittedWithoutOutput,h264AsyncPendingNoOutput,h264AsyncCadenceHoldActive,h264AsyncPendingNoOutputStreak,h264AsyncCadenceScale,h264AsyncCadenceHoldRemainingMs,h264AsyncOutputPollBackoffMs,h264InputCadenceFps,h264NeedInputSubmitWake,h264NeedInputSubmitLeadMs,encodedCameraFrameId,encodedCameraSourceTimestamp100ns,encodedCameraCaptureCompletedTimeUs,encodedCameraFrameAgeMs,encodedCameraReadSampleMs,encodedCameraReadSampleEndToCaptureMs,encodedCameraCaptureToPublishMs,encodedCameraPublishToAcquireMs,encodedCameraAcquireToEncoderInputMs,jpegEncodeMs,packetizeMs,sendFrameIntervalMs,cameraFrameReady,cameraFrameId,cameraSourceTimestamp100ns,cameraReadSampleStartTimeUs,cameraReadSampleEndTimeUs,cameraCaptureCompletedTimeUs,cameraFramePublishedTimeUs,cameraSenderAcquireTimeUs,cameraReadSampleMs,cameraReadSampleEndToCaptureMs,cameraCaptureToPublishMs,cameraPublishToAcquireMs,cameraAcquireToSendMs,cameraFrameAgeMs,cameraFrameCacheUsed,receiveJpegDecodeMs,receiveDecodeWorkerFps,receiveDecodeWorkerFrames,receiveDecodePopSuccesses,receiveDecodePopEmptyPolls,receiveDecodeLoopLastPopGapMs,receiveDecodeLoopMaxPopGapMs,receiveStartupDecodeLoopMaxPopGapMs,receiveSteadyDecodeLoopMaxPopGapMs,receiveSteadyDecodeLoopMaxPopGapAtMs,receiveSteadyDecodeLoopMaxPopGapFrameId,receiveSteadyDecodeLoopMaxPopGapStreamId,receiveSteadyDecodeLoopMaxPopGapCodec,receiveSteadyDecodeLoopMaxPopGapInputFrameAgeMs,receiveSteadyDecodeLoopMaxPopGapDecodedQueueSize,receiveSteadyDecodeLoopMaxPopGapCompletedQueueSize,receiveSteadyDecodeLoopMaxPopGapCompletedQueuePopAgeMs,receiveSteadyDecodeLoopMaxPopGapCompletedQueuePushIntervalMs,receiveSteadyDecodeLoopMaxPopGapArrivalRatio,receiveSteadyDecodeLoopMaxPopGapReceiverJitterMs,receiveSteadyDecodeLoopMaxPopGapReceiverLatencyMs,receiveSteadyDecodeLoopMaxPopGapClass,receiveSteadyDecodeLoopMaxPopGapAgeMs,receiveH264StartupActive,receiveH264StartupDecoderSynced,receiveH264StartupFirstDecoded,receiveH264StartupFirstDisplayed,receiveH264StartupReady,receiveH264StartupElapsedMs,receiveH264StartupDecoderSyncMs,receiveH264StartupFirstDecodedMs,receiveH264StartupFirstDisplayedMs,receiveH264StartupReadyMs,receiveH264StartupQueueFlushFrames,receiveDecodeOverwrittenFrames,receiveDecodeQueueDroppedFrames,receiveDecodeRenderOverwriteFrames,receiveDecodeFailures,receiveFreshnessDroppedFrames,receiveFreshnessDroppedFramesDelta,receiveFreshnessDropClass,receiveFreshnessDropEvidence,receiveLastFreshnessDropAgeMs,receiveMaxFreshnessDropAgeMs,receiveLastFreshnessDropFrameId,receiveLastFreshnessDropStreamId,receiveLastFreshnessDropCodec,receiveH264AuInvalidFrames,receiveH264AuCrcMismatches,receiveH264AuPayloadSizeMismatches,receiveH264AuNalCountMismatches,receiveH264AuNoAnnexBNals,receiveH264AuIdrFlagMismatches,receiveH264AuSpsPpsFlagMismatches,receiveH264AuSyncWithoutIdr,receiveH264AuIdrWithoutSpsPps,receiveH264AuForbiddenZeroBit,receiveH264AuLastInvalidReason,receiveDecodeInputFrameAgeMs,receiveDecodeInputCameraFrameAgeMs,receiveDecodeInputEncoderOutputAgeMs,receiveLatestDecodedFrameAgeMs,receiveLatestDecodedCameraFrameAgeMs,receiveLatestDecodedEncoderOutputAgeMs,receiveFreshnessDropThresholdMs,receiveDecodeLastDropReason,receiveUploadBufferWaitMs,receiveDisplayFrameId,receiveDisplayCameraFrameAgeMs,receiveDisplayEncoderOutputAgeMs,receiveDisplayDecodedFrameAgeMs,textureUploadMs,presentGpuWaitMs,renderFramePacingWaitMs,waitableSwapChainWaitMs,presentMs,presentSyncInterval,lowLatencyPresentMode,waitableSwapChainPacingEnabled,waitableSwapChainAvailable,swapChainBufferCount,adaptiveInputPacketLossRate,adaptiveInputReceiveFps,adaptiveInputDecodeFps,adaptiveInputJitterMs,adaptiveInputDisplayFps,adaptiveQoeScore,adaptiveDegradationCause,adaptiveArrivalGapJitterSpikeActive,adaptiveFecRecoveryWorking,adaptiveFecGuardActive,adaptiveFecRecoveryEfficiency,adaptiveFecParityPacketDelta,adaptiveFecRecoveredFrameDelta,adaptiveFecRecoveredChunkDelta,simEnabled,simLossRate,simDuplicateRate,simReorderRate,simMinDelayMs,simMaxDelayMs,simBurstLossLength,simSubmittedPackets,simSentPackets,simDroppedPackets,simDuplicatedPackets,simReorderedPackets
0.115,Custom_loss6_delay0-100_dup0_reorder6_burst0,Loopback,1,1,0,,,0.000,0,21,0,0.000,0.000,0.000,0.000,0.000,0.000,0.000,0.000,0.000,0.000,0,0,0,0,0,0,0,0,0,0,0,0,0,0,0,0,0,0,0,5.000,1,0,0,0,0,0,0,0,0,0,0,0,0,0,0,0.000,0.000,0.000,,0,0,12,0,0,0.000,0.000,0.000,0.000,0.000,0.000,0,0,0,0,0,0,0,0,0,0,,,,0,0,0,0,0,0,0,0,0,0,0,0,0,0,0,0,0,0,0,0.000,0,0,0,0,0,0,0.000,0.000,0.000,0,0,0,0,0,0,0,0,0.000,0.000,0.000,0.000,0.000,0.000,0.000,0.000,0.000,,0,0,0,0,0,0,0,0,0,0,0,0,0,,,0,0.000,0,0,0,0,0,0,0,0,0,0,0,0,0,0,0,0,0,0,balanced,0,0.000,0.000,0.000,0,0,0,0,0,0,0,0,0,0,0,0,0,0,0,,0,0,0,0,1,6000000,1200000,0,0,0,0,0,0,0,0,0,0,0,0,0,0,0,0.000,0.000,3750.000,4800.000,0,0,0,0,0,0,0.000,0.000,0.000,0,6000000,0,0.000,0.000,0.000,0.000,0,0,0,0,0,0,0,0,0,0,0,0,0,0,0,0,0,0,0,0,0,0,0,0,0,0,0,1,0,4,0,0,0,0,0,0,0,0,,disabled,,0,0,0,0,,1,Fixed Quality,Hybrid,85,30,9500,12000,640,360,,0,0,0,0,0,0,0.000,0.000,,0,0,0.000,0.000,0.000,0.000,0.000,0,0,0,0,0,0,0,0,1.000,0,0.000,0.000,1,0,0.000,0.000,0,0,0,0,0.000,0.000,0.000,0,0,0,disabled,0,0,0,0,0,0,0,0,0,0,0,0,,0,,0,0,0.000,0.000,0,,0.000,0.000,0.000,0.000,0,0,0,,0,0,0,0.000,0,0,0.000,0.000,0.000,0.000,0.000,0.000,0.000,0,0,0,0,0,0,0,0,0,0,0,0,1.000,0.000,0.000,0,0,0.000,0,0,0,0.000,0.000,0.000,0.000,0.000,0.000,0.000,0.000,0.000,0,0,0,0,0,0,0,0,0.000,0.000,0.000,0.000,0.000,0.000,0,0.000,0.000,0,0,12,0.000,0.000,0.000,0.000,0.000,0,0,,0.000,0,0,0.000,0.000,0.000,0.000,0.000,,-1.000,1,0,0,0,0,115.233,0.000,0.000,0.000,0.000,0,0,0,0,0,0,0,,,0.000,0.000,0,0,,0,0,0,0,0,0,0,0,0,0,,0.000,0.000,0.000,0.000,0.000,0.000,120.000,,0.000,0,0.000,0.000,0.000,0.000,0.000,0.000,0.000,0.000,1,0,0,1,3,0.000,0.000,0.000,0.000,0.000,0.000,None,0,0,0,0.000,0,0,0,1,0.060,0.000,0.060,0,100,0,0,0,0,0,0
1.116,Custom_loss6_delay0-100_dup0_reorder6_burst0,Loopback,1,1,0,,,0.000,0,21,18,22.099,14.683,14.542,104.659,86.633,0.000,0.000,30.900,0.145,0.158,301,51,299,248,43,18,1,24,19,5,0,0,252,16,3,0,0,0,0,5.000,1,0,0,0,0,0,0,0,0,0,0,0,0,0,0,0.000,0.000,0.000,,14,14,107,0,1,96.643,96.643,97.604,97.604,0.000,0.000,11,11,179,21,1,0,40,44,20,1,nack-sent,pending,H.264,0,1,26,19,7,3,2,3,5,31,0,0,295,10,0,0,0,0,0,82.655,2,1,5,0,5,0,42.140,14.472,32.474,0,0,8,0,8,0,0,1,0.667,0.333,1.000,1.000,1.000,28.000,0.667,0.333,1.000,insufficient-sample,14,144,0,0,12,141,40,322,2,3,0,0,320,predicted-useful,fec-grace,74,0.654,4,8,0,0,0,0,0,0,0,0,0,1,18,1,18,0,0,0,jitter-ack-loss,0,0.585,2.023,110.023,0,0,0,0,0,0,0,0,3,5,5,0,3,2,2,sent,18,49,4,0,1,9500000,1200000,6,0,6,383,377,451257,13,13661,1,1252,0,0,0,0,0,8.096,34.281,942.688,4800.000,22,581,287,147,294,147,0.339,24.160,4.323,22,6083373,9276657,1.878,0.000,0.490,15.068,581,39,13,315,16,18,5,1,1,2,1,2,2,0,1,0,0,0,0,0,0,0,0,0,0,0,0,1,0,4,56,44,44,0,0,0,0,0,,disabled,,0,0,0,0,,1,Fixed Quality,Hybrid,85,30,9500,12000,640,360,H.264,480,270,518400,30264,518400,30264,0.058,0.000,,0,0,0.000,2.029,0.000,0.000,0.077,7250,7250,7250,0,0,0,1,9500,1.000,0,22.483,0.000,0,0,0.000,0.000,0,0,0,0,0.250,0.750,0.000,1,0,0,disabled,26,0,0,2,8,2,6,0,6,6,0,4,large-au-observed,0,,0,0,27.937,25.485,0,,0.000,0.000,0.000,0.000,0,0,0,,1,0,0,5.977,0,22,0.077,0.000,0.000,0.076,0.000,0.054,0.006,1,1,1,1,0,1,1,0,0,0,1,0,0.860,74.988,0.000,26,0,0.000,0,0,0,0.000,0.000,0.000,0.000,0.000,0.000,0.000,1.943,10.031,0,0,0,0,0,0,0,0,0.000,0.000,0.000,0.000,0.000,0.000,0,0.365,14.683,11,14,107,97.703,97.703,58.087,97.703,1055.249,18,1,H.264,105.729,0,0,96.643,97.604,0.999,30.900,104.659,arrival-gap-jitter-spike,61.056,0,1,1,1,1,1116.305,408.595,460.605,461.179,461.179,0,0,2,0,0,0,0,,,0.000,0.000,0,0,,0,0,0,0,0,0,0,0,0,0,,96.550,0.000,98.866,0.000,0.000,0.000,132.329,h264-decoder-buffering,0.001,18,0.000,105.725,4.223,0.083,0.868,0.654,0.000,0.214,1,0,0,1,3,0.145,22.099,14.683,30.900,14.542,1.000,Jitter,1,1,0,0.000,3,1,1,1,0.060,0.000,0.060,0,100,0,378,306,22,0,22
2.117,Custom_loss6_delay0-100_dup0_reorder6_burst0,Loopback,1,1,0,,,0.000,0,21,46,17.743,17.743,15.770,117.858,97.656,84.917,84.917,47.533,0.078,0.283,1122,95,1064,969,142,86,3,46,39,7,7,0,973,33,13,0,0,0,0,5.000,1,0,0,0,0,0,0,0,0,0,0,0,0,0,0,0.000,0.000,0.000,,31,31,207,0,1,19.050,131.317,20.238,132.377,0.000,0.000,28,27,585,40,11,0,116,159,48,1,fec-parity,pending,H.264,0,1,26,8,18,2,0,1,1,19,0,0,1187,0,0,0,0,0,0,35.311,6,3,7,2,7,0,53.003,12.566,32.474,0,0,16,2,18,0,4,1,0.667,0.333,0.889,1.000,0.200,31.000,0.250,0.750,0.000,duplicate-guard,46,492,0,0,34,474,116,1246,12,18,0,0,1244,predicted-useful,fec-grace,195,0.731,8,18,0,1,0,0,0,1,1,1,1,6,115,6,115,0,0,0,pacing,1,0.781,5.974,113.974,0,0,1,1,0,0,0,0,3,5,5,0,3,2,2,sent,117,147,8,0,1,9500000,1200000,10,0,10,1251,1241,1504121,56,66273,30,37376,0,0,0,0,0,4.047,34.281,306.000,4800.000,66,2163,1104,509,1059,550,0.316,20.926,1.850,66,6057530,9142480,1.268,0.000,0.449,11.496,2163,116,30,1246,28,83,5,11,11,17,2,4,2,0,2,0,0,0,0,0,0,0,0,0,0,9,0,1,0,4,204,159,159,0,0,0,0,0,,disabled,,0,0,0,0,,1,Fixed Quality,Hybrid,85,30,9500,12000,640,360,H.264,480,270,518400,30264,518400,30264,0.058,0.000,,0,0,0.000,5.044,0.000,0.000,0.156,6000,6750,6750,1,1,0,1,9500,0.820,1,22.231,0.000,0,0,0.000,0.000,0,0,0,0,0.333,0.556,0.111,1,0,0,latency-pressure-freshness-hold,26,0,0,5,14,5,9,0,10,10,0,4,large-au-observed,0,,0,0,25.817,25.485,0,,0.000,0.000,0.000,0.000,0,0,0,,2,0,0,8.992,0,49,0.155,0.000,0.000,0.155,0.000,0.118,0.018,1,1,1,1,0,1,1,0,0,0,1,0,0.860,21.526,0.000,26,0,0.000,0,0,0,0.000,0.000,0.000,0.000,0.000,0.000,0.000,1.999,10.473,0,0,0,0,0,0,0,0,0.000,0.000,0.000,0.000,0.000,0.000,0,0.407,17.743,28,31,207,20.110,132.240,58.087,132.240,1187.489,21,1,H.264,128.558,0,0,131.317,132.377,1.001,87.126,127.625,arrival-gap-jitter-spike,930.028,0,1,1,1,1,2117.517,408.595,460.605,461.179,461.179,0,0,3,0,0,1,1,latency-pressure freshness,latency-over-80ms,145.258,145.258,45,1,decoded,0,0,0,0,0,0,0,0,0,0,,113.153,0.000,116.184,0.000,0.000,0.000,143.929,stale-before-upload,0.001,46,0.000,116.679,5.204,0.082,0.533,0.277,0.000,0.256,1,0,0,1,3,0.078,17.743,17.743,47.533,15.770,1.000,Jitter,1,1,0,0.000,2,1,1,1,0.060,0.000,0.060,0,100,0,1243,1123,70,0,63
3.119,Custom_loss6_delay0-100_dup0_reorder6_burst0,Loopback,1,1,0,,,0.000,0,21,72,22.341,20.482,20.454,109.699,99.000,30.405,57.661,30.045,0.077,0.260,1790,149,1702,1553,244,148,8,77,64,13,11,0,1557,54,19,0,0,0,0,5.000,1,0,0,0,0,0,0,0,0,0,0,0,0,0,0,0.000,0.000,0.000,,51,51,299,0,1,13.803,131.317,14.715,132.377,0.000,0.000,48,46,956,67,16,0,179,261,74,1,fec-parity,pending,H.264,0,1,22,13,9,4,1,1,4,13,0,0,1889,19,0,0,0,0,0,59.524,11,8,13,6,13,0,54.596,17.759,44.130,0,0,32,1,33,0,9,1,0.579,0.421,0.970,1.000,0.100,35.000,0.000,1.000,0.000,stable,84,793,0,0,54,746,179,1819,30,47,0,0,1817,predicted-useful,likely-arrival,305,0.045,14,33,0,1,0,0,0,1,1,1,1,11,182,11,182,0,0,0,pacing,1,0.742,4.582,112.582,0,0,1,1,0,0,0,0,4,7,7,0,59,2,2,sent,184,227,12,0,1,9500000,1200000,9,0,9,1951,1942,2364589,101,121286,55,68524,0,0,0,0,0,0.437,34.281,745.750,4800.000,100,3466,1779,779,1687,908,0.305,27.534,2.052,100,5095047,7833999,1.511,-54.512,0.478,17.633,3466,179,50,1819,42,131,6,16,16,27,2,4,2,0,2,0,0,0,0,0,0,0,0,0,0,13,1,1,0,4,330,261,261,0,0,0,0,0,,disabled,,0,0,0,0,,1,Fixed Quality,Hybrid,85,30,9500,12000,640,360,H.264,480,270,518400,26096,518400,26096,0.050,0.000,,0,0,0.000,1.776,0.000,0.000,0.082,6000,6250,6250,2,2,0,1,9500,0.820,1,16.117,0.000,0,0,0.000,0.000,0,0,0,0,0.333,0.636,0.030,1,0,0,latency-pressure-freshness-hold,22,0,0,7,20,7,11,2,15,15,0,4,large-au-observed,0,,0,0,17.820,21.976,0,,0.000,0.000,0.000,0.000,0,0,0,,3,0,0,9.262,0,76,0.082,0.000,0.000,0.082,0.000,0.058,0.007,1,1,1,1,0,1,1,0,0,0,1,0,0.860,67.260,0.000,26,0,0.000,0,0,0,0.000,0.000,0.000,0.000,0.000,0.000,0.000,1.686,14.176,0,0,0,0,0,0,0,0,0.000,0.000,0.000,0.000,0.000,0.000,0,0.423,20.482,48,51,299,14.646,132.240,58.087,132.240,1187.489,21,1,H.264,128.558,0,0,131.317,132.377,1.001,87.126,127.625,arrival-gap-jitter-spike,1931.406,0,1,1,1,1,3118.895,408.595,460.605,461.179,461.179,0,0,4,0,0,2,1,latency-pressure freshness,latency-over-80ms,133.380,145.258,66,1,decoded,0,0,0,0,0,0,0,0,0,0,,107.446,0.000,110.240,0.000,0.000,0.000,134.850,stale-before-upload,0.001,72,0.000,113.649,5.022,0.094,0.252,0.001,0.000,0.251,1,0,0,1,3,0.070,22.341,20.482,30.045,20.454,1.000,RecoveryDeadline,0,1,0,0.000,2,2,2,1,0.060,0.000,0.060,0,100,0,1945,1797,109,0,100
4.125,Custom_loss6_delay0-100_dup0_reorder6_burst0,Loopback,1,1,0,,,0.000,0,21,99,18.808,18.816,18.821,97.981,99.219,85.043,66.788,40.727,0.072,0.260,2473,193,2333,2140,325,196,13,101,87,14,15,0,2145,74,26,0,0,0,0,5.000,1,0,0,0,0,0,0,0,0,0,0,0,0,0,0,0.000,0.000,0.000,,71,71,388,0,1,11.303,147.814,12.441,148.640,0.000,0.000,68,65,1311,88,23,0,242,358,101,1,fec-parity,pending,H.264,0,1,23,0,23,2,0,0,0,0,0,0,2664,0,0,0,0,0,0,5.158,13,13,14,7,14,0,55.649,18.644,44.130,0,0,40,4,44,0,12,1,0.500,0.500,0.909,1.000,0.077,43.000,0.000,0.000,0.000,insufficient-sample,116,1069,0,0,76,1008,242,2389,40,61,0,0,2387,predicted-useful,fec-grace,412,0.000,18,44,0,2,0,0,0,1,1,1,1,15,238,15,238,0,0,0,pacing,1,0.755,10.487,118.487,0,0,1,1,0,0,0,0,4,7,7,0,59,2,2,sent,241,308,16,0,1,9500000,1200000,3,0,3,2666,2663,3254439,140,169544,78,97184,0,0,0,0,0,7.157,34.281,631.500,4800.000,138,4802,2469,1053,2333,1280,0.299,7.782,2.792,138,4879226,7833612,2.199,54.638,0.495,13.633,4802,242,70,2389,54,182,6,23,23,39,2,4,2,0,2,0,0,0,0,0,0,0,0,0,0,20,1,1,0,4,458,358,358,0,0,0,0,0,,disabled,,0,0,0,0,,1,Fixed Quality,Hybrid,85,30,9500,12000,640,360,H.264,480,270,518400,27138,518400,27138,0.052,0.000,,0,0,0.000,1.849,0.000,0.000,0.071,7250,6500,6500,3,3,0,1,9500,0.994,1,8.451,0.000,0,0,0.000,0.000,0,0,0,0,0.295,0.614,0.091,1,0,0,fixed-pacing-queue-hold,23,0,0,10,24,10,12,2,19,19,0,4,large-au-observed,0,,0,0,13.439,22.853,0,,0.000,0.000,0.000,0.000,0,0,0,,4,0,0,5.974,0,101,0.071,0.000,0.000,0.071,0.000,0.049,0.006,1,1,1,1,0,1,1,0,0,0,0,0,1.000,0.000,0.000,24,0,0.000,0,0,0,0.000,0.000,0.000,0.000,0.000,0.000,0.000,1.770,10.043,0,0,0,0,0,0,0,0,0.000,0.000,0.000,0.000,0.000,0.000,0,0.430,18.816,68,71,388,12.192,148.636,58.087,148.636,4016.714,96,1,H.264,107.720,0,0,147.814,148.640,1.000,95.472,106.882,arrival-gap-jitter-spike,108.063,0,1,1,1,1,4124.777,408.595,460.605,461.179,461.179,0,0,4,0,0,2,0,,,133.380,145.258,66,1,decoded,0,0,0,0,0,0,0,0,0,0,,103.909,0.000,106.669,3.861,0.000,106.177,133.990,stale-before-upload,0.001,98,0.000,113.118,4.792,0.083,0.237,0.002,0.000,0.235,1,0,0,1,3,0.072,18.808,18.816,40.727,18.821,1.000,RecoveryDeadline,1,1,0,0.000,1,1,1,1,0.060,0.000,0.060,0,100,0,2667,2479,152,0,138
5.125,Custom_loss6_delay0-100_dup0_reorder6_burst0,Loopback,1,1,0,,,0.000,0,21,127,25.117,25.105,25.318,97.771,98.723,83.616,70.995,4.065,0.068,0.258,3276,238,3077,2839,436,248,20,144,127,17,24,0,2843,95,33,0,0,0,0,5.000,0,0,0,0,0,0,0,0,0,0,0,0,0,0,0,0.000,0.000,0.000,,92,92,477,0,1,34.790,147.814,35.748,148.640,0.000,0.000,89,87,1707,112,30,0,310,469,128,1,fec-parity,pending,H.264,1,1,24,16,8,4,1,3,11,48,0,0,3458,16,0,0,0,0,0,75.016,18,20,17,10,17,0,56.697,18.691,44.130,0,0,55,8,63,0,19,1,0.474,0.526,0.873,1.000,0.050,45.000,0.500,0.500,0.000,stable,154,1349,0,0,98,1264,310,2985,56,85,0,0,2983,predicted-useful,fec-grace,528,0.417,25,63,0,2,0,0,0,2,2,2,2,22,338,22,338,0,0,0,pacing,1,0.749,8.581,116.581,0,0,2,2,0,0,0,0,4,7,7,0,59,2,2,sent,342,391,20,0,1,9500000,1200000,0,0,0,3530,3530,4320581,188,228842,103,128324,0,0,0,0,0,15.076,34.281,2037.750,4800.000,183,6331,3265,1383,3066,1683,0.298,26.305,0.000,183,4863601,7671585,1.794,43.425,0.434,11.417,6331,310,91,2985,75,229,6,30,30,55,3,5,1,1,2,0,0,0,0,0,0,0,0,0,0,26,1,1,0,4,594,469,469,0,0,0,0,0,,disabled,,0,0,0,0,,1,Fixed Quality,Hybrid,85,30,9500,12000,640,360,H.264,480,270,518400,28178,518400,28178,0.054,0.000,,0,0,0.000,1.962,0.000,0.000,0.081,7250,6750,6750,4,4,0,1,9500,1.000,0,15.076,0.000,0,0,0.000,0.000,0,0,0,0,0.286,0.587,0.127,1,0,0,disabled,24,0,0,14,33,14,15,4,26,26,0,4,large-au-observed,0,,0,0,15.737,23.729,0,,0.000,0.000,0.000,0.000,0,0,0,,5,0,0,6.066,0,130,0.081,0.000,0.000,0.080,0.000,0.053,0.007,1,1,1,1,0,1,1,0,0,0,0,0,1.000,0.000,0.000,30,0,0.000,0,0,0,0.000,0.000,0.000,0.000,0.000,0.000,0.000,1.873,10.096,0,0,0,0,0,0,0,0,0.000,0.000,0.000,0.000,0.000,0.000,0,0.434,25.106,89,92,477,35.747,148.636,58.087,148.636,4016.714,96,1,H.264,107.720,0,0,147.814,148.640,1.000,95.472,106.882,arrival-gap-jitter-spike,1108.079,0,1,1,1,1,5124.793,408.595,460.605,461.179,461.179,0,0,4,0,0,2,0,,,133.380,145.258,66,1,decoded,0,0,0,0,0,0,0,0,0,0,,93.894,0.000,96.618,0.000,0.000,0.000,128.886,stale-before-upload,0.000,127,0.000,101.246,4.145,0.081,0.700,0.391,0.000,0.310,1,0,0,1,3,0.068,25.117,25.105,4.065,25.318,1.000,RecoveryDeadline,1,1,0,0.000,1,1,1,1,0.060,0.000,0.060,0,100,0,3535,3282,197,0,188
6.125,Custom_loss6_delay0-100_dup0_reorder6_burst0,Loopback,1,1,0,,,0.000,0,21,155,20.927,20.930,20.864,120.109,99.494,14.830,59.762,9.367,0.066,0.252,4064,287,3810,3523,540,309,24,178,157,21,29,0,3527,116,39,0,0,0,0,5.000,0,0,0,0,0,0,0,0,0,0,0,0,0,0,0,0.000,0.000,0.000,,113,113,566,0,1,56.103,147.814,57.152,148.640,0.000,0.000,110,107,2105,137,36,0,373,578,155,1,completed,completed,H.264,1,1,24,24,0,6,6,3,13,45,1,2,4249,19,4291,4,0,0,0,110.286,23,24,21,14,21,0,57.546,20.433,44.130,0,0,68,5,73,0,23,1,0.489,0.511,0.932,1.000,0.042,43.000,1.000,0.000,0.000,insufficient-sample,196,1671,0,0,121,1551,373,3563,75,120,0,0,3560,predicted-useful,fec-grace,634,0.000,29,73,0,5,0,0,0,2,2,2,2,27,415,27,415,0,0,0,pacing,1,0.745,11.316,119.316,0,0,2,2,0,0,0,0,4,7,7,0,59,2,2,sent,422,468,24,0,1,9500000,1200000,0,0,0,4350,4350,5325153,228,278028,130,161322,0,0,0,0,0,13.849,34.281,4223.938,4800.000,227,7859,4049,1758,3810,2052,0.303,6.789,0.117,227,7163074,10518354,0.627,20.983,0.553,11.179,7859,373,112,3563,88,279,6,36,36,72,3,5,1,1,2,0,0,0,0,0,0,0,0,0,0,32,1,1,0,4,738,578,578,0,0,0,0,0,,disabled,,0,0,0,0,,1,Fixed Quality,Hybrid,85,30,9500,12000,640,360,H.264,480,270,518400,0,518400,28178,0.054,0.000,,0,0,0.000,5.017,0.000,4.166,0.826,7250,6750,6750,4,4,0,1,9500,1.000,0,13.849,0.000,0,0,0.000,0.000,0,0,0,0,0.315,0.616,0.068,1,0,0,disabled,0,0,0,18,40,18,18,4,31,31,0,4,async-output-pending,0,,0,0,0.000,0.000,0,,13.849,4223.938,39583.333,0.000,0,0,0,,6,0,0,0.000,1,0,0.816,0.182,0.632,0.000,0.000,0.000,0.000,0,0,1,1,1,0,0,1,1,0,0,0,1.000,0.000,0.000,30,0,0.000,0,0,0,0.000,0.000,0.000,0.000,0.000,0.000,0.000,0.000,26.350,0,0,0,0,0,0,0,0,0.000,0.000,0.000,0.000,0.000,0.000,0,0.479,20.930,110,113,566,57.174,148.636,58.087,148.636,4016.714,96,1,H.264,107.720,0,0,147.814,148.640,1.000,95.472,106.882,arrival-gap-jitter-spike,2108.729,0,1,1,1,1,6125.443,408.595,460.605,461.179,461.179,0,0,4,0,0,2,0,,,133.380,145.258,66,1,decoded,0,0,0,0,0,0,0,0,0,0,,105.105,0.000,108.080,4.037,0.000,128.787,140.054,stale-before-upload,0.001,154,0.000,109.979,5.377,0.090,0.256,0.001,0.000,0.255,1,0,0,1,3,0.066,20.927,20.930,9.367,20.864,1.000,Loss,0,1,0,1.000,1,1,1,1,0.060,0.000,0.060,0,100,0,4356,4073,237,0,242
7.130,Custom_loss6_delay0-100_dup0_reorder6_burst0,Loopback,1,1,0,,,0.000,0,21,182,23.702,23.986,24.941,95.485,100.835,11.424,51.706,6.962,0.064,0.232,4814,328,4504,4176,632,367,27,206,181,25,32,0,4180,139,42,0,0,0,0,5.000,0,0,0,0,0,0,0,0,0,0,0,0,0,0,0,0.000,0.000,0.000,,136,136,654,0,1,34.176,147.814,35.228,148.640,0.000,0.000,133,131,2486,164,39,0,437,690,184,1,retransmit-duplicate,pending,H.264,1,1,24,22,2,3,3,3,13,42,1,2,5086,1,5086,1,5086,1,1,90.929,27,27,25,18,25,0,59.975,19.885,44.130,0,0,79,9,88,0,31,1,0.500,0.500,0.898,1.000,0.031,44.000,0.000,1.000,0.000,stable,235,1952,0,0,142,1808,437,4146,93,144,0,0,4142,predicted-useful,likely-arrival,747,0.833,34,88,0,5,0,0,0,2,2,2,2,33,505,33,505,0,0,0,pacing,1,0.753,8.585,116.585,0,0,2,2,0,0,0,0,4,7,7,0,59,2,2,sent,512,550,28,0,1,9500000,1200000,20,1,19,5178,5157,6314125,275,335922,156,193714,0,0,0,0,0,0.035,34.281,1043.000,1540.400,266,9288,4798,2115,4490,2375,0.306,2.230,1.356,266,3821231,6471890,2.217,16.105,0.498,14.777,9288,437,135,4146,104,327,6,39,39,77,3,5,1,1,2,0,0,0,0,0,0,0,0,0,0,35,1,1,0,4,867,690,690,0,0,0,0,0,,disabled,,0,0,0,0,,1,Fixed Quality,Hybrid,85,30,9500,12000,640,360,H.264,480,270,518400,28178,518400,28178,0.054,0.000,,0,0,0.000,2.075,0.000,0.000,0.062,7250,6750,6750,4,4,0,1,9500,1.000,0,19.357,0.000,0,0,0.000,0.000,0,0,0,0,0.000,1.000,0.000,1,0,0,disabled,24,0,0,22,50,22,22,6,37,37,0,4,large-au-observed,0,,0,0,21.028,23.729,0,,0.000,0.000,0.000,0.000,0,0,0,,7,0,0,4.752,0,187,0.062,0.000,0.000,0.062,0.000,0.042,0.006,1,1,1,1,0,1,1,0,0,0,0,0,1.000,0.000,0.000,30,0,0.000,0,0,0,0.000,0.000,0.000,0.000,0.000,0.000,0.000,2.006,8.798,0,0,0,0,0,0,0,0,0.000,0.000,0.000,0.000,0.000,0.000,0,0.373,23.986,133,136,654,35.357,148.636,58.087,148.636,4016.714,96,1,H.264,107.720,0,0,147.814,148.640,1.000,95.472,106.882,arrival-gap-jitter-spike,3114.201,0,1,1,1,1,7130.915,408.595,460.605,461.179,461.179,0,0,4,0,0,2,0,,,133.380,145.258,66,1,decoded,0,0,0,0,0,0,0,0,0,0,,106.002,0.000,108.864,0.000,0.000,0.000,127.743,stale-before-upload,0.001,182,0.000,114.120,4.843,0.082,0.890,0.674,0.000,0.216,1,0,0,1,3,0.064,23.702,23.986,6.962,24.941,1.000,RecoveryDeadline,0,1,0,1.000,0,2,2,1,0.060,0.000,0.060,0,100,0,5165,4831,284,0,285
8.132,Custom_loss6_delay0-100_dup0_reorder6_burst0,Loopback,1,1,0,,,0.000,0,21,211,20.348,20.359,19.554,100.651,100.765,65.010,53.606,10.351,0.063,0.216,5594,375,5227,4852,740,426,32,247,220,27,35,0,4856,163,45,0,0,0,0,5.000,0,0,0,0,0,0,0,0,0,0,0,0,0,0,0,0.000,0.000,0.000,,160,160,746,0,1,37.805,147.814,38.795,148.640,0.000,0.000,157,155,2866,190,42,0,496,810,212,1,fec-recovered,pending,H.264,1,1,24,21,3,4,3,3,12,33,0,0,5904,19,0,0,0,0,0,77.699,33,32,27,20,27,0,61.149,19.533,44.130,0,0,92,8,100,0,37,1,0.508,0.492,0.920,1.000,0.026,44.000,0.000,1.000,0.000,insufficient-sample,265,2233,0,0,164,2076,496,4683,101,157,0,0,4679,predicted-useful,fec-grace,852,0.458,40,100,0,5,0,0,0,2,2,2,2,38,592,38,592,0,0,0,pacing,1,0.798,7.854,115.854,0,0,2,2,0,0,0,0,4,7,7,0,59,2,2,sent,599,625,32,0,1,9500000,1200000,0,0,0,5967,5967,7306257,315,385108,181,224862,0,0,0,0,0,16.423,34.281,6766.375,4800.000,308,10806,5588,2454,5218,2764,0.305,26.578,0.000,308,5998865,9296129,0.382,23.601,0.462,19.202,10806,496,159,4683,119,371,6,42,42,83,4,6,1,2,2,0,0,0,0,0,0,0,0,0,0,37,1,1,0,4,998,810,810,0,0,0,0,0,,disabled,,0,0,0,0,,1,Fixed Quality,Hybrid,85,30,9500,12000,640,360,H.264,480,270,518400,0,518400,28178,0.054,0.000,,0,0,0.000,5.028,0.000,4.330,0.678,7250,6750,6750,4,4,0,1,9500,1.000,0,16.423,0.000,0,0,0.000,0.000,0,0,0,0,0.330,0.590,0.080,1,0,0,disabled,0,0,0,26,58,26,26,6,42,42,3,4,async-output-pending,0,,0,0,0.000,0.000,0,,5.136,651.812,39583.333,0.000,0,0,0,,8,0,0,0.000,1,0,0.667,0.185,0.481,0.000,0.000,0.000,0.000,0,0,1,1,1,0,0,1,1,0,0,0,1.000,0.000,0.000,30,0,0.000,0,0,0,0.000,0.000,0.000,0.000,0.000,0.000,0.000,0.000,17.188,0,0,0,0,0,0,0,0,0.000,0.000,0.000,0.000,0.000,0.000,0,0.430,20.359,157,160,746,39.098,148.636,58.087,148.636,4016.714,96,1,H.264,107.720,0,0,147.814,148.640,1.000,95.472,106.882,arrival-gap-jitter-spike,4115.349,0,1,1,1,1,8132.063,408.595,460.605,461.179,461.179,0,0,4,0,0,2,0,,,133.380,145.258,66,1,decoded,0,0,0,0,0,0,0,0,0,0,,98.315,0.000,101.088,0.000,0.000,0.000,130.326,stale-before-upload,0.001,211,0.000,105.614,4.091,0.083,0.592,0.299,0.000,0.292,1,0,0,1,3,0.063,20.348,20.359,10.351,19.554,1.000,Loss,0,1,0,1.000,0,1,1,1,0.060,0.000,0.060,0,100,0,5975,5609,327,0,331
9.136,Custom_loss6_delay0-100_dup0_reorder6_burst0,Loopback,1,1,0,,,0.000,0,21,239,19.051,17.096,15.054,102.493,101.044,22.134,49.672,28.291,0.062,0.225,6284,416,5872,5456,828,486,39,262,235,27,41,0,5460,183,53,0,0,0,0,5.000,0,0,0,0,0,0,0,0,0,0,0,0,0,0,0,0.000,0.000,0.000,,179,179,838,0,1,79.776,147.814,80.782,148.640,0.000,0.000,176,172,3235,210,49,0,558,914,240,1,fec-recovered,pending,H.264,0,1,22,19,3,4,4,1,6,12,0,1,6636,7,6657,0,0,0,0,73.192,35,39,27,20,27,0,61.149,19.533,44.130,0,0,101,14,115,0,39,1,0.473,0.527,0.878,1.000,0.025,45.000,0.400,0.600,0.000,duplicate-guard,311,2534,0,0,187,2348,558,5240,124,186,0,0,5236,predicted-useful,fec-grace,956,0.455,45,115,0,5,0,0,0,3,3,3,3,43,670,43,670,0,0,0,pacing,1,0.838,7.543,115.543,0,0,3,3,0,0,0,0,4,7,7,0,59,2,2,sent,678,701,36,0,1,9500000,1200000,0,0,0,6708,6708,8217306,358,438342,208,258192,0,0,0,0,0,15.795,34.281,8137.188,4302.450,345,12141,6269,2710,5872,3162,0.302,25.537,0.000,345,6173742,8702131,2.599,10.306,0.535,18.677,12141,558,179,5240,131,419,8,49,49,93,5,7,1,3,2,0,0,0,0,0,0,0,0,0,0,43,1,1,0,4,1119,914,914,0,0,0,0,0,,disabled,,0,0,0,0,,1,Fixed Quality,Hybrid,85,30,9500,12000,640,360,H.264,480,270,518400,26096,518400,26096,0.050,0.000,,0,0,0.000,1.932,0.000,0.000,0.182,6250,6250,6250,5,5,0,1,9500,0.880,1,15.795,0.000,0,0,0.000,0.000,0,0,0,0,0.304,0.574,0.122,1,0,0,latency-pressure-freshness-hold,22,1,1,30,65,30,27,8,46,46,2,4,decoder-sync-observed,0,,0,0,0.054,21.976,0,,0.000,0.000,0.000,0.000,0,0,0,,9,0,0,4.150,0,242,0.181,0.000,0.000,0.181,0.000,0.150,0.010,1,1,1,1,0,1,1,0,0,0,1,0,0.860,107.530,0.000,26,0,0.000,0,0,0,0.000,0.000,0.000,0.000,0.000,0.000,0.000,1.742,8.181,0,0,0,0,0,0,0,0,0.000,0.000,0.000,0.000,0.000,0.000,0,0.397,17.096,176,179,838,80.768,148.636,58.087,148.636,4016.714,96,1,H.264,107.720,0,0,147.814,148.640,1.000,95.472,106.882,arrival-gap-jitter-spike,5119.106,0,1,1,1,1,9135.820,408.595,460.605,461.179,461.179,0,0,6,0,0,4,2,latency-pressure freshness,latency-over-80ms,137.121,145.258,228,1,decoded,0,0,0,0,0,0,0,0,0,0,,104.364,0.000,106.919,0.000,0.000,0.000,131.246,stale-before-upload,0.001,239,0.000,111.427,5.418,0.084,0.260,0.001,0.000,0.259,1,0,0,1,3,0.062,19.051,17.096,28.291,15.054,1.000,RecoveryDeadline,0,1,0,2.000,1,2,2,1,0.060,0.000,0.060,0,100,0,6717,6295,373,0,372
10.138,Custom_loss6_delay0-100_dup0_reorder6_burst0,Loopback,1,1,0,,,0.000,0,21,264,19.477,19.480,19.454,103.525,101.306,91.782,54.351,23.656,0.061,0.229,6998,458,6527,6069,920,548,48,281,252,29,43,0,6073,202,60,0,0,0,0,5.000,0,0,0,0,0,0,0,0,0,0,0,0,0,0,0,0.000,0.000,0.000,,198,198,925,0,1,26.748,147.814,27.687,148.640,0.000,0.000,195,190,3624,231,56,0,624,1014,266,1,nack-sent,pending,H.264,0,1,22,20,2,4,4,3,7,18,0,0,7386,12,0,0,0,0,0,110.545,38,48,29,22,29,0,61.789,19.317,44.130,0,0,115,16,131,0,41,2,0.442,0.558,0.878,1.000,0.047,45.000,0.167,0.833,0.000,duplicate-guard,356,2823,0,0,209,2596,624,5781,147,227,0,0,5776,predicted-useful,likely-arrival,1066,0.783,51,131,0,5,0,0,0,3,3,3,3,49,766,49,766,0,0,0,pacing,1,0.823,8.902,116.902,0,0,3,3,0,0,0,0,4,7,7,0,59,2,2,sent,774,784,40,0,1,9500000,1200000,0,0,0,7454,7454,9138596,402,492822,233,289332,0,0,0,0,0,0.011,34.281,23750.000,1080.600,383,13500,6980,2998,6520,3522,0.300,22.594,0.000,383,4514315,7420201,1.399,22.174,0.509,12.951,13500,623,198,5779,145,470,8,56,56,105,6,8,1,4,2,0,0,0,0,0,0,0,0,0,0,49,1,1,0,4,1257,1014,1014,0,0,0,0,0,,disabled,,0,0,0,0,,1,Fixed Quality,Hybrid,85,30,9500,12000,640,360,H.264,480,270,518400,0,518400,27136,0.052,0.000,,0,0,0.000,4.936,0.000,4.121,0.775,7000,6500,6500,6,6,0,1,9500,0.979,1,12.381,0.000,0,0,3.599,0.000,3732,0,0,0,0.000,0.000,1.000,1,0,0,fixed-pacing-queue-hold,0,0,0,34,72,34,30,8,50,50,1,4,async-output-pending,0,,0,0,0.000,0.000,0,,0.000,0.000,0.000,0.000,0,0,0,,10,0,0,0.000,1,0,0.767,0.201,0.564,0.000,0.000,0.000,0.000,0,0,1,1,1,0,0,1,1,0,1,0,0.860,57.850,0.000,24,0,0.000,0,0,0,0.000,0.000,0.000,0.000,0.000,0.000,0.000,0.000,35.169,0,0,0,0,0,0,0,0,0.000,0.000,0.000,0.000,0.000,0.000,0,0.372,19.480,195,198,925,27.766,148.636,58.087,148.636,4016.714,96,1,H.264,107.720,0,0,147.814,148.640,1.000,95.472,106.882,arrival-gap-jitter-spike,6121.029,0,1,1,1,1,10137.743,408.595,460.605,461.179,461.179,0,0,7,0,0,5,1,latency-pressure freshness,latency-over-80ms,135.209,145.258,240,1,decoded,0,0,0,0,0,0,0,0,0,0,,106.497,0.000,109.169,0.000,0.000,0.000,131.762,stale-before-upload,0.000,264,0.000,114.907,5.465,0.074,0.913,0.682,0.000,0.230,1,0,0,1,3,0.061,19.477,19.480,23.656,19.454,1.000,Loss,0,1,0,0.000,0,1,1,1,0.060,0.000,0.060,0,100,0,7464,7011,419,0,407
11.138,Custom_loss6_delay0-100_dup0_reorder6_burst0,Loopback,1,1,0,,,0.000,0,21,294,25.180,25.171,23.989,95.857,101.621,43.424,53.259,3.018,0.059,0.220,7747,483,7212,6729,1020,605,56,313,280,33,46,0,6733,227,64,0,0,0,0,5.000,0,0,0,0,0,0,0,0,0,0,0,0,0,0,0,0.000,0.000,0.000,,222,222,1008,0,1,35.671,147.814,36.697,148.640,0.000,0.000,219,214,4015,260,59,0,681,1129,295,1,nack-suppressed-fec-grace,pending,H.264,0,1,24,10,14,3,0,0,0,0,0,0,8216,13,0,0,0,0,0,50.870,40,56,33,26,33,0,61.381,19.615,46.125,0,0,129,15,144,0,44,2,0.417,0.583,0.896,1.000,0.043,45.000,0.250,0.750,0.000,duplicate-guard,398,3133,0,0,231,2870,681,6295,167,263,0,0,6290,deferred-likely-arrival,fec-grace,1172,0.000,56,144,0,5,0,0,0,3,3,3,3,54,851,54,851,0,0,0,pacing,1,0.845,7.627,115.627,0,0,3,3,0,0,0,0,4,7,7,0,59,2,2,sent,859,857,44,0,1,9500000,1200000,0,0,0,8222,8222,10083282,444,544654,258,320472,0,0,0,0,0,15.140,34.281,5177.625,4800.000,424,14946,7734,3329,7212,3883,0.301,22.171,0.055,424,4760396,7842641,1.851,8.068,0.435,14.372,14946,681,223,6295,159,514,8,59,59,110,6,8,1,4,2,0,0,0,0,0,0,0,0,0,0,52,1,1,0,4,1392,1129,1129,0,0,0,0,0,,disabled,,0,0,0,0,,1,Fixed Quality,Hybrid,85,30,9500,12000,640,360,H.264,480,270,518400,0,518400,28432,0.055,0.000,,0,0,0.000,4.867,0.000,4.077,0.754,7250,6750,6750,7,7,0,1,9500,1.000,0,15.140,0.000,0,0,0.000,0.000,0,0,0,0,0.278,0.618,0.104,1,0,0,disabled,0,0,0,38,78,38,32,8,54,54,0,4,async-output-pending,0,,0,0,0.000,0.000,0,,0.000,0.000,0.000,0.000,0,0,0,,11,0,0,0.000,1,0,0.746,0.251,0.493,0.000,0.000,0.000,0.000,0,0,1,1,1,0,0,1,1,0,1,0,0.860,140.401,0.000,26,0,0.000,0,0,0,0.000,0.000,0.000,0.000,0.000,0.000,0.000,0.000,27.389,0,0,0,0,0,0,0,0,0.000,0.000,0.000,0.000,0.000,0.000,0,0.457,25.171,219,222,1008,36.750,148.636,58.087,148.636,4016.714,96,1,H.264,107.720,0,0,147.814,148.640,1.000,95.472,106.882,arrival-gap-jitter-spike,7121.820,0,1,1,1,1,11138.534,408.595,460.605,461.179,461.179,0,0,7,0,0,5,0,,,135.209,145.258,240,1,decoded,0,0,0,0,0,0,0,0,0,0,,100.828,0.000,103.455,0.000,0.000,0.000,127.928,stale-before-upload,0.001,294,0.000,108.345,4.429,0.078,0.620,0.355,0.000,0.265,1,0,0,1,3,0.059,25.180,25.171,3.018,23.989,1.000,Loss,0,1,0,0.000,1,1,1,1,0.060,0.000,0.060,0,100,0,8233,7761,460,0,442
12.139,Custom_loss6_delay0-100_dup0_reorder6_burst0,Loopback,1,1,0,,,0.000,0,21,320,16.440,14.795,14.286,98.542,101.451,83.553,56.013,1.535,0.062,0.237,8373,549,7821,7272,1104,659,62,332,295,37,51,0,7276,241,75,0,0,0,0,5.000,0,0,0,0,0,0,0,0,0,0,0,0,0,0,0,0.000,0.000,0.000,,235,235,1104,0,1,61.322,157.495,62.364,158.567,0.000,0.000,232,226,4348,278,70,0,739,1220,321,1,nack-sent,pending,H.264,0,1,22,15,7,4,3,2,7,24,0,1,8878,18,8916,0,0,0,0,71.287,42,62,37,30,37,0,62.932,20.453,46.125,1,0,142,15,157,0,50,2,0.404,0.596,0.904,1.000,0.038,39.000,0.000,0.800,0.250,retransmit-late,431,3367,0,0,249,3077,739,6850,182,290,0,0,6845,predicted-useful,fec-grace,1265,0.318,61,157,0,5,0,0,0,4,4,4,4,59,925,59,925,0,0,0,pacing,1,0.805,5.533,113.533,0,0,4,4,0,0,0,0,4,7,7,0,59,2,2,sent,934,930,48,1,1,9500000,1200000,1,0,1,8933,8932,10956015,485,595402,281,349124,0,0,0,0,0,8.287,34.281,591.812,4800.000,458,16164,8354,3546,7810,4264,0.298,34.067,6.821,458,5084679,8131341,2.662,14.480,0.494,16.546,16164,739,235,6850,174,557,8,69,69,128,8,11,2,5,3,0,0,0,0,0,0,0,0,0,0,60,1,1,0,4,1506,1220,1220,0,0,0,0,0,,disabled,,0,0,0,0,,1,Fixed Quality,Hybrid,85,30,9500,12000,640,360,H.264,480,270,518400,26094,518400,26094,0.050,0.000,,0,0,0.000,1.855,0.000,0.000,0.070,6000,6250,6250,8,8,0,1,9500,0.820,1,14.212,0.000,0,0,0.000,0.000,0,0,0,0,0.268,0.637,0.096,1,0,0,latency-pressure-freshness-hold,22,1,1,41,86,41,35,10,60,60,1,4,decoder-sync-observed,0,,0,0,17.703,21.974,0,,0.000,0.000,0.000,0.000,0,0,0,,12,0,0,6.818,0,323,0.070,0.000,0.000,0.070,0.000,0.046,0.007,1,1,1,1,0,1,1,0,0,0,0,0,1.000,0.000,0.000,27,0,0.000,0,0,0,0.000,0.000,0.000,0.000,0.000,0.000,0.000,1.752,11.003,0,0,0,0,0,0,0,0,0.000,0.000,0.000,0.000,0.000,0.000,0,0.341,14.795,232,235,1104,62.378,158.623,58.087,158.623,11284.833,297,1,H.264,142.231,0,0,157.495,158.567,1.000,118.852,141.092,arrival-gap-jitter-spike,854.068,0,1,1,1,1,12138.901,408.595,460.605,461.179,461.179,0,0,8,0,0,6,1,latency-pressure freshness,latency-over-80ms,150.003,150.003,297,1,decoded,0,0,0,0,0,0,0,0,0,0,,98.241,0.000,100.652,0.000,0.000,0.000,129.271,stale-before-upload,0.001,320,0.000,104.838,4.407,0.083,0.221,0.000,0.000,0.221,1,0,0,1,3,0.062,16.440,14.795,1.535,14.286,1.000,RecoveryDeadline,1,1,0,0.000,0,1,1,1,0.060,0.000,0.060,0,100,0,8944,8389,498,0,493
13.145,Custom_loss6_delay0-100_dup0_reorder6_burst0,Loopback,1,1,0,,,0.000,0,21,346,21.639,21.659,21.424,98.343,101.478,75.752,57.658,25.376,0.059,0.228,9087,573,8470,7897,1208,720,70,365,324,41,53,0,7901,264,78,0,0,0,0,5.000,0,0,0,0,0,0,0,0,0,0,0,0,0,0,0,0.000,0.000,0.000,,258,258,1196,0,1,19.748,157.495,20.838,158.567,0.000,0.000,255,248,4717,305,73,0,802,1326,347,1,nack-suppressed-fec-grace,pending,H.264,0,1,23,18,5,1,1,1,6,12,0,0,9629,15,0,0,0,0,0,69.663,45,70,41,34,41,0,63.039,20.035,46.125,1,0,157,15,172,0,55,2,0.391,0.609,0.913,1.000,0.035,45.000,0.143,0.857,0.000,duplicate-guard,467,3618,0,0,269,3302,802,7405,198,316,0,0,7400,deferred-likely-arrival,fec-grace,1371,0.000,66,172,0,5,0,0,0,4,4,4,4,64,996,64,996,0,0,0,pacing,1,0.772,11.083,119.083,0,0,4,4,0,0,0,0,4,7,7,0,59,2,2,sent,1005,1007,51,0,1,9500000,1200000,0,0,0,9659,9659,11852505,528,648638,305,379020,0,0,0,0,0,11.083,34.281,1815.125,4800.000,496,17524,9066,3789,8458,4669,0.295,23.399,0.000,496,6260107,9060756,0.582,10.024,0.441,13.886,17524,802,258,7405,192,602,8,72,72,134,8,11,2,5,3,0,0,0,0,0,0,0,0,0,0,63,1,1,0,4,1629,1326,1326,0,0,0,0,0,,disabled,,0,0,0,0,,1,Fixed Quality,Hybrid,85,30,9500,12000,640,360,H.264,480,270,518400,0,518400,27136,0.052,0.000,,0,0,0.000,4.887,0.000,4.239,0.610,7250,6500,6500,9,9,0,1,9500,1.000,0,11.083,0.000,0,0,0.000,0.000,0,0,0,0,0.262,0.651,0.087,1,0,0,disabled,0,0,0,45,93,45,38,10,65,65,0,4,async-output-pending,0,,0,0,0.000,0.000,0,,0.000,0.000,0.000,0.000,0,0,0,,13,0,0,0.000,1,0,0.603,0.155,0.447,0.000,0.000,0.000,0.000,0,0,1,1,1,0,0,1,1,0,0,0,1.000,0.000,0.000,30,0,0.000,0,0,0,0.000,0.000,0.000,0.000,0.000,0.000,0.000,0.000,17.894,0,0,0,0,0,0,0,0,0.000,0.000,0.000,0.000,0.000,0.000,0,0.400,21.659,255,258,1196,20.909,158.623,58.087,158.623,11284.833,297,1,H.264,142.231,0,0,157.495,158.567,1.000,118.852,141.092,arrival-gap-jitter-spike,1860.092,0,1,1,1,1,13144.925,408.595,460.605,461.179,461.179,0,0,8,0,0,6,0,,,150.003,150.003,297,1,decoded,0,0,0,0,0,0,0,0,0,0,,104.107,0.000,106.827,4.777,0.000,107.516,129.172,stale-before-upload,0.001,345,0.000,113.211,4.858,0.078,0.797,0.577,0.000,0.220,1,0,0,1,3,0.059,21.639,21.659,25.376,21.424,1.000,Loss,0,1,0,1.000,2,2,2,1,0.060,0.000,0.060,0,100,0,9672,9106,532,0,521
14.146,Custom_loss6_delay0-100_dup0_reorder6_burst0,Loopback,1,1,0,,,0.000,0,21,373,21.171,19.398,19.576,100.144,101.925,24.759,55.127,6.699,0.061,0.235,9859,641,9208,8567,1316,783,80,397,352,45,56,0,8571,284,87,0,0,0,0,5.000,0,0,0,0,0,0,0,0,0,0,0,0,0,0,0,0.000,0.000,0.000,,276,276,1291,0,1,39.513,160.414,40.536,161.575,0.000,0.000,272,266,5121,329,80,0,871,1437,373,1,completed,completed,H.264,0,1,24,24,0,4,4,3,8,22,0,0,10402,4,0,0,0,0,0,95.789,50,80,45,38,45,0,63.557,21.356,55.741,1,0,176,17,193,0,58,3,0.385,0.615,0.912,1.000,0.049,40.000,0.286,0.714,0.333,retransmit-late,503,3891,0,0,289,3549,871,8043,214,342,0,0,8038,predicted-useful,fec-grace,1488,0.000,75,193,0,5,0,0,0,5,5,5,5,73,1135,73,1135,0,0,0,pacing,1,0.768,11.244,119.244,0,0,5,5,0,0,0,0,4,7,7,0,59,2,2,sent,1145,1090,55,1,1,9500000,1200000,4,0,4,10504,10500,12885393,578,710422,329,408916,0,0,0,0,0,10.586,36.552,49.812,4800.000,540,19055,9851,4138,9204,5066,0.296,21.453,4.022,540,5633517,8724071,1.402,-2.180,0.518,16.341,19055,871,278,8043,213,650,8,79,79,145,10,14,1,6,4,0,0,0,0,0,0,0,0,0,0,68,1,1,0,4,1771,1437,1437,0,0,0,0,0,,disabled,,0,0,0,0,,1,Fixed Quality,Hybrid,85,30,9500,12000,640,360,H.264,480,270,518400,28178,518400,28178,0.054,0.000,,0,0,0.000,2.771,0.000,0.000,0.076,6000,6250,6250,11,11,0,1,9500,0.820,1,32.645,0.000,0,0,0.000,0.000,0,0,0,0,0.259,0.653,0.088,1,0,0,fixed-pacing-queue-hold,24,0,0,48,102,48,42,12,72,72,0,4,large-au-observed,0,,0,0,36.534,23.729,0,,0.000,0.000,0.000,0.000,0,0,0,,14,0,0,4.184,0,376,0.076,0.000,0.000,0.075,0.000,0.050,0.009,1,1,1,1,0,1,1,0,0,0,1,0,0.860,70.500,0.000,24,0,0.000,0,0,0,0.000,0.000,0.000,0.000,0.000,0.000,0.000,1.831,7.134,0,0,0,0,0,0,0,0,0.000,0.000,0.000,0.000,0.000,0.000,0,0.374,19.398,272,276,1291,40.552,161.427,58.087,161.427,13937.509,368,1,H.264,101.766,0,0,160.414,161.575,1.001,98.150,100.748,arrival-gap-jitter-spike,208.509,0,1,1,1,1,14146.018,408.595,460.605,461.179,461.179,0,0,8,0,0,6,0,,,150.003,150.003,297,1,decoded,0,0,0,0,0,0,0,0,0,0,,105.601,0.000,108.372,0.000,0.000,0.000,130.072,stale-before-upload,0.001,372,0.000,114.340,4.536,0.080,0.687,0.419,0.000,0.268,1,0,0,1,3,0.061,21.171,19.398,6.699,19.576,1.000,Jitter,1,1,0,1.000,0,1,1,1,0.060,0.000,0.060,0,100,0,10514,9877,588,0,573
15.146,Custom_loss6_delay0-100_dup0_reorder6_burst0,Loopback,1,1,0,,,0.000,0,21,397,22.008,21.949,21.777,89.788,101.506,68.664,56.094,31.353,0.060,0.235,10466,670,9760,9090,1397,832,85,420,373,47,60,0,9094,303,93,0,0,0,0,5.000,0,0,0,0,0,0,0,0,0,0,0,0,0,0,0,0.000,0.000,0.000,,294,294,1382,0,1,75.760,160.414,76.792,161.575,0.000,0.000,291,285,5448,350,85,0,927,1535,398,1,nack-sent,pending,H.264,0,1,22,18,4,5,4,3,6,28,0,0,11085,10,0,0,0,0,0,95.626,56,85,47,39,47,0,62.531,22.047,62.642,1,0,189,19,208,0,63,4,0.397,0.603,0.909,1.000,0.060,38.000,0.333,0.667,0.250,retransmit-late,528,4133,0,0,308,3784,927,8556,220,349,0,0,8550,predicted-useful,fec-grace,1582,0.455,81,208,0,5,0,0,0,6,6,6,6,78,1215,78,1215,0,0,0,pacing,1,0.825,10.655,118.655,0,0,6,6,0,0,0,0,5,9,9,0,377,2,2,sent,1226,1159,59,1,1,9500000,1200000,0,0,0,11144,11144,13680319,621,763658,353,438812,0,0,0,0,0,8.601,36.552,1.625,4800.000,573,20216,10461,4366,9755,5389,0.294,4.321,2.850,573,3645436,5934194,3.044,43.905,0.441,11.948,20216,926,297,8552,228,690,8,84,84,154,11,15,1,7,4,0,0,0,0,0,0,0,0,0,0,72,1,1,0,4,1882,1535,1535,0,0,0,0,0,,disabled,,0,0,0,0,,1,Fixed Quality,Hybrid,85,30,9500,12000,640,360,H.264,480,270,518400,26096,518400,26096,0.050,0.000,,0,0,0.000,1.953,0.000,0.000,0.081,6250,6250,6250,11,11,0,1,9500,0.872,1,10.455,0.000,0,0,0.000,0.000,0,0,0,0,0.269,0.639,0.091,1,0,0,fixed-pacing-queue-hold,22,0,0,52,110,52,46,12,78,78,0,4,large-au-observed,0,,0,0,17.979,21.976,0,,0.000,0.000,0.000,0.000,0,0,0,,15,0,0,5.950,0,400,0.080,0.000,0.000,0.080,0.000,0.056,0.007,1,1,1,1,0,1,1,0,0,0,1,0,0.860,105.054,0.000,24,0,0.000,0,0,0,0.000,0.000,0.000,0.000,0.000,0.000,0.000,1.863,10.014,0,0,0,0,0,0,0,0,0.000,0.000,0.000,0.000,0.000,0.000,0,0.455,21.949,291,294,1382,76.939,161.427,58.087,161.427,13937.509,368,1,H.264,101.766,0,0,160.414,161.575,1.001,98.150,100.748,arrival-gap-jitter-spike,1208.589,0,1,1,1,1,15146.098,408.595,460.605,461.179,461.179,0,0,8,0,0,6,0,,,150.003,150.003,297,1,decoded,0,0,0,0,0,0,0,0,0,0,,100.188,0.000,102.813,0.000,0.000,0.000,124.894,stale-before-upload,0.001,397,0.000,107.897,4.617,0.084,0.603,0.279,0.000,0.324,1,0,0,1,3,0.060,22.008,21.949,31.353,21.777,1.000,RecoveryDeadline,1,1,0,1.000,1,1,1,1,0.060,0.000,0.060,0,100,0,11159,10488,635,0,598
16.152,Custom_loss6_delay0-100_dup0_reorder6_burst0,Loopback,1,1,0,,,0.000,0,21,424,22.448,22.448,22.457,96.552,101.557,96.807,58.808,39.709,0.061,0.234,11192,728,10441,9713,1500,890,94,455,401,54,61,0,9717,324,99,0,0,0,0,5.000,0,0,0,0,0,0,0,0,0,0,0,0,0,0,0,0.000,0.000,0.000,,315,315,1474,0,1,83.139,160.414,84.256,161.575,0.000,0.000,312,306,5841,378,91,0,992,1647,421,1,retransmit-late-after-completed,completed,H.264,1,1,23,23,0,0,0,3,0,0,0,1,11811,4,11811,4,11811,4,1,182.217,61,94,54,46,54,0,63.849,22.773,90.672,1,0,210,20,230,0,70,4,0.394,0.606,0.913,1.000,0.054,45.000,0.222,0.778,0.000,duplicate-guard,564,4382,0,0,327,4005,992,9103,237,377,0,0,9096,predicted-useful,fec-grace,1692,0.000,89,230,0,5,0,0,0,6,6,6,6,86,1339,86,1339,0,0,0,pacing,1,0.820,6.187,114.187,0,0,6,6,0,0,0,0,5,9,9,0,377,2,2,sent,1350,1236,62,0,1,9500000,1200000,9,0,9,11941,11932,14651315,672,826686,378,469952,0,0,0,0,0,1.046,36.552,553.875,4800.000,612,21609,11174,4703,10435,5732,0.296,2.951,0.995,612,5726295,9317709,2.245,40.753,0.473,17.055,21609,992,318,9103,249,735,8,90,90,164,12,16,1,8,4,0,0,0,0,0,0,0,0,0,0,77,1,1,0,4,2014,1647,1647,0,0,0,0,0,,disabled,,0,0,0,0,,1,Fixed Quality,Hybrid,85,30,9500,12000,640,360,H.264,480,270,518400,27138,518400,27138,0.052,0.000,,0,0,0.000,1.978,0.000,0.000,0.094,7250,6500,6500,12,12,0,1,9500,1.000,0,13.545,0.000,0,0,0.000,0.000,0,0,0,0,0.000,1.000,0.000,1,0,0,disabled,23,0,0,56,119,56,49,14,85,85,0,4,large-au-observed,0,,0,0,15.231,22.853,0,,0.000,0.000,0.000,0.000,0,0,0,,16,0,0,11.334,0,427,0.094,0.000,0.000,0.093,0.000,0.066,0.007,1,1,1,1,0,1,1,0,0,0,0,0,1.000,0.000,0.000,30,0,0.000,0,0,0,0.000,0.000,0.000,0.000,0.000,0.000,0.000,1.874,18.183,0,0,0,0,0,0,0,0,0.000,0.000,0.000,0.000,0.000,0.000,0,0.399,22.448,312,315,1474,84.116,161.427,58.087,161.427,13937.509,368,1,H.264,101.766,0,0,160.414,161.575,1.001,98.150,100.748,arrival-gap-jitter-spike,2214.321,0,1,1,1,1,16151.830,408.595,460.605,461.179,461.179,0,0,8,0,0,6,0,,,150.003,150.003,297,1,decoded,0,0,0,0,0,0,0,0,0,0,,103.996,0.000,106.689,0.000,0.000,0.000,133.276,stale-before-upload,0.000,424,0.000,111.709,4.605,0.079,0.259,0.012,0.000,0.246,1,0,0,1,3,0.061,22.448,22.448,39.709,22.457,1.000,Jitter,0,1,0,0.000,2,4,4,1,0.060,0.000,0.060,0,100,0,11948,11212,688,0,642
17.154,Custom_loss6_delay0-100_dup0_reorder6_burst0,Loopback,1,1,0,,,0.000,0,21,452,21.864,21.857,21.815,108.659,101.495,107.033,61.822,44.859,0.062,0.228,11977,798,11194,10396,1600,940,99,498,435,63,63,0,10400,348,103,0,0,0,0,5.000,0,0,0,0,0,0,0,0,0,0,0,0,0,0,0,0.000,0.000,0.000,,339,339,1568,0,1,89.402,160.414,90.596,161.575,0.000,0.000,336,329,6254,411,95,0,1060,1767,453,1,nack-sent,pending,H.264,0,1,24,15,9,3,2,2,2,22,0,0,12732,15,0,0,0,0,0,78.005,65,99,63,55,63,0,64.209,21.855,90.672,1,0,228,21,249,0,77,4,0.396,0.604,0.916,1.000,0.049,45.000,0.125,0.875,0.000,duplicate-guard,604,4697,0,0,349,4291,1060,9748,255,406,0,0,9739,predicted-useful,fec-grace,1807,0.000,96,249,0,5,0,0,0,6,6,6,6,93,1450,93,1450,0,0,0,pacing,1,0.774,8.585,116.585,0,0,6,6,0,0,0,0,5,9,9,0,377,2,2,sent,1461,1318,66,0,1,9500000,1200000,0,0,0,12760,12760,15667267,721,887068,403,501100,0,0,0,0,0,14.363,36.552,4332.000,4800.000,654,23142,11966,5063,11176,6113,0.297,35.224,0.000,654,5212804,8376092,1.223,34.647,0.430,23.537,23142,1059,342,9739,267,784,8,94,94,171,12,16,1,8,4,0,0,0,0,0,0,0,0,0,0,81,1,1,0,4,2153,1767,1767,0,0,0,0,0,,disabled,,0,0,0,0,,1,Fixed Quality,Hybrid,85,30,9500,12000,640,360,H.264,480,270,518400,0,518400,28178,0.054,0.000,,0,0,0.000,7.358,0.000,6.133,1.167,7250,6750,6750,13,13,0,1,9500,1.000,0,14.363,0.000,0,0,0.000,0.000,0,0,0,0,0.261,0.655,0.084,1,0,0,disabled,0,0,0,60,126,60,52,14,91,91,0,4,async-output-pending,0,,0,0,0.000,0.000,0,,14.363,4332.000,45673.077,0.000,0,0,0,,17,0,0,0.000,1,0,1.153,0.253,0.898,0.000,0.000,0.000,0.000,0,0,1,1,1,0,0,1,1,0,1,0,0.860,16.645,0.000,26,0,0.000,0,0,0,0.000,0.000,0.000,0.000,0.000,0.000,0.000,0.000,30.942,0,0,0,0,0,0,0,0,0.000,0.000,0.000,0.000,0.000,0.000,0,0.422,21.857,336,339,1568,90.734,161.427,58.087,161.427,13937.509,368,1,H.264,101.766,0,0,160.414,161.575,1.001,98.150,100.748,arrival-gap-jitter-spike,3216.825,0,1,1,1,1,17154.334,408.595,460.605,461.179,461.179,0,0,8,0,0,6,0,,,150.003,150.003,297,1,decoded,0,0,0,0,0,0,0,0,0,0,,104.911,0.000,107.840,5.378,0.000,118.982,139.329,stale-before-upload,0.001,450,0.000,111.994,5.054,0.079,0.586,0.312,0.000,0.274,1,0,0,1,3,0.062,21.864,21.857,44.859,21.815,1.000,Jitter,0,1,0,2.000,1,2,2,1,0.060,0.000,0.060,0,100,0,12777,12005,741,0,690
18.156,Custom_loss6_delay0-100_dup0_reorder6_burst0,Loopback,1,1,0,,,0.000,0,21,479,24.647,24.657,24.711,98.418,101.577,51.220,61.198,5.555,0.061,0.224,12774,827,11926,11099,1711,1002,107,539,473,66,63,0,11103,371,107,0,0,0,0,5.000,0,0,0,0,0,0,0,0,0,0,0,0,0,0,0,0.000,0.000,0.000,,361,361,1658,0,1,33.947,160.414,35.017,161.575,0.000,0.000,358,352,6649,437,98,0,1124,1881,481,1,nack-sent,pending,H.264,1,1,24,16,8,3,1,3,7,34,0,0,13555,8,0,0,0,0,0,65.565,72,107,66,58,66,0,64.292,21.643,90.672,1,0,246,25,271,0,83,5,0.402,0.598,0.908,1.000,0.057,39.000,0.167,0.833,0.333,retransmit-late,641,4989,0,0,369,4557,1124,10390,272,432,0,0,10381,predicted-useful,fec-grace,1921,0.333,104,271,0,5,0,0,0,6,6,6,6,101,1580,101,1580,0,0,0,pacing,1,0.783,10.088,118.088,0,0,6,6,0,0,0,0,5,9,9,0,377,2,2,sent,1591,1399,70,0,1,9500000,1200000,0,0,0,13592,13592,16686765,773,951182,432,536594,0,0,0,0,0,18.497,36.552,9188.500,4800.000,696,24667,12758,5341,11909,6568,0.295,27.279,0.045,696,5015076,8352145,0.553,16.555,0.429,26.313,24667,1124,365,10390,288,828,8,97,97,176,13,18,2,8,5,0,0,0,0,0,0,0,0,0,0,83,1,1,0,4,2289,1881,1881,0,0,0,0,0,,disabled,,0,0,0,0,,1,Fixed Quality,Hybrid,85,30,9500,12000,640,360,H.264,480,270,518400,0,518400,28176,0.054,0.000,,0,0,0.000,4.513,0.000,3.870,0.615,7250,6750,6750,13,13,0,1,9500,1.000,0,18.497,0.000,0,0,0.000,0.000,0,0,0,0,0.266,0.642,0.092,1,0,0,disabled,0,0,0,64,137,64,56,17,98,98,0,4,async-output-pending,0,,0,0,0.000,0.000,0,,18.497,9188.500,45673.077,0.000,0,0,0,,18,0,0,0.000,1,0,0.604,0.153,0.450,0.000,0.000,0.000,0.000,0,0,1,1,1,0,0,1,1,0,1,0,0.860,92.278,0.000,26,0,0.000,0,0,0,0.000,0.000,0.000,0.000,0.000,0.000,0.000,0.000,20.987,0,0,0,0,0,0,0,0,0.000,0.000,0.000,0.000,0.000,0.000,0,0.430,24.657,358,361,1658,35.013,161.427,58.087,161.427,13937.509,368,1,H.264,101.766,0,0,160.414,161.575,1.001,98.150,100.748,arrival-gap-jitter-spike,4218.714,0,1,1,1,1,18156.223,408.595,460.605,461.179,461.179,0,0,8,0,0,6,0,,,150.003,150.003,297,1,decoded,0,0,0,0,0,0,0,0,0,0,,102.742,0.000,105.515,0.000,0.000,0.000,129.209,stale-before-upload,0.001,479,0.000,110.713,4.760,0.082,0.297,0.001,0.000,0.296,1,0,0,1,3,0.061,24.647,24.657,5.555,24.711,1.000,RecoveryDeadline,0,1,0,1.000,0,1,1,1,0.060,0.000,0.060,0,100,0,13610,12799,775,0,744
19.160,Custom_loss6_delay0-100_dup0_reorder6_burst0,Loopback,1,1,0,,,0.000,0,21,506,21.623,21.638,19.668,108.432,101.716,46.399,60.376,4.496,0.062,0.223,13500,887,12621,11734,1804,1058,113,568,497,71,65,0,11738,393,113,0,0,0,0,5.000,0,0,0,0,0,0,0,0,0,0,0,0,0,0,0,0.000,0.000,0.000,,383,383,1759,0,1,40.663,160.414,41.752,161.575,0.000,0.000,380,373,7025,464,104,0,1196,1982,507,1,expired-no-slack,expired,H.264,0,1,22,21,1,3,3,3,10,31,0,0,14303,18,0,0,0,0,0,125.127,77,113,71,62,71,0,64.616,22.857,114.783,1,0,262,23,285,0,87,7,0.405,0.595,0.919,1.000,0.074,27.000,0.333,0.667,0.333,retransmit-late,677,5317,0,0,391,4863,1196,11104,286,454,0,0,11095,predicted-useful,fec-grace,2040,0.545,109,285,0,5,0,0,0,6,6,6,6,105,1648,105,1648,0,0,0,pacing,1,0.785,9.023,117.023,0,0,6,6,0,0,0,0,6,11,11,0,500,2,2,sent,1659,1485,74,0,1,9500000,1200000,2,0,2,14378,14376,17647547,817,1004717,457,567742,0,0,0,0,0,6.869,36.552,290.938,4800.000,736,26116,13495,5684,12621,6937,0.296,31.996,6.366,736,4038765,6844743,2.306,12.280,0.523,16.148,26116,1196,387,11104,305,883,8,103,103,183,15,21,1,9,6,0,0,0,0,0,0,0,0,0,0,87,1,1,0,4,2412,1982,1982,0,0,0,0,0,,disabled,,0,0,0,0,,1,Fixed Quality,Hybrid,85,30,9500,12000,640,360,H.264,480,270,518400,26096,518400,26096,0.050,0.000,,0,0,0.000,1.795,0.000,0.000,0.082,6250,6250,6250,14,14,0,1,9500,0.880,1,13.160,0.000,0,0,0.000,0.000,0,0,0,0,0.270,0.649,0.081,1,0,0,latency-pressure-freshness-hold,22,0,0,68,145,68,60,17,104,104,0,4,large-au-observed,0,,0,0,16.789,21.976,0,,0.000,0.000,0.000,0.000,0,0,0,,19,0,0,9.219,0,510,0.081,0.000,0.000,0.081,0.000,0.057,0.007,1,1,1,1,0,1,1,0,0,0,1,0,0.860,140.875,0.000,26,0,0.000,0,0,0,0.000,0.000,0.000,0.000,0.000,0.000,0.000,1.706,13.071,0,0,0,0,0,0,0,0,0.000,0.000,0.000,0.000,0.000,0.000,0,0.394,21.638,380,383,1759,41.724,161.427,58.087,161.427,13937.509,368,1,H.264,101.766,0,0,160.414,161.575,1.001,98.150,100.748,arrival-gap-jitter-spike,5222.273,0,1,1,1,1,19159.782,408.595,460.605,461.179,461.179,0,0,9,0,0,7,1,latency-pressure freshness,latency-over-80ms,134.338,150.003,495,1,decoded,0,0,0,0,0,0,0,0,0,0,,104.107,0.000,106.471,0.000,0.000,0.000,134.216,stale-before-upload,0.001,506,0.000,110.935,4.619,0.078,0.895,0.680,0.000,0.214,1,0,0,1,3,0.062,21.623,21.638,4.496,19.668,2.000,RecoveryDeadline,0,1,0,0.500,2,1,1,1,0.060,0.000,0.060,0,100,0,14395,13530,824,0,793
20.164,Custom_loss6_delay0-100_dup0_reorder6_burst0,Loopback,1,1,0,,,0.000,0,21,533,23.917,23.885,23.942,106.782,101.753,75.767,61.186,11.543,0.061,0.224,14193,921,13249,12328,1900,1112,122,598,525,73,68,0,12332,412,119,0,0,0,0,5.000,0,0,0,0,0,0,0,0,0,0,0,0,0,0,0,0.000,0.000,0.000,,402,402,1853,0,1,29.130,193.071,30.269,194.114,0.000,0.000,399,392,7389,485,110,0,1266,2087,534,1,fec-parity,pending,H.264,0,1,23,21,2,6,4,3,8,24,0,0,15058,21,0,0,0,0,0,98.612,79,122,73,64,73,0,64.706,22.901,114.783,1,0,275,24,299,0,90,7,0.393,0.607,0.920,1.000,0.072,35.000,0.200,0.800,0.000,duplicate-guard,701,5609,0,0,412,5151,1266,11852,289,458,0,0,11843,predicted-useful,fec-grace,2151,0.130,115,299,0,5,0,0,0,8,8,8,8,111,1746,111,1746,0,0,0,pacing,1,0.841,10.242,118.242,0,0,8,8,0,0,0,0,6,11,11,0,500,2,2,sent,1759,1570,78,0,1,9500000,1200000,0,0,0,15104,15104,18545131,860,1058049,482,598890,0,0,0,0,0,12.180,36.552,3530.250,4800.000,775,27431,14182,5934,13249,7315,0.295,25.331,3.232,775,4834743,7725438,1.502,15.698,0.491,17.955,27431,1266,406,11852,320,938,8,109,109,193,17,25,1,10,7,0,0,0,0,0,0,0,0,0,0,91,1,1,0,4,2539,2087,2087,0,0,0,0,0,,disabled,,0,0,0,0,,1,Fixed Quality,Hybrid,85,30,9500,12000,640,360,H.264,480,270,518400,27138,518400,27138,0.052,0.000,,0,0,0.000,1.895,0.000,0.000,0.140,7250,6500,6500,15,15,0,1,9500,1.000,0,12.180,0.000,0,0,0.000,0.000,0,0,0,0,0.264,0.656,0.080,1,0,0,disabled,23,0,0,72,152,72,63,17,109,109,0,4,large-au-observed,0,,0,0,19.134,22.853,0,,0.000,0.000,0.000,0.000,0,0,0,,20,0,0,9.319,0,536,0.139,0.000,0.000,0.139,0.000,0.102,0.012,1,1,1,1,0,1,1,0,0,0,1,0,0.860,179.992,0.000,26,0,0.000,0,0,0,0.000,0.000,0.000,0.000,0.000,0.000,0.000,1.742,6.843,0,0,0,0,0,0,0,0,0.000,0.000,0.000,0.000,0.000,0.000,0,0.484,23.885,399,402,1853,30.340,194.146,58.087,194.146,19292.249,511,1,H.264,112.828,0,0,193.071,194.114,1.000,147.866,111.726,arrival-gap-jitter-spike,872.392,0,1,1,1,1,20164.641,408.595,460.605,461.179,461.179,0,0,9,0,0,7,0,,,134.338,150.003,495,1,decoded,0,0,0,0,0,0,0,0,0,0,,105.804,0.000,108.535,0.000,0.000,0.000,133.391,stale-before-upload,0.001,533,0.000,114.252,5.232,0.083,0.368,0.009,0.000,0.359,1,0,0,1,3,0.061,23.917,23.885,11.543,23.942,1.000,RecoveryDeadline,1,1,0,1.000,1,1,1,1,0.060,0.000,0.060,0,100,0,15124,14218,867,0,847
21.166,Custom_loss6_delay0-100_dup0_reorder6_burst0,Loopback,1,1,0,,,0.000,0,21,562,20.650,20.682,21.905,99.849,101.892,25.175,59.386,41.749,0.061,0.224,14960,973,13980,13007,1998,1176,130,622,545,77,70,0,13011,434,125,0,0,0,0,5.000,0,0,0,0,0,0,0,0,0,0,0,0,0,0,0,0.000,0.000,0.000,,424,424,1950,0,1,81.978,193.071,83.040,194.114,0.000,0.000,421,414,7794,511,116,0,1335,2199,564,1,fec-parity,pending,H.264,0,1,24,9,15,2,0,0,0,0,0,0,15923,17,0,0,0,0,0,36.964,83,130,77,68,77,0,65.084,22.807,114.783,1,0,291,25,316,0,96,7,0.390,0.610,0.921,1.000,0.068,43.000,0.222,0.778,0.000,duplicate-guard,742,5932,0,0,434,5448,1335,12556,308,484,0,0,12547,predicted-useful,fec-grace,2265,0.000,122,316,0,5,0,0,0,8,8,8,8,118,1865,118,1865,0,0,0,pacing,1,0.816,10.720,118.720,0,0,8,8,0,0,0,0,6,11,11,0,500,2,2,sent,1878,1653,82,0,1,9500000,1200000,0,0,0,15915,15915,19541303,907,1116197,509,632150,0,0,0,0,0,19.034,36.552,6393.125,4800.000,815,28916,14942,6325,13974,7649,0.297,8.307,0.102,815,5080883,8285379,1.439,2.440,0.481,14.324,28916,1335,428,12556,335,992,8,115,115,203,17,25,1,10,7,0,0,0,0,0,0,0,0,0,0,97,1,1,0,4,2678,2199,2199,0,0,0,0,0,,disabled,,0,0,0,0,,1,Fixed Quality,Hybrid,85,30,9500,12000,640,360,H.264,480,270,518400,0,518400,28176,0.054,0.000,,0,0,0.000,4.746,0.000,4.066,0.654,7250,6750,6750,16,16,0,1,9500,1.000,0,19.034,0.000,0,0,0.000,0.000,0,0,0,0,0.263,0.658,0.079,1,0,0,disabled,0,0,0,76,160,76,66,18,114,114,0,4,async-output-pending,0,,0,0,0.000,0.000,0,,19.034,6393.125,45673.077,0.000,0,0,0,,21,0,0,0.000,1,0,0.643,0.179,0.463,0.000,0.000,0.000,0.000,0,0,1,1,1,0,0,1,1,0,1,0,0.860,170.652,0.000,26,0,0.000,0,0,0,0.000,0.000,0.000,0.000,0.000,0.000,0.000,0.000,31.846,0,0,0,0,0,0,0,0,0.000,0.000,0.000,0.000,0.000,0.000,0,0.460,20.682,421,424,1950,82.984,194.146,58.087,194.146,19292.249,511,1,H.264,112.828,0,0,193.071,194.114,1.000,147.866,111.726,arrival-gap-jitter-spike,1874.188,0,1,1,1,1,21166.437,408.595,460.605,461.179,461.179,0,0,9,0,0,7,0,,,134.338,150.003,495,1,decoded,0,0,0,0,0,0,0,0,0,0,,104.903,0.000,107.544,0.000,0.000,0.000,134.924,stale-before-upload,0.001,562,0.000,112.511,4.492,0.088,0.243,0.000,0.000,0.243,1,0,0,1,3,0.061,20.650,20.682,41.749,21.905,1.000,Jitter,0,1,0,0.000,2,5,5,1,0.060,0.000,0.060,0,100,0,15936,14986,921,0,906
22.174,Custom_loss6_delay0-100_dup0_reorder6_burst0,Loopback,1,1,0,,,0.000,0,21,589,23.132,23.101,19.208,105.692,101.993,14.444,57.246,26.006,0.061,0.222,15712,1014,14676,13662,2095,1245,134,645,566,79,71,0,13666,456,130,0,0,0,0,5.000,0,0,0,0,0,0,0,0,0,0,0,0,0,0,0,0.000,0.000,0.000,,446,446,2043,0,1,68.775,193.071,69.237,194.114,0.000,0.000,443,435,8182,535,121,0,1405,2310,592,1,nack-sent,pending,H.264,0,1,22,10,12,0,0,1,0,12,0,0,16718,12,0,0,0,0,0,41.569,90,134,79,70,79,0,65.733,23.080,114.783,1,0,304,27,331,0,100,8,0.402,0.598,0.918,1.000,0.074,39.000,0.714,0.286,0.250,retransmit-late,780,6209,0,0,455,5704,1405,13168,325,505,0,0,13159,predicted-useful,fec-grace,2379,0.409,127,331,0,5,0,0,0,8,8,8,8,123,1937,123,1937,0,0,0,pacing,1,0.725,6.238,114.238,0,0,8,8,0,0,0,0,6,11,11,0,500,2,2,sent,1950,1739,86,0,1,9500000,1200000,9,0,9,16740,16731,20540946,952,1171603,535,663912,0,0,0,0,0,0.669,36.552,1022.438,4800.000,856,30359,15689,6669,14670,8001,0.298,19.798,2.035,856,4445405,7375748,1.930,-0.194,0.492,12.788,30359,1404,448,13156,353,1043,8,120,120,210,18,27,2,10,8,0,0,0,0,0,0,0,0,0,0,101,1,1,0,4,2807,2310,2310,0,0,0,0,0,,disabled,,0,0,0,0,,1,Fixed Quality,Hybrid,85,30,9500,12000,640,360,H.264,480,270,518400,26096,518400,26096,0.050,0.000,,0,0,0.000,1.978,0.000,0.000,0.076,6000,6250,6250,17,17,0,1,9500,0.820,1,13.218,0.000,0,0,0.000,0.000,0,0,0,0,0.272,0.647,0.082,1,0,0,latency-pressure-freshness-hold,22,0,0,80,168,80,70,18,120,120,0,4,large-au-observed,0,,0,0,15.172,21.976,0,,0.000,0.000,0.000,0.000,0,0,0,,22,0,0,5.695,0,593,0.075,0.000,0.000,0.075,0.000,0.053,0.007,1,1,1,1,0,1,1,0,0,0,1,0,0.860,66.667,0.000,26,0,0.000,0,0,0,0.000,0.000,0.000,0.000,0.000,0.000,0.000,1.890,9.893,0,0,0,0,0,0,0,0,0.000,0.000,0.000,0.000,0.000,0.000,0,0.355,23.101,443,446,2043,69.735,194.146,58.087,194.146,19292.249,511,1,H.264,112.828,0,0,193.071,194.114,1.000,147.866,111.726,arrival-gap-jitter-spike,2881.583,0,1,1,1,1,22173.832,408.595,460.605,461.179,461.179,0,0,10,0,0,8,1,latency-pressure freshness,latency-over-80ms,147.652,150.003,582,1,decoded,0,0,0,0,0,0,0,0,0,0,,97.590,0.000,99.698,0.000,0.000,0.000,132.846,stale-before-upload,0.001,589,0.000,102.731,4.547,0.075,0.924,0.666,0.000,0.258,1,0,0,1,3,0.061,23.132,23.101,26.006,19.208,0.750,Loss,0,1,0,1.000,1,1,1,1,0.060,0.000,0.060,0,100,0,16753,15738,971,0,942
23.174,Custom_loss6_delay0-100_dup0_reorder6_burst0,Loopback,1,1,0,,,0.000,0,21,616,19.214,19.208,17.264,100.389,101.811,159.632,61.900,10.087,0.060,0.225,16437,1048,15347,14299,2202,1304,142,682,594,88,74,0,14303,475,138,0,0,0,0,5.000,0,0,0,0,0,0,0,0,0,0,0,0,0,0,0,0.000,0.000,0.000,,465,465,2138,0,1,41.046,193.071,41.959,194.114,0.000,0.000,462,454,8567,563,129,0,1472,2414,618,1,nack-sent,pending,H.264,0,1,22,16,6,4,2,1,0,6,0,0,17474,17,0,0,0,0,0,51.821,93,142,88,79,88,0,65.954,23.698,114.783,1,0,324,29,353,0,106,8,0.396,0.604,0.918,1.000,0.070,45.000,0.000,1.000,0.000,duplicate-guard,812,6438,0,0,475,5916,1472,13740,337,522,0,0,13731,predicted-useful,fec-grace,2491,0.182,135,353,0,5,0,0,0,9,9,9,9,131,2052,131,2052,0,0,0,pacing,1,0.785,7.969,115.969,0,0,9,9,0,0,0,0,6,11,11,0,500,2,2,sent,2066,1821,90,0,1,9500000,1200000,0,0,0,17490,17490,21478216,1002,1233545,558,692564,0,0,0,0,0,8.443,36.552,44.375,4800.000,894,31762,16421,6973,15341,8368,0.298,27.393,1.825,894,5464624,8328696,2.880,145.188,0.427,21.888,31762,1471,466,13734,374,1089,8,128,128,225,18,27,2,10,8,0,0,0,0,0,0,0,0,0,0,109,1,1,0,4,2942,2414,2414,0,0,0,0,0,,disabled,,0,0,0,0,,1,Fixed Quality,Hybrid,85,30,9500,12000,640,360,H.264,480,270,518400,26096,518400,26096,0.050,0.000,,0,0,0.000,1.762,0.000,0.000,0.099,6500,6250,6250,17,17,0,1,9500,0.919,1,9.587,0.000,0,0,0.000,0.000,0,0,0,0,0.263,0.654,0.082,1,0,0,fixed-pacing-queue-hold,22,0,0,84,178,84,74,20,127,127,0,4,large-au-observed,0,,0,0,15.229,21.976,0,,0.000,0.000,0.000,0.000,0,0,0,,23,0,0,9.550,0,619,0.098,0.000,0.000,0.098,0.000,0.071,0.008,1,1,1,1,0,1,1,0,0,0,1,0,0.860,179.993,0.000,24,0,0.000,0,0,0,0.000,0.000,0.000,0.000,0.000,0.000,0.000,1.653,6.897,0,0,0,0,0,0,0,0,0.000,0.000,0.000,0.000,0.000,0.000,0,0.452,19.208,462,465,2138,41.993,194.146,58.087,194.146,19292.249,511,1,H.264,112.828,0,0,193.071,194.114,1.000,147.866,111.726,arrival-gap-jitter-spike,3881.825,0,1,1,1,1,23174.074,408.595,460.605,461.179,461.179,0,0,10,0,0,8,0,,,147.652,150.003,582,1,decoded,0,0,0,0,0,0,0,0,0,0,,98.213,0.000,100.896,0.000,0.000,0.000,130.195,stale-before-upload,0.001,616,0.000,107.001,5.657,0.094,0.308,0.001,0.000,0.307,1,0,0,1,3,0.060,19.214,19.208,10.087,17.264,1.000,RecoveryDeadline,0,1,0,1.000,0,1,1,1,0.060,0.000,0.060,0,100,0,17513,16468,1009,0,986
24.180,Custom_loss6_delay0-100_dup0_reorder6_burst0,Loopback,1,1,0,,,0.000,0,21,643,19.204,19.205,18.668,81.488,101.702,35.292,60.743,31.100,0.061,0.223,17168,1107,16032,14925,2313,1371,154,713,623,90,75,0,14929,497,143,0,0,0,0,5.000,0,0,0,0,0,0,0,0,0,0,0,0,0,0,0,0.000,0.000,0.000,,487,487,2228,0,1,19.840,193.071,20.973,194.114,0.000,0.000,484,476,8955,587,134,0,1530,2535,644,1,fec-recovered,pending,H.264,0,1,23,17,6,2,2,1,6,14,0,0,18237,13,0,0,0,0,0,65.020,97,154,90,81,90,0,66.093,23.331,114.783,1,0,342,29,371,0,108,10,0.386,0.614,0.922,1.000,0.085,33.000,0.182,0.818,0.333,retransmit-late,845,6722,0,0,495,6181,1530,14301,350,541,0,0,14292,predicted-useful,fec-grace,2597,0.348,141,371,0,5,0,0,0,9,9,9,9,137,2143,137,2143,0,0,0,pacing,1,0.803,9.551,117.551,0,0,9,9,0,0,0,0,6,11,11,0,500,2,2,sent,2157,1897,94,0,1,9500000,1200000,0,0,0,18258,18258,22423696,1049,1291597,587,728224,0,0,0,0,0,17.312,36.552,9152.688,4800.000,935,33195,17163,7330,16032,8702,0.299,34.377,0.000,935,6374613,14554522,0.820,91.282,0.455,15.660,33195,1530,488,14301,392,1130,8,133,133,230,21,30,1,13,8,0,0,0,0,0,0,0,0,0,0,111,1,1,0,4,3073,2535,2535,0,0,0,0,0,,disabled,,0,0,0,0,,1,Fixed Quality,Hybrid,85,30,9500,12000,640,360,H.264,480,270,518400,0,518400,27136,0.052,0.000,,0,0,0.000,4.567,0.000,3.920,0.624,7250,6500,6500,18,18,0,1,9500,1.000,0,17.312,0.000,0,0,0.000,0.000,0,0,0,0,0.261,0.660,0.078,1,0,0,disabled,0,0,0,88,186,88,78,20,133,133,0,4,async-output-pending,0,,0,0,0.000,0.000,0,,17.039,10044.875,39583.333,0.000,0,0,0,,24,0,0,0.000,1,0,0.614,0.151,0.462,0.000,0.000,0.000,0.000,0,0,1,1,1,0,0,1,1,0,0,0,1.000,0.000,0.000,30,0,0.000,0,0,0,0.000,0.000,0.000,0.000,0.000,0.000,0.000,0.000,19.718,0,0,0,0,0,0,0,0,0.000,0.000,0.000,0.000,0.000,0.000,0,0.432,19.205,484,487,2228,20.817,194.146,58.087,194.146,19292.249,511,1,H.264,112.828,0,0,193.071,194.114,1.000,147.866,111.726,arrival-gap-jitter-spike,4887.904,0,1,1,1,1,24180.153,408.595,460.605,461.179,461.179,0,0,10,0,0,8,0,,,147.652,150.003,582,1,decoded,0,0,0,0,0,0,0,0,0,0,,97.406,0.000,100.205,0.000,0.000,0.000,120.744,stale-before-upload,0.001,643,0.000,106.127,5.477,0.082,0.829,0.502,0.000,0.327,1,0,0,1,3,0.061,19.204,19.205,31.100,18.668,1.000,RecoveryDeadline,0,1,0,1.000,1,1,1,1,0.060,0.000,0.060,0,100,0,18282,17199,1054,0,1010
25.180,Custom_loss6_delay0-100_dup0_reorder6_burst0,Loopback,1,1,0,,,0.000,0,21,672,18.838,18.841,19.405,92.184,101.746,21.606,59.112,23.985,0.061,0.225,17960,1164,16784,15620,2412,1438,164,732,639,93,78,0,15624,518,150,0,0,0,0,5.000,0,0,0,0,0,0,0,0,0,0,0,0,0,0,0,0.000,0.000,0.000,,508,508,2324,0,1,28.086,193.071,29.098,194.114,0.000,0.000,505,496,9347,611,141,0,1602,2643,672,1,completed,completed,H.264,0,1,24,24,0,3,2,3,12,28,0,0,19047,4,0,0,0,0,0,84.816,99,164,93,84,93,0,66.126,23.168,114.783,1,0,357,29,386,0,110,10,0.376,0.624,0.925,1.000,0.083,35.000,0.000,1.000,0.000,insufficient-sample,883,7052,0,0,516,6489,1602,15110,367,563,0,0,15101,predicted-useful,fec-grace,2711,0.000,146,386,0,5,0,0,0,9,9,9,9,142,2227,142,2227,0,0,0,pacing,1,0.812,5.634,113.634,0,0,9,9,0,0,0,0,6,11,11,0,500,2,2,sent,2241,1985,98,0,1,9500000,1200000,0,0,0,19108,19108,23466064,1094,1347003,612,759372,0,0,0,0,0,18.784,36.552,9843.188,4800.000,978,34712,17944,7663,16768,9105,0.299,3.638,1.815,978,4579591,7473399,0.975,70.289,0.490,15.235,34712,1602,509,15110,410,1184,8,140,140,244,24,34,2,15,9,0,0,0,0,0,0,0,0,0,0,115,1,1,0,4,3204,2643,2643,0,0,0,0,0,,disabled,,0,0,0,0,,1,Fixed Quality,Hybrid,85,30,9500,12000,640,360,H.264,480,270,518400,28178,518400,28178,0.054,0.000,,0,0,0.000,1.896,0.000,0.000,0.079,7250,6750,6750,19,19,0,1,9500,1.000,0,18.784,0.000,0,0,0.000,0.000,0,0,0,0,0.256,0.668,0.075,1,0,0,disabled,24,0,0,92,194,92,80,22,139,139,0,4,large-au-observed,0,,0,0,14.268,23.729,0,,0.000,0.000,0.000,0.000,0,0,0,,25,0,0,6.116,0,674,0.079,0.000,0.000,0.078,0.000,0.053,0.009,1,1,1,1,0,1,1,0,0,0,1,0,0.860,68.965,0.000,26,0,0.000,0,0,0,0.000,0.000,0.000,0.000,0.000,0.000,0.000,1.809,10.139,0,0,0,0,0,0,0,0,0.000,0.000,0.000,0.000,0.000,0.000,0,0.494,18.841,505,508,2324,29.128,194.146,58.087,194.146,19292.249,511,1,H.264,112.828,0,0,193.071,194.114,1.000,147.866,111.726,arrival-gap-jitter-spike,5888.335,0,1,1,1,1,25180.584,408.595,460.605,461.179,461.179,0,0,10,0,0,8,0,,,147.652,150.003,582,1,decoded,0,0,0,0,0,0,0,0,0,0,,101.400,0.000,104.256,2.857,0.000,100.022,126.092,stale-before-upload,0.001,671,0.000,112.489,5.829,0.078,0.859,0.588,0.000,0.271,1,0,0,1,3,0.061,18.838,18.841,23.985,19.405,1.000,RecoveryDeadline,0,1,0,2.000,1,2,2,1,0.060,0.000,0.060,0,100,0,19133,17991,1102,0,1059
26.182,Custom_loss6_delay0-100_dup0_reorder6_burst0,Loopback,1,1,0,,,0.000,0,21,699,21.798,21.805,21.957,110.516,101.780,27.803,57.860,38.752,0.060,0.227,18723,1187,17481,16294,2516,1495,169,768,669,99,84,0,16298,538,158,0,0,0,0,5.000,0,0,0,0,0,0,0,0,0,0,0,0,0,0,0,0.000,0.000,0.000,,527,527,2416,0,1,60.114,193.071,61.190,194.114,0.000,0.000,523,515,9748,637,149,0,1670,2754,700,1,fec-recovered,pending,H.264,0,1,24,18,6,3,1,2,9,25,0,0,19874,2,0,0,0,0,0,68.119,105,169,99,90,99,0,66.056,22.803,114.783,2,0,375,29,404,0,113,13,0.383,0.617,0.928,1.000,0.103,33.000,0.222,0.667,1.000,retransmit-late,921,7397,0,0,537,6805,1670,15829,384,592,0,0,15820,predicted-useful,fec-grace,2821,0.375,152,404,0,5,0,0,0,9,9,9,9,148,2317,148,2317,0,0,0,pacing,1,0.746,8.515,116.515,0,0,9,9,0,0,0,0,6,11,11,0,500,2,2,sent,2331,2067,102,0,1,9500000,1200000,0,0,0,19885,19885,24417692,1142,1406141,637,789890,0,0,0,0,0,0.115,36.552,16441.562,4800.000,1019,36178,18703,7992,17475,9483,0.299,19.515,3.348,1019,4871290,7819751,1.710,57.470,0.427,18.622,36178,1670,528,15829,428,1234,8,147,147,255,26,37,2,16,10,0,0,0,0,0,0,0,0,0,0,120,1,1,0,4,3343,2754,2754,0,0,0,0,0,,disabled,,0,0,0,0,,1,Fixed Quality,Hybrid,85,30,9500,12000,640,360,H.264,480,270,518400,5954,518400,5954,0.011,0.000,,0,0,0.000,0.570,0.000,0.000,0.100,6000,6250,6250,20,20,0,1,9500,0.820,1,0.115,0.000,0,0,0.000,0.000,0,0,0,0,0.260,0.668,0.072,1,0,0,latency-pressure-freshness-hold,5,0,0,96,203,96,85,22,145,145,0,4,none,0,,0,0,0.197,5.014,0,,0.000,0.000,0.000,0.000,0,0,0,,26,0,0,6.018,0,702,0.099,0.000,0.000,0.099,0.000,0.071,0.005,1,1,1,1,0,1,1,0,0,0,1,0,0.860,61.779,0.000,26,0,0.000,0,0,0,0.000,0.000,0.000,0.000,0.000,0.000,0.000,0.460,10.112,0,0,0,0,0,0,0,0,0.000,0.000,0.000,0.000,0.000,0.000,0,0.395,21.805,523,527,2416,60.462,194.146,58.087,194.146,19292.249,511,1,H.264,112.828,0,0,193.071,194.114,1.000,147.866,111.726,arrival-gap-jitter-spike,6889.516,0,1,1,1,1,26181.765,408.595,460.605,461.179,461.179,0,0,11,0,0,9,1,latency-pressure freshness,latency-over-80ms,150.517,150.517,696,1,H.264,0,0,0,0,0,0,0,0,0,0,,96.346,0.000,91.023,0.000,0.000,0.000,120.000,stale-before-decode,0.001,701,0.000,95.806,4.375,0.115,0.309,0.001,0.000,0.309,1,0,0,1,3,0.060,21.798,21.805,38.752,21.957,1.000,RecoveryDeadline,0,1,0,0.000,0,1,1,1,0.060,0.000,0.060,0,100,0,19911,18754,1141,0,1107
27.182,Custom_loss6_delay0-100_dup0_reorder6_burst0,Loopback,1,1,0,,,0.000,0,21,726,23.507,23.498,23.488,103.354,101.684,34.531,56.962,12.443,0.060,0.230,19411,1241,18133,16892,2621,1547,179,807,703,104,88,0,16896,557,166,0,0,0,0,5.000,0,0,0,0,0,0,0,0,0,0,0,0,0,0,0,0.000,0.000,0.000,,545,545,2514,0,1,28.881,193.071,30.097,194.114,0.000,0.000,541,533,10128,661,156,0,1740,2860,727,1,nack-sent,pending,H.264,0,1,22,11,11,4,2,2,2,26,0,0,20611,8,0,0,0,0,0,69.956,109,179,104,95,104,0,65.864,22.570,114.783,2,0,394,29,423,0,117,13,0.378,0.622,0.931,1.000,0.100,41.000,0.200,0.800,0.000,duplicate-guard,957,7698,0,0,557,7076,1740,16497,400,622,0,0,16488,predicted-useful,likely-arrival,2934,0.682,159,423,0,5,0,0,0,10,10,10,10,155,2423,155,2423,0,0,0,pacing,1,0.814,10.855,118.855,0,0,10,10,0,0,0,0,6,11,11,0,500,2,2,sent,2438,2150,106,0,1,9500000,1200000,9,0,9,20660,20651,25363926,1189,1464351,661,819794,0,0,0,0,0,0.658,36.552,912.000,4800.000,1057,37523,19393,8300,18130,9830,0.300,39.777,6.523,1057,4721401,7728249,2.357,47.322,0.490,24.042,37523,1740,547,16497,446,1284,10,154,154,267,27,38,1,17,10,0,0,0,0,0,0,0,0,0,0,125,2,1,0,4,3466,2860,2860,0,0,0,0,0,,disabled,,0,0,0,0,,1,Fixed Quality,Hybrid,85,30,9500,12000,640,360,H.264,480,270,518400,26096,518400,26096,0.050,0.000,,0,0,0.000,1.964,0.000,0.000,0.080,6250,6250,6250,20,20,0,1,9500,0.874,1,7.581,0.000,0,0,0.000,0.000,0,0,0,0,0.258,0.674,0.069,1,0,0,latency-pressure-freshness-hold,22,0,0,100,211,100,87,24,151,151,0,4,large-au-observed,0,,0,0,9.374,21.976,0,,0.000,0.000,0.000,0.000,0,0,0,,27,0,0,4.648,0,729,0.079,0.000,0.000,0.079,0.000,0.052,0.007,1,1,1,1,0,1,1,0,0,0,0,0,1.000,0.000,0.000,27,0,0.000,0,0,0,0.000,0.000,0.000,0.000,0.000,0.000,0.000,1.874,9.810,0,0,0,0,0,0,0,0,0.000,0.000,0.000,0.000,0.000,0.000,0,0.444,23.497,541,545,2514,30.018,194.146,58.087,194.146,19292.249,511,1,H.264,112.828,0,0,193.071,194.114,1.000,147.866,111.726,arrival-gap-jitter-spike,7889.597,0,1,1,1,1,27181.846,408.595,460.605,461.179,461.179,0,0,11,0,0,9,0,,,150.517,150.517,696,1,H.264,0,0,0,0,0,0,0,0,0,0,,100.497,0.000,103.109,0.000,0.000,0.000,131.677,stale-before-decode,0.001,726,0.000,108.262,4.691,0.076,0.404,0.139,0.000,0.265,1,0,0,1,3,0.060,23.507,23.498,12.443,23.488,1.000,RecoveryDeadline,0,1,0,0.000,1,2,2,1,0.060,0.000,0.060,0,100,0,20678,19444,1188,0,1148
28.186,Custom_loss6_delay0-100_dup0_reorder6_burst0,Loopback,1,1,0,,,0.000,0,21,750,19.737,19.741,19.747,97.431,101.591,4.563,55.022,7.280,0.061,0.230,20111,1300,18798,17498,2711,1592,188,842,729,113,89,0,17502,577,172,0,0,0,0,5.000,0,0,0,0,0,0,0,0,0,0,0,0,0,0,0,0.000,0.000,0.000,,564,564,2612,0,1,47.203,193.071,48.381,194.114,0.000,0.000,560,552,10481,690,161,0,1801,2956,754,1,nack-sent,pending,H.264,0,1,23,9,14,1,0,1,0,14,0,0,21386,19,0,0,0,0,0,54.076,111,188,113,104,113,0,65.536,23.065,114.783,2,0,414,29,443,0,121,13,0.371,0.629,0.935,1.000,0.097,45.000,0.111,0.889,0.000,duplicate-guard,991,7962,0,0,578,7316,1801,17046,413,646,0,0,17037,predicted-useful,likely-arrival,3035,0.696,167,443,0,5,0,0,0,11,11,11,11,163,2550,163,2550,0,0,0,pacing,1,0.836,8.298,116.298,0,0,11,11,0,0,0,0,6,11,11,0,500,2,2,sent,2566,2220,110,0,1,9500000,1200000,0,0,0,21397,21397,26282834,1238,1524891,685,849690,0,0,0,0,0,15.386,36.552,6972.438,4800.000,1096,38903,20105,8551,18798,10247,0.298,32.218,0.723,1096,4541278,7712746,1.691,31.864,0.510,13.480,38903,1799,567,17031,463,1326,10,159,159,276,27,38,1,17,10,0,0,0,0,0,0,0,0,0,0,130,2,1,0,4,3583,2956,2956,0,0,0,0,0,,disabled,,0,0,0,0,,1,Fixed Quality,Hybrid,85,30,9500,12000,640,360,H.264,480,270,518400,27136,518400,27136,0.052,0.000,,0,0,0.000,2.035,0.000,0.000,0.080,7250,6500,6500,21,21,0,1,9500,1.000,0,15.386,0.000,0,0,0.000,0.000,0,0,0,0,0.251,0.684,0.065,1,0,0,disabled,23,0,0,104,220,104,92,24,157,157,0,4,large-au-observed,0,,0,0,10.775,22.851,0,,0.000,0.000,0.000,0.000,0,0,0,,28,0,0,6.082,0,755,0.080,0.000,0.000,0.079,0.000,0.053,0.008,1,1,1,1,0,1,1,0,0,0,1,0,0.860,36.848,0.000,26,0,0.000,0,0,0,0.000,0.000,0.000,0.000,0.000,0.000,0.000,1.939,10.287,0,0,0,0,0,0,0,0,0.000,0.000,0.000,0.000,0.000,0.000,0,0.419,19.741,560,564,2612,48.258,194.146,58.087,194.146,19292.249,511,1,H.264,112.828,0,0,193.071,194.114,1.000,147.866,111.726,arrival-gap-jitter-spike,8894.282,0,1,1,1,1,28186.531,408.595,460.605,461.179,461.179,0,0,11,0,0,9,0,,,150.517,150.517,696,1,H.264,0,0,0,0,0,0,0,0,0,0,,99.006,0.000,101.662,0.000,0.000,0.000,128.715,stale-before-decode,0.000,750,0.000,106.751,4.643,0.077,0.319,0.070,0.000,0.249,1,0,0,1,3,0.061,19.737,19.741,7.280,19.747,1.000,Loss,0,1,0,1.000,1,1,1,1,0.060,0.000,0.060,0,100,0,21425,20150,1234,0,1191
29.188,Custom_loss6_delay0-100_dup0_reorder6_burst0,Loopback,1,1,0,,,0.000,0,21,781,25.898,23.890,23.926,116.722,101.866,59.436,55.179,1.664,0.061,0.229,20885,1364,19544,18180,2798,1647,192,865,751,114,94,0,18184,600,178,0,0,0,0,5.000,0,0,0,0,0,0,0,0,0,0,0,0,0,0,0,0.000,0.000,0.000,,586,586,2700,0,1,35.881,193.071,36.948,194.114,0.000,0.000,582,574,10883,714,166,0,1865,3073,782,1,fec-recovered,pending,H.264,0,1,24,17,7,6,3,2,4,22,0,0,22188,9,0,0,0,0,0,84.282,117,192,114,105,114,0,65.608,23.048,114.783,2,0,425,31,456,0,124,13,0.379,0.621,0.932,1.000,0.095,44.000,0.600,0.400,0.000,stable,1028,8234,0,0,598,7560,1865,17642,430,674,0,0,17633,predicted-useful,fec-grace,3147,0.375,172,456,0,5,0,0,0,11,11,11,11,168,2637,168,2637,0,0,0,pacing,1,0.852,6.324,114.324,0,0,11,11,0,0,0,0,6,11,11,0,500,2,2,sent,2653,2302,114,0,1,9500000,1200000,7,0,7,22240,22233,27309154,1281,1577809,713,884570,0,0,0,0,0,8.284,39.558,240.312,4800.000,1138,40420,20876,8915,19544,10629,0.299,3.582,1.558,1138,6243783,10103883,1.537,36.466,0.507,14.325,40420,1865,589,17642,484,1371,10,164,164,286,27,38,1,17,10,0,0,0,0,0,0,0,0,0,0,135,2,1,0,4,3728,3073,3073,0,0,0,0,0,,disabled,,0,0,0,0,,1,Fixed Quality,Hybrid,85,30,9500,12000,640,360,H.264,480,270,518400,28178,518400,28178,0.054,0.000,,0,0,0.000,1.917,0.000,0.000,0.091,7250,6750,6750,22,22,0,1,9500,1.000,0,18.263,0.000,0,0,0.000,0.000,0,0,0,0,0.257,0.675,0.068,1,0,0,disabled,24,0,0,108,230,108,96,26,164,164,0,4,large-au-observed,0,,0,0,23.497,23.729,0,,0.000,0.000,0.000,0.000,0,0,0,,29,0,0,11.832,0,784,0.091,0.000,0.000,0.090,0.000,0.062,0.010,1,1,1,1,0,1,1,0,0,0,1,0,0.860,179.994,0.000,26,0,0.000,0,0,0,0.000,0.000,0.000,0.000,0.000,0.000,0.000,1.819,8.341,0,0,0,0,0,0,0,0,0.000,0.000,0.000,0.000,0.000,0.000,0,0.537,23.890,582,586,2700,37.158,194.146,58.087,194.146,19292.249,511,1,H.264,112.828,0,0,193.071,194.114,1.000,147.866,111.726,arrival-gap-jitter-spike,9896.251,0,1,1,1,1,29188.500,408.595,460.605,461.179,461.179,0,0,11,0,0,9,0,,,150.517,150.517,696,1,H.264,0,0,0,0,0,0,0,0,0,0,,106.791,0.000,109.598,0.000,0.000,0.000,138.361,stale-before-decode,0.001,781,0.000,114.820,4.641,0.082,0.315,0.001,0.000,0.315,1,0,0,1,3,0.061,25.898,23.890,1.664,23.926,1.000,RecoveryDeadline,0,1,0,1.000,1,1,1,1,0.060,0.000,0.060,0,100,0,22262,20926,1297,0,1248
30.194,Custom_loss6_delay0-100_dup0_reorder6_burst0,Loopback,1,1,0,,,0.000,0,21,809,19.184,17.276,17.286,87.825,102.043,90.000,56.380,30.887,0.062,0.231,21655,1421,20272,18851,2896,1701,200,898,781,117,97,0,18855,620,186,0,0,0,0,5.000,0,0,0,0,0,0,0,0,0,0,0,0,0,0,0,0.000,0.000,0.000,,605,605,2789,0,1,75.242,193.071,76.242,194.114,0.000,0.000,601,593,11276,737,173,0,1935,3186,811,1,fec-parity,pending,H.264,0,1,24,6,18,1,0,0,0,0,0,0,23045,12,0,0,0,0,0,22.413,118,200,117,108,117,0,65.867,23.271,114.783,2,0,437,33,470,0,124,14,0.371,0.629,0.930,1.000,0.101,45.000,0.250,0.750,0.000,duplicate-guard,1063,8538,0,0,619,7841,1935,18347,444,697,0,0,18337,predicted-useful,fec-grace,3265,0.792,178,470,0,5,0,0,0,12,12,12,12,174,2732,174,2732,0,0,0,pacing,1,0.772,5.621,113.621,0,0,11,11,1,1,0,0,6,11,11,0,500,2,2,sent,2749,2392,118,0,1,9500000,1200000,11,0,11,23064,23053,28313726,1325,1631971,740,917584,0,0,0,0,0,0.689,39.558,188.812,3584.950,1180,41894,21641,9246,20253,11007,0.299,19.626,1.031,1180,6580198,9354973,1.312,35.285,0.474,16.305,41894,1935,609,18347,502,1423,10,171,171,299,28,40,2,17,11,0,0,0,0,0,0,0,0,0,0,141,2,1,0,4,3864,3186,3186,0,0,0,0,0,,disabled,,0,0,0,0,,1,Fixed Quality,Hybrid,85,30,9500,12000,640,360,H.264,480,270,518400,28178,518400,28178,0.054,0.000,,0,0,0.000,1.904,0.000,0.000,0.120,7250,6750,6750,22,22,0,1,9500,1.000,0,15.662,0.000,0,0,1.159,0.000,1244,0,0,0,0.000,0.000,1.000,1,0,0,disabled,24,0,0,112,238,112,100,26,170,170,0,4,large-au-observed,0,,0,0,17.522,23.729,0,,0.000,0.000,0.000,0.000,0,0,0,,30,0,0,6.298,0,812,0.120,0.000,0.000,0.119,0.000,0.089,0.012,1,1,1,1,0,1,1,0,0,0,0,0,1.000,0.000,0.000,30,0,0.000,0,0,0,0.000,0.000,0.000,0.000,0.000,0.000,0.000,1.777,10.419,0,0,0,0,0,0,0,0,0.000,0.000,0.000,0.000,0.000,0.000,0,0.360,17.275,601,605,2789,76.279,194.146,58.087,194.146,19292.249,511,1,H.264,112.828,0,0,193.071,194.114,1.000,147.866,111.726,arrival-gap-jitter-spike,10901.759,0,1,1,1,1,30194.008,408.595,460.605,461.179,461.179,0,0,11,0,0,9,0,,,150.517,150.517,696,1,H.264,0,0,0,0,0,0,0,0,0,0,,99.186,0.000,102.015,0.000,0.000,0.000,123.912,stale-before-decode,0.001,809,0.000,108.339,5.948,0.079,0.832,0.597,0.000,0.235,1,0,0,1,3,0.062,19.184,17.276,30.887,17.286,1.000,RecoveryDeadline,0,1,0,0.000,1,1,1,1,0.060,0.000,0.060,0,100,0,23083,21694,1341,0,1300
31.194,Custom_loss6_delay0-100_dup0_reorder6_burst0,Loopback,1,1,0,,,0.000,0,21,836,23.543,23.541,23.662,80.683,101.923,46.317,56.045,24.516,0.061,0.231,22474,1464,21035,19571,2999,1755,203,939,813,126,102,0,19575,641,193,0,0,0,0,5.000,0,0,0,0,0,0,0,0,0,0,0,0,0,0,0,0.000,0.000,0.000,,626,626,2884,0,1,16.933,193.071,17.960,194.114,0.000,0.000,622,614,11681,767,180,0,2006,3297,837,1,expired-no-slack,expired,H.264,0,1,24,22,2,6,4,3,5,16,0,0,23849,20,0,0,0,0,0,125.075,121,203,126,117,126,0,66.247,22.599,114.783,2,0,452,32,484,0,131,14,0.373,0.627,0.934,1.000,0.097,45.000,0.333,0.667,0.000,duplicate-guard,1106,8854,0,0,640,8119,2006,19030,466,735,0,0,19020,predicted-useful,likely-arrival,3383,0.583,184,484,0,5,0,0,0,12,12,12,12,180,2838,180,2838,0,0,0,pacing,1,0.808,7.843,115.843,0,0,12,12,0,0,0,0,6,11,11,0,500,2,2,sent,2855,2481,122,0,1,9500000,1200000,0,0,0,23918,23918,29373128,1369,1686133,765,948102,0,0,0,0,0,14.446,39.558,5047.688,4800.000,1225,43498,22463,9564,21035,11471,0.299,23.435,0.167,1225,7108524,10595884,0.687,19.492,0.503,12.912,43498,2006,630,19030,523,1473,10,178,178,311,28,40,2,17,11,0,0,0,0,0,0,0,0,0,0,148,2,1,0,4,4001,3297,3297,0,0,0,0,0,,disabled,,0,0,0,0,,1,Fixed Quality,Hybrid,85,30,9500,12000,640,360,H.264,480,270,518400,0,518400,28176,0.054,0.000,,0,0,0.000,6.031,0.000,5.109,0.795,7250,6750,6750,22,22,0,1,9500,1.000,0,15.024,0.000,0,0,0.000,0.000,0,0,0,0,0.250,0.684,0.066,1,0,0,disabled,0,0,0,116,249,116,104,29,177,177,0,4,async-output-pending,0,,0,0,0.000,0.000,0,,14.527,7149.125,45673.077,0.000,0,0,0,,31,0,0,0.000,1,0,0.784,0.227,0.556,0.000,0.000,0.000,0.000,0,0,1,1,1,0,0,1,1,0,1,0,0.860,166.923,0.000,26,0,0.000,0,0,0,0.000,0.000,0.000,0.000,0.000,0.000,0.000,0.000,17.585,0,0,0,0,0,0,0,0,0.000,0.000,0.000,0.000,0.000,0.000,0,0.415,23.541,622,626,2884,17.929,194.146,58.087,194.146,19292.249,511,1,H.264,112.828,0,0,193.071,194.114,1.000,147.866,111.726,arrival-gap-jitter-spike,11901.873,0,1,1,1,1,31194.122,408.595,460.605,461.179,461.179,0,0,11,0,0,9,0,,,150.517,150.517,696,1,H.264,0,0,0,0,0,0,0,0,0,0,,96.068,0.000,98.894,0.000,0.000,0.000,120.341,stale-before-decode,0.000,836,0.000,104.085,4.749,0.077,0.463,0.170,0.000,0.293,1,0,0,1,3,0.061,23.543,23.541,24.516,23.662,1.000,Loss,0,1,0,1.000,1,1,1,1,0.060,0.000,0.060,0,100,0,23949,22522,1394,0,1337
32.201,Custom_loss6_delay0-100_dup0_reorder6_burst0,Loopback,1,1,0,,,0.000,0,21,866,22.386,22.368,22.569,102.172,101.996,66.735,56.389,30.011,0.061,0.231,23272,1508,21788,20280,3095,1809,209,973,841,132,104,0,20284,662,199,0,0,0,0,5.000,0,0,0,0,0,0,0,0,0,0,0,0,0,0,0,0.000,0.000,0.000,,647,647,2979,0,1,73.669,193.071,74.682,194.114,0.000,0.000,643,635,12091,794,186,0,2075,3408,868,1,nack-suppressed-fec-grace,pending,H.264,0,1,24,9,15,3,0,0,0,0,0,0,24764,13,0,0,0,0,0,51.024,129,209,132,123,132,0,66.861,22.531,114.783,2,0,472,33,505,0,142,14,0.382,0.618,0.935,1.000,0.090,45.000,0.500,0.500,0.000,duplicate-guard,1145,9143,0,0,662,8377,2075,19632,483,766,0,0,19621,predicted-useful,fec-grace,3498,0.208,191,505,0,5,0,0,0,12,12,12,12,187,2952,187,2952,0,0,0,pacing,1,0.819,8.186,116.186,0,0,12,12,0,0,0,0,6,11,11,0,500,2,2,sent,2969,2567,126,0,1,9500000,1200000,11,0,11,24779,24768,30415020,1420,1749003,794,984226,0,0,0,0,0,0.520,39.558,1030.750,4800.000,1269,45054,23267,9925,21787,11862,0.299,2.204,1.539,1269,7568424,11727354,1.250,19.677,0.425,8.008,45054,2075,651,19632,544,1521,10,184,184,320,28,40,2,17,11,0,0,0,0,0,0,0,0,0,0,154,2,1,0,4,4145,3408,3408,0,0,0,0,0,,disabled,,0,0,0,0,,1,Fixed Quality,Hybrid,85,30,9500,12000,640,360,H.264,480,270,518400,28178,518400,28178,0.054,0.000,,0,0,0.000,1.843,0.000,0.000,0.080,7250,6750,6750,22,22,0,1,9500,1.000,0,7.252,0.000,0,0,0.000,0.000,0,0,0,0,0.255,0.679,0.065,1,0,0,disabled,24,0,0,120,258,120,109,29,184,184,0,4,large-au-observed,0,,0,0,10.963,23.729,0,,0.000,0.000,0.000,0.000,0,0,0,,32,0,0,12.852,0,869,0.079,0.000,0.000,0.079,0.000,0.057,0.006,1,1,1,1,0,1,1,0,0,0,1,0,0.860,179.993,0.000,26,0,0.000,0,0,0,0.000,0.000,0.000,0.000,0.000,0.000,0.000,1.756,10.020,0,0,0,0,0,0,0,0,0.000,0.000,0.000,0.000,0.000,0.000,0,0.456,22.369,643,647,2979,74.776,194.146,58.087,194.146,19292.249,511,1,H.264,112.828,0,0,193.071,194.114,1.000,147.866,111.726,arrival-gap-jitter-spike,12908.680,0,1,1,1,1,32200.929,408.595,460.605,461.179,461.179,0,0,11,0,0,9,0,,,150.517,150.517,696,1,H.264,0,0,0,0,0,0,0,0,0,0,,100.923,0.000,103.718,0.000,0.000,0.000,131.086,stale-before-decode,0.001,866,0.000,109.797,5.600,0.081,0.833,0.598,0.000,0.235,1,0,0,1,3,0.061,22.386,22.368,30.011,22.569,1.000,Loss,0,1,0,0.000,1,1,1,1,0.060,0.000,0.060,0,100,0,24800,23316,1449,0,1375
33.201,Custom_loss6_delay0-100_dup0_reorder6_burst0,Loopback,1,1,0,,,0.000,0,21,893,23.063,23.056,23.055,80.010,101.976,69.315,56.793,32.978,0.062,0.231,24040,1585,22528,20943,3194,1865,211,1013,876,137,105,0,20947,683,205,0,0,0,0,5.000,0,0,0,0,0,0,0,0,0,0,0,0,0,0,0,0.000,0.000,0.000,,668,668,3073,0,1,9.246,193.071,10.381,194.114,0.000,0.000,664,656,12471,820,192,0,2140,3516,895,1,fec-parity,pending,H.264,0,1,24,10,14,5,0,1,3,17,0,0,25560,15,0,0,0,0,0,72.378,134,211,137,128,137,0,66.358,22.453,114.783,2,0,484,34,518,0,146,15,0.388,0.612,0.934,1.000,0.093,45.000,0.333,0.667,0.000,duplicate-guard,1178,9425,0,0,683,8638,2140,20171,495,787,0,0,20159,predicted-useful,fec-grace,3607,0.708,196,518,0,5,0,0,0,12,12,12,12,192,3029,192,3029,0,0,0,pacing,1,0.784,7.249,115.249,0,0,12,12,0,0,0,0,6,11,11,0,500,2,2,sent,3046,2649,130,0,1,9500000,1200000,3,0,3,25602,25599,31432676,1463,1801921,819,1014744,0,0,0,0,0,7.775,39.558,372.812,4800.000,1311,46556,24035,10265,22521,12256,0.299,10.495,1.585,1311,4569869,7700484,1.204,16.258,0.506,7.357,46556,2140,672,20171,559,1571,10,190,190,333,29,42,2,17,12,0,0,0,0,0,0,0,0,0,0,159,2,1,0,4,4280,3516,3516,0,0,0,0,0,,disabled,,0,0,0,0,,1,Fixed Quality,Hybrid,85,30,9500,12000,640,360,H.264,480,270,518400,28178,518400,28178,0.054,0.000,,0,0,0.000,1.958,0.000,0.000,0.149,7250,6750,6750,22,22,0,1,9500,1.000,0,23.773,0.000,0,0,0.000,0.000,0,0,0,0,0.259,0.676,0.066,1,0,0,disabled,24,0,0,124,265,124,112,29,189,189,0,4,large-au-observed,0,,0,0,27.511,23.729,0,,0.000,0.000,0.000,0.000,0,0,0,,33,0,0,6.353,0,897,0.148,0.000,0.000,0.148,0.000,0.116,0.012,1,1,1,1,0,1,1,0,0,0,1,0,0.860,109.083,0.000,26,0,0.000,0,0,0,0.000,0.000,0.000,0.000,0.000,0.000,0.000,1.802,10.200,0,0,0,0,0,0,0,0,0.000,0.000,0.000,0.000,0.000,0.000,0,0.427,23.056,664,668,3073,10.276,194.146,58.087,194.146,19292.249,511,1,H.264,112.828,0,0,193.071,194.114,1.000,147.866,111.726,arrival-gap-jitter-spike,13908.913,0,1,1,1,1,33201.162,408.595,460.605,461.179,461.179,0,0,11,0,0,9,0,,,150.517,150.517,696,1,H.264,0,0,0,0,0,0,0,0,0,0,,98.708,0.000,101.622,0.000,0.000,0.000,120.005,stale-before-decode,0.001,893,0.000,107.193,5.122,0.080,0.757,0.499,0.000,0.259,1,0,0,1,3,0.062,23.063,23.056,32.978,23.055,1.000,Loss,0,1,0,0.000,2,2,2,1,0.060,0.000,0.060,0,100,0,25632,24081,1499,0,1417
34.208,Custom_loss6_delay0-100_dup0_reorder6_burst0,Loopback,1,1,0,,,0.000,0,21,923,21.686,21.690,21.988,88.113,102.038,97.440,58.025,26.244,0.062,0.233,24874,1636,23325,21689,3296,1928,219,1040,901,139,109,0,21693,704,214,0,0,0,0,5.000,0,0,0,0,0,0,0,0,0,0,0,0,0,0,0,0.000,0.000,0.000,,689,689,3169,0,1,18.787,193.071,19.868,194.114,0.000,0.000,685,677,12893,843,201,0,2218,3632,924,1,fec-recovered,pending,H.264,0,1,24,20,4,6,4,1,6,14,0,0,26438,5,0,0,0,0,0,71.758,141,219,139,130,139,0,66.458,22.346,114.783,2,0,501,37,538,0,154,15,0.392,0.608,0.931,1.000,0.089,44.000,0.500,0.500,0.000,stable,1213,9734,0,0,705,8923,2218,20846,508,811,0,0,20833,predicted-useful,fec-grace,3732,0.375,204,538,0,5,0,0,0,12,12,12,12,200,3158,200,3158,0,0,0,pacing,1,0.740,6.107,114.107,0,0,12,12,0,0,0,0,6,11,11,0,500,2,2,sent,3175,2745,134,0,1,9500000,1200000,10,0,10,26492,26482,32515068,1513,1863547,844,1045892,0,0,0,0,0,1.288,39.558,646.500,4800.000,1356,48180,24869,10629,23311,12682,0.299,2.561,1.767,1356,6885989,21174936,1.696,18.631,0.487,15.784,48180,2218,693,20846,580,1628,10,199,199,348,30,44,2,17,13,0,0,0,0,0,0,0,0,0,0,167,2,1,0,4,4426,3632,3632,0,0,0,0,0,,disabled,,0,0,0,0,,1,Fixed Quality,Hybrid,85,30,9500,12000,640,360,H.264,480,270,518400,28178,518400,28178,0.054,0.000,,0,0,0.000,2.080,0.000,0.000,0.087,7250,6750,6750,22,22,0,1,9500,1.000,0,12.504,0.000,0,0,0.000,0.000,0,0,0,0,0.262,0.669,0.069,1,0,0,disabled,24,0,0,128,275,128,116,31,196,196,0,4,large-au-observed,0,,0,0,14.394,23.729,0,,0.000,0.000,0.000,0.000,0,0,0,,34,0,0,10.225,0,926,0.087,0.000,0.000,0.086,0.000,0.060,0.008,1,1,1,1,0,1,1,0,0,0,0,0,1.000,0.000,0.000,30,0,0.000,0,0,0,0.000,0.000,0.000,0.000,0.000,0.000,0.000,1.985,14.421,0,0,0,0,0,0,0,0,0.000,0.000,0.000,0.000,0.000,0.000,0,0.439,21.690,685,689,3169,19.919,194.146,58.087,194.146,19292.249,511,1,H.264,112.828,0,0,193.071,194.114,1.000,147.866,111.726,arrival-gap-jitter-spike,14915.768,0,1,1,1,1,34208.017,408.595,460.605,461.179,461.179,0,0,11,0,0,9,0,,,150.517,150.517,696,1,H.264,0,0,0,0,0,0,0,0,0,0,,103.453,0.000,106.319,0.000,0.000,0.000,124.056,stale-before-decode,0.000,923,0.000,111.689,4.905,0.078,0.459,0.173,0.000,0.286,1,0,0,1,3,0.062,21.686,21.690,26.244,21.988,1.000,RecoveryDeadline,0,1,0,1.500,2,3,3,1,0.060,0.000,0.060,0,100,0,26516,24919,1550,0,1477
35.209,Custom_loss6_delay0-100_dup0_reorder6_burst0,Loopback,1,1,0,,,0.000,0,21,952,23.722,23.742,22.710,101.194,102.126,20.735,56.928,9.861,0.062,0.228,25686,1687,24086,22399,3394,1983,231,1070,928,142,110,0,22403,730,216,0,0,0,0,5.000,0,0,0,0,0,0,0,0,0,0,0,0,0,0,0,0.000,0.000,0.000,,715,715,3254,0,1,31.260,193.071,32.294,194.114,0.000,0.000,711,703,13290,872,203,0,2285,3747,953,1,nack-sent,pending,H.264,0,1,24,12,12,5,2,2,3,29,0,1,27314,21,27323,0,0,0,0,71.608,142,231,142,133,142,0,66.414,22.480,114.783,2,0,517,38,555,0,157,15,0.381,0.619,0.932,1.000,0.087,45.000,0.125,0.875,0.000,duplicate-guard,1244,10033,0,0,728,9211,2285,21501,516,822,0,0,21488,predicted-useful,fec-grace,3851,0.500,211,555,0,5,0,0,0,12,12,12,12,207,3277,207,3277,0,0,0,pacing,1,0.803,9.530,117.530,0,0,12,12,0,0,0,0,6,11,11,0,500,2,2,sent,3294,2827,138,0,1,9500000,1200000,3,0,3,27349,27346,33573204,1560,1921439,870,1078284,0,0,0,0,0,8.257,39.558,1125.312,4800.000,1401,49757,25677,10982,24080,13098,0.300,42.883,0.000,1401,5086679,8424214,1.644,-0.436,0.494,15.945,49757,2285,719,21501,595,1680,10,201,201,353,31,46,2,17,14,0,0,0,0,0,0,0,0,0,0,168,2,1,0,4,4566,3747,3747,0,0,0,0,0,,disabled,,0,0,0,0,,1,Fixed Quality,Hybrid,85,30,9500,12000,640,360,H.264,480,270,518400,28176,518400,28176,0.054,0.000,,0,0,0.000,2.004,0.000,0.000,0.084,7250,6750,6750,22,22,0,1,9500,1.000,0,18.688,0.000,0,0,0.000,0.000,0,0,0,0,0.256,0.676,0.068,1,0,0,disabled,24,0,0,132,282,132,119,31,201,201,0,4,large-au-observed,0,,0,0,23.781,23.727,0,,0.000,0.000,0.000,0.000,0,0,0,,35,0,0,4.801,0,955,0.083,0.000,0.000,0.083,0.000,0.058,0.009,1,1,1,1,0,1,1,0,0,0,0,0,1.000,0.000,0.000,30,0,0.000,0,0,0,0.000,0.000,0.000,0.000,0.000,0.000,0.000,1.912,8.733,0,0,0,0,0,0,0,0,0.000,0.000,0.000,0.000,0.000,0.000,0,0.524,23.742,711,715,3254,32.371,194.146,58.087,194.146,19292.249,511,1,H.264,112.828,0,0,193.071,194.114,1.000,147.866,111.726,arrival-gap-jitter-spike,15917.250,0,1,1,1,1,35209.499,408.595,460.605,461.179,461.179,0,0,11,0,0,9,0,,,150.517,150.517,696,1,H.264,0,0,0,0,0,0,0,0,0,0,,101.881,0.000,104.635,0.000,0.000,0.000,130.597,stale-before-decode,0.001,952,0.000,109.732,4.540,0.085,0.290,0.010,0.000,0.279,1,0,0,1,3,0.062,23.722,23.742,9.861,22.710,1.000,RecoveryDeadline,0,1,0,0.000,2,1,1,1,0.060,0.000,0.060,0,100,0,27381,25730,1604,0,1528
36.215,Custom_loss6_delay0-100_dup0_reorder6_burst0,Loopback,1,1,0,,,0.000,0,21,981,17.988,17.990,17.966,98.061,102.111,30.671,56.178,21.291,0.061,0.230,26474,1724,24807,23083,3495,2046,236,1099,953,146,114,0,23087,750,224,0,0,0,0,5.000,0,0,0,0,0,0,0,0,0,0,0,0,0,0,0,0.000,0.000,0.000,,735,735,3351,0,1,33.223,193.071,34.302,194.114,0.000,0.000,731,722,13701,896,211,0,2350,3870,982,1,nack-sent,pending,H.264,0,1,24,20,4,5,4,2,5,16,0,0,28166,21,0,0,0,0,0,75.923,146,236,146,137,146,0,66.757,22.282,114.783,2,0,530,38,568,0,161,15,0.382,0.618,0.933,1.000,0.085,44.000,0.600,0.400,0.000,stable,1289,10343,0,0,751,9483,2350,22062,538,860,0,0,22048,predicted-useful,fec-grace,3962,0.000,216,568,0,5,0,0,0,12,12,12,12,212,3362,212,3362,0,0,0,pacing,1,0.810,6.501,114.501,0,0,12,12,0,0,0,0,6,11,11,0,500,2,2,sent,3379,2911,142,0,1,9500000,1200000,9,0,9,28202,28193,34611390,1603,1974355,897,1111920,0,0,0,0,0,7.949,39.558,91.250,4800.000,1443,51262,26458,11342,24804,13462,0.300,10.113,1.883,1443,5197897,8326808,1.471,9.936,0.429,14.394,51262,2350,739,22062,610,1730,10,209,209,368,31,46,2,17,14,0,0,0,0,0,0,0,0,0,0,176,2,1,0,4,4703,3870,3870,0,0,0,0,0,,disabled,,0,0,0,0,,1,Fixed Quality,Hybrid,85,30,9500,12000,640,360,H.264,480,270,518400,28178,518400,28178,0.054,0.000,,0,0,0.000,1.874,0.000,0.000,0.086,7250,6750,6750,22,22,0,1,9500,1.000,0,10.678,0.000,0,0,0.000,0.000,0,0,0,0,0.257,0.676,0.067,1,0,0,disabled,24,0,0,136,289,136,120,33,206,206,0,4,large-au-observed,0,,0,0,15.953,23.729,0,,0.000,0.000,0.000,0.000,0,0,0,,36,0,0,2.663,0,984,0.085,0.000,0.000,0.085,0.000,0.055,0.010,1,1,1,1,0,1,1,0,0,0,0,0,1.000,0.000,0.000,30,0,0.000,0,0,0,0.000,0.000,0.000,0.000,0.000,0.000,0.000,1.778,6.605,0,0,0,0,0,0,0,0,0.000,0.000,0.000,0.000,0.000,0.000,0,0.408,17.990,731,735,3351,34.283,194.146,58.087,194.146,19292.249,511,1,H.264,112.828,0,0,193.071,194.114,1.000,147.866,111.726,arrival-gap-jitter-spike,16922.587,0,1,1,1,1,36214.836,408.595,460.605,461.179,461.179,0,0,11,0,0,9,0,,,150.517,150.517,696,1,H.264,0,0,0,0,0,0,0,0,0,0,,102.210,0.000,104.968,4.857,0.000,107.328,129.031,stale-before-decode,0.001,980,0.000,111.922,5.792,0.079,0.725,0.484,0.000,0.241,1,0,0,1,3,0.061,17.988,17.990,21.291,17.966,1.000,Loss,0,1,0,3.000,1,3,3,1,0.060,0.000,0.060,0,100,0,28229,26523,1663,0,1566
37.215,Custom_loss6_delay0-100_dup0_reorder6_burst0,Loopback,1,1,0,,,0.000,0,21,1010,26.814,26.817,26.866,103.597,102.162,83.158,56.928,33.485,0.062,0.230,27305,1804,25629,23825,3609,2127,241,1123,972,151,118,0,23829,772,230,0,0,0,0,5.000,0,0,0,0,0,0,0,0,0,0,0,0,0,0,0,0.000,0.000,0.000,,757,757,3445,0,1,69.761,193.071,70.779,194.114,0.000,0.000,753,744,14132,923,217,0,2420,3989,1011,1,nack-sent,pending,H.264,1,1,24,16,8,2,1,3,8,35,0,0,29048,14,0,0,0,0,0,69.304,154,241,151,142,151,0,66.947,22.003,114.783,2,0,548,41,589,0,166,15,0.390,0.610,0.930,1.000,0.083,44.000,0.600,0.400,0.000,stable,1340,10667,0,0,774,9767,2420,22721,566,900,0,0,22705,predicted-useful,likely-arrival,4082,0.333,223,589,0,5,0,0,0,12,12,12,12,219,3476,219,3476,0,0,0,pacing,1,0.757,6.644,114.644,0,0,12,12,0,0,0,0,6,11,11,0,500,2,2,sent,3493,2997,146,0,1,9500000,1200000,5,0,5,29093,29087,35706246,1654,2037225,923,1143682,0,0,0,0,0,11.629,39.558,4175.938,4800.000,1487,52902,27294,11646,25608,13962,0.299,28.106,0.025,1487,5056660,8599629,1.467,18.446,0.490,17.338,52902,2420,761,22721,628,1782,10,215,215,378,31,46,2,17,14,0,0,0,0,0,0,0,0,0,0,182,2,1,0,4,4848,3989,3989,0,0,0,0,0,,disabled,,0,0,0,0,,1,Fixed Quality,Hybrid,85,30,9500,12000,640,360,H.264,480,270,518400,28178,518400,28178,0.054,0.000,,0,0,0.000,2.044,0.000,0.000,0.128,7250,6750,6750,22,22,0,1,9500,1.000,0,13.664,0.000,0,0,0.000,0.000,0,0,0,0,0.261,0.669,0.070,1,0,0,disabled,24,0,0,140,297,140,124,33,212,212,0,4,large-au-observed,0,,0,0,15.612,23.729,0,,0.000,0.000,0.000,0.000,0,0,0,,37,0,0,6.266,0,1013,0.128,0.000,0.000,0.127,0.000,0.097,0.010,1,1,1,1,0,1,1,0,0,0,0,0,1.000,0.000,0.000,30,0,0.000,0,0,0,0.000,0.000,0.000,0.000,0.000,0.000,0.000,1.905,10.372,0,0,0,0,0,0,0,0,0.000,0.000,0.000,0.000,0.000,0.000,0,0.379,26.817,753,757,3445,70.825,194.146,58.087,194.146,19292.249,511,1,H.264,112.828,0,0,193.071,194.114,1.000,147.866,111.726,arrival-gap-jitter-spike,17923.374,0,1,1,1,1,37215.623,408.595,460.605,461.179,461.179,0,0,11,0,0,9,0,,,150.517,150.517,696,1,H.264,0,0,0,0,0,0,0,0,0,0,,105.224,0.000,107.980,4.405,0.000,112.059,131.798,stale-before-decode,0.001,1008,0.000,112.940,4.388,0.075,0.395,0.147,0.000,0.247,1,0,0,1,3,0.062,26.814,26.817,33.485,26.866,1.000,Loss,0,1,0,1.000,0,2,2,1,0.060,0.000,0.060,0,100,0,29125,27357,1708,0,1609
38.217,Custom_loss6_delay0-100_dup0_reorder6_burst0,Loopback,1,1,0,,,0.000,0,21,1039,23.208,23.240,23.238,93.830,102.330,103.943,58.198,16.208,0.061,0.228,28149,1834,26400,24566,3720,2193,249,1158,1003,155,120,0,24570,797,235,0,0,0,0,5.000,0,0,0,0,0,0,0,0,0,0,0,0,0,0,0,0.000,0.000,0.000,,781,781,3532,0,1,58.218,193.071,59.296,194.114,0.000,0.000,777,769,14557,952,221,0,2487,4112,1042,1,fec-parity,pending,H.264,0,1,24,5,19,1,0,0,0,0,0,0,29974,15,0,0,0,0,0,19.984,158,249,155,146,155,0,66.812,22.210,114.783,2,0,564,43,607,0,170,16,0.388,0.612,0.929,1.000,0.086,44.000,0.000,1.000,1.000,insufficient-sample,1379,10944,0,0,797,10017,2487,23376,582,927,0,0,23359,predicted-useful,likely-arrival,4200,0.417,231,607,0,5,0,0,0,12,12,12,12,227,3623,227,3623,0,0,0,pacing,1,0.836,12.809,120.809,0,0,12,12,0,0,0,0,6,11,11,0,500,2,2,sent,3640,3080,150,0,1,9500000,1200000,0,0,0,29951,29951,36765026,1702,2096363,949,1175444,0,0,0,0,0,17.664,39.558,8406.312,4800.000,1533,54535,28140,11946,26395,14449,0.298,11.927,1.921,1533,5624588,9062544,1.558,18.914,0.509,14.300,54535,2487,786,23376,646,1831,10,219,219,386,32,48,2,17,15,0,0,0,0,0,0,0,0,0,0,185,2,1,0,4,4999,4112,4112,0,0,0,0,0,,disabled,,0,0,0,0,,1,Fixed Quality,Hybrid,85,30,9500,12000,640,360,H.264,480,270,518400,28178,518400,28178,0.054,0.000,,0,0,0.000,1.939,0.000,0.000,0.081,7250,6750,6750,22,22,0,1,9500,1.000,0,17.664,0.000,0,0,0.000,0.000,0,0,0,0,0.260,0.669,0.071,1,0,0,disabled,24,0,0,144,306,144,127,35,218,218,0,4,large-au-observed,0,,0,0,0.157,23.729,0,,0.000,0.000,0.000,0.000,0,0,0,,38,0,0,9.743,0,1042,0.081,0.000,0.000,0.080,0.000,0.056,0.007,1,1,1,1,0,1,1,0,0,0,0,0,1.000,0.000,0.000,30,0,0.000,0,0,0,0.000,0.000,0.000,0.000,0.000,0.000,0.000,1.849,13.633,0,0,0,0,0,0,0,0,0.000,0.000,0.000,0.000,0.000,0.000,0,0.431,23.239,777,781,3532,59.289,194.146,58.087,194.146,19292.249,511,1,H.264,112.828,0,0,193.071,194.114,1.000,147.866,111.726,arrival-gap-jitter-spike,18925.090,0,1,1,1,1,38217.339,408.595,460.605,461.179,461.179,0,0,11,0,0,9,0,,,150.517,150.517,696,1,H.264,0,0,0,0,0,0,0,0,0,0,,103.552,0.000,106.349,0.000,0.000,0.000,126.915,stale-before-decode,0.001,1039,0.000,112.061,5.264,0.081,0.229,0.000,0.000,0.229,1,0,0,1,3,0.061,23.208,23.240,16.208,23.238,1.000,RecoveryDeadline,0,1,0,1.000,1,1,1,1,0.060,0.000,0.060,0,100,0,29989,28204,1750,0,1666
39.217,Custom_loss6_delay0-100_dup0_reorder6_burst0,Loopback,1,1,0,,,0.000,0,21,1066,17.053,15.347,15.394,118.980,102.478,62.924,58.323,110.214,0.061,0.228,28887,1882,27094,25212,3806,2248,253,1181,1023,158,124,0,25216,818,241,0,0,0,0,5.000,0,0,0,0,0,0,0,0,0,0,0,0,0,0,0,0.000,0.000,0.000,,801,801,3624,0,1,149.403,193.071,150.416,194.114,0.000,0.000,797,789,14938,976,226,0,2550,4222,1068,1,fec-recovered,pending,H.264,1,1,24,15,9,3,2,2,8,30,1,1,30730,16,30747,1,0,0,0,52.870,160,253,158,149,158,0,67.068,21.972,114.783,2,0,573,44,617,0,172,16,0.387,0.613,0.929,1.000,0.085,42.000,0.000,1.000,0.000,stable,1417,11233,0,0,819,10285,2550,23946,598,948,0,0,23929,predicted-useful,likely-arrival,4307,0.000,235,617,0,5,0,0,0,12,12,12,12,231,3687,231,3687,0,0,0,pacing,1,0.789,11.664,119.664,0,0,12,12,0,0,0,0,6,11,11,0,500,2,2,sent,3704,3162,154,0,1,9500000,1200000,0,0,0,30741,30741,37732852,1742,2145549,975,1207828,0,0,0,0,0,20.172,39.558,12035.312,4800.000,1573,55963,28869,12271,27094,14823,0.298,39.703,0.000,1573,9616240,12529210,1.198,6.927,0.514,25.567,55963,2550,807,23946,657,1883,10,224,224,396,32,48,2,17,15,0,0,0,0,0,0,0,0,0,0,190,2,1,0,4,5134,4222,4222,0,0,0,0,0,,disabled,,0,0,0,0,,1,Fixed Quality,Hybrid,85,30,9500,12000,640,360,H.264,480,270,518400,0,518400,28178,0.054,0.000,,0,0,0.000,5.038,0.000,4.360,0.653,7250,6750,6750,22,22,0,1,9500,1.000,0,20.172,0.000,0,0,0.000,0.000,0,0,0,0,0.259,0.669,0.071,1,0,0,disabled,0,0,0,148,313,148,130,35,223,223,3,4,async-output-pending,0,,0,0,0.000,0.000,0,,5.184,220.375,39583.333,0.000,0,0,0,,39,0,0,0.000,1,0,0.644,0.144,0.499,0.000,0.000,0.000,0.000,0,0,1,1,1,0,0,1,1,0,0,0,1.000,0.000,0.000,30,0,0.000,0,0,0,0.000,0.000,0.000,0.000,0.000,0.000,0.000,0.000,23.474,0,0,0,0,0,0,0,0,0.000,0.000,0.000,0.000,0.000,0.000,0,0.346,15.347,797,801,3624,150.592,194.146,58.087,194.146,19292.249,511,1,H.264,112.828,0,0,193.071,194.114,1.000,147.866,111.726,arrival-gap-jitter-spike,19925.412,0,1,1,1,1,39217.661,408.595,460.605,461.179,461.179,0,0,11,0,0,9,0,,,150.517,150.517,696,1,H.264,0,0,0,0,0,0,0,0,0,0,,104.378,0.000,107.140,0.000,0.000,0.000,144.490,stale-before-decode,0.001,1066,0.000,111.801,4.308,0.077,0.556,0.279,0.000,0.277,1,0,0,1,3,0.061,17.053,15.347,110.214,15.394,2.000,Jitter,0,1,0,1.000,1,1,1,1,0.060,0.000,0.060,0,100,0,30780,28940,1801,0,1702
40.221,Custom_loss6_delay0-100_dup0_reorder6_burst0,Loopback,1,1,0,,,0.000,0,21,1095,17.620,17.615,17.551,106.776,102.501,105.134,59.523,10.041,0.061,0.231,29690,1943,27854,25911,3911,2315,261,1204,1039,165,131,0,25915,837,251,0,0,0,0,5.000,0,0,0,0,0,0,0,0,0,0,0,0,0,0,0,0.000,0.000,0.000,,820,820,3721,0,1,45.712,193.071,46.714,194.114,0.000,0.000,816,808,15348,1002,236,0,2621,4330,1097,1,fec-parity,pending,H.264,1,1,24,10,14,2,0,2,6,34,0,0,31583,5,0,0,0,0,0,54.051,164,261,165,156,165,0,67.201,21.721,114.783,2,0,592,48,640,0,178,16,0.386,0.614,0.925,1.000,0.082,45.000,0.000,1.000,0.000,duplicate-guard,1455,11549,0,0,841,10575,2621,24649,614,974,0,0,24632,predicted-useful,likely-arrival,4421,0.792,244,640,0,5,0,0,0,12,12,12,12,240,3839,240,3839,0,0,0,pacing,1,0.815,10.409,118.409,0,0,12,12,0,0,0,0,6,11,11,0,500,2,2,sent,3856,3244,158,0,1,9500000,1200000,12,0,12,31634,31622,38812732,1795,2210907,1003,1242078,0,0,0,0,0,0.013,39.558,605.125,1086.000,1618,57537,29683,12599,27854,15255,0.298,34.700,2.111,1618,4242928,7677672,1.815,13.984,0.513,19.326,57537,2621,826,24649,676,1935,10,234,234,417,34,52,2,17,17,0,0,0,0,0,0,0,0,0,0,198,2,1,0,4,5279,4330,4330,0,0,0,0,0,,disabled,,0,0,0,0,,1,Fixed Quality,Hybrid,85,30,9500,12000,640,360,H.264,480,270,518400,28178,518400,28178,0.054,0.000,,0,0,0.000,2.442,0.000,0.000,0.087,7250,6750,6750,22,22,0,1,9500,1.000,0,5.292,0.000,0,0,3.850,0.000,3732,0,0,0,0.000,0.000,1.000,1,0,0,disabled,24,1,1,152,324,152,135,37,230,230,3,4,decoder-sync-observed,0,,0,0,19.396,23.729,0,,0.000,0.000,0.000,0.000,0,0,0,,40,0,0,4.611,0,1099,0.087,0.000,0.000,0.087,0.000,0.058,0.011,1,1,1,1,0,1,1,0,0,0,0,0,1.000,0.000,0.000,30,0,0.000,0,0,0,0.000,0.000,0.000,0.000,0.000,0.000,0.000,2.346,10.285,0,0,0,0,0,0,0,0,0.000,0.000,0.000,0.000,0.000,0.000,0,0.471,17.615,816,820,3721,48.047,194.146,58.087,194.146,19292.249,511,1,H.264,112.828,0,0,193.071,194.114,1.000,147.866,111.726,arrival-gap-jitter-spike,20928.920,0,1,1,1,1,40221.169,408.595,460.605,461.179,461.179,0,0,11,0,0,9,0,,,150.517,150.517,696,1,H.264,0,0,0,0,0,0,0,0,0,0,,107.330,0.000,110.539,0.000,0.000,0.000,133.388,stale-before-decode,0.001,1095,0.000,116.085,5.064,0.081,0.508,0.269,0.000,0.239,1,0,0,1,3,0.061,17.620,17.615,10.041,17.551,1.000,RecoveryDeadline,0,1,0,0.000,1,1,1,1,0.060,0.000,0.060,0,100,0,31662,29742,1862,0,1759
41.222,Custom_loss6_delay0-100_dup0_reorder6_burst0,Loopback,1,1,0,,,0.000,0,21,1122,22.885,20.977,20.813,98.198,102.632,105.134,59.523,16.055,0.061,0.230,30408,1985,28527,26542,4003,2367,266,1235,1066,169,135,0,26546,858,256,0,0,0,0,5.000,0,0,0,0,0,0,0,0,0,0,0,0,0,0,0,0.000,0.000,0.000,,840,840,3818,0,1,26.586,193.071,27.642,194.114,0.000,0.000,836,828,15712,1027,240,0,2678,4437,1124,1,nack-sent,pending,H.264,1,1,24,14,10,2,1,2,8,28,0,0,32356,12,0,0,0,0,0,49.109,169,266,169,160,169,0,67.438,21.881,114.783,2,0,606,43,649,0,184,16,0.389,0.611,0.934,1.000,0.080,45.000,0.000,1.000,0.000,duplicate-guard,1491,11822,0,0,860,10821,2678,25208,631,1001,0,0,25191,predicted-useful,likely-arrival,4519,0.750,247,649,0,5,0,0,0,12,12,12,12,243,3884,243,3884,0,0,0,pacing,1,0.777,10.538,118.538,0,0,12,12,0,0,0,0,6,11,11,0,500,2,2,sent,3901,3317,162,0,1,9500000,1200000,6,0,6,32363,32357,39712664,1834,2258849,1029,1273840,0,0,0,0,0,5.162,39.558,658.562,4800.000,1657,58901,30392,12921,28509,15588,0.298,4.163,3.752,1657,3620972,6302534,2.540,13.984,0.470,12.985,58901,2677,847,25198,692,1975,10,238,238,426,34,52,2,17,17,0,0,0,0,0,0,0,0,0,0,202,2,1,0,4,5404,4437,4437,0,0,0,0,0,,disabled,,0,0,0,0,,1,Fixed Quality,Hybrid,85,30,9500,12000,640,360,H.264,480,270,518400,28176,518400,28176,0.054,0.000,,0,0,0.000,2.479,0.000,0.000,0.082,7250,6750,6750,22,22,0,1,9500,1.000,0,7.510,0.000,0,0,0.000,0.000,0,0,0,0,0.260,0.673,0.066,1,0,0,disabled,24,1,1,156,334,156,141,37,235,235,2,4,decoder-sync-observed,0,,0,0,13.028,23.727,0,,0.000,0.000,0.000,0.000,0,0,0,,41,0,0,12.552,0,1125,0.082,0.000,0.000,0.081,0.000,0.054,0.010,1,1,1,1,0,1,1,0,0,0,1,0,0.860,102.079,0.000,26,0,0.000,0,0,0,0.000,0.000,0.000,0.000,0.000,0.000,0.000,2.363,16.759,0,0,0,0,0,0,0,0,0.000,0.000,0.000,0.000,0.000,0.000,0,0.363,20.977,836,840,3818,27.608,194.146,58.087,194.146,19292.249,511,1,H.264,112.828,0,0,193.071,194.114,1.000,147.866,111.726,arrival-gap-jitter-spike,21929.680,0,1,1,1,1,41221.929,408.595,460.605,461.179,461.179,0,0,11,0,0,9,0,,,150.517,150.517,696,1,H.264,0,0,0,0,0,0,0,0,0,0,,106.992,0.000,109.930,0.000,0.000,0.000,129.099,stale-before-decode,0.001,1122,0.000,116.413,6.110,0.083,0.759,0.509,0.000,0.250,1,0,0,1,3,0.061,22.885,20.977,16.055,20.813,1.000,Loss,0,1,0,0.000,1,1,1,1,0.060,0.000,0.060,0,100,0,32398,30463,1908,0,1810
42.223,Custom_loss6_delay0-100_dup0_reorder6_burst0,Loopback,1,1,0,,,0.000,0,21,1149,20.990,20.237,20.282,100.140,102.665,41.781,59.079,0.562,0.061,0.229,31150,2032,29208,27176,4101,2423,276,1264,1091,173,138,0,27180,880,261,0,0,0,0,5.000,0,0,0,0,0,0,0,0,0,0,0,0,0,0,0,0.000,0.000,0.000,,861,861,3912,0,1,47.055,193.071,48.203,194.114,0.000,0.000,856,848,16103,1053,244,0,2746,4541,1152,1,nack-sent,pending,H.264,1,1,22,10,12,2,1,2,6,31,1,0,33175,2,33175,2,0,0,0,46.384,178,276,173,164,173,0,67.569,21.696,114.783,2,0,629,47,676,0,187,17,0.392,0.608,0.930,1.000,0.083,38.000,0.286,0.714,0.333,retransmit-late,1530,12073,0,0,879,11042,2746,25880,651,1031,0,0,25862,predicted-useful,likely-arrival,4634,0.636,258,676,0,5,0,0,0,15,15,15,15,254,4065,254,4065,0,0,0,pacing,1,0.828,9.456,117.456,0,0,15,15,0,0,0,0,6,11,11,0,500,2,2,sent,4085,3398,166,1,1,9500000,1200000,7,0,7,33162,33155,40691809,1889,2327011,1052,1302492,0,0,0,0,0,2.009,39.558,290.750,3514.500,1699,60349,31147,13251,29202,15951,0.298,3.861,1.951,1699,5212826,8219405,2.188,-1.483,0.441,15.876,60349,2745,867,25868,716,2019,10,242,242,431,35,53,1,18,17,0,0,0,0,0,0,0,0,0,0,205,2,1,0,4,5535,4541,4541,0,0,0,0,0,,disabled,,0,0,0,0,,1,Fixed Quality,Hybrid,85,30,9500,12000,640,360,H.264,480,270,518400,26096,518400,26096,0.050,0.000,,0,0,0.000,2.304,0.000,0.000,0.104,6000,6250,6250,23,23,0,1,9500,0.820,1,8.546,0.000,0,0,0.000,0.000,0,0,0,0,1.000,0.000,0.000,1,0,0,latency-pressure-freshness-hold,22,0,0,159,341,159,144,38,242,242,0,4,large-au-observed,0,,0,0,0.153,21.976,0,,0.000,0.000,0.000,0.000,0,0,0,,42,0,0,4.916,0,1153,0.104,0.000,0.000,0.103,0.000,0.071,0.010,1,1,1,1,0,1,1,0,0,0,0,0,1.000,0.000,0.000,27,0,0.000,0,0,0,0.000,0.000,0.000,0.000,0.000,0.000,0.000,2.188,10.159,0,0,0,0,0,0,0,0,0.000,0.000,0.000,0.000,0.000,0.000,0,0.397,20.238,856,861,3912,48.129,194.146,58.087,194.146,19292.249,511,1,H.264,112.828,0,0,193.071,194.114,1.000,147.866,111.726,arrival-gap-jitter-spike,22931.028,0,1,1,1,1,42223.277,408.595,460.605,461.179,461.179,0,0,12,0,0,10,1,latency-pressure freshness,latency-over-80ms,155.435,155.435,1138,1,H.264,0,0,0,0,0,0,0,0,0,0,,99.929,0.000,100.741,0.000,0.000,0.000,130.070,stale-before-decode,0.001,1149,0.000,106.725,5.578,0.081,0.589,0.299,0.000,0.289,1,0,0,1,3,0.061,20.990,20.237,0.562,20.282,1.000,RecoveryDeadline,0,1,0,1.000,0,1,1,1,0.060,0.000,0.060,0,100,0,33197,31208,1948,0,1852
43.228,Custom_loss6_delay0-100_dup0_reorder6_burst0,Loopback,1,1,0,,,0.000,0,21,1177,21.117,21.126,21.111,96.238,102.586,85.985,59.736,35.953,0.061,0.230,31871,2083,29893,27810,4212,2489,286,1298,1121,177,139,0,27814,900,269,0,0,0,0,5.000,0,0,0,0,0,0,0,0,0,0,0,0,0,0,0,0.000,0.000,0.000,,881,881,4003,0,1,10.349,193.071,11.403,194.114,0.000,0.000,876,868,16479,1077,252,0,2812,4647,1178,1,retransmit-arrived,pending,H.264,1,1,22,6,16,1,0,1,1,16,1,0,33954,3,33954,3,33954,3,1,33.694,186,286,177,168,177,0,67.624,21.644,114.783,2,0,651,47,698,0,192,18,0.394,0.606,0.933,1.000,0.086,42.000,0.200,0.800,0.000,duplicate-guard,1557,12342,0,0,898,11302,2812,26505,659,1040,0,0,26487,predicted-useful,fec-grace,4745,0.000,266,698,0,5,0,0,0,16,16,16,16,262,4176,262,4176,0,0,0,pacing,1,0.747,8.627,116.627,0,0,16,16,0,0,0,0,6,11,11,0,500,2,2,sent,4197,3477,169,0,1,9500000,1200000,0,0,0,33912,33912,41626591,1939,2388953,1075,1331144,0,0,0,0,0,14.793,39.558,7250.125,2525.850,1737,61736,31858,13542,29878,16336,0.298,33.728,0.081,1737,4344473,6929585,1.733,44.204,0.494,15.768,61736,2812,887,26505,737,2065,10,250,250,444,37,55,1,20,17,0,0,0,0,0,0,0,0,0,0,211,2,1,0,4,5662,4647,4647,0,0,0,0,0,,disabled,,0,0,0,0,,1,Fixed Quality,Hybrid,85,30,9500,12000,640,360,H.264,480,270,518400,26096,518400,26096,0.050,0.000,,0,0,0.000,1.926,0.000,0.000,0.074,6750,6250,6250,23,23,0,1,9500,0.955,1,14.793,0.000,0,0,0.000,0.000,0,0,0,0,1.000,0.000,0.000,1,0,0,fixed-pacing-queue-hold,22,1,1,163,349,163,148,38,250,250,2,4,decoder-sync-observed,0,,0,0,8.211,21.976,0,,0.000,0.000,0.000,0.000,0,0,0,,43,0,0,2.829,0,1179,0.073,0.000,0.000,0.073,0.000,0.052,0.006,1,1,1,1,0,1,1,0,0,0,0,0,1.000,0.000,0.000,24,0,0.000,0,0,0,0.000,0.000,0.000,0.000,0.000,0.000,0.000,1.844,7.370,0,0,0,0,0,0,0,0,0.000,0.000,0.000,0.000,0.000,0.000,0,0.361,21.126,876,881,4003,11.417,194.146,58.087,194.146,19292.249,511,1,H.264,112.828,0,0,193.071,194.114,1.000,147.866,111.726,arrival-gap-jitter-spike,23936.449,0,1,1,1,1,43228.698,408.595,460.605,461.179,461.179,0,0,12,0,0,10,0,,,155.435,155.435,1138,1,H.264,0,0,0,0,0,0,0,0,0,0,,101.895,0.000,104.649,0.000,0.000,0.000,133.119,stale-before-decode,0.001,1177,0.000,109.824,4.805,0.075,0.750,0.495,0.000,0.255,1,0,0,1,3,0.061,21.117,21.126,35.953,21.111,1.000,Jitter,0,1,0,0.000,0,1,1,1,0.060,0.000,0.060,0,100,0,33955,31928,1991,0,1889
44.236,Custom_loss6_delay0-100_dup0_reorder6_burst0,Loopback,1,1,0,,,0.000,0,21,1204,18.215,18.211,18.411,87.859,102.543,35.458,59.158,47.867,0.061,0.232,32592,2122,30553,28431,4311,2550,295,1325,1141,184,141,0,28435,918,277,0,0,0,0,5.000,0,0,0,0,0,0,0,0,0,0,0,0,0,0,0,0.000,0.000,0.000,,899,899,4100,0,1,5.980,193.071,7.034,194.114,0.000,0.000,894,886,16859,1102,260,0,2875,4749,1206,1,nack-sent,pending,H.264,1,1,23,8,15,2,1,1,0,15,0,0,34695,22,0,0,0,0,0,23.962,192,295,184,175,184,0,67.652,21.163,114.783,2,0,673,49,722,0,200,19,0.394,0.606,0.932,1.000,0.087,45.000,0.125,0.875,0.000,duplicate-guard,1592,12559,0,0,916,11493,2875,27080,676,1066,0,0,27060,predicted-useful,likely-arrival,4853,0.652,274,722,0,5,0,0,0,16,16,16,16,270,4294,270,4294,0,0,0,pacing,1,0.751,7.207,115.207,0,0,16,16,0,0,0,0,6,11,11,0,500,2,2,sent,4315,3557,173,0,1,9500000,1200000,1,0,1,34690,34689,42582623,1992,2454471,1099,1361040,0,0,0,0,0,9.409,39.558,935.562,1916.700,1778,63131,32590,13805,30541,16736,0.298,2.315,1.951,1778,4203771,7309787,0.975,25.258,0.431,13.884,63131,2875,905,27080,761,2104,10,258,258,460,39,61,2,20,19,0,0,0,0,0,0,0,0,0,0,217,2,1,0,4,5794,4749,4749,0,0,0,0,0,,disabled,,0,0,0,0,,1,Fixed Quality,Hybrid,85,30,9500,12000,640,360,H.264,480,270,518400,27136,518400,27136,0.052,0.000,,0,0,0.000,1.886,0.000,0.000,0.088,7250,6500,6500,24,24,0,1,9500,1.000,0,9.409,0.000,0,0,0.000,0.000,0,0,0,0,0.266,0.666,0.068,1,0,0,disabled,23,1,1,167,361,167,154,40,258,258,2,4,decoder-sync-observed,0,,0,0,11.701,22.851,0,,0.000,0.000,0.000,0.000,0,0,0,,44,0,0,6.264,0,1207,0.087,0.000,0.000,0.087,0.000,0.063,0.007,1,1,1,1,0,1,1,0,0,0,0,0,1.000,0.000,0.000,30,0,0.000,0,0,0,0.000,0.000,0.000,0.000,0.000,0.000,0.000,1.791,10.176,0,0,0,0,0,0,0,0,0.000,0.000,0.000,0.000,0.000,0.000,0,0.367,18.211,894,899,4100,6.997,194.146,58.087,194.146,19292.249,511,1,H.264,112.828,0,0,193.071,194.114,1.000,147.866,111.726,arrival-gap-jitter-spike,24943.631,0,1,1,1,1,44235.880,408.595,460.605,461.179,461.179,0,0,12,0,0,10,0,,,155.435,155.435,1138,1,H.264,0,0,0,0,0,0,0,0,0,0,,98.507,0.000,101.167,0.000,0.000,0.000,128.929,stale-before-decode,0.001,1204,0.000,106.726,5.184,0.077,1.003,0.699,0.000,0.303,1,0,0,1,3,0.061,18.215,18.211,47.867,18.411,1.000,Jitter,0,1,0,0.000,2,1,1,1,0.060,0.000,0.060,0,100,0,34733,32648,2039,0,1923
45.243,Custom_loss6_delay0-100_dup0_reorder6_burst0,Loopback,1,1,0,,,0.000,0,21,1231,25.892,23.908,22.872,108.589,102.586,89.642,59.866,44.958,0.062,0.230,33394,2197,31321,29124,4407,2611,305,1348,1158,190,143,0,29128,941,281,0,0,0,0,5.000,0,0,0,0,0,0,0,0,0,0,0,0,0,0,0,0.000,0.000,0.000,,921,921,4190,0,1,82.567,193.071,83.580,194.114,0.000,0.000,916,908,17261,1131,263,0,2943,4862,1233,1,fec-recovered,pending,H.264,0,1,24,24,0,4,3,2,3,9,0,0,35493,20,0,0,0,0,0,105.196,197,305,190,181,190,0,67.778,21.601,114.783,2,0,694,49,743,0,208,19,0.392,0.608,0.934,1.000,0.084,45.000,0.000,1.000,0.000,duplicate-guard,1623,12837,0,0,936,11754,2943,27744,687,1083,0,0,27723,predicted-useful,likely-arrival,4967,0.667,281,743,0,5,0,0,0,16,16,16,16,277,4403,277,4403,0,0,0,pacing,1,0.787,8.364,116.364,0,0,16,16,0,0,0,0,6,11,11,0,500,2,2,sent,4424,3640,177,0,1,9500000,1200000,0,0,0,35551,35551,43639131,2043,2517341,1125,1393432,0,0,0,0,0,18.537,39.558,9722.062,3829.400,1822,64695,33386,14206,31309,17103,0.298,20.111,3.282,1822,5260383,8307985,2.064,31.043,0.502,15.148,64695,2943,928,27744,786,2147,10,261,261,466,39,61,2,20,19,0,0,0,0,0,0,0,0,0,0,220,2,1,0,4,5937,4862,4862,0,0,0,0,0,,disabled,,0,0,0,0,,1,Fixed Quality,Hybrid,85,30,9500,12000,640,360,H.264,480,270,518400,0,518400,28178,0.054,0.000,,0,0,0.000,5.262,0.000,4.552,0.685,7250,6750,6750,25,25,0,1,9500,1.000,0,18.537,0.000,0,0,0.000,0.000,0,0,0,0,0.265,0.669,0.066,1,0,0,disabled,0,0,0,171,370,171,159,40,266,266,2,4,async-output-pending,0,,0,0,0.000,0.000,0,,18.548,10924.188,39583.333,0.000,0,0,0,,45,0,0,0.000,1,0,0.674,0.185,0.488,0.000,0.000,0.000,0.000,0,0,1,1,1,0,0,1,1,0,0,0,1.000,0.000,0.000,30,0,0.000,0,0,0,0.000,0.000,0.000,0.000,0.000,0.000,0.000,0.000,21.310,0,0,0,0,0,0,0,0,0.000,0.000,0.000,0.000,0.000,0.000,0,0.347,23.908,916,921,4190,83.701,194.146,58.087,194.146,19292.249,511,1,H.264,112.828,0,0,193.071,194.114,1.000,147.866,111.726,arrival-gap-jitter-spike,25950.903,0,1,1,1,1,45243.152,408.595,460.605,461.179,461.179,0,0,12,0,0,10,0,,,155.435,155.435,1138,1,H.264,0,0,0,0,0,0,0,0,0,0,,101.753,0.000,104.595,0.000,0.000,0.000,139.294,stale-before-decode,0.000,1231,0.000,109.878,4.926,0.078,0.979,0.698,0.000,0.281,1,0,0,1,3,0.062,25.892,23.908,44.958,22.872,1.000,RecoveryDeadline,0,1,0,1.000,1,1,1,1,0.060,0.000,0.060,0,100,0,35596,33453,2090,0,1972
46.244,Custom_loss6_delay0-100_dup0_reorder6_burst0,Loopback,1,1,0,,,0.000,0,21,1261,15.840,15.839,19.686,101.529,102.556,94.089,60.644,101.428,0.062,0.233,34120,2240,32002,29762,4514,2663,316,1387,1193,194,148,0,29766,958,291,0,0,0,0,5.000,0,0,0,0,0,0,0,0,0,0,0,0,0,0,0,0.000,0.000,0.000,,938,938,4285,0,1,163.355,193.071,164.558,194.114,0.000,0.000,933,924,17638,1152,273,0,3011,4971,1261,1,completed,completed,H.264,1,1,24,24,0,4,3,3,13,26,0,3,36285,13,36303,2,0,0,0,92.495,202,316,194,185,194,0,67.589,21.878,114.783,2,0,714,50,764,0,212,20,0.390,0.610,0.935,1.000,0.086,39.000,0.333,0.667,1.000,retransmit-late,1650,13060,0,0,952,11961,3011,28472,698,1099,0,0,28451,predicted-useful,likely-arrival,5076,0.000,288,764,0,5,0,0,0,16,16,16,16,284,4522,284,4522,0,0,0,pacing,1,0.819,15.374,123.374,0,0,16,16,0,0,0,0,6,11,11,0,500,2,2,sent,4543,3722,181,0,1,9500000,1200000,7,0,7,36322,36315,44575761,2094,2580211,1150,1424580,0,0,0,0,0,8.349,39.558,157.562,2596.050,1862,66094,34113,14542,31981,17439,0.299,48.068,0.000,1862,4167306,7554880,0.700,25.724,0.479,18.759,66094,3011,945,28472,812,2189,10,271,271,480,43,67,2,22,21,0,0,0,0,0,0,0,0,0,0,226,2,1,0,4,6063,4971,4971,0,0,0,0,0,,disabled,,0,0,0,0,,1,Fixed Quality,Hybrid,85,30,9500,12000,640,360,H.264,480,270,518400,28178,518400,28178,0.054,0.000,,0,0,0.000,1.973,0.000,0.000,0.102,7250,6750,6750,25,25,0,1,9500,1.000,0,13.649,0.000,0,0,0.000,0.000,0,0,0,0,0.264,0.670,0.065,1,0,0,disabled,24,1,1,175,385,175,168,42,275,275,3,4,decoder-sync-observed,0,,0,0,0.011,23.729,0,,0.000,0.000,0.000,0.000,0,0,0,,46,0,0,2.486,0,1264,0.101,0.000,0.000,0.101,0.000,0.071,0.013,1,1,1,1,0,1,1,0,0,0,0,0,1.000,0.000,0.000,30,0,0.000,0,0,0,0.000,0.000,0.000,0.000,0.000,0.000,0.000,1.864,6.428,0,0,0,0,0,0,0,0,0.000,0.000,0.000,0.000,0.000,0.000,0,0.440,15.839,933,938,4285,164.430,194.146,58.087,194.146,19292.249,511,1,H.264,112.828,0,0,193.071,194.114,1.000,147.866,111.726,arrival-gap-jitter-spike,26952.273,0,1,1,1,1,46244.522,408.595,460.605,461.179,461.179,0,0,12,0,0,10,0,,,155.435,155.435,1138,1,H.264,0,0,0,0,0,0,0,0,0,0,,104.439,0.000,107.204,1.707,0.000,107.871,135.764,stale-before-decode,0.001,1256,0.000,113.035,4.996,0.082,0.476,0.191,0.000,0.285,1,0,0,1,3,0.062,15.840,15.839,101.428,19.686,2.000,RecoveryDeadline,0,1,0,1.000,2,2,2,1,0.060,0.000,0.060,0,100,0,36361,34179,2139,0,2014
47.245,Custom_loss6_delay0-100_dup0_reorder6_burst0,Loopback,1,1,0,,,0.000,0,21,1287,21.753,21.767,23.454,114.250,102.625,17.734,59.691,76.669,0.061,0.231,34867,2269,32680,30411,4604,2721,320,1414,1213,201,149,0,30415,979,294,0,0,0,0,5.000,0,0,0,0,0,0,0,0,0,0,0,0,0,0,0,0.000,0.000,0.000,,959,959,4377,0,1,133.319,193.071,134.468,194.114,0.000,0.000,954,946,18017,1180,276,0,3073,5078,1290,1,nack-sent,pending,H.264,1,1,24,9,15,2,0,2,6,36,0,0,37109,2,0,0,0,0,0,44.358,210,320,201,192,201,0,67.732,22.005,114.783,2,0,733,52,785,0,221,20,0.396,0.604,0.934,1.000,0.083,45.000,0.250,0.750,0.000,duplicate-guard,1680,13286,0,0,969,12167,3073,29116,711,1119,0,0,29095,predicted-useful,fec-grace,5182,0.292,295,785,0,5,0,0,0,16,16,16,16,291,4637,291,4637,0,0,0,pacing,1,0.808,11.286,119.286,0,0,16,16,0,0,0,0,6,11,11,0,500,2,2,sent,4658,3799,185,0,1,9500000,1200000,10,0,10,37123,37113,45553539,2145,2643081,1177,1457586,0,0,0,0,0,1.310,39.558,691.625,2214.950,1903,67519,34842,14854,32677,17823,0.299,8.609,0.931,1903,4886381,7893420,1.217,5.308,0.537,16.710,67519,3072,966,29101,836,2226,10,274,274,485,44,69,2,22,22,0,0,0,0,0,0,0,0,0,0,228,2,1,0,4,6200,5078,5078,0,0,0,0,0,,disabled,,0,0,0,0,,1,Fixed Quality,Hybrid,85,30,9500,12000,640,360,H.264,480,270,518400,28178,518400,28178,0.054,0.000,,0,0,0.000,2.354,0.000,0.000,0.107,7250,6750,6750,25,25,0,1,9500,1.000,0,9.879,0.000,0,0,0.000,0.000,0,0,0,0,0.268,0.666,0.066,1,0,0,disabled,24,1,1,179,395,179,174,42,283,283,2,4,decoder-sync-observed,0,,0,0,0.089,23.729,0,,0.000,0.000,0.000,0.000,0,0,0,,47,0,0,7.171,0,1291,0.106,0.000,0.000,0.106,0.000,0.073,0.011,1,1,1,1,0,1,1,0,0,0,1,0,0.860,102.434,0.000,26,0,0.000,0,0,0,0.000,0.000,0.000,0.000,0.000,0.000,0.000,2.232,11.225,0,0,0,0,0,0,0,0,0.000,0.000,0.000,0.000,0.000,0.000,0,0.414,21.767,954,959,4377,134.341,194.146,58.087,194.146,19292.249,511,1,H.264,112.828,0,0,193.071,194.114,1.000,147.866,111.726,arrival-gap-jitter-spike,27953.274,0,1,1,1,1,47245.523,408.595,460.605,461.179,461.179,0,0,12,0,0,10,0,,,155.435,155.435,1138,1,H.264,0,0,0,0,0,0,0,0,0,0,,104.375,0.000,107.233,0.000,0.000,0.000,142.125,stale-before-decode,0.001,1287,0.000,112.756,5.094,0.091,0.307,0.001,0.000,0.306,1,0,0,1,3,0.061,21.753,21.767,76.669,23.454,2.000,RecoveryDeadline,0,1,0,3.000,1,3,3,1,0.060,0.000,0.060,0,100,0,37160,34931,2189,0,2058
48.250,Custom_loss6_delay0-100_dup0_reorder6_burst0,Loopback,1,1,0,,,0.000,0,21,1316,27.959,27.968,21.179,105.596,102.679,70.007,59.915,17.571,0.061,0.230,35677,2323,33438,31115,4709,2782,329,1447,1239,208,151,0,31119,1003,300,0,0,0,0,5.000,0,0,0,0,0,0,0,0,0,0,0,0,0,0,0,0.000,0.000,0.000,,982,982,4464,0,1,34.857,193.071,35.897,194.114,0.000,0.000,977,969,18413,1211,281,0,3139,5191,1316,1,completed,completed,H.264,0,1,24,24,0,3,3,2,7,13,0,0,37929,19,0,0,0,0,0,98.079,215,329,208,199,208,0,67.946,21.696,114.783,2,0,754,51,805,0,227,21,0.395,0.605,0.937,1.000,0.085,44.000,0.125,0.875,0.000,duplicate-guard,1710,13540,0,0,989,12406,3139,29765,721,1134,0,0,29744,predicted-useful,likely-arrival,5298,0.542,303,805,0,5,0,0,0,16,16,16,16,299,4772,299,4772,0,0,0,pacing,1,0.819,6.724,114.724,0,0,16,16,0,0,0,0,6,11,11,0,500,2,2,sent,4793,3883,189,0,1,9500000,1200000,8,8,0,37983,37975,46609783,2187,2695329,1196,1481222,0,0,0,0,0,0.624,39.558,737.438,1196.550,1947,69091,35653,15234,33438,18204,0.299,5.532,2.575,1947,6390353,10240231,1.285,14.701,0.503,12.614,69091,3139,990,29765,859,2270,10,279,279,495,45,71,2,22,23,0,0,0,0,0,0,0,0,0,0,232,2,1,0,4,6337,5191,5191,0,0,0,0,0,,disabled,,0,0,0,0,,1,Fixed Quality,Hybrid,85,30,9500,12000,640,360,H.264,480,270,518400,28178,518400,28178,0.054,0.000,,0,0,0.000,2.072,0.000,0.000,0.078,7250,6750,6750,25,25,0,1,9500,1.000,0,16.780,0.000,0,0,4.000,0.864,27368,23636,0,0,0.267,0.670,0.063,1,0,0,disabled,24,1,1,183,403,183,178,42,290,290,1,4,keyframe-g4-priority,0,,0,0,18.793,23.729,0,,0.000,0.000,0.000,0.000,0,0,0,,48,0,0,9.429,0,1319,0.078,0.000,0.000,0.078,0.000,0.054,0.008,1,1,1,1,0,1,1,0,0,0,0,0,1.000,0.000,0.000,30,0,0.000,0,0,0,0.000,0.000,0.000,0.000,0.000,0.000,0.000,1.960,13.700,0,0,0,0,0,0,0,0,0.000,0.000,0.000,0.000,0.000,0.000,0,0.456,27.969,977,982,4464,35.901,194.146,58.087,194.146,19292.249,511,1,H.264,112.828,0,0,193.071,194.114,1.000,147.866,111.726,arrival-gap-jitter-spike,28957.537,0,1,1,1,1,48249.786,408.595,460.605,461.179,461.179,0,0,12,0,0,10,0,,,155.435,155.435,1138,1,H.264,0,0,0,0,0,0,0,0,0,0,,104.326,0.000,107.048,0.000,0.000,0.000,132.798,stale-before-decode,0.001,1316,0.000,113.119,5.606,0.075,0.933,0.677,0.000,0.256,1,0,0,1,3,0.061,27.959,27.968,17.571,21.179,1.000,RecoveryDeadline,0,1,0,0.000,2,1,1,1,0.060,0.000,0.060,0,100,0,38023,35740,2239,0,2114
49.253,Custom_loss6_delay0-100_dup0_reorder6_burst0,Loopback,1,1,0,,,0.000,0,21,1345,15.791,15.798,16.832,97.464,102.719,83.012,60.406,46.490,0.061,0.233,36502,2389,34223,31834,4814,2858,337,1464,1249,215,155,0,31838,1022,310,0,0,0,0,5.000,0,0,0,0,0,0,0,0,0,0,0,0,0,0,0,0.000,0.000,0.000,,1001,1001,4559,0,1,15.809,193.071,16.839,194.114,0.000,0.000,996,987,18830,1237,291,0,3214,5304,1346,1,fec-parity,pending,H.264,0,1,24,19,5,3,2,1,5,12,0,0,38833,1,0,0,0,0,0,71.023,219,337,215,206,215,0,67.703,21.749,114.783,2,0,773,52,825,0,231,22,0.394,0.606,0.937,1.000,0.087,40.000,0.286,0.714,1.000,retransmit-late,1754,13822,0,0,1010,12655,3214,30469,744,1167,0,0,30448,predicted-useful,fec-grace,5418,0.000,311,825,0,5,0,0,0,16,16,16,16,307,4900,307,4900,0,0,0,pacing,1,0.805,7.620,115.620,0,0,16,16,0,0,0,0,6,11,11,0,500,2,2,sent,4921,3976,193,0,1,9500000,1200000,0,0,0,38843,38843,47672917,2215,2729587,1202,1488734,0,0,0,0,0,16.879,39.558,8326.375,4800.000,1992,70697,36485,15607,34212,18605,0.300,28.465,0.064,1992,4640971,7970783,0.691,14.362,0.489,14.940,70697,3214,1009,30469,883,2321,10,289,289,508,47,73,1,24,23,0,0,0,0,0,0,0,0,0,0,240,2,1,0,4,6474,5304,5304,0,0,0,0,0,,disabled,,0,0,0,0,,1,Fixed Quality,Hybrid,85,30,9500,12000,640,360,H.264,480,270,518400,0,518400,28176,0.054,0.000,,0,0,0.000,5.846,0.000,5.035,0.754,7250,6750,6750,25,25,0,1,9500,1.000,0,16.879,0.000,0,0,0.000,0.000,0,0,0,0,0.265,0.672,0.063,1,0,0,disabled,0,0,0,187,411,187,180,44,297,297,0,4,async-output-pending,0,,0,0,0.000,0.000,0,,0.000,0.000,0.000,0.000,0,0,0,,48,0,0,0.000,1,0,0.744,0.185,0.557,0.000,0.000,0.000,0.000,0,0,1,1,1,0,0,1,1,0,1,0,0.860,167.649,0.000,26,0,0.000,0,0,0,0.000,0.000,0.000,0.000,0.000,0.000,0.000,0.000,20.292,0,0,0,0,0,0,0,0,0.000,0.000,0.000,0.000,0.000,0.000,0,0.441,15.798,996,1001,4559,16.975,194.146,58.087,194.146,19292.249,511,1,H.264,112.828,0,0,193.071,194.114,1.000,147.866,111.726,arrival-gap-jitter-spike,29960.613,0,1,1,1,1,49252.862,408.595,460.605,461.179,461.179,0,0,12,0,0,10,0,,,155.435,155.435,1138,1,H.264,0,0,0,0,0,0,0,0,0,0,,106.399,0.000,109.229,4.319,0.000,106.396,133.732,stale-before-decode,0.001,1344,0.000,117.507,5.929,0.087,0.384,0.036,0.000,0.349,1,0,0,1,3,0.061,15.791,15.798,46.490,16.832,1.000,RecoveryDeadline,0,1,0,1.000,3,3,3,1,0.060,0.000,0.060,0,100,0,38892,36567,2290,0,2160
50.256,Custom_loss6_delay0-100_dup0_reorder6_burst0,Loopback,1,1,0,,,0.000,0,21,1372,17.284,17.285,17.862,121.591,102.783,80.836,60.832,84.153,0.061,0.234,37270,2436,34948,32512,4919,2921,346,1494,1274,220,158,0,32516,1040,318,0,0,0,0,5.000,0,0,0,0,0,0,0,0,0,0,0,0,0,0,0,0.000,0.000,0.000,,1018,1018,4651,0,1,140.817,193.071,142.009,194.114,0.000,0.000,1013,1005,19218,1260,298,0,3282,5416,1373,1,fec-parity,pending,H.264,0,1,24,23,1,5,3,2,4,11,0,0,39622,21,0,0,0,0,0,97.890,223,346,220,211,220,0,67.788,21.539,114.783,2,0,791,53,844,0,236,22,0.392,0.608,0.937,1.000,0.085,45.000,0.000,1.000,0.000,duplicate-guard,1782,14073,0,0,1028,12888,3282,31119,754,1185,0,0,31097,predicted-useful,fec-grace,5527,0.417,318,844,0,5,0,0,0,16,16,16,16,314,5010,314,5010,0,0,0,pacing,1,0.747,4.962,112.962,0,0,16,16,0,0,0,0,6,11,11,0,500,2,2,sent,5031,4058,196,0,1,9500000,1200000,0,0,0,39672,39672,48688685,2264,2789969,1229,1521748,0,0,0,0,0,10.587,39.558,131.812,4800.000,2036,72216,37268,15952,34948,18996,0.300,3.936,0.515,2036,6309051,9780465,0.951,11.054,0.492,12.818,72216,3282,1027,31119,907,2365,10,296,296,520,48,75,2,24,24,0,0,0,0,0,0,0,0,0,0,246,2,1,0,4,6611,5416,5416,0,0,0,0,0,,disabled,,0,0,0,0,,1,Fixed Quality,Hybrid,85,30,9500,12000,640,360,H.264,480,270,518400,28178,518400,28178,0.054,0.000,,0,0,0.000,2.186,0.000,0.000,0.099,7250,6750,6750,25,25,0,1,9500,1.000,0,10.587,0.000,0,0,0.000,0.000,0,0,0,0,0.264,0.673,0.063,1,0,0,disabled,24,0,0,190,420,190,186,44,305,305,0,4,large-au-observed,0,,0,0,15.052,23.729,0,,0.000,0.000,0.000,0.000,0,0,0,,49,0,0,7.934,0,1376,0.099,0.000,0.000,0.098,0.000,0.068,0.011,1,1,1,1,0,1,1,0,0,0,0,0,1.000,0.000,0.000,30,0,0.000,0,0,0,0.000,0.000,0.000,0.000,0.000,0.000,0.000,2.078,12.464,0,0,0,0,0,0,0,0,0.000,0.000,0.000,0.000,0.000,0.000,0,0.412,17.285,1013,1018,4651,142.006,194.146,58.087,194.146,19292.249,511,1,H.264,112.828,0,0,193.071,194.114,1.000,147.866,111.726,arrival-gap-jitter-spike,30964.310,0,1,1,1,1,50256.559,408.595,460.605,461.179,461.179,0,0,12,0,0,10,0,,,155.435,155.435,1138,1,H.264,0,0,0,0,0,0,0,0,0,0,,106.915,0.000,109.790,0.000,0.000,0.000,145.000,stale-before-decode,0.001,1372,0.000,115.372,5.153,0.080,0.530,0.253,0.000,0.277,1,0,0,1,3,0.061,17.284,17.285,84.153,17.862,2.000,Jitter,0,1,0,1.000,2,2,2,1,0.060,0.000,0.060,0,100,0,39722,37336,2340,0,2198
51.264,Custom_loss6_delay0-100_dup0_reorder6_burst0,Loopback,1,1,0,,,0.000,0,21,1402,22.131,22.132,21.221,88.090,102.740,84.836,61.322,42.662,0.061,0.235,38028,2463,35639,33176,5026,2988,356,1521,1299,222,161,0,33180,1061,326,0,0,0,0,5.000,0,0,0,0,0,0,0,0,0,0,0,0,0,0,0,0.000,0.000,0.000,,1038,1038,4743,0,1,109.972,193.071,110.149,194.114,0.000,0.000,1033,1024,19609,1283,305,0,3348,5525,1404,1,fec-parity,pending,H.264,0,1,22,16,6,4,1,2,6,20,0,0,40455,13,0,0,0,0,0,75.147,234,356,222,213,222,0,67.831,21.507,114.783,2,0,814,53,867,0,243,23,0.397,0.603,0.939,1.000,0.086,39.000,0.700,0.300,0.250,retransmit-late,1814,14314,0,0,1048,13109,3348,31739,766,1205,0,0,31717,predicted-useful,likely-arrival,5643,0.318,327,867,0,5,0,0,0,16,16,16,16,323,5160,323,5160,0,0,0,pacing,1,0.836,11.792,119.792,0,0,16,16,0,0,0,0,6,11,11,0,500,2,2,sent,5181,4142,200,0,1,9500000,1200000,9,0,9,40475,40466,49661534,2317,2855325,1255,1553516,0,0,0,0,0,0.585,39.558,1104.375,4800.000,2077,73646,38009,16249,35637,19388,0.299,19.144,0.112,2077,4240795,6739181,1.086,9.643,0.488,12.162,73646,3348,1047,31739,928,2408,12,303,303,529,50,78,2,25,25,0,0,0,0,0,0,0,0,0,0,250,3,1,0,4,6744,5525,5525,0,0,0,0,0,,disabled,,0,0,0,0,,1,Fixed Quality,Hybrid,85,30,9500,12000,640,360,H.264,480,270,518400,26096,518400,26096,0.050,0.000,,0,0,0.000,1.739,0.000,0.000,0.081,6000,6250,6250,26,26,0,1,9500,0.820,1,15.802,0.000,0,0,0.000,0.000,0,0,0,0,0.270,0.669,0.061,1,0,0,latency-pressure-freshness-hold,22,0,0,194,430,194,191,45,312,312,0,4,large-au-observed,0,,0,0,17.797,21.976,0,,0.000,0.000,0.000,0.000,0,0,0,,50,0,0,6.053,0,1406,0.080,0.000,0.000,0.080,0.000,0.058,0.007,1,1,1,1,0,1,1,0,0,0,1,0,0.860,137.372,0.000,26,0,0.000,0,0,0,0.000,0.000,0.000,0.000,0.000,0.000,0.000,1.649,9.938,0,0,0,0,0,0,0,0,0.000,0.000,0.000,0.000,0.000,0.000,0,0.373,22.132,1033,1038,4743,111.159,194.146,58.087,194.146,19292.249,511,1,H.264,112.828,0,0,193.071,194.114,1.000,147.866,111.726,arrival-gap-jitter-spike,31971.412,0,1,1,1,1,51263.661,408.595,460.605,461.179,461.179,0,0,13,0,0,11,1,latency-pressure freshness,latency-over-80ms,148.363,155.435,1395,1,decoded,0,0,0,0,0,0,0,0,0,0,,93.089,0.000,95.424,0.000,0.000,0.000,129.045,stale-before-upload,0.001,1402,0.000,97.075,4.238,0.075,0.703,0.429,0.000,0.274,1,0,0,1,3,0.061,22.131,22.132,42.662,21.221,1.000,RecoveryDeadline,0,1,0,0.000,1,1,1,1,0.060,0.000,0.060,0,100,0,40517,38092,2385,0,2233
52.270,Custom_loss6_delay0-100_dup0_reorder6_burst0,Loopback,1,1,0,,,0.000,0,21,1429,19.789,19.763,19.691,107.441,102.686,76.015,61.616,16.156,0.061,0.236,38731,2517,36304,33787,5127,3043,360,1558,1325,233,166,0,33791,1080,334,0,0,0,0,5.000,0,0,0,0,0,0,0,0,0,0,0,0,0,0,0,0.000,0.000,0.000,,1057,1057,4832,0,1,33.372,193.071,34.377,194.114,0.000,0.000,1052,1043,20002,1313,313,0,3415,5633,1431,1,nack-sent,pending,H.264,0,1,22,11,11,4,1,1,0,11,0,0,41237,16,0,0,0,0,0,57.747,240,360,233,224,233,0,67.848,21.379,114.783,2,0,835,54,889,0,252,24,0.400,0.600,0.939,1.000,0.087,45.000,0.286,0.714,0.000,duplicate-guard,1851,14544,0,0,1067,13309,3415,32298,784,1235,0,0,32276,predicted-useful,fec-grace,5749,0.364,337,889,0,5,0,0,0,20,20,20,20,333,5310,333,5310,0,0,0,pacing,1,0.792,6.406,114.406,0,0,20,20,0,0,0,0,6,11,11,0,500,2,2,sent,5335,4216,204,0,1,9500000,1200000,5,0,5,41225,41220,50592544,2367,2917269,1281,1585604,0,0,0,0,0,4.373,39.558,1097.188,4800.000,2116,75029,38725,16533,36304,19771,0.299,2.605,1.407,2116,4867888,7716593,0.878,5.951,0.423,15.265,75029,3414,1066,32287,952,2450,12,311,311,545,50,78,2,25,25,0,0,0,0,0,0,0,0,0,0,258,3,1,0,4,6877,5633,5633,0,0,0,0,0,,disabled,,0,0,0,0,,1,Fixed Quality,Hybrid,85,30,9500,12000,640,360,H.264,480,270,518400,26096,518400,26096,0.050,0.000,,0,0,0.000,2.227,0.000,0.000,0.143,6500,6250,6250,26,26,0,1,9500,0.919,1,9.771,0.000,0,0,0.000,0.000,0,0,0,0,0.270,0.669,0.061,1,0,0,fixed-pacing-queue-hold,22,0,0,198,438,198,195,45,320,320,0,4,large-au-observed,0,,0,0,15.439,21.976,0,,0.000,0.000,0.000,0.000,0,0,0,,51,0,0,8.891,0,1432,0.142,0.000,0.000,0.141,0.000,0.083,0.009,1,1,1,1,0,1,1,0,0,0,1,0,0.860,97.697,0.000,24,0,0.000,0,0,0,0.000,0.000,0.000,0.000,0.000,0.000,0.000,2.070,13.860,0,0,0,0,0,0,0,0,0.000,0.000,0.000,0.000,0.000,0.000,0,0.519,19.763,1052,1057,4832,34.434,194.146,58.087,194.146,19292.249,511,1,H.264,112.828,0,0,193.071,194.114,1.000,147.866,111.726,arrival-gap-jitter-spike,32978.213,0,1,1,1,1,52270.462,408.595,460.605,461.179,461.179,0,0,13,0,0,11,0,,,148.363,155.435,1395,1,decoded,0,0,0,0,0,0,0,0,0,0,,102.610,0.000,105.123,0.000,0.000,0.000,133.721,stale-before-upload,0.001,1429,0.000,110.740,5.127,0.084,0.295,0.003,0.000,0.293,1,0,0,1,3,0.061,19.789,19.763,16.156,19.691,1.000,Loss,0,1,0,0.000,1,1,1,1,0.060,0.000,0.060,0,100,0,41272,38797,2436,0,2273
53.277,Custom_loss6_delay0-100_dup0_reorder6_burst0,Loopback,1,1,0,,,0.000,0,21,1455,20.368,18.566,18.704,91.372,102.587,0.271,60.413,15.992,0.061,0.237,39412,2574,36940,34366,5225,3102,370,1583,1345,238,170,0,34370,1099,342,0,0,0,0,5.000,0,0,0,0,0,0,0,0,0,0,0,0,0,0,0,0.000,0.000,0.000,,1075,1075,4923,0,1,67.409,193.071,67.615,194.114,0.000,0.000,1070,1061,20368,1337,320,0,3476,5736,1456,1,fec-parity,pending,H.264,0,1,21,20,1,4,3,2,10,18,0,0,41919,6,0,0,0,0,0,97.649,248,370,238,229,238,0,67.621,22.354,145.206,2,0,858,54,912,0,259,24,0.401,0.599,0.941,1.000,0.085,45.000,0.333,0.667,0.000,duplicate-guard,1878,14750,0,0,1085,13501,3476,32827,793,1249,0,0,32804,predicted-useful,fec-grace,5855,0.524,344,912,0,5,0,0,0,20,20,20,20,340,5413,340,5413,0,0,0,pacing,1,0.811,7.772,115.772,0,0,20,20,0,0,0,0,6,11,11,0,500,2,2,sent,5438,4296,208,0,1,9500000,1200000,0,0,0,41938,41938,51475471,2418,2980457,1308,1619232,0,0,0,0,0,11.769,44.325,6126.938,4800.000,2152,76328,39403,16811,36925,20114,0.299,4.307,1.876,2152,3624092,6135488,2.637,-10.388,0.443,13.244,76328,3476,1084,32827,972,2491,13,318,318,556,50,78,2,25,25,0,0,0,0,0,0,0,0,0,0,265,3,1,0,4,7003,5736,5736,0,0,0,0,0,,disabled,,0,0,0,0,,1,Fixed Quality,Hybrid,85,30,9500,12000,640,360,H.264,480,270,518400,25056,518400,25056,0.048,0.000,,0,0,0.000,1.713,0.000,0.000,0.121,6000,6000,6000,28,28,0,1,9500,0.820,1,11.769,0.000,0,0,0.000,0.000,0,0,0,0,0.272,0.669,0.059,1,0,0,fixed-pacing-queue-hold,21,0,0,202,448,202,199,47,327,327,0,4,large-au-observed,0,,0,0,7.931,21.100,0,,0.000,0.000,0.000,0.000,0,0,0,,52,0,0,5.867,0,1458,0.121,0.000,0.000,0.120,0.000,0.093,0.009,1,1,1,1,0,1,1,0,0,0,0,0,1.000,0.000,0.000,24,0,0.000,0,0,0,0.000,0.000,0.000,0.000,0.000,0.000,0.000,1.584,9.895,0,0,0,0,0,0,0,0,0.000,0.000,0.000,0.000,0.000,0.000,0,0.451,18.566,1070,1075,4923,67.720,194.146,58.087,194.146,19292.249,511,1,H.264,112.828,0,0,193.071,194.114,1.000,147.866,111.726,arrival-gap-jitter-spike,33984.877,0,1,1,1,1,53277.126,408.595,460.605,461.179,461.179,0,0,13,0,0,11,0,,,148.363,155.435,1395,1,decoded,0,0,0,0,0,0,0,0,0,0,,89.451,0.000,91.350,0.000,0.000,0.000,125.686,stale-before-upload,0.001,1455,0.000,95.293,3.476,0.094,0.839,0.582,0.000,0.257,1,0,0,1,3,0.061,20.368,18.566,15.992,18.704,1.000,RecoveryDeadline,0,1,0,1.000,2,2,2,1,0.060,0.000,0.060,0,100,0,41991,39481,2483,0,2317
54.278,Custom_loss6_delay0-100_dup0_reorder6_burst0,Loopback,1,1,0,,,0.000,0,21,1480,17.991,17.986,17.954,90.018,102.588,20.227,59.640,24.853,0.061,0.237,39975,2603,37448,34845,5302,3137,383,1610,1371,239,172,0,34849,1117,347,0,0,0,0,5.000,0,0,0,0,0,0,0,0,0,0,0,0,0,0,0,0.000,0.000,0.000,,1093,1093,5019,0,1,29.708,193.071,30.731,194.114,0.000,0.000,1088,1079,20655,1356,325,0,3529,5811,1481,1,nack-sent,pending,H.264,0,1,21,12,9,1,1,1,0,9,0,0,42550,19,0,0,0,0,0,55.973,251,383,239,230,239,0,67.632,22.266,145.206,2,0,875,56,931,0,261,24,0.396,0.604,0.940,1.000,0.084,45.000,0.143,0.857,0.000,duplicate-guard,1908,14940,0,0,1100,13667,3529,33283,808,1273,0,0,33260,predicted-useful,fec-grace,5942,0.000,351,931,0,5,0,0,0,20,20,20,20,347,5506,347,5506,0,0,0,pacing,1,0.763,8.513,116.513,0,0,20,20,0,0,0,0,6,11,11,0,500,2,2,sent,5531,4358,212,0,1,9500000,1200000,0,0,0,42529,42529,52208351,2463,3036331,1330,1646640,0,0,0,0,0,15.214,44.325,9958.625,4800.000,2183,77421,39973,17041,37448,20407,0.299,10.054,4.758,2183,3728651,6158886,2.692,19.956,0.493,15.323,77421,3529,1102,33283,990,2526,13,323,323,561,53,81,1,28,25,0,0,0,0,0,0,0,0,0,0,267,3,1,0,4,7092,5811,5811,0,0,0,0,0,,disabled,,0,0,0,0,,1,Fixed Quality,Hybrid,85,30,9500,12000,640,360,H.264,480,270,518400,25054,518400,25054,0.048,0.000,,0,0,0.000,1.834,0.000,0.000,0.080,6500,6000,6000,28,28,0,1,9500,0.925,1,15.214,0.000,0,0,0.000,0.000,0,0,0,0,0.270,0.670,0.060,1,0,0,fixed-pacing-queue-hold,21,0,0,206,459,206,206,47,333,333,0,4,large-au-observed,0,,0,0,8.607,21.098,0,,0.000,0.000,0.000,0.000,0,0,0,,53,0,0,2.943,0,1482,0.079,0.000,0.000,0.079,0.000,0.053,0.008,1,1,1,1,0,1,1,0,0,0,0,0,1.000,0.000,0.000,24,0,0.000,0,0,0,0.000,0.000,0.000,0.000,0.000,0.000,0.000,1.744,7.718,0,0,0,0,0,0,0,0,0.000,0.000,0.000,0.000,0.000,0.000,0,0.388,17.986,1088,1093,5019,30.854,194.146,58.087,194.146,19292.249,511,1,H.264,112.828,0,0,193.071,194.114,1.000,147.866,111.726,arrival-gap-jitter-spike,34985.989,0,1,1,1,1,54278.238,408.595,460.605,461.179,461.179,0,0,13,0,0,11,0,,,148.363,155.435,1395,1,decoded,0,0,0,0,0,0,0,0,0,0,,100.796,0.000,103.385,0.000,0.000,0.000,125.009,stale-before-upload,0.001,1480,0.000,109.916,6.134,0.081,0.312,0.068,0.000,0.245,1,0,0,1,3,0.061,17.991,17.986,24.853,17.954,1.000,Loss,0,1,0,0.000,1,2,2,1,0.060,0.000,0.060,0,100,0,42583,40046,2504,0,2352
55.283,Custom_loss6_delay0-100_dup0_reorder6_burst0,Loopback,1,1,0,,,0.000,0,21,1505,23.671,25.981,23.731,109.217,102.522,48.030,59.421,13.485,0.061,0.234,40698,2643,38121,35478,5408,3191,390,1654,1410,244,173,0,35482,1140,349,0,0,0,0,5.000,0,0,0,0,0,0,0,0,0,0,0,0,0,0,0,0.000,0.000,0.000,,1116,1116,5117,0,1,27.793,193.071,28.761,194.114,0.000,0.000,1111,1102,21042,1384,327,0,3588,5927,1508,1,fec-recovered,pending,H.264,0,1,22,7,15,1,1,0,0,0,0,0,43322,18,0,0,0,0,0,31.956,257,390,244,235,244,0,67.768,22.138,145.206,2,0,893,59,952,0,270,24,0.397,0.603,0.938,1.000,0.082,45.000,0.400,0.600,0.000,duplicate-guard,1940,15195,0,0,1119,13901,3588,33810,821,1294,0,0,33787,predicted-useful,likely-arrival,6047,0.091,360,952,0,5,0,0,0,23,23,23,23,356,5641,356,5641,0,0,0,pacing,1,0.825,10.047,118.047,0,0,22,22,1,1,0,0,6,11,11,0,500,2,2,sent,5669,4428,216,0,1,9500000,1200000,3,0,3,43306,43303,53164511,2512,3097031,1353,1675292,0,0,0,0,0,6.530,44.325,887.062,4800.000,2222,78804,40693,17378,38111,20733,0.299,46.093,0.053,2222,4889072,8138612,1.817,21.525,0.449,21.060,78804,3588,1125,33810,1011,2564,13,325,325,564,53,81,1,28,25,0,0,0,0,0,0,0,0,0,0,269,3,1,0,4,7229,5927,5927,0,0,0,0,0,,disabled,,0,0,0,0,,1,Fixed Quality,Hybrid,85,30,9500,12000,640,360,H.264,480,270,518400,26094,518400,26094,0.050,0.000,,0,0,0.000,1.792,0.000,0.000,0.094,7250,6250,6250,29,29,0,1,9500,1.000,0,11.476,0.000,0,0,0.000,0.000,0,0,0,0,0.270,0.668,0.062,1,0,0,disabled,22,0,0,210,469,210,210,49,340,340,0,4,large-au-observed,0,,0,0,14.889,21.974,0,,0.000,0.000,0.000,0.000,0,0,0,,54,0,0,12.112,0,1509,0.093,0.000,0.000,0.093,0.000,0.066,0.008,1,1,1,1,0,1,1,0,0,0,1,0,0.860,1.059,0.000,26,0,0.000,0,0,0,0.000,0.000,0.000,0.000,0.000,0.000,0.000,1.689,15.987,0,0,0,0,0,0,0,0,0.000,0.000,0.000,0.000,0.000,0.000,0,0.488,25.982,1111,1116,5117,28.919,194.146,58.087,194.146,19292.249,511,1,H.264,112.828,0,0,193.071,194.114,1.000,147.866,111.726,arrival-gap-jitter-spike,35990.702,0,1,1,1,1,55282.951,408.595,460.605,461.179,461.179,0,0,13,0,0,11,0,,,148.363,155.435,1395,1,decoded,0,0,0,0,0,0,0,0,0,0,,101.111,0.000,103.874,0.000,0.000,0.000,134.608,stale-before-upload,0.001,1505,0.000,110.006,5.617,0.091,0.288,0.001,0.000,0.287,1,0,0,1,3,0.061,23.671,25.981,13.485,23.731,1.000,Loss,0,1,0,0.000,1,3,3,1,0.060,0.000,0.060,0,100,0,43358,40767,2543,0,2395
56.283,Custom_loss6_delay0-100_dup0_reorder6_burst0,Loopback,1,1,0,,,0.000,0,21,1535,20.649,21.607,20.612,74.214,102.555,76.879,59.744,3.624,0.061,0.236,41442,2689,38815,36126,5517,3258,397,1680,1433,247,182,0,36130,1161,358,0,0,0,0,5.000,0,0,0,0,0,0,0,0,0,0,0,0,0,0,0,0.000,0.000,0.000,,1137,1137,5206,0,1,51.780,193.071,52.053,194.114,0.000,0.000,1131,1122,21455,1408,336,0,3655,6040,1536,1,nack-suppressed-fec-grace,pending,H.264,0,1,21,6,15,3,0,0,0,0,0,0,44092,11,0,0,0,0,0,48.814,263,397,247,238,247,0,67.895,22.131,145.206,2,0,909,60,969,0,276,25,0.398,0.602,0.938,1.000,0.083,45.000,0.500,0.500,0.000,duplicate-guard,1983,15505,0,0,1142,14180,3655,34368,841,1325,0,0,34345,predicted-useful,fec-grace,6161,0.857,367,969,0,5,0,0,0,23,23,23,23,363,5752,363,5752,0,0,0,pacing,1,0.788,9.429,117.429,0,0,23,23,0,0,0,0,6,11,11,0,500,2,2,sent,5780,4512,220,0,1,9500000,1200000,0,0,0,44077,44077,54115468,2558,3153841,1379,1707684,0,0,0,0,0,7.847,44.325,1415.750,4800.000,2263,80250,41435,17693,38815,21122,0.299,6.616,2.918,2263,2861108,6034127,1.428,22.990,0.499,13.447,80250,3655,1145,34368,1026,2615,14,334,334,581,54,83,2,28,26,0,0,0,0,0,0,0,0,0,0,277,3,1,0,4,7373,6040,6040,0,0,0,0,0,,disabled,,0,0,0,0,,1,Fixed Quality,Hybrid,85,30,9500,12000,640,360,H.264,480,270,518400,25054,518400,25054,0.048,0.000,,0,0,0.000,1.683,0.000,0.000,0.085,6000,6000,6000,31,31,0,1,9500,0.820,1,7.847,0.000,0,0,0.000,0.000,0,0,0,0,0.271,0.667,0.062,1,0,0,latency-pressure-freshness-hold,21,0,0,214,475,214,212,49,345,345,0,4,large-au-observed,0,,0,0,7.367,21.098,0,,0.000,0.000,0.000,0.000,0,0,0,,55,0,0,6.255,0,1537,0.085,0.000,0.000,0.084,0.000,0.064,0.006,1,1,1,1,0,1,1,0,0,0,1,0,0.860,145.358,0.000,26,0,0.000,0,0,0,0.000,0.000,0.000,0.000,0.000,0.000,0.000,1.591,10.199,0,0,0,0,0,0,0,0,0.000,0.000,0.000,0.000,0.000,0.000,0,0.337,21.607,1131,1137,5206,52.155,194.146,58.087,194.146,19292.249,511,1,H.264,112.828,0,0,193.071,194.114,1.000,147.866,111.726,arrival-gap-jitter-spike,36991.238,0,1,1,1,1,56283.487,408.595,460.605,461.179,461.179,0,0,14,0,0,12,1,cadence-limited freshness,input-cadence-or-video-budget,171.272,171.272,1528,1,H.264,0,0,0,0,0,0,0,0,0,0,,93.942,0.000,90.679,0.000,0.000,0.000,120.000,stale-before-decode,0.001,1535,0.000,96.091,5.066,0.080,0.877,0.562,0.000,0.315,1,0,0,1,3,0.061,20.649,21.607,3.624,20.612,1.000,RecoveryDeadline,0,1,0,0.000,0,1,1,1,0.060,0.000,0.060,0,100,0,44133,41512,2588,0,2449
57.284,Custom_loss6_delay0-100_dup0_reorder6_burst0,Loopback,1,1,0,,,0.000,0,21,1561,19.542,17.755,17.777,100.575,102.543,63.960,59.821,16.626,0.061,0.237,42083,2726,39404,36678,5598,3300,413,1697,1447,250,188,0,36682,1178,366,0,0,0,0,5.000,0,0,0,0,0,0,0,0,0,0,0,0,0,0,0,0.000,0.000,0.000,,1154,1154,5292,0,1,33.485,193.071,34.546,194.114,0.000,0.000,1147,1138,21792,1428,344,0,3717,6127,1562,1,fec-recovered,pending,H.264,0,1,21,16,5,4,2,2,5,19,0,0,44770,18,0,0,0,0,0,76.833,264,413,250,241,250,0,67.999,22.076,145.206,2,0,929,60,989,0,276,26,0.390,0.610,0.939,1.000,0.086,39.000,0.167,0.833,1.000,retransmit-late,2022,15748,0,0,1161,14385,3717,34876,861,1363,0,0,34852,predicted-useful,fec-grace,6261,0.333,375,989,0,5,0,0,0,23,23,23,23,371,5860,371,5860,0,0,0,pacing,1,0.759,10.174,118.174,0,0,23,23,0,0,0,0,6,11,11,0,500,2,2,sent,5888,4587,224,0,1,9500000,1200000,0,0,0,44773,44773,54978546,2604,3210959,1402,1736336,0,0,0,0,0,8.897,44.325,2441.750,4800.000,2296,81474,42074,17992,39400,21408,0.300,12.341,1.442,2296,5577663,8161361,0.691,15.808,0.451,17.098,81474,3717,1162,34876,1044,2659,14,342,342,595,56,85,1,30,26,0,0,0,0,0,0,0,0,0,0,283,3,1,0,4,7477,6127,6127,0,0,0,0,0,,disabled,,0,0,0,0,,1,Fixed Quality,Hybrid,85,30,9500,12000,640,360,H.264,480,270,518400,25054,518400,25054,0.048,0.000,,0,0,0.000,1.690,0.000,0.000,0.066,6000,6000,6000,31,31,0,1,9500,0.820,1,8.897,0.000,0,0,0.000,0.000,0,0,0,0,0.267,0.672,0.061,1,0,0,latency-pressure-freshness-hold,21,0,0,218,485,218,215,52,351,351,0,4,large-au-observed,0,,0,0,7.658,21.098,0,,0.000,0.000,0.000,0.000,0,0,0,,56,0,0,6.203,0,1564,0.065,0.000,0.000,0.065,0.000,0.041,0.010,1,1,1,1,0,1,1,0,0,0,1,0,0.860,136.495,0.000,26,0,0.000,0,0,0,0.000,0.000,0.000,0.000,0.000,0.000,0.000,1.616,10.075,0,0,0,0,0,0,0,0,0.000,0.000,0.000,0.000,0.000,0.000,0,0.396,17.755,1147,1154,5292,34.382,194.146,58.087,194.146,19292.249,511,1,H.264,112.828,0,0,193.071,194.114,1.000,147.866,111.726,arrival-gap-jitter-spike,37991.772,0,1,1,1,1,57284.021,408.595,460.605,461.179,461.179,0,0,15,0,0,13,1,latency-pressure freshness,latency-over-80ms,146.146,171.272,1543,1,H.264,0,0,0,0,0,0,0,0,0,0,,100.381,0.000,102.075,0.000,0.000,0.000,130.287,stale-before-decode,0.000,1561,0.000,108.465,5.971,0.076,1.066,0.794,0.000,0.272,1,0,0,1,3,0.061,19.542,17.755,16.626,17.777,1.000,RecoveryDeadline,0,1,0,1.000,0,1,1,1,0.060,0.000,0.060,0,100,0,44830,42156,2636,0,2489
58.286,Custom_loss6_delay0-100_dup0_reorder6_burst0,Loopback,1,1,0,,,0.000,0,21,1587,16.626,16.615,16.643,97.077,102.564,83.201,60.239,4.385,0.061,0.238,42736,2775,40010,37235,5693,3366,420,1714,1463,251,193,0,37239,1196,374,0,0,0,0,5.000,0,0,0,0,0,0,0,0,0,0,0,0,0,0,0,0.000,0.000,0.000,,1172,1172,5385,0,1,54.782,193.071,55.762,194.114,0.000,0.000,1165,1156,22149,1447,352,0,3780,6220,1588,1,fec-parity,pending,H.264,0,1,22,17,5,3,0,1,4,9,0,0,45464,3,0,0,0,0,0,64.529,272,420,251,242,251,0,67.945,22.096,145.206,2,0,945,62,1007,0,280,28,0.393,0.607,0.938,1.000,0.091,33.000,0.556,0.444,0.500,retransmit-late,2065,16004,0,0,1181,14604,3780,35396,884,1400,0,0,35371,deferred-likely-arrival,fec-grace,6364,0.000,381,1007,0,5,0,0,0,23,23,23,23,377,5938,377,5938,0,0,0,pacing,1,0.764,11.319,119.319,0,0,23,23,0,0,0,0,6,11,11,0,500,2,2,sent,5966,4666,228,0,1,9500000,1200000,0,0,0,45459,45459,55828188,2648,3265589,1424,1763744,0,0,0,0,0,18.481,44.325,11480.000,4800.000,2331,82738,42728,18251,40010,21759,0.299,45.840,0.000,2331,4013539,6896567,1.319,16.495,0.497,19.254,82738,3780,1180,35396,1062,2704,14,350,350,612,59,92,2,30,29,0,0,0,0,0,0,0,0,0,0,288,3,1,0,4,7593,6220,6220,0,0,0,0,0,,disabled,,0,0,0,0,,1,Fixed Quality,Hybrid,85,30,9500,12000,640,360,H.264,480,270,518400,0,518400,26096,0.050,0.000,,0,0,0.000,0.007,0.000,0.000,0.003,7250,6250,6250,32,32,0,1,9500,1.000,0,18.481,0.000,0,0,0.000,0.000,0,0,0,0,0.270,0.668,0.062,1,0,0,disabled,0,0,0,222,491,222,217,52,357,357,0,4,async-output-pending,0,,0,0,0.000,0.000,0,,0.000,0.000,0.000,0.000,0,0,0,,57,0,0,0.000,1,0,0.000,0.000,0.000,0.000,0.000,0.000,0.000,0,0,0,0,0,0,0,0,1,1,1,1,1.000,180.000,1.500,30,0,0.000,0,0,0,0.000,0.000,0.000,0.000,0.000,0.000,0.000,0.000,6.989,0,0,0,0,0,0,0,0,0.000,0.000,0.000,0.000,0.000,0.000,0,0.460,16.615,1165,1172,5385,55.821,194.146,58.087,194.146,19292.249,511,1,H.264,112.828,0,0,193.071,194.114,1.000,147.866,111.726,arrival-gap-jitter-spike,38993.554,0,1,1,1,1,58285.803,408.595,460.605,461.179,461.179,0,0,15,0,0,13,0,,,146.146,171.272,1543,1,H.264,0,0,0,0,0,0,0,0,0,0,,102.616,0.000,105.170,0.000,0.000,0.000,128.538,stale-before-decode,0.001,1587,0.000,109.988,4.344,0.079,0.264,0.001,0.000,0.264,1,0,0,1,3,0.061,16.626,16.615,4.385,16.643,1.000,Loss,0,1,0,0.000,2,1,1,1,0.060,0.000,0.060,0,100,0,45517,42813,2681,0,2530
59.291,Custom_loss6_delay0-100_dup0_reorder6_burst0,Loopback,1,1,0,,,0.000,0,21,1615,20.936,20.929,21.061,97.618,102.503,83.201,60.239,12.062,0.061,0.238,43501,2842,40743,37901,5795,3421,425,1753,1495,258,196,0,37905,1219,380,0,0,0,0,5.000,0,0,0,0,0,0,0,0,0,0,0,0,0,0,0,0.000,0.000,0.000,,1194,1194,5481,0,1,58.816,193.071,59.828,194.114,0.000,0.000,1187,1178,22551,1477,357,0,3850,6334,1616,1,fec-parity,pending,H.264,0,1,23,12,11,4,1,1,1,12,0,0,46272,0,0,0,0,0,0,48.724,277,425,258,249,258,0,67.775,22.309,145.206,2,0,962,63,1025,0,288,28,0.395,0.605,0.939,1.000,0.089,41.000,0.222,0.778,0.000,duplicate-guard,2099,16285,0,0,1201,14863,3850,36083,898,1422,0,0,36058,predicted-useful,fec-grace,6482,0.522,387,1025,0,5,0,0,0,23,23,23,23,383,6024,383,6024,0,0,0,pacing,1,0.761,12.463,120.463,0,0,23,23,0,0,0,0,6,11,11,0,500,2,2,sent,6052,4753,232,0,1,9500000,1200000,6,0,6,46300,46294,56857946,2694,3322557,1448,1793648,0,0,0,0,0,8.304,44.325,1094.812,4800.000,2373,84207,43483,18572,40724,22152,0.299,20.350,0.172,2373,4959184,7992064,1.224,16.495,0.491,13.821,84207,3850,1203,36083,1086,2750,14,355,355,622,59,92,2,30,29,0,0,0,0,0,0,0,0,0,0,293,3,1,0,4,7732,6334,6334,0,0,0,0,0,,disabled,,0,0,0,0,,1,Fixed Quality,Hybrid,85,30,9500,12000,640,360,H.264,480,270,518400,27136,518400,27136,0.052,0.000,,0,0,0.000,1.914,0.000,0.000,0.072,7250,6500,6500,33,33,0,1,9500,1.000,0,11.848,0.000,0,0,0.000,0.000,0,0,0,0,0.270,0.668,0.061,1,0,0,disabled,23,0,0,226,499,226,221,52,365,365,0,4,large-au-observed,0,,0,0,17.270,22.851,0,,0.000,0.000,0.000,0.000,0,0,0,,58,0,0,2.605,0,1618,0.071,0.000,0.000,0.071,0.000,0.047,0.009,1,1,1,1,0,1,1,0,0,0,1,0,0.860,112.515,0.000,26,0,0.000,0,0,0,0.000,0.000,0.000,0.000,0.000,0.000,0.000,1.834,6.519,0,0,0,0,0,0,0,0,0.000,0.000,0.000,0.000,0.000,0.000,0,0.399,20.929,1187,1194,5481,59.728,194.146,58.087,194.146,19292.249,511,1,H.264,112.828,0,0,193.071,194.114,1.000,147.866,111.726,arrival-gap-jitter-spike,39998.600,0,1,1,1,1,59290.849,408.595,460.605,461.179,461.179,0,0,15,0,0,13,0,,,146.146,171.272,1543,1,H.264,0,0,0,0,0,0,0,0,0,0,,97.479,0.000,100.163,0.000,0.000,0.000,128.809,stale-before-decode,0.001,1615,0.000,105.460,4.881,0.083,0.738,0.482,0.000,0.256,1,0,0,1,3,0.061,20.936,20.929,12.062,21.061,1.000,RecoveryDeadline,0,1,0,0.000,1,2,2,1,0.060,0.000,0.060,0,100,0,46353,43577,2730,0,2583
60.297,Custom_loss6_delay0-100_dup0_reorder6_burst0,Loopback,1,1,0,,,0.000,0,21,1643,18.957,15.999,17.048,100.832,102.516,36.975,59.830,11.337,0.061,0.238,44231,2881,41425,38544,5890,3483,434,1776,1515,261,197,0,38548,1239,387,0,0,0,0,5.000,0,0,0,0,0,0,0,0,0,0,0,0,0,0,0,0.000,0.000,0.000,,1213,1213,5573,0,1,40.464,193.071,41.413,194.114,0.000,0.000,1206,1196,22934,1500,363,0,3918,6442,1645,1,fec-parity,pending,H.264,0,1,24,8,16,2,0,0,0,0,0,0,47096,13,0,0,0,0,0,34.856,284,434,261,252,261,0,67.872,22.320,145.206,2,0,981,64,1045,0,292,30,0.396,0.604,0.939,1.000,0.093,39.000,0.625,0.375,0.667,retransmit-late,2129,16504,0,0,1218,15064,3918,36737,911,1440,0,0,36711,deferred-likely-arrival,likely-arrival,6592,0.000,395,1045,0,5,0,0,0,23,23,23,23,391,6163,391,6163,0,0,0,pacing,1,0.830,9.134,117.134,0,0,23,23,0,0,0,0,6,11,11,0,500,2,2,sent,6191,4832,236,0,1,9500000,1200000,0,0,0,47053,47053,57790786,2743,3383097,1473,1824796,0,0,0,0,0,17.908,44.325,8510.812,4800.000,2412,85647,44225,18886,41422,22536,0.299,12.154,1.086,2412,5009695,7952360,1.641,3.951,0.463,18.679,85647,3918,1223,36737,1113,2791,14,361,361,634,61,96,2,30,31,0,0,0,0,0,0,0,0,0,0,297,3,1,0,4,7864,6442,6442,0,0,0,0,0,,disabled,,0,0,0,0,,1,Fixed Quality,Hybrid,85,30,9500,12000,640,360,H.264,480,270,518400,0,518400,28178,0.054,0.000,,0,0,0.000,4.803,0.000,4.141,0.641,7250,6750,6750,34,34,0,1,9500,1.000,0,17.908,0.000,0,0,0.000,0.000,0,0,0,0,0.272,0.667,0.061,1,0,0,disabled,0,0,0,230,514,230,229,55,374,374,0,5,async-output-pending,0,,0,0,0.000,0.000,0,,17.908,8510.812,45673.077,0.000,0,0,0,,59,0,0,0.000,1,0,0.630,0.157,0.472,0.000,0.000,0.000,0.000,0,0,1,1,1,0,0,1,1,0,1,0,0.860,58.890,0.000,26,0,0.000,0,0,0,0.000,0.000,0.000,0.000,0.000,0.000,0.000,0.000,30.256,0,0,0,0,0,0,0,0,0.000,0.000,0.000,0.000,0.000,0.000,0,0.394,15.999,1206,1213,5573,41.771,194.146,58.087,194.146,19292.249,511,1,H.264,112.828,0,0,193.071,194.114,1.000,147.866,111.726,arrival-gap-jitter-spike,41005.237,0,1,1,1,1,60297.486,408.595,460.605,461.179,461.179,0,0,15,0,0,13,0,,,146.146,171.272,1543,1,H.264,0,0,0,0,0,0,0,0,0,0,,103.583,0.000,106.393,4.585,0.000,109.876,130.416,stale-before-decode,0.000,1642,0.000,112.627,5.447,0.076,0.940,0.690,0.000,0.250,1,0,0,1,3,0.061,18.957,15.999,11.337,17.048,1.000,Loss,0,1,0,1.000,1,1,1,1,0.060,0.000,0.060,0,100,0,47113,44310,2775,0,2613
