timeSec,scenarioName,networkRuntimeMode,networkModeSendingEnabled,networkModeReceivingEnabled,networkExperimentActive,networkExperimentScenarioName,networkExperimentAdaptiveMode,networkExperimentRemainingSec,networkExperimentStepIndex,networkExperimentStepCount,frameId,receiveFps,decodeFps,displayFps,currentLatencyMs,averageLatencyMs,currentRttMs,averageRttMs,currentJitterMs,packetLossRate,frameDropRate,receivedPackets,missingPackets,sequenceGapPackets,sequenceGapRecoveredPackets,duplicatePackets,duplicateOriginalPackets,duplicateRetransmitPackets,duplicateLateAfterCompletedPackets,duplicateLateAfterCompletedOriginalPackets,duplicateLateAfterCompletedRetransmitPackets,duplicateLateAfterExpiredPackets,duplicateLateAfterRejectedPackets,reorderedPackets,completedFrames,droppedFrames,deadlineDroppedFrames,outputQueueDroppedFrames,outputQueueDropEvents,outputQueueDropBurstEvents,startupWarmupSec,startupWarmupActive,outputQueueDroppedFramesDelta,outputQueueDropEventsDelta,outputQueueDropBurstEventsDelta,startupOutputQueueDroppedFrames,startupOutputQueueDropEvents,startupOutputQueueDropBurstEvents,steadyOutputQueueDroppedFrames,steadyOutputQueueDropEvents,steadyOutputQueueDropBurstEvents,evaluationOutputQueueDroppedFrames,evaluationOutputQueueDropEvents,evaluationOutputQueueDropBurstEvents,lastOutputQueueDropFrameCount,lastOutputQueueDropQueueSize,lastOutputQueueDropOldestAgeMs,lastOutputQueueDropNewestAgeMs,maxOutputQueueDropOldestAgeMs,lastOutputQueueDropReason,completedQueuePushes,completedQueuePops,completedQueueEmptyPolls,completedQueueSize,maxCompletedQueueSize,completedQueueLastPopAgeMs,completedQueueMaxPopAgeMs,completedQueueLastPushIntervalMs,completedQueueMaxPushIntervalMs,lastOutputQueueDropPopAgeMs,lastOutputQueueDropPushIntervalMs,decodedFrames,displayedFrames,frameRecoveryOutcomeEvents,frameRecoveryCompletedFrames,frameRecoveryExpiredFrames,frameRecoveryRejectedFrames,frameRecoveryNackSentFrames,frameRecoveryFecRecoveredFrames,frameRecoveryLastFrameId,frameRecoveryLastStreamId,frameRecoveryLastEvent,frameRecoveryLastOutcome,frameRecoveryLastCodec,frameRecoveryLastKeyFrame,frameRecoveryLastLargeFrame,frameRecoveryLastChunkCount,frameRecoveryLastReceivedChunks,frameRecoveryLastMissingChunks,frameRecoveryLastFecParityPackets,frameRecoveryLastFecRecoveredChunks,frameRecoveryLastNackCount,frameRecoveryLastPostNackReceivedChunks,frameRecoveryLastNackRequestedChunks,frameRecoveryLastRetransmitReceivedChunks,frameRecoveryLastRetransmitDuplicatePackets,frameRecoveryLastPacketSequence,frameRecoveryLastPacketChunkIndex,frameRecoveryLastRetransmitSequence,frameRecoveryLastRetransmitChunkIndex,frameRecoveryLastEventPacketSequence,frameRecoveryLastEventPacketChunkIndex,frameRecoveryLastEventWasRetransmit,frameRecoveryLastAgeMs,retransmitUsefulChunks,retransmitDuplicatePackets,retransmitLateAfterCompletedPackets,retransmitLateAfterCompletedLargePackets,retransmitLateAfterCompletedSentBeforeCompletePackets,retransmitLateAfterCompletedSentAfterCompletePackets,retransmitLateAfterCompletedAvgSendToCompleteMs,retransmitLateAfterCompletedAvgDelayMs,retransmitLateAfterCompletedMaxDelayMs,retransmitLateAfterExpiredPackets,retransmitLateAfterRejectedPackets,retransmitClassifiedPackets,retransmitNotArrivedPackets,retransmitAccountedPackets,retransmitUnclassifiedPackets,retransmitCompletedFrames,retransmitExpiredFrames,retransmitUsefulnessRatio,retransmitDuplicateRatio,retransmitFinalClassificationRatio,retransmitFinalAccountingRatio,retransmitExpiredAfterUsefulRatio,dynamicNackDeadlineMs,dynamicNackUsefulnessRatio,dynamicNackDuplicateRatio,dynamicNackExpiredAfterRetransmitRatio,dynamicNackDecisionReason,nackSuppressedFrames,nackSuppressedMissingChunks,nackPreflightSuppressedFrames,nackPreflightSuppressedChunks,nackFecGraceSuppressedFrames,nackFecGraceSuppressedChunks,nackPredictedUsefulFrames,nackPredictedUsefulChunks,nackDeferredForLikelyArrivalFrames,nackDeferredForLikelyArrivalChunks,nackSkippedTooLateFrames,nackSkippedTooLateChunks,nackRequestedChunkBudget,nackLastShapingReason,nackLastSuppressionReason,ackCount,lastAckMissingRate,ackRetransmittedFrames,ackRetransmittedChunks,repairCanceledByCompleteAckPackets,repairSkippedByTtlPackets,repairQueuedButCanceledPackets,repairSentAfterCompleteAckPackets,repairSentAfterCompleteAckLargePackets,repairSuppressedByFecLikelyFrames,repairSuppressedByFecLikelyPackets,repairSuppressedByFecLikelyLargeFrames,repairSuppressedByFecLikelyLargePackets,repairBudgetSuppressedFrames,repairBudgetSuppressedPackets,repairBudgetSuppressedLargeFrames,repairBudgetSuppressedLargePackets,repairRaceGuardSuppressedFrames,repairRaceGuardSuppressedPackets,repairRaceGuardSuppressedLargePackets,repairBudgetProfile,repairBudgetProfileSwitches,repairBudgetSmoothedMissingRate,repairBudgetSmoothedPacingQueueDelayMs,repairBudgetSmoothedDeliveryMs,repairFecLikelySuppressedCompletedFrames,repairFecLikelySuppressedCompletedPackets,repairFecLikelySuppressedExpiredFrames,repairFecLikelySuppressedExpiredPackets,repairFecLikelySuppressedPendingFrames,repairFecLikelySuppressedPendingPackets,repairFecLikelySuppressionRescueFrames,repairFecLikelySuppressionRescuePackets,lateRepairSavedPackets,ackStaleDroppedFrames,ackKeyFrameRequests,ackKeyFramePending,pacingEnabled,pacingTargetBitrateBps,pacingRepairTargetBitrateBps,pacingQueuedPackets,pacingHighPriorityQueuedPackets,pacingNormalQueuedPackets,pacingEnqueuedPackets,pacingSentPackets,pacingSentBytes,pacingRepairSentPackets,pacingRepairSentBytes,pacingRepairBorrowedPackets,pacingRepairBorrowedBytes,pacingDroppedPackets,pacingDeadlineDroppedPackets,pacingHighPriorityDeadlineDroppedPackets,pacingNormalDeadlineDroppedPackets,pacingOverflowDroppedPackets,pacingCurrentQueueDelayMs,pacingMaxQueueDelayMs,pacingVideoCreditBytes,pacingRepairCreditBytes,transportFeedbackPackets,transportFeedbackPacketStatuses,transportFeedbackReceivedPackets,transportFeedbackMissingPackets,transportFeedbackSequenceGapPackets,transportFeedbackSequenceGapRecoveredPackets,transportFeedbackLossRate,transportFeedbackArrivalJitterMs,transportFeedbackQueueDelayTrendMs,transportFeedbackLastSequence,estimatedBandwidthBps,deliveryRateBps,bandwidthQueueDelayMs,bandwidthRttTrendMs,bandwidthLossTrend,bandwidthJitterTrendMs,bandwidthFeedbackSamples,deadlineNackSentFrames,deadlineNackRecoveredFrames,deadlineNackMissingChunks,deadlineNackSentH264KeyFrames,deadlineNackSentH264LargeFrames,deadlineNackSentH264DeltaFrames,deadlineNackExpiredDroppedFrames,deadlineNackExpiredAfterNackFrames,deadlineNackExpiredMissingChunks,deadlineNackExpiredH264KeyFrames,deadlineNackExpiredH264LargeFrames,deadlineNackExpiredH264DeltaFrames,fecEnabled,adaptiveFecEnabled,fecGroupChunkCount,fecParityPackets,fecRecoveredFrames,fecRecoveredChunks,h264ReassemblerAuRejectedFrames,h264ReassemblerHeaderFailures,h264ReassemblerPayloadSizeMismatches,h264ReassemblerFrameIdMismatches,h264ReassemblerCrcMismatches,h264ReassemblerLastRejectReason,adaptiveFecDecisionReason,adaptiveFecHoldReason,adaptiveFecG8ToG4Recovery,adaptiveFecQualityHoldActive,adaptiveFecQualityHoldCanceled,adaptiveFecEmergencyG2Active,adaptiveFecEarlyOffReason,adaptiveEnabled,adaptiveControlMode,adaptiveCongestionControlMode,targetJpegQuality,targetFps,targetBitrateKbps,adaptiveBandwidthCeilingKbps,targetWidth,targetHeight,actualCodec,actualEncodeWidth,actualEncodeHeight,actualRawFrameBytes,actualEncodedFrameBytes,rawFrameBytes,encodedFrameBytes,compressionRatio,captureFps,cameraCaptureSubtype,cameraCaptureWidth,cameraCaptureHeight,cameraCaptureFormatFps,encodeMs,resizeMs,nv12PrepareMs,h264EncodeMs,h264EncoderRequestedBitrateKbps,h264EncoderTargetBitrateKbps,h264EncoderAppliedBitrateKbps,h264DynamicBitrateUpdateRequests,h264DynamicBitrateUpdateSuccesses,h264DynamicBitrateUpdateFailures,h264EncoderReinitializations,pacingBudgetTargetBitrateKbps,h264VideoBudgetScale,pacingBurstGuardActive,fixedPacingRecentMaxQueueDelayMs,fixedPacingQueueReleaseStableSec,fixedPacingQueueRecovered,fixedPacingQueueReleaseEligible,adaptiveRepairBudgetUtilization,adaptiveRepairBorrowedRatio,adaptiveRepairSentBytesDelta,adaptiveRepairBorrowedBytesDelta,adaptiveRepairBudgetGuardActive,adaptiveRepairVideoBudgetPressure,adaptiveRetransmitUsefulRatio,adaptiveLateRepairWasteRatio,adaptiveRetransmitNotArrivedRatio,adaptiveRetransmitAccountingComplete,adaptiveLateRepairWastePressure,adaptiveRetransmitNotArrivedPressure,adaptiveRepairDecisionReason,h264AuChunkCount,h264AuIsIdr,h264AuIsDecoderSync,h264AuProtectionLevel,h264AuDroppedBeforeSend,h264AuDropReason,h264AuDroppedBytes,h264AuDroppedChunks,h264AuPacingQueueDelayMs,h264AuEstimatedSendMs,h264InputGatedByPacing,h264InputGateReason,h264InputGateQueueDelayMs,h264InputGateVideoCreditBytes,h264InputGateFrameBudgetBytes,h264InputGateDurationMs,h264InputGateConsecutiveFrames,h264InputGateSkippedInputFrames,h264InputGateForcedOpen,h264InputGateReleaseReason,fecProtectedH264KeyFrames,fecProtectedH264LargeFrames,h264EncoderDelayFrames,h264EncoderDelayMs,h264EncoderPendingFrames,h264EncodedInputFrameId,h264EncoderCallMs,h264EncoderSampleCreateMs,h264EncoderProcessInputMs,h264EncoderPreInputPollMs,h264EncoderPostInputWaitMs,h264EncoderProcessOutputMs,h264EncoderOutputCopyMs,h264EncoderProcessOutputAttempts,h264EncoderAsyncEventCount,h264EncoderHardware,h264EncoderAsync,h264EncoderNeedInputSignaled,h264EncoderOutputProduced,h264EncoderOutputProducedBeforeInput,h264SubmittedNewInput,h264AsyncSubmittedWithoutOutput,h264AsyncPendingNoOutput,h264AsyncCadenceHoldActive,h264AsyncPendingNoOutputStreak,h264AsyncCadenceScale,h264AsyncCadenceHoldRemainingMs,h264AsyncOutputPollBackoffMs,h264InputCadenceFps,h264NeedInputSubmitWake,h264NeedInputSubmitLeadMs,encodedCameraFrameId,encodedCameraSourceTimestamp100ns,encodedCameraCaptureCompletedTimeUs,encodedCameraFrameAgeMs,encodedCameraReadSampleMs,encodedCameraReadSampleEndToCaptureMs,encodedCameraCaptureToPublishMs,encodedCameraPublishToAcquireMs,encodedCameraAcquireToEncoderInputMs,jpegEncodeMs,packetizeMs,sendFrameIntervalMs,cameraFrameReady,cameraFrameId,cameraSourceTimestamp100ns,cameraReadSampleStartTimeUs,cameraReadSampleEndTimeUs,cameraCaptureCompletedTimeUs,cameraFramePublishedTimeUs,cameraSenderAcquireTimeUs,cameraReadSampleMs,cameraReadSampleEndToCaptureMs,cameraCaptureToPublishMs,cameraPublishToAcquireMs,cameraAcquireToSendMs,cameraFrameAgeMs,cameraFrameCacheUsed,receiveJpegDecodeMs,receiveDecodeWorkerFps,receiveDecodeWorkerFrames,receiveDecodePopSuccesses,receiveDecodePopEmptyPolls,receiveDecodeLoopLastPopGapMs,receiveDecodeLoopMaxPopGapMs,receiveStartupDecodeLoopMaxPopGapMs,receiveSteadyDecodeLoopMaxPopGapMs,receiveSteadyDecodeLoopMaxPopGapAtMs,receiveSteadyDecodeLoopMaxPopGapFrameId,receiveSteadyDecodeLoopMaxPopGapStreamId,receiveSteadyDecodeLoopMaxPopGapCodec,receiveSteadyDecodeLoopMaxPopGapInputFrameAgeMs,receiveSteadyDecodeLoopMaxPopGapDecodedQueueSize,receiveSteadyDecodeLoopMaxPopGapCompletedQueueSize,receiveSteadyDecodeLoopMaxPopGapCompletedQueuePopAgeMs,receiveSteadyDecodeLoopMaxPopGapCompletedQueuePushIntervalMs,receiveSteadyDecodeLoopMaxPopGapArrivalRatio,receiveSteadyDecodeLoopMaxPopGapReceiverJitterMs,receiveSteadyDecodeLoopMaxPopGapReceiverLatencyMs,receiveSteadyDecodeLoopMaxPopGapClass,receiveSteadyDecodeLoopMaxPopGapAgeMs,receiveH264StartupActive,receiveH264StartupDecoderSynced,receiveH264StartupFirstDecoded,receiveH264StartupFirstDisplayed,receiveH264StartupReady,receiveH264StartupElapsedMs,receiveH264StartupDecoderSyncMs,receiveH264StartupFirstDecodedMs,receiveH264StartupFirstDisplayedMs,receiveH264StartupReadyMs,receiveH264StartupQueueFlushFrames,receiveDecodeOverwrittenFrames,receiveDecodeQueueDroppedFrames,receiveDecodeRenderOverwriteFrames,receiveDecodeFailures,receiveFreshnessDroppedFrames,receiveFreshnessDroppedFramesDelta,receiveFreshnessDropClass,receiveFreshnessDropEvidence,receiveH264AuInvalidFrames,receiveH264AuCrcMismatches,receiveH264AuPayloadSizeMismatches,receiveH264AuNalCountMismatches,receiveH264AuNoAnnexBNals,receiveH264AuIdrFlagMismatches,receiveH264AuSpsPpsFlagMismatches,receiveH264AuSyncWithoutIdr,receiveH264AuIdrWithoutSpsPps,receiveH264AuForbiddenZeroBit,receiveH264AuLastInvalidReason,receiveDecodeInputFrameAgeMs,receiveDecodeInputCameraFrameAgeMs,receiveDecodeInputEncoderOutputAgeMs,receiveLatestDecodedFrameAgeMs,receiveLatestDecodedCameraFrameAgeMs,receiveLatestDecodedEncoderOutputAgeMs,receiveFreshnessDropThresholdMs,receiveDecodeLastDropReason,receiveUploadBufferWaitMs,receiveDisplayFrameId,receiveDisplayCameraFrameAgeMs,receiveDisplayEncoderOutputAgeMs,receiveDisplayDecodedFrameAgeMs,textureUploadMs,presentGpuWaitMs,renderFramePacingWaitMs,waitableSwapChainWaitMs,presentMs,presentSyncInterval,lowLatencyPresentMode,waitableSwapChainPacingEnabled,waitableSwapChainAvailable,swapChainBufferCount,adaptiveInputPacketLossRate,adaptiveInputReceiveFps,adaptiveInputDecodeFps,adaptiveInputJitterMs,adaptiveInputDisplayFps,adaptiveQoeScore,adaptiveDegradationCause,adaptiveArrivalGapJitterSpikeActive,adaptiveFecRecoveryWorking,adaptiveFecGuardActive,adaptiveFecRecoveryEfficiency,adaptiveFecParityPacketDelta,adaptiveFecRecoveredFrameDelta,adaptiveFecRecoveredChunkDelta,simEnabled,simLossRate,simDuplicateRate,simReorderRate,simMinDelayMs,simMaxDelayMs,simBurstLossLength,simSubmittedPackets,simSentPackets,simDroppedPackets,simDuplicatedPackets,simReorderedPackets
0.076,Baseline,Loopback,1,1,0,,,0.000,0,21,0,0.000,0.000,0.000,0.000,0.000,0.000,0.000,0.000,0.000,0.000,0,0,0,0,0,0,0,0,0,0,0,0,0,0,0,0,0,0,0,5.000,1,0,0,0,0,0,0,0,0,0,0,0,0,0,0,0.000,0.000,0.000,,0,0,9,0,0,0.000,0.000,0.000,0.000,0.000,0.000,0,0,0,0,0,0,0,0,0,0,,,,0,0,0,0,0,0,0,0,0,0,0,0,0,0,0,0,0,0,0,0.000,0,0,0,0,0,0,0.000,0.000,0.000,0,0,0,0,0,0,0,0,0.000,0.000,0.000,0.000,0.000,0.000,0.000,0.000,0.000,,0,0,0,0,0,0,0,0,0,0,0,0,0,,,0,0.000,0,0,0,0,0,0,0,0,0,0,0,0,0,0,0,0,0,0,balanced,0,0.000,0.000,0.000,0,0,0,0,0,0,0,0,0,0,0,0,1,9500000,1200000,0,0,0,0,0,0,0,0,0,0,0,0,0,0,0,0.000,0.000,3750.000,4800.000,0,0,0,0,0,0,0.000,0.000,0.000,0,6000000,0,0.000,0.000,0.000,0.000,0,0,0,0,0,0,0,0,0,0,0,0,0,1,0,4,0,0,0,0,0,0,0,0,,disabled,,0,0,0,0,,1,Fixed Quality,Hybrid,85,30,9500,12000,640,360,,0,0,0,0,0,0,0.000,0.000,,0,0,0.000,0.000,0.000,0.000,0.000,0,0,0,0,0,0,0,0,1.000,0,0.000,0.000,1,0,0.000,0.000,0,0,0,0,0.000,0.000,0.000,0,0,0,disabled,0,0,0,,0,,0,0,0.000,0.000,0,,0.000,0.000,0.000,0.000,0,0,0,,0,0,0,0.000,0,0,0.000,0.000,0.000,0.000,0.000,0.000,0.000,0,0,0,0,0,0,0,0,0,0,0,0,1.000,0.000,0.000,0,0,0.000,0,0,0,0.000,0.000,0.000,0.000,0.000,0.000,0.000,0.000,0.000,0,0,0,0,0,0,0,0,0.000,0.000,0.000,0.000,0.000,0.000,0,0.000,0.000,0,0,9,0.000,0.000,0.000,0.000,0.000,0,0,,0.000,0,0,0.000,0.000,0.000,0.000,0.000,,-1.000,1,0,0,0,0,76.437,0.000,0.000,0.000,0.000,0,0,0,0,0,0,0,,,0,0,0,0,0,0,0,0,0,0,,0.000,0.000,0.000,0.000,0.000,0.000,120.000,,0.000,0,0.000,0.000,0.000,0.000,0.000,0.000,0.000,0.000,1,0,0,1,3,0.000,0.000,0.000,0.000,0.000,0.000,None,0,0,0,0.000,0,0,0,0,0.000,0.000,0.000,0,0,0,0,0,0,0,0
1.082,Baseline,Loopback,1,1,0,,,0.000,0,21,20,24.948,24.868,24.954,15.074,6.448,0.150,0.150,45.001,0.000,0.000,366,0,0,0,0,0,0,0,0,0,0,0,0,20,0,0,0,0,0,5.000,1,0,0,0,0,0,0,0,0,0,0,0,0,0,0,0.000,0.000,0.000,,20,20,113,0,1,29.464,59.895,30.429,61.042,0.000,0.000,19,19,20,20,0,0,0,0,20,1,completed,completed,H.264,0,1,26,26,0,0,0,0,0,0,0,0,337,25,0,0,0,0,0,14.657,0,0,0,0,0,0,0.000,0.000,0.000,0,0,0,0,0,0,0,0,0.000,0.000,0.000,0.000,0.000,25.000,0.000,0.000,0.000,insufficient-sample,0,0,0,0,0,0,0,0,0,0,0,0,0,,,20,0.000,0,0,0,0,0,0,0,0,0,0,0,0,0,0,0,0,0,0,balanced,0,0.000,0.000,0.000,0,0,0,0,0,0,0,0,0,0,0,0,1,9500000,1200000,11,0,11,377,366,437431,0,0,0,0,0,0,0,0,0,3.279,29.798,621.375,4800.000,18,334,334,0,0,0,0.000,0.069,0.101,18,12000000,12488385,0.092,0.000,0.000,0.062,334,0,0,0,0,0,0,0,0,0,0,0,0,1,0,4,0,0,0,0,0,0,0,0,,disabled,,0,0,0,0,,1,Fixed Quality,Hybrid,85,30,9500,12000,640,360,H.264,480,270,518400,30264,518400,30264,0.058,0.000,,0,0,0.000,2.834,0.000,0.000,0.187,7250,7250,7250,0,0,0,1,9500,1.000,0,27.914,0.615,1,1,0.000,0.000,0,0,0,0,0.000,0.000,0.000,0,0,0,disabled,26,0,0,large-au-observed,0,,0,0,29.798,25.485,0,,0.000,0.000,0.000,0.000,0,0,0,,0,0,0,11.436,0,21,0.187,0.000,0.000,0.186,0.000,0.147,0.011,1,1,1,1,0,1,1,0,0,0,1,0,0.860,136.787,0.000,26,0,0.000,0,0,0,0.000,0.000,0.000,0.000,0.000,0.000,0.000,2.637,15.325,0,0,0,0,0,0,0,0,0.000,0.000,0.000,0.000,0.000,0.000,0,0.102,24.869,19,20,113,30.457,61.099,29.668,61.099,832.350,14,1,H.264,19.472,0,0,59.895,61.042,0.999,14.388,18.262,arrival-gap,249.925,0,1,1,1,1,1082.275,320.658,333.330,336.663,336.663,0,0,0,0,0,0,0,,,0,0,0,0,0,0,0,0,0,0,,13.057,0.000,15.786,0.000,0.000,0.000,120.000,,0.001,20,0.000,19.571,3.643,0.093,0.443,0.157,0.000,0.286,1,0,0,1,3,0.000,24.948,24.868,45.001,24.954,1.000,Jitter,0,0,0,0.000,0,0,0,0,0.000,0.000,0.000,0,0,0,0,0,0,0,0
2.083,Baseline,Loopback,1,1,0,,,0.000,0,21,46,25.830,25.827,25.706,5.118,9.172,0.134,0.142,2.753,0.003,0.000,1097,3,6,3,2,0,0,2,0,2,0,0,3,45,0,0,0,0,0,5.000,1,0,0,0,0,0,0,0,0,0,0,0,0,0,0,0.000,0.000,0.000,,45,45,222,0,1,40.592,59.895,41.468,61.042,0.000,0.000,44,44,61,47,0,0,1,2,46,1,completed,completed,H.264,0,1,24,24,0,0,0,0,0,0,0,0,1094,23,0,0,0,0,0,4.959,0,0,2,2,0,2,0.000,1.047,1.057,0,0,2,0,2,0,0,0,0.000,0.000,1.000,1.000,0.000,25.000,0.000,0.000,0.000,insufficient-sample,0,0,0,0,0,0,1,3,0,0,0,0,3,predicted-useful,,49,0.000,1,2,0,0,0,0,0,3,3,3,3,0,0,0,0,0,0,0,balanced,0,0.115,25.975,34.050,3,3,0,0,0,0,0,0,3,0,1,0,1,9500000,1200000,0,0,0,1099,1099,1328716,2,1552,0,0,0,0,0,0,0,11.195,35.077,1117.438,4800.000,42,1073,1067,3,6,3,0.003,0.014,0.011,42,12000000,10003541,0.058,-0.016,0.003,0.056,1073,1,1,3,0,1,0,0,0,0,0,0,0,1,0,4,11,2,2,0,0,0,0,0,,disabled,,0,0,0,0,,1,Fixed Quality,Hybrid,85,30,9500,12000,640,360,H.264,480,270,518400,0,518400,28178,0.054,0.000,,0,0,0.000,0.011,0.000,0.000,0.005,7250,6750,6750,1,1,0,1,9500,1.000,0,11.195,0.324,1,1,0.000,0.000,0,0,0,0,0.000,1.000,0.000,1,0,0,disabled,0,0,0,async-output-pending,0,,0,0,0.000,0.000,0,,0.000,0.000,0.000,0.000,0,0,0,,0,0,0,0.000,1,0,0.000,0.000,0.000,0.000,0.000,0.000,0.000,0,0,0,0,0,0,0,0,1,1,1,1,0.860,180.000,1.500,26,0,0.000,0,0,0,0.000,0.000,0.000,0.000,0.000,0.000,0.000,0.000,7.053,0,0,0,0,0,0,0,0,0.000,0.000,0.000,0.000,0.000,0.000,0,0.110,25.827,44,45,222,41.643,61.099,29.668,61.099,832.350,14,1,H.264,19.472,0,0,59.895,61.042,0.999,14.388,18.262,arrival-gap,1250.832,0,1,1,1,1,2083.182,320.658,333.330,336.663,336.663,0,0,0,0,0,0,0,,,0,0,0,0,0,0,0,0,0,0,,7.911,0.000,10.935,0.000,0.000,0.000,120.000,,0.001,46,0.000,14.282,3.180,0.099,0.315,0.001,0.000,0.315,1,0,0,1,3,0.003,25.830,25.827,2.753,25.706,0.500,PacingQueue,0,1,0,0.000,2,1,1,0,0.000,0.000,0.000,0,0,0,0,0,0,0,0
3.090,Baseline,Loopback,1,1,0,,,0.000,0,21,72,25.659,25.655,25.543,5.355,8.662,0.134,0.142,10.859,0.003,0.000,1787,5,9,4,6,0,0,6,0,6,0,0,4,70,0,0,0,0,0,5.000,1,0,0,0,0,0,0,0,0,0,0,0,0,0,0,0.000,0.000,0.000,,70,70,328,0,1,27.165,59.895,28.114,61.042,0.000,0.000,69,69,91,76,0,0,2,2,72,1,completed,completed,H.264,0,1,22,22,0,0,0,0,0,0,0,0,1786,21,0,0,0,0,0,5.162,0,0,6,6,0,6,0.000,0.954,1.057,0,0,6,0,6,0,0,0,0.000,0.000,1.000,1.000,0.000,30.000,0.000,1.000,0.000,duplicate-guard,0,0,0,0,0,0,2,7,0,0,0,0,7,predicted-useful,,76,0.000,2,6,0,0,0,0,0,3,3,3,3,0,0,0,0,0,0,0,balanced,0,0.128,26.038,34.112,3,3,0,0,0,0,0,0,3,0,2,0,1,9500000,1200000,0,0,0,1790,1790,2175797,6,5906,0,0,0,0,0,0,0,24.055,35.953,17975.688,4800.000,66,1773,1764,6,9,3,0.003,0.096,0.069,66,10144498,8092433,0.530,-0.016,0.004,0.562,1773,2,2,7,0,2,0,0,0,0,0,0,0,1,0,4,11,2,2,0,0,0,0,0,,disabled,,0,0,0,0,,1,Fixed Quality,Hybrid,85,30,9500,12000,640,360,H.264,480,270,518400,26096,518400,26096,0.050,0.000,,0,0,0.000,2.036,0.000,0.000,0.070,6000,6250,6250,2,2,0,1,9500,0.820,1,24.055,0.186,0,0,0.000,0.000,0,0,0,0,0.000,1.000,0.000,1,0,0,fixed-pacing-queue-hold,22,0,0,large-au-observed,0,,0,0,12.548,21.976,0,,0.000,0.000,0.000,0.000,0,0,0,,0,0,0,2.695,0,72,0.069,0.000,0.000,0.069,0.000,0.048,0.007,1,1,1,1,0,1,1,0,0,0,1,0,0.860,143.089,0.000,24,0,0.000,0,0,0,0.000,0.000,0.000,0.000,0.000,0.000,0.000,1.958,35.042,0,0,0,0,0,0,0,0,0.000,0.000,0.000,0.000,0.000,0.000,0,0.093,25.654,69,70,328,28.018,61.099,29.668,61.099,832.350,14,1,H.264,19.472,0,0,59.895,61.042,0.999,14.388,18.262,arrival-gap,2257.580,0,1,1,1,1,3089.930,320.658,333.330,336.663,336.663,0,0,0,0,0,0,0,,,0,0,0,0,0,0,0,0,0,0,,7.234,0.000,10.014,0.000,0.000,0.000,120.000,,0.001,72,0.000,13.043,2.881,0.088,0.665,0.395,0.000,0.270,1,0,0,1,3,0.003,25.659,25.655,10.859,25.543,0.000,PacingQueue,0,1,0,0.000,2,1,1,0,0.000,0.000,0.000,0,0,0,0,0,0,0,0
4.093,Baseline,Loopback,1,1,0,,,0.000,0,21,98,24.802,24.780,24.648,11.766,8.642,0.203,0.188,10.961,0.002,0.000,2524,6,10,4,6,0,0,6,0,6,0,0,4,96,0,0,0,0,0,5.000,1,0,0,0,0,0,0,0,0,0,0,0,0,0,0,0.000,0.000,0.000,,96,96,433,0,1,50.233,60.573,51.281,61.502,0.000,0.000,95,94,117,102,0,0,2,2,98,1,completed,completed,H.264,0,1,23,23,0,0,0,0,0,0,0,0,2524,22,0,0,0,0,0,11.508,0,0,6,6,0,6,0.000,0.954,1.057,0,0,6,0,6,0,0,0,0.000,0.000,1.000,1.000,0.000,26.000,0.000,0.000,0.000,insufficient-sample,0,0,0,0,0,0,2,7,0,0,0,0,7,predicted-useful,,102,0.000,2,6,0,0,0,0,0,3,3,3,3,0,0,0,0,0,0,0,balanced,0,0.128,26.038,34.112,3,3,0,0,0,0,0,0,3,0,2,0,1,9500000,1200000,0,0,0,2527,2527,3084781,6,5906,0,0,0,0,0,0,0,11.227,35.953,1968.312,4800.000,90,2515,2505,7,10,3,0.003,0.031,0.023,90,12000000,7922389,0.117,0.092,0.000,0.108,2515,2,2,7,0,2,0,0,0,0,0,0,0,1,0,4,11,2,2,0,0,0,0,0,,disabled,,0,0,0,0,,1,Fixed Quality,Hybrid,85,30,9500,12000,640,360,H.264,480,270,518400,27136,518400,27136,0.052,0.000,,0,0,0.000,2.770,0.000,0.000,0.098,7250,6500,6500,3,3,0,1,9500,1.000,0,11.227,0.617,1,1,0.000,0.000,0,0,0,0,0.000,1.000,0.000,1,0,0,disabled,23,0,0,large-au-observed,0,,0,0,11.553,22.851,0,,0.000,0.000,0.000,0.000,0,0,0,,0,0,0,4.799,0,98,0.097,0.000,0.000,0.096,0.000,0.067,0.009,1,1,1,1,0,1,1,0,0,0,1,0,0.860,56.916,0.000,26,0,0.000,0,0,0,0.000,0.000,0.000,0.000,0.000,0.000,0.000,2.662,11.757,0,0,0,0,0,0,0,0,0.000,0.000,0.000,0.000,0.000,0.000,0,0.109,24.780,95,96,433,51.249,61.545,29.668,61.545,3578.797,84,1,H.264,13.967,0,0,60.573,61.502,0.999,19.318,12.979,arrival-gap,514.728,0,1,1,1,1,4093.525,320.658,333.330,336.663,336.663,0,0,0,0,0,0,0,,,0,0,0,0,0,0,0,0,0,0,,9.372,0.000,12.716,0.151,0.000,16.708,120.000,,0.001,97,0.000,16.082,4.110,0.121,0.351,0.001,0.000,0.350,1,0,0,1,3,0.002,24.802,24.780,10.961,24.648,0.000,None,0,0,0,0.000,0,0,0,0,0.000,0.000,0.000,0,0,0,0,0,0,0,0
5.097,Baseline,Loopback,1,1,0,,,0.000,0,21,124,26.191,26.167,26.321,16.524,8.907,0.173,0.185,24.759,0.003,0.000,3284,9,13,4,6,0,0,6,0,6,0,0,4,122,0,0,0,0,0,5.000,0,0,0,0,0,0,0,0,0,0,0,0,0,0,0,0.000,0.000,0.000,,122,122,543,0,1,62.084,62.084,62.940,62.940,0.000,0.000,121,121,151,128,0,0,2,3,124,1,completed,completed,H.264,0,1,24,24,0,0,0,0,0,0,0,0,3287,23,0,0,0,0,0,16.166,0,0,6,6,0,6,0.000,0.954,1.057,0,0,6,0,6,0,0,0,0.000,0.000,1.000,1.000,0.000,25.000,0.000,0.000,0.000,insufficient-sample,1,2,0,0,1,2,2,7,0,0,0,0,7,predicted-useful,fec-grace,129,0.000,2,6,0,0,0,0,0,4,4,4,4,0,0,0,0,0,0,0,balanced,0,0.128,26.038,34.112,4,4,0,0,0,0,0,0,4,0,2,0,1,9500000,1200000,0,0,0,3289,3289,4020891,6,5906,0,0,0,0,0,0,0,14.600,35.953,5626.062,4800.000,114,3268,3255,10,13,3,0.003,0.192,0.260,114,12000000,8024517,0.163,0.067,0.002,0.149,3268,2,2,7,0,2,0,0,0,0,0,0,0,1,0,4,17,3,3,0,0,0,0,0,,disabled,,0,0,0,0,,1,Fixed Quality,Hybrid,85,30,9500,12000,640,360,H.264,480,270,518400,0,518400,28178,0.054,0.000,,0,0,0.000,6.774,0.000,5.733,0.920,7250,6750,6750,4,4,0,1,9500,1.000,0,14.600,1.034,0,1,0.000,0.000,0,0,0,0,0.000,1.000,0.000,1,0,0,disabled,0,0,0,async-output-pending,0,,0,0,0.000,0.000,0,,14.963,10330.062,45673.077,0.000,0,0,0,,0,0,0,0.000,1,0,0.908,0.279,0.627,0.000,0.000,0.000,0.000,0,0,1,1,1,0,0,1,1,0,1,0,0.860,164.391,0.000,26,0,0.000,0,0,0,0.000,0.000,0.000,0.000,0.000,0.000,0.000,0.000,12.655,0,0,0,0,0,0,0,0,0.000,0.000,0.000,0.000,0.000,0.000,0,0.101,26.166,121,122,543,63.097,63.097,29.668,63.097,5084.849,124,1,H.264,17.540,0,0,62.084,62.940,0.998,24.759,16.524,arrival-gap-jitter-spike,11.951,0,1,1,1,1,5096.800,320.658,333.330,336.663,336.663,0,0,0,0,0,0,0,,,0,0,0,0,0,0,0,0,0,0,,12.335,0.000,16.052,0.000,0.000,0.000,120.000,,0.001,124,0.000,19.684,3.473,0.089,0.659,0.209,0.000,0.449,1,0,0,1,3,0.003,26.191,26.167,24.759,26.321,1.000,Jitter,1,0,0,0.000,0,0,0,0,0.000,0.000,0.000,0,0,0,0,0,0,0,0
6.099,Baseline,Loopback,1,1,0,,,0.000,0,21,150,27.247,27.375,27.209,5.299,8.882,0.327,0.208,19.397,0.003,0.000,3992,12,16,4,6,0,0,6,0,6,0,0,4,148,0,0,0,0,0,5.000,0,0,0,0,0,0,0,0,0,0,0,0,0,0,0,0.000,0.000,0.000,,148,148,649,0,1,55.178,62.084,56.098,62.940,0.000,0.000,147,147,177,154,0,0,2,3,150,1,completed,completed,H.264,0,1,22,22,0,0,0,0,0,0,0,0,4002,21,0,0,0,0,0,5.052,0,0,6,6,0,6,0.000,0.954,1.057,0,0,6,0,6,0,0,0,0.000,0.000,1.000,1.000,0.000,25.000,0.000,0.000,0.000,insufficient-sample,1,2,0,0,1,2,2,7,0,0,0,0,7,predicted-useful,fec-grace,155,0.000,2,6,0,0,0,0,0,4,4,4,4,0,0,0,0,0,0,0,balanced,0,0.128,26.038,34.112,4,4,0,0,0,0,0,0,4,0,2,0,1,9500000,1200000,4,0,4,4003,3999,4891058,6,5906,0,0,0,0,0,0,0,4.573,36.145,346.312,4800.000,138,3984,3968,13,16,3,0.003,0.225,0.408,138,12000000,10384394,0.214,0.085,0.000,0.143,3984,2,2,7,0,2,0,0,0,0,0,0,0,1,0,4,17,3,3,0,0,0,0,0,,disabled,,0,0,0,0,,1,Fixed Quality,Hybrid,85,30,9500,12000,640,360,H.264,480,270,518400,26096,518400,26096,0.050,0.000,,0,0,0.000,2.529,0.000,0.000,0.113,6750,6250,6250,5,5,0,1,9500,1.000,0,9.113,0.280,1,1,0.000,0.000,0,0,0,0,0.000,1.000,0.000,1,0,0,disabled,22,0,0,large-au-observed,0,,0,0,13.039,21.976,0,,0.000,0.000,0.000,0.000,0,0,0,,0,0,0,16.663,0,150,0.112,0.000,0.000,0.111,0.000,0.082,0.009,1,1,1,1,0,1,1,0,0,0,1,0,0.860,179.994,0.000,24,0,0.000,0,0,0,0.000,0.000,0.000,0.000,0.000,0.000,0.000,2.405,13.946,0,0,0,0,0,0,0,0,0.000,0.000,0.000,0.000,0.000,0.000,0,0.109,27.375,147,148,649,56.159,63.097,29.668,63.097,5084.849,124,1,H.264,17.540,0,0,62.084,62.940,0.998,24.759,16.524,arrival-gap-jitter-spike,1014.435,0,1,1,1,1,6099.284,320.658,333.330,336.663,336.663,0,0,0,0,0,0,0,,,0,0,0,0,0,0,0,0,0,0,,8.469,0.000,11.302,0.000,0.000,0.000,120.000,,0.001,150,0.000,13.654,2.173,0.083,0.588,0.252,0.000,0.336,1,0,0,1,3,0.003,27.247,27.375,19.397,27.209,1.000,Jitter,1,0,0,0.000,0,0,0,0,0.000,0.000,0.000,0,0,0,0,0,0,0,0
7.105,Baseline,Loopback,1,1,0,,,0.000,0,21,176,26.213,26.196,26.286,18.566,8.726,0.142,0.199,11.677,0.003,0.000,4734,14,18,4,6,0,0,6,0,6,0,0,4,174,0,0,0,0,0,5.000,0,0,0,0,0,0,0,0,0,0,0,0,0,0,0,0.000,0.000,0.000,,174,174,757,0,1,48.740,62.084,49.827,62.940,0.000,0.000,173,173,210,180,0,0,2,4,176,1,completed,completed,H.264,0,1,23,23,0,0,0,0,0,0,0,0,4742,22,0,0,0,0,0,18.394,0,0,6,6,0,6,0.000,0.954,1.057,0,0,6,0,6,0,0,0,0.000,0.000,1.000,1.000,0.000,25.000,0.000,0.000,0.000,insufficient-sample,1,2,0,0,1,2,2,7,0,0,0,0,7,predicted-useful,fec-grace,181,0.000,2,6,0,0,0,0,0,4,4,4,4,0,0,0,0,0,0,0,balanced,0,0.128,26.038,34.112,4,4,0,0,0,0,0,0,4,0,2,0,1,9500000,1200000,0,0,0,4742,4742,5807218,6,5906,0,0,0,0,0,0,0,18.110,36.145,10147.812,4800.000,162,4738,4720,15,18,3,0.003,0.199,0.192,162,12000000,8817541,0.182,0.031,0.000,0.147,4738,2,2,7,0,2,0,0,0,0,0,0,0,1,0,4,23,4,4,0,0,0,0,0,,disabled,,0,0,0,0,,1,Fixed Quality,Hybrid,85,30,9500,12000,640,360,H.264,480,270,518400,27136,518400,27136,0.052,0.000,,0,0,0.000,2.114,0.000,0.000,0.102,7250,6500,6500,6,6,0,1,9500,1.000,0,18.110,0.738,0,1,0.000,0.000,0,0,0,0,0.000,1.000,0.000,1,0,0,disabled,23,0,0,large-au-observed,0,,0,0,16.032,22.851,0,,0.000,0.000,0.000,0.000,0,0,0,,0,0,0,8.826,0,176,0.102,0.000,0.000,0.101,0.000,0.070,0.010,1,1,1,1,0,1,1,0,0,0,1,0,0.860,63.126,0.000,26,0,0.000,0,0,0,0.000,0.000,0.000,0.000,0.000,0.000,0.000,2.000,13.147,0,0,0,0,0,0,0,0,0.000,0.000,0.000,0.000,0.000,0.000,0,0.113,26.196,173,174,757,49.697,63.097,29.668,63.097,5084.849,124,1,H.264,17.540,0,0,62.084,62.940,0.998,24.759,16.524,arrival-gap-jitter-spike,2019.873,0,1,1,1,1,7104.722,320.658,333.330,336.663,336.663,0,0,0,0,0,0,0,,,0,0,0,0,0,0,0,0,0,0,,10.384,0.000,13.381,0.000,0.000,0.000,120.000,,0.001,176,0.000,18.047,4.491,0.099,0.288,0.001,0.000,0.287,1,0,0,1,3,0.003,26.213,26.196,11.677,26.286,1.000,Jitter,0,1,0,0.000,2,1,1,0,0.000,0.000,0.000,0,0,0,0,0,0,0,0
8.111,Baseline,Loopback,1,1,0,,,0.000,0,21,203,27.605,27.603,27.821,5.156,8.820,0.142,0.199,1.667,0.003,0.000,5552,15,19,4,6,0,0,6,0,6,0,0,4,201,0,0,0,0,0,5.000,0,0,0,0,0,0,0,0,0,0,0,0,0,0,0,0.000,0.000,0.000,,201,201,874,0,1,36.871,62.084,37.892,62.940,0.000,0.000,200,200,237,207,0,0,2,4,203,1,completed,completed,H.264,0,1,24,24,0,0,0,0,0,0,0,0,5537,23,0,0,0,0,0,4.997,0,0,6,6,0,6,0.000,0.954,1.057,0,0,6,0,6,0,0,0,0.000,0.000,1.000,1.000,0.000,25.000,0.000,0.000,0.000,insufficient-sample,1,2,0,0,1,2,2,7,0,0,0,0,7,predicted-useful,fec-grace,208,0.000,2,6,0,0,0,0,0,4,4,4,4,0,0,0,0,0,0,0,balanced,0,0.128,26.038,34.112,4,4,0,0,0,0,0,0,4,0,2,0,1,9500000,1200000,5,0,5,5566,5561,6812730,6,5906,0,0,0,0,0,0,0,6.656,36.145,1249.938,4800.000,188,5567,5548,16,19,3,0.003,0.012,0.019,188,12000000,8114137,0.093,0.031,0.000,0.083,5567,2,2,7,0,2,0,0,0,0,0,0,0,1,0,4,23,4,4,0,0,0,0,0,,disabled,,0,0,0,0,,1,Fixed Quality,Hybrid,85,30,9500,12000,640,360,H.264,480,270,518400,28178,518400,28178,0.054,0.000,,0,0,0.000,2.098,0.000,0.000,0.196,7250,6750,6750,7,7,0,1,9500,1.000,0,9.564,1.145,1,1,0.000,0.000,0,0,0,0,0.000,1.000,0.000,1,0,0,disabled,24,0,0,large-au-observed,0,,0,0,11.511,23.729,0,,0.000,0.000,0.000,0.000,0,0,0,,0,0,0,9.522,0,204,0.196,0.000,0.000,0.195,0.000,0.159,0.012,1,1,1,1,0,1,1,0,0,0,1,0,0.860,179.991,0.000,26,0,0.000,0,0,0,0.000,0.000,0.000,0.000,0.000,0.000,0.000,1.890,6.889,0,0,0,0,0,0,0,0,0.000,0.000,0.000,0.000,0.000,0.000,0,0.102,27.603,200,201,874,37.876,63.097,29.668,63.097,5084.849,124,1,H.264,17.540,0,0,62.084,62.940,0.998,24.759,16.524,arrival-gap-jitter-spike,3026.184,0,1,1,1,1,8111.033,320.658,333.330,336.663,336.663,0,0,0,0,0,0,0,,,0,0,0,0,0,0,0,0,0,0,,10.470,0.000,13.382,0.000,0.000,0.000,120.000,,0.001,203,0.000,17.082,3.595,0.096,0.310,0.001,0.000,0.309,1,0,0,1,3,0.003,27.605,27.603,1.667,27.821,0.000,None,0,1,0,0.000,2,1,1,0,0.000,0.000,0.000,0,0,0,0,0,0,0,0
9.111,Baseline,Loopback,1,1,0,,,0.000,0,21,230,25.698,25.692,25.447,14.140,9.202,0.151,0.284,7.682,0.003,0.000,6336,18,22,4,6,0,0,6,0,6,0,0,4,228,0,0,0,0,0,5.000,0,0,0,0,0,0,0,0,0,0,0,0,0,0,0,0.000,0.000,0.000,,228,228,979,0,1,45.602,62.084,46.596,62.940,0.000,0.000,227,226,264,234,0,0,2,4,230,1,completed,completed,H.264,0,1,24,24,0,0,0,0,0,0,0,0,6348,23,0,0,0,0,0,13.645,0,0,6,6,0,6,0.000,0.954,1.057,0,0,6,0,6,0,0,0,0.000,0.000,1.000,1.000,0.000,25.000,0.000,0.000,0.000,insufficient-sample,1,2,0,0,1,2,2,7,0,0,0,0,7,predicted-useful,fec-grace,235,0.000,2,6,0,0,0,0,0,4,4,4,4,0,0,0,0,0,0,0,balanced,0,0.128,26.038,34.112,4,4,0,0,0,0,0,0,4,0,2,0,1,9500000,1200000,0,0,0,6346,6346,7774376,6,5906,0,0,0,0,0,0,0,13.468,36.145,3437.812,4800.000,212,6330,6308,19,22,3,0.003,0.077,0.067,212,10958905,8490964,0.107,-0.013,0.008,0.087,6330,2,2,7,0,2,0,0,0,0,0,0,0,1,0,4,23,4,4,0,0,0,0,0,,disabled,,0,0,0,0,,1,Fixed Quality,Hybrid,85,30,9500,12000,640,360,H.264,480,270,518400,28178,518400,28178,0.054,0.000,,0,0,0.000,2.506,0.000,0.000,0.111,7250,6750,6750,7,7,0,1,9500,1.000,0,13.468,1.664,1,1,0.000,0.000,0,0,0,0,0.000,1.000,0.000,1,0,0,disabled,24,0,0,large-au-observed,0,,0,0,16.949,23.729,0,,0.000,0.000,0.000,0.000,0,0,0,,0,0,0,10.106,0,230,0.110,0.000,0.000,0.110,0.000,0.077,0.009,1,1,1,1,0,1,1,0,0,0,1,0,0.860,70.999,0.000,26,0,0.000,0,0,0,0.000,0.000,0.000,0.000,0.000,0.000,0.000,2.381,14.215,0,0,0,0,0,0,0,0,0.000,0.000,0.000,0.000,0.000,0.000,0,0.102,25.692,227,228,979,46.531,63.097,29.668,63.097,5084.849,124,1,H.264,17.540,0,0,62.084,62.940,0.998,24.759,16.524,arrival-gap-jitter-spike,4026.693,0,1,1,1,1,9111.542,320.658,333.330,336.663,336.663,0,0,0,0,0,0,0,,,0,0,0,0,0,0,0,0,0,0,,13.764,0.000,16.797,4.928,0.000,23.376,120.000,,0.001,229,0.000,21.312,4.795,0.107,0.299,0.001,0.000,0.299,1,0,0,1,3,0.003,25.698,25.692,7.682,25.447,0.000,None,0,0,0,0.000,0,0,0,0,0.000,0.000,0.000,0,0,0,0,0,0,0,0
10.111,Baseline,Loopback,1,1,0,,,0.000,0,21,257,26.473,26.457,26.573,5.510,9.220,0.148,0.270,2.026,0.003,0.000,7146,19,23,4,6,0,0,6,0,6,0,0,4,255,0,0,0,0,0,5.000,0,0,0,0,0,0,0,0,0,0,0,0,0,0,0,0.000,0.000,0.000,,255,255,1088,0,1,34.652,62.084,35.748,62.940,0.000,0.000,254,254,291,261,0,0,2,4,257,1,completed,completed,H.264,0,1,24,24,0,0,0,0,0,0,0,0,7159,23,0,0,0,0,0,5.156,0,0,6,6,0,6,0.000,0.954,1.057,0,0,6,0,6,0,0,0,0.000,0.000,1.000,1.000,0.000,25.000,0.000,0.000,0.000,insufficient-sample,1,2,0,0,1,2,2,7,0,0,0,0,7,predicted-useful,fec-grace,262,0.000,2,6,0,0,0,0,0,4,4,4,4,0,0,0,0,0,0,0,balanced,0,0.128,26.038,34.112,4,4,0,0,0,0,0,0,4,0,2,0,1,9500000,1200000,0,0,0,7156,7156,8766506,6,5906,0,0,0,0,0,0,0,11.877,36.145,1441.250,4800.000,238,7161,7138,20,23,3,0.003,0.023,0.019,238,12000000,8531755,0.099,-0.003,0.000,0.093,7161,2,2,7,0,2,0,0,0,0,0,0,0,1,0,4,23,4,4,0,0,0,0,0,,disabled,,0,0,0,0,,1,Fixed Quality,Hybrid,85,30,9500,12000,640,360,H.264,480,270,518400,28176,518400,28176,0.054,0.000,,0,0,0.000,2.021,0.000,0.000,0.100,7250,6750,6750,7,7,0,1,9500,1.000,0,13.982,1.946,1,1,0.000,0.000,0,0,0,0,0.000,1.000,0.000,1,0,0,disabled,24,0,0,large-au-observed,0,,0,0,19.764,23.727,0,,0.000,0.000,0.000,0.000,0,0,0,,0,0,0,9.848,0,257,0.100,0.000,0.000,0.099,0.000,0.068,0.010,1,1,1,1,0,1,1,0,0,0,1,0,0.860,179.996,0.000,26,0,0.000,0,0,0,0.000,0.000,0.000,0.000,0.000,0.000,0.000,1.912,20.378,0,0,0,0,0,0,0,0,0.000,0.000,0.000,0.000,0.000,0.000,0,0.133,26.457,254,255,1088,35.667,63.097,29.668,63.097,5084.849,124,1,H.264,17.540,0,0,62.084,62.940,0.998,24.759,16.524,arrival-gap-jitter-spike,5026.706,0,1,1,1,1,10111.555,320.658,333.330,336.663,336.663,0,0,0,0,0,0,0,,,0,0,0,0,0,0,0,0,0,0,,10.354,0.000,13.322,0.000,0.000,0.000,120.000,,0.001,257,0.000,16.451,2.992,0.109,0.343,0.001,0.000,0.343,1,0,0,1,3,0.003,26.473,26.457,2.026,26.573,0.000,None,0,0,0,0.000,0,0,0,0,0.000,0.000,0.000,0,0,0,0,0,0,0,0
11.118,Baseline,Loopback,1,1,0,,,0.000,0,21,283,26.208,26.202,26.493,8.603,9.200,0.148,0.270,17.015,0.003,0.000,7925,21,25,4,6,0,0,6,0,6,0,0,4,281,0,0,0,0,0,5.000,0,0,0,0,0,0,0,0,0,0,0,0,0,0,0,0.000,0.000,0.000,,281,281,1189,0,1,54.135,62.084,55.171,62.961,0.000,0.000,280,280,323,287,0,0,2,5,283,1,completed,completed,H.264,0,1,24,24,0,0,0,0,0,0,0,0,7940,23,0,0,0,0,0,8.388,0,0,6,6,0,6,0.000,0.954,1.057,0,0,6,0,6,0,0,0,0.000,0.000,1.000,1.000,0.000,25.000,0.000,0.000,0.000,insufficient-sample,1,2,0,0,1,2,2,7,0,0,0,0,7,predicted-useful,fec-grace,289,0.000,2,6,0,0,0,0,0,5,5,5,5,0,0,0,0,0,0,0,balanced,0,0.128,26.038,34.112,5,5,0,0,0,0,0,0,5,0,2,0,1,9500000,1200000,0,0,0,7936,7936,9721892,6,5906,0,0,0,0,0,0,0,18.291,36.145,9192.438,4800.000,262,7920,7895,22,25,3,0.003,0.008,0.009,262,12000000,14118039,0.047,-0.003,0.000,0.039,7920,2,2,7,0,2,0,0,0,0,0,0,0,1,0,4,28,5,5,0,0,0,0,0,,disabled,,0,0,0,0,,1,Fixed Quality,Hybrid,85,30,9500,12000,640,360,H.264,480,270,518400,0,518400,28178,0.054,0.000,,0,0,0.000,5.137,0.000,4.224,0.893,7250,6750,6750,7,7,0,1,9500,1.000,0,18.291,2.435,0,1,0.000,0.000,0,0,0,0,0.000,1.000,0.000,1,0,0,disabled,0,0,0,async-output-pending,0,,0,0,0.000,0.000,0,,18.136,11436.375,45673.077,0.000,0,0,0,,0,0,0,0.000,1,0,0.882,0.213,0.668,0.000,0.000,0.000,0.000,0,0,1,1,1,0,0,1,1,0,1,0,0.860,167.577,0.000,26,0,0.000,0,0,0,0.000,0.000,0.000,0.000,0.000,0.000,0.000,0.000,20.665,0,0,0,0,0,0,0,0,0.000,0.000,0.000,0.000,0.000,0.000,0,0.097,26.202,280,281,1189,55.155,63.097,29.668,63.097,5084.849,124,1,H.264,17.540,0,0,62.084,62.940,0.998,24.759,16.524,arrival-gap-jitter-spike,6033.088,0,1,1,1,1,11117.937,320.658,333.330,336.663,336.663,0,0,0,0,0,0,0,,,0,0,0,0,0,0,0,0,0,0,,8.484,0.000,11.248,0.000,0.000,0.000,120.000,,0.001,283,0.000,12.759,1.411,0.083,0.885,0.595,0.000,0.290,1,0,0,1,3,0.003,26.208,26.202,17.015,26.493,0.000,None,0,0,0,0.000,0,0,0,0,0.000,0.000,0.000,0,0,0,0,0,0,0,0
12.118,Baseline,Loopback,1,1,0,,,0.000,0,21,309,24.320,24.318,24.313,17.212,9.305,0.233,0.267,35.704,0.003,0.000,8687,22,29,7,9,0,0,9,0,9,0,0,7,306,0,0,0,0,0,5.000,0,0,0,0,0,0,0,0,0,0,0,0,0,0,0,0.000,0.000,0.000,,306,306,1292,0,1,75.738,75.738,76.823,76.823,0.000,0.000,305,304,352,315,0,0,3,5,309,1,completed,completed,H.264,0,1,24,24,0,0,0,0,0,0,0,0,8694,23,0,0,0,0,0,17.016,0,0,9,9,0,9,0.000,0.978,1.057,0,0,9,0,9,0,0,0,0.000,0.000,1.000,1.000,0.000,25.000,0.000,0.000,0.000,insufficient-sample,1,2,0,0,1,2,3,10,0,0,0,0,10,predicted-useful,fec-grace,316,0.000,3,9,0,0,0,0,0,5,5,5,5,0,0,0,0,0,0,0,balanced,0,0.127,25.910,33.998,5,5,0,0,0,0,0,0,5,0,3,0,1,9500000,1200000,21,0,21,8719,8698,10654836,9,9014,0,0,0,0,0,0,0,1.657,36.145,481.875,4800.000,289,8709,8680,23,29,6,0.003,0.076,0.078,289,12000000,10801021,0.137,0.085,0.001,0.101,8709,3,3,10,0,3,0,0,0,0,0,0,0,1,0,4,28,5,5,0,0,0,0,0,,disabled,,0,0,0,0,,1,Fixed Quality,Hybrid,85,30,9500,12000,640,360,H.264,480,270,518400,28178,518400,28178,0.054,0.000,,0,0,0.000,1.999,0.000,0.000,0.085,7250,6750,6750,7,7,0,1,9500,1.000,0,9.694,2.858,1,1,0.000,0.000,0,0,0,0,0.000,1.000,0.000,1,0,0,disabled,24,0,0,large-au-observed,0,,0,0,16.581,23.729,0,,0.000,0.000,0.000,0.000,0,0,0,,0,0,0,12.338,0,310,0.085,0.000,0.000,0.084,0.000,0.059,0.008,1,1,1,1,0,1,1,0,0,0,1,0,0.860,146.943,0.000,26,0,0.000,0,0,0,0.000,0.000,0.000,0.000,0.000,0.000,0.000,1.906,16.299,0,0,0,0,0,0,0,0,0.000,0.000,0.000,0.000,0.000,0.000,0,0.098,24.318,305,306,1292,76.726,76.726,29.668,76.726,12112.906,309,1,H.264,18.204,0,0,75.738,76.823,1.001,35.704,17.212,arrival-gap-jitter-spike,5.043,0,1,1,1,1,12117.949,320.658,333.330,336.663,336.663,0,0,0,0,0,0,0,,,0,0,0,0,0,0,0,0,0,0,,11.211,0.000,14.160,3.997,0.000,25.243,120.000,,0.000,308,0.000,15.236,2.716,0.079,0.830,0.579,0.000,0.251,1,0,0,1,3,0.003,24.320,24.318,35.704,24.313,1.000,Jitter,1,0,0,0.000,0,0,0,0,0.000,0.000,0.000,0,0,0,0,0,0,0,0
13.118,Baseline,Loopback,1,1,0,,,0.000,0,21,335,25.218,25.213,25.026,9.207,9.236,0.200,0.261,2.501,0.002,0.000,9365,23,30,7,9,0,0,9,0,9,0,0,7,332,0,0,0,0,0,5.000,0,0,0,0,0,0,0,0,0,0,0,0,0,0,0,0.000,0.000,0.000,,332,332,1397,0,1,41.225,75.738,42.156,76.823,0.000,0.000,331,331,378,341,0,0,3,5,335,1,completed,completed,H.264,0,1,22,22,0,0,0,0,0,0,0,0,9383,21,0,0,0,0,0,8.958,0,0,9,9,0,9,0.000,0.978,1.057,0,0,9,0,9,0,0,0,0.000,0.000,1.000,1.000,0.000,25.000,0.000,0.000,0.000,insufficient-sample,1,2,0,0,1,2,3,10,0,0,0,0,10,predicted-useful,fec-grace,342,0.000,3,9,0,0,0,0,0,5,5,5,5,0,0,0,0,0,0,0,balanced,0,0.127,25.910,33.998,5,5,0,0,0,0,0,0,5,0,3,0,1,9500000,1200000,1,0,1,9377,9376,11489351,9,9014,0,0,0,0,0,0,0,8.734,41.577,1191.500,4800.000,312,9384,9354,24,30,6,0.003,0.170,0.220,312,12000000,8801172,0.204,0.061,0.000,0.145,9384,3,3,10,0,3,0,0,0,0,0,0,0,1,0,4,28,5,5,0,0,0,0,0,,disabled,,0,0,0,0,,1,Fixed Quality,Hybrid,85,30,9500,12000,640,360,H.264,480,270,518400,26094,518400,26094,0.050,0.000,,0,0,0.000,1.814,0.000,0.000,0.068,7250,6250,6250,8,8,0,1,9500,1.000,0,8.734,0.381,1,1,0.000,0.000,0,0,0,0,0.000,1.000,0.000,1,0,0,disabled,22,0,0,large-au-observed,0,,0,0,11.570,21.974,0,,0.000,0.000,0.000,0.000,0,0,0,,0,0,0,5.564,0,335,0.068,0.000,0.000,0.067,0.000,0.046,0.006,1,1,1,1,0,1,1,0,0,0,1,0,0.860,29.937,0.000,26,0,0.000,0,0,0,0.000,0.000,0.000,0.000,0.000,0.000,0.000,1.739,10.069,0,0,0,0,0,0,0,0,0.000,0.000,0.000,0.000,0.000,0.000,0,0.117,25.213,331,332,1397,42.238,76.726,29.668,76.726,12112.906,309,1,H.264,18.204,0,0,75.738,76.823,1.001,35.704,17.212,arrival-gap-jitter-spike,1005.280,0,1,1,1,1,13118.186,320.658,333.330,336.663,336.663,0,0,0,0,0,0,0,,,0,0,0,0,0,0,0,0,0,0,,8.550,0.000,11.266,0.000,0.000,0.000,120.000,,0.001,335,0.000,14.988,3.602,0.097,0.325,0.001,0.000,0.324,1,0,0,1,3,0.002,25.218,25.213,2.501,25.026,1.000,Jitter,1,0,0,0.000,0,0,0,0,0.000,0.000,0.000,0,0,0,0,0,0,0,0
14.124,Baseline,Loopback,1,1,0,,,0.000,0,21,363,28.492,28.486,28.792,5.128,9.322,0.163,0.249,0.913,0.003,0.000,10172,27,34,7,9,0,0,9,0,9,0,0,7,360,0,0,0,0,0,5.000,0,0,0,0,0,0,0,0,0,0,0,0,0,0,0,0.000,0.000,0.000,,360,360,1494,0,1,33.164,75.738,34.185,76.823,0.000,0.000,359,359,420,369,0,0,3,7,363,1,completed,completed,H.264,0,1,23,23,0,0,0,0,0,0,0,0,10193,22,0,0,0,0,0,4.974,0,0,9,9,0,9,0.000,0.978,1.057,0,0,9,0,9,0,0,0,0.000,0.000,1.000,1.000,0.000,25.000,0.000,0.000,0.000,insufficient-sample,2,4,0,0,2,4,3,10,0,0,0,0,10,predicted-useful,fec-grace,372,0.000,3,9,0,0,0,0,0,7,7,7,7,0,0,0,0,0,0,0,balanced,0,0.127,25.910,33.998,7,7,0,0,0,0,0,0,7,0,3,0,1,9500000,1200000,0,0,0,10186,10186,12486097,9,9014,0,0,0,0,0,0,0,11.755,41.577,2625.000,4800.000,337,10176,10142,28,34,6,0.003,0.103,0.109,337,12000000,8303605,0.116,0.048,0.001,0.090,10176,3,3,10,0,3,0,0,0,0,0,0,0,1,0,4,39,7,7,0,0,0,0,0,,disabled,,0,0,0,0,,1,Fixed Quality,Hybrid,85,30,9500,12000,640,360,H.264,480,270,518400,27136,518400,27136,0.052,0.000,,0,0,0.000,1.859,0.000,0.000,0.092,7250,6500,6500,9,9,0,1,9500,1.000,0,12.600,0.631,1,1,0.000,0.000,0,0,0,0,0.000,1.000,0.000,1,0,0,disabled,23,0,0,large-au-observed,0,,0,0,11.602,22.851,0,,0.000,0.000,0.000,0.000,0,0,0,,0,0,0,9.128,0,363,0.091,0.000,0.000,0.090,0.000,0.054,0.009,1,1,1,1,0,1,1,0,0,0,1,0,0.860,146.752,0.000,26,0,0.000,0,0,0,0.000,0.000,0.000,0.000,0.000,0.000,0.000,1.751,13.346,0,0,0,0,0,0,0,0,0.000,0.000,0.000,0.000,0.000,0.000,0,0.095,28.486,359,360,1494,34.141,76.726,29.668,76.726,12112.906,309,1,H.264,18.204,0,0,75.738,76.823,1.001,35.704,17.212,arrival-gap-jitter-spike,2011.079,0,1,1,1,1,14123.985,320.658,333.330,336.663,336.663,0,0,0,0,0,0,0,,,0,0,0,0,0,0,0,0,0,0,,9.085,0.000,11.772,0.000,0.000,0.000,120.000,,0.001,363,0.000,14.391,2.511,0.081,0.772,0.536,0.000,0.236,1,0,0,1,3,0.003,28.492,28.486,0.913,28.792,1.000,Jitter,0,0,0,0.000,0,0,0,0,0.000,0.000,0.000,0,0,0,0,0,0,0,0
15.124,Baseline,Loopback,1,1,0,,,0.000,0,21,388,26.140,26.136,25.962,31.534,9.456,0.151,0.243,4.697,0.003,0.000,10944,29,38,9,13,0,0,13,0,13,0,0,9,385,0,0,0,0,0,5.000,0,0,0,0,0,0,0,0,0,0,0,0,0,0,0,0.000,0.000,0.000,,385,385,1593,0,1,32.724,75.738,33.559,76.823,0.000,0.000,384,384,455,398,0,0,4,8,388,1,retransmit-late-after-completed,completed,H.264,0,1,24,24,0,0,0,1,0,0,0,0,10951,16,10951,16,10951,16,1,32.572,0,0,13,13,4,9,0.401,1.137,1.542,0,0,13,0,13,0,0,0,0.000,0.000,1.000,1.000,0.000,25.000,0.000,0.000,0.000,insufficient-sample,2,4,0,0,2,4,4,21,0,0,0,0,21,predicted-useful,fec-grace,399,0.000,4,13,0,0,0,0,0,7,7,7,7,1,7,1,7,0,0,0,balanced,0,0.210,27.125,35.222,7,7,0,0,0,0,0,0,14,1,6,0,1,9500000,1200000,8,0,8,10967,10959,13434081,13,13990,1,1244,0,0,0,0,0,3.386,41.577,734.188,4800.000,362,10956,10918,32,38,6,0.003,0.086,0.211,362,11019860,8462403,0.067,0.023,0.023,0.060,10956,4,4,21,0,4,0,0,0,0,0,0,0,1,0,4,43,8,8,0,0,0,0,0,,disabled,,0,0,0,0,,1,Fixed Quality,Hybrid,85,30,9500,12000,640,360,H.264,480,270,518400,28178,518400,28178,0.054,0.000,,0,0,0.000,3.029,0.000,0.000,0.111,7250,6750,6750,10,10,0,1,9500,1.000,0,27.564,0.902,1,1,0.000,0.000,0,0,0,0,0.000,1.000,0.000,1,0,0,disabled,24,1,1,decoder-sync-observed,0,,0,0,31.153,23.729,0,,0.000,0.000,0.000,0.000,0,0,0,,0,0,0,2.577,0,390,0.110,0.000,0.000,0.110,0.000,0.070,0.014,1,1,1,1,0,1,1,0,0,0,0,0,1.000,0.000,0.000,30,0,0.000,0,0,0,0.000,0.000,0.000,0.000,0.000,0.000,0.000,2.874,6.734,0,0,0,0,0,0,0,0,0.000,0.000,0.000,0.000,0.000,0.000,0,0.117,26.136,384,385,1593,34.144,76.726,29.668,76.726,12112.906,309,1,H.264,18.204,0,0,75.738,76.823,1.001,35.704,17.212,arrival-gap-jitter-spike,3011.624,0,1,1,1,1,15124.530,320.658,333.330,336.663,336.663,0,0,0,0,0,0,0,,,0,0,0,0,0,0,0,0,0,0,,16.146,0.000,18.908,0.000,0.000,0.000,120.000,,0.001,388,0.000,22.710,3.682,0.094,0.472,0.168,0.000,0.304,1,0,0,1,3,0.003,26.140,26.136,4.697,25.962,1.000,PacingQueue,0,1,0,0.000,4,1,1,0,0.000,0.000,0.000,0,0,0,0,0,0,0,0
16.125,Baseline,Loopback,1,1,0,,,0.000,0,21,416,27.570,27.585,27.723,11.926,9.479,0.144,0.237,1.343,0.003,0.000,11731,31,40,9,13,0,0,13,0,13,0,0,9,412,0,0,0,0,0,5.000,0,0,0,0,0,0,0,0,0,0,0,0,0,0,0,0.000,0.000,0.000,,412,412,1718,0,1,33.918,75.738,34.929,76.823,0.000,0.000,411,411,488,425,0,0,4,9,416,1,completed,completed,H.264,0,1,24,24,0,0,0,0,0,0,0,0,11756,23,0,0,0,0,0,11.708,0,0,13,13,4,9,0.401,1.137,1.542,0,0,13,0,13,0,0,0,0.000,0.000,1.000,1.000,0.000,27.000,0.000,0.000,0.000,insufficient-sample,2,4,0,0,2,4,4,21,0,0,0,0,21,predicted-useful,fec-grace,427,0.000,4,13,0,0,0,0,0,8,8,8,8,1,7,1,7,0,0,0,balanced,0,0.210,27.125,35.222,8,8,0,0,0,0,0,0,15,1,6,0,1,9500000,1200000,0,0,0,11747,11747,14398843,13,13990,1,1244,0,0,0,0,0,25.197,41.577,13958.688,4800.000,387,11746,11706,34,40,6,0.003,0.109,0.120,387,12000000,10599233,0.069,0.017,0.000,0.067,11746,4,4,21,0,4,0,0,0,0,0,0,0,1,0,4,48,9,9,0,0,0,0,0,,disabled,,0,0,0,0,,1,Fixed Quality,Hybrid,85,30,9500,12000,640,360,H.264,480,270,518400,0,518400,28176,0.054,0.000,,0,0,0.000,0.007,0.000,0.000,0.004,7250,6750,6750,10,10,0,1,9500,1.000,0,25.197,1.524,0,1,0.000,0.000,0,0,0,0,0.000,1.000,0.000,1,0,0,disabled,0,0,0,async-output-pending,0,,0,0,0.000,0.000,0,,0.000,0.000,0.000,0.000,0,0,0,,0,0,0,0.000,1,0,0.000,0.000,0.000,0.000,0.000,0.000,0.000,0,0,0,0,0,0,0,0,1,1,1,1,0.860,180.000,1.500,26,0,0.000,0,0,0,0.000,0.000,0.000,0.000,0.000,0.000,0.000,0.000,8.495,0,0,0,0,0,0,0,0,0.000,0.000,0.000,0.000,0.000,0.000,0,0.106,27.584,411,412,1718,34.919,76.726,29.668,76.726,12112.906,309,1,H.264,18.204,0,0,75.738,76.823,1.001,35.704,17.212,arrival-gap-jitter-spike,4012.597,0,1,1,1,1,16125.503,320.658,333.330,336.663,336.663,0,0,0,0,0,0,0,,,0,0,0,0,0,0,0,0,0,0,,10.061,0.000,12.906,0.000,0.000,0.000,120.000,,0.001,416,0.000,16.036,3.021,0.084,0.372,0.000,0.000,0.371,1,0,0,1,3,0.003,27.570,27.585,1.343,27.723,1.000,PacingQueue,0,1,0,0.000,4,1,1,0,0.000,0.000,0.000,0,0,0,0,0,0,0,0
17.132,Baseline,Loopback,1,1,0,,,0.000,0,21,443,26.506,26.505,25.974,28.178,9.502,0.157,0.232,0.823,0.003,0.000,12541,36,51,15,17,0,0,17,0,17,0,0,15,439,0,0,0,0,0,5.000,0,0,0,0,0,0,0,0,0,0,0,0,0,0,0,0.000,0.000,0.000,,439,439,1827,0,1,35.878,75.738,36.905,76.823,0.000,0.000,438,438,539,456,0,0,5,12,443,1,retransmit-late-after-completed,completed,H.264,0,1,24,24,0,0,0,1,0,0,0,0,12577,23,12577,23,12577,23,1,29.075,0,0,17,17,8,9,0.218,1.098,1.542,0,0,17,0,17,0,0,0,0.000,0.000,1.000,1.000,0.000,25.000,0.000,0.000,0.000,insufficient-sample,2,4,0,0,2,4,5,26,0,0,0,0,26,predicted-useful,fec-grace,458,0.000,5,17,0,0,0,0,0,11,11,11,11,1,7,1,7,0,0,0,balanced,0,0.210,27.281,35.384,11,11,0,0,0,0,0,0,18,1,7,0,1,9500000,1200000,0,0,0,12561,12561,15395329,17,18344,1,1244,0,0,0,0,0,27.920,41.577,434.625,473.600,414,12587,12536,44,51,7,0.003,0.043,0.072,414,11066268,11619906,0.111,0.016,0.049,0.094,12587,5,5,26,0,5,0,0,0,0,0,0,0,1,0,4,64,12,12,0,0,0,0,0,,disabled,,0,0,0,0,,1,Fixed Quality,Hybrid,85,30,9500,12000,640,360,H.264,480,270,518400,0,518400,28178,0.054,0.000,,0,0,0.000,2.171,0.000,0.000,0.109,7250,6750,6750,10,10,0,1,9500,1.000,0,27.920,1.850,0,1,0.000,0.000,0,0,0,0,0.000,1.000,0.000,1,0,0,disabled,0,0,0,async-output-pending,0,,0,0,0.000,0.000,0,,0.000,0.000,0.000,0.000,0,0,0,,0,0,0,6.548,0,444,0.108,0.000,0.000,0.108,0.000,0.072,0.011,1,1,1,1,0,1,1,0,1,0,1,0,0.860,124.224,0.000,26,0,0.000,0,0,0,0.000,0.000,0.000,0.000,0.000,0.000,0.000,0.000,10.520,0,0,0,0,0,0,0,0,0.000,0.000,0.000,0.000,0.000,0.000,0,0.094,26.505,438,439,1828,36.876,76.726,29.668,76.726,12112.906,309,1,H.264,18.204,0,0,75.738,76.823,1.001,35.704,17.212,arrival-gap-jitter-spike,5018.883,0,1,1,1,1,17131.789,320.658,333.330,336.663,336.663,0,0,0,0,0,0,0,,,0,0,0,0,0,0,0,0,0,0,,13.451,0.000,16.228,0.000,0.000,0.000,120.000,,0.001,443,0.000,20.339,4.014,0.084,0.904,0.660,0.000,0.244,1,0,0,1,3,0.003,26.506,26.505,0.823,25.974,0.500,Loss,0,1,0,0.000,4,1,1,0,0.000,0.000,0.000,0,0,0,0,0,0,0,0
18.138,Baseline,Loopback,1,1,0,,,0.000,0,21,473,30.360,30.368,30.310,18.477,9.470,0.157,0.232,7.629,0.003,0.000,13411,37,52,15,17,0,0,17,0,17,0,0,15,468,0,0,0,0,0,5.000,0,0,0,0,0,0,0,0,0,0,0,0,0,0,0,0.000,0.000,0.000,,468,468,1927,0,1,39.571,76.107,40.567,77.102,0.000,0.000,467,466,568,485,0,0,5,12,473,1,completed,completed,H.264,0,1,24,24,0,0,0,0,0,0,0,0,13442,23,0,0,0,0,0,18.240,0,0,17,17,8,9,0.218,1.098,1.542,0,0,17,0,17,0,0,0,0.000,0.000,1.000,1.000,0.000,27.000,0.000,0.000,0.000,insufficient-sample,2,4,0,0,2,4,5,26,0,0,0,0,26,predicted-useful,fec-grace,487,0.000,5,17,0,0,0,0,0,11,11,11,11,1,7,1,7,0,0,0,balanced,0,0.210,27.281,35.384,11,11,0,0,0,0,0,0,18,1,7,0,1,9500000,1200000,0,0,0,13431,13431,16460951,17,18344,1,1244,0,0,0,0,0,18.130,41.577,4459.875,4800.000,442,13456,13404,40,52,12,0.003,0.008,0.008,442,12000000,9459278,0.070,0.016,0.000,0.063,13456,5,5,26,0,5,0,0,0,0,0,0,0,1,0,4,64,12,12,0,0,0,0,0,,disabled,,0,0,0,0,,1,Fixed Quality,Hybrid,85,30,9500,12000,640,360,H.264,480,270,518400,28178,518400,28178,0.054,0.000,,0,0,0.000,2.084,0.000,0.000,0.069,7250,6750,6750,10,10,0,1,9500,1.000,0,18.130,1.971,0,1,0.000,0.000,0,0,0,0,0.000,1.000,0.000,1,0,0,disabled,24,0,0,large-au-observed,0,,0,0,17.737,23.729,0,,0.000,0.000,0.000,0.000,0,0,0,,0,0,0,5.775,0,473,0.069,0.000,0.000,0.069,0.000,0.048,0.006,1,1,1,1,0,1,1,0,0,0,1,0,0.860,148.011,0.000,26,0,0.000,0,0,0,0.000,0.000,0.000,0.000,0.000,0.000,0.000,2.006,10.187,0,0,0,0,0,0,0,0,0.000,0.000,0.000,0.000,0.000,0.000,0,0.084,30.368,467,468,1927,40.600,77.131,29.668,77.131,17189.327,445,1,H.264,12.462,0,0,76.107,77.102,1.000,39.374,11.429,arrival-gap-jitter-spike,949.109,0,1,1,1,1,18138.436,320.658,333.330,336.663,336.663,0,0,0,0,0,0,0,,,0,0,0,0,0,0,0,0,0,0,,10.866,0.000,13.667,4.546,0.000,27.071,120.000,,0.000,472,0.000,14.880,3.320,0.072,0.865,0.618,0.000,0.246,1,0,0,1,3,0.003,30.360,30.368,7.629,30.310,1.000,Jitter,1,1,0,0.000,4,1,1,0,0.000,0.000,0.000,0,0,0,0,0,0,0,0
19.139,Baseline,Loopback,1,1,0,,,0.000,0,21,501,28.151,28.152,28.199,8.077,9.470,0.158,0.228,5.309,0.003,0.000,14245,44,59,15,17,0,0,17,0,17,0,0,15,496,0,0,0,0,0,5.000,0,0,0,0,0,0,0,0,0,0,0,0,0,0,0,0.000,0.000,0.000,,496,496,2031,0,1,29.269,76.107,30.213,77.102,0.000,0.000,495,495,607,513,0,0,5,14,501,1,completed,completed,H.264,0,1,24,24,0,0,0,0,0,0,0,0,14283,23,0,0,0,0,0,7.903,0,0,17,17,8,9,0.218,1.098,1.542,0,0,17,0,17,0,0,0,0.000,0.000,1.000,1.000,0.000,25.000,0.000,0.000,0.000,insufficient-sample,2,4,0,0,2,4,5,26,0,0,0,0,26,predicted-useful,fec-grace,517,0.000,5,17,0,0,0,0,0,13,13,13,13,1,7,1,7,0,0,0,balanced,0,0.210,27.281,35.384,13,13,0,0,0,0,0,0,20,1,7,0,1,9500000,1200000,0,0,0,14271,14271,17489827,17,18344,1,1244,0,0,0,0,0,17.856,41.577,8689.750,4800.000,468,14285,14227,46,58,12,0.003,0.158,0.186,468,12000000,9231276,0.161,0.013,0.001,0.163,14285,5,5,26,0,5,0,0,0,0,0,0,0,1,0,4,73,14,14,0,0,0,0,0,,disabled,,0,0,0,0,,1,Fixed Quality,Hybrid,85,30,9500,12000,640,360,H.264,480,270,518400,0,518400,28176,0.054,0.000,,0,0,0.000,0.007,0.000,0.000,0.004,7250,6750,6750,10,10,0,1,9500,1.000,0,17.856,2.051,0,1,0.000,0.000,0,0,0,0,0.000,1.000,0.000,1,0,0,disabled,0,0,0,async-output-pending,0,,0,0,0.000,0.000,0,,0.000,0.000,0.000,0.000,0,0,0,,0,0,0,0.000,1,0,0.000,0.000,0.000,0.000,0.000,0.000,0.000,0,0,0,0,0,0,0,0,1,1,1,1,0.860,180.000,1.500,26,0,0.000,0,0,0,0.000,0.000,0.000,0.000,0.000,0.000,0.000,0.000,6.780,0,0,0,0,0,0,0,0,0.000,0.000,0.000,0.000,0.000,0.000,0,0.113,28.152,495,496,2031,30.215,77.131,29.668,77.131,17189.327,445,1,H.264,12.462,0,0,76.107,77.102,1.000,39.374,11.429,arrival-gap-jitter-spike,1949.416,0,1,1,1,1,19138.743,320.658,333.330,336.663,336.663,0,0,0,0,0,0,0,,,0,0,0,0,0,0,0,0,0,0,,9.966,0.000,12.768,0.000,0.000,0.000,120.000,,0.001,501,0.000,16.167,3.283,0.076,0.918,0.674,0.000,0.244,1,0,0,1,3,0.003,28.151,28.152,5.309,28.199,1.000,Jitter,0,1,0,0.000,2,1,1,0,0.000,0.000,0.000,0,0,0,0,0,0,0,0
20.145,Baseline,Loopback,1,1,0,,,0.000,0,21,529,27.343,27.341,27.235,8.582,9.521,0.114,0.222,16.408,0.003,0.000,15080,50,65,15,17,0,0,17,0,17,0,0,15,524,0,0,0,0,0,5.000,0,0,0,0,0,0,0,0,0,0,0,0,0,0,0,0.000,0.000,0.000,,524,524,2132,0,1,19.145,76.107,20.165,77.102,0.000,0.000,523,523,668,541,0,0,5,19,529,1,completed,completed,H.264,0,1,24,24,0,0,0,0,0,0,0,0,15124,23,0,0,0,0,0,8.414,0,0,17,17,8,9,0.218,1.098,1.542,0,0,17,0,17,0,0,0,0.000,0.000,1.000,1.000,0.000,25.000,0.000,0.000,0.000,insufficient-sample,2,4,0,0,2,4,5,26,0,0,0,0,26,predicted-useful,fec-grace,550,0.000,5,17,0,0,0,0,0,18,18,18,18,1,7,1,7,0,0,0,balanced,0,0.210,27.281,35.384,18,18,0,0,0,0,0,0,25,1,7,0,1,9500000,1200000,0,0,0,15111,15111,18518705,17,18344,1,1244,0,0,0,0,0,13.747,41.577,2163.625,4800.000,495,15136,15071,53,65,12,0.004,0.106,0.086,495,12000000,8935651,0.090,-0.003,0.008,0.087,15136,5,5,26,0,5,0,0,0,0,0,0,0,1,0,4,101,19,19,0,0,0,0,0,,disabled,,0,0,0,0,,1,Fixed Quality,Hybrid,85,30,9500,12000,640,360,H.264,480,270,518400,28178,518400,28178,0.054,0.000,,0,0,0.000,1.851,0.000,0.000,0.075,7250,6750,6750,10,10,0,1,9500,1.000,0,13.747,2.290,1,1,0.000,0.000,0,0,0,0,0.000,1.000,0.000,1,0,0,disabled,24,0,0,large-au-observed,0,,0,0,17.196,23.729,0,,0.000,0.000,0.000,0.000,0,0,0,,0,0,0,5.860,0,529,0.075,0.000,0.000,0.074,0.000,0.047,0.006,1,1,1,1,0,1,1,0,0,0,1,0,0.860,138.330,0.000,26,0,0.000,0,0,0,0.000,0.000,0.000,0.000,0.000,0.000,0.000,1.764,9.842,0,0,0,0,0,0,0,0,0.000,0.000,0.000,0.000,0.000,0.000,0,0.092,27.341,523,524,2132,20.076,77.131,29.668,77.131,17189.327,445,1,H.264,12.462,0,0,76.107,77.102,1.000,39.374,11.429,arrival-gap-jitter-spike,2955.836,0,1,1,1,1,20145.163,320.658,333.330,336.663,336.663,0,0,0,0,0,0,0,,,0,0,0,0,0,0,0,0,0,0,,10.457,0.000,13.228,0.000,0.000,0.000,120.000,,0.001,529,0.000,15.655,2.332,0.071,0.867,0.627,0.000,0.240,1,0,0,1,3,0.003,27.343,27.341,16.408,27.235,0.500,Loss,0,1,0,0.000,2,1,1,0,0.000,0.000,0.000,0,0,0,0,0,0,0,0
21.146,Baseline,Loopback,1,1,0,,,0.000,0,21,557,28.770,28.792,28.775,8.526,9.462,0.089,0.216,4.408,0.003,0.000,15924,55,70,15,17,0,0,17,0,17,0,0,15,552,0,0,0,0,0,5.000,0,0,0,0,0,0,0,0,0,0,0,0,0,0,0,0.000,0.000,0.000,,552,552,2233,0,1,29.394,76.107,30.351,77.102,0.000,0.000,551,551,702,569,0,0,5,20,557,1,completed,completed,H.264,0,1,24,24,0,0,0,0,0,0,0,0,15965,23,0,0,0,0,0,8.359,0,0,17,17,8,9,0.218,1.098,1.542,0,0,17,0,17,0,0,0,0.000,0.000,1.000,1.000,0.000,25.000,0.000,0.000,0.000,insufficient-sample,2,4,0,0,2,4,5,26,0,0,0,0,26,predicted-useful,fec-grace,579,0.000,5,17,0,0,0,0,0,19,19,19,19,1,7,1,7,0,0,0,balanced,0,0.210,27.281,35.384,19,19,0,0,0,0,0,0,26,1,7,0,1,9500000,1200000,18,0,18,15980,15962,19561265,17,18344,1,1244,0,0,0,0,0,0.426,41.577,10912.688,4800.000,521,15964,15894,58,70,12,0.004,0.111,0.120,521,12000000,10462279,0.137,-0.025,0.002,0.125,15964,5,5,26,0,5,0,0,0,0,0,0,0,1,0,4,106,20,20,0,0,0,0,0,,disabled,,0,0,0,0,,1,Fixed Quality,Hybrid,85,30,9500,12000,640,360,H.264,480,270,518400,28178,518400,28178,0.054,0.000,,0,0,0.000,2.005,0.000,0.000,0.078,7250,6750,6750,10,10,0,1,9500,1.000,0,15.917,2.397,1,1,0.000,0.000,0,0,0,0,0.000,1.000,0.000,1,0,0,disabled,24,0,0,large-au-observed,0,,0,0,17.752,23.729,0,,0.000,0.000,0.000,0.000,0,0,0,,0,0,0,7.988,0,558,0.077,0.000,0.000,0.077,0.000,0.050,0.009,1,1,1,1,0,1,1,0,0,0,1,0,0.860,110.441,0.000,26,0,0.000,0,0,0,0.000,0.000,0.000,0.000,0.000,0.000,0.000,1.918,12.280,0,0,0,0,0,0,0,0,0.000,0.000,0.000,0.000,0.000,0.000,0,0.086,28.792,551,552,2233,30.307,77.131,29.668,77.131,17189.327,445,1,H.264,12.462,0,0,76.107,77.102,1.000,39.374,11.429,arrival-gap-jitter-spike,3957.302,0,1,1,1,1,21146.629,320.658,333.330,336.663,336.663,0,0,0,0,0,0,0,,,0,0,0,0,0,0,0,0,0,0,,8.863,0.000,11.641,0.000,0.000,0.000,120.000,,0.000,557,0.000,15.338,3.609,0.073,0.692,0.412,0.000,0.280,1,0,0,1,3,0.003,28.770,28.792,4.408,28.775,0.500,Loss,0,1,0,0.000,2,1,1,0,0.000,0.000,0.000,0,0,0,0,0,0,0,0
22.152,Baseline,Loopback,1,1,0,,,0.000,0,21,586,28.422,28.416,28.488,4.865,9.450,0.089,0.216,5.279,0.004,0.000,16777,59,74,15,17,0,0,17,0,17,0,0,15,581,0,0,0,0,0,5.000,0,0,0,0,0,0,0,0,0,0,0,0,0,0,0,0.000,0.000,0.000,,581,581,2336,0,1,28.843,76.107,29.905,77.102,0.000,0.000,579,579,739,598,0,0,5,21,586,1,completed,completed,H.264,0,1,24,24,0,0,0,0,0,0,0,0,16836,23,0,0,0,0,0,4.625,0,0,17,17,8,9,0.218,1.098,1.542,0,0,17,0,17,0,0,0,0.000,0.000,1.000,1.000,0.000,25.000,0.000,0.000,0.000,insufficient-sample,3,6,0,0,3,6,5,26,0,0,0,0,26,predicted-useful,fec-grace,609,0.000,5,17,0,0,0,0,0,20,20,20,20,1,7,1,7,0,0,0,balanced,0,0.210,27.281,35.384,20,20,0,0,0,0,0,0,27,1,7,0,1,9500000,1200000,6,0,6,16821,16815,20605691,17,18344,1,1244,0,0,0,0,0,4.602,41.577,61.250,4800.000,548,16819,16745,62,74,12,0.004,0.009,0.009,548,12000000,9977193,0.086,-0.025,0.000,0.083,16819,5,5,26,0,5,0,0,0,0,0,0,0,1,0,4,112,21,21,0,0,0,0,0,,disabled,,0,0,0,0,,1,Fixed Quality,Hybrid,85,30,9500,12000,640,360,H.264,480,270,518400,28176,518400,28176,0.054,0.000,,0,0,0.000,2.130,0.000,0.000,0.128,7250,6750,6750,10,10,0,1,9500,1.000,0,16.185,2.546,1,1,0.000,0.000,0,0,0,0,0.000,1.000,0.000,1,0,0,disabled,24,0,0,large-au-observed,0,,0,0,18.023,23.727,0,,0.000,0.000,0.000,0.000,0,0,0,,0,0,0,8.777,0,586,0.128,0.000,0.000,0.127,0.000,0.099,0.007,1,1,1,1,0,1,1,0,0,0,1,0,0.860,111.613,0.000,26,0,0.000,0,0,0,0.000,0.000,0.000,0.000,0.000,0.000,0.000,1.990,12.633,0,0,0,0,0,0,0,0,0.000,0.000,0.000,0.000,0.000,0.000,0,0.096,28.416,579,581,2336,29.833,77.131,29.668,77.131,17189.327,445,1,H.264,12.462,0,0,76.107,77.102,1.000,39.374,11.429,arrival-gap-jitter-spike,4963.115,0,1,1,1,1,22152.442,320.658,333.330,336.663,336.663,0,0,0,0,0,0,0,,,0,0,0,0,0,0,0,0,0,0,,10.094,0.000,12.903,0.000,0.000,0.000,120.000,,0.001,585,0.000,17.011,2.971,0.078,0.981,0.715,0.000,0.266,1,0,0,1,3,0.004,28.422,28.416,5.279,28.488,0.000,None,0,1,0,0.000,2,1,1,0,0.000,0.000,0.000,0,0,0,0,0,0,0,0
23.153,Baseline,Loopback,1,1,0,,,0.000,0,21,614,29.746,29.733,29.991,18.556,9.461,0.792,0.242,3.272,0.004,0.000,17634,65,80,15,17,0,0,17,0,17,0,0,15,609,0,0,0,0,0,5.000,0,0,0,0,0,0,0,0,0,0,0,0,0,0,0,0.000,0.000,0.000,,609,609,2436,0,1,29.364,76.107,30.346,77.102,0.000,0.000,608,608,786,626,0,0,5,24,614,1,completed,completed,H.264,0,1,24,24,0,0,0,0,0,0,0,0,17677,23,0,0,0,0,0,18.318,0,0,17,17,8,9,0.218,1.098,1.542,0,0,17,0,17,0,0,0,0.000,0.000,1.000,1.000,0.000,25.000,0.000,0.000,0.000,insufficient-sample,3,6,0,0,3,6,5,26,0,0,0,0,26,predicted-useful,fec-grace,640,0.000,5,17,0,0,0,0,0,23,23,23,23,1,7,1,7,0,0,0,balanced,0,0.210,27.281,35.384,23,23,0,0,0,0,0,0,30,1,7,0,1,9500000,1200000,14,0,14,17691,17677,21661985,17,18344,1,1244,0,0,0,0,0,0.461,41.577,1121.875,4800.000,575,17679,17599,68,80,12,0.004,0.178,0.194,575,12000000,9364605,0.166,0.703,0.004,0.145,17679,5,5,26,0,5,0,0,0,0,0,0,0,1,0,4,128,24,24,0,0,0,0,0,,disabled,,0,0,0,0,,1,Fixed Quality,Hybrid,85,30,9500,12000,640,360,H.264,480,270,518400,28178,518400,28178,0.054,0.000,,0,0,0.000,2.053,0.000,0.000,0.076,7250,6750,6750,10,10,0,1,9500,1.000,0,25.021,2.741,1,1,0.000,0.000,0,0,0,0,0.000,1.000,0.000,1,0,0,disabled,24,0,0,large-au-observed,0,,0,0,26.971,23.729,0,,0.000,0.000,0.000,0.000,0,0,0,,0,0,0,4.762,0,615,0.076,0.000,0.000,0.076,0.000,0.053,0.007,1,1,1,1,0,1,1,0,0,0,1,0,0.860,107.410,0.000,26,0,0.000,0,0,0,0.000,0.000,0.000,0.000,0.000,0.000,0.000,1.968,9.116,0,0,0,0,0,0,0,0,0.000,0.000,0.000,0.000,0.000,0.000,0,0.101,29.732,608,609,2436,30.454,77.131,29.668,77.131,17189.327,445,1,H.264,12.462,0,0,76.107,77.102,1.000,39.374,11.429,arrival-gap-jitter-spike,5964.100,0,1,1,1,1,23153.427,320.658,333.330,336.663,336.663,0,0,0,0,0,0,0,,,0,0,0,0,0,0,0,0,0,0,,12.007,0.000,14.838,0.000,0.000,0.000,120.000,,0.000,614,0.000,18.181,3.239,0.073,1.014,0.674,0.000,0.341,1,0,0,1,3,0.004,29.746,29.733,3.272,29.991,0.500,Loss,0,1,0,0.000,4,1,1,0,0.000,0.000,0.000,0,0,0,0,0,0,0,0
24.161,Baseline,Loopback,1,1,0,,,0.000,0,21,643,29.575,29.567,28.836,22.461,9.435,0.129,0.306,10.484,0.004,0.000,18483,71,86,15,17,0,0,17,0,17,0,0,15,638,0,0,0,0,0,5.000,0,0,0,0,0,0,0,0,0,0,0,0,0,0,0,0.000,0.000,0.000,,638,638,2538,0,1,43.275,76.107,44.297,77.102,0.000,0.000,637,636,815,655,0,0,5,24,643,1,completed,completed,H.264,0,1,24,24,0,0,0,0,0,0,0,0,18548,23,0,0,0,0,0,22.313,0,0,17,17,8,9,0.218,1.098,1.542,0,0,17,0,17,0,0,0,0.000,0.000,1.000,1.000,0.000,25.000,0.000,0.000,0.000,insufficient-sample,3,6,0,0,3,6,5,26,0,0,0,0,26,predicted-useful,fec-grace,669,0.000,5,17,0,0,0,0,0,23,23,23,23,1,7,1,7,0,0,0,balanced,0,0.210,27.281,35.384,23,23,0,0,0,0,0,0,30,1,7,0,1,9500000,1200000,0,0,0,18531,18531,22707703,17,18344,1,1244,0,0,0,0,0,21.741,41.577,12365.438,4800.000,602,18540,18454,74,86,12,0.004,0.072,0.090,602,12000000,9636564,0.081,0.274,0.001,0.067,18540,5,5,26,0,5,0,0,0,0,0,0,0,1,0,4,128,24,24,0,0,0,0,0,,disabled,,0,0,0,0,,1,Fixed Quality,Hybrid,85,30,9500,12000,640,360,H.264,480,270,518400,28178,518400,28178,0.054,0.000,,0,0,0.000,1.931,0.000,0.000,0.069,7250,6750,6750,10,10,0,1,9500,1.000,0,21.741,2.933,0,1,0.000,0.000,0,0,0,0,0.000,1.000,0.000,1,0,0,disabled,24,0,0,large-au-observed,0,,0,0,17.688,23.729,0,,0.000,0.000,0.000,0.000,0,0,0,,0,0,0,5.890,0,643,0.069,0.000,0.000,0.068,0.000,0.045,0.007,1,1,1,1,0,1,1,0,0,0,1,0,0.860,114.356,0.000,26,0,0.000,0,0,0,0.000,0.000,0.000,0.000,0.000,0.000,0.000,1.854,9.893,0,0,0,0,0,0,0,0,0.000,0.000,0.000,0.000,0.000,0.000,0,0.091,29.567,637,638,2538,44.394,77.131,29.668,77.131,17189.327,445,1,H.264,12.462,0,0,76.107,77.102,1.000,39.374,11.429,arrival-gap-jitter-spike,6971.478,0,1,1,1,1,24160.805,320.658,333.330,336.663,336.663,0,0,0,0,0,0,0,,,0,0,0,0,0,0,0,0,0,0,,11.697,0.000,14.605,3.128,0.000,29.774,120.000,,0.000,642,0.000,15.293,3.581,0.072,0.979,0.647,0.000,0.332,1,0,0,1,3,0.004,29.575,29.567,10.484,28.836,0.500,Loss,0,1,0,0.000,4,1,1,0,0.000,0.000,0.000,0,0,0,0,0,0,0,0
25.164,Baseline,Loopback,1,1,0,,,0.000,0,21,671,28.504,28.513,28.402,5.631,9.415,0.129,0.306,0.629,0.004,0.000,19311,78,93,15,17,0,0,17,0,17,0,0,15,666,0,0,0,0,0,5.000,0,0,0,0,0,0,0,0,0,0,0,0,0,0,0,0.000,0.000,0.000,,666,666,2639,0,1,34.751,76.107,35.712,77.102,0.000,0.000,665,664,843,683,0,0,5,24,671,1,completed,completed,H.264,0,1,24,24,0,0,0,0,0,0,0,0,19389,23,0,0,0,0,0,5.353,0,0,17,17,8,9,0.218,1.098,1.542,0,0,17,0,17,0,0,0,0.000,0.000,1.000,1.000,0.000,25.000,0.000,0.000,0.000,insufficient-sample,3,6,0,0,3,6,5,26,0,0,0,0,26,predicted-useful,fec-grace,697,0.000,5,17,0,0,0,0,0,23,23,23,23,1,7,1,7,0,0,0,balanced,0,0.210,27.281,35.384,23,23,0,0,0,0,0,0,30,1,7,0,1,9500000,1200000,6,0,6,19371,19365,23729067,17,18344,1,1244,0,0,0,0,0,5.415,41.577,948.312,4800.000,629,19402,19309,81,93,12,0.004,0.068,0.083,629,12000000,8793050,0.111,0.274,0.001,0.096,19402,5,5,26,0,5,0,0,0,0,0,0,0,1,0,4,128,24,24,0,0,0,0,0,,disabled,,0,0,0,0,,1,Fixed Quality,Hybrid,85,30,9500,12000,640,360,H.264,480,270,518400,28176,518400,28176,0.054,0.000,,0,0,0.000,1.998,0.000,0.000,0.084,7250,6750,6750,10,10,0,1,9500,1.000,0,15.380,2.992,1,1,0.000,0.000,0,0,0,0,0.000,1.000,0.000,1,0,0,disabled,24,0,0,large-au-observed,0,,0,0,18.549,23.727,0,,0.000,0.000,0.000,0.000,0,0,0,,0,0,0,13.862,0,671,0.084,0.000,0.000,0.083,0.000,0.058,0.007,1,1,1,1,0,1,1,0,0,0,0,0,1.000,0.000,0.000,30,0,0.000,0,0,0,0.000,0.000,0.000,0.000,0.000,0.000,0.000,1.905,17.917,0,0,0,0,0,0,0,0,0.000,0.000,0.000,0.000,0.000,0.000,0,0.102,28.513,665,666,2639,35.737,77.131,29.668,77.131,17189.327,445,1,H.264,12.462,0,0,76.107,77.102,1.000,39.374,11.429,arrival-gap-jitter-spike,7974.496,0,1,1,1,1,25163.823,320.658,333.330,336.663,336.663,0,0,0,0,0,0,0,,,0,0,0,0,0,0,0,0,0,0,,10.607,0.000,13.469,4.153,0.000,13.679,120.000,,0.001,670,0.000,18.705,4.116,0.082,0.212,0.000,0.000,0.211,1,0,0,1,3,0.004,28.504,28.513,0.629,28.402,0.000,None,0,1,0,0.000,4,1,1,0,0.000,0.000,0.000,0,0,0,0,0,0,0,0
26.167,Baseline,Loopback,1,1,0,,,0.000,0,21,700,29.427,29.423,29.565,5.378,9.423,0.147,0.299,12.519,0.004,0.000,20182,84,99,15,17,0,0,17,0,17,0,0,15,695,0,0,0,0,0,5.000,0,0,0,0,0,0,0,0,0,0,0,0,0,0,0,0.000,0.000,0.000,,695,695,2740,0,1,45.605,76.107,46.502,77.102,0.000,0.000,694,694,884,712,0,0,5,26,700,1,completed,completed,H.264,0,1,24,24,0,0,0,0,0,0,0,0,20260,23,0,0,0,0,0,5.219,0,0,17,17,8,9,0.218,1.098,1.542,0,0,17,0,17,0,0,0,0.000,0.000,1.000,1.000,0.000,25.000,0.000,0.000,0.000,insufficient-sample,3,6,0,0,3,6,5,26,0,0,0,0,26,predicted-useful,fec-grace,728,0.000,5,17,0,0,0,0,0,25,25,25,25,1,7,1,7,0,0,0,balanced,0,0.210,27.281,35.384,25,25,0,0,0,0,0,0,32,1,7,0,1,9500000,1200000,0,0,0,20241,20241,24802203,17,18344,1,1244,0,0,0,0,0,11.978,41.577,1693.375,4800.000,656,20262,20163,87,99,12,0.004,0.068,0.086,656,12000000,8449510,0.131,0.223,0.002,0.126,20262,5,5,26,0,5,0,0,0,0,0,0,0,1,0,4,138,26,26,0,0,0,0,0,,disabled,,0,0,0,0,,1,Fixed Quality,Hybrid,85,30,9500,12000,640,360,H.264,480,270,518400,28178,518400,28178,0.054,0.000,,0,0,0.000,2.007,0.000,0.000,0.125,7250,6750,6750,10,10,0,1,9500,1.000,0,12.460,3.147,1,1,0.000,0.000,0,0,0,0,0.000,1.000,0.000,1,0,0,disabled,24,0,0,large-au-observed,0,,0,0,18.233,23.729,0,,0.000,0.000,0.000,0.000,0,0,0,,0,0,0,14.253,0,700,0.124,0.000,0.000,0.124,0.000,0.086,0.017,1,1,1,1,0,1,1,0,0,0,1,0,0.860,179.996,0.000,26,0,0.000,0,0,0,0.000,0.000,0.000,0.000,0.000,0.000,0.000,1.874,14.005,0,0,0,0,0,0,0,0,0.000,0.000,0.000,0.000,0.000,0.000,0,0.088,29.423,694,695,2740,46.637,77.131,29.668,77.131,17189.327,445,1,H.264,12.462,0,0,76.107,77.102,1.000,39.374,11.429,arrival-gap-jitter-spike,8978.218,0,1,1,1,1,26167.545,320.658,333.330,336.663,336.663,0,0,0,0,0,0,0,,,0,0,0,0,0,0,0,0,0,0,,9.485,0.000,12.298,0.000,0.000,0.000,120.000,,0.000,700,0.000,16.011,3.622,0.071,0.873,0.615,0.000,0.258,1,0,0,1,3,0.004,29.427,29.423,12.519,29.565,0.500,Loss,0,1,0,0.000,4,1,1,0,0.000,0.000,0.000,0,0,0,0,0,0,0,0
27.174,Baseline,Loopback,1,1,0,,,0.000,0,21,728,28.748,28.751,28.444,4.991,9.425,0.114,0.288,1.506,0.004,0.000,21015,92,107,15,17,0,0,17,0,17,0,0,15,723,0,0,0,0,0,5.000,0,0,0,0,0,0,0,0,0,0,0,0,0,0,0,0.000,0.000,0.000,,723,723,2841,0,1,35.152,76.107,36.291,77.102,0.000,0.000,722,722,924,740,0,0,5,28,728,1,completed,completed,H.264,0,1,24,24,0,0,0,0,0,0,0,0,21101,23,0,0,0,0,0,4.761,0,0,17,17,8,9,0.218,1.098,1.542,0,0,17,0,17,0,0,0,0.000,0.000,1.000,1.000,0.000,25.000,0.000,0.000,0.000,insufficient-sample,3,6,0,0,3,6,5,26,0,0,0,0,26,predicted-useful,fec-grace,758,0.000,5,17,0,0,0,0,0,27,27,27,27,1,7,1,7,0,0,0,balanced,0,0.210,27.281,35.384,27,27,0,0,0,0,0,0,34,1,7,0,1,9500000,1200000,0,0,0,21081,21081,25831079,17,18344,1,1244,0,0,0,0,0,18.567,41.577,9403.812,4800.000,682,21092,20985,95,107,12,0.005,0.080,0.083,682,12000000,8998341,0.105,0.135,0.001,0.090,21092,5,5,26,0,5,0,0,0,0,0,0,0,1,0,4,148,28,28,0,0,0,0,0,,disabled,,0,0,0,0,,1,Fixed Quality,Hybrid,85,30,9500,12000,640,360,H.264,480,270,518400,28178,518400,28178,0.054,0.000,,0,0,0.000,2.146,0.000,0.000,0.168,7250,6750,6750,10,10,0,1,9500,1.000,0,20.947,3.194,0,1,0.000,0.000,0,0,0,0,0.000,1.000,0.000,1,0,0,disabled,24,0,0,large-au-observed,0,,0,0,28.480,23.729,0,,0.000,0.000,0.000,0.000,0,0,0,,0,0,0,14.947,0,728,0.168,0.000,0.000,0.167,0.000,0.119,0.017,1,1,1,1,0,1,1,0,0,0,1,0,0.860,117.533,0.000,26,0,0.000,0,0,0,0.000,0.000,0.000,0.000,0.000,0.000,0.000,1.945,21.128,0,0,0,0,0,0,0,0,0.000,0.000,0.000,0.000,0.000,0.000,0,0.089,28.751,722,723,2841,36.209,77.131,29.668,77.131,17189.327,445,1,H.264,12.462,0,0,76.107,77.102,1.000,39.374,11.429,arrival-gap-jitter-spike,9984.650,0,1,1,1,1,27173.977,320.658,333.330,336.663,336.663,0,0,0,0,0,0,0,,,0,0,0,0,0,0,0,0,0,0,,11.025,0.000,13.817,0.000,0.000,0.000,120.000,,0.001,728,0.000,17.198,3.286,0.072,0.925,0.638,0.000,0.287,1,0,0,1,3,0.004,28.748,28.751,1.506,28.444,0.500,Loss,0,1,0,0.000,2,1,1,0,0.000,0.000,0.000,0,0,0,0,0,0,0,0
28.180,Baseline,Loopback,1,1,0,,,0.000,0,21,756,27.881,27.866,28.344,5.686,9.395,0.114,0.288,0.973,0.004,0.000,21846,96,111,15,17,0,0,17,0,17,0,0,15,751,0,0,0,0,0,5.000,0,0,0,0,0,0,0,0,0,0,0,0,0,0,0,0.000,0.000,0.000,,751,751,2944,0,1,33.837,76.107,34.894,77.102,0.000,0.000,749,749,958,768,0,0,5,29,756,1,completed,completed,H.264,0,1,24,24,0,0,0,0,0,0,0,0,21942,23,0,0,0,0,0,5.401,0,0,17,17,8,9,0.218,1.098,1.542,0,0,17,0,17,0,0,0,0.000,0.000,1.000,1.000,0.000,25.000,0.000,0.000,0.000,insufficient-sample,3,6,0,0,3,6,5,26,0,0,0,0,26,predicted-useful,fec-grace,786,0.000,5,17,0,0,0,0,0,28,28,28,28,1,7,1,7,0,0,0,balanced,0,0.210,27.281,35.384,28,28,0,0,0,0,0,0,35,1,7,0,1,9500000,1200000,6,0,6,21921,21915,26852443,17,18344,1,1244,0,0,0,0,0,5.429,41.577,969.688,4800.000,708,21923,21812,99,111,12,0.005,0.104,0.096,708,12000000,8824009,0.113,0.135,0.003,0.103,21923,5,5,26,0,5,0,0,0,0,0,0,0,1,0,4,153,29,29,0,0,0,0,0,,disabled,,0,0,0,0,,1,Fixed Quality,Hybrid,85,30,9500,12000,640,360,H.264,480,270,518400,28176,518400,28176,0.054,0.000,,0,0,0.000,1.941,0.000,0.000,0.089,7250,6750,6750,10,10,0,1,9500,1.000,0,11.975,3.223,1,1,0.000,0.000,0,0,0,0,0.000,1.000,0.000,1,0,0,disabled,24,0,0,large-au-observed,0,,0,0,15.621,23.727,0,,0.000,0.000,0.000,0.000,0,0,0,,0,0,0,9.492,0,756,0.089,0.000,0.000,0.089,0.000,0.061,0.009,1,1,1,1,0,1,1,0,0,0,1,0,0.860,179.996,0.000,26,0,0.000,0,0,0,0.000,0.000,0.000,0.000,0.000,0.000,0.000,1.843,6.861,0,0,0,0,0,0,0,0,0.000,0.000,0.000,0.000,0.000,0.000,0,0.098,27.866,749,751,2944,34.771,77.131,29.668,77.131,17189.327,445,1,H.264,12.462,0,0,76.107,77.102,1.000,39.374,11.429,arrival-gap-jitter-spike,10990.868,0,1,1,1,1,28180.195,320.658,333.330,336.663,336.663,0,0,0,0,0,0,0,,,0,0,0,0,0,0,0,0,0,0,,9.292,0.000,12.842,0.000,0.000,0.000,120.000,,0.000,755,0.000,15.739,2.796,0.077,0.671,0.405,0.000,0.266,1,0,0,1,3,0.004,27.881,27.866,0.973,28.344,0.500,Loss,0,1,0,0.000,3,1,1,0,0.000,0.000,0.000,0,0,0,0,0,0,0,0
29.187,Baseline,Loopback,1,1,0,,,0.000,0,21,784,29.920,29.917,29.189,11.830,9.371,0.113,0.280,9.032,0.004,0.000,22703,101,116,15,17,0,0,17,0,17,0,0,15,779,0,0,0,0,0,5.000,0,0,0,0,0,0,0,0,0,0,0,0,0,0,0,0.000,0.000,0.000,,779,779,3045,0,1,41.464,76.107,42.454,77.102,0.000,0.000,778,778,992,796,0,0,5,30,784,1,completed,completed,H.264,0,1,24,24,0,0,0,0,0,0,0,0,22783,23,0,0,0,0,0,11.545,0,0,17,17,8,9,0.218,1.098,1.542,0,0,17,0,17,0,0,0,0.000,0.000,1.000,1.000,0.000,25.000,0.000,0.000,0.000,insufficient-sample,3,6,0,0,3,6,5,26,0,0,0,0,26,predicted-useful,fec-grace,816,0.000,5,17,0,0,0,0,0,29,29,29,29,1,7,1,7,0,0,0,balanced,0,0.210,27.281,35.384,29,29,0,0,0,0,0,0,36,1,7,0,1,9500000,1200000,15,0,15,22791,22776,27907493,17,18344,1,1244,0,0,0,0,0,6.171,41.577,736.625,4800.000,736,22815,22699,104,116,12,0.005,0.174,0.223,736,12000000,9841938,0.195,0.081,0.001,0.142,22815,5,5,26,0,5,0,0,0,0,0,0,0,1,0,4,158,30,30,0,0,0,0,0,,disabled,,0,0,0,0,,1,Fixed Quality,Hybrid,85,30,9500,12000,640,360,H.264,480,270,518400,28178,518400,28178,0.054,0.000,,0,0,0.000,1.968,0.000,0.000,0.077,7250,6750,6750,10,10,0,1,9500,1.000,0,8.021,3.412,1,1,0.000,0.000,0,0,0,0,0.000,1.000,0.000,1,0,0,disabled,24,0,0,large-au-observed,0,,0,0,11.525,23.729,0,,0.000,0.000,0.000,0.000,0,0,0,,0,0,0,3.206,0,785,0.077,0.000,0.000,0.076,0.000,0.054,0.008,1,1,1,1,0,1,1,0,0,0,1,0,0.860,149.736,0.000,26,0,0.000,0,0,0,0.000,0.000,0.000,0.000,0.000,0.000,0.000,1.874,7.231,0,0,0,0,0,0,0,0,0.000,0.000,0.000,0.000,0.000,0.000,0,0.083,29.917,778,779,3045,42.459,77.131,29.668,77.131,17189.327,445,1,H.264,12.462,0,0,76.107,77.102,1.000,39.374,11.429,arrival-gap-jitter-spike,11997.649,0,1,1,1,1,29186.976,320.658,333.330,336.663,336.663,0,0,0,0,0,0,0,,,0,0,0,0,0,0,0,0,0,0,,10.704,0.000,13.524,0.000,0.000,0.000,120.000,,0.000,784,0.000,16.408,2.790,0.075,0.751,0.512,0.000,0.239,1,0,0,1,3,0.004,29.920,29.917,9.032,29.189,0.500,Loss,0,1,0,0.000,3,1,1,0,0.000,0.000,0.000,0,0,0,0,0,0,0,0
30.194,Baseline,Loopback,1,1,0,,,0.000,0,21,813,29.852,29.852,27.232,5.885,9.371,0.120,0.275,0.551,0.005,0.000,23552,108,123,15,17,0,0,17,0,17,0,0,15,808,0,0,0,0,0,5.000,0,0,0,0,0,0,0,0,0,0,0,0,0,0,0,0.000,0.000,0.000,,808,808,3145,0,1,36.750,76.107,37.763,77.102,0.000,0.000,807,807,1032,825,0,0,5,32,813,1,completed,completed,H.264,0,1,24,24,0,0,0,0,0,0,0,0,23654,23,0,0,0,0,0,5.602,0,0,17,17,8,9,0.218,1.098,1.542,0,0,17,0,17,0,0,0,0.000,0.000,1.000,1.000,0.000,25.000,0.000,0.000,0.000,insufficient-sample,3,6,0,0,3,6,5,26,0,0,0,0,26,predicted-useful,fec-grace,847,0.000,5,17,0,0,0,0,0,31,31,31,31,1,7,1,7,0,0,0,balanced,0,0.210,27.281,35.384,31,31,0,0,0,0,0,0,38,1,7,0,1,9500000,1200000,0,0,0,23631,23631,28954455,17,18344,1,1244,0,0,0,0,0,14.565,41.577,4697.750,4800.000,762,23645,23522,111,123,12,0.005,0.071,0.091,762,12000000,8803358,0.084,0.066,0.002,0.085,23645,5,5,26,0,5,0,0,0,0,0,0,0,1,0,4,167,32,32,0,0,0,0,0,,disabled,,0,0,0,0,,1,Fixed Quality,Hybrid,85,30,9500,12000,640,360,H.264,480,270,518400,0,518400,28178,0.054,0.000,,0,0,0.000,5.219,0.000,4.280,0.708,7250,6750,6750,10,10,0,1,9500,1.000,0,14.565,3.447,0,1,0.000,0.000,0,0,0,0,0.000,1.000,0.000,1,0,0,disabled,0,0,0,async-output-pending,0,,0,0,0.000,0.000,0,,14.565,4697.750,39583.333,0.000,0,0,0,,0,0,0,0.000,1,0,0.699,0.181,0.517,0.000,0.000,0.000,0.000,0,0,1,1,1,0,0,1,1,0,0,0,1.000,0.000,0.000,30,0,0.000,0,0,0,0.000,0.000,0.000,0.000,0.000,0.000,0.000,0.000,16.865,0,0,0,0,0,0,0,0,0.000,0.000,0.000,0.000,0.000,0.000,0,0.099,29.852,807,808,3145,37.793,77.131,29.668,77.131,17189.327,445,1,H.264,12.462,0,0,76.107,77.102,1.000,39.374,11.429,arrival-gap-jitter-spike,13004.766,0,1,1,1,1,30194.093,320.658,333.330,336.663,336.663,0,0,0,0,0,0,0,,,0,0,0,0,0,0,0,0,0,0,,9.083,0.000,11.987,0.000,0.000,0.000,120.000,,0.001,813,0.000,14.990,2.901,0.077,0.997,0.728,0.000,0.269,1,0,0,1,3,0.005,29.852,29.852,0.551,27.232,0.500,Loss,0,1,0,0.000,1,1,1,0,0.000,0.000,0.000,0,0,0,0,0,0,0,0
31.201,Baseline,Loopback,1,1,0,,,0.000,0,21,842,28.667,28.662,29.090,11.860,9.389,0.099,0.269,4.236,0.005,0.000,24438,112,127,15,17,0,0,17,0,17,0,0,15,837,0,0,0,0,0,5.000,0,0,0,0,0,0,0,0,0,0,0,0,0,0,0,0.000,0.000,0.000,,837,837,3247,0,1,38.136,76.107,39.119,77.102,0.000,0.000,836,836,1074,854,0,0,5,34,842,1,completed,completed,H.264,0,1,24,24,0,0,0,0,0,0,0,0,24525,23,0,0,0,0,0,11.742,0,0,17,17,8,9,0.218,1.098,1.542,0,0,17,0,17,0,0,0,0.000,0.000,1.000,1.000,0.000,25.000,0.000,0.000,0.000,insufficient-sample,3,6,0,0,3,6,5,26,0,0,0,0,26,predicted-useful,fec-grace,877,0.000,5,17,0,0,0,0,0,32,32,32,32,1,7,1,7,0,0,0,balanced,0,0.210,27.281,35.384,32,32,0,0,0,0,0,0,39,1,7,0,1,9500000,1200000,11,0,11,24531,24520,30043713,17,18344,1,1244,0,0,0,0,0,0.512,41.577,802.750,4800.000,790,24541,24414,115,127,12,0.005,0.100,0.225,790,12000000,9007606,0.131,0.049,0.000,0.092,24541,5,5,26,0,5,0,0,0,0,0,0,0,1,0,4,178,34,34,0,0,0,0,0,,disabled,,0,0,0,0,,1,Fixed Quality,Hybrid,85,30,9500,12000,640,360,H.264,480,270,518400,28178,518400,28178,0.054,0.000,,0,0,0.000,2.096,0.000,0.000,0.074,7250,6750,6750,10,10,0,1,9500,1.000,0,9.614,3.602,1,1,0.000,0.000,0,0,0,0,0.000,1.000,0.000,1,0,0,disabled,24,0,0,large-au-observed,0,,0,0,11.462,23.729,0,,0.000,0.000,0.000,0.000,0,0,0,,0,0,0,5.776,0,843,0.073,0.000,0.000,0.073,0.000,0.049,0.007,1,1,1,1,0,1,1,0,0,0,1,0,0.860,137.624,0.000,26,0,0.000,0,0,0,0.000,0.000,0.000,0.000,0.000,0.000,0.000,2.013,9.957,0,0,0,0,0,0,0,0,0.000,0.000,0.000,0.000,0.000,0.000,0,0.091,28.662,836,837,3247,39.136,77.131,29.668,77.131,17189.327,445,1,H.264,12.462,0,0,76.107,77.102,1.000,39.374,11.429,arrival-gap-jitter-spike,14011.631,0,1,1,1,1,31200.958,320.658,333.330,336.663,336.663,0,0,0,0,0,0,0,,,0,0,0,0,0,0,0,0,0,0,,10.368,0.000,13.247,0.000,0.000,0.000,120.000,,0.001,842,0.000,17.100,3.748,0.079,1.091,0.794,0.000,0.297,1,0,0,1,3,0.005,28.667,28.662,4.236,29.090,0.500,Loss,0,1,0,0.000,4,1,1,0,0.000,0.000,0.000,0,0,0,0,0,0,0,0
32.208,Baseline,Loopback,1,1,0,,,0.000,0,21,869,25.588,25.589,26.567,13.751,9.436,0.146,0.265,18.643,0.004,0.000,25228,114,129,15,17,0,0,17,0,17,0,0,15,864,0,0,0,0,0,5.000,0,0,0,0,0,0,0,0,0,0,0,0,0,0,0,0.000,0.000,0.000,,864,864,3338,0,1,56.698,76.107,57.724,77.102,0.000,0.000,863,863,1108,881,0,0,5,35,869,1,completed,completed,H.264,0,1,24,24,0,0,0,0,0,0,0,0,25336,23,0,0,0,0,0,12.946,0,0,17,17,8,9,0.218,1.098,1.542,0,0,17,0,17,0,0,0,0.000,0.000,1.000,1.000,0.000,25.000,0.000,0.000,0.000,insufficient-sample,3,6,0,0,3,6,5,26,0,0,0,0,26,predicted-useful,fec-grace,905,0.000,5,17,0,0,0,0,0,33,33,33,33,1,7,1,7,0,0,0,balanced,0,0.210,27.281,35.384,33,33,0,0,0,0,0,0,40,1,7,0,1,9500000,1200000,0,0,0,25311,25311,31012209,17,18344,1,1244,0,0,0,0,0,13.479,41.577,2940.250,4800.000,815,25339,25210,117,129,12,0.005,0.127,0.122,815,12000000,8482407,0.161,0.048,0.000,0.126,25339,5,5,26,0,5,0,0,0,0,0,0,0,1,0,4,184,35,35,0,0,0,0,0,,disabled,,0,0,0,0,,1,Fixed Quality,Hybrid,85,30,9500,12000,640,360,H.264,480,270,518400,0,518400,28178,0.054,0.000,,0,0,0.000,0.007,0.000,0.000,0.003,7250,6750,6750,10,10,0,1,9500,1.000,0,13.479,3.955,1,1,0.000,0.000,0,0,0,0,0.000,1.000,0.000,1,0,0,disabled,0,0,0,async-output-pending,0,,0,0,0.000,0.000,0,,0.000,0.000,0.000,0.000,0,0,0,,0,0,0,0.000,1,0,0.000,0.000,0.000,0.000,0.000,0.000,0.000,0,0,0,0,0,0,0,0,1,1,1,1,0.860,180.000,1.500,26,0,0.000,0,0,0,0.000,0.000,0.000,0.000,0.000,0.000,0.000,0.000,6.981,0,0,0,0,0,0,0,0,0.000,0.000,0.000,0.000,0.000,0.000,0,0.085,25.589,863,864,3338,57.721,77.131,29.668,77.131,17189.327,445,1,H.264,12.462,0,0,76.107,77.102,1.000,39.374,11.429,arrival-gap-jitter-spike,15018.565,0,1,1,1,1,32207.892,320.658,333.330,336.663,336.663,0,0,0,0,0,0,0,,,0,0,0,0,0,0,0,0,0,0,,10.267,0.000,13.031,0.000,0.000,0.000,120.000,,0.000,869,0.000,16.416,3.297,0.075,1.052,0.812,0.000,0.240,1,0,0,1,3,0.004,25.588,25.589,18.643,26.567,0.000,None,0,1,0,0.000,4,1,1,0,0.000,0.000,0.000,0,0,0,0,0,0,0,0
33.208,Baseline,Loopback,1,1,0,,,0.000,0,21,896,27.339,27.342,25.988,5.750,9.451,0.108,0.260,2.703,0.004,0.000,26051,117,132,15,17,0,0,17,0,17,0,0,15,891,0,0,0,0,0,5.000,0,0,0,0,0,0,0,0,0,0,0,0,0,0,0,0.000,0.000,0.000,,891,891,3441,0,1,38.264,76.107,39.281,77.102,0.000,0.000,890,890,1135,908,0,0,5,35,896,1,completed,completed,H.264,0,1,24,24,0,0,0,0,0,0,0,0,26147,23,0,0,0,0,0,5.249,0,0,17,17,8,9,0.218,1.098,1.542,0,0,17,0,17,0,0,0,0.000,0.000,1.000,1.000,0.000,25.000,0.000,0.000,0.000,insufficient-sample,3,6,0,0,3,6,5,26,0,0,0,0,26,predicted-useful,fec-grace,932,0.000,5,17,0,0,0,0,0,33,33,33,33,1,7,1,7,0,0,0,balanced,0,0.210,27.281,35.384,33,33,0,0,0,0,0,0,40,1,7,0,1,9500000,1200000,15,0,15,26151,26136,32022999,17,18344,1,1244,0,0,0,0,0,8.055,41.577,1238.562,4800.000,841,26160,26028,120,132,12,0.005,0.072,0.090,841,12000000,8469418,0.132,0.031,0.001,0.097,26160,5,5,26,0,5,0,0,0,0,0,0,0,1,0,4,184,35,35,0,0,0,0,0,,disabled,,0,0,0,0,,1,Fixed Quality,Hybrid,85,30,9500,12000,640,360,H.264,480,270,518400,28178,518400,28178,0.054,0.000,,0,0,0.000,2.015,0.000,0.000,0.096,7250,6750,6750,10,10,0,1,9500,1.000,0,16.916,4.132,1,1,0.000,0.000,0,0,0,0,0.000,1.000,0.000,1,0,0,disabled,24,0,0,large-au-observed,0,,0,0,17.628,23.729,0,,0.000,0.000,0.000,0.000,0,0,0,,0,0,0,12.729,0,897,0.096,0.000,0.000,0.095,0.000,0.067,0.009,1,1,1,1,0,1,1,0,0,0,0,0,1.000,0.000,0.000,30,0,0.000,0,0,0,0.000,0.000,0.000,0.000,0.000,0.000,0.000,1.909,17.250,0,0,0,0,0,0,0,0,0.000,0.000,0.000,0.000,0.000,0.000,0,0.085,27.342,890,891,3441,39.208,77.131,29.668,77.131,17189.327,445,1,H.264,12.462,0,0,76.107,77.102,1.000,39.374,11.429,arrival-gap-jitter-spike,16019.179,0,1,1,1,1,33208.506,320.658,333.330,336.663,336.663,0,0,0,0,0,0,0,,,0,0,0,0,0,0,0,0,0,0,,11.977,0.000,14.736,0.000,0.000,0.000,120.000,,0.000,896,0.000,18.475,3.651,0.072,0.952,0.620,0.000,0.332,1,0,0,1,3,0.004,27.339,27.342,2.703,25.988,0.000,PacingQueue,0,0,0,0.000,0,0,0,0,0.000,0.000,0.000,0,0,0,0,0,0,0,0
34.209,Baseline,Loopback,1,1,0,,,0.000,0,21,924,27.386,27.378,27.902,6.944,9.491,0.135,0.257,2.259,0.004,0.000,26850,118,133,15,21,0,0,21,0,21,0,0,15,918,0,0,0,0,0,5.000,0,0,0,0,0,0,0,0,0,0,0,0,0,0,0,0.000,0.000,0.000,,918,918,3542,0,1,33.293,76.107,34.256,77.102,0.000,0.000,917,917,1167,939,0,0,6,35,924,1,completed,completed,H.264,0,1,24,24,0,0,0,0,0,0,0,0,26962,23,0,0,0,0,0,6.759,0,0,21,21,8,13,0.218,1.086,1.542,0,0,21,0,21,0,0,0,0.000,0.000,1.000,1.000,0.000,27.000,0.000,0.000,0.000,insufficient-sample,3,6,0,0,3,6,6,30,0,0,0,0,30,predicted-useful,fec-grace,961,0.000,6,21,0,0,0,0,0,33,33,33,33,1,7,1,7,0,0,0,loss,1,0.199,28.881,36.990,33,33,0,0,0,0,0,0,40,1,8,0,1,9500000,1200000,0,0,0,26935,26935,33000825,21,22698,1,1244,0,0,0,0,0,16.410,41.577,7439.688,4800.000,866,26959,26826,121,133,12,0.004,0.155,0.218,866,12000000,8184942,0.133,0.030,0.000,0.113,26959,6,6,30,0,6,0,0,0,0,0,0,0,1,0,4,184,35,35,0,0,0,0,0,,disabled,,0,0,0,0,,1,Fixed Quality,Hybrid,85,30,9500,12000,640,360,H.264,480,270,518400,0,518400,28178,0.054,0.000,,0,0,0.000,5.044,0.000,4.286,0.731,7250,6750,6750,10,10,0,1,9500,1.000,0,16.410,4.324,0,1,0.000,0.000,0,0,0,0,0.000,1.000,0.000,1,0,0,disabled,0,0,0,async-output-pending,0,,0,0,0.000,0.000,0,,16.410,7439.688,45673.077,0.000,0,0,0,,0,0,0,0.000,1,0,0.716,0.175,0.540,0.000,0.000,0.000,0.000,0,0,1,1,1,0,0,1,1,0,1,0,0.860,168.817,0.000,26,0,0.000,0,0,0,0.000,0.000,0.000,0.000,0.000,0.000,0.000,0.000,9.807,0,0,0,0,0,0,0,0,0.000,0.000,0.000,0.000,0.000,0.000,0,0.097,27.378,917,918,3542,34.262,77.131,29.668,77.131,17189.327,445,1,H.264,12.462,0,0,76.107,77.102,1.000,39.374,11.429,arrival-gap-jitter-spike,17019.669,0,1,1,1,1,34208.996,320.658,333.330,336.663,336.663,0,0,0,0,0,0,0,,,0,0,0,0,0,0,0,0,0,0,,11.464,0.000,14.294,0.000,0.000,0.000,120.000,,0.001,924,0.000,17.841,3.447,0.077,0.975,0.677,0.000,0.298,1,0,0,1,3,0.004,27.386,27.378,2.259,27.902,0.000,Loss,0,0,0,0.000,0,0,0,0,0.000,0.000,0.000,0,0,0,0,0,0,0,0
35.215,Baseline,Loopback,1,1,0,,,0.000,0,21,951,26.856,26.851,26.545,11.899,9.493,0.089,0.252,10.825,0.004,0.000,27677,121,136,15,21,0,0,21,0,21,0,0,15,945,0,0,0,0,0,5.000,0,0,0,0,0,0,0,0,0,0,0,0,0,0,0,0.000,0.000,0.000,,945,945,3646,0,1,47.039,76.107,48.061,77.102,0.000,0.000,944,944,1201,966,0,0,6,36,951,1,completed,completed,H.264,0,1,24,24,0,0,0,0,0,0,0,0,27773,23,0,0,0,0,0,11.488,0,0,21,21,8,13,0.218,1.086,1.542,0,0,21,0,21,0,0,0,0.000,0.000,1.000,1.000,0.000,25.000,0.000,0.000,0.000,insufficient-sample,3,6,0,0,3,6,6,30,0,0,0,0,30,predicted-useful,fec-grace,989,0.000,6,21,0,0,0,0,0,34,34,34,34,1,7,1,7,0,0,0,loss,1,0.199,28.881,36.990,34,34,0,0,0,0,0,0,41,1,8,0,1,9500000,1200000,11,0,11,27775,27764,34016591,21,22698,1,1244,0,0,0,0,0,0.680,41.577,1096.062,4800.000,893,27810,27674,124,136,12,0.004,0.080,0.118,893,12000000,8962892,0.151,0.015,0.000,0.123,27810,6,6,30,0,6,0,0,0,0,0,0,0,1,0,4,190,36,36,0,0,0,0,0,,disabled,,0,0,0,0,,1,Fixed Quality,Hybrid,85,30,9500,12000,640,360,H.264,480,270,518400,28178,518400,28178,0.054,0.000,,0,0,0.000,1.921,0.000,0.000,0.070,7250,6750,6750,10,10,0,1,9500,1.000,0,10.936,4.511,1,1,0.000,0.000,0,0,0,0,0.000,1.000,0.000,1,0,0,disabled,24,0,0,large-au-observed,0,,0,0,10.362,23.729,0,,0.000,0.000,0.000,0.000,0,0,0,,0,0,0,6.255,0,952,0.070,0.000,0.000,0.069,0.000,0.046,0.008,1,1,1,1,0,1,1,0,0,0,1,0,0.860,35.944,0.000,26,0,0.000,0,0,0,0.000,0.000,0.000,0.000,0.000,0.000,0.000,1.845,10.476,0,0,0,0,0,0,0,0,0.000,0.000,0.000,0.000,0.000,0.000,0,0.086,26.851,944,945,3646,48.076,77.131,29.668,77.131,17189.327,445,1,H.264,12.462,0,0,76.107,77.102,1.000,39.374,11.429,arrival-gap-jitter-spike,18025.833,0,1,1,1,1,35215.160,320.658,333.330,336.663,336.663,0,0,0,0,0,0,0,,,0,0,0,0,0,0,0,0,0,0,,10.789,0.000,13.620,0.000,0.000,0.000,120.000,,0.000,951,0.000,18.408,4.699,0.073,0.673,0.386,0.000,0.287,1,0,0,1,3,0.004,26.856,26.851,10.825,26.545,0.500,Loss,0,1,0,0.000,3,1,1,0,0.000,0.000,0.000,0,0,0,0,0,0,0,0
36.222,Baseline,Loopback,1,1,0,,,0.000,0,21,979,26.999,26.999,27.588,8.063,9.497,0.089,0.252,0.266,0.004,0.000,28493,127,142,15,21,0,0,21,0,21,0,0,15,973,0,0,0,0,0,5.000,0,0,0,0,0,0,0,0,0,0,0,0,0,0,0,0.000,0.000,0.000,,973,973,3747,0,1,36.239,76.107,37.304,77.102,0.000,0.000,972,972,1242,994,0,0,6,39,979,1,completed,completed,H.264,0,1,24,24,0,0,0,0,0,0,0,0,28614,23,0,0,0,0,0,7.822,0,0,21,21,8,13,0.218,1.086,1.542,0,0,21,0,21,0,0,0,0.000,0.000,1.000,1.000,0.000,25.000,0.000,0.000,0.000,insufficient-sample,3,6,0,0,3,6,6,30,0,0,0,0,30,predicted-useful,fec-grace,1019,0.000,6,21,0,0,0,0,0,36,37,36,37,1,7,1,7,0,0,0,loss,1,0.199,28.881,36.990,36,37,0,0,0,0,0,0,44,1,9,0,1,9500000,1200000,0,0,0,28585,28585,35021833,21,22698,1,1244,0,0,0,0,0,17.663,41.577,8623.625,4800.000,918,28605,28463,130,142,12,0.005,0.071,0.111,918,12000000,9196226,0.110,0.015,0.001,0.095,28605,6,6,30,0,6,0,0,0,0,0,0,0,1,0,4,200,39,39,0,0,0,0,0,,disabled,,0,0,0,0,,1,Fixed Quality,Hybrid,85,30,9500,12000,640,360,H.264,480,270,518400,28178,518400,28178,0.054,0.000,,0,0,0.000,2.246,0.000,0.000,0.069,7250,6750,6750,10,10,0,1,9500,1.000,0,17.663,4.622,0,1,0.000,0.000,0,0,0,0,0.000,1.000,0.000,1,0,0,disabled,24,0,0,large-au-observed,0,,0,0,10.590,23.729,0,,0.000,0.000,0.000,0.000,0,0,0,,0,0,0,5.941,0,979,0.069,0.000,0.000,0.068,0.000,0.045,0.007,1,1,1,1,0,1,1,0,0,0,1,0,0.860,138.113,0.000,26,0,0.000,0,0,0,0.000,0.000,0.000,0.000,0.000,0.000,0.000,2.168,20.448,0,0,0,0,0,0,0,0,0.000,0.000,0.000,0.000,0.000,0.000,0,0.084,26.999,972,973,3747,37.349,77.131,29.668,77.131,17189.327,445,1,H.264,12.462,0,0,76.107,77.102,1.000,39.374,11.429,arrival-gap-jitter-spike,19032.959,0,1,1,1,1,36222.286,320.658,333.330,336.663,336.663,0,0,0,0,0,0,0,,,0,0,0,0,0,0,0,0,0,0,,11.107,0.000,14.002,0.000,0.000,0.000,120.000,,0.000,979,0.000,18.285,4.195,0.074,0.939,0.646,0.000,0.293,1,0,0,1,3,0.004,26.999,26.999,0.266,27.588,0.750,PacingQueue,0,1,0,0.000,6,2,2,0,0.000,0.000,0.000,0,0,0,0,0,0,0,0
37.222,Baseline,Loopback,1,1,0,,,0.000,0,21,1005,26.679,26.683,26.676,11.432,9.489,0.102,0.246,20.391,0.004,0.000,29284,129,144,15,21,0,0,21,0,21,0,0,15,999,0,0,0,0,0,5.000,0,0,0,0,0,0,0,0,0,0,0,0,0,0,0,0.000,0.000,0.000,,999,999,3856,0,1,56.686,76.107,57.874,77.102,0.000,0.000,998,998,1276,1020,0,0,6,40,1005,1,completed,completed,H.264,0,1,24,24,0,0,0,0,0,0,0,0,29395,23,0,0,0,0,0,11.291,0,0,21,21,8,13,0.218,1.086,1.542,0,0,21,0,21,0,0,0,0.000,0.000,1.000,1.000,0.000,25.000,0.000,0.000,0.000,insufficient-sample,4,7,0,0,4,7,6,30,0,0,0,0,30,predicted-useful,fec-grace,1045,0.000,6,21,0,0,0,0,0,36,37,36,37,1,7,1,7,0,0,0,loss,1,0.199,28.881,36.990,36,37,0,0,0,0,0,0,44,1,9,0,1,9500000,1200000,18,0,18,29395,29377,35992147,21,22698,1,1244,0,0,0,0,0,1.854,41.577,77.250,4800.000,944,29418,29274,132,144,12,0.004,0.058,0.068,944,12000000,11459044,0.175,0.008,0.000,0.135,29418,6,6,30,0,6,0,0,0,0,0,0,0,1,0,4,206,40,40,0,0,0,0,0,,disabled,,0,0,0,0,,1,Fixed Quality,Hybrid,85,30,9500,12000,640,360,H.264,480,270,518400,28176,518400,28176,0.054,0.000,,0,0,0.000,1.914,0.000,0.000,0.065,7250,6750,6750,10,10,0,1,9500,1.000,0,9.148,4.812,1,1,0.000,0.000,0,0,0,0,0.000,1.000,0.000,1,0,0,disabled,24,0,0,large-au-observed,0,,0,0,11.145,23.727,0,,0.000,0.000,0.000,0.000,0,0,0,,0,0,0,4.103,0,1006,0.065,0.000,0.000,0.065,0.000,0.043,0.006,1,1,1,1,0,1,1,0,0,0,1,0,0.860,26.609,0.000,26,0,0.000,0,0,0,0.000,0.000,0.000,0.000,0.000,0.000,0.000,1.841,8.269,0,0,0,0,0,0,0,0,0.000,0.000,0.000,0.000,0.000,0.000,0,0.112,26.683,998,999,3856,57.655,77.131,29.668,77.131,17189.327,445,1,H.264,12.462,0,0,76.107,77.102,1.000,39.374,11.429,arrival-gap-jitter-spike,20033.045,0,1,1,1,1,37222.372,320.658,333.330,336.663,336.663,0,0,0,0,0,0,0,,,0,0,0,0,0,0,0,0,0,0,,10.241,0.000,13.087,0.000,0.000,0.000,120.000,,0.001,1005,0.000,16.753,3.552,0.084,0.999,0.728,0.000,0.272,1,0,0,1,3,0.004,26.679,26.683,20.391,26.676,0.000,PacingQueue,0,1,0,0.000,6,2,2,0,0.000,0.000,0.000,0,0,0,0,0,0,0,0
38.229,Baseline,Loopback,1,1,0,,,0.000,0,21,1033,28.442,28.444,28.410,8.118,9.485,0.102,0.246,3.915,0.004,0.000,30132,134,149,15,21,0,0,21,0,21,0,0,15,1027,0,0,0,0,0,5.000,0,0,0,0,0,0,0,0,0,0,0,0,0,0,0,0.000,0.000,0.000,,1027,1027,3955,0,1,38.062,76.107,39.075,77.102,0.000,0.000,1026,1026,1316,1048,0,0,6,42,1033,1,completed,completed,H.264,0,1,24,24,0,0,0,0,0,0,0,0,30236,23,0,0,0,0,0,7.957,0,0,21,21,8,13,0.218,1.086,1.542,0,0,21,0,21,0,0,0,0.000,0.000,1.000,1.000,0.000,25.000,0.000,0.000,0.000,insufficient-sample,4,7,0,0,4,7,6,30,0,0,0,0,30,predicted-useful,fec-grace,1075,0.000,6,21,0,0,0,0,0,38,39,38,39,1,7,1,7,0,0,0,loss,1,0.199,28.881,36.990,38,39,0,0,0,0,0,0,46,1,9,0,1,9500000,1200000,4,0,4,30235,30231,37037833,21,22698,1,1244,0,0,0,0,0,7.983,41.577,715.188,4800.000,970,30249,30100,137,149,12,0.005,0.166,0.170,970,12000000,8231684,0.115,0.008,0.001,0.100,30249,6,6,30,0,6,0,0,0,0,0,0,0,1,0,4,216,42,42,0,0,0,0,0,,disabled,,0,0,0,0,,1,Fixed Quality,Hybrid,85,30,9500,12000,640,360,H.264,480,270,518400,28178,518400,28178,0.054,0.000,,0,0,0.000,1.928,0.000,0.000,0.070,7250,6750,6750,10,10,0,1,9500,1.000,0,13.894,4.903,1,1,0.000,0.000,0,0,0,0,0.000,1.000,0.000,1,0,0,disabled,24,0,0,large-au-observed,0,,0,0,17.571,23.729,0,,0.000,0.000,0.000,0.000,0,0,0,,0,0,0,5.971,0,1034,0.070,0.000,0.000,0.070,0.000,0.047,0.007,1,1,1,1,0,1,1,0,0,0,1,0,0.860,145.383,0.000,26,0,0.000,0,0,0,0.000,0.000,0.000,0.000,0.000,0.000,0.000,1.850,10.079,0,0,0,0,0,0,0,0,0.000,0.000,0.000,0.000,0.000,0.000,0,0.092,28.444,1026,1027,3955,39.075,77.131,29.668,77.131,17189.327,445,1,H.264,12.462,0,0,76.107,77.102,1.000,39.374,11.429,arrival-gap-jitter-spike,21039.246,0,1,1,1,1,38228.573,320.658,333.330,336.663,336.663,0,0,0,0,0,0,0,,,0,0,0,0,0,0,0,0,0,0,,8.769,0.000,11.580,0.000,0.000,0.000,120.000,,0.000,1033,0.000,15.234,3.559,0.072,1.001,0.781,0.000,0.220,1,0,0,1,3,0.004,28.442,28.444,3.915,28.410,0.500,Loss,0,1,0,0.000,2,1,1,0,0.000,0.000,0.000,0,0,0,0,0,0,0,0
39.229,Baseline,Loopback,1,1,0,,,0.000,0,21,1062,29.053,29.065,28.787,8.467,9.475,0.083,0.291,4.819,0.004,0.000,30971,137,152,15,21,0,0,21,0,21,0,0,15,1056,0,0,0,0,0,5.000,0,0,0,0,0,0,0,0,0,0,0,0,0,0,0,0.000,0.000,0.000,,1056,1056,4056,0,1,28.461,76.107,29.601,77.102,0.000,0.000,1054,1054,1345,1077,0,0,6,42,1062,1,completed,completed,H.264,0,1,24,24,0,0,0,0,0,0,0,0,31107,23,0,0,0,0,0,8.239,0,0,21,21,8,13,0.218,1.086,1.542,0,0,21,0,21,0,0,0,0.000,0.000,1.000,1.000,0.000,25.000,0.000,0.000,0.000,insufficient-sample,4,7,0,0,4,7,6,30,0,0,0,0,30,predicted-useful,fec-grace,1104,0.000,6,21,0,0,0,0,0,38,39,38,39,1,7,1,7,0,0,0,loss,1,0.199,28.881,36.990,38,39,0,0,0,0,0,0,46,1,9,0,1,9500000,1200000,5,0,5,31075,31070,38065457,21,22698,1,1244,0,0,0,0,0,8.183,41.577,875.500,4800.000,997,31107,30955,140,152,12,0.005,0.207,0.155,997,12000000,9321970,0.150,-0.081,0.008,0.135,31107,6,6,30,0,6,0,0,0,0,0,0,0,1,0,4,216,42,42,0,0,0,0,0,,disabled,,0,0,0,0,,1,Fixed Quality,Hybrid,85,30,9500,12000,640,360,H.264,480,270,518400,28178,518400,28178,0.054,0.000,,0,0,0.000,1.859,0.000,0.000,0.065,7250,6750,6750,10,10,0,1,9500,1.000,0,13.822,4.970,1,1,0.000,0.000,0,0,0,0,0.000,1.000,0.000,1,0,0,disabled,24,0,0,large-au-observed,0,,0,0,17.273,23.729,0,,0.000,0.000,0.000,0.000,0,0,0,,0,0,0,5.478,0,1062,0.064,0.000,0.000,0.064,0.000,0.044,0.006,1,1,1,1,0,1,1,0,0,0,1,0,0.860,107.262,0.000,26,0,0.000,0,0,0,0.000,0.000,0.000,0.000,0.000,0.000,0.000,1.788,9.491,0,0,0,0,0,0,0,0,0.000,0.000,0.000,0.000,0.000,0.000,0,0.087,29.065,1054,1056,4056,29.408,77.131,29.668,77.131,17189.327,445,1,H.264,12.462,0,0,76.107,77.102,1.000,39.374,11.429,arrival-gap-jitter-spike,22039.261,0,1,1,1,1,39228.588,320.658,333.330,336.663,336.663,0,0,0,0,0,0,0,,,0,0,0,0,0,0,0,0,0,0,,9.923,0.000,12.817,0.000,0.000,0.000,120.000,,0.000,1061,0.000,15.902,2.996,0.071,0.543,0.295,0.000,0.249,1,0,0,1,3,0.004,29.053,29.065,4.819,28.787,0.000,None,0,1,0,0.000,2,1,1,0,0.000,0.000,0.000,0,0,0,0,0,0,0,0
40.235,Baseline,Loopback,1,1,0,,,0.000,0,21,1091,29.968,29.970,29.837,8.335,9.462,0.132,0.288,2.388,0.004,0.000,31843,141,156,15,21,0,0,21,0,21,0,0,15,1085,0,0,0,0,0,5.000,0,0,0,0,0,0,0,0,0,0,0,0,0,0,0,0.000,0.000,0.000,,1085,1085,4158,0,1,29.912,76.107,30.981,77.102,0.000,0.000,1084,1084,1380,1106,0,0,6,43,1091,1,completed,completed,H.264,0,1,24,24,0,0,0,0,0,0,0,0,31978,23,0,0,0,0,0,8.033,0,0,21,21,8,13,0.218,1.086,1.542,0,0,21,0,21,0,0,0,0.000,0.000,1.000,1.000,0.000,25.000,0.000,0.000,0.000,insufficient-sample,4,7,0,0,4,7,6,30,0,0,0,0,30,predicted-useful,fec-grace,1134,0.000,6,21,0,0,0,0,0,39,40,39,40,1,7,1,7,0,0,0,loss,1,0.199,28.881,36.990,39,40,0,0,0,0,0,0,47,1,9,0,1,9500000,1200000,0,0,0,31945,31945,39137339,21,22698,1,1244,0,0,0,0,0,18.078,41.577,8804.938,4800.000,1024,31969,31813,144,156,12,0.005,0.042,0.081,1024,12000000,12142457,0.086,0.049,0.005,0.067,31969,6,6,30,0,6,0,0,0,0,0,0,0,1,0,4,221,43,43,0,0,0,0,0,,disabled,,0,0,0,0,,1,Fixed Quality,Hybrid,85,30,9500,12000,640,360,H.264,480,270,518400,0,518400,28176,0.054,0.000,,0,0,0.000,4.862,0.000,4.158,0.679,7250,6750,6750,10,10,0,1,9500,1.000,0,18.078,5.131,0,1,0.000,0.000,0,0,0,0,0.000,1.000,0.000,1,0,0,disabled,0,0,0,async-output-pending,0,,0,0,0.000,0.000,0,,18.078,8804.938,39583.333,0.000,0,0,0,,0,0,0,0.000,1,0,0.669,0.163,0.505,0.000,0.000,0.000,0.000,0,0,1,1,1,0,0,1,1,0,0,0,1.000,0.000,0.000,30,0,0.000,0,0,0,0.000,0.000,0.000,0.000,0.000,0.000,0.000,0.000,20.700,0,0,0,0,0,0,0,0,0.000,0.000,0.000,0.000,0.000,0.000,0,0.097,29.970,1084,1085,4158,30.988,77.131,29.668,77.131,17189.327,445,1,H.264,12.462,0,0,76.107,77.102,1.000,39.374,11.429,arrival-gap-jitter-spike,23046.135,0,1,1,1,1,40235.462,320.658,333.330,336.663,336.663,0,0,0,0,0,0,0,,,0,0,0,0,0,0,0,0,0,0,,11.793,0.000,14.728,0.000,0.000,0.000,120.000,,0.001,1091,0.000,17.870,3.041,0.081,0.597,0.372,0.000,0.225,1,0,0,1,3,0.004,29.968,29.970,2.388,29.837,0.500,Loss,0,1,0,0.000,2,1,1,0,0.000,0.000,0.000,0,0,0,0,0,0,0,0
41.236,Baseline,Loopback,1,1,0,,,0.000,0,21,1119,28.242,28.262,28.202,17.665,9.442,0.126,0.284,15.508,0.004,0.000,32681,144,159,15,21,0,0,21,0,21,0,0,15,1113,0,0,0,0,0,5.000,0,0,0,0,0,0,0,0,0,0,0,0,0,0,0,0.000,0.000,0.000,,1113,1113,4260,0,1,49.863,76.107,50.917,77.102,0.000,0.000,1112,1111,1414,1134,0,0,6,44,1119,1,completed,completed,H.264,0,1,24,24,0,5,1,0,0,0,0,0,32819,23,0,0,0,0,0,17.442,0,0,21,21,8,13,0.218,1.086,1.542,0,0,21,0,21,0,0,0,0.000,0.000,1.000,1.000,0.000,25.000,0.000,0.000,0.000,insufficient-sample,4,7,0,0,4,7,6,30,0,0,0,0,30,predicted-useful,fec-grace,1163,0.000,6,21,0,0,0,0,0,40,41,40,41,1,7,1,7,0,0,0,loss,1,0.199,28.881,36.990,40,41,0,0,0,0,0,0,48,1,9,0,1,9500000,1200000,0,0,0,32785,32785,40166217,21,22698,1,1244,0,0,0,0,0,17.154,41.577,7791.188,4800.000,1051,32832,32673,147,159,12,0.004,0.011,0.010,1051,12000000,8279120,0.074,0.038,0.009,0.056,32832,6,6,30,0,6,0,0,0,0,0,0,0,1,0,4,226,44,44,0,0,0,0,0,,disabled,,0,0,0,0,,1,Fixed Quality,Hybrid,85,30,9500,12000,640,360,H.264,480,270,518400,28178,518400,28178,0.054,0.000,,0,0,0.000,2.117,0.000,0.000,0.071,7250,6750,6750,10,10,0,1,9500,1.000,0,17.154,5.164,0,1,0.000,0.000,0,0,0,0,0.000,1.000,0.000,1,0,0,disabled,24,0,0,large-au-observed,0,,0,0,14.668,23.729,0,,0.000,0.000,0.000,0.000,0,0,0,,0,0,0,6.133,0,1119,0.071,0.000,0.000,0.071,0.000,0.049,0.007,1,1,1,1,0,1,1,0,0,0,1,0,0.860,140.783,0.000,26,0,0.000,0,0,0,0.000,0.000,0.000,0.000,0.000,0.000,0.000,2.038,10.490,0,0,0,0,0,0,0,0,0.000,0.000,0.000,0.000,0.000,0.000,0,0.086,28.261,1112,1113,4260,50.900,77.131,29.668,77.131,17189.327,445,1,H.264,12.462,0,0,76.107,77.102,1.000,39.374,11.429,arrival-gap-jitter-spike,24046.578,0,1,1,1,1,41235.905,320.658,333.330,336.663,336.663,0,0,0,0,0,0,0,,,0,0,0,0,0,0,0,0,0,0,,11.439,0.000,14.258,4.846,0.000,26.496,120.000,,0.000,1118,0.000,15.232,2.710,0.073,0.988,0.716,0.000,0.272,1,0,0,1,3,0.004,28.242,28.262,15.508,28.202,0.500,Loss,0,1,0,0.500,2,1,1,0,0.000,0.000,0.000,0,0,0,0,0,0,0,0
42.242,Baseline,Loopback,1,1,0,,,0.000,0,21,1147,27.422,27.403,27.341,8.478,9.432,0.107,0.279,5.685,0.004,0.000,33514,148,163,15,21,0,0,21,0,21,0,0,15,1141,0,0,0,0,0,5.000,0,0,0,0,0,0,0,0,0,0,0,0,0,0,0,0.000,0.000,0.000,,1141,1141,4361,0,1,29.771,76.107,30.783,77.102,0.000,0.000,1140,1139,1442,1162,0,0,6,44,1147,1,completed,completed,H.264,0,1,24,24,0,0,0,0,0,0,0,0,33660,23,0,0,0,0,0,8.296,0,0,21,21,8,13,0.218,1.086,1.542,0,0,21,0,21,0,0,0,0.000,0.000,1.000,1.000,0.000,25.000,0.000,0.000,0.000,insufficient-sample,4,7,0,0,4,7,6,30,0,0,0,0,30,predicted-useful,fec-grace,1191,0.000,6,21,0,0,0,0,0,40,41,40,41,1,7,1,7,0,0,0,loss,1,0.199,28.881,36.990,40,41,0,0,0,0,0,0,48,1,9,0,1,9500000,1200000,4,0,4,33625,33621,41190085,21,22698,1,1244,0,0,0,0,0,8.162,41.577,1186.250,4800.000,1077,33657,33494,151,163,12,0.004,0.174,0.244,1077,12000000,9325150,0.153,0.027,0.003,0.118,33657,6,6,30,0,6,0,0,0,0,0,0,0,1,0,4,226,44,44,0,0,0,0,0,,disabled,,0,0,0,0,,1,Fixed Quality,Hybrid,85,30,9500,12000,640,360,H.264,480,270,518400,28178,518400,28178,0.054,0.000,,0,0,0.000,2.011,0.000,0.000,0.066,7250,6750,6750,10,10,0,1,9500,1.000,0,14.788,5.254,1,1,0.000,0.000,0,0,0,0,0.000,1.000,0.000,1,0,0,disabled,24,0,0,large-au-observed,0,,0,0,18.474,23.729,0,,0.000,0.000,0.000,0.000,0,0,0,,0,0,0,5.919,0,1147,0.066,0.000,0.000,0.065,0.000,0.045,0.006,1,1,1,1,0,1,1,0,0,0,0,0,1.000,0.000,0.000,30,0,0.000,0,0,0,0.000,0.000,0.000,0.000,0.000,0.000,0.000,1.937,10.157,0,0,0,0,0,0,0,0,0.000,0.000,0.000,0.000,0.000,0.000,0,0.090,27.403,1140,1141,4361,30.867,77.131,29.668,77.131,17189.327,445,1,H.264,12.462,0,0,76.107,77.102,1.000,39.374,11.429,arrival-gap-jitter-spike,25052.973,0,1,1,1,1,42242.300,320.658,333.330,336.663,336.663,0,0,0,0,0,0,0,,,0,0,0,0,0,0,0,0,0,0,,12.042,0.000,14.961,1.598,0.000,14.042,120.000,,0.000,1146,0.000,20.639,4.927,0.074,0.855,0.631,0.000,0.224,1,0,0,1,3,0.004,27.422,27.403,5.685,27.341,0.500,Loss,0,1,0,0.000,2,1,1,0,0.000,0.000,0.000,0,0,0,0,0,0,0,0
43.242,Baseline,Loopback,1,1,0,,,0.000,0,21,1174,27.553,27.573,27.567,18.280,9.415,0.107,0.279,5.206,0.004,0.000,34328,149,164,15,21,0,0,21,0,21,0,0,15,1168,0,0,0,0,0,5.000,0,0,0,0,0,0,0,0,0,0,0,0,0,0,0,0.000,0.000,0.000,,1168,1168,4470,0,1,29.180,76.107,30.305,77.102,0.000,0.000,1167,1167,1469,1189,0,0,6,44,1174,1,completed,completed,H.264,0,1,24,24,0,0,0,0,0,0,0,0,34471,23,0,0,0,0,0,17.951,0,0,21,21,8,13,0.218,1.086,1.542,0,0,21,0,21,0,0,0,0.000,0.000,1.000,1.000,0.000,25.000,0.000,0.000,0.000,insufficient-sample,4,7,0,0,4,7,6,30,0,0,0,0,30,predicted-useful,fec-grace,1218,0.000,6,21,0,0,0,0,0,40,41,40,41,1,7,1,7,0,0,0,loss,1,0.199,28.881,36.990,40,41,0,0,0,0,0,0,48,1,9,0,1,9500000,1200000,0,0,0,34435,34435,42187225,21,22698,1,1244,0,0,0,0,0,28.085,41.577,8345.750,4800.000,1103,34488,34324,152,164,12,0.004,0.075,0.136,1103,12000000,8720954,0.120,0.027,0.000,0.085,34488,6,6,30,0,6,0,0,0,0,0,0,0,1,0,4,226,44,44,0,0,0,0,0,,disabled,,0,0,0,0,,1,Fixed Quality,Hybrid,85,30,9500,12000,640,360,H.264,480,270,518400,28178,518400,28178,0.054,0.000,,0,0,0.000,1.961,0.000,0.000,0.064,7250,6750,6750,10,10,0,1,9500,1.000,0,28.085,5.581,0,1,0.000,0.000,0,0,0,0,0.000,1.000,0.000,1,0,0,disabled,24,0,0,large-au-observed,0,,0,0,18.187,23.729,0,,0.000,0.000,0.000,0.000,0,0,0,,0,0,0,5.818,0,1174,0.063,0.000,0.000,0.063,0.000,0.043,0.006,1,1,1,1,0,1,1,0,0,0,1,0,0.860,147.442,0.000,26,0,0.000,0,0,0,0.000,0.000,0.000,0.000,0.000,0.000,0.000,1.878,30.455,0,0,0,0,0,0,0,0,0.000,0.000,0.000,0.000,0.000,0.000,0,0.107,27.573,1167,1168,4470,30.075,77.131,29.668,77.131,17189.327,445,1,H.264,12.462,0,0,76.107,77.102,1.000,39.374,11.429,arrival-gap-jitter-spike,26053.247,0,1,1,1,1,43242.574,320.658,333.330,336.663,336.663,0,0,0,0,0,0,0,,,0,0,0,0,0,0,0,0,0,0,,10.874,0.000,13.717,0.000,0.000,0.000,120.000,,0.000,1174,0.000,17.529,3.703,0.083,0.809,0.578,0.000,0.231,1,0,0,1,3,0.004,27.553,27.573,5.206,27.567,0.000,None,0,1,0,0.000,2,1,1,0,0.000,0.000,0.000,0,0,0,0,0,0,0,0
44.243,Baseline,Loopback,1,1,0,,,0.000,0,21,1203,29.094,29.099,29.194,8.171,9.404,0.091,0.273,4.072,0.004,0.000,35213,153,168,15,21,0,0,21,0,21,0,0,15,1197,0,0,0,0,0,5.000,0,0,0,0,0,0,0,0,0,0,0,0,0,0,0,0.000,0.000,0.000,,1197,1197,4571,0,1,29.388,76.107,30.300,77.102,0.000,0.000,1196,1196,1511,1218,0,0,6,46,1203,1,completed,completed,H.264,0,1,24,24,0,0,0,0,0,0,0,0,35342,23,0,0,0,0,0,7.998,0,0,21,21,8,13,0.218,1.086,1.542,0,0,21,0,21,0,0,0,0.000,0.000,1.000,1.000,0.000,25.000,0.000,0.000,0.000,insufficient-sample,4,7,0,0,4,7,6,30,0,0,0,0,30,predicted-useful,fec-grace,1249,0.000,6,21,0,0,0,0,0,42,43,42,43,1,7,1,7,0,0,0,loss,1,0.199,28.881,36.990,42,43,0,0,0,0,0,0,50,1,9,0,1,9500000,1200000,12,0,12,35335,35323,43275239,21,22698,1,1244,0,0,0,0,0,0.463,41.577,310.625,4800.000,1130,35350,35182,156,168,12,0.004,0.068,0.087,1130,12000000,9331896,0.105,0.011,0.005,0.087,35350,6,6,30,0,6,0,0,0,0,0,0,0,1,0,4,237,46,46,0,0,0,0,0,,disabled,,0,0,0,0,,1,Fixed Quality,Hybrid,85,30,9500,12000,640,360,H.264,480,270,518400,28178,518400,28178,0.054,0.000,,0,0,0.000,1.904,0.000,0.000,0.069,7250,6750,6750,10,10,0,1,9500,1.000,0,16.005,5.689,1,1,0.000,0.000,0,0,0,0,0.000,1.000,0.000,1,0,0,disabled,24,0,0,large-au-observed,0,,0,0,17.856,23.729,0,,0.000,0.000,0.000,0.000,0,0,0,,0,0,0,6.184,0,1204,0.069,0.000,0.000,0.069,0.000,0.046,0.007,1,1,1,1,0,1,1,0,0,0,0,0,1.000,0.000,0.000,30,0,0.000,0,0,0,0.000,0.000,0.000,0.000,0.000,0.000,0.000,1.826,10.088,0,0,0,0,0,0,0,0,0.000,0.000,0.000,0.000,0.000,0.000,0,0.088,29.099,1196,1197,4571,30.360,77.131,29.668,77.131,17189.327,445,1,H.264,12.462,0,0,76.107,77.102,1.000,39.374,11.429,arrival-gap-jitter-spike,27053.398,0,1,1,1,1,44242.725,320.658,333.330,336.663,336.663,0,0,0,0,0,0,0,,,0,0,0,0,0,0,0,0,0,0,,10.112,0.000,12.843,0.000,0.000,0.000,120.000,,0.000,1203,0.000,16.563,3.621,0.072,0.900,0.648,0.000,0.252,1,0,0,1,3,0.004,29.094,29.099,4.072,29.194,0.500,Loss,0,1,0,0.000,2,1,1,0,0.000,0.000,0.000,0,0,0,0,0,0,0,0
45.243,Baseline,Loopback,1,1,0,,,0.000,0,21,1231,27.583,27.586,27.670,18.714,9.396,0.091,0.273,4.129,0.004,0.000,36043,155,170,15,21,0,0,21,0,21,0,0,15,1225,0,0,0,0,0,5.000,0,0,0,0,0,0,0,0,0,0,0,0,0,0,0,0.000,0.000,0.000,,1225,1225,4672,0,1,39.445,76.107,40.383,77.102,0.000,0.000,1224,1224,1546,1246,0,0,6,47,1231,1,completed,completed,H.264,0,1,24,24,0,6,1,0,0,0,0,0,36183,23,0,0,0,0,0,18.284,0,0,21,21,8,13,0.218,1.086,1.542,0,0,21,0,21,0,0,0,0.000,0.000,1.000,1.000,0.000,25.000,0.000,0.000,0.000,insufficient-sample,4,7,0,0,4,7,6,30,0,0,0,0,30,predicted-useful,fec-grace,1278,0.000,6,21,0,0,0,0,0,43,44,43,44,1,7,1,7,0,0,0,loss,1,0.199,28.881,36.990,43,44,0,0,0,0,0,0,51,1,9,0,1,9500000,1200000,20,0,20,36175,36154,44292919,21,22698,1,1244,0,0,0,0,0,0.516,41.577,11865.750,4800.000,1156,36179,36010,157,169,12,0.004,0.118,0.181,1156,12000000,9283979,0.121,0.011,0.000,0.104,36179,6,6,30,0,6,0,0,0,0,0,0,0,1,0,4,243,47,47,0,0,0,0,0,,disabled,,0,0,0,0,,1,Fixed Quality,Hybrid,85,30,9500,12000,640,360,H.264,480,270,518400,28178,518400,28178,0.054,0.000,,0,0,0.000,2.025,0.000,0.000,0.133,7250,6750,6750,10,10,0,1,9500,1.000,0,16.222,5.856,1,1,0.000,0.000,0,0,0,0,0.000,1.000,0.000,1,0,0,disabled,24,0,0,large-au-observed,0,,0,0,18.034,23.729,0,,0.000,0.000,0.000,0.000,0,0,0,,0,0,0,5.547,0,1232,0.133,0.000,0.000,0.133,0.000,0.080,0.010,1,1,1,1,0,1,1,0,0,0,1,0,0.860,108.705,0.000,26,0,0.000,0,0,0,0.000,0.000,0.000,0.000,0.000,0.000,0.000,1.883,10.063,0,0,0,0,0,0,0,0,0.000,0.000,0.000,0.000,0.000,0.000,0,0.085,27.586,1224,1225,4672,40.526,77.131,29.668,77.131,17189.327,445,1,H.264,12.462,0,0,76.107,77.102,1.000,39.374,11.429,arrival-gap-jitter-spike,28053.701,0,1,1,1,1,45243.028,320.658,333.330,336.663,336.663,0,0,0,0,0,0,0,,,0,0,0,0,0,0,0,0,0,0,,11.229,0.000,14.004,0.000,0.000,0.000,120.000,,0.000,1231,0.000,16.978,2.886,0.071,1.000,0.725,0.000,0.275,1,0,0,1,3,0.004,27.583,27.586,4.129,27.670,0.000,None,0,1,0,0.000,2,1,1,0,0.000,0.000,0.000,0,0,0,0,0,0,0,0
46.249,Baseline,Loopback,1,1,0,,,0.000,0,21,1259,25.794,25.773,25.888,8.234,9.442,0.126,0.287,8.372,0.004,0.000,36874,156,171,15,21,0,0,21,0,21,0,0,15,1253,0,0,0,0,0,5.000,0,0,0,0,0,0,0,0,0,0,0,0,0,0,0,0.000,0.000,0.000,,1253,1253,4759,0,1,29.411,76.107,30.397,77.102,0.000,0.000,1252,1252,1574,1274,0,0,6,47,1259,1,completed,completed,H.264,0,1,24,24,0,0,0,0,0,0,0,0,37024,23,0,0,0,0,0,7.958,0,0,21,21,8,13,0.218,1.086,1.542,0,0,21,0,21,0,0,0,0.000,0.000,1.000,1.000,0.000,25.000,0.000,0.000,0.000,insufficient-sample,4,7,0,0,4,7,6,30,0,0,0,0,30,predicted-useful,fec-grace,1306,0.000,6,21,0,0,0,0,0,43,44,43,44,1,7,1,7,0,0,0,loss,1,0.199,28.881,36.990,43,44,0,0,0,0,0,0,51,1,9,0,1,9500000,1200000,0,0,0,36985,36985,45310601,21,22698,1,1244,0,0,0,0,0,16.305,41.577,6771.125,4800.000,1184,37044,36873,159,171,12,0.004,0.071,0.085,1184,12000000,9116476,0.070,-0.026,0.000,0.049,37044,6,6,30,0,6,0,0,0,0,0,0,0,1,0,4,243,47,47,0,0,0,0,0,,disabled,,0,0,0,0,,1,Fixed Quality,Hybrid,85,30,9500,12000,640,360,H.264,480,270,518400,28178,518400,28178,0.054,0.000,,0,0,0.000,1.980,0.000,0.000,0.068,7250,6750,6750,10,10,0,1,9500,1.000,0,16.305,6.219,0,1,0.000,0.000,0,0,0,0,0.000,1.000,0.000,1,0,0,disabled,24,0,0,large-au-observed,0,,0,0,18.501,23.729,0,,0.000,0.000,0.000,0.000,0,0,0,,0,0,0,5.986,0,1259,0.068,0.000,0.000,0.068,0.000,0.046,0.006,1,1,1,1,0,1,1,0,0,0,0,0,1.000,0.000,0.000,30,0,0.000,0,0,0,0.000,0.000,0.000,0.000,0.000,0.000,0.000,1.899,9.995,0,0,0,0,0,0,0,0,0.000,0.000,0.000,0.000,0.000,0.000,0,0.107,25.773,1252,1253,4759,30.376,77.131,29.668,77.131,17189.327,445,1,H.264,12.462,0,0,76.107,77.102,1.000,39.374,11.429,arrival-gap-jitter-spike,29060.047,0,1,1,1,1,46249.374,320.658,333.330,336.663,336.663,0,0,0,0,0,0,0,,,0,0,0,0,0,0,0,0,0,0,,10.788,0.000,13.600,0.000,0.000,0.000,120.000,,0.001,1259,0.000,17.334,3.624,0.080,1.103,0.865,0.000,0.238,1,0,0,1,3,0.004,25.794,25.773,8.372,25.888,0.000,PacingQueue,0,1,0,0.000,2,1,1,0,0.000,0.000,0.000,0,0,0,0,0,0,0,0
47.250,Baseline,Loopback,1,1,0,,,0.000,0,21,1288,29.580,29.570,29.567,8.158,9.496,0.112,0.284,11.367,0.004,0.000,37709,163,184,21,26,0,4,22,0,22,0,0,21,1281,0,0,0,0,0,5.000,0,0,0,0,0,0,0,0,0,0,0,0,0,0,0,0.000,0.000,0.000,,1281,1281,4843,0,1,21.415,76.107,22.439,77.102,0.000,0.000,1280,1279,1637,1303,0,0,7,53,1288,1,completed,completed,H.264,0,1,24,24,0,0,0,0,0,0,0,0,37870,23,0,0,0,0,0,8.029,0,4,22,22,8,14,0.218,1.085,1.542,0,0,26,0,26,0,0,0,0.000,1.000,1.000,1.000,0.000,30.000,0.000,1.000,0.000,duplicate-guard,4,7,0,0,4,7,7,35,0,0,0,0,35,predicted-useful,fec-grace,1341,0.000,8,26,0,0,0,0,0,47,49,47,49,1,7,1,7,0,0,0,loss,1,0.161,25.394,33.518,46,48,1,1,0,0,0,0,56,3,12,0,1,9500000,1200000,4,0,4,37830,37826,46340065,26,28294,1,1244,0,0,0,0,0,7.753,41.577,123.438,4800.000,1210,37863,37679,166,184,18,0.004,0.055,0.035,1210,7358661,8325229,0.108,-0.014,0.033,0.094,37863,7,7,35,0,7,0,0,0,0,0,0,0,1,0,4,266,53,53,0,0,0,0,0,,disabled,,0,0,0,0,,1,Fixed Quality,Hybrid,85,30,9500,12000,640,360,H.264,480,270,518400,0,518400,28178,0.054,0.000,,0,0,0.000,4.631,0.000,3.950,0.611,7250,6750,6750,10,10,0,1,9500,1.000,0,24.703,6.332,1,1,0.000,0.000,0,0,0,0,0.000,1.000,0.000,1,0,0,disabled,0,0,0,async-output-pending,0,,0,0,0.000,0.000,0,,7.682,2998.875,45673.077,0.000,0,0,0,,0,0,0,0.000,1,0,0.602,0.146,0.455,0.000,0.000,0.000,0.000,0,0,1,1,1,0,0,1,1,0,1,0,0.860,171.204,0.000,26,0,0.000,0,0,0,0.000,0.000,0.000,0.000,0.000,0.000,0.000,0.000,9.940,0,0,0,0,0,0,0,0,0.000,0.000,0.000,0.000,0.000,0.000,0,0.091,29.570,1280,1281,4843,22.483,77.131,29.668,77.131,17189.327,445,1,H.264,12.462,0,0,76.107,77.102,1.000,39.374,11.429,arrival-gap-jitter-spike,30060.388,0,1,1,1,1,47249.715,320.658,333.330,336.663,336.663,0,0,0,0,0,0,0,,,0,0,0,0,0,0,0,0,0,0,,17.206,0.000,20.108,2.663,0.000,14.811,120.000,,0.000,1287,0.000,26.329,4.105,0.077,1.073,0.819,0.000,0.254,1,0,0,1,3,0.004,29.580,29.570,11.367,29.567,1.000,PacingQueue,0,1,0,0.000,5,2,2,0,0.000,0.000,0.000,0,0,0,0,0,0,0,0
48.256,Baseline,Loopback,1,1,0,,,0.000,0,21,1316,27.372,27.372,27.256,8.673,9.493,0.128,0.280,4.229,0.004,0.000,38548,169,190,21,26,0,4,22,0,22,0,0,21,1309,0,0,0,0,0,5.000,0,0,0,0,0,0,0,0,0,0,0,0,0,0,0,0.000,0.000,0.000,,1309,1309,4947,0,1,39.725,76.107,40.763,77.102,0.000,0.000,1308,1308,1671,1331,0,0,7,54,1316,1,completed,completed,H.264,0,1,24,24,0,0,0,0,0,0,0,0,38711,23,0,0,0,0,0,8.519,0,4,22,22,8,14,0.218,1.085,1.542,0,0,26,0,26,0,0,0,0.000,1.000,1.000,1.000,0.000,26.000,0.000,0.000,0.000,insufficient-sample,4,7,0,0,4,7,7,35,0,0,0,0,35,predicted-useful,fec-grace,1370,0.000,8,26,0,0,0,0,0,48,50,48,50,1,7,1,7,0,0,0,loss,1,0.161,25.394,33.518,47,49,1,1,0,0,0,0,57,3,12,0,1,9500000,1200000,0,0,0,38670,38670,47373949,26,28294,1,1244,0,0,0,0,0,14.414,41.577,4634.438,4800.000,1237,38727,38537,172,190,18,0.004,0.077,0.116,1237,12000000,8601889,0.128,0.016,0.001,0.101,38727,7,7,35,0,7,0,0,0,0,0,0,0,1,0,4,271,54,54,0,0,0,0,0,,disabled,,0,0,0,0,,1,Fixed Quality,Hybrid,85,30,9500,12000,640,360,H.264,480,270,518400,28176,518400,28176,0.054,0.000,,0,0,0.000,1.882,0.000,0.000,0.075,7250,6750,6750,10,10,0,1,9500,1.000,0,14.414,6.392,0,1,0.000,0.000,0,0,0,0,0.000,1.000,0.000,1,0,0,disabled,24,0,0,large-au-observed,0,,0,0,17.306,23.727,0,,0.000,0.000,0.000,0.000,0,0,0,,0,0,0,5.836,0,1316,0.075,0.000,0.000,0.075,0.000,0.049,0.008,1,1,1,1,0,1,1,0,0,0,1,0,0.860,30.111,0.000,26,0,0.000,0,0,0,0.000,0.000,0.000,0.000,0.000,0.000,0.000,1.799,25.924,0,0,0,0,0,0,0,0,0.000,0.000,0.000,0.000,0.000,0.000,0,0.097,27.372,1308,1309,4947,40.694,77.131,29.668,77.131,17189.327,445,1,H.264,12.462,0,0,76.107,77.102,1.000,39.374,11.429,arrival-gap-jitter-spike,31066.787,0,1,1,1,1,48256.114,320.658,333.330,336.663,336.663,0,0,0,0,0,0,0,,,0,0,0,0,0,0,0,0,0,0,,9.364,0.000,12.176,0.000,0.000,0.000,120.000,,0.000,1316,0.000,14.963,2.686,0.076,0.913,0.659,0.000,0.254,1,0,0,1,3,0.004,27.372,27.372,4.229,27.256,0.500,Loss,0,1,0,0.000,2,1,1,0,0.000,0.000,0.000,0,0,0,0,0,0,0,0
49.256,Baseline,Loopback,1,1,0,,,0.000,0,21,1344,28.617,28.603,28.654,12.920,9.553,0.128,0.280,5.179,0.004,0.000,39418,172,204,32,39,0,8,31,1,30,0,0,32,1337,0,0,0,0,0,5.000,0,0,0,0,0,0,0,0,0,0,0,0,0,0,0,0.000,0.000,0.000,,1337,1337,5030,0,1,28.504,76.107,29.766,77.102,0.000,0.000,1336,1336,1715,1367,0,0,10,54,1344,1,completed,completed,H.264,0,1,24,24,0,0,0,0,0,0,0,0,39565,23,0,0,0,0,0,12.733,1,8,30,30,12,18,0.146,1.097,1.542,0,0,39,0,39,0,1,0,0.111,0.889,1.000,1.000,0.000,30.000,0.077,0.923,0.000,duplicate-guard,4,7,0,0,4,7,10,49,0,0,0,0,49,predicted-useful,fec-grace,1404,0.000,11,39,0,0,0,0,0,49,51,49,51,1,7,1,7,0,0,0,loss,1,0.183,27.548,35.681,48,50,1,1,0,0,0,0,58,3,13,0,1,9500000,1200000,11,0,11,39553,39542,48440769,39,42600,2,2488,0,0,0,0,0,0.527,41.577,912.000,4800.000,1264,39586,39382,175,204,29,0.004,0.178,0.195,1264,8570227,8870930,0.192,0.016,0.008,0.145,39586,10,10,49,1,9,0,0,0,0,0,0,0,1,0,4,271,54,54,0,0,0,0,0,,disabled,,0,0,0,0,,1,Fixed Quality,Hybrid,85,30,9500,12000,640,360,H.264,480,270,518400,28178,518400,28178,0.054,0.000,,0,0,0.000,2.065,0.000,0.000,0.124,7250,6750,6750,10,10,0,1,9500,1.000,0,10.551,6.728,1,1,0.000,0.000,0,0,0,0,0.026,0.974,0.000,1,0,0,disabled,24,0,0,large-au-observed,0,,0,0,12.441,23.729,0,,0.000,0.000,0.000,0.000,0,0,0,,0,0,0,14.433,0,1345,0.123,0.000,0.000,0.123,0.000,0.089,0.009,1,1,1,1,0,1,1,0,0,0,0,0,1.000,0.000,0.000,30,0,0.000,0,0,0,0.000,0.000,0.000,0.000,0.000,0.000,0.000,1.927,18.521,0,0,0,0,0,0,0,0,0.000,0.000,0.000,0.000,0.000,0.000,0,0.091,28.603,1336,1337,5030,29.461,77.131,29.668,77.131,17189.327,445,1,H.264,12.462,0,0,76.107,77.102,1.000,39.374,11.429,arrival-gap-jitter-spike,32066.812,0,1,1,1,1,49256.139,320.658,333.330,336.663,336.663,0,0,0,0,0,0,0,,,0,0,0,0,0,0,0,0,0,0,,15.298,0.000,18.203,0.000,0.000,0.000,120.000,,0.001,1344,0.000,20.469,2.169,0.086,0.847,0.628,0.000,0.219,1,0,0,1,3,0.004,28.617,28.603,5.179,28.654,0.000,Loss,0,1,0,0.000,2,1,1,0,0.000,0.000,0.000,0,0,0,0,0,0,0,0
50.256,Baseline,Loopback,1,1,0,,,0.000,0,21,1374,29.718,29.722,29.925,8.276,9.530,0.104,0.305,3.044,0.004,0.000,40319,174,206,32,39,0,8,31,1,30,0,0,32,1367,0,0,0,0,0,5.000,0,0,0,0,0,0,0,0,0,0,0,0,0,0,0,0.000,0.000,0.000,,1367,1367,5129,0,1,29.558,76.107,30.606,77.102,0.000,0.000,1366,1366,1751,1397,0,0,10,55,1374,1,completed,completed,H.264,0,1,24,24,0,0,0,0,0,0,0,0,40466,23,0,0,0,0,0,8.027,1,8,30,30,12,18,0.146,1.097,1.542,0,0,39,0,39,0,1,0,0.111,0.889,1.000,1.000,0.000,26.000,0.000,0.000,0.000,insufficient-sample,4,7,0,0,4,7,10,49,0,0,0,0,49,predicted-useful,fec-grace,1435,0.000,11,39,0,0,0,0,0,50,52,50,52,1,7,1,7,0,0,0,loss,1,0.183,27.548,35.681,49,51,1,1,0,0,0,0,59,3,13,0,1,9500000,1200000,9,0,9,40453,40444,49545625,39,42600,2,2488,0,0,0,0,0,4.682,41.577,547.250,4800.000,1293,40513,40307,177,206,29,0.004,0.178,0.210,1293,12000000,9369545,0.165,-0.056,0.000,0.139,40513,10,10,49,1,9,0,0,0,0,0,0,0,1,0,4,276,55,55,0,0,0,0,0,,disabled,,0,0,0,0,,1,Fixed Quality,Hybrid,85,30,9500,12000,640,360,H.264,480,270,518400,28178,518400,28178,0.054,0.000,,0,0,0.000,1.923,0.000,0.000,0.075,7250,6750,6750,10,10,0,1,9500,1.000,0,16.491,6.952,1,1,0.000,0.000,0,0,0,0,0.026,0.974,0.000,1,0,0,disabled,24,0,0,large-au-observed,0,,0,0,18.339,23.729,0,,0.000,0.000,0.000,0.000,0,0,0,,0,0,0,4.050,0,1375,0.075,0.000,0.000,0.074,0.000,0.050,0.008,1,1,1,1,0,1,1,0,0,0,1,0,0.860,106.603,0.000,26,0,0.000,0,0,0,0.000,0.000,0.000,0.000,0.000,0.000,0.000,1.839,8.105,0,0,0,0,0,0,0,0,0.000,0.000,0.000,0.000,0.000,0.000,0,0.082,29.722,1366,1367,5129,30.505,77.131,29.668,77.131,17189.327,445,1,H.264,12.462,0,0,76.107,77.102,1.000,39.374,11.429,arrival-gap-jitter-spike,33066.902,0,1,1,1,1,50256.229,320.658,333.330,336.663,336.663,0,0,0,0,0,0,0,,,0,0,0,0,0,0,0,0,0,0,,9.113,0.000,11.963,0.000,0.000,0.000,120.000,,0.000,1374,0.000,15.547,3.500,0.071,0.769,0.471,0.000,0.298,1,0,0,1,3,0.004,29.718,29.722,3.044,29.925,0.000,None,0,0,0,0.000,0,0,0,0,0.000,0.000,0.000,0,0,0,0,0,0,0,0
51.263,Baseline,Loopback,1,1,0,,,0.000,0,21,1404,30.426,30.430,30.303,14.341,9.549,0.200,0.303,6.550,0.004,0.000,41189,184,216,32,39,0,8,31,1,30,0,0,32,1397,0,0,0,0,0,5.000,0,0,0,0,0,0,0,0,0,0,0,0,0,0,0,0.000,0.000,0.000,,1397,1397,5233,0,1,25.276,76.107,26.316,77.102,0.000,0.000,1396,1396,1793,1427,0,0,10,57,1404,1,completed,completed,H.264,0,1,24,24,0,0,0,0,0,0,0,0,41367,23,0,0,0,0,0,13.759,1,8,30,30,12,18,0.146,1.097,1.542,0,0,39,0,39,0,1,0,0.111,0.889,1.000,1.000,0.000,25.000,0.000,0.000,0.000,insufficient-sample,4,7,0,0,4,7,10,49,0,0,0,0,49,predicted-useful,fec-grace,1467,0.000,11,39,0,0,0,0,0,52,54,52,54,1,7,1,7,0,0,0,loss,1,0.183,27.548,35.681,51,53,1,1,0,0,0,0,61,3,13,0,1,9500000,1200000,0,0,0,41323,41323,50621869,39,42600,2,2488,0,0,0,0,0,13.593,41.577,3414.062,4800.000,1320,41377,41161,187,216,29,0.005,0.075,0.069,1320,10734072,10021719,0.086,0.096,0.018,0.065,41377,10,10,49,1,9,0,0,0,0,0,0,0,1,0,4,286,57,57,0,0,0,0,0,,disabled,,0,0,0,0,,1,Fixed Quality,Hybrid,85,30,9500,12000,640,360,H.264,480,270,518400,28178,518400,28178,0.054,0.000,,0,0,0.000,1.942,0.000,0.000,0.074,7250,6750,6750,10,10,0,1,9500,1.000,0,13.593,7.077,1,1,0.000,0.000,0,0,0,0,0.026,0.974,0.000,1,0,0,disabled,24,0,0,large-au-observed,0,,0,0,17.537,23.729,0,,0.000,0.000,0.000,0.000,0,0,0,,0,0,0,5.935,0,1404,0.074,0.000,0.000,0.074,0.000,0.051,0.007,1,1,1,1,0,1,1,0,0,0,0,0,1.000,0.000,0.000,30,0,0.000,0,0,0,0.000,0.000,0.000,0.000,0.000,0.000,0.000,1.861,22.998,0,0,0,0,0,0,0,0,0.000,0.000,0.000,0.000,0.000,0.000,0,0.086,30.430,1396,1397,5233,26.395,77.131,29.668,77.131,17189.327,445,1,H.264,12.462,0,0,76.107,77.102,1.000,39.374,11.429,arrival-gap-jitter-spike,34074.716,0,1,1,1,1,51264.043,320.658,333.330,336.663,336.663,0,0,0,0,0,0,0,,,0,0,0,0,0,0,0,0,0,0,,15.264,0.000,18.067,0.000,0.000,0.000,120.000,,0.000,1404,0.000,20.795,2.639,0.073,1.020,0.734,0.000,0.286,1,0,0,1,3,0.004,30.426,30.430,6.550,30.303,0.500,Loss,0,1,0,0.000,2,1,1,0,0.000,0.000,0.000,0,0,0,0,0,0,0,0
52.270,Baseline,Loopback,1,1,0,,,0.000,0,21,1433,28.849,28.866,28.702,5.596,9.653,0.161,0.300,6.934,0.004,0.000,42031,187,225,38,43,0,8,35,1,34,0,0,38,1425,0,0,0,0,0,5.000,0,0,0,0,0,0,0,0,0,0,0,0,0,0,0,0.000,0.000,0.000,,1425,1425,5311,0,1,26.694,76.107,27.729,77.102,0.000,0.000,1424,1424,1840,1459,0,0,11,59,1433,1,completed,completed,H.264,0,1,24,24,0,0,0,0,0,0,0,0,42212,23,0,0,0,0,0,5.424,1,8,34,34,16,18,0.117,1.106,1.542,0,0,43,0,43,0,1,0,0.111,0.889,1.000,1.000,0.000,29.000,0.000,0.000,0.000,insufficient-sample,4,7,0,0,4,7,11,54,0,0,0,0,54,predicted-useful,fec-grace,1498,0.000,12,43,0,0,0,0,0,54,56,54,56,1,7,1,7,0,0,0,loss,1,0.189,28.334,36.472,53,55,1,1,0,0,0,0,63,3,14,0,1,9500000,1200000,0,0,0,42167,42167,51655099,43,46954,2,2488,0,0,0,0,0,18.334,41.577,8594.750,4800.000,1347,42237,42012,196,225,29,0.005,0.076,0.078,1347,12000000,10183041,0.168,0.069,0.004,0.120,42237,11,11,54,1,10,0,0,0,0,0,0,0,1,0,4,298,59,59,0,0,0,0,0,,disabled,,0,0,0,0,,1,Fixed Quality,Hybrid,85,30,9500,12000,640,360,H.264,480,270,518400,28178,518400,28178,0.054,0.000,,0,0,0.000,1.909,0.000,0.000,0.071,7250,6750,6750,10,10,0,1,9500,1.000,0,18.935,7.440,0,1,0.000,0.000,0,0,0,0,0.023,0.977,0.000,1,0,0,disabled,24,0,0,large-au-observed,0,,0,0,28.016,23.729,0,,0.000,0.000,0.000,0.000,0,0,0,,0,0,0,6.199,0,1433,0.071,0.000,0.000,0.071,0.000,0.049,0.007,1,1,1,1,0,1,1,0,0,0,1,0,0.860,109.099,0.000,26,0,0.000,0,0,0,0.000,0.000,0.000,0.000,0.000,0.000,0.000,1.830,10.336,0,0,0,0,0,0,0,0,0.000,0.000,0.000,0.000,0.000,0.000,0,0.093,28.866,1424,1425,5311,27.709,77.131,29.668,77.131,17189.327,445,1,H.264,12.462,0,0,76.107,77.102,1.000,39.374,11.429,arrival-gap-jitter-spike,35081.205,0,1,1,1,1,52270.532,320.658,333.330,336.663,336.663,0,0,0,0,0,0,0,,,0,0,0,0,0,0,0,0,0,0,,14.461,0.000,17.312,0.000,0.000,0.000,120.000,,0.000,1433,0.000,20.461,3.051,0.079,0.801,0.504,0.000,0.297,1,0,0,1,3,0.004,28.849,28.866,6.934,28.702,0.500,PacingQueue,0,1,0,0.000,2,1,1,0,0.000,0.000,0.000,0,0,0,0,0,0,0,0
53.275,Baseline,Loopback,1,1,0,,,0.000,0,21,1461,28.719,28.726,28.763,16.635,9.766,0.125,0.297,15.712,0.004,0.000,42862,191,229,38,43,0,8,35,1,34,0,0,38,1453,0,0,0,0,0,5.000,0,0,0,0,0,0,0,0,0,0,0,0,0,0,0,0.000,0.000,0.000,,1453,1453,5384,0,1,18.069,81.811,19.109,82.828,0.000,0.000,1452,1452,1888,1487,0,0,11,62,1461,1,completed,completed,H.264,0,1,24,24,0,0,0,0,0,0,0,0,43053,23,0,0,0,0,0,16.548,1,8,34,34,16,18,0.117,1.106,1.542,0,0,43,0,43,0,1,0,0.111,0.889,1.000,1.000,0.000,25.000,0.000,0.000,0.000,insufficient-sample,5,9,0,0,5,9,11,54,0,0,0,0,54,predicted-useful,fec-grace,1529,0.000,12,43,0,0,0,0,0,57,59,57,59,1,7,1,7,0,0,0,loss,1,0.189,28.334,36.472,56,58,1,1,0,0,0,0,66,3,14,0,1,9500000,1200000,36,0,36,43037,43001,52676463,43,46954,2,2488,0,0,0,0,0,15.871,41.577,332.000,4800.000,1374,43070,42841,200,229,29,0.005,0.151,0.193,1374,12000000,9872832,0.157,0.048,0.001,0.104,43070,11,11,54,1,10,0,0,0,0,0,0,0,1,0,4,314,62,62,0,0,0,0,0,,disabled,,0,0,0,0,,1,Fixed Quality,Hybrid,85,30,9500,12000,640,360,H.264,480,270,518400,28178,518400,28178,0.054,0.000,,0,0,0.000,2.401,0.000,0.000,0.089,7250,6750,6750,10,10,0,1,9500,1.000,0,15.871,7.823,0,1,0.000,0.000,0,0,0,0,0.023,0.977,0.000,1,0,0,disabled,24,0,0,large-au-observed,0,,0,0,13.219,23.729,0,,0.000,0.000,0.000,0.000,0,0,0,,0,0,0,8.578,0,1462,0.089,0.000,0.000,0.089,0.000,0.062,0.008,1,1,1,1,0,1,1,0,0,0,0,0,1.000,0.000,0.000,30,0,0.000,0,0,0,0.000,0.000,0.000,0.000,0.000,0.000,0.000,2.300,12.715,0,0,0,0,0,0,0,0,0.000,0.000,0.000,0.000,0.000,0.000,0,0.128,28.731,1452,1453,5384,19.003,82.926,29.668,82.926,52331.177,1434,1,H.264,18.911,0,0,81.811,82.828,0.999,48.165,17.791,arrival-gap-jitter-spike,943.879,0,1,1,1,1,53275.056,320.658,333.330,336.663,336.663,0,0,0,0,0,0,0,,,0,0,0,0,0,0,0,0,0,0,,15.763,0.000,18.785,0.000,0.000,0.000,120.000,,0.001,1461,0.000,23.387,4.471,0.093,0.419,0.068,0.000,0.351,1,0,0,1,3,0.004,28.719,28.726,15.712,28.763,1.000,Jitter,1,1,0,0.000,2,1,1,0,0.000,0.000,0.000,0,0,0,0,0,0,0,0
54.277,Baseline,Loopback,1,1,0,,,0.000,0,21,1486,24.031,24.030,23.974,5.301,9.772,0.143,0.294,1.677,0.004,0.000,43521,193,231,38,43,0,8,35,1,34,0,0,38,1478,0,0,0,0,0,5.000,0,0,0,0,0,0,0,0,0,0,0,0,0,0,0,0.000,0.000,0.000,,1478,1478,5485,0,1,42.296,81.811,43.291,82.828,0.000,0.000,1477,1477,1919,1512,0,0,11,63,1486,1,completed,completed,H.264,0,1,22,22,0,0,0,0,0,0,0,0,43712,21,0,0,0,0,0,5.168,1,8,34,34,16,18,0.117,1.106,1.542,0,0,43,0,43,0,1,0,0.111,0.889,1.000,1.000,0.000,25.000,0.000,0.000,0.000,insufficient-sample,5,9,0,0,5,9,11,54,0,0,0,0,54,predicted-useful,fec-grace,1555,0.000,12,43,0,0,0,0,0,58,60,58,60,1,7,1,7,0,0,0,loss,1,0.189,28.334,36.472,57,59,1,1,0,0,0,0,67,3,14,0,1,9500000,1200000,4,0,4,43665,43661,53489186,43,46954,2,2488,0,0,0,0,0,4.729,46.969,381.938,4800.000,1396,43748,43517,202,231,29,0.005,0.076,0.114,1396,12000000,7174750,0.127,0.042,0.001,0.093,43748,11,11,54,1,10,0,0,0,0,0,0,0,1,0,4,319,63,63,0,0,0,0,0,,disabled,,0,0,0,0,,1,Fixed Quality,Hybrid,85,30,9500,12000,640,360,H.264,480,270,518400,26096,518400,26096,0.050,0.000,,0,0,0.000,1.819,0.000,0.000,0.127,6250,6250,6250,11,11,0,1,9500,0.862,1,12.358,0.109,1,0,0.000,0.000,0,0,0,0,0.023,0.977,0.000,1,0,0,fixed-pacing-queue-hold,22,0,0,large-au-observed,0,,0,0,17.830,21.976,0,,0.000,0.000,0.000,0.000,0,0,0,,0,0,0,11.981,0,1486,0.127,0.000,0.000,0.126,0.000,0.094,0.010,1,1,1,1,0,1,1,0,0,0,1,0,0.860,179.996,0.000,24,0,0.000,0,0,0,0.000,0.000,0.000,0.000,0.000,0.000,0.000,1.680,9.220,0,0,0,0,0,0,0,0,0.000,0.000,0.000,0.000,0.000,0.000,0,0.084,24.030,1477,1478,5485,43.239,82.926,29.668,82.926,52331.177,1434,1,H.264,18.911,0,0,81.811,82.828,0.999,48.165,17.791,arrival-gap-jitter-spike,1945.513,0,1,1,1,1,54276.690,320.658,333.330,336.663,336.663,0,0,0,0,0,0,0,,,0,0,0,0,0,0,0,0,0,0,,8.368,0.000,10.962,0.000,0.000,0.000,120.000,,0.000,1486,0.000,14.025,2.976,0.084,0.780,0.504,0.000,0.276,1,0,0,1,3,0.004,24.031,24.030,1.677,23.974,0.500,Loss,0,1,0,0.000,1,1,1,0,0.000,0.000,0.000,0,0,0,0,0,0,0,0
55.279,Baseline,Loopback,1,1,0,,,0.000,0,21,1512,26.323,25.951,25.886,13.406,9.755,0.093,0.290,4.800,0.004,0.000,44269,195,233,38,43,0,8,35,1,34,0,0,38,1504,0,0,0,0,0,5.000,0,0,0,0,0,0,0,0,0,0,0,0,0,0,0,0.000,0.000,0.000,,1504,1504,5582,0,1,41.839,81.811,42.790,82.828,0.000,0.000,1503,1502,1945,1538,0,0,11,63,1512,1,completed,completed,H.264,0,1,23,23,0,0,0,0,0,0,0,0,44458,22,0,0,0,0,0,13.161,1,8,34,34,16,18,0.117,1.106,1.542,0,0,43,0,43,0,1,0,0.111,0.889,1.000,1.000,0.000,25.000,0.000,0.000,0.000,insufficient-sample,5,9,0,0,5,9,11,54,0,0,0,0,54,predicted-useful,fec-grace,1581,0.000,12,43,0,0,0,0,0,58,60,58,60,1,7,1,7,0,0,0,loss,1,0.189,28.334,36.472,57,59,1,1,0,0,0,0,67,3,14,0,1,9500000,1200000,0,0,0,44410,44410,54411856,43,46954,2,2488,0,0,0,0,0,12.683,46.969,3920.562,4800.000,1420,44501,44268,204,233,29,0.005,0.072,0.073,1420,12000000,8197183,0.133,0.024,0.000,0.105,44501,11,11,54,1,10,0,0,0,0,0,0,0,1,0,4,319,63,63,0,0,0,0,0,,disabled,,0,0,0,0,,1,Fixed Quality,Hybrid,85,30,9500,12000,640,360,H.264,480,270,518400,27136,518400,27136,0.052,0.000,,0,0,0.000,1.894,0.000,0.000,0.106,7250,6500,6500,12,12,0,1,9500,1.000,0,13.221,0.184,1,0,0.000,0.000,0,0,0,0,0.023,0.977,0.000,1,0,0,disabled,23,0,0,large-au-observed,0,,0,0,18.310,22.851,0,,0.000,0.000,0.000,0.000,0,0,0,,0,0,0,8.900,0,1512,0.105,0.000,0.000,0.105,0.000,0.074,0.010,1,1,1,1,0,1,1,0,0,0,1,0,0.860,179.996,0.000,26,0,0.000,0,0,0,0.000,0.000,0.000,0.000,0.000,0.000,0.000,1.779,6.649,0,0,0,0,0,0,0,0,0.000,0.000,0.000,0.000,0.000,0.000,0,0.123,25.951,1503,1504,5582,42.921,82.926,29.668,82.926,52331.177,1434,1,H.264,18.911,0,0,81.811,82.828,0.999,48.165,17.791,arrival-gap-jitter-spike,2948.339,0,1,1,1,1,55279.516,320.658,333.330,336.663,336.663,0,0,0,0,0,0,0,,,0,0,0,0,0,0,0,0,0,0,,11.513,0.000,14.327,1.570,0.000,18.828,120.000,,0.001,1511,0.000,17.321,3.564,0.093,0.301,0.003,0.000,0.297,1,0,0,1,3,0.004,26.323,25.951,4.800,25.886,0.000,None,0,1,0,0.000,1,1,1,0,0.000,0.000,0.000,0,0,0,0,0,0,0,0
56.284,Baseline,Loopback,1,1,0,,,0.000,0,21,1539,24.245,24.241,23.999,5.162,9.763,0.129,0.287,12.143,0.004,0.000,45039,198,236,38,46,0,8,38,1,37,0,0,38,1530,0,0,0,0,0,5.000,0,0,0,0,0,0,0,0,0,0,0,0,0,0,0,0.000,0.000,0.000,,1530,1530,5686,0,1,28.092,81.811,29.103,82.828,0.000,0.000,1529,1529,1982,1567,0,0,12,64,1539,1,completed,completed,H.264,0,1,24,24,0,0,0,0,0,0,0,0,45231,23,0,0,0,0,0,4.919,1,8,37,37,19,18,0.120,1.097,1.542,0,0,46,0,46,0,1,0,0.111,0.889,1.000,1.000,0.000,25.000,0.000,0.000,0.000,insufficient-sample,5,9,0,0,5,9,12,57,0,0,0,0,57,predicted-useful,fec-grace,1610,0.000,13,46,0,0,0,0,0,58,60,58,60,1,7,1,7,0,0,0,loss,1,0.173,24.182,32.321,57,59,1,1,0,0,0,0,67,4,16,0,1,9500000,1200000,0,0,0,45182,45182,55358670,46,50064,2,2488,0,0,0,0,0,11.394,46.969,1280.125,4800.000,1444,45259,45023,207,236,29,0.005,0.176,0.186,1444,12000000,9065905,0.210,0.026,0.001,0.171,45259,12,12,57,1,11,0,0,0,0,0,0,0,1,0,4,325,64,64,0,0,0,0,0,,disabled,,0,0,0,0,,1,Fixed Quality,Hybrid,85,30,9500,12000,640,360,H.264,480,270,518400,28178,518400,28178,0.054,0.000,,0,0,0.000,2.035,0.000,0.000,0.076,7250,6750,6750,13,13,0,1,9500,1.000,0,11.394,0.692,1,1,0.000,0.000,0,0,0,0,0.022,0.978,0.000,1,0,0,disabled,24,0,0,large-au-observed,0,,0,0,16.615,23.729,0,,0.000,0.000,0.000,0.000,0,0,0,,0,0,0,2.984,0,1539,0.076,0.000,0.000,0.076,0.000,0.052,0.008,1,1,1,1,0,1,1,0,0,0,0,0,1.000,0.000,0.000,30,0,0.000,0,0,0,0.000,0.000,0.000,0.000,0.000,0.000,0.000,1.951,7.014,0,0,0,0,0,0,0,0,0.000,0.000,0.000,0.000,0.000,0.000,0,0.083,24.241,1529,1530,5686,29.045,82.926,29.668,82.926,52331.177,1434,1,H.264,18.911,0,0,81.811,82.828,0.999,48.165,17.791,arrival-gap-jitter-spike,3952.584,0,1,1,1,1,56283.761,320.658,333.330,336.663,336.663,0,0,0,0,0,0,0,,,0,0,0,0,0,0,0,0,0,0,,8.931,0.000,11.744,0.000,0.000,0.000,120.000,,0.000,1539,0.000,14.885,3.052,0.072,0.982,0.744,0.000,0.238,1,0,0,1,3,0.004,24.245,24.241,12.143,23.999,1.000,RecoveryDeadline,0,1,0,0.000,1,1,1,0,0.000,0.000,0.000,0,0,0,0,0,0,0,0
57.290,Baseline,Loopback,1,1,0,,,0.000,0,21,1568,29.253,29.255,29.581,6.865,9.761,0.114,0.284,7.441,0.004,0.000,45923,206,244,38,46,0,8,38,1,37,0,0,38,1559,0,0,0,0,0,5.000,0,0,0,0,0,0,0,0,0,0,0,0,0,0,0,0.000,0.000,0.000,,1559,1559,5788,0,1,25.748,81.811,26.743,82.828,0.000,0.000,1558,1558,2017,1596,0,0,12,65,1568,1,completed,completed,H.264,0,1,24,24,0,0,0,0,0,0,0,0,46102,23,0,0,0,0,0,6.499,1,8,37,37,19,18,0.120,1.097,1.542,0,0,46,0,46,0,1,0,0.111,0.889,1.000,1.000,0.000,25.000,0.000,0.000,0.000,insufficient-sample,5,9,0,0,5,9,12,57,0,0,0,0,57,predicted-useful,fec-grace,1640,0.000,13,46,0,0,0,0,0,59,61,59,61,1,7,1,7,0,0,0,loss,1,0.173,24.182,32.321,58,60,1,1,0,0,0,0,68,4,16,0,1,9500000,1200000,9,0,9,46082,46073,56450416,46,50064,2,2488,0,0,0,0,0,1.917,46.969,141.125,4800.000,1472,46153,45909,215,244,29,0.005,0.176,0.335,1472,12000000,8655455,0.181,0.018,0.003,0.124,46153,12,12,57,1,11,0,0,0,0,0,0,0,1,0,4,330,65,65,0,0,0,0,0,,disabled,,0,0,0,0,,1,Fixed Quality,Hybrid,85,30,9500,12000,640,360,H.264,480,270,518400,28178,518400,28178,0.054,0.000,,0,0,0.000,1.892,0.000,0.000,0.066,7250,6750,6750,13,13,0,1,9500,1.000,0,11.406,0.934,1,1,0.000,0.000,0,0,0,0,0.022,0.978,0.000,1,0,0,disabled,24,0,0,large-au-observed,0,,0,0,13.238,23.729,0,,0.000,0.000,0.000,0.000,0,0,0,,0,0,0,3.083,0,1569,0.066,0.000,0.000,0.065,0.000,0.044,0.007,1,1,1,1,0,1,1,0,0,0,1,0,0.860,64.156,0.000,26,0,0.000,0,0,0,0.000,0.000,0.000,0.000,0.000,0.000,0.000,1.819,7.223,0,0,0,0,0,0,0,0,0.000,0.000,0.000,0.000,0.000,0.000,0,0.088,29.255,1558,1559,5788,26.702,82.926,29.668,82.926,52331.177,1434,1,H.264,18.911,0,0,81.811,82.828,0.999,48.165,17.791,arrival-gap-jitter-spike,4959.355,0,1,1,1,1,57290.532,320.658,333.330,336.663,336.663,0,0,0,0,0,0,0,,,0,0,0,0,0,0,0,0,0,0,,13.343,0.000,16.143,0.000,0.000,0.000,120.000,,0.000,1568,0.000,18.228,1.992,0.072,0.999,0.697,0.000,0.302,1,0,0,1,3,0.004,29.253,29.255,7.441,29.581,0.500,Loss,0,1,0,0.000,2,1,1,0,0.000,0.000,0.000,0,0,0,0,0,0,0,0
58.295,Baseline,Loopback,1,1,0,,,0.000,0,21,1598,29.849,29.849,28.261,7.336,9.749,0.114,0.284,8.820,0.004,0.000,46798,207,245,38,46,0,8,38,1,37,0,0,38,1589,0,0,0,0,0,5.000,0,0,0,0,0,0,0,0,0,0,0,0,0,0,0,0.000,0.000,0.000,,1589,1589,5890,0,1,43.018,81.811,43.995,82.828,0.000,0.000,1588,1587,2048,1626,0,0,12,65,1598,1,completed,completed,H.264,0,1,24,24,0,0,0,0,0,0,0,0,47003,23,0,0,0,0,0,7.088,1,8,37,37,19,18,0.120,1.097,1.542,0,0,46,0,46,0,1,0,0.111,0.889,1.000,1.000,0.000,25.000,0.000,0.000,0.000,insufficient-sample,6,10,0,0,6,10,12,57,0,0,0,0,57,predicted-useful,fec-grace,1670,0.000,13,46,0,0,0,0,0,59,61,59,61,1,7,1,7,0,0,0,loss,1,0.173,24.182,32.321,58,60,1,1,0,0,0,0,68,4,16,0,1,9500000,1200000,4,0,4,46952,46948,57521652,46,50064,2,2488,0,0,0,0,0,6.968,46.969,483.250,4800.000,1499,47017,46772,216,245,29,0.005,0.069,0.074,1499,12000000,9689396,0.078,0.018,0.000,0.075,47017,12,12,57,1,11,0,0,0,0,0,0,0,1,0,4,330,65,65,0,0,0,0,0,,disabled,,0,0,0,0,,1,Fixed Quality,Hybrid,85,30,9500,12000,640,360,H.264,480,270,518400,28176,518400,28176,0.054,0.000,,0,0,0.000,1.976,0.000,0.000,0.088,7250,6750,6750,13,13,0,1,9500,1.000,0,9.756,1.053,1,1,0.000,0.000,0,0,0,0,0.022,0.978,0.000,1,0,0,disabled,24,0,0,large-au-observed,0,,0,0,13.225,23.727,0,,0.000,0.000,0.000,0.000,0,0,0,,0,0,0,16.838,0,1598,0.088,0.000,0.000,0.087,0.000,0.060,0.008,1,1,1,1,0,1,1,0,0,0,1,0,0.860,179.996,0.000,26,0,0.000,0,0,0,0.000,0.000,0.000,0.000,0.000,0.000,0.000,1.879,13.843,0,0,0,0,0,0,0,0,0.000,0.000,0.000,0.000,0.000,0.000,0,0.098,29.848,1588,1589,5890,44.132,82.926,29.668,82.926,52331.177,1434,1,H.264,18.911,0,0,81.811,82.828,0.999,48.165,17.791,arrival-gap-jitter-spike,5964.284,0,1,1,1,1,58295.461,320.658,333.330,336.663,336.663,0,0,0,0,0,0,0,,,0,0,0,0,0,0,0,0,0,0,,10.208,0.000,13.172,2.360,0.000,13.712,120.000,,0.001,1597,0.000,16.648,2.894,0.083,0.284,0.008,0.000,0.276,1,0,0,1,3,0.004,29.849,29.849,8.820,28.261,0.500,Loss,0,1,0,0.000,2,1,1,0,0.000,0.000,0.000,0,0,0,0,0,0,0,0
