timeSec,scenarioName,networkRuntimeMode,networkModeSendingEnabled,networkModeReceivingEnabled,networkExperimentActive,networkExperimentScenarioName,networkExperimentAdaptiveMode,networkExperimentRemainingSec,networkExperimentStepIndex,networkExperimentStepCount,frameId,receiveFps,decodeFps,displayFps,currentLatencyMs,averageLatencyMs,currentRttMs,averageRttMs,currentJitterMs,packetLossRate,frameDropRate,receivedPackets,missingPackets,sequenceGapPackets,sequenceGapRecoveredPackets,duplicatePackets,duplicateOriginalPackets,duplicateRetransmitPackets,duplicateLateAfterCompletedPackets,duplicateLateAfterCompletedOriginalPackets,duplicateLateAfterCompletedRetransmitPackets,duplicateLateAfterExpiredPackets,duplicateLateAfterRejectedPackets,reorderedPackets,completedFrames,droppedFrames,deadlineDroppedFrames,outputQueueDroppedFrames,outputQueueDropEvents,outputQueueDropBurstEvents,startupWarmupSec,startupWarmupActive,outputQueueDroppedFramesDelta,outputQueueDropEventsDelta,outputQueueDropBurstEventsDelta,startupOutputQueueDroppedFrames,startupOutputQueueDropEvents,startupOutputQueueDropBurstEvents,steadyOutputQueueDroppedFrames,steadyOutputQueueDropEvents,steadyOutputQueueDropBurstEvents,evaluationOutputQueueDroppedFrames,evaluationOutputQueueDropEvents,evaluationOutputQueueDropBurstEvents,lastOutputQueueDropFrameCount,lastOutputQueueDropQueueSize,lastOutputQueueDropOldestAgeMs,lastOutputQueueDropNewestAgeMs,maxOutputQueueDropOldestAgeMs,lastOutputQueueDropReason,completedQueuePushes,completedQueuePops,completedQueueEmptyPolls,completedQueueSize,maxCompletedQueueSize,completedQueueLastPopAgeMs,completedQueueMaxPopAgeMs,completedQueueLastPushIntervalMs,completedQueueMaxPushIntervalMs,lastOutputQueueDropPopAgeMs,lastOutputQueueDropPushIntervalMs,decodedFrames,displayedFrames,frameRecoveryOutcomeEvents,frameRecoveryCompletedFrames,frameRecoveryExpiredFrames,frameRecoveryRejectedFrames,frameRecoveryNackSentFrames,frameRecoveryFecRecoveredFrames,frameRecoveryLastFrameId,frameRecoveryLastStreamId,frameRecoveryLastEvent,frameRecoveryLastOutcome,frameRecoveryLastCodec,frameRecoveryLastKeyFrame,frameRecoveryLastLargeFrame,frameRecoveryLastChunkCount,frameRecoveryLastReceivedChunks,frameRecoveryLastMissingChunks,frameRecoveryLastFecParityPackets,frameRecoveryLastFecRecoveredChunks,frameRecoveryLastNackCount,frameRecoveryLastPostNackReceivedChunks,frameRecoveryLastNackRequestedChunks,frameRecoveryLastRetransmitReceivedChunks,frameRecoveryLastRetransmitDuplicatePackets,frameRecoveryLastPacketSequence,frameRecoveryLastPacketChunkIndex,frameRecoveryLastRetransmitSequence,frameRecoveryLastRetransmitChunkIndex,frameRecoveryLastEventPacketSequence,frameRecoveryLastEventPacketChunkIndex,frameRecoveryLastEventWasRetransmit,frameRecoveryLastAgeMs,retransmitUsefulChunks,retransmitDuplicatePackets,retransmitLateAfterCompletedPackets,retransmitLateAfterCompletedLargePackets,retransmitLateAfterCompletedSentBeforeCompletePackets,retransmitLateAfterCompletedSentAfterCompletePackets,retransmitLateAfterCompletedAvgSendToCompleteMs,retransmitLateAfterCompletedAvgDelayMs,retransmitLateAfterCompletedMaxDelayMs,retransmitLateAfterExpiredPackets,retransmitLateAfterRejectedPackets,retransmitClassifiedPackets,retransmitNotArrivedPackets,retransmitAccountedPackets,retransmitUnclassifiedPackets,retransmitCompletedFrames,retransmitExpiredFrames,retransmitUsefulnessRatio,retransmitDuplicateRatio,retransmitFinalClassificationRatio,retransmitFinalAccountingRatio,retransmitExpiredAfterUsefulRatio,dynamicNackDeadlineMs,dynamicNackUsefulnessRatio,dynamicNackDuplicateRatio,dynamicNackExpiredAfterRetransmitRatio,dynamicNackDecisionReason,nackSuppressedFrames,nackSuppressedMissingChunks,nackPreflightSuppressedFrames,nackPreflightSuppressedChunks,nackFecGraceSuppressedFrames,nackFecGraceSuppressedChunks,nackPredictedUsefulFrames,nackPredictedUsefulChunks,nackDeferredForLikelyArrivalFrames,nackDeferredForLikelyArrivalChunks,nackSkippedTooLateFrames,nackSkippedTooLateChunks,nackRequestedChunkBudget,nackLastShapingReason,nackLastSuppressionReason,ackCount,lastAckMissingRate,ackRetransmittedFrames,ackRetransmittedChunks,repairCanceledByCompleteAckPackets,repairSkippedByTtlPackets,repairQueuedButCanceledPackets,repairSentAfterCompleteAckPackets,repairSentAfterCompleteAckLargePackets,repairSuppressedByFecLikelyFrames,repairSuppressedByFecLikelyPackets,repairSuppressedByFecLikelyLargeFrames,repairSuppressedByFecLikelyLargePackets,repairBudgetSuppressedFrames,repairBudgetSuppressedPackets,repairBudgetSuppressedLargeFrames,repairBudgetSuppressedLargePackets,repairRaceGuardSuppressedFrames,repairRaceGuardSuppressedPackets,repairRaceGuardSuppressedLargePackets,repairBudgetProfile,repairBudgetProfileSwitches,repairBudgetSmoothedMissingRate,repairBudgetSmoothedPacingQueueDelayMs,repairBudgetSmoothedDeliveryMs,repairFecLikelySuppressedCompletedFrames,repairFecLikelySuppressedCompletedPackets,repairFecLikelySuppressedExpiredFrames,repairFecLikelySuppressedExpiredPackets,repairFecLikelySuppressedPendingFrames,repairFecLikelySuppressedPendingPackets,repairFecLikelySuppressionRescueFrames,repairFecLikelySuppressionRescuePackets,lateRepairSavedPackets,ackStaleDroppedFrames,ackKeyFrameRequests,ackKeyFramePending,pacingEnabled,pacingTargetBitrateBps,pacingRepairTargetBitrateBps,pacingQueuedPackets,pacingHighPriorityQueuedPackets,pacingNormalQueuedPackets,pacingEnqueuedPackets,pacingSentPackets,pacingSentBytes,pacingRepairSentPackets,pacingRepairSentBytes,pacingRepairBorrowedPackets,pacingRepairBorrowedBytes,pacingDroppedPackets,pacingDeadlineDroppedPackets,pacingHighPriorityDeadlineDroppedPackets,pacingNormalDeadlineDroppedPackets,pacingOverflowDroppedPackets,pacingCurrentQueueDelayMs,pacingMaxQueueDelayMs,pacingVideoCreditBytes,pacingRepairCreditBytes,transportFeedbackPackets,transportFeedbackPacketStatuses,transportFeedbackReceivedPackets,transportFeedbackMissingPackets,transportFeedbackSequenceGapPackets,transportFeedbackSequenceGapRecoveredPackets,transportFeedbackLossRate,transportFeedbackArrivalJitterMs,transportFeedbackQueueDelayTrendMs,transportFeedbackLastSequence,estimatedBandwidthBps,deliveryRateBps,bandwidthQueueDelayMs,bandwidthRttTrendMs,bandwidthLossTrend,bandwidthJitterTrendMs,bandwidthFeedbackSamples,deadlineNackSentFrames,deadlineNackRecoveredFrames,deadlineNackMissingChunks,deadlineNackSentH264KeyFrames,deadlineNackSentH264LargeFrames,deadlineNackSentH264DeltaFrames,deadlineNackExpiredDroppedFrames,deadlineNackExpiredAfterNackFrames,deadlineNackExpiredMissingChunks,deadlineNackExpiredH264KeyFrames,deadlineNackExpiredH264KeyMissingChunks,deadlineNackLastExpiredH264KeyMissingChunks,deadlineNackExpiredH264KeyMissingChunks1,deadlineNackExpiredH264KeyMissingChunks2To4,deadlineNackExpiredH264KeyMissingChunks5To8,deadlineNackExpiredH264KeyMissingChunks9To16,deadlineNackExpiredH264KeyMissingChunks17Plus,h264KeySmallMissingDeadlineRescueFrames,h264KeySmallMissingDeadlineRescueMissingChunks,h264KeySmallMissingDeadlineRescueCompletedFrames,h264KeySmallMissingDeadlineRescueRejectedFrames,h264KeySmallMissingDeadlineRescueExpiredFrames,h264KeySmallMissingDeadlineRescueCompletedMissingChunks,h264KeySmallMissingDeadlineRescueExpiredMissingChunks,deadlineNackExpiredH264LargeFrames,deadlineNackExpiredH264DeltaFrames,fecEnabled,adaptiveFecEnabled,fecGroupChunkCount,fecParityPackets,fecRecoveredFrames,fecRecoveredChunks,h264ReassemblerAuRejectedFrames,h264ReassemblerHeaderFailures,h264ReassemblerPayloadSizeMismatches,h264ReassemblerFrameIdMismatches,h264ReassemblerCrcMismatches,h264ReassemblerLastRejectReason,adaptiveFecDecisionReason,adaptiveFecHoldReason,adaptiveFecG8ToG4Recovery,adaptiveFecQualityHoldActive,adaptiveFecQualityHoldCanceled,adaptiveFecEmergencyG2Active,adaptiveFecEarlyOffReason,adaptiveEnabled,adaptiveControlMode,adaptiveCongestionControlMode,targetJpegQuality,targetFps,targetBitrateKbps,adaptiveBandwidthCeilingKbps,targetWidth,targetHeight,actualCodec,actualEncodeWidth,actualEncodeHeight,actualRawFrameBytes,actualEncodedFrameBytes,rawFrameBytes,encodedFrameBytes,compressionRatio,captureFps,cameraCaptureSubtype,cameraCaptureWidth,cameraCaptureHeight,cameraCaptureFormatFps,encodeMs,resizeMs,nv12PrepareMs,h264EncodeMs,h264EncoderRequestedBitrateKbps,h264EncoderTargetBitrateKbps,h264EncoderAppliedBitrateKbps,h264DynamicBitrateUpdateRequests,h264DynamicBitrateUpdateSuccesses,h264DynamicBitrateUpdateFailures,h264EncoderReinitializations,pacingBudgetTargetBitrateKbps,h264VideoBudgetScale,pacingBurstGuardActive,fixedPacingRecentMaxQueueDelayMs,fixedPacingQueueReleaseStableSec,fixedPacingQueueRecovered,fixedPacingQueueReleaseEligible,adaptiveRepairBudgetUtilization,adaptiveRepairBorrowedRatio,adaptiveRepairSentBytesDelta,adaptiveRepairBorrowedBytesDelta,adaptiveRepairBudgetGuardActive,adaptiveRepairVideoBudgetPressure,adaptiveRetransmitUsefulRatio,adaptiveLateRepairWasteRatio,adaptiveRetransmitNotArrivedRatio,adaptiveRetransmitAccountingComplete,adaptiveLateRepairWastePressure,adaptiveRetransmitNotArrivedPressure,adaptiveRepairDecisionReason,h264AuChunkCount,h264AuIsIdr,h264AuIsDecoderSync,h264RequestedKeyFrameConsumedFrames,h264EncoderKeyFrameRequests,h264RecoveryKeyFrameRequests,h264AwaitingSyncKeyFrameRequests,h264PeriodicIdrRequests,h264IdrFrames,h264DecoderSyncFrames,h264ConsecutiveIdrFrames,h264MaxConsecutiveIdrFrames,h264AuProtectionLevel,h264AuDroppedBeforeSend,h264AuDropReason,h264AuDroppedBytes,h264AuDroppedChunks,h264AuPacingQueueDelayMs,h264AuEstimatedSendMs,h264InputGatedByPacing,h264InputGateReason,h264InputGateQueueDelayMs,h264InputGateVideoCreditBytes,h264InputGateFrameBudgetBytes,h264InputGateDurationMs,h264InputGateConsecutiveFrames,h264InputGateSkippedInputFrames,h264InputGateForcedOpen,h264InputGateReleaseReason,fecProtectedH264KeyFrames,fecProtectedH264LargeFrames,h264EncoderDelayFrames,h264EncoderDelayMs,h264EncoderPendingFrames,h264EncodedInputFrameId,h264EncoderCallMs,h264EncoderSampleCreateMs,h264EncoderProcessInputMs,h264EncoderPreInputPollMs,h264EncoderPostInputWaitMs,h264EncoderProcessOutputMs,h264EncoderOutputCopyMs,h264EncoderProcessOutputAttempts,h264EncoderAsyncEventCount,h264EncoderHardware,h264EncoderAsync,h264EncoderNeedInputSignaled,h264EncoderOutputProduced,h264EncoderOutputProducedBeforeInput,h264SubmittedNewInput,h264AsyncSubmittedWithoutOutput,h264AsyncPendingNoOutput,h264AsyncCadenceHoldActive,h264AsyncPendingNoOutputStreak,h264AsyncCadenceScale,h264AsyncCadenceHoldRemainingMs,h264AsyncOutputPollBackoffMs,h264InputCadenceFps,h264NeedInputSubmitWake,h264NeedInputSubmitLeadMs,encodedCameraFrameId,encodedCameraSourceTimestamp100ns,encodedCameraCaptureCompletedTimeUs,encodedCameraFrameAgeMs,encodedCameraReadSampleMs,encodedCameraReadSampleEndToCaptureMs,encodedCameraCaptureToPublishMs,encodedCameraPublishToAcquireMs,encodedCameraAcquireToEncoderInputMs,jpegEncodeMs,packetizeMs,sendFrameIntervalMs,cameraFrameReady,cameraFrameId,cameraSourceTimestamp100ns,cameraReadSampleStartTimeUs,cameraReadSampleEndTimeUs,cameraCaptureCompletedTimeUs,cameraFramePublishedTimeUs,cameraSenderAcquireTimeUs,cameraReadSampleMs,cameraReadSampleEndToCaptureMs,cameraCaptureToPublishMs,cameraPublishToAcquireMs,cameraAcquireToSendMs,cameraFrameAgeMs,cameraFrameCacheUsed,receiveJpegDecodeMs,receiveDecodeWorkerFps,receiveDecodeWorkerFrames,receiveDecodePopSuccesses,receiveDecodePopEmptyPolls,receiveDecodeLoopLastPopGapMs,receiveDecodeLoopMaxPopGapMs,receiveStartupDecodeLoopMaxPopGapMs,receiveSteadyDecodeLoopMaxPopGapMs,receiveSteadyDecodeLoopMaxPopGapAtMs,receiveSteadyDecodeLoopMaxPopGapFrameId,receiveSteadyDecodeLoopMaxPopGapStreamId,receiveSteadyDecodeLoopMaxPopGapCodec,receiveSteadyDecodeLoopMaxPopGapInputFrameAgeMs,receiveSteadyDecodeLoopMaxPopGapDecodedQueueSize,receiveSteadyDecodeLoopMaxPopGapCompletedQueueSize,receiveSteadyDecodeLoopMaxPopGapCompletedQueuePopAgeMs,receiveSteadyDecodeLoopMaxPopGapCompletedQueuePushIntervalMs,receiveSteadyDecodeLoopMaxPopGapArrivalRatio,receiveSteadyDecodeLoopMaxPopGapReceiverJitterMs,receiveSteadyDecodeLoopMaxPopGapReceiverLatencyMs,receiveSteadyDecodeLoopMaxPopGapClass,receiveSteadyDecodeLoopMaxPopGapAgeMs,receiveH264StartupActive,receiveH264StartupDecoderSynced,receiveH264StartupFirstDecoded,receiveH264StartupFirstDisplayed,receiveH264StartupReady,receiveH264StartupElapsedMs,receiveH264StartupDecoderSyncMs,receiveH264StartupFirstDecodedMs,receiveH264StartupFirstDisplayedMs,receiveH264StartupReadyMs,receiveH264StartupQueueFlushFrames,receiveDecodeOverwrittenFrames,receiveDecodeQueueDroppedFrames,receiveDecodeRenderOverwriteFrames,receiveDecodeFailures,receiveFreshnessDroppedFrames,receiveFreshnessDroppedFramesDelta,receiveFreshnessDropClass,receiveFreshnessDropEvidence,receiveLastFreshnessDropAgeMs,receiveMaxFreshnessDropAgeMs,receiveLastFreshnessDropFrameId,receiveLastFreshnessDropStreamId,receiveLastFreshnessDropCodec,receiveH264AuInvalidFrames,receiveH264AuCrcMismatches,receiveH264AuPayloadSizeMismatches,receiveH264AuNalCountMismatches,receiveH264AuNoAnnexBNals,receiveH264AuIdrFlagMismatches,receiveH264AuSpsPpsFlagMismatches,receiveH264AuSyncWithoutIdr,receiveH264AuIdrWithoutSpsPps,receiveH264AuForbiddenZeroBit,receiveH264AuLastInvalidReason,receiveDecodeInputFrameAgeMs,receiveDecodeInputCameraFrameAgeMs,receiveDecodeInputEncoderOutputAgeMs,receiveLatestDecodedFrameAgeMs,receiveLatestDecodedCameraFrameAgeMs,receiveLatestDecodedEncoderOutputAgeMs,receiveFreshnessDropThresholdMs,receiveDecodeLastDropReason,receiveUploadBufferWaitMs,receiveDisplayFrameId,receiveDisplayCameraFrameAgeMs,receiveDisplayEncoderOutputAgeMs,receiveDisplayDecodedFrameAgeMs,textureUploadMs,presentGpuWaitMs,renderFramePacingWaitMs,waitableSwapChainWaitMs,presentMs,presentSyncInterval,lowLatencyPresentMode,waitableSwapChainPacingEnabled,waitableSwapChainAvailable,swapChainBufferCount,adaptiveInputPacketLossRate,adaptiveInputReceiveFps,adaptiveInputDecodeFps,adaptiveInputJitterMs,adaptiveInputDisplayFps,adaptiveQoeScore,adaptiveDegradationCause,adaptiveArrivalGapJitterSpikeActive,adaptiveFecRecoveryWorking,adaptiveFecGuardActive,adaptiveFecRecoveryEfficiency,adaptiveFecParityPacketDelta,adaptiveFecRecoveredFrameDelta,adaptiveFecRecoveredChunkDelta,simEnabled,simLossRate,simDuplicateRate,simReorderRate,simMinDelayMs,simMaxDelayMs,simBurstLossLength,simSubmittedPackets,simSentPackets,simDroppedPackets,simDuplicatedPackets,simReorderedPackets
0.131,Custom_loss6_delay0-100_dup0_reorder6_burst0,Loopback,1,1,0,,,0.000,0,21,0,0.000,0.000,0.000,0.000,0.000,0.000,0.000,0.000,0.000,0.000,0,0,0,0,0,0,0,0,0,0,0,0,0,0,0,0,0,0,0,5.000,1,0,0,0,0,0,0,0,0,0,0,0,0,0,0,0.000,0.000,0.000,,0,0,15,0,0,0.000,0.000,0.000,0.000,0.000,0.000,0,0,0,0,0,0,0,0,0,0,,,,0,0,0,0,0,0,0,0,0,0,0,0,0,0,0,0,0,0,0,0.000,0,0,0,0,0,0,0.000,0.000,0.000,0,0,0,0,0,0,0,0,0.000,0.000,0.000,0.000,0.000,0.000,0.000,0.000,0.000,,0,0,0,0,0,0,0,0,0,0,0,0,0,,,0,0.000,0,0,0,0,0,0,0,0,0,0,0,0,0,0,0,0,0,0,balanced,0,0.000,0.000,0.000,0,0,0,0,0,0,0,0,0,0,0,0,1,9500000,1200000,0,0,0,0,0,0,0,0,0,0,0,0,0,0,0,0.000,0.000,3750.000,4800.000,0,0,0,0,0,0,0.000,0.000,0.000,0,6000000,0,0.000,0.000,0.000,0.000,0,0,0,0,0,0,0,0,0,0,0,0,0,0,0,0,0,0,0,0,0,0,0,0,0,0,0,1,0,4,0,0,0,0,0,0,0,0,,disabled,,0,0,0,0,,1,Fixed Quality,Hybrid,85,30,9500,12000,640,360,,0,0,0,0,0,0,0.000,0.000,,0,0,0.000,0.000,0.000,0.000,0.000,0,0,0,0,0,0,0,0,1.000,0,0.000,0.000,1,0,0.000,0.000,0,0,0,0,0.000,0.000,0.000,0,0,0,disabled,0,0,0,0,0,0,0,0,0,0,0,0,,0,,0,0,0.000,0.000,0,,0.000,0.000,0.000,0.000,0,0,0,,0,0,0,0.000,0,0,0.000,0.000,0.000,0.000,0.000,0.000,0.000,0,0,0,0,0,0,0,0,0,0,0,0,1.000,0.000,0.000,0,0,0.000,0,0,0,0.000,0.000,0.000,0.000,0.000,0.000,0.000,0.000,0.000,0,0,0,0,0,0,0,0,0.000,0.000,0.000,0.000,0.000,0.000,0,0.000,0.000,0,0,15,0.000,0.000,0.000,0.000,0.000,0,0,,0.000,0,0,0.000,0.000,0.000,0.000,0.000,,-1.000,1,0,0,0,0,130.813,0.000,0.000,0.000,0.000,0,0,0,0,0,0,0,,,0.000,0.000,0,0,,0,0,0,0,0,0,0,0,0,0,,0.000,0.000,0.000,0.000,0.000,0.000,120.000,,0.000,0,0.000,0.000,0.000,0.000,0.000,0.000,0.000,0.000,1,0,0,1,3,0.000,0.000,0.000,0.000,0.000,0.000,None,0,0,0,0.000,0,0,0,1,0.060,0.000,0.060,0,100,0,0,0,0,0,0
1.136,Custom_loss6_delay0-100_dup0_reorder6_burst0,Loopback,1,1,0,,,0.000,0,21,18,17.435,15.456,15.360,100.786,85.189,0.000,0.000,23.289,0.163,0.211,302,59,312,253,42,19,2,20,14,6,1,0,253,15,4,0,0,0,0,5.000,1,0,0,0,0,0,0,0,0,0,0,0,0,0,0,0.000,0.000,0.000,,14,14,126,0,1,32.982,120.341,34.065,121.429,0.000,0.000,13,13,187,21,3,0,39,44,19,1,fec-recovered,pending,H.264,0,1,26,23,3,4,4,2,7,22,0,0,299,12,0,0,0,0,0,65.924,1,2,6,1,6,0,39.239,28.568,62.144,0,0,9,1,10,0,3,0,0.333,0.667,0.900,1.000,0.000,28.000,0.000,1.000,0.000,insufficient-sample,16,146,0,0,13,140,39,314,3,6,0,0,313,predicted-useful,fec-grace,72,0.000,4,10,0,0,0,0,0,0,0,0,0,1,18,1,18,0,0,0,jitter-ack-loss,0,0.737,0.168,108.168,0,0,0,0,0,0,0,0,18,46,4,0,1,9500000,1200000,14,0,14,385,371,444658,15,16086,1,1252,0,0,0,0,0,0.602,25.484,1033.125,4800.000,23,584,286,158,298,140,0.356,9.062,0.440,23,6813896,10226085,1.070,0.000,0.498,7.878,584,39,13,314,16,17,6,3,3,6,0,0,0,0,0,0,0,0,0,0,0,0,0,0,0,2,1,1,0,4,61,44,44,0,0,0,0,0,,disabled,,0,0,0,0,,1,Fixed Quality,Hybrid,85,30,9500,12000,640,360,H.264,480,270,518400,30264,518400,30264,0.058,0.000,,0,0,0.000,2.521,0.000,0.000,0.087,7250,7250,7250,0,0,0,1,9500,1.000,0,16.324,0.000,0,0,0.000,0.000,0,0,0,0,0.100,0.800,0.100,1,0,0,disabled,26,0,0,2,7,2,5,0,6,6,0,4,large-au-observed,0,,0,0,18.178,25.485,0,,0.000,0.000,0.000,0.000,0,0,0,,1,0,0,9.310,0,21,0.087,0.000,0.000,0.086,0.000,0.052,0.015,1,1,1,1,0,1,1,0,0,0,1,0,0.860,179.996,0.000,26,0,0.000,0,0,0,0.000,0.000,0.000,0.000,0.000,0.000,0.000,2.417,6.833,0,0,0,0,0,0,0,0,0.000,0.000,0.000,0.000,0.000,0.000,0,0.105,15.456,13,14,126,34.085,121.335,36.371,121.335,1035.178,15,1,H.264,127.275,0,0,120.341,121.429,1.001,52.116,126.256,arrival-gap-jitter-spike,100.522,0,1,1,1,1,1135.700,477.602,485.876,486.771,486.771,0,0,0,0,0,0,0,,,0.000,0.000,0,0,,0,0,0,0,0,0,0,0,0,0,,98.717,0.000,100.859,0.000,0.000,0.000,130.393,,0.001,18,0.000,103.473,2.750,0.084,0.799,0.598,0.000,0.201,1,0,0,1,3,0.163,17.435,15.456,23.289,15.360,1.000,RecoveryDeadline,1,1,0,2.000,1,2,2,1,0.060,0.000,0.060,0,100,0,372,302,22,0,25
2.137,Custom_loss6_delay0-100_dup0_reorder6_burst0,Loopback,1,1,0,,,0.000,0,21,44,16.819,16.830,16.998,110.034,96.799,65.161,65.161,56.873,0.090,0.273,1106,109,1064,955,140,82,6,44,37,7,8,0,955,32,12,0,0,0,0,5.000,1,0,0,0,0,0,0,0,0,0,0,0,0,0,0,0.000,0.000,0.000,,31,31,238,0,1,104.114,122.144,105.229,123.251,0.000,0.000,30,30,572,39,11,0,117,153,43,1,expired-no-slack,expired,H.264,1,1,26,25,1,4,2,3,17,41,1,2,1118,3,1118,3,0,0,0,168.509,3,6,7,2,7,0,44.495,24.685,62.144,0,0,16,1,17,0,4,1,0.333,0.667,0.941,1.000,0.200,25.000,0.000,0.000,0.000,insufficient-sample,45,517,0,0,34,499,117,1245,11,18,0,0,1244,predicted-useful,fec-grace,188,0.846,7,17,0,0,0,0,0,1,1,1,1,4,71,4,71,0,0,0,jitter-ack-loss,0,0.761,2.444,110.444,0,0,1,1,0,0,0,0,72,140,8,0,1,9500000,1200000,0,0,0,1217,1217,1474202,55,64966,29,36140,0,0,0,0,0,31.547,32.024,6907.562,4800.000,66,2163,1099,539,1064,525,0.329,10.474,2.737,66,5518421,8913443,1.122,0.000,0.518,15.021,2163,117,30,1245,28,83,6,11,11,18,1,1,1,1,0,0,0,0,0,0,0,0,0,0,0,9,1,1,0,4,198,153,153,0,0,0,0,0,,disabled,,0,0,0,0,,1,Fixed Quality,Hybrid,85,30,9500,12000,640,360,H.264,480,270,518400,30264,518400,30264,0.058,0.000,,0,0,0.000,2.210,0.000,0.000,0.128,7250,7250,7250,0,0,0,1,9500,1.000,0,31.547,0.000,0,0,0.000,0.000,0,0,0,0,0.176,0.765,0.059,1,0,0,disabled,26,0,0,4,12,4,8,0,10,10,0,4,large-au-observed,0,,0,0,18.165,25.485,0,,0.000,0.000,0.000,0.000,0,0,0,,2,0,0,3.336,0,47,0.128,0.000,0.000,0.127,0.000,0.051,0.007,1,1,1,1,0,1,1,0,0,0,1,0,0.860,154.344,0.000,26,0,0.000,0,0,0,0.000,0.000,0.000,0.000,0.000,0.000,0.000,2.071,34.306,0,0,0,0,0,0,0,0,0.000,0.000,0.000,0.000,0.000,0.000,0,0.151,16.831,30,31,238,105.159,123.187,36.371,123.187,1238.915,21,1,H.264,108.029,0,0,122.144,123.251,1.001,65.897,106.960,arrival-gap-jitter-spike,897.787,0,1,1,1,1,2136.702,477.602,485.876,486.771,486.771,0,0,0,0,0,0,0,,,0.000,0.000,0,0,,0,0,0,0,0,0,0,0,0,0,,107.602,0.000,110.553,0.000,0.000,0.000,140.017,,0.001,44,0.000,115.069,4.302,0.084,0.408,0.149,0.000,0.259,1,0,0,1,3,0.090,16.819,16.830,56.873,16.998,2.000,RecoveryDeadline,1,1,0,0.000,2,4,4,1,0.060,0.000,0.060,0,100,0,1219,1108,63,0,82
3.138,Custom_loss6_delay0-100_dup0_reorder6_burst0,Loopback,1,1,0,,,0.000,0,21,71,22.430,22.418,22.220,102.072,99.772,102.945,84.053,25.488,0.069,0.268,1931,144,1824,1680,246,150,8,76,67,9,12,0,1680,52,19,0,0,0,0,5.000,1,0,0,0,0,0,0,0,0,0,0,0,0,0,0,0.000,0.000,0.000,,51,51,341,0,1,17.960,171.698,19.095,172.712,0.000,0.000,50,50,968,61,18,0,192,270,72,1,fec-parity,pending,H.264,0,1,26,17,9,4,2,2,8,28,0,0,2027,9,0,0,0,0,0,69.296,5,8,9,4,9,0,51.618,22.476,62.144,0,0,22,1,23,0,8,1,0.385,0.615,0.957,1.000,0.111,25.000,0.333,0.667,0.000,stable,69,903,0,0,55,881,192,2206,14,22,0,0,2205,predicted-useful,fec-grace,306,0.346,9,23,0,3,0,0,0,1,1,1,1,7,121,7,121,0,0,0,pacing,1,0.757,6.914,114.914,0,0,1,1,0,0,0,0,125,230,12,0,1,9500000,1200000,0,0,0,2081,2081,2526138,94,112602,56,68848,0,0,0,0,0,13.857,32.024,904.812,4800.000,110,3737,1919,810,1818,1008,0.297,57.659,0.021,110,7117512,10971850,0.404,37.784,0.456,26.303,3737,192,50,2206,43,143,6,18,18,33,2,2,1,2,0,0,0,0,0,0,0,0,0,0,0,15,1,1,0,4,345,270,270,0,0,0,0,0,,disabled,,0,0,0,0,,1,Fixed Quality,Hybrid,85,30,9500,12000,640,360,H.264,480,270,518400,0,518400,30264,0.058,0.000,,0,0,0.000,7.797,0.000,6.797,0.961,7250,7250,7250,0,0,0,1,9500,1.000,0,13.857,0.000,0,0,0.000,0.000,0,0,0,0,0.217,0.739,0.043,1,0,0,disabled,0,0,0,6,19,6,10,3,15,15,0,4,async-output-pending,0,,0,0,0.000,0.000,0,,13.566,7568.938,45673.077,0.000,0,0,0,,3,0,0,0.000,1,0,0.936,0.250,0.684,0.000,0.000,0.000,0.000,0,0,1,1,1,0,0,1,1,0,1,0,0.860,168.608,0.000,26,0,0.000,0,0,0,0.000,0.000,0.000,0.000,0.000,0.000,0.000,0.000,10.357,0,0,0,0,0,0,0,0,0.000,0.000,0.000,0.000,0.000,0.000,0,0.107,22.417,50,51,341,19.192,172.719,36.371,172.719,2913.909,65,1,H.264,105.011,0,0,171.698,172.712,1.000,128.129,103.979,arrival-gap-jitter-spike,224.707,0,1,1,1,1,3138.616,477.602,485.876,486.771,486.771,0,0,0,0,0,0,0,,,0.000,0.000,0,0,,0,0,0,0,0,0,0,0,0,0,,104.554,0.000,107.539,0.000,0.000,0.000,131.036,,0.001,71,0.000,112.509,4.806,0.107,0.394,0.032,0.000,0.362,1,0,0,1,3,0.070,22.430,22.418,25.488,22.220,1.000,RecoveryDeadline,1,1,0,0.000,1,1,1,1,0.060,0.000,0.060,0,100,0,2084,1939,110,0,131
4.144,Custom_loss6_delay0-100_dup0_reorder6_burst0,Loopback,1,1,0,,,0.000,0,21,97,22.049,22.047,21.753,112.328,101.337,3.445,57.184,6.215,0.061,0.237,2770,181,2598,2417,366,226,14,111,101,10,15,0,2417,74,23,0,0,0,0,5.000,1,0,0,0,0,0,0,0,0,0,0,0,0,0,0,0.000,0.000,0.000,,73,73,446,0,1,38.122,171.698,39.139,172.712,0.000,0.000,72,71,1402,84,22,0,267,405,99,1,nack-sent,pending,H.264,0,1,26,10,16,3,1,1,0,16,0,0,2929,9,0,0,0,0,0,34.181,8,14,10,5,10,0,54.002,21.357,62.144,0,0,32,1,33,0,10,2,0.364,0.636,0.970,1.000,0.167,25.000,0.000,1.000,1.000,insufficient-sample,95,1284,0,0,78,1257,267,3194,17,27,0,0,3193,predicted-useful,fec-grace,428,0.577,13,33,0,3,0,0,0,1,1,1,1,11,189,11,189,0,0,0,pacing,1,0.768,8.755,116.755,0,0,1,1,0,0,0,0,193,322,16,0,1,9500000,1200000,12,0,12,2982,2970,3609174,137,165214,83,102492,0,0,0,0,0,2.692,39.302,1112.500,4800.000,155,5340,2747,1222,2593,1371,0.308,13.724,1.123,155,6394881,9966463,1.344,10.327,0.490,13.485,5340,267,72,3194,54,207,6,22,22,40,3,5,3,2,1,0,0,0,0,0,0,0,0,0,0,18,1,1,0,4,507,405,405,0,0,0,0,0,,disabled,,0,0,0,0,,1,Fixed Quality,Hybrid,85,30,9500,12000,640,360,H.264,480,270,518400,30264,518400,30264,0.058,0.000,,0,0,0.000,2.825,0.000,0.000,0.076,6000,6750,6750,1,1,0,1,9500,0.820,1,37.411,0.000,0,0,0.000,0.000,0,0,0,0,0.242,0.727,0.030,1,0,0,fixed-pacing-queue-hold,26,0,0,8,24,8,13,3,19,19,0,4,large-au-observed,0,,0,0,39.302,25.485,0,,0.000,0.000,0.000,0.000,0,0,0,,4,0,0,5.296,0,100,0.075,0.000,0.000,0.075,0.000,0.051,0.007,1,1,1,1,0,1,1,0,0,0,1,0,0.860,15.076,0.000,24,0,0.000,0,0,0,0.000,0.000,0.000,0.000,0.000,0.000,0.000,1.948,8.735,0,0,0,0,0,0,0,0,0.000,0.000,0.000,0.000,0.000,0.000,0,0.099,22.047,72,73,446,39.252,172.719,36.371,172.719,2913.909,65,1,H.264,105.011,0,0,171.698,172.712,1.000,128.129,103.979,arrival-gap-jitter-spike,1229.818,0,1,1,1,1,4143.727,477.602,485.876,486.771,486.771,0,0,0,0,0,0,0,,,0.000,0.000,0,0,,0,0,0,0,0,0,0,0,0,0,,110.843,0.000,114.117,1.651,0.000,118.953,136.164,,0.001,96,0.000,116.816,3.301,0.083,0.855,0.565,0.000,0.290,1,0,0,1,3,0.061,22.049,22.047,6.215,21.753,1.000,RecoveryDeadline,1,1,0,1.000,2,2,2,1,0.060,0.000,0.060,0,100,0,2974,2774,156,0,189
5.149,Custom_loss6_delay0-100_dup0_reorder6_burst0,Loopback,1,1,0,,,0.000,0,21,121,17.250,17.222,17.267,91.578,100.822,40.965,53.129,27.920,0.062,0.256,3360,224,3150,2926,439,266,19,134,121,13,20,0,2926,90,31,0,0,0,0,5.000,0,0,0,0,0,0,0,0,0,0,0,0,0,0,0,0.000,0.000,0.000,,88,88,553,0,1,29.111,171.698,30.052,172.712,0.000,0.000,87,87,1712,103,29,0,332,486,123,1,fec-recovered,pending,H.264,1,1,22,13,9,2,1,2,4,27,0,0,3543,5,0,0,0,0,0,57.185,10,19,13,8,13,0,56.614,20.267,62.144,0,0,42,5,47,0,10,2,0.345,0.655,0.894,1.000,0.167,25.000,0.000,0.000,0.000,insufficient-sample,122,1534,0,0,96,1494,332,3850,26,40,0,0,3849,predicted-useful,fec-grace,529,0.591,19,47,0,3,0,0,0,2,2,2,2,17,260,17,260,0,0,0,pacing,1,0.729,10.868,118.868,0,0,2,2,0,0,0,0,265,400,20,0,1,9500000,1200000,0,0,0,3592,3592,4372298,157,189204,85,104988,0,0,0,0,0,15.844,39.302,8389.750,4800.000,190,6498,3348,1467,3150,1683,0.305,45.604,0.336,190,3576945,6707810,1.635,15.766,0.548,26.568,6498,332,88,3850,67,257,8,29,29,50,4,6,1,3,1,0,0,0,0,0,0,0,0,0,0,23,2,1,0,4,611,486,486,0,0,0,0,0,,disabled,,0,0,0,0,,1,Fixed Quality,Hybrid,85,30,9500,12000,640,360,H.264,480,270,518400,26094,518400,26094,0.050,0.000,,0,0,0.000,2.268,0.000,0.000,0.119,6250,6250,6250,2,2,0,1,9500,0.872,1,15.844,0.000,0,0,0.000,0.000,0,0,0,0,0.213,0.681,0.106,1,0,0,fixed-pacing-queue-hold,22,0,0,10,31,10,16,5,24,24,0,4,large-au-observed,0,,0,0,0.061,21.974,0,,0.000,0.000,0.000,0.000,0,0,0,,5,0,0,8.192,0,124,0.118,0.000,0.000,0.118,0.000,0.084,0.009,1,1,1,1,0,1,1,0,0,0,0,0,1.000,0.000,0.000,24,0,0.000,0,0,0,0.000,0.000,0.000,0.000,0.000,0.000,0.000,2.137,14.011,0,0,0,0,0,0,0,0,0.000,0.000,0.000,0.000,0.000,0.000,0,0.104,17.221,87,88,553,30.368,172.719,36.371,172.719,2913.909,65,1,H.264,105.011,0,0,171.698,172.712,1.000,128.129,103.979,arrival-gap-jitter-spike,2234.881,0,1,1,1,1,5148.790,477.602,485.876,486.771,486.771,0,0,0,0,0,0,0,,,0.000,0.000,0,0,,0,0,0,0,0,0,0,0,0,0,,96.734,0.000,99.288,0.000,0.000,0.000,125.789,,0.001,121,0.000,103.338,3.896,0.085,0.319,0.060,0.000,0.259,1,0,0,1,3,0.063,17.250,17.222,27.920,17.267,1.000,Loss,0,1,0,0.000,0,1,1,1,0.060,0.000,0.060,0,100,0,3597,3366,193,0,219
6.151,Custom_loss6_delay0-100_dup0_reorder6_burst0,Loopback,1,1,0,,,0.000,0,21,145,20.050,16.388,16.394,94.907,100.794,77.852,58.074,22.667,0.062,0.264,3964,260,3706,3446,521,318,22,156,141,15,25,0,3446,109,39,0,0,0,0,5.000,0,0,0,0,0,0,0,0,0,0,0,0,0,0,0,0.000,0.000,0.000,,104,104,667,0,1,26.089,171.698,27.209,172.712,0.000,0.000,102,102,2029,124,34,0,392,572,147,1,fec-recovered,pending,H.264,1,1,21,20,1,4,4,3,9,25,0,0,4167,17,0,0,0,0,0,70.409,13,22,15,10,15,0,61.431,18.426,62.144,0,0,50,8,58,0,13,2,0.371,0.629,0.862,1.000,0.133,27.000,0.000,1.000,0.000,insufficient-sample,148,1790,0,0,114,1739,392,4476,34,51,0,0,4475,predicted-useful,likely-arrival,629,0.667,24,58,0,3,0,0,0,2,2,2,2,22,338,22,338,0,0,0,pacing,1,0.820,8.991,116.991,0,0,2,2,0,0,0,0,343,475,24,0,1,9500000,1200000,0,0,0,4225,4225,5151699,197,238548,110,136128,0,0,0,0,0,11.177,39.302,5307.188,3790.350,224,7660,3954,1683,3706,2023,0.299,32.997,3.045,224,3346788,5290922,1.823,19.990,0.521,18.851,7660,392,106,4476,79,305,8,34,33,60,5,8,2,3,2,0,0,0,0,0,0,0,0,0,0,26,3,1,0,4,724,572,572,0,0,0,0,0,,disabled,,0,0,0,0,,1,Fixed Quality,Hybrid,85,30,9500,12000,640,360,H.264,480,270,518400,25054,518400,25054,0.048,0.000,,0,0,0.000,1.773,0.000,0.000,0.101,6000,6000,6000,4,4,0,1,9500,0.820,1,11.177,0.000,0,0,0.000,0.000,0,0,0,0,0.224,0.638,0.138,1,0,0,latency-pressure-freshness-hold,21,0,0,12,36,12,19,5,28,28,0,4,large-au-observed,0,,0,0,0.038,21.098,0,,0.000,0.000,0.000,0.000,0,0,0,,6,0,0,10.017,0,149,0.100,0.000,0.000,0.100,0.000,0.070,0.009,1,1,1,1,0,1,1,0,0,0,1,0,0.860,179.994,0.000,26,0,0.000,0,0,0,0.000,0.000,0.000,0.000,0.000,0.000,0.000,1.663,7.533,0,0,0,0,0,0,0,0,0.000,0.000,0.000,0.000,0.000,0.000,0,0.115,16.388,102,104,667,27.226,172.719,36.371,172.719,2913.909,65,1,H.264,105.011,0,0,171.698,172.712,1.000,128.129,103.979,arrival-gap-jitter-spike,3237.589,0,1,1,1,1,6151.498,477.602,485.876,486.771,486.771,0,0,1,0,0,1,1,latency-pressure freshness,latency-over-80ms,152.585,152.585,134,1,H.264,0,0,0,0,0,0,0,0,0,0,,92.095,0.000,92.417,0.000,0.000,0.000,127.453,stale-before-decode,0.001,145,0.000,95.984,3.393,0.086,0.284,0.001,0.000,0.282,1,0,0,1,3,0.062,20.050,16.388,22.667,16.394,1.000,RecoveryDeadline,0,1,0,0.500,2,1,1,1,0.060,0.000,0.060,0,100,0,4231,3971,218,0,260
7.159,Custom_loss6_delay0-100_dup0_reorder6_burst0,Loopback,1,1,0,,,0.000,0,21,170,21.975,21.982,21.982,95.599,100.418,68.929,59.883,30.531,0.057,0.260,4594,278,4276,3998,601,370,27,177,159,18,27,0,3998,128,45,0,0,0,0,5.000,0,0,0,0,0,0,0,0,0,0,0,0,0,0,0,0.000,0.000,0.000,,123,123,776,0,1,74.920,171.698,76.038,172.712,0.000,0.000,121,121,2359,146,40,0,463,659,173,1,fec-recovered,pending,H.264,1,1,22,19,3,4,3,3,10,38,1,0,4831,16,4844,1,0,0,0,78.110,18,27,18,13,18,0,60.828,19.021,62.144,0,0,63,10,73,0,17,3,0.400,0.600,0.863,1.000,0.150,20.000,0.250,0.750,0.250,retransmit-late,176,2080,0,0,135,2018,463,5215,41,62,0,0,5214,predicted-useful,likely-arrival,740,0.682,31,73,0,3,0,0,0,2,2,2,2,29,443,29,443,0,0,0,pacing,1,0.780,10.293,118.293,0,0,2,2,0,0,0,0,448,560,28,0,1,9500000,1200000,24,0,24,4897,4873,5955077,238,289446,132,163536,0,0,0,0,0,0.316,39.302,20130.812,2160.450,257,8842,4574,1913,4268,2355,0.295,11.172,7.040,257,2890174,5431606,3.746,14.207,0.517,19.950,8842,463,125,5215,90,365,8,40,39,67,6,10,2,3,3,0,0,0,0,0,0,0,0,0,0,31,3,1,0,4,830,659,659,0,0,0,0,0,,disabled,,0,0,0,0,,1,Fixed Quality,Hybrid,85,30,9500,12000,640,360,H.264,480,270,518400,26096,518400,26096,0.050,0.000,,0,0,0.000,1.871,0.000,0.000,0.113,7000,6250,6250,5,5,0,1,9500,0.973,1,9.625,0.000,0,0,3.254,0.000,3732,0,0,0,0.000,0.000,1.000,1,0,0,fixed-pacing-queue-hold,22,0,0,14,42,14,23,5,32,32,0,4,large-au-observed,0,,0,0,0.043,21.976,0,,0.000,0.000,0.000,0.000,0,0,0,,7,0,0,10.071,0,175,0.113,0.000,0.000,0.112,0.000,0.074,0.011,1,1,1,1,0,1,1,0,0,0,1,0,0.860,179.994,0.000,24,0,0.000,0,0,0,0.000,0.000,0.000,0.000,0.000,0.000,0.000,1.747,7.592,0,0,0,0,0,0,0,0,0.000,0.000,0.000,0.000,0.000,0.000,0,0.090,21.983,121,123,776,75.826,172.719,36.371,172.719,2913.909,65,1,H.264,105.011,0,0,171.698,172.712,1.000,128.129,103.979,arrival-gap-jitter-spike,4245.203,0,1,1,1,1,7159.112,477.602,485.876,486.771,486.771,0,0,1,0,0,1,0,,,152.585,152.585,134,1,H.264,0,0,0,0,0,0,0,0,0,0,,99.524,0.000,102.057,0.000,0.000,0.000,127.799,stale-before-decode,0.001,170,0.000,106.506,4.311,0.086,0.589,0.254,0.000,0.335,1,0,0,1,3,0.057,21.975,21.982,30.531,21.982,1.000,Loss,0,1,0,0.000,0,1,1,1,0.060,0.000,0.060,0,100,0,4880,4604,253,0,285
8.161,Custom_loss6_delay0-100_dup0_reorder6_burst0,Loopback,1,1,0,,,0.000,0,21,196,17.085,17.085,17.058,103.480,100.849,64.230,60.504,24.230,0.064,0.278,5251,359,4925,4566,685,424,34,197,175,22,30,0,4566,143,55,0,0,0,0,5.000,0,0,0,0,0,0,0,0,0,0,0,0,0,0,0,0.000,0.000,0.000,,138,138,884,0,1,81.702,171.698,82.761,172.712,0.000,0.000,135,135,2724,165,50,0,538,761,198,1,expired-no-slack,expired,H.264,0,1,22,21,1,4,3,3,10,24,0,0,5507,4,0,0,0,0,0,107.640,21,34,22,17,22,0,60.910,20.541,62.144,0,0,77,11,88,0,20,4,0.382,0.618,0.875,1.000,0.167,22.000,0.000,1.000,0.000,duplicate-guard,198,2351,0,0,155,2287,538,6063,43,64,0,0,6062,predicted-useful,likely-arrival,849,0.318,36,88,0,3,0,0,0,2,2,2,2,34,512,34,512,0,0,0,pacing,1,0.766,8.262,116.262,0,0,2,2,0,0,0,0,517,648,32,0,1,9500000,1200000,9,0,9,5613,5604,6858029,281,342682,155,192188,0,0,0,0,0,0.602,39.302,1042.625,3567.600,294,10175,5250,2172,4925,2753,0.293,17.722,0.000,294,5003451,7713706,1.488,10.426,0.520,13.647,10175,538,140,6063,106,424,8,50,49,82,7,12,2,3,4,0,0,0,0,0,0,0,0,0,0,40,3,1,0,4,957,761,761,0,0,0,0,0,,disabled,,0,0,0,0,,1,Fixed Quality,Hybrid,85,30,9500,12000,640,360,H.264,480,270,518400,26096,518400,26096,0.050,0.000,,0,0,0.000,1.832,0.000,0.000,0.073,6000,6250,6250,5,5,0,1,9500,0.825,1,6.093,0.000,0,0,0.000,0.000,0,0,0,0,0.239,0.636,0.125,1,0,0,latency-pressure-freshness-hold,22,0,0,16,49,16,26,7,37,37,0,4,large-au-observed,0,,0,0,0.117,21.976,0,,0.000,0.000,0.000,0.000,0,0,0,,8,0,0,3.522,0,201,0.072,0.000,0.000,0.072,0.000,0.050,0.007,1,1,1,1,0,1,1,0,0,0,1,0,0.860,23.482,0.000,26,0,0.000,0,0,0,0.000,0.000,0.000,0.000,0.000,0.000,0.000,1.751,8.684,0,0,0,0,0,0,0,0,0.000,0.000,0.000,0.000,0.000,0.000,0,0.099,17.085,135,138,884,82.738,172.719,36.371,172.719,2913.909,65,1,H.264,105.011,0,0,171.698,172.712,1.000,128.129,103.979,arrival-gap-jitter-spike,5247.058,0,1,1,1,1,8160.967,477.602,485.876,486.771,486.771,0,0,2,0,0,2,1,latency-pressure freshness,latency-over-80ms,159.926,159.926,174,1,H.264,0,0,0,0,0,0,0,0,0,0,,101.918,0.000,103.883,0.000,0.000,0.000,131.740,stale-before-decode,0.001,196,0.000,107.971,3.978,0.083,0.442,0.146,0.000,0.296,1,0,0,1,3,0.064,17.085,17.085,24.230,17.058,1.000,RecoveryDeadline,0,1,0,0.500,2,1,1,1,0.060,0.000,0.060,0,100,0,5612,5260,309,0,324
9.165,Custom_loss6_delay0-100_dup0_reorder6_burst0,Loopback,1,1,0,,,0.000,0,21,223,17.613,17.598,17.611,103.380,100.958,79.033,62.820,12.633,0.065,0.269,5936,410,5563,5153,771,468,40,225,199,26,38,0,5153,163,60,0,0,0,0,5.000,0,0,0,0,0,0,0,0,0,0,0,0,0,0,0,0.000,0.000,0.000,,158,158,981,0,1,68.324,171.698,69.409,172.712,0.000,0.000,155,155,3088,189,55,0,611,858,226,1,fec-parity,pending,H.264,0,1,23,3,20,3,0,0,0,0,0,0,6334,15,0,0,0,0,0,12.891,25,40,26,21,26,0,61.531,20.507,62.144,0,0,91,11,102,0,22,5,0.385,0.615,0.892,1.000,0.185,22.000,0.200,0.800,0.500,retransmit-late,227,2658,0,0,176,2582,611,6835,51,76,0,0,6834,predicted-useful,likely-arrival,966,0.696,42,102,0,3,0,0,0,2,2,2,2,40,609,40,609,0,0,0,pacing,1,0.806,9.390,117.390,0,0,2,2,0,0,0,0,614,738,36,0,1,9500000,1200000,0,0,0,6339,6339,7764049,323,394672,178,220840,0,0,0,0,0,17.661,39.302,9762.250,4702.650,331,11486,5924,2483,5562,3079,0.295,27.358,0.042,331,5339896,8656660,1.318,11.302,0.537,14.345,11486,611,160,6835,118,485,8,55,54,92,7,12,2,3,4,0,0,0,0,0,0,0,0,0,0,45,3,1,0,4,1083,858,858,0,0,0,0,0,,disabled,,0,0,0,0,,1,Fixed Quality,Hybrid,85,30,9500,12000,640,360,H.264,480,270,518400,0,518400,27138,0.052,0.000,,0,0,0.000,4.952,0.000,4.257,0.664,7250,6500,6500,6,6,0,1,9500,1.000,0,17.661,0.000,0,0,0.000,0.000,0,0,0,0,0.245,0.647,0.108,1,0,0,disabled,0,0,0,18,53,18,28,7,41,41,0,4,async-output-pending,0,,0,0,0.000,0.000,0,,17.457,10734.000,39583.333,0.000,0,0,0,,9,0,0,0.000,1,0,0.654,0.179,0.473,0.000,0.000,0.000,0.000,0,0,1,1,1,0,0,1,1,0,0,0,1.000,0.000,0.000,30,0,0.000,0,0,0,0.000,0.000,0.000,0.000,0.000,0.000,0.000,0.000,19.901,0,0,0,0,0,0,0,0,0.000,0.000,0.000,0.000,0.000,0.000,0,0.120,17.599,155,158,981,69.429,172.719,36.371,172.719,2913.909,65,1,H.264,105.011,0,0,171.698,172.712,1.000,128.129,103.979,arrival-gap-jitter-spike,6251.848,0,1,1,1,1,9165.757,477.602,485.876,486.771,486.771,0,0,2,0,0,2,0,,,159.926,159.926,174,1,H.264,0,0,0,0,0,0,0,0,0,0,,102.103,0.000,104.744,0.000,0.000,0.000,131.690,stale-before-decode,0.001,223,0.000,109.322,4.452,0.086,0.247,0.001,0.000,0.247,1,0,0,1,3,0.065,17.613,17.598,12.633,17.611,1.000,Loss,0,1,0,1.000,1,1,1,1,0.060,0.000,0.060,0,100,0,6348,5952,360,0,368
10.166,Custom_loss6_delay0-100_dup0_reorder6_burst0,Loopback,1,1,0,,,0.000,0,21,253,17.531,17.530,17.510,105.063,100.955,79.033,62.820,23.790,0.064,0.285,6754,462,6333,5871,895,551,47,250,218,32,47,0,5871,181,72,0,0,0,0,5.000,0,0,0,0,0,0,0,0,0,0,0,0,0,0,0,0.000,0.000,0.000,,176,176,1074,0,1,32.260,171.698,33.252,172.712,0.000,0.000,173,173,3528,213,67,0,695,988,256,1,fec-parity,pending,H.264,1,1,24,4,20,3,0,0,0,0,0,0,7190,2,0,0,0,0,0,7.581,28,47,32,27,32,0,63.006,22.224,100.911,0,0,107,11,118,0,27,7,0.373,0.627,0.907,1.000,0.206,27.000,0.000,1.000,0.000,duplicate-guard,262,3060,0,0,201,2967,695,7860,61,93,0,0,7859,predicted-useful,likely-arrival,1095,0.625,50,118,0,4,0,0,0,3,5,3,5,49,746,49,746,0,0,0,pacing,1,0.756,9.982,117.982,0,0,3,5,0,0,1,13,755,837,40,0,1,9500000,1200000,0,0,0,7208,7208,8831383,368,450236,203,251980,0,0,0,0,0,10.745,39.302,229.188,3873.450,377,13077,6747,2852,6330,3478,0.297,6.716,1.657,377,4167522,7560447,1.993,11.302,0.506,14.083,13077,695,178,7860,130,557,8,67,66,111,8,13,1,4,4,0,0,0,0,0,0,0,0,0,0,56,3,1,0,4,1228,988,988,0,0,0,0,0,,disabled,,0,0,0,0,,1,Fixed Quality,Hybrid,85,30,9500,12000,640,360,H.264,480,270,518400,0,518400,28178,0.054,0.000,,0,0,0.000,6.094,0.000,5.380,0.675,7250,6750,6750,7,7,0,1,9500,1.000,0,13.506,0.000,0,0,0.000,0.000,0,0,0,0,0.237,0.669,0.093,1,0,0,disabled,0,0,0,20,60,20,31,9,46,46,2,4,async-output-pending,0,,0,0,0.000,0.000,0,,10.745,229.188,39583.333,0.000,0,0,0,,10,0,0,0.000,1,0,0.659,0.190,0.468,0.000,0.000,0.000,0.000,0,0,1,1,1,0,0,1,1,0,0,0,1.000,0.000,0.000,30,0,0.000,0,0,0,0.000,0.000,0.000,0.000,0.000,0.000,0.000,0.000,21.837,0,0,0,0,0,0,0,0,0.000,0.000,0.000,0.000,0.000,0.000,0,0.105,17.530,173,176,1074,33.389,172.719,36.371,172.719,2913.909,65,1,H.264,105.011,0,0,171.698,172.712,1.000,128.129,103.979,arrival-gap-jitter-spike,7252.024,0,1,1,1,1,10165.933,477.602,485.876,486.771,486.771,0,0,2,0,0,2,0,,,159.926,159.926,174,1,H.264,0,0,0,0,0,0,0,0,0,0,,104.296,0.000,106.920,0.000,0.000,0.000,132.531,stale-before-decode,0.001,253,0.000,110.879,3.847,0.074,0.442,0.160,0.000,0.282,1,0,0,1,3,0.064,17.531,17.530,23.790,17.510,1.000,Loss,0,1,0,0.000,0,1,1,1,0.060,0.000,0.060,0,100,0,7218,6763,412,0,409
11.168,Custom_loss6_delay0-100_dup0_reorder6_burst0,Loopback,1,1,0,,,0.000,0,21,282,23.652,23.656,23.670,98.607,100.972,86.642,65.467,41.521,0.062,0.278,7596,506,7101,6595,1002,621,52,278,241,37,51,0,6595,203,78,0,0,0,0,5.000,0,0,0,0,0,0,0,0,0,0,0,0,0,0,0,0.000,0.000,0.000,,198,198,1164,0,1,82.742,171.698,83.801,172.712,0.000,0.000,195,195,3945,240,73,0,776,1101,283,1,nack-sent,pending,H.264,0,1,24,23,1,4,3,3,10,23,0,0,8030,20,0,0,0,0,0,108.407,34,52,37,32,37,0,63.208,22.340,100.911,0,0,123,9,132,0,36,7,0.395,0.605,0.932,1.000,0.163,36.000,0.000,1.000,0.000,stable,300,3417,0,0,226,3298,776,8716,74,119,0,0,8715,predicted-useful,likely-arrival,1220,0.458,56,132,0,4,0,0,0,3,5,3,5,55,849,55,849,0,0,0,pacing,1,0.814,10.468,118.468,0,0,3,5,0,0,1,13,858,934,44,0,1,9500000,1200000,10,0,10,8122,8112,9939301,412,504398,228,283128,0,0,0,0,0,0.867,39.302,55.125,4800.000,422,14670,7584,3218,7086,3868,0.298,5.691,0.970,422,5683579,9015761,1.326,10.563,0.476,16.352,14670,776,200,8716,143,625,8,73,72,123,8,13,1,4,4,0,0,0,0,0,0,0,0,0,0,62,3,1,0,4,1369,1101,1101,0,0,0,0,0,,disabled,,0,0,0,0,,1,Fixed Quality,Hybrid,85,30,9500,12000,640,360,H.264,480,270,518400,28178,518400,28178,0.054,0.000,,0,0,0.000,2.273,0.000,0.000,0.103,7250,6750,6750,7,7,0,1,9500,1.000,0,23.345,0.000,0,0,0.000,0.000,0,0,0,0,0.258,0.674,0.068,1,0,0,disabled,24,0,0,22,64,22,33,9,50,50,0,4,large-au-observed,0,,0,0,25.238,23.729,0,,0.000,0.000,0.000,0.000,0,0,0,,11,0,0,4.997,0,286,0.102,0.000,0.000,0.102,0.000,0.077,0.008,1,1,1,1,0,1,1,0,0,0,0,0,1.000,0.000,0.000,30,0,0.000,0,0,0,0.000,0.000,0.000,0.000,0.000,0.000,0.000,2.160,10.172,0,0,0,0,0,0,0,0,0.000,0.000,0.000,0.000,0.000,0.000,0,0.091,23.656,195,198,1164,83.857,172.719,36.371,172.719,2913.909,65,1,H.264,105.011,0,0,171.698,172.712,1.000,128.129,103.979,arrival-gap-jitter-spike,8254.772,0,1,1,1,1,11168.681,477.602,485.876,486.771,486.771,0,0,2,0,0,2,0,,,159.926,159.926,174,1,H.264,0,0,0,0,0,0,0,0,0,0,,101.350,0.000,104.158,0.000,0.000,0.000,134.303,stale-before-decode,0.001,282,0.000,110.334,6.081,0.075,0.434,0.177,0.000,0.257,1,0,0,1,3,0.063,23.652,23.656,41.521,23.670,1.000,RecoveryDeadline,0,1,0,0.000,1,1,1,1,0.060,0.000,0.060,0,100,0,8123,7610,457,0,452
12.172,Custom_loss6_delay0-100_dup0_reorder6_burst0,Loopback,1,1,0,,,0.000,0,21,312,18.650,18.651,18.675,103.474,101.298,8.586,59.779,26.633,0.062,0.274,8415,557,7872,7315,1092,676,56,307,268,39,53,0,7315,225,85,0,0,0,0,5.000,0,0,0,0,0,0,0,0,0,0,0,0,0,0,0,0.000,0.000,0.000,,220,220,1261,0,1,25.923,171.698,26.986,172.712,0.000,0.000,217,217,4345,264,80,0,855,1209,314,1,fec-parity,pending,H.264,1,1,24,14,10,2,0,2,8,29,1,0,8953,1,8953,1,0,0,0,43.315,37,56,39,34,39,0,63.782,21.830,100.911,0,0,132,11,143,0,39,8,0.398,0.602,0.923,1.000,0.170,28.000,0.167,0.833,0.333,retransmit-late,338,3783,0,0,251,3643,855,9545,87,140,0,0,9544,predicted-useful,likely-arrival,1348,0.458,61,143,0,4,0,0,0,3,5,3,5,60,932,60,932,0,0,0,pacing,1,0.801,9.211,117.211,0,0,3,5,0,0,1,13,941,1034,48,0,1,9500000,1200000,0,0,0,8973,8973,10993727,453,554828,253,314276,0,0,0,0,0,16.714,39.302,7299.562,3960.600,465,16280,8408,3640,7872,4232,0.302,2.947,1.216,465,5406279,8642358,1.225,-7.161,0.503,5.602,16280,855,222,9545,154,693,8,80,79,136,9,14,1,5,4,0,0,0,0,0,0,0,0,0,0,68,3,1,0,4,1506,1209,1209,0,0,0,0,0,,disabled,,0,0,0,0,,1,Fixed Quality,Hybrid,85,30,9500,12000,640,360,H.264,480,270,518400,28178,518400,28178,0.054,0.000,,0,0,0.000,1.876,0.000,0.000,0.071,7250,6750,6750,7,7,0,1,9500,1.000,0,16.714,0.000,0,0,0.000,0.000,0,0,0,0,1.000,0.000,0.000,1,0,0,disabled,24,1,1,25,72,25,37,10,54,54,2,4,decoder-sync-observed,0,,0,0,0.052,23.729,0,,0.000,0.000,0.000,0.000,0,0,0,,12,0,0,5.136,0,315,0.070,0.000,0.000,0.070,0.000,0.049,0.007,1,1,1,1,0,1,1,0,0,0,1,0,0.860,28.211,0.000,26,0,0.000,0,0,0,0.000,0.000,0.000,0.000,0.000,0.000,0.000,1.771,9.780,0,0,0,0,0,0,0,0,0.000,0.000,0.000,0.000,0.000,0.000,0,0.103,18.651,217,220,1261,27.175,172.719,36.371,172.719,2913.909,65,1,H.264,105.011,0,0,171.698,172.712,1.000,128.129,103.979,arrival-gap-jitter-spike,9257.822,0,1,1,1,1,12171.731,477.602,485.876,486.771,486.771,0,0,2,0,0,2,0,,,159.926,159.926,174,1,H.264,0,0,0,0,0,0,0,0,0,0,,105.005,0.000,107.803,0.000,0.000,0.000,131.737,stale-before-decode,0.001,312,0.000,114.248,6.339,0.084,0.316,0.024,0.000,0.292,1,0,0,1,3,0.062,18.650,18.651,26.633,18.675,1.000,RecoveryDeadline,0,1,0,0.250,4,1,1,1,0.060,0.000,0.060,0,100,0,8985,8427,508,0,497
13.179,Custom_loss6_delay0-100_dup0_reorder6_burst0,Loopback,1,1,0,,,0.000,0,21,340,19.473,19.472,19.451,95.056,101.436,105.486,63.934,36.536,0.061,0.272,9207,602,8614,8012,1192,740,61,333,289,44,58,0,8012,246,92,0,0,0,0,5.000,0,0,0,0,0,0,0,0,0,0,0,0,0,0,0,0.000,0.000,0.000,,241,241,1359,0,1,13.582,171.698,14.817,172.712,0.000,0.000,238,238,4744,290,87,0,934,1324,341,1,nack-deferred-likely-arrival,pending,H.264,0,1,24,23,1,3,2,2,9,18,0,0,9774,23,0,0,0,0,0,86.376,44,61,44,39,44,0,63.903,21.790,100.911,0,0,149,9,158,0,43,9,0.419,0.581,0.943,1.000,0.173,26.000,0.000,1.000,1.000,retransmit-late,365,4157,0,0,274,4011,934,10483,91,146,0,0,10482,deferred-likely-arrival,likely-arrival,1473,0.042,66,158,0,4,0,0,0,4,6,4,6,65,1018,65,1018,0,0,0,pacing,1,0.841,6.400,114.400,0,0,4,6,0,0,1,13,1028,1133,52,0,1,9500000,1200000,0,0,0,9798,9798,12004517,498,610232,283,351644,0,0,0,0,0,15.307,39.302,6003.625,4800.000,504,17806,9199,4002,8607,4605,0.303,12.625,2.882,504,5629273,9464381,1.775,96.900,0.425,10.069,17806,934,243,10483,167,759,8,87,86,146,10,16,2,5,5,0,0,0,0,0,0,0,0,0,0,74,3,1,0,4,1639,1324,1324,0,0,0,0,0,,disabled,,0,0,0,0,,1,Fixed Quality,Hybrid,85,30,9500,12000,640,360,H.264,480,270,518400,0,518400,28176,0.054,0.000,,0,0,0.000,4.902,0.000,4.253,0.625,7250,6750,6750,7,7,0,1,9500,1.000,0,15.307,0.000,0,0,0.000,0.000,0,0,0,0,0.278,0.665,0.057,1,0,0,disabled,0,0,0,29,77,29,38,10,58,58,1,4,async-output-pending,0,,0,0,0.000,0.000,0,,15.307,6003.625,45673.077,0.000,0,0,0,,13,0,0,0.000,1,0,0.614,0.151,0.461,0.000,0.000,0.000,0.000,0,0,1,1,1,0,0,1,1,0,1,0,0.860,100.578,0.000,26,0,0.000,0,0,0,0.000,0.000,0.000,0.000,0.000,0.000,0.000,0.000,25.519,0,0,0,0,0,0,0,0,0.000,0.000,0.000,0.000,0.000,0.000,0,0.096,19.473,238,241,1359,14.826,172.719,36.371,172.719,2913.909,65,1,H.264,105.011,0,0,171.698,172.712,1.000,128.129,103.979,arrival-gap-jitter-spike,10265.074,0,1,1,1,1,13178.983,477.602,485.876,486.771,486.771,0,0,2,0,0,2,0,,,159.926,159.926,174,1,H.264,0,0,0,0,0,0,0,0,0,0,,105.759,0.000,108.596,0.000,0.000,0.000,132.528,stale-before-decode,0.001,340,0.000,113.746,5.049,0.080,0.609,0.340,0.000,0.269,1,0,0,1,3,0.061,19.473,19.472,36.536,19.451,1.000,Jitter,0,1,0,0.000,0,1,1,1,0.060,0.000,0.060,0,100,0,9811,9224,562,0,537
14.185,Custom_loss6_delay0-100_dup0_reorder6_burst0,Loopback,1,1,0,,,0.000,0,21,368,23.977,19.978,19.984,118.390,101.954,41.753,62.086,42.274,0.060,0.262,9956,641,9304,8663,1296,803,69,364,316,48,60,0,8663,270,96,0,0,0,0,5.000,0,0,0,0,0,0,0,0,0,0,0,0,0,0,0,0.000,0.000,0.000,,263,263,1449,0,1,82.810,171.698,83.950,172.712,0.000,0.000,260,260,5145,318,89,0,1010,1443,369,1,nack-sent,pending,H.264,0,1,24,19,5,3,2,3,6,26,0,0,10564,16,0,0,0,0,0,83.401,47,69,48,43,48,0,66.081,23.883,100.911,0,0,164,10,174,0,47,9,0.405,0.595,0.943,1.000,0.161,30.000,0.250,0.750,0.000,duplicate-guard,398,4521,0,0,295,4355,1010,11374,103,166,0,0,11373,predicted-useful,fec-grace,1594,0.208,72,174,0,5,0,0,0,5,7,5,7,72,1130,72,1130,0,0,0,pacing,1,0.762,7.909,115.909,0,0,5,7,0,0,1,13,1142,1218,56,0,1,9500000,1200000,0,0,0,10594,10594,12979807,544,666882,308,382792,0,0,0,0,0,19.117,39.302,9986.875,4800.000,546,19258,9954,4291,9304,5013,0.301,46.485,0.000,546,4726418,8640676,0.420,64.773,0.443,24.913,19258,1010,267,11374,182,820,8,89,88,150,10,16,2,5,5,0,0,0,0,0,0,0,0,0,0,76,3,1,0,4,1771,1443,1443,0,0,0,0,0,,disabled,,0,0,0,0,,1,Fixed Quality,Hybrid,85,30,9500,12000,640,360,H.264,480,270,518400,0,518400,28178,0.054,0.000,,0,0,0.000,4.750,0.000,4.037,0.625,7250,6750,6750,7,7,0,1,9500,1.000,0,19.117,0.000,0,0,0.000,0.000,0,0,0,0,0.270,0.672,0.057,1,0,0,disabled,0,0,0,33,87,33,42,12,63,63,1,4,async-output-pending,0,,0,0,0.000,0.000,0,,0.000,0.000,0.000,0.000,0,0,0,,14,0,0,0.000,1,0,0.618,0.157,0.460,0.000,0.000,0.000,0.000,0,0,1,1,1,0,0,1,1,0,1,0,0.860,136.481,0.000,26,0,0.000,0,0,0,0.000,0.000,0.000,0.000,0.000,0.000,0.000,0.000,21.812,0,0,0,0,0,0,0,0,0.000,0.000,0.000,0.000,0.000,0.000,0,0.102,19.978,260,263,1449,83.962,172.719,36.371,172.719,2913.909,65,1,H.264,105.011,0,0,171.698,172.712,1.000,128.129,103.979,arrival-gap-jitter-spike,11271.312,0,1,1,1,1,14185.221,477.602,485.876,486.771,486.771,0,0,2,0,0,2,0,,,159.926,159.926,174,1,H.264,0,0,0,0,0,0,0,0,0,0,,104.710,0.000,107.420,0.000,0.000,0.000,144.195,stale-before-decode,0.001,368,0.000,112.104,4.576,0.084,0.699,0.421,0.000,0.278,1,0,0,1,3,0.061,23.977,19.978,42.274,19.984,1.000,RecoveryDeadline,0,1,0,0.000,1,1,1,1,0.060,0.000,0.060,0,100,0,10608,9973,603,0,585
15.189,Custom_loss6_delay0-100_dup0_reorder6_burst0,Loopback,1,1,0,,,0.000,0,21,398,20.906,20.893,20.931,88.148,102.003,76.506,63.195,35.543,0.061,0.256,10784,702,10088,9386,1408,874,78,393,341,52,63,0,9386,294,101,0,0,0,0,5.000,0,0,0,0,0,0,0,0,0,0,0,0,0,0,0,0.000,0.000,0.000,,287,287,1541,0,1,11.110,171.698,12.290,172.712,0.000,0.000,283,283,5585,346,94,0,1088,1571,398,1,completed,completed,H.264,0,1,24,24,0,6,6,2,6,20,0,0,11431,23,0,0,0,0,0,83.880,51,78,52,47,52,0,66.245,24.468,100.911,0,0,181,12,193,0,54,9,0.395,0.605,0.938,1.000,0.143,39.000,0.000,1.000,0.000,duplicate-guard,437,4858,0,0,318,4664,1088,12207,119,194,0,0,12206,predicted-useful,fec-grace,1721,0.000,79,193,0,5,0,0,0,5,7,5,7,79,1247,79,1247,0,0,0,pacing,1,0.789,4.294,112.294,0,0,5,7,0,0,1,13,1259,1313,60,1,1,9500000,1200000,0,0,0,11483,11483,14069065,593,727264,334,415184,0,0,0,0,0,12.710,39.302,2333.438,4800.000,590,20841,10770,4617,10071,5454,0.300,16.252,2.533,590,5287428,8897675,1.358,58.769,0.455,18.347,20841,1088,291,12207,200,880,8,94,93,160,10,16,2,5,5,0,0,0,0,0,0,0,0,0,0,81,3,1,0,4,1920,1571,1571,0,0,0,0,0,,disabled,,0,0,0,0,,1,Fixed Quality,Hybrid,85,30,9500,12000,640,360,H.264,480,270,518400,28178,518400,28178,0.054,0.000,,0,0,0.000,2.735,0.000,0.000,0.221,7250,6750,6750,7,7,0,1,9500,1.000,0,12.710,0.000,0,0,0.000,0.000,0,0,0,0,0.264,0.674,0.062,1,0,0,disabled,24,1,1,36,93,36,45,12,69,69,1,4,decoder-sync-observed,0,,0,0,10.963,23.729,0,,0.000,0.000,0.000,0.000,0,0,0,,15,0,0,3.422,0,400,0.220,0.000,0.000,0.219,0.000,0.171,0.015,1,1,1,1,0,1,1,0,0,0,1,0,0.860,27.406,0.000,26,0,0.000,0,0,0,0.000,0.000,0.000,0.000,0.000,0.000,0.000,2.367,7.263,0,0,0,0,0,0,0,0,0.000,0.000,0.000,0.000,0.000,0.000,0,0.105,20.893,283,287,1541,12.161,172.719,36.371,172.719,2913.909,65,1,H.264,105.011,0,0,171.698,172.712,1.000,128.129,103.979,arrival-gap-jitter-spike,12274.672,0,1,1,1,1,15188.581,477.602,485.876,486.771,486.771,0,0,2,0,0,2,0,,,159.926,159.926,174,1,H.264,0,0,0,0,0,0,0,0,0,0,,101.763,0.000,107.693,0.000,0.000,0.000,129.074,stale-before-decode,0.001,397,0.000,112.554,4.748,0.087,0.310,0.001,0.000,0.310,1,0,0,1,3,0.061,20.906,20.893,35.543,20.931,1.000,RecoveryDeadline,0,1,0,1.000,3,3,3,1,0.060,0.000,0.060,0,100,0,11498,10802,654,0,633
16.192,Custom_loss6_delay0-100_dup0_reorder6_burst0,Loopback,1,1,0,,,0.000,0,21,425,20.373,20.359,20.333,107.879,102.145,93.328,65.347,6.291,0.063,0.249,11550,773,10835,10062,1505,935,88,417,359,58,65,0,10062,316,105,0,0,0,0,5.000,0,0,0,0,0,0,0,0,0,0,0,0,0,0,0,0.000,0.000,0.000,,309,309,1629,0,1,54.241,171.698,55.376,172.712,0.000,0.000,306,305,5963,374,98,0,1152,1677,427,1,nack-suppressed-fec-grace,pending,H.264,0,1,24,11,13,1,0,0,0,0,0,0,12273,3,0,0,0,0,0,45.395,55,88,58,53,58,0,67.076,23.900,100.911,0,0,201,13,214,0,61,10,0.385,0.615,0.939,1.000,0.141,45.000,0.250,0.750,0.000,duplicate-guard,470,5165,0,0,338,4953,1152,12908,132,212,0,0,12907,deferred-likely-arrival,fec-grace,1829,0.000,88,214,0,5,0,0,0,5,7,5,7,88,1395,88,1395,0,0,0,pacing,1,0.797,6.628,114.628,0,0,5,7,0,0,1,13,1407,1388,63,0,1,9500000,1200000,2,0,2,12314,12312,15084817,644,790134,360,447576,0,0,0,0,0,17.486,39.302,379.188,4800.000,634,22355,11534,4908,10821,5913,0.299,3.130,0.707,634,8076756,11820366,0.747,50.380,0.492,14.647,22355,1152,313,12908,221,923,8,98,97,167,11,18,2,5,6,0,0,0,0,0,0,0,0,0,0,84,3,1,0,4,2049,1677,1677,0,0,0,0,0,,disabled,,0,0,0,0,,1,Fixed Quality,Hybrid,85,30,9500,12000,640,360,H.264,480,270,518400,28176,518400,28176,0.054,0.000,,0,0,0.000,2.287,0.000,0.000,0.071,7250,6750,6750,7,7,0,1,9500,1.000,0,17.486,0.000,0,0,0.000,0.000,0,0,0,0,0.257,0.682,0.061,1,0,0,disabled,24,1,1,40,105,40,51,14,76,76,1,4,decoder-sync-observed,0,,0,0,26.695,23.727,0,,0.000,0.000,0.000,0.000,0,0,0,,16,0,0,5.795,0,428,0.071,0.000,0.000,0.071,0.000,0.045,0.008,1,1,1,1,0,1,1,0,0,0,0,0,1.000,0.000,0.000,30,0,0.000,0,0,0,0.000,0.000,0.000,0.000,0.000,0.000,0.000,2.180,9.904,0,0,0,0,0,0,0,0,0.000,0.000,0.000,0.000,0.000,0.000,0,0.104,20.359,306,309,1629,55.324,172.719,36.371,172.719,2913.909,65,1,H.264,105.011,0,0,171.698,172.712,1.000,128.129,103.979,arrival-gap-jitter-spike,13278.450,0,1,1,1,1,16192.359,477.602,485.876,486.771,486.771,0,0,2,0,0,2,0,,,159.926,159.926,174,1,H.264,0,0,0,0,0,0,0,0,0,0,,104.728,0.000,107.554,4.717,0.000,116.825,133.940,stale-before-decode,0.001,424,0.000,111.980,5.422,0.080,0.772,0.538,0.000,0.234,1,0,0,1,3,0.062,20.373,20.359,6.291,20.333,1.000,Loss,0,1,0,0.500,2,1,1,1,0.060,0.000,0.060,0,100,0,12328,11573,711,0,667
17.194,Custom_loss6_delay0-100_dup0_reorder6_burst0,Loopback,1,1,0,,,0.000,0,21,455,24.385,24.405,24.332,102.955,102.539,52.972,64.522,0.308,0.061,0.244,12355,805,11568,10763,1606,997,99,441,381,60,69,0,10763,341,110,0,0,0,0,5.000,0,0,0,0,0,0,0,0,0,0,0,0,0,0,0,0.000,0.000,0.000,,334,334,1723,0,1,40.199,171.698,41.316,172.712,0.000,0.000,331,329,6381,401,103,0,1226,1794,457,1,fec-recovered,pending,H.264,0,1,22,5,17,3,1,0,0,0,0,0,13138,2,0,0,0,0,0,28.665,61,99,60,55,60,0,67.580,23.583,100.911,0,0,220,15,235,0,63,11,0.381,0.619,0.936,1.000,0.149,45.000,0.000,1.000,0.000,duplicate-guard,498,5413,0,0,359,5190,1226,13652,138,219,1,4,13653,predicted-useful,likely-arrival,1954,0.000,95,235,0,5,0,0,0,5,7,5,7,95,1511,95,1511,0,0,0,pacing,1,0.792,5.837,113.837,0,0,5,7,0,0,1,13,1523,1480,67,0,1,9500000,1200000,0,0,0,13147,13147,16107538,695,853002,387,481204,0,0,0,0,0,27.887,39.302,22498.000,4800.000,679,23904,12336,5221,11568,6347,0.297,30.979,3.692,679,3808814,6345385,2.846,32.233,0.507,12.022,23904,1226,337,13652,242,975,9,103,102,179,12,20,2,5,7,0,0,0,0,0,0,0,0,0,0,88,3,1,0,4,2200,1794,1794,0,0,0,0,0,,disabled,,0,0,0,0,,1,Fixed Quality,Hybrid,85,30,9500,12000,640,360,H.264,480,270,518400,0,518400,26096,0.050,0.000,,0,0,0.000,5.164,0.000,4.473,0.646,6250,6250,6250,8,8,0,1,9500,0.880,1,27.887,0.000,0,0,0.000,0.000,0,0,0,0,0.260,0.677,0.064,1,0,0,latency-pressure-freshness-hold,0,0,0,44,111,44,53,14,82,82,0,4,async-output-pending,0,,0,0,0.000,0.000,0,,0.000,0.000,0.000,0.000,0,0,0,,17,0,0,0.000,1,0,0.637,0.173,0.462,0.000,0.000,0.000,0.000,0,0,1,1,1,0,0,1,1,0,0,0,1.000,0.000,0.000,27,0,0.000,0,0,0,0.000,0.000,0.000,0.000,0.000,0.000,0.000,0.000,7.180,0,0,0,0,0,0,0,0,0.000,0.000,0.000,0.000,0.000,0.000,0,0.134,24.389,331,334,1723,41.143,172.719,36.371,172.719,2913.909,65,1,H.264,105.011,0,0,171.698,172.712,1.000,128.129,103.979,arrival-gap-jitter-spike,14280.446,0,1,1,1,1,17194.355,477.602,485.876,486.771,486.771,0,0,3,0,0,3,1,latency-pressure freshness,latency-over-80ms,148.171,159.926,446,1,decoded,0,0,0,0,0,0,0,0,0,0,,104.530,0.000,106.707,5.449,0.000,112.041,131.477,stale-before-upload,0.001,454,0.000,110.670,4.789,0.078,0.303,0.034,0.000,0.269,1,0,0,1,3,0.061,24.385,24.405,0.308,24.332,1.000,Loss,0,1,0,1.000,0,2,2,1,0.060,0.000,0.060,0,100,0,13164,12377,757,0,705
18.200,Custom_loss6_delay0-100_dup0_reorder6_burst0,Loopback,1,1,0,,,0.000,0,21,481,17.590,17.602,17.588,99.328,102.254,69.147,64.811,14.695,0.061,0.241,13071,843,12227,11384,1707,1060,105,472,407,65,70,0,11384,362,115,0,0,0,0,5.000,0,0,0,0,0,0,0,0,0,0,0,0,0,0,0,0.000,0.000,0.000,,355,355,1820,0,1,41.103,174.479,42.156,175.471,0.000,0.000,352,351,6736,427,108,0,1283,1897,483,1,nack-suppressed-fec-grace,pending,H.264,0,1,23,10,13,1,0,0,0,0,0,0,13906,20,0,0,0,0,0,45.583,65,105,65,60,65,0,68.229,22.450,100.911,0,0,235,16,251,0,69,11,0.382,0.618,0.936,1.000,0.138,45.000,0.000,1.000,0.000,duplicate-guard,532,5652,0,0,379,5407,1283,14116,152,241,1,4,14117,predicted-useful,fec-grace,2056,0.435,101,251,0,5,0,0,0,5,7,5,7,101,1588,101,1588,0,0,0,pacing,1,0.725,8.689,116.689,0,0,5,7,0,0,1,13,1600,1551,71,0,1,9500000,1200000,0,0,0,13897,13897,17033170,739,907480,411,511100,0,0,0,0,0,17.495,39.302,9633.062,4800.000,719,25290,13063,5531,12227,6696,0.297,11.065,2.505,719,5263861,8552119,1.351,29.021,0.493,13.084,25290,1283,358,14116,263,1011,9,108,107,188,13,22,2,5,8,0,0,0,0,0,0,0,0,0,0,92,3,1,0,4,2320,1897,1897,0,0,0,0,0,,disabled,,0,0,0,0,,1,Fixed Quality,Hybrid,85,30,9500,12000,640,360,H.264,480,270,518400,0,518400,27136,0.052,0.000,,0,0,0.000,2.066,0.000,0.000,0.082,7250,6500,6500,9,9,0,1,9500,1.000,0,17.495,0.000,0,0,0.000,0.000,0,0,0,0,0.259,0.677,0.064,1,0,0,disabled,0,0,0,48,121,48,57,16,89,89,0,4,async-output-pending,0,,0,0,0.000,0.000,0,,0.000,0.000,0.000,0.000,0,0,0,,18,0,0,12.676,0,484,0.081,0.000,0.000,0.081,0.000,0.056,0.007,1,1,1,1,0,1,1,0,1,0,1,0,0.860,179.994,0.000,26,0,0.000,0,0,0,0.000,0.000,0.000,0.000,0.000,0.000,0.000,0.000,9.895,0,0,0,0,0,0,0,0,0.000,0.000,0.000,0.000,0.000,0.000,0,0.113,17.602,352,355,1820,42.055,175.397,36.371,175.397,17993.439,476,1,H.264,94.515,0,0,174.479,175.471,1.000,141.640,93.586,arrival-gap-jitter-spike,206.290,0,1,1,1,1,18199.729,477.602,485.876,486.771,486.771,0,0,3,0,0,3,0,,,148.171,159.926,446,1,decoded,0,0,0,0,0,0,0,0,0,0,,98.319,0.000,101.089,0.000,0.000,0.000,129.664,stale-before-upload,0.001,481,0.000,105.911,4.683,0.077,0.376,0.115,0.000,0.261,1,0,0,1,3,0.061,17.590,17.602,14.695,17.588,1.000,Jitter,1,1,0,0.000,1,2,2,1,0.060,0.000,0.060,0,100,0,13915,13098,792,0,747
19.200,Custom_loss6_delay0-100_dup0_reorder6_burst0,Loopback,1,1,0,,,0.000,0,21,510,23.659,23.649,23.632,102.243,102.313,21.742,62.278,14.339,0.061,0.238,13866,905,13001,12096,1819,1127,113,506,435,71,73,0,12096,385,120,0,0,0,0,5.000,0,0,0,0,0,0,0,0,0,0,0,0,0,0,0,0.000,0.000,0.000,,378,378,1914,0,1,26.957,174.479,27.929,175.471,0.000,0.000,375,374,7158,456,113,0,1352,2021,512,1,nack-sent,pending,H.264,0,1,24,13,11,1,1,1,0,11,0,0,14734,8,0,0,0,0,0,51.041,72,113,71,66,71,0,68.044,23.283,100.911,0,0,256,17,273,0,76,12,0.389,0.611,0.938,1.000,0.136,43.000,0.300,0.700,0.000,duplicate-guard,567,5935,0,0,400,5667,1352,14769,166,264,1,4,14769,predicted-useful,fec-grace,2173,0.458,109,273,0,5,0,0,0,5,7,5,7,109,1696,109,1696,0,0,0,pacing,1,0.748,9.157,117.157,0,0,5,7,0,0,1,13,1708,1633,75,1,1,9500000,1200000,4,0,4,14767,14763,18097536,790,970508,436,541784,0,0,0,0,0,6.990,39.302,828.000,4800.000,763,26866,13865,5838,13001,7163,0.296,4.786,0.310,763,8807892,12591237,1.215,13.736,0.481,13.852,26866,1352,381,14769,284,1059,9,113,112,200,14,24,2,5,9,0,0,0,0,0,0,0,0,0,0,96,3,1,0,4,2465,2021,2021,0,0,0,0,0,,disabled,,0,0,0,0,,1,Fixed Quality,Hybrid,85,30,9500,12000,640,360,H.264,480,270,518400,28178,518400,28178,0.054,0.000,,0,0,0.000,2.372,0.000,0.000,0.092,7250,6750,6750,10,10,0,1,9500,1.000,0,17.443,0.000,0,0,0.000,0.000,0,0,0,0,0.264,0.674,0.062,1,0,0,disabled,24,0,0,51,129,51,62,16,96,96,0,4,large-au-observed,0,,0,0,21.074,23.729,0,,0.000,0.000,0.000,0.000,0,0,0,,19,0,0,8.223,0,513,0.092,0.000,0.000,0.091,0.000,0.063,0.008,1,1,1,1,0,1,1,0,0,0,0,0,1.000,0.000,0.000,30,0,0.000,0,0,0,0.000,0.000,0.000,0.000,0.000,0.000,0.000,2.272,12.573,0,0,0,0,0,0,0,0,0.000,0.000,0.000,0.000,0.000,0.000,0,0.088,23.649,375,378,1914,28.107,175.397,36.371,175.397,17993.439,476,1,H.264,94.515,0,0,174.479,175.471,1.000,141.640,93.586,arrival-gap-jitter-spike,1206.550,0,1,1,1,1,19199.989,477.602,485.876,486.771,486.771,0,0,3,0,0,3,0,,,148.171,159.926,446,1,decoded,0,0,0,0,0,0,0,0,0,0,,108.252,0.000,110.996,0.000,0.000,0.000,131.121,stale-before-upload,0.001,510,0.000,116.137,5.043,0.077,0.583,0.328,0.000,0.256,1,0,0,1,3,0.061,23.659,23.649,14.339,23.632,1.000,RecoveryDeadline,1,1,0,1.000,1,1,1,1,0.060,0.000,0.060,0,100,0,14782,13892,847,0,791
20.207,Custom_loss6_delay0-100_dup0_reorder6_burst0,Loopback,1,1,0,,,0.000,0,21,540,23.974,21.987,21.684,93.681,102.484,81.126,63.325,13.289,0.062,0.239,14682,967,13784,12817,1923,1193,121,532,458,74,77,0,12817,407,128,0,0,0,0,5.000,0,0,0,0,0,0,0,0,0,0,0,0,0,0,0,0.000,0.000,0.000,,399,399,2007,0,1,53.963,174.479,55.000,175.471,0.000,0.000,396,395,7569,481,120,0,1422,2138,541,1,fec-recovered,pending,H.264,1,1,24,23,1,5,5,2,12,23,0,1,15611,22,15649,8,0,0,0,65.486,81,121,74,69,74,0,68.354,23.457,100.911,0,0,276,22,298,0,84,13,0.401,0.599,0.926,1.000,0.134,45.000,0.375,0.625,0.000,duplicate-guard,600,6211,0,0,420,5924,1422,15440,179,283,1,4,15440,predicted-useful,fec-grace,2290,0.000,118,298,0,5,0,0,0,5,7,5,7,118,1825,118,1825,0,0,0,pacing,1,0.702,9.253,117.253,0,0,5,7,0,0,1,13,1837,1719,78,0,1,9500000,1200000,0,0,0,15632,15632,19162520,845,1038354,460,571680,0,0,0,0,0,16.065,39.302,6597.750,3499.500,809,28462,14678,6150,13784,7634,0.295,27.783,3.160,809,5030744,8475339,1.292,22.866,0.487,19.572,28462,1422,403,15440,307,1106,9,120,119,215,15,25,1,6,9,0,0,0,0,0,0,0,0,0,0,102,3,1,0,4,2607,2138,2138,0,0,0,0,0,,disabled,,0,0,0,0,,1,Fixed Quality,Hybrid,85,30,9500,12000,640,360,H.264,480,270,518400,0,518400,28178,0.054,0.000,,0,0,0.000,6.068,0.000,5.325,0.679,7250,6750,6750,10,10,0,1,9500,1.000,0,16.065,0.000,0,0,0.000,0.000,0,0,0,0,0.272,0.654,0.074,1,0,0,disabled,0,0,0,55,139,55,66,18,104,104,0,4,async-output-pending,0,,0,0,0.000,0.000,0,,16.094,10115.062,39583.333,0.000,0,0,0,,20,0,0,0.000,1,0,0.670,0.188,0.481,0.000,0.000,0.000,0.000,0,0,1,1,1,0,0,1,1,0,0,0,1.000,0.000,0.000,30,0,0.000,0,0,0,0.000,0.000,0.000,0.000,0.000,0.000,0.000,0.000,11.221,0,0,0,0,0,0,0,0,0.000,0.000,0.000,0.000,0.000,0.000,0,0.093,21.987,396,399,2007,54.986,175.397,36.371,175.397,17993.439,476,1,H.264,94.515,0,0,174.479,175.471,1.000,141.640,93.586,arrival-gap-jitter-spike,2213.601,0,1,1,1,1,20207.040,477.602,485.876,486.771,486.771,0,0,3,0,0,3,0,,,148.171,159.926,446,1,decoded,0,0,0,0,0,0,0,0,0,0,,100.484,0.000,103.209,0.000,0.000,0.000,126.840,stale-before-upload,0.001,540,0.000,109.215,5.899,0.075,0.886,0.639,0.000,0.247,1,0,0,1,3,0.062,23.974,21.987,13.289,21.684,1.000,Loss,0,1,0,0.000,1,3,3,1,0.060,0.000,0.060,0,100,0,15652,14710,909,0,838
21.214,Custom_loss6_delay0-100_dup0_reorder6_burst0,Loopback,1,1,0,,,0.000,0,21,567,19.012,17.430,17.294,101.390,102.451,14.972,60.780,54.187,0.062,0.243,15400,1014,14462,13448,2034,1258,131,565,483,82,80,0,13448,426,137,0,0,0,0,5.000,0,0,0,0,0,0,0,0,0,0,0,0,0,0,0,0.000,0.000,0.000,,417,417,2105,0,1,104.373,174.479,105.460,175.471,0.000,0.000,414,412,7954,508,128,0,1484,2243,569,1,fec-parity,pending,H.264,0,1,22,10,12,3,1,0,0,0,0,0,16393,16,0,0,0,0,0,51.106,87,131,82,77,82,0,68.447,22.397,100.911,0,0,300,21,321,0,90,14,0.399,0.601,0.935,1.000,0.135,44.000,0.154,0.846,0.000,duplicate-guard,640,6456,0,0,440,6141,1484,16033,199,311,1,4,16032,deferred-likely-arrival,fec-grace,2395,0.227,127,321,0,5,0,0,0,7,9,7,9,127,1963,127,1963,0,0,0,pacing,1,0.810,12.155,120.155,0,0,7,9,0,0,1,13,1977,1795,82,0,1,9500000,1200000,2,0,2,16412,16410,20119015,896,1101540,484,601576,0,0,0,0,0,7.150,39.302,1012.562,4800.000,847,29829,15376,6409,14453,8044,0.294,8.783,0.091,847,4722378,7522576,0.701,5.062,0.491,12.522,29829,1484,420,16033,332,1143,9,128,127,228,17,27,1,8,9,0,0,0,0,0,0,0,0,0,0,108,3,1,0,4,2734,2243,2243,0,0,0,0,0,,disabled,,0,0,0,0,,1,Fixed Quality,Hybrid,85,30,9500,12000,640,360,H.264,480,270,518400,26094,518400,26094,0.050,0.000,,0,0,0.000,2.228,0.000,0.000,0.116,6750,6250,6250,11,11,0,1,9500,0.924,1,8.553,0.000,0,0,0.000,0.000,0,0,0,0,0.271,0.664,0.065,1,0,0,latency-pressure-freshness-hold,22,0,0,59,147,59,70,18,112,112,0,4,large-au-observed,0,,0,0,14.146,21.974,0,,0.000,0.000,0.000,0.000,0,0,0,,21,0,0,6.892,0,570,0.116,0.000,0.000,0.115,0.000,0.071,0.015,1,1,1,1,0,1,1,0,0,0,0,0,1.000,0.000,0.000,27,0,0.000,0,0,0,0.000,0.000,0.000,0.000,0.000,0.000,0.000,2.065,10.916,0,0,0,0,0,0,0,0,0.000,0.000,0.000,0.000,0.000,0.000,0,0.094,17.430,414,417,2105,105.356,175.397,36.371,175.397,17993.439,476,1,H.264,94.515,0,0,174.479,175.471,1.000,141.640,93.586,arrival-gap-jitter-spike,3221.073,0,1,1,1,1,21214.512,477.602,485.876,486.771,486.771,0,0,4,0,0,4,1,latency-pressure freshness,latency-over-80ms,141.521,159.926,547,1,decoded,0,0,0,0,0,0,0,0,0,0,,104.163,0.000,106.706,0.000,0.000,0.000,135.695,stale-before-upload,0.001,567,0.000,111.738,5.263,0.078,0.711,0.439,0.000,0.272,1,0,0,1,3,0.062,19.012,17.430,54.187,17.294,2.000,Jitter,0,1,0,0.000,1,1,1,1,0.060,0.000,0.060,0,100,0,16431,15428,961,0,887
22.214,Custom_loss6_delay0-100_dup0_reorder6_burst0,Loopback,1,1,0,,,0.000,0,21,594,23.727,23.727,23.401,89.588,102.469,96.732,62.578,19.428,0.063,0.238,16088,1080,15127,14047,2119,1311,136,591,506,85,81,0,14047,448,140,0,0,0,0,5.000,0,0,0,0,0,0,0,0,0,0,0,0,0,0,0,0.000,0.000,0.000,,439,439,2201,0,1,21.718,174.479,22.717,175.471,0.000,0.000,436,434,8308,533,131,0,1542,2342,596,1,fec-recovered,pending,H.264,0,1,23,10,13,5,2,0,0,0,0,0,17135,21,0,0,0,0,0,41.870,97,136,85,80,85,0,68.560,22.137,100.911,0,0,318,22,340,0,100,14,0.416,0.584,0.935,1.000,0.123,45.000,0.444,0.556,0.000,duplicate-guard,673,6673,0,0,457,6336,1542,16562,215,333,1,4,16561,predicted-useful,fec-grace,2497,0.217,134,340,0,5,0,0,0,8,10,8,10,134,2071,134,2071,0,0,0,pacing,1,0.815,11.062,119.062,0,0,8,10,0,0,1,13,2086,1867,86,0,1,9500000,1200000,0,0,0,17150,17150,21030413,944,1160838,510,633960,0,0,0,0,0,14.069,39.302,5280.250,4800.000,886,31197,16080,6686,15117,8431,0.294,5.702,0.832,886,6082565,9330636,0.631,20.401,0.501,15.961,31197,1542,442,16562,353,1180,9,131,130,233,18,29,2,8,10,0,0,0,0,0,0,0,0,0,0,110,3,1,0,4,2855,2342,2342,0,0,0,0,0,,disabled,,0,0,0,0,,1,Fixed Quality,Hybrid,85,30,9500,12000,640,360,H.264,480,270,518400,27136,518400,27136,0.052,0.000,,0,0,0.000,2.356,0.000,0.000,0.088,7250,6500,6500,12,12,0,1,9500,1.000,0,14.069,0.000,0,0,0.000,0.000,0,0,0,0,0.285,0.650,0.065,1,0,0,disabled,23,0,0,63,157,63,76,18,119,119,0,4,large-au-observed,0,,0,0,10.556,22.851,0,,0.000,0.000,0.000,0.000,0,0,0,,22,0,0,5.959,0,597,0.088,0.000,0.000,0.088,0.000,0.060,0.009,1,1,1,1,0,1,1,0,0,0,0,0,1.000,0.000,0.000,30,0,0.000,0,0,0,0.000,0.000,0.000,0.000,0.000,0.000,0.000,2.260,16.698,0,0,0,0,0,0,0,0,0.000,0.000,0.000,0.000,0.000,0.000,0,0.099,23.727,436,439,2201,22.828,175.397,36.371,175.397,17993.439,476,1,H.264,94.515,0,0,174.479,175.471,1.000,141.640,93.586,arrival-gap-jitter-spike,4221.060,0,1,1,1,1,22214.499,477.602,485.876,486.771,486.771,0,0,4,0,0,4,0,,,141.521,159.926,547,1,decoded,0,0,0,0,0,0,0,0,0,0,,104.336,0.000,107.036,0.000,0.000,0.000,124.794,stale-before-upload,0.001,594,0.000,111.610,4.463,0.074,0.729,0.391,0.000,0.338,1,0,0,1,3,0.063,23.727,23.727,19.428,23.401,1.000,RecoveryDeadline,0,1,0,1.000,4,4,4,1,0.060,0.000,0.060,0,100,0,17172,16117,1012,0,917
23.221,Custom_loss6_delay0-100_dup0_reorder6_burst0,Loopback,1,1,0,,,0.000,0,21,622,21.629,21.609,21.577,105.745,102.530,61.599,62.531,1.718,0.062,0.238,16902,1115,15873,14758,2224,1376,141,623,531,92,84,0,14758,470,147,0,0,0,0,5.000,0,0,0,0,0,0,0,0,0,0,0,0,0,0,0,0.000,0.000,0.000,,460,460,2294,0,1,46.465,174.479,47.951,175.471,0.000,0.000,457,455,8724,562,137,0,1608,2460,624,1,nack-deferred-likely-arrival,pending,H.264,0,1,24,22,2,6,5,1,5,9,0,0,17942,10,0,0,0,0,0,75.447,101,141,92,87,92,0,68.373,22.982,126.559,0,0,334,24,358,0,106,14,0.417,0.583,0.933,1.000,0.117,45.000,0.333,0.667,0.000,duplicate-guard,715,6986,0,0,479,6613,1608,17198,235,369,1,4,17196,deferred-likely-arrival,likely-arrival,2609,0.208,140,358,0,5,0,0,0,8,10,8,10,140,2167,140,2167,0,0,0,pacing,1,0.809,9.452,117.452,0,0,8,10,0,0,1,13,2182,1951,90,0,1,9500000,1200000,20,0,20,18029,18009,22084609,992,1219976,536,666352,0,0,0,0,0,0.797,39.302,522.375,4800.000,930,32767,16894,7111,15873,8762,0.296,14.980,2.292,930,6677500,10313773,1.006,9.294,0.477,13.537,32767,1608,464,17198,374,1225,9,137,136,244,18,29,2,8,10,0,0,0,0,0,0,0,0,0,0,116,3,1,0,4,3001,2460,2460,0,0,0,0,0,,disabled,,0,0,0,0,,1,Fixed Quality,Hybrid,85,30,9500,12000,640,360,H.264,480,270,518400,28178,518400,28178,0.054,0.000,,0,0,0.000,2.264,0.000,0.000,0.092,7250,6750,6750,13,13,0,1,9500,1.000,0,10.488,0.000,0,0,0.000,0.000,0,0,0,0,0.282,0.651,0.067,1,0,0,disabled,24,0,0,67,166,67,80,19,126,126,0,4,large-au-observed,0,,0,0,17.938,23.729,0,,0.000,0.000,0.000,0.000,0,0,0,,23,0,0,6.217,0,627,0.091,0.000,0.000,0.091,0.000,0.063,0.010,1,1,1,1,0,1,1,0,0,0,1,0,0.860,154.204,0.000,26,0,0.000,0,0,0,0.000,0.000,0.000,0.000,0.000,0.000,0.000,2.161,10.349,0,0,0,0,0,0,0,0,0.000,0.000,0.000,0.000,0.000,0.000,0,0.112,21.608,457,460,2294,47.450,175.397,36.371,175.397,17993.439,476,1,H.264,94.515,0,0,174.479,175.471,1.000,141.640,93.586,arrival-gap-jitter-spike,5227.663,0,1,1,1,1,23221.102,477.602,485.876,486.771,486.771,0,0,4,0,0,4,0,,,141.521,159.926,547,1,decoded,0,0,0,0,0,0,0,0,0,0,,105.908,0.000,108.800,0.000,0.000,0.000,132.873,stale-before-upload,0.000,622,0.000,114.837,5.916,0.075,0.664,0.384,0.000,0.280,1,0,0,1,3,0.062,21.629,21.609,1.718,21.577,2.000,RecoveryDeadline,0,1,0,1.000,4,4,4,1,0.060,0.000,0.060,0,100,0,18032,16933,1058,0,976
24.222,Custom_loss6_delay0-100_dup0_reorder6_burst0,Loopback,1,1,0,,,0.000,0,21,652,24.987,23.073,22.867,97.072,102.794,64.451,62.618,29.788,0.061,0.236,17657,1155,16579,15424,2327,1433,146,661,564,97,87,0,15424,493,152,0,0,0,0,5.000,0,0,0,0,0,0,0,0,0,0,0,0,0,0,0,0.000,0.000,0.000,,482,482,2390,0,1,68.734,174.479,69.809,175.471,0.000,0.000,479,477,9105,590,141,0,1672,2568,653,1,nack-suppressed-fec-grace,pending,H.264,0,1,24,16,8,2,1,0,0,0,0,0,18762,3,0,0,0,0,0,50.034,107,146,97,92,97,0,68.326,22.871,126.559,0,0,350,24,374,0,109,14,0.423,0.577,0.936,1.000,0.114,45.000,0.333,0.667,0.000,duplicate-guard,757,7251,0,0,499,6840,1672,17786,257,407,1,4,17782,predicted-useful,fec-grace,2722,0.625,146,374,0,5,0,0,0,8,10,8,10,146,2268,146,2268,0,0,0,pacing,1,0.790,8.464,116.464,0,0,8,10,0,0,1,13,2283,2032,94,0,1,9500000,1200000,0,0,0,18795,18795,23047459,1038,1276626,561,697500,0,0,0,0,0,17.857,39.302,8563.062,4800.000,968,34206,17632,7393,16574,9181,0.295,4.494,1.485,968,5579050,8508394,0.817,8.006,0.502,10.661,34206,1672,487,17786,392,1271,9,141,140,252,18,29,2,8,10,0,0,0,0,0,0,0,0,0,0,120,3,1,0,4,3125,2568,2568,0,0,0,0,0,,disabled,,0,0,0,0,,1,Fixed Quality,Hybrid,85,30,9500,12000,640,360,H.264,480,270,518400,28178,518400,28178,0.054,0.000,,0,0,0.000,1.876,0.000,0.000,0.078,7250,6750,6750,13,13,0,1,9500,1.000,0,17.857,0.000,0,0,0.000,0.000,0,0,0,0,0.286,0.650,0.064,1,0,0,disabled,24,0,0,71,174,71,84,19,132,132,0,4,large-au-observed,0,,0,0,19.488,23.729,0,,0.000,0.000,0.000,0.000,0,0,0,,24,0,0,6.008,0,654,0.078,0.000,0.000,0.077,0.000,0.053,0.008,1,1,1,1,0,1,1,0,0,0,1,0,0.860,28.958,0.000,26,0,0.000,0,0,0,0.000,0.000,0.000,0.000,0.000,0.000,0.000,1.791,30.353,0,0,0,0,0,0,0,0,0.000,0.000,0.000,0.000,0.000,0.000,0,0.096,23.072,479,482,2390,69.713,175.397,36.371,175.397,17993.439,476,1,H.264,94.515,0,0,174.479,175.471,1.000,141.640,93.586,arrival-gap-jitter-spike,6228.577,0,1,1,1,1,24222.016,477.602,485.876,486.771,486.771,0,0,4,0,0,4,0,,,141.521,159.926,547,1,decoded,0,0,0,0,0,0,0,0,0,0,,103.631,0.000,106.399,0.000,0.000,0.000,128.536,stale-before-upload,0.001,652,0.000,111.569,5.065,0.073,0.881,0.562,0.000,0.319,1,0,0,1,3,0.061,24.987,23.073,29.788,22.867,1.000,RecoveryDeadline,0,1,0,0.000,1,2,2,1,0.060,0.000,0.060,0,100,0,18819,17689,1099,0,1016
25.227,Custom_loss6_delay0-100_dup0_reorder6_burst0,Loopback,1,1,0,,,0.000,0,21,679,23.902,23.906,24.712,110.173,102.864,88.782,63.756,3.564,0.061,0.235,18482,1200,17346,16146,2446,1496,155,702,598,104,93,0,16146,514,158,0,0,0,0,5.000,0,0,0,0,0,0,0,0,0,0,0,0,0,0,0,0.000,0.000,0.000,,503,503,2488,0,1,37.371,174.479,38.274,175.471,0.000,0.000,500,498,9540,618,147,0,1745,2688,682,1,fec-parity,pending,H.264,0,1,24,10,14,2,0,0,0,0,0,0,19670,14,0,0,0,0,0,29.775,115,155,104,99,104,0,67.928,22.598,126.559,0,0,374,26,400,0,114,14,0.426,0.574,0.935,1.000,0.109,45.000,0.167,0.833,0.000,duplicate-guard,793,7548,0,0,519,7110,1745,18501,273,434,1,4,18495,deferred-likely-arrival,likely-arrival,2840,0.250,156,400,0,5,0,0,0,8,10,8,10,156,2440,156,2440,0,0,0,pacing,1,0.820,13.529,121.529,0,0,8,10,0,0,1,13,2455,2117,98,0,1,9500000,1200000,0,0,0,19661,19661,24108679,1094,1345716,589,732380,0,0,0,0,0,18.200,39.302,8858.750,4800.000,1013,35814,18468,7759,17346,9587,0.296,4.342,1.647,1013,6441301,9557632,1.091,11.271,0.486,13.172,35814,1745,508,18501,416,1320,9,147,146,262,18,29,2,8,10,0,0,0,0,0,0,0,0,0,0,126,3,1,0,4,3280,2688,2688,0,0,0,0,0,,disabled,,0,0,0,0,,1,Fixed Quality,Hybrid,85,30,9500,12000,640,360,H.264,480,270,518400,0,518400,28178,0.054,0.000,,0,0,0.000,4.869,0.000,4.206,0.643,7250,6750,6750,13,13,0,1,9500,1.000,0,18.200,0.000,0,0,0.000,0.000,0,0,0,0,0.287,0.647,0.065,1,0,0,disabled,0,0,0,75,184,75,88,21,140,140,0,4,async-output-pending,0,,0,0,0.000,0.000,0,,18.200,8858.750,45673.077,0.000,0,0,0,,25,0,0,0.000,1,0,0.631,0.158,0.472,0.000,0.000,0.000,0.000,0,0,1,1,1,0,0,1,1,0,1,0,0.860,100.629,0.000,26,0,0.000,0,0,0,0.000,0.000,0.000,0.000,0.000,0.000,0.000,0.000,30.183,0,0,0,0,0,0,0,0,0.000,0.000,0.000,0.000,0.000,0.000,0,0.093,23.906,500,503,2488,38.572,175.397,36.371,175.397,17993.439,476,1,H.264,94.515,0,0,174.479,175.471,1.000,141.640,93.586,arrival-gap-jitter-spike,7233.493,0,1,1,1,1,25226.932,477.602,485.876,486.771,486.771,0,0,4,0,0,4,0,,,141.521,159.926,547,1,decoded,0,0,0,0,0,0,0,0,0,0,,105.139,0.000,108.035,0.000,0.000,0.000,135.087,stale-before-upload,0.001,679,0.000,113.740,5.594,0.071,0.827,0.521,0.000,0.306,1,0,0,1,3,0.061,23.902,23.906,3.564,24.712,1.000,Loss,0,1,0,2.000,1,2,2,1,0.060,0.000,0.060,0,100,0,19686,18516,1144,0,1065
26.233,Custom_loss6_delay0-100_dup0_reorder6_burst0,Loopback,1,1,0,,,0.000,0,21,708,16.401,16.404,17.515,109.806,102.938,111.670,65.752,0.479,0.063,0.239,19286,1286,18143,16857,2546,1558,161,730,623,107,97,0,16857,534,168,0,0,0,0,5.000,0,0,0,0,0,0,0,0,0,0,0,0,0,0,0,0.000,0.000,0.000,,522,522,2580,0,1,59.296,174.479,60.494,175.471,0.000,0.000,519,516,9958,641,156,0,1811,2806,710,1,nack-suppressed-fec-grace,pending,H.264,0,1,24,15,9,1,0,0,0,0,0,0,20520,7,0,0,0,0,0,45.864,120,161,107,102,107,0,67.768,22.867,126.559,0,0,388,29,417,0,122,14,0.427,0.573,0.930,1.000,0.103,45.000,0.429,0.571,0.000,duplicate-guard,835,7856,0,0,542,7388,1811,19087,292,464,1,4,19080,predicted-useful,fec-grace,2952,0.917,163,417,0,5,0,0,0,8,10,8,10,163,2562,163,2562,0,0,0,pacing,1,0.836,7.489,115.489,0,0,8,10,0,0,1,13,2577,2200,102,0,1,9500000,1200000,0,0,0,20548,20548,25195449,1141,1403610,614,763528,0,0,0,0,0,0.018,39.302,3755.688,3556.000,1058,37402,19280,8152,18122,9970,0.297,1.893,0.770,1058,6066522,9691885,1.016,13.594,0.447,11.888,37402,1810,528,19082,434,1367,9,156,155,279,20,33,2,8,12,0,0,0,0,0,0,0,0,0,0,133,3,1,0,4,3429,2806,2806,0,0,0,0,0,,disabled,,0,0,0,0,,1,Fixed Quality,Hybrid,85,30,9500,12000,640,360,H.264,480,270,518400,28176,518400,28176,0.054,0.000,,0,0,0.000,2.020,0.000,0.000,0.093,7250,6750,6750,13,13,0,1,9500,1.000,0,9.581,0.000,0,0,0.986,0.000,1244,0,0,0,0.000,0.000,1.000,1,0,0,disabled,24,0,0,79,191,79,91,21,146,146,0,4,large-au-observed,0,,0,0,15.642,23.727,0,,0.000,0.000,0.000,0.000,0,0,0,,26,0,0,5.587,0,711,0.093,0.000,0.000,0.092,0.000,0.063,0.010,1,1,1,1,0,1,1,0,0,0,0,0,1.000,0.000,0.000,30,0,0.000,0,0,0,0.000,0.000,0.000,0.000,0.000,0.000,0.000,1.919,10.894,0,0,0,0,0,0,0,0,0.000,0.000,0.000,0.000,0.000,0.000,0,0.121,16.404,519,522,2580,60.323,175.397,36.371,175.397,17993.439,476,1,H.264,94.515,0,0,174.479,175.471,1.000,141.640,93.586,arrival-gap-jitter-spike,8239.520,0,1,1,1,1,26232.959,477.602,485.876,486.771,486.771,0,0,4,0,0,4,0,,,141.521,159.926,547,1,decoded,0,0,0,0,0,0,0,0,0,0,,102.793,0.000,105.731,6.125,0.000,120.081,134.903,stale-before-upload,0.001,707,0.000,109.911,6.073,0.081,0.310,0.009,0.000,0.300,1,0,0,1,3,0.063,16.401,16.404,0.479,17.515,1.000,RecoveryDeadline,0,1,0,2.000,1,2,2,1,0.060,0.000,0.060,0,100,0,20574,19319,1208,0,1107
27.234,Custom_loss6_delay0-100_dup0_reorder6_burst0,Loopback,1,1,0,,,0.000,0,21,738,27.714,27.725,28.565,88.697,102.950,88.256,66.652,24.749,0.061,0.235,20119,1313,18894,17581,2656,1618,164,776,661,115,98,0,17581,560,172,0,0,0,0,5.000,0,0,0,0,0,0,0,0,0,0,0,0,0,0,0,0.000,0.000,0.000,,547,547,2672,0,1,10.260,174.479,11.334,175.471,0.000,0.000,544,542,10372,675,159,0,1877,2930,740,1,nack-suppressed-fec-grace,pending,H.264,0,1,24,10,14,1,0,0,0,0,0,0,21406,4,0,0,0,0,0,47.400,125,164,115,110,115,0,68.024,22.429,126.559,0,0,404,30,434,0,128,14,0.433,0.567,0.931,1.000,0.099,45.000,0.250,0.750,0.000,duplicate-guard,868,8130,0,0,564,7646,1877,19744,303,480,1,4,19736,predicted-useful,fec-grace,3068,0.625,170,434,0,5,0,0,0,9,11,9,11,170,2676,170,2676,0,0,0,pacing,1,0.804,9.247,117.247,0,0,9,11,0,0,1,13,2692,2279,106,0,1,9500000,1200000,3,0,3,21435,21432,26278463,1188,1461502,641,796540,0,0,0,0,0,7.675,39.302,376.000,4800.000,1104,38997,20103,8479,18894,10415,0.297,8.627,0.838,1104,9796219,21054772,1.384,6.193,0.484,12.342,38997,1876,554,19738,455,1412,9,159,158,283,20,33,2,8,12,0,0,0,0,0,0,0,0,0,0,136,3,1,0,4,3575,2930,2930,0,0,0,0,0,,disabled,,0,0,0,0,,1,Fixed Quality,Hybrid,85,30,9500,12000,640,360,H.264,480,270,518400,28176,518400,28176,0.054,0.000,,0,0,0.000,1.978,0.000,0.000,0.083,7250,6750,6750,13,13,0,1,9500,1.000,0,12.848,0.000,0,0,0.000,0.000,0,0,0,0,0.288,0.643,0.069,1,0,0,disabled,24,0,0,83,202,83,96,23,153,153,0,4,large-au-observed,0,,0,0,18.064,23.727,0,,0.000,0.000,0.000,0.000,0,0,0,,27,0,0,13.064,0,741,0.083,0.000,0.000,0.082,0.000,0.058,0.008,1,1,1,1,0,1,1,0,0,0,1,0,0.860,179.995,0.000,26,0,0.000,0,0,0,0.000,0.000,0.000,0.000,0.000,0.000,0.000,1.887,9.937,0,0,0,0,0,0,0,0,0.000,0.000,0.000,0.000,0.000,0.000,0,0.093,27.725,544,547,2672,11.313,175.397,36.371,175.397,17993.439,476,1,H.264,94.515,0,0,174.479,175.471,1.000,141.640,93.586,arrival-gap-jitter-spike,9241.162,0,1,1,1,1,27234.601,477.602,485.876,486.771,486.771,0,0,4,0,0,4,0,,,141.521,159.926,547,1,decoded,0,0,0,0,0,0,0,0,0,0,,103.845,0.000,106.660,0.000,0.000,0.000,124.349,stale-before-upload,0.001,738,0.000,111.797,5.034,0.076,0.399,0.139,0.000,0.260,1,0,0,1,3,0.061,27.714,27.725,24.749,28.565,1.000,Loss,0,1,0,0.000,0,1,1,1,0.060,0.000,0.060,0,100,0,21459,20157,1255,0,1167
28.241,Custom_loss6_delay0-100_dup0_reorder6_burst0,Loopback,1,1,0,,,0.000,0,21,767,23.339,23.448,25.652,97.908,102.825,27.801,65.158,7.715,0.062,0.232,20847,1371,19591,18220,2748,1672,169,806,691,115,101,0,18220,584,176,0,0,0,0,5.000,0,0,0,0,0,0,0,0,0,0,0,0,0,0,0,0.000,0.000,0.000,,571,571,2769,0,1,34.231,174.479,35.132,175.471,0.000,0.000,568,565,10729,699,163,0,1937,3035,769,1,fec-parity,pending,H.264,0,1,22,2,20,1,0,0,0,0,0,0,22205,12,0,0,0,0,0,13.500,129,169,115,110,115,0,68.024,22.429,126.559,0,0,413,31,444,0,131,14,0.433,0.567,0.930,1.000,0.097,43.000,0.667,0.333,0.000,insufficient-sample,897,8390,0,0,584,7892,1937,20310,312,494,1,4,20301,predicted-useful,fec-grace,3180,0.636,174,444,0,5,0,0,0,10,12,10,12,174,2745,174,2745,0,0,0,pacing,1,0.843,8.870,116.870,0,0,9,11,1,1,1,13,2762,2361,110,0,1,9500000,1200000,0,0,0,22194,22194,27213047,1228,1510686,667,828300,0,0,0,0,0,15.764,39.302,8298.688,3563.200,1144,40433,20845,8746,19588,10842,0.296,2.184,0.198,1144,6153846,8636118,0.546,-7.137,0.486,16.143,40433,1937,577,20310,473,1455,9,163,162,291,20,33,2,8,12,0,0,0,0,0,0,0,0,0,0,140,3,1,0,4,3701,3035,3035,0,0,0,0,0,,disabled,,0,0,0,0,,1,Fixed Quality,Hybrid,85,30,9500,12000,640,360,H.264,480,270,518400,26096,518400,26096,0.050,0.000,,0,0,0.000,1.738,0.000,0.000,0.116,6250,6250,6250,14,14,0,1,9500,0.880,1,15.764,0.000,0,0,0.000,0.000,0,0,0,0,0.291,0.640,0.070,1,0,0,latency-pressure-freshness-hold,22,0,0,87,211,87,101,23,159,159,0,4,large-au-observed,0,,0,0,13.892,21.976,0,,0.000,0.000,0.000,0.000,0,0,0,,28,0,0,3.125,0,769,0.116,0.000,0.000,0.115,0.000,0.091,0.008,1,1,1,1,0,1,1,0,0,0,1,0,0.860,22.935,0.000,26,0,0.000,0,0,0,0.000,0.000,0.000,0.000,0.000,0.000,0.000,1.614,30.310,0,0,0,0,0,0,0,0,0.000,0.000,0.000,0.000,0.000,0.000,0,0.090,23.447,568,571,2769,35.176,175.397,36.371,175.397,17993.439,476,1,H.264,94.515,0,0,174.479,175.471,1.000,141.640,93.586,arrival-gap-jitter-spike,10247.718,0,1,1,1,1,28241.157,477.602,485.876,486.771,486.771,0,0,5,0,0,5,1,latency-pressure freshness,latency-over-80ms,132.880,159.926,758,1,decoded,0,0,0,0,0,0,0,0,0,0,,99.002,0.000,101.182,0.000,0.000,0.000,128.954,stale-before-upload,0.001,767,0.000,104.160,3.981,0.073,0.855,0.636,0.000,0.218,1,0,0,1,3,0.062,23.339,23.448,7.715,25.652,1.000,RecoveryDeadline,0,1,0,0.500,2,1,1,1,0.060,0.000,0.060,0,100,0,22222,20886,1299,0,1211
29.245,Custom_loss6_delay0-100_dup0_reorder6_burst0,Loopback,1,1,0,,,0.000,0,21,793,23.300,23.301,19.390,92.601,102.793,53.052,64.710,24.822,0.061,0.228,21542,1408,20227,18819,2835,1721,170,843,723,120,101,0,18819,607,179,0,0,0,0,5.000,0,0,0,0,0,0,0,0,0,0,0,0,0,0,0,0.000,0.000,0.000,,593,593,2861,0,1,17.055,174.479,18.096,175.471,0.000,0.000,590,587,11086,727,165,0,1996,3138,794,1,fec-recovered,pending,H.264,0,1,23,18,5,4,4,1,5,14,0,0,22892,8,0,0,0,0,0,60.948,136,170,120,115,120,0,67.926,23.051,126.559,0,0,426,31,457,0,139,14,0.444,0.556,0.932,1.000,0.092,44.000,0.500,0.500,0.000,stable,928,8616,0,0,603,8098,1996,20852,324,514,1,4,20842,predicted-useful,fec-grace,3284,0.609,179,457,0,5,0,0,0,11,13,11,13,179,2821,179,2821,0,0,0,pacing,1,0.810,12.740,120.740,0,0,11,13,0,0,1,13,2839,2433,114,0,1,9500000,1200000,1,0,1,22942,22941,28134777,1269,1561434,690,856952,0,0,0,0,0,12.721,39.302,950.438,4800.000,1181,41743,21526,8985,20217,11232,0.294,9.816,1.238,1181,6219809,9712562,0.893,25.251,0.493,16.961,41743,1996,600,20852,491,1496,9,165,164,294,20,33,2,8,12,0,0,0,0,0,0,0,0,0,0,142,3,1,0,4,3827,3138,3138,0,0,0,0,0,,disabled,,0,0,0,0,,1,Fixed Quality,Hybrid,85,30,9500,12000,640,360,H.264,480,270,518400,27136,518400,27136,0.052,0.000,,0,0,0.000,2.050,0.000,0.000,0.110,7250,6500,6500,15,15,0,1,9500,1.000,0,12.721,0.000,0,0,0.000,0.000,0,0,0,0,0.298,0.635,0.068,1,0,0,disabled,23,0,0,91,220,91,104,25,165,165,0,4,large-au-observed,0,,0,0,13.805,22.851,0,,0.000,0.000,0.000,0.000,0,0,0,,29,0,0,6.663,0,796,0.110,0.000,0.000,0.109,0.000,0.076,0.011,1,1,1,1,0,1,1,0,0,0,0,0,1.000,0.000,0.000,30,0,0.000,0,0,0,0.000,0.000,0.000,0.000,0.000,0.000,0.000,1.923,10.341,0,0,0,0,0,0,0,0,0.000,0.000,0.000,0.000,0.000,0.000,0,0.126,23.301,590,593,2861,18.181,175.397,36.371,175.397,17993.439,476,1,H.264,94.515,0,0,174.479,175.471,1.000,141.640,93.586,arrival-gap-jitter-spike,11252.017,0,1,1,1,1,29245.456,477.602,485.876,486.771,486.771,0,0,5,0,0,5,0,,,132.880,159.926,758,1,decoded,0,0,0,0,0,0,0,0,0,0,,101.230,0.000,103.832,0.000,0.000,0.000,126.300,stale-before-upload,0.001,793,0.000,108.296,4.331,0.084,0.325,0.009,0.000,0.315,1,0,0,1,3,0.061,23.300,23.301,24.822,19.390,1.000,Loss,0,1,0,1.000,1,1,1,1,0.060,0.000,0.060,0,100,0,22970,21587,1339,0,1255
30.249,Custom_loss6_delay0-100_dup0_reorder6_burst0,Loopback,1,1,0,,,0.000,0,21,821,16.925,13.170,19.734,83.921,102.606,24.305,63.267,39.600,0.062,0.227,22204,1468,20853,19385,2919,1768,176,868,744,124,107,0,19385,629,185,0,0,0,0,5.000,0,0,0,0,0,0,0,0,0,0,0,0,0,0,0,0.000,0.000,0.000,,614,614,2954,0,1,18.367,174.479,19.484,175.471,0.000,0.000,610,607,11442,753,170,0,2056,3234,823,1,fec-parity,pending,H.264,0,1,21,4,17,2,0,0,0,0,0,0,23632,4,0,0,0,0,0,20.859,141,176,124,119,124,0,67.886,22.985,126.559,0,0,441,32,473,0,145,14,0.445,0.555,0.932,1.000,0.088,45.000,0.429,0.571,0.000,duplicate-guard,963,8867,0,0,622,8324,2056,21395,340,539,1,4,21384,predicted-useful,fec-grace,3389,0.619,185,473,0,5,0,0,0,11,13,11,13,185,2912,185,2912,0,0,0,pacing,1,0.833,11.681,119.681,0,0,11,13,0,0,1,13,2930,2508,118,0,1,9500000,1200000,0,0,0,23650,23650,29008426,1311,1613578,712,884360,0,0,0,0,0,8.406,39.302,2057.000,4800.000,1218,43025,22190,9287,20835,11548,0.295,22.769,3.243,1218,3983376,6705970,1.644,14.451,0.525,16.177,43025,2056,620,21395,509,1538,9,170,169,301,21,35,2,8,13,0,0,0,0,0,0,0,0,0,0,146,3,1,0,4,3950,3234,3234,0,0,0,0,0,,disabled,,0,0,0,0,,1,Fixed Quality,Hybrid,85,30,9500,12000,640,360,H.264,480,270,518400,25054,518400,25054,0.048,0.000,,0,0,0.000,1.672,0.000,0.000,0.073,6000,6000,6000,16,16,0,1,9500,0.820,1,8.610,0.000,0,0,0.000,0.000,0,0,0,0,0.298,0.634,0.068,1,0,0,latency-pressure-freshness-hold,21,0,0,95,228,95,108,25,171,171,0,4,large-au-observed,0,,0,0,12.470,21.098,0,,0.000,0.000,0.000,0.000,0,0,0,,30,0,0,5.519,0,824,0.072,0.000,0.000,0.072,0.000,0.049,0.007,1,1,1,1,0,1,1,0,0,0,0,0,1.000,0.000,0.000,27,0,0.000,0,0,0,0.000,0.000,0.000,0.000,0.000,0.000,0.000,1.592,9.938,0,0,0,0,0,0,0,0,0.000,0.000,0.000,0.000,0.000,0.000,0,0.093,13.170,610,614,2954,19.292,175.397,36.371,175.397,17993.439,476,1,H.264,94.515,0,0,174.479,175.471,1.000,141.640,93.586,arrival-gap-jitter-spike,12255.287,0,1,1,1,1,30248.726,477.602,485.876,486.771,486.771,0,0,6,0,0,6,1,latency-pressure freshness,latency-over-80ms,163.201,163.201,804,1,H.264,0,0,0,0,0,0,0,0,0,0,,96.209,0.000,97.865,0.000,0.000,0.000,126.960,stale-before-decode,0.001,821,0.000,101.378,3.408,0.076,0.892,0.631,0.000,0.261,1,0,0,1,3,0.062,16.925,13.170,39.600,19.734,1.000,Jitter,0,1,0,0.000,0,1,1,1,0.060,0.000,0.060,0,100,0,23680,22244,1384,0,1296
31.255,Custom_loss6_delay0-100_dup0_reorder6_burst0,Loopback,1,1,0,,,0.000,0,21,847,15.920,15.918,21.586,97.768,102.494,98.368,64.477,13.340,0.061,0.229,22844,1489,21430,19941,3011,1818,182,900,767,133,111,0,19941,647,192,0,0,0,0,5.000,0,0,0,0,0,0,0,0,0,0,0,0,0,0,0,0.000,0.000,0.000,,632,632,3047,0,1,75.205,174.479,76.152,175.471,0.000,0.000,628,625,11782,780,177,0,2116,3327,848,1,fec-recovered,pending,H.264,0,1,22,15,7,4,2,2,4,22,0,0,24286,2,0,0,0,0,0,75.787,147,182,133,128,133,0,67.477,23.149,126.559,0,0,462,32,494,0,154,15,0.447,0.553,0.935,1.000,0.089,45.000,0.333,0.667,0.200,duplicate-guard,997,9091,0,0,640,8518,2116,21937,355,564,2,9,21928,predicted-useful,fec-grace,3489,0.818,192,494,0,5,0,0,0,11,13,11,13,192,3007,192,3007,0,0,0,pacing,1,0.804,10.088,118.088,0,0,11,13,0,0,1,13,3025,2583,122,0,1,9500000,1200000,9,0,9,24337,24328,29848524,1358,1671942,735,913012,0,0,0,0,0,0.522,39.302,894.188,4800.000,1254,44265,22837,9598,21428,11830,0.296,44.157,0.018,1254,5874825,9916505,1.138,26.374,0.469,18.322,44265,2116,638,21937,530,1577,9,177,176,317,22,36,1,9,13,0,0,0,0,0,0,0,0,0,0,152,3,1,0,4,4058,3327,3327,0,0,0,0,0,,disabled,,0,0,0,0,,1,Fixed Quality,Hybrid,85,30,9500,12000,640,360,H.264,480,270,518400,26094,518400,26094,0.050,0.000,,0,0,0.000,2.026,0.000,0.000,0.094,7250,6250,6250,17,17,0,1,9500,1.000,0,8.210,0.000,0,0,0.000,0.000,0,0,0,0,0.298,0.638,0.065,1,0,0,disabled,22,0,0,99,239,99,113,27,178,178,0,4,large-au-observed,0,,0,0,10.201,21.974,0,,0.000,0.000,0.000,0.000,0,0,0,,31,0,0,5.519,0,850,0.094,0.000,0.000,0.093,0.000,0.056,0.021,1,1,1,1,0,1,1,0,0,0,1,0,0.860,144.949,0.000,24,0,0.000,0,0,0,0.000,0.000,0.000,0.000,0.000,0.000,0.000,1.924,9.621,0,0,0,0,0,0,0,0,0.000,0.000,0.000,0.000,0.000,0.000,0,0.091,15.918,628,632,3047,76.195,175.397,36.371,175.397,17993.439,476,1,H.264,94.515,0,0,174.479,175.471,1.000,141.640,93.586,arrival-gap-jitter-spike,13261.804,0,1,1,1,1,31255.243,477.602,485.876,486.771,486.771,0,0,6,0,0,6,0,,,163.201,163.201,804,1,H.264,0,0,0,0,0,0,0,0,0,0,,98.274,0.000,101.052,0.000,0.000,0.000,128.884,stale-before-decode,0.001,847,0.000,105.293,4.122,0.075,0.843,0.548,0.000,0.295,1,0,0,1,3,0.061,15.920,15.918,13.340,21.586,1.000,RecoveryDeadline,0,1,0,1.000,0,1,1,1,0.060,0.000,0.060,0,100,0,24359,22888,1430,0,1332
32.255,Custom_loss6_delay0-100_dup0_reorder6_burst0,Loopback,1,1,0,,,0.000,0,21,873,23.594,23.580,22.460,91.289,102.450,98.368,64.477,25.567,0.062,0.229,23583,1565,22146,20581,3114,1883,189,928,788,140,114,0,20581,667,198,0,0,0,0,5.000,0,0,0,0,0,0,0,0,0,0,0,0,0,0,0,0.000,0.000,0.000,,652,652,3141,0,1,66.896,174.479,67.951,175.471,0.000,0.000,648,645,12155,807,183,0,2180,3429,872,1,expired-no-slack,expired,H.264,1,1,23,22,1,5,3,3,15,39,2,1,25006,22,25013,0,0,0,0,176.575,159,189,140,135,140,0,67.816,22.669,126.559,0,0,488,34,522,0,161,18,0.457,0.543,0.935,1.000,0.101,45.000,0.571,0.429,0.000,duplicate-guard,1023,9303,0,0,659,8719,2180,22538,362,575,2,9,22529,predicted-useful,fec-grace,3595,0.522,202,522,0,5,0,0,0,12,14,12,14,202,3166,202,3166,0,0,0,pacing,1,0.834,12.043,120.043,0,0,12,14,0,0,1,13,3185,2657,126,0,1,9500000,1200000,4,0,4,25130,25126,30832846,1415,1742690,764,949136,0,0,0,0,0,7.780,39.302,257.250,4800.000,1295,45718,23573,9947,22145,12198,0.297,18.254,2.142,1295,5313194,8616206,1.064,26.374,0.527,21.381,45718,2180,658,22538,554,1617,9,183,182,329,25,41,1,10,15,0,0,0,0,0,0,0,0,0,0,155,3,1,0,4,4187,3429,3429,0,0,0,0,0,,disabled,,0,0,0,0,,1,Fixed Quality,Hybrid,85,30,9500,12000,640,360,H.264,480,270,518400,27136,518400,27136,0.052,0.000,,0,0,0.000,2.275,0.000,0.000,0.117,7250,6500,6500,18,18,0,1,9500,1.000,0,9.561,0.000,0,0,0.000,0.000,0,0,0,0,0.305,0.630,0.065,1,0,0,disabled,23,0,0,103,247,103,117,27,186,186,0,4,large-au-observed,0,,0,0,14.929,22.851,0,,0.000,0.000,0.000,0.000,0,0,0,,32,0,0,6.325,0,877,0.116,0.000,0.000,0.115,0.000,0.080,0.012,1,1,1,1,0,1,1,0,0,0,0,0,1.000,0.000,0.000,30,0,0.000,0,0,0,0.000,0.000,0.000,0.000,0.000,0.000,0.000,2.146,10.412,0,0,0,0,0,0,0,0,0.000,0.000,0.000,0.000,0.000,0.000,0,0.101,23.580,648,652,3141,67.968,175.397,36.371,175.397,17993.439,476,1,H.264,94.515,0,0,174.479,175.471,1.000,141.640,93.586,arrival-gap-jitter-spike,14262.297,0,1,1,1,1,32255.736,477.602,485.876,486.771,486.771,0,0,6,0,0,6,0,,,163.201,163.201,804,1,H.264,0,0,0,0,0,0,0,0,0,0,,97.860,0.000,100.519,0.000,0.000,0.000,125.644,stale-before-decode,0.001,873,0.000,106.562,5.918,0.089,0.309,0.001,0.000,0.308,1,0,0,1,3,0.062,23.594,23.580,25.567,22.460,2.000,RecoveryDeadline,0,1,0,1.000,0,1,1,1,0.060,0.000,0.060,0,100,0,25158,23634,1475,0,1382
33.262,Custom_loss6_delay0-100_dup0_reorder6_burst0,Loopback,1,1,0,,,0.000,0,21,902,18.700,18.696,19.455,97.720,102.370,8.544,62.613,32.353,0.062,0.230,24369,1612,22886,21274,3217,1943,195,961,813,148,118,0,21274,688,206,0,0,0,0,5.000,0,0,0,0,0,0,0,0,0,0,0,0,0,0,0,0.000,0.000,0.000,,673,673,3231,0,1,20.161,174.479,21.123,175.471,0.000,0.000,669,666,12556,836,192,0,2250,3540,903,1,expired-no-slack,expired,H.264,0,1,24,22,2,5,2,3,7,22,0,0,25887,7,0,0,0,0,0,124.775,164,195,148,143,148,0,68.094,22.869,126.559,1,0,508,35,543,0,168,18,0.457,0.543,0.936,1.000,0.097,45.000,0.286,0.714,0.000,duplicate-guard,1059,9584,0,0,679,8979,2250,23224,378,596,2,9,23214,predicted-useful,fec-grace,3707,0.708,209,543,0,5,0,0,0,13,15,13,15,209,3277,209,3277,0,0,0,pacing,1,0.796,5.639,113.639,0,0,13,15,0,0,1,13,3297,2739,130,0,1,9500000,1200000,0,0,0,25970,25970,31870324,1465,1804476,793,984798,0,0,0,0,0,21.877,39.302,301.625,4800.000,1339,47251,24365,10297,22886,12589,0.297,16.690,2.904,1339,5325390,8688347,1.468,3.134,0.492,14.609,47251,2250,679,23224,578,1663,9,191,190,340,26,42,1,11,15,0,0,0,0,0,0,0,0,0,0,162,3,1,0,4,4322,3540,3540,0,0,0,0,0,,disabled,,0,0,0,0,,1,Fixed Quality,Hybrid,85,30,9500,12000,640,360,H.264,480,270,518400,0,518400,28178,0.054,0.000,,0,0,0.000,5.031,0.000,4.335,0.661,7250,6750,6750,19,19,0,1,9500,1.000,0,21.877,0.000,0,0,0.000,0.000,0,0,0,0,0.302,0.634,0.064,1,0,0,disabled,0,0,0,107,256,107,122,27,194,194,0,4,async-output-pending,0,,0,0,0.000,0.000,0,,21.669,15175.250,39583.333,0.000,0,0,0,,33,0,0,0.000,1,0,0.644,0.179,0.464,0.000,0.000,0.000,0.000,0,0,1,1,1,0,0,1,1,0,0,0,1.000,0.000,0.000,30,0,0.000,0,0,0,0.000,0.000,0.000,0.000,0.000,0.000,0.000,0.000,23.969,0,0,0,0,0,0,0,0,0.000,0.000,0.000,0.000,0.000,0.000,0,0.087,18.696,669,673,3231,21.170,175.397,36.371,175.397,17993.439,476,1,H.264,94.515,0,0,174.479,175.471,1.000,141.640,93.586,arrival-gap-jitter-spike,15268.460,0,1,1,1,1,33261.899,477.602,485.876,486.771,486.771,0,0,6,0,0,6,0,,,163.201,163.201,804,1,H.264,0,0,0,0,0,0,0,0,0,0,,101.060,0.000,103.915,0.000,0.000,0.000,128.860,stale-before-decode,0.001,902,0.000,110.000,5.970,0.072,0.854,0.556,0.000,0.298,1,0,0,1,3,0.062,18.700,18.696,32.353,19.455,2.000,RecoveryDeadline,0,1,0,1.000,0,2,2,1,0.060,0.000,0.060,0,100,0,26003,24422,1529,0,1428
34.264,Custom_loss6_delay0-100_dup0_reorder6_burst0,Loopback,1,1,0,,,0.000,0,21,932,23.330,23.334,23.304,97.091,102.458,97.416,63.735,13.991,0.062,0.226,25177,1655,23636,21981,3321,2002,200,1000,845,155,119,0,21981,714,208,0,0,0,0,5.000,0,0,0,0,0,0,0,0,0,0,0,0,0,0,0,0.000,0.000,0.000,,699,699,3318,0,1,27.921,174.479,28.872,175.471,0.000,0.000,695,691,12967,869,194,0,2317,3665,933,1,fec-recovered,pending,H.264,0,1,24,16,8,4,3,1,3,12,0,0,26793,21,0,0,0,0,0,62.083,170,200,155,150,155,0,68.224,22.728,126.559,1,0,526,35,561,0,176,18,0.459,0.541,0.938,1.000,0.093,45.000,0.500,0.500,0.000,duplicate-guard,1096,9868,0,0,700,9241,2317,23819,394,618,2,9,23809,predicted-useful,fec-grace,3827,0.000,215,561,0,5,0,0,0,13,15,13,15,215,3370,215,3370,0,0,0,pacing,1,0.773,4.890,112.890,0,0,13,15,0,0,1,13,3390,2826,134,0,1,9500000,1200000,11,0,11,26828,26817,32908484,1513,1863614,819,1017190,0,0,0,0,0,0.662,39.302,602.062,4800.000,1383,48778,25161,10644,23617,12973,0.297,6.771,1.415,1383,5713824,8996900,1.387,20.282,0.453,11.194,48778,2317,705,23819,599,1709,9,193,192,343,26,42,1,11,15,0,0,0,0,0,0,0,0,0,0,164,3,1,0,4,4458,3665,3665,0,0,0,0,0,,disabled,,0,0,0,0,,1,Fixed Quality,Hybrid,85,30,9500,12000,640,360,H.264,480,270,518400,28178,518400,28178,0.054,0.000,,0,0,0.000,2.612,0.000,0.000,0.090,7250,6750,6750,19,19,0,1,9500,1.000,0,16.050,0.000,0,0,0.000,0.000,0,0,0,0,0.303,0.635,0.062,1,0,0,disabled,24,0,0,111,265,111,127,27,201,201,0,4,large-au-observed,0,,0,0,18.092,23.729,0,,0.000,0.000,0.000,0.000,0,0,0,,34,0,0,6.138,0,935,0.090,0.000,0.000,0.089,0.000,0.061,0.009,1,1,1,1,0,1,1,0,0,0,0,0,1.000,0.000,0.000,30,0,0.000,0,0,0,0.000,0.000,0.000,0.000,0.000,0.000,0.000,2.511,10.246,0,0,0,0,0,0,0,0,0.000,0.000,0.000,0.000,0.000,0.000,0,0.096,23.334,695,699,3318,29.174,175.397,36.371,175.397,17993.439,476,1,H.264,94.515,0,0,174.479,175.471,1.000,141.640,93.586,arrival-gap-jitter-spike,16270.305,0,1,1,1,1,34263.744,477.602,485.876,486.771,486.771,0,0,6,0,0,6,0,,,163.201,163.201,804,1,H.264,0,0,0,0,0,0,0,0,0,0,,108.537,0.000,111.454,5.121,0.000,106.903,128.546,stale-before-decode,0.000,931,0.000,119.736,5.718,0.073,0.611,0.328,0.000,0.283,1,0,0,1,3,0.062,23.330,23.334,13.991,23.304,1.000,RecoveryDeadline,0,1,0,1.000,0,2,2,1,0.060,0.000,0.060,0,100,0,26851,25227,1578,0,1474
35.268,Custom_loss6_delay0-100_dup0_reorder6_burst0,Loopback,1,1,0,,,0.000,0,21,960,31.349,31.353,20.973,105.034,102.430,101.782,64.924,5.859,0.062,0.225,25998,1708,24410,22702,3424,2074,205,1025,867,158,120,0,22702,736,214,0,0,0,0,5.000,0,0,0,0,0,0,0,0,0,0,0,0,0,0,0,0.000,0.000,0.000,,721,721,3412,0,1,36.786,174.479,37.758,175.471,0.000,0.000,717,714,13383,894,200,0,2389,3783,961,1,fec-recovered,pending,H.264,1,1,24,15,9,4,2,3,10,51,0,0,27649,19,0,0,0,0,0,78.769,178,205,158,153,158,0,68.342,22.489,126.559,1,0,542,39,581,0,179,19,0.465,0.535,0.933,1.000,0.096,45.000,0.625,0.375,0.000,duplicate-guard,1132,10161,0,0,721,9514,2389,24521,409,638,2,9,24510,predicted-useful,fec-grace,3943,0.542,223,581,0,5,0,0,0,13,15,13,15,223,3507,223,3507,0,0,0,pacing,1,0.801,5.461,113.461,0,0,13,15,0,0,1,13,3527,2911,138,0,1,9500000,1200000,0,0,0,27688,27688,33975350,1563,1925240,845,1048960,0,0,0,0,0,13.487,39.302,3490.875,4800.000,1429,50394,25984,11042,24410,13368,0.298,18.606,0.942,1429,5831774,9217035,1.731,17.099,0.499,12.583,50394,2389,727,24521,623,1757,9,199,198,354,27,45,3,11,16,0,0,0,0,0,0,0,0,0,0,169,3,1,0,4,4604,3783,3783,0,0,0,0,0,,disabled,,0,0,0,0,,1,Fixed Quality,Hybrid,85,30,9500,12000,640,360,H.264,480,270,518400,28176,518400,28176,0.054,0.000,,0,0,0.000,1.998,0.000,0.000,0.075,7250,6750,6750,19,19,0,1,9500,1.000,0,13.487,0.000,0,0,0.000,0.000,0,0,0,0,0.306,0.627,0.067,1,0,0,disabled,24,0,0,115,274,115,130,29,209,209,0,4,large-au-observed,0,,0,0,14.275,23.727,0,,0.000,0.000,0.000,0.000,0,0,0,,35,0,0,8.024,0,963,0.075,0.000,0.000,0.074,0.000,0.051,0.007,1,1,1,1,0,1,1,0,0,0,1,0,0.860,106.946,0.000,26,0,0.000,0,0,0,0.000,0.000,0.000,0.000,0.000,0.000,0.000,1.916,12.329,0,0,0,0,0,0,0,0,0.000,0.000,0.000,0.000,0.000,0.000,0,0.101,31.353,717,721,3412,37.840,175.397,36.371,175.397,17993.439,476,1,H.264,94.515,0,0,174.479,175.471,1.000,141.640,93.586,arrival-gap-jitter-spike,17274.852,0,1,1,1,1,35268.291,477.602,485.876,486.771,486.771,0,0,6,0,0,6,0,,,163.201,163.201,804,1,H.264,0,0,0,0,0,0,0,0,0,0,,101.052,0.000,103.875,0.000,0.000,0.000,132.517,stale-before-decode,0.001,960,0.000,108.746,4.739,0.079,0.891,0.659,0.000,0.233,1,0,0,1,3,0.062,31.349,31.353,5.859,20.973,1.000,RecoveryDeadline,0,1,0,2.000,1,2,2,1,0.060,0.000,0.060,0,100,0,27723,26050,1628,0,1523
36.270,Custom_loss6_delay0-100_dup0_reorder6_burst0,Loopback,1,1,0,,,0.000,0,21,988,23.028,21.106,21.413,108.753,102.489,21.431,63.606,35.824,0.061,0.226,26803,1750,25148,23398,3534,2133,217,1061,898,163,123,0,23398,758,221,0,0,0,0,5.000,0,0,0,0,0,0,0,0,0,0,0,0,0,0,0,0.000,0.000,0.000,,741,741,3507,0,1,78.241,174.479,79.249,175.471,0.000,0.000,737,733,13790,921,205,0,2455,3894,989,1,nack-sent,pending,H.264,0,1,24,17,7,3,3,2,4,19,0,0,28516,16,0,0,0,0,0,80.588,189,217,163,158,163,0,68.374,22.266,126.559,1,0,570,37,607,0,187,20,0.466,0.534,0.939,1.000,0.097,45.000,0.111,0.889,0.000,duplicate-guard,1166,10398,0,0,740,9725,2455,25191,424,664,2,9,25180,predicted-useful,fec-grace,4055,0.000,231,607,0,5,0,0,0,13,15,13,15,231,3632,231,3632,0,0,0,pacing,1,0.788,11.187,119.187,0,0,13,15,0,0,1,13,3652,2992,142,0,1,9500000,1200000,11,0,11,28554,28543,35023462,1619,1994330,874,1084454,0,0,0,0,0,0.506,39.302,904.875,4800.000,1472,51946,26798,11370,25148,13778,0.298,40.118,0.000,1472,5175669,8128344,0.579,-2.391,0.460,18.643,51946,2454,749,25184,647,1798,9,204,203,362,28,47,2,11,17,0,0,0,0,0,0,0,0,0,0,173,3,1,0,4,4745,3894,3894,0,0,0,0,0,,disabled,,0,0,0,0,,1,Fixed Quality,Hybrid,85,30,9500,12000,640,360,H.264,480,270,518400,28178,518400,28178,0.054,0.000,,0,0,0.000,1.863,0.000,0.000,0.084,7250,6750,6750,19,19,0,1,9500,1.000,0,16.020,0.000,0,0,0.000,0.000,0,0,0,0,0.311,0.628,0.061,1,0,0,disabled,24,0,0,119,282,119,134,29,217,217,0,4,large-au-observed,0,,0,0,18.240,23.729,0,,0.000,0.000,0.000,0.000,0,0,0,,36,0,0,11.151,0,991,0.083,0.000,0.000,0.083,0.000,0.058,0.008,1,1,1,1,0,1,1,0,0,0,1,0,0.860,179.995,0.000,26,0,0.000,0,0,0,0.000,0.000,0.000,0.000,0.000,0.000,0.000,1.771,8.673,0,0,0,0,0,0,0,0,0.000,0.000,0.000,0.000,0.000,0.000,0,0.099,21.106,737,741,3507,79.207,175.397,36.371,175.397,17993.439,476,1,H.264,94.515,0,0,174.479,175.471,1.000,141.640,93.586,arrival-gap-jitter-spike,18276.431,0,1,1,1,1,36269.870,477.602,485.876,486.771,486.771,0,0,6,0,0,6,0,,,163.201,163.201,804,1,H.264,0,0,0,0,0,0,0,0,0,0,,104.388,0.000,107.141,3.425,0.000,116.151,139.376,stale-before-decode,0.001,986,0.000,110.306,4.405,0.071,0.984,0.718,0.000,0.266,1,0,0,1,3,0.061,23.028,21.106,35.824,21.413,1.000,RecoveryDeadline,0,1,0,2.000,1,2,2,1,0.060,0.000,0.060,0,100,0,28579,26853,1681,0,1577
37.277,Custom_loss6_delay0-100_dup0_reorder6_burst0,Loopback,1,1,0,,,0.000,0,21,1016,20.304,18.468,17.751,105.239,102.649,47.526,63.133,81.627,0.062,0.230,27598,1828,25934,24106,3632,2195,226,1083,919,164,128,0,24106,777,232,0,0,0,0,5.000,0,0,0,0,0,0,0,0,0,0,0,0,0,0,0,0.000,0.000,0.000,,758,758,3602,0,1,129.842,174.479,130.879,175.471,0.000,0.000,754,751,14213,941,214,0,2526,4013,1019,1,nack-suppressed-fec-grace,pending,H.264,0,1,24,10,14,1,0,0,0,0,0,0,29409,23,0,0,0,0,0,49.269,192,226,164,159,164,0,68.349,22.158,126.559,1,0,583,39,622,0,189,21,0.459,0.541,0.937,1.000,0.100,44.000,0.500,0.500,0.000,stable,1206,10740,0,0,763,10039,2526,25879,441,692,2,9,25868,predicted-useful,fec-grace,4169,0.583,236,622,0,5,0,0,0,13,15,13,15,236,3713,236,3713,0,0,0,pacing,1,0.807,6.863,114.863,0,0,13,15,0,0,1,13,3733,3081,146,0,1,9500000,1200000,0,0,0,29409,29409,36084110,1664,2049736,899,1114972,0,0,0,0,0,21.738,39.302,6705.438,4800.000,1515,53500,27578,11768,25922,14154,0.299,2.611,1.402,1515,4968787,7730088,1.616,26.095,0.495,18.854,53500,2526,768,25879,665,1852,9,213,212,383,30,53,4,11,19,0,0,0,0,0,0,0,0,0,0,180,3,1,0,4,4897,4013,4013,0,0,0,0,0,,disabled,,0,0,0,0,,1,Fixed Quality,Hybrid,85,30,9500,12000,640,360,H.264,480,270,518400,28178,518400,28178,0.054,0.000,,0,0,0.000,2.528,0.000,0.000,0.101,7250,6750,6750,19,19,0,1,9500,1.000,0,21.738,0.000,0,0,0.000,0.000,0,0,0,0,0.309,0.629,0.063,1,0,0,disabled,24,0,0,123,291,123,138,30,223,223,0,4,large-au-observed,0,,0,0,18.670,23.729,0,,0.000,0.000,0.000,0.000,0,0,0,,37,0,0,6.049,0,1020,0.101,0.000,0.000,0.100,0.000,0.044,0.041,1,1,1,1,0,1,1,0,0,0,0,0,1.000,0.000,0.000,30,0,0.000,0,0,0,0.000,0.000,0.000,0.000,0.000,0.000,0.000,2.394,24.518,0,0,0,0,0,0,0,0,0.000,0.000,0.000,0.000,0.000,0.000,0,0.089,18.468,754,758,3602,131.088,175.397,36.371,175.397,17993.439,476,1,H.264,94.515,0,0,174.479,175.471,1.000,141.640,93.586,arrival-gap-jitter-spike,19283.209,0,1,1,1,1,37276.648,477.602,485.876,486.771,486.771,0,0,6,0,0,6,0,,,163.201,163.201,804,1,H.264,0,0,0,0,0,0,0,0,0,0,,101.779,0.000,104.580,0.000,0.000,0.000,137.620,stale-before-decode,0.001,1016,0.000,110.965,6.281,0.073,0.553,0.220,0.000,0.334,1,0,0,1,3,0.062,20.304,18.468,81.627,17.751,2.000,RecoveryDeadline,0,1,0,1.000,0,1,1,1,0.060,0.000,0.060,0,100,0,29446,27655,1742,0,1617
38.283,Custom_loss6_delay0-100_dup0_reorder6_burst0,Loopback,1,1,0,,,0.000,0,21,1044,19.316,17.391,17.447,122.253,102.659,33.790,62.295,24.288,0.061,0.230,28275,1850,26531,24681,3727,2251,234,1110,944,166,132,0,24681,798,238,0,0,0,0,5.000,0,0,0,0,0,0,0,0,0,0,0,0,0,0,0,0.000,0.000,0.000,,778,778,3691,0,1,75.171,174.479,76.057,175.471,0.000,0.000,774,771,14588,964,219,0,2584,4119,1045,1,nack-sent,pending,H.264,0,1,22,18,4,6,4,3,6,23,0,0,30063,6,0,0,0,0,0,85.991,199,234,166,161,166,0,68.224,22.221,126.559,1,0,600,39,639,0,195,22,0.460,0.540,0.939,1.000,0.101,33.000,0.667,0.333,0.000,insufficient-sample,1247,11001,0,0,783,10266,2584,26480,462,726,2,9,26469,predicted-useful,fec-grace,4271,0.591,243,639,0,5,0,0,0,14,16,14,16,243,3823,243,3823,0,0,0,pacing,1,0.804,8.584,116.584,0,0,14,16,0,0,1,13,3844,3153,150,0,1,9500000,1200000,0,0,0,30104,30104,36937180,1709,2105460,922,1143624,0,0,0,0,0,15.400,39.302,8037.438,4800.000,1552,54775,28259,12023,26516,14493,0.298,9.475,0.741,1552,4699258,7058593,1.289,18.129,0.444,13.377,54775,2583,787,26476,680,1894,9,218,217,391,31,55,2,11,20,0,0,0,0,0,0,0,0,0,0,184,3,1,0,4,5024,4119,4119,0,0,0,0,0,,disabled,,0,0,0,0,,1,Fixed Quality,Hybrid,85,30,9500,12000,640,360,H.264,480,270,518400,26096,518400,26096,0.050,0.000,,0,0,0.000,1.979,0.000,0.000,0.079,6000,6250,6250,20,20,0,1,9500,0.820,1,15.400,0.000,0,0,0.000,0.000,0,0,0,0,0.311,0.628,0.061,1,0,0,fixed-pacing-queue-hold,22,0,0,127,299,127,141,31,228,228,0,4,large-au-observed,0,,0,0,15.070,21.976,0,,0.000,0.000,0.000,0.000,0,0,0,,38,0,0,5.794,0,1047,0.079,0.000,0.000,0.078,0.000,0.055,0.007,1,1,1,1,0,1,1,0,0,0,0,0,1.000,0.000,0.000,24,0,0.000,0,0,0,0.000,0.000,0.000,0.000,0.000,0.000,0.000,1.892,9.708,0,0,0,0,0,0,0,0,0.000,0.000,0.000,0.000,0.000,0.000,0,0.107,17.391,774,778,3691,76.133,175.397,36.371,175.397,17993.439,476,1,H.264,94.515,0,0,174.479,175.471,1.000,141.640,93.586,arrival-gap-jitter-spike,20289.698,0,1,1,1,1,38283.137,477.602,485.876,486.771,486.771,0,0,6,0,0,6,0,,,163.201,163.201,804,1,H.264,0,0,0,0,0,0,0,0,0,0,,101.445,0.000,103.827,0.000,0.000,0.000,141.126,stale-before-decode,0.001,1044,0.000,109.454,5.496,0.075,0.859,0.560,0.000,0.299,1,0,0,1,3,0.061,19.316,17.391,24.288,17.447,1.000,Loss,0,1,0,1.000,0,1,1,1,0.060,0.000,0.060,0,100,0,30142,28332,1775,0,1650
39.293,Custom_loss6_delay0-100_dup0_reorder6_burst0,Loopback,1,1,0,,,0.000,0,21,1069,24.321,22.448,19.721,100.527,102.519,89.355,63.047,55.560,0.062,0.228,28908,1897,27128,25231,3828,2304,240,1150,979,171,134,0,25231,818,242,0,0,0,0,5.000,0,0,0,0,0,0,0,0,0,0,0,0,0,0,0,0.000,0.000,0.000,,797,797,3783,0,1,95.689,174.479,96.678,175.471,0.000,0.000,793,789,14922,989,222,0,2640,4218,1070,1,fec-parity,pending,H.264,0,1,23,7,16,3,0,1,0,16,0,0,30762,11,0,0,0,0,0,54.337,207,240,171,166,171,0,68.359,22.027,126.559,1,0,619,41,660,0,203,22,0.463,0.537,0.938,1.000,0.098,45.000,0.800,0.200,0.000,stable,1270,11231,0,0,800,10487,2640,27030,468,735,2,9,27019,predicted-useful,fec-grace,4369,0.000,252,660,0,5,0,0,0,16,18,16,18,252,3958,252,3958,0,0,0,pacing,1,0.770,6.802,114.802,0,0,16,18,0,0,1,13,3981,3221,154,0,1,9500000,1200000,0,0,0,30774,30774,37763964,1759,2167244,947,1174308,0,0,0,0,0,19.366,39.302,11380.438,3721.300,1588,56027,28899,12334,27128,14794,0.299,13.646,1.788,1588,5707542,16185040,1.661,25.616,0.524,10.968,56027,2640,807,27030,698,1933,9,221,220,397,31,55,2,11,20,0,0,0,0,0,0,0,0,0,0,187,3,1,0,4,5138,4218,4218,0,0,0,0,0,,disabled,,0,0,0,0,,1,Fixed Quality,Hybrid,85,30,9500,12000,640,360,H.264,480,270,518400,0,518400,27136,0.052,0.000,,0,0,0.000,7.493,0.000,6.360,1.100,7250,6500,6500,21,21,0,1,9500,1.000,0,19.366,0.000,0,0,0.746,0.000,1244,0,0,0,0.000,0.000,1.000,1,0,0,disabled,0,0,0,131,307,131,145,31,234,234,0,4,async-output-pending,0,,0,0,0.000,0.000,0,,0.132,12575.812,39583.333,0.000,0,0,0,,39,0,0,0.000,1,0,1.054,0.198,0.853,0.000,0.000,0.000,0.000,0,0,1,1,1,0,0,1,1,0,0,0,1.000,0.000,0.000,30,0,0.000,0,0,0,0.000,0.000,0.000,0.000,0.000,0.000,0.000,0.000,21.230,0,0,0,0,0,0,0,0,0.000,0.000,0.000,0.000,0.000,0.000,0,0.122,22.447,793,797,3783,96.888,175.397,36.371,175.397,17993.439,476,1,H.264,94.515,0,0,174.479,175.471,1.000,141.640,93.586,arrival-gap-jitter-spike,21299.798,0,1,1,1,1,39293.237,477.602,485.876,486.771,486.771,0,0,6,0,0,6,0,,,163.201,163.201,804,1,H.264,0,0,0,0,0,0,0,0,0,0,,99.494,0.000,102.091,8.243,0.000,113.348,135.263,stale-before-decode,0.001,1067,0.000,105.745,4.176,0.074,0.727,0.461,0.000,0.265,1,0,0,1,3,0.062,24.321,22.448,55.560,19.721,2.000,RecoveryDeadline,0,1,0,0.500,2,1,1,1,0.060,0.000,0.060,0,100,0,30813,28960,1816,0,1689
40.297,Custom_loss6_delay0-100_dup0_reorder6_burst0,Loopback,1,1,0,,,0.000,0,21,1096,15.064,15.060,13.209,106.394,102.603,16.649,61.793,10.246,0.062,0.233,29671,1975,27881,25906,3927,2355,252,1176,1002,174,144,0,25907,834,254,0,0,0,0,5.000,0,0,0,0,0,0,0,0,0,0,0,0,0,0,0,0.000,0.000,0.000,,813,813,3883,0,1,55.127,186.757,56.138,187.743,0.000,0.000,809,806,15332,1008,234,0,2714,4330,1098,1,fec-recovered,pending,H.264,0,1,24,14,10,1,1,0,0,0,0,0,31607,13,0,0,0,0,0,36.774,213,252,174,169,174,0,68.338,21.968,126.559,1,0,640,41,681,0,207,24,0.458,0.542,0.940,1.000,0.104,45.000,0.000,1.000,0.000,duplicate-guard,1309,11531,0,0,820,10755,2714,27735,487,767,2,9,27722,predicted-useful,fec-grace,4485,0.292,261,681,0,8,0,0,0,16,18,16,18,262,4123,262,4123,0,0,0,pacing,1,0.782,13.924,121.924,0,0,16,18,0,0,1,13,4149,3309,158,0,1,9500000,1200000,0,0,0,31614,31614,38796434,1810,2230114,972,1205448,0,0,0,0,0,20.726,39.302,9070.125,4800.000,1628,57530,29664,12733,27866,15133,0.300,4.377,1.391,1628,6317431,9984270,1.202,5.952,0.453,9.250,57530,2714,823,27735,719,1986,9,233,232,420,33,59,2,11,22,0,0,0,0,0,0,0,0,0,0,197,3,1,0,4,5274,4330,4330,0,0,0,0,0,,disabled,,0,0,0,0,,1,Fixed Quality,Hybrid,85,30,9500,12000,640,360,H.264,480,270,518400,28178,518400,28178,0.054,0.000,,0,0,0.000,2.263,0.000,0.000,0.094,7250,6750,6750,22,22,0,1,9500,1.000,0,20.572,0.000,0,0,0.000,0.000,0,0,0,0,0.313,0.627,0.060,1,0,0,disabled,24,0,0,135,316,135,149,32,241,241,0,4,large-au-observed,0,,0,0,17.635,23.729,0,,0.000,0.000,0.000,0.000,0,0,0,,40,0,0,4.003,0,1099,0.094,0.000,0.000,0.093,0.000,0.065,0.011,1,1,1,1,0,1,1,0,0,0,0,0,1.000,0.000,0.000,30,0,0.000,0,0,0,0.000,0.000,0.000,0.000,0.000,0.000,0.000,2.159,23.365,0,0,0,0,0,0,0,0,0.000,0.000,0.000,0.000,0.000,0.000,0,0.099,15.060,809,813,3883,56.084,187.890,36.371,187.890,39971.445,1088,1,H.264,102.890,0,0,186.757,187.743,0.999,103.216,101.747,arrival-gap-jitter-spike,325.471,0,1,1,1,1,40296.916,477.602,485.876,486.771,486.771,0,0,6,0,0,6,0,,,163.201,163.201,804,1,H.264,0,0,0,0,0,0,0,0,0,0,,104.659,0.000,107.562,0.000,0.000,0.000,133.197,stale-before-decode,0.001,1096,0.000,113.874,6.178,0.075,0.502,0.249,0.000,0.253,1,0,0,1,3,0.062,15.064,15.060,10.246,13.209,1.000,RecoveryDeadline,1,1,0,1.000,1,1,1,1,0.060,0.000,0.060,0,100,0,31654,29726,1879,0,1747
41.303,Custom_loss6_delay0-100_dup0_reorder6_burst0,Loopback,1,1,0,,,0.000,0,21,1125,17.918,17.926,19.295,97.657,102.574,51.927,61.533,13.464,0.062,0.236,30485,2019,28645,26626,4034,2413,256,1211,1031,180,154,0,26626,852,263,0,0,0,0,5.000,0,0,0,0,0,0,0,0,0,0,0,0,0,0,0,0.000,0.000,0.000,,831,831,3975,0,1,68.054,186.757,69.273,187.743,0.000,0.000,827,824,15737,1032,243,0,2789,4440,1126,1,fec-parity,pending,H.264,0,1,24,20,4,5,4,2,6,24,0,0,32428,7,0,0,0,0,0,84.353,218,256,180,175,180,0,68.317,22.051,126.559,1,0,655,43,698,0,211,24,0.460,0.540,0.938,1.000,0.102,42.000,1.000,0.000,0.000,insufficient-sample,1345,11850,0,0,843,11048,2789,28423,500,793,2,9,28409,predicted-useful,fec-grace,4605,0.583,268,698,0,8,0,0,0,16,18,16,18,269,4236,269,4236,0,0,0,pacing,1,0.801,9.098,117.098,0,0,16,18,0,0,1,13,4262,3404,162,0,1,9500000,1200000,0,0,0,32471,32471,39846458,1857,2288008,997,1236596,0,0,0,0,0,15.385,39.302,5917.312,3574.750,1673,59111,30474,13097,28637,15540,0.301,6.125,1.704,1673,4770534,7778391,1.433,11.817,0.502,8.591,59111,2789,841,28423,737,2043,9,242,241,437,33,59,2,11,22,0,0,0,0,0,0,0,0,0,0,206,3,1,0,4,5416,4440,4440,0,0,0,0,0,,disabled,,0,0,0,0,,1,Fixed Quality,Hybrid,85,30,9500,12000,640,360,H.264,480,270,518400,0,518400,28178,0.054,0.000,,0,0,0.000,5.268,0.000,4.419,0.818,7250,6750,6750,22,22,0,1,9500,1.000,0,15.385,0.000,0,0,0.000,0.000,0,0,0,0,0.312,0.626,0.062,1,0,0,disabled,0,0,0,139,323,139,152,32,247,247,0,4,async-output-pending,0,,0,0,0.000,0.000,0,,15.385,5917.312,39583.333,0.000,0,0,0,,41,0,0,0.000,1,0,0.808,0.178,0.629,0.000,0.000,0.000,0.000,0,0,1,1,1,0,0,1,1,0,0,0,1.000,0.000,0.000,30,0,0.000,0,0,0,0.000,0.000,0.000,0.000,0.000,0.000,0.000,0.000,20.250,0,0,0,0,0,0,0,0,0.000,0.000,0.000,0.000,0.000,0.000,0,0.091,17.926,827,831,3975,68.995,187.890,36.371,187.890,39971.445,1088,1,H.264,102.890,0,0,186.757,187.743,0.999,103.216,101.747,arrival-gap-jitter-spike,1332.162,0,1,1,1,1,41303.607,477.602,485.876,486.771,486.771,0,0,6,0,0,6,0,,,163.201,163.201,804,1,H.264,0,0,0,0,0,0,0,0,0,0,,101.699,0.000,104.445,0.000,0.000,0.000,128.828,stale-before-decode,0.001,1125,0.000,110.801,6.245,0.075,0.843,0.575,0.000,0.268,1,0,0,1,3,0.062,17.918,17.926,13.464,19.295,1.000,RecoveryDeadline,1,1,0,0.500,2,1,1,1,0.060,0.000,0.060,0,100,0,32512,30543,1925,0,1794
42.304,Custom_loss6_delay0-100_dup0_reorder6_burst0,Loopback,1,1,0,,,0.000,0,21,1154,22.655,22.652,22.446,105.154,102.652,76.599,61.919,6.053,0.062,0.235,31303,2065,29408,27343,4141,2478,267,1241,1057,184,155,0,27343,876,269,0,0,0,0,5.000,0,0,0,0,0,0,0,0,0,0,0,0,0,0,0,0.000,0.000,0.000,,855,855,4071,0,1,49.196,186.757,50.192,187.743,0.000,0.000,851,847,16169,1060,249,0,2861,4566,1155,1,fec-recovered,pending,H.264,0,1,24,17,7,3,3,1,4,13,0,0,33337,23,0,0,0,0,0,69.372,223,267,184,179,184,0,68.538,21.810,126.559,1,0,675,44,719,0,214,26,0.455,0.545,0.939,1.000,0.108,42.000,0.500,0.500,0.000,duplicate-guard,1376,12129,0,0,863,11307,2861,29125,511,813,2,9,29111,predicted-useful,fec-grace,4727,0.000,275,719,0,8,0,0,0,16,18,16,18,276,4347,276,4347,0,0,0,pacing,1,0.790,10.387,118.387,0,0,16,18,0,0,1,13,4373,3493,166,0,1,9500000,1200000,0,0,0,33332,33332,40901460,1908,2350876,1023,1268980,0,0,0,0,0,18.179,39.302,8242.438,4800.000,1717,60693,31285,13482,29408,15926,0.301,11.559,0.051,1717,7548197,10766073,0.956,14.388,0.522,13.483,60693,2861,865,29125,761,2091,9,248,247,448,36,65,1,12,24,0,0,0,0,0,0,0,0,0,0,209,3,1,0,4,5569,4566,4566,0,0,0,0,0,,disabled,,0,0,0,0,,1,Fixed Quality,Hybrid,85,30,9500,12000,640,360,H.264,480,270,518400,0,518400,28178,0.054,0.000,,0,0,0.000,8.168,0.000,7.204,0.941,7250,6750,6750,22,22,0,1,9500,1.000,0,18.179,0.000,0,0,0.000,0.000,0,0,0,0,0.310,0.629,0.061,1,0,0,disabled,0,0,0,143,332,143,155,34,255,255,0,5,async-output-pending,0,,0,0,0.000,0.000,0,,18.179,8242.438,39583.333,0.000,0,0,0,,42,0,0,0.000,1,0,0.930,0.180,0.749,0.000,0.000,0.000,0.000,0,0,1,1,1,0,0,1,1,0,0,0,1.000,0.000,0.000,30,0,0.000,0,0,0,0.000,0.000,0.000,0.000,0.000,0.000,0.000,0.000,10.884,0,0,0,0,0,0,0,0,0.000,0.000,0.000,0.000,0.000,0.000,0,0.091,22.652,851,855,4071,50.210,187.890,36.371,187.890,39971.445,1088,1,H.264,102.890,0,0,186.757,187.743,0.999,103.216,101.747,arrival-gap-jitter-spike,2332.374,0,1,1,1,1,42303.819,477.602,485.876,486.771,486.771,0,0,6,0,0,6,0,,,163.201,163.201,804,1,H.264,0,0,0,0,0,0,0,0,0,0,,107.116,0.000,109.860,4.484,0.000,113.415,132.577,stale-before-decode,0.001,1153,0.000,116.323,6.085,0.081,0.742,0.475,0.000,0.267,1,0,0,1,3,0.062,22.655,22.652,6.053,22.446,1.000,RecoveryDeadline,0,1,0,1.000,2,2,2,1,0.060,0.000,0.060,0,100,0,33374,31365,1978,0,1833
43.305,Custom_loss6_delay0-100_dup0_reorder6_burst0,Loopback,1,1,0,,,0.000,0,21,1182,23.261,23.263,23.288,84.819,102.686,34.055,61.223,29.317,0.061,0.234,32148,2092,30173,28081,4251,2543,276,1273,1083,190,159,0,28081,898,275,0,0,0,0,5.000,0,0,0,0,0,0,0,0,0,0,0,0,0,0,0,0.000,0.000,0.000,,877,877,4164,0,1,12.614,186.757,13.674,187.743,0.000,0.000,873,870,16601,1088,255,0,2936,4682,1184,1,nack-sent,pending,H.264,0,1,24,18,6,4,2,2,5,19,0,0,34227,22,0,0,0,0,0,75.904,228,276,190,185,190,0,68.465,21.527,126.559,1,0,695,47,742,0,219,26,0.452,0.548,0.937,1.000,0.106,44.000,0.333,0.667,0.000,insufficient-sample,1420,12444,0,0,885,11589,2936,29796,533,846,2,9,29781,predicted-useful,fec-grace,4849,0.250,284,742,0,8,0,0,0,16,18,16,18,285,4496,285,4496,0,0,0,pacing,1,0.791,7.749,115.749,0,0,16,18,0,0,1,13,4522,3582,170,0,1,9500000,1200000,21,0,21,34255,34234,42006890,1961,2416234,1049,1301372,0,0,0,0,0,7.864,39.302,869.000,4800.000,1763,62308,32135,13879,30173,16294,0.302,11.013,2.259,1763,6959398,11658592,1.244,3.002,0.382,9.355,62308,2936,887,29796,782,2145,9,254,253,457,36,65,1,12,24,0,0,0,0,0,0,0,0,0,0,215,3,1,0,4,5718,4682,4682,0,0,0,0,0,,disabled,,0,0,0,0,,1,Fixed Quality,Hybrid,85,30,9500,12000,640,360,H.264,480,270,518400,28178,518400,28178,0.054,0.000,,0,0,0.000,2.203,0.000,0.000,0.208,7250,6750,6750,22,22,0,1,9500,1.000,0,9.701,0.000,0,0,0.000,0.000,0,0,0,0,0.307,0.629,0.063,1,0,0,disabled,24,0,0,147,339,147,158,34,262,262,0,5,large-au-observed,0,,0,0,10.557,23.729,0,,0.000,0.000,0.000,0.000,0,0,0,,43,0,0,5.881,0,1186,0.207,0.000,0.000,0.207,0.000,0.163,0.014,1,1,1,1,0,1,1,0,0,0,1,0,0.860,145.821,0.000,26,0,0.000,0,0,0,0.000,0.000,0.000,0.000,0.000,0.000,0.000,1.978,10.111,0,0,0,0,0,0,0,0,0.000,0.000,0.000,0.000,0.000,0.000,0,0.112,23.264,873,877,4164,13.564,187.890,36.371,187.890,39971.445,1088,1,H.264,102.890,0,0,186.757,187.743,0.999,103.216,101.747,arrival-gap-jitter-spike,3333.975,0,1,1,1,1,43305.420,477.602,485.876,486.771,486.771,0,0,6,0,0,6,0,,,163.201,163.201,804,1,H.264,0,0,0,0,0,0,0,0,0,0,,102.722,0.000,105.438,0.000,0.000,0.000,122.410,stale-before-decode,0.001,1182,0.000,111.187,5.607,0.096,0.321,0.011,0.000,0.310,1,0,0,1,3,0.061,23.261,23.263,29.317,23.288,1.000,RecoveryDeadline,0,1,0,0.000,0,2,2,1,0.060,0.000,0.060,0,100,0,34277,32205,2029,0,1876
44.310,Custom_loss6_delay0-100_dup0_reorder6_burst0,Loopback,1,1,0,,,0.000,0,21,1210,23.886,23.861,23.675,94.615,102.703,92.331,61.981,15.146,0.062,0.232,32980,2169,30980,28811,4363,2600,283,1320,1124,196,160,0,28811,922,279,0,0,0,0,5.000,0,0,0,0,0,0,0,0,0,0,0,0,0,0,0,0.000,0.000,0.000,,901,901,4263,0,1,23.096,186.757,24.595,187.743,0.000,0.000,897,894,17020,1118,259,0,3007,4806,1212,1,fec-recovered,pending,H.264,1,1,24,22,2,4,4,3,9,38,0,0,35090,21,0,0,0,0,0,78.866,236,283,196,191,196,0,68.297,21.445,126.559,1,0,716,49,765,0,229,26,0.455,0.545,0.936,1.000,0.102,45.000,0.600,0.400,0.000,stable,1451,12698,0,0,905,11826,3007,30490,544,863,2,9,30475,predicted-useful,likely-arrival,4971,0.375,293,765,0,8,0,0,0,17,19,17,19,294,4635,294,4635,0,0,0,pacing,1,0.732,6.935,114.935,0,0,17,19,0,0,1,13,4662,3668,174,0,1,9500000,1200000,0,0,0,35118,35118,43089928,2014,2481592,1074,1332520,0,0,0,0,0,17.624,39.302,5287.938,4800.000,1808,63935,32963,14319,30972,16653,0.303,3.079,1.167,1808,5243294,8746664,2.006,14.056,0.493,11.951,63935,3007,911,30490,806,2192,9,258,257,462,36,65,1,12,24,0,0,0,0,0,0,0,0,0,0,219,3,1,0,4,5862,4806,4806,0,0,0,0,0,,disabled,,0,0,0,0,,1,Fixed Quality,Hybrid,85,30,9500,12000,640,360,H.264,480,270,518400,28178,518400,28178,0.054,0.000,,0,0,0.000,2.070,0.000,0.000,0.073,7250,6750,6750,22,22,0,1,9500,1.000,0,17.624,0.000,0,0,0.000,0.000,0,0,0,0,0.308,0.627,0.064,1,0,0,disabled,24,0,0,151,348,151,161,36,270,270,0,5,large-au-observed,0,,0,0,18.513,23.729,0,,0.000,0.000,0.000,0.000,0,0,0,,44,0,0,3.799,0,1214,0.072,0.000,0.000,0.072,0.000,0.047,0.009,1,1,1,1,0,1,1,0,0,0,0,0,1.000,0.000,0.000,30,0,0.000,0,0,0,0.000,0.000,0.000,0.000,0.000,0.000,0.000,1.990,19.801,0,0,0,0,0,0,0,0,0.000,0.000,0.000,0.000,0.000,0.000,0,0.107,23.862,897,901,4263,24.260,187.890,36.371,187.890,39971.445,1088,1,H.264,102.890,0,0,186.757,187.743,0.999,103.216,101.747,arrival-gap-jitter-spike,4338.874,0,1,1,1,1,44310.319,477.602,485.876,486.771,486.771,0,0,6,0,0,6,0,,,163.201,163.201,804,1,H.264,0,0,0,0,0,0,0,0,0,0,,106.112,0.000,109.037,0.000,0.000,0.000,127.308,stale-before-decode,0.000,1210,0.000,114.503,5.325,0.073,0.789,0.477,0.000,0.312,1,0,0,1,3,0.062,23.886,23.861,15.146,23.675,1.000,Loss,0,1,0,1.000,0,2,2,1,0.060,0.000,0.060,0,100,0,35162,33040,2077,0,1928
45.311,Custom_loss6_delay0-100_dup0_reorder6_burst0,Loopback,1,1,0,,,0.000,0,21,1240,21.327,21.321,21.391,86.767,102.625,76.443,62.326,13.733,0.062,0.234,33786,2230,31744,29514,4471,2667,289,1349,1152,197,166,0,29514,942,288,0,0,0,0,5.000,0,0,0,0,0,0,0,0,0,0,0,0,0,0,0,0.000,0.000,0.000,,921,921,4355,0,1,42.393,186.757,43.449,187.743,0.000,0.000,917,914,17437,1139,268,0,3078,4927,1242,1,fec-parity,pending,H.264,0,1,24,6,18,2,0,0,0,0,0,0,35994,7,0,0,0,0,0,21.435,243,289,197,192,197,0,68.302,21.516,126.559,1,0,730,49,779,0,234,26,0.457,0.543,0.937,1.000,0.100,43.000,0.500,0.500,0.000,insufficient-sample,1489,13008,0,0,928,12119,3078,31083,559,880,2,9,31068,predicted-useful,likely-arrival,5087,0.583,299,779,0,8,0,0,0,17,19,17,19,300,4744,300,4744,0,0,0,pacing,1,0.812,9.923,117.923,0,0,17,19,0,0,1,13,4771,3756,178,0,1,9500000,1200000,0,0,0,35972,35972,44136220,2058,2535754,1099,1363668,0,0,0,0,0,18.776,39.302,9896.250,4355.100,1851,65504,33773,14631,31731,17100,0.302,6.753,1.066,1851,5698709,9714538,1.940,8.068,0.476,11.863,65504,3078,931,31083,823,2246,9,267,266,480,38,69,2,12,26,0,0,0,0,0,0,0,0,0,0,226,3,1,0,4,6006,4927,4927,0,0,0,0,0,,disabled,,0,0,0,0,,1,Fixed Quality,Hybrid,85,30,9500,12000,640,360,H.264,480,270,518400,0,518400,28176,0.054,0.000,,0,0,0.000,0.007,0.000,0.000,0.003,7250,6750,6750,22,22,0,1,9500,1.000,0,18.776,0.000,0,0,0.000,0.000,0,0,0,0,0.312,0.625,0.063,1,0,0,disabled,0,0,0,155,355,155,164,36,276,276,0,5,async-output-pending,0,,0,0,0.000,0.000,0,,0.000,0.000,0.000,0.000,0,0,0,,45,0,0,0.000,1,0,0.000,0.000,0.000,0.000,0.000,0.000,0.000,0,0,0,0,0,0,0,0,1,1,1,1,1.000,180.000,1.500,30,0,0.000,0,0,0,0.000,0.000,0.000,0.000,0.000,0.000,0.000,0.000,7.028,0,0,0,0,0,0,0,0,0.000,0.000,0.000,0.000,0.000,0.000,0,0.087,21.321,917,921,4355,43.499,187.890,36.371,187.890,39971.445,1088,1,H.264,102.890,0,0,186.757,187.743,0.999,103.216,101.747,arrival-gap-jitter-spike,5339.901,0,1,1,1,1,45311.346,477.602,485.876,486.771,486.771,0,0,6,0,0,6,0,,,163.201,163.201,804,1,H.264,0,0,0,0,0,0,0,0,0,0,,100.943,0.000,103.784,0.000,0.000,0.000,123.383,stale-before-decode,0.001,1240,0.000,109.514,5.626,0.074,0.642,0.360,0.000,0.282,1,0,0,1,3,0.062,21.327,21.321,13.733,21.391,1.000,Loss,0,1,0,0.000,2,1,1,1,0.060,0.000,0.060,0,100,0,36017,33850,2135,0,1969
46.313,Custom_loss6_delay0-100_dup0_reorder6_burst0,Loopback,1,1,0,,,0.000,0,21,1268,20.664,18.790,18.713,87.258,102.687,89.099,62.948,62.044,0.063,0.235,34540,2308,32479,30171,4564,2718,297,1378,1174,204,171,0,30171,962,296,0,0,0,0,5.000,0,0,0,0,0,0,0,0,0,0,0,0,0,0,0,0.000,0.000,0.000,,940,940,4444,0,1,109.356,186.757,110.438,187.743,0.000,0.000,936,933,17800,1166,275,0,3142,5026,1269,1,nack-sent,pending,H.264,1,1,24,17,7,4,0,3,9,36,1,0,36772,18,36814,0,0,0,0,70.837,247,297,204,199,204,0,68.604,21.375,126.559,1,0,749,52,801,0,237,26,0.454,0.546,0.935,1.000,0.099,44.000,0.333,0.667,0.000,insufficient-sample,1517,13250,0,0,948,12349,3142,31727,567,892,2,9,31712,predicted-useful,fec-grace,5198,0.292,307,801,0,8,0,0,0,17,19,17,19,308,4875,308,4875,0,0,0,pacing,1,0.805,8.862,116.862,0,0,17,19,0,0,1,13,4902,3838,182,0,1,9500000,1200000,4,0,4,36804,36800,45150716,2110,2599868,1124,1394816,0,0,0,0,0,7.617,41.438,1156.938,2147.250,1893,67015,34536,15051,32479,17428,0.304,12.449,3.560,1893,4173048,7919128,1.875,8.985,0.601,11.971,67015,3142,951,31727,843,2290,9,274,273,493,38,69,2,12,26,0,0,0,0,0,0,0,0,0,0,233,3,1,0,4,6132,5026,5026,0,0,0,0,0,,disabled,,0,0,0,0,,1,Fixed Quality,Hybrid,85,30,9500,12000,640,360,H.264,480,270,518400,28178,518400,28178,0.054,0.000,,0,0,0.000,2.010,0.000,0.000,0.109,7250,6750,6750,22,22,0,1,9500,1.000,0,16.146,0.000,0,0,0.000,0.000,0,0,0,0,1.000,0.000,0.000,1,0,0,disabled,24,0,0,159,366,159,169,38,283,283,0,5,large-au-observed,0,,0,0,41.438,23.729,0,,0.000,0.000,0.000,0.000,0,0,0,,46,0,0,15.573,0,1271,0.109,0.000,0.000,0.108,0.000,0.073,0.012,1,1,1,1,0,1,1,0,0,0,0,0,1.000,0.000,0.000,30,0,0.000,0,0,0,0.000,0.000,0.000,0.000,0.000,0.000,0.000,1.885,19.927,0,0,0,0,0,0,0,0,0.000,0.000,0.000,0.000,0.000,0.000,0,0.112,18.790,936,940,4444,110.406,187.890,36.371,187.890,39971.445,1088,1,H.264,102.890,0,0,186.757,187.743,0.999,103.216,101.747,arrival-gap-jitter-spike,6342.014,0,1,1,1,1,46313.459,477.602,485.876,486.771,486.771,0,0,6,0,0,6,0,,,163.201,163.201,804,1,H.264,0,0,0,0,0,0,0,0,0,0,,101.276,0.000,104.111,0.000,0.000,0.000,128.629,stale-before-decode,0.001,1268,0.000,110.086,5.840,0.089,0.282,0.002,0.000,0.280,1,0,0,1,3,0.063,20.664,18.790,62.044,18.713,2.000,Jitter,0,1,0,0.000,1,2,2,1,0.060,0.000,0.060,0,100,0,36846,34611,2184,0,2017
47.318,Custom_loss6_delay0-100_dup0_reorder6_burst0,Loopback,1,1,0,,,0.000,0,21,1297,13.750,13.745,13.893,77.826,102.674,68.379,63.072,3.494,0.062,0.237,35336,2331,33195,30864,4675,2774,302,1424,1212,212,175,0,30864,980,305,0,0,0,0,5.000,0,0,0,0,0,0,0,0,0,0,0,0,0,0,0,0.000,0.000,0.000,,958,958,4543,0,1,68.161,208.205,69.234,209.375,0.000,0.000,954,951,18213,1192,284,0,3213,5140,1298,1,fec-recovered,pending,H.264,1,1,24,21,3,3,3,3,11,37,1,0,37599,14,37646,1,0,0,0,70.906,255,302,212,207,212,0,68.244,21.671,126.559,1,0,770,51,821,0,250,28,0.458,0.542,0.938,1.000,0.101,38.000,0.667,0.333,0.000,insufficient-sample,1553,13576,0,0,969,12649,3213,32442,582,918,2,9,32427,predicted-useful,likely-arrival,5312,0.792,315,821,0,9,0,0,0,17,19,17,19,317,5026,317,5026,0,0,0,pacing,1,0.784,7.941,115.941,0,0,17,19,0,0,1,13,5054,3925,186,0,1,9500000,1200000,0,0,0,37634,37634,46172734,2160,2661492,1149,1425964,0,0,0,0,0,18.409,41.438,995.125,3486.900,1935,68507,35320,15354,33187,17833,0.303,4.124,0.051,1935,4485735,7441339,0.657,3.044,0.521,8.219,68507,3213,969,32442,862,2342,9,283,282,509,40,72,2,13,27,0,0,0,0,0,0,0,0,0,0,240,3,1,0,4,6276,5140,5140,0,0,0,0,0,,disabled,,0,0,0,0,,1,Fixed Quality,Hybrid,85,30,9500,12000,640,360,H.264,480,270,518400,28178,518400,28178,0.054,0.000,,0,0,0.000,1.988,0.000,0.000,0.065,7250,6750,6750,22,22,0,1,9500,1.000,0,18.409,0.000,0,0,0.000,0.000,0,0,0,0,0.311,0.627,0.062,1,0,0,disabled,24,1,1,163,375,163,174,38,290,290,4,5,decoder-sync-observed,0,,0,0,0.077,23.729,0,,0.000,0.000,0.000,0.000,0,0,0,,47,0,0,2.833,0,1300,0.064,0.000,0.000,0.064,0.000,0.041,0.007,1,1,1,1,0,1,1,0,0,0,0,0,1.000,0.000,0.000,30,0,0.000,0,0,0,0.000,0.000,0.000,0.000,0.000,0.000,0.000,1.916,6.692,0,0,0,0,0,0,0,0,0.000,0.000,0.000,0.000,0.000,0.000,0,0.094,13.745,954,958,4543,69.148,209.385,36.371,209.385,46727.535,1280,1,H.264,102.165,0,0,208.205,209.375,1.000,157.947,100.979,arrival-gap-jitter-spike,590.446,0,1,1,1,1,47317.981,477.602,485.876,486.771,486.771,0,0,6,0,0,6,0,,,163.201,163.201,804,1,H.264,0,0,0,0,0,0,0,0,0,0,,99.849,0.000,102.717,0.000,0.000,0.000,120.000,stale-before-decode,0.001,1297,0.000,108.131,5.304,0.073,0.606,0.313,0.000,0.293,1,0,0,1,3,0.062,13.750,13.745,3.494,13.893,1.000,Jitter,1,1,0,0.000,0,1,1,1,0.060,0.000,0.060,0,100,0,37681,35404,2228,0,2076
48.324,Custom_loss6_delay0-100_dup0_reorder6_burst0,Loopback,1,1,0,,,0.000,0,21,1322,19.319,17.444,17.515,111.925,102.803,37.075,62.494,2.572,0.062,0.239,36049,2393,33877,31484,4766,2827,310,1444,1228,216,185,0,31484,999,313,0,0,0,0,5.000,0,0,0,0,0,0,0,0,0,0,0,0,0,0,0,0.000,0.000,0.000,,977,977,4635,0,1,53.357,208.205,54.335,209.375,0.000,0.000,972,969,18571,1215,292,0,3284,5231,1326,1,fec-parity,pending,H.264,1,1,22,15,7,3,2,3,6,37,0,1,38367,14,38382,2,0,0,0,84.279,263,310,216,211,216,0,68.305,21.486,126.559,1,0,790,50,840,0,259,28,0.459,0.541,0.940,1.000,0.098,45.000,0.667,0.333,0.000,stable,1586,13843,0,0,988,12894,3284,33103,596,940,2,9,33086,predicted-useful,likely-arrival,5424,0.500,322,840,0,9,0,0,0,17,19,17,19,324,5124,324,5124,0,0,0,pacing,1,0.742,11.678,119.678,0,0,17,19,0,0,1,13,5152,4010,190,0,1,9500000,1200000,0,0,0,38395,38395,47106119,2207,2719704,1172,1454616,0,0,0,0,0,11.022,41.438,1174.938,3096.000,1977,69922,36045,15711,33877,18166,0.304,4.573,3.589,1977,3449856,6029914,2.397,-3.825,0.556,6.516,69922,3284,987,33103,886,2388,10,291,290,527,40,72,2,13,27,0,0,0,0,0,0,0,0,0,0,248,3,1,0,4,6392,5231,5231,0,0,0,0,0,,disabled,,0,0,0,0,,1,Fixed Quality,Hybrid,85,30,9500,12000,640,360,H.264,480,270,518400,26094,518400,26094,0.050,0.000,,0,0,0.000,1.836,0.000,0.000,0.063,6000,6250,6250,23,23,0,1,9500,0.820,1,11.022,0.000,0,0,0.000,0.000,0,0,0,0,0.313,0.627,0.060,1,0,0,latency-pressure-freshness-hold,22,1,1,167,386,167,179,40,298,298,3,5,decoder-sync-observed,0,,0,0,0.289,21.974,0,,0.000,0.000,0.000,0.000,0,0,0,,48,0,0,2.819,0,1328,0.063,0.000,0.000,0.062,0.000,0.042,0.005,1,1,1,1,0,1,1,0,0,0,1,0,0.860,26.255,0.000,26,0,0.000,0,0,0,0.000,0.000,0.000,0.000,0.000,0.000,0.000,1.767,6.964,0,0,0,0,0,0,0,0,0.000,0.000,0.000,0.000,0.000,0.000,0,0.091,17.444,972,977,4635,54.253,209.385,36.371,209.385,46727.535,1280,1,H.264,102.165,0,0,208.205,209.375,1.000,157.947,100.979,arrival-gap-jitter-spike,1596.273,0,1,1,1,1,48323.808,477.602,485.876,486.771,486.771,0,0,7,0,0,7,1,latency-pressure freshness,latency-over-80ms,147.877,163.201,1312,1,H.264,0,0,0,0,0,0,0,0,0,0,,108.700,0.000,109.930,0.000,0.000,0.000,135.963,stale-before-decode,0.001,1322,0.000,113.739,3.696,0.074,0.829,0.589,0.000,0.241,1,0,0,1,3,0.062,19.319,17.444,2.572,17.515,1.000,RecoveryDeadline,0,1,0,0.000,3,1,1,1,0.060,0.000,0.060,0,100,0,38443,36117,2283,0,2139
49.325,Custom_loss6_delay0-100_dup0_reorder6_burst0,Loopback,1,1,0,,,0.000,0,21,1352,19.882,19.886,19.639,91.710,102.837,62.486,62.494,25.803,0.062,0.239,36771,2431,34543,32112,4879,2898,321,1474,1253,221,186,0,32112,1019,320,0,0,0,0,5.000,0,0,0,0,0,0,0,0,0,0,0,0,0,0,0,0.000,0.000,0.000,,997,997,4727,0,1,75.040,208.205,76.100,209.375,0.000,0.000,991,987,18976,1240,299,0,3349,5355,1353,1,retransmit-duplicate,pending,H.264,1,1,22,17,5,3,2,3,10,37,0,2,39159,3,39159,3,39159,3,1,72.323,265,321,221,216,221,0,68.128,21.634,126.559,1,0,808,51,859,0,263,29,0.452,0.548,0.941,1.000,0.099,43.000,0.000,0.000,0.000,insufficient-sample,1621,14116,0,0,1008,13141,3349,33706,611,966,2,9,33689,predicted-useful,fec-grace,5535,0.182,329,859,0,9,0,0,0,18,20,18,20,331,5219,331,5219,0,0,0,pacing,1,0.741,9.948,117.948,0,0,18,20,0,0,1,13,5248,4091,194,0,1,9500000,1200000,3,0,3,39170,39166,48058285,2254,2777916,1196,1484520,0,0,0,0,0,7.056,41.438,1951.438,3196.800,2017,71292,36764,16034,34528,18494,0.304,21.607,1.595,2017,5183149,8277412,1.349,25.411,0.471,14.664,71292,3349,1007,33706,906,2433,10,298,297,537,41,73,1,14,27,0,0,0,0,0,0,0,0,0,0,254,3,1,0,4,6528,5355,5355,0,0,0,0,0,,disabled,,0,0,0,0,,1,Fixed Quality,Hybrid,85,30,9500,12000,640,360,H.264,480,270,518400,26096,518400,26096,0.050,0.000,,0,0,0.000,2.605,0.000,0.000,0.289,6500,6250,6250,23,23,0,1,9500,0.900,1,11.195,0.000,0,0,0.000,0.000,0,0,0,0,0.308,0.632,0.059,1,0,0,fixed-pacing-queue-hold,22,1,1,171,394,171,183,40,305,305,3,5,decoder-sync-observed,0,,0,0,0.874,21.976,0,,0.000,0.000,0.000,0.000,0,0,0,,49,0,0,6.271,0,1355,0.289,0.000,0.000,0.288,0.000,0.201,0.030,1,1,1,1,0,1,1,0,0,0,0,0,1.000,0.000,0.000,24,0,0.000,0,0,0,0.000,0.000,0.000,0.000,0.000,0.000,0.000,2.304,10.298,0,0,0,0,0,0,0,0,0.000,0.000,0.000,0.000,0.000,0.000,0,0.104,19.886,991,997,4727,76.014,209.385,36.371,209.385,46727.535,1280,1,H.264,102.165,0,0,208.205,209.375,1.000,157.947,100.979,arrival-gap-jitter-spike,2597.162,0,1,1,1,1,49324.697,477.602,485.876,486.771,486.771,0,0,9,0,0,9,2,latency-pressure freshness,latency-over-80ms,146.079,163.201,1328,1,decoded,0,0,0,0,0,0,0,0,0,0,,98.667,0.000,101.343,0.000,0.000,0.000,125.855,stale-before-upload,0.000,1352,0.000,106.593,5.389,0.077,0.807,0.512,0.000,0.295,1,0,0,1,3,0.062,19.882,19.886,25.803,19.639,1.000,Loss,0,1,0,0.000,0,1,1,1,0.060,0.000,0.060,0,100,0,39216,36841,2330,0,2185
50.330,Custom_loss6_delay0-100_dup0_reorder6_burst0,Loopback,1,1,0,,,0.000,0,21,1378,21.689,19.705,19.474,85.641,102.916,41.596,62.049,20.279,0.062,0.239,37507,2470,35222,32752,4983,2964,329,1501,1278,223,189,0,32752,1040,326,0,0,0,0,5.000,0,0,0,0,0,0,0,0,0,0,0,0,0,0,0,0.000,0.000,0.000,,1017,1017,4822,0,1,24.911,208.205,25.828,209.375,0.000,0.000,1011,1007,19373,1263,304,0,3414,5466,1379,1,fec-recovered,pending,H.264,1,1,23,17,6,6,3,3,7,38,0,1,39897,4,39922,0,0,0,0,83.149,272,329,223,218,223,0,68.137,21.539,126.559,1,0,825,51,876,0,268,29,0.453,0.547,0.942,1.000,0.098,44.000,0.000,0.000,0.000,insufficient-sample,1654,14390,0,0,1028,13395,3414,34317,624,986,2,9,34298,predicted-useful,fec-grace,5643,0.522,336,876,0,9,0,0,0,20,22,20,22,338,5326,338,5326,0,0,0,pacing,1,0.756,11.672,119.672,0,0,20,22,0,0,1,13,5357,4171,198,0,1,9500000,1200000,0,0,0,39936,39936,49006445,2300,2834726,1222,1516904,0,0,0,0,0,17.988,41.438,10106.250,4800.000,2057,72728,37506,16354,35222,18868,0.304,25.009,0.134,2057,5738240,9113984,1.382,16.151,0.482,13.248,72728,3414,1028,34317,925,2479,10,303,302,546,42,75,2,14,28,0,0,0,0,0,0,0,0,0,0,258,3,1,0,4,6673,5466,5466,0,0,0,0,0,,disabled,,0,0,0,0,,1,Fixed Quality,Hybrid,85,30,9500,12000,640,360,H.264,480,270,518400,27136,518400,27136,0.052,0.000,,0,0,0.000,1.878,0.000,0.000,0.068,7250,6500,6500,24,24,0,1,9500,1.000,0,17.988,0.000,0,0,0.000,0.000,0,0,0,0,0.311,0.631,0.058,1,0,0,disabled,23,1,1,175,402,175,186,41,311,311,3,5,decoder-sync-observed,0,,0,0,0.075,22.851,0,,0.000,0.000,0.000,0.000,0,0,0,,50,0,0,5.732,0,1381,0.067,0.000,0.000,0.067,0.000,0.045,0.008,1,1,1,1,0,1,1,0,0,0,1,0,0.860,59.678,0.000,26,0,0.000,0,0,0,0.000,0.000,0.000,0.000,0.000,0.000,0.000,1.780,9.885,0,0,0,0,0,0,0,0,0.000,0.000,0.000,0.000,0.000,0.000,0,0.091,19.705,1011,1017,4822,25.882,209.385,36.371,209.385,46727.535,1280,1,H.264,102.165,0,0,208.205,209.375,1.000,157.947,100.979,arrival-gap-jitter-spike,3602.868,0,1,1,1,1,50330.403,477.602,485.876,486.771,486.771,0,0,9,0,0,9,0,,,146.079,163.201,1328,1,decoded,0,0,0,0,0,0,0,0,0,0,,102.875,0.000,105.490,0.000,0.000,0.000,122.821,stale-before-upload,0.001,1378,0.000,109.862,4.279,0.074,0.633,0.349,0.000,0.284,1,0,0,1,3,0.062,21.689,19.705,20.279,19.474,1.000,Loss,0,1,0,0.500,2,1,1,1,0.060,0.000,0.060,0,100,0,39986,37577,2369,0,2231
51.332,Custom_loss6_delay0-100_dup0_reorder6_burst0,Loopback,1,1,0,,,0.000,0,21,1405,19.493,19.503,19.466,97.895,102.910,97.161,62.781,2.534,0.062,0.239,38249,2514,35917,33403,5076,3026,337,1522,1298,224,191,0,33403,1059,333,0,0,0,0,5.000,0,0,0,0,0,0,0,0,0,0,0,0,0,0,0,0.000,0.000,0.000,,1036,1036,4921,0,1,47.749,208.205,48.767,209.375,0.000,0.000,1030,1026,19748,1283,311,0,3476,5568,1406,1,nack-deferred-likely-arrival,pending,H.264,0,1,24,22,2,5,5,2,10,26,0,0,40697,12,0,0,0,0,0,98.636,280,337,224,219,224,0,68.159,21.549,126.559,1,0,842,51,893,0,273,31,0.454,0.546,0.943,1.000,0.102,38.000,1.000,0.000,1.000,insufficient-sample,1694,14672,0,0,1048,13645,3476,34870,644,1018,2,9,34850,deferred-likely-arrival,likely-arrival,5750,0.625,343,893,0,9,0,0,0,21,23,21,23,345,5434,345,5434,0,0,0,pacing,1,0.777,7.308,115.308,0,0,21,23,0,0,1,13,5466,4251,202,0,1,9500000,1200000,0,0,0,40727,40727,49976725,2347,2892618,1247,1547420,0,0,0,0,0,18.619,41.438,9864.562,3496.950,2096,74151,38234,16715,35917,19202,0.304,21.802,0.003,2096,4889993,7981769,0.790,24.034,0.502,14.917,74151,3476,1047,34870,943,2523,10,310,309,559,44,81,4,14,30,0,0,0,0,0,0,0,0,0,0,263,3,1,0,4,6801,5568,5568,0,0,0,0,0,,disabled,,0,0,0,0,,1,Fixed Quality,Hybrid,85,30,9500,12000,640,360,H.264,480,270,518400,0,518400,28178,0.054,0.000,,0,0,0.000,2.149,0.000,0.000,0.069,7250,6750,6750,25,25,0,1,9500,1.000,0,18.619,0.000,0,0,0.000,0.000,0,0,0,0,0.314,0.629,0.057,1,0,0,disabled,0,0,0,179,409,179,189,41,317,317,2,5,async-output-pending,0,,0,0,0.000,0.000,0,,0.000,0.000,0.000,0.000,0,0,0,,51,0,0,5.437,0,1409,0.069,0.000,0.000,0.068,0.000,0.045,0.010,1,1,1,1,0,1,1,0,1,0,0,0,1.000,0.000,0.000,30,0,0.000,0,0,0,0.000,0.000,0.000,0.000,0.000,0.000,0.000,0.000,9.821,0,0,0,0,0,0,0,0,0.000,0.000,0.000,0.000,0.000,0.000,0,0.097,19.503,1030,1036,4921,48.801,209.385,36.371,209.385,46727.535,1280,1,H.264,102.165,0,0,208.205,209.375,1.000,157.947,100.979,arrival-gap-jitter-spike,4604.579,0,1,1,1,1,51332.114,477.602,485.876,486.771,486.771,0,0,9,0,0,9,0,,,146.079,163.201,1328,1,decoded,0,0,0,0,0,0,0,0,0,0,,102.981,0.000,105.887,0.000,0.000,0.000,128.947,stale-before-upload,0.001,1405,0.000,111.710,5.718,0.074,0.517,0.261,0.000,0.257,1,0,0,1,3,0.062,19.493,19.503,2.534,19.466,1.000,Loss,0,1,0,1.000,0,1,1,1,0.060,0.000,0.060,0,100,0,40778,38320,2415,0,2263
52.332,Custom_loss6_delay0-100_dup0_reorder6_burst0,Loopback,1,1,0,,,0.000,0,21,1430,20.132,20.128,20.159,86.047,102.822,27.557,62.062,46.466,0.062,0.240,38926,2559,36547,33988,5169,3074,340,1560,1328,232,195,0,33988,1078,340,0,0,0,0,5.000,0,0,0,0,0,0,0,0,0,0,0,0,0,0,0,0.000,0.000,0.000,,1055,1055,5014,0,1,95.772,208.205,97.000,209.375,0.000,0.000,1049,1045,20102,1310,318,0,3542,5665,1432,1,expired-no-slack,expired,H.264,0,1,22,21,1,5,5,3,7,16,0,0,41399,16,0,0,0,0,0,133.070,282,340,232,225,232,0,67.797,21.427,126.559,1,0,855,52,907,0,278,31,0.453,0.547,0.943,1.000,0.100,44.000,0.000,0.000,0.000,insufficient-sample,1724,14923,0,0,1066,13878,3542,35500,656,1036,2,9,35479,deferred-likely-arrival,likely-arrival,5859,0.636,348,907,0,9,0,0,0,21,23,21,23,349,5496,349,5496,0,0,0,pacing,1,0.778,8.619,116.619,0,0,21,23,0,0,1,13,5528,4333,206,1,1,9500000,1200000,2,0,2,41446,41444,50857639,2389,2944162,1271,1577316,0,0,0,0,0,7.363,41.438,859.375,4396.200,2133,75449,38920,17008,36529,19521,0.304,30.375,3.350,2133,4043726,6693614,2.007,5.306,0.441,11.013,75449,3542,1066,35500,967,2565,10,317,316,571,45,83,2,14,31,0,0,0,0,0,0,0,0,0,0,269,3,1,0,4,6923,5665,5665,0,0,0,0,0,,disabled,,0,0,0,0,,1,Fixed Quality,Hybrid,85,30,9500,12000,640,360,H.264,480,270,518400,26094,518400,26094,0.050,0.000,,0,0,0.000,2.184,0.000,0.000,0.114,6000,6250,6250,26,26,0,1,9500,0.820,1,7.363,0.000,0,0,0.000,0.000,0,0,0,0,0.311,0.632,0.057,1,0,0,fixed-pacing-queue-hold,22,1,1,182,417,182,194,41,325,325,2,5,decoder-sync-observed,0,,0,0,0.221,21.974,0,,0.000,0.000,0.000,0.000,0,0,0,,52,0,0,11.125,0,1435,0.113,0.000,0.000,0.113,0.000,0.079,0.011,1,1,1,1,0,1,1,0,0,0,1,0,0.860,59.951,0.000,24,0,0.000,0,0,0,0.000,0.000,0.000,0.000,0.000,0.000,0.000,2.058,15.023,0,0,0,0,0,0,0,0,0.000,0.000,0.000,0.000,0.000,0.000,0,0.112,20.128,1049,1055,5014,96.897,209.385,36.371,209.385,46727.535,1280,1,H.264,102.165,0,0,208.205,209.375,1.000,157.947,100.979,arrival-gap-jitter-spike,5604.878,0,1,1,1,1,52332.413,477.602,485.876,486.771,486.771,0,0,9,0,0,9,0,,,146.079,163.201,1328,1,decoded,0,0,0,0,0,0,0,0,0,0,,96.653,0.000,99.042,0.000,0.000,0.000,128.024,stale-before-upload,0.001,1430,0.000,104.632,5.460,0.094,0.329,0.001,0.000,0.328,1,0,0,1,3,0.062,20.132,20.128,46.466,20.159,1.000,Jitter,0,1,0,1.000,0,1,1,1,0.060,0.000,0.060,0,100,0,41496,39001,2454,0,2299
53.340,Custom_loss6_delay0-100_dup0_reorder6_burst0,Loopback,1,1,0,,,0.000,0,21,1456,16.456,14.624,14.658,89.680,102.788,60.116,62.023,36.905,0.062,0.241,39589,2608,37172,34564,5265,3133,350,1585,1348,237,197,0,34564,1095,348,0,0,0,0,5.000,0,0,0,0,0,0,0,0,0,0,0,0,0,0,0,0.000,0.000,0.000,,1071,1071,5110,0,1,22.868,208.205,23.864,209.375,0.000,0.000,1065,1061,20457,1333,325,0,3599,5764,1457,1,completed,completed,H.264,0,1,23,23,0,6,6,2,5,14,0,0,42133,22,0,0,0,0,0,102.140,288,350,237,230,237,0,67.702,21.472,126.559,1,0,876,55,931,0,285,32,0.451,0.549,0.941,1.000,0.101,38.000,0.000,0.000,0.000,insufficient-sample,1756,15166,0,0,1083,14097,3599,36082,671,1060,2,9,36061,predicted-useful,fec-grace,5955,0.783,356,931,0,9,0,0,0,22,24,22,24,357,5614,357,5614,0,0,0,pacing,1,0.809,12.593,120.593,0,0,22,24,0,0,1,13,5647,4402,210,1,1,9500000,1200000,0,0,0,42148,42148,51726577,2442,3009678,1296,1608464,0,0,0,0,0,0.233,41.438,23750.000,809.050,2170,76733,39571,17298,37162,19864,0.304,25.132,3.071,2170,4331069,7000599,1.713,10.757,0.506,11.085,76733,3599,1084,36082,990,2599,10,324,323,582,49,89,1,16,33,0,0,0,0,0,0,0,0,0,0,272,3,1,0,4,7044,5764,5764,0,0,0,0,0,,disabled,,0,0,0,0,,1,Fixed Quality,Hybrid,85,30,9500,12000,640,360,H.264,480,270,518400,0,518400,27136,0.052,0.000,,0,0,0.000,6.438,0.000,5.520,0.893,7250,6500,6500,27,27,0,1,9500,1.000,0,7.992,0.000,0,0,2.638,0.000,3732,0,0,0,0.000,0.000,1.000,1,0,0,disabled,0,0,0,186,427,186,198,43,332,332,1,5,async-output-pending,0,,0,0,0.000,0.000,0,,8.202,2324.188,39583.333,0.000,0,0,0,,53,0,0,0.000,1,0,0.882,0.238,0.642,0.000,0.000,0.000,0.000,0,0,1,1,1,0,0,1,1,0,0,0,1.000,0.000,0.000,30,0,0.000,0,0,0,0.000,0.000,0.000,0.000,0.000,0.000,0.000,0.000,10.046,0,0,0,0,0,0,0,0,0.000,0.000,0.000,0.000,0.000,0.000,0,0.098,14.624,1065,1071,5110,24.011,209.385,36.371,209.385,46727.535,1280,1,H.264,102.165,0,0,208.205,209.375,1.000,157.947,100.979,arrival-gap-jitter-spike,6612.696,0,1,1,1,1,53340.231,477.602,485.876,486.771,486.771,0,0,9,0,0,9,0,,,146.079,163.201,1328,1,decoded,0,0,0,0,0,0,0,0,0,0,,99.767,0.000,102.519,0.000,0.000,0.000,129.840,stale-before-upload,0.001,1456,0.000,106.247,3.622,0.091,0.708,0.439,0.000,0.269,1,0,0,1,3,0.062,16.456,14.624,36.905,14.658,1.000,RecoveryDeadline,0,1,0,2.000,1,2,2,1,0.060,0.000,0.060,0,100,0,42201,39666,2504,0,2331
54.344,Custom_loss6_delay0-100_dup0_reorder6_burst0,Loopback,1,1,0,,,0.000,0,21,1485,21.313,21.299,21.336,104.105,102.780,68.212,62.144,45.299,0.062,0.242,40356,2659,37898,35239,5367,3192,359,1613,1373,240,203,0,35239,1116,356,0,0,0,0,5.000,0,0,0,0,0,0,0,0,0,0,0,0,0,0,0,0.000,0.000,0.000,,1092,1092,5201,0,1,95.230,208.205,96.291,209.375,0.000,0.000,1086,1082,20859,1356,333,0,3670,5879,1486,1,fec-recovered,pending,H.264,0,1,24,16,8,4,2,1,3,13,0,0,42984,8,0,0,0,0,0,62.935,292,359,240,233,240,0,67.544,21.897,126.559,1,0,892,56,948,0,289,33,0.449,0.551,0.941,1.000,0.102,44.000,0.000,1.000,1.000,insufficient-sample,1792,15422,0,0,1104,14330,3670,36774,686,1083,2,9,36753,predicted-useful,likely-arrival,6073,0.000,363,948,0,9,0,0,0,22,24,22,24,364,5725,364,5725,0,0,0,pacing,1,0.817,7.957,115.957,0,0,22,24,0,0,1,13,5758,4489,213,0,1,9500000,1200000,8,8,0,42982,42974,52742523,2481,3058194,1315,1632100,0,0,0,0,0,0.581,41.438,597.312,1192.800,2212,78225,40336,17663,37889,20226,0.305,16.791,2.381,2212,4138657,7012225,1.194,10.225,0.467,10.158,78225,3670,1104,36774,1013,2647,10,332,331,596,51,92,2,17,34,0,0,0,0,0,0,0,0,0,0,278,3,1,0,4,7180,5879,5879,0,0,0,0,0,,disabled,,0,0,0,0,,1,Fixed Quality,Hybrid,85,30,9500,12000,640,360,H.264,480,270,518400,28178,518400,28178,0.054,0.000,,0,0,0.000,2.248,0.000,0.000,0.132,7250,6750,6750,28,28,0,1,9500,1.000,0,8.633,0.000,0,0,0.000,0.000,0,0,0,0,0.308,0.633,0.059,1,0,0,disabled,24,1,1,190,437,190,204,43,340,340,1,5,keyframe-g4-priority,0,,0,0,12.188,23.729,0,,0.000,0.000,0.000,0.000,0,0,0,,54,0,0,6.411,0,1488,0.131,0.000,0.000,0.131,0.000,0.092,0.023,1,1,1,1,0,1,1,0,0,0,1,0,0.860,144.766,0.000,26,0,0.000,0,0,0,0.000,0.000,0.000,0.000,0.000,0.000,0.000,2.074,10.286,0,0,0,0,0,0,0,0,0.000,0.000,0.000,0.000,0.000,0.000,0,0.158,21.299,1086,1092,5201,96.239,209.385,36.371,209.385,46727.535,1280,1,H.264,102.165,0,0,208.205,209.375,1.000,157.947,100.979,arrival-gap-jitter-spike,7616.925,0,1,1,1,1,54344.460,477.602,485.876,486.771,486.771,0,0,9,0,0,9,0,,,146.079,163.201,1328,1,decoded,0,0,0,0,0,0,0,0,0,0,,102.862,0.000,105.758,0.000,0.000,0.000,137.053,stale-before-upload,0.001,1485,0.000,110.740,4.817,0.075,0.698,0.423,0.000,0.275,1,0,0,1,3,0.062,21.313,21.299,45.299,21.336,1.000,Jitter,0,1,0,0.000,2,3,3,1,0.060,0.000,0.060,0,100,0,43028,40431,2565,0,2378
55.346,Custom_loss6_delay0-100_dup0_reorder6_burst0,Loopback,1,1,0,,,0.000,0,21,1510,15.113,11.345,11.344,102.774,102.767,68.212,62.144,24.088,0.062,0.245,40997,2729,38530,35801,5456,3250,368,1633,1393,240,205,0,35801,1131,367,0,0,0,0,5.000,0,0,0,0,0,0,0,0,0,0,0,0,0,0,0,0.000,0.000,0.000,,1105,1105,5299,0,1,41.120,208.205,42.082,209.375,0.000,0.000,1098,1094,21208,1371,342,0,3735,5973,1512,1,nack-sent,pending,H.264,0,1,22,12,10,3,1,2,6,27,0,0,43676,20,0,0,0,0,0,70.889,295,368,240,233,240,0,67.544,21.897,126.559,1,0,904,57,961,0,290,34,0.445,0.555,0.941,1.000,0.105,37.000,0.000,1.000,0.000,insufficient-sample,1822,15679,0,0,1122,14569,3735,37362,698,1101,2,9,37341,predicted-useful,fec-grace,6176,0.455,368,961,0,9,0,0,0,22,24,22,24,369,5808,369,5808,0,0,0,pacing,1,0.795,5.484,113.484,0,0,22,24,0,0,1,13,5841,4567,217,0,1,9500000,1200000,0,0,0,43685,43685,53617206,2530,3118318,1346,1670752,0,0,0,0,0,7.683,41.438,4146.750,84.300,2248,79522,40992,18004,38530,20526,0.305,4.397,0.865,2248,7788667,10493552,2.221,10.225,0.524,11.825,79522,3735,1118,37362,1031,2692,12,341,340,611,54,96,1,19,35,0,0,0,0,0,0,0,0,0,0,284,3,1,0,4,7304,5973,5973,0,0,0,0,0,,disabled,,0,0,0,0,,1,Fixed Quality,Hybrid,85,30,9500,12000,640,360,H.264,480,270,518400,26094,518400,26094,0.050,0.000,,0,0,0.000,1.920,0.000,0.000,0.062,6000,6250,6250,29,29,0,1,9500,0.820,1,22.599,0.000,0,0,0.000,0.000,0,0,0,0,0.307,0.634,0.059,1,0,0,latency-pressure-freshness-hold,22,1,1,194,447,194,208,45,346,346,1,5,keyframe-g4-priority,0,,0,0,28.543,21.974,0,,0.000,0.000,0.000,0.000,0,0,0,,55,0,0,5.676,0,1514,0.062,0.000,0.000,0.062,0.000,0.041,0.006,1,1,1,1,0,1,1,0,0,0,1,0,0.860,70.460,0.000,26,0,0.000,0,0,0,0.000,0.000,0.000,0.000,0.000,0.000,0.000,1.828,10.191,0,0,0,0,0,0,0,0,0.000,0.000,0.000,0.000,0.000,0.000,0,0.102,11.345,1098,1105,5299,42.145,209.385,36.371,209.385,46727.535,1280,1,H.264,102.165,0,0,208.205,209.375,1.000,157.947,100.979,arrival-gap-jitter-spike,8618.801,0,1,1,1,1,55346.336,477.602,485.876,486.771,486.771,0,0,10,0,0,10,1,latency-pressure freshness,latency-over-80ms,148.186,163.201,1488,1,H.264,0,0,0,0,0,0,0,0,0,0,,101.603,0.000,103.548,0.000,0.000,0.000,131.387,stale-before-decode,0.001,1510,0.000,108.766,5.111,0.080,0.763,0.465,0.000,0.298,1,0,0,1,3,0.062,15.113,11.345,24.088,11.344,1.000,Loss,0,1,0,0.000,0,1,1,1,0.060,0.000,0.060,0,100,0,43740,41082,2612,0,2416
56.353,Custom_loss6_delay0-100_dup0_reorder6_burst0,Loopback,1,1,0,,,0.000,0,21,1537,19.112,19.116,19.103,95.404,102.761,57.093,62.047,34.513,0.062,0.246,41696,2761,39166,36405,5551,3309,374,1657,1414,243,211,0,36405,1150,375,0,0,0,0,5.000,0,0,0,0,0,0,0,0,0,0,0,0,0,0,0,0.000,0.000,0.000,,1124,1124,5398,0,1,85.848,208.205,86.835,209.375,0.000,0.000,1117,1112,21589,1393,350,0,3801,6085,1538,1,fec-recovered,pending,H.264,0,1,23,15,8,2,1,1,2,11,0,0,44425,14,0,0,0,0,0,63.186,301,374,243,236,243,0,67.610,21.848,126.559,1,0,919,59,978,0,293,35,0.446,0.554,0.940,1.000,0.107,35.000,0.167,0.833,1.000,retransmit-late,1851,15951,0,0,1142,14827,3801,37986,707,1115,2,9,37965,predicted-useful,fec-grace,6282,0.000,375,978,0,12,0,0,0,23,25,23,25,377,5925,377,5925,0,0,0,pacing,1,0.805,10.452,118.452,0,0,23,25,0,0,1,13,5962,4645,221,0,1,9500000,1200000,0,0,0,44413,44413,54514932,2547,3139466,1347,1671996,0,0,0,0,0,11.144,41.438,1970.688,4800.000,2288,80853,41687,18262,39166,20904,0.305,26.553,4.555,2288,4894576,7601053,2.219,5.956,0.488,16.045,80853,3801,1137,37986,1049,2740,12,349,348,623,56,98,1,21,35,0,0,0,0,0,0,0,0,0,0,290,3,1,0,4,7436,6085,6085,0,0,0,0,0,,disabled,,0,0,0,0,,1,Fixed Quality,Hybrid,85,30,9500,12000,640,360,H.264,480,270,518400,0,518400,27136,0.052,0.000,,0,0,0.000,5.780,0.000,4.907,0.754,7250,6500,6500,30,30,0,1,9500,1.000,0,11.144,0.000,0,0,0.000,0.000,0,0,0,0,0.308,0.632,0.060,1,0,0,disabled,0,0,0,198,454,198,211,45,351,351,0,5,async-output-pending,0,,0,0,0.000,0.000,0,,0.000,0.000,0.000,0.000,0,0,0,,55,0,0,0.000,1,0,0.740,0.224,0.515,0.000,0.000,0.000,0.000,0,0,1,1,1,0,0,1,1,0,1,0,0.860,100.090,0.000,26,0,0.000,0,0,0,0.000,0.000,0.000,0.000,0.000,0.000,0.000,0.000,31.990,0,0,0,0,0,0,0,0,0.000,0.000,0.000,0.000,0.000,0.000,0,0.090,19.116,1117,1124,5398,86.757,209.385,36.371,209.385,46727.535,1280,1,H.264,102.165,0,0,208.205,209.375,1.000,157.947,100.979,arrival-gap-jitter-spike,9625.424,0,1,1,1,1,56352.959,477.602,485.876,486.771,486.771,0,0,10,0,0,10,0,,,148.186,163.201,1488,1,H.264,0,0,0,0,0,0,0,0,0,0,,100.958,0.000,103.564,5.708,0.000,104.739,127.702,stale-before-decode,0.000,1535,0.000,109.790,4.973,0.074,0.723,0.412,0.000,0.312,1,0,0,1,3,0.062,19.112,19.116,34.513,19.103,2.000,RecoveryDeadline,0,1,0,1.500,2,3,3,1,0.060,0.000,0.060,0,100,0,44469,41773,2661,0,2452
57.358,Custom_loss6_delay0-100_dup0_reorder6_burst0,Loopback,1,1,0,,,0.000,0,21,1565,20.157,20.152,20.126,108.337,102.752,83.979,62.461,8.211,0.062,0.245,42486,2822,39915,37093,5646,3361,380,1691,1443,248,214,0,37093,1172,380,0,0,0,0,5.000,0,0,0,0,0,0,0,0,0,0,0,0,0,0,0,0.000,0.000,0.000,,1146,1146,5487,0,1,40.277,208.205,41.401,209.375,0.000,0.000,1139,1135,21976,1420,355,0,3874,6183,1567,1,nack-suppressed-fec-grace,pending,H.264,0,1,24,11,13,2,0,0,0,0,0,0,45267,13,0,0,0,0,0,48.275,307,380,248,241,248,0,67.571,21.939,126.559,1,0,936,60,996,0,301,36,0.447,0.553,0.940,1.000,0.107,43.000,0.375,0.625,0.000,duplicate-guard,1887,16255,0,0,1163,15108,3874,38702,722,1138,2,9,38681,predicted-useful,fec-grace,6399,0.292,381,996,0,12,0,0,0,23,25,23,25,383,6020,383,6020,0,0,0,pacing,1,0.814,12.947,120.947,0,0,23,25,0,0,1,13,6057,4733,225,0,1,9500000,1200000,0,0,0,45257,45257,55551266,2594,3197520,1373,1704380,0,0,0,0,0,18.166,41.438,7993.062,4800.000,2331,82384,42475,18606,39909,21303,0.305,2.841,1.196,2331,5828741,9405164,1.059,10.142,0.513,13.493,82384,3873,1159,38696,1070,2791,12,354,353,631,57,99,1,22,35,0,0,0,0,0,0,0,0,0,0,294,3,1,0,4,7572,6183,6183,0,0,0,0,0,,disabled,,0,0,0,0,,1,Fixed Quality,Hybrid,85,30,9500,12000,640,360,H.264,480,270,518400,0,518400,28178,0.054,0.000,,0,0,0.000,4.740,0.000,4.116,0.575,7250,6750,6750,31,31,0,1,9500,1.000,0,18.166,0.000,0,0,0.000,0.000,0,0,0,0,0.308,0.632,0.060,1,0,0,disabled,0,0,0,202,465,202,216,47,358,358,0,5,async-output-pending,0,,0,0,0.000,0.000,0,,0.000,0.000,0.000,0.000,0,0,0,,56,0,0,0.000,1,0,0.567,0.142,0.424,0.000,0.000,0.000,0.000,0,0,1,1,1,0,0,1,1,0,0,0,1.000,0.000,0.000,30,0,0.000,0,0,0,0.000,0.000,0.000,0.000,0.000,0.000,0.000,0.000,20.226,0,0,0,0,0,0,0,0,0.000,0.000,0.000,0.000,0.000,0.000,0,0.090,20.152,1139,1146,5487,41.218,209.385,36.371,209.385,46727.535,1280,1,H.264,102.165,0,0,208.205,209.375,1.000,157.947,100.979,arrival-gap-jitter-spike,10630.712,0,1,1,1,1,57358.247,477.602,485.876,486.771,486.771,0,0,10,0,0,10,0,,,148.186,163.201,1488,1,H.264,0,0,0,0,0,0,0,0,0,0,,103.987,0.000,106.737,0.000,0.000,0.000,134.168,stale-before-decode,0.001,1565,0.000,110.161,3.321,0.078,0.691,0.428,0.000,0.264,1,0,0,1,3,0.062,20.157,20.152,8.211,20.126,1.000,Loss,0,1,0,0.000,2,2,2,1,0.060,0.000,0.060,0,100,0,45314,42568,2707,0,2502
58.358,Custom_loss6_delay0-100_dup0_reorder6_burst0,Loopback,1,1,0,,,0.000,0,21,1595,24.862,22.965,23.169,90.886,102.792,27.996,61.823,9.920,0.062,0.244,43322,2875,40700,37825,5744,3415,390,1722,1469,253,217,0,37825,1196,387,0,0,0,0,5.000,0,0,0,0,0,0,0,0,0,0,0,0,0,0,0,0.000,0.000,0.000,,1169,1169,5580,0,1,29.279,208.205,30.302,209.375,0.000,0.000,1162,1158,22416,1449,361,0,3945,6307,1596,1,nack-sent,pending,H.264,0,1,24,9,15,3,1,1,0,15,0,0,46155,8,0,0,0,0,0,54.614,314,390,253,246,253,0,67.574,21.931,126.559,1,0,958,60,1018,0,310,36,0.446,0.554,0.941,1.000,0.104,45.000,0.167,0.833,0.000,duplicate-guard,1929,16566,0,0,1184,15382,3945,39416,743,1175,2,9,39395,predicted-useful,fec-grace,6521,0.000,389,1018,0,12,0,0,0,23,25,23,25,391,6153,391,6153,0,0,0,pacing,1,0.834,8.391,116.391,0,0,23,25,0,0,1,13,6190,4821,229,0,1,9500000,1200000,0,0,0,46149,46149,56644256,2646,3261634,1399,1736772,0,0,0,0,0,17.243,41.438,7946.750,4800.000,2375,83995,43308,18958,40687,21729,0.304,3.101,1.396,2375,6293192,10016158,0.664,-3.083,0.453,17.033,83995,3945,1183,39416,1091,2842,12,360,359,639,57,99,1,22,35,0,0,0,0,0,0,0,0,0,0,300,3,1,0,4,7723,6307,6307,0,0,0,0,0,,disabled,,0,0,0,0,,1,Fixed Quality,Hybrid,85,30,9500,12000,640,360,H.264,480,270,518400,0,518400,28178,0.054,0.000,,0,0,0.000,5.098,0.000,4.470,0.607,7250,6750,6750,31,31,0,1,9500,1.000,0,17.243,0.000,0,0,0.000,0.000,0,0,0,0,0.308,0.633,0.059,1,0,0,disabled,0,0,0,205,471,205,219,47,365,365,0,5,async-output-pending,0,,0,0,0.000,0.000,0,,17.193,11504.438,39583.333,0.000,0,0,0,,57,0,0,0.000,1,0,0.597,0.131,0.465,0.000,0.000,0.000,0.000,0,0,1,1,1,0,0,1,1,0,0,0,1.000,0.000,0.000,30,0,0.000,0,0,0,0.000,0.000,0.000,0.000,0.000,0.000,0.000,0.000,9.847,0,0,0,0,0,0,0,0,0.000,0.000,0.000,0.000,0.000,0.000,0,0.092,22.964,1162,1169,5580,30.307,209.385,36.371,209.385,46727.535,1280,1,H.264,102.165,0,0,208.205,209.375,1.000,157.947,100.979,arrival-gap-jitter-spike,11630.716,0,1,1,1,1,58358.251,477.602,485.876,486.771,486.771,0,0,10,0,0,10,0,,,148.186,163.201,1488,1,H.264,0,0,0,0,0,0,0,0,0,0,,105.927,0.000,108.737,0.000,0.000,0.000,125.443,stale-before-decode,0.000,1595,0.000,113.802,4.961,0.073,0.938,0.709,0.000,0.229,1,0,0,1,3,0.062,24.862,22.965,9.920,23.169,2.000,RecoveryDeadline,0,1,0,1.000,1,1,1,1,0.060,0.000,0.060,0,100,0,46207,43405,2767,0,2555
59.358,Custom_loss6_delay0-100_dup0_reorder6_burst0,Loopback,1,1,0,,,0.000,0,21,1624,20.220,20.193,20.221,95.842,102.861,14.377,60.960,28.290,0.062,0.245,44118,2936,41455,38519,5850,3473,400,1753,1498,255,224,0,38519,1216,394,0,0,0,0,5.000,0,0,0,0,0,0,0,0,0,0,0,0,0,0,0,0.000,0.000,0.000,,1189,1189,5675,0,1,19.995,208.205,21.165,209.375,0.000,0.000,1182,1178,22817,1471,368,0,4013,6417,1624,1,completed,completed,H.264,0,1,24,24,0,5,5,2,5,15,0,0,46970,21,0,0,0,0,0,95.125,320,400,255,248,255,0,67.586,21.803,126.559,1,0,976,63,1039,0,314,37,0.444,0.556,0.939,1.000,0.105,45.000,0.375,0.625,0.000,duplicate-guard,1966,16826,0,0,1204,15612,4013,40041,760,1205,2,9,40020,predicted-useful,likely-arrival,6636,0.000,396,1039,0,12,0,0,0,23,25,23,25,398,6265,398,6265,0,0,0,pacing,1,0.801,10.922,118.922,0,0,23,25,0,0,1,13,6302,4906,232,0,1,9500000,1200000,3,0,3,47010,47007,57695500,2697,3324504,1427,1771652,0,0,0,0,0,8.190,41.438,480.875,4800.000,2418,85569,44114,19368,41455,22087,0.305,5.162,1.845,2418,5803637,9017478,1.043,-13.619,0.525,12.137,85569,4013,1203,40041,1112,2889,12,367,366,652,58,101,2,22,36,0,0,0,0,0,0,0,0,0,0,306,3,1,0,4,7864,6417,6417,0,0,0,0,0,,disabled,,0,0,0,0,,1,Fixed Quality,Hybrid,85,30,9500,12000,640,360,H.264,480,270,518400,28178,518400,28178,0.054,0.000,,0,0,0.000,1.923,0.000,0.000,0.080,7250,6750,6750,31,31,0,1,9500,1.000,0,14.498,0.000,0,0,0.000,0.000,0,0,0,0,0.308,0.631,0.061,1,0,0,disabled,24,0,0,209,483,209,225,49,372,372,0,5,large-au-observed,0,,0,0,18.182,23.729,0,,0.000,0.000,0.000,0.000,0,0,0,,58,0,0,6.012,0,1627,0.079,0.000,0.000,0.079,0.000,0.053,0.009,1,1,1,1,0,1,1,0,0,0,0,0,1.000,0.000,0.000,30,0,0.000,0,0,0,0.000,0.000,0.000,0.000,0.000,0.000,0.000,1.836,10.155,0,0,0,0,0,0,0,0,0.000,0.000,0.000,0.000,0.000,0.000,0,0.084,20.193,1182,1189,5675,21.016,209.385,36.371,209.385,46727.535,1280,1,H.264,102.165,0,0,208.205,209.375,1.000,157.947,100.979,arrival-gap-jitter-spike,12631.124,0,1,1,1,1,59358.659,477.602,485.876,486.771,486.771,0,0,10,0,0,10,0,,,148.186,163.201,1488,1,H.264,0,0,0,0,0,0,0,0,0,0,,105.505,0.000,108.366,0.000,0.000,0.000,127.921,stale-before-decode,0.001,1624,0.000,112.663,4.195,0.072,0.742,0.420,0.000,0.322,1,0,0,1,3,0.062,20.220,20.193,28.290,20.221,1.000,Loss,0,1,0,0.000,1,2,2,1,0.060,0.000,0.060,0,100,0,47066,44199,2818,0,2602
60.365,Custom_loss6_delay0-100_dup0_reorder6_burst0,Loopback,1,1,0,,,0.000,0,21,1653,18.564,18.562,18.427,90.253,102.865,78.720,61.277,35.064,0.062,0.246,44944,2980,42224,39244,5953,3535,406,1786,1528,258,226,0,39244,1236,403,0,0,0,0,5.000,0,0,0,0,0,0,0,0,0,0,0,0,0,0,0,0.000,0.000,0.000,,1209,1209,5772,0,1,17.692,208.205,18.805,209.375,0.000,0.000,1202,1198,23248,1494,377,0,4092,6535,1654,1,nack-sent,pending,H.264,0,1,24,14,10,2,0,2,5,25,0,0,47872,4,0,0,0,0,0,69.949,327,406,258,251,258,0,67.570,21.792,126.559,1,0,992,65,1057,0,318,38,0.446,0.554,0.939,1.000,0.107,39.000,0.556,0.444,0.000,duplicate-guard,2004,17151,0,0,1226,15910,4092,40881,776,1232,2,9,40860,predicted-useful,fec-grace,6761,0.000,402,1057,0,12,0,0,0,23,25,23,25,404,6357,404,6357,0,0,0,pacing,1,0.800,9.420,117.420,0,0,23,25,0,0,1,13,6394,5001,236,0,1,9500000,1200000,0,0,0,47868,47868,58750524,2745,3383642,1453,1804044,0,0,0,0,0,17.570,41.438,9135.062,4800.000,2463,87156,44932,19688,42224,22536,0.305,16.702,0.099,2463,6252940,9722851,0.949,64.343,0.507,7.967,87156,4091,1223,40871,1133,2946,12,376,375,668,60,104,2,23,37,0,0,0,0,0,0,0,0,0,0,313,3,1,0,4,8015,6535,6535,0,0,0,0,0,,disabled,,0,0,0,0,,1,Fixed Quality,Hybrid,85,30,9500,12000,640,360,H.264,480,270,518400,0,518400,28176,0.054,0.000,,0,0,0.000,4.678,0.000,4.038,0.620,7250,6750,6750,31,31,0,1,9500,1.000,0,17.570,0.000,0,0,0.000,0.000,0,0,0,0,0.309,0.629,0.061,1,0,0,disabled,0,0,0,213,491,213,229,49,379,379,0,5,async-output-pending,0,,0,0,0.000,0.000,0,,17.383,11331.500,39583.333,0.000,0,0,0,,59,0,0,0.000,1,0,0.611,0.149,0.461,0.000,0.000,0.000,0.000,0,0,1,1,1,0,0,1,1,0,0,0,1.000,0.000,0.000,30,0,0.000,0,0,0,0.000,0.000,0.000,0.000,0.000,0.000,0.000,0.000,20.459,0,0,0,0,0,0,0,0,0.000,0.000,0.000,0.000,0.000,0.000,0,0.093,18.562,1202,1209,5772,18.747,209.385,36.371,209.385,46727.535,1280,1,H.264,102.165,0,0,208.205,209.375,1.000,157.947,100.979,arrival-gap-jitter-spike,13638.139,0,1,1,1,1,60365.674,477.602,485.876,486.771,486.771,0,0,10,0,0,10,0,,,148.186,163.201,1488,1,H.264,0,0,0,0,0,0,0,0,0,0,,105.158,0.000,107.958,0.000,0.000,0.000,130.126,stale-before-decode,0.000,1653,0.000,113.046,4.984,0.071,0.878,0.559,0.000,0.319,1,0,0,1,3,0.062,18.564,18.562,35.064,18.427,1.000,Jitter,0,1,0,0.000,1,2,2,1,0.060,0.000,0.060,0,100,0,47928,45026,2871,0,2647
