timeSec,scenarioName,networkRuntimeMode,networkModeSendingEnabled,networkModeReceivingEnabled,networkExperimentActive,networkExperimentScenarioName,networkExperimentAdaptiveMode,networkExperimentRemainingSec,networkExperimentStepIndex,networkExperimentStepCount,frameId,receiveFps,decodeFps,displayFps,currentLatencyMs,averageLatencyMs,currentRttMs,averageRttMs,currentJitterMs,packetLossRate,frameDropRate,receivedPackets,missingPackets,sequenceGapPackets,sequenceGapRecoveredPackets,duplicatePackets,duplicateOriginalPackets,duplicateRetransmitPackets,duplicateLateAfterCompletedPackets,duplicateLateAfterCompletedOriginalPackets,duplicateLateAfterCompletedRetransmitPackets,duplicateLateAfterExpiredPackets,duplicateLateAfterRejectedPackets,reorderedPackets,completedFrames,droppedFrames,deadlineDroppedFrames,outputQueueDroppedFrames,outputQueueDropEvents,outputQueueDropBurstEvents,startupWarmupSec,startupWarmupActive,outputQueueDroppedFramesDelta,outputQueueDropEventsDelta,outputQueueDropBurstEventsDelta,startupOutputQueueDroppedFrames,startupOutputQueueDropEvents,startupOutputQueueDropBurstEvents,steadyOutputQueueDroppedFrames,steadyOutputQueueDropEvents,steadyOutputQueueDropBurstEvents,evaluationOutputQueueDroppedFrames,evaluationOutputQueueDropEvents,evaluationOutputQueueDropBurstEvents,lastOutputQueueDropFrameCount,lastOutputQueueDropQueueSize,lastOutputQueueDropOldestAgeMs,lastOutputQueueDropNewestAgeMs,maxOutputQueueDropOldestAgeMs,lastOutputQueueDropReason,completedQueuePushes,completedQueuePops,completedQueueEmptyPolls,completedQueueSize,maxCompletedQueueSize,completedQueueLastPopAgeMs,completedQueueMaxPopAgeMs,completedQueueLastPushIntervalMs,completedQueueMaxPushIntervalMs,lastOutputQueueDropPopAgeMs,lastOutputQueueDropPushIntervalMs,decodedFrames,displayedFrames,frameRecoveryOutcomeEvents,frameRecoveryCompletedFrames,frameRecoveryExpiredFrames,frameRecoveryRejectedFrames,frameRecoveryNackSentFrames,frameRecoveryFecRecoveredFrames,frameRecoveryLastFrameId,frameRecoveryLastStreamId,frameRecoveryLastEvent,frameRecoveryLastOutcome,frameRecoveryLastCodec,frameRecoveryLastKeyFrame,frameRecoveryLastLargeFrame,frameRecoveryLastChunkCount,frameRecoveryLastReceivedChunks,frameRecoveryLastMissingChunks,frameRecoveryLastFecParityPackets,frameRecoveryLastFecRecoveredChunks,frameRecoveryLastNackCount,frameRecoveryLastPostNackReceivedChunks,frameRecoveryLastNackRequestedChunks,frameRecoveryLastRetransmitReceivedChunks,frameRecoveryLastRetransmitDuplicatePackets,frameRecoveryLastPacketSequence,frameRecoveryLastPacketChunkIndex,frameRecoveryLastRetransmitSequence,frameRecoveryLastRetransmitChunkIndex,frameRecoveryLastEventPacketSequence,frameRecoveryLastEventPacketChunkIndex,frameRecoveryLastEventWasRetransmit,frameRecoveryLastAgeMs,retransmitUsefulChunks,retransmitDuplicatePackets,retransmitLateAfterCompletedPackets,retransmitLateAfterCompletedLargePackets,retransmitLateAfterCompletedSentBeforeCompletePackets,retransmitLateAfterCompletedSentAfterCompletePackets,retransmitLateAfterCompletedAvgSendToCompleteMs,retransmitLateAfterCompletedAvgDelayMs,retransmitLateAfterCompletedMaxDelayMs,retransmitLateAfterExpiredPackets,retransmitLateAfterRejectedPackets,retransmitClassifiedPackets,retransmitNotArrivedPackets,retransmitAccountedPackets,retransmitUnclassifiedPackets,retransmitCompletedFrames,retransmitExpiredFrames,retransmitUsefulnessRatio,retransmitDuplicateRatio,retransmitFinalClassificationRatio,retransmitFinalAccountingRatio,retransmitExpiredAfterUsefulRatio,dynamicNackDeadlineMs,dynamicNackUsefulnessRatio,dynamicNackDuplicateRatio,dynamicNackExpiredAfterRetransmitRatio,dynamicNackDecisionReason,nackSuppressedFrames,nackSuppressedMissingChunks,nackPreflightSuppressedFrames,nackPreflightSuppressedChunks,nackFecGraceSuppressedFrames,nackFecGraceSuppressedChunks,nackPredictedUsefulFrames,nackPredictedUsefulChunks,nackDeferredForLikelyArrivalFrames,nackDeferredForLikelyArrivalChunks,nackSkippedTooLateFrames,nackSkippedTooLateChunks,nackRequestedChunkBudget,nackLastShapingReason,nackLastSuppressionReason,ackCount,lastAckMissingRate,ackRetransmittedFrames,ackRetransmittedChunks,repairCanceledByCompleteAckPackets,repairSkippedByTtlPackets,repairQueuedButCanceledPackets,repairSentAfterCompleteAckPackets,repairSentAfterCompleteAckLargePackets,repairSuppressedByFecLikelyFrames,repairSuppressedByFecLikelyPackets,repairSuppressedByFecLikelyLargeFrames,repairSuppressedByFecLikelyLargePackets,repairBudgetSuppressedFrames,repairBudgetSuppressedPackets,repairBudgetSuppressedLargeFrames,repairBudgetSuppressedLargePackets,repairRaceGuardSuppressedFrames,repairRaceGuardSuppressedPackets,repairRaceGuardSuppressedLargePackets,repairBudgetProfile,repairBudgetProfileSwitches,repairBudgetSmoothedMissingRate,repairBudgetSmoothedPacingQueueDelayMs,repairBudgetSmoothedDeliveryMs,repairFecLikelySuppressedCompletedFrames,repairFecLikelySuppressedCompletedPackets,repairFecLikelySuppressedExpiredFrames,repairFecLikelySuppressedExpiredPackets,repairFecLikelySuppressedPendingFrames,repairFecLikelySuppressedPendingPackets,repairFecLikelySuppressionRescueFrames,repairFecLikelySuppressionRescuePackets,h264KeyTinyMissingCriticalFrames,h264KeyTinyMissingCriticalPackets,h264KeyTinyMissingCriticalSentPackets,h264KeyTinyMissingCriticalSkippedPackets,h264KeyTinyMissingCriticalLastFrameId,h264KeyTinyMissingCriticalLastAckMissingChunks,h264KeyTinyMissingCriticalLastRequestedChunks,h264KeyTinyMissingCriticalLastEvent,h264KeySmallMissingAckFrames,h264KeySmallMissingAckMissingChunks,h264KeySmallMissingAckHistoryMissingFrames,h264KeySmallMissingAckStaleFrameLagFrames,h264KeySmallMissingAckStaleAgeFrames,h264KeySmallMissingAckRetransmitBudgetExhaustedFrames,h264KeySmallMissingAckDynamicBudgetSuppressedFrames,h264KeySmallMissingAckDynamicBudgetSuppressedPackets,h264KeySmallMissingAckSelectedRepairFrames,h264KeySmallMissingAckSelectedRepairPackets,h264KeySelectedRepair1To2Frames,h264KeySelectedRepair1To2Packets,h264KeySelectedRepair3To4Frames,h264KeySelectedRepair3To4Packets,h264KeySmallMissingAckLastFrameId,h264KeySmallMissingAckLastMissingChunks,h264KeySmallMissingAckLastGate,h264KeyRepair1To2CompletedFrames,h264KeyRepair1To2ExpiredFrames,h264KeyRepair1To2ArrivedPackets,h264KeyRepair1To2DuplicatePackets,h264KeyRepair1To2LateCompletedPackets,h264KeyRepair1To2LateExpiredPackets,h264KeyRepair1To2LateRejectedPackets,h264KeyRepair3To4CompletedFrames,h264KeyRepair3To4ExpiredFrames,h264KeyRepair3To4ArrivedPackets,h264KeyRepair3To4DuplicatePackets,h264KeyRepair3To4LateCompletedPackets,h264KeyRepair3To4LateExpiredPackets,h264KeyRepair3To4LateRejectedPackets,lateRepairSavedPackets,ackStaleDroppedFrames,ackKeyFrameRequests,ackKeyFramePending,pacingEnabled,pacingTargetBitrateBps,pacingRepairTargetBitrateBps,pacingQueuedPackets,pacingHighPriorityQueuedPackets,pacingNormalQueuedPackets,pacingEnqueuedPackets,pacingSentPackets,pacingSentBytes,pacingRepairSentPackets,pacingRepairSentBytes,pacingRepairBorrowedPackets,pacingRepairBorrowedBytes,pacingDroppedPackets,pacingDeadlineDroppedPackets,pacingHighPriorityDeadlineDroppedPackets,pacingNormalDeadlineDroppedPackets,pacingOverflowDroppedPackets,pacingCurrentQueueDelayMs,pacingMaxQueueDelayMs,pacingVideoCreditBytes,pacingRepairCreditBytes,transportFeedbackPackets,transportFeedbackPacketStatuses,transportFeedbackReceivedPackets,transportFeedbackMissingPackets,transportFeedbackSequenceGapPackets,transportFeedbackSequenceGapRecoveredPackets,transportFeedbackLossRate,transportFeedbackArrivalJitterMs,transportFeedbackQueueDelayTrendMs,transportFeedbackLastSequence,estimatedBandwidthBps,deliveryRateBps,bandwidthQueueDelayMs,bandwidthRttTrendMs,bandwidthLossTrend,bandwidthJitterTrendMs,bandwidthFeedbackSamples,deadlineNackSentFrames,deadlineNackRecoveredFrames,deadlineNackMissingChunks,deadlineNackSentH264KeyFrames,deadlineNackSentH264LargeFrames,deadlineNackSentH264DeltaFrames,deadlineNackExpiredDroppedFrames,deadlineNackExpiredAfterNackFrames,deadlineNackExpiredMissingChunks,deadlineNackExpiredH264KeyFrames,deadlineNackExpiredH264KeyMissingChunks,deadlineNackLastExpiredH264KeyMissingChunks,deadlineNackExpiredH264KeyMissingChunks1,deadlineNackExpiredH264KeyMissingChunks2To4,deadlineNackExpiredH264KeyMissingChunks5To8,deadlineNackExpiredH264KeyMissingChunks9To16,deadlineNackExpiredH264KeyMissingChunks17Plus,h264KeySmallMissingDeadlineRescueFrames,h264KeySmallMissingDeadlineRescueMissingChunks,h264KeySmallMissingDeadlineRescueCompletedFrames,h264KeySmallMissingDeadlineRescueRejectedFrames,h264KeySmallMissingDeadlineRescueExpiredFrames,h264KeySmallMissingDeadlineRescueCompletedMissingChunks,h264KeySmallMissingDeadlineRescueExpiredMissingChunks,deadlineNackExpiredH264LargeFrames,deadlineNackExpiredH264DeltaFrames,fecEnabled,adaptiveFecEnabled,fecGroupChunkCount,fecParityPackets,fecRecoveredFrames,fecRecoveredChunks,h264ReassemblerAuRejectedFrames,h264ReassemblerHeaderFailures,h264ReassemblerPayloadSizeMismatches,h264ReassemblerFrameIdMismatches,h264ReassemblerCrcMismatches,h264ReassemblerLastRejectReason,adaptiveFecDecisionReason,adaptiveFecHoldReason,adaptiveFecG8ToG4Recovery,adaptiveFecQualityHoldActive,adaptiveFecQualityHoldCanceled,adaptiveFecEmergencyG2Active,adaptiveFecEarlyOffReason,adaptiveEnabled,adaptiveControlMode,adaptiveCongestionControlMode,targetJpegQuality,targetFps,targetBitrateKbps,adaptiveBandwidthCeilingKbps,targetWidth,targetHeight,actualCodec,actualEncodeWidth,actualEncodeHeight,actualRawFrameBytes,actualEncodedFrameBytes,rawFrameBytes,encodedFrameBytes,compressionRatio,captureFps,cameraCaptureSubtype,cameraCaptureWidth,cameraCaptureHeight,cameraCaptureFormatFps,encodeMs,resizeMs,nv12PrepareMs,h264EncodeMs,h264EncoderRequestedBitrateKbps,h264EncoderTargetBitrateKbps,h264EncoderAppliedBitrateKbps,h264DynamicBitrateUpdateRequests,h264DynamicBitrateUpdateSuccesses,h264DynamicBitrateUpdateFailures,h264EncoderReinitializations,pacingBudgetTargetBitrateKbps,h264VideoBudgetScale,pacingBurstGuardActive,fixedPacingRecentMaxQueueDelayMs,fixedPacingQueueReleaseStableSec,fixedPacingQueueRecovered,fixedPacingQueueReleaseEligible,adaptiveRepairBudgetUtilization,adaptiveRepairBorrowedRatio,adaptiveRepairSentBytesDelta,adaptiveRepairBorrowedBytesDelta,adaptiveRepairBudgetGuardActive,adaptiveRepairVideoBudgetPressure,adaptiveRetransmitUsefulRatio,adaptiveLateRepairWasteRatio,adaptiveRetransmitNotArrivedRatio,adaptiveRetransmitAccountingComplete,adaptiveLateRepairWastePressure,adaptiveRetransmitNotArrivedPressure,adaptiveRepairDecisionReason,h264AuChunkCount,h264AuIsIdr,h264AuIsDecoderSync,h264RequestedKeyFrameConsumedFrames,h264EncoderKeyFrameRequests,h264RecoveryKeyFrameRequests,h264AwaitingSyncKeyFrameRequests,h264PeriodicIdrRequests,h264IdrFrames,h264DecoderSyncFrames,h264ConsecutiveIdrFrames,h264MaxConsecutiveIdrFrames,h264AuProtectionLevel,h264AuDroppedBeforeSend,h264AuDropReason,h264AuDroppedBytes,h264AuDroppedChunks,h264AuPacingQueueDelayMs,h264AuEstimatedSendMs,h264InputGatedByPacing,h264InputGateReason,h264InputGateQueueDelayMs,h264InputGateVideoCreditBytes,h264InputGateFrameBudgetBytes,h264InputGateDurationMs,h264InputGateConsecutiveFrames,h264InputGateSkippedInputFrames,h264InputGateForcedOpen,h264InputGateReleaseReason,fecProtectedH264KeyFrames,fecProtectedH264LargeFrames,h264EncoderDelayFrames,h264EncoderDelayMs,h264EncoderPendingFrames,h264EncodedInputFrameId,h264EncoderCallMs,h264EncoderSampleCreateMs,h264EncoderProcessInputMs,h264EncoderPreInputPollMs,h264EncoderPostInputWaitMs,h264EncoderProcessOutputMs,h264EncoderOutputCopyMs,h264EncoderProcessOutputAttempts,h264EncoderAsyncEventCount,h264EncoderHardware,h264EncoderAsync,h264EncoderNeedInputSignaled,h264EncoderOutputProduced,h264EncoderOutputProducedBeforeInput,h264SubmittedNewInput,h264AsyncSubmittedWithoutOutput,h264AsyncPendingNoOutput,h264AsyncCadenceHoldActive,h264AsyncPendingNoOutputStreak,h264AsyncCadenceScale,h264AsyncCadenceHoldRemainingMs,h264AsyncOutputPollBackoffMs,h264InputCadenceFps,h264NeedInputSubmitWake,h264NeedInputSubmitLeadMs,encodedCameraFrameId,encodedCameraSourceTimestamp100ns,encodedCameraCaptureCompletedTimeUs,encodedCameraFrameAgeMs,encodedCameraReadSampleMs,encodedCameraReadSampleEndToCaptureMs,encodedCameraCaptureToPublishMs,encodedCameraPublishToAcquireMs,encodedCameraAcquireToEncoderInputMs,jpegEncodeMs,packetizeMs,sendFrameIntervalMs,cameraFrameReady,cameraFrameId,cameraSourceTimestamp100ns,cameraReadSampleStartTimeUs,cameraReadSampleEndTimeUs,cameraCaptureCompletedTimeUs,cameraFramePublishedTimeUs,cameraSenderAcquireTimeUs,cameraReadSampleMs,cameraReadSampleEndToCaptureMs,cameraCaptureToPublishMs,cameraPublishToAcquireMs,cameraAcquireToSendMs,cameraFrameAgeMs,cameraFrameCacheUsed,receiveJpegDecodeMs,receiveDecodeWorkerFps,receiveDecodeWorkerFrames,receiveDecodePopSuccesses,receiveDecodePopEmptyPolls,receiveDecodeLoopLastPopGapMs,receiveDecodeLoopMaxPopGapMs,receiveStartupDecodeLoopMaxPopGapMs,receiveSteadyDecodeLoopMaxPopGapMs,receiveSteadyDecodeLoopMaxPopGapAtMs,receiveSteadyDecodeLoopMaxPopGapFrameId,receiveSteadyDecodeLoopMaxPopGapStreamId,receiveSteadyDecodeLoopMaxPopGapCodec,receiveSteadyDecodeLoopMaxPopGapInputFrameAgeMs,receiveSteadyDecodeLoopMaxPopGapDecodedQueueSize,receiveSteadyDecodeLoopMaxPopGapCompletedQueueSize,receiveSteadyDecodeLoopMaxPopGapCompletedQueuePopAgeMs,receiveSteadyDecodeLoopMaxPopGapCompletedQueuePushIntervalMs,receiveSteadyDecodeLoopMaxPopGapArrivalRatio,receiveSteadyDecodeLoopMaxPopGapReceiverJitterMs,receiveSteadyDecodeLoopMaxPopGapReceiverLatencyMs,receiveSteadyDecodeLoopMaxPopGapClass,receiveSteadyDecodeLoopMaxPopGapAgeMs,receiveH264StartupActive,receiveH264StartupDecoderSynced,receiveH264StartupFirstDecoded,receiveH264StartupFirstDisplayed,receiveH264StartupReady,receiveH264StartupElapsedMs,receiveH264StartupDecoderSyncMs,receiveH264StartupFirstDecodedMs,receiveH264StartupFirstDisplayedMs,receiveH264StartupReadyMs,receiveH264StartupQueueFlushFrames,receiveDecodeOverwrittenFrames,receiveDecodeQueueDroppedFrames,receiveDecodeRenderOverwriteFrames,receiveDecodeFailures,receiveFreshnessDroppedFrames,receiveFreshnessDroppedFramesDelta,receiveFreshnessDropClass,receiveFreshnessDropEvidence,receiveLastFreshnessDropAgeMs,receiveMaxFreshnessDropAgeMs,receiveLastFreshnessDropFrameId,receiveLastFreshnessDropStreamId,receiveLastFreshnessDropCodec,receiveH264AuInvalidFrames,receiveH264AuCrcMismatches,receiveH264AuPayloadSizeMismatches,receiveH264AuNalCountMismatches,receiveH264AuNoAnnexBNals,receiveH264AuIdrFlagMismatches,receiveH264AuSpsPpsFlagMismatches,receiveH264AuSyncWithoutIdr,receiveH264AuIdrWithoutSpsPps,receiveH264AuForbiddenZeroBit,receiveH264AuLastInvalidReason,receiveDecodeInputFrameAgeMs,receiveDecodeInputCameraFrameAgeMs,receiveDecodeInputEncoderOutputAgeMs,receiveLatestDecodedFrameAgeMs,receiveLatestDecodedCameraFrameAgeMs,receiveLatestDecodedEncoderOutputAgeMs,receiveFreshnessDropThresholdMs,receiveDecodeLastDropReason,receiveUploadBufferWaitMs,receiveDisplayFrameId,receiveDisplayCameraFrameAgeMs,receiveDisplayEncoderOutputAgeMs,receiveDisplayDecodedFrameAgeMs,textureUploadMs,presentGpuWaitMs,renderFramePacingWaitMs,waitableSwapChainWaitMs,presentMs,presentSyncInterval,lowLatencyPresentMode,waitableSwapChainPacingEnabled,waitableSwapChainAvailable,swapChainBufferCount,adaptiveInputPacketLossRate,adaptiveInputReceiveFps,adaptiveInputDecodeFps,adaptiveInputJitterMs,adaptiveInputDisplayFps,adaptiveQoeScore,adaptiveDegradationCause,adaptiveArrivalGapJitterSpikeActive,adaptiveFecRecoveryWorking,adaptiveFecGuardActive,adaptiveFecRecoveryEfficiency,adaptiveFecParityPacketDelta,adaptiveFecRecoveredFrameDelta,adaptiveFecRecoveredChunkDelta,simEnabled,simLossRate,simDuplicateRate,simReorderRate,simMinDelayMs,simMaxDelayMs,simBurstLossLength,simSubmittedPackets,simSentPackets,simDroppedPackets,simDuplicatedPackets,simReorderedPackets
0.189,Custom_loss6_delay0-100_dup0_reorder6_burst0,Loopback,1,1,0,,,0.000,0,21,0,0.000,0.000,0.000,0.000,0.000,0.000,0.000,0.000,0.000,0.000,0,0,0,0,0,0,0,0,0,0,0,0,0,0,0,0,0,0,0,5.000,1,0,0,0,0,0,0,0,0,0,0,0,0,0,0,0.000,0.000,0.000,,0,0,19,0,0,0.000,0.000,0.000,0.000,0.000,0.000,0,0,0,0,0,0,0,0,0,0,,,,0,0,0,0,0,0,0,0,0,0,0,0,0,0,0,0,0,0,0,0.000,0,0,0,0,0,0,0.000,0.000,0.000,0,0,0,0,0,0,0,0,0.000,0.000,0.000,0.000,0.000,0.000,0.000,0.000,0.000,,0,0,0,0,0,0,0,0,0,0,0,0,0,,,0,0.000,0,0,0,0,0,0,0,0,0,0,0,0,0,0,0,0,0,0,balanced,0,0.000,0.000,0.000,0,0,0,0,0,0,0,0,0,0,0,0,0,0,0,,0,0,0,0,0,0,0,0,0,0,0,0,0,0,0,0,,0,0,0,0,0,0,0,0,0,0,0,0,0,0,0,0,0,0,1,6000000,1200000,0,0,0,0,0,0,0,0,0,0,0,0,0,0,0,0.000,0.000,3750.000,4800.000,0,0,0,0,0,0,0.000,0.000,0.000,0,6000000,0,0.000,0.000,0.000,0.000,0,0,0,0,0,0,0,0,0,0,0,0,0,0,0,0,0,0,0,0,0,0,0,0,0,0,0,1,0,4,0,0,0,0,0,0,0,0,,disabled,,0,0,0,0,,1,Fixed Quality,Hybrid,85,30,9500,12000,640,360,,0,0,0,0,0,0,0.000,0.000,,0,0,0.000,0.000,0.000,0.000,0.000,0,0,0,0,0,0,0,0,1.000,0,0.000,0.000,1,0,0.000,0.000,0,0,0,0,0.000,0.000,0.000,0,0,0,disabled,0,0,0,0,0,0,0,0,0,0,0,0,,0,,0,0,0.000,0.000,0,,0.000,0.000,0.000,0.000,0,0,0,,0,0,0,0.000,0,0,0.000,0.000,0.000,0.000,0.000,0.000,0.000,0,0,0,0,0,0,0,0,0,0,0,0,1.000,0.000,0.000,0,0,0.000,0,0,0,0.000,0.000,0.000,0.000,0.000,0.000,0.000,0.000,0.000,0,0,0,0,0,0,0,0,0.000,0.000,0.000,0.000,0.000,0.000,0,0.000,0.000,0,0,19,0.000,0.000,0.000,0.000,0.000,0,0,,0.000,0,0,0.000,0.000,0.000,0.000,0.000,,-1.000,1,0,0,0,0,189.259,0.000,0.000,0.000,0.000,0,0,0,0,0,0,0,,,0.000,0.000,0,0,,0,0,0,0,0,0,0,0,0,0,,0.000,0.000,0.000,0.000,0.000,0.000,120.000,,0.000,0,0.000,0.000,0.000,0.000,0.000,0.000,0.000,0.000,1,0,0,1,3,0.000,0.000,0.000,0.000,0.000,0.000,None,0,0,0,0.000,0,0,0,1,0.060,0.000,0.060,0,100,0,0,0,0,0,0
1.189,Custom_loss6_delay0-100_dup0_reorder6_burst0,Loopback,1,1,0,,,0.000,0,21,18,23.997,9.994,9.892,101.524,80.229,0.000,0.000,4.512,0.140,0.227,344,56,341,285,43,23,0,19,17,2,1,0,288,17,5,0,0,0,0,5.000,1,0,0,0,0,0,0,0,0,0,0,0,0,0,0,0.000,0.000,0.000,,14,14,120,0,1,36.027,137.335,37.161,137.693,0.000,0.000,8,8,192,19,2,0,41,45,19,1,expired-no-slack,expired,H.264,0,1,26,25,1,6,4,3,9,24,0,0,285,2,0,0,0,0,0,125.071,3,0,2,0,2,0,43.469,4.229,8.075,0,0,5,0,5,0,1,0,1.000,0.000,1.000,1.000,0.000,25.000,0.000,0.000,0.000,insufficient-sample,19,159,0,0,13,151,41,378,6,8,0,0,377,predicted-useful,fec-grace,77,0.692,3,5,0,0,0,0,0,0,0,0,0,0,0,0,0,0,0,0,jitter-ack-loss,0,0.750,0.133,108.133,0,0,0,0,0,0,0,0,2,2,2,0,3,1,1,sent,11,15,0,0,4,4,0,0,3,5,2,2,1,3,3,1,stale-age,0,0,0,0,2,0,0,0,0,1,0,0,0,0,0,57,4,0,1,9500000,1200000,3,0,3,414,411,492827,10,11259,1,1252,0,0,0,0,0,10.859,25.686,530.688,4800.000,25,658,335,137,323,186,0.290,19.488,0.594,25,6421304,10297576,0.782,0.000,0.440,17.273,658,41,13,378,14,21,6,2,2,2,0,0,0,0,0,0,0,0,0,0,0,0,0,0,0,2,0,1,0,4,63,45,45,0,0,0,0,0,,disabled,,0,0,0,0,,1,Fixed Quality,Hybrid,85,30,9500,12000,640,360,H.264,480,270,518400,30264,518400,30264,0.058,0.000,,0,0,0.000,2.404,0.000,0.000,0.097,7250,7250,7250,0,0,0,1,9500,1.000,0,10.859,0.000,0,0,0.000,0.000,0,0,0,0,0.600,0.400,0.000,1,0,0,disabled,26,0,0,2,7,2,5,0,5,5,0,3,large-au-observed,0,,0,0,15.479,25.485,0,,0.000,0.000,0.000,0.000,0,0,0,,1,0,0,5.934,0,22,0.097,0.000,0.000,0.096,0.000,0.068,0.008,1,1,1,1,0,1,1,0,0,0,0,0,1.000,0.000,0.000,30,0,0.000,0,0,0,0.000,0.000,0.000,0.000,0.000,0.000,0.000,2.295,10.199,0,0,0,0,0,0,0,0,0.000,0.000,0.000,0.000,0.000,0.000,0,0.360,9.994,8,14,120,37.186,138.465,66.289,138.465,950.411,13,1,H.264,105.480,0,0,137.335,137.693,0.994,45.357,104.339,arrival-gap-jitter-spike,239.205,0,1,1,1,1,1189.616,502.052,545.390,546.458,546.458,0,0,5,0,0,0,0,,,0.000,0.000,0,0,,0,0,0,0,0,0,0,0,0,0,,91.354,0.000,93.717,0.000,0.000,0.000,130.762,h264-decoder-buffering,0.001,18,0.000,93.091,4.663,0.110,0.266,0.001,0.000,0.266,1,0,0,1,3,0.140,23.997,9.994,4.512,9.892,2.000,RecoveryDeadline,1,1,0,0.000,3,1,1,1,0.060,0.000,0.060,0,100,0,412,345,21,0,22
2.196,Custom_loss6_delay0-100_dup0_reorder6_burst0,Loopback,1,1,0,,,0.000,0,21,48,22.211,22.220,22.166,89.688,95.769,101.134,101.134,10.860,0.084,0.260,1260,115,1212,1097,162,93,4,58,55,3,7,0,1100,37,13,0,0,0,0,5.000,1,0,0,0,0,0,0,0,0,0,0,0,0,0,0,0.000,0.000,0.000,,34,34,216,0,1,67.629,137.335,68.623,137.693,0.000,0.000,28,28,670,40,11,0,126,193,49,1,fec-recovered,pending,H.264,0,1,26,26,0,6,6,3,16,56,0,0,1296,11,0,0,0,0,0,97.469,8,4,3,1,3,0,29.003,17.964,45.433,1,0,16,0,16,0,2,2,0.667,0.333,1.000,1.000,0.500,20.000,0.667,0.333,0.000,stable,50,596,0,0,38,578,126,1586,12,18,0,0,1585,predicted-useful,fec-grace,206,0.577,8,16,0,0,0,0,0,0,0,0,0,4,73,4,73,0,0,0,pacing,1,0.785,8.305,116.305,0,0,0,0,0,0,0,0,3,3,3,0,32,1,1,sent,13,18,0,0,5,4,0,0,4,6,3,3,1,3,46,2,stale-age,0,0,0,0,2,0,0,0,0,1,0,0,0,0,73,160,8,0,1,9500000,1200000,0,0,0,1382,1382,1675255,54,65115,28,34896,0,0,0,0,0,19.160,28.726,6982.438,4800.000,74,2440,1241,602,1199,597,0.327,37.111,3.354,74,6280728,10484987,1.461,0.000,0.493,17.866,2440,126,33,1586,26,94,6,10,10,16,1,2,2,0,1,0,0,0,0,0,0,0,0,0,0,9,0,1,0,4,238,193,193,0,0,0,0,0,,disabled,,0,0,0,0,,1,Fixed Quality,Hybrid,85,30,9500,12000,640,360,H.264,480,270,518400,30264,518400,30264,0.058,0.000,,0,0,0.000,2.165,0.000,0.000,0.073,7250,7250,7250,0,0,0,1,9500,1.000,0,19.160,0.000,0,0,0.000,0.000,0,0,0,0,0.500,0.500,0.000,1,0,0,disabled,26,0,0,4,11,4,7,0,9,9,0,3,large-au-observed,0,,0,0,21.633,25.485,0,,0.000,0.000,0.000,0.000,0,0,0,,2,0,0,5.999,0,51,0.073,0.000,0.000,0.073,0.000,0.051,0.006,1,1,1,1,0,1,1,0,0,0,0,0,1.000,0.000,0.000,30,0,0.000,0,0,0,0.000,0.000,0.000,0.000,0.000,0.000,0.000,2.082,21.311,0,0,0,0,0,0,0,0,0.000,0.000,0.000,0.000,0.000,0.000,0,0.429,22.219,28,34,216,68.546,138.465,66.289,138.465,950.411,13,1,H.264,105.480,0,0,137.335,137.693,0.994,45.357,104.339,arrival-gap-jitter-spike,1245.836,0,1,1,1,1,2196.247,502.052,545.390,546.458,546.458,0,0,5,0,0,0,0,,,0.000,0.000,0,0,,0,0,0,0,0,0,0,0,0,0,,107.124,0.000,110.172,0.000,0.000,0.000,124.844,h264-decoder-buffering,0.001,48,0.000,115.896,5.289,0.076,0.962,0.691,0.000,0.271,1,0,0,1,3,0.084,22.211,22.220,10.860,22.166,1.000,RecoveryDeadline,1,1,0,1.250,4,5,5,1,0.060,0.000,0.060,0,100,0,1384,1267,71,0,95
3.202,Custom_loss6_delay0-100_dup0_reorder6_burst0,Loopback,1,1,0,,,0.000,0,21,77,25.571,25.568,25.557,93.504,100.098,101.134,101.134,37.723,0.062,0.253,2171,144,2035,1891,279,161,7,101,95,6,10,0,1894,59,20,0,0,0,0,5.000,1,0,0,0,0,0,0,0,0,0,0,0,0,0,0,0.000,0.000,0.000,,56,56,306,0,1,75.850,172.616,76.830,173.613,0.000,0.000,50,50,1119,65,18,0,211,324,78,1,nack-sent,pending,H.264,0,1,26,22,4,4,3,3,10,33,0,0,2268,18,0,0,0,0,0,75.795,9,7,6,4,6,0,47.323,23.362,45.433,1,0,23,0,23,0,5,3,0.562,0.438,1.000,1.000,0.375,23.000,0.000,1.000,0.000,insufficient-sample,76,1026,0,0,63,1007,211,2729,13,19,0,0,2728,predicted-useful,fec-grace,336,0.577,11,23,0,0,0,0,0,0,0,0,0,7,128,7,128,0,0,0,pacing,1,0.788,8.697,116.697,0,0,0,0,0,0,0,0,3,3,3,0,32,1,1,sent,13,18,0,0,5,4,0,0,4,6,3,3,1,3,46,2,stale-age,0,0,0,0,2,0,0,0,0,1,0,0,0,0,128,265,12,0,1,9500000,1200000,14,0,14,2346,2332,2832415,94,113995,55,67596,0,0,0,0,0,0.711,37.644,1096.062,4800.000,125,4192,2157,1001,2035,1034,0.317,18.668,0.076,125,6622213,10367297,1.161,0.000,0.499,18.461,4192,211,55,2729,38,167,6,17,17,27,2,4,2,0,2,0,0,0,0,0,0,0,0,0,0,15,0,1,0,4,409,324,324,0,0,0,0,0,,disabled,,0,0,0,0,,1,Fixed Quality,Hybrid,85,30,9500,12000,640,360,H.264,480,270,518400,30264,518400,30264,0.058,0.000,,0,0,0.000,2.026,0.000,0.000,0.089,7250,7250,7250,0,0,0,1,9500,1.000,0,14.421,0.000,0,0,0.000,0.000,0,0,0,0,0.391,0.609,0.000,1,0,0,disabled,26,0,0,6,16,6,9,1,13,13,0,3,large-au-observed,0,,0,0,16.224,25.485,0,,0.000,0.000,0.000,0.000,0,0,0,,3,0,0,5.873,0,80,0.088,0.000,0.000,0.088,0.000,0.062,0.008,1,1,1,1,0,1,1,0,0,0,1,0,0.860,63.800,0.000,26,0,0.000,0,0,0,0.000,0.000,0.000,0.000,0.000,0.000,0.000,1.929,10.211,0,0,0,0,0,0,0,0,0.000,0.000,0.000,0.000,0.000,0.000,0,0.406,25.568,50,56,306,76.877,173.703,66.289,173.703,3036.037,73,1,H.264,104.978,0,0,172.616,173.613,0.999,134.506,103.888,arrival-gap-jitter-spike,165.639,0,1,1,1,1,3201.676,502.052,545.390,546.458,546.458,0,0,5,0,0,0,0,,,0.000,0.000,0,0,,0,0,0,0,0,0,0,0,0,0,,104.070,0.000,107.143,0.000,0.000,0.000,131.752,h264-decoder-buffering,0.001,77,0.000,111.687,4.085,0.085,0.687,0.456,0.000,0.231,1,0,0,1,3,0.062,25.571,25.568,37.723,25.557,1.000,RecoveryDeadline,1,1,0,0.667,3,2,2,1,0.060,0.000,0.060,0,100,0,2335,2173,121,0,151
4.204,Custom_loss6_delay0-100_dup0_reorder6_burst0,Loopback,1,1,0,,,0.000,0,21,106,19.680,19.679,19.621,36.513,100.224,75.763,88.448,25.851,0.059,0.255,3019,188,2814,2626,394,230,16,132,122,10,16,0,2629,79,27,0,0,0,0,5.000,1,0,0,0,0,0,0,0,0,0,0,0,0,0,0,0.000,0.000,0.000,,76,76,401,0,1,75.609,172.616,76.665,173.613,0.000,0.000,70,70,1549,89,27,0,286,454,105,1,fec-recovered,pending,H.264,1,1,26,26,0,5,4,3,12,40,0,1,3175,20,3194,4,0,0,0,87.545,11,16,10,8,10,0,60.982,21.297,45.433,3,0,40,3,43,0,7,3,0.407,0.593,0.930,1.000,0.300,29.000,0.000,1.000,0.000,duplicate-guard,100,1372,0,0,83,1347,286,3693,17,25,0,0,3692,predicted-useful,fec-grace,456,0.231,18,43,0,0,0,0,0,0,0,0,0,13,219,13,219,0,0,0,pacing,1,0.778,3.884,111.884,0,0,0,0,0,0,0,0,4,5,5,0,89,2,2,sent,15,22,0,1,5,4,0,0,5,8,4,5,1,3,103,2,stale-frame-lag,0,0,0,0,2,0,0,0,0,1,0,0,0,0,219,357,16,0,1,9500000,1200000,0,0,0,3208,3208,3897436,147,179047,86,105280,0,0,0,0,0,0.023,37.644,15688.938,3556.000,172,5818,3004,1370,2814,1444,0.313,11.194,2.599,172,5986927,11918415,1.077,-25.371,0.447,19.691,5818,286,74,3693,56,224,6,24,24,39,4,7,2,1,3,0,0,0,0,0,0,0,0,0,0,20,0,1,0,4,566,454,454,0,0,0,0,0,,disabled,,0,0,0,0,,1,Fixed Quality,Hybrid,85,30,9500,12000,640,360,H.264,480,270,518400,14854,518400,14854,0.029,0.000,,0,0,0.000,1.165,0.000,0.000,0.086,6000,6750,6750,1,1,0,1,9500,0.820,1,7.956,0.000,0,0,0.000,0.000,0,0,0,0,0.256,0.674,0.070,1,0,0,fixed-pacing-queue-hold,13,0,0,10,24,10,13,1,19,19,0,3,large-au-observed,0,,0,0,0.251,12.509,0,,0.000,0.000,0.000,0.000,0,0,0,,4,0,0,6.474,0,107,0.085,0.000,0.000,0.085,0.000,0.061,0.006,1,1,1,1,0,1,1,0,0,0,0,0,1.000,0.000,0.000,24,0,0.000,0,0,0,0.000,0.000,0.000,0.000,0.000,0.000,0.000,1.071,31.414,0,0,0,0,0,0,0,0,0.000,0.000,0.000,0.000,0.000,0.000,0,0.372,19.679,70,76,401,75.772,173.703,66.289,173.703,3036.037,73,1,H.264,104.978,0,0,172.616,173.613,0.999,134.506,103.888,arrival-gap-jitter-spike,1168.303,0,1,1,1,1,4204.340,502.052,545.390,546.458,546.458,0,0,5,0,0,0,0,,,0.000,0.000,0,0,,0,0,0,0,0,0,0,0,0,0,,92.266,0.000,94.705,0.000,0.000,0.000,120.000,h264-decoder-buffering,0.001,106,0.000,98.679,3.538,0.102,0.254,0.001,0.000,0.253,1,0,0,1,3,0.059,19.680,19.679,25.851,19.621,1.000,Jitter,1,1,0,1.000,1,1,1,1,0.060,0.000,0.060,0,100,0,3212,3024,171,0,198
5.209,Custom_loss6_delay0-100_dup0_reorder6_burst0,Loopback,1,1,0,,,0.000,0,21,129,21.449,21.425,22.347,97.820,99.610,156.849,111.249,5.189,0.059,0.233,3644,227,3390,3163,489,283,22,168,151,17,16,0,3166,102,31,0,0,0,0,5.000,0,0,0,0,0,0,0,0,0,0,0,0,0,0,0,0.000,0.000,0.000,,98,98,499,0,1,40.506,172.616,41.433,173.613,0.000,0.000,92,92,1889,119,30,0,352,546,131,1,nack-suppressed-fec-grace,pending,H.264,0,1,22,6,16,1,0,0,0,0,0,0,3856,12,0,0,0,0,0,40.497,20,22,17,14,17,0,61.894,18.375,45.433,3,0,62,3,65,0,16,3,0.476,0.524,0.954,1.000,0.158,38.000,0.429,0.571,0.000,duplicate-guard,123,1603,0,0,101,1571,352,4336,22,32,0,0,4335,predicted-useful,fec-grace,564,0.364,26,65,0,0,0,0,0,1,1,1,1,20,321,20,321,0,0,0,pacing,1,0.735,7.666,115.666,0,0,1,1,0,0,0,0,4,5,5,0,89,2,2,sent,20,33,0,2,7,5,0,0,6,11,4,5,2,6,116,1,stale-age,0,0,0,0,3,0,0,0,0,1,0,0,0,0,322,432,20,0,1,9500000,1200000,21,0,21,3895,3873,4714129,175,212091,88,107776,0,0,0,0,0,0.378,37.644,18986.562,4800.000,207,7003,3622,1654,3381,1727,0.313,7.291,1.142,207,4452306,7140044,0.737,81.086,0.494,15.708,7003,351,97,4333,76,268,7,27,27,45,6,11,2,1,5,0,0,0,0,0,0,0,0,0,0,21,0,1,0,4,677,546,546,0,0,0,0,0,,disabled,,0,0,0,0,,1,Fixed Quality,Hybrid,85,30,9500,12000,640,360,H.264,480,270,518400,26096,518400,26096,0.050,0.000,,0,0,0.000,1.844,0.000,0.000,0.078,6500,6250,6250,2,2,0,1,9500,0.896,1,15.534,0.000,0,0,0.000,0.000,0,0,0,0,0.000,1.000,0.000,1,0,0,fixed-pacing-queue-hold,22,0,0,14,34,14,17,3,26,26,0,3,large-au-observed,0,,0,0,17.343,21.976,0,,0.000,0.000,0.000,0.000,0,0,0,,5,0,0,6.331,0,132,0.078,0.000,0.000,0.077,0.000,0.053,0.006,1,1,1,1,0,1,1,0,0,0,0,0,1.000,0.000,0.000,24,0,0.000,0,0,0,0.000,0.000,0.000,0.000,0.000,0.000,0.000,1.757,10.337,0,0,0,0,0,0,0,0,0.000,0.000,0.000,0.000,0.000,0.000,0,0.413,21.425,92,98,499,41.441,173.703,66.289,173.703,3036.037,73,1,H.264,104.978,0,0,172.616,173.613,0.999,134.506,103.888,arrival-gap-jitter-spike,2172.887,0,1,1,1,1,5208.924,502.052,545.390,546.458,546.458,0,0,5,0,0,0,0,,,0.000,0.000,0,0,,0,0,0,0,0,0,0,0,0,0,,99.270,0.000,101.921,0.000,0.000,0.000,128.910,h264-decoder-buffering,0.001,129,0.000,108.124,5.742,0.080,0.786,0.563,0.000,0.223,1,0,0,1,3,0.059,21.449,21.425,5.189,22.347,1.000,RTT,0,1,0,0.667,3,2,2,1,0.060,0.000,0.060,0,100,0,3879,3651,198,0,230
6.209,Custom_loss6_delay0-100_dup0_reorder6_burst0,Loopback,1,1,0,,,0.000,0,21,156,17.810,17.807,17.830,98.585,100.068,41.896,93.910,44.121,0.064,0.226,4349,299,4075,3776,575,332,26,199,179,20,18,0,3779,123,36,0,0,0,0,5.000,0,0,0,0,0,0,0,0,0,0,0,0,0,0,0,0.000,0.000,0.000,,119,119,597,0,1,11.041,172.616,12.027,173.613,0.000,0.000,113,113,2250,143,35,0,416,647,157,1,fec-recovered,pending,H.264,0,1,23,19,4,3,3,1,2,8,0,0,4594,20,0,0,0,0,0,68.433,25,26,20,17,20,0,62.729,17.882,45.433,3,0,74,3,77,0,24,3,0.490,0.510,0.961,1.000,0.111,42.000,0.750,0.250,0.000,stable,156,1877,0,0,122,1829,416,4898,34,48,0,0,4896,predicted-useful,fec-grace,673,0.000,30,77,0,0,0,0,0,1,1,1,1,24,384,24,384,0,0,0,pacing,1,0.782,3.424,111.424,0,0,1,1,0,0,0,0,4,5,5,0,89,2,2,sent,23,43,0,2,10,5,0,0,6,11,4,5,2,6,156,4,stale-age,0,0,0,0,3,0,0,0,0,1,0,2,0,0,385,514,24,0,1,9500000,1200000,9,0,9,4658,4649,5670041,216,262679,113,138908,0,0,0,0,0,5.948,37.644,879.875,4800.000,246,8421,4346,1959,4075,2116,0.311,30.400,0.000,246,6406358,9991842,0.426,41.878,0.513,20.363,8421,416,118,4898,89,320,7,32,32,55,7,12,1,2,5,0,0,0,0,0,0,0,0,0,0,25,0,1,0,4,802,647,647,0,0,0,0,0,,disabled,,0,0,0,0,,1,Fixed Quality,Hybrid,85,30,9500,12000,640,360,H.264,480,270,518400,27136,518400,27136,0.052,0.000,,0,0,0.000,1.839,0.000,0.000,0.066,7250,6500,6500,3,3,0,1,9500,1.000,0,11.985,0.000,0,0,0.000,0.000,0,0,0,0,0.325,0.636,0.039,1,0,0,disabled,23,0,0,18,39,18,18,3,30,30,0,3,large-au-observed,0,,0,0,15.659,22.851,0,,0.000,0.000,0.000,0.000,0,0,0,,6,0,0,2.593,0,159,0.066,0.000,0.000,0.065,0.000,0.042,0.008,1,1,1,1,0,1,1,0,0,0,0,0,1.000,0.000,0.000,30,0,0.000,0,0,0,0.000,0.000,0.000,0.000,0.000,0.000,0.000,1.767,6.955,0,0,0,0,0,0,0,0,0.000,0.000,0.000,0.000,0.000,0.000,0,0.461,17.807,113,119,597,12.215,173.703,66.289,173.703,3036.037,73,1,H.264,104.978,0,0,172.616,173.613,0.999,134.506,103.888,arrival-gap-jitter-spike,3173.292,0,1,1,1,1,6209.329,502.052,545.390,546.458,546.458,0,0,5,0,0,0,0,,,0.000,0.000,0,0,,0,0,0,0,0,0,0,0,0,0,,104.788,0.000,107.608,0.000,0.000,0.000,134.292,h264-decoder-buffering,0.001,156,0.000,112.190,4.070,0.078,0.596,0.373,0.000,0.223,1,0,0,1,3,0.065,17.810,17.807,44.121,17.830,1.000,Jitter,0,1,0,1.000,1,1,1,1,0.060,0.000,0.060,0,100,0,4655,4354,248,0,278
7.212,Custom_loss6_delay0-100_dup0_reorder6_burst0,Loopback,1,1,0,,,0.000,0,21,184,21.252,21.281,21.620,94.044,100.547,49.588,85.046,15.728,0.061,0.226,5137,334,4795,4461,675,395,33,227,205,22,20,0,4464,144,42,0,0,0,0,5.000,0,0,0,0,0,0,0,0,0,0,0,0,0,0,0,0.000,0.000,0.000,,140,140,693,0,1,61.717,172.616,62.783,173.613,0.000,0.000,134,134,2660,166,41,0,483,758,186,1,fec-recovered,pending,H.264,1,1,24,20,4,5,5,3,11,38,0,0,5396,7,0,0,0,0,0,86.618,28,33,22,19,22,0,63.119,18.307,45.433,3,0,86,6,92,0,27,3,0.459,0.541,0.935,1.000,0.100,44.000,0.000,1.000,0.000,insufficient-sample,202,2203,0,0,145,2117,483,5484,57,86,0,0,5482,predicted-useful,likely-arrival,787,0.625,37,92,0,0,0,0,0,1,1,1,1,31,498,31,498,0,0,0,pacing,1,0.767,5.573,113.573,0,0,1,1,0,0,0,0,4,5,5,0,89,2,2,sent,24,47,0,2,11,5,0,0,6,11,4,5,2,6,171,4,stale-age,0,0,0,0,3,0,0,0,0,1,0,4,0,0,499,598,28,0,1,9500000,1200000,0,0,0,5475,5475,6683185,261,318085,140,171914,0,0,0,0,0,18.419,37.644,1795.125,3872.850,288,9906,5126,2266,4780,2514,0.307,25.890,2.978,288,4462216,8138623,1.466,35.041,0.467,13.001,9906,483,139,5484,103,373,7,38,38,65,7,12,1,2,5,0,0,0,0,0,0,0,0,0,0,31,0,1,0,4,949,758,758,0,0,0,0,0,,disabled,,0,0,0,0,,1,Fixed Quality,Hybrid,85,30,9500,12000,640,360,H.264,480,270,518400,28178,518400,28178,0.054,0.000,,0,0,0.000,2.098,0.000,0.000,0.071,7250,6750,6750,4,4,0,1,9500,1.000,0,18.419,0.000,0,0,0.000,0.000,0,0,0,0,0.304,0.630,0.065,1,0,0,disabled,24,0,0,21,47,21,21,5,35,35,0,3,large-au-observed,0,,0,0,14.219,23.729,0,,0.000,0.000,0.000,0.000,0,0,0,,7,0,0,3.319,0,188,0.070,0.000,0.000,0.070,0.000,0.047,0.007,1,1,1,1,0,1,1,0,0,0,0,0,1.000,0.000,0.000,30,0,0.000,0,0,0,0.000,0.000,0.000,0.000,0.000,0.000,0.000,2.018,7.433,0,0,0,0,0,0,0,0,0.000,0.000,0.000,0.000,0.000,0.000,0,0.416,21.280,134,140,693,62.799,173.703,66.289,173.703,3036.037,73,1,H.264,104.978,0,0,172.616,173.613,0.999,134.506,103.888,arrival-gap-jitter-spike,4176.055,0,1,1,1,1,7212.092,502.052,545.390,546.458,546.458,0,0,5,0,0,0,0,,,0.000,0.000,0,0,,0,0,0,0,0,0,0,0,0,0,,102.354,0.000,105.553,0.000,0.000,0.000,127.022,h264-decoder-buffering,0.001,184,0.000,111.668,5.656,0.088,0.243,0.001,0.000,0.243,1,0,0,1,3,0.061,21.252,21.281,15.728,21.620,1.000,RecoveryDeadline,0,1,0,1.000,3,3,3,1,0.060,0.000,0.060,0,100,0,5482,5143,292,0,319
8.216,Custom_loss6_delay0-100_dup0_reorder6_burst0,Loopback,1,1,0,,,0.000,0,21,209,20.555,20.550,20.798,105.671,100.613,93.825,86.509,15.879,0.060,0.235,5883,373,5483,5110,772,457,39,254,230,24,22,0,5113,163,50,0,0,0,0,5.000,0,0,0,0,0,0,0,0,0,0,0,0,0,0,0,0.000,0.000,0.000,,159,159,790,0,1,31.461,172.616,32.770,173.613,0.000,0.000,153,152,3034,187,49,0,546,866,212,1,expired-no-slack,expired,H.264,0,1,24,20,4,5,3,3,5,25,0,0,6202,21,0,0,0,0,0,127.780,32,39,24,21,24,0,63.525,18.034,45.433,3,0,98,5,103,0,31,3,0.451,0.549,0.951,1.000,0.088,44.000,0.000,1.000,0.000,insufficient-sample,240,2525,0,0,168,2411,546,6038,71,107,1,7,6039,predicted-useful,too-late,893,0.500,42,103,0,0,0,0,0,1,1,1,1,36,586,36,586,0,0,0,pacing,1,0.794,11.210,119.210,0,0,1,1,0,0,0,0,4,5,5,0,89,2,2,sent,24,47,0,2,11,5,0,0,6,11,4,5,2,6,171,4,stale-age,0,0,0,0,3,0,0,0,0,1,0,4,0,0,587,680,32,0,1,9500000,1200000,2,0,2,6266,6264,7649751,302,368515,167,204920,0,0,0,0,0,9.365,37.644,1245.250,4665.000,330,11345,5875,2562,5470,2908,0.304,25.298,0.159,330,3846247,8160856,1.024,36.880,0.452,13.883,11345,546,158,6038,112,427,7,46,46,83,7,12,1,2,5,0,0,0,0,0,0,0,0,0,0,39,0,1,0,4,1076,866,866,0,0,0,0,0,,disabled,,0,0,0,0,,1,Fixed Quality,Hybrid,85,30,9500,12000,640,360,H.264,480,270,518400,28178,518400,28178,0.054,0.000,,0,0,0.000,2.281,0.000,0.000,0.084,7250,6750,6750,4,4,0,1,9500,1.000,0,9.706,0.000,0,0,0.000,0.000,0,0,0,0,0.311,0.641,0.049,1,0,0,disabled,24,1,1,23,52,23,24,5,39,39,2,3,decoder-sync-observed,0,,0,0,0.019,23.729,0,,0.000,0.000,0.000,0.000,0,0,0,,8,0,0,5.294,0,215,0.084,0.000,0.000,0.083,0.000,0.056,0.009,1,1,1,1,0,1,1,0,0,0,1,0,0.860,33.329,0.000,26,0,0.000,0,0,0,0.000,0.000,0.000,0.000,0.000,0.000,0.000,2.187,9.647,0,0,0,0,0,0,0,0,0.000,0.000,0.000,0.000,0.000,0.000,0,0.510,20.550,153,159,790,32.949,173.703,66.289,173.703,3036.037,73,1,H.264,104.978,0,0,172.616,173.613,0.999,134.506,103.888,arrival-gap-jitter-spike,5180.682,0,1,1,1,1,8216.719,502.052,545.390,546.458,546.458,0,0,6,0,0,1,1,latency-pressure freshness,latency-over-80ms,124.776,124.776,190,1,decoded,0,0,0,0,0,0,0,0,0,0,,105.685,0.000,108.888,0.000,0.000,0.000,132.835,stale-before-upload,0.001,209,0.000,114.181,4.872,0.103,0.332,0.001,0.000,0.331,1,0,0,1,3,0.060,20.555,20.550,15.879,20.798,1.000,RecoveryDeadline,0,1,0,0.000,0,1,1,1,0.060,0.000,0.060,0,100,0,6272,5894,342,0,352
9.219,Custom_loss6_delay0-100_dup0_reorder6_burst0,Loopback,1,1,0,,,0.000,0,21,239,17.449,17.451,17.440,94.337,100.691,56.063,82.160,40.769,0.062,0.243,6647,436,6215,5779,877,517,40,289,258,31,31,0,5782,181,58,0,0,0,0,5.000,0,0,0,0,0,0,0,0,0,0,0,0,0,0,0,0.000,0.000,0.000,,177,177,889,0,1,99.948,172.616,101.020,173.613,0.000,0.000,171,170,3439,212,57,0,615,984,241,1,fec-parity,pending,H.264,1,1,24,7,17,3,0,2,1,35,0,0,7051,14,0,0,0,0,0,52.498,35,40,31,28,31,0,66.186,18.310,45.433,3,0,109,6,115,0,37,4,0.467,0.533,0.948,1.000,0.098,37.000,0.143,0.857,0.250,retransmit-late,280,2853,0,0,191,2714,615,6703,88,132,1,7,6703,predicted-useful,likely-arrival,1004,0.708,48,115,0,0,0,0,0,1,1,1,1,42,691,42,691,0,0,0,pacing,1,0.809,11.783,119.783,0,0,1,1,0,0,0,0,4,5,5,0,89,2,2,sent,25,51,0,2,12,5,0,0,6,11,4,5,2,6,215,4,stale-age,0,0,0,0,3,0,0,0,0,1,0,4,0,0,692,767,36,0,1,9500000,1200000,0,0,0,7088,7088,8659313,344,420187,193,237304,0,0,0,0,0,17.697,37.644,8668.375,4800.000,374,12849,6640,2939,6209,3270,0.307,4.106,1.330,374,4587013,7533459,1.246,21.952,0.482,10.611,12849,615,176,6703,124,484,7,54,54,97,7,12,1,2,5,0,0,0,0,0,0,0,0,0,0,47,0,1,0,4,1217,984,984,0,0,0,0,0,,disabled,,0,0,0,0,,1,Fixed Quality,Hybrid,85,30,9500,12000,640,360,H.264,480,270,518400,28176,518400,28176,0.054,0.000,,0,0,0.000,2.040,0.000,0.000,0.086,7250,6750,6750,4,4,0,1,9500,1.000,0,17.697,0.000,0,0,0.000,0.000,0,0,0,0,0.304,0.643,0.052,1,0,0,disabled,24,1,1,25,57,25,26,6,43,43,2,3,decoder-sync-observed,0,,0,0,17.552,23.727,0,,0.000,0.000,0.000,0.000,0,0,0,,9,0,0,10.844,0,242,0.086,0.000,0.000,0.086,0.000,0.059,0.009,1,1,1,1,0,1,1,0,0,0,1,0,0.860,179.995,0.000,26,0,0.000,0,0,0,0.000,0.000,0.000,0.000,0.000,0.000,0.000,1.945,20.151,0,0,0,0,0,0,0,0,0.000,0.000,0.000,0.000,0.000,0.000,0,0.363,17.451,171,177,889,101.033,173.703,66.289,173.703,3036.037,73,1,H.264,104.978,0,0,172.616,173.613,0.999,134.506,103.888,arrival-gap-jitter-spike,6182.749,0,1,1,1,1,9218.786,502.052,545.390,546.458,546.458,0,0,6,0,0,1,0,,,124.776,124.776,190,1,decoded,0,0,0,0,0,0,0,0,0,0,,101.270,0.000,104.198,0.000,0.000,0.000,132.168,stale-before-upload,0.001,239,0.000,109.420,4.852,0.089,0.315,0.002,0.000,0.312,1,0,0,1,3,0.062,17.449,17.451,40.769,17.440,1.000,RecoveryDeadline,0,1,0,0.500,2,1,1,1,0.060,0.000,0.060,0,100,0,7097,6656,395,0,407
10.221,Custom_loss6_delay0-100_dup0_reorder6_burst0,Loopback,1,1,0,,,0.000,0,21,265,24.701,24.642,24.739,109.035,100.896,100.764,84.485,57.031,0.062,0.242,7382,485,6890,6405,970,576,42,316,283,33,36,0,6408,201,64,0,0,0,0,5.000,0,0,0,0,0,0,0,0,0,0,0,0,0,0,0,0.000,0.000,0.000,,197,197,986,0,1,96.487,172.616,97.515,173.613,0.000,0.000,191,190,3808,234,63,0,680,1097,266,1,expired-no-slack,expired,H.264,0,1,24,21,3,4,2,3,11,31,0,0,7787,23,0,0,0,0,0,120.104,36,42,33,30,33,0,66.696,18.847,45.433,3,0,114,10,124,0,39,4,0.462,0.538,0.919,1.000,0.093,34.000,0.000,1.000,0.000,insufficient-sample,311,3199,0,0,213,3046,680,7383,97,146,1,7,7383,predicted-useful,fec-grace,1110,0.125,51,124,0,0,0,0,0,1,1,1,1,45,739,45,739,0,0,0,pacing,1,0.785,11.552,119.552,0,0,1,1,0,0,0,0,4,5,5,0,89,2,2,sent,27,58,0,2,14,5,0,0,6,11,4,5,2,6,256,3,stale-age,0,0,0,0,3,0,0,0,0,1,0,4,0,0,740,847,40,0,1,9500000,1200000,4,0,4,7877,7873,9620887,383,468129,218,267822,0,0,0,0,0,7.116,37.644,819.688,2722.500,414,14243,7377,3216,6866,3650,0.304,24.599,8.963,414,5065856,8382028,3.072,26.502,0.440,14.710,14243,680,196,7383,135,538,7,60,60,111,8,15,3,2,6,0,0,0,0,0,0,0,0,0,0,52,0,1,0,4,1346,1097,1097,0,0,0,0,0,,disabled,,0,0,0,0,,1,Fixed Quality,Hybrid,85,30,9500,12000,640,360,H.264,480,270,518400,28178,518400,28178,0.054,0.000,,0,0,0.000,2.548,0.000,0.000,0.206,7250,6750,6750,4,4,0,1,9500,1.000,0,7.116,0.000,0,0,0.000,0.000,0,0,0,0,0.290,0.629,0.081,1,0,0,disabled,24,1,1,28,62,28,28,6,47,47,2,3,decoder-sync-observed,0,,0,0,0.018,23.729,0,,0.000,0.000,0.000,0.000,0,0,0,,10,0,0,5.094,0,269,0.205,0.000,0.000,0.204,0.000,0.123,0.029,1,1,1,1,0,1,1,0,0,0,0,0,1.000,0.000,0.000,30,0,0.000,0,0,0,0.000,0.000,0.000,0.000,0.000,0.000,0.000,2.318,10.062,0,0,0,0,0,0,0,0,0.000,0.000,0.000,0.000,0.000,0.000,0,0.395,24.642,191,197,986,97.654,173.703,66.289,173.703,3036.037,73,1,H.264,104.978,0,0,172.616,173.613,0.999,134.506,103.888,arrival-gap-jitter-spike,7185.213,0,1,1,1,1,10221.250,502.052,545.390,546.458,546.458,0,0,6,0,0,1,0,,,124.776,124.776,190,1,decoded,0,0,0,0,0,0,0,0,0,0,,103.137,0.000,106.628,0.000,0.000,0.000,139.517,stale-before-upload,0.001,265,0.000,112.161,5.130,0.091,0.288,0.001,0.000,0.287,1,0,0,1,3,0.062,24.701,24.642,57.031,24.739,2.000,RecoveryDeadline,0,1,0,0.000,2,2,2,1,0.060,0.000,0.060,0,100,0,7883,7394,441,0,451
11.226,Custom_loss6_delay0-100_dup0_reorder6_burst0,Loopback,1,1,0,,,0.000,0,21,294,20.649,20.630,20.559,98.892,101.422,62.262,82.016,12.580,0.063,0.239,8180,547,7655,7108,1074,631,50,351,316,35,42,0,7111,223,70,0,0,0,0,5.000,0,0,0,0,0,0,0,0,0,0,0,0,0,0,0,0.000,0.000,0.000,,219,219,1086,0,1,34.698,172.616,35.848,173.613,0.000,0.000,213,212,4222,258,69,0,760,1214,296,1,nack-sent,pending,H.264,1,1,24,5,19,2,0,2,2,40,0,1,8708,0,8708,0,0,0,0,43.390,40,50,35,32,35,0,66.874,18.567,45.433,3,0,128,9,137,0,43,5,0.444,0.556,0.934,1.000,0.104,32.000,0.143,0.857,0.000,duplicate-guard,344,3542,0,0,237,3375,760,8226,106,160,1,7,8226,predicted-useful,fec-grace,1235,0.792,56,137,0,0,0,0,0,1,1,1,1,50,826,50,826,0,0,0,pacing,1,0.841,12.534,120.534,0,0,1,1,0,0,0,0,4,5,5,0,89,2,2,sent,27,58,0,2,14,5,0,0,6,11,4,5,2,6,256,3,stale-age,0,0,0,0,3,0,0,0,0,1,0,4,0,0,827,942,44,0,1,9500000,1200000,10,0,10,8730,8720,10659079,426,521045,243,298970,0,0,0,0,0,1.115,37.644,61.062,4272.300,458,15792,8161,3604,7631,4027,0.306,11.133,3.329,458,4963092,8926003,2.682,13.501,0.494,16.909,15792,760,218,8226,148,605,7,66,66,122,10,18,1,3,7,0,0,0,0,0,0,0,0,0,0,56,0,1,0,4,1488,1214,1214,0,0,0,0,0,,disabled,,0,0,0,0,,1,Fixed Quality,Hybrid,85,30,9500,12000,640,360,H.264,480,270,518400,28176,518400,28176,0.054,0.000,,0,0,0.000,2.312,0.000,0.000,0.072,7250,6750,6750,4,4,0,1,9500,1.000,0,11.519,0.000,0,0,0.000,0.000,0,0,0,0,0.292,0.642,0.066,1,0,0,disabled,24,1,1,32,68,32,30,6,51,51,2,3,decoder-sync-observed,0,,0,0,0.157,23.727,0,,0.000,0.000,0.000,0.000,0,0,0,,11,0,0,4.835,0,297,0.072,0.000,0.000,0.072,0.000,0.047,0.009,1,1,1,1,0,1,1,0,0,0,0,0,1.000,0.000,0.000,30,0,0.000,0,0,0,0.000,0.000,0.000,0.000,0.000,0.000,0.000,2.206,10.105,0,0,0,0,0,0,0,0,0.000,0.000,0.000,0.000,0.000,0.000,0,0.433,20.630,213,219,1086,35.860,173.703,66.289,173.703,3036.037,73,1,H.264,104.978,0,0,172.616,173.613,0.999,134.506,103.888,arrival-gap-jitter-spike,8189.915,0,1,1,1,1,11225.952,502.052,545.390,546.458,546.458,0,0,6,0,0,1,0,,,124.776,124.776,190,1,decoded,0,0,0,0,0,0,0,0,0,0,,109.207,0.000,112.500,0.000,0.000,0.000,129.446,stale-before-upload,0.001,294,0.000,118.735,5.795,0.101,0.338,0.001,0.000,0.337,1,0,0,1,3,0.063,20.649,20.630,12.580,20.559,1.000,RecoveryDeadline,0,1,0,0.500,2,1,1,1,0.060,0.000,0.060,0,100,0,8731,8191,493,0,492
12.228,Custom_loss6_delay0-100_dup0_reorder6_burst0,Loopback,1,1,0,,,0.000,0,21,320,22.110,22.137,22.042,105.493,101.610,90.698,82.884,25.886,0.060,0.237,8948,571,8364,7793,1174,684,55,389,350,39,46,0,7796,244,76,0,0,0,0,5.000,0,0,0,0,0,0,0,0,0,0,0,0,0,0,0,0.000,0.000,0.000,,239,239,1181,0,1,71.063,172.616,72.668,173.613,0.000,0.000,233,232,4616,283,74,0,829,1331,323,1,nack-sent,pending,H.264,0,1,24,18,6,2,1,2,13,26,0,0,9484,10,0,0,0,0,0,77.575,43,55,39,36,39,0,68.151,19.872,85.531,3,0,140,9,149,0,50,5,0.439,0.561,0.940,1.000,0.091,40.000,0.000,1.000,0.000,duplicate-guard,374,3847,0,0,258,3670,829,8958,115,170,1,7,8958,predicted-useful,fec-grace,1352,0.083,60,149,0,0,0,0,0,1,1,1,1,54,901,54,901,0,0,0,pacing,1,0.893,10.571,118.571,0,0,1,1,0,0,0,0,4,5,5,0,89,2,2,sent,27,58,0,2,14,5,0,0,6,11,4,5,2,6,256,3,stale-age,0,0,0,0,3,0,0,0,0,1,0,4,0,0,902,1034,48,1,1,9500000,1200000,3,0,3,9522,9519,11637501,468,572719,273,335716,0,0,0,0,0,8.284,37.644,789.625,4800.000,500,17308,8944,3904,8364,4460,0.304,4.947,1.833,500,4819600,8137922,1.626,16.488,0.445,11.068,17308,828,239,8952,164,657,7,71,71,129,11,20,2,3,8,0,0,0,0,0,0,0,0,0,0,60,0,1,0,4,1628,1331,1331,0,0,0,0,0,,disabled,,0,0,0,0,,1,Fixed Quality,Hybrid,85,30,9500,12000,640,360,H.264,480,270,518400,28178,518400,28178,0.054,0.000,,0,0,0.000,2.037,0.000,0.000,0.076,7250,6750,6750,4,4,0,1,9500,1.000,0,12.149,0.000,0,0,0.000,0.000,0,0,0,0,0.289,0.651,0.060,1,0,0,disabled,24,1,1,35,77,35,33,9,56,56,1,3,decoder-sync-observed,0,,0,0,17.639,23.729,0,,0.000,0.000,0.000,0.000,0,0,0,,12,0,0,6.188,0,325,0.076,0.000,0.000,0.075,0.000,0.050,0.009,1,1,1,1,0,1,1,0,0,0,0,0,1.000,0.000,0.000,30,0,0.000,0,0,0,0.000,0.000,0.000,0.000,0.000,0.000,0.000,1.926,10.325,0,0,0,0,0,0,0,0,0.000,0.000,0.000,0.000,0.000,0.000,0,0.379,22.137,233,239,1181,72.132,173.703,66.289,173.703,3036.037,73,1,H.264,104.978,0,0,172.616,173.613,0.999,134.506,103.888,arrival-gap-jitter-spike,9192.369,0,1,1,1,1,12228.406,502.052,545.390,546.458,546.458,0,0,6,0,0,1,0,,,124.776,124.776,190,1,decoded,0,0,0,0,0,0,0,0,0,0,,99.470,0.000,102.457,0.000,0.000,0.000,132.746,stale-before-upload,0.001,320,0.000,107.461,4.616,0.085,0.316,0.001,0.000,0.315,1,0,0,1,3,0.060,22.110,22.137,25.886,22.042,0.750,Loss,0,1,0,0.000,1,2,2,1,0.060,0.000,0.060,0,100,0,9531,8963,537,0,547
13.228,Custom_loss6_delay0-100_dup0_reorder6_burst0,Loopback,1,1,0,,,0.000,0,21,350,16.611,16.621,16.737,117.104,101.799,30.433,78.116,35.460,0.061,0.251,9715,635,9100,8465,1258,740,61,407,363,44,50,0,8468,260,87,0,0,0,0,5.000,0,0,0,0,0,0,0,0,0,0,0,0,0,0,0,0.000,0.000,0.000,,255,255,1278,0,1,94.454,172.616,95.661,173.613,0.000,0.000,249,248,5005,304,85,0,899,1429,351,1,nack-deferred-likely-arrival,pending,H.264,0,1,24,23,1,4,3,1,5,8,0,0,10278,6,0,0,0,0,0,69.060,49,61,44,41,44,0,66.784,21.464,85.531,3,0,157,9,166,0,55,6,0.445,0.555,0.946,1.000,0.098,38.000,0.300,0.700,0.000,duplicate-guard,412,4191,0,0,279,3986,899,9701,132,198,1,7,9701,deferred-likely-arrival,likely-arrival,1463,0.583,67,166,0,0,0,0,0,1,1,1,1,61,1026,61,1026,0,0,0,pacing,1,0.855,11.290,119.290,0,0,1,1,0,0,0,0,4,5,5,0,89,2,2,sent,27,58,0,2,14,5,0,0,6,11,4,5,2,6,256,3,stale-age,0,0,0,0,3,0,0,0,0,1,0,4,0,0,1027,1122,51,0,1,9500000,1200000,0,0,0,10349,10349,12654535,515,630613,299,368108,0,0,0,0,0,18.094,37.644,652.750,4800.000,542,18806,9706,4247,9100,4853,0.304,30.014,0.141,542,6443406,9978772,0.689,1.137,0.498,19.693,18806,899,255,9701,182,710,7,82,82,149,14,24,2,5,9,0,0,0,0,0,0,0,0,0,0,68,0,1,0,4,1767,1429,1429,0,0,0,0,0,,disabled,,0,0,0,0,,1,Fixed Quality,Hybrid,85,30,9500,12000,640,360,H.264,480,270,518400,28178,518400,28178,0.054,0.000,,0,0,0.000,2.184,0.000,0.000,0.079,7250,6750,6750,4,4,0,1,9500,1.000,0,18.094,0.000,0,0,0.000,0.000,0,0,0,0,0.295,0.651,0.054,1,0,0,disabled,24,1,1,39,87,39,39,9,62,62,1,3,decoder-sync-observed,0,,0,0,21.353,23.729,0,,0.000,0.000,0.000,0.000,0,0,0,,13,0,0,4.164,0,353,0.079,0.000,0.000,0.079,0.000,0.054,0.010,1,1,1,1,0,1,1,0,0,0,1,0,0.860,117.992,0.000,26,0,0.000,0,0,0,0.000,0.000,0.000,0.000,0.000,0.000,0.000,2.058,30.954,0,0,0,0,0,0,0,0,0.000,0.000,0.000,0.000,0.000,0.000,0,0.390,16.621,249,255,1278,95.658,173.703,66.289,173.703,3036.037,73,1,H.264,104.978,0,0,172.616,173.613,0.999,134.506,103.888,arrival-gap-jitter-spike,10192.602,0,1,1,1,1,13228.639,502.052,545.390,546.458,546.458,0,0,6,0,0,1,0,,,124.776,124.776,190,1,decoded,0,0,0,0,0,0,0,0,0,0,,102.846,0.000,106.560,0.000,0.000,0.000,143.552,stale-before-upload,0.001,350,0.000,112.099,5.129,0.109,0.300,0.001,0.000,0.300,1,0,0,1,3,0.061,16.611,16.621,35.460,16.737,1.000,Jitter,0,1,0,1.000,0,1,1,1,0.060,0.000,0.060,0,100,0,10362,9730,592,0,590
14.229,Custom_loss6_delay0-100_dup0_reorder6_burst0,Loopback,1,1,0,,,0.000,0,21,376,20.342,17.272,17.275,106.632,101.862,144.491,83.647,4.308,0.061,0.254,10402,681,9762,9081,1363,796,75,437,387,50,55,0,9084,279,95,0,0,0,0,5.000,0,0,0,0,0,0,0,0,0,0,0,0,0,0,0,0.000,0.000,0.000,,273,273,1375,0,1,43.138,195.633,44.852,196.586,0.000,0.000,266,265,5373,329,93,0,969,1526,379,1,nack-sent,pending,H.264,0,1,22,12,10,1,0,1,0,10,0,0,11057,0,0,0,0,0,0,46.954,55,75,50,45,50,0,64.131,21.571,85.531,4,0,184,10,194,0,64,8,0.423,0.577,0.948,1.000,0.111,36.000,0.273,0.727,0.000,duplicate-guard,438,4432,0,0,296,4211,969,10390,140,208,2,13,10394,predicted-useful,fec-grace,1574,0.364,78,194,0,0,0,0,0,2,2,2,2,71,1183,71,1183,0,0,0,pacing,1,0.817,8.580,116.580,0,0,2,2,0,0,0,0,5,7,7,0,361,2,2,sent,32,72,0,2,18,5,0,0,7,13,5,7,2,6,366,4,stale-age,0,0,0,0,5,0,0,0,0,1,0,5,0,0,1185,1202,55,0,1,9500000,1200000,0,0,0,11071,11071,13542841,571,700021,322,396760,0,0,0,0,0,12.389,37.644,4427.438,4800.000,581,20161,10399,4552,9762,5210,0.304,4.276,2.369,581,4291536,7167618,2.328,23.721,0.461,11.401,20161,967,273,10373,208,752,7,89,89,167,16,27,2,6,10,0,0,0,0,0,0,0,0,0,0,73,0,1,0,4,1890,1526,1526,0,0,0,0,0,,disabled,,0,0,0,0,,1,Fixed Quality,Hybrid,85,30,9500,12000,640,360,H.264,480,270,518400,0,518400,26096,0.050,0.000,,0,0,0.000,1.710,0.000,0.000,0.071,6000,6250,6250,5,5,0,1,9500,0.820,1,12.389,0.000,0,0,0.000,0.000,0,0,0,0,0.284,0.665,0.052,1,0,0,latency-pressure-freshness-hold,0,0,0,43,96,43,42,11,70,70,0,4,async-output-pending,0,,0,0,0.000,0.000,0,,0.000,0.000,0.000,0.000,0,0,0,,14,0,0,5.792,0,380,0.071,0.000,0.000,0.071,0.000,0.049,0.007,1,1,1,1,0,1,1,0,1,0,0,0,1.000,0.000,0.000,27,0,0.000,0,0,0,0.000,0.000,0.000,0.000,0.000,0.000,0.000,0.000,10.133,0,0,0,0,0,0,0,0,0.000,0.000,0.000,0.000,0.000,0.000,0,0.405,17.271,266,273,1375,44.139,196.648,66.289,196.648,14094.172,374,1,H.264,100.203,0,0,195.633,196.586,1.000,138.506,99.178,arrival-gap-jitter-spike,134.753,0,1,1,1,1,14228.925,502.052,545.390,546.458,546.458,0,0,7,0,0,2,1,latency-pressure freshness,latency-over-80ms,176.660,176.660,355,1,H.264,0,0,0,0,0,0,0,0,0,0,,101.087,0.000,103.305,0.000,0.000,0.000,133.316,stale-before-decode,0.001,376,0.000,109.387,5.652,0.096,0.248,0.001,0.000,0.248,1,0,0,1,3,0.061,20.342,17.272,4.308,17.275,1.000,RecoveryDeadline,1,1,0,0.000,1,1,1,1,0.060,0.000,0.060,0,100,0,11085,10419,645,0,628
15.238,Custom_loss6_delay0-100_dup0_reorder6_burst0,Loopback,1,1,0,,,0.000,0,21,403,16.488,16.481,16.595,89.501,101.834,34.686,79.881,5.188,0.062,0.254,11077,731,10390,9659,1452,842,81,472,420,52,57,0,9662,299,102,0,0,0,0,5.000,0,0,0,0,0,0,0,0,0,0,0,0,0,0,0,0.000,0.000,0.000,,292,292,1469,0,1,54.200,195.633,55.464,196.586,0.000,0.000,285,284,5742,351,99,0,1028,1633,405,1,fec-parity,pending,H.264,0,1,23,8,15,4,0,0,0,0,0,0,11785,7,0,0,0,0,0,40.134,58,81,52,47,52,0,63.839,21.733,85.531,4,0,195,11,206,0,65,9,0.417,0.583,0.947,1.000,0.122,34.000,0.200,0.800,1.000,retransmit-late,470,4705,0,0,316,4470,1028,10966,152,222,2,13,10970,predicted-useful,fec-grace,1675,0.304,82,206,0,0,0,0,0,2,2,2,2,75,1243,75,1243,0,0,0,pacing,1,0.803,8.963,116.963,0,0,2,2,0,0,0,0,5,7,7,0,361,2,2,sent,35,82,0,2,21,5,0,0,7,13,5,7,2,6,396,4,stale-age,0,0,0,0,5,0,0,0,0,1,0,5,0,0,1245,1278,59,1,1,9500000,1200000,5,0,5,11821,11816,14461577,611,749525,346,426664,0,0,0,0,0,7.121,37.644,577.875,4800.000,617,21446,11062,4852,10384,5532,0.305,1.284,1.066,617,4848706,7701673,1.623,-2.984,0.483,8.153,21446,1028,293,10966,223,798,7,95,95,179,18,32,2,6,12,0,0,0,0,0,0,0,0,0,0,77,0,1,0,4,2024,1633,1633,0,0,0,0,0,,disabled,,0,0,0,0,,1,Fixed Quality,Hybrid,85,30,9500,12000,640,360,H.264,480,270,518400,27136,518400,27136,0.052,0.000,,0,0,0.000,2.791,0.000,0.000,0.116,7250,6500,6500,6,6,0,1,9500,1.000,0,7.121,0.000,0,0,0.000,0.000,0,0,0,0,0.282,0.665,0.053,1,0,0,disabled,23,0,0,46,102,46,45,11,75,75,0,4,large-au-observed,0,,0,0,10.520,22.851,0,,0.000,0.000,0.000,0.000,0,0,0,,15,0,0,8.601,0,406,0.115,0.000,0.000,0.115,0.000,0.083,0.011,1,1,1,1,0,1,1,0,0,0,0,0,1.000,0.000,0.000,30,0,0.000,0,0,0,0.000,0.000,0.000,0.000,0.000,0.000,0.000,2.662,13.767,0,0,0,0,0,0,0,0,0.000,0.000,0.000,0.000,0.000,0.000,0,0.415,16.481,285,292,1469,55.515,196.648,66.289,196.648,14094.172,374,1,H.264,100.203,0,0,195.633,196.586,1.000,138.506,99.178,arrival-gap-jitter-spike,1144.064,0,1,1,1,1,15238.236,502.052,545.390,546.458,546.458,0,0,7,0,0,2,0,,,176.660,176.660,355,1,H.264,0,0,0,0,0,0,0,0,0,0,,101.737,0.000,104.770,0.000,0.000,0.000,124.751,stale-before-decode,0.001,403,0.000,110.931,5.738,0.097,0.414,0.001,0.000,0.413,1,0,0,1,3,0.062,16.488,16.481,5.188,16.595,1.000,RecoveryDeadline,1,1,0,0.333,3,1,1,1,0.060,0.000,0.060,0,100,0,11831,11095,693,0,665
16.245,Custom_loss6_delay0-100_dup0_reorder6_burst0,Loopback,1,1,0,,,0.000,0,21,432,28.610,28.569,28.679,97.486,102.047,35.596,76.718,4.649,0.062,0.248,11888,786,11160,10374,1569,916,91,502,447,55,60,0,10377,324,107,0,0,0,0,5.000,0,0,0,0,0,0,0,0,0,0,0,0,0,0,0,0.000,0.000,0.000,,316,316,1564,0,1,28.895,195.633,30.304,196.586,0.000,0.000,309,307,6167,379,103,0,1102,1755,433,1,nack-suppressed-fec-grace,pending,H.264,0,1,24,8,16,3,0,0,0,0,0,0,12642,23,0,0,0,0,0,37.465,65,91,55,50,55,0,63.563,22.136,85.531,4,0,215,11,226,0,70,11,0.417,0.583,0.951,1.000,0.136,32.000,0.429,0.571,0.000,duplicate-guard,501,5041,0,0,338,4793,1102,11797,161,235,2,13,11801,predicted-useful,fec-grace,1798,0.667,90,226,0,0,0,0,0,2,2,2,2,83,1378,83,1378,0,0,0,pacing,1,0.856,6.526,114.526,0,0,2,2,0,0,0,0,5,7,7,0,361,2,2,sent,39,96,0,3,24,5,0,0,7,13,5,7,2,6,423,4,stale-age,0,0,0,0,6,0,0,0,0,1,0,7,0,0,1380,1366,63,0,1,9500000,1200000,0,0,0,12663,12663,15502317,660,810065,371,457348,0,0,0,0,0,24.879,37.644,12381.688,4800.000,662,23031,11878,5278,11153,5875,0.308,21.079,1.461,662,7261449,11797653,1.022,0.910,0.476,9.173,23031,1102,318,11797,241,854,7,99,99,187,20,35,1,7,13,0,0,0,0,0,0,0,0,0,0,79,0,1,0,4,2173,1755,1755,0,0,0,0,0,,disabled,,0,0,0,0,,1,Fixed Quality,Hybrid,85,30,9500,12000,640,360,H.264,480,270,518400,0,518400,28176,0.054,0.000,,0,0,0.000,2.609,0.000,0.000,0.081,7250,6750,6750,7,7,0,1,9500,1.000,0,24.879,0.000,0,0,0.000,0.000,0,0,0,0,0.288,0.664,0.049,1,0,0,disabled,0,0,0,51,111,51,46,14,81,81,0,4,async-output-pending,0,,0,0,0.000,0.000,0,,0.000,0.000,0.000,0.000,0,0,0,,16,0,0,4.596,0,435,0.080,0.000,0.000,0.080,0.000,0.054,0.009,1,1,1,1,0,1,1,0,1,0,0,0,1.000,0.000,0.000,30,0,0.000,0,0,0,0.000,0.000,0.000,0.000,0.000,0.000,0.000,0.000,10.041,0,0,0,0,0,0,0,0,0.000,0.000,0.000,0.000,0.000,0.000,0,0.596,28.569,309,316,1564,30.178,196.648,66.289,196.648,14094.172,374,1,H.264,100.203,0,0,195.633,196.586,1.000,138.506,99.178,arrival-gap-jitter-spike,2151.521,0,1,1,1,1,16245.693,502.052,545.390,546.458,546.458,0,0,7,0,0,2,0,,,176.660,176.660,355,1,H.264,0,0,0,0,0,0,0,0,0,0,,105.710,0.000,109.639,6.083,0.000,109.091,128.743,stale-before-decode,0.001,431,0.000,118.342,6.280,0.117,0.355,0.001,0.000,0.354,1,0,0,1,3,0.062,28.610,28.569,4.649,28.679,1.000,Loss,0,1,0,0.500,2,1,1,1,0.060,0.000,0.060,0,100,0,12679,11909,736,0,701
17.252,Custom_loss6_delay0-100_dup0_reorder6_burst0,Loopback,1,1,0,,,0.000,0,21,459,19.805,17.829,17.859,103.839,102.310,61.040,75.673,8.276,0.061,0.253,12683,825,11884,11059,1669,979,98,525,466,59,67,0,11062,342,116,0,0,0,0,5.000,0,0,0,0,0,0,0,0,0,0,0,0,0,0,0,0.000,0.000,0.000,,333,333,1659,0,1,46.546,195.633,47.781,196.586,0.000,0.000,326,325,6569,401,111,0,1182,1868,461,1,fec-recovered,pending,H.264,0,1,24,19,5,3,2,2,11,29,0,0,13465,17,0,0,0,0,0,75.805,70,98,59,54,59,0,63.232,22.992,85.531,4,0,231,13,244,0,76,12,0.417,0.583,0.947,1.000,0.136,30.000,0.250,0.750,0.000,duplicate-guard,526,5369,0,0,359,5116,1182,12682,165,240,2,13,12686,predicted-useful,fec-grace,1919,0.208,96,244,0,0,0,0,0,2,2,2,2,89,1472,89,1472,0,0,0,pacing,1,0.789,8.621,116.621,0,0,2,2,0,0,0,0,5,7,7,0,361,2,2,sent,42,108,0,3,27,5,0,0,7,13,5,7,2,6,451,4,stale-age,0,0,0,0,6,0,0,0,0,1,0,7,0,0,1474,1461,66,0,1,9500000,1200000,10,0,10,13521,13511,16541721,708,869203,396,488496,0,0,0,0,0,1.740,37.644,923.188,4800.000,705,24551,12675,5547,11876,6329,0.304,16.939,2.064,705,5284249,8674267,1.699,5.817,0.443,16.105,24551,1182,336,12682,259,916,7,107,107,200,21,36,1,8,13,0,0,0,0,0,0,0,0,0,0,86,0,1,0,4,2315,1868,1868,0,0,0,0,0,,disabled,,0,0,0,0,,1,Fixed Quality,Hybrid,85,30,9500,12000,640,360,H.264,480,270,518400,28178,518400,28178,0.054,0.000,,0,0,0.000,2.562,0.000,0.000,0.078,7250,6750,6750,7,7,0,1,9500,1.000,0,15.981,0.000,0,0,0.000,0.000,0,0,0,0,0.287,0.660,0.053,1,0,0,disabled,24,0,0,54,119,54,51,14,87,87,0,4,large-au-observed,0,,0,0,17.899,23.729,0,,0.000,0.000,0.000,0.000,0,0,0,,17,0,0,5.746,0,463,0.077,0.000,0.000,0.077,0.000,0.051,0.008,1,1,1,1,0,1,1,0,0,0,1,0,0.860,63.972,0.000,26,0,0.000,0,0,0,0.000,0.000,0.000,0.000,0.000,0.000,0.000,2.472,10.158,0,0,0,0,0,0,0,0,0.000,0.000,0.000,0.000,0.000,0.000,0,0.407,17.829,326,333,1659,47.914,196.648,66.289,196.648,14094.172,374,1,H.264,100.203,0,0,195.633,196.586,1.000,138.506,99.178,arrival-gap-jitter-spike,3157.730,0,1,1,1,1,17251.902,502.052,545.390,546.458,546.458,0,0,7,0,0,2,0,,,176.660,176.660,355,1,H.264,0,0,0,0,0,0,0,0,0,0,,105.447,0.000,108.437,0.000,0.000,0.000,131.919,stale-before-decode,0.001,459,0.000,114.115,5.258,0.081,0.284,0.001,0.000,0.283,1,0,0,1,3,0.061,19.805,17.829,8.276,17.859,1.000,Loss,0,1,0,1.000,4,4,4,1,0.060,0.000,0.060,0,100,0,13528,12700,785,0,748
18.256,Custom_loss6_delay0-100_dup0_reorder6_burst0,Loopback,1,1,0,,,0.000,0,21,487,19.789,18.004,17.967,86.321,102.272,93.991,76.817,34.861,0.061,0.249,13352,873,12520,11647,1759,1035,109,547,487,60,68,0,11650,364,121,0,0,0,0,5.000,0,0,0,0,0,0,0,0,0,0,0,0,0,0,0,0.000,0.000,0.000,,355,355,1755,0,1,14.482,195.633,15.671,196.586,0.000,0.000,347,346,6934,424,116,0,1244,1966,488,1,nack-sent,pending,H.264,0,1,22,17,5,5,3,2,7,20,0,0,14174,3,0,0,0,0,0,66.162,77,109,60,55,60,0,63.170,23.083,85.531,4,0,250,14,264,0,82,13,0.414,0.586,0.947,1.000,0.137,38.000,0.444,0.556,0.000,duplicate-guard,560,5626,0,0,378,5352,1244,13281,180,261,2,13,13285,predicted-useful,fec-grace,2024,0.273,104,264,0,0,0,0,0,3,3,3,3,97,1599,97,1599,0,0,0,pacing,1,0.804,9.771,117.771,0,0,3,3,0,0,0,0,5,7,7,0,361,2,2,sent,44,115,0,3,29,5,0,0,7,13,5,7,2,6,466,3,stale-age,0,0,0,0,6,0,0,0,0,1,0,7,0,0,1602,1534,70,0,1,9500000,1200000,0,0,0,14209,14209,17399536,756,928659,420,518400,0,0,0,0,0,17.812,37.644,10990.750,4800.000,742,25856,13336,5867,12520,6653,0.306,30.335,0.000,742,6411597,9438106,1.552,11.244,0.519,14.123,25856,1243,357,13276,277,958,8,112,112,208,22,38,2,8,14,0,0,0,0,0,0,0,0,0,0,90,0,1,0,4,2440,1966,1966,0,0,0,0,0,,disabled,,0,0,0,0,,1,Fixed Quality,Hybrid,85,30,9500,12000,640,360,H.264,480,270,518400,26096,518400,26096,0.050,0.000,,0,0,0.000,2.156,0.000,0.000,0.083,6000,6250,6250,8,8,0,1,9500,0.820,1,17.812,0.000,0,0,0.000,0.000,0,0,0,0,0.292,0.655,0.053,1,0,0,latency-pressure-freshness-hold,22,0,0,58,129,58,54,17,93,93,0,4,large-au-observed,0,,0,0,17.499,21.976,0,,0.000,0.000,0.000,0.000,0,0,0,,18,0,0,6.013,0,489,0.083,0.000,0.000,0.082,0.000,0.058,0.007,1,1,1,1,0,1,1,0,0,0,1,0,0.860,32.956,0.000,26,0,0.000,0,0,0,0.000,0.000,0.000,0.000,0.000,0.000,0.000,2.065,31.931,0,0,0,0,0,0,0,0,0.000,0.000,0.000,0.000,0.000,0.000,0,0.449,18.004,347,355,1755,15.509,196.648,66.289,196.648,14094.172,374,1,H.264,100.203,0,0,195.633,196.586,1.000,138.506,99.178,arrival-gap-jitter-spike,4161.915,0,1,1,1,1,18256.087,502.052,545.390,546.458,546.458,0,0,8,0,0,3,1,latency-pressure freshness,latency-over-80ms,147.668,176.660,466,1,H.264,0,0,0,0,0,0,0,0,0,0,,100.679,0.000,103.429,0.000,0.000,0.000,123.160,stale-before-decode,0.001,487,0.000,110.331,6.435,0.085,0.292,0.001,0.000,0.291,1,0,0,1,3,0.061,19.789,18.004,34.861,17.967,1.000,RecoveryDeadline,0,1,0,0.000,1,4,4,1,0.060,0.000,0.060,0,100,0,14227,13373,827,0,789
19.258,Custom_loss6_delay0-100_dup0_reorder6_burst0,Loopback,1,1,0,,,0.000,0,21,512,23.510,23.457,23.286,110.540,102.275,86.290,77.375,79.063,0.062,0.250,14008,921,13133,12212,1853,1091,118,576,512,64,68,0,12215,382,127,0,0,0,0,5.000,0,0,0,0,0,0,0,0,0,0,0,0,0,0,0,0.000,0.000,0.000,,373,373,1847,0,1,120.460,195.633,121.598,196.586,0.000,0.000,365,363,7287,446,122,0,1303,2069,512,1,completed,completed,H.264,0,1,23,23,0,6,5,2,6,15,0,0,14839,0,0,0,0,0,0,95.823,82,118,64,59,64,0,63.257,22.766,85.531,4,0,268,14,282,0,88,13,0.410,0.590,0.950,1.000,0.129,45.000,0.111,0.889,0.000,duplicate-guard,587,5864,0,0,396,5574,1303,13823,189,277,2,13,13826,predicted-useful,fec-grace,2123,0.217,110,282,0,0,0,0,0,3,3,3,3,103,1681,103,1681,0,0,0,pacing,1,0.782,9.936,117.936,0,0,3,3,0,0,0,0,5,7,7,0,361,2,2,sent,47,125,0,3,32,5,0,0,7,13,5,7,2,6,505,4,stale-age,0,0,0,0,6,0,0,0,0,1,0,7,0,0,1684,1608,74,0,1,9500000,1200000,10,0,10,14936,14926,18284314,802,985627,444,548000,0,0,0,0,0,0.648,37.644,883.500,4800.000,778,27113,13987,6148,13126,6978,0.305,13.771,2.686,778,3898814,6781786,1.137,7.455,0.522,14.478,27113,1303,375,13823,295,1000,8,118,118,218,24,41,1,9,15,0,0,0,0,0,0,0,0,0,0,94,0,1,0,4,2562,2069,2069,0,0,0,0,0,,disabled,,0,0,0,0,,1,Fixed Quality,Hybrid,85,30,9500,12000,640,360,H.264,480,270,518400,27136,518400,27136,0.052,0.000,,0,0,0.000,2.366,0.000,0.000,0.103,7250,6500,6500,9,9,0,1,9500,1.000,0,14.486,0.000,0,0,0.000,0.000,0,0,0,0,0.291,0.660,0.050,1,0,0,disabled,23,0,0,62,137,62,58,17,99,99,0,4,large-au-observed,0,,0,0,16.577,22.851,0,,0.000,0.000,0.000,0.000,0,0,0,,19,0,0,9.937,0,515,0.102,0.000,0.000,0.102,0.000,0.072,0.010,1,1,1,1,0,1,1,0,0,0,0,0,1.000,0.000,0.000,30,0,0.000,0,0,0,0.000,0.000,0.000,0.000,0.000,0.000,0.000,2.252,14.855,0,0,0,0,0,0,0,0,0.000,0.000,0.000,0.000,0.000,0.000,0,0.505,23.457,365,373,1847,121.752,196.648,66.289,196.648,14094.172,374,1,H.264,100.203,0,0,195.633,196.586,1.000,138.506,99.178,arrival-gap-jitter-spike,5163.677,0,1,1,1,1,19257.849,502.052,545.390,546.458,546.458,0,0,8,0,0,3,0,,,147.668,176.660,466,1,H.264,0,0,0,0,0,0,0,0,0,0,,102.982,0.000,106.417,5.358,0.000,120.806,140.270,stale-before-decode,0.001,509,0.000,112.036,7.226,0.114,0.351,0.001,0.000,0.351,1,0,0,1,3,0.061,23.510,23.457,79.063,23.286,2.000,RecoveryDeadline,0,1,0,1.000,0,1,1,1,0.060,0.000,0.060,0,100,0,14945,14029,872,0,826
20.260,Custom_loss6_delay0-100_dup0_reorder6_burst0,Loopback,1,1,0,,,0.000,0,21,541,19.410,19.376,19.309,95.695,102.340,97.761,78.507,16.327,0.062,0.250,14768,972,13855,12883,1960,1150,130,610,539,71,70,0,12886,402,134,0,0,0,0,5.000,0,0,0,0,0,0,0,0,0,0,0,0,0,0,0,0.000,0.000,0.000,,393,393,1939,0,1,33.963,195.633,35.193,196.586,0.000,0.000,385,384,7695,473,129,0,1371,2180,542,1,fec-recovered,pending,H.264,0,1,24,16,8,4,1,1,2,11,0,0,15686,2,0,0,0,0,0,66.137,87,130,71,66,71,0,63.612,22.826,85.531,4,0,292,15,307,0,96,13,0.401,0.599,0.951,1.000,0.119,45.000,0.091,0.909,0.000,duplicate-guard,624,6123,0,0,414,5803,1371,14541,208,307,2,13,14543,predicted-useful,fec-grace,2236,0.458,119,307,0,0,0,0,0,3,3,3,3,112,1823,112,1823,0,0,0,pacing,1,0.808,9.718,117.718,0,0,3,3,0,0,0,0,5,7,7,0,361,2,2,sent,49,131,0,4,33,5,0,0,7,13,5,7,2,6,534,2,stale-frame-lag,0,0,0,0,6,0,0,0,0,1,0,7,0,0,1826,1688,78,0,1,9500000,1200000,13,0,13,15754,15741,19285780,856,1052387,470,579928,0,0,0,0,0,0.939,37.644,749.500,4800.000,819,28605,14759,6474,13846,7372,0.305,11.925,1.714,819,6222868,9767111,1.453,8.258,0.449,13.232,28605,1371,395,14541,322,1041,8,125,125,229,25,43,2,9,16,0,0,0,0,0,0,0,0,0,0,100,0,1,0,4,2703,2180,2180,0,0,0,0,0,,disabled,,0,0,0,0,,1,Fixed Quality,Hybrid,85,30,9500,12000,640,360,H.264,480,270,518400,28176,518400,28176,0.054,0.000,,0,0,0.000,2.052,0.000,0.000,0.068,7250,6750,6750,10,10,0,1,9500,1.000,0,15.991,0.000,0,0,0.000,0.000,0,0,0,0,0.283,0.668,0.049,1,0,0,disabled,24,0,0,66,149,66,64,19,108,108,0,4,large-au-observed,0,,0,0,17.892,23.727,0,,0.000,0.000,0.000,0.000,0,0,0,,20,0,0,3.422,0,544,0.068,0.000,0.000,0.068,0.000,0.044,0.007,1,1,1,1,0,1,1,0,0,0,0,0,1.000,0.000,0.000,30,0,0.000,0,0,0,0.000,0.000,0.000,0.000,0.000,0.000,0.000,1.976,7.827,0,0,0,0,0,0,0,0,0.000,0.000,0.000,0.000,0.000,0.000,0,0.490,19.376,385,393,1939,35.126,196.648,66.289,196.648,14094.172,374,1,H.264,100.203,0,0,195.633,196.586,1.000,138.506,99.178,arrival-gap-jitter-spike,6165.529,0,1,1,1,1,20259.701,502.052,545.390,546.458,546.458,0,0,8,0,0,3,0,,,147.668,176.660,466,1,H.264,0,0,0,0,0,0,0,0,0,0,,105.215,0.000,108.452,0.000,0.000,0.000,127.847,stale-before-decode,0.001,541,0.000,113.663,4.690,0.091,0.274,0.001,0.000,0.273,1,0,0,1,3,0.062,19.410,19.376,16.327,19.309,1.000,Loss,0,1,0,0.000,1,1,1,1,0.060,0.000,0.060,0,100,0,15761,14788,923,0,873
21.266,Custom_loss6_delay0-100_dup0_reorder6_burst0,Loopback,1,1,0,,,0.000,0,21,568,22.236,22.226,21.979,87.162,102.434,105.581,79.932,30.732,0.062,0.249,15597,1028,14636,13608,2066,1210,138,645,568,77,73,0,13611,423,140,0,0,0,0,5.000,0,0,0,0,0,0,0,0,0,0,0,0,0,0,0,0.000,0.000,0.000,,414,414,2031,0,1,13.000,195.633,14.240,196.586,0.000,0.000,406,405,8105,500,135,0,1441,2291,569,1,nack-deferred-likely-arrival,pending,H.264,0,1,24,22,2,6,4,2,9,17,0,0,16519,1,0,0,0,0,0,111.691,95,138,77,72,77,0,64.277,22.308,85.531,4,0,314,16,330,0,100,14,0.408,0.592,0.952,1.000,0.123,43.000,0.125,0.875,0.000,duplicate-guard,661,6412,0,0,434,6063,1441,15222,225,336,2,13,15223,deferred-likely-arrival,likely-arrival,2354,0.500,128,330,0,0,0,0,0,3,3,3,3,121,1984,121,1984,0,0,0,pacing,1,0.859,11.083,119.083,0,0,3,3,0,0,0,0,5,7,7,0,361,2,2,sent,51,135,0,4,35,5,0,0,7,13,5,7,2,6,562,3,stale-age,0,0,0,0,6,0,0,0,0,1,0,7,0,0,1987,1773,82,0,1,9500000,1200000,4,0,4,16617,16613,20353858,909,1117745,496,611698,0,0,0,0,0,6.805,37.644,499.062,4800.000,865,30230,15594,6884,14636,7752,0.306,4.441,0.646,865,9967419,13915597,1.718,8.170,0.502,13.498,30230,1441,416,15222,346,1087,8,131,131,240,27,47,2,9,18,0,0,0,0,0,0,0,0,0,0,104,0,1,0,4,2846,2291,2291,0,0,0,0,0,,disabled,,0,0,0,0,,1,Fixed Quality,Hybrid,85,30,9500,12000,640,360,H.264,480,270,518400,0,518400,28178,0.054,0.000,,0,0,0.000,6.101,0.000,5.241,0.816,7250,6750,6750,10,10,0,1,9500,1.000,0,10.521,0.000,0,0,0.000,0.000,0,0,0,0,0.288,0.664,0.048,1,0,0,disabled,0,0,0,70,157,70,68,19,116,116,0,4,async-output-pending,0,,0,0,0.000,0.000,0,,6.593,6912.938,45673.077,0.000,0,0,0,,21,0,0,0.000,1,0,0.802,0.218,0.582,0.000,0.000,0.000,0.000,0,0,1,1,1,0,0,1,1,0,1,0,0.860,166.167,0.000,26,0,0.000,0,0,0,0.000,0.000,0.000,0.000,0.000,0.000,0.000,0.000,10.089,0,0,0,0,0,0,0,0,0.000,0.000,0.000,0.000,0.000,0.000,0,0.485,22.226,406,414,2031,14.256,196.648,66.289,196.648,14094.172,374,1,H.264,100.203,0,0,195.633,196.586,1.000,138.506,99.178,arrival-gap-jitter-spike,7172.632,0,1,1,1,1,21266.804,502.052,545.390,546.458,546.458,0,0,8,0,0,3,0,,,147.668,176.660,466,1,H.264,0,0,0,0,0,0,0,0,0,0,,104.433,0.000,107.587,0.000,0.000,0.000,123.581,stale-before-decode,0.001,568,0.000,115.159,7.072,0.089,0.370,0.001,0.000,0.369,1,0,0,1,3,0.062,22.236,22.226,30.732,21.979,1.000,Loss,0,1,0,0.000,1,2,2,1,0.060,0.000,0.060,0,100,0,16634,15622,972,0,925
22.272,Custom_loss6_delay0-100_dup0_reorder6_burst0,Loopback,1,1,0,,,0.000,0,21,597,21.799,21.791,19.860,117.299,102.331,105.581,79.932,24.406,0.062,0.249,16283,1083,15288,14205,2167,1273,144,674,589,85,76,0,14208,443,147,0,0,0,0,5.000,0,0,0,0,0,0,0,0,0,0,0,0,0,0,0,0.000,0.000,0.000,,434,434,2129,0,1,68.908,195.633,70.280,196.586,0.000,0.000,426,423,8473,528,142,0,1502,2389,600,1,fec-parity,pending,H.264,0,1,22,1,21,1,0,0,0,0,0,0,17353,11,0,0,0,0,0,2.864,101,144,85,78,85,0,62.867,23.869,101.259,4,0,334,18,352,0,107,16,0.412,0.588,0.949,1.000,0.130,41.000,0.125,0.875,0.000,duplicate-guard,706,6687,0,0,453,6303,1502,15755,251,371,2,13,15754,deferred-likely-arrival,likely-arrival,2460,0.000,139,352,0,0,0,0,0,6,6,6,6,130,2129,130,2129,0,0,0,pacing,1,0.844,7.322,115.322,0,0,6,6,0,0,0,0,7,10,10,0,590,1,1,sent,55,144,0,4,37,5,0,0,9,16,7,10,2,6,591,2,stale-age,0,0,0,0,8,0,0,0,0,1,0,7,0,0,2135,1846,86,0,1,9500000,1200000,2,0,2,17348,17346,21254460,935,1149973,497,612950,0,0,0,0,0,6.765,37.644,627.000,4800.000,903,31557,16281,7137,15276,8139,0.305,13.145,1.720,903,4777059,7597490,1.697,8.170,0.500,14.870,31557,1502,435,15755,362,1132,8,138,138,250,27,47,2,9,18,0,0,0,0,0,0,0,0,0,0,111,0,1,0,4,2963,2389,2389,0,0,0,0,0,,disabled,,0,0,0,0,,1,Fixed Quality,Hybrid,85,30,9500,12000,640,360,H.264,480,270,518400,26096,518400,26096,0.050,0.000,,0,0,0.000,3.193,0.000,0.000,0.116,6250,6250,6250,11,11,0,1,9500,0.880,1,8.446,0.000,0,0,0.000,0.000,0,0,0,0,0.287,0.662,0.051,1,0,0,latency-pressure-freshness-hold,22,0,0,74,167,74,73,20,123,123,0,4,large-au-observed,0,,0,0,13.679,21.976,0,,0.000,0.000,0.000,0.000,0,0,0,,22,0,0,7.903,0,600,0.115,0.000,0.000,0.115,0.000,0.079,0.011,1,1,1,1,0,1,1,0,0,0,1,0,0.860,145.071,0.000,26,0,0.000,0,0,0,0.000,0.000,0.000,0.000,0.000,0.000,0.000,3.019,13.865,0,0,0,0,0,0,0,0,0.000,0.000,0.000,0.000,0.000,0.000,0,0.570,21.792,426,434,2129,70.513,196.648,66.289,196.648,14094.172,374,1,H.264,100.203,0,0,195.633,196.586,1.000,138.506,99.178,arrival-gap-jitter-spike,8178.177,0,1,1,1,1,22272.349,502.052,545.390,546.458,546.458,0,0,9,0,0,4,1,latency-pressure freshness,latency-over-80ms,137.862,176.660,584,1,decoded,0,0,0,0,0,0,0,0,0,0,,103.347,0.000,106.663,6.261,0.000,129.409,138.649,stale-before-upload,0.001,595,0.000,110.367,7.588,0.116,0.381,0.001,0.000,0.380,1,0,0,1,3,0.062,21.799,21.791,24.406,19.860,1.000,Loss,0,1,0,1.000,0,1,1,1,0.060,0.000,0.060,0,100,0,17368,16305,1013,0,972
23.273,Custom_loss6_delay0-100_dup0_reorder6_burst0,Loopback,1,1,0,,,0.000,0,21,624,15.492,15.492,15.502,90.853,102.303,12.314,76.551,43.078,0.061,0.252,16973,1095,15906,14811,2269,1340,157,694,604,90,78,0,14814,460,155,0,0,0,0,5.000,0,0,0,0,0,0,0,0,0,0,0,0,0,0,0,0.000,0.000,0.000,,451,451,2226,0,1,20.330,195.633,21.471,196.586,0.000,0.000,443,441,8827,550,150,0,1565,2482,625,1,fec-recovered,pending,H.264,0,1,23,13,10,3,1,1,1,12,0,0,18045,21,0,0,0,0,0,50.488,110,157,90,83,90,0,63.624,23.350,101.259,4,0,361,19,380,0,116,18,0.412,0.588,0.950,1.000,0.134,39.000,0.545,0.455,0.250,retransmit-late,729,6887,0,0,469,6495,1565,16370,258,379,2,13,16369,predicted-useful,fec-grace,2559,0.522,149,380,0,0,0,0,0,7,7,7,7,140,2283,140,2283,0,0,0,pacing,1,0.833,11.098,119.098,0,0,7,7,0,0,0,0,7,10,10,0,590,1,1,sent,59,153,0,4,41,5,0,0,9,16,7,10,2,6,618,4,stale-age,0,0,0,0,8,0,0,0,0,1,0,8,0,0,2290,1916,90,0,1,9500000,1200000,0,0,0,18059,18059,22133800,992,1220721,522,644090,0,0,0,0,0,13.211,37.644,4228.500,4800.000,940,32870,16964,7424,15906,8482,0.304,24.059,0.104,940,6126096,9199397,0.807,-12.117,0.468,14.607,32870,1565,452,16370,389,1168,8,146,146,262,30,51,2,11,19,0,0,0,0,0,0,0,0,0,0,116,0,1,0,4,3086,2482,2482,0,0,0,0,0,,disabled,,0,0,0,0,,1,Fixed Quality,Hybrid,85,30,9500,12000,640,360,H.264,480,270,518400,0,518400,27138,0.052,0.000,,0,0,0.000,4.810,0.000,4.111,0.676,7250,6500,6500,12,12,0,1,9500,1.000,0,13.211,0.000,0,0,0.000,0.000,0,0,0,0,0.289,0.661,0.050,1,0,0,disabled,0,0,0,78,178,78,79,21,132,132,0,5,async-output-pending,0,,0,0,0.000,0.000,0,,13.211,4228.500,45673.077,0.000,0,0,0,,23,0,0,0.000,1,0,0.668,0.154,0.513,0.000,0.000,0.000,0.000,0,0,1,1,1,0,0,1,1,0,1,0,0.860,56.121,0.000,26,0,0.000,0,0,0,0.000,0.000,0.000,0.000,0.000,0.000,0.000,0.000,23.335,0,0,0,0,0,0,0,0,0.000,0.000,0.000,0.000,0.000,0.000,0,0.410,15.492,443,451,2226,21.372,196.648,66.289,196.648,14094.172,374,1,H.264,100.203,0,0,195.633,196.586,1.000,138.506,99.178,arrival-gap-jitter-spike,9179.500,0,1,1,1,1,23273.672,502.052,545.390,546.458,546.458,0,0,9,0,0,4,0,,,137.862,176.660,584,1,decoded,0,0,0,0,0,0,0,0,0,0,,99.229,0.000,102.121,0.000,0.000,0.000,130.427,stale-before-upload,0.001,624,0.000,107.678,5.140,0.078,0.224,0.001,0.000,0.224,1,0,0,1,3,0.061,15.492,15.492,43.078,15.502,1.000,RecoveryDeadline,0,1,0,1.000,1,1,1,1,0.060,0.000,0.060,0,100,0,18082,16996,1051,0,1014
24.277,Custom_loss6_delay0-100_dup0_reorder6_burst0,Loopback,1,1,0,,,0.000,0,21,650,24.837,22.843,20.806,88.437,102.332,51.596,75.363,6.066,0.060,0.246,17721,1124,16592,15468,2372,1387,167,739,640,99,79,0,15471,483,158,0,0,0,0,5.000,0,0,0,0,0,0,0,0,0,0,0,0,0,0,0,0.000,0.000,0.000,,473,473,2319,0,1,44.953,195.633,46.328,196.586,0.000,0.000,465,462,9209,582,152,0,1631,2591,651,1,fec-parity,pending,H.264,0,1,24,22,2,6,4,3,10,32,0,0,18803,21,0,0,0,0,0,119.824,116,167,99,92,99,0,64.136,23.353,101.259,4,0,386,19,405,0,123,18,0.410,0.590,0.953,1.000,0.128,45.000,0.308,0.692,0.000,duplicate-guard,752,7147,0,0,487,6749,1631,17059,263,385,2,13,17058,deferred-likely-arrival,likely-arrival,2672,0.208,158,405,0,0,0,0,0,7,7,7,7,149,2433,149,2433,0,0,0,pacing,1,0.846,12.901,120.901,0,0,7,7,0,0,0,0,7,10,10,0,590,1,1,sent,64,165,0,4,46,5,0,0,9,16,7,10,2,6,645,2,stale-age,0,0,0,0,9,0,0,0,0,1,0,9,0,0,2440,1993,94,0,1,9500000,1200000,0,0,0,18828,18828,23077075,1047,1288821,549,677350,0,0,0,0,0,0.171,37.644,17285.188,4800.000,980,34302,17713,7683,16589,8906,0.303,13.734,2.213,980,5346256,8653832,1.134,39.282,0.395,11.329,34302,1631,475,17059,413,1210,8,148,148,266,30,51,2,11,19,0,0,0,0,0,0,0,0,0,0,118,0,1,0,4,3220,2591,2591,0,0,0,0,0,,disabled,,0,0,0,0,,1,Fixed Quality,Hybrid,85,30,9500,12000,640,360,H.264,480,270,518400,5336,518400,5336,0.010,0.000,,0,0,0.000,0.482,0.000,0.000,0.088,6250,6250,6250,14,14,0,1,9500,0.880,1,4.793,0.000,0,0,0.000,0.000,0,0,0,0,0.286,0.667,0.047,1,0,0,latency-pressure-freshness-hold,5,0,0,82,187,82,84,21,140,140,0,5,none,0,,0,0,0.144,4.493,0,,0.000,0.000,0.000,0.000,0,0,0,,24,0,0,4.534,0,654,0.088,0.000,0.000,0.087,0.000,0.062,0.005,1,1,1,1,0,1,1,0,0,0,1,0,0.860,141.646,0.000,26,0,0.000,0,0,0,0.000,0.000,0.000,0.000,0.000,0.000,0.000,0.385,9.434,0,0,0,0,0,0,0,0,0.000,0.000,0.000,0.000,0.000,0.000,0,0.690,22.844,465,473,2319,46.099,196.648,66.289,196.648,14094.172,374,1,H.264,100.203,0,0,195.633,196.586,1.000,138.506,99.178,arrival-gap-jitter-spike,10183.125,0,1,1,1,1,24277.297,502.052,545.390,546.458,546.458,0,0,10,0,0,5,1,latency-pressure freshness,latency-over-80ms,137.481,176.660,639,1,decoded,0,0,0,0,0,0,0,0,0,0,,98.687,0.000,102.290,0.000,0.000,0.000,124.219,stale-before-upload,0.001,650,0.000,108.431,6.114,0.093,0.369,0.001,0.000,0.368,1,0,0,1,3,0.060,24.837,22.843,6.066,20.806,1.000,Loss,0,1,0,1.000,2,2,2,1,0.060,0.000,0.060,0,100,0,18852,17747,1095,0,1053
25.282,Custom_loss6_delay0-100_dup0_reorder6_burst0,Loopback,1,1,0,,,0.000,0,21,677,21.173,19.238,17.194,100.595,102.354,54.193,74.401,7.140,0.061,0.248,18385,1203,17243,16040,2466,1443,174,766,662,104,83,0,16043,503,166,0,0,0,0,5.000,0,0,0,0,0,0,0,0,0,0,0,0,0,0,0,0.000,0.000,0.000,,492,492,2411,0,1,38.941,195.633,40.090,196.586,0.000,0.000,484,480,9561,607,159,0,1690,2689,679,1,nack-suppressed-fec-grace,pending,H.264,0,1,22,11,11,2,1,0,0,0,0,0,19551,8,0,0,0,0,0,38.724,122,174,104,97,104,0,64.249,23.176,101.259,4,0,404,19,423,0,131,20,0.412,0.588,0.955,1.000,0.132,38.000,0.333,0.667,0.000,stable,781,7384,0,0,504,6963,1690,17595,275,408,2,13,17593,predicted-useful,fec-grace,2772,0.591,164,423,0,0,0,0,0,7,7,7,7,155,2512,155,2512,0,0,0,pacing,1,0.746,10.392,118.392,0,0,7,7,0,0,0,0,7,10,10,0,590,1,1,sent,71,183,0,5,52,5,0,0,9,16,7,10,2,6,671,3,stale-frame-lag,0,0,0,0,11,0,0,0,0,1,0,11,0,0,2519,2066,98,0,1,9500000,1200000,0,0,0,19574,19574,23998429,1093,1345789,572,706002,0,0,0,0,0,13.725,37.644,5808.500,4800.000,1017,35626,18383,7996,17243,9247,0.303,31.382,0.000,1017,5585828,8651764,0.723,31.945,0.530,19.677,35626,1690,494,17595,437,1245,8,155,154,280,33,57,2,11,22,0,0,0,0,0,0,0,0,0,0,121,1,1,0,4,3341,2689,2689,0,0,0,0,0,,disabled,,0,0,0,0,,1,Fixed Quality,Hybrid,85,30,9500,12000,640,360,H.264,480,270,518400,26096,518400,26096,0.050,0.000,,0,0,0.000,3.018,0.000,0.000,0.139,6250,6250,6250,14,14,0,1,9500,0.880,1,13.725,0.000,0,0,0.000,0.000,0,0,0,0,0.288,0.667,0.045,1,0,0,latency-pressure-freshness-hold,22,0,0,86,196,86,87,23,148,148,0,5,large-au-observed,0,,0,0,17.165,21.976,0,,0.000,0.000,0.000,0.000,0,0,0,,25,0,0,4.244,0,680,0.138,0.000,0.000,0.137,0.000,0.094,0.013,1,1,1,1,0,1,1,0,0,0,1,0,0.860,40.411,0.000,26,0,0.000,0,0,0,0.000,0.000,0.000,0.000,0.000,0.000,0.000,2.865,9.692,0,0,0,0,0,0,0,0,0.000,0.000,0.000,0.000,0.000,0.000,0,0.523,19.239,484,492,2411,40.120,196.648,66.289,196.648,14094.172,374,1,H.264,100.203,0,0,195.633,196.586,1.000,138.506,99.178,arrival-gap-jitter-spike,11187.892,0,1,1,1,1,25282.064,502.052,545.390,546.458,546.458,0,0,11,0,0,6,1,latency-pressure freshness,latency-over-80ms,133.401,176.660,668,1,decoded,0,0,0,0,0,0,0,0,0,0,,102.312,0.000,105.615,0.000,0.000,0.000,130.298,stale-before-upload,0.001,677,0.000,110.929,5.775,0.113,0.360,0.001,0.000,0.359,1,0,0,1,3,0.061,21.173,19.238,7.140,17.194,1.000,Loss,0,1,0,0.333,3,1,1,1,0.060,0.000,0.060,0,100,0,19599,18411,1136,0,1099
26.287,Custom_loss6_delay0-100_dup0_reorder6_burst0,Loopback,1,1,0,,,0.000,0,21,703,15.057,15.052,14.861,126.587,102.383,78.048,74.559,31.172,0.061,0.248,19062,1233,17838,16605,2565,1497,184,796,687,109,88,0,16608,521,172,0,0,0,0,5.000,0,0,0,0,0,0,0,0,0,0,0,0,0,0,0,0.000,0.000,0.000,,510,510,2505,0,1,33.809,195.633,35.240,196.586,0.000,0.000,502,498,9928,630,165,0,1752,2795,705,1,nack-sent,pending,H.264,0,1,23,19,4,3,2,1,0,4,0,0,20248,5,0,0,0,0,0,60.139,125,184,109,102,109,0,64.522,23.281,101.259,4,0,422,19,441,0,135,20,0.405,0.595,0.957,1.000,0.129,45.000,0.125,0.875,0.000,duplicate-guard,813,7620,0,0,522,7178,1752,18105,289,429,2,13,18101,predicted-useful,fec-grace,2873,0.261,171,441,0,1,0,0,0,7,7,7,7,162,2615,162,2615,0,0,0,pacing,1,0.785,8.568,116.568,0,0,7,7,0,0,0,0,7,10,10,0,590,1,1,sent,71,183,0,5,52,5,0,0,9,16,7,10,2,6,671,3,stale-frame-lag,0,0,0,0,11,0,0,0,0,1,0,11,0,0,2623,2135,102,0,1,9500000,1200000,0,0,0,20275,20275,24862825,1140,1403841,598,738386,0,0,0,0,0,16.252,37.644,8273.125,4800.000,1052,36880,19046,8229,17834,9605,0.302,11.895,1.735,1052,5572681,8735646,1.400,30.327,0.488,11.265,36880,1752,512,18105,455,1289,8,161,160,292,34,61,4,11,23,0,0,0,0,0,0,0,0,0,0,126,1,1,0,4,3466,2795,2795,0,0,0,0,0,,disabled,,0,0,0,0,,1,Fixed Quality,Hybrid,85,30,9500,12000,640,360,H.264,480,270,518400,0,518400,27138,0.052,0.000,,0,0,0.000,5.493,0.000,4.785,0.686,7250,6500,6500,15,15,0,1,9500,1.000,0,16.252,0.000,0,0,0.000,0.000,0,0,0,0,0.283,0.673,0.043,1,0,0,disabled,0,0,0,90,205,90,92,23,154,154,0,5,async-output-pending,0,,0,0,0.000,0.000,0,,16.252,8273.125,45673.077,0.000,0,0,0,,26,0,0,0.000,1,0,0.675,0.168,0.505,0.000,0.000,0.000,0.000,0,0,1,1,1,0,0,1,1,0,1,0,0.860,134.994,0.000,26,0,0.000,0,0,0,0.000,0.000,0.000,0.000,0.000,0.000,0.000,0.000,29.621,0,0,0,0,0,0,0,0,0.000,0.000,0.000,0.000,0.000,0.000,0,0.426,15.053,502,510,2505,35.158,196.648,66.289,196.648,14094.172,374,1,H.264,100.203,0,0,195.633,196.586,1.000,138.506,99.178,arrival-gap-jitter-spike,12193.177,0,1,1,1,1,26287.349,502.052,545.390,546.458,546.458,0,0,11,0,0,6,0,,,133.401,176.660,668,1,decoded,0,0,0,0,0,0,0,0,0,0,,109.701,0.000,112.591,0.000,0.000,0.000,143.293,stale-before-upload,0.001,703,0.000,118.840,5.827,0.095,0.386,0.001,0.000,0.385,1,0,0,1,3,0.061,15.057,15.052,31.172,14.861,1.000,RecoveryDeadline,0,1,0,1.000,2,2,2,1,0.060,0.000,0.060,0,100,0,20301,19096,1178,0,1146
27.289,Custom_loss6_delay0-100_dup0_reorder6_burst0,Loopback,1,1,0,,,0.000,0,21,731,21.938,21.932,21.753,86.663,102.329,44.243,73.296,29.658,0.060,0.245,19783,1264,18508,17244,2665,1557,194,826,713,113,88,0,17247,543,176,0,0,0,0,5.000,0,0,0,0,0,0,0,0,0,0,0,0,0,0,0,0.000,0.000,0.000,,532,532,2597,0,1,13.860,195.633,15.131,196.586,0.000,0.000,524,520,10284,656,169,0,1811,2896,732,1,fec-recovered,pending,H.264,0,1,24,16,8,2,1,1,4,13,0,0,20999,3,0,0,0,0,0,69.877,128,194,113,106,113,0,64.572,22.707,101.259,4,0,439,21,460,0,138,21,0.398,0.602,0.954,1.000,0.132,45.000,0.125,0.875,0.000,duplicate-guard,844,7872,0,0,540,7411,1811,18691,302,448,2,13,18687,predicted-useful,likely-arrival,2976,0.000,178,460,0,1,0,0,0,7,7,7,7,169,2725,169,2725,0,0,0,pacing,1,0.793,10.842,118.842,0,0,7,7,0,0,0,0,7,10,10,0,590,1,1,sent,73,190,0,5,54,5,0,0,9,16,7,10,2,6,726,4,stale-age,0,0,0,0,11,0,0,0,0,1,0,12,0,0,2733,2206,106,0,1,9500000,1200000,14,0,14,21059,21045,25808983,1189,1464223,626,773266,0,0,0,0,0,0.766,37.644,777.125,4800.000,1090,38275,19767,8512,18508,9996,0.301,32.106,0.000,1090,6374377,9370052,1.085,17.501,0.467,21.425,38275,1811,534,18691,476,1327,8,165,164,299,35,63,2,11,24,0,0,0,0,0,0,0,0,0,0,129,1,1,0,4,3588,2896,2896,0,0,0,0,0,,disabled,,0,0,0,0,,1,Fixed Quality,Hybrid,85,30,9500,12000,640,360,H.264,480,270,518400,28178,518400,28178,0.054,0.000,,0,0,0.000,2.264,0.000,0.000,0.098,7250,6750,6750,16,16,0,1,9500,1.000,0,13.456,0.000,0,0,0.000,0.000,0,0,0,0,0.278,0.676,0.046,1,0,0,disabled,24,0,0,94,217,94,98,25,161,161,0,5,large-au-observed,0,,0,0,15.604,23.729,0,,0.000,0.000,0.000,0.000,0,0,0,,27,0,0,5.244,0,734,0.098,0.000,0.000,0.098,0.000,0.066,0.010,1,1,1,1,0,1,1,0,0,0,0,0,1.000,0.000,0.000,30,0,0.000,0,0,0,0.000,0.000,0.000,0.000,0.000,0.000,0.000,2.156,9.723,0,0,0,0,0,0,0,0,0.000,0.000,0.000,0.000,0.000,0.000,0,0.492,21.932,524,532,2597,14.948,196.648,66.289,196.648,14094.172,374,1,H.264,100.203,0,0,195.633,196.586,1.000,138.506,99.178,arrival-gap-jitter-spike,13195.225,0,1,1,1,1,27289.397,502.052,545.390,546.458,546.458,0,0,11,0,0,6,0,,,133.401,176.660,668,1,decoded,0,0,0,0,0,0,0,0,0,0,,98.782,0.000,101.643,0.000,0.000,0.000,123.332,stale-before-upload,0.001,731,0.000,107.717,5.564,0.082,0.304,0.001,0.000,0.303,1,0,0,1,3,0.060,21.938,21.932,29.658,21.753,1.000,Loss,0,1,0,0.000,0,2,2,1,0.060,0.000,0.060,0,100,0,21072,19812,1218,0,1175
28.299,Custom_loss6_delay0-100_dup0_reorder6_burst0,Loopback,1,1,0,,,0.000,0,21,759,17.997,18.002,18.054,87.904,102.384,65.966,73.003,42.291,0.061,0.249,20544,1324,19229,17905,2742,1602,196,853,739,114,91,0,17908,561,186,0,0,0,0,5.000,0,0,0,0,0,0,0,0,0,0,0,0,0,0,0,0.000,0.000,0.000,,549,549,2693,0,1,11.759,216.512,13.273,217.868,0.000,0.000,541,537,10654,675,178,0,1875,2996,761,1,fec-recovered,pending,H.264,0,1,24,7,17,1,1,0,0,0,0,0,21845,1,0,0,0,0,0,26.951,130,196,114,107,114,0,64.643,22.692,101.259,4,0,444,23,467,0,141,21,0.399,0.601,0.951,1.000,0.130,42.000,0.000,1.000,0.000,insufficient-sample,882,8143,0,0,562,7654,1875,19218,318,476,2,13,19211,predicted-useful,fec-grace,3085,0.292,181,467,0,1,0,0,0,7,7,7,7,172,2770,172,2770,0,0,0,pacing,1,0.740,9.658,117.658,0,0,7,7,0,0,0,0,7,10,10,0,590,1,1,sent,74,194,0,5,55,5,0,0,9,16,7,10,2,6,741,4,stale-age,0,0,0,0,11,0,0,0,0,1,0,12,0,0,2778,2291,110,0,1,9500000,1200000,10,0,10,21876,21866,26814801,1226,1509677,650,802532,0,0,0,0,0,1.147,37.644,186.938,4800.000,1132,39741,20517,8811,19224,10413,0.300,39.831,0.000,1132,5290360,8200951,2.590,18.345,0.528,17.724,39741,1875,552,19218,491,1376,8,174,173,318,38,69,2,11,27,0,0,0,0,0,0,0,0,0,0,135,1,1,0,4,3724,2996,2996,0,0,0,0,0,,disabled,,0,0,0,0,,1,Fixed Quality,Hybrid,85,30,9500,12000,640,360,H.264,480,270,518400,28178,518400,28178,0.054,0.000,,0,0,0.000,2.704,0.000,0.000,0.111,7250,6750,6750,16,16,0,1,9500,1.000,0,10.367,0.000,0,0,0.000,0.000,0,0,0,0,0.278,0.672,0.049,1,0,0,disabled,24,0,0,98,224,98,101,25,166,166,0,5,large-au-observed,0,,0,0,12.919,23.729,0,,0.000,0.000,0.000,0.000,0,0,0,,28,0,0,10.635,0,762,0.111,0.000,0.000,0.110,0.000,0.075,0.013,1,1,1,1,0,1,1,0,0,0,1,0,0.860,179.991,0.000,26,0,0.000,0,0,0,0.000,0.000,0.000,0.000,0.000,0.000,0.000,2.580,6.582,0,0,0,0,0,0,0,0,0.000,0.000,0.000,0.000,0.000,0.000,0,0.577,18.002,541,549,2693,13.267,218.035,66.289,218.035,28159.529,756,1,H.264,93.974,0,0,216.512,217.868,0.999,162.304,92.439,arrival-gap-jitter-spike,139.756,0,1,1,1,1,28299.285,502.052,545.390,546.458,546.458,0,0,11,0,0,6,0,,,133.401,176.660,668,1,decoded,0,0,0,0,0,0,0,0,0,0,,102.493,0.000,106.142,0.000,0.000,0.000,128.952,stale-before-upload,0.001,759,0.000,113.416,6.691,0.107,0.383,0.001,0.000,0.382,1,0,0,1,3,0.061,17.997,18.002,42.291,18.054,1.000,RecoveryDeadline,1,1,0,1.000,1,1,1,1,0.060,0.000,0.060,0,100,0,21894,20573,1272,0,1220
29.304,Custom_loss6_delay0-100_dup0_reorder6_burst0,Loopback,1,1,0,,,0.000,0,21,784,16.480,16.501,16.570,116.868,102.399,82.671,73.375,33.848,0.061,0.253,21278,1382,19919,18537,2836,1665,202,876,757,119,93,0,18540,577,195,0,0,0,0,5.000,0,0,0,0,0,0,0,0,0,0,0,0,0,0,0,0.000,0.000,0.000,,565,565,2784,0,1,93.382,216.512,94.527,217.868,0.000,0.000,557,553,11014,696,187,0,1937,3091,786,1,fec-parity,pending,H.264,0,1,24,23,1,4,3,2,8,18,0,0,22581,0,0,0,0,0,0,92.785,133,202,119,112,119,0,64.421,22.836,101.259,4,0,458,25,483,0,145,21,0.397,0.603,0.948,1.000,0.127,45.000,0.143,0.857,0.000,duplicate-guard,926,8451,0,0,582,7920,1937,19740,342,518,2,13,19733,predicted-useful,likely-arrival,3185,0.083,187,483,0,1,0,0,0,7,7,7,7,178,2867,178,2867,0,0,0,pacing,1,0.781,12.986,120.986,0,0,7,7,0,0,0,0,7,10,10,0,590,1,1,sent,75,197,0,5,56,5,0,0,9,16,7,10,2,6,781,3,stale-age,0,0,0,0,11,0,0,0,0,1,0,13,0,0,2875,2369,114,0,1,9500000,1200000,0,0,0,22642,22642,27765209,1272,1566327,675,833680,0,0,0,0,0,17.097,37.644,7573.500,4800.000,1174,41194,21275,9135,19919,10784,0.300,10.954,1.522,1174,4269234,6966093,1.393,18.017,0.526,14.098,41194,1937,568,19740,506,1423,8,183,182,333,39,70,1,12,27,0,0,0,0,0,0,0,0,0,0,143,1,1,0,4,3844,3091,3091,0,0,0,0,0,,disabled,,0,0,0,0,,1,Fixed Quality,Hybrid,85,30,9500,12000,640,360,H.264,480,270,518400,28176,518400,28176,0.054,0.000,,0,0,0.000,2.468,0.000,0.000,0.112,7250,6750,6750,16,16,0,1,9500,1.000,0,17.097,0.000,0,0,0.000,0.000,0,0,0,0,0.275,0.673,0.052,1,0,0,disabled,24,0,0,102,232,102,105,25,171,171,0,5,large-au-observed,0,,0,0,21.203,23.727,0,,0.000,0.000,0.000,0.000,0,0,0,,29,0,0,5.414,0,788,0.112,0.000,0.000,0.111,0.000,0.078,0.012,1,1,1,1,0,1,1,0,0,0,0,0,1.000,0.000,0.000,30,0,0.000,0,0,0,0.000,0.000,0.000,0.000,0.000,0.000,0.000,2.345,19.801,0,0,0,0,0,0,0,0,0.000,0.000,0.000,0.000,0.000,0.000,0,0.423,16.501,557,565,2784,94.596,218.035,66.289,218.035,28159.529,756,1,H.264,93.974,0,0,216.512,217.868,0.999,162.304,92.439,arrival-gap-jitter-spike,1144.508,0,1,1,1,1,29304.037,502.052,545.390,546.458,546.458,0,0,11,0,0,6,0,,,133.401,176.660,668,1,decoded,0,0,0,0,0,0,0,0,0,0,,104.130,0.000,107.396,0.000,0.000,0.000,138.434,stale-before-upload,0.001,784,0.000,112.440,4.595,0.093,0.329,0.001,0.000,0.328,1,0,0,1,3,0.061,16.480,16.501,33.848,16.570,2.000,RecoveryDeadline,1,1,0,0.000,1,2,2,1,0.060,0.000,0.060,0,100,0,22671,21310,1316,0,1261
30.309,Custom_loss6_delay0-100_dup0_reorder6_burst0,Loopback,1,1,0,,,0.000,0,21,813,18.440,18.457,18.567,116.838,102.496,23.528,71.529,19.564,0.060,0.253,22079,1410,20643,19233,2941,1735,207,896,772,124,103,0,19236,598,202,0,0,0,0,5.000,0,0,0,0,0,0,0,0,0,0,0,0,0,0,0,0.000,0.000,0.000,,586,586,2878,0,1,33.390,216.512,34.665,217.868,0.000,0.000,578,574,11418,722,195,0,2008,3207,815,1,nack-sent,pending,H.264,0,1,24,10,14,0,0,1,0,14,0,0,23471,5,0,0,0,0,0,40.679,135,207,124,117,124,0,64.832,22.567,101.259,5,0,471,26,497,0,147,21,0.395,0.605,0.948,1.000,0.125,39.000,0.000,0.833,0.500,retransmit-late,961,8724,0,0,603,8172,2008,20420,356,539,2,13,20412,predicted-useful,likely-arrival,3303,0.250,193,497,0,1,0,0,0,7,7,7,7,183,2954,183,2954,0,0,0,pacing,1,0.817,9.821,117.821,0,0,7,7,0,0,0,0,8,11,11,0,808,1,1,sent,79,207,0,6,58,5,0,0,10,17,8,11,2,6,810,4,stale-age,0,0,0,0,11,0,0,0,0,1,0,13,0,0,2962,2458,118,0,1,9500000,1200000,11,0,11,23496,23485,28798393,1316,1620487,701,865440,0,0,0,0,0,0.526,37.644,1099.625,4800.000,1218,42705,22065,9412,20640,11228,0.299,11.609,1.405,1218,4434004,7500782,2.074,2.585,0.453,20.345,42705,2007,589,20406,527,1472,8,190,189,346,40,71,1,13,27,0,0,0,0,0,0,0,0,0,0,149,1,1,0,4,3985,3207,3207,0,0,0,0,0,,disabled,,0,0,0,0,,1,Fixed Quality,Hybrid,85,30,9500,12000,640,360,H.264,480,270,518400,28178,518400,28178,0.054,0.000,,0,0,0.000,2.283,0.000,0.000,0.085,7250,6750,6750,16,16,0,1,9500,1.000,0,13.426,0.000,0,0,0.000,0.000,0,0,0,0,0.272,0.676,0.052,1,0,0,disabled,24,0,0,106,240,106,109,25,178,178,0,5,large-au-observed,0,,0,0,15.404,23.729,0,,0.000,0.000,0.000,0.000,0,0,0,,30,0,0,5.320,0,816,0.085,0.000,0.000,0.085,0.000,0.059,0.007,1,1,1,1,0,1,1,0,0,0,1,0,0.860,132.546,0.000,26,0,0.000,0,0,0,0.000,0.000,0.000,0.000,0.000,0.000,0.000,2.190,10.114,0,0,0,0,0,0,0,0,0.000,0.000,0.000,0.000,0.000,0.000,0,0.509,18.457,578,586,2878,34.829,218.035,66.289,218.035,28159.529,756,1,H.264,93.974,0,0,216.512,217.868,0.999,162.304,92.439,arrival-gap-jitter-spike,2150.104,0,1,1,1,1,30309.633,502.052,545.390,546.458,546.458,0,0,11,0,0,6,0,,,133.401,176.660,668,1,decoded,0,0,0,0,0,0,0,0,0,0,,109.954,0.000,113.051,0.000,0.000,0.000,138.419,stale-before-upload,0.001,813,0.000,118.958,5.379,0.099,0.357,0.002,0.000,0.355,1,0,0,1,3,0.060,18.440,18.457,19.564,18.567,1.000,RecoveryDeadline,0,1,0,1.000,0,1,1,1,0.060,0.000,0.060,0,100,0,23515,22116,1358,0,1313
31.314,Custom_loss6_delay0-100_dup0_reorder6_burst0,Loopback,1,1,0,,,0.000,0,21,838,21.426,21.401,21.239,95.676,102.450,41.385,70.452,9.611,0.061,0.254,22832,1476,21375,19899,3038,1794,215,922,795,127,107,0,19902,616,210,0,0,0,0,5.000,0,0,0,0,0,0,0,0,0,0,0,0,0,0,0,0.000,0.000,0.000,,604,604,2977,0,1,35.700,216.512,37.062,217.868,0.000,0.000,596,592,11788,743,203,0,2073,3308,840,1,expired-no-slack,expired,H.264,0,1,24,23,1,5,4,2,8,19,0,0,24208,5,0,0,0,0,0,120.672,141,215,127,120,127,0,64.850,22.328,101.259,5,0,488,28,516,0,154,22,0.396,0.604,0.946,1.000,0.125,45.000,0.167,0.833,0.000,duplicate-guard,995,8998,0,0,623,8424,2073,21083,370,561,2,13,21075,predicted-useful,likely-arrival,3411,0.625,200,516,0,1,0,0,0,7,7,7,7,190,3075,190,3075,0,0,0,pacing,1,0.839,12.603,120.603,0,0,7,7,0,0,0,0,8,11,11,0,808,1,1,sent,80,209,0,6,59,5,0,0,10,17,8,11,2,6,836,2,stale-age,0,0,0,0,11,0,0,0,0,1,0,13,0,0,3083,2538,122,0,1,9500000,1200000,0,0,0,24295,24295,29790523,1365,1680869,726,895958,0,0,0,0,0,19.411,37.644,10862.875,4800.000,1260,44199,22827,9762,21372,11610,0.300,29.961,0.069,1260,4300832,7526964,0.858,5.639,0.493,15.708,44199,2073,607,21083,545,1520,8,198,197,357,41,73,2,13,28,0,0,0,0,0,0,0,0,0,0,156,1,1,0,4,4112,3308,3308,0,0,0,0,0,,disabled,,0,0,0,0,,1,Fixed Quality,Hybrid,85,30,9500,12000,640,360,H.264,480,270,518400,28176,518400,28176,0.054,0.000,,0,0,0.000,3.004,0.000,0.000,0.131,7250,6750,6750,16,16,0,1,9500,1.000,0,19.411,0.000,0,0,0.000,0.000,0,0,0,0,0.273,0.672,0.054,1,0,0,disabled,24,0,0,110,250,110,112,28,184,184,0,5,large-au-observed,0,,0,0,18.239,23.727,0,,0.000,0.000,0.000,0.000,0,0,0,,31,0,0,5.274,0,843,0.131,0.000,0.000,0.130,0.000,0.082,0.022,1,1,1,1,0,1,1,0,0,0,1,0,0.860,72.721,0.000,26,0,0.000,0,0,0,0.000,0.000,0.000,0.000,0.000,0.000,0.000,2.860,31.209,0,0,0,0,0,0,0,0,0.000,0.000,0.000,0.000,0.000,0.000,0,0.494,21.402,596,604,2977,36.908,218.035,66.289,218.035,28159.529,756,1,H.264,93.974,0,0,216.512,217.868,0.999,162.304,92.439,arrival-gap-jitter-spike,3155.306,0,1,1,1,1,31314.835,502.052,545.390,546.458,546.458,0,0,11,0,0,6,0,,,133.401,176.660,668,1,decoded,0,0,0,0,0,0,0,0,0,0,,100.862,0.000,104.382,0.000,0.000,0.000,127.838,stale-before-upload,0.001,838,0.000,111.902,7.009,0.107,0.350,0.001,0.000,0.349,1,0,0,1,3,0.061,21.426,21.401,9.611,21.239,2.000,RecoveryDeadline,0,1,0,0.000,1,2,2,1,0.060,0.000,0.060,0,100,0,24326,22874,1406,0,1355
32.316,Custom_loss6_delay0-100_dup0_reorder6_burst0,Loopback,1,1,0,,,0.000,0,21,866,23.922,21.959,22.141,88.880,102.419,31.011,69.092,21.311,0.060,0.252,23593,1513,22079,20566,3124,1844,219,953,822,131,108,0,20569,638,215,0,0,0,0,5.000,0,0,0,0,0,0,0,0,0,0,0,0,0,0,0,0.000,0.000,0.000,,625,625,3067,0,1,19.213,216.512,20.491,217.868,0.000,0.000,617,613,12145,769,207,0,2130,3409,867,1,expired-no-slack,expired,H.264,0,1,24,22,2,4,0,3,6,13,0,0,25020,16,0,0,0,0,0,126.890,148,219,131,124,131,0,65.023,22.388,101.259,5,0,503,30,533,0,160,23,0.403,0.597,0.944,1.000,0.126,45.000,0.200,0.800,0.000,duplicate-guard,1030,9242,0,0,643,8642,2130,21613,385,587,2,13,21604,predicted-useful,likely-arrival,3515,0.083,207,533,0,1,0,0,0,7,7,7,7,197,3195,197,3195,0,0,0,pacing,1,0.834,9.338,117.338,0,0,7,7,0,0,0,0,8,11,11,0,808,1,1,sent,84,218,0,6,63,5,0,0,10,17,8,11,2,6,865,1,stale-age,0,0,0,0,11,0,0,0,0,1,0,14,0,0,3203,2612,126,0,1,9500000,1200000,0,0,0,25092,25092,30767059,1412,1738761,752,928350,0,0,0,0,0,17.768,37.644,8502.500,4800.000,1301,45667,23589,10128,22078,11950,0.300,11.965,0.146,1301,5061797,8306775,0.815,2.437,0.469,10.080,45667,2130,629,21613,563,1559,8,202,201,364,43,77,2,13,30,0,0,0,0,0,0,0,0,0,0,158,1,1,0,4,4235,3409,3409,0,0,0,0,0,,disabled,,0,0,0,0,,1,Fixed Quality,Hybrid,85,30,9500,12000,640,360,H.264,480,270,518400,0,518400,28178,0.054,0.000,,0,0,0.000,5.921,0.000,5.141,0.746,7250,6750,6750,16,16,0,1,9500,1.000,0,17.768,0.000,0,0,0.000,0.000,0,0,0,0,0.278,0.666,0.056,1,0,0,disabled,0,0,0,114,259,114,117,28,190,190,0,5,async-output-pending,0,,0,0,0.000,0.000,0,,17.527,10601.562,45673.077,0.000,0,0,0,,32,0,0,0.000,1,0,0.733,0.205,0.526,0.000,0.000,0.000,0.000,0,0,1,1,1,0,0,1,1,0,1,0,0.860,166.798,0.000,26,0,0.000,0,0,0,0.000,0.000,0.000,0.000,0.000,0.000,0.000,0.000,20.556,0,0,0,0,0,0,0,0,0.000,0.000,0.000,0.000,0.000,0.000,0,0.532,21.959,617,625,3067,20.846,218.035,66.289,218.035,28159.529,756,1,H.264,93.974,0,0,216.512,217.868,0.999,162.304,92.439,arrival-gap-jitter-spike,4157.018,0,1,1,1,1,32316.547,502.052,545.390,546.458,546.458,0,0,11,0,0,6,0,,,133.401,176.660,668,1,decoded,0,0,0,0,0,0,0,0,0,0,,101.264,0.000,104.459,0.000,0.000,0.000,124.440,stale-before-upload,0.001,866,0.000,111.403,6.372,0.115,0.342,0.001,0.000,0.341,1,0,0,1,3,0.060,23.922,21.959,21.311,22.141,2.000,RecoveryDeadline,0,1,0,0.000,1,1,1,1,0.060,0.000,0.060,0,100,0,25124,23633,1456,0,1391
33.320,Custom_loss6_delay0-100_dup0_reorder6_burst0,Loopback,1,1,0,,,0.000,0,21,894,18.724,18.750,19.556,123.966,102.477,38.988,68.088,4.276,0.061,0.254,24343,1577,22791,21214,3208,1900,227,972,838,134,109,0,21217,656,223,0,0,0,0,5.000,0,0,0,0,0,0,0,0,0,0,0,0,0,0,0,0.000,0.000,0.000,,643,643,3163,0,1,56.544,216.512,57.685,217.868,0.000,0.000,635,631,12535,790,215,0,2197,3514,896,1,nack-sent,pending,H.264,0,1,24,21,3,3,3,2,4,12,0,0,25876,13,0,0,0,0,0,76.802,154,227,134,127,134,0,64.168,22.855,101.259,5,0,520,31,551,0,164,24,0.404,0.596,0.944,1.000,0.128,45.000,0.455,0.545,0.000,duplicate-guard,1068,9522,0,0,663,8895,2197,22208,402,611,3,16,22200,predicted-useful,fec-grace,3622,0.125,213,551,0,2,0,0,0,7,7,7,7,202,3274,202,3274,0,0,0,pacing,1,0.789,8.856,116.856,0,0,7,7,0,0,0,0,9,13,13,0,877,2,2,sent,88,230,0,6,66,5,0,0,11,19,9,13,2,6,893,2,stale-age,0,0,0,0,13,0,0,0,0,1,0,14,0,0,3283,2694,130,0,1,9500000,1200000,10,0,10,25920,25910,31769717,1460,1797899,784,967584,0,0,0,0,0,4.676,37.644,1071.625,4800.000,1342,47110,24326,10458,22784,12326,0.301,13.802,0.065,1342,6566086,10206644,1.043,3.545,0.460,13.128,47110,2196,647,22205,584,1604,8,210,209,377,44,79,2,13,31,0,0,0,0,0,0,0,0,0,0,165,1,1,0,4,4373,3514,3514,0,0,0,0,0,,disabled,,0,0,0,0,,1,Fixed Quality,Hybrid,85,30,9500,12000,640,360,H.264,480,270,518400,28176,518400,28176,0.054,0.000,,0,0,0.000,2.217,0.000,0.000,0.079,7250,6750,6750,16,16,0,1,9500,1.000,0,14.002,0.000,0,0,0.000,0.000,0,0,0,0,0.279,0.664,0.056,1,0,0,disabled,24,0,0,118,268,118,122,28,197,197,0,5,large-au-observed,0,,0,0,17.459,23.727,0,,0.000,0.000,0.000,0.000,0,0,0,,33,0,0,3.595,0,898,0.078,0.000,0.000,0.078,0.000,0.051,0.010,1,1,1,1,0,1,1,0,0,0,1,0,0.860,31.912,0.000,26,0,0.000,0,0,0,0.000,0.000,0.000,0.000,0.000,0.000,0.000,2.122,7.940,0,0,0,0,0,0,0,0,0.000,0.000,0.000,0.000,0.000,0.000,0,0.455,18.746,635,643,3163,57.878,218.035,66.289,218.035,28159.529,756,1,H.264,93.974,0,0,216.512,217.868,0.999,162.304,92.439,arrival-gap-jitter-spike,5160.862,0,1,1,1,1,33320.391,502.052,545.390,546.458,546.458,0,0,11,0,0,6,0,,,133.401,176.660,668,1,decoded,0,0,0,0,0,0,0,0,0,0,,110.980,0.000,113.893,0.000,0.000,0.000,141.983,stale-before-upload,0.001,894,0.000,119.003,4.627,0.081,0.289,0.005,0.000,0.284,1,0,0,1,3,0.061,18.724,18.750,4.276,19.556,1.000,RecoveryDeadline,0,1,0,0.500,2,1,1,1,0.060,0.000,0.060,0,100,0,25943,24379,1511,0,1438
34.321,Custom_loss6_delay0-100_dup0_reorder6_burst0,Loopback,1,1,0,,,0.000,0,21,923,22.525,22.507,22.061,105.324,102.531,4.954,66.052,16.511,0.061,0.250,25135,1622,23531,21909,3312,1949,231,1021,878,143,111,0,21912,680,227,0,0,0,0,5.000,0,0,0,0,0,0,0,0,0,0,0,0,0,0,0,0.000,0.000,0.000,,667,667,3252,0,1,59.461,216.512,60.905,217.868,0.000,0.000,659,654,12928,823,219,0,2262,3620,924,1,nack-sent,pending,H.264,0,1,24,21,3,4,3,2,6,14,0,0,26709,10,0,0,0,0,0,81.067,162,231,143,136,143,0,64.158,22.141,101.259,5,0,541,35,576,0,175,24,0.412,0.588,0.939,1.000,0.121,45.000,0.444,0.556,0.000,duplicate-guard,1104,9779,0,0,682,9127,2262,22814,419,636,3,16,22805,predicted-useful,fec-grace,3735,0.000,222,576,0,2,0,0,0,8,8,8,8,211,3411,211,3411,0,0,0,pacing,1,0.751,13.033,121.033,0,0,8,8,0,0,0,0,9,13,13,0,877,2,2,sent,90,235,0,6,68,5,0,0,11,19,9,13,2,6,906,2,stale-age,0,0,0,0,16,0,0,0,0,1,0,15,0,0,3421,2770,134,0,1,9500000,1200000,10,0,10,26755,26745,32792947,1515,1865745,810,999346,0,0,0,0,0,0.899,37.644,129.938,4800.000,1383,48643,25118,10812,23525,12713,0.301,18.254,0.974,1383,5116915,8412078,1.627,-3.971,0.479,12.469,48643,2261,671,22811,608,1645,8,214,213,384,44,79,2,13,31,0,0,0,0,0,0,0,0,0,0,169,1,1,0,4,4510,3620,3620,0,0,0,0,0,,disabled,,0,0,0,0,,1,Fixed Quality,Hybrid,85,30,9500,12000,640,360,H.264,480,270,518400,28178,518400,28178,0.054,0.000,,0,0,0.000,2.877,0.000,0.000,0.109,7250,6750,6750,16,16,0,1,9500,1.000,0,13.446,0.000,0,0,0.000,0.000,0,0,0,0,0.281,0.658,0.061,1,0,0,disabled,24,0,0,122,279,122,127,30,205,205,0,5,large-au-observed,0,,0,0,16.369,23.729,0,,0.000,0.000,0.000,0.000,0,0,0,,34,0,0,3.853,0,926,0.108,0.000,0.000,0.107,0.000,0.073,0.010,1,1,1,1,0,1,1,0,0,0,0,0,1.000,0.000,0.000,30,0,0.000,0,0,0,0.000,0.000,0.000,0.000,0.000,0.000,0.000,2.755,9.620,0,0,0,0,0,0,0,0,0.000,0.000,0.000,0.000,0.000,0.000,0,0.607,22.507,659,667,3252,61.112,218.035,66.289,218.035,28159.529,756,1,H.264,93.974,0,0,216.512,217.868,0.999,162.304,92.439,arrival-gap-jitter-spike,6162.150,0,1,1,1,1,34321.679,502.052,545.390,546.458,546.458,0,0,11,0,0,6,0,,,133.401,176.660,668,1,decoded,0,0,0,0,0,0,0,0,0,0,,100.119,0.000,103.955,7.286,0.000,118.589,132.662,stale-before-upload,0.001,922,0.000,109.417,6.479,0.105,0.354,0.001,0.000,0.353,1,0,0,1,3,0.061,22.525,22.507,16.511,22.061,1.000,Loss,0,1,0,0.667,3,2,2,1,0.060,0.000,0.060,0,100,0,26779,25174,1560,0,1487
35.325,Custom_loss6_delay0-100_dup0_reorder6_burst0,Loopback,1,1,0,,,0.000,0,21,952,17.462,17.485,17.762,91.348,102.359,71.739,66.230,27.535,0.060,0.249,25852,1664,24197,22533,3422,2006,234,1065,912,153,117,0,22536,701,233,0,0,0,0,5.000,0,0,0,0,0,0,0,0,0,0,0,0,0,0,0,0.000,0.000,0.000,,688,688,3346,0,1,28.574,216.512,29.731,217.868,0.000,0.000,680,674,13306,854,225,0,2324,3733,952,1,completed,completed,H.264,0,1,22,22,0,6,5,2,5,14,0,0,27461,13,0,0,0,0,0,87.812,169,234,153,141,153,0,62.745,22.934,101.259,5,0,561,36,597,0,184,25,0.419,0.581,0.940,1.000,0.120,45.000,0.273,0.727,0.125,duplicate-guard,1134,10033,0,0,700,9360,2324,23381,431,657,3,16,23371,predicted-useful,fec-grace,3843,0.000,231,597,0,2,0,0,0,8,8,8,8,218,3534,218,3534,0,0,0,pacing,1,0.826,9.343,117.343,0,0,8,8,0,0,0,0,9,13,13,0,877,2,2,sent,96,251,0,6,71,6,0,0,13,25,9,13,4,12,951,2,stale-age,0,0,0,0,21,0,0,0,0,1,0,15,0,0,3544,2848,138,0,1,9500000,1200000,2,0,2,27497,27495,33711851,1566,1928221,837,1032982,0,0,0,0,0,7.559,37.644,1100.812,4800.000,1422,50024,25840,11072,24184,13112,0.300,37.775,0.000,1422,4195702,6478211,1.218,66.785,0.470,14.860,50024,2324,692,23381,628,1688,8,220,219,397,44,79,2,13,31,0,0,0,0,0,0,0,0,0,0,175,1,1,0,4,4636,3733,3733,0,0,0,0,0,,disabled,,0,0,0,0,,1,Fixed Quality,Hybrid,85,30,9500,12000,640,360,H.264,480,270,518400,26096,518400,26096,0.050,0.000,,0,0,0.000,2.353,0.000,0.000,0.118,6250,6250,6250,17,17,0,1,9500,0.880,1,9.058,0.000,0,0,0.000,0.000,0,0,0,0,0.283,0.657,0.060,1,0,0,latency-pressure-freshness-hold,22,0,0,126,289,126,133,30,213,213,0,5,large-au-observed,0,,0,0,14.767,21.976,0,,0.000,0.000,0.000,0.000,0,0,0,,35,0,0,12.449,0,954,0.118,0.000,0.000,0.117,0.000,0.074,0.017,1,1,1,1,0,1,1,0,0,0,1,0,0.860,179.993,0.000,26,0,0.000,0,0,0,0.000,0.000,0.000,0.000,0.000,0.000,0.000,2.225,10.113,0,0,0,0,0,0,0,0,0.000,0.000,0.000,0.000,0.000,0.000,0,0.448,17.485,680,688,3346,29.670,218.035,66.289,218.035,28159.529,756,1,H.264,93.974,0,0,216.512,217.868,0.999,162.304,92.439,arrival-gap-jitter-spike,7165.306,0,1,1,1,1,35324.835,502.052,545.390,546.458,546.458,0,0,12,0,0,7,1,latency-pressure freshness,latency-over-80ms,127.942,176.660,945,1,decoded,0,0,0,0,0,0,0,0,0,0,,86.695,0.000,88.967,4.852,0.000,100.321,125.674,stale-before-upload,0.001,951,0.000,93.142,6.263,0.083,0.347,0.084,0.000,0.263,1,0,0,1,3,0.060,17.462,17.485,27.535,17.762,0.500,Loss,0,1,0,1.000,1,1,1,1,0.060,0.000,0.060,0,100,0,27530,25890,1601,0,1542
36.326,Custom_loss6_delay0-100_dup0_reorder6_burst0,Loopback,1,1,0,,,0.000,0,21,977,16.832,16.811,22.551,108.007,102.390,9.403,64.508,124.983,0.061,0.248,26538,1713,24839,23126,3523,2073,238,1091,937,154,121,0,23129,720,238,0,0,0,0,5.000,0,0,0,0,0,0,0,0,0,0,0,0,0,0,0,0.000,0.000,0.000,,707,707,3441,0,1,165.448,216.512,166.631,217.868,0.000,0.000,699,694,13681,874,230,0,2387,3842,978,1,fec-recovered,pending,H.264,1,1,23,22,1,5,5,3,11,45,2,0,28172,8,28195,2,0,0,0,91.035,178,238,154,142,154,0,62.807,23.076,101.259,5,0,575,38,613,0,187,27,0.428,0.572,0.938,1.000,0.126,38.000,0.571,0.429,1.000,retransmit-late,1164,10236,0,0,718,9545,2387,23964,443,675,3,16,23954,predicted-useful,fec-grace,3948,0.000,237,613,0,2,0,0,0,9,9,9,9,224,3615,224,3615,0,0,0,pacing,1,0.757,12.953,120.953,0,0,9,9,0,0,0,0,9,13,13,0,877,2,2,sent,98,259,0,6,73,6,0,0,13,25,9,13,4,12,964,4,stale-age,0,0,0,0,21,0,0,0,0,1,0,15,0,0,3626,2924,142,0,1,9500000,1200000,21,0,21,28246,28225,34613035,1610,1982701,861,1062878,0,0,0,0,0,0.689,37.644,4356.312,4800.000,1460,51350,26519,11430,24831,13401,0.301,9.877,1.093,1460,4577653,6848164,2.389,40.961,0.502,8.593,51350,2387,711,23964,652,1727,8,225,224,408,46,83,2,13,33,0,0,0,0,0,0,0,0,0,0,178,1,1,0,4,4771,3842,3842,0,0,0,0,0,,disabled,,0,0,0,0,,1,Fixed Quality,Hybrid,85,30,9500,12000,640,360,H.264,480,270,518400,27136,518400,27136,0.052,0.000,,0,0,0.000,2.005,0.000,0.000,0.086,7250,6500,6500,18,18,0,1,9500,1.000,0,8.275,0.000,0,0,0.000,0.000,0,0,0,0,0.290,0.648,0.062,1,0,0,disabled,23,0,0,130,299,130,138,31,221,221,0,5,large-au-observed,0,,0,0,16.937,22.851,0,,0.000,0.000,0.000,0.000,0,0,0,,36,0,0,5.291,0,981,0.086,0.000,0.000,0.085,0.000,0.060,0.008,1,1,1,1,0,1,1,0,0,0,0,0,1.000,0.000,0.000,30,0,0.000,0,0,0,0.000,0.000,0.000,0.000,0.000,0.000,0.000,1.910,9.931,0,0,0,0,0,0,0,0,0.000,0.000,0.000,0.000,0.000,0.000,0,0.432,16.812,699,707,3441,166.805,218.035,66.289,218.035,28159.529,756,1,H.264,93.974,0,0,216.512,217.868,0.999,162.304,92.439,arrival-gap-jitter-spike,8166.550,0,1,1,1,1,36326.079,502.052,545.390,546.458,546.458,0,0,12,0,0,7,0,,,127.942,176.660,945,1,decoded,0,0,0,0,0,0,0,0,0,0,,102.643,0.000,105.423,0.000,0.000,0.000,139.004,stale-before-upload,0.001,977,0.000,112.203,6.328,0.087,0.357,0.001,0.000,0.356,1,0,0,1,3,0.061,16.832,16.811,124.983,22.551,2.000,Jitter,0,1,0,1.000,2,2,2,1,0.060,0.000,0.060,0,100,0,28261,26581,1641,0,1590
37.334,Custom_loss6_delay0-100_dup0_reorder6_burst0,Loopback,1,1,0,,,0.000,0,21,1004,21.154,21.147,19.785,102.419,102.448,69.166,64.645,45.339,0.061,0.246,27283,1760,25540,23780,3624,2128,247,1128,967,161,121,0,23783,742,242,0,0,0,0,5.000,0,0,0,0,0,0,0,0,0,0,0,0,0,0,0,0.000,0.000,0.000,,729,729,3535,0,1,0.355,216.512,1.933,217.868,0.000,0.000,721,715,14062,903,234,0,2449,3954,1006,1,fec-recovered,pending,H.264,1,1,24,24,0,6,5,3,13,36,0,3,28959,22,28967,0,0,0,0,108.620,179,247,161,149,161,0,62.600,23.351,118.650,5,0,592,41,633,0,190,27,0.420,0.580,0.935,1.000,0.124,45.000,0.000,1.000,0.000,duplicate-guard,1192,10471,0,0,735,9762,2449,24601,454,693,3,16,24591,predicted-useful,fec-grace,4057,0.292,244,633,0,2,0,0,0,9,9,9,9,230,3705,230,3705,0,0,0,pacing,1,0.758,10.558,118.558,0,0,9,9,0,0,0,0,10,15,15,0,989,2,2,sent,101,267,0,6,75,6,0,0,14,27,10,15,4,12,1003,3,stale-age,0,0,0,0,22,0,0,0,0,1,0,15,0,0,3716,3002,146,0,1,9500000,1200000,0,0,0,29026,29026,35597721,1659,2043241,886,1093562,0,0,0,0,0,16.571,37.644,7458.312,4800.000,1500,52813,27273,11777,25540,13763,0.302,3.850,1.351,1500,5010144,7976435,1.869,44.721,0.518,9.293,52813,2449,733,24601,675,1766,8,229,228,415,46,83,2,13,33,0,0,0,0,0,0,0,0,0,0,182,1,1,0,4,4907,3954,3954,0,0,0,0,0,,disabled,,0,0,0,0,,1,Fixed Quality,Hybrid,85,30,9500,12000,640,360,H.264,480,270,518400,28178,518400,28178,0.054,0.000,,0,0,0.000,2.597,0.000,0.000,0.123,6250,6750,6750,19,19,0,1,9500,0.880,1,16.571,0.000,0,0,0.000,0.000,0,0,0,0,0.000,1.000,0.000,1,0,0,latency-pressure-freshness-hold,24,0,0,134,310,134,145,31,229,229,0,5,large-au-observed,0,,0,0,20.458,23.729,0,,0.000,0.000,0.000,0.000,0,0,0,,37,0,0,4.324,0,1009,0.122,0.000,0.000,0.121,0.000,0.086,0.012,1,1,1,1,0,1,1,0,0,0,0,0,1.000,0.000,0.000,27,0,0.000,0,0,0,0.000,0.000,0.000,0.000,0.000,0.000,0.000,2.461,9.756,0,0,0,0,0,0,0,0,0.000,0.000,0.000,0.000,0.000,0.000,0,0.598,21.147,721,729,3535,1.850,218.035,66.289,218.035,28159.529,756,1,H.264,93.974,0,0,216.512,217.868,0.999,162.304,92.439,arrival-gap-jitter-spike,9174.173,0,1,1,1,1,37333.702,502.052,545.390,546.458,546.458,0,0,13,0,0,8,1,latency-pressure freshness,latency-over-80ms,145.639,176.660,1003,1,decoded,0,0,0,0,0,0,0,0,0,0,,109.794,0.000,113.580,0.000,0.000,0.000,136.209,stale-before-upload,0.001,1004,0.000,114.254,5.682,0.113,0.364,0.001,0.000,0.363,1,0,0,1,3,0.061,21.154,21.147,45.339,19.785,1.000,Jitter,0,1,0,0.667,3,2,2,1,0.060,0.000,0.060,0,100,0,29063,27326,1687,0,1627
38.347,Custom_loss6_delay0-100_dup0_reorder6_burst0,Loopback,1,1,0,,,0.000,0,21,1031,24.135,22.273,22.033,124.465,102.400,95.208,65.518,36.249,0.060,0.243,27977,1795,26179,24384,3732,2188,258,1165,996,169,121,0,24387,766,246,0,0,0,0,5.000,0,0,0,0,0,0,0,0,0,0,0,0,0,0,0,0.000,0.000,0.000,,751,751,3633,0,1,76.452,216.512,77.683,217.868,0.000,0.000,743,737,14420,935,236,0,2504,4057,1032,1,fec-recovered,pending,H.264,1,1,22,22,0,6,4,3,14,38,2,1,29672,12,29690,4,0,0,0,139.854,185,258,169,157,169,0,62.724,23.175,118.650,5,0,617,43,660,0,193,27,0.418,0.582,0.935,1.000,0.123,45.000,0.429,0.571,0.000,duplicate-guard,1219,10685,0,0,752,9961,2504,25133,464,708,3,16,25123,predicted-useful,likely-arrival,4161,0.636,255,660,0,2,0,0,0,11,11,11,11,241,3878,241,3878,0,0,0,pacing,1,0.848,12.459,120.459,0,0,11,11,0,0,0,0,10,15,15,0,989,2,2,sent,105,279,0,6,79,6,0,0,14,27,10,15,4,12,1033,3,stale-age,0,0,0,0,22,0,0,0,0,1,0,17,0,0,3891,3070,150,0,1,9500000,1200000,0,0,0,29743,29743,36480442,1714,2111405,910,1123458,0,0,0,0,0,16.463,37.644,9527.375,4800.000,1536,54146,27967,12072,26179,14107,0.302,35.325,0.083,1536,4492670,6953069,1.720,40.985,0.519,15.626,54146,2504,755,25133,699,1797,8,231,230,417,46,83,2,13,33,0,0,0,0,0,0,0,0,0,0,184,1,1,0,4,5029,4057,4057,0,0,0,0,0,,disabled,,0,0,0,0,,1,Fixed Quality,Hybrid,85,30,9500,12000,640,360,H.264,480,270,518400,0,518400,26094,0.050,0.000,,0,0,0.000,8.198,0.000,7.067,1.093,7250,6250,6250,20,20,0,1,9500,1.000,0,16.463,0.000,0,0,0.000,0.000,0,0,0,0,0.000,1.000,0.000,1,0,0,disabled,0,0,0,138,319,138,149,32,237,237,0,5,async-output-pending,0,,0,0,0.000,0.000,0,,6.303,4086.125,39583.333,0.000,0,0,0,,38,0,0,0.000,1,0,1.079,0.232,0.844,0.000,0.000,0.000,0.000,0,0,1,1,1,0,0,1,1,0,0,0,1.000,0.000,0.000,30,0,0.000,0,0,0,0.000,0.000,0.000,0.000,0.000,0.000,0.000,0.000,10.202,0,0,0,0,0,0,0,0,0.000,0.000,0.000,0.000,0.000,0.000,0,0.539,22.273,743,751,3633,77.856,218.035,66.289,218.035,28159.529,756,1,H.264,93.974,0,0,216.512,217.868,0.999,162.304,92.439,arrival-gap-jitter-spike,10187.401,0,1,1,1,1,38346.930,502.052,545.390,546.458,546.458,0,0,13,0,0,8,0,,,145.639,176.660,1003,1,decoded,0,0,0,0,0,0,0,0,0,0,,106.406,0.000,109.645,0.000,0.000,0.000,145.000,stale-before-upload,0.001,1031,0.000,118.225,8.060,0.105,0.424,0.001,0.000,0.423,1,0,0,1,3,0.060,24.135,22.273,36.249,22.033,1.000,RecoveryDeadline,0,1,0,1.000,0,2,2,1,0.060,0.000,0.060,0,100,0,29781,28026,1718,0,1670
39.351,Custom_loss6_delay0-100_dup0_reorder6_burst0,Loopback,1,1,0,,,0.000,0,21,1059,18.660,18.690,18.734,86.189,102.369,36.670,64.717,8.584,0.061,0.242,28674,1849,26848,24999,3829,2235,264,1205,1028,177,125,0,25002,788,251,0,0,0,0,5.000,0,0,0,0,0,0,0,0,0,0,0,0,0,0,0,0.000,0.000,0.000,,773,773,3723,0,1,43.849,216.512,45.006,217.868,0.000,0.000,764,758,14777,965,241,0,2563,4154,1060,1,fec-recovered,pending,H.264,1,1,23,20,3,4,3,3,9,27,0,0,30453,5,0,0,0,0,0,70.937,195,264,177,165,177,0,62.596,23.140,118.650,5,0,641,43,684,0,206,28,0.425,0.575,0.937,1.000,0.120,45.000,0.286,0.714,0.000,duplicate-guard,1251,10907,0,0,771,10161,2563,25637,477,730,3,16,25626,predicted-useful,fec-grace,4263,0.174,265,684,0,2,0,0,0,14,14,14,14,251,4019,251,4019,0,0,0,pacing,1,0.728,12.464,120.464,0,0,14,14,0,0,0,0,10,15,15,0,989,2,2,sent,111,292,0,7,84,6,0,0,14,27,10,15,4,12,1060,4,stale-age,0,0,0,0,24,0,0,0,0,1,0,17,0,0,4035,3136,154,0,1,9500000,1200000,10,0,10,30499,30489,37401830,1766,2175835,934,1153056,0,0,0,0,0,0.637,37.644,1080.625,1552.650,1572,55470,28653,12364,26817,14453,0.301,4.453,1.902,1572,5285946,8339275,2.681,21.081,0.478,10.083,55470,2563,776,25637,721,1834,8,236,235,429,47,84,1,14,33,0,0,0,0,0,0,0,0,0,0,188,1,1,0,4,5147,4154,4154,0,0,0,0,0,,disabled,,0,0,0,0,,1,Fixed Quality,Hybrid,85,30,9500,12000,640,360,H.264,480,270,518400,27138,518400,27138,0.052,0.000,,0,0,0.000,2.442,0.000,0.000,0.089,7250,6500,6500,21,21,0,1,9500,0.990,1,16.173,0.000,0,0,2.794,0.000,3732,0,0,0,0.000,0.000,1.000,1,0,0,fixed-pacing-queue-hold,23,0,0,142,328,142,154,32,245,245,0,5,large-au-observed,0,,0,0,0.142,22.853,0,,0.000,0.000,0.000,0.000,0,0,0,,39,0,0,5.082,0,1062,0.088,0.000,0.000,0.088,0.000,0.061,0.008,1,1,1,1,0,1,1,0,0,0,0,0,1.000,0.000,0.000,24,0,0.000,0,0,0,0.000,0.000,0.000,0.000,0.000,0.000,0.000,2.340,10.257,0,0,0,0,0,0,0,0,0.000,0.000,0.000,0.000,0.000,0.000,0,0.608,18.690,764,773,3723,45.156,218.035,66.289,218.035,28159.529,756,1,H.264,93.974,0,0,216.512,217.868,0.999,162.304,92.439,arrival-gap-jitter-spike,11192.135,0,1,1,1,1,39351.664,502.052,545.390,546.458,546.458,0,0,14,0,0,9,1,latency-pressure freshness,latency-over-80ms,145.475,176.660,1032,1,H.264,0,0,0,0,0,0,0,0,0,0,,99.389,0.000,102.708,0.000,0.000,0.000,123.094,stale-before-decode,0.001,1059,0.000,110.011,6.657,0.100,0.329,0.001,0.000,0.328,1,0,0,1,3,0.060,18.660,18.690,8.584,18.734,1.000,RecoveryDeadline,0,1,0,2.000,1,2,2,1,0.060,0.000,0.060,0,100,0,30528,28719,1767,0,1703
40.354,Custom_loss6_delay0-100_dup0_reorder6_burst0,Loopback,1,1,0,,,0.000,0,21,1087,21.071,21.028,20.860,105.633,102.343,112.844,66.017,5.661,0.060,0.241,29423,1881,27529,25648,3937,2310,271,1228,1047,181,128,0,25651,809,257,0,0,0,0,5.000,0,0,0,0,0,0,0,0,0,0,0,0,0,0,0,0.000,0.000,0.000,,794,794,3817,0,1,40.216,216.512,41.798,217.868,0.000,0.000,785,779,15175,990,247,0,2625,4269,1089,1,fec-recovered,pending,H.264,1,1,24,16,8,5,2,2,9,32,1,0,31261,8,31283,1,0,0,0,65.262,205,271,181,169,181,0,62.680,22.938,118.650,5,0,662,43,705,0,213,29,0.431,0.569,0.939,1.000,0.120,45.000,0.571,0.429,0.000,duplicate-guard,1286,11128,0,0,789,10355,2625,26221,494,757,3,16,26209,predicted-useful,likely-arrival,4373,0.542,272,705,0,2,0,0,0,14,14,14,14,258,4129,258,4129,0,0,0,pacing,1,0.812,10.878,118.878,0,0,14,14,0,0,0,0,10,15,15,0,989,2,2,sent,114,300,0,8,86,6,0,0,14,27,10,15,4,12,1075,2,stale-frame-lag,0,0,0,0,24,0,0,0,0,1,0,17,0,0,4145,3216,158,0,1,9500000,1200000,0,0,0,31276,31276,38369322,1816,2237619,958,1182488,0,0,0,0,0,14.361,37.644,5377.000,4449.450,1612,56943,29417,12700,27526,14826,0.302,4.138,0.791,1612,5799941,8939281,1.728,32.099,0.453,15.196,56943,2625,797,26221,746,1871,8,242,241,439,48,85,1,15,33,0,0,0,0,0,0,0,0,0,0,193,1,1,0,4,5285,4269,4269,0,0,0,0,0,,disabled,,0,0,0,0,,1,Fixed Quality,Hybrid,85,30,9500,12000,640,360,H.264,480,270,518400,0,518400,28178,0.054,0.000,,0,0,0.000,8.166,0.000,7.299,0.827,7250,6750,6750,22,22,0,1,9500,1.000,0,14.361,0.000,0,0,0.000,0.000,0,0,0,0,0.291,0.648,0.061,1,0,0,disabled,0,0,0,146,340,146,160,34,254,254,4,5,async-output-pending,0,,0,0,0.000,0.000,0,,14.319,8669.875,45673.077,0.000,0,0,0,,40,0,0,0.000,1,0,0.813,0.194,0.617,0.000,0.000,0.000,0.000,0,0,1,1,1,0,0,1,1,0,1,0,0.860,165.110,0.000,26,0,0.000,0,0,0,0.000,0.000,0.000,0.000,0.000,0.000,0.000,0.000,18.399,0,0,0,0,0,0,0,0,0.000,0.000,0.000,0.000,0.000,0.000,0,0.652,21.028,785,794,3817,41.837,218.035,66.289,218.035,28159.529,756,1,H.264,93.974,0,0,216.512,217.868,0.999,162.304,92.439,arrival-gap-jitter-spike,12194.916,0,1,1,1,1,40354.445,502.052,545.390,546.458,546.458,0,0,14,0,0,9,0,,,145.475,176.660,1032,1,H.264,0,0,0,0,0,0,0,0,0,0,,103.092,0.000,106.922,0.000,0.000,0.000,132.816,stale-before-decode,0.001,1087,0.000,114.241,6.602,0.128,0.465,0.002,0.000,0.463,1,0,0,1,3,0.060,21.071,21.028,5.661,20.860,1.000,Loss,0,1,0,0.000,1,1,1,1,0.060,0.000,0.060,0,100,0,31316,29466,1812,0,1736
41.354,Custom_loss6_delay0-100_dup0_reorder6_burst0,Loopback,1,1,0,,,0.000,0,21,1115,15.976,13.520,13.422,101.510,102.409,37.928,65.278,24.669,0.060,0.241,30059,1913,28112,26199,4027,2371,276,1252,1068,184,128,0,26202,827,262,0,0,0,0,5.000,0,0,0,0,0,0,0,0,0,0,0,0,0,0,0,0.000,0.000,0.000,,812,812,3912,0,1,85.482,216.512,87.261,217.868,0.000,0.000,802,796,15503,1011,252,0,2679,4363,1115,1,retransmit-late-after-completed,completed,H.264,1,1,22,22,0,0,0,3,0,8,2,0,31957,1,31957,1,31957,1,1,105.888,212,276,184,172,184,0,62.790,22.636,118.650,5,0,677,43,720,0,218,31,0.434,0.566,0.940,1.000,0.124,38.000,1.000,0.000,0.000,insufficient-sample,1315,11324,0,0,805,10529,2679,26742,507,779,3,16,26728,predicted-useful,likely-arrival,4462,0.364,277,720,0,2,0,0,0,14,14,14,14,263,4205,263,4205,0,0,0,pacing,1,0.790,5.767,113.767,0,0,14,14,0,0,0,0,10,15,15,0,989,2,2,sent,115,303,0,8,87,6,0,0,14,27,10,15,4,12,1090,3,stale-age,0,0,0,0,24,0,0,0,0,1,0,17,0,0,4221,3282,162,0,1,9500000,1200000,2,0,2,31946,31944,39189286,1859,2290855,983,1213628,0,0,0,0,0,7.590,37.644,1212.438,4800.000,1648,58167,30055,12953,28112,15159,0.301,20.566,0.075,1648,4046840,6123730,2.046,10.696,0.454,9.553,58167,2679,814,26742,767,1904,8,247,246,450,50,89,2,15,35,0,0,0,0,0,0,0,0,0,0,196,1,1,0,4,5398,4363,4363,0,0,0,0,0,,disabled,,0,0,0,0,,1,Fixed Quality,Hybrid,85,30,9500,12000,640,360,H.264,480,270,518400,26096,518400,26096,0.050,0.000,,0,0,0.000,2.323,0.000,0.000,0.085,6000,6250,6250,23,23,0,1,9500,0.820,1,20.537,0.000,0,0,0.000,0.000,0,0,0,0,0.000,1.000,0.000,1,0,0,latency-pressure-freshness-hold,22,1,1,150,352,150,168,34,261,261,3,5,decoder-sync-observed,0,,0,0,24.784,21.976,0,,0.000,0.000,0.000,0.000,0,0,0,,41,0,0,6.283,0,1118,0.085,0.000,0.000,0.084,0.000,0.057,0.008,1,1,1,1,0,1,1,0,0,0,0,0,1.000,0.000,0.000,27,0,0.000,0,0,0,0.000,0.000,0.000,0.000,0.000,0.000,0.000,2.197,10.727,0,0,0,0,0,0,0,0,0.000,0.000,0.000,0.000,0.000,0.000,0,0.485,13.520,802,812,3912,86.611,218.035,66.289,218.035,28159.529,756,1,H.264,93.974,0,0,216.512,217.868,0.999,162.304,92.439,arrival-gap-jitter-spike,13194.902,0,1,1,1,1,41354.431,502.052,545.390,546.458,546.458,0,0,15,0,0,10,1,latency-pressure freshness,latency-over-80ms,172.755,176.660,1102,1,H.264,0,0,0,0,0,0,0,0,0,0,,102.780,0.000,103.353,0.000,0.000,0.000,130.755,stale-before-decode,0.001,1115,0.000,107.849,3.994,0.096,0.326,0.001,0.000,0.325,1,0,0,1,3,0.060,15.976,13.520,24.669,13.422,1.000,Loss,0,1,0,1.000,0,1,1,1,0.060,0.000,0.060,0,100,0,31985,30104,1853,0,1775
42.356,Custom_loss6_delay0-100_dup0_reorder6_burst0,Loopback,1,1,0,,,0.000,0,21,1142,24.873,23.850,23.869,104.785,102.327,71.011,65.425,7.639,0.060,0.238,30766,1969,28781,26812,4129,2412,287,1300,1110,190,130,0,26815,850,266,0,0,0,0,5.000,0,0,0,0,0,0,0,0,0,0,0,0,0,0,0,0.000,0.000,0.000,,834,834,4004,0,1,46.723,216.512,47.843,217.868,0.000,0.000,824,818,15883,1040,255,0,2741,4469,1143,1,fec-parity,pending,H.264,0,1,22,11,11,5,1,1,0,11,0,0,32698,16,0,0,0,0,0,62.107,215,287,190,178,190,0,63.007,22.359,118.650,5,0,697,45,742,0,220,31,0.428,0.572,0.939,1.000,0.124,45.000,0.000,1.000,0.000,duplicate-guard,1343,11544,0,0,823,10737,2741,27302,517,791,3,16,27287,predicted-useful,fec-grace,4570,0.000,285,742,0,2,0,0,0,15,15,15,15,271,4323,271,4323,0,0,0,pacing,1,0.792,10.201,118.201,0,0,15,15,0,0,0,0,10,15,15,0,989,2,2,sent,120,318,0,8,92,6,0,0,14,27,10,15,4,12,1141,3,stale-age,0,0,0,0,24,0,0,0,0,1,0,21,0,0,4340,3356,166,0,1,9500000,1200000,0,0,0,32697,32697,40119460,1909,2352799,1007,1243524,0,0,0,0,0,11.879,37.644,2412.938,4800.000,1687,59525,30754,13227,28771,15544,0.301,50.026,0.000,1687,5915541,8629617,1.588,15.174,0.494,24.857,59525,2741,837,27302,792,1941,8,250,249,458,51,92,3,15,36,0,0,0,0,0,0,0,0,0,0,198,1,1,0,4,5536,4469,4469,0,0,0,0,0,,disabled,,0,0,0,0,,1,Fixed Quality,Hybrid,85,30,9500,12000,640,360,H.264,480,270,518400,27392,518400,27392,0.053,0.000,,0,0,0.000,2.178,0.000,0.000,0.067,7000,6500,6500,24,24,0,1,9500,0.963,1,11.879,0.000,0,0,0.000,0.000,0,0,0,0,0.290,0.648,0.062,1,0,0,fixed-pacing-queue-hold,23,1,1,154,361,154,172,35,269,269,1,5,decoder-sync-observed,0,,0,0,17.603,23.067,0,,0.000,0.000,0.000,0.000,0,0,0,,42,0,0,5.358,0,1144,0.067,0.000,0.000,0.067,0.000,0.042,0.011,1,1,1,1,0,1,1,0,0,0,0,0,1.000,0.000,0.000,24,0,0.000,0,0,0,0.000,0.000,0.000,0.000,0.000,0.000,0.000,2.085,10.071,0,0,0,0,0,0,0,0,0.000,0.000,0.000,0.000,0.000,0.000,0,0.548,23.849,824,834,4004,47.651,218.035,66.289,218.035,28159.529,756,1,H.264,93.974,0,0,216.512,217.868,0.999,162.304,92.439,arrival-gap-jitter-spike,14196.292,0,1,1,1,1,42355.821,502.052,545.390,546.458,546.458,0,0,15,0,0,10,0,,,172.755,176.660,1102,1,H.264,0,0,0,0,0,0,0,0,0,0,,99.865,0.000,102.522,0.000,0.000,0.000,132.392,stale-before-decode,0.001,1142,0.000,107.198,4.099,0.083,0.690,0.414,0.000,0.276,1,0,0,1,3,0.060,24.873,23.850,7.639,23.869,1.000,Loss,0,1,0,0.500,2,1,1,1,0.060,0.000,0.060,0,100,0,32739,30814,1888,0,1822
43.359,Custom_loss6_delay0-100_dup0_reorder6_burst0,Loopback,1,1,0,,,0.000,0,21,1166,15.745,15.729,15.694,95.338,102.321,77.283,65.722,10.541,0.061,0.242,31454,2028,29447,27419,4229,2466,303,1327,1133,194,133,0,27422,864,276,0,0,0,0,5.000,0,0,0,0,0,0,0,0,0,0,0,0,0,0,0,0.000,0.000,0.000,,848,848,4105,0,1,51.639,216.512,52.970,217.868,0.000,0.000,838,832,16256,1058,265,0,2800,4574,1168,1,retransmit-duplicate,pending,H.264,1,1,23,22,1,5,5,3,11,39,0,3,33430,2,33430,2,33430,2,1,113.689,218,303,194,182,194,0,63.307,22.246,118.650,5,0,720,48,768,0,224,31,0.418,0.582,0.938,1.000,0.122,45.000,0.000,1.000,0.000,duplicate-guard,1382,11762,0,0,840,10922,2800,27917,538,821,4,19,27902,predicted-useful,likely-arrival,4661,0.565,296,768,0,3,0,0,0,15,15,15,15,282,4508,282,4508,0,0,0,pacing,1,0.822,8.929,116.929,0,0,15,15,0,0,0,0,10,15,15,0,989,2,2,sent,121,319,0,8,93,6,0,0,14,27,10,15,4,12,1144,1,stale-age,0,0,0,0,24,0,0,0,0,1,0,21,0,0,4526,3420,170,1,1,9500000,1200000,24,0,24,33478,33454,41050782,1964,2420803,1032,1274200,0,0,0,0,0,4.627,37.644,952.812,4800.000,1725,60879,31441,13550,29438,15888,0.301,6.378,1.810,1725,4903518,8362695,1.127,13.393,0.477,16.143,60879,2800,851,27917,815,1977,8,260,259,476,54,99,3,15,39,0,0,0,0,0,0,0,0,0,0,205,1,1,0,4,5660,4574,4574,0,0,0,0,0,,disabled,,0,0,0,0,,1,Fixed Quality,Hybrid,85,30,9500,12000,640,360,H.264,480,270,518400,28432,518400,28432,0.055,0.000,,0,0,0.000,2.476,0.000,0.000,0.085,7250,6750,6750,25,25,0,1,9500,1.000,0,4.627,0.000,0,0,0.000,0.000,0,0,0,0,0.000,1.000,0.000,1,0,0,disabled,24,0,0,157,369,157,177,35,276,276,0,5,large-au-observed,0,,0,0,9.935,23.943,0,,0.000,0.000,0.000,0.000,0,0,0,,43,0,0,4.396,0,1171,0.085,0.000,0.000,0.085,0.000,0.056,0.011,1,1,1,1,0,1,1,0,0,0,0,0,1.000,0.000,0.000,30,0,0.000,0,0,0,0.000,0.000,0.000,0.000,0.000,0.000,0.000,2.380,9.537,0,0,0,0,0,0,0,0,0.000,0.000,0.000,0.000,0.000,0.000,0,0.483,15.729,838,848,4105,53.011,218.035,66.289,218.035,28159.529,756,1,H.264,93.974,0,0,216.512,217.868,0.999,162.304,92.439,arrival-gap-jitter-spike,15199.666,0,1,1,1,1,43359.195,502.052,545.390,546.458,546.458,0,0,15,0,0,10,0,,,172.755,176.660,1102,1,H.264,0,0,0,0,0,0,0,0,0,0,,101.082,0.000,104.299,0.000,0.000,0.000,127.669,stale-before-decode,0.001,1166,0.000,111.455,6.665,0.102,0.334,0.001,0.000,0.333,1,0,0,1,3,0.061,15.745,15.729,10.541,15.694,1.000,Loss,0,1,0,0.000,1,1,1,1,0.060,0.000,0.060,0,100,0,33497,31506,1951,0,1865
44.363,Custom_loss6_delay0-100_dup0_reorder6_burst0,Loopback,1,1,0,,,0.000,0,21,1195,23.257,23.240,23.117,104.543,102.346,77.283,65.722,4.703,0.060,0.241,32296,2071,30237,28166,4347,2522,315,1372,1173,199,138,0,28169,887,282,0,0,0,0,5.000,0,0,0,0,0,0,0,0,0,0,0,0,0,0,0,0.000,0.000,0.000,,871,871,4199,0,1,40.838,216.512,41.921,217.868,0.000,0.000,861,855,16677,1086,271,0,2871,4691,1199,1,fec-parity,pending,H.264,1,1,24,10,14,4,0,2,5,34,0,0,34345,19,0,0,0,0,0,46.510,224,315,199,187,199,0,63.372,22.199,118.650,5,0,743,49,792,0,230,32,0.416,0.584,0.938,1.000,0.122,45.000,0.125,0.875,0.000,duplicate-guard,1418,12034,0,0,861,11168,2871,28647,553,847,4,19,28632,predicted-useful,fec-grace,4782,0.625,306,792,0,3,0,0,0,15,15,15,15,292,4672,292,4672,0,0,0,pacing,1,0.766,7.077,115.077,0,0,15,15,0,0,0,0,10,15,15,0,989,2,2,sent,124,329,0,8,96,6,0,0,14,27,10,15,4,12,1198,4,stale-age,0,0,0,0,24,0,0,0,0,1,0,21,0,0,4690,3505,174,1,1,9500000,1200000,3,0,3,34342,34339,42135294,2018,2487405,1058,1306592,0,0,0,0,0,7.882,37.644,538.688,4800.000,1769,62499,32275,13920,30224,16304,0.301,39.480,0.970,1769,4883774,7971794,1.175,13.393,0.476,21.412,62499,2871,874,28647,839,2024,8,266,265,488,56,102,2,16,40,0,0,0,0,0,0,0,0,0,0,209,1,1,0,4,5805,4691,4691,0,0,0,0,0,,disabled,,0,0,0,0,,1,Fixed Quality,Hybrid,85,30,9500,12000,640,360,H.264,480,270,518400,28176,518400,28176,0.054,0.000,,0,0,0.000,2.066,0.000,0.000,0.069,7250,6750,6750,25,25,0,1,9500,1.000,0,15.345,0.000,0,0,0.000,0.000,0,0,0,0,0.283,0.655,0.062,1,0,0,disabled,24,0,0,161,379,161,182,36,284,284,0,5,large-au-observed,0,,0,0,22.149,23.727,0,,0.000,0.000,0.000,0.000,0,0,0,,44,0,0,5.524,0,1200,0.068,0.000,0.000,0.068,0.000,0.044,0.009,1,1,1,1,0,1,1,0,0,0,0,0,1.000,0.000,0.000,30,0,0.000,0,0,0,0.000,0.000,0.000,0.000,0.000,0.000,0.000,1.967,9.932,0,0,0,0,0,0,0,0,0.000,0.000,0.000,0.000,0.000,0.000,0,0.441,23.240,861,871,4199,41.999,218.035,66.289,218.035,28159.529,756,1,H.264,93.974,0,0,216.512,217.868,0.999,162.304,92.439,arrival-gap-jitter-spike,16203.807,0,1,1,1,1,44363.336,502.052,545.390,546.458,546.458,0,0,15,0,0,10,0,,,172.755,176.660,1102,1,H.264,0,0,0,0,0,0,0,0,0,0,,105.466,0.000,108.373,0.000,0.000,0.000,132.272,stale-before-decode,0.001,1195,0.000,114.394,5.572,0.080,0.283,0.023,0.000,0.260,1,0,0,1,3,0.060,23.257,23.240,4.703,23.117,1.000,RecoveryDeadline,0,1,0,0.000,1,1,1,1,0.060,0.000,0.060,0,100,0,34383,32345,1994,0,1929
45.368,Custom_loss6_delay0-100_dup0_reorder6_burst0,Loopback,1,1,0,,,0.000,0,21,1225,19.098,19.087,19.011,101.688,102.455,44.341,65.200,13.907,0.060,0.240,33070,2117,30963,28846,4442,2580,319,1399,1197,202,144,0,28849,909,287,0,0,0,0,5.000,0,0,0,0,0,0,0,0,0,0,0,0,0,0,0,0.000,0.000,0.000,,893,893,4294,0,1,29.991,216.512,31.212,217.868,0.000,0.000,883,877,17055,1111,276,0,2940,4798,1226,1,retransmit-duplicate,pending,H.264,1,1,24,21,3,2,2,3,13,38,1,1,35147,1,35147,1,35147,1,1,77.082,230,319,202,190,202,0,63.562,22.061,118.650,5,0,756,51,807,0,233,33,0.419,0.581,0.937,1.000,0.124,39.000,0.500,0.500,0.500,retransmit-late,1450,12296,0,0,880,11412,2940,29356,566,865,4,19,29341,predicted-useful,likely-arrival,4899,0.583,311,807,0,3,0,0,0,15,15,15,15,297,4752,297,4752,0,0,0,pacing,1,0.785,9.316,117.316,0,0,15,15,0,0,0,0,10,15,15,0,989,2,2,sent,125,331,0,8,97,6,0,0,14,27,10,15,4,12,1213,2,stale-age,0,0,0,0,24,0,0,0,0,1,0,23,0,0,4770,3593,178,1,1,9500000,1200000,0,0,0,35167,35167,43149844,2063,2542811,1085,1339606,0,0,0,0,0,15.266,37.644,5652.500,3977.250,1810,64016,33057,14279,30959,16680,0.302,12.824,1.266,1810,5748720,8812717,1.851,4.126,0.470,19.685,64016,2940,896,29356,863,2069,8,271,270,500,57,104,2,16,41,0,0,0,0,0,0,0,0,0,0,213,1,1,0,4,5935,4798,4798,0,0,0,0,0,,disabled,,0,0,0,0,,1,Fixed Quality,Hybrid,85,30,9500,12000,640,360,H.264,480,270,518400,28178,518400,28178,0.054,0.000,,0,0,0.000,2.283,0.000,0.000,0.098,7250,6750,6750,25,25,0,1,9500,1.000,0,15.266,0.000,0,0,0.000,0.000,0,0,0,0,0.285,0.651,0.064,1,0,0,disabled,24,0,0,165,388,165,187,36,292,292,0,5,large-au-observed,0,,0,0,0.163,23.729,0,,0.000,0.000,0.000,0.000,0,0,0,,45,0,0,9.897,0,1228,0.098,0.000,0.000,0.097,0.000,0.068,0.008,1,1,1,1,0,1,1,0,0,0,1,0,0.860,179.976,0.000,26,0,0.000,0,0,0,0.000,0.000,0.000,0.000,0.000,0.000,0.000,2.176,17.506,0,0,0,0,0,0,0,0,0.000,0.000,0.000,0.000,0.000,0.000,0,0.462,19.087,883,893,4294,31.538,218.035,66.289,218.035,28159.529,756,1,H.264,93.974,0,0,216.512,217.868,0.999,162.304,92.439,arrival-gap-jitter-spike,17208.556,0,1,1,1,1,45368.085,502.052,545.390,546.458,546.458,0,0,15,0,0,10,0,,,172.755,176.660,1102,1,H.264,0,0,0,0,0,0,0,0,0,0,,105.905,0.000,108.822,0.000,0.000,0.000,130.844,stale-before-decode,0.001,1225,0.000,115.466,6.171,0.090,0.310,0.001,0.000,0.309,1,0,0,1,3,0.060,19.098,19.087,13.907,19.011,1.000,RecoveryDeadline,0,1,0,1.500,2,3,3,1,0.060,0.000,0.060,0,100,0,35212,33119,2042,0,1983
46.371,Custom_loss6_delay0-100_dup0_reorder6_burst0,Loopback,1,1,0,,,0.000,0,21,1253,25.799,25.758,25.603,86.459,102.400,38.802,64.572,29.024,0.060,0.238,33755,2146,31581,29435,4539,2636,321,1435,1228,207,147,0,29438,933,291,0,0,0,0,5.000,0,0,0,0,0,0,0,0,0,0,0,0,0,0,0,0.000,0.000,0.000,,916,916,4385,0,1,8.350,216.512,9.737,217.868,0.000,0.000,906,897,17415,1140,279,0,3005,4898,1253,1,completed,completed,H.264,1,1,22,22,0,6,4,3,14,39,1,0,35849,14,35863,1,0,0,0,80.408,240,321,207,195,207,0,63.691,22.431,118.650,5,0,773,51,824,0,244,34,0.428,0.572,0.938,1.000,0.122,37.000,0.250,0.750,0.000,duplicate-guard,1477,12526,0,0,897,11622,3005,30023,575,882,5,22,30009,predicted-useful,fec-grace,5012,0.000,318,824,0,3,0,0,0,17,17,17,17,304,4852,304,4852,0,0,0,pacing,1,0.772,10.439,118.439,0,0,17,17,0,0,0,0,10,15,15,0,989,2,2,sent,127,339,0,8,99,6,0,0,14,27,10,15,4,12,1244,4,stale-age,0,0,0,0,24,0,0,0,0,1,0,25,0,0,4872,3669,181,0,1,9500000,1200000,0,0,0,35876,35876,44022295,2108,2598535,1108,1368258,0,0,0,0,0,13.369,37.644,6189.688,4800.000,1846,65306,33737,14530,31569,17039,0.301,26.009,0.065,1846,5083411,7787313,0.813,2.193,0.427,24.340,65306,3005,919,30023,886,2109,10,274,273,507,58,106,2,16,42,0,0,0,0,0,0,0,0,0,0,214,2,1,0,4,6060,4898,4898,0,0,0,0,0,,disabled,,0,0,0,0,,1,Fixed Quality,Hybrid,85,30,9500,12000,640,360,H.264,480,270,518400,26096,518400,26096,0.050,0.000,,0,0,0.000,2.679,0.000,0.000,0.314,6750,6250,6250,26,26,0,1,9500,0.942,1,13.420,0.000,0,0,0.000,0.000,0,0,0,0,0.291,0.647,0.062,1,0,0,fixed-pacing-queue-hold,22,0,0,169,397,169,192,36,300,300,0,5,large-au-observed,0,,0,0,18.830,21.976,0,,0.000,0.000,0.000,0.000,0,0,0,,46,0,0,4.075,0,1255,0.314,0.000,0.000,0.314,0.000,0.243,0.012,1,1,1,1,0,1,1,0,0,0,0,0,1.000,0.000,0.000,24,0,0.000,0,0,0,0.000,0.000,0.000,0.000,0.000,0.000,0.000,2.353,9.649,0,0,0,0,0,0,0,0,0.000,0.000,0.000,0.000,0.000,0.000,0,0.607,25.759,906,916,4385,9.752,218.035,66.289,218.035,28159.529,756,1,H.264,93.974,0,0,216.512,217.868,0.999,162.304,92.439,arrival-gap-jitter-spike,18212.116,0,1,1,1,1,46371.645,502.052,545.390,546.458,546.458,0,0,17,0,0,12,2,latency-pressure freshness,latency-over-80ms,120.978,176.660,1233,1,decoded,0,0,0,0,0,0,0,0,0,0,,101.081,0.000,104.700,6.680,0.000,99.322,123.230,stale-before-upload,0.001,1252,0.000,116.046,7.644,0.106,0.394,0.001,0.000,0.393,1,0,0,1,3,0.059,25.799,25.758,29.024,25.603,1.000,Loss,0,1,0,1.000,0,1,1,1,0.060,0.000,0.060,0,100,0,35922,33806,2073,0,2028
47.374,Custom_loss6_delay0-100_dup0_reorder6_burst0,Loopback,1,1,0,,,0.000,0,21,1279,23.858,23.853,23.794,96.365,102.409,63.024,64.536,19.376,0.060,0.236,34468,2214,32271,30057,4637,2686,325,1478,1263,215,148,0,30060,955,295,0,0,0,0,5.000,0,0,0,0,0,0,0,0,0,0,0,0,0,0,0,0.000,0.000,0.000,,937,937,4472,0,1,25.451,216.512,26.536,217.868,0.000,0.000,927,919,17789,1170,282,0,3071,5008,1281,1,nack-sent,pending,H.264,1,1,23,4,19,1,0,1,0,19,0,0,36651,18,0,0,0,0,0,24.958,246,325,215,203,215,0,63.785,22.694,118.650,5,0,791,55,846,0,254,34,0.431,0.569,0.935,1.000,0.118,45.000,0.375,0.625,0.000,duplicate-guard,1503,12754,0,0,914,11835,3071,30684,584,897,5,22,30670,predicted-useful,likely-arrival,5120,0.000,325,846,0,3,0,0,0,17,17,17,17,310,4943,310,4943,0,0,0,pacing,1,0.782,7.667,115.667,0,0,17,17,0,0,0,0,11,17,17,0,1258,2,2,sent,128,341,0,8,99,6,0,0,15,29,11,17,4,12,1258,2,selected-repair,0,0,0,0,25,0,0,0,0,1,0,25,0,0,4963,3744,185,0,1,9500000,1200000,3,0,3,36647,36644,44967909,2159,2661565,1135,1401886,0,0,0,0,0,7.273,37.644,985.438,4800.000,1885,66734,34463,14863,32271,17408,0.301,43.935,0.000,1885,6119192,9140158,1.356,6.599,0.516,17.728,66734,3069,941,30659,911,2148,10,277,276,512,58,106,2,16,42,0,0,0,0,0,0,0,0,0,0,217,2,1,0,4,6189,5008,5008,0,0,0,0,0,,disabled,,0,0,0,0,,1,Fixed Quality,Hybrid,85,30,9500,12000,640,360,H.264,480,270,518400,27136,518400,27136,0.052,0.000,,0,0,0.000,2.398,0.000,0.000,0.090,7250,6500,6500,27,27,0,1,9500,1.000,0,19.261,0.000,0,0,0.000,0.000,0,0,0,0,1.000,0.000,0.000,1,0,0,disabled,23,0,0,173,408,173,197,38,309,309,0,5,large-au-observed,0,,0,0,22.905,22.851,0,,0.000,0.000,0.000,0.000,0,0,0,,47,0,0,6.716,0,1282,0.089,0.000,0.000,0.089,0.000,0.059,0.010,1,1,1,1,0,1,1,0,0,0,0,0,1.000,0.000,0.000,30,0,0.000,0,0,0,0.000,0.000,0.000,0.000,0.000,0.000,0.000,2.299,10.766,0,0,0,0,0,0,0,0,0.000,0.000,0.000,0.000,0.000,0.000,0,0.437,23.853,927,937,4472,26.916,218.035,66.289,218.035,28159.529,756,1,H.264,93.974,0,0,216.512,217.868,0.999,162.304,92.439,arrival-gap-jitter-spike,19214.252,0,1,1,1,1,47373.781,502.052,545.390,546.458,546.458,0,0,17,0,0,12,0,,,120.978,176.660,1233,1,decoded,0,0,0,0,0,0,0,0,0,0,,100.628,0.000,103.410,0.000,0.000,0.000,128.183,stale-before-upload,0.001,1279,0.000,109.695,5.836,0.077,0.353,0.034,0.000,0.319,1,0,0,1,3,0.060,23.858,23.853,19.376,23.794,1.000,Loss,0,1,0,0.000,1,1,1,1,0.060,0.000,0.060,0,100,0,36691,34524,2117,0,2073
48.376,Custom_loss6_delay0-100_dup0_reorder6_burst0,Loopback,1,1,0,,,0.000,0,21,1307,23.924,21.951,21.897,99.610,102.442,100.694,65.357,43.035,0.061,0.236,35242,2271,33007,30736,4734,2740,337,1508,1291,217,149,0,30739,976,302,0,0,0,0,5.000,0,0,0,0,0,0,0,0,0,0,0,0,0,0,0,0.000,0.000,0.000,,957,957,4563,0,1,83.759,216.512,84.834,217.868,0.000,0.000,947,939,18171,1193,288,0,3138,5111,1311,1,fec-parity,pending,H.264,1,1,24,1,23,1,0,0,0,0,0,0,37492,4,0,0,0,0,0,13.031,253,337,217,205,217,0,63.932,22.557,118.650,5,0,812,57,869,0,258,36,0.429,0.571,0.934,1.000,0.122,33.000,0.273,0.727,0.333,retransmit-late,1540,13026,0,0,933,12078,3138,31376,602,926,5,22,31362,predicted-useful,fec-grace,5232,0.458,332,869,0,3,0,0,0,17,17,17,17,317,5054,317,5054,0,0,0,pacing,1,0.782,4.607,112.607,0,0,17,17,0,0,0,0,11,17,17,0,1258,2,2,sent,128,341,0,8,99,6,0,0,15,29,11,17,4,12,1258,2,selected-repair,0,0,0,0,25,0,0,0,0,1,0,25,0,0,5074,3825,189,0,1,9500000,1200000,0,0,0,37473,37473,45985069,2212,2726923,1161,1434270,0,0,0,0,0,17.359,37.644,6810.812,3004.900,1924,68202,35224,15130,32978,17848,0.300,6.868,0.600,1924,4699206,7623144,1.610,12.813,0.486,14.835,68202,3138,962,31376,935,2193,10,283,282,523,60,111,3,16,44,0,0,0,0,0,0,0,0,0,0,221,2,1,0,4,6316,5111,5111,0,0,0,0,0,,disabled,,0,0,0,0,,1,Fixed Quality,Hybrid,85,30,9500,12000,640,360,H.264,480,270,518400,28178,518400,28178,0.054,0.000,,0,0,0.000,3.302,0.000,0.000,0.102,7250,6750,6750,28,28,0,1,9500,1.000,0,17.359,0.000,0,0,0.000,0.000,0,0,0,0,0.291,0.643,0.066,1,0,0,disabled,24,1,1,177,418,177,203,38,317,317,2,5,decoder-sync-observed,0,,0,0,17.874,23.729,0,,0.000,0.000,0.000,0.000,0,0,0,,48,0,0,6.792,0,1311,0.101,0.000,0.000,0.100,0.000,0.067,0.012,1,1,1,1,0,1,1,0,0,0,0,0,1.000,0.000,0.000,30,0,0.000,0,0,0,0.000,0.000,0.000,0.000,0.000,0.000,0.000,3.187,20.823,0,0,0,0,0,0,0,0,0.000,0.000,0.000,0.000,0.000,0.000,0,0.375,21.951,947,957,4563,84.952,218.035,66.289,218.035,28159.529,756,1,H.264,93.974,0,0,216.512,217.868,0.999,162.304,92.439,arrival-gap-jitter-spike,20216.448,0,1,1,1,1,48375.977,502.052,545.390,546.458,546.458,0,0,17,0,0,12,0,,,120.978,176.660,1233,1,decoded,0,0,0,0,0,0,0,0,0,0,,103.880,0.000,106.743,0.000,0.000,0.000,134.805,stale-before-upload,0.001,1307,0.000,112.828,5.701,0.077,0.363,0.099,0.000,0.265,1,0,0,1,3,0.060,23.924,21.951,43.035,21.897,2.000,RecoveryDeadline,0,1,0,0.500,2,1,1,1,0.060,0.000,0.060,0,100,0,37521,35298,2168,0,2113
49.378,Custom_loss6_delay0-100_dup0_reorder6_burst0,Loopback,1,1,0,,,0.000,0,21,1336,22.833,20.875,20.925,103.128,102.587,21.732,64.388,23.776,0.060,0.235,36003,2288,33693,31405,4830,2795,346,1538,1314,224,151,0,31408,999,307,0,0,0,0,5.000,0,0,0,0,0,0,0,0,0,0,0,0,0,0,0,0.000,0.000,0.000,,979,979,4652,0,1,66.278,216.512,67.573,217.868,0.000,0.000,969,960,18569,1223,292,0,3210,5220,1336,1,completed,completed,H.264,0,1,24,24,0,4,3,2,9,19,0,0,38256,23,0,0,0,0,0,100.328,260,346,224,212,224,0,63.784,22.607,118.650,5,0,835,55,890,0,264,37,0.429,0.571,0.938,1.000,0.123,38.000,0.200,0.800,0.000,duplicate-guard,1573,13309,0,0,951,12345,3210,32137,617,942,5,22,32123,deferred-likely-arrival,likely-arrival,5352,0.000,340,890,0,3,0,0,0,17,17,17,17,324,5171,324,5171,0,0,0,pacing,1,0.802,11.437,119.437,0,0,17,17,0,0,0,0,12,19,19,0,1329,2,2,sent,130,345,0,8,100,6,0,0,16,31,12,19,4,12,1329,2,selected-repair,0,0,0,0,27,0,0,0,0,1,0,25,0,0,5191,3911,193,0,1,9500000,1200000,6,6,0,38274,38268,46959067,2257,2782281,1181,1458528,0,0,0,0,0,1.444,37.644,928.875,85.000,1964,69677,35985,15475,33692,18217,0.301,9.631,1.919,1964,5442657,8661649,1.101,-5.542,0.439,18.130,69677,3210,985,32137,960,2240,10,287,286,533,61,112,1,17,44,0,0,0,0,0,0,0,0,0,0,224,2,1,0,4,6450,5220,5220,0,0,0,0,0,,disabled,,0,0,0,0,,1,Fixed Quality,Hybrid,85,30,9500,12000,640,360,H.264,480,270,518400,28178,518400,28178,0.054,0.000,,0,0,0.000,9.466,0.000,6.555,0.096,7250,6750,6750,28,28,0,1,9500,1.000,0,11.254,0.000,0,0,4.000,0.830,29234,24258,0,0,0.292,0.646,0.062,1,0,0,disabled,24,1,1,181,429,181,208,40,325,325,1,5,keyframe-g4-priority,0,,0,0,13.909,23.729,0,,0.000,0.000,0.000,0.000,0,0,0,,49,0,0,25.166,0,1338,0.096,0.000,0.000,0.096,0.000,0.064,0.012,1,1,1,1,0,1,1,0,0,0,0,0,1.000,0.000,0.000,30,0,0.000,0,0,0,0.000,0.000,0.000,0.000,0.000,0.000,0.000,2.768,10.883,0,0,0,0,0,0,0,0,0.000,0.000,0.000,0.000,0.000,0.000,0,0.518,20.875,969,979,4652,67.711,218.035,66.289,218.035,28159.529,756,1,H.264,93.974,0,0,216.512,217.868,0.999,162.304,92.439,arrival-gap-jitter-spike,21218.599,0,1,1,1,1,49378.128,502.052,545.390,546.458,546.458,0,0,17,0,0,12,0,,,120.978,176.660,1233,1,decoded,0,0,0,0,0,0,0,0,0,0,,108.378,0.000,112.076,1.544,0.000,109.979,131.564,stale-before-upload,0.001,1334,0.000,119.794,6.138,0.105,0.364,0.001,0.000,0.363,1,0,0,1,3,0.060,22.833,20.875,23.776,20.925,2.000,RecoveryDeadline,0,1,0,0.000,1,1,1,1,0.060,0.000,0.060,0,100,0,38317,36060,2220,0,2155
50.384,Custom_loss6_delay0-100_dup0_reorder6_burst0,Loopback,1,1,0,,,0.000,0,21,1362,19.425,17.666,16.198,95.474,102.611,76.110,64.643,11.807,0.061,0.237,36662,2367,34344,31977,4919,2849,356,1559,1334,225,155,0,31980,1016,315,0,0,0,0,5.000,0,0,0,0,0,0,0,0,0,0,0,0,0,0,0,0.000,0.000,0.000,,995,995,4749,0,1,38.345,216.512,39.673,217.868,0.000,0.000,985,976,18925,1241,300,0,3275,5314,1364,1,fec-recovered,pending,H.264,0,1,22,16,6,5,4,2,10,29,0,0,38965,10,0,0,0,0,0,67.219,265,356,225,213,225,0,63.740,22.657,118.650,6,0,852,62,914,0,266,39,0.427,0.573,0.932,1.000,0.128,26.000,0.250,0.625,0.667,retransmit-late,1603,13558,0,0,968,12572,3275,32787,630,964,5,22,32772,predicted-useful,fec-grace,5457,0.682,348,914,0,4,0,0,0,18,18,18,18,333,5295,333,5295,0,0,0,pacing,1,0.721,6.687,114.687,0,0,18,18,0,0,0,0,12,19,19,0,1329,2,2,sent,135,355,0,8,105,6,0,0,16,31,12,19,4,12,1356,2,stale-age,0,0,0,0,28,0,0,0,0,1,0,25,0,0,5317,3989,197,0,1,9500000,1200000,2,0,2,38992,38990,47847404,2315,2854225,1211,1495632,0,0,0,0,0,10.572,37.935,563.312,987.700,2002,70997,36659,15801,34338,18537,0.301,27.453,0.405,2002,5055625,7815402,1.021,54.378,0.516,16.834,70997,3275,1000,32787,985,2278,12,294,293,545,64,117,2,18,46,0,0,0,0,0,0,0,0,0,0,228,2,1,0,4,6576,5314,5314,0,0,0,0,0,,disabled,,0,0,0,0,,1,Fixed Quality,Hybrid,85,30,9500,12000,640,360,H.264,480,270,518400,26094,518400,26094,0.050,0.000,,0,0,0.000,2.325,0.000,0.000,0.101,6000,6250,6250,29,29,0,1,9500,0.820,1,10.572,0.000,0,0,3.709,0.000,3732,0,0,0,0.000,0.000,1.000,1,0,0,latency-pressure-freshness-hold,22,1,1,185,439,185,214,40,334,334,2,5,decoder-sync-observed,0,,0,0,8.368,21.974,0,,0.000,0.000,0.000,0.000,0,0,0,,50,0,0,6.161,0,1366,0.100,0.000,0.000,0.100,0.000,0.069,0.010,1,1,1,1,0,1,1,0,0,0,0,0,1.000,0.000,0.000,27,0,0.000,0,0,0,0.000,0.000,0.000,0.000,0.000,0.000,0.000,2.213,10.485,0,0,0,0,0,0,0,0,0.000,0.000,0.000,0.000,0.000,0.000,0,0.509,17.666,985,995,4749,39.365,218.035,66.289,218.035,28159.529,756,1,H.264,93.974,0,0,216.512,217.868,0.999,162.304,92.439,arrival-gap-jitter-spike,22224.459,0,1,1,1,1,50383.988,502.052,545.390,546.458,546.458,0,0,18,0,0,13,1,latency-pressure freshness,latency-over-80ms,147.254,176.660,1339,1,decoded,0,0,0,0,0,0,0,0,0,0,,99.063,0.000,102.023,0.000,0.000,0.000,127.737,stale-before-upload,0.001,1362,0.000,107.210,4.895,0.102,0.309,0.001,0.000,0.308,1,0,0,1,3,0.061,19.425,17.666,11.807,16.198,1.000,RecoveryDeadline,0,1,0,0.667,3,2,2,1,0.060,0.000,0.060,0,100,0,39040,36722,2268,0,2191
51.390,Custom_loss6_delay0-100_dup0_reorder6_burst0,Loopback,1,1,0,,,0.000,0,21,1389,22.082,22.099,22.074,98.380,102.538,8.351,63.445,8.633,0.060,0.235,37353,2386,34968,32582,5017,2906,360,1596,1361,235,155,0,32585,1038,319,0,0,0,0,5.000,0,0,0,0,0,0,0,0,0,0,0,0,0,0,0,0.000,0.000,0.000,,1017,1017,4840,0,1,35.437,216.512,36.653,217.868,0.000,0.000,1007,998,19292,1273,304,0,3347,5414,1390,1,nack-sent,pending,H.264,0,1,23,17,6,4,1,3,9,35,0,0,39695,11,0,0,0,0,0,82.436,270,360,235,223,235,0,63.422,23.102,118.650,6,0,871,59,930,0,274,39,0.429,0.571,0.937,1.000,0.125,30.000,0.167,0.833,0.000,duplicate-guard,1630,13848,0,0,987,12851,3347,33579,638,975,5,22,33564,predicted-useful,fec-grace,5574,0.739,354,930,0,4,0,0,0,18,18,18,18,339,5383,339,5383,0,0,0,pacing,1,0.796,10.627,118.627,0,0,18,18,0,0,0,0,12,19,19,0,1329,2,2,sent,136,359,0,8,106,6,0,0,16,31,12,19,4,12,1379,4,stale-age,0,0,0,0,28,0,0,0,0,1,0,28,0,0,5405,4076,201,0,1,9500000,1200000,0,0,0,39720,39720,48747478,2360,2909791,1235,1525528,0,0,0,0,0,11.052,37.935,7190.812,758.100,2040,72314,37347,16014,34967,18953,0.300,34.403,1.516,2040,6749167,10344619,1.430,29.951,0.459,20.335,72314,3347,1022,33579,1007,2328,12,298,297,551,64,117,2,18,46,0,0,0,0,0,0,0,0,0,0,232,2,1,0,4,6699,5414,5414,0,0,0,0,0,,disabled,,0,0,0,0,,1,Fixed Quality,Hybrid,85,30,9500,12000,640,360,H.264,480,270,518400,27138,518400,27138,0.052,0.000,,0,0,0.000,1.989,0.000,0.000,0.082,7250,6500,6500,30,30,0,1,9500,1.000,0,11.163,0.000,0,0,2.400,1.000,2504,2504,0,0,0.290,0.646,0.063,1,0,0,disabled,23,1,1,189,449,189,219,41,341,341,1,5,keyframe-g4-priority,0,,0,0,16.797,22.853,0,,0.000,0.000,0.000,0.000,0,0,0,,51,0,0,5.941,0,1392,0.082,0.000,0.000,0.081,0.000,0.054,0.010,1,1,1,1,0,1,1,0,0,0,0,0,1.000,0.000,0.000,30,0,0.000,0,0,0,0.000,0.000,0.000,0.000,0.000,0.000,0.000,1.865,10.322,0,0,0,0,0,0,0,0,0.000,0.000,0.000,0.000,0.000,0.000,0,0.446,22.099,1007,1017,4840,36.750,218.035,66.289,218.035,28159.529,756,1,H.264,93.974,0,0,216.512,217.868,0.999,162.304,92.439,arrival-gap-jitter-spike,23230.282,0,1,1,1,1,51389.811,502.052,545.390,546.458,546.458,0,0,18,0,0,13,0,,,147.254,176.660,1339,1,decoded,0,0,0,0,0,0,0,0,0,0,,99.431,0.000,102.186,0.000,0.000,0.000,129.190,stale-before-upload,0.001,1389,0.000,106.989,4.348,0.079,0.220,0.001,0.000,0.220,1,0,0,1,3,0.060,22.082,22.099,8.633,22.074,1.000,RecoveryDeadline,0,1,0,0.000,1,1,1,1,0.060,0.000,0.060,0,100,0,39771,37419,2303,0,2229
52.390,Custom_loss6_delay0-100_dup0_reorder6_burst0,Loopback,1,1,0,,,0.000,0,21,1419,21.940,21.894,20.230,83.767,102.490,49.475,63.154,2.359,0.060,0.235,38168,2421,35713,33292,5132,2967,371,1635,1391,244,159,0,33295,1060,326,0,0,0,0,5.000,0,0,0,0,0,0,0,0,0,0,0,0,0,0,0,0.000,0.000,0.000,,1039,1039,4933,0,1,46.539,216.512,47.938,217.868,0.000,0.000,1029,1019,19697,1304,311,0,3425,5531,1420,1,fec-recovered,pending,H.264,0,1,24,14,10,2,1,1,2,13,0,0,40581,21,0,0,0,0,0,50.725,273,371,244,232,244,0,63.304,23.373,141.453,6,0,894,60,954,0,277,40,0.424,0.576,0.937,1.000,0.126,34.000,0.125,0.875,0.000,duplicate-guard,1655,14133,0,0,1007,13127,3425,34386,643,984,5,22,34371,predicted-useful,fec-grace,5702,0.542,364,954,0,7,0,0,0,19,19,19,19,350,5553,350,5553,0,0,0,pacing,1,0.836,6.008,114.008,0,0,19,19,0,0,0,0,12,19,19,0,1329,2,2,sent,144,380,0,10,112,6,0,0,16,31,12,19,4,12,1411,1,stale-frame-lag,0,0,0,0,32,0,0,0,0,1,0,30,0,0,5579,4169,205,0,1,9500000,1200000,0,0,0,40542,40542,49757280,2388,2944569,1236,1526780,0,0,0,0,0,0.147,37.935,22498.000,1159.400,2085,73879,38166,16323,35713,19390,0.300,31.362,0.424,2085,4574326,7826785,0.673,32.185,0.408,16.652,73879,3425,1044,34386,1031,2382,12,305,304,564,65,119,2,18,47,0,0,0,0,0,0,0,0,0,0,238,2,1,0,4,6832,5531,5531,0,0,0,0,0,,disabled,,0,0,0,0,,1,Fixed Quality,Hybrid,85,30,9500,12000,640,360,H.264,480,270,518400,3538,518400,3538,0.007,0.000,,0,0,0.000,0.552,0.000,0.000,0.090,6250,6250,6250,32,32,0,1,9500,0.880,1,12.198,0.000,0,0,0.000,0.000,0,0,0,0,0.286,0.651,0.063,1,0,0,latency-pressure-freshness-hold,3,1,1,193,458,193,224,41,349,349,1,5,keyframe-g4-priority,0,,0,0,18.679,2.979,0,,0.000,0.000,0.000,0.000,0,0,0,,52,0,0,9.620,0,1421,0.090,0.000,0.000,0.089,0.000,0.062,0.006,1,1,1,1,0,1,1,0,0,0,1,0,0.860,94.579,0.000,26,0,0.000,0,0,0,0.000,0.000,0.000,0.000,0.000,0.000,0.000,0.419,20.498,0,0,0,0,0,0,0,0,0.000,0.000,0.000,0.000,0.000,0.000,0,0.537,21.895,1029,1039,4933,48.056,218.035,66.289,218.035,28159.529,756,1,H.264,93.974,0,0,216.512,217.868,0.999,162.304,92.439,arrival-gap-jitter-spike,24230.497,0,1,1,1,1,52390.026,502.052,545.390,546.458,546.458,0,0,19,0,0,14,1,latency-pressure freshness,latency-over-80ms,144.523,176.660,1411,1,decoded,0,0,0,0,0,0,0,0,0,0,,102.446,0.000,106.052,0.000,0.000,0.000,121.883,stale-before-upload,0.001,1419,0.000,111.734,6.663,0.128,0.351,0.001,0.000,0.350,1,0,0,1,3,0.060,21.940,21.894,2.359,20.230,2.000,RecoveryDeadline,0,1,0,1.000,1,1,1,1,0.060,0.000,0.060,0,100,0,40594,38231,2347,0,2282
53.397,Custom_loss6_delay0-100_dup0_reorder6_burst0,Loopback,1,1,0,,,0.000,0,21,1445,21.973,21.962,21.983,107.370,102.439,26.713,62.410,9.317,0.060,0.235,38824,2478,36344,33866,5222,3021,377,1662,1407,255,162,0,33869,1080,332,0,0,0,0,5.000,0,0,0,0,0,0,0,0,0,0,0,0,0,0,0,0.000,0.000,0.000,,1059,1059,5027,0,1,53.749,216.512,54.828,217.868,0.000,0.000,1049,1038,20057,1335,317,0,3491,5627,1445,1,completed,completed,H.264,0,1,22,22,0,5,4,3,6,16,0,1,41237,1,41264,0,0,0,0,97.374,276,377,255,239,255,0,63.260,23.344,141.453,6,0,914,61,975,0,283,40,0.423,0.577,0.937,1.000,0.124,42.000,0.167,0.833,0.000,duplicate-guard,1689,14356,0,0,1024,13327,3491,34947,660,1007,5,22,34931,predicted-useful,fec-grace,5812,0.409,372,975,0,7,0,0,0,20,20,20,20,356,5630,356,5630,0,0,0,pacing,1,0.759,8.615,116.615,0,0,20,20,0,0,0,0,13,21,21,0,1421,2,2,sent,151,394,0,10,115,8,0,0,18,36,13,21,5,15,1435,3,stale-age,0,0,0,0,36,0,0,0,0,1,0,34,0,0,5657,4248,209,0,1,9500000,1200000,13,13,0,41269,41255,50636938,2425,2989983,1249,1542952,0,0,0,0,0,0.517,37.935,8009.062,1151.550,2122,75168,38824,16665,36344,19679,0.300,5.851,2.610,2122,4437996,7644594,2.045,21.196,0.448,8.708,75168,3491,1064,34947,1056,2423,12,311,310,574,65,119,2,18,47,0,0,0,0,0,0,0,0,0,0,244,2,1,0,4,6950,5627,5627,0,0,0,0,0,,disabled,,0,0,0,0,,1,Fixed Quality,Hybrid,85,30,9500,12000,640,360,H.264,480,270,518400,27136,518400,27136,0.052,0.000,,0,0,0.000,1.934,0.000,0.000,0.061,7250,6500,6500,33,33,0,1,9500,1.000,0,14.828,0.000,0,0,4.000,0.812,19904,16172,0,0,0.283,0.654,0.063,1,0,0,disabled,23,1,1,197,469,197,229,43,358,358,1,5,keyframe-g4-priority,0,,0,0,16.620,22.851,0,,0.000,0.000,0.000,0.000,0,0,0,,53,0,0,6.000,0,1448,0.061,0.000,0.000,0.061,0.000,0.042,0.005,1,1,1,1,0,1,1,0,0,0,0,0,1.000,0.000,0.000,30,0,0.000,0,0,0,0.000,0.000,0.000,0.000,0.000,0.000,0.000,1.844,9.991,0,0,0,0,0,0,0,0,0.000,0.000,0.000,0.000,0.000,0.000,0,0.508,21.963,1049,1059,5027,54.881,218.035,66.289,218.035,28159.529,756,1,H.264,93.974,0,0,216.512,217.868,0.999,162.304,92.439,arrival-gap-jitter-spike,25237.128,0,1,1,1,1,53396.657,502.052,545.390,546.458,546.458,0,0,19,0,0,14,0,,,144.523,176.660,1411,1,decoded,0,0,0,0,0,0,0,0,0,0,,101.996,0.000,104.682,4.368,0.000,116.071,133.685,stale-before-upload,0.001,1444,0.000,109.687,6.127,0.076,0.631,0.367,0.000,0.264,1,0,0,1,3,0.060,21.973,21.962,9.317,21.983,1.000,RecoveryDeadline,0,1,0,1.000,0,1,1,1,0.060,0.000,0.060,0,100,0,41309,38888,2395,0,2330
54.397,Custom_loss6_delay0-100_dup0_reorder6_burst0,Loopback,1,1,0,,,0.000,0,21,1474,20.436,20.447,21.894,101.296,102.495,38.928,61.941,28.168,0.060,0.235,39628,2544,37124,34580,5339,3100,384,1693,1432,261,162,0,34583,1102,339,0,0,0,0,5.000,0,0,0,0,0,0,0,0,0,0,0,0,0,0,0,0.000,0.000,0.000,,1080,1080,5112,0,1,19.602,216.512,20.764,217.868,0.000,0.000,1070,1060,20486,1363,323,0,3558,5753,1476,1,nack-suppressed-fec-grace,pending,H.264,0,1,24,13,11,2,1,0,0,0,0,0,42142,15,0,0,0,0,0,40.065,282,384,261,245,261,0,63.498,23.396,141.453,6,0,933,63,996,0,287,41,0.423,0.577,0.937,1.000,0.125,39.000,0.286,0.714,0.500,retransmit-late,1731,14636,0,0,1045,13576,3558,35597,681,1038,5,22,35581,predicted-useful,fec-grace,5927,0.261,379,996,0,7,0,0,0,20,20,20,20,363,5733,363,5733,0,0,0,pacing,1,0.745,2.449,110.449,0,0,20,20,0,0,0,0,13,21,21,0,1421,2,2,sent,154,402,0,11,117,8,0,0,18,36,13,21,5,15,1469,3,stale-frame-lag,0,0,0,0,36,0,0,0,0,1,0,34,0,0,5760,4330,213,0,1,9500000,1200000,0,0,0,42133,42133,51716642,2459,3031863,1261,1557464,0,0,0,0,0,14.216,37.935,4377.125,4800.000,2167,76743,39619,17026,37124,20098,0.301,7.141,0.884,2167,5805143,9248909,1.285,19.400,0.502,10.102,76743,3558,1086,35597,1080,2466,12,317,316,582,66,120,1,19,47,0,0,0,0,0,0,0,0,0,0,249,2,1,0,4,7097,5753,5753,0,0,0,0,0,,disabled,,0,0,0,0,,1,Fixed Quality,Hybrid,85,30,9500,12000,640,360,H.264,480,270,518400,0,518400,28178,0.054,0.000,,0,0,0.000,5.199,0.000,4.460,0.682,7250,6750,6750,34,34,0,1,9500,1.000,0,14.216,0.000,0,0,0.000,0.000,0,0,0,0,0.283,0.654,0.063,1,0,0,disabled,0,0,0,201,476,201,232,43,365,365,0,5,async-output-pending,0,,0,0,0.000,0.000,0,,0.000,0.000,0.000,0.000,0,0,0,,53,0,0,0.000,1,0,0.647,0.180,0.465,0.000,0.000,0.000,0.000,0,0,1,1,1,0,0,1,1,0,0,0,1.000,0.000,0.000,30,0,0.000,0,0,0,0.000,0.000,0.000,0.000,0.000,0.000,0.000,0.000,16.567,0,0,0,0,0,0,0,0,0.000,0.000,0.000,0.000,0.000,0.000,0,0.451,20.447,1070,1080,5112,20.595,218.035,66.289,218.035,28159.529,756,1,H.264,93.974,0,0,216.512,217.868,0.999,162.304,92.439,arrival-gap-jitter-spike,26237.766,0,1,1,1,1,54397.295,502.052,545.390,546.458,546.458,0,0,19,0,0,14,0,,,144.523,176.660,1411,1,decoded,0,0,0,0,0,0,0,0,0,0,,104.450,0.000,107.338,0.000,0.000,0.000,130.648,stale-before-upload,0.001,1474,0.000,112.933,5.136,0.075,0.237,0.013,0.000,0.224,1,0,0,1,3,0.060,20.436,20.447,28.168,21.894,1.000,Loss,0,1,0,0.000,1,2,2,1,0.060,0.000,0.060,0,100,0,42187,39695,2445,0,2379
55.397,Custom_loss6_delay0-100_dup0_reorder6_burst0,Loopback,1,1,0,,,0.000,0,21,1503,24.596,24.555,26.689,108.518,102.517,83.382,62.361,20.963,0.060,0.233,40440,2592,37883,35291,5446,3161,392,1730,1465,265,163,0,35294,1127,342,0,0,0,0,5.000,0,0,0,0,0,0,0,0,0,0,0,0,0,0,0,0.000,0.000,0.000,,1105,1105,5207,0,1,18.357,216.512,19.693,217.868,0.000,0.000,1095,1084,20874,1392,326,0,3627,5867,1504,1,fec-recovered,pending,H.264,0,1,24,19,5,5,4,0,0,0,0,0,42974,17,0,0,0,0,0,46.083,287,392,265,249,265,0,63.533,23.603,141.453,6,0,950,65,1015,0,293,41,0.423,0.577,0.936,1.000,0.123,45.000,0.250,0.750,0.000,duplicate-guard,1759,14901,0,0,1062,13825,3627,36310,692,1054,5,22,36293,deferred-likely-arrival,likely-arrival,6044,0.000,386,1015,0,7,0,0,0,20,20,20,20,370,5843,370,5843,0,0,0,pacing,1,0.735,8.672,116.672,0,0,20,20,0,0,0,0,13,21,21,0,1421,2,2,sent,156,408,0,11,119,8,0,0,18,36,13,21,5,15,1495,3,stale-age,0,0,0,0,36,0,0,0,0,1,0,34,0,0,5870,4411,216,0,1,9500000,1200000,3,0,3,42992,42989,52765398,2508,3092245,1288,1591100,0,0,0,0,0,13.048,37.935,151.562,4800.000,2209,78308,40427,17424,37881,20457,0.301,6.705,0.381,2209,6323720,9453449,1.176,24.411,0.516,13.787,78308,3627,1111,36310,1107,2508,12,320,319,587,67,121,1,20,47,0,0,0,0,0,0,0,0,0,0,251,2,1,0,4,7229,5867,5867,0,0,0,0,0,,disabled,,0,0,0,0,,1,Fixed Quality,Hybrid,85,30,9500,12000,640,360,H.264,480,270,518400,28176,518400,28176,0.054,0.000,,0,0,0.000,2.755,0.000,0.000,0.135,7250,6750,6750,34,34,0,1,9500,1.000,0,13.048,0.000,0,0,0.000,0.000,0,0,0,0,0.283,0.653,0.064,1,0,0,disabled,24,0,0,204,486,204,237,45,374,374,0,5,large-au-observed,0,,0,0,12.148,23.727,0,,0.000,0.000,0.000,0.000,0,0,0,,54,0,0,4.273,0,1506,0.135,0.000,0.000,0.134,0.000,0.091,0.014,1,1,1,1,0,1,1,0,0,0,0,0,1.000,0.000,0.000,30,0,0.000,0,0,0,0.000,0.000,0.000,0.000,0.000,0.000,0.000,2.598,10.230,0,0,0,0,0,0,0,0,0.000,0.000,0.000,0.000,0.000,0.000,0,0.595,24.555,1095,1105,5207,19.701,218.035,66.289,218.035,28159.529,756,1,H.264,93.974,0,0,216.512,217.868,0.999,162.304,92.439,arrival-gap-jitter-spike,27237.812,0,1,1,1,1,55397.341,502.052,545.390,546.458,546.458,0,0,19,0,0,14,0,,,144.523,176.660,1411,1,decoded,0,0,0,0,0,0,0,0,0,0,,107.481,0.000,111.063,4.982,0.000,118.709,134.259,stale-before-upload,0.001,1502,0.000,118.294,7.106,0.102,0.359,0.001,0.000,0.358,1,0,0,1,3,0.060,24.596,24.555,20.963,26.689,1.000,Loss,0,1,0,0.667,3,2,2,1,0.060,0.000,0.060,0,100,0,43044,40506,2486,0,2422
56.403,Custom_loss6_delay0-100_dup0_reorder6_burst0,Loopback,1,1,0,,,0.000,0,21,1532,23.467,23.493,23.606,102.031,102.465,75.996,62.623,8.254,0.060,0.231,41239,2634,38625,35991,5561,3216,402,1777,1506,271,166,0,35994,1150,346,0,0,0,0,5.000,0,0,0,0,0,0,0,0,0,0,0,0,0,0,0,0.000,0.000,0.000,,1128,1128,5296,0,1,49.729,216.512,50.867,217.868,0.000,0.000,1118,1108,21277,1421,330,0,3695,5983,1534,1,nack-sent,pending,H.264,0,1,24,10,14,3,0,1,0,14,0,0,43835,10,0,0,0,0,0,57.898,292,402,271,255,271,0,63.152,23.897,141.453,6,0,971,71,1042,0,299,41,0.421,0.579,0.932,1.000,0.121,45.000,0.333,0.667,0.000,duplicate-guard,1791,15193,0,0,1083,14102,3695,37005,703,1069,5,22,36987,predicted-useful,fec-grace,6159,0.250,396,1042,0,7,0,0,0,20,20,20,20,379,5992,379,5992,0,0,0,pacing,1,0.787,9.040,117.040,0,0,20,20,0,0,0,0,14,23,23,0,1528,2,2,sent,158,414,0,11,120,8,0,0,19,38,14,23,5,15,1528,2,selected-repair,0,0,0,0,38,0,0,0,0,1,0,35,0,0,6019,4488,220,0,1,9500000,1200000,0,0,0,43829,43829,53794874,2565,3162579,1319,1629074,0,0,0,0,0,11.767,37.935,458.375,4800.000,2253,79845,41227,17768,38618,20850,0.301,16.131,2.236,2253,4981698,7820419,1.530,18.051,0.485,13.448,79845,3695,1134,37005,1131,2552,12,324,323,599,68,123,2,20,48,0,0,0,0,0,0,0,0,0,0,254,2,1,0,4,7368,5983,5983,0,0,0,0,0,,disabled,,0,0,0,0,,1,Fixed Quality,Hybrid,85,30,9500,12000,640,360,H.264,480,270,518400,0,518400,28178,0.054,0.000,,0,0,0.000,5.249,0.000,4.527,0.696,7250,6750,6750,34,34,0,1,9500,1.000,0,11.767,0.000,0,0,0.000,0.000,0,0,0,0,0.280,0.652,0.068,1,0,0,disabled,0,0,0,208,497,208,244,45,382,382,0,5,async-output-pending,0,,0,0,0.000,0.000,0,,11.767,458.375,39583.333,0.000,0,0,0,,55,0,0,0.000,1,0,0.685,0.190,0.494,0.000,0.000,0.000,0.000,0,0,1,1,1,0,0,1,1,0,0,0,1.000,0.000,0.000,30,0,0.000,0,0,0,0.000,0.000,0.000,0.000,0.000,0.000,0.000,0.000,24.215,0,0,0,0,0,0,0,0,0.000,0.000,0.000,0.000,0.000,0.000,0,0.449,23.493,1118,1128,5296,50.836,218.035,66.289,218.035,28159.529,756,1,H.264,93.974,0,0,216.512,217.868,0.999,162.304,92.439,arrival-gap-jitter-spike,28244.299,0,1,1,1,1,56403.828,502.052,545.390,546.458,546.458,0,0,19,0,0,14,0,,,144.523,176.660,1411,1,decoded,0,0,0,0,0,0,0,0,0,0,,95.924,0.000,98.755,0.000,0.000,0.000,131.016,stale-before-upload,0.000,1532,0.000,103.164,3.938,0.077,0.294,0.048,0.000,0.246,1,0,0,1,3,0.060,23.467,23.493,8.254,23.606,0.750,Loss,0,1,0,0.000,1,1,1,1,0.060,0.000,0.060,0,100,0,43885,41309,2534,0,2476
57.410,Custom_loss6_delay0-100_dup0_reorder6_burst0,Loopback,1,1,0,,,0.000,0,21,1563,15.575,15.577,17.755,58.200,102.523,35.500,62.111,37.462,0.060,0.233,42039,2660,39355,36695,5668,3280,415,1804,1529,275,169,0,36698,1170,355,0,0,0,0,5.000,0,0,0,0,0,0,0,0,0,0,0,0,0,0,0,0.000,0.000,0.000,,1148,1148,5382,0,1,25.602,216.512,26.742,217.868,0.000,0.000,1137,1127,21684,1445,339,0,3769,6096,1562,1,fec-recovered,pending,H.264,0,1,24,22,2,4,3,3,13,36,0,0,44682,20,0,0,0,0,0,88.734,300,415,275,259,275,0,63.350,23.612,141.453,6,0,996,72,1068,0,304,44,0.420,0.580,0.933,1.000,0.126,35.000,0.167,0.833,1.000,retransmit-late,1820,15422,0,0,1100,14309,3769,37794,715,1091,5,22,37775,predicted-useful,fec-grace,6282,0.208,404,1068,0,7,0,0,0,20,20,20,20,387,6118,387,6118,0,0,0,pacing,1,0.802,11.007,119.007,0,0,20,20,0,0,0,0,14,23,23,0,1528,2,2,sent,160,420,0,11,122,8,0,0,19,38,14,23,5,15,1538,3,stale-age,0,0,0,0,38,0,0,0,0,1,0,35,0,0,6145,4582,224,0,1,9500000,1200000,0,0,0,44644,44644,54793202,2621,3231669,1348,1664568,0,0,0,0,0,0.161,37.935,16557.438,4800.000,2296,81390,42035,18088,39355,21267,0.301,33.204,4.635,2296,5250241,9269258,2.135,6.342,0.375,17.903,81390,3769,1153,37794,1158,2599,12,333,332,614,71,129,2,20,51,0,0,0,0,0,0,0,0,0,0,260,2,1,0,4,7505,6096,6096,0,0,0,0,0,,disabled,,0,0,0,0,,1,Fixed Quality,Hybrid,85,30,9500,12000,640,360,H.264,480,270,518400,0,518400,5964,0.012,0.000,,0,0,0.000,5.059,0.000,4.425,0.607,6000,6250,6250,35,35,0,1,9500,0.820,1,0.161,0.000,0,0,0.000,0.000,0,0,0,0,0.281,0.652,0.067,1,0,0,latency-pressure-freshness-hold,0,0,0,212,508,212,249,47,391,391,0,5,async-output-pending,0,,0,0,0.000,0.000,0,,0.161,16557.438,43981.481,0.000,0,0,0,,56,0,0,0.000,1,0,0.597,0.142,0.453,0.000,0.000,0.000,0.000,0,0,1,1,1,0,0,1,1,0,0,0,1.000,0.000,0.000,27,0,0.000,0,0,0,0.000,0.000,0.000,0.000,0.000,0.000,0.000,0.000,27.455,0,0,0,0,0,0,0,0,0.000,0.000,0.000,0.000,0.000,0.000,0,0.484,15.576,1137,1148,5382,25.879,218.035,66.289,218.035,28159.529,756,1,H.264,93.974,0,0,216.512,217.868,0.999,162.304,92.439,arrival-gap-jitter-spike,29250.229,0,1,1,1,1,57409.758,502.052,545.390,546.458,546.458,0,0,20,0,0,15,1,cadence-limited freshness,input-cadence-or-video-budget,152.064,176.660,1557,1,H.264,0,0,0,0,0,0,0,0,0,0,,103.636,0.000,101.288,0.000,0.000,0.000,120.000,stale-before-decode,0.000,1563,0.000,106.521,4.724,0.079,0.685,0.401,0.000,0.284,1,0,0,1,3,0.060,15.575,15.577,37.462,17.755,1.000,RecoveryDeadline,0,1,0,1.000,1,1,1,1,0.060,0.000,0.060,0,100,0,44701,42107,2586,0,2535
58.413,Custom_loss6_delay0-100_dup0_reorder6_burst0,Loopback,1,1,0,,,0.000,0,21,1587,18.390,15.048,12.892,102.113,102.554,62.687,62.122,27.796,0.060,0.234,42656,2734,39962,37228,5761,3335,423,1831,1551,280,172,0,37231,1185,363,0,0,0,0,5.000,0,0,0,0,0,0,0,0,0,0,0,0,0,0,0,0.000,0.000,0.000,,1163,1163,5480,0,1,80.981,216.512,82.175,217.868,0.000,0.000,1150,1140,22018,1465,348,0,3826,6186,1589,1,nack-sent,pending,H.264,0,1,22,21,1,5,5,2,5,10,0,0,45328,15,0,0,0,0,0,88.709,309,423,280,264,280,0,63.446,23.383,141.453,7,0,1019,72,1091,0,312,47,0.422,0.578,0.934,1.000,0.131,45.000,0.600,0.400,0.000,duplicate-guard,1848,15624,0,0,1115,14495,3826,38348,728,1107,5,22,38329,predicted-useful,likely-arrival,6377,0.909,413,1091,0,7,0,0,0,22,22,22,22,396,6247,396,6247,0,0,0,pacing,1,0.794,12.091,120.091,0,0,22,22,0,0,0,0,14,23,23,0,1528,2,2,sent,163,429,0,12,124,8,0,0,19,38,14,23,5,15,1572,1,stale-frame-lag,0,0,0,0,38,0,0,0,0,1,0,37,0,0,6276,4653,228,0,1,9500000,1200000,0,0,0,45339,45339,55651626,2672,3294857,1372,1694464,0,0,0,0,0,16.826,37.935,9777.125,4800.000,2330,82582,42648,18344,39934,21590,0.301,17.254,1.933,2330,4508915,7105790,1.803,10.511,0.382,14.970,82582,3826,1167,38348,1182,2632,12,341,340,626,73,132,1,21,52,0,0,0,0,0,0,0,0,0,0,266,2,1,0,4,7618,6186,6186,0,0,0,0,0,,disabled,,0,0,0,0,,1,Fixed Quality,Hybrid,85,30,9500,12000,640,360,H.264,480,270,518400,0,518400,26096,0.050,0.000,,0,0,0.000,6.366,0.000,5.472,0.798,6000,6250,6250,35,35,0,1,9500,0.820,1,16.826,0.000,0,0,0.000,0.000,0,0,0,0,0.283,0.651,0.066,1,0,0,latency-pressure-freshness-hold,0,0,0,216,519,216,256,47,399,399,0,5,async-output-pending,0,,0,0,0.000,0.000,0,,14.383,11647.750,43981.481,0.000,0,0,0,,57,0,0,0.000,1,0,0.746,0.170,0.575,0.000,0.000,0.000,0.000,0,0,1,1,1,0,0,1,1,0,0,0,1.000,0.000,0.000,27,0,0.000,0,0,0,0.000,0.000,0.000,0.000,0.000,0.000,0.000,0.000,17.297,0,0,0,0,0,0,0,0,0.000,0.000,0.000,0.000,0.000,0.000,0,0.624,15.048,1150,1163,5480,82.225,218.035,66.289,218.035,28159.529,756,1,H.264,93.974,0,0,216.512,217.868,0.999,162.304,92.439,arrival-gap-jitter-spike,30253.706,0,1,1,1,1,58413.235,502.052,545.390,546.458,546.458,0,0,22,0,0,17,2,latency-pressure freshness,latency-over-80ms,149.183,176.660,1572,1,H.264,0,0,0,0,0,0,0,0,0,0,,102.280,0.000,102.520,0.000,0.000,0.000,131.056,stale-before-decode,0.001,1587,0.000,110.003,6.825,0.112,0.328,0.001,0.000,0.327,1,0,0,1,3,0.060,18.390,15.048,27.796,12.892,1.000,RecoveryDeadline,0,1,0,0.000,0,4,4,1,0.060,0.000,0.060,0,100,0,45397,42732,2628,0,2574
59.421,Custom_loss6_delay0-100_dup0_reorder6_burst0,Loopback,1,1,0,,,0.000,0,21,1613,20.062,20.062,23.074,93.939,102.564,77.406,62.400,6.178,0.060,0.235,43386,2772,40637,37865,5868,3398,429,1868,1579,289,173,0,37868,1204,370,0,0,0,0,5.000,0,0,0,0,0,0,0,0,0,0,0,0,0,0,0,0.000,0.000,0.000,,1182,1182,5576,0,1,50.888,216.512,51.851,217.868,0.000,0.000,1169,1159,22422,1493,355,0,3891,6299,1616,1,fec-recovered,pending,H.264,0,1,23,22,1,3,3,1,8,12,0,0,46106,7,0,0,0,0,0,73.031,316,429,289,273,289,0,63.385,23.345,141.453,7,0,1041,72,1113,0,326,47,0.424,0.576,0.935,1.000,0.126,45.000,0.571,0.429,0.000,duplicate-guard,1884,15874,0,0,1134,14718,3891,38934,745,1134,5,22,38915,deferred-likely-arrival,likely-arrival,6482,0.391,421,1113,0,7,0,0,0,23,23,23,23,404,6356,404,6356,0,0,0,pacing,1,0.739,9.884,117.884,0,0,23,23,0,0,0,0,14,23,23,0,1528,2,2,sent,166,437,0,12,127,8,0,0,19,38,14,23,5,15,1612,2,stale-age,0,0,0,0,40,0,0,0,0,1,0,37,0,0,6386,4729,232,0,1,9500000,1200000,9,0,9,46127,46118,56612856,2722,3356801,1395,1723116,0,0,0,0,0,0.801,37.935,91.938,4800.000,2370,84012,43377,18650,40635,21985,0.301,15.237,1.785,2370,5428373,8097701,1.697,11.352,0.474,14.614,84012,3891,1186,38934,1206,2673,12,348,347,637,74,133,1,22,52,0,0,0,0,0,0,0,0,0,0,272,2,1,0,4,7760,6299,6299,0,0,0,0,0,,disabled,,0,0,0,0,,1,Fixed Quality,Hybrid,85,30,9500,12000,640,360,H.264,480,270,518400,27136,518400,27136,0.052,0.000,,0,0,0.000,2.090,0.000,0.000,0.099,7250,6500,6500,36,36,0,1,9500,1.000,0,13.431,0.000,0,0,0.000,0.000,0,0,0,0,0.284,0.651,0.065,1,0,0,disabled,23,0,0,220,527,220,260,47,407,407,0,5,large-au-observed,0,,0,0,15.414,22.851,0,,0.000,0.000,0.000,0.000,0,0,0,,58,0,0,9.147,0,1618,0.098,0.000,0.000,0.098,0.000,0.070,0.008,1,1,1,1,0,1,1,0,0,0,1,0,0.860,179.995,0.000,26,0,0.000,0,0,0,0.000,0.000,0.000,0.000,0.000,0.000,0.000,1.981,6.726,0,0,0,0,0,0,0,0,0.000,0.000,0.000,0.000,0.000,0.000,0,0.465,20.062,1169,1182,5576,52.024,218.035,66.289,218.035,28159.529,756,1,H.264,93.974,0,0,216.512,217.868,0.999,162.304,92.439,arrival-gap-jitter-spike,31261.068,0,1,1,1,1,59420.597,502.052,545.390,546.458,546.458,0,0,22,0,0,17,0,,,149.183,176.660,1572,1,H.264,0,0,0,0,0,0,0,0,0,0,,99.194,0.000,102.043,0.000,0.000,0.000,126.969,stale-before-decode,0.000,1613,0.000,107.302,4.766,0.078,0.299,0.018,0.000,0.281,1,0,0,1,3,0.060,20.062,20.062,6.178,23.074,1.000,Loss,0,1,0,1.000,3,3,3,1,0.060,0.000,0.060,0,100,0,46177,43457,2674,0,2628
60.427,Custom_loss6_delay0-100_dup0_reorder6_burst0,Loopback,1,1,0,,,0.000,0,21,1642,17.334,17.342,19.455,99.176,102.579,76.122,62.645,47.286,0.060,0.235,44045,2816,41260,38444,5959,3452,432,1899,1604,295,176,0,38447,1223,376,0,0,0,0,5.000,0,0,0,0,0,0,0,0,0,0,0,0,0,0,0,0.000,0.000,0.000,,1201,1201,5668,0,1,103.841,216.512,104.977,217.868,0.000,0.000,1188,1176,22765,1518,361,0,3952,6394,1643,1,nack-suppressed-fec-grace,pending,H.264,0,1,23,14,9,2,1,0,0,0,0,0,46830,16,0,0,0,0,0,43.202,322,432,295,279,295,0,63.560,23.100,141.453,7,0,1056,75,1131,0,335,47,0.427,0.573,0.934,1.000,0.123,43.000,0.667,0.333,0.000,insufficient-sample,1915,16090,0,0,1150,14911,3952,39497,760,1157,5,22,39478,deferred-likely-arrival,fec-grace,6587,0.000,427,1131,0,7,0,0,0,23,23,23,23,410,6450,410,6450,0,0,0,pacing,1,0.780,5.620,113.620,0,0,23,23,0,0,0,0,14,23,23,0,1528,2,2,sent,168,442,0,12,129,8,0,0,19,38,14,23,5,15,1634,2,stale-age,0,0,0,0,40,0,0,0,0,1,0,37,0,0,6480,4804,236,0,1,9500000,1200000,0,0,0,46812,46812,57466218,2769,3414853,1421,1755044,0,0,0,0,0,14.568,37.935,5923.875,4800.000,2406,85284,44034,18935,41250,22315,0.301,4.326,2.400,2406,4757274,7454635,1.162,8.825,0.478,12.792,85284,3952,1205,39497,1230,2710,12,354,353,649,75,138,5,22,52,1,0,0,0,0,0,0,0,0,0,277,2,1,0,4,7876,6394,6394,0,0,0,0,0,,disabled,,0,0,0,0,,1,Fixed Quality,Hybrid,85,30,9500,12000,640,360,H.264,480,270,518400,27136,518400,27136,0.052,0.000,,0,0,0.000,2.156,0.000,0.000,0.105,7000,6500,6500,36,36,0,1,9500,0.985,1,14.568,0.000,0,0,0.000,0.000,0,0,0,0,0.285,0.649,0.066,1,0,0,fixed-pacing-queue-hold,23,0,0,224,538,224,267,47,415,415,0,5,large-au-observed,0,,0,0,13.878,22.851,0,,0.000,0.000,0.000,0.000,0,0,0,,59,0,0,12.693,0,1644,0.105,0.000,0.000,0.104,0.000,0.072,0.010,1,1,1,1,0,1,1,0,0,0,1,0,0.860,138.882,0.000,24,0,0.000,0,0,0,0.000,0.000,0.000,0.000,0.000,0.000,0.000,2.040,17.549,0,0,0,0,0,0,0,0,0.000,0.000,0.000,0.000,0.000,0.000,0,0.524,17.342,1188,1201,5668,104.899,218.035,66.289,218.035,28159.529,756,1,H.264,93.974,0,0,216.512,217.868,0.999,162.304,92.439,arrival-gap-jitter-spike,32268.073,0,1,1,1,1,60427.602,502.052,545.390,546.458,546.458,0,0,23,0,0,18,1,latency-pressure freshness,latency-over-80ms,135.411,176.660,1615,1,decoded,0,0,0,0,0,0,0,0,0,0,,104.411,0.000,107.450,5.817,0.000,109.982,134.588,stale-before-upload,0.001,1639,0.000,114.091,5.205,0.080,0.253,0.014,0.000,0.239,1,0,0,1,3,0.060,17.334,17.342,47.286,19.455,1.000,Jitter,0,1,0,1.000,2,2,2,1,0.060,0.000,0.060,0,100,0,46872,44118,2717,0,2668
