timeSec,scenarioName,networkRuntimeMode,networkModeSendingEnabled,networkModeReceivingEnabled,networkExperimentActive,networkExperimentScenarioName,networkExperimentAdaptiveMode,networkExperimentRemainingSec,networkExperimentStepIndex,networkExperimentStepCount,frameId,receiveFps,decodeFps,displayFps,currentLatencyMs,averageLatencyMs,currentRttMs,averageRttMs,currentJitterMs,packetLossRate,frameDropRate,receivedPackets,missingPackets,sequenceGapPackets,sequenceGapRecoveredPackets,duplicatePackets,duplicateOriginalPackets,duplicateRetransmitPackets,duplicateLateAfterCompletedPackets,duplicateLateAfterCompletedOriginalPackets,duplicateLateAfterCompletedRetransmitPackets,duplicateLateAfterExpiredPackets,duplicateLateAfterRejectedPackets,reorderedPackets,completedFrames,droppedFrames,deadlineDroppedFrames,outputQueueDroppedFrames,outputQueueDropEvents,outputQueueDropBurstEvents,startupWarmupSec,startupWarmupActive,outputQueueDroppedFramesDelta,outputQueueDropEventsDelta,outputQueueDropBurstEventsDelta,startupOutputQueueDroppedFrames,startupOutputQueueDropEvents,startupOutputQueueDropBurstEvents,steadyOutputQueueDroppedFrames,steadyOutputQueueDropEvents,steadyOutputQueueDropBurstEvents,evaluationOutputQueueDroppedFrames,evaluationOutputQueueDropEvents,evaluationOutputQueueDropBurstEvents,lastOutputQueueDropFrameCount,lastOutputQueueDropQueueSize,lastOutputQueueDropOldestAgeMs,lastOutputQueueDropNewestAgeMs,maxOutputQueueDropOldestAgeMs,lastOutputQueueDropReason,completedQueuePushes,completedQueuePops,completedQueueEmptyPolls,completedQueueSize,maxCompletedQueueSize,completedQueueLastPopAgeMs,completedQueueMaxPopAgeMs,completedQueueLastPushIntervalMs,completedQueueMaxPushIntervalMs,lastOutputQueueDropPopAgeMs,lastOutputQueueDropPushIntervalMs,decodedFrames,displayedFrames,frameRecoveryOutcomeEvents,frameRecoveryCompletedFrames,frameRecoveryExpiredFrames,frameRecoveryRejectedFrames,frameRecoveryNackSentFrames,frameRecoveryFecRecoveredFrames,frameRecoveryLastFrameId,frameRecoveryLastStreamId,frameRecoveryLastEvent,frameRecoveryLastOutcome,frameRecoveryLastCodec,frameRecoveryLastKeyFrame,frameRecoveryLastLargeFrame,frameRecoveryLastChunkCount,frameRecoveryLastReceivedChunks,frameRecoveryLastMissingChunks,frameRecoveryLastFecParityPackets,frameRecoveryLastFecRecoveredChunks,frameRecoveryLastNackCount,frameRecoveryLastPostNackReceivedChunks,frameRecoveryLastNackRequestedChunks,frameRecoveryLastRetransmitReceivedChunks,frameRecoveryLastRetransmitDuplicatePackets,frameRecoveryLastPacketSequence,frameRecoveryLastPacketChunkIndex,frameRecoveryLastRetransmitSequence,frameRecoveryLastRetransmitChunkIndex,frameRecoveryLastEventPacketSequence,frameRecoveryLastEventPacketChunkIndex,frameRecoveryLastEventWasRetransmit,frameRecoveryLastAgeMs,retransmitUsefulChunks,retransmitDuplicatePackets,retransmitLateAfterCompletedPackets,retransmitLateAfterCompletedLargePackets,retransmitLateAfterCompletedSentBeforeCompletePackets,retransmitLateAfterCompletedSentAfterCompletePackets,retransmitLateAfterCompletedAvgSendToCompleteMs,retransmitLateAfterCompletedAvgDelayMs,retransmitLateAfterCompletedMaxDelayMs,retransmitLateAfterExpiredPackets,retransmitLateAfterRejectedPackets,retransmitClassifiedPackets,retransmitNotArrivedPackets,retransmitAccountedPackets,retransmitUnclassifiedPackets,retransmitCompletedFrames,retransmitExpiredFrames,retransmitUsefulnessRatio,retransmitDuplicateRatio,retransmitFinalClassificationRatio,retransmitFinalAccountingRatio,retransmitExpiredAfterUsefulRatio,dynamicNackDeadlineMs,dynamicNackUsefulnessRatio,dynamicNackDuplicateRatio,dynamicNackExpiredAfterRetransmitRatio,dynamicNackDecisionReason,nackSuppressedFrames,nackSuppressedMissingChunks,nackPreflightSuppressedFrames,nackPreflightSuppressedChunks,nackFecGraceSuppressedFrames,nackFecGraceSuppressedChunks,nackPredictedUsefulFrames,nackPredictedUsefulChunks,nackDeferredForLikelyArrivalFrames,nackDeferredForLikelyArrivalChunks,nackSkippedTooLateFrames,nackSkippedTooLateChunks,nackRequestedChunkBudget,nackLastShapingReason,nackLastSuppressionReason,ackCount,lastAckMissingRate,ackRetransmittedFrames,ackRetransmittedChunks,repairCanceledByCompleteAckPackets,repairSkippedByTtlPackets,repairQueuedButCanceledPackets,repairSentAfterCompleteAckPackets,repairSentAfterCompleteAckLargePackets,repairSuppressedByFecLikelyFrames,repairSuppressedByFecLikelyPackets,repairSuppressedByFecLikelyLargeFrames,repairSuppressedByFecLikelyLargePackets,repairBudgetSuppressedFrames,repairBudgetSuppressedPackets,repairBudgetSuppressedLargeFrames,repairBudgetSuppressedLargePackets,repairRaceGuardSuppressedFrames,repairRaceGuardSuppressedPackets,repairRaceGuardSuppressedLargePackets,repairBudgetProfile,repairBudgetProfileSwitches,repairBudgetSmoothedMissingRate,repairBudgetSmoothedPacingQueueDelayMs,repairBudgetSmoothedDeliveryMs,repairFecLikelySuppressedCompletedFrames,repairFecLikelySuppressedCompletedPackets,repairFecLikelySuppressedExpiredFrames,repairFecLikelySuppressedExpiredPackets,repairFecLikelySuppressedPendingFrames,repairFecLikelySuppressedPendingPackets,repairFecLikelySuppressionRescueFrames,repairFecLikelySuppressionRescuePackets,lateRepairSavedPackets,ackStaleDroppedFrames,ackKeyFrameRequests,ackKeyFramePending,pacingEnabled,pacingTargetBitrateBps,pacingRepairTargetBitrateBps,pacingQueuedPackets,pacingHighPriorityQueuedPackets,pacingNormalQueuedPackets,pacingEnqueuedPackets,pacingSentPackets,pacingSentBytes,pacingRepairSentPackets,pacingRepairSentBytes,pacingRepairBorrowedPackets,pacingRepairBorrowedBytes,pacingDroppedPackets,pacingDeadlineDroppedPackets,pacingHighPriorityDeadlineDroppedPackets,pacingNormalDeadlineDroppedPackets,pacingOverflowDroppedPackets,pacingCurrentQueueDelayMs,pacingMaxQueueDelayMs,pacingVideoCreditBytes,pacingRepairCreditBytes,transportFeedbackPackets,transportFeedbackPacketStatuses,transportFeedbackReceivedPackets,transportFeedbackMissingPackets,transportFeedbackSequenceGapPackets,transportFeedbackSequenceGapRecoveredPackets,transportFeedbackLossRate,transportFeedbackArrivalJitterMs,transportFeedbackQueueDelayTrendMs,transportFeedbackLastSequence,estimatedBandwidthBps,deliveryRateBps,bandwidthQueueDelayMs,bandwidthRttTrendMs,bandwidthLossTrend,bandwidthJitterTrendMs,bandwidthFeedbackSamples,deadlineNackSentFrames,deadlineNackRecoveredFrames,deadlineNackMissingChunks,deadlineNackSentH264KeyFrames,deadlineNackSentH264LargeFrames,deadlineNackSentH264DeltaFrames,deadlineNackExpiredDroppedFrames,deadlineNackExpiredAfterNackFrames,deadlineNackExpiredMissingChunks,deadlineNackExpiredH264KeyFrames,deadlineNackExpiredH264LargeFrames,deadlineNackExpiredH264DeltaFrames,fecEnabled,adaptiveFecEnabled,fecGroupChunkCount,fecParityPackets,fecRecoveredFrames,fecRecoveredChunks,h264ReassemblerAuRejectedFrames,h264ReassemblerHeaderFailures,h264ReassemblerPayloadSizeMismatches,h264ReassemblerFrameIdMismatches,h264ReassemblerCrcMismatches,h264ReassemblerLastRejectReason,adaptiveFecDecisionReason,adaptiveFecHoldReason,adaptiveFecG8ToG4Recovery,adaptiveFecQualityHoldActive,adaptiveFecQualityHoldCanceled,adaptiveFecEmergencyG2Active,adaptiveFecEarlyOffReason,adaptiveEnabled,adaptiveControlMode,adaptiveCongestionControlMode,targetJpegQuality,targetFps,targetBitrateKbps,adaptiveBandwidthCeilingKbps,targetWidth,targetHeight,actualCodec,actualEncodeWidth,actualEncodeHeight,actualRawFrameBytes,actualEncodedFrameBytes,rawFrameBytes,encodedFrameBytes,compressionRatio,captureFps,cameraCaptureSubtype,cameraCaptureWidth,cameraCaptureHeight,cameraCaptureFormatFps,encodeMs,resizeMs,nv12PrepareMs,h264EncodeMs,h264EncoderRequestedBitrateKbps,h264EncoderTargetBitrateKbps,h264EncoderAppliedBitrateKbps,h264DynamicBitrateUpdateRequests,h264DynamicBitrateUpdateSuccesses,h264DynamicBitrateUpdateFailures,h264EncoderReinitializations,pacingBudgetTargetBitrateKbps,h264VideoBudgetScale,pacingBurstGuardActive,fixedPacingRecentMaxQueueDelayMs,fixedPacingQueueReleaseStableSec,fixedPacingQueueRecovered,fixedPacingQueueReleaseEligible,adaptiveRepairBudgetUtilization,adaptiveRepairBorrowedRatio,adaptiveRepairSentBytesDelta,adaptiveRepairBorrowedBytesDelta,adaptiveRepairBudgetGuardActive,adaptiveRepairVideoBudgetPressure,adaptiveRetransmitUsefulRatio,adaptiveLateRepairWasteRatio,adaptiveRetransmitNotArrivedRatio,adaptiveRetransmitAccountingComplete,adaptiveLateRepairWastePressure,adaptiveRetransmitNotArrivedPressure,adaptiveRepairDecisionReason,h264AuChunkCount,h264AuIsIdr,h264AuIsDecoderSync,h264AuProtectionLevel,h264AuDroppedBeforeSend,h264AuDropReason,h264AuDroppedBytes,h264AuDroppedChunks,h264AuPacingQueueDelayMs,h264AuEstimatedSendMs,h264InputGatedByPacing,h264InputGateReason,h264InputGateQueueDelayMs,h264InputGateVideoCreditBytes,h264InputGateFrameBudgetBytes,h264InputGateDurationMs,h264InputGateConsecutiveFrames,h264InputGateSkippedInputFrames,h264InputGateForcedOpen,h264InputGateReleaseReason,fecProtectedH264KeyFrames,fecProtectedH264LargeFrames,h264EncoderDelayFrames,h264EncoderDelayMs,h264EncoderPendingFrames,h264EncodedInputFrameId,h264EncoderCallMs,h264EncoderSampleCreateMs,h264EncoderProcessInputMs,h264EncoderPreInputPollMs,h264EncoderPostInputWaitMs,h264EncoderProcessOutputMs,h264EncoderOutputCopyMs,h264EncoderProcessOutputAttempts,h264EncoderAsyncEventCount,h264EncoderHardware,h264EncoderAsync,h264EncoderNeedInputSignaled,h264EncoderOutputProduced,h264EncoderOutputProducedBeforeInput,h264SubmittedNewInput,h264AsyncSubmittedWithoutOutput,h264AsyncPendingNoOutput,h264AsyncCadenceHoldActive,h264AsyncPendingNoOutputStreak,h264AsyncCadenceScale,h264AsyncCadenceHoldRemainingMs,h264AsyncOutputPollBackoffMs,h264InputCadenceFps,h264NeedInputSubmitWake,h264NeedInputSubmitLeadMs,encodedCameraFrameId,encodedCameraSourceTimestamp100ns,encodedCameraCaptureCompletedTimeUs,encodedCameraFrameAgeMs,encodedCameraReadSampleMs,encodedCameraReadSampleEndToCaptureMs,encodedCameraCaptureToPublishMs,encodedCameraPublishToAcquireMs,encodedCameraAcquireToEncoderInputMs,jpegEncodeMs,packetizeMs,sendFrameIntervalMs,cameraFrameReady,cameraFrameId,cameraSourceTimestamp100ns,cameraReadSampleStartTimeUs,cameraReadSampleEndTimeUs,cameraCaptureCompletedTimeUs,cameraFramePublishedTimeUs,cameraSenderAcquireTimeUs,cameraReadSampleMs,cameraReadSampleEndToCaptureMs,cameraCaptureToPublishMs,cameraPublishToAcquireMs,cameraAcquireToSendMs,cameraFrameAgeMs,cameraFrameCacheUsed,receiveJpegDecodeMs,receiveDecodeWorkerFps,receiveDecodeWorkerFrames,receiveDecodePopSuccesses,receiveDecodePopEmptyPolls,receiveDecodeLoopLastPopGapMs,receiveDecodeLoopMaxPopGapMs,receiveStartupDecodeLoopMaxPopGapMs,receiveSteadyDecodeLoopMaxPopGapMs,receiveSteadyDecodeLoopMaxPopGapAtMs,receiveSteadyDecodeLoopMaxPopGapFrameId,receiveSteadyDecodeLoopMaxPopGapStreamId,receiveSteadyDecodeLoopMaxPopGapCodec,receiveSteadyDecodeLoopMaxPopGapInputFrameAgeMs,receiveSteadyDecodeLoopMaxPopGapDecodedQueueSize,receiveSteadyDecodeLoopMaxPopGapCompletedQueueSize,receiveSteadyDecodeLoopMaxPopGapCompletedQueuePopAgeMs,receiveSteadyDecodeLoopMaxPopGapCompletedQueuePushIntervalMs,receiveSteadyDecodeLoopMaxPopGapArrivalRatio,receiveSteadyDecodeLoopMaxPopGapReceiverJitterMs,receiveSteadyDecodeLoopMaxPopGapReceiverLatencyMs,receiveSteadyDecodeLoopMaxPopGapClass,receiveSteadyDecodeLoopMaxPopGapAgeMs,receiveH264StartupActive,receiveH264StartupDecoderSynced,receiveH264StartupFirstDecoded,receiveH264StartupFirstDisplayed,receiveH264StartupReady,receiveH264StartupElapsedMs,receiveH264StartupDecoderSyncMs,receiveH264StartupFirstDecodedMs,receiveH264StartupFirstDisplayedMs,receiveH264StartupReadyMs,receiveH264StartupQueueFlushFrames,receiveDecodeOverwrittenFrames,receiveDecodeQueueDroppedFrames,receiveDecodeRenderOverwriteFrames,receiveDecodeFailures,receiveFreshnessDroppedFrames,receiveFreshnessDroppedFramesDelta,receiveFreshnessDropClass,receiveFreshnessDropEvidence,receiveLastFreshnessDropAgeMs,receiveMaxFreshnessDropAgeMs,receiveLastFreshnessDropFrameId,receiveLastFreshnessDropStreamId,receiveLastFreshnessDropCodec,receiveH264AuInvalidFrames,receiveH264AuCrcMismatches,receiveH264AuPayloadSizeMismatches,receiveH264AuNalCountMismatches,receiveH264AuNoAnnexBNals,receiveH264AuIdrFlagMismatches,receiveH264AuSpsPpsFlagMismatches,receiveH264AuSyncWithoutIdr,receiveH264AuIdrWithoutSpsPps,receiveH264AuForbiddenZeroBit,receiveH264AuLastInvalidReason,receiveDecodeInputFrameAgeMs,receiveDecodeInputCameraFrameAgeMs,receiveDecodeInputEncoderOutputAgeMs,receiveLatestDecodedFrameAgeMs,receiveLatestDecodedCameraFrameAgeMs,receiveLatestDecodedEncoderOutputAgeMs,receiveFreshnessDropThresholdMs,receiveDecodeLastDropReason,receiveUploadBufferWaitMs,receiveDisplayFrameId,receiveDisplayCameraFrameAgeMs,receiveDisplayEncoderOutputAgeMs,receiveDisplayDecodedFrameAgeMs,textureUploadMs,presentGpuWaitMs,renderFramePacingWaitMs,waitableSwapChainWaitMs,presentMs,presentSyncInterval,lowLatencyPresentMode,waitableSwapChainPacingEnabled,waitableSwapChainAvailable,swapChainBufferCount,adaptiveInputPacketLossRate,adaptiveInputReceiveFps,adaptiveInputDecodeFps,adaptiveInputJitterMs,adaptiveInputDisplayFps,adaptiveQoeScore,adaptiveDegradationCause,adaptiveArrivalGapJitterSpikeActive,adaptiveFecRecoveryWorking,adaptiveFecGuardActive,adaptiveFecRecoveryEfficiency,adaptiveFecParityPacketDelta,adaptiveFecRecoveredFrameDelta,adaptiveFecRecoveredChunkDelta,simEnabled,simLossRate,simDuplicateRate,simReorderRate,simMinDelayMs,simMaxDelayMs,simBurstLossLength,simSubmittedPackets,simSentPackets,simDroppedPackets,simDuplicatedPackets,simReorderedPackets
0.104,Custom_loss6_delay0-100_dup0_reorder6_burst0,Loopback,1,1,0,,,0.000,0,21,0,0.000,0.000,0.000,0.000,0.000,0.000,0.000,0.000,0.000,0.000,0,0,0,0,0,0,0,0,0,0,0,0,0,0,0,0,0,0,0,5.000,1,0,0,0,0,0,0,0,0,0,0,0,0,0,0,0.000,0.000,0.000,,0,0,11,0,0,0.000,0.000,0.000,0.000,0.000,0.000,0,0,0,0,0,0,0,0,0,0,,,,0,0,0,0,0,0,0,0,0,0,0,0,0,0,0,0,0,0,0,0.000,0,0,0,0,0,0,0.000,0.000,0.000,0,0,0,0,0,0,0,0,0.000,0.000,0.000,0.000,0.000,0.000,0.000,0.000,0.000,,0,0,0,0,0,0,0,0,0,0,0,0,0,,,0,0.000,0,0,0,0,0,0,0,0,0,0,0,0,0,0,0,0,0,0,balanced,0,0.000,0.000,0.000,0,0,0,0,0,0,0,0,0,0,0,0,1,6000000,1200000,0,0,0,0,0,0,0,0,0,0,0,0,0,0,0,0.000,0.000,3750.000,4800.000,0,0,0,0,0,0,0.000,0.000,0.000,0,6000000,0,0.000,0.000,0.000,0.000,0,0,0,0,0,0,0,0,0,0,0,0,0,1,0,4,0,0,0,0,0,0,0,0,,disabled,,0,0,0,0,,1,Fixed Quality,Hybrid,85,30,9500,12000,640,360,,0,0,0,0,0,0,0.000,0.000,,0,0,0.000,0.000,0.000,0.000,0.000,0,0,0,0,0,0,0,0,1.000,0,0.000,0.000,1,0,0.000,0.000,0,0,0,0,0.000,0.000,0.000,0,0,0,disabled,0,0,0,,0,,0,0,0.000,0.000,0,,0.000,0.000,0.000,0.000,0,0,0,,0,0,0,0.000,0,0,0.000,0.000,0.000,0.000,0.000,0.000,0.000,0,0,0,0,0,0,0,0,0,0,0,0,1.000,0.000,0.000,0,0,0.000,0,0,0,0.000,0.000,0.000,0.000,0.000,0.000,0.000,0.000,0.000,0,0,0,0,0,0,0,0,0.000,0.000,0.000,0.000,0.000,0.000,0,0.000,0.000,0,0,11,0.000,0.000,0.000,0.000,0.000,0,0,,0.000,0,0,0.000,0.000,0.000,0.000,0.000,,-1.000,1,0,0,0,0,104.527,0.000,0.000,0.000,0.000,0,0,0,0,0,0,0,,,0.000,0.000,0,0,,0,0,0,0,0,0,0,0,0,0,,0.000,0.000,0.000,0.000,0.000,0.000,120.000,,0.000,0,0.000,0.000,0.000,0.000,0.000,0.000,0.000,0.000,1,0,0,1,3,0.000,0.000,0.000,0.000,0.000,0.000,None,0,0,0,0.000,0,0,0,1,0.060,0.000,0.060,0,100,0,0,0,0,0,0
1.107,Custom_loss6_delay0-100_dup0_reorder6_burst0,Loopback,1,1,0,,,0.000,0,21,19,24.318,24.246,24.069,115.313,83.929,0.000,0.000,3.649,0.144,0.000,322,54,321,267,59,30,5,24,16,8,0,0,267,18,0,0,0,0,0,5.000,1,0,0,0,0,0,0,0,0,0,0,0,0,0,0,0.000,0.000,0.000,,18,18,105,0,1,43.727,105.029,44.771,105.286,0.000,0.000,17,17,184,26,0,0,33,51,21,1,nack-sent,pending,H.264,1,1,26,12,14,2,0,2,5,33,0,0,352,25,0,0,0,0,0,49.009,7,5,8,6,8,0,50.971,41.153,76.035,0,0,20,1,21,0,9,0,0.583,0.417,0.952,1.000,0.000,25.000,0.000,1.000,0.000,insufficient-sample,2,4,0,0,2,4,33,330,0,0,0,0,330,predicted-useful,fec-grace,64,0.538,8,21,0,0,0,0,0,0,0,0,0,6,95,6,95,0,0,0,pacing,1,0.664,9.203,117.203,0,0,0,0,0,0,0,0,95,37,47,1,1,9500000,1200000,9,0,9,392,383,462155,21,26124,0,0,0,0,0,0,0,5.087,31.859,462.062,4800.000,24,627,319,129,308,179,0.288,4.312,1.103,24,6350212,9825097,1.039,0.000,0.426,18.736,627,32,13,316,29,0,3,0,0,0,0,0,0,1,0,4,60,51,51,0,0,0,0,0,,disabled,,0,0,0,0,,1,Fixed Quality,Hybrid,85,30,9500,12000,640,360,H.264,480,270,518400,30264,518400,30264,0.058,0.000,,0,0,0.000,2.379,0.000,0.000,0.058,7250,7250,7250,0,0,0,1,9500,1.000,0,28.418,0.000,0,0,0.000,0.000,0,0,0,0,0.333,0.619,0.048,1,0,0,disabled,26,1,1,decoder-sync-observed,0,,0,0,31.859,25.485,0,,0.000,0.000,0.000,0.000,0,0,0,,0,0,0,6.047,0,22,0.058,0.000,0.000,0.058,0.000,0.038,0.005,1,1,1,1,0,1,1,0,0,0,0,0,1.000,0.000,0.000,30,0,0.000,0,0,0,0.000,0.000,0.000,0.000,0.000,0.000,0.000,2.293,10.042,0,0,0,0,0,0,0,0,0.000,0.000,0.000,0.000,0.000,0.000,0,0.099,24.246,17,18,105,44.751,105.440,6.973,105.440,781.601,11,1,H.264,96.579,0,0,105.029,105.286,0.999,23.988,96.156,arrival-gap-jitter-spike,325.565,0,1,1,1,1,1107.166,423.910,425.630,426.293,426.293,0,0,0,0,0,0,0,,,0.000,0.000,0,0,,0,0,0,0,0,0,0,0,0,0,,95.324,0.000,97.961,0.000,0.000,0.000,137.656,,0.009,19,0.000,102.080,4.648,0.095,0.301,0.002,0.000,0.298,1,0,0,1,3,0.144,24.318,24.246,3.649,24.069,1.000,Jitter,1,1,0,0.000,4,2,2,1,0.060,0.000,0.060,0,100,0,384,325,15,0,19
2.109,Custom_loss6_delay0-100_dup0_reorder6_burst0,Loopback,1,1,0,,,0.000,0,21,47,23.647,21.677,21.678,100.140,93.971,53.056,53.056,1.932,0.074,0.143,1082,86,1019,933,189,105,17,65,48,17,2,0,933,42,7,0,0,0,0,5.000,1,0,0,0,0,0,0,0,0,0,0,0,0,0,0,0.000,0.000,0.000,,39,39,199,0,1,40.925,105.029,41.790,105.286,0.000,0.000,37,36,576,59,4,0,106,167,49,1,fec-recovered,pending,H.264,1,1,22,8,14,2,1,1,4,19,0,0,1131,0,0,0,0,0,0,54.894,24,17,17,15,17,0,56.308,34.266,76.839,0,0,58,5,63,0,26,1,0.585,0.415,0.921,1.000,0.037,45.000,0.400,0.600,0.000,duplicate-guard,2,4,0,0,2,4,106,1058,0,0,0,0,1058,predicted-useful,fec-grace,185,0.864,22,63,0,0,0,0,0,0,0,0,0,20,306,20,306,0,0,0,pacing,1,0.760,10.468,118.468,0,0,0,0,0,0,0,0,306,115,141,1,1,9500000,1200000,1,0,1,1185,1184,1443100,63,78372,0,0,0,0,0,0,0,8.052,39.122,1240.562,4800.000,66,2094,1075,421,1019,598,0.281,6.283,2.916,66,5150134,8160220,1.813,0.000,0.495,13.267,2094,106,36,1058,103,0,3,4,4,7,4,0,0,1,0,4,197,167,167,0,0,0,0,0,,disabled,,0,0,0,0,,1,Fixed Quality,Hybrid,85,30,9500,12000,640,360,H.264,480,270,518400,26096,518400,26096,0.050,0.000,,0,0,0.000,2.123,0.000,0.000,0.097,6000,6250,6250,2,2,0,1,9500,0.820,1,11.855,0.000,0,0,0.000,0.000,0,0,0,0,0.381,0.540,0.079,1,0,0,latency-pressure-freshness-hold,22,1,1,decoder-sync-observed,0,,0,0,17.283,21.976,0,,0.000,0.000,0.000,0.000,0,0,0,,0,0,0,6.947,0,50,0.097,0.000,0.000,0.097,0.000,0.075,0.007,1,1,1,1,0,1,1,0,0,0,0,0,1.000,0.000,0.000,27,0,0.000,0,0,0,0.000,0.000,0.000,0.000,0.000,0.000,0.000,1.982,11.108,0,0,0,0,0,0,0,0,0.000,0.000,0.000,0.000,0.000,0.000,0,0.092,21.677,37,39,199,41.905,105.440,6.973,105.440,781.601,11,1,H.264,96.579,0,0,105.029,105.286,0.999,23.988,96.156,arrival-gap-jitter-spike,1327.665,0,1,1,1,1,2109.266,423.910,425.630,426.293,426.293,0,0,2,0,0,2,2,latency-pressure freshness,latency-over-80ms,133.023,157.166,28,1,decoded,0,0,0,0,0,0,0,0,0,0,,94.601,0.000,96.653,0.000,0.000,0.000,130.070,stale-before-upload,0.001,47,0.000,100.823,4.256,0.076,0.576,0.341,0.000,0.235,1,0,0,1,3,0.074,23.647,21.677,1.932,21.678,3.000,FrameFreshness,1,1,0,0.000,1,1,1,1,0.060,0.000,0.060,0,100,0,1186,1083,58,0,64
3.116,Custom_loss6_delay0-100_dup0_reorder6_burst0,Loopback,1,1,0,,,0.000,0,21,73,19.847,19.822,19.831,80.340,95.327,8.812,30.934,21.515,0.076,0.160,1812,148,1728,1580,303,158,34,108,78,30,3,0,1580,63,12,0,0,0,0,5.000,1,0,0,0,0,0,0,0,0,0,0,0,0,0,0,0.000,0.000,0.000,,60,60,295,0,1,27.550,117.546,28.870,118.525,0.000,0.000,58,57,944,93,9,0,177,268,76,1,fec-parity,pending,H.264,1,1,23,5,18,1,0,0,0,0,0,0,1950,13,0,0,0,0,0,12.387,32,34,30,28,30,0,58.315,30.577,76.839,0,0,96,7,103,0,36,2,0.485,0.515,0.932,1.000,0.053,45.000,0.333,0.667,0.000,duplicate-guard,2,4,0,0,2,4,177,1586,0,0,0,0,1586,predicted-useful,fec-grace,302,0.174,35,103,0,1,0,0,0,0,0,0,0,33,477,33,477,0,0,0,pacing,1,0.788,7.897,115.897,0,0,0,0,0,0,0,0,478,197,238,1,1,9500000,1200000,0,0,0,1963,1963,2404178,103,128132,0,0,0,0,0,0,0,18.123,39.122,10367.500,4800.000,106,3517,1796,759,1721,962,0.297,26.770,3.126,106,4129326,7164763,1.612,-44.244,0.542,11.528,3517,177,57,1586,174,0,3,9,9,17,9,0,0,1,0,4,329,268,268,0,0,0,0,0,,disabled,,0,0,0,0,,1,Fixed Quality,Hybrid,85,30,9500,12000,640,360,H.264,480,270,518400,27136,518400,27136,0.052,0.000,,0,0,0.000,1.999,0.000,0.000,0.116,7250,6500,6500,3,3,0,1,9500,1.000,0,18.123,0.000,0,0,0.000,0.000,0,0,0,0,0.311,0.621,0.068,1,0,0,disabled,23,1,1,decoder-sync-observed,0,,0,0,19.756,22.851,0,,0.000,0.000,0.000,0.000,0,0,0,,0,0,0,5.985,0,76,0.116,0.000,0.000,0.115,0.000,0.082,0.010,1,1,1,1,0,1,1,0,0,0,0,0,1.000,0.000,0.000,30,0,0.000,0,0,0,0.000,0.000,0.000,0.000,0.000,0.000,0.000,1.841,20.539,0,0,0,0,0,0,0,0,0.000,0.000,0.000,0.000,0.000,0.000,0,0.109,19.822,58,60,295,28.620,118.544,6.973,118.544,2194.229,50,1,H.264,102.661,0,0,117.546,118.525,1.000,76.237,101.652,arrival-gap-jitter-spike,922.086,0,1,1,1,1,3116.315,423.910,425.630,426.293,426.293,0,0,2,0,0,2,0,,,133.023,157.166,28,1,decoded,0,0,0,0,0,0,0,0,0,0,,94.167,0.000,97.047,0.000,0.000,0.000,120.170,stale-before-upload,0.001,73,0.000,101.294,4.084,0.080,0.664,0.372,0.000,0.292,1,0,0,1,3,0.076,19.847,19.822,21.515,19.831,3.000,FrameFreshness,1,1,0,0.000,1,1,1,1,0.060,0.000,0.060,0,100,0,1966,1814,103,0,104
4.122,Custom_loss6_delay0-100_dup0_reorder6_burst0,Loopback,1,1,0,,,0.000,0,21,102,23.156,21.370,21.318,104.916,97.964,7.825,23.231,3.169,0.066,0.162,2628,187,2490,2303,420,231,49,136,100,36,4,0,2303,88,17,0,0,0,0,5.000,1,0,0,0,0,0,0,0,0,0,0,0,0,0,0,0.000,0.000,0.000,,84,84,386,0,1,45.413,117.546,46.355,118.525,0.000,0.000,82,79,1338,124,13,0,252,386,104,1,retransmit-arrived,pending,H.264,1,1,23,9,14,1,0,0,0,0,1,0,2815,1,2815,1,2815,1,1,22.051,48,49,36,34,36,0,60.652,28.417,76.839,0,0,133,8,141,0,50,4,0.495,0.505,0.943,1.000,0.074,45.000,0.400,0.600,0.000,duplicate-guard,2,4,0,0,2,4,252,2196,0,0,0,0,2196,predicted-useful,fec-grace,428,0.000,47,141,0,1,0,0,0,0,0,0,0,45,654,45,654,0,0,0,pacing,1,0.789,11.534,119.534,0,0,0,0,0,0,0,0,655,286,341,0,1,9500000,1200000,0,0,0,2813,2813,3449946,141,175404,1,1244,0,0,0,0,0,0.107,39.122,16420.562,1079.250,150,5080,2606,1091,2474,1383,0.295,34.874,2.569,150,5429868,8525119,1.402,-0.987,0.441,18.430,5080,252,82,2196,249,0,3,13,13,22,13,0,0,1,0,4,464,386,386,0,0,0,0,0,,disabled,,0,0,0,0,,1,Fixed Quality,Hybrid,85,30,9500,12000,640,360,H.264,480,270,518400,0,518400,27138,0.052,0.000,,0,0,0.000,4.840,0.000,4.022,0.779,6250,6500,6500,3,3,0,1,9500,0.880,1,11.476,0.000,0,0,0.000,0.000,0,0,0,0,0.333,0.603,0.064,1,0,0,latency-pressure-freshness-hold,0,0,0,async-output-pending,0,,0,0,0.000,0.000,0,,0.000,0.000,0.000,0.000,0,0,0,,0,0,0,0.000,1,0,0.770,0.221,0.547,0.000,0.000,0.000,0.000,0,0,1,1,1,0,0,1,1,0,0,0,1.000,0.000,0.000,27,0,0.000,0,0,0,0.000,0.000,0.000,0.000,0.000,0.000,0.000,0.000,27.991,0,0,0,0,0,0,0,0,0.000,0.000,0.000,0.000,0.000,0.000,0,0.104,21.370,82,84,386,46.390,118.544,6.973,118.544,2194.229,50,1,H.264,102.661,0,0,117.546,118.525,1.000,76.237,101.652,arrival-gap-jitter-spike,1928.057,0,1,1,1,1,4122.286,423.910,425.630,426.293,426.293,0,0,3,0,0,3,1,latency-pressure freshness,latency-over-80ms,144.678,157.166,89,1,decoded,0,0,0,0,0,0,0,0,0,0,,103.003,0.000,106.034,5.157,0.000,113.793,132.458,stale-before-upload,0.001,101,0.000,110.178,5.505,0.080,0.263,0.000,0.000,0.263,1,0,0,1,3,0.065,23.156,21.370,3.169,21.318,3.000,FrameFreshness,0,1,0,1.500,2,3,3,1,0.060,0.000,0.060,0,100,0,2817,2632,155,0,155
5.123,Custom_loss6_delay0-100_dup0_reorder6_burst0,Loopback,1,1,0,,,0.000,0,21,131,21.868,19.885,19.879,8.604,99.682,3.306,18.250,37.317,0.060,0.180,3387,216,3177,2961,535,300,62,164,122,42,9,0,2961,109,24,0,0,0,0,5.000,0,0,0,0,0,0,0,0,0,0,0,0,0,0,0,0.000,0.000,0.000,,104,104,475,0,1,7.157,117.546,8.412,118.525,0.000,0.000,100,97,1719,151,19,0,329,490,129,1,fec-recovered,pending,H.264,1,1,24,21,3,4,2,3,8,29,2,0,3569,8,3592,1,0,0,0,84.373,68,62,42,40,42,0,60.593,27.456,76.839,0,0,172,12,184,0,60,5,0.523,0.477,0.935,1.000,0.077,40.000,0.800,0.200,0.000,stable,2,4,0,0,2,4,329,2856,0,0,0,0,2856,predicted-useful,fec-grace,550,0.250,62,184,0,3,0,0,0,0,0,0,0,59,833,59,833,0,0,0,pacing,1,0.582,6.369,114.369,0,0,0,0,0,0,0,0,836,369,441,1,1,9500000,1200000,0,0,0,3600,3600,4416654,184,228896,5,6220,0,0,0,0,0,0.023,39.122,23750.000,3556.000,191,6553,3377,1461,3176,1715,0.302,29.665,6.087,191,5337033,8963017,2.186,-4.519,0.379,13.081,6553,329,102,2856,326,0,3,19,19,32,19,0,0,1,0,4,598,490,490,0,0,0,0,0,,disabled,,0,0,0,0,,1,Fixed Quality,Hybrid,85,30,9500,12000,640,360,H.264,480,270,518400,4578,518400,4578,0.009,0.000,,0,0,0.000,0.450,0.000,0.000,0.059,6000,6250,6250,5,5,0,1,9500,0.820,1,0.023,0.014,1,0,1.294,0.000,1244,0,0,0,0.000,0.000,1.000,1,0,0,latency-pressure-freshness-hold,4,1,1,decoder-sync-observed,0,,0,0,0.142,3.855,0,,0.000,0.000,0.000,0.000,0,0,0,,0,0,0,2.513,0,131,0.059,0.000,0.000,0.059,0.000,0.040,0.003,1,1,1,1,0,1,1,0,0,0,0,0,1.000,0.000,0.000,27,0,0.000,0,0,0,0.000,0.000,0.000,0.000,0.000,0.000,0.000,0.361,7.165,0,0,0,0,0,0,0,0,0.000,0.000,0.000,0.000,0.000,0.000,0,0.087,19.885,100,104,475,7.380,118.544,6.973,118.544,2194.229,50,1,H.264,102.661,0,0,117.546,118.525,1.000,76.237,101.652,arrival-gap-jitter-spike,2928.604,0,1,1,1,1,5122.833,423.910,425.630,426.293,426.293,0,0,6,0,0,6,3,cadence-limited freshness,input-cadence-or-video-budget,145.392,157.166,124,1,decoded,0,0,0,0,0,0,0,0,0,0,,92.646,0.000,89.748,0.000,0.000,0.000,120.000,stale-before-upload,0.001,131,0.000,90.000,2.839,0.080,0.497,0.266,0.000,0.231,1,0,0,1,3,0.060,21.868,19.885,37.317,19.879,3.000,FrameFreshness,0,1,0,1.000,1,1,1,1,0.060,0.000,0.060,0,100,0,3605,3394,199,0,215
6.123,Custom_loss6_delay0-100_dup0_reorder6_burst0,Loopback,1,1,0,,,0.000,0,21,156,23.725,23.729,23.419,74.473,99.430,20.622,18.724,41.179,0.065,0.191,4094,283,3853,3570,643,363,69,202,149,53,9,0,3570,131,31,0,0,0,0,5.000,0,0,0,0,0,0,0,0,0,0,0,0,0,0,0,0.000,0.000,0.000,,124,124,569,0,1,0.000,145.247,0.970,145.471,0.000,0.000,120,115,2064,184,24,0,397,589,154,1,expired-no-slack,expired,H.264,1,1,22,20,2,4,4,3,8,28,0,0,4260,17,0,0,0,0,0,157.549,78,69,53,50,53,0,59.819,30.425,168.971,0,0,200,13,213,0,72,6,0.531,0.469,0.939,1.000,0.077,45.000,0.500,0.500,0.000,duplicate-guard,2,4,0,0,2,4,397,3367,0,0,0,0,3367,predicted-useful,fec-grace,667,0.000,71,213,0,3,0,0,0,0,0,0,0,68,950,68,950,0,0,0,pacing,1,0.763,7.429,115.429,0,0,0,0,0,0,0,0,953,450,533,1,1,9500000,1200000,4,0,4,4385,4381,5381260,213,264972,7,8708,0,0,0,0,0,9.343,39.122,207.250,4798.800,229,7945,4092,1758,3853,2095,0.301,17.505,0.276,229,6772066,9800503,1.581,17.316,0.479,13.585,7945,397,123,3367,394,0,3,24,24,40,24,0,0,1,0,4,721,589,589,0,0,0,0,0,,disabled,,0,0,0,0,,1,Fixed Quality,Hybrid,85,30,9500,12000,640,360,H.264,480,270,518400,26096,518400,26096,0.050,0.000,,0,0,0.000,1.837,0.000,0.000,0.058,6250,6250,6250,5,5,0,1,9500,0.884,1,9.343,0.000,0,0,0.000,0.000,0,0,0,0,0.500,0.500,0.000,1,0,0,fixed-pacing-queue-hold,22,1,1,decoder-sync-observed,0,,0,0,11.327,21.976,0,,0.000,0.000,0.000,0.000,0,0,0,,0,0,0,3.063,0,158,0.058,0.000,0.000,0.058,0.000,0.038,0.006,1,1,1,1,0,1,1,0,0,0,0,0,1.000,0.000,0.000,27,0,0.000,0,0,0,0.000,0.000,0.000,0.000,0.000,0.000,0.000,1.752,6.915,0,0,0,0,0,0,0,0,0.000,0.000,0.000,0.000,0.000,0.000,0,0.085,23.729,120,124,569,0.967,146.217,6.973,146.217,5255.805,132,1,H.264,112.726,0,0,145.247,145.471,0.995,86.414,111.749,arrival-gap-jitter-spike,867.708,0,1,1,1,1,6123.513,423.910,425.630,426.293,426.293,0,0,6,0,0,6,0,,,145.392,157.166,124,1,decoded,0,0,0,0,0,0,0,0,0,0,,96.352,0.000,99.009,3.913,0.000,82.271,120.000,stale-before-upload,0.001,153,0.000,109.162,5.741,0.077,0.578,0.243,0.000,0.335,1,0,0,1,3,0.065,23.725,23.729,41.179,23.419,3.000,FrameFreshness,1,1,0,1.000,2,2,2,1,0.060,0.000,0.060,0,100,0,4387,4102,242,0,262
7.130,Custom_loss6_delay0-100_dup0_reorder6_burst0,Loopback,1,1,0,,,0.000,0,21,181,15.610,13.657,17.487,121.836,100.020,76.105,28.288,22.946,0.067,0.209,4785,343,4510,4167,740,427,78,226,170,56,9,0,4167,148,39,0,0,0,0,5.000,0,0,0,0,0,0,0,0,0,0,0,0,0,0,0,0.000,0.000,0.000,,141,141,664,0,1,40.076,145.247,41.116,145.471,0.000,0.000,136,131,2415,204,32,0,469,692,183,1,retransmit-arrived,pending,H.264,1,1,22,6,16,2,0,0,0,0,1,0,5116,2,5116,2,5116,2,1,27.715,88,78,56,53,56,0,60.326,30.033,168.971,0,0,222,16,238,0,79,8,0.530,0.470,0.933,1.000,0.092,45.000,0.250,0.750,0.000,duplicate-guard,2,4,0,0,2,4,469,3936,0,0,0,0,3936,predicted-useful,fec-grace,779,0.000,78,238,0,3,0,0,0,0,0,0,0,75,1059,75,1059,0,0,0,pacing,1,0.842,9.440,117.440,0,0,0,0,0,0,0,0,1062,538,630,1,1,9500000,1200000,2,0,2,5138,5136,6313826,238,296072,9,11196,0,0,0,0,0,7.381,39.122,769.500,3988.200,267,9289,4779,2066,4510,2444,0.302,22.658,2.020,267,4567133,8004134,1.742,24.949,0.491,8.565,9289,469,140,3936,466,0,3,32,32,54,32,0,0,1,0,4,850,692,692,0,0,0,0,0,,disabled,,0,0,0,0,,1,Fixed Quality,Hybrid,85,30,9500,12000,640,360,H.264,480,270,518400,26096,518400,26096,0.050,0.000,,0,0,0.000,2.242,0.000,0.000,0.062,6000,6250,6250,5,5,0,1,9500,0.820,1,7.381,0.000,0,0,0.000,0.000,0,0,0,0,0.366,0.563,0.071,1,0,0,latency-pressure-freshness-hold,22,1,1,decoder-sync-observed,0,,0,0,0.110,21.976,0,,0.000,0.000,0.000,0.000,0,0,0,,0,0,0,5.746,0,184,0.062,0.000,0.000,0.062,0.000,0.040,0.006,1,1,1,1,0,1,1,0,0,0,0,0,1.000,0.000,0.000,27,0,0.000,0,0,0,0.000,0.000,0.000,0.000,0.000,0.000,0.000,2.141,9.807,0,0,0,0,0,0,0,0,0.000,0.000,0.000,0.000,0.000,0.000,0,0.101,13.657,136,141,664,41.014,146.217,6.973,146.217,5255.805,132,1,H.264,112.726,0,0,145.247,145.471,0.995,86.414,111.749,arrival-gap-jitter-spike,1873.994,0,1,1,1,1,7129.799,423.910,425.630,426.293,426.293,0,0,8,0,0,8,2,latency-pressure freshness,latency-over-80ms,145.604,157.166,175,1,decoded,0,0,0,0,0,0,0,0,0,0,,108.307,0.000,110.570,4.847,0.000,130.438,140.918,stale-before-upload,0.001,180,0.000,109.708,5.343,0.074,0.787,0.446,0.000,0.341,1,0,0,1,3,0.067,15.610,13.657,22.946,17.487,3.000,FrameFreshness,0,1,0,1.000,2,2,2,1,0.060,0.000,0.060,0,100,0,5143,4797,304,0,305
8.130,Custom_loss6_delay0-100_dup0_reorder6_burst0,Loopback,1,1,0,,,0.000,0,21,207,18.695,18.704,21.386,104.080,100.282,76.105,28.288,4.380,0.064,0.211,5499,373,5166,4793,852,496,87,259,197,62,10,0,4793,168,45,0,0,0,0,5.000,0,0,0,0,0,0,0,0,0,0,0,0,0,0,0,0.000,0.000,0.000,,161,161,756,0,1,48.088,145.247,49.111,145.471,0.000,0.000,156,152,2790,230,38,0,542,805,208,1,nack-sent,pending,H.264,1,1,23,21,2,3,3,3,12,34,0,0,5827,9,0,0,0,0,0,82.621,100,87,62,59,62,0,61.130,29.614,168.971,0,0,249,23,272,0,89,9,0.535,0.465,0.915,1.000,0.092,40.000,0.667,0.333,0.500,retransmit-late,2,4,0,0,2,4,542,4477,0,0,0,0,4477,predicted-useful,fec-grace,896,0.783,88,272,0,3,0,0,0,0,0,0,0,85,1180,85,1180,0,0,0,pacing,1,0.695,4.812,112.812,0,0,0,0,0,0,0,0,1183,621,725,0,1,9500000,1200000,0,0,0,5874,5874,7225438,272,338368,13,16172,0,0,0,0,0,0.098,39.122,18570.750,628.200,305,10656,5490,2358,5166,2808,0.300,29.028,4.260,305,5164646,8129660,1.403,24.949,0.423,20.594,10656,541,160,4475,538,0,3,38,38,65,38,0,0,1,0,4,986,805,805,0,0,0,0,0,,disabled,,0,0,0,0,,1,Fixed Quality,Hybrid,85,30,9500,12000,640,360,H.264,480,270,518400,0,518400,27136,0.052,0.000,,0,0,0.000,5.017,0.000,4.294,0.678,7000,6500,6500,6,6,0,1,9500,0.979,1,5.259,0.000,0,0,0.000,0.000,0,0,0,0,0.368,0.548,0.085,1,0,0,fixed-pacing-queue-hold,0,0,0,async-output-pending,0,,0,0,0.000,0.000,0,,0.000,0.000,0.000,0.000,0,0,0,,0,0,0,0.000,1,0,0.670,0.192,0.476,0.000,0.000,0.000,0.000,0,0,1,1,1,0,0,1,1,0,0,0,1.000,0.000,0.000,24,0,0.000,0,0,0,0.000,0.000,0.000,0.000,0.000,0.000,0.000,0.000,38.142,0,0,0,0,0,0,0,0,0.000,0.000,0.000,0.000,0.000,0.000,0,0.102,18.704,156,161,756,49.123,146.217,6.973,146.217,5255.805,132,1,H.264,112.726,0,0,145.247,145.471,0.995,86.414,111.749,arrival-gap-jitter-spike,2874.268,0,1,1,1,1,8130.073,423.910,425.630,426.293,426.293,0,0,8,0,0,8,0,,,145.604,157.166,175,1,decoded,0,0,0,0,0,0,0,0,0,0,,102.191,0.000,104.861,0.000,0.000,0.000,132.040,stale-before-upload,0.001,207,0.000,109.384,4.399,0.078,0.668,0.352,0.000,0.316,1,0,0,1,3,0.064,18.695,18.704,4.380,21.386,3.000,FrameFreshness,0,1,0,1.000,0,2,2,1,0.060,0.000,0.060,0,100,0,5882,5507,350,0,352
9.133,Custom_loss6_delay0-100_dup0_reorder6_burst0,Loopback,1,1,0,,,0.000,0,21,234,23.325,23.321,19.931,97.337,100.486,69.485,34.173,98.396,0.066,0.212,6157,433,5806,5373,950,546,103,289,219,70,12,0,5373,189,51,0,0,0,0,5.000,0,0,0,0,0,0,0,0,0,0,0,0,0,0,0,0.000,0.000,0.000,,181,181,852,0,1,139.988,145.247,141.269,145.471,0.000,0.000,176,171,3130,259,43,0,612,896,235,1,fec-recovered,pending,H.264,1,1,21,12,9,3,1,1,1,11,2,0,6563,0,6563,0,0,0,0,54.248,112,103,70,67,70,0,61.986,28.591,168.971,0,0,285,19,304,0,104,10,0.521,0.479,0.938,1.000,0.088,45.000,0.333,0.667,0.000,duplicate-guard,2,4,0,0,2,4,612,5016,0,0,0,0,5016,predicted-useful,fec-grace,1009,0.524,98,304,0,3,0,0,0,0,0,0,0,95,1293,95,1293,0,0,0,pacing,1,0.740,5.675,113.675,0,0,0,0,0,0,0,0,1296,702,818,0,1,9500000,1200000,0,0,0,6583,6583,8101838,304,378176,15,18660,0,0,0,0,0,12.573,39.122,7094.375,4800.000,340,11931,6138,2638,5793,3155,0.301,40.077,0.033,340,5570029,8484348,1.586,18.636,0.477,17.988,11931,612,181,5016,609,0,3,43,43,71,43,0,0,1,0,4,1103,896,896,0,0,0,0,0,,disabled,,0,0,0,0,,1,Fixed Quality,Hybrid,85,30,9500,12000,640,360,H.264,480,270,518400,25054,518400,25054,0.048,0.000,,0,0,0.000,1.980,0.000,0.000,0.072,6000,6000,6000,7,7,0,1,9500,0.820,1,12.573,0.000,0,0,0.000,0.000,0,0,0,0,1.000,0.000,0.000,1,0,0,latency-pressure-freshness-hold,21,1,1,decoder-sync-observed,0,,0,0,0.399,21.098,0,,0.000,0.000,0.000,0.000,0,0,0,,0,0,0,5.670,0,236,0.072,0.000,0.000,0.071,0.000,0.048,0.009,1,1,1,1,0,1,1,0,0,0,1,0,0.860,67.974,0.000,26,0,0.000,0,0,0,0.000,0.000,0.000,0.000,0.000,0.000,0.000,1.873,39.501,0,0,0,0,0,0,0,0,0.000,0.000,0.000,0.000,0.000,0.000,0,0.093,23.321,176,181,852,140.895,146.217,6.973,146.217,5255.805,132,1,H.264,112.726,0,0,145.247,145.471,0.995,86.414,111.749,arrival-gap-jitter-spike,3877.278,0,1,1,1,1,9133.083,423.910,425.630,426.293,426.293,0,0,9,0,0,9,1,latency-pressure freshness,latency-over-80ms,146.905,157.166,211,1,decoded,0,0,0,0,0,0,0,0,0,0,,98.273,0.000,100.765,0.000,0.000,0.000,133.668,stale-before-upload,0.001,234,0.000,105.587,4.865,0.076,0.317,0.022,0.000,0.295,1,0,0,1,3,0.066,23.325,23.321,98.396,19.931,3.000,FrameFreshness,0,1,0,1.000,1,1,1,1,0.060,0.000,0.060,0,100,0,6592,6169,396,0,390
10.137,Custom_loss6_delay0-100_dup0_reorder6_burst0,Loopback,1,1,0,,,0.000,0,21,259,24.154,22.290,17.746,100.722,100.761,68.752,38.495,0.011,0.065,0.213,6868,481,6486,6005,1071,597,119,341,255,86,14,0,6005,210,57,0,0,0,0,5.000,0,0,0,0,0,0,0,0,0,0,0,0,0,0,0,0.000,0.000,0.000,,201,201,947,0,1,40.422,145.247,41.390,145.471,0.000,0.000,196,190,3481,296,48,0,682,987,260,1,fec-parity,pending,H.264,1,1,22,20,2,3,1,2,8,16,3,0,7274,16,7286,1,0,0,0,91.790,126,119,86,83,86,0,61.750,27.070,168.971,0,0,331,26,357,0,118,11,0.514,0.486,0.927,1.000,0.085,45.000,0.333,0.667,0.000,duplicate-guard,2,4,0,0,2,4,682,5515,0,0,0,0,5515,predicted-useful,fec-grace,1124,0.545,113,357,0,3,0,0,0,0,0,0,0,110,1486,110,1486,0,0,0,pacing,1,0.772,9.495,117.495,0,0,0,0,0,0,0,0,1489,781,914,0,1,9500000,1200000,0,0,0,7340,7340,9038942,357,444108,22,27368,0,0,0,0,0,13.713,39.122,6073.312,3242.250,378,13336,6852,2927,6484,3557,0.299,8.058,1.263,378,4887743,8117720,1.103,14.762,0.516,15.382,13336,682,202,5515,679,0,3,48,48,80,48,0,0,1,0,4,1221,987,987,0,0,0,0,0,,disabled,,0,0,0,0,,1,Fixed Quality,Hybrid,85,30,9500,12000,640,360,H.264,480,270,518400,26096,518400,26096,0.050,0.000,,0,0,0.000,2.324,0.000,0.000,0.310,6250,6250,6250,8,8,0,1,9500,0.880,1,13.713,0.000,0,0,0.000,0.000,0,0,0,0,0.000,1.000,0.000,1,0,0,latency-pressure-freshness-hold,22,1,1,decoder-sync-observed,0,,0,0,0.110,21.976,0,,0.000,0.000,0.000,0.000,0,0,0,,0,0,0,6.573,0,262,0.309,0.000,0.000,0.309,0.000,0.202,0.031,1,1,1,1,0,1,1,0,0,0,0,0,1.000,0.000,0.000,27,0,0.000,0,0,0,0.000,0.000,0.000,0.000,0.000,0.000,0.000,1.931,32.933,0,0,0,0,0,0,0,0,0.000,0.000,0.000,0.000,0.000,0.000,0,0.091,22.290,196,201,947,41.592,146.217,6.973,146.217,5255.805,132,1,H.264,112.726,0,0,145.247,145.471,0.995,86.414,111.749,arrival-gap-jitter-spike,4881.293,0,1,1,1,1,10137.098,423.910,425.630,426.293,426.293,0,0,10,0,0,10,1,latency-pressure freshness,latency-over-80ms,143.634,157.166,250,1,decoded,0,0,0,0,0,0,0,0,0,0,,100.708,0.000,103.348,0.000,0.000,0.000,130.361,stale-before-upload,0.001,259,0.000,106.811,4.474,0.077,0.869,0.607,0.000,0.263,1,0,0,1,3,0.066,24.154,22.290,0.011,17.746,3.000,FrameFreshness,0,1,0,0.000,0,1,1,1,0.060,0.000,0.060,0,100,0,7350,6887,428,0,432
11.144,Custom_loss6_delay0-100_dup0_reorder6_burst0,Loopback,1,1,0,,,0.000,0,21,286,26.185,26.184,21.769,108.683,100.816,70.489,42.050,12.184,0.062,0.203,7641,502,7187,6685,1191,654,128,394,298,96,15,0,6685,236,60,0,0,0,0,5.000,0,0,0,0,0,0,0,0,0,0,0,0,0,0,0,0.000,0.000,0.000,,225,225,1035,0,1,51.253,145.247,52.236,145.471,0.000,0.000,220,214,3853,332,49,0,755,1101,288,1,nack-sent,pending,H.264,1,1,23,20,3,2,2,2,6,14,0,0,8107,17,0,0,0,0,0,69.565,136,128,96,93,96,0,62.133,26.319,168.971,0,0,360,28,388,0,128,11,0.515,0.485,0.928,1.000,0.079,45.000,0.143,0.857,0.000,duplicate-guard,2,4,0,0,2,4,755,6042,0,0,0,0,6042,predicted-useful,fec-grace,1248,0.174,122,388,0,3,0,0,0,0,0,0,0,119,1598,119,1598,0,0,0,pacing,1,0.733,5.623,113.623,0,0,0,0,0,0,0,0,1601,868,1012,0,1,9500000,1200000,0,0,0,8140,8140,10025404,388,482672,25,31100,0,0,0,0,0,0.330,39.122,23694.625,1135.050,419,14822,7635,3236,7187,3951,0.298,35.449,0.000,419,5880448,9450591,0.762,12.157,0.449,20.865,14822,755,228,6042,752,0,3,49,49,81,49,0,0,1,0,4,1350,1101,1101,0,0,0,0,0,,disabled,,0,0,0,0,,1,Fixed Quality,Hybrid,85,30,9500,12000,640,360,H.264,480,270,518400,0,518400,27136,0.052,0.000,,0,0,0.000,4.865,0.000,4.020,0.804,7250,6500,6500,9,9,0,1,9500,1.000,0,7.022,0.000,0,0,0.000,0.000,0,0,0,0,0.351,0.577,0.072,1,0,0,disabled,0,0,0,async-output-pending,0,,0,0,0.000,0.000,0,,0.000,0.000,0.000,0.000,0,0,0,,0,0,0,0.000,1,0,0.795,0.192,0.601,0.000,0.000,0.000,0.000,0,0,1,1,1,0,0,1,1,0,0,0,1.000,0.000,0.000,30,0,0.000,0,0,0,0.000,0.000,0.000,0.000,0.000,0.000,0.000,0.000,10.636,0,0,0,0,0,0,0,0,0.000,0.000,0.000,0.000,0.000,0.000,0,0.098,26.184,220,225,1035,52.243,146.217,6.973,146.217,5255.805,132,1,H.264,112.726,0,0,145.247,145.471,0.995,86.414,111.749,arrival-gap-jitter-spike,5888.087,0,1,1,1,1,11143.892,423.910,425.630,426.293,426.293,0,0,10,0,0,10,0,,,143.634,157.166,250,1,decoded,0,0,0,0,0,0,0,0,0,0,,98.003,0.000,100.696,0.000,0.000,0.000,134.341,stale-before-upload,0.000,286,0.000,105.802,4.963,0.074,0.743,0.439,0.000,0.304,1,0,0,1,3,0.062,26.185,26.184,12.184,21.769,3.000,FrameFreshness,0,1,0,2.000,1,2,2,1,0.060,0.000,0.060,0,100,0,8151,7656,465,0,478
12.150,Custom_loss6_delay0-100_dup0_reorder6_burst0,Loopback,1,1,0,,,0.000,0,21,316,19.940,21.098,21.853,137.834,101.401,0.338,37.879,38.759,0.065,0.216,8466,584,7984,7400,1292,725,133,415,313,102,19,0,7400,258,71,0,0,0,0,5.000,0,0,0,0,0,0,0,0,0,0,0,0,0,0,0,0.000,0.000,0.000,,245,245,1122,0,1,132.195,145.247,133.226,145.471,0.000,0.000,240,234,4259,360,58,0,841,1225,318,1,nack-sent,pending,H.264,1,1,24,15,9,1,0,2,1,19,0,0,8999,14,0,0,0,0,0,63.811,137,133,102,99,102,0,62.291,25.758,168.971,0,0,372,25,397,0,130,11,0.507,0.493,0.937,1.000,0.078,43.000,0.000,1.000,0.000,insufficient-sample,2,4,0,0,2,4,841,6713,0,0,0,0,6713,predicted-useful,fec-grace,1381,0.000,125,397,0,3,0,0,0,0,0,0,0,122,1631,122,1631,0,0,0,pacing,1,0.654,7.072,115.072,0,0,0,0,0,0,0,0,1634,975,1124,0,1,9500000,1200000,11,0,11,9063,9052,11145498,397,493868,25,31100,0,0,0,0,0,0.555,39.122,984.438,4800.000,464,16418,8453,3587,7965,4378,0.298,26.373,0.000,464,7452385,10614730,0.672,-4.305,0.458,16.668,16418,841,250,6713,838,0,3,58,58,103,58,0,0,1,0,4,1503,1225,1225,0,0,0,0,0,,disabled,,0,0,0,0,,1,Fixed Quality,Hybrid,85,30,9500,12000,640,360,H.264,480,270,518400,28176,518400,28176,0.054,0.000,,0,0,0.000,2.191,0.000,0.000,0.106,7250,6750,6750,10,10,0,1,9500,1.000,0,26.422,0.000,0,0,0.000,0.000,0,0,0,0,0.345,0.592,0.063,1,0,0,disabled,24,1,1,decoder-sync-observed,0,,0,0,28.335,23.727,0,,0.000,0.000,0.000,0.000,0,0,0,,0,0,0,7.929,0,320,0.106,0.000,0.000,0.105,0.000,0.075,0.010,1,1,1,1,0,1,1,0,0,0,0,0,1.000,0.000,0.000,30,0,0.000,0,0,0,0.000,0.000,0.000,0.000,0.000,0.000,0.000,2.026,12.073,0,0,0,0,0,0,0,0,0.000,0.000,0.000,0.000,0.000,0.000,0,0.104,21.098,240,245,1122,133.175,146.217,6.973,146.217,5255.805,132,1,H.264,112.726,0,0,145.247,145.471,0.995,86.414,111.749,arrival-gap-jitter-spike,6894.387,0,1,1,1,1,12150.192,423.910,425.630,426.293,426.293,0,0,10,0,0,10,0,,,143.634,157.166,250,1,decoded,0,0,0,0,0,0,0,0,0,0,,101.279,0.000,104.173,0.000,0.000,0.000,129.635,stale-before-upload,0.001,317,0.000,109.239,4.911,0.092,0.307,0.001,0.000,0.306,1,0,0,1,3,0.065,19.940,21.098,38.759,21.853,3.000,FrameFreshness,0,1,0,0.000,0,2,2,1,0.060,0.000,0.060,0,100,0,9064,8479,532,0,537
13.150,Custom_loss6_delay0-100_dup0_reorder6_burst0,Loopback,1,1,0,,,0.000,0,21,346,21.193,17.934,23.103,110.694,101.486,87.046,42.349,19.434,0.064,0.219,9321,636,8785,8149,1409,786,142,460,348,112,21,0,8149,281,79,0,0,0,0,5.000,0,0,0,0,0,0,0,0,0,0,0,0,0,0,0,0.000,0.000,0.000,,266,266,1220,0,1,65.568,145.247,66.619,145.471,0.000,0.000,261,255,4652,393,65,0,917,1343,348,1,fec-parity,pending,H.264,1,1,24,8,16,1,0,0,0,0,0,0,9922,6,0,0,0,0,0,26.320,145,142,112,109,112,0,60.798,26.663,168.971,1,0,400,27,427,0,138,11,0.505,0.495,0.937,1.000,0.074,45.000,0.333,0.667,0.000,duplicate-guard,2,4,0,0,2,4,917,7374,0,0,0,0,7374,predicted-useful,fec-grace,1503,0.000,135,427,0,3,0,0,0,0,0,0,0,132,1752,132,1752,0,0,0,pacing,1,0.599,5.314,113.314,0,0,0,0,0,0,0,0,1755,1063,1224,1,1,9500000,1200000,13,0,13,9963,9950,12245952,427,531188,27,33588,0,0,0,0,0,11.691,39.122,835.000,4800.000,510,18059,9301,3928,8758,4830,0.297,19.685,1.846,510,4971288,8208048,1.796,86.708,0.457,16.312,18059,917,273,7374,914,0,3,64,64,117,64,0,0,1,0,4,1645,1343,1343,0,0,0,0,0,,disabled,,0,0,0,0,,1,Fixed Quality,Hybrid,85,30,9500,12000,640,360,H.264,480,270,518400,28178,518400,28178,0.054,0.000,,0,0,0.000,2.094,0.000,0.000,0.067,7250,6750,6750,10,10,0,1,9500,1.000,0,11.691,0.000,0,0,0.000,0.000,0,0,0,0,0.340,0.597,0.063,1,0,0,disabled,24,1,1,decoder-sync-observed,0,,0,0,14.660,23.729,0,,0.000,0.000,0.000,0.000,0,0,0,,0,0,0,3.718,0,349,0.066,0.000,0.000,0.066,0.000,0.044,0.008,1,1,1,1,0,1,1,0,0,0,0,0,1.000,0.000,0.000,30,0,0.000,0,0,0,0.000,0.000,0.000,0.000,0.000,0.000,0.000,2.000,7.906,0,0,0,0,0,0,0,0,0.000,0.000,0.000,0.000,0.000,0.000,0,0.105,17.934,261,266,1220,66.564,146.217,6.973,146.217,5255.805,132,1,H.264,112.726,0,0,145.247,145.471,0.995,86.414,111.749,arrival-gap-jitter-spike,7894.863,0,1,1,1,1,13150.668,423.910,425.630,426.293,426.293,0,0,10,0,0,10,0,,,143.634,157.166,250,1,decoded,0,0,0,0,0,0,0,0,0,0,,96.801,0.000,99.686,0.000,0.000,0.000,135.347,stale-before-upload,0.001,346,0.000,105.156,5.317,0.076,0.645,0.396,0.000,0.249,1,0,0,1,3,0.064,21.193,17.934,19.434,23.103,3.000,FrameFreshness,0,1,0,0.000,3,3,3,1,0.060,0.000,0.060,0,100,0,9963,9336,585,0,588
14.151,Custom_loss6_delay0-100_dup0_reorder6_burst0,Loopback,1,1,0,,,0.000,0,21,375,21.728,22.009,24.021,109.248,101.563,97.496,46.944,35.247,0.063,0.222,10182,689,9599,8910,1529,849,154,504,380,124,22,0,8910,302,86,0,0,0,0,5.000,0,0,0,0,0,0,0,0,0,0,0,0,0,0,0,0.000,0.000,0.000,,287,287,1312,0,1,80.292,145.247,80.292,145.471,0.000,0.000,282,275,5066,426,72,0,999,1462,377,1,fec-recovered,pending,H.264,1,1,24,18,6,2,1,0,0,0,0,0,10831,4,0,0,0,0,0,35.698,159,154,124,121,124,0,61.663,26.510,168.971,1,0,438,32,470,0,155,14,0.508,0.492,0.932,1.000,0.083,40.000,0.500,0.500,0.333,retransmit-late,2,4,0,0,2,4,999,8042,0,0,0,0,8042,predicted-useful,fec-grace,1636,0.000,148,470,0,3,0,0,0,0,0,0,0,145,1952,145,1952,0,0,0,pacing,1,0.826,10.224,118.224,0,0,0,0,0,0,0,0,1955,1160,1336,1,1,9500000,1200000,2,0,2,10876,10874,13378160,470,584680,33,41052,0,0,0,0,0,9.172,39.122,742.938,4800.000,557,19766,10167,4322,9599,5277,0.298,17.439,0.057,557,8138933,11793682,0.748,71.456,0.478,10.656,19766,999,294,8042,996,0,3,71,71,130,71,0,0,1,0,4,1792,1462,1462,0,0,0,0,0,,disabled,,0,0,0,0,,1,Fixed Quality,Hybrid,85,30,9500,12000,640,360,H.264,480,270,518400,28178,518400,28178,0.054,0.000,,0,0,0.000,2.075,0.000,0.000,0.133,7250,6750,6750,10,10,0,1,9500,1.000,0,14.129,0.000,0,0,0.000,0.000,0,0,0,0,0.000,1.000,0.000,1,0,0,disabled,24,1,1,decoder-sync-observed,0,,0,0,17.978,23.729,0,,0.000,0.000,0.000,0.000,0,0,0,,0,0,0,6.156,0,378,0.133,0.000,0.000,0.132,0.000,0.088,0.018,1,1,1,1,0,1,1,0,0,0,0,0,1.000,0.000,0.000,30,0,0.000,0,0,0,0.000,0.000,0.000,0.000,0.000,0.000,0.000,1.911,10.119,0,0,0,0,0,0,0,0,0.000,0.000,0.000,0.000,0.000,0.000,0,0.138,22.009,282,287,1312,81.449,146.217,6.973,146.217,5255.805,132,1,H.264,112.726,0,0,145.247,145.471,0.995,86.414,111.749,arrival-gap-jitter-spike,8895.845,0,1,1,1,1,14151.650,423.910,425.630,426.293,426.293,0,0,10,0,0,10,0,,,143.634,157.166,250,1,decoded,0,0,0,0,0,0,0,0,0,0,,105.480,0.000,108.353,0.636,0.000,113.952,139.624,stale-before-upload,0.001,373,0.000,112.782,5.441,0.076,0.690,0.377,0.000,0.313,1,0,0,1,3,0.063,21.728,22.009,35.247,24.021,3.000,FrameFreshness,0,1,0,0.500,2,1,1,1,0.060,0.000,0.060,0,100,0,10888,10199,648,0,633
15.157,Custom_loss6_delay0-100_dup0_reorder6_burst0,Loopback,1,1,0,,,0.000,0,21,404,25.783,22.385,21.031,93.958,101.946,5.998,43.795,5.053,0.064,0.217,10970,753,10356,9603,1641,918,168,532,399,133,23,0,9603,328,91,0,0,0,0,5.000,0,0,0,0,0,0,0,0,0,0,0,0,0,0,0,0.000,0.000,0.000,,312,312,1404,0,1,32.768,145.247,33.733,145.471,0.000,0.000,306,300,5452,461,76,0,1076,1567,406,1,fec-parity,pending,H.264,1,1,22,4,18,2,0,0,0,0,0,0,11689,8,0,0,0,0,0,31.582,173,168,133,130,133,0,61.934,26.982,168.971,1,0,475,37,512,0,171,15,0.507,0.493,0.928,1.000,0.081,45.000,0.000,1.000,0.000,duplicate-guard,2,4,0,0,2,4,1076,8709,0,0,0,0,8709,predicted-useful,fec-grace,1766,0.318,162,512,0,3,0,0,0,0,0,0,0,159,2144,159,2144,0,0,0,pacing,1,0.780,5.376,113.376,0,0,0,0,0,0,0,0,2147,1248,1440,0,1,9500000,1200000,7,0,7,11725,11718,14414169,512,636928,34,42296,0,0,0,0,0,1.857,39.122,205.250,4800.000,598,21311,10965,4668,10346,5678,0.299,30.492,6.094,598,5051636,7853341,4.529,38.866,0.422,19.486,21311,1076,319,8709,1073,0,3,75,75,137,75,0,0,1,0,4,1929,1567,1567,0,0,0,0,0,,disabled,,0,0,0,0,,1,Fixed Quality,Hybrid,85,30,9500,12000,640,360,H.264,480,270,518400,26094,518400,26094,0.050,0.000,,0,0,0.000,2.019,0.000,0.000,0.075,6250,6250,6250,11,11,0,1,9500,0.880,1,14.747,0.000,0,0,0.000,0.000,0,0,0,0,0.338,0.590,0.072,1,0,0,latency-pressure-freshness-hold,22,1,1,decoder-sync-observed,0,,0,0,16.517,21.974,0,,0.000,0.000,0.000,0.000,0,0,0,,0,0,0,5.962,0,407,0.075,0.000,0.000,0.074,0.000,0.052,0.008,1,1,1,1,0,1,1,0,0,0,0,0,1.000,0.000,0.000,27,0,0.000,0,0,0,0.000,0.000,0.000,0.000,0.000,0.000,0.000,1.903,9.953,0,0,0,0,0,0,0,0,0.000,0.000,0.000,0.000,0.000,0.000,0,0.116,22.385,306,312,1404,33.687,146.217,6.973,146.217,5255.805,132,1,H.264,112.726,0,0,145.247,145.471,0.995,86.414,111.749,arrival-gap-jitter-spike,9901.578,0,1,1,1,1,15157.383,423.910,425.630,426.293,426.293,0,0,11,0,0,11,1,latency-pressure freshness,latency-over-80ms,152.905,157.166,395,1,H.264,0,0,0,0,0,0,0,0,0,0,,102.272,0.000,103.013,0.000,0.000,0.000,126.979,stale-before-decode,0.001,404,0.000,108.214,5.020,0.086,0.298,0.001,0.000,0.297,1,0,0,1,3,0.064,25.783,22.385,5.053,21.031,3.000,FrameFreshness,0,1,0,0.000,2,2,2,1,0.060,0.000,0.060,0,100,0,11733,10988,699,0,684
16.157,Custom_loss6_delay0-100_dup0_reorder6_burst0,Loopback,1,1,0,,,0.000,0,21,431,22.006,23.355,21.649,93.787,102.039,5.998,43.795,18.081,0.064,0.213,11698,804,11038,10234,1748,980,175,569,427,142,24,0,10234,352,95,0,0,0,0,5.000,0,0,0,0,0,0,0,0,0,0,0,0,0,0,0,0.000,0.000,0.000,,335,335,1494,0,1,26.363,145.247,27.361,145.471,0.000,0.000,329,322,5824,494,79,0,1149,1677,433,1,fec-parity,pending,H.264,1,1,22,5,17,2,0,0,0,0,0,0,12470,0,0,0,0,0,0,20.690,185,175,142,139,142,0,62.196,26.264,168.971,1,0,503,38,541,0,185,16,0.514,0.486,0.930,1.000,0.080,45.000,0.500,0.500,0.000,duplicate-guard,2,4,0,0,2,4,1149,9256,0,0,0,0,9256,predicted-useful,fec-grace,1889,0.455,171,541,0,3,0,0,0,0,0,0,0,168,2268,168,2268,0,0,0,pacing,1,0.761,9.995,117.995,0,0,0,0,0,0,0,0,2271,1337,1539,0,1,9500000,1200000,9,0,9,12510,12501,15381293,541,673004,36,44784,0,0,0,0,0,0.498,39.122,846.688,4800.000,637,22706,11683,4998,11023,6025,0.300,2.888,1.615,637,4748214,7579399,1.905,38.866,0.479,12.252,22706,1149,343,9256,1146,0,3,78,78,142,78,0,0,1,0,4,2063,1677,1677,0,0,0,0,0,,disabled,,0,0,0,0,,1,Fixed Quality,Hybrid,85,30,9500,12000,640,360,H.264,480,270,518400,26096,518400,26096,0.050,0.000,,0,0,0.000,1.880,0.000,0.000,0.071,6500,6250,6250,11,11,0,1,9500,0.894,1,15.998,0.000,0,0,0.000,0.000,0,0,0,0,0.342,0.588,0.070,1,0,0,latency-pressure-freshness-hold,22,1,1,decoder-sync-observed,0,,0,0,17.767,21.976,0,,0.000,0.000,0.000,0.000,0,0,0,,0,0,0,5.907,0,434,0.071,0.000,0.000,0.070,0.000,0.046,0.007,1,1,1,1,0,1,1,0,0,0,0,0,1.000,0.000,0.000,27,0,0.000,0,0,0,0.000,0.000,0.000,0.000,0.000,0.000,0.000,1.778,10.150,0,0,0,0,0,0,0,0,0.000,0.000,0.000,0.000,0.000,0.000,0,0.086,23.355,329,335,1494,27.237,146.217,6.973,146.217,5255.805,132,1,H.264,112.726,0,0,145.247,145.471,0.995,86.414,111.749,arrival-gap-jitter-spike,10901.640,0,1,1,1,1,16157.445,423.910,425.630,426.293,426.293,0,0,12,0,0,12,1,latency-pressure freshness,latency-over-80ms,130.578,157.166,414,1,decoded,0,0,0,0,0,0,0,0,0,0,,102.885,0.000,105.658,0.000,0.000,0.000,126.894,stale-before-upload,0.001,431,0.000,111.592,5.966,0.073,0.553,0.224,0.000,0.329,1,0,0,1,3,0.064,22.006,23.355,18.081,21.649,3.000,FrameFreshness,0,1,0,0.500,2,1,1,1,0.060,0.000,0.060,0,100,0,12517,11718,755,0,727
17.159,Custom_loss6_delay0-100_dup0_reorder6_burst0,Loopback,1,1,0,,,0.000,0,21,457,22.754,16.547,19.165,105.574,102.248,50.434,44.269,5.544,0.065,0.215,12352,857,11656,10799,1836,1042,177,592,447,145,25,0,10799,372,102,0,0,0,0,5.000,0,0,0,0,0,0,0,0,0,0,0,0,0,0,0,0.000,0.000,0.000,,354,354,1595,0,1,48.637,145.247,49.493,145.471,0.000,0.000,347,340,6145,517,85,0,1219,1772,460,1,fec-parity,pending,H.264,1,1,21,0,21,1,0,0,0,0,0,0,13209,0,0,0,0,0,0,0.000,194,177,145,141,145,0,62.310,26.025,168.971,1,0,517,42,559,0,193,17,0.523,0.477,0.925,1.000,0.081,40.000,0.500,0.500,0.333,retransmit-late,2,4,0,0,2,4,1219,9822,0,0,0,0,9822,predicted-useful,fec-grace,2002,0.143,178,559,0,3,0,0,0,0,0,0,0,173,2335,173,2335,0,0,0,pacing,1,0.688,6.324,114.324,0,0,0,0,0,0,0,0,2338,1420,1631,1,1,9500000,1200000,0,0,0,13197,13197,16240101,559,695396,36,44784,0,0,0,0,0,7.246,39.122,661.688,4800.000,672,23971,12343,5281,11628,6347,0.300,9.180,1.078,672,4834740,7656841,1.726,39.980,0.427,12.131,23971,1219,362,9822,1216,0,3,84,84,155,84,0,0,1,0,4,2179,1772,1772,0,0,0,0,0,,disabled,,0,0,0,0,,1,Fixed Quality,Hybrid,85,30,9500,12000,640,360,H.264,480,270,518400,25054,518400,25054,0.048,0.000,,0,0,0.000,2.109,0.000,0.000,0.068,6000,6000,6000,13,13,0,1,9500,0.820,1,7.732,0.000,0,0,0.000,0.000,0,0,0,0,0.347,0.578,0.075,1,0,0,latency-pressure-freshness-hold,21,1,1,decoder-sync-observed,0,,0,0,15.259,21.098,0,,0.000,0.000,0.000,0.000,0,0,0,,0,0,0,4.183,0,460,0.067,0.000,0.000,0.067,0.000,0.044,0.007,1,1,1,1,0,1,1,0,0,0,0,0,1.000,0.000,0.000,27,0,0.000,0,0,0,0.000,0.000,0.000,0.000,0.000,0.000,0.000,2.011,8.319,0,0,0,0,0,0,0,0,0.000,0.000,0.000,0.000,0.000,0.000,0,0.090,16.547,347,354,1595,49.621,146.217,6.973,146.217,5255.805,132,1,H.264,112.726,0,0,145.247,145.471,0.995,86.414,111.749,arrival-gap-jitter-spike,11903.415,0,1,1,1,1,17159.220,423.910,425.630,426.293,426.293,0,0,13,0,0,13,1,latency-pressure freshness,latency-over-80ms,148.865,157.166,439,1,H.264,0,0,0,0,0,0,0,0,0,0,,101.832,0.000,103.621,0.000,0.000,0.000,132.787,stale-before-decode,0.001,457,0.000,107.902,4.147,0.077,0.774,0.515,0.000,0.259,1,0,0,1,3,0.063,22.754,16.547,5.544,19.165,3.000,FrameFreshness,0,1,0,0.000,0,1,1,1,0.060,0.000,0.060,0,100,0,13214,12379,794,0,769
18.166,Custom_loss6_delay0-100_dup0_reorder6_burst0,Loopback,1,1,0,,,0.000,0,21,483,16.081,13.780,15.990,105.225,102.280,42.270,44.136,35.466,0.064,0.220,13028,894,12283,11389,1934,1098,189,620,465,155,27,0,11389,390,110,0,0,0,0,5.000,0,0,0,0,0,0,0,0,0,0,0,0,0,0,0,0.000,0.000,0.000,,372,372,1688,0,1,25.682,145.247,26.719,145.471,0.000,0.000,364,357,6475,545,94,0,1289,1858,484,1,nack-sent,pending,H.264,1,1,21,19,2,3,3,3,9,24,0,0,13858,12,0,0,0,0,0,85.577,204,189,155,151,155,0,62.510,25.628,168.971,2,0,550,45,595,0,205,22,0.519,0.481,0.924,1.000,0.097,35.000,0.167,0.750,0.667,retransmit-late,2,4,0,0,2,4,1289,10380,0,0,0,0,10380,predicted-useful,fec-grace,2111,0.714,190,595,0,3,0,0,0,0,0,0,0,185,2478,185,2478,0,0,0,pacing,1,0.716,8.273,116.273,0,0,0,0,0,0,0,0,2481,1499,1724,0,1,9500000,1200000,0,0,0,13909,13909,17123083,595,740180,36,44784,0,0,0,0,0,0.107,39.122,5833.250,1076.850,707,25298,13015,5573,12283,6710,0.300,17.138,2.305,707,4248317,6785498,2.112,30.351,0.523,22.722,25298,1288,380,10378,1285,0,3,92,92,168,92,0,0,1,0,4,2294,1858,1858,0,0,0,0,0,,disabled,,0,0,0,0,,1,Fixed Quality,Hybrid,85,30,9500,12000,640,360,H.264,480,270,518400,25054,518400,25054,0.048,0.000,,0,0,0.000,1.830,0.000,0.000,0.057,6000,6000,6000,13,13,0,1,9500,0.820,1,1.774,0.000,0,0,0.000,0.000,0,0,0,0,0.343,0.582,0.076,1,0,0,latency-pressure-freshness-hold,21,1,1,decoder-sync-observed,0,,0,0,8.115,21.098,0,,0.000,0.000,0.000,0.000,0,0,0,,0,0,0,5.903,0,486,0.056,0.000,0.000,0.056,0.000,0.040,0.005,1,1,1,1,0,1,1,0,0,0,1,0,0.860,112.561,0.000,26,0,0.000,0,0,0,0.000,0.000,0.000,0.000,0.000,0.000,0.000,1.746,29.543,0,0,0,0,0,0,0,0,0.000,0.000,0.000,0.000,0.000,0.000,0,0.102,13.780,364,372,1688,26.749,146.217,6.973,146.217,5255.805,132,1,H.264,112.726,0,0,145.247,145.471,0.995,86.414,111.749,arrival-gap-jitter-spike,12909.895,0,1,1,1,1,18165.700,423.910,425.630,426.293,426.293,0,0,14,0,0,14,1,latency-pressure freshness,latency-over-80ms,146.304,157.166,472,1,H.264,0,0,0,0,0,0,0,0,0,0,,102.423,0.000,102.850,0.000,0.000,0.000,137.613,stale-before-decode,0.001,483,0.000,108.470,5.459,0.083,0.273,0.001,0.000,0.273,1,0,0,1,3,0.064,16.081,13.780,35.466,15.990,3.000,FrameFreshness,0,1,0,1.000,2,2,2,1,0.060,0.000,0.060,0,100,0,13927,13054,837,0,806
19.172,Custom_loss6_delay0-100_dup0_reorder6_burst0,Loopback,1,1,0,,,0.000,0,21,510,18.706,17.063,17.486,78.381,102.356,42.270,44.136,30.178,0.063,0.223,13724,927,12922,11995,2056,1158,207,664,492,172,27,0,11995,411,118,0,0,0,0,5.000,0,0,0,0,0,0,0,0,0,0,0,0,0,0,0,0.000,0.000,0.000,,391,391,1783,0,1,22.389,145.247,23.280,145.471,0.000,0.000,383,376,6843,583,100,0,1362,1961,510,1,retransmit-late-after-completed,completed,H.264,1,1,22,22,0,0,0,1,0,0,1,1,14601,1,14601,1,14601,1,1,104.063,217,207,172,168,172,0,62.468,25.910,168.971,2,0,598,44,642,0,225,23,0.512,0.488,0.931,1.000,0.093,45.000,0.357,0.643,0.143,duplicate-guard,2,4,0,0,2,4,1362,10934,0,0,0,0,10934,predicted-useful,fec-grace,2229,0.318,205,642,0,3,0,0,0,0,0,0,0,200,2657,200,2657,0,0,0,pacing,1,0.744,10.610,118.610,0,0,0,0,0,0,0,0,2660,1581,1823,0,1,9500000,1200000,0,0,0,14640,14640,18029353,642,798648,43,53492,0,0,0,0,0,25.630,39.122,19862.188,4800.000,745,26637,13715,5836,12922,7086,0.299,7.086,1.479,745,4962573,7812192,0.675,30.351,0.469,16.565,26637,1362,401,10934,1359,0,3,98,98,179,98,0,0,1,0,4,2411,1961,1961,0,0,0,0,0,,disabled,,0,0,0,0,,1,Fixed Quality,Hybrid,85,30,9500,12000,640,360,H.264,480,270,518400,26094,518400,26094,0.050,0.000,,0,0,0.000,1.879,0.000,0.000,0.088,6750,6250,6250,14,14,0,1,9500,0.962,1,25.630,0.000,0,0,0.000,0.000,0,0,0,0,0.338,0.592,0.070,1,0,0,fixed-pacing-queue-hold,22,1,1,decoder-sync-observed,0,,0,0,16.150,21.974,0,,0.000,0.000,0.000,0.000,0,0,0,,0,0,0,5.866,0,512,0.088,0.000,0.000,0.087,0.000,0.051,0.007,1,1,1,1,0,1,1,0,0,0,0,0,1.000,0.000,0.000,24,0,0.000,0,0,0,0.000,0.000,0.000,0.000,0.000,0.000,0.000,1.760,38.288,0,0,0,0,0,0,0,0,0.000,0.000,0.000,0.000,0.000,0.000,0,0.090,17.063,383,391,1783,23.343,146.217,6.973,146.217,5255.805,132,1,H.264,112.726,0,0,145.247,145.471,0.995,86.414,111.749,arrival-gap-jitter-spike,13916.128,0,1,1,1,1,19171.933,423.910,425.630,426.293,426.293,0,0,14,0,0,14,0,,,146.304,157.166,472,1,H.264,0,0,0,0,0,0,0,0,0,0,,95.311,0.000,97.915,0.000,0.000,0.000,120.000,stale-before-decode,0.001,510,0.000,103.317,5.256,0.076,0.838,0.540,0.000,0.298,1,0,0,1,3,0.063,18.706,17.063,30.178,17.486,3.000,FrameFreshness,0,1,0,0.000,0,1,1,1,0.060,0.000,0.060,0,100,0,14659,13747,888,0,842
20.175,Custom_loss6_delay0-100_dup0_reorder6_burst0,Loopback,1,1,0,,,0.000,0,21,538,22.441,23.790,25.194,85.453,102.308,97.521,47.472,22.768,0.064,0.219,14494,999,13669,12670,2174,1224,215,706,523,183,29,0,12671,435,122,0,0,0,0,5.000,0,0,0,0,0,0,0,0,0,0,0,0,0,0,0,0.000,0.000,0.000,,415,415,1875,0,1,20.876,145.247,21.792,145.471,0.000,0.000,407,399,7241,618,104,0,1435,2083,539,1,fec-recovered,pending,H.264,1,1,23,19,4,5,4,1,2,7,0,0,15441,20,0,0,0,0,0,56.575,227,215,183,179,183,0,62.442,25.752,168.971,2,0,627,47,674,0,242,23,0.514,0.486,0.930,1.000,0.087,45.000,0.333,0.667,0.000,duplicate-guard,2,4,0,0,2,4,1435,11450,0,0,0,0,11450,predicted-useful,fec-grace,2352,0.261,215,674,0,3,0,0,0,0,0,0,0,210,2769,210,2769,0,0,0,pacing,1,0.655,8.391,116.391,0,0,0,0,0,0,0,0,2772,1668,1922,0,1,9500000,1200000,0,0,0,15488,15488,19076447,674,838456,47,58468,0,0,0,0,0,15.340,39.122,7441.875,4800.000,788,28153,14484,6210,13669,7459,0.300,5.408,2.206,788,4817549,8006816,3.579,35.331,0.512,14.400,28153,1435,425,11450,1432,0,3,102,102,186,102,0,0,1,0,4,2557,2083,2083,0,0,0,0,0,,disabled,,0,0,0,0,,1,Fixed Quality,Hybrid,85,30,9500,12000,640,360,H.264,480,270,518400,27138,518400,27138,0.052,0.000,,0,0,0.000,2.060,0.000,0.000,0.075,6250,6500,6500,15,15,0,1,9500,0.880,1,15.340,0.000,0,0,0.000,0.000,0,0,0,0,0.337,0.593,0.070,1,0,0,latency-pressure-freshness-hold,23,1,1,decoder-sync-observed,0,,0,0,17.477,22.853,0,,0.000,0.000,0.000,0.000,0,0,0,,0,0,0,5.617,0,541,0.075,0.000,0.000,0.075,0.000,0.050,0.009,1,1,1,1,0,1,1,0,0,0,0,0,1.000,0.000,0.000,27,0,0.000,0,0,0,0.000,0.000,0.000,0.000,0.000,0.000,0.000,1.951,26.093,0,0,0,0,0,0,0,0,0.000,0.000,0.000,0.000,0.000,0.000,0,0.108,23.791,407,415,1875,21.898,146.217,6.973,146.217,5255.805,132,1,H.264,112.726,0,0,145.247,145.471,0.995,86.414,111.749,arrival-gap-jitter-spike,14919.868,0,1,1,1,1,20175.673,423.910,425.630,426.293,426.293,0,0,15,0,0,15,1,latency-pressure freshness,latency-over-80ms,142.723,157.166,535,1,decoded,0,0,0,0,0,0,0,0,0,0,,100.231,0.000,102.933,0.000,0.000,0.000,122.727,stale-before-upload,0.001,538,0.000,105.399,5.864,0.083,0.280,0.012,0.000,0.268,1,0,0,1,3,0.064,22.441,23.790,22.768,25.194,3.000,FrameFreshness,0,1,0,1.000,0,1,1,1,0.060,0.000,0.060,0,100,0,15508,14522,946,0,891
21.180,Custom_loss6_delay0-100_dup0_reorder6_burst0,Loopback,1,1,0,,,0.000,0,21,566,23.569,22.085,21.606,93.828,102.549,96.879,50.378,31.870,0.065,0.221,15181,1049,14309,13260,2265,1277,226,733,541,192,29,0,13260,457,130,0,0,0,0,5.000,0,0,0,0,0,0,0,0,0,0,0,0,0,0,0,0.000,0.000,0.000,,434,434,1974,0,1,80.411,194.542,81.436,195.567,0.000,0.000,425,415,7589,649,109,0,1512,2176,568,1,fec-parity,pending,H.264,1,1,21,5,16,3,0,0,0,0,0,0,16207,1,0,0,0,0,0,20.928,238,226,192,188,192,0,62.556,25.820,168.971,2,0,658,54,712,0,254,24,0.513,0.487,0.924,1.000,0.086,45.000,0.538,0.462,0.000,duplicate-guard,2,4,0,0,2,4,1512,12057,0,0,0,0,12057,predicted-useful,fec-grace,2474,0.286,228,712,0,3,0,0,0,0,0,0,0,222,2909,222,2909,0,0,0,pacing,1,0.654,4.263,112.263,0,0,0,0,0,0,0,0,2912,1753,2022,1,1,9500000,1200000,8,0,8,16240,16232,19995138,712,885728,48,59712,0,0,0,0,0,0.684,39.122,43.688,4001.550,826,29477,15168,6503,14309,7806,0.300,1.298,1.320,826,4764600,7887331,1.812,28.136,0.501,17.689,29477,1512,446,12057,1509,0,3,107,107,197,107,0,0,1,0,4,2677,2176,2176,0,0,0,0,0,,disabled,,0,0,0,0,,1,Fixed Quality,Hybrid,85,30,9500,12000,640,360,H.264,480,270,518400,25054,518400,25054,0.048,0.000,,0,0,0.000,1.994,0.000,0.000,0.072,6000,6000,6000,16,16,0,1,9500,0.820,1,8.977,0.000,0,0,0.000,0.000,0,0,0,0,0.000,1.000,0.000,1,0,0,latency-pressure-freshness-hold,21,1,1,decoder-sync-observed,0,,0,0,8.243,21.098,0,,0.000,0.000,0.000,0.000,0,0,0,,0,0,0,3.342,0,569,0.072,0.000,0.000,0.072,0.000,0.049,0.007,1,1,1,1,0,1,1,0,0,0,0,0,1.000,0.000,0.000,27,0,0.000,0,0,0,0.000,0.000,0.000,0.000,0.000,0.000,0.000,1.868,7.829,0,0,0,0,0,0,0,0,0.000,0.000,0.000,0.000,0.000,0.000,0,0.105,22.085,425,434,1974,81.434,195.533,6.973,195.533,20562.049,548,1,H.264,147.144,0,0,194.542,195.567,1.000,151.007,146.143,arrival-gap-jitter-spike,618.357,0,1,1,1,1,21180.406,423.910,425.630,426.293,426.293,0,0,17,0,0,17,2,latency-pressure freshness,latency-over-80ms,122.944,157.166,552,1,decoded,0,0,0,0,0,0,0,0,0,0,,98.723,0.000,100.833,4.780,0.000,102.389,126.914,stale-before-upload,0.001,564,0.000,107.375,5.864,0.089,0.488,0.199,0.000,0.289,1,0,0,1,3,0.065,23.569,22.085,31.870,21.606,1.000,RecoveryDeadline,1,1,0,0.667,3,2,2,1,0.060,0.000,0.060,0,100,0,16253,15207,994,0,939
22.186,Custom_loss6_delay0-100_dup0_reorder6_burst0,Loopback,1,1,0,,,0.000,0,21,592,20.701,22.798,18.958,109.480,102.728,52.998,50.524,48.703,0.064,0.220,15875,1092,14964,13872,2375,1323,241,781,577,204,30,0,13872,480,135,0,0,0,0,5.000,0,0,0,0,0,0,0,0,0,0,0,0,0,0,0,0.000,0.000,0.000,,456,456,2069,0,1,85.880,194.542,86.704,195.567,0.000,0.000,445,436,7933,684,113,0,1588,2274,593,1,fec-recovered,pending,H.264,1,1,21,20,1,3,3,3,12,32,0,2,16941,5,16941,5,0,0,0,108.785,243,241,204,200,204,0,61.840,25.654,168.971,2,0,690,55,745,0,260,24,0.502,0.498,0.926,1.000,0.085,45.000,0.000,1.000,0.000,duplicate-guard,2,4,0,0,2,4,1588,12580,0,0,0,0,12580,predicted-useful,fec-grace,2599,0.619,239,745,0,3,0,0,0,0,0,0,0,233,3038,233,3038,0,0,0,pacing,1,0.738,6.101,114.101,0,0,0,0,0,0,0,0,3041,1844,2126,1,1,9500000,1200000,0,0,0,16949,16949,20884234,745,926780,49,60956,0,0,0,0,0,18.750,39.122,14259.750,4800.000,863,30815,15853,6822,14962,8140,0.301,24.048,1.970,863,5256411,8398230,1.710,13.733,0.527,19.937,30815,1588,469,12580,1585,0,3,111,111,203,111,0,0,1,0,4,2788,2274,2274,0,0,0,0,0,,disabled,,0,0,0,0,,1,Fixed Quality,Hybrid,85,30,9500,12000,640,360,H.264,480,270,518400,25054,518400,25054,0.048,0.000,,0,0,0.000,1.925,0.000,0.000,0.131,6000,6000,6000,16,16,0,1,9500,0.820,1,18.750,0.000,0,0,0.000,0.000,0,0,0,0,0.000,1.000,0.000,1,0,0,latency-pressure-freshness-hold,21,1,1,decoder-sync-observed,0,,0,0,0.125,21.098,0,,0.000,0.000,0.000,0.000,0,0,0,,0,0,0,3.820,0,595,0.131,0.000,0.000,0.131,0.000,0.076,0.039,1,1,1,1,0,1,1,0,0,0,0,0,1.000,0.000,0.000,27,0,0.000,0,0,0,0.000,0.000,0.000,0.000,0.000,0.000,0.000,1.738,7.625,0,0,0,0,0,0,0,0,0.000,0.000,0.000,0.000,0.000,0.000,0,0.093,22.798,445,456,2069,86.829,195.533,6.973,195.533,20562.049,548,1,H.264,147.144,0,0,194.542,195.567,1.000,151.007,146.143,arrival-gap-jitter-spike,1624.140,0,1,1,1,1,22186.189,423.910,425.630,426.293,426.293,0,0,19,0,0,19,2,latency-pressure freshness,latency-over-80ms,145.528,157.166,587,1,H.264,0,0,0,0,0,0,0,0,0,0,,105.751,0.000,103.267,0.000,0.000,0.000,139.740,stale-before-decode,0.001,592,0.000,107.825,4.423,0.079,0.663,0.324,0.000,0.340,1,0,0,1,3,0.064,20.701,22.798,48.703,18.958,3.000,FrameFreshness,0,1,0,1.000,2,2,2,1,0.060,0.000,0.060,0,100,0,16971,15904,1032,0,974
23.192,Custom_loss6_delay0-100_dup0_reorder6_burst0,Loopback,1,1,0,,,0.000,0,21,618,23.563,22.741,23.395,98.639,102.601,97.574,53.000,20.586,0.064,0.215,16563,1140,15610,14470,2480,1370,251,827,608,219,32,0,14470,503,138,0,0,0,0,5.000,0,0,0,0,0,0,0,0,0,0,0,0,0,0,0,0.000,0.000,0.000,,479,479,2163,0,1,20.975,194.542,21.853,195.567,0.000,0.000,468,459,8253,722,116,0,1659,2360,620,1,nack-sent,pending,H.264,1,1,21,17,4,3,2,3,9,31,0,0,17642,6,0,0,0,0,0,91.445,256,251,219,215,219,0,61.742,25.129,168.971,2,0,728,57,785,0,274,25,0.505,0.495,0.927,1.000,0.084,45.000,0.250,0.750,0.167,duplicate-guard,2,4,0,0,2,4,1659,13104,0,0,0,0,13104,predicted-useful,fec-grace,2715,0.524,251,785,0,3,0,0,0,0,0,0,0,245,3188,245,3188,0,0,0,pacing,1,0.744,6.412,114.412,0,0,0,0,0,0,0,0,3191,1925,2221,1,1,9500000,1200000,0,0,0,17691,17691,21804432,785,976540,54,67176,0,0,0,0,0,7.586,39.122,1002.500,4800.000,902,32166,16556,7110,15610,8500,0.300,32.409,1.906,902,4814547,7678884,2.202,19.901,0.497,23.796,32166,1658,492,13100,1655,0,3,114,114,209,114,0,0,1,0,4,2887,2360,2360,0,0,0,0,0,,disabled,,0,0,0,0,,1,Fixed Quality,Hybrid,85,30,9500,12000,640,360,H.264,480,270,518400,25054,518400,25054,0.048,0.000,,0,0,0.000,2.055,0.000,0.000,0.068,6500,6000,6000,16,16,0,1,9500,0.902,1,7.586,0.000,0,0,0.000,0.000,0,0,0,0,0.326,0.601,0.073,1,0,0,fixed-pacing-queue-hold,21,1,1,decoder-sync-observed,0,,0,0,8.595,21.098,0,,0.000,0.000,0.000,0.000,0,0,0,,0,0,0,5.967,0,622,0.068,0.000,0.000,0.068,0.000,0.046,0.006,1,1,1,1,0,1,1,0,0,0,0,0,1.000,0.000,0.000,24,0,0.000,0,0,0,0.000,0.000,0.000,0.000,0.000,0.000,0.000,1.956,9.976,0,0,0,0,0,0,0,0,0.000,0.000,0.000,0.000,0.000,0.000,0,0.091,22.741,468,479,2163,21.960,195.533,6.973,195.533,20562.049,548,1,H.264,147.144,0,0,194.542,195.567,1.000,151.007,146.143,arrival-gap-jitter-spike,2630.592,0,1,1,1,1,23192.641,423.910,425.630,426.293,426.293,0,0,19,0,0,19,0,,,145.528,157.166,587,1,H.264,0,0,0,0,0,0,0,0,0,0,,96.924,0.000,99.440,0.000,0.000,0.000,129.320,stale-before-decode,0.001,618,0.000,105.786,6.209,0.076,0.740,0.392,0.000,0.348,1,0,0,1,3,0.064,23.563,22.741,20.586,23.395,3.000,FrameFreshness,0,1,0,0.000,2,2,2,1,0.060,0.000,0.060,0,100,0,17714,16599,1077,0,1018
24.198,Custom_loss6_delay0-100_dup0_reorder6_burst0,Loopback,1,1,0,,,0.000,0,21,647,20.817,23.197,23.251,87.539,102.407,56.660,53.183,9.795,0.063,0.211,17325,1174,16304,15130,2599,1431,259,875,645,230,34,0,15130,528,141,0,0,0,0,5.000,0,0,0,0,0,0,0,0,0,0,0,0,0,0,0,0.000,0.000,0.000,,504,504,2259,0,1,37.223,194.542,38.243,195.567,0.000,0.000,493,484,8640,758,119,0,1728,2479,648,1,fec-recovered,pending,H.264,1,1,22,16,6,3,2,1,4,12,2,1,18459,16,18475,1,0,0,0,58.112,271,259,230,226,230,0,61.419,25.631,168.971,2,0,762,64,826,0,286,26,0.511,0.489,0.923,1.000,0.083,45.000,0.308,0.692,0.000,duplicate-guard,2,4,0,0,2,4,1728,13605,0,0,0,0,13605,predicted-useful,fec-grace,2835,0.591,264,826,0,3,0,0,0,0,0,0,0,258,3349,258,3349,0,0,0,pacing,1,0.693,5.258,113.258,0,0,0,0,0,0,0,0,3352,2004,2315,1,1,9500000,1200000,8,0,8,18512,18504,22809434,826,1027544,63,78372,0,0,0,0,0,2.225,39.122,928.375,1276.200,943,33625,17321,7434,16304,8870,0.300,10.721,1.646,943,6809133,10216565,2.272,7.738,0.408,14.048,33625,1728,517,13605,1725,0,3,117,117,214,117,0,0,1,0,4,3024,2479,2479,0,0,0,0,0,,disabled,,0,0,0,0,,1,Fixed Quality,Hybrid,85,30,9500,12000,640,360,H.264,480,270,518400,26096,518400,26096,0.050,0.000,,0,0,0.000,2.400,0.000,0.000,0.178,7250,6250,6250,17,17,0,1,9500,1.000,0,15.723,0.000,0,0,3.558,0.000,3732,0,0,0,0.000,0.667,0.333,1,0,0,disabled,22,1,1,decoder-sync-observed,0,,0,0,17.541,21.976,0,,0.000,0.000,0.000,0.000,0,0,0,,0,0,0,2.339,0,650,0.178,0.000,0.000,0.178,0.000,0.069,0.008,1,1,1,1,0,1,1,0,0,0,0,0,1.000,0.000,0.000,30,0,0.000,0,0,0,0.000,0.000,0.000,0.000,0.000,0.000,0.000,2.178,7.517,0,0,0,0,0,0,0,0,0.000,0.000,0.000,0.000,0.000,0.000,0,0.097,23.197,493,504,2259,39.157,195.533,6.973,195.533,20562.049,548,1,H.264,147.144,0,0,194.542,195.567,1.000,151.007,146.143,arrival-gap-jitter-spike,3635.854,0,1,1,1,1,24197.903,423.910,425.630,426.293,426.293,0,0,19,0,0,19,0,,,145.528,157.166,587,1,H.264,0,0,0,0,0,0,0,0,0,0,,96.195,0.000,99.014,0.000,0.000,0.000,123.769,stale-before-decode,0.001,647,0.000,104.644,5.483,0.084,0.439,0.141,0.000,0.298,1,0,0,1,3,0.064,20.817,23.197,9.795,23.251,3.000,FrameFreshness,0,1,0,0.500,4,2,2,1,0.060,0.000,0.060,0,100,0,18528,17357,1123,0,1066
25.201,Custom_loss6_delay0-100_dup0_reorder6_burst0,Loopback,1,1,0,,,0.000,0,21,675,19.256,23.599,23.775,109.999,102.329,36.714,52.399,10.897,0.063,0.212,18128,1229,17056,15827,2701,1493,267,904,672,232,37,0,15827,550,148,0,0,0,0,5.000,0,0,0,0,0,0,0,0,0,0,0,0,0,0,0,0.000,0.000,0.000,,526,526,2354,0,1,40.016,194.542,41.036,195.567,0.000,0.000,515,506,9017,782,126,0,1809,2592,677,1,fec-recovered,pending,H.264,1,1,23,17,6,2,2,2,6,24,0,2,19300,5,19324,0,0,0,0,63.818,273,267,232,228,232,0,61.384,25.537,168.971,2,0,774,64,838,0,290,27,0.506,0.494,0.924,1.000,0.085,42.000,0.000,1.000,0.000,insufficient-sample,2,4,0,0,2,4,1809,14176,0,0,0,0,14176,predicted-useful,fec-grace,2964,0.435,268,838,0,3,0,0,0,0,0,0,0,262,3408,262,3408,0,0,0,pacing,1,0.746,9.217,117.217,0,0,0,0,0,0,0,0,3411,2104,2421,1,1,9500000,1200000,4,0,4,19363,19359,23861290,838,1042472,63,78372,0,0,0,0,0,5.471,39.122,212.688,1739.250,987,35177,18122,7792,17055,9263,0.301,19.193,3.641,987,5479973,8605855,2.037,2.202,0.472,14.204,35177,1809,539,14176,1806,0,3,124,124,227,124,0,0,1,0,4,3166,2592,2592,0,0,0,0,0,,disabled,,0,0,0,0,,1,Fixed Quality,Hybrid,85,30,9500,12000,640,360,H.264,480,270,518400,27138,518400,27138,0.052,0.000,,0,0,0.000,2.006,0.000,0.000,0.081,7250,6500,6500,18,18,0,1,9500,1.000,0,12.586,0.000,0,0,3.810,0.000,3732,0,0,0,0.000,0.333,0.667,1,0,0,disabled,23,1,1,decoder-sync-observed,0,,0,0,14.284,22.853,0,,0.000,0.000,0.000,0.000,0,0,0,,0,0,0,11.427,0,679,0.081,0.000,0.000,0.081,0.000,0.054,0.010,1,1,1,1,0,1,1,0,0,0,0,0,1.000,0.000,0.000,30,0,0.000,0,0,0,0.000,0.000,0.000,0.000,0.000,0.000,0.000,1.890,15.435,0,0,0,0,0,0,0,0,0.000,0.000,0.000,0.000,0.000,0.000,0,0.105,23.599,515,526,2354,41.005,195.533,6.973,195.533,20562.049,548,1,H.264,147.144,0,0,194.542,195.567,1.000,151.007,146.143,arrival-gap-jitter-spike,4639.078,0,1,1,1,1,25201.127,423.910,425.630,426.293,426.293,0,0,19,0,0,19,0,,,145.528,157.166,587,1,H.264,0,0,0,0,0,0,0,0,0,0,,103.573,0.000,106.385,0.000,0.000,0.000,135.000,stale-before-decode,0.001,675,0.000,110.271,3.735,0.082,0.603,0.239,0.000,0.364,1,0,0,1,3,0.063,19.256,23.599,10.897,23.775,3.000,FrameFreshness,0,1,0,2.000,1,2,2,1,0.060,0.000,0.060,0,100,0,19384,18161,1163,0,1115
26.208,Custom_loss6_delay0-100_dup0_reorder6_burst0,Loopback,1,1,0,,,0.000,0,21,705,21.941,19.704,19.731,93.883,102.422,54.319,52.486,16.530,0.063,0.213,18990,1270,17857,16587,2829,1571,276,944,707,237,38,0,16587,574,155,0,0,0,0,5.000,0,0,0,0,0,0,0,0,0,0,0,0,0,0,0,0.000,0.000,0.000,,548,548,2451,0,1,61.095,194.542,62.106,195.567,0.000,0.000,537,528,9419,811,131,0,1890,2716,706,1,fec-parity,pending,H.264,1,1,24,17,7,4,1,2,6,21,0,0,20193,9,0,0,0,0,0,83.870,281,276,237,233,237,0,61.258,25.512,168.971,2,0,796,60,856,0,298,28,0.504,0.496,0.930,1.000,0.086,44.000,0.000,0.000,0.000,insufficient-sample,2,4,0,0,2,4,1890,14790,0,0,0,0,14790,predicted-useful,fec-grace,3095,0.292,274,856,0,3,0,0,0,0,0,0,0,268,3489,268,3489,0,0,0,pacing,1,0.700,5.600,113.600,0,0,0,0,0,0,0,0,3492,2202,2527,0,1,9500000,1200000,0,0,0,20248,20248,24951310,856,1064864,63,78372,0,0,0,0,0,11.809,39.122,1105.188,4800.000,1033,36832,18976,8180,17856,9676,0.301,13.821,0.183,1033,6840923,10720604,1.117,5.282,0.481,11.618,36832,1890,563,14790,1887,0,3,129,129,236,129,0,0,1,0,4,3312,2716,2716,0,0,0,0,0,,disabled,,0,0,0,0,,1,Fixed Quality,Hybrid,85,30,9500,12000,640,360,H.264,480,270,518400,0,518400,28178,0.054,0.000,,0,0,0.000,6.101,0.000,5.281,0.773,7250,6750,6750,19,19,0,1,9500,1.000,0,11.809,0.000,0,0,0.000,0.000,0,0,0,0,0.328,0.602,0.070,1,0,0,disabled,0,0,0,async-output-pending,0,,0,0,0.000,0.000,0,,0.000,0.000,0.000,0.000,0,0,0,,0,0,0,0.000,1,0,0.764,0.183,0.579,0.000,0.000,0.000,0.000,0,0,1,1,1,0,0,1,1,0,0,0,1.000,0.000,0.000,30,0,0.000,0,0,0,0.000,0.000,0.000,0.000,0.000,0.000,0.000,0.000,23.863,0,0,0,0,0,0,0,0,0.000,0.000,0.000,0.000,0.000,0.000,0,0.091,19.704,537,548,2451,62.176,195.533,6.973,195.533,20562.049,548,1,H.264,147.144,0,0,194.542,195.567,1.000,151.007,146.143,arrival-gap-jitter-spike,5646.230,0,1,1,1,1,26208.279,423.910,425.630,426.293,426.293,0,0,19,0,0,19,0,,,145.528,157.166,587,1,H.264,0,0,0,0,0,0,0,0,0,0,,99.009,0.000,101.897,0.000,0.000,0.000,126.941,stale-before-decode,0.001,705,0.000,108.224,6.191,0.073,0.720,0.465,0.000,0.255,1,0,0,1,3,0.063,21.941,19.704,16.530,19.731,3.000,FrameFreshness,0,1,0,0.000,1,1,1,1,0.060,0.000,0.060,0,100,0,20274,19026,1207,0,1175
27.214,Custom_loss6_delay0-100_dup0_reorder6_burst0,Loopback,1,1,0,,,0.000,0,21,737,23.226,20.983,22.458,26.308,102.239,77.799,53.587,28.920,0.062,0.213,19837,1313,18626,17313,2940,1632,285,982,736,246,41,0,17313,599,162,0,0,0,0,5.000,0,0,0,0,0,0,0,0,0,0,0,0,0,0,0,0.000,0.000,0.000,,573,573,2546,0,1,12.959,194.542,14.135,195.567,0.000,0.000,561,552,9812,845,138,0,1969,2830,735,1,retransmit-late-after-completed,completed,H.264,1,1,24,24,0,0,0,2,0,0,0,0,21140,1,21140,1,21140,1,1,104.142,288,285,246,242,246,0,60.980,25.487,168.971,2,0,821,65,886,0,305,30,0.503,0.497,0.927,1.000,0.090,45.000,0.286,0.714,0.200,duplicate-guard,2,4,0,0,2,4,1969,15431,0,0,0,0,15431,predicted-useful,fec-grace,3227,0.500,284,886,0,3,0,0,0,0,0,0,0,278,3624,278,3624,0,0,0,pacing,1,0.693,4.939,112.939,0,0,0,0,0,0,0,0,3627,2298,2635,0,1,9500000,1200000,0,0,0,21127,21127,26028105,886,1102184,65,80860,0,0,0,0,0,0.108,39.122,14659.625,4800.000,1079,38438,19818,8516,18620,10104,0.301,12.269,0.980,1079,6194140,10086118,0.719,8.922,0.411,17.045,38438,1969,587,15431,1966,0,3,136,136,252,136,0,0,1,0,4,3455,2830,2830,0,0,0,0,0,,disabled,,0,0,0,0,,1,Fixed Quality,Hybrid,85,30,9500,12000,640,360,H.264,480,270,518400,6700,518400,6700,0.013,0.000,,0,0,0.000,0.673,0.000,0.000,0.095,6000,6250,6250,20,20,0,1,9500,0.820,1,11.606,0.014,1,0,0.000,0.000,0,0,0,0,0.000,1.000,0.000,1,0,0,latency-pressure-freshness-hold,6,1,1,decoder-sync-observed,0,,0,0,0.021,5.642,0,,0.000,0.000,0.000,0.000,0,0,0,,0,0,0,5.683,0,738,0.095,0.000,0.000,0.095,0.000,0.074,0.005,1,1,1,1,0,1,1,0,0,0,0,0,1.000,0.000,0.000,27,0,0.000,0,0,0,0.000,0.000,0.000,0.000,0.000,0.000,0.000,0.549,10.015,0,0,0,0,0,0,0,0,0.000,0.000,0.000,0.000,0.000,0.000,0,0.088,20.983,561,573,2546,13.141,195.533,6.973,195.533,20562.049,548,1,H.264,147.144,0,0,194.542,195.567,1.000,151.007,146.143,arrival-gap-jitter-spike,6652.046,0,1,1,1,1,27214.095,423.910,425.630,426.293,426.293,0,0,20,0,0,20,1,cadence-limited freshness,input-cadence-or-video-budget,165.383,165.383,731,1,H.264,0,0,0,0,0,0,0,0,0,0,,88.341,0.000,85.183,0.000,0.000,0.000,120.000,stale-before-decode,0.001,737,0.000,89.870,4.549,0.073,0.720,0.468,0.000,0.252,1,0,0,1,3,0.062,23.226,20.983,28.920,22.458,3.000,FrameFreshness,0,1,0,1.000,2,2,2,1,0.060,0.000,0.060,0,100,0,21154,19872,1266,0,1224
28.220,Custom_loss6_delay0-100_dup0_reorder6_burst0,Loopback,1,1,0,,,0.000,0,21,761,22.117,25.326,25.642,103.151,102.179,103.953,55.685,2.606,0.063,0.211,20547,1387,19313,17926,3055,1693,297,1024,763,261,41,0,17926,621,166,0,0,0,0,5.000,0,0,0,0,0,0,0,0,0,0,0,0,0,0,0,0.000,0.000,0.000,,594,594,2639,0,1,41.592,194.542,42.609,195.567,0.000,0.000,582,573,10185,882,141,0,2040,2937,764,1,retransmit-duplicate,pending,H.264,1,1,22,10,12,1,0,0,0,0,0,2,21921,2,21921,2,21921,2,1,36.501,299,297,261,255,261,0,60.713,25.550,168.971,2,0,859,67,926,0,319,31,0.502,0.498,0.928,1.000,0.089,45.000,0.500,0.500,0.000,duplicate-guard,2,4,0,0,2,4,2040,15948,0,0,0,0,15948,predicted-useful,fec-grace,3343,0.136,297,926,0,3,0,0,0,0,0,0,0,290,3763,290,3763,0,0,0,pacing,1,0.672,6.942,114.942,0,0,0,0,0,0,0,0,3766,2376,2728,1,1,9500000,1200000,4,0,4,21923,21919,27006395,926,1151944,68,84592,0,0,0,0,0,5.227,39.122,769.062,3076.650,1119,39837,20537,8865,19300,10435,0.302,14.085,1.900,1119,6111873,8918615,1.013,12.368,0.489,21.560,39837,2040,609,15948,2037,0,3,139,139,258,139,0,0,1,0,4,3587,2937,2937,0,0,0,0,0,,disabled,,0,0,0,0,,1,Fixed Quality,Hybrid,85,30,9500,12000,640,360,H.264,480,270,518400,26096,518400,26096,0.050,0.000,,0,0,0.000,1.791,0.000,0.000,0.061,6250,6250,6250,20,20,0,1,9500,0.876,1,6.614,0.000,0,0,0.000,0.000,0,0,0,0,0.323,0.604,0.073,1,0,0,latency-pressure-freshness-hold,22,1,1,decoder-sync-observed,0,,0,0,0.159,21.976,0,,0.000,0.000,0.000,0.000,0,0,0,,0,0,0,2.615,0,765,0.061,0.000,0.000,0.060,0.000,0.040,0.006,1,1,1,1,0,1,1,0,0,0,0,0,1.000,0.000,0.000,27,0,0.000,0,0,0,0.000,0.000,0.000,0.000,0.000,0.000,0.000,1.704,6.709,0,0,0,0,0,0,0,0,0.000,0.000,0.000,0.000,0.000,0.000,0,0.107,25.326,582,594,2639,42.630,195.533,6.973,195.533,20562.049,548,1,H.264,147.144,0,0,194.542,195.567,1.000,151.007,146.143,arrival-gap-jitter-spike,7658.390,0,1,1,1,1,28220.439,423.910,425.630,426.293,426.293,0,0,20,0,0,20,0,,,165.383,165.383,731,1,H.264,0,0,0,0,0,0,0,0,0,0,,99.576,0.000,102.124,0.000,0.000,0.000,131.576,stale-before-decode,0.001,761,0.000,106.429,4.142,0.077,0.714,0.456,0.000,0.258,1,0,0,1,3,0.063,22.117,25.326,2.606,25.642,3.000,FrameFreshness,0,1,0,1.000,1,1,1,1,0.060,0.000,0.060,0,100,0,21947,20588,1310,0,1271
29.220,Custom_loss6_delay0-100_dup0_reorder6_burst0,Loopback,1,1,0,,,0.000,0,21,787,20.025,20.515,18.662,99.574,102.049,98.315,57.391,9.571,0.063,0.210,21186,1415,19906,18491,3159,1739,312,1066,794,272,42,0,18491,642,171,0,0,0,0,5.000,0,0,0,0,0,0,0,0,0,0,0,0,0,0,0,0.000,0.000,0.000,,615,615,2735,0,1,39.498,194.542,40.366,195.567,0.000,0.000,603,593,10515,914,146,0,2099,3032,787,1,completed,completed,H.264,1,1,21,21,0,5,5,2,9,20,0,0,22531,5,0,0,0,0,0,91.795,308,312,272,266,272,0,61.269,25.027,168.971,2,0,894,66,960,0,329,32,0.497,0.503,0.931,1.000,0.089,45.000,0.300,0.700,0.000,duplicate-guard,2,4,0,0,2,4,2099,16402,0,0,0,0,16402,predicted-useful,fec-grace,3446,0.000,307,960,0,3,0,0,0,0,0,0,0,300,3890,300,3890,0,0,0,pacing,1,0.731,8.973,116.973,0,0,0,0,0,0,0,0,3893,2446,2810,0,1,9500000,1200000,0,0,0,22575,22575,27815948,960,1194240,76,94544,0,0,0,0,0,11.740,39.122,6061.250,4800.000,1156,41090,21184,9190,19906,10716,0.303,1.896,1.686,1156,4769978,7377376,1.239,8.767,0.474,9.653,41090,2099,628,16402,2096,0,3,144,144,266,144,0,0,1,0,4,3702,3032,3032,0,0,0,0,0,,disabled,,0,0,0,0,,1,Fixed Quality,Hybrid,85,30,9500,12000,640,360,H.264,480,270,518400,25054,518400,25054,0.048,0.000,,0,0,0.000,2.299,0.000,0.000,0.089,6000,6000,6000,22,22,0,1,9500,0.820,1,11.740,0.000,0,0,0.000,0.000,0,0,0,0,0.321,0.610,0.069,1,0,0,fixed-pacing-queue-hold,21,1,1,decoder-sync-observed,0,,0,0,8.179,21.098,0,,0.000,0.000,0.000,0.000,0,0,0,,0,0,0,2.396,0,789,0.088,0.000,0.000,0.088,0.000,0.059,0.008,1,1,1,1,0,1,1,0,0,0,0,0,1.000,0.000,0.000,24,0,0.000,0,0,0,0.000,0.000,0.000,0.000,0.000,0.000,0.000,2.169,35.161,0,0,0,0,0,0,0,0,0.000,0.000,0.000,0.000,0.000,0.000,0,0.108,20.515,603,615,2735,40.435,195.533,6.973,195.533,20562.049,548,1,H.264,147.144,0,0,194.542,195.567,1.000,151.007,146.143,arrival-gap-jitter-spike,8658.505,0,1,1,1,1,29220.554,423.910,425.630,426.293,426.293,0,0,21,0,0,21,1,latency-pressure freshness,latency-over-80ms,148.090,165.383,780,1,decoded,0,0,0,0,0,0,0,0,0,0,,94.894,0.000,97.227,0.000,0.000,0.000,129.787,stale-before-upload,0.001,787,0.000,102.194,6.246,0.082,0.333,0.012,0.000,0.322,1,0,0,1,3,0.063,20.025,20.515,9.571,18.662,3.000,FrameFreshness,0,1,0,0.000,1,1,1,1,0.060,0.000,0.060,0,100,0,22604,21223,1354,0,1312
30.221,Custom_loss6_delay0-100_dup0_reorder6_burst0,Loopback,1,1,0,,,0.000,0,21,809,23.886,22.013,22.068,99.818,101.915,98.315,57.391,15.386,0.062,0.206,21802,1452,20471,19019,3253,1784,321,1106,828,278,42,0,19019,664,172,0,0,0,0,5.000,0,0,0,0,0,0,0,0,0,0,0,0,0,0,0,0.000,0.000,0.000,,636,636,2829,0,1,56.343,194.542,57.251,195.567,0.000,0.000,624,614,10804,942,146,0,2155,3123,812,1,nack-sent,pending,H.264,1,1,22,15,7,3,2,2,1,16,0,1,23254,4,23254,4,0,0,0,66.362,312,321,278,272,278,0,61.308,25.077,168.971,2,0,913,68,981,0,336,32,0.493,0.507,0.931,1.000,0.087,44.000,0.000,1.000,0.000,insufficient-sample,2,4,0,0,2,4,2155,16785,0,0,0,0,16785,predicted-useful,fec-grace,3542,0.045,314,981,0,3,0,0,0,0,0,0,0,307,3956,307,3956,0,0,0,pacing,1,0.582,3.627,111.627,0,0,0,0,0,0,0,0,3959,2513,2886,0,1,9500000,1200000,0,0,0,23226,23226,28623062,981,1220364,76,94544,0,0,0,0,0,18.272,39.122,11246.062,3159.150,1189,42257,21794,9453,20463,11010,0.303,6.190,0.021,1189,4837589,7399644,2.109,8.767,0.493,9.502,42257,2155,650,16785,2152,0,3,144,144,266,144,0,0,1,0,4,3803,3123,3123,0,0,0,0,0,,disabled,,0,0,0,0,,1,Fixed Quality,Hybrid,85,30,9500,12000,640,360,H.264,480,270,518400,26096,518400,26096,0.050,0.000,,0,0,0.000,2.170,0.000,0.000,0.150,6750,6250,6250,23,23,0,1,9500,0.960,1,18.272,0.000,0,0,0.000,0.000,0,0,0,0,0.000,1.000,0.000,1,0,0,fixed-pacing-queue-hold,22,1,1,decoder-sync-observed,0,,0,0,10.485,21.976,0,,0.000,0.000,0.000,0.000,0,0,0,,0,0,0,6.503,0,813,0.149,0.000,0.000,0.148,0.000,0.085,0.034,1,1,1,1,0,1,1,0,0,0,0,0,1.000,0.000,0.000,24,0,0.000,0,0,0,0.000,0.000,0.000,0.000,0.000,0.000,0.000,1.859,31.112,0,0,0,0,0,0,0,0,0.000,0.000,0.000,0.000,0.000,0.000,0,0.107,22.013,624,636,2829,57.250,195.533,6.973,195.533,20562.049,548,1,H.264,147.144,0,0,194.542,195.567,1.000,151.007,146.143,arrival-gap-jitter-spike,9658.921,0,1,1,1,1,30220.970,423.910,425.630,426.293,426.293,0,0,21,0,0,21,0,,,148.090,165.383,780,1,decoded,0,0,0,0,0,0,0,0,0,0,,96.492,0.000,99.171,0.000,0.000,0.000,129.909,stale-before-upload,0.001,809,0.000,103.710,4.386,0.077,0.412,0.165,0.000,0.248,1,0,0,1,3,0.062,23.886,22.013,15.386,22.068,3.000,FrameFreshness,0,1,0,0.000,2,3,3,1,0.060,0.000,0.060,0,100,0,23256,21843,1380,0,1353
31.227,Custom_loss6_delay0-100_dup0_reorder6_burst0,Loopback,1,1,0,,,0.000,0,21,838,27.204,23.956,23.727,133.955,101.911,98.315,57.391,9.390,0.063,0.205,22584,1507,21205,19698,3349,1837,326,1144,858,286,42,0,19698,691,178,0,0,0,0,5.000,0,0,0,0,0,0,0,0,0,0,0,0,0,0,0,0.000,0.000,0.000,,660,660,2922,0,1,35.067,194.542,36.053,195.567,0.000,0.000,648,638,11171,977,149,0,2226,3234,840,1,fec-parity,pending,H.264,1,1,23,21,2,4,2,2,5,14,1,0,24024,20,24064,3,0,0,0,83.715,317,326,286,280,286,0,61.239,25.083,168.971,2,0,931,71,1002,0,344,32,0.493,0.507,0.929,1.000,0.085,45.000,0.333,0.667,0.000,duplicate-guard,2,4,0,0,2,4,2226,17330,0,0,0,0,17330,predicted-useful,fec-grace,3667,0.696,321,1002,0,3,0,0,0,0,0,0,0,314,4028,314,4028,0,0,0,pacing,1,0.614,5.390,113.390,0,0,0,0,0,0,0,0,4031,2602,2984,0,1,9500000,1200000,0,0,0,24063,24063,29656470,1002,1246488,76,94544,0,0,0,0,0,18.031,39.122,9992.625,4800.000,1232,43780,22575,9798,21205,11407,0.303,8.681,0.232,1232,6052902,9645165,0.608,8.767,0.518,10.102,43780,2226,677,17330,2223,0,3,147,147,271,147,0,0,1,0,4,3940,3234,3234,0,0,0,0,0,,disabled,,0,0,0,0,,1,Fixed Quality,Hybrid,85,30,9500,12000,640,360,H.264,480,270,518400,0,518400,27138,0.052,0.000,,0,0,0.000,5.096,0.000,4.256,0.802,7250,6500,6500,24,24,0,1,9500,1.000,0,18.031,0.000,0,0,0.000,0.000,0,0,0,0,0.316,0.613,0.071,1,0,0,disabled,0,0,0,async-output-pending,0,,0,0,0.000,0.000,0,,0.000,0.000,0.000,0.000,0,0,0,,0,0,0,0.000,1,0,0.794,0.201,0.591,0.000,0.000,0.000,0.000,0,0,1,1,1,0,0,1,1,0,0,0,1.000,0.000,0.000,30,0,0.000,0,0,0,0.000,0.000,0.000,0.000,0.000,0.000,0.000,0.000,20.634,0,0,0,0,0,0,0,0,0.000,0.000,0.000,0.000,0.000,0.000,0,0.092,23.956,648,660,2922,36.342,195.533,6.973,195.533,20562.049,548,1,H.264,147.144,0,0,194.542,195.567,1.000,151.007,146.143,arrival-gap-jitter-spike,10665.113,0,1,1,1,1,31227.162,423.910,425.630,426.293,426.293,0,0,21,0,0,21,0,,,148.090,165.383,780,1,decoded,0,0,0,0,0,0,0,0,0,0,,96.944,0.000,99.712,0.000,0.000,0.000,120.000,stale-before-upload,0.001,839,0.000,104.376,4.523,0.077,0.642,0.413,0.000,0.229,1,0,0,1,3,0.063,27.204,23.956,9.390,23.727,3.000,FrameFreshness,0,1,0,0.000,1,1,1,1,0.060,0.000,0.060,0,100,0,24094,22623,1429,0,1405
32.231,Custom_loss6_delay0-100_dup0_reorder6_burst0,Loopback,1,1,0,,,0.000,0,21,869,20.491,18.540,18.540,85.583,101.929,23.071,56.071,39.528,0.062,0.208,23338,1541,21900,20359,3454,1901,337,1171,880,291,45,0,20359,714,187,0,0,0,0,5.000,0,0,0,0,0,0,0,0,0,0,0,0,0,0,0,0.000,0.000,0.000,,681,681,3020,0,1,8.308,194.542,9.274,195.567,0.000,0.000,668,657,11552,1005,156,0,2302,3349,870,1,nack-sent,pending,H.264,1,1,21,19,2,3,3,2,4,11,2,0,24831,3,24859,3,0,0,0,69.277,323,337,291,285,291,0,61.254,24.832,168.971,2,0,953,76,1029,0,350,33,0.489,0.511,0.926,1.000,0.086,45.000,0.286,0.714,0.000,duplicate-guard,2,4,0,0,2,4,2302,17861,0,0,0,0,17861,predicted-useful,fec-grace,3792,0.429,330,1029,0,3,0,0,0,0,0,0,0,323,4142,323,4142,0,0,0,pacing,1,0.641,4.330,112.330,0,0,0,0,0,0,0,0,4145,2694,3087,0,1,9500000,1200000,0,0,0,24854,24854,30630939,1029,1280076,76,94544,0,0,0,0,0,8.130,39.122,1935.875,3477.150,1272,45228,23328,10121,21900,11779,0.303,7.949,1.210,1272,7331762,10176804,1.221,-8.035,0.475,13.416,45228,2301,698,17859,2298,0,3,154,154,282,154,0,0,1,0,4,4078,3349,3349,0,0,0,0,0,,disabled,,0,0,0,0,,1,Fixed Quality,Hybrid,85,30,9500,12000,640,360,H.264,480,270,518400,0,518400,25054,0.048,0.000,,0,0,0.000,4.865,0.000,4.111,0.701,6000,6000,6000,25,25,0,1,9500,0.820,1,8.130,0.000,0,0,0.000,0.000,0,0,0,0,0.314,0.612,0.074,1,0,0,latency-pressure-freshness-hold,0,0,0,async-output-pending,0,,0,0,0.000,0.000,0,,0.000,0.000,0.000,0.000,0,0,0,,0,0,0,0.000,1,0,0.690,0.187,0.502,0.000,0.000,0.000,0.000,0,0,1,1,1,0,0,1,1,0,0,0,1.000,0.000,0.000,27,0,0.000,0,0,0,0.000,0.000,0.000,0.000,0.000,0.000,0.000,0.000,24.088,0,0,0,0,0,0,0,0,0.000,0.000,0.000,0.000,0.000,0.000,0,0.117,18.540,668,681,3020,9.539,195.533,6.973,195.533,20562.049,548,1,H.264,147.144,0,0,194.542,195.567,1.000,151.007,146.143,arrival-gap-jitter-spike,11668.686,0,1,1,1,1,32230.735,423.910,425.630,426.293,426.293,0,0,23,0,0,23,2,latency-pressure freshness,latency-over-80ms,124.848,165.383,859,1,decoded,0,0,0,0,0,0,0,0,0,0,,97.416,0.000,97.928,0.000,0.000,0.000,127.791,stale-before-upload,0.001,869,0.000,102.760,5.410,0.096,0.314,0.001,0.000,0.313,1,0,0,1,3,0.062,20.491,18.540,39.528,18.540,1.000,Jitter,0,1,0,0.500,2,1,1,1,0.060,0.000,0.060,0,100,0,24886,23376,1480,0,1450
33.234,Custom_loss6_delay0-100_dup0_reorder6_burst0,Loopback,1,1,0,,,0.000,0,21,894,23.148,22.430,22.838,80.561,101.891,69.319,56.561,8.175,0.062,0.207,24025,1589,22533,20944,3557,1952,355,1204,902,302,46,0,20944,735,192,0,0,0,0,5.000,0,0,0,0,0,0,0,0,0,0,0,0,0,0,0,0.000,0.000,0.000,,701,701,3114,0,1,50.342,194.542,51.375,195.567,0.000,0.000,688,677,11893,1037,161,0,2374,3439,896,1,fec-recovered,pending,H.264,1,1,22,20,2,6,5,2,7,22,2,0,25557,8,25606,1,0,0,0,85.119,333,355,302,296,302,0,61.011,24.995,168.971,3,0,993,78,1071,0,359,36,0.484,0.516,0.927,1.000,0.091,35.000,0.308,0.615,0.300,retransmit-late,2,4,0,0,2,4,2374,18428,0,0,0,0,18428,predicted-useful,fec-grace,3907,0.455,344,1071,0,3,0,0,0,0,0,0,0,337,4292,337,4292,0,0,0,pacing,1,0.676,5.538,113.538,0,0,0,0,0,0,0,0,4295,2774,3183,1,1,9500000,1200000,13,0,13,25606,25593,31547313,1071,1332324,78,97032,0,0,0,0,0,0.700,39.122,5813.188,4800.000,1311,46552,24024,10433,22528,12095,0.303,44.194,0.000,1311,5588718,8411576,0.906,46.248,0.432,19.051,46552,2374,719,18428,2371,0,3,158,158,289,158,0,0,1,0,4,4192,3439,3439,0,0,0,0,0,,disabled,,0,0,0,0,,1,Fixed Quality,Hybrid,85,30,9500,12000,640,360,H.264,480,270,518400,26094,518400,26094,0.050,0.000,,0,0,0.000,1.999,0.000,0.000,0.061,7000,6250,6250,26,26,0,1,9500,0.957,1,3.805,0.000,0,0,0.000,0.000,0,0,0,0,0.311,0.616,0.073,1,0,0,fixed-pacing-queue-hold,22,1,1,decoder-sync-observed,0,,0,0,0.036,21.974,0,,0.000,0.000,0.000,0.000,0,0,0,,0,0,0,6.233,0,898,0.061,0.000,0.000,0.061,0.000,0.040,0.006,1,1,1,1,0,1,1,0,0,0,0,0,1.000,0.000,0.000,24,0,0.000,0,0,0,0.000,0.000,0.000,0.000,0.000,0.000,0.000,1.908,10.108,0,0,0,0,0,0,0,0,0.000,0.000,0.000,0.000,0.000,0.000,0,0.091,22.430,688,701,3114,51.351,195.533,6.973,195.533,20562.049,548,1,H.264,147.144,0,0,194.542,195.567,1.000,151.007,146.143,arrival-gap-jitter-spike,12672.523,0,1,1,1,1,33234.572,423.910,425.630,426.293,426.293,0,0,23,0,0,23,0,,,124.848,165.383,859,1,decoded,0,0,0,0,0,0,0,0,0,0,,96.966,0.000,99.589,0.000,0.000,0.000,120.281,stale-before-upload,0.001,894,0.000,104.088,4.371,0.074,0.850,0.617,0.000,0.233,1,0,0,1,3,0.062,23.148,22.430,8.175,22.838,3.000,FrameFreshness,0,1,0,1.500,2,3,3,1,0.060,0.000,0.060,0,100,0,25626,24064,1528,0,1485
34.241,Custom_loss6_delay0-100_dup0_reorder6_burst0,Loopback,1,1,0,,,0.000,0,21,922,28.060,24.261,24.956,93.764,102.000,55.501,56.523,5.711,0.063,0.203,24757,1654,23246,21592,3668,2008,367,1247,929,318,46,0,21592,762,194,0,0,0,0,5.000,0,0,0,0,0,0,0,0,0,0,0,0,0,0,0,0.000,0.000,0.000,,727,727,3207,0,1,40.285,194.542,41.348,195.567,0.000,0.000,714,702,12264,1080,162,0,2447,3537,923,1,fec-parity,pending,H.264,1,1,23,5,18,1,0,1,0,18,0,0,26378,18,0,0,0,0,0,54.624,352,367,318,312,318,0,61.193,25.105,168.971,3,0,1040,84,1124,0,380,36,0.490,0.510,0.925,1.000,0.087,45.000,0.000,1.000,0.000,stable,2,4,0,0,2,4,2447,19036,0,0,0,0,19036,predicted-useful,fec-grace,4031,0.913,361,1124,0,3,0,0,0,0,0,0,0,354,4528,354,4528,0,0,0,pacing,1,0.835,10.121,118.121,0,0,0,0,0,0,0,0,4531,2854,3282,1,1,9500000,1200000,0,0,0,26390,26390,32531631,1124,1398256,82,102008,0,0,0,0,0,0.112,39.122,6854.188,1013.450,1351,47989,24749,10813,23240,12427,0.304,18.540,4.634,1351,4392238,7439652,1.939,34.235,0.502,18.203,47989,2447,746,19036,2444,0,3,159,159,290,159,0,0,1,0,4,4317,3537,3537,0,0,0,0,0,,disabled,,0,0,0,0,,1,Fixed Quality,Hybrid,85,30,9500,12000,640,360,H.264,480,270,518400,27136,518400,27136,0.052,0.000,,0,0,0.000,1.925,0.000,0.000,0.067,7000,6500,6500,27,27,0,1,9500,0.986,1,6.742,0.000,0,0,0.000,0.000,0,0,0,0,0.313,0.612,0.075,1,0,0,fixed-pacing-queue-hold,23,1,1,decoder-sync-observed,0,,0,0,14.027,22.851,0,,0.000,0.000,0.000,0.000,0,0,0,,0,0,0,6.494,0,924,0.066,0.000,0.000,0.066,0.000,0.044,0.008,1,1,1,1,0,1,1,0,0,0,0,0,1.000,0.000,0.000,24,0,0.000,0,0,0,0.000,0.000,0.000,0.000,0.000,0.000,0.000,1.828,10.460,0,0,0,0,0,0,0,0,0.000,0.000,0.000,0.000,0.000,0.000,0,0.085,24.260,714,727,3207,41.267,195.533,6.973,195.533,20562.049,548,1,H.264,147.144,0,0,194.542,195.567,1.000,151.007,146.143,arrival-gap-jitter-spike,13679.109,0,1,1,1,1,34241.158,423.910,425.630,426.293,426.293,0,0,24,0,0,24,1,latency-pressure freshness,latency-over-80ms,150.072,165.383,895,1,decoded,0,0,0,0,0,0,0,0,0,0,,100.710,0.000,103.402,0.000,0.000,0.000,126.882,stale-before-upload,0.001,922,0.000,108.442,4.939,0.084,0.833,0.499,0.000,0.334,1,0,0,1,3,0.063,28.060,24.261,5.711,24.956,3.000,FrameFreshness,0,1,0,0.000,2,1,1,1,0.060,0.000,0.060,0,100,0,26424,24797,1581,0,1538
35.247,Custom_loss6_delay0-100_dup0_reorder6_burst0,Loopback,1,1,0,,,0.000,0,21,951,24.125,23.531,23.179,93.638,101.942,104.031,58.162,22.008,0.062,0.201,25600,1698,24021,22323,3786,2065,382,1290,963,327,49,0,22323,787,198,0,0,0,0,5.000,0,0,0,0,0,0,0,0,0,0,0,0,0,0,0,0.000,0.000,0.000,,752,752,3298,0,1,18.393,194.542,19.442,195.567,0.000,0.000,739,726,12664,1114,167,0,2525,3654,952,1,fec-recovered,pending,H.264,1,1,24,17,7,4,3,1,4,14,0,0,27241,2,0,0,0,0,0,53.722,363,382,327,321,327,0,61.343,24.768,168.971,4,0,1076,81,1157,0,392,36,0.487,0.513,0.930,1.000,0.084,44.000,0.000,1.000,0.000,insufficient-sample,2,4,0,0,2,4,2525,19666,0,0,0,0,19666,predicted-useful,fec-grace,4160,0.000,372,1157,0,3,0,0,0,0,0,0,0,365,4685,365,4685,0,0,0,pacing,1,0.792,7.614,115.614,0,0,0,0,0,0,0,0,4688,2946,3387,0,1,9500000,1200000,11,0,11,27297,27286,33633985,1157,1439308,84,104496,0,0,0,0,0,0.618,39.122,1016.500,4800.000,1396,49614,25593,11148,24021,12873,0.303,1.737,0.888,1396,6838666,11499053,1.848,37.094,0.464,12.640,49614,2525,771,19666,2522,0,3,163,163,296,163,0,0,1,0,4,4457,3654,3654,0,0,0,0,0,,disabled,,0,0,0,0,,1,Fixed Quality,Hybrid,85,30,9500,12000,640,360,H.264,480,270,518400,28178,518400,28178,0.054,0.000,,0,0,0.000,2.077,0.000,0.000,0.102,7250,6750,6750,28,28,0,1,9500,1.000,0,14.707,0.000,0,0,0.000,0.000,0,0,0,0,1.000,0.000,0.000,1,0,0,disabled,24,1,1,decoder-sync-observed,0,,0,0,16.969,23.729,0,,0.000,0.000,0.000,0.000,0,0,0,,0,0,0,6.537,0,954,0.102,0.000,0.000,0.102,0.000,0.080,0.007,1,1,1,1,0,1,1,0,0,0,0,0,1.000,0.000,0.000,30,0,0.000,0,0,0,0.000,0.000,0.000,0.000,0.000,0.000,0.000,1.935,10.430,0,0,0,0,0,0,0,0,0.000,0.000,0.000,0.000,0.000,0.000,0,0.107,23.531,739,752,3298,19.623,195.533,6.973,195.533,20562.049,548,1,H.264,147.144,0,0,194.542,195.567,1.000,151.007,146.143,arrival-gap-jitter-spike,14685.464,0,1,1,1,1,35247.513,423.910,425.630,426.293,426.293,0,0,24,0,0,24,0,,,150.072,165.383,895,1,decoded,0,0,0,0,0,0,0,0,0,0,,102.359,0.000,105.172,6.452,0.000,104.284,126.819,stale-before-upload,0.001,950,0.000,111.761,4.555,0.082,0.248,0.001,0.000,0.247,1,0,0,1,3,0.062,24.125,23.531,22.008,23.179,3.000,FrameFreshness,0,1,0,3.000,1,3,3,1,0.060,0.000,0.060,0,100,0,27321,25641,1629,0,1579
36.248,Custom_loss6_delay0-100_dup0_reorder6_burst0,Loopback,1,1,0,,,0.000,0,21,980,23.673,22.847,22.805,85.274,102.012,26.786,57.116,41.053,0.062,0.202,26472,1751,24848,23097,3907,2148,389,1318,983,335,52,0,23097,809,205,0,0,0,0,5.000,0,0,0,0,0,0,0,0,0,0,0,0,0,0,0,0.000,0.000,0.000,,774,774,3390,0,1,0.138,194.542,1.188,195.567,0.000,0.000,761,748,13082,1144,174,0,2612,3780,981,1,fec-recovered,pending,H.264,1,1,24,22,2,5,5,3,10,33,0,0,28143,7,0,0,0,0,0,98.098,369,389,335,329,335,0,61.407,24.658,168.971,4,0,1097,83,1180,0,400,37,0.487,0.513,0.930,1.000,0.085,40.000,0.333,0.667,0.500,retransmit-late,2,4,0,0,2,4,2612,20384,0,0,0,0,20384,predicted-useful,fec-grace,4294,0.333,379,1180,0,3,0,0,0,0,0,0,0,372,4781,372,4781,0,0,0,pacing,1,0.705,4.444,112.444,0,0,0,0,0,0,0,0,4784,3051,3501,1,1,9500000,1200000,0,0,0,28191,28191,34742456,1180,1467920,87,108228,0,0,0,0,0,0.027,39.122,15490.875,4800.000,1443,51302,26454,11531,24848,13317,0.304,4.407,1.215,1443,5805574,9267091,1.714,14.226,0.480,13.333,51302,2612,793,20384,2609,0,3,170,170,307,170,0,0,1,0,4,4612,3780,3780,0,0,0,0,0,,disabled,,0,0,0,0,,1,Fixed Quality,Hybrid,85,30,9500,12000,640,360,H.264,480,270,518400,1083,518400,1083,0.002,0.000,,0,0,0.000,0.220,0.000,0.000,0.064,6250,6250,6250,29,29,0,1,9500,0.880,1,11.073,0.000,0,0,0.000,0.000,0,0,0,0,0.313,0.617,0.070,1,0,0,latency-pressure-freshness-hold,1,1,1,decoder-sync-observed,0,,0,0,14.505,0.912,0,,0.000,0.000,0.000,0.000,0,0,0,,0,0,0,4.709,0,984,0.064,0.000,0.000,0.064,0.000,0.043,0.002,1,1,1,1,0,1,1,0,0,0,0,0,1.000,0.000,0.000,27,0,0.000,0,0,0,0.000,0.000,0.000,0.000,0.000,0.000,0.000,0.121,10.303,0,0,0,0,0,0,0,0,0.000,0.000,0.000,0.000,0.000,0.000,0,0.095,22.847,761,774,3390,1.129,195.533,6.973,195.533,20562.049,548,1,H.264,147.144,0,0,194.542,195.567,1.000,151.007,146.143,arrival-gap-jitter-spike,15685.920,0,1,1,1,1,36247.969,423.910,425.630,426.293,426.293,0,0,25,0,0,25,1,latency-pressure freshness,latency-over-80ms,134.884,165.383,979,1,decoded,0,0,0,0,0,0,0,0,0,0,,105.371,0.000,108.314,0.000,0.000,0.000,127.637,stale-before-upload,0.001,980,0.000,110.586,5.425,0.073,0.535,0.234,0.000,0.302,1,0,0,1,3,0.062,23.673,22.847,41.053,22.805,3.000,FrameFreshness,0,1,0,1.000,1,1,1,1,0.060,0.000,0.060,0,100,0,28227,26514,1687,0,1624
37.249,Custom_loss6_delay0-100_dup0_reorder6_burst0,Loopback,1,1,0,,,0.000,0,21,1006,20.044,26.874,24.987,107.248,101.931,55.742,57.071,12.305,0.063,0.202,27133,1824,25478,23654,4003,2209,400,1341,1001,340,53,0,23654,831,210,0,0,0,0,5.000,0,0,0,0,0,0,0,0,0,0,0,0,0,0,0,0.000,0.000,0.000,,795,795,3485,0,1,36.525,194.542,37.585,195.567,0.000,0.000,781,768,13433,1171,178,0,2679,3889,1008,1,retransmit-duplicate,pending,H.264,1,1,22,13,9,4,2,2,4,24,1,1,28905,0,28905,0,28905,0,1,77.150,378,400,340,333,340,0,61.259,24.734,168.971,4,0,1122,86,1208,0,406,37,0.486,0.514,0.929,1.000,0.084,45.000,0.250,0.750,0.000,duplicate-guard,2,4,0,0,2,4,2679,20913,0,0,0,0,20913,predicted-useful,fec-grace,4403,0.409,387,1208,0,3,0,0,0,0,0,0,0,379,4870,379,4870,0,0,0,pacing,1,0.745,9.269,117.269,0,0,0,0,0,0,0,0,4873,3128,3588,1,1,9500000,1200000,1,0,1,28927,28926,35649894,1208,1502752,90,111960,0,0,0,0,0,8.244,39.122,877.188,4800.000,1480,52598,27126,11869,25472,13603,0.304,21.977,0.029,1480,4554890,6951789,1.366,17.172,0.532,13.672,52598,2679,814,20913,2676,0,3,174,174,314,174,0,0,1,0,4,4736,3889,3889,0,0,0,0,0,,disabled,,0,0,0,0,,1,Fixed Quality,Hybrid,85,30,9500,12000,640,360,H.264,480,270,518400,26096,518400,26096,0.050,0.000,,0,0,0.000,1.941,0.000,0.000,0.066,6250,6250,6250,29,29,0,1,9500,0.880,1,8.244,0.000,0,0,0.000,0.000,0,0,0,0,0.313,0.616,0.071,1,0,0,latency-pressure-freshness-hold,22,1,1,decoder-sync-observed,0,,0,0,10.548,21.976,0,,0.000,0.000,0.000,0.000,0,0,0,,0,0,0,5.849,0,1010,0.066,0.000,0.000,0.066,0.000,0.042,0.008,1,1,1,1,0,1,1,0,0,0,0,0,1.000,0.000,0.000,27,0,0.000,0,0,0,0.000,0.000,0.000,0.000,0.000,0.000,0.000,1.844,10.128,0,0,0,0,0,0,0,0,0.000,0.000,0.000,0.000,0.000,0.000,0,0.095,26.874,781,795,3485,37.599,195.533,6.973,195.533,20562.049,548,1,H.264,147.144,0,0,194.542,195.567,1.000,151.007,146.143,arrival-gap-jitter-spike,16687.667,0,1,1,1,1,37249.716,423.910,425.630,426.293,426.293,0,0,26,0,0,26,1,latency-pressure freshness,latency-over-80ms,148.185,165.383,1004,1,H.264,0,0,0,0,0,0,0,0,0,0,,110.211,0.000,106.941,0.000,0.000,0.000,133.624,stale-before-decode,0.001,1006,0.000,112.515,5.466,0.076,0.219,0.001,0.000,0.218,1,0,0,1,3,0.063,20.044,26.874,12.305,24.987,3.000,FrameFreshness,0,1,0,0.000,3,2,2,1,0.060,0.000,0.060,0,100,0,28963,27178,1739,0,1653
38.256,Custom_loss6_delay0-100_dup0_reorder6_burst0,Loopback,1,1,0,,,0.000,0,21,1034,23.640,22.806,22.756,109.555,102.031,47.589,56.775,9.613,0.063,0.202,27855,1863,26143,24280,4113,2278,408,1373,1029,344,54,0,24280,853,216,0,0,0,0,5.000,0,0,0,0,0,0,0,0,0,0,0,0,0,0,0,0.000,0.000,0.000,,817,817,3580,0,1,31.747,194.542,32.688,195.567,0.000,0.000,803,789,13814,1197,185,0,2752,4010,1035,1,nack-sent,pending,H.264,1,1,22,14,8,3,2,2,8,26,0,0,29672,14,0,0,0,0,0,66.970,386,408,344,337,344,0,61.289,24.705,168.971,5,0,1143,86,1229,0,413,40,0.486,0.514,0.930,1.000,0.088,45.000,0.500,0.500,0.000,duplicate-guard,2,4,0,0,2,4,2752,21481,0,0,0,0,21481,predicted-useful,fec-grace,4521,0.364,394,1229,0,3,0,0,0,0,0,0,0,386,4967,386,4967,0,0,0,pacing,1,0.746,6.219,114.219,0,0,0,0,0,0,0,0,4970,3215,3684,1,1,9500000,1200000,1,0,1,29704,29703,36609554,1229,1528876,90,111960,0,0,0,0,0,7.517,39.122,150.062,4800.000,1520,53994,27851,12209,26143,13934,0.305,10.928,2.028,1520,5045335,7781170,1.699,12.107,0.489,11.927,53994,2752,836,21481,2749,0,3,180,180,323,180,0,0,1,0,4,4874,4010,4010,0,0,0,0,0,,disabled,,0,0,0,0,,1,Fixed Quality,Hybrid,85,30,9500,12000,640,360,H.264,480,270,518400,26094,518400,26094,0.050,0.000,,0,0,0.000,2.061,0.000,0.000,0.061,6250,6250,6250,29,29,0,1,9500,0.880,1,11.308,0.000,0,0,0.000,0.000,0,0,0,0,0.314,0.616,0.070,1,0,0,latency-pressure-freshness-hold,22,1,1,decoder-sync-observed,0,,0,0,14.843,21.974,0,,0.000,0.000,0.000,0.000,0,0,0,,0,0,0,4.148,0,1037,0.061,0.000,0.000,0.060,0.000,0.040,0.007,1,1,1,1,0,1,1,0,0,0,0,0,1.000,0.000,0.000,27,0,0.000,0,0,0,0.000,0.000,0.000,0.000,0.000,0.000,0.000,1.972,8.082,0,0,0,0,0,0,0,0,0.000,0.000,0.000,0.000,0.000,0.000,0,0.095,22.806,803,817,3580,32.874,195.533,6.973,195.533,20562.049,548,1,H.264,147.144,0,0,194.542,195.567,1.000,151.007,146.143,arrival-gap-jitter-spike,17693.899,0,1,1,1,1,38255.948,423.910,425.630,426.293,426.293,0,0,27,0,0,27,1,latency-pressure freshness,latency-over-80ms,145.177,165.383,1026,1,decoded,0,0,0,0,0,0,0,0,0,0,,109.480,0.000,112.169,0.000,0.000,0.000,134.778,stale-before-upload,0.001,1034,0.000,115.333,4.671,0.085,0.220,0.001,0.000,0.220,1,0,0,1,3,0.063,23.640,22.806,9.613,22.756,3.000,FrameFreshness,0,1,0,0.000,1,1,1,1,0.060,0.000,0.060,0,100,0,29741,27899,1788,0,1707
39.262,Custom_loss6_delay0-100_dup0_reorder6_burst0,Loopback,1,1,0,,,0.000,0,21,1060,18.225,18.731,23.817,99.101,102.067,33.574,56.072,37.925,0.063,0.203,28581,1931,26836,24905,4205,2344,412,1394,1046,348,55,0,24905,873,222,0,0,0,0,5.000,0,0,0,0,0,0,0,0,0,0,0,0,0,0,0,0.000,0.000,0.000,,837,837,3680,0,1,15.868,194.542,16.944,195.567,0.000,0.000,823,809,14184,1221,191,0,2829,4124,1062,1,nack-sent,pending,H.264,1,1,23,12,11,4,1,2,3,26,0,0,30455,16,0,0,0,0,0,64.676,391,412,348,341,348,0,61.372,24.787,168.971,5,0,1156,91,1247,0,418,40,0.487,0.513,0.927,1.000,0.087,43.000,0.500,0.500,0.000,stable,2,4,0,0,2,4,2829,22054,0,0,0,0,22054,predicted-useful,fec-grace,4641,0.130,400,1247,0,3,0,0,0,0,0,0,0,392,5043,392,5043,0,0,0,pacing,1,0.726,12.758,120.758,0,0,0,0,0,0,0,0,5046,3308,3785,1,1,9500000,1200000,7,0,7,30490,30483,37571718,1247,1551268,90,111960,0,0,0,0,0,4.620,39.122,454.562,4144.950,1560,55388,28566,12499,26822,14323,0.304,17.979,0.028,1560,5672980,8949542,0.752,6.883,0.494,19.856,55388,2829,856,22054,2826,0,3,186,186,335,186,0,0,1,0,4,5014,4124,4124,0,0,0,0,0,,disabled,,0,0,0,0,,1,Fixed Quality,Hybrid,85,30,9500,12000,640,360,H.264,480,270,518400,27138,518400,27138,0.052,0.000,,0,0,0.000,1.909,0.000,0.000,0.065,7250,6500,6500,30,30,0,1,9500,1.000,0,4.620,0.000,0,0,0.000,0.000,0,0,0,0,0.314,0.613,0.073,1,0,0,disabled,23,1,1,decoder-sync-observed,0,,0,0,0.072,22.853,0,,0.000,0.000,0.000,0.000,0,0,0,,0,0,0,3.413,0,1064,0.065,0.000,0.000,0.064,0.000,0.042,0.009,1,1,1,1,0,1,1,0,0,0,0,0,1.000,0.000,0.000,30,0,0.000,0,0,0,0.000,0.000,0.000,0.000,0.000,0.000,0.000,1.817,7.333,0,0,0,0,0,0,0,0,0.000,0.000,0.000,0.000,0.000,0.000,0,0.095,18.731,823,837,3680,17.121,195.533,6.973,195.533,20562.049,548,1,H.264,147.144,0,0,194.542,195.567,1.000,151.007,146.143,arrival-gap-jitter-spike,18699.940,0,1,1,1,1,39261.989,423.910,425.630,426.293,426.293,0,0,27,0,0,27,0,,,145.177,165.383,1026,1,decoded,0,0,0,0,0,0,0,0,0,0,,103.501,0.000,106.248,0.000,0.000,0.000,134.550,stale-before-upload,0.001,1060,0.000,110.672,4.302,0.074,0.771,0.447,0.000,0.324,1,0,0,1,3,0.063,18.225,18.731,37.925,23.817,3.000,FrameFreshness,0,1,0,0.000,1,2,2,1,0.060,0.000,0.060,0,100,0,30522,28630,1843,0,1750
40.263,Custom_loss6_delay0-100_dup0_reorder6_burst0,Loopback,1,1,0,,,0.000,0,21,1089,24.316,24.645,23.908,99.952,102.083,69.088,56.455,22.546,0.063,0.202,29424,1971,27608,25637,4326,2409,421,1439,1082,357,57,0,25637,898,228,0,0,0,0,5.000,0,0,0,0,0,0,0,0,0,0,0,0,0,0,0,0.000,0.000,0.000,,860,860,3780,0,1,17.526,194.542,18.579,195.567,0.000,0.000,846,832,14582,1255,195,0,2910,4244,1091,1,fec-recovered,pending,H.264,1,1,24,22,2,4,3,2,6,18,0,0,31346,23,0,0,0,0,0,77.308,403,421,357,350,357,0,61.745,24.454,168.971,5,0,1186,91,1277,0,434,40,0.489,0.511,0.929,1.000,0.084,45.000,0.600,0.400,0.000,duplicate-guard,2,4,0,0,2,4,2910,22622,0,0,0,0,22622,predicted-useful,fec-grace,4772,0.083,410,1277,0,3,0,0,0,0,0,0,0,402,5177,402,5177,0,0,0,pacing,1,0.680,13.535,121.535,0,0,0,0,0,0,0,0,5180,3401,3890,1,1,9500000,1200000,0,0,0,31373,31373,38664762,1277,1588588,90,111960,0,0,0,0,0,15.160,39.122,5662.000,4800.000,1605,57014,29412,12870,27602,14732,0.304,18.327,5.199,1605,5693041,9016906,2.375,12.609,0.467,16.244,57014,2910,881,22622,2907,0,3,190,190,342,190,0,0,1,0,4,5152,4244,4244,0,0,0,0,0,,disabled,,0,0,0,0,,1,Fixed Quality,Hybrid,85,30,9500,12000,640,360,H.264,480,270,518400,28178,518400,28178,0.054,0.000,,0,0,0.000,1.947,0.000,0.000,0.063,7250,6750,6750,31,31,0,1,9500,1.000,0,15.160,0.000,0,0,0.000,0.000,0,0,0,0,0.316,0.613,0.071,1,0,0,disabled,24,1,1,decoder-sync-observed,0,,0,0,18.075,23.729,0,,0.000,0.000,0.000,0.000,0,0,0,,0,0,0,4.205,0,1093,0.063,0.000,0.000,0.063,0.000,0.041,0.009,1,1,1,1,0,1,1,0,0,0,0,0,1.000,0.000,0.000,30,0,0.000,0,0,0,0.000,0.000,0.000,0.000,0.000,0.000,0.000,1.856,8.299,0,0,0,0,0,0,0,0,0.000,0.000,0.000,0.000,0.000,0.000,0,0.091,24.645,846,860,3780,18.678,195.533,6.973,195.533,20562.049,548,1,H.264,147.144,0,0,194.542,195.567,1.000,151.007,146.143,arrival-gap-jitter-spike,19700.707,0,1,1,1,1,40262.756,423.910,425.630,426.293,426.293,0,0,27,0,0,27,0,,,145.177,165.383,1026,1,decoded,0,0,0,0,0,0,0,0,0,0,,104.789,0.000,107.654,0.000,0.000,0.000,129.976,stale-before-upload,0.001,1089,0.000,112.140,4.350,0.077,0.696,0.464,0.000,0.233,1,0,0,1,3,0.063,24.316,24.645,22.546,23.908,3.000,FrameFreshness,0,1,0,1.000,0,3,3,1,0.060,0.000,0.060,0,100,0,31413,29473,1894,0,1799
41.268,Custom_loss6_delay0-100_dup0_reorder6_burst0,Loopback,1,1,0,,,0.000,0,21,1119,25.773,22.541,22.041,98.361,102.194,41.933,56.040,15.772,0.063,0.203,30191,2025,28337,26312,4423,2469,433,1461,1103,358,60,0,26312,921,235,0,0,0,0,5.000,0,0,0,0,0,0,0,0,0,0,0,0,0,0,0,0.000,0.000,0.000,,883,883,3874,0,1,32.752,194.542,33.712,195.567,0.000,0.000,868,854,14951,1279,202,0,2984,4349,1120,1,retransmit-duplicate,pending,H.264,1,1,22,18,4,4,1,2,5,16,2,2,32168,3,32168,3,32168,3,1,73.591,408,433,358,351,358,0,61.701,24.419,168.971,5,0,1204,95,1299,0,437,41,0.485,0.515,0.927,1.000,0.086,44.000,0.000,0.000,0.000,insufficient-sample,2,4,0,0,2,4,2984,23145,0,0,0,0,23145,predicted-useful,fec-grace,4891,0.273,416,1299,0,3,0,0,0,0,0,0,0,408,5267,408,5267,0,0,0,pacing,1,0.779,6.859,114.859,0,0,0,0,0,0,0,0,5270,3489,3986,1,1,9500000,1200000,2,0,2,32190,32188,39666313,1299,1615956,94,116936,0,0,0,0,0,7.626,39.122,1088.938,4800.000,1647,58524,30187,13235,28337,15102,0.305,47.563,0.893,1647,4992428,8437348,0.672,4.656,0.514,22.955,58524,2984,903,23145,2981,0,3,197,197,353,197,0,0,1,0,4,5294,4349,4349,0,0,0,0,0,,disabled,,0,0,0,0,,1,Fixed Quality,Hybrid,85,30,9500,12000,640,360,H.264,480,270,518400,26096,518400,26096,0.050,0.000,,0,0,0.000,2.058,0.000,0.000,0.067,6000,6250,6250,32,32,0,1,9500,0.820,1,10.004,0.000,0,0,0.000,0.000,0,0,0,0,0.000,1.000,0.000,1,0,0,latency-pressure-freshness-hold,22,1,1,decoder-sync-observed,0,,0,0,15.228,21.976,0,,0.000,0.000,0.000,0.000,0,0,0,,0,0,0,3.399,0,1122,0.067,0.000,0.000,0.066,0.000,0.044,0.007,1,1,1,1,0,1,1,0,0,0,0,0,1.000,0.000,0.000,27,0,0.000,0,0,0,0.000,0.000,0.000,0.000,0.000,0.000,0.000,1.788,7.519,0,0,0,0,0,0,0,0,0.000,0.000,0.000,0.000,0.000,0.000,0,0.092,22.541,868,883,3874,33.655,195.533,6.973,195.533,20562.049,548,1,H.264,147.144,0,0,194.542,195.567,1.000,151.007,146.143,arrival-gap-jitter-spike,20706.481,0,1,1,1,1,41268.530,423.910,425.630,426.293,426.293,0,0,28,0,0,28,1,latency-pressure freshness,latency-over-80ms,156.492,165.383,1103,1,H.264,0,0,0,0,0,0,0,0,0,0,,102.897,0.000,104.954,0.000,0.000,0.000,129.180,stale-before-decode,0.001,1119,0.000,110.403,5.306,0.084,0.548,0.332,0.000,0.216,1,0,0,1,3,0.063,25.773,22.541,15.772,22.041,3.000,FrameFreshness,0,1,0,0.000,1,1,1,1,0.060,0.000,0.060,0,100,0,32229,30239,1941,0,1843
42.269,Custom_loss6_delay0-100_dup0_reorder6_burst0,Loopback,1,1,0,,,0.000,0,21,1144,25.650,24.887,25.658,101.808,102.132,35.550,55.471,2.629,0.063,0.201,30913,2068,28997,26929,4530,2523,446,1501,1133,368,60,0,26929,944,237,0,0,0,0,5.000,0,0,0,0,0,0,0,0,0,0,0,0,0,0,0,0.000,0.000,0.000,,906,906,3967,0,1,40.624,194.542,41.615,195.567,0.000,0.000,891,877,15312,1312,204,0,3056,4446,1147,1,fec-parity,pending,H.264,1,1,23,8,15,4,0,1,0,15,0,0,32946,8,0,0,0,0,0,46.174,419,446,368,361,368,0,61.566,24.285,168.971,5,0,1238,97,1335,0,445,42,0.484,0.516,0.927,1.000,0.086,45.000,0.455,0.545,0.000,duplicate-guard,2,4,0,0,2,4,3056,23674,0,0,0,0,23674,predicted-useful,fec-grace,5008,0.652,428,1335,0,3,0,0,0,0,0,0,0,420,5407,420,5407,0,0,0,pacing,1,0.662,6.546,114.546,0,0,0,0,0,0,0,0,5410,3568,4079,1,1,9500000,1200000,10,0,10,32957,32947,40604049,1335,1660740,94,116936,0,0,0,0,0,0.673,39.122,1078.250,1106.400,1686,59885,30904,13609,28981,15372,0.306,40.263,0.000,1686,4317827,7015978,1.600,2.448,0.460,14.859,59885,3056,926,23674,3053,0,3,199,199,361,199,0,0,1,0,4,5427,4446,4446,0,0,0,0,0,,disabled,,0,0,0,0,,1,Fixed Quality,Hybrid,85,30,9500,12000,640,360,H.264,480,270,518400,27136,518400,27136,0.052,0.000,,0,0,0.000,2.012,0.000,0.000,0.068,7000,6500,6500,33,33,0,1,9500,0.988,1,8.075,0.000,0,0,3.453,0.000,3732,0,0,0,0.000,0.000,1.000,1,0,0,fixed-pacing-queue-hold,23,1,1,decoder-sync-observed,0,,0,0,11.745,22.851,0,,0.000,0.000,0.000,0.000,0,0,0,,0,0,0,5.267,0,1148,0.068,0.000,0.000,0.067,0.000,0.045,0.008,1,1,1,1,0,1,1,0,0,0,1,0,0.860,101.092,0.000,24,0,0.000,0,0,0,0.000,0.000,0.000,0.000,0.000,0.000,0.000,1.913,9.101,0,0,0,0,0,0,0,0,0.000,0.000,0.000,0.000,0.000,0.000,0,0.093,24.886,891,906,3967,41.716,195.533,6.973,195.533,20562.049,548,1,H.264,147.144,0,0,194.542,195.567,1.000,151.007,146.143,arrival-gap-jitter-spike,21706.870,0,1,1,1,1,42268.919,423.910,425.630,426.293,426.293,0,0,28,0,0,28,0,,,156.492,165.383,1103,1,H.264,0,0,0,0,0,0,0,0,0,0,,97.931,0.000,100.744,0.000,0.000,0.000,130.904,stale-before-decode,0.001,1144,0.000,106.759,5.874,0.077,0.814,0.585,0.000,0.230,1,0,0,1,3,0.063,25.650,24.887,2.629,25.658,3.000,FrameFreshness,0,1,0,0.000,0,1,1,1,0.060,0.000,0.060,0,100,0,32989,30966,1983,0,1871
43.269,Custom_loss6_delay0-100_dup0_reorder6_burst0,Loopback,1,1,0,,,0.000,0,21,1173,20.373,21.115,20.041,101.787,102.243,22.248,54.573,7.223,0.063,0.202,31733,2122,29771,27649,4653,2593,465,1531,1158,373,64,0,27649,966,245,0,0,0,0,5.000,0,0,0,0,0,0,0,0,0,0,0,0,0,0,0,0.000,0.000,0.000,,927,927,4061,0,1,40.937,194.542,41.862,195.567,0.000,0.000,912,898,15725,1339,211,0,3137,4566,1174,1,fec-recovered,pending,H.264,1,1,24,24,0,4,3,3,7,16,0,0,33783,23,0,0,0,0,0,97.444,431,465,373,366,373,0,61.641,24.316,168.971,5,0,1274,96,1370,0,450,46,0.481,0.519,0.930,1.000,0.093,45.000,0.556,0.444,0.200,duplicate-guard,2,4,0,0,2,4,3137,24330,0,0,0,0,24330,predicted-useful,fec-grace,5138,0.375,439,1370,0,3,0,0,0,0,0,0,0,431,5574,431,5574,0,0,0,pacing,1,0.779,9.139,117.139,0,0,0,0,0,0,0,0,5577,3663,4187,1,1,9500000,1200000,3,0,3,33837,33833,41693357,1370,1704280,94,116936,0,0,0,0,0,7.965,39.122,550.938,4800.000,1731,61467,31712,13989,29755,15766,0.306,41.433,0.002,1731,5297081,8583231,0.788,-0.702,0.486,16.302,61467,3137,948,24330,3134,0,3,206,206,373,206,0,0,1,0,4,5574,4566,4566,0,0,0,0,0,,disabled,,0,0,0,0,,1,Fixed Quality,Hybrid,85,30,9500,12000,640,360,H.264,480,270,518400,28178,518400,28178,0.054,0.000,,0,0,0.000,2.091,0.000,0.000,0.062,7250,6750,6750,34,34,0,1,9500,1.000,0,11.748,0.000,0,0,0.000,0.000,0,0,0,0,0.315,0.615,0.070,1,0,0,disabled,24,1,1,decoder-sync-observed,0,,0,0,15.343,23.729,0,,0.000,0.000,0.000,0.000,0,0,0,,0,0,0,6.590,0,1177,0.061,0.000,0.000,0.061,0.000,0.039,0.008,1,1,1,1,0,1,1,0,0,0,0,0,1.000,0.000,0.000,30,0,0.000,0,0,0,0.000,0.000,0.000,0.000,0.000,0.000,0.000,2.000,10.405,0,0,0,0,0,0,0,0,0.000,0.000,0.000,0.000,0.000,0.000,0,0.087,21.115,912,927,4061,42.008,195.533,6.973,195.533,20562.049,548,1,H.264,147.144,0,0,194.542,195.567,1.000,151.007,146.143,arrival-gap-jitter-spike,22706.815,0,1,1,1,1,43268.864,423.910,425.630,426.293,426.293,0,0,28,0,0,28,0,,,156.492,165.383,1103,1,H.264,0,0,0,0,0,0,0,0,0,0,,103.419,0.000,106.209,0.000,0.000,0.000,130.894,stale-before-decode,0.001,1173,0.000,110.513,4.170,0.078,0.831,0.577,0.000,0.254,1,0,0,1,3,0.063,20.373,21.115,7.223,20.041,3.000,FrameFreshness,0,1,0,0.000,1,2,2,1,0.060,0.000,0.060,0,100,0,33877,31786,2040,0,1923
44.271,Custom_loss6_delay0-100_dup0_reorder6_burst0,Loopback,1,1,0,,,0.000,0,21,1203,27.659,23.687,25.663,102.103,102.279,48.779,54.420,4.619,0.062,0.201,32608,2169,30582,28413,4770,2663,476,1567,1188,379,64,0,28413,991,250,0,0,0,0,5.000,0,0,0,0,0,0,0,0,0,0,0,0,0,0,0,0.000,0.000,0.000,,952,952,4155,0,1,39.490,194.542,40.774,195.567,0.000,0.000,937,923,16147,1370,216,0,3222,4694,1205,1,fec-recovered,pending,H.264,1,1,24,19,5,5,4,2,5,22,0,0,34738,23,0,0,0,0,0,70.382,438,476,379,372,379,0,61.701,24.136,168.971,5,0,1298,96,1394,0,454,47,0.479,0.521,0.931,1.000,0.094,45.000,0.286,0.714,0.000,duplicate-guard,2,4,0,0,2,4,3222,25058,0,0,0,0,25058,predicted-useful,fec-grace,5277,0.250,447,1394,0,3,0,0,0,0,0,0,0,439,5696,439,5696,0,0,0,pacing,1,0.760,7.197,115.197,0,0,0,0,0,0,0,0,5699,3765,4299,1,1,9500000,1200000,11,0,11,34761,34750,42817479,1394,1734136,94,116936,0,0,0,0,0,0.764,39.122,1105.562,4800.000,1780,63157,32581,14319,30576,16257,0.305,7.692,1.679,1780,5589714,9409685,1.308,26.531,0.510,14.642,63157,3222,973,25058,3219,0,3,211,211,381,211,0,0,1,0,4,5729,4694,4694,0,0,0,0,0,,disabled,,0,0,0,0,,1,Fixed Quality,Hybrid,85,30,9500,12000,640,360,H.264,480,270,518400,28178,518400,28178,0.054,0.000,,0,0,0.000,2.347,0.000,0.000,0.071,7250,6750,6750,34,34,0,1,9500,1.000,0,10.951,0.000,0,0,0.000,0.000,0,0,0,0,0.314,0.617,0.069,1,0,0,disabled,24,1,1,decoder-sync-observed,0,,0,0,14.415,23.729,0,,0.000,0.000,0.000,0.000,0,0,0,,0,0,0,2.383,0,1207,0.070,0.000,0.000,0.070,0.000,0.046,0.009,1,1,1,1,0,1,1,0,0,0,1,0,0.860,69.766,0.000,26,0,0.000,0,0,0,0.000,0.000,0.000,0.000,0.000,0.000,0.000,2.245,7.402,0,0,0,0,0,0,0,0,0.000,0.000,0.000,0.000,0.000,0.000,0,0.094,23.687,937,952,4155,40.562,195.533,6.973,195.533,20562.049,548,1,H.264,147.144,0,0,194.542,195.567,1.000,151.007,146.143,arrival-gap-jitter-spike,23709.475,0,1,1,1,1,44271.524,423.910,425.630,426.293,426.293,0,0,28,0,0,28,0,,,156.492,165.383,1103,1,H.264,0,0,0,0,0,0,0,0,0,0,,101.023,0.000,103.956,0.000,0.000,0.000,131.052,stale-before-decode,0.001,1203,0.000,109.000,4.900,0.076,0.528,0.277,0.000,0.251,1,0,0,1,3,0.062,27.659,23.687,4.619,25.663,3.000,FrameFreshness,0,1,0,0.000,2,3,3,1,0.060,0.000,0.060,0,100,0,34794,32664,2093,0,1976
45.276,Custom_loss6_delay0-100_dup0_reorder6_burst0,Loopback,1,1,0,,,0.000,0,21,1233,23.219,23.962,23.712,99.447,102.262,81.392,55.112,6.549,0.063,0.201,33449,2240,31395,29155,4877,2726,487,1600,1212,388,64,0,29155,1016,255,0,0,0,0,5.000,0,0,0,0,0,0,0,0,0,0,0,0,0,0,0,0.000,0.000,0.000,,977,977,4249,0,1,48.466,194.542,49.618,195.567,0.000,0.000,962,948,16548,1404,221,0,3302,4811,1234,1,nack-sent,pending,H.264,1,1,24,13,11,3,2,2,3,26,0,0,35616,0,0,0,0,0,0,69.998,446,487,388,381,388,0,61.690,24.234,168.971,5,0,1326,98,1424,0,464,48,0.478,0.522,0.931,1.000,0.094,45.000,0.154,0.846,0.000,duplicate-guard,2,4,0,0,2,4,3302,25721,0,0,0,0,25721,predicted-useful,fec-grace,5408,0.375,457,1424,0,3,0,0,0,0,0,0,0,449,5833,449,5833,0,0,0,pacing,1,0.636,6.959,114.959,0,0,0,0,0,0,0,0,5836,3861,4407,1,1,9500000,1200000,0,0,0,35661,35661,43933531,1424,1771456,95,118180,0,0,0,0,0,18.134,39.122,9325.438,4800.000,1828,64843,33448,14689,31395,16706,0.305,24.687,2.427,1828,7323922,21873568,1.192,27.747,0.463,17.305,64843,3301,998,25710,3298,0,3,216,216,391,216,0,0,1,0,4,5875,4811,4811,0,0,0,0,0,,disabled,,0,0,0,0,,1,Fixed Quality,Hybrid,85,30,9500,12000,640,360,H.264,480,270,518400,28178,518400,28178,0.054,0.000,,0,0,0.000,1.956,0.000,0.000,0.064,7250,6750,6750,34,34,0,1,9500,1.000,0,25.598,0.000,0,0,0.000,0.000,0,0,0,0,0.313,0.618,0.069,1,0,0,disabled,24,1,1,decoder-sync-observed,0,,0,0,32.761,23.729,0,,0.000,0.000,0.000,0.000,0,0,0,,0,0,0,5.998,0,1236,0.064,0.000,0.000,0.063,0.000,0.042,0.006,1,1,1,1,0,1,1,0,0,0,0,0,1.000,0.000,0.000,30,0,0.000,0,0,0,0.000,0.000,0.000,0.000,0.000,0.000,0.000,1.832,20.865,0,0,0,0,0,0,0,0,0.000,0.000,0.000,0.000,0.000,0.000,0,0.091,23.963,962,977,4249,49.581,195.533,6.973,195.533,20562.049,548,1,H.264,147.144,0,0,194.542,195.567,1.000,151.007,146.143,arrival-gap-jitter-spike,24713.816,0,1,1,1,1,45275.865,423.910,425.630,426.293,426.293,0,0,28,0,0,28,0,,,156.492,165.383,1103,1,H.264,0,0,0,0,0,0,0,0,0,0,,99.566,0.000,102.640,0.000,0.000,0.000,129.724,stale-before-decode,0.001,1233,0.000,107.810,5.031,0.076,0.758,0.482,0.000,0.276,1,0,0,1,3,0.063,23.219,23.962,6.549,23.712,3.000,FrameFreshness,0,1,0,1.000,0,1,1,1,0.060,0.000,0.060,0,100,0,35706,33507,2150,0,2021
46.281,Custom_loss6_delay0-100_dup0_reorder6_burst0,Loopback,1,1,0,,,0.000,0,21,1263,24.749,19.254,17.337,94.205,102.283,97.661,56.176,26.860,0.063,0.203,34310,2296,32217,29921,4998,2796,502,1634,1242,392,66,0,29921,1038,264,0,0,0,0,5.000,0,0,0,0,0,0,0,0,0,0,0,0,0,0,0,0.000,0.000,0.000,,998,998,4344,0,1,12.393,194.542,13.546,195.567,0.000,0.000,983,969,16964,1430,229,0,3382,4938,1264,1,retransmit-duplicate,pending,H.264,1,1,24,18,6,3,2,2,4,20,1,1,36605,6,36605,6,36605,6,1,77.500,455,502,392,385,392,0,61.891,24.047,168.971,5,0,1354,100,1454,0,472,49,0.475,0.525,0.931,1.000,0.094,45.000,0.111,0.889,0.000,duplicate-guard,2,4,0,0,2,4,3382,26335,0,0,0,0,26335,predicted-useful,fec-grace,5538,0.375,467,1454,0,3,0,0,0,0,0,0,0,459,5992,459,5992,0,0,0,pacing,1,0.758,10.581,118.581,0,0,0,0,0,0,0,0,5995,3958,4516,1,1,9500000,1200000,11,0,11,36591,36580,45060109,1454,1808776,97,120668,0,0,0,0,0,0.497,39.122,945.250,4800.000,1874,66498,34281,15113,32217,17104,0.306,0.000,0.000,1874,5029450,9362521,0.512,25.452,0.577,8.047,66498,3382,1020,26335,3379,0,3,224,224,402,224,0,0,1,0,4,6026,4938,4938,0,0,0,0,0,,disabled,,0,0,0,0,,1,Fixed Quality,Hybrid,85,30,9500,12000,640,360,H.264,480,270,518400,28178,518400,28178,0.054,0.000,,0,0,0.000,1.987,0.000,0.000,0.087,7250,6750,6750,34,34,0,1,9500,1.000,0,20.253,0.000,0,0,0.000,0.000,0,0,0,0,0.313,0.618,0.069,1,0,0,disabled,24,1,1,decoder-sync-observed,0,,0,0,21.977,23.729,0,,0.000,0.000,0.000,0.000,0,0,0,,0,0,0,6.561,0,1266,0.086,0.000,0.000,0.086,0.000,0.058,0.008,1,1,1,1,0,1,1,0,0,0,0,0,1.000,0.000,0.000,30,0,0.000,0,0,0,0.000,0.000,0.000,0.000,0.000,0.000,0.000,1.860,10.609,0,0,0,0,0,0,0,0,0.000,0.000,0.000,0.000,0.000,0.000,0,0.108,19.254,983,998,4344,13.360,195.533,6.973,195.533,20562.049,548,1,H.264,147.144,0,0,194.542,195.567,1.000,151.007,146.143,arrival-gap-jitter-spike,25718.992,0,1,1,1,1,46281.041,423.910,425.630,426.293,426.293,0,0,28,0,0,28,0,,,156.492,165.383,1103,1,H.264,0,0,0,0,0,0,0,0,0,0,,102.905,0.000,105.962,0.000,0.000,0.000,127.102,stale-before-decode,0.001,1263,0.000,111.362,5.238,0.086,0.309,0.011,0.000,0.299,1,0,0,1,3,0.063,24.749,19.254,26.860,17.337,3.000,FrameFreshness,0,1,0,1.000,0,1,1,1,0.060,0.000,0.060,0,100,0,36626,34369,2207,0,2070
47.283,Custom_loss6_delay0-100_dup0_reorder6_burst0,Loopback,1,1,0,,,0.000,0,21,1292,29.517,28.109,29.504,104.596,102.349,57.817,56.216,13.276,0.062,0.200,35140,2336,32975,30639,5105,2861,512,1666,1264,402,66,0,30639,1066,267,0,0,0,0,5.000,0,0,0,0,0,0,0,0,0,0,0,0,0,0,0,0.000,0.000,0.000,,1025,1025,4439,0,1,12.936,194.542,13.967,195.567,0.000,0.000,1010,995,17348,1468,231,0,3459,5050,1295,1,fec-parity,pending,H.264,1,1,22,1,21,1,0,0,0,0,0,0,37457,3,0,0,0,0,0,6.611,459,512,402,395,402,0,62.092,23.955,168.971,5,0,1378,103,1481,0,478,49,0.473,0.527,0.930,1.000,0.093,45.000,0.100,0.900,0.000,duplicate-guard,2,4,0,0,2,4,3459,26935,0,0,0,0,26935,predicted-useful,fec-grace,5670,0.000,476,1481,0,3,0,0,0,0,0,0,0,468,6123,468,6123,0,0,0,pacing,1,0.769,5.942,113.942,0,0,0,0,0,0,0,0,6126,4051,4620,0,1,9500000,1200000,0,0,0,37435,37435,46107366,1481,1842364,97,120668,0,0,0,0,0,20.352,39.122,14324.062,4800.000,1918,68114,35139,15454,32975,17521,0.305,16.160,1.777,1918,3938281,7583442,0.921,12.393,0.425,15.081,68114,3459,1047,26935,3456,0,3,226,226,407,226,0,0,1,0,4,6167,5050,5050,0,0,0,0,0,,disabled,,0,0,0,0,,1,Fixed Quality,Hybrid,85,30,9500,12000,640,360,H.264,480,270,518400,0,518400,26096,0.050,0.000,,0,0,0.000,5.080,0.000,4.452,0.607,6000,6250,6250,35,35,0,1,9500,0.820,1,20.352,0.000,0,0,0.000,0.000,0,0,0,0,0.310,0.621,0.070,1,0,0,latency-pressure-freshness-hold,0,0,0,async-output-pending,0,,0,0,0.000,0.000,0,,20.352,14324.062,45673.077,0.000,0,0,0,,0,0,0,0.000,1,0,0.598,0.141,0.455,0.000,0.000,0.000,0.000,0,0,1,1,1,0,0,1,1,0,1,0,0.860,57.243,0.000,26,0,0.000,0,0,0,0.000,0.000,0.000,0.000,0.000,0.000,0.000,0.000,6.872,0,0,0,0,0,0,0,0,0.000,0.000,0.000,0.000,0.000,0.000,0,0.094,28.109,1010,1025,4439,13.128,195.533,6.973,195.533,20562.049,548,1,H.264,147.144,0,0,194.542,195.567,1.000,151.007,146.143,arrival-gap-jitter-spike,26721.227,0,1,1,1,1,47283.276,423.910,425.630,426.293,426.293,0,0,29,0,0,29,1,latency-pressure freshness,latency-over-80ms,147.425,165.383,1288,1,decoded,0,0,0,0,0,0,0,0,0,0,,100.255,0.000,102.632,0.000,0.000,0.000,120.000,stale-before-upload,0.001,1293,0.000,103.698,4.440,0.074,0.860,0.622,0.000,0.238,1,0,0,1,3,0.062,29.517,28.109,13.276,29.504,3.000,FrameFreshness,0,1,0,0.000,1,1,1,1,0.060,0.000,0.060,0,100,0,37482,35198,2261,0,2125
48.289,Custom_loss6_delay0-100_dup0_reorder6_burst0,Loopback,1,1,0,,,0.000,0,21,1319,17.985,18.624,16.940,88.170,102.298,99.652,57.250,6.565,0.063,0.202,35874,2407,33681,31274,5227,2925,527,1709,1294,415,66,0,31274,1084,275,0,0,0,0,5.000,0,0,0,0,0,0,0,0,0,0,0,0,0,0,0,0.000,0.000,0.000,,1043,1043,4534,0,1,61.178,194.542,62.168,195.567,0.000,0.000,1028,1012,17723,1499,239,0,3535,5154,1321,1,nack-sent,pending,H.264,1,1,22,13,9,2,1,2,3,22,1,0,38281,0,38281,0,0,0,0,66.885,472,527,415,408,415,0,61.911,23.941,168.971,5,0,1419,107,1526,0,490,52,0.472,0.528,0.930,1.000,0.096,45.000,0.364,0.636,0.000,duplicate-guard,2,4,0,0,2,4,3535,27512,0,0,0,0,27512,predicted-useful,fec-grace,5787,0.182,491,1526,0,3,0,0,0,0,0,0,0,483,6303,483,6303,0,0,0,pacing,1,0.672,5.272,113.272,0,0,0,0,0,0,0,0,6306,4134,4720,0,1,9500000,1200000,0,0,0,38236,38236,47096884,1526,1898344,100,124400,0,0,0,0,0,16.831,39.122,10716.438,3090.450,1958,69527,35862,15799,33665,17866,0.306,12.803,2.532,1958,5164596,8292115,1.475,18.281,0.469,13.803,69527,3534,1065,27503,3531,0,3,234,234,422,234,0,0,1,0,4,6295,5154,5154,0,0,0,0,0,,disabled,,0,0,0,0,,1,Fixed Quality,Hybrid,85,30,9500,12000,640,360,H.264,480,270,518400,0,518400,26096,0.050,0.000,,0,0,0.000,4.936,0.000,4.303,0.598,6000,6250,6250,35,35,0,1,9500,0.820,1,16.831,0.000,0,0,0.000,0.000,0,0,0,0,1.000,0.000,0.000,1,0,0,latency-pressure-freshness-hold,0,0,0,async-output-pending,0,,0,0,0.000,0.000,0,,0.000,0.000,0.000,0.000,0,0,0,,0,0,0,0.000,1,0,0.590,0.138,0.450,0.000,0.000,0.000,0.000,0,0,1,1,1,0,0,1,1,0,0,0,1.000,0.000,0.000,27,0,0.000,0,0,0,0.000,0.000,0.000,0.000,0.000,0.000,0.000,0.000,20.260,0,0,0,0,0,0,0,0,0.000,0.000,0.000,0.000,0.000,0.000,0,0.092,18.624,1028,1043,4534,62.178,195.533,6.973,195.533,20562.049,548,1,H.264,147.144,0,0,194.542,195.567,1.000,151.007,146.143,arrival-gap-jitter-spike,27727.572,0,1,1,1,1,48289.621,423.910,425.630,426.293,426.293,0,0,30,0,0,30,1,latency-pressure freshness,latency-over-80ms,135.682,165.383,1305,1,decoded,0,0,0,0,0,0,0,0,0,0,,99.043,0.000,101.762,0.000,0.000,0.000,124.085,stale-before-upload,0.001,1319,0.000,105.230,4.044,0.076,0.701,0.409,0.000,0.292,1,0,0,1,3,0.063,17.985,18.624,6.565,16.940,3.000,FrameFreshness,0,1,0,1.000,1,1,1,1,0.060,0.000,0.060,0,100,0,38284,35933,2309,0,2165
49.296,Custom_loss6_delay0-100_dup0_reorder6_burst0,Loopback,1,1,0,,,0.000,0,21,1345,18.214,15.862,15.420,94.101,102.368,60.253,57.320,25.582,0.063,0.204,36601,2451,34361,31910,5348,2986,542,1753,1331,422,67,0,31910,1103,283,0,0,0,0,5.000,0,0,0,0,0,0,0,0,0,0,0,0,0,0,0,0.000,0.000,0.000,,1061,1061,4632,0,1,28.339,194.542,29.320,195.567,0.000,0.000,1046,1028,18095,1525,246,0,3608,5255,1346,1,fec-recovered,pending,H.264,1,1,23,19,4,3,3,2,8,22,1,0,38991,14,39008,2,0,0,0,83.514,491,542,422,415,422,0,61.873,23.964,168.971,5,0,1460,109,1569,0,507,54,0.475,0.525,0.931,1.000,0.096,45.000,0.200,0.800,0.000,duplicate-guard,2,4,0,0,2,4,3608,28053,0,0,0,0,28053,predicted-useful,fec-grace,5907,0.522,504,1569,0,3,0,0,0,0,0,0,0,496,6470,496,6470,0,0,0,pacing,1,0.715,9.033,117.033,0,0,0,0,0,0,0,0,6473,4222,4823,1,1,9500000,1200000,2,0,2,39018,39016,48059024,1569,1951836,103,128132,0,0,0,0,0,7.868,39.122,418.188,4800.000,1996,70924,36577,16125,34347,18222,0.306,4.288,1.497,1996,5154365,7982730,1.155,6.745,0.488,21.092,70924,3608,1084,28053,3605,0,3,241,241,433,241,0,0,1,0,4,6426,5255,5255,0,0,0,0,0,,disabled,,0,0,0,0,,1,Fixed Quality,Hybrid,85,30,9500,12000,640,360,H.264,480,270,518400,27136,518400,27136,0.052,0.000,,0,0,0.000,2.042,0.000,0.000,0.123,6250,6500,6500,36,36,0,1,9500,0.880,1,14.215,0.000,0,0,0.000,0.000,0,0,0,0,0.313,0.618,0.069,1,0,0,latency-pressure-freshness-hold,23,1,1,decoder-sync-observed,0,,0,0,17.847,22.851,0,,0.000,0.000,0.000,0.000,0,0,0,,0,0,0,12.613,0,1348,0.122,0.000,0.000,0.122,0.000,0.070,0.027,1,1,1,1,0,1,1,0,0,0,1,0,0.860,179.995,0.000,26,0,0.000,0,0,0,0.000,0.000,0.000,0.000,0.000,0.000,0.000,1.878,10.590,0,0,0,0,0,0,0,0,0.000,0.000,0.000,0.000,0.000,0.000,0,0.113,15.862,1046,1061,4632,29.260,195.533,6.973,195.533,20562.049,548,1,H.264,147.144,0,0,194.542,195.567,1.000,151.007,146.143,arrival-gap-jitter-spike,28734.043,0,1,1,1,1,49296.092,423.910,425.630,426.293,426.293,0,0,32,0,0,32,2,latency-pressure freshness,latency-over-80ms,139.766,165.383,1343,1,decoded,0,0,0,0,0,0,0,0,0,0,,106.992,0.000,109.829,0.000,0.000,0.000,127.050,stale-before-upload,0.001,1345,0.000,108.447,6.313,0.094,0.275,0.002,0.000,0.272,1,0,0,1,3,0.062,18.214,15.862,25.582,15.420,3.000,FrameFreshness,0,1,0,1.000,2,2,2,1,0.060,0.000,0.060,0,100,0,39065,36666,2357,0,2209
50.302,Custom_loss6_delay0-100_dup0_reorder6_burst0,Loopback,1,1,0,,,0.000,0,21,1372,23.910,18.284,20.094,96.688,102.327,30.801,56.717,11.966,0.063,0.206,37277,2490,34985,32495,5463,3053,565,1778,1347,431,67,0,32495,1124,291,0,0,0,0,5.000,0,0,0,0,0,0,0,0,0,0,0,0,0,0,0,0.000,0.000,0.000,,1080,1080,4727,0,1,52.701,194.542,53.790,195.567,0.000,0.000,1064,1046,18449,1555,252,0,3675,5358,1374,1,nack-sent,pending,H.264,1,1,21,10,11,1,1,1,0,11,0,0,39743,14,0,0,0,0,0,47.362,501,565,431,423,431,0,61.771,24.233,168.971,5,0,1502,110,1612,0,515,56,0.470,0.530,0.932,1.000,0.098,45.000,0.235,0.765,0.200,duplicate-guard,2,4,0,0,2,4,3675,28526,0,0,0,0,28526,predicted-useful,fec-grace,6016,0.095,519,1612,0,3,0,0,0,0,0,0,0,510,6636,510,6636,0,0,0,pacing,1,0.697,4.448,112.448,0,0,0,0,0,0,0,0,6639,4294,4912,1,1,9500000,1200000,0,0,0,39731,39731,48943515,1612,2005328,103,128132,0,0,0,0,0,12.360,39.122,6868.750,4800.000,2034,72243,37265,16371,34978,18607,0.305,14.347,0.780,2034,4659233,7519498,1.097,-0.494,0.465,17.727,72243,3675,1104,28526,3672,0,3,247,247,445,247,0,0,1,0,4,6541,5358,5358,0,0,0,0,0,,disabled,,0,0,0,0,,1,Fixed Quality,Hybrid,85,30,9500,12000,640,360,H.264,480,270,518400,25054,518400,25054,0.048,0.000,,0,0,0.000,1.800,0.000,0.000,0.075,6000,6000,6000,37,37,0,1,9500,0.820,1,12.360,0.000,0,0,0.000,0.000,0,0,0,0,0.311,0.621,0.068,1,0,0,latency-pressure-freshness-hold,21,1,1,decoder-sync-observed,0,,0,0,8.424,21.098,0,,0.000,0.000,0.000,0.000,0,0,0,,0,0,0,6.162,0,1375,0.074,0.000,0.000,0.074,0.000,0.051,0.007,1,1,1,1,0,1,1,0,0,0,1,0,0.860,106.922,0.000,26,0,0.000,0,0,0,0.000,0.000,0.000,0.000,0.000,0.000,0.000,1.691,10.199,0,0,0,0,0,0,0,0,0.000,0.000,0.000,0.000,0.000,0.000,0,0.110,18.284,1064,1080,4727,53.645,195.533,6.973,195.533,20562.049,548,1,H.264,147.144,0,0,194.542,195.567,1.000,151.007,146.143,arrival-gap-jitter-spike,29739.789,0,1,1,1,1,50301.838,423.910,425.630,426.293,426.293,0,0,33,0,0,33,1,latency-pressure freshness,latency-over-80ms,164.436,165.383,1349,1,H.264,0,0,0,0,0,0,0,0,0,0,,98.023,0.000,100.527,0.000,0.000,0.000,128.344,stale-before-decode,0.001,1372,0.000,107.454,6.894,0.098,0.278,0.001,0.000,0.277,1,0,0,1,3,0.063,23.910,18.284,11.966,20.094,3.000,FrameFreshness,0,1,0,1.000,0,1,1,1,0.060,0.000,0.060,0,100,0,39781,37341,2401,0,2248
51.304,Custom_loss6_delay0-100_dup0_reorder6_burst0,Loopback,1,1,0,,,0.000,0,21,1398,20.334,21.049,21.089,110.871,102.343,84.295,57.330,10.409,0.063,0.205,37949,2543,35619,33076,5556,3095,571,1823,1378,445,67,0,33076,1146,295,0,0,0,0,5.000,0,0,0,0,0,0,0,0,0,0,0,0,0,0,0,0.000,0.000,0.000,,1102,1102,4825,0,1,37.858,194.542,38.770,195.567,0.000,0.000,1086,1068,18789,1591,256,0,3743,5455,1400,1,fec-parity,pending,H.264,1,1,22,5,17,2,0,1,0,17,0,0,40466,4,0,0,0,0,0,47.804,510,571,445,437,445,0,61.830,24.233,168.971,5,0,1531,111,1642,0,528,56,0.472,0.528,0.932,1.000,0.096,45.000,0.000,1.000,0.000,duplicate-guard,2,4,0,0,2,4,3743,29043,0,0,0,0,29043,predicted-useful,fec-grace,6132,0.773,529,1642,0,3,0,0,0,0,0,0,0,520,6756,520,6756,0,0,0,pacing,1,0.674,2.510,110.510,0,0,0,0,0,0,0,0,6759,4378,5008,1,1,9500000,1200000,0,0,0,40467,40467,49854345,1642,2042648,103,128132,0,0,0,0,0,11.470,39.122,1186.812,4800.000,2071,73536,37930,16693,35606,18913,0.306,11.052,1.575,2071,5149750,7980148,1.797,53.494,0.476,15.334,73536,3743,1126,29043,3740,0,3,251,251,452,251,0,0,1,0,4,6661,5455,5455,0,0,0,0,0,,disabled,,0,0,0,0,,1,Fixed Quality,Hybrid,85,30,9500,12000,640,360,H.264,480,270,518400,26094,518400,26094,0.050,0.000,,0,0,0.000,2.264,0.000,0.000,0.203,7250,6250,6250,38,38,0,1,9500,1.000,0,11.470,0.000,0,0,0.000,0.000,0,0,0,0,0.311,0.622,0.068,1,0,0,disabled,22,1,1,decoder-sync-observed,0,,0,0,17.387,21.974,0,,0.000,0.000,0.000,0.000,0,0,0,,0,0,0,2.669,0,1401,0.203,0.000,0.000,0.203,0.000,0.041,0.144,1,1,1,1,0,1,1,0,0,0,0,0,1.000,0.000,0.000,30,0,0.000,0,0,0,0.000,0.000,0.000,0.000,0.000,0.000,0.000,2.033,23.967,0,0,0,0,0,0,0,0,0.000,0.000,0.000,0.000,0.000,0.000,0,0.091,21.049,1086,1102,4825,39.067,195.533,6.973,195.533,20562.049,548,1,H.264,147.144,0,0,194.542,195.567,1.000,151.007,146.143,arrival-gap-jitter-spike,30742.160,0,1,1,1,1,51304.209,423.910,425.630,426.293,426.293,0,0,33,0,0,33,0,,,164.436,165.383,1349,1,H.264,0,0,0,0,0,0,0,0,0,0,,105.056,0.000,107.887,0.000,0.000,0.000,135.435,stale-before-decode,0.001,1398,0.000,111.665,3.641,0.076,0.459,0.161,0.000,0.299,1,0,0,1,3,0.063,20.334,21.049,10.409,21.089,3.000,FrameFreshness,0,1,0,0.000,3,2,2,1,0.060,0.000,0.060,0,100,0,40518,38016,2456,0,2299
52.305,Custom_loss6_delay0-100_dup0_reorder6_burst0,Loopback,1,1,0,,,0.000,0,21,1428,27.538,25.223,25.327,92.034,102.277,50.227,57.176,21.356,0.063,0.204,38797,2590,36400,33810,5690,3162,585,1874,1416,458,69,0,33810,1171,301,0,0,0,0,5.000,0,0,0,0,0,0,0,0,0,0,0,0,0,0,0,0.000,0.000,0.000,,1126,1126,4916,0,1,28.931,194.542,29.894,195.567,0.000,0.000,1110,1092,19206,1629,261,0,3818,5582,1430,1,fec-parity,pending,H.264,1,1,23,7,16,3,0,0,0,0,0,0,41369,11,0,0,0,0,0,25.349,521,585,458,450,458,0,61.931,24.240,168.971,5,0,1569,113,1682,0,542,57,0.471,0.529,0.933,1.000,0.095,45.000,0.200,0.800,0.000,duplicate-guard,2,4,0,0,2,4,3818,29611,0,0,0,0,29611,predicted-useful,fec-grace,6262,0.348,541,1682,0,3,0,0,0,0,0,0,0,532,6914,532,6914,0,0,0,pacing,1,0.727,13.087,121.087,0,0,0,0,0,0,0,0,6917,4469,5113,0,1,9500000,1200000,0,0,0,41364,41364,50960071,1682,2092408,106,131864,0,0,0,0,0,13.871,39.122,5249.375,4800.000,2118,75174,38774,17022,36400,19378,0.305,18.779,1.558,2118,5449451,8900197,1.378,35.982,0.470,12.882,75174,3818,1151,29611,3815,0,3,256,256,463,256,0,0,1,0,4,6808,5582,5582,0,0,0,0,0,,disabled,,0,0,0,0,,1,Fixed Quality,Hybrid,85,30,9500,12000,640,360,H.264,480,270,518400,27136,518400,27136,0.052,0.000,,0,0,0.000,2.556,0.000,0.000,0.086,7250,6500,6500,39,39,0,1,9500,1.000,0,15.452,0.000,0,0,0.000,0.000,0,0,0,0,0.310,0.623,0.067,1,0,0,disabled,23,1,1,decoder-sync-observed,0,,0,0,20.974,22.851,0,,0.000,0.000,0.000,0.000,0,0,0,,0,0,0,9.417,0,1431,0.086,0.000,0.000,0.086,0.000,0.058,0.009,1,1,1,1,0,1,1,0,0,0,1,0,0.860,179.996,0.000,26,0,0.000,0,0,0,0.000,0.000,0.000,0.000,0.000,0.000,0.000,2.436,16.887,0,0,0,0,0,0,0,0,0.000,0.000,0.000,0.000,0.000,0.000,0,0.122,25.223,1110,1126,4916,30.046,195.533,6.973,195.533,20562.049,548,1,H.264,147.144,0,0,194.542,195.567,1.000,151.007,146.143,arrival-gap-jitter-spike,31742.867,0,1,1,1,1,52304.916,423.910,425.630,426.293,426.293,0,0,33,0,0,33,0,,,164.436,165.383,1349,1,H.264,0,0,0,0,0,0,0,0,0,0,,99.783,0.000,102.595,0.000,0.000,0.000,126.017,stale-before-decode,0.001,1428,0.000,107.909,5.127,0.088,0.312,0.001,0.000,0.312,1,0,0,1,3,0.063,27.538,25.223,21.356,25.327,3.000,FrameFreshness,0,1,0,0.000,3,2,2,1,0.060,0.000,0.060,0,100,0,41416,38865,2505,0,2345
53.311,Custom_loss6_delay0-100_dup0_reorder6_burst0,Loopback,1,1,0,,,0.000,0,21,1458,20.215,18.460,18.496,91.280,102.352,14.872,56.275,34.577,0.063,0.207,39639,2653,37210,34557,5807,3239,600,1898,1435,463,70,0,34557,1192,311,0,0,0,0,5.000,0,0,0,0,0,0,0,0,0,0,0,0,0,0,0,0.000,0.000,0.000,,1146,1146,5017,0,1,13.813,194.542,14.890,195.567,0.000,0.000,1130,1111,19624,1655,270,0,3905,5707,1458,1,completed,completed,H.264,1,1,24,24,0,2,2,2,13,21,0,0,42219,8,0,0,0,0,0,83.582,527,600,463,455,463,0,61.997,24.449,168.971,5,0,1595,114,1709,0,549,58,0.468,0.532,0.933,1.000,0.096,45.000,0.000,1.000,0.000,duplicate-guard,2,4,0,0,2,4,3905,30298,0,0,0,0,30298,predicted-useful,fec-grace,6399,0.000,550,1709,0,3,0,0,0,0,0,0,0,541,7046,541,7046,0,0,0,pacing,1,0.769,9.770,117.770,0,0,0,0,0,0,0,0,7049,4574,5229,0,1,9500000,1200000,0,0,0,42248,42248,52045431,1709,2125996,107,133108,0,0,0,0,0,18.123,39.122,8959.688,4800.000,2163,76814,39614,17379,37200,19821,0.305,33.913,0.000,2163,5955653,9459528,1.102,21.714,0.474,25.808,76814,3905,1172,30298,3902,0,3,265,265,477,265,0,0,1,0,4,6958,5707,5707,0,0,0,0,0,,disabled,,0,0,0,0,,1,Fixed Quality,Hybrid,85,30,9500,12000,640,360,H.264,480,270,518400,0,518400,28178,0.054,0.000,,0,0,0.000,4.910,0.000,4.149,0.721,7250,6750,6750,40,40,0,1,9500,1.000,0,18.123,0.000,0,0,0.000,0.000,0,0,0,0,0.308,0.625,0.067,1,0,0,disabled,0,0,0,async-output-pending,0,,0,0,0.000,0.000,0,,0.000,0.000,0.000,0.000,0,0,0,,0,0,0,0.000,1,0,0.713,0.200,0.511,0.000,0.000,0.000,0.000,0,0,1,1,1,0,0,1,1,0,0,0,1.000,0.000,0.000,30,0,0.000,0,0,0,0.000,0.000,0.000,0.000,0.000,0.000,0.000,0.000,10.153,0,0,0,0,0,0,0,0,0.000,0.000,0.000,0.000,0.000,0.000,0,0.089,18.460,1130,1146,5017,14.785,195.533,6.973,195.533,20562.049,548,1,H.264,147.144,0,0,194.542,195.567,1.000,151.007,146.143,arrival-gap-jitter-spike,32748.911,0,1,1,1,1,53310.960,423.910,425.630,426.293,426.293,0,0,33,0,0,33,0,,,164.436,165.383,1349,1,H.264,0,0,0,0,0,0,0,0,0,0,,103.736,0.000,106.578,4.935,0.000,100.188,125.640,stale-before-decode,0.001,1457,0.000,115.139,5.554,0.075,0.664,0.393,0.000,0.272,1,0,0,1,3,0.063,20.215,18.460,34.577,18.496,3.000,FrameFreshness,0,1,0,1.000,0,1,1,1,0.060,0.000,0.060,0,100,0,42301,39708,2558,0,2391
54.317,Custom_loss6_delay0-100_dup0_reorder6_burst0,Loopback,1,1,0,,,0.000,0,21,1487,17.093,20.298,20.316,101.505,102.335,69.104,56.543,29.923,0.063,0.208,40486,2722,38027,35305,5921,3303,613,1934,1467,467,71,0,35305,1214,318,0,0,0,0,5.000,0,0,0,0,0,0,0,0,0,0,0,0,0,0,0,0.000,0.000,0.000,,1168,1168,5115,0,1,27.633,194.542,28.581,195.567,0.000,0.000,1152,1134,20012,1681,277,0,3987,5821,1487,1,retransmit-late-after-completed,completed,H.264,1,1,24,24,0,0,0,3,0,0,1,2,43136,3,43136,3,43136,3,1,114.390,531,613,467,459,467,0,62.250,24.339,168.971,5,0,1616,122,1738,0,553,60,0.464,0.536,0.930,1.000,0.098,39.000,0.000,1.000,0.000,insufficient-sample,2,4,0,0,2,4,3987,30988,0,0,0,0,30988,predicted-useful,fec-grace,6533,0.667,559,1738,0,3,0,0,0,0,0,0,0,550,7184,550,7184,0,0,0,pacing,1,0.760,7.339,115.339,0,0,0,0,0,0,0,0,7187,4676,5342,1,1,9500000,1200000,4,0,4,43177,43173,53178867,1738,2162072,108,134352,0,0,0,0,0,7.071,39.122,841.875,1868.850,2211,78505,40478,17773,38027,20254,0.305,23.072,0.000,2211,6599214,10218609,1.028,28.218,0.493,24.981,78505,3987,1194,30988,3984,0,3,272,272,489,272,0,0,1,0,4,7100,5821,5821,0,0,0,0,0,,disabled,,0,0,0,0,,1,Fixed Quality,Hybrid,85,30,9500,12000,640,360,H.264,480,270,518400,28178,518400,28178,0.054,0.000,,0,0,0.000,2.129,0.000,0.000,0.071,7250,6750,6750,40,40,0,1,9500,1.000,0,14.830,0.000,0,0,0.000,0.000,0,0,0,0,0.000,1.000,0.000,1,0,0,disabled,24,1,1,decoder-sync-observed,0,,0,0,18.381,23.729,0,,0.000,0.000,0.000,0.000,0,0,0,,0,0,0,5.634,0,1490,0.071,0.000,0.000,0.071,0.000,0.048,0.009,1,1,1,1,0,1,1,0,0,0,0,0,1.000,0.000,0.000,30,0,0.000,0,0,0,0.000,0.000,0.000,0.000,0.000,0.000,0.000,2.028,10.114,0,0,0,0,0,0,0,0,0.000,0.000,0.000,0.000,0.000,0.000,0,0.092,20.298,1152,1168,5115,28.643,195.533,6.973,195.533,20562.049,548,1,H.264,147.144,0,0,194.542,195.567,1.000,151.007,146.143,arrival-gap-jitter-spike,33754.994,0,1,1,1,1,54317.043,423.910,425.630,426.293,426.293,0,0,33,0,0,33,0,,,164.436,165.383,1349,1,H.264,0,0,0,0,0,0,0,0,0,0,,104.327,0.000,107.278,0.000,0.000,0.000,130.752,stale-before-decode,0.001,1487,0.000,112.169,4.750,0.079,0.542,0.295,0.000,0.247,1,0,0,1,3,0.063,17.093,20.298,29.923,20.316,3.000,FrameFreshness,0,1,0,0.000,2,1,1,1,0.060,0.000,0.060,0,100,0,43227,40556,2611,0,2455
55.317,Custom_loss6_delay0-100_dup0_reorder6_burst0,Loopback,1,1,0,,,0.000,0,21,1515,23.287,23.617,23.614,101.706,102.371,62.683,56.668,30.356,0.063,0.206,41334,2780,38824,36044,6045,3370,630,1974,1498,476,71,0,36044,1238,322,0,0,0,0,5.000,0,0,0,0,0,0,0,0,0,0,0,0,0,0,0,0.000,0.000,0.000,,1192,1192,5209,0,1,11.557,194.542,12.587,195.567,0.000,0.000,1176,1158,20420,1714,281,0,4069,5937,1517,1,fec-parity,pending,H.264,1,1,24,12,12,3,1,1,0,12,0,0,44064,10,0,0,0,0,0,52.329,547,630,476,468,476,0,62.429,24.148,168.971,5,0,1658,127,1785,0,570,61,0.465,0.535,0.929,1.000,0.097,45.000,0.333,0.667,0.000,duplicate-guard,2,4,0,0,2,4,4069,31678,0,0,0,0,31678,predicted-useful,fec-grace,6665,0.042,574,1785,0,3,0,0,0,0,0,0,0,565,7414,565,7414,0,0,0,pacing,1,0.795,9.553,117.553,0,0,0,0,0,0,0,0,7417,4767,5450,1,1,9500000,1200000,0,0,0,44064,44064,54271221,1785,2220540,112,139328,0,0,0,0,0,17.613,39.122,7113.625,1224.250,2257,80145,41327,18198,38818,20620,0.306,8.736,1.214,2257,7423698,10834630,0.821,21.290,0.488,14.918,80145,4069,1218,31678,4066,0,3,276,276,495,276,0,0,1,0,4,7240,5937,5937,0,0,0,0,0,,disabled,,0,0,0,0,,1,Fixed Quality,Hybrid,85,30,9500,12000,640,360,H.264,480,270,518400,28178,518400,28178,0.054,0.000,,0,0,0.000,2.245,0.000,0.000,0.086,7250,6750,6750,40,40,0,1,9500,1.000,0,17.613,0.000,0,0,1.168,0.000,1244,0,0,0,1.000,0.000,0.000,1,0,0,disabled,24,1,1,decoder-sync-observed,0,,0,0,25.876,23.729,0,,0.000,0.000,0.000,0.000,0,0,0,,0,0,0,5.605,0,1518,0.086,0.000,0.000,0.086,0.000,0.064,0.008,1,1,1,1,0,1,1,0,0,0,0,0,1.000,0.000,0.000,30,0,0.000,0,0,0,0.000,0.000,0.000,0.000,0.000,0.000,0.000,2.130,20.107,0,0,0,0,0,0,0,0,0.000,0.000,0.000,0.000,0.000,0.000,0,0.107,23.617,1176,1192,5209,12.745,195.533,6.973,195.533,20562.049,548,1,H.264,147.144,0,0,194.542,195.567,1.000,151.007,146.143,arrival-gap-jitter-spike,34755.474,0,1,1,1,1,55317.523,423.910,425.630,426.293,426.293,0,0,33,0,0,33,0,,,164.436,165.383,1349,1,H.264,0,0,0,0,0,0,0,0,0,0,,110.452,0.000,113.362,0.000,0.000,0.000,130.853,stale-before-decode,0.001,1515,0.000,117.648,4.128,0.085,0.283,0.001,0.000,0.282,1,0,0,1,3,0.063,23.287,23.617,30.356,23.614,3.000,FrameFreshness,0,1,0,1.000,1,1,1,1,0.060,0.000,0.060,0,100,0,44119,41408,2666,0,2503
56.324,Custom_loss6_delay0-100_dup0_reorder6_burst0,Loopback,1,1,0,,,0.000,0,21,1545,23.372,23.437,21.494,88.821,102.359,9.018,55.715,10.675,0.063,0.208,42142,2839,39594,36755,6160,3439,640,2007,1526,481,74,0,36755,1259,331,0,0,0,0,5.000,0,0,0,0,0,0,0,0,0,0,0,0,0,0,0,0.000,0.000,0.000,,1213,1213,5302,0,1,31.237,194.542,32.111,195.567,0.000,0.000,1197,1178,20797,1740,290,0,4147,6040,1548,1,fec-parity,pending,H.264,1,1,22,1,21,1,0,0,0,0,0,0,44971,13,0,0,0,0,0,6.870,562,640,481,473,481,0,62.489,24.087,168.971,5,0,1688,126,1814,0,578,64,0.468,0.532,0.931,1.000,0.100,40.000,0.375,0.625,0.250,retransmit-late,2,4,0,0,2,4,4147,32325,0,0,0,0,32325,predicted-useful,fec-grace,6793,0.500,583,1814,0,3,0,0,0,0,0,0,0,574,7546,574,7546,0,0,0,pacing,1,0.759,10.117,118.117,0,0,0,0,0,0,0,0,7549,4863,5556,0,1,9500000,1200000,3,0,3,44930,44927,55329994,1814,2256616,114,141816,0,0,0,0,0,6.566,39.122,1225.875,4800.000,2302,81697,42125,18483,39572,21089,0.305,87.748,0.000,2302,12000000,30524872,1.102,6.299,0.559,11.931,81697,4147,1238,32325,4144,0,3,285,285,512,285,0,0,1,0,4,7376,6040,6040,0,0,0,0,0,,disabled,,0,0,0,0,,1,Fixed Quality,Hybrid,85,30,9500,12000,640,360,H.264,480,270,518400,26096,518400,26096,0.050,0.000,,0,0,0.000,1.883,0.000,0.000,0.074,6250,6250,6250,41,41,0,1,9500,0.880,1,8.611,0.000,0,0,0.000,0.000,0,0,0,0,0.310,0.621,0.069,1,0,0,latency-pressure-freshness-hold,22,1,1,decoder-sync-observed,0,,0,0,12.068,21.976,0,,0.000,0.000,0.000,0.000,0,0,0,,0,0,0,6.231,0,1548,0.073,0.000,0.000,0.073,0.000,0.047,0.008,1,1,1,1,0,1,1,0,0,0,0,0,1.000,0.000,0.000,27,0,0.000,0,0,0,0.000,0.000,0.000,0.000,0.000,0.000,0.000,1.759,10.355,0,0,0,0,0,0,0,0,0.000,0.000,0.000,0.000,0.000,0.000,0,0.090,23.437,1197,1213,5302,32.311,195.533,6.973,195.533,20562.049,548,1,H.264,147.144,0,0,194.542,195.567,1.000,151.007,146.143,arrival-gap-jitter-spike,35761.722,0,1,1,1,1,56323.771,423.910,425.630,426.293,426.293,0,0,34,0,0,34,1,latency-pressure freshness,latency-over-80ms,149.788,165.383,1536,1,decoded,0,0,0,0,0,0,0,0,0,0,,93.058,0.000,95.371,0.000,0.000,0.000,124.410,stale-before-upload,0.001,1545,0.000,98.388,4.303,0.075,0.713,0.447,0.000,0.266,1,0,0,1,3,0.063,23.372,23.437,10.675,21.494,3.000,FrameFreshness,0,1,0,0.000,2,1,1,1,0.060,0.000,0.060,0,100,0,44983,42215,2718,0,2554
57.324,Custom_loss6_delay0-100_dup0_reorder6_burst0,Loopback,1,1,0,,,0.000,0,21,1572,23.426,23.428,23.408,104.393,102.443,73.880,56.071,36.965,0.063,0.208,42901,2870,40293,37423,6290,3509,659,2047,1549,498,75,0,37423,1280,337,0,0,0,0,5.000,0,0,0,0,0,0,0,0,0,0,0,0,0,0,0,0.000,0.000,0.000,,1233,1233,5401,0,1,96.077,194.542,97.127,195.567,0.000,0.000,1217,1197,21194,1778,295,0,4228,6150,1573,1,nack-sent,pending,H.264,1,1,22,20,2,2,2,3,6,16,2,0,45724,17,45763,0,0,0,0,88.821,575,659,498,490,498,0,62.387,24.334,168.971,5,0,1737,128,1865,0,588,67,0.466,0.534,0.931,1.000,0.102,40.000,0.154,0.846,0.000,duplicate-guard,2,4,0,0,2,4,4228,33019,0,0,0,0,33019,predicted-useful,fec-grace,6919,0.091,600,1865,0,3,0,0,0,0,0,0,0,591,7744,591,7744,0,0,0,pacing,1,0.640,5.400,113.400,0,0,0,0,0,0,0,0,7747,4948,5660,0,1,9500000,1200000,1,0,1,45737,45736,56329480,1865,2320060,114,141816,0,0,0,0,0,8.233,39.122,556.562,4800.000,2343,83174,42885,18783,40289,21506,0.305,5.070,1.585,2343,4503398,7520580,2.022,18.012,0.534,10.147,83174,4228,1259,33019,4225,0,3,290,290,520,290,0,0,1,0,4,7507,6150,6150,0,0,0,0,0,,disabled,,0,0,0,0,,1,Fixed Quality,Hybrid,85,30,9500,12000,640,360,H.264,480,270,518400,26096,518400,26096,0.050,0.000,,0,0,0.000,1.768,0.000,0.000,0.077,6000,6250,6250,41,41,0,1,9500,0.820,1,10.604,0.000,0,0,0.000,0.000,0,0,0,0,0.308,0.623,0.069,1,0,0,latency-pressure-freshness-hold,22,1,1,decoder-sync-observed,0,,0,0,14.356,21.976,0,,0.000,0.000,0.000,0.000,0,0,0,,0,0,0,6.441,0,1575,0.077,0.000,0.000,0.077,0.000,0.052,0.007,1,1,1,1,0,1,1,0,0,0,0,0,1.000,0.000,0.000,27,0,0.000,0,0,0,0.000,0.000,0.000,0.000,0.000,0.000,0.000,1.641,10.330,0,0,0,0,0,0,0,0,0.000,0.000,0.000,0.000,0.000,0.000,0,0.104,23.428,1217,1233,5401,97.072,195.533,6.973,195.533,20562.049,548,1,H.264,147.144,0,0,194.542,195.567,1.000,151.007,146.143,arrival-gap-jitter-spike,36762.219,0,1,1,1,1,57324.268,423.910,425.630,426.293,426.293,0,0,35,0,0,35,1,latency-pressure freshness,latency-over-80ms,145.153,165.383,1550,1,decoded,0,0,0,0,0,0,0,0,0,0,,101.947,0.000,104.679,0.000,0.000,0.000,137.197,stale-before-upload,0.001,1572,0.000,110.896,6.304,0.079,0.815,0.549,0.000,0.267,1,0,0,1,3,0.063,23.426,23.428,36.965,23.408,3.000,FrameFreshness,0,1,0,0.000,1,2,2,1,0.060,0.000,0.060,0,100,0,45793,42975,2764,0,2599
58.325,Custom_loss6_delay0-100_dup0_reorder6_burst0,Loopback,1,1,0,,,0.000,0,21,1598,19.964,18.426,16.956,97.794,102.446,36.506,55.695,11.663,0.063,0.209,43616,2916,40963,38047,6380,3565,667,2070,1569,501,78,0,38047,1302,343,0,0,0,0,5.000,0,0,0,0,0,0,0,0,0,0,0,0,0,0,0,0.000,0.000,0.000,,1254,1254,5497,0,1,37.430,194.542,38.428,195.567,0.000,0.000,1238,1217,21543,1803,301,0,4299,6248,1600,1,fec-recovered,pending,H.264,1,1,22,9,13,4,1,1,3,17,0,0,46492,1,0,0,0,0,0,45.962,581,667,501,493,501,0,62.336,24.271,168.971,6,0,1755,134,1889,0,596,69,0.466,0.534,0.929,1.000,0.104,45.000,0.571,0.429,0.000,duplicate-guard,2,4,0,0,2,4,4299,33532,0,0,0,0,33532,predicted-useful,fec-grace,7036,0.773,608,1889,0,3,0,0,0,0,0,0,0,599,7838,599,7838,0,0,0,pacing,1,0.697,10.997,118.997,0,0,0,0,0,0,0,0,7841,5035,5757,0,1,9500000,1200000,0,0,0,46489,46489,57259550,1889,2349916,114,141816,0,0,0,0,0,12.047,39.122,3919.188,4800.000,2381,84575,43612,19120,40963,21843,0.305,29.886,2.179,2381,4720987,7779979,1.157,6.935,0.478,12.459,84575,4299,1281,33532,4296,0,3,295,295,529,295,0,0,1,0,4,7642,6248,6248,0,0,0,0,0,,disabled,,0,0,0,0,,1,Fixed Quality,Hybrid,85,30,9500,12000,640,360,H.264,480,270,518400,26096,518400,26096,0.050,0.000,,0,0,0.000,1.929,0.000,0.000,0.065,6250,6250,6250,41,41,0,1,9500,0.880,1,12.047,0.000,0,0,0.000,0.000,0,0,0,0,0.308,0.621,0.071,1,0,0,latency-pressure-freshness-hold,22,1,1,decoder-sync-observed,0,,0,0,13.768,21.976,0,,0.000,0.000,0.000,0.000,0,0,0,,0,0,0,6.014,0,1601,0.065,0.000,0.000,0.065,0.000,0.042,0.007,1,1,1,1,0,1,1,0,0,0,0,0,1.000,0.000,0.000,27,0,0.000,0,0,0,0.000,0.000,0.000,0.000,0.000,0.000,0.000,1.836,24.904,0,0,0,0,0,0,0,0,0.000,0.000,0.000,0.000,0.000,0.000,0,0.097,18.426,1238,1254,5497,38.390,195.533,6.973,195.533,20562.049,548,1,H.264,147.144,0,0,194.542,195.567,1.000,151.007,146.143,arrival-gap-jitter-spike,37762.860,0,1,1,1,1,58324.909,423.910,425.630,426.293,426.293,0,0,36,0,0,36,1,latency-pressure freshness,latency-over-80ms,141.580,165.383,1584,1,decoded,0,0,0,0,0,0,0,0,0,0,,100.690,0.000,103.480,0.000,0.000,0.000,128.897,stale-before-upload,0.001,1598,0.000,107.723,4.763,0.080,0.245,0.000,0.000,0.245,1,0,0,1,3,0.063,19.964,18.426,11.663,16.956,3.000,FrameFreshness,0,1,0,1.000,0,1,1,1,0.060,0.000,0.060,0,100,0,46547,43691,2812,0,2637
59.331,Custom_loss6_delay0-100_dup0_reorder6_burst0,Loopback,1,1,0,,,0.000,0,21,1626,23.716,23.721,23.998,96.449,102.434,15.414,54.935,37.293,0.063,0.208,44368,2963,41668,38705,6482,3623,676,2105,1598,507,78,0,38705,1325,348,0,0,0,0,5.000,0,0,0,0,0,0,0,0,0,0,0,0,0,0,0,0.000,0.000,0.000,,1277,1277,5593,0,1,3.915,194.542,4.873,195.567,0.000,0.000,1261,1240,21914,1832,306,0,4377,6360,1627,1,nack-sent,pending,H.264,1,1,23,13,10,1,0,2,5,25,0,0,47298,19,0,0,0,0,0,69.081,582,676,507,499,507,0,62.498,24.117,168.971,6,0,1771,133,1904,0,598,69,0.463,0.537,0.930,1.000,0.103,44.000,0.000,0.000,0.000,insufficient-sample,2,4,0,0,2,4,4377,34149,0,0,0,0,34149,predicted-useful,fec-grace,7162,0.000,613,1904,0,3,0,0,0,0,0,0,0,604,7907,604,7907,0,0,0,pacing,1,0.733,11.847,119.847,0,0,0,0,0,0,0,0,7910,5131,5860,0,1,9500000,1200000,12,0,12,47307,47295,58252680,1904,2368576,114,141816,0,0,0,0,0,8.043,39.122,25.750,4800.000,2420,86007,44347,19454,41660,22206,0.305,31.396,0.000,2420,5046066,8126020,0.716,1.329,0.496,15.087,86007,4377,1304,34149,4374,0,3,300,300,540,300,0,0,1,0,4,7779,6360,6360,0,0,0,0,0,,disabled,,0,0,0,0,,1,Fixed Quality,Hybrid,85,30,9500,12000,640,360,H.264,480,270,518400,27138,518400,27138,0.052,0.000,,0,0,0.000,2.041,0.000,0.000,0.064,7250,6500,6500,42,42,0,1,9500,1.000,0,8.043,0.000,0,0,0.000,0.000,0,0,0,0,0.306,0.624,0.070,1,0,0,disabled,23,1,1,decoder-sync-observed,0,,0,0,17.210,22.853,0,,0.000,0.000,0.000,0.000,0,0,0,,0,0,0,5.551,0,1629,0.064,0.000,0.000,0.063,0.000,0.043,0.007,1,1,1,1,0,1,1,0,0,0,0,0,1.000,0.000,0.000,30,0,0.000,0,0,0,0.000,0.000,0.000,0.000,0.000,0.000,0.000,1.950,9.869,0,0,0,0,0,0,0,0,0.000,0.000,0.000,0.000,0.000,0.000,0,0.088,23.721,1261,1277,5593,4.903,195.533,6.973,195.533,20562.049,548,1,H.264,147.144,0,0,194.542,195.567,1.000,151.007,146.143,arrival-gap-jitter-spike,38768.859,0,1,1,1,1,59330.908,423.910,425.630,426.293,426.293,0,0,36,0,0,36,0,,,141.580,165.383,1584,1,decoded,0,0,0,0,0,0,0,0,0,0,,100.640,0.000,103.468,0.000,0.000,0.000,133.225,stale-before-upload,0.001,1626,0.000,109.721,6.124,0.073,0.741,0.440,0.000,0.301,1,0,0,1,3,0.063,23.716,23.721,37.293,23.998,3.000,FrameFreshness,0,1,0,0.000,3,1,1,1,0.060,0.000,0.060,0,100,0,47354,44448,2856,0,2672
60.337,Custom_loss6_delay0-100_dup0_reorder6_burst0,Loopback,1,1,0,,,0.000,0,21,1652,18.204,16.389,15.258,105.262,102.456,104.371,55.850,14.869,0.063,0.210,45002,3003,42249,39246,6569,3685,683,2122,1610,512,79,0,39246,1344,357,0,0,0,0,5.000,0,0,0,0,0,0,0,0,0,0,0,0,0,0,0,0.000,0.000,0.000,,1294,1294,5692,0,1,68.776,194.542,69.802,195.567,0.000,0.000,1277,1255,22239,1856,313,0,4449,6454,1651,1,expired-no-slack,expired,H.264,1,1,21,19,2,4,2,3,5,13,3,2,47889,2,47914,2,0,0,0,163.193,593,683,512,504,512,0,62.496,24.160,168.971,6,0,1794,133,1927,0,606,70,0.465,0.535,0.931,1.000,0.104,44.000,0.667,0.333,0.000,stable,2,4,0,0,2,4,4449,34633,0,0,0,0,34633,predicted-useful,fec-grace,7273,0.333,620,1927,0,3,0,0,0,0,0,0,0,611,7998,611,7998,0,0,0,pacing,1,0.789,7.092,115.092,0,0,0,0,0,0,0,0,8001,5215,5953,1,1,9500000,1200000,0,0,0,47962,47962,59078373,1927,2397188,116,144304,0,0,0,0,0,15.923,39.122,11073.688,4800.000,2456,87243,44994,19769,42249,22480,0.305,3.968,0.880,2456,5158497,8028614,1.086,18.855,0.486,12.536,87243,4449,1322,34633,4446,0,3,307,307,551,307,0,0,1,0,4,7889,6454,6454,0,0,0,0,0,,disabled,,0,0,0,0,,1,Fixed Quality,Hybrid,85,30,9500,12000,640,360,H.264,480,270,518400,25054,518400,25054,0.048,0.000,,0,0,0.000,1.946,0.000,0.000,0.062,6000,6000,6000,43,43,0,1,9500,0.820,1,15.923,0.000,0,0,0.000,0.000,0,0,0,0,0.308,0.623,0.069,1,0,0,latency-pressure-freshness-hold,21,1,1,decoder-sync-observed,0,,0,0,9.024,21.098,0,,0.000,0.000,0.000,0.000,0,0,0,,0,0,0,5.670,0,1655,0.062,0.000,0.000,0.062,0.000,0.042,0.005,1,1,1,1,0,1,1,0,0,0,0,0,1.000,0.000,0.000,27,0,0.000,0,0,0,0.000,0.000,0.000,0.000,0.000,0.000,0.000,1.856,9.933,0,0,0,0,0,0,0,0,0.000,0.000,0.000,0.000,0.000,0.000,0,0.101,16.389,1277,1294,5692,69.637,195.533,6.973,195.533,20562.049,548,1,H.264,147.144,0,0,194.542,195.567,1.000,151.007,146.143,arrival-gap-jitter-spike,39775.498,0,1,1,1,1,60337.547,423.910,425.630,426.293,426.293,0,0,38,0,0,38,2,latency-pressure freshness,latency-over-80ms,148.903,165.383,1646,1,decoded,0,0,0,0,0,0,0,0,0,0,,109.921,0.000,111.651,0.000,0.000,0.000,132.631,stale-before-upload,0.001,1652,0.000,113.925,6.099,0.074,0.716,0.409,0.000,0.307,1,0,0,1,3,0.063,18.204,16.389,14.869,15.258,3.000,FrameFreshness,0,1,0,0.000,0,1,1,1,0.060,0.000,0.060,0,100,0,48022,45081,2905,0,2718
