timeSec,scenarioName,networkRuntimeMode,networkModeSendingEnabled,networkModeReceivingEnabled,networkExperimentActive,networkExperimentScenarioName,networkExperimentAdaptiveMode,networkExperimentRemainingSec,networkExperimentStepIndex,networkExperimentStepCount,frameId,receiveFps,decodeFps,displayFps,currentLatencyMs,averageLatencyMs,currentRttMs,averageRttMs,currentJitterMs,packetLossRate,frameDropRate,receivedPackets,missingPackets,sequenceGapPackets,sequenceGapRecoveredPackets,duplicatePackets,duplicateOriginalPackets,duplicateRetransmitPackets,duplicateLateAfterCompletedPackets,duplicateLateAfterCompletedOriginalPackets,duplicateLateAfterCompletedRetransmitPackets,duplicateLateAfterExpiredPackets,duplicateLateAfterRejectedPackets,reorderedPackets,completedFrames,droppedFrames,deadlineDroppedFrames,outputQueueDroppedFrames,outputQueueDropEvents,outputQueueDropBurstEvents,startupWarmupSec,startupWarmupActive,outputQueueDroppedFramesDelta,outputQueueDropEventsDelta,outputQueueDropBurstEventsDelta,startupOutputQueueDroppedFrames,startupOutputQueueDropEvents,startupOutputQueueDropBurstEvents,steadyOutputQueueDroppedFrames,steadyOutputQueueDropEvents,steadyOutputQueueDropBurstEvents,evaluationOutputQueueDroppedFrames,evaluationOutputQueueDropEvents,evaluationOutputQueueDropBurstEvents,lastOutputQueueDropFrameCount,lastOutputQueueDropQueueSize,lastOutputQueueDropOldestAgeMs,lastOutputQueueDropNewestAgeMs,maxOutputQueueDropOldestAgeMs,lastOutputQueueDropReason,completedQueuePushes,completedQueuePops,completedQueueEmptyPolls,completedQueueSize,maxCompletedQueueSize,completedQueueLastPopAgeMs,completedQueueMaxPopAgeMs,completedQueueLastPushIntervalMs,completedQueueMaxPushIntervalMs,lastOutputQueueDropPopAgeMs,lastOutputQueueDropPushIntervalMs,decodedFrames,displayedFrames,frameRecoveryOutcomeEvents,frameRecoveryCompletedFrames,frameRecoveryExpiredFrames,frameRecoveryRejectedFrames,frameRecoveryNackSentFrames,frameRecoveryFecRecoveredFrames,frameRecoveryLastFrameId,frameRecoveryLastStreamId,frameRecoveryLastEvent,frameRecoveryLastOutcome,frameRecoveryLastCodec,frameRecoveryLastKeyFrame,frameRecoveryLastLargeFrame,frameRecoveryLastChunkCount,frameRecoveryLastReceivedChunks,frameRecoveryLastMissingChunks,frameRecoveryLastFecParityPackets,frameRecoveryLastFecRecoveredChunks,frameRecoveryLastNackCount,frameRecoveryLastPostNackReceivedChunks,frameRecoveryLastNackRequestedChunks,frameRecoveryLastRetransmitReceivedChunks,frameRecoveryLastRetransmitDuplicatePackets,frameRecoveryLastPacketSequence,frameRecoveryLastPacketChunkIndex,frameRecoveryLastRetransmitSequence,frameRecoveryLastRetransmitChunkIndex,frameRecoveryLastEventPacketSequence,frameRecoveryLastEventPacketChunkIndex,frameRecoveryLastEventWasRetransmit,frameRecoveryLastAgeMs,retransmitUsefulChunks,retransmitDuplicatePackets,retransmitLateAfterCompletedPackets,retransmitLateAfterCompletedLargePackets,retransmitLateAfterCompletedSentBeforeCompletePackets,retransmitLateAfterCompletedSentAfterCompletePackets,retransmitLateAfterCompletedAvgSendToCompleteMs,retransmitLateAfterCompletedAvgDelayMs,retransmitLateAfterCompletedMaxDelayMs,retransmitLateAfterExpiredPackets,retransmitLateAfterRejectedPackets,retransmitClassifiedPackets,retransmitNotArrivedPackets,retransmitAccountedPackets,retransmitUnclassifiedPackets,retransmitCompletedFrames,retransmitExpiredFrames,retransmitUsefulnessRatio,retransmitDuplicateRatio,retransmitFinalClassificationRatio,retransmitFinalAccountingRatio,retransmitExpiredAfterUsefulRatio,dynamicNackDeadlineMs,dynamicNackUsefulnessRatio,dynamicNackDuplicateRatio,dynamicNackExpiredAfterRetransmitRatio,dynamicNackDecisionReason,nackSuppressedFrames,nackSuppressedMissingChunks,nackPreflightSuppressedFrames,nackPreflightSuppressedChunks,nackFecGraceSuppressedFrames,nackFecGraceSuppressedChunks,nackPredictedUsefulFrames,nackPredictedUsefulChunks,nackDeferredForLikelyArrivalFrames,nackDeferredForLikelyArrivalChunks,nackSkippedTooLateFrames,nackSkippedTooLateChunks,nackRequestedChunkBudget,nackLastShapingReason,nackLastSuppressionReason,ackCount,lastAckMissingRate,ackRetransmittedFrames,ackRetransmittedChunks,repairCanceledByCompleteAckPackets,repairSkippedByTtlPackets,repairQueuedButCanceledPackets,repairSentAfterCompleteAckPackets,repairSentAfterCompleteAckLargePackets,repairSuppressedByFecLikelyFrames,repairSuppressedByFecLikelyPackets,repairSuppressedByFecLikelyLargeFrames,repairSuppressedByFecLikelyLargePackets,repairBudgetSuppressedFrames,repairBudgetSuppressedPackets,repairBudgetSuppressedLargeFrames,repairBudgetSuppressedLargePackets,repairRaceGuardSuppressedFrames,repairRaceGuardSuppressedPackets,repairRaceGuardSuppressedLargePackets,repairBudgetProfile,repairBudgetProfileSwitches,repairBudgetSmoothedMissingRate,repairBudgetSmoothedPacingQueueDelayMs,repairBudgetSmoothedDeliveryMs,repairFecLikelySuppressedCompletedFrames,repairFecLikelySuppressedCompletedPackets,repairFecLikelySuppressedExpiredFrames,repairFecLikelySuppressedExpiredPackets,repairFecLikelySuppressedPendingFrames,repairFecLikelySuppressedPendingPackets,repairFecLikelySuppressionRescueFrames,repairFecLikelySuppressionRescuePackets,h264KeyTinyMissingCriticalFrames,h264KeyTinyMissingCriticalPackets,h264KeyTinyMissingCriticalSentPackets,h264KeyTinyMissingCriticalSkippedPackets,h264KeyTinyMissingCriticalLastFrameId,h264KeyTinyMissingCriticalLastAckMissingChunks,h264KeyTinyMissingCriticalLastRequestedChunks,h264KeyTinyMissingCriticalLastEvent,h264KeySmallMissingAckFrames,h264KeySmallMissingAckMissingChunks,h264KeySmallMissingAckHistoryMissingFrames,h264KeySmallMissingAckStaleFrameLagFrames,h264KeySmallMissingAckStaleAgeFrames,h264KeySmallMissingAckRetransmitBudgetExhaustedFrames,h264KeySmallMissingAckDynamicBudgetSuppressedFrames,h264KeySmallMissingAckDynamicBudgetSuppressedPackets,h264KeySmallMissingAckSelectedRepairFrames,h264KeySmallMissingAckSelectedRepairPackets,h264KeySelectedRepair1To2Frames,h264KeySelectedRepair1To2Packets,h264KeySelectedRepair3To4Frames,h264KeySelectedRepair3To4Packets,h264KeySmallMissingAckLastFrameId,h264KeySmallMissingAckLastMissingChunks,h264KeySmallMissingAckLastGate,h264KeyRepair1To2CompletedFrames,h264KeyRepair1To2ExpiredFrames,h264KeyRepair1To2ArrivedPackets,h264KeyRepair1To2DuplicatePackets,h264KeyRepair1To2LateCompletedPackets,h264KeyRepair1To2LateExpiredPackets,h264KeyRepair1To2LateRejectedPackets,h264KeyRepair3To4CompletedFrames,h264KeyRepair3To4ExpiredFrames,h264KeyRepair3To4ArrivedPackets,h264KeyRepair3To4DuplicatePackets,h264KeyRepair3To4LateCompletedPackets,h264KeyRepair3To4LateExpiredPackets,h264KeyRepair3To4LateRejectedPackets,lateRepairSavedPackets,ackStaleDroppedFrames,ackKeyFrameRequests,ackKeyFramePending,pacingEnabled,pacingTargetBitrateBps,pacingRepairTargetBitrateBps,pacingQueuedPackets,pacingHighPriorityQueuedPackets,pacingNormalQueuedPackets,pacingEnqueuedPackets,pacingSentPackets,pacingSentBytes,pacingRepairSentPackets,pacingRepairSentBytes,pacingRepairBorrowedPackets,pacingRepairBorrowedBytes,pacingDroppedPackets,pacingDeadlineDroppedPackets,pacingHighPriorityDeadlineDroppedPackets,pacingNormalDeadlineDroppedPackets,pacingOverflowDroppedPackets,pacingCurrentQueueDelayMs,pacingMaxQueueDelayMs,pacingVideoCreditBytes,pacingRepairCreditBytes,transportFeedbackPackets,transportFeedbackPacketStatuses,transportFeedbackReceivedPackets,transportFeedbackMissingPackets,transportFeedbackSequenceGapPackets,transportFeedbackSequenceGapRecoveredPackets,transportFeedbackLossRate,transportFeedbackArrivalJitterMs,transportFeedbackQueueDelayTrendMs,transportFeedbackLastSequence,estimatedBandwidthBps,deliveryRateBps,bandwidthQueueDelayMs,bandwidthRttTrendMs,bandwidthLossTrend,bandwidthJitterTrendMs,bandwidthFeedbackSamples,deadlineNackSentFrames,deadlineNackRecoveredFrames,deadlineNackMissingChunks,deadlineNackSentH264KeyFrames,deadlineNackSentH264LargeFrames,deadlineNackSentH264DeltaFrames,deadlineNackExpiredDroppedFrames,deadlineNackExpiredAfterNackFrames,deadlineNackExpiredMissingChunks,deadlineNackExpiredH264KeyFrames,deadlineNackExpiredH264KeyMissingChunks,deadlineNackLastExpiredH264KeyMissingChunks,deadlineNackExpiredH264KeyMissingChunks1,deadlineNackExpiredH264KeyMissingChunks2To4,deadlineNackExpiredH264KeyMissingChunks5To8,deadlineNackExpiredH264KeyMissingChunks9To16,deadlineNackExpiredH264KeyMissingChunks17Plus,h264KeySmallMissingDeadlineRescueFrames,h264KeySmallMissingDeadlineRescueMissingChunks,h264KeySmallMissingDeadlineRescueCompletedFrames,h264KeySmallMissingDeadlineRescueRejectedFrames,h264KeySmallMissingDeadlineRescueExpiredFrames,h264KeySmallMissingDeadlineRescueCompletedMissingChunks,h264KeySmallMissingDeadlineRescueExpiredMissingChunks,deadlineNackExpiredH264LargeFrames,deadlineNackExpiredH264DeltaFrames,fecEnabled,adaptiveFecEnabled,fecGroupChunkCount,fecParityPackets,fecRecoveredFrames,fecRecoveredChunks,h264ReassemblerAuRejectedFrames,h264ReassemblerHeaderFailures,h264ReassemblerPayloadSizeMismatches,h264ReassemblerFrameIdMismatches,h264ReassemblerCrcMismatches,h264ReassemblerLastRejectReason,adaptiveFecDecisionReason,adaptiveFecHoldReason,adaptiveFecG8ToG4Recovery,adaptiveFecQualityHoldActive,adaptiveFecQualityHoldCanceled,adaptiveFecEmergencyG2Active,adaptiveFecEarlyOffReason,adaptiveEnabled,adaptiveControlMode,adaptiveCongestionControlMode,targetJpegQuality,targetFps,targetBitrateKbps,adaptiveBandwidthCeilingKbps,targetWidth,targetHeight,actualCodec,actualEncodeWidth,actualEncodeHeight,actualRawFrameBytes,actualEncodedFrameBytes,rawFrameBytes,encodedFrameBytes,compressionRatio,captureFps,cameraCaptureSubtype,cameraCaptureWidth,cameraCaptureHeight,cameraCaptureFormatFps,encodeMs,resizeMs,nv12PrepareMs,h264EncodeMs,h264EncoderRequestedBitrateKbps,h264EncoderTargetBitrateKbps,h264EncoderAppliedBitrateKbps,h264DynamicBitrateUpdateRequests,h264DynamicBitrateUpdateSuccesses,h264DynamicBitrateUpdateFailures,h264EncoderReinitializations,pacingBudgetTargetBitrateKbps,h264VideoBudgetScale,pacingBurstGuardActive,fixedPacingRecentMaxQueueDelayMs,fixedPacingQueueReleaseStableSec,fixedPacingQueueRecovered,fixedPacingQueueReleaseEligible,adaptiveRepairBudgetUtilization,adaptiveRepairBorrowedRatio,adaptiveRepairSentBytesDelta,adaptiveRepairBorrowedBytesDelta,adaptiveRepairBudgetGuardActive,adaptiveRepairVideoBudgetPressure,adaptiveRetransmitUsefulRatio,adaptiveLateRepairWasteRatio,adaptiveRetransmitNotArrivedRatio,adaptiveRetransmitAccountingComplete,adaptiveLateRepairWastePressure,adaptiveRetransmitNotArrivedPressure,adaptiveRepairDecisionReason,h264AuChunkCount,h264AuIsIdr,h264AuIsDecoderSync,h264RequestedKeyFrameConsumedFrames,h264EncoderKeyFrameRequests,h264RecoveryKeyFrameRequests,h264AwaitingSyncKeyFrameRequests,h264PeriodicIdrRequests,h264IdrFrames,h264DecoderSyncFrames,h264ConsecutiveIdrFrames,h264MaxConsecutiveIdrFrames,h264AuProtectionLevel,h264AuDroppedBeforeSend,h264AuDropReason,h264AuDroppedBytes,h264AuDroppedChunks,h264AuPacingQueueDelayMs,h264AuEstimatedSendMs,h264InputGatedByPacing,h264InputGateReason,h264InputGateQueueDelayMs,h264InputGateVideoCreditBytes,h264InputGateFrameBudgetBytes,h264InputGateDurationMs,h264InputGateConsecutiveFrames,h264InputGateSkippedInputFrames,h264InputGateForcedOpen,h264InputGateReleaseReason,fecProtectedH264KeyFrames,fecProtectedH264LargeFrames,h264EncoderDelayFrames,h264EncoderDelayMs,h264EncoderPendingFrames,h264EncodedInputFrameId,h264EncoderCallMs,h264EncoderSampleCreateMs,h264EncoderProcessInputMs,h264EncoderPreInputPollMs,h264EncoderPostInputWaitMs,h264EncoderProcessOutputMs,h264EncoderOutputCopyMs,h264EncoderProcessOutputAttempts,h264EncoderAsyncEventCount,h264EncoderHardware,h264EncoderAsync,h264EncoderNeedInputSignaled,h264EncoderOutputProduced,h264EncoderOutputProducedBeforeInput,h264SubmittedNewInput,h264AsyncSubmittedWithoutOutput,h264AsyncPendingNoOutput,h264AsyncCadenceHoldActive,h264AsyncPendingNoOutputStreak,h264AsyncCadenceScale,h264AsyncCadenceHoldRemainingMs,h264AsyncOutputPollBackoffMs,h264InputCadenceFps,h264NeedInputSubmitWake,h264NeedInputSubmitLeadMs,encodedCameraFrameId,encodedCameraSourceTimestamp100ns,encodedCameraCaptureCompletedTimeUs,encodedCameraFrameAgeMs,encodedCameraReadSampleMs,encodedCameraReadSampleEndToCaptureMs,encodedCameraCaptureToPublishMs,encodedCameraPublishToAcquireMs,encodedCameraAcquireToEncoderInputMs,jpegEncodeMs,packetizeMs,sendFrameIntervalMs,cameraFrameReady,cameraFrameId,cameraSourceTimestamp100ns,cameraReadSampleStartTimeUs,cameraReadSampleEndTimeUs,cameraCaptureCompletedTimeUs,cameraFramePublishedTimeUs,cameraSenderAcquireTimeUs,cameraReadSampleMs,cameraReadSampleEndToCaptureMs,cameraCaptureToPublishMs,cameraPublishToAcquireMs,cameraAcquireToSendMs,cameraFrameAgeMs,cameraFrameCacheUsed,receiveJpegDecodeMs,receiveDecodeWorkerFps,receiveDecodeWorkerFrames,receiveDecodePopSuccesses,receiveDecodePopEmptyPolls,receiveDecodeLoopLastPopGapMs,receiveDecodeLoopMaxPopGapMs,receiveStartupDecodeLoopMaxPopGapMs,receiveSteadyDecodeLoopMaxPopGapMs,receiveSteadyDecodeLoopMaxPopGapAtMs,receiveSteadyDecodeLoopMaxPopGapFrameId,receiveSteadyDecodeLoopMaxPopGapStreamId,receiveSteadyDecodeLoopMaxPopGapCodec,receiveSteadyDecodeLoopMaxPopGapInputFrameAgeMs,receiveSteadyDecodeLoopMaxPopGapDecodedQueueSize,receiveSteadyDecodeLoopMaxPopGapCompletedQueueSize,receiveSteadyDecodeLoopMaxPopGapCompletedQueuePopAgeMs,receiveSteadyDecodeLoopMaxPopGapCompletedQueuePushIntervalMs,receiveSteadyDecodeLoopMaxPopGapArrivalRatio,receiveSteadyDecodeLoopMaxPopGapReceiverJitterMs,receiveSteadyDecodeLoopMaxPopGapReceiverLatencyMs,receiveSteadyDecodeLoopMaxPopGapClass,receiveSteadyDecodeLoopMaxPopGapAgeMs,receiveH264StartupActive,receiveH264StartupDecoderSynced,receiveH264StartupFirstDecoded,receiveH264StartupFirstDisplayed,receiveH264StartupReady,receiveH264StartupElapsedMs,receiveH264StartupDecoderSyncMs,receiveH264StartupFirstDecodedMs,receiveH264StartupFirstDisplayedMs,receiveH264StartupReadyMs,receiveH264StartupQueueFlushFrames,receiveDecodeOverwrittenFrames,receiveDecodeQueueDroppedFrames,receiveDecodeRenderOverwriteFrames,receiveDecodeFailures,receiveFreshnessDroppedFrames,receiveFreshnessDroppedFramesDelta,receiveFreshnessDropClass,receiveFreshnessDropEvidence,receiveLastFreshnessDropAgeMs,receiveMaxFreshnessDropAgeMs,receiveLastFreshnessDropFrameId,receiveLastFreshnessDropStreamId,receiveLastFreshnessDropCodec,receiveH264AuInvalidFrames,receiveH264AuCrcMismatches,receiveH264AuPayloadSizeMismatches,receiveH264AuNalCountMismatches,receiveH264AuNoAnnexBNals,receiveH264AuIdrFlagMismatches,receiveH264AuSpsPpsFlagMismatches,receiveH264AuSyncWithoutIdr,receiveH264AuIdrWithoutSpsPps,receiveH264AuForbiddenZeroBit,receiveH264AuLastInvalidReason,receiveDecodeInputFrameAgeMs,receiveDecodeInputCameraFrameAgeMs,receiveDecodeInputEncoderOutputAgeMs,receiveLatestDecodedFrameAgeMs,receiveLatestDecodedCameraFrameAgeMs,receiveLatestDecodedEncoderOutputAgeMs,receiveFreshnessDropThresholdMs,receiveDecodeLastDropReason,receiveUploadBufferWaitMs,receiveDisplayFrameId,receiveDisplayCameraFrameAgeMs,receiveDisplayEncoderOutputAgeMs,receiveDisplayDecodedFrameAgeMs,textureUploadMs,presentGpuWaitMs,renderFramePacingWaitMs,waitableSwapChainWaitMs,presentMs,presentSyncInterval,lowLatencyPresentMode,waitableSwapChainPacingEnabled,waitableSwapChainAvailable,swapChainBufferCount,adaptiveInputPacketLossRate,adaptiveInputReceiveFps,adaptiveInputDecodeFps,adaptiveInputJitterMs,adaptiveInputDisplayFps,adaptiveQoeScore,adaptiveDegradationCause,adaptiveArrivalGapJitterSpikeActive,adaptiveFecRecoveryWorking,adaptiveFecGuardActive,adaptiveFecRecoveryEfficiency,adaptiveFecParityPacketDelta,adaptiveFecRecoveredFrameDelta,adaptiveFecRecoveredChunkDelta,simEnabled,simLossRate,simDuplicateRate,simReorderRate,simMinDelayMs,simMaxDelayMs,simBurstLossLength,simSubmittedPackets,simSentPackets,simDroppedPackets,simDuplicatedPackets,simReorderedPackets
0.122,Custom_loss6_delay0-100_dup0_reorder6_burst0,Loopback,1,1,0,,,0.000,0,21,0,0.000,0.000,0.000,0.000,0.000,0.000,0.000,0.000,0.000,0.000,0,0,0,0,0,0,0,0,0,0,0,0,0,0,0,0,0,0,0,5.000,1,0,0,0,0,0,0,0,0,0,0,0,0,0,0,0.000,0.000,0.000,,0,0,12,0,0,0.000,0.000,0.000,0.000,0.000,0.000,0,0,0,0,0,0,0,0,0,0,,,,0,0,0,0,0,0,0,0,0,0,0,0,0,0,0,0,0,0,0,0.000,0,0,0,0,0,0,0.000,0.000,0.000,0,0,0,0,0,0,0,0,0.000,0.000,0.000,0.000,0.000,0.000,0.000,0.000,0.000,,0,0,0,0,0,0,0,0,0,0,0,0,0,,,0,0.000,0,0,0,0,0,0,0,0,0,0,0,0,0,0,0,0,0,0,balanced,0,0.000,0.000,0.000,0,0,0,0,0,0,0,0,0,0,0,0,0,0,0,,0,0,0,0,0,0,0,0,0,0,0,0,0,0,0,0,,0,0,0,0,0,0,0,0,0,0,0,0,0,0,0,0,0,0,1,9500000,1200000,0,0,0,0,0,0,0,0,0,0,0,0,0,0,0,0.000,0.000,3750.000,4800.000,0,0,0,0,0,0,0.000,0.000,0.000,0,6000000,0,0.000,0.000,0.000,0.000,0,0,0,0,0,0,0,0,0,0,0,0,0,0,0,0,0,0,0,0,0,0,0,0,0,0,0,1,0,4,0,0,0,0,0,0,0,0,,disabled,,0,0,0,0,,1,Fixed Quality,Hybrid,85,30,9500,12000,640,360,,0,0,0,0,0,0,0.000,0.000,,0,0,0.000,0.000,0.000,0.000,0.000,0,0,0,0,0,0,0,0,1.000,0,0.000,0.000,1,0,0.000,0.000,0,0,0,0,0.000,0.000,0.000,0,0,0,disabled,0,0,0,0,0,0,0,0,0,0,0,0,,0,,0,0,0.000,0.000,0,,0.000,0.000,0.000,0.000,0,0,0,,0,0,0,0.000,0,0,0.000,0.000,0.000,0.000,0.000,0.000,0.000,0,0,0,0,0,0,0,0,0,0,0,0,1.000,0.000,0.000,0,0,0.000,0,0,0,0.000,0.000,0.000,0.000,0.000,0.000,0.000,0.000,0.000,0,0,0,0,0,0,0,0,0.000,0.000,0.000,0.000,0.000,0.000,0,0.000,0.000,0,0,12,0.000,0.000,0.000,0.000,0.000,0,0,,0.000,0,0,0.000,0.000,0.000,0.000,0.000,,-1.000,1,0,0,0,0,121.686,0.000,0.000,0.000,0.000,0,0,0,0,0,0,0,,,0.000,0.000,0,0,,0,0,0,0,0,0,0,0,0,0,,0.000,0.000,0.000,0.000,0.000,0.000,120.000,,0.000,0,0.000,0.000,0.000,0.000,0.000,0.000,0.000,0.000,1,0,0,1,3,0.000,0.000,0.000,0.000,0.000,0.000,None,0,0,0,0.000,0,0,0,1,0.060,0.000,0.060,0,100,0,0,0,0,0,0
1.124,Custom_loss6_delay0-100_dup0_reorder6_burst0,Loopback,1,1,0,,,0.000,0,21,19,21.738,15.758,15.739,100.683,83.753,0.000,0.000,15.559,0.138,0.182,343,55,336,281,37,15,0,22,17,5,0,0,281,18,4,0,0,0,0,5.000,1,0,0,0,0,0,0,0,0,0,0,0,0,0,0,0.000,0.000,0.000,,15,15,112,0,1,29.336,89.953,30.444,90.957,0.000,0.000,13,13,185,23,1,0,37,47,20,1,nack-sent,pending,H.264,0,1,26,21,5,5,3,3,12,41,0,0,332,12,0,0,0,0,0,82.551,3,0,5,0,5,0,10.740,50.158,97.484,0,0,8,4,12,0,3,0,1.000,0.000,0.667,1.000,0.000,29.000,0.000,0.000,0.000,insufficient-sample,14,129,0,0,11,123,37,376,3,6,0,0,376,predicted-useful,fec-grace,72,0.615,6,12,0,0,0,0,0,1,1,1,1,1,21,1,21,0,0,0,pacing,0,0.885,6.956,114.956,0,0,1,1,0,0,0,0,4,8,8,0,5,2,2,sent,12,23,0,0,3,4,0,0,5,11,4,8,1,3,19,3,selected-repair,0,0,1,0,5,0,0,1,0,1,0,0,0,0,22,43,4,0,1,9500000,1200000,4,0,4,422,418,497809,17,17448,1,1252,0,0,0,0,0,17.418,32.015,988.125,4800.000,24,660,324,203,336,133,0.385,46.960,0.003,24,6814013,9769655,0.687,0.000,0.521,15.868,660,36,12,371,15,20,1,1,1,1,0,0,0,0,0,0,0,0,0,0,0,0,0,0,0,1,0,1,0,4,60,47,47,0,0,0,0,0,,disabled,,0,0,0,0,,1,Fixed Quality,Hybrid,85,30,9500,12000,640,360,H.264,480,270,518400,30264,518400,30264,0.058,0.000,,0,0,0.000,2.312,0.000,0.000,0.071,7250,7250,7250,0,0,0,1,9500,1.000,0,23.430,0.000,0,0,0.000,0.000,0,0,0,0,0.250,0.417,0.333,1,0,0,disabled,26,0,0,2,7,2,5,0,6,6,0,2,large-au-observed,0,,0,0,29.991,25.485,0,,0.000,0.000,0.000,0.000,0,0,0,,1,0,0,3.659,0,22,0.071,0.000,0.000,0.070,0.000,0.047,0.007,1,1,1,1,0,1,1,0,0,0,1,0,0.860,112.677,0.000,26,0,0.000,0,0,0,0.000,0.000,0.000,0.000,0.000,0.000,0.000,2.217,7.624,0,0,0,0,0,0,0,0,0.000,0.000,0.000,0.000,0.000,0.000,0,0.379,15.758,13,15,112,30.466,91.025,25.618,91.025,1010.200,16,1,H.264,129.492,0,0,89.953,90.957,0.999,35.452,128.410,arrival-gap-jitter-spike,113.939,0,1,1,1,1,1124.139,421.713,440.226,441.345,441.345,0,0,1,0,0,0,0,,,0.000,0.000,0,0,,0,0,0,0,0,0,0,0,0,0,,99.768,0.000,102.207,0.000,0.000,0.000,130.341,h264-decoder-buffering,0.001,19,0.000,106.577,4.460,0.095,0.243,0.000,0.000,0.243,1,0,0,1,3,0.138,21.738,15.758,15.559,15.739,1.000,Jitter,1,1,0,1.500,2,3,3,1,0.060,0.000,0.060,0,100,0,419,344,26,0,20
2.128,Custom_loss6_delay0-100_dup0_reorder6_burst0,Loopback,1,1,0,,,0.000,0,21,43,21.978,21.969,21.762,122.114,95.382,97.446,97.446,10.037,0.100,0.292,1191,132,1158,1026,148,89,5,45,36,9,9,0,1026,34,14,0,0,0,0,5.000,1,0,0,0,0,0,0,0,0,0,0,0,0,0,0,0.000,0.000,0.000,,31,31,204,0,1,54.502,112.254,55.537,113.266,0.000,0.000,29,29,630,43,11,0,116,175,50,1,fec-parity,pending,H.264,0,1,26,4,22,1,0,0,0,0,0,0,1308,13,0,0,0,0,0,20.199,6,5,9,4,9,0,19.967,63.710,144.635,0,0,20,5,25,0,6,0,0.545,0.455,0.800,1.000,0.000,31.000,0.000,1.000,0.000,insufficient-sample,49,548,0,0,35,523,116,1347,14,25,0,0,1347,predicted-useful,fec-grace,190,0.615,11,25,0,0,0,0,0,2,2,2,2,6,117,6,117,0,0,0,pacing,0,0.842,4.210,112.210,0,0,2,2,0,0,0,0,4,8,8,0,5,2,2,sent,12,23,0,0,3,4,0,0,5,11,4,8,1,3,19,3,selected-repair,0,0,1,0,5,0,0,1,0,1,0,3,0,0,119,140,8,0,1,9500000,1200000,0,0,0,1326,1326,1603633,63,73792,29,36132,0,0,0,0,0,17.661,32.015,4837.812,4800.000,70,2328,1180,654,1148,494,0.357,6.214,0.621,70,6344023,9506471,0.832,0.000,0.442,15.445,2328,116,28,1347,27,88,1,11,11,22,0,0,0,0,0,0,0,0,0,0,0,0,0,0,0,11,0,1,0,4,225,175,175,0,0,0,0,0,,disabled,,0,0,0,0,,1,Fixed Quality,Hybrid,85,30,9500,12000,640,360,H.264,480,270,518400,0,518400,30264,0.058,0.000,,0,0,0.000,0.019,0.000,0.000,0.007,7250,7250,7250,0,0,0,1,9500,1.000,0,17.661,0.000,0,0,0.000,0.000,0,0,0,0,0.240,0.560,0.200,1,0,0,disabled,0,0,0,4,13,4,9,0,10,10,0,2,async-output-pending,0,,0,0,0.000,0.000,0,,0.000,0.000,0.000,0.000,0,0,0,,2,0,0,0.000,1,0,0.000,0.000,0.000,0.000,0.000,0.000,0.000,0,0,0,0,0,0,0,0,1,1,1,1,0.860,180.000,1.500,26,0,0.000,0,0,0,0.000,0.000,0.000,0.000,0.000,0.000,0.000,0.000,7.251,0,0,0,0,0,0,0,0,0.000,0.000,0.000,0.000,0.000,0.000,0,0.359,21.969,29,31,204,55.557,113.450,25.618,113.450,1873.494,41,1,H.264,112.393,0,0,112.254,113.266,0.998,67.766,111.186,arrival-gap-jitter-spike,255.336,0,1,1,1,1,2128.830,421.713,440.226,441.345,441.345,0,0,1,0,0,0,0,,,0.000,0.000,0,0,,0,0,0,0,0,0,0,0,0,0,,110.542,0.000,113.525,0.000,0.000,0.000,141.057,h264-decoder-buffering,0.001,43,0.000,118.909,4.992,0.077,0.897,0.677,0.000,0.220,1,0,0,1,3,0.101,21.978,21.969,10.037,21.762,1.000,Jitter,1,1,0,0.500,2,1,1,1,0.060,0.000,0.060,0,100,0,1328,1201,85,0,70
3.134,Custom_loss6_delay0-100_dup0_reorder6_burst0,Loopback,1,1,0,,,0.000,0,21,75,17.274,17.283,17.443,124.456,99.704,42.892,70.169,23.681,0.075,0.303,2043,165,1935,1770,249,153,9,74,64,10,13,0,1770,53,23,0,0,0,0,5.000,1,0,0,0,0,0,0,0,0,0,0,0,0,0,0,0.000,0.000,0.000,,50,50,292,0,1,33.243,169.157,34.208,170.212,0.000,0.000,48,48,1044,63,20,0,194,297,76,1,retransmit-arrived,pending,H.264,1,1,26,24,2,4,3,3,18,55,1,2,2189,3,2189,3,2189,3,1,124.966,11,9,10,5,10,0,25.250,60.564,144.635,0,0,30,5,35,0,9,1,0.550,0.450,0.857,1.000,0.100,34.000,0.000,0.000,1.000,insufficient-sample,78,917,0,0,58,883,194,2301,20,34,0,0,2301,predicted-useful,fec-grace,314,0.846,15,35,0,0,0,0,0,2,2,2,2,10,178,10,178,0,0,0,pacing,0,0.816,5.122,113.122,0,0,2,2,0,0,0,0,4,8,8,0,5,2,2,sent,12,23,0,0,3,4,0,0,5,11,4,8,1,3,19,3,selected-repair,0,0,1,0,5,0,0,1,0,1,0,3,0,0,180,239,12,0,1,9500000,1200000,0,0,0,2211,2211,2679848,106,126404,58,71328,0,0,0,0,0,0.067,37.365,23750.000,3556.000,116,3971,2039,936,1932,996,0.315,24.544,3.314,116,5105499,8586017,1.360,-54.554,0.377,23.319,3971,194,47,2301,39,154,1,20,20,36,2,2,1,2,0,0,0,0,0,0,0,0,0,0,0,18,0,1,0,4,372,297,297,0,0,0,0,0,,disabled,,0,0,0,0,,1,Fixed Quality,Hybrid,85,30,9500,12000,640,360,H.264,480,270,518400,14852,518400,14852,0.029,0.000,,0,0,0.000,1.405,0.000,0.000,0.139,6000,6750,6750,1,1,0,1,9500,0.820,1,10.523,0.000,0,0,1.321,0.000,1244,0,0,0,1.000,0.000,0.000,1,0,0,fixed-pacing-queue-hold,13,0,0,6,18,6,12,0,14,14,0,2,large-au-observed,0,,0,0,0.127,12.507,0,,0.000,0.000,0.000,0.000,0,0,0,,3,0,0,5.611,0,79,0.139,0.000,0.000,0.138,0.000,0.048,0.013,1,1,1,1,0,1,1,0,0,0,0,0,1.000,0.000,0.000,24,0,0.000,0,0,0,0.000,0.000,0.000,0.000,0.000,0.000,0.000,1.258,9.762,0,0,0,0,0,0,0,0,0.000,0.000,0.000,0.000,0.000,0.000,0,0.324,17.283,48,50,292,34.341,170.294,25.618,170.294,2132.522,48,1,H.264,110.249,0,0,169.157,170.212,1.000,124.712,109.102,arrival-gap-jitter-spike,1001.791,0,1,1,1,1,3134.313,421.713,440.226,441.345,441.345,0,0,1,0,0,0,0,,,0.000,0.000,0,0,,0,0,0,0,0,0,0,0,0,0,,113.516,0.000,116.503,0.000,0.000,0.000,142.228,h264-decoder-buffering,0.001,75,0.000,121.452,4.576,0.079,0.739,0.480,0.000,0.259,1,0,0,1,3,0.075,17.274,17.283,23.681,17.443,1.000,Jitter,1,1,0,2.000,1,2,2,1,0.060,0.000,0.060,0,100,0,2214,2049,147,0,118
4.135,Custom_loss6_delay0-100_dup0_reorder6_burst0,Loopback,1,1,0,,,0.000,0,21,100,21.368,21.368,21.126,101.102,99.819,83.239,74.526,11.427,0.077,0.265,2639,221,2498,2277,322,199,12,97,83,14,14,0,2277,75,27,0,0,0,0,5.000,1,0,0,0,0,0,0,0,0,0,0,0,0,0,0,0.000,0.000,0.000,,71,71,383,0,1,34.443,169.157,35.373,170.212,0.000,0.000,69,69,1372,89,23,0,252,390,102,1,nack-sent,pending,H.264,0,1,22,16,6,2,1,2,3,15,0,0,2819,10,0,0,0,0,0,70.506,14,12,14,8,14,0,37.279,47.280,144.635,0,0,40,5,45,0,14,1,0.538,0.462,0.889,1.000,0.067,37.000,0.000,1.000,0.000,insufficient-sample,108,1177,0,0,78,1127,252,2823,30,50,0,0,2823,predicted-useful,fec-grace,415,0.409,20,45,0,0,0,0,0,3,3,3,3,14,245,14,245,0,0,0,pacing,0,0.840,10.497,118.497,0,0,3,3,0,0,0,0,5,10,10,0,88,2,2,sent,16,30,0,0,6,4,0,0,6,13,5,10,1,3,88,1,stale-age,0,0,1,0,6,0,0,1,0,1,0,3,0,0,248,313,16,0,1,9500000,1200000,0,0,0,2861,2861,3477883,122,144520,60,73824,0,0,0,0,0,18.135,37.365,11333.938,4800.000,150,5116,2626,1210,2490,1280,0.315,3.642,1.214,150,5078135,8006911,1.642,40.347,0.477,17.533,5116,251,67,2817,51,199,1,23,23,42,2,2,1,2,0,0,0,0,0,0,0,0,0,0,0,21,0,1,0,4,484,390,390,0,0,0,0,0,,disabled,,0,0,0,0,,1,Fixed Quality,Hybrid,85,30,9500,12000,640,360,H.264,480,270,518400,26096,518400,26096,0.050,0.000,,0,0,0.000,1.834,0.000,0.000,0.071,6500,6250,6250,2,2,0,1,9500,0.895,1,18.135,0.000,0,0,0.000,0.000,0,0,0,0,0.311,0.578,0.111,1,0,0,fixed-pacing-queue-hold,22,0,0,8,22,8,14,0,18,18,0,2,large-au-observed,0,,0,0,15.727,21.976,0,,0.000,0.000,0.000,0.000,0,0,0,,4,0,0,6.555,0,103,0.071,0.000,0.000,0.070,0.000,0.049,0.007,1,1,1,1,0,1,1,0,0,0,0,0,1.000,0.000,0.000,24,0,0.000,0,0,0,0.000,0.000,0.000,0.000,0.000,0.000,0.000,1.755,10.509,0,0,0,0,0,0,0,0,0.000,0.000,0.000,0.000,0.000,0.000,0,0.366,21.368,69,71,383,35.281,170.294,25.618,170.294,2132.522,48,1,H.264,110.249,0,0,169.157,170.212,1.000,124.712,109.102,arrival-gap-jitter-spike,2002.268,0,1,1,1,1,4134.790,421.713,440.226,441.345,441.345,0,0,1,0,0,0,0,,,0.000,0.000,0,0,,0,0,0,0,0,0,0,0,0,0,,100.817,0.000,103.364,0.000,0.000,0.000,130.551,h264-decoder-buffering,0.001,100,0.000,108.836,5.054,0.090,0.911,0.691,0.000,0.220,1,0,0,1,3,0.077,21.368,21.368,11.427,21.126,1.000,Loss,0,1,0,0.000,0,1,1,1,0.060,0.000,0.060,0,100,0,2865,2647,191,0,150
5.141,Custom_loss6_delay0-100_dup0_reorder6_burst0,Loopback,1,1,0,,,0.000,0,21,127,23.656,23.641,23.660,85.348,99.934,67.640,72.804,14.302,0.072,0.231,3290,257,3104,2847,410,247,20,127,110,17,16,0,2847,100,30,0,0,0,0,5.000,0,0,0,0,0,0,0,0,0,0,0,0,0,0,0,0.000,0.000,0.000,,95,95,478,0,1,26.487,169.157,27.971,170.212,0.000,0.000,92,92,1710,117,25,0,310,485,126,1,retransmit-late-after-completed,completed,H.264,1,1,20,20,0,0,0,3,0,9,1,0,3484,3,3484,3,3484,3,1,123.066,17,20,17,11,17,0,42.661,44.262,144.635,0,0,54,7,61,0,20,1,0.459,0.541,0.885,1.000,0.048,39.000,0.000,1.000,0.000,insufficient-sample,139,1442,0,0,97,1375,310,3398,42,67,0,0,3398,predicted-useful,fec-grace,520,0.000,26,61,0,0,0,0,0,3,3,3,3,20,333,20,333,0,0,0,pacing,0,0.794,10.198,118.198,0,0,3,3,0,0,0,0,5,10,10,0,88,2,2,sent,19,40,0,1,8,4,0,0,6,13,5,10,1,3,127,4,stale-age,0,0,1,0,6,0,0,1,0,1,0,3,0,0,336,384,20,0,1,9500000,1200000,6,0,6,3561,3555,4331972,167,200084,85,104500,0,0,0,0,0,1.644,37.365,822.250,4800.000,187,6376,3280,1474,3096,1622,0.310,6.928,1.671,187,3301038,5477326,2.598,29.158,0.474,12.577,6376,310,91,3398,66,242,2,25,25,49,2,2,1,2,0,0,0,0,0,0,0,0,0,0,0,23,0,1,0,4,597,485,485,0,0,0,0,0,,disabled,,0,0,0,0,,1,Fixed Quality,Hybrid,85,30,9500,12000,640,360,H.264,480,270,518400,25056,518400,25056,0.048,0.000,,0,0,0.000,1.797,0.000,0.000,0.074,6000,6000,6000,4,4,0,1,9500,0.820,1,6.615,0.000,0,0,0.000,0.000,0,0,0,0,0.000,1.000,0.000,1,0,0,fixed-pacing-queue-hold,21,0,0,10,28,10,16,2,23,23,0,2,large-au-observed,0,,0,0,8.511,21.100,0,,0.000,0.000,0.000,0.000,0,0,0,,5,0,0,6.365,0,129,0.074,0.000,0.000,0.074,0.000,0.051,0.006,1,1,1,1,0,1,1,0,0,0,0,0,1.000,0.000,0.000,24,0,0.000,0,0,0,0.000,0.000,0.000,0.000,0.000,0.000,0.000,1.716,10.412,0,0,0,0,0,0,0,0,0.000,0.000,0.000,0.000,0.000,0.000,0,0.431,23.640,92,95,478,27.340,170.294,25.618,170.294,2132.522,48,1,H.264,110.249,0,0,169.157,170.212,1.000,124.712,109.102,arrival-gap-jitter-spike,3008.970,0,1,1,1,1,5141.492,421.713,440.226,441.345,441.345,0,0,1,0,0,0,0,,,0.000,0.000,0,0,,0,0,0,0,0,0,0,0,0,0,,92.814,0.000,96.450,0.000,0.000,0.000,122.674,h264-decoder-buffering,0.000,126,0.000,100.018,3.089,0.080,0.965,0.752,0.000,0.213,1,0,0,1,3,0.072,23.656,23.641,14.302,23.660,1.000,RecoveryDeadline,0,1,0,1.000,0,1,1,1,0.060,0.000,0.060,0,100,0,3560,3296,228,0,191
6.141,Custom_loss6_delay0-100_dup0_reorder6_burst0,Loopback,1,1,0,,,0.000,0,21,149,20.769,20.772,20.859,76.019,99.735,62.688,70.781,27.819,0.069,0.237,3863,286,3623,3337,484,287,27,151,131,20,19,0,3337,116,36,0,0,0,0,5.000,0,0,0,0,0,0,0,0,0,0,0,0,0,0,0,0.000,0.000,0.000,,111,111,583,0,1,19.311,229.724,20.329,230.569,0.000,0.000,109,109,2016,136,31,0,364,567,151,1,retransmit-duplicate,pending,H.264,1,1,21,20,1,4,2,3,11,25,1,2,4122,3,4122,3,4122,3,1,83.472,20,27,20,14,20,0,45.518,40.797,144.635,0,0,67,7,74,0,22,1,0.426,0.574,0.905,1.000,0.043,44.000,0.000,0.000,0.000,insufficient-sample,172,1680,0,0,117,1594,364,3796,55,86,0,0,3795,predicted-useful,fec-grace,610,0.667,31,74,0,0,0,0,0,3,3,3,3,25,404,25,404,0,0,0,pacing,0,0.791,9.166,117.166,0,0,3,3,0,0,0,0,5,10,10,0,88,2,2,sent,20,43,0,1,9,4,0,0,6,13,5,10,1,3,151,3,stale-age,0,0,1,0,6,0,0,1,0,1,0,5,0,0,407,453,24,0,1,9500000,1200000,22,0,22,4174,4151,5070968,206,248494,108,133152,0,0,0,0,0,0.486,37.365,16712.312,4235.400,218,7459,3847,1712,3612,1900,0.308,10.927,3.137,218,3263980,5548202,2.225,22.336,0.460,11.100,7459,364,107,3796,76,286,2,31,31,58,2,2,1,2,0,0,0,0,0,0,0,0,0,0,0,29,0,1,0,4,699,567,567,0,0,0,0,0,,disabled,,0,0,0,0,,1,Fixed Quality,Hybrid,85,30,9500,12000,640,360,H.264,480,270,518400,26350,518400,26350,0.051,0.000,,0,0,0.000,2.208,0.000,0.000,0.196,6750,6250,6250,5,5,0,1,9500,0.931,1,1.777,0.000,0,0,0.000,0.000,0,0,0,0,0.270,0.622,0.108,1,0,0,fixed-pacing-queue-hold,22,0,0,12,34,12,20,2,27,27,0,2,large-au-observed,0,,0,0,0.146,22.189,0,,0.000,0.000,0.000,0.000,0,0,0,,6,0,0,13.031,0,153,0.195,0.000,0.000,0.194,0.000,0.136,0.016,1,1,1,1,0,1,1,0,0,0,1,0,0.860,179.996,0.000,24,0,0.000,0,0,0,0.000,0.000,0.000,0.000,0.000,0.000,0.000,1.994,9.831,0,0,0,0,0,0,0,0,0.000,0.000,0.000,0.000,0.000,0.000,0,0.326,20.772,109,111,583,20.665,230.693,25.618,230.693,5371.327,132,1,H.264,110.878,0,0,229.724,230.569,0.999,188.296,109.898,arrival-gap-jitter-spike,770.328,0,1,1,1,1,6141.655,421.713,440.226,441.345,441.345,0,0,1,0,0,0,0,,,0.000,0.000,0,0,,0,0,0,0,0,0,0,0,0,0,,94.381,0.000,96.978,0.000,0.000,0.000,120.000,h264-decoder-buffering,0.001,149,0.000,102.246,4.892,0.076,1.047,0.761,0.000,0.286,1,0,0,1,3,0.069,20.769,20.772,27.819,20.859,1.000,RecoveryDeadline,1,1,0,0.333,3,1,1,1,0.060,0.000,0.060,0,100,0,4158,3874,260,0,215
7.146,Custom_loss6_delay0-100_dup0_reorder6_burst0,Loopback,1,1,0,,,0.000,0,21,176,23.564,23.620,23.593,102.220,99.837,62.688,70.781,35.865,0.068,0.219,4556,331,4263,3932,584,349,30,186,164,22,19,0,3932,139,39,0,0,0,0,5.000,0,0,0,0,0,0,0,0,0,0,0,0,0,0,0,0.000,0.000,0.000,,134,134,683,0,1,5.618,229.724,6.572,230.569,0.000,0.000,132,132,2372,161,34,0,420,673,178,1,nack-sent,pending,H.264,1,1,23,5,18,1,0,1,0,18,0,0,4864,0,0,0,0,0,0,26.168,25,30,22,16,22,0,47.065,38.983,144.635,0,0,77,8,85,0,28,2,0.455,0.545,0.906,1.000,0.067,43.000,0.500,0.500,0.000,insufficient-sample,207,1928,0,0,139,1820,420,4245,68,108,0,0,4244,predicted-useful,likely-arrival,711,0.409,36,85,0,0,0,0,0,5,5,5,5,30,482,30,482,0,0,0,pacing,0,0.813,10.202,118.202,0,0,5,5,0,0,0,0,5,10,10,0,88,2,2,sent,22,49,0,1,11,4,0,0,6,13,5,10,1,3,164,2,stale-age,0,0,1,0,7,0,0,1,0,1,0,6,0,0,487,526,28,0,1,9500000,1200000,0,0,0,4886,4886,5978990,245,296754,131,161804,0,0,0,0,0,15.565,37.365,6762.750,4800.000,256,8793,4542,1942,4251,2309,0.300,7.743,1.692,256,5032328,8089286,1.327,22.336,0.486,22.288,8793,419,130,4227,87,330,2,34,34,62,3,3,1,3,0,0,0,0,0,0,0,0,0,0,0,31,0,1,0,4,822,673,673,0,0,0,0,0,,disabled,,0,0,0,0,,1,Fixed Quality,Hybrid,85,30,9500,12000,640,360,H.264,480,270,518400,0,518400,27392,0.053,0.000,,0,0,0.000,0.012,0.000,0.000,0.005,7250,6500,6500,6,6,0,1,9500,1.000,0,15.565,0.000,0,0,0.000,0.000,0,0,0,0,0.294,0.612,0.094,1,0,0,disabled,0,0,0,14,38,14,22,2,31,31,2,2,async-output-pending,0,,0,0,0.000,0.000,0,,0.000,0.000,0.000,0.000,0,0,0,,7,0,0,0.000,1,0,0.000,0.000,0.000,0.000,0.000,0.000,0.000,0,0,0,0,0,0,0,0,1,1,1,1,0.860,180.000,1.500,26,0,0.000,0,0,0,0.000,0.000,0.000,0.000,0.000,0.000,0.000,0.000,6.903,0,0,0,0,0,0,0,0,0.000,0.000,0.000,0.000,0.000,0.000,0,0.405,23.620,132,134,683,6.740,230.693,25.618,230.693,5371.327,132,1,H.264,110.878,0,0,229.724,230.569,0.999,188.296,109.898,arrival-gap-jitter-spike,1775.325,0,1,1,1,1,7146.652,421.713,440.226,441.345,441.345,0,0,1,0,0,0,0,,,0.000,0.000,0,0,,0,0,0,0,0,0,0,0,0,0,,105.784,0.000,108.691,0.000,0.000,0.000,136.110,h264-decoder-buffering,0.001,176,0.000,115.123,5.976,0.082,0.288,0.001,0.000,0.287,1,0,0,1,3,0.068,23.564,23.620,35.865,23.593,1.000,RecoveryDeadline,0,1,0,1.000,1,1,1,1,0.060,0.000,0.060,0,100,0,4893,4568,290,0,253
8.148,Custom_loss6_delay0-100_dup0_reorder6_burst0,Loopback,1,1,0,,,0.000,0,21,203,18.974,18.971,18.963,80.220,99.602,14.875,61.463,28.894,0.066,0.225,5313,377,4965,4588,691,405,34,228,197,31,24,0,4588,158,46,0,0,0,0,5.000,0,0,0,0,0,0,0,0,0,0,0,0,0,0,0,0.000,0.000,0.000,,153,153,780,0,1,22.679,229.724,23.810,230.569,0.000,0.000,151,151,2770,189,41,0,486,786,206,1,fec-parity,pending,H.264,1,1,23,5,18,2,0,1,1,19,0,0,5686,21,0,0,0,0,0,32.732,28,34,31,25,31,0,51.499,34.282,144.635,0,0,93,12,105,0,36,2,0.452,0.548,0.886,1.000,0.053,44.000,0.000,1.000,0.000,insufficient-sample,247,2225,0,0,161,2086,486,4801,86,139,0,0,4798,predicted-useful,fec-grace,821,0.130,42,105,0,0,0,0,0,5,5,5,5,35,564,35,564,0,0,0,pacing,0,0.851,11.866,119.866,0,0,5,5,0,0,0,0,5,10,10,0,88,2,2,sent,24,56,0,1,12,4,0,0,7,16,5,10,2,6,192,4,stale-age,0,0,1,0,7,0,0,1,0,1,0,7,0,0,569,609,32,0,1,9500000,1200000,7,0,7,5719,5712,6995316,294,357294,159,196676,0,0,0,0,0,4.819,37.365,872.438,1845.000,298,10249,5293,2306,4956,2650,0.303,11.519,1.363,298,5335733,8659380,1.391,8.306,0.513,6.151,10249,486,149,4801,103,381,2,41,41,75,3,3,1,3,0,0,0,0,0,0,0,0,0,0,0,38,0,1,0,4,959,786,786,0,0,0,0,0,,disabled,,0,0,0,0,,1,Fixed Quality,Hybrid,85,30,9500,12000,640,360,H.264,480,270,518400,28432,518400,28432,0.055,0.000,,0,0,0.000,1.913,0.000,0.000,0.142,7250,6750,6750,7,7,0,1,9500,1.000,0,12.020,0.000,0,0,3.502,0.000,3732,0,0,0,0.000,0.000,1.000,1,0,0,disabled,24,0,0,16,45,16,25,4,36,36,0,2,large-au-observed,0,,0,0,0.156,23.943,0,,0.000,0.000,0.000,0.000,0,0,0,,8,0,0,9.850,0,207,0.141,0.000,0.000,0.141,0.000,0.098,0.011,1,1,1,1,0,1,1,0,0,0,1,0,0.860,179.996,0.000,26,0,0.000,0,0,0,0.000,0.000,0.000,0.000,0.000,0.000,0.000,1.764,7.035,0,0,0,0,0,0,0,0,0.000,0.000,0.000,0.000,0.000,0.000,0,0.363,18.971,151,153,780,23.863,230.693,25.618,230.693,5371.327,132,1,H.264,110.878,0,0,229.724,230.569,0.999,188.296,109.898,arrival-gap-jitter-spike,2777.258,0,1,1,1,1,8148.585,421.713,440.226,441.345,441.345,0,0,1,0,0,0,0,,,0.000,0.000,0,0,,0,0,0,0,0,0,0,0,0,0,,98.221,0.000,100.871,0.000,0.000,0.000,120.110,h264-decoder-buffering,0.001,203,0.000,106.285,5.043,0.077,0.546,0.224,0.000,0.321,1,0,0,1,3,0.066,18.974,18.971,28.894,18.963,1.000,RecoveryDeadline,0,1,0,0.250,4,1,1,1,0.060,0.000,0.060,0,100,0,5720,5323,337,0,301
9.155,Custom_loss6_delay0-100_dup0_reorder6_burst0,Loopback,1,1,0,,,0.000,0,21,232,17.821,17.819,17.977,106.964,100.401,125.098,70.554,13.361,0.064,0.240,6107,416,5711,5295,792,462,40,259,223,36,31,0,5295,177,56,0,0,0,0,5.000,0,0,0,0,0,0,0,0,0,0,0,0,0,0,0,0.000,0.000,0.000,,171,171,875,0,1,68.303,229.724,69.474,230.569,0.000,0.000,169,169,3176,213,50,0,556,896,234,1,fec-recovered,pending,H.264,1,1,24,16,8,4,2,2,8,30,0,2,6515,0,6515,0,0,0,0,52.919,31,40,36,30,36,0,54.986,31.832,144.635,0,0,107,8,115,0,39,2,0.437,0.563,0.930,1.000,0.049,45.000,0.667,0.333,0.000,stable,287,2575,0,0,185,2407,556,5419,102,168,0,0,5416,predicted-useful,fec-grace,938,0.417,46,115,0,0,0,0,0,5,5,5,5,39,633,39,633,0,0,0,pacing,0,0.830,9.106,117.106,0,0,5,5,0,0,0,0,5,10,10,0,88,2,2,sent,24,56,0,1,12,4,0,0,7,16,5,10,2,6,192,4,stale-age,0,0,1,0,7,0,0,1,0,1,0,7,0,0,638,699,36,0,1,9500000,1200000,0,0,0,6539,6539,8008276,334,406480,186,229690,0,0,0,0,0,13.130,37.365,3170.625,4800.000,340,11781,6079,2647,5702,3055,0.303,12.025,1.763,340,4890016,8352249,1.543,28.689,0.481,9.977,11781,556,168,5419,113,441,2,50,50,92,3,3,1,3,0,0,0,0,0,0,0,0,0,0,0,47,0,1,0,4,1103,896,896,0,0,0,0,0,,disabled,,0,0,0,0,,1,Fixed Quality,Hybrid,85,30,9500,12000,640,360,H.264,480,270,518400,28178,518400,28178,0.054,0.000,,0,0,0.000,2.025,0.000,0.000,0.075,7250,6750,6750,7,7,0,1,9500,1.000,0,13.130,0.000,0,0,0.000,0.000,0,0,0,0,0.000,1.000,0.000,1,0,0,disabled,24,1,1,18,50,18,28,4,40,40,2,2,decoder-sync-observed,0,,0,0,0.098,23.729,0,,0.000,0.000,0.000,0.000,0,0,0,,9,0,0,6.861,0,235,0.075,0.000,0.000,0.075,0.000,0.054,0.006,1,1,1,1,0,1,1,0,0,0,1,0,0.860,106.522,0.000,26,0,0.000,0,0,0,0.000,0.000,0.000,0.000,0.000,0.000,0.000,1.941,10.687,0,0,0,0,0,0,0,0,0.000,0.000,0.000,0.000,0.000,0.000,0,0.328,17.819,169,171,875,69.309,230.693,25.618,230.693,5371.327,132,1,H.264,110.878,0,0,229.724,230.569,0.999,188.296,109.898,arrival-gap-jitter-spike,3784.125,0,1,1,1,1,9155.452,421.713,440.226,441.345,441.345,0,0,1,0,0,0,0,,,0.000,0.000,0,0,,0,0,0,0,0,0,0,0,0,0,,109.973,0.000,112.667,0.000,0.000,0.000,133.482,h264-decoder-buffering,0.001,232,0.000,116.537,3.535,0.077,0.885,0.619,0.000,0.267,1,0,0,1,3,0.064,17.821,17.819,13.361,17.977,1.000,RecoveryDeadline,0,1,0,3.000,1,3,3,1,0.060,0.000,0.060,0,100,0,6548,6117,387,0,354
10.157,Custom_loss6_delay0-100_dup0_reorder6_burst0,Loopback,1,1,0,,,0.000,0,21,258,17.275,17.287,17.225,106.592,100.146,9.650,62.941,39.377,0.066,0.247,6783,481,6365,5884,888,510,46,296,256,40,36,0,5884,195,64,0,0,0,0,5.000,0,0,0,0,0,0,0,0,0,0,0,0,0,0,0,0.000,0.000,0.000,,189,189,969,0,1,87.532,229.724,88.597,230.569,0.000,0.000,187,185,3540,235,58,0,616,996,259,1,nack-deferred-likely-arrival,pending,H.264,0,1,22,20,2,5,4,2,8,20,0,0,7188,21,0,0,0,0,0,107.010,34,46,40,32,40,0,54.945,31.954,144.635,0,0,120,10,130,0,45,2,0.425,0.575,0.923,1.000,0.043,44.000,0.000,1.000,0.000,insufficient-sample,324,2842,0,0,206,2647,616,5894,118,195,0,0,5891,deferred-likely-arrival,likely-arrival,1040,0.682,51,130,0,0,0,0,0,5,5,5,5,43,692,43,692,0,0,0,pacing,0,0.756,7.548,115.548,0,0,5,5,0,0,0,0,5,10,10,0,88,2,2,sent,30,71,0,1,15,6,0,0,8,19,5,10,3,9,241,2,stale-age,0,0,1,0,9,0,0,1,0,1,0,8,0,0,697,775,40,0,1,9500000,1200000,3,0,3,7272,7269,8905987,377,458814,211,260830,0,0,0,0,0,10.463,37.365,1175.250,1446.000,378,13142,6777,2934,6365,3431,0.302,34.946,0.124,378,4821270,7896298,0.830,-0.138,0.514,22.088,13142,616,185,5894,127,487,2,58,58,109,4,5,2,3,1,0,0,0,0,0,0,0,0,0,0,54,0,1,0,4,1231,996,996,0,0,0,0,0,,disabled,,0,0,0,0,,1,Fixed Quality,Hybrid,85,30,9500,12000,640,360,H.264,480,270,518400,26096,518400,26096,0.050,0.000,,0,0,0.000,1.858,0.000,0.000,0.084,6000,6250,6250,8,8,0,1,9500,0.820,1,10.463,0.000,0,0,3.731,0.000,3732,0,0,0,0.000,0.000,1.000,1,0,0,latency-pressure-freshness-hold,22,1,1,21,57,21,29,7,45,45,2,2,decoder-sync-observed,0,,0,0,15.126,21.976,0,,0.000,0.000,0.000,0.000,0,0,0,,10,0,0,3.833,0,262,0.083,0.000,0.000,0.083,0.000,0.059,0.008,1,1,1,1,0,1,1,0,0,0,0,0,1.000,0.000,0.000,27,0,0.000,0,0,0,0.000,0.000,0.000,0.000,0.000,0.000,0.000,1.758,7.834,0,0,0,0,0,0,0,0,0.000,0.000,0.000,0.000,0.000,0.000,0,0.420,17.287,187,189,969,88.447,230.693,25.618,230.693,5371.327,132,1,H.264,110.878,0,0,229.724,230.569,0.999,188.296,109.898,arrival-gap-jitter-spike,4786.207,0,1,1,1,1,10157.534,421.713,440.226,441.345,441.345,0,0,3,0,0,2,2,latency-pressure freshness,latency-over-80ms,139.043,151.166,238,1,decoded,0,0,0,0,0,0,0,0,0,0,,97.126,0.000,99.939,0.000,0.000,0.000,138.296,stale-before-upload,0.001,258,0.000,104.830,4.989,0.082,0.248,0.000,0.000,0.247,1,0,0,1,3,0.066,17.275,17.287,39.377,17.225,1.000,RecoveryDeadline,0,1,0,1.000,2,2,2,1,0.060,0.000,0.060,0,100,0,7279,6796,434,0,386
11.162,Custom_loss6_delay0-100_dup0_reorder6_burst0,Loopback,1,1,0,,,0.000,0,21,285,17.772,17.775,17.754,103.695,100.560,47.654,61.242,38.570,0.064,0.255,7479,514,7012,6498,981,563,52,324,278,46,42,0,6498,213,73,0,0,0,0,5.000,0,0,0,0,0,0,0,0,0,0,0,0,0,0,0,0.000,0.000,0.000,,207,207,1058,0,1,19.333,229.724,20.287,230.569,0.000,0.000,205,203,3927,259,67,0,684,1099,286,1,fec-recovered,pending,H.264,0,1,23,21,2,4,4,2,6,13,0,0,7968,17,0,0,0,0,0,71.120,37,52,46,38,46,0,53.675,33.967,144.635,0,0,135,10,145,0,49,3,0.416,0.584,0.931,1.000,0.058,39.000,0.000,1.000,0.000,insufficient-sample,369,3133,0,0,227,2902,684,6446,142,231,0,0,6441,predicted-useful,likely-arrival,1148,0.130,58,145,0,0,0,0,0,7,7,7,7,49,787,49,787,0,0,0,pacing,0,0.815,10.807,118.807,0,0,7,7,0,0,0,0,5,10,10,0,88,2,2,sent,32,75,0,1,16,6,0,0,9,22,5,10,4,12,274,1,stale-age,0,0,1,0,9,0,0,1,0,1,0,8,0,0,794,857,44,0,1,9500000,1200000,10,0,10,7998,7988,9792955,420,512048,234,289482,0,0,0,0,0,0.594,37.365,939.312,4800.000,414,14448,7450,3266,6998,3732,0.305,11.109,0.827,414,4693541,7669147,1.050,38.004,0.478,7.649,14448,684,203,6446,141,541,2,67,67,123,5,6,1,4,1,0,0,0,0,0,0,0,0,0,0,62,0,1,0,4,1360,1099,1099,0,0,0,0,0,,disabled,,0,0,0,0,,1,Fixed Quality,Hybrid,85,30,9500,12000,640,360,H.264,480,270,518400,27138,518400,27138,0.052,0.000,,0,0,0.000,1.877,0.000,0.000,0.074,7250,6500,6500,9,9,0,1,9500,1.000,0,13.450,0.000,0,0,0.000,0.000,0,0,0,0,0.255,0.676,0.069,1,0,0,disabled,23,1,1,25,65,25,33,7,49,49,1,3,decoder-sync-observed,0,,0,0,15.229,22.853,0,,0.000,0.000,0.000,0.000,0,0,0,,11,0,0,5.817,0,288,0.073,0.000,0.000,0.073,0.000,0.048,0.008,1,1,1,1,0,1,1,0,0,0,1,0,0.860,136.248,0.000,26,0,0.000,0,0,0,0.000,0.000,0.000,0.000,0.000,0.000,0.000,1.769,10.113,0,0,0,0,0,0,0,0,0.000,0.000,0.000,0.000,0.000,0.000,0,0.361,17.775,205,207,1058,20.276,230.693,25.618,230.693,5371.327,132,1,H.264,110.878,0,0,229.724,230.569,0.999,188.296,109.898,arrival-gap-jitter-spike,5791.130,0,1,1,1,1,11162.457,421.713,440.226,441.345,441.345,0,0,3,0,0,2,0,,,139.043,151.166,238,1,decoded,0,0,0,0,0,0,0,0,0,0,,105.631,0.000,108.375,0.000,0.000,0.000,136.847,stale-before-upload,0.001,285,0.000,114.646,5.912,0.076,0.626,0.308,0.000,0.319,1,0,0,1,3,0.063,17.772,17.775,38.570,17.754,1.000,RecoveryDeadline,0,1,0,1.000,1,1,1,1,0.060,0.000,0.060,0,100,0,7999,7491,482,0,423
12.162,Custom_loss6_delay0-100_dup0_reorder6_burst0,Loopback,1,1,0,,,0.000,0,21,311,20.035,20.031,20.047,96.939,100.802,104.048,65.523,35.644,0.065,0.251,8216,569,7708,7139,1077,619,58,353,302,51,47,0,7139,233,78,0,0,0,0,5.000,0,0,0,0,0,0,0,0,0,0,0,0,0,0,0,0.000,0.000,0.000,,227,227,1150,0,1,13.110,229.724,14.267,230.569,0.000,0.000,225,223,4328,284,72,0,750,1212,314,1,nack-sent,pending,H.264,0,1,24,8,16,1,0,1,0,16,0,0,8774,15,0,0,0,0,0,52.029,39,58,51,43,51,0,54.725,32.985,144.635,0,0,148,10,158,0,52,3,0.402,0.598,0.937,1.000,0.055,44.000,0.000,0.000,0.000,insufficient-sample,413,3454,0,0,250,3189,750,7026,162,262,1,3,7020,predicted-useful,likely-arrival,1254,0.083,63,158,0,0,0,0,0,7,7,7,7,54,871,54,871,0,0,0,pacing,0,0.859,8.945,116.945,0,0,7,7,0,0,0,0,5,10,10,0,88,2,2,sent,34,81,0,1,18,6,0,0,9,22,5,10,4,12,301,4,stale-age,0,0,1,0,12,0,0,1,0,1,0,8,0,0,878,936,48,0,1,9500000,1200000,4,0,4,8807,8803,10793339,462,563880,260,321402,0,0,0,0,0,7.760,37.365,965.250,4800.000,454,15919,8211,3615,7708,4093,0.306,2.468,1.595,454,4989411,8100264,0.943,41.682,0.437,7.931,15919,748,223,7008,153,593,2,72,72,132,5,6,1,4,1,0,0,0,0,0,0,0,0,0,0,67,0,1,0,4,1501,1212,1212,0,0,0,0,0,,disabled,,0,0,0,0,,1,Fixed Quality,Hybrid,85,30,9500,12000,640,360,H.264,480,270,518400,28178,518400,28178,0.054,0.000,,0,0,0.000,1.973,0.000,0.000,0.065,7250,6750,6750,10,10,0,1,9500,1.000,0,10.500,0.000,0,0,0.000,0.000,0,0,0,0,0.247,0.690,0.063,1,0,0,disabled,24,1,1,29,70,29,33,8,53,53,1,3,decoder-sync-observed,0,,0,0,14.123,23.729,0,,0.000,0.000,0.000,0.000,0,0,0,,12,0,0,2.681,0,315,0.065,0.000,0.000,0.065,0.000,0.042,0.009,1,1,1,1,0,1,1,0,0,0,0,0,1.000,0.000,0.000,30,0,0.000,0,0,0,0.000,0.000,0.000,0.000,0.000,0.000,0.000,1.878,6.829,0,0,0,0,0,0,0,0,0.000,0.000,0.000,0.000,0.000,0.000,0,0.350,20.031,225,227,1150,14.229,230.693,25.618,230.693,5371.327,132,1,H.264,110.878,0,0,229.724,230.569,0.999,188.296,109.898,arrival-gap-jitter-spike,6791.325,0,1,1,1,1,12162.652,421.713,440.226,441.345,441.345,0,0,3,0,0,2,0,,,139.043,151.166,238,1,decoded,0,0,0,0,0,0,0,0,0,0,,104.455,0.000,107.248,0.000,0.000,0.000,133.469,stale-before-upload,0.000,311,0.000,112.854,5.247,0.076,0.594,0.373,0.000,0.221,1,0,0,1,3,0.065,20.035,20.031,35.644,20.047,1.000,Jitter,0,1,0,2.000,1,2,2,1,0.060,0.000,0.060,0,100,0,8815,8234,538,0,471
13.163,Custom_loss6_delay0-100_dup0_reorder6_burst0,Loopback,1,1,0,,,0.000,0,21,340,23.355,23.349,23.260,98.602,100.724,67.225,65.678,3.066,0.064,0.238,8945,610,8385,7775,1177,667,61,399,338,61,50,0,7775,259,81,0,0,0,0,5.000,0,0,0,0,0,0,0,0,0,0,0,0,0,0,0,0.000,0.000,0.000,,253,253,1244,0,1,38.688,229.724,39.752,230.569,0.000,0.000,251,248,4712,320,75,0,810,1326,341,1,fec-recovered,pending,H.264,0,1,22,12,10,4,2,1,2,14,0,0,9532,3,0,0,0,0,0,59.646,42,61,61,53,61,0,52.467,35.042,144.635,0,0,164,11,175,0,54,3,0.408,0.592,0.937,1.000,0.053,45.000,0.333,0.667,0.000,duplicate-guard,449,3742,0,0,272,3457,810,7585,176,282,1,3,7578,predicted-useful,fec-grace,1368,0.636,69,175,0,0,0,0,0,7,7,7,7,59,952,59,952,0,0,0,pacing,0,0.801,9.206,117.206,0,0,7,7,0,0,0,0,5,10,10,0,88,2,2,sent,37,89,0,1,20,6,0,0,10,26,5,10,5,16,330,2,stale-age,0,0,1,0,15,0,0,1,0,1,0,12,0,0,959,1015,51,0,1,9500000,1200000,0,0,0,9544,9544,11701180,509,621774,287,355030,0,0,0,0,0,18.072,37.365,11013.312,4800.000,493,17318,8935,3905,8383,4478,0.304,16.503,2.856,493,4025663,6635224,2.036,25.981,0.422,16.339,17318,810,248,7585,168,639,3,75,75,139,5,6,1,4,1,0,0,0,0,0,0,0,0,0,0,70,0,1,0,4,1630,1326,1326,0,0,0,0,0,,disabled,,0,0,0,0,,1,Fixed Quality,Hybrid,85,30,9500,12000,640,360,H.264,480,270,518400,0,518400,26096,0.050,0.000,,0,0,0.000,0.027,0.000,0.000,0.003,6250,6250,6250,11,11,0,1,9500,0.880,1,18.072,0.000,0,0,0.000,0.000,0,0,0,0,0.240,0.697,0.063,1,0,0,latency-pressure-freshness-hold,0,0,0,32,77,32,37,8,57,57,0,3,async-output-pending,0,,0,0,0.000,0.000,0,,0.000,0.000,0.000,0.000,0,0,0,,13,0,0,0.000,1,0,0.000,0.000,0.000,0.000,0.000,0.000,0.000,0,0,0,0,0,0,0,0,1,1,1,1,0.860,180.000,1.500,26,0,0.000,0,0,0,0.000,0.000,0.000,0.000,0.000,0.000,0.000,0.000,6.410,0,0,0,0,0,0,0,0,0.000,0.000,0.000,0.000,0.000,0.000,0,0.434,23.349,251,253,1244,39.658,230.693,25.618,230.693,5371.327,132,1,H.264,110.878,0,0,229.724,230.569,0.999,188.296,109.898,arrival-gap-jitter-spike,7792.126,0,1,1,1,1,13163.453,421.713,440.226,441.345,441.345,0,0,4,0,0,3,1,latency-pressure freshness,latency-over-80ms,150.506,151.166,330,1,decoded,0,0,0,0,0,0,0,0,0,0,,94.811,0.000,97.263,0.000,0.000,0.000,129.301,stale-before-upload,0.001,340,0.000,101.651,4.668,0.081,0.302,0.001,0.000,0.302,1,0,0,1,3,0.064,23.355,23.349,3.066,23.260,0.750,Loss,0,1,0,1.000,2,2,2,1,0.060,0.000,0.060,0,100,0,9557,8959,583,0,512
14.169,Custom_loss6_delay0-100_dup0_reorder6_burst0,Loopback,1,1,0,,,0.000,0,21,366,14.645,14.644,14.642,94.145,100.844,146.170,72.385,47.581,0.067,0.249,9631,690,9068,8378,1267,714,72,424,356,68,57,0,8378,275,91,0,0,0,0,5.000,0,0,0,0,0,0,0,0,0,0,0,0,0,0,0,0.000,0.000,0.000,,268,268,1335,0,1,19.741,229.724,20.701,230.569,0.000,0.000,266,263,5076,343,84,0,877,1417,367,1,nack-sent,pending,H.264,0,1,23,20,3,5,5,2,4,14,0,0,10278,20,0,0,0,0,0,75.424,45,72,68,60,68,0,51.283,35.342,144.635,0,0,185,12,197,0,56,3,0.385,0.615,0.939,1.000,0.051,45.000,0.200,0.800,0.000,duplicate-guard,483,3961,0,0,290,3651,877,8156,192,307,1,3,8149,predicted-useful,fec-grace,1474,0.174,79,197,0,0,0,0,0,10,10,10,10,68,1091,68,1091,0,0,0,pacing,0,0.798,7.482,115.482,0,0,10,10,0,0,0,0,5,10,10,0,88,2,2,sent,41,98,0,1,23,6,0,0,11,29,5,10,6,19,361,1,stale-age,0,0,1,0,15,0,0,1,0,1,0,15,0,0,1101,1092,55,0,1,9500000,1200000,10,0,10,10331,10321,12660082,559,683718,312,386170,0,0,0,0,0,0.469,37.365,1016.500,4800.000,530,18673,9618,4220,9055,4835,0.305,8.350,1.835,530,4830586,7630810,2.009,36.574,0.498,14.352,18673,876,264,8153,189,684,3,84,84,159,5,6,1,4,1,0,0,0,0,0,0,0,0,0,0,79,0,1,0,4,1756,1417,1417,0,0,0,0,0,,disabled,,0,0,0,0,,1,Fixed Quality,Hybrid,85,30,9500,12000,640,360,H.264,480,270,518400,27136,518400,27136,0.052,0.000,,0,0,0.000,2.040,0.000,0.000,0.085,7250,6500,6500,12,12,0,1,9500,1.000,0,15.209,0.000,0,0,0.000,0.000,0,0,0,0,0.228,0.711,0.061,1,0,0,disabled,23,1,1,36,88,36,42,10,65,65,1,3,decoder-sync-observed,0,,0,0,16.854,22.851,0,,0.000,0.000,0.000,0.000,0,0,0,,14,0,0,3.388,0,369,0.084,0.000,0.000,0.084,0.000,0.054,0.011,1,1,1,1,0,1,1,0,0,0,0,0,1.000,0.000,0.000,30,0,0.000,0,0,0,0.000,0.000,0.000,0.000,0.000,0.000,0.000,1.916,7.638,0,0,0,0,0,0,0,0,0.000,0.000,0.000,0.000,0.000,0.000,0,0.354,14.644,266,268,1335,20.776,230.693,25.618,230.693,5371.327,132,1,H.264,110.878,0,0,229.724,230.569,0.999,188.296,109.898,arrival-gap-jitter-spike,8797.963,0,1,1,1,1,14169.290,421.713,440.226,441.345,441.345,0,0,4,0,0,3,0,,,150.506,151.166,330,1,decoded,0,0,0,0,0,0,0,0,0,0,,102.864,0.000,105.559,0.000,0.000,0.000,132.072,stale-before-upload,0.001,366,0.000,112.210,6.300,0.076,0.541,0.252,0.000,0.289,1,0,0,1,3,0.067,14.645,14.644,47.581,14.642,1.000,RecoveryDeadline,0,1,0,1.500,2,3,3,1,0.060,0.000,0.060,0,100,0,10335,9646,642,0,562
15.172,Custom_loss6_delay0-100_dup0_reorder6_burst0,Loopback,1,1,0,,,0.000,0,21,394,23.395,23.391,23.663,90.696,101.106,21.340,68.459,16.780,0.067,0.241,10421,748,9814,9066,1380,777,79,466,391,75,58,0,9066,299,95,0,0,0,0,5.000,0,0,0,0,0,0,0,0,0,0,0,0,0,0,0,0.000,0.000,0.000,,292,292,1430,0,1,24.873,229.724,25.964,230.569,0.000,0.000,290,287,5496,374,88,0,945,1542,395,1,fec-parity,pending,H.264,0,1,24,21,3,3,2,2,3,10,0,0,11108,13,0,0,0,0,0,83.832,48,79,75,67,75,0,51.912,34.493,144.635,0,0,202,14,216,0,60,3,0.378,0.622,0.935,1.000,0.048,45.000,0.125,0.875,0.000,duplicate-guard,521,4253,0,0,312,3919,945,8782,208,331,1,3,8774,predicted-useful,fec-grace,1594,0.125,86,216,0,0,0,0,0,11,11,11,11,74,1181,74,1181,0,0,0,pacing,0,0.759,15.396,123.396,0,0,11,11,0,0,0,0,5,10,10,0,88,2,2,sent,43,103,0,2,23,6,0,0,12,32,5,10,7,22,385,2,stale-frame-lag,0,0,1,0,15,0,0,1,0,1,0,18,0,0,1192,1178,59,1,1,9500000,1200000,1,0,1,11170,11169,13701456,607,742550,336,416066,0,0,0,0,0,9.759,37.365,284.188,4800.000,575,20234,10420,4603,9814,5211,0.306,6.841,2.270,575,4942485,8768286,1.747,4.293,0.498,11.535,20234,945,288,8782,207,735,3,88,88,165,5,6,1,4,1,0,0,0,0,0,0,0,0,0,0,83,0,1,0,4,1900,1542,1542,0,0,0,0,0,,disabled,,0,0,0,0,,1,Fixed Quality,Hybrid,85,30,9500,12000,640,360,H.264,480,270,518400,28178,518400,28178,0.054,0.000,,0,0,0.000,1.952,0.000,0.000,0.092,7250,6750,6750,13,13,0,1,9500,1.000,0,10.679,0.000,0,0,0.000,0.000,0,0,0,0,0.222,0.713,0.065,1,0,0,disabled,24,0,0,39,95,39,46,10,70,70,0,3,large-au-observed,0,,0,0,15.156,23.729,0,,0.000,0.000,0.000,0.000,0,0,0,,15,0,0,5.991,0,397,0.092,0.000,0.000,0.091,0.000,0.062,0.011,1,1,1,1,0,1,1,0,0,0,1,0,0.860,1.208,0.000,26,0,0.000,0,0,0,0.000,0.000,0.000,0.000,0.000,0.000,0.000,1.851,10.349,0,0,0,0,0,0,0,0,0.000,0.000,0.000,0.000,0.000,0.000,0,0.442,23.391,290,292,1430,25.869,230.693,25.618,230.693,5371.327,132,1,H.264,110.878,0,0,229.724,230.569,0.999,188.296,109.898,arrival-gap-jitter-spike,9801.198,0,1,1,1,1,15172.525,421.713,440.226,441.345,441.345,0,0,4,0,0,3,0,,,150.506,151.166,330,1,decoded,0,0,0,0,0,0,0,0,0,0,,103.021,0.000,105.819,0.000,0.000,0.000,125.348,stale-before-upload,0.001,394,0.000,111.159,4.891,0.076,0.553,0.254,0.000,0.299,1,0,0,1,3,0.067,23.395,23.391,16.780,23.663,1.000,RecoveryDeadline,0,1,0,0.333,3,1,1,1,0.060,0.000,0.060,0,100,0,11184,10438,695,0,611
16.174,Custom_loss6_delay0-100_dup0_reorder6_burst0,Loopback,1,1,0,,,0.000,0,21,422,20.951,20.969,19.923,90.075,101.151,91.470,70.102,18.021,0.065,0.243,11196,775,10521,9746,1483,833,82,504,425,79,64,0,9746,318,102,0,0,0,0,5.000,0,0,0,0,0,0,0,0,0,0,0,0,0,0,0,0.000,0.000,0.000,,311,311,1521,0,1,64.773,229.724,65.752,230.569,0.000,0.000,309,306,5867,397,95,0,1010,1648,423,1,nack-sent,pending,H.264,0,1,24,17,7,5,2,2,6,22,0,0,11937,17,0,0,0,0,0,77.671,53,82,79,71,79,0,51.453,34.663,144.635,0,0,214,16,230,0,65,4,0.393,0.607,0.930,1.000,0.058,39.000,0.200,0.800,0.250,retransmit-late,554,4532,0,0,334,4178,1010,9309,219,351,1,3,9299,predicted-useful,fec-grace,1702,0.000,91,230,0,0,0,0,0,11,11,11,11,78,1238,78,1238,0,0,0,pacing,0,0.745,9.883,117.883,0,0,11,11,0,0,0,0,6,12,12,0,398,2,2,sent,44,105,0,2,23,6,0,0,13,34,6,12,7,22,398,2,selected-repair,0,0,1,0,16,0,0,1,0,1,0,18,0,0,1249,1260,62,0,1,9500000,1200000,0,0,0,11964,11964,14675510,651,796712,364,450946,0,0,0,0,0,12.328,37.365,2164.812,4800.000,616,21691,11183,4894,10508,5614,0.304,39.811,5.734,616,4804970,8267998,2.724,17.460,0.448,24.269,21691,1009,307,9302,222,784,3,95,95,178,6,8,2,4,2,0,0,0,0,0,0,0,0,0,0,89,0,1,0,4,2029,1648,1648,0,0,0,0,0,,disabled,,0,0,0,0,,1,Fixed Quality,Hybrid,85,30,9500,12000,640,360,H.264,480,270,518400,0,518400,28178,0.054,0.000,,0,0,0.000,0.007,0.000,0.000,0.003,7250,6750,6750,13,13,0,1,9500,1.000,0,12.328,0.000,0,0,0.000,0.000,0,0,0,0,0.230,0.700,0.070,1,0,0,disabled,0,0,0,43,103,43,47,13,75,75,0,3,async-output-pending,0,,0,0,0.000,0.000,0,,0.000,0.000,0.000,0.000,0,0,0,,16,0,0,0.000,1,0,0.000,0.000,0.000,0.000,0.000,0.000,0.000,0,0,0,0,0,0,0,0,1,1,1,1,0.860,180.000,1.500,26,0,0.000,0,0,0,0.000,0.000,0.000,0.000,0.000,0.000,0.000,0.000,6.846,0,0,0,0,0,0,0,0,0.000,0.000,0.000,0.000,0.000,0.000,0,0.401,20.969,309,311,1521,65.951,230.693,25.618,230.693,5371.327,132,1,H.264,110.878,0,0,229.724,230.569,0.999,188.296,109.898,arrival-gap-jitter-spike,10803.335,0,1,1,1,1,16174.662,421.713,440.226,441.345,441.345,0,0,4,0,0,3,0,,,150.506,151.166,330,1,decoded,0,0,0,0,0,0,0,0,0,0,,98.974,0.000,102.122,0.000,0.000,0.000,125.037,stale-before-upload,0.001,422,0.000,107.968,5.430,0.079,0.267,0.001,0.000,0.267,1,0,0,1,3,0.065,20.951,20.969,18.021,19.923,1.000,Loss,0,1,0,0.667,3,2,2,1,0.060,0.000,0.060,0,100,0,11980,11218,731,0,663
17.179,Custom_loss6_delay0-100_dup0_reorder6_burst0,Loopback,1,1,0,,,0.000,0,21,447,22.897,22.837,22.962,114.272,101.277,34.153,67.706,6.525,0.063,0.248,11977,812,11240,10428,1579,895,87,529,447,82,68,0,10428,336,111,0,0,0,0,5.000,0,0,0,0,0,0,0,0,0,0,0,0,0,0,0,0.000,0.000,0.000,,329,329,1625,0,1,35.911,229.724,37.148,230.569,0.000,0.000,327,324,6259,418,105,0,1083,1757,450,1,fec-parity,pending,H.264,0,1,24,23,1,5,3,3,8,23,0,0,12736,23,0,0,0,0,0,106.627,55,87,82,74,82,0,52.196,33.993,144.635,1,0,225,17,242,0,69,5,0.387,0.613,0.930,1.000,0.068,37.000,0.000,1.000,0.000,duplicate-guard,588,4851,0,0,356,4477,1083,10080,231,371,1,3,10070,predicted-useful,fec-grace,1818,0.042,95,242,0,0,0,0,0,11,11,11,11,82,1302,82,1302,0,0,0,pacing,0,0.760,13.891,121.891,0,0,11,11,0,0,0,0,6,12,12,0,398,2,2,sent,44,105,0,2,23,6,0,0,13,34,6,12,7,22,398,2,selected-repair,0,0,1,0,16,0,0,1,0,1,0,18,0,0,1313,1353,66,0,1,9500000,1200000,11,0,11,12816,12805,15706206,693,848384,391,484574,0,0,0,0,0,0.965,37.365,1208.875,4800.000,658,23186,11954,5188,11232,6044,0.303,16.273,1.620,658,4806075,7912158,1.287,2.505,0.469,15.496,23186,1083,325,10080,237,843,3,104,104,190,8,11,2,5,3,0,0,0,0,0,0,0,0,0,0,96,0,1,0,4,2167,1757,1757,0,0,0,0,0,,disabled,,0,0,0,0,,1,Fixed Quality,Hybrid,85,30,9500,12000,640,360,H.264,480,270,518400,28178,518400,28178,0.054,0.000,,0,0,0.000,2.189,0.000,0.000,0.083,7250,6750,6750,13,13,0,1,9500,1.000,0,13.362,0.000,0,0,0.000,0.000,0,0,0,0,0.227,0.702,0.070,1,0,0,disabled,24,0,0,47,110,47,50,13,80,80,0,3,large-au-observed,0,,0,0,15.261,23.729,0,,0.000,0.000,0.000,0.000,0,0,0,,17,0,0,8.877,0,453,0.083,0.000,0.000,0.083,0.000,0.058,0.009,1,1,1,1,0,1,1,0,0,0,1,0,0.860,179.995,0.000,26,0,0.000,0,0,0,0.000,0.000,0.000,0.000,0.000,0.000,0.000,2.085,6.510,0,0,0,0,0,0,0,0,0.000,0.000,0.000,0.000,0.000,0.000,0,0.452,22.837,327,329,1625,36.968,230.693,25.618,230.693,5371.327,132,1,H.264,110.878,0,0,229.724,230.569,0.999,188.296,109.898,arrival-gap-jitter-spike,11808.025,0,1,1,1,1,17179.352,421.713,440.226,441.345,441.345,0,0,4,0,0,3,0,,,150.506,151.166,330,1,decoded,0,0,0,0,0,0,0,0,0,0,,108.605,0.000,111.538,0.000,0.000,0.000,137.136,stale-before-upload,0.001,447,0.000,115.480,3.477,0.083,0.388,0.096,0.000,0.291,1,0,0,1,3,0.064,22.897,22.837,6.525,22.962,1.000,RecoveryDeadline,0,1,0,1.000,3,3,3,1,0.060,0.000,0.060,0,100,0,12822,11998,779,0,708
18.186,Custom_loss6_delay0-100_dup0_reorder6_burst0,Loopback,1,1,0,,,0.000,0,21,476,25.215,25.212,25.258,112.557,101.423,55.469,66.941,5.933,0.064,0.250,12776,875,12004,11129,1679,956,91,561,473,88,71,0,11129,357,119,0,0,0,0,5.000,0,0,0,0,0,0,0,0,0,0,0,0,0,0,0,0.000,0.000,0.000,,349,349,1719,0,1,44.584,229.724,45.592,230.569,0.000,0.000,347,344,6666,445,112,0,1152,1871,478,1,fec-parity,pending,H.264,0,1,24,22,2,6,4,2,7,18,0,0,13586,19,0,0,0,0,0,98.483,58,91,88,80,88,0,52.754,33.329,144.635,1,0,238,17,255,0,73,5,0.389,0.611,0.933,1.000,0.064,45.000,0.200,0.800,0.000,duplicate-guard,629,5188,0,0,379,4790,1152,10727,249,395,1,3,10717,predicted-useful,fec-grace,1933,0.417,100,255,0,0,0,0,0,11,11,11,11,87,1383,87,1383,0,0,0,pacing,0,0.783,9.998,117.998,0,0,11,11,0,0,0,0,6,12,12,0,398,2,2,sent,46,111,0,2,25,6,0,0,13,34,6,12,7,22,455,4,stale-age,0,0,1,0,16,0,0,1,0,1,0,21,0,0,1394,1439,70,0,1,9500000,1200000,0,0,0,13639,13639,16727618,736,901302,417,516344,0,0,0,0,0,19.470,37.365,10703.750,4800.000,703,24752,12762,5592,11990,6398,0.305,5.783,1.134,703,5324859,8330986,1.123,6.267,0.450,9.618,24752,1152,346,10727,252,897,3,111,111,202,8,11,2,5,3,0,0,0,0,0,0,0,0,0,0,103,0,1,0,4,2309,1871,1871,0,0,0,0,0,,disabled,,0,0,0,0,,1,Fixed Quality,Hybrid,85,30,9500,12000,640,360,H.264,480,270,518400,0,518400,28176,0.054,0.000,,0,0,0.000,6.305,0.000,5.475,0.766,7250,6750,6750,13,13,0,1,9500,1.000,0,19.470,0.000,0,0,0.000,0.000,0,0,0,0,0.227,0.706,0.067,1,0,0,disabled,0,0,0,51,118,51,52,15,85,85,0,3,async-output-pending,0,,0,0,0.000,0.000,0,,19.470,10703.750,39583.333,0.000,0,0,0,,18,0,0,0.000,1,0,0.756,0.235,0.520,0.000,0.000,0.000,0.000,0,0,1,1,1,0,0,1,1,0,0,0,1.000,0.000,0.000,30,0,0.000,0,0,0,0.000,0.000,0.000,0.000,0.000,0.000,0.000,0.000,23.198,0,0,0,0,0,0,0,0,0.000,0.000,0.000,0.000,0.000,0.000,0,0.425,25.213,347,349,1719,46.069,230.693,25.618,230.693,5371.327,132,1,H.264,110.878,0,0,229.724,230.569,0.999,188.296,109.898,arrival-gap-jitter-spike,12814.694,0,1,1,1,1,18186.021,421.713,440.226,441.345,441.345,0,0,4,0,0,3,0,,,150.506,151.166,330,1,decoded,0,0,0,0,0,0,0,0,0,0,,104.264,0.000,107.087,0.000,0.000,0.000,136.279,stale-before-upload,0.001,476,0.000,112.685,5.166,0.087,0.391,0.009,0.000,0.382,1,0,0,1,3,0.064,25.215,25.212,5.933,25.258,1.000,RecoveryDeadline,0,1,0,2.000,1,2,2,1,0.060,0.000,0.060,0,100,0,13657,12800,829,0,752
19.186,Custom_loss6_delay0-100_dup0_reorder6_burst0,Loopback,1,1,0,,,0.000,0,21,505,24.606,24.635,24.974,104.638,101.178,76.188,67.485,3.077,0.065,0.250,13602,940,12789,11849,1784,1006,101,604,512,92,73,0,11849,379,126,0,0,0,0,5.000,0,0,0,0,0,0,0,0,0,0,0,0,0,0,0,0.000,0.000,0.000,,371,371,1813,0,1,36.475,229.724,37.563,230.569,0.000,0.000,369,366,7067,471,119,0,1216,1982,508,1,nack-sent,pending,H.264,0,1,24,11,13,0,0,1,0,13,0,0,14501,13,0,0,0,0,0,46.894,63,101,92,84,92,0,53.293,32.937,144.635,1,0,257,18,275,0,80,5,0.384,0.616,0.935,1.000,0.059,45.000,0.200,0.800,0.000,duplicate-guard,665,5480,0,0,402,5057,1216,11337,262,420,1,3,11327,predicted-useful,likely-arrival,2042,0.417,108,275,0,0,0,0,0,11,11,11,11,95,1514,95,1514,0,0,0,pacing,0,0.785,7.401,115.401,0,0,11,11,0,0,0,0,6,12,12,0,398,2,2,sent,48,116,0,2,27,6,0,0,13,34,6,12,7,22,497,1,stale-age,0,0,1,0,17,0,0,1,0,1,0,22,0,0,1525,1517,74,0,1,9500000,1200000,0,0,0,14529,14529,17818122,786,962928,442,547492,0,0,0,0,0,13.203,37.365,3169.438,4800.000,749,26373,13593,5998,12780,6782,0.306,25.353,0.133,749,4651140,8015326,0.845,9.158,0.483,10.180,26373,1215,368,11324,270,942,3,118,118,217,8,11,2,5,3,0,0,0,0,0,0,0,0,0,0,110,0,1,0,4,2451,1982,1982,0,0,0,0,0,,disabled,,0,0,0,0,,1,Fixed Quality,Hybrid,85,30,9500,12000,640,360,H.264,480,270,518400,0,518400,28178,0.054,0.000,,0,0,0.000,5.025,0.000,4.110,0.686,7250,6750,6750,13,13,0,1,9500,1.000,0,13.203,0.000,0,0,0.000,0.000,0,0,0,0,0.229,0.705,0.065,1,0,0,disabled,0,0,0,55,124,55,54,15,91,91,0,4,async-output-pending,0,,0,0,0.000,0.000,0,,13.203,3169.438,39583.333,0.000,0,0,0,,19,0,0,0.000,1,0,0.676,0.181,0.494,0.000,0.000,0.000,0.000,0,0,1,1,1,0,0,1,1,0,0,0,1.000,0.000,0.000,30,0,0.000,0,0,0,0.000,0.000,0.000,0.000,0.000,0.000,0.000,0.000,10.156,0,0,0,0,0,0,0,0,0.000,0.000,0.000,0.000,0.000,0.000,0,0.405,24.635,369,371,1813,37.618,230.693,25.618,230.693,5371.327,132,1,H.264,110.878,0,0,229.724,230.569,0.999,188.296,109.898,arrival-gap-jitter-spike,13814.716,0,1,1,1,1,19186.043,421.713,440.226,441.345,441.345,0,0,4,0,0,3,0,,,150.506,151.166,330,1,decoded,0,0,0,0,0,0,0,0,0,0,,100.930,0.000,103.888,0.000,0.000,0.000,132.319,stale-before-upload,0.001,505,0.000,108.909,4.609,0.088,0.272,0.001,0.000,0.272,1,0,0,1,3,0.065,24.606,24.635,3.077,24.974,2.000,RecoveryDeadline,0,1,0,0.667,3,2,2,1,0.060,0.000,0.060,0,100,0,14548,13628,875,0,802
20.187,Custom_loss6_delay0-100_dup0_reorder6_burst0,Loopback,1,1,0,,,0.000,0,21,535,11.471,11.455,11.465,117.380,101.214,83.105,68.353,39.747,0.065,0.260,14409,1001,13557,12556,1884,1060,106,637,539,98,81,0,12556,395,139,0,0,0,0,5.000,0,0,0,0,0,0,0,0,0,0,0,0,0,0,0,0.000,0.000,0.000,,387,387,1905,0,1,46.247,277.080,47.431,278.149,0.000,0.000,385,381,7481,493,132,0,1291,2093,535,1,completed,completed,H.264,0,1,24,24,0,5,5,3,7,20,0,0,15337,22,0,0,0,0,0,111.458,66,106,98,90,98,0,54.042,32.447,144.635,1,0,271,20,291,0,83,6,0.384,0.616,0.931,1.000,0.067,43.000,0.167,0.833,0.000,duplicate-guard,704,5782,0,0,424,5329,1291,12083,278,445,2,8,12073,predicted-useful,fec-grace,2158,0.000,114,291,0,0,0,0,0,12,12,12,12,101,1600,101,1600,0,0,0,pacing,0,0.705,5.401,113.401,0,0,12,12,0,0,0,0,6,12,12,0,398,2,2,sent,50,120,0,3,28,6,0,0,13,34,6,12,7,22,514,2,stale-age,0,0,1,0,17,0,0,1,0,1,0,22,0,0,1612,1610,78,0,1,9500000,1200000,5,0,5,15415,15410,18897388,832,1019578,467,578640,0,0,0,0,0,16.377,37.365,431.750,4800.000,793,27933,14397,6422,13536,7114,0.308,3.442,1.812,793,4502478,7654558,1.164,8.709,0.461,11.479,27933,1291,384,12083,291,997,3,131,131,246,10,15,2,5,5,0,0,0,0,0,0,0,0,0,0,121,0,1,0,4,2598,2093,2093,0,0,0,0,0,,disabled,,0,0,0,0,,1,Fixed Quality,Hybrid,85,30,9500,12000,640,360,H.264,480,270,518400,28178,518400,28178,0.054,0.000,,0,0,0.000,2.107,0.000,0.000,0.081,7250,6750,6750,13,13,0,1,9500,1.000,0,16.377,0.000,0,0,0.000,0.000,0,0,0,0,0.227,0.704,0.069,1,0,0,disabled,24,0,0,59,132,59,58,15,98,98,0,4,large-au-observed,0,,0,0,17.097,23.729,0,,0.000,0.000,0.000,0.000,0,0,0,,20,0,0,4.845,0,538,0.080,0.000,0.000,0.080,0.000,0.054,0.009,1,1,1,1,0,1,1,0,0,0,0,0,1.000,0.000,0.000,30,0,0.000,0,0,0,0.000,0.000,0.000,0.000,0.000,0.000,0.000,2.012,10.103,0,0,0,0,0,0,0,0,0.000,0.000,0.000,0.000,0.000,0.000,0,0.402,11.455,385,387,1905,47.695,278.194,25.618,278.194,19886.636,527,1,H.264,106.989,0,0,277.080,278.149,1.000,225.708,105.865,arrival-gap-jitter-spike,300.581,0,1,1,1,1,20187.217,421.713,440.226,441.345,441.345,0,0,4,0,0,3,0,,,150.506,151.166,330,1,decoded,0,0,0,0,0,0,0,0,0,0,,102.885,0.000,105.788,6.205,0.000,128.592,143.690,stale-before-upload,0.001,534,0.000,107.909,5.749,0.089,0.385,0.084,0.000,0.301,1,0,0,1,3,0.065,11.471,11.455,39.747,11.465,1.000,Jitter,1,1,0,0.000,2,1,1,1,0.060,0.000,0.060,0,100,0,15430,14441,939,0,848
21.197,Custom_loss6_delay0-100_dup0_reorder6_burst0,Loopback,1,1,0,,,0.000,0,21,563,17.197,17.209,17.195,103.928,101.458,14.823,65.535,51.026,0.065,0.261,15202,1058,14305,13247,1984,1119,110,669,566,103,86,0,13247,416,147,0,0,0,0,5.000,0,0,0,0,0,0,0,0,0,0,0,0,0,0,0,0.000,0.000,0.000,,407,407,2002,0,1,5.534,277.080,7.123,278.149,0.000,0.000,405,401,7886,519,139,0,1355,2209,564,1,fec-parity,pending,H.264,0,1,24,13,11,3,0,0,0,0,0,0,16213,8,0,0,0,0,0,50.483,76,110,103,95,103,0,54.931,31.725,144.635,1,0,290,20,310,0,94,6,0.409,0.591,0.935,1.000,0.060,45.000,0.667,0.333,0.000,duplicate-guard,740,6102,0,0,446,5628,1355,12730,291,461,3,13,12721,predicted-useful,fec-grace,2267,0.000,121,310,0,0,0,0,0,12,12,12,12,108,1710,108,1710,0,0,0,pacing,0,0.771,10.124,118.124,0,0,12,12,0,0,0,0,6,12,12,0,398,2,2,sent,51,122,0,3,29,6,0,0,13,34,6,12,7,22,555,2,stale-age,0,0,1,0,17,0,0,1,0,1,0,22,0,0,1722,1689,82,0,1,9500000,1200000,0,0,0,16244,16244,19919414,881,1079958,493,610400,0,0,0,0,0,11.080,37.365,748.938,4800.000,837,29503,15199,6776,14304,7528,0.308,7.397,1.056,837,5331034,8347774,1.009,-6.689,0.504,6.704,29503,1355,405,12730,309,1043,3,138,138,259,10,15,2,5,5,0,0,0,0,0,0,0,0,0,0,128,0,1,0,4,2741,2209,2209,0,0,0,0,0,,disabled,,0,0,0,0,,1,Fixed Quality,Hybrid,85,30,9500,12000,640,360,H.264,480,270,518400,0,518400,28176,0.054,0.000,,0,0,0.000,7.790,0.000,6.785,0.964,7250,6750,6750,13,13,0,1,9500,1.000,0,11.080,0.000,0,0,0.000,0.000,0,0,0,0,0.245,0.690,0.065,1,0,0,disabled,0,0,0,63,142,63,63,16,104,104,0,4,async-output-pending,0,,0,0,0.000,0.000,0,,11.080,748.938,39583.333,0.000,0,0,0,,21,0,0,0.000,1,0,0.947,0.253,0.692,0.000,0.000,0.000,0.000,0,0,1,1,1,0,0,1,1,0,0,0,1.000,0.000,0.000,30,0,0.000,0,0,0,0.000,0.000,0.000,0.000,0.000,0.000,0.000,0.000,24.356,0,0,0,0,0,0,0,0,0.000,0.000,0.000,0.000,0.000,0.000,0,0.533,17.209,405,407,2002,7.004,278.194,25.618,278.194,19886.636,527,1,H.264,106.989,0,0,277.080,278.149,1.000,225.708,105.865,arrival-gap-jitter-spike,1310.496,0,1,1,1,1,21197.132,421.713,440.226,441.345,441.345,0,0,4,0,0,3,0,,,150.506,151.166,330,1,decoded,0,0,0,0,0,0,0,0,0,0,,107.368,0.000,110.767,10.385,0.000,119.939,136.964,stale-before-upload,0.001,562,0.000,117.739,5.984,0.125,0.435,0.001,0.000,0.434,1,0,0,1,3,0.065,17.197,17.209,51.026,17.195,2.000,Jitter,1,1,0,1.000,2,2,2,1,0.060,0.000,0.060,0,100,0,16265,15240,998,0,887
22.199,Custom_loss6_delay0-100_dup0_reorder6_burst0,Loopback,1,1,0,,,0.000,0,21,589,23.852,23.880,23.876,100.416,101.556,38.526,64.185,27.557,0.065,0.255,15993,1114,15054,13940,2065,1163,117,698,592,106,87,0,13940,440,151,0,0,0,0,5.000,0,0,0,0,0,0,0,0,0,0,0,0,0,0,0,0.000,0.000,0.000,,430,430,2096,0,1,13.328,277.080,14.368,278.149,0.000,0.000,428,424,8237,546,142,0,1412,2310,590,1,expired-no-slack,expired,H.264,0,1,24,22,2,5,3,3,11,24,0,0,17008,4,0,0,0,0,0,121.515,80,117,106,98,106,0,55.115,31.091,144.635,1,0,304,24,328,0,99,6,0.406,0.594,0.927,1.000,0.057,45.000,0.250,0.750,0.000,duplicate-guard,772,6393,0,0,468,5903,1412,13348,300,472,4,18,13339,predicted-useful,fec-grace,2371,0.083,127,328,0,0,0,0,0,12,12,12,12,114,1805,114,1805,0,0,0,pacing,0,0.779,12.883,120.883,0,0,12,12,0,0,0,0,6,12,12,0,398,2,2,sent,53,129,0,3,31,6,0,0,13,34,6,12,7,22,584,3,stale-age,0,0,1,0,17,0,0,1,0,1,0,22,0,0,1817,1762,86,0,1,9500000,1200000,0,0,0,17102,17102,20970684,929,1139096,519,642792,0,0,0,0,0,14.044,37.365,4096.875,4800.000,879,31040,15988,7172,15052,7880,0.310,14.446,0.075,879,6597630,10135556,0.679,23.703,0.481,19.821,31040,1412,428,13348,327,1082,3,141,141,267,11,16,1,6,5,0,0,0,0,0,0,0,0,0,0,130,0,1,0,4,2862,2310,2310,0,0,0,0,0,,disabled,,0,0,0,0,,1,Fixed Quality,Hybrid,85,30,9500,12000,640,360,H.264,480,270,518400,28178,518400,28178,0.054,0.000,,0,0,0.000,1.859,0.000,0.000,0.078,7250,6750,6750,13,13,0,1,9500,1.000,0,14.044,0.000,0,0,0.000,0.000,0,0,0,0,0.244,0.683,0.073,1,0,0,disabled,24,0,0,67,150,67,67,16,110,110,0,4,large-au-observed,0,,0,0,12.603,23.729,0,,0.000,0.000,0.000,0.000,0,0,0,,22,0,0,4.455,0,593,0.077,0.000,0.000,0.077,0.000,0.050,0.011,1,1,1,1,0,1,1,0,0,0,1,0,0.860,138.429,0.000,26,0,0.000,0,0,0,0.000,0.000,0.000,0.000,0.000,0.000,0.000,1.768,16.398,0,0,0,0,0,0,0,0,0.000,0.000,0.000,0.000,0.000,0.000,0,0.430,23.880,428,430,2096,14.397,278.194,25.618,278.194,19886.636,527,1,H.264,106.989,0,0,277.080,278.149,1.000,225.708,105.865,arrival-gap-jitter-spike,2312.159,0,1,1,1,1,22198.795,421.713,440.226,441.345,441.345,0,0,5,0,0,4,1,latency-pressure freshness,latency-over-80ms,123.302,151.166,563,1,decoded,0,0,0,0,0,0,0,0,0,0,,103.674,0.000,106.786,0.000,0.000,0.000,130.208,stale-before-upload,0.001,589,0.000,112.718,5.489,0.087,0.292,0.001,0.000,0.291,1,0,0,1,3,0.065,23.852,23.880,27.557,23.876,1.000,RecoveryDeadline,0,1,0,1.000,0,1,1,1,0.060,0.000,0.060,0,100,0,17124,16023,1058,0,935
23.199,Custom_loss6_delay0-100_dup0_reorder6_burst0,Loopback,1,1,0,,,0.000,0,21,617,16.876,16.880,16.801,119.531,101.712,78.464,64.865,9.822,0.065,0.257,16782,1173,15795,14622,2170,1237,121,720,608,112,92,0,14622,459,159,0,0,0,0,5.000,0,0,0,0,0,0,0,0,0,0,0,0,0,0,0,0.000,0.000,0.000,,449,449,2191,0,1,48.268,277.080,49.432,278.149,0.000,0.000,447,443,8644,571,150,0,1484,2423,619,1,fec-recovered,pending,H.264,0,1,24,19,5,2,2,1,1,7,1,0,17907,15,17952,0,0,0,0,59.901,88,121,112,104,112,0,56.007,30.300,144.635,1,0,322,24,346,0,110,6,0.421,0.579,0.931,1.000,0.052,45.000,0.333,0.667,0.000,duplicate-guard,809,6669,0,0,489,6154,1484,14010,316,497,4,18,14000,predicted-useful,fec-grace,2484,0.292,135,346,0,0,0,0,0,13,13,13,13,122,1942,122,1942,0,0,0,pacing,0,0.792,8.633,116.633,0,0,13,13,0,0,0,0,6,12,12,0,398,2,2,sent,55,134,0,3,33,6,0,0,13,34,6,12,7,22,612,1,stale-age,0,0,1,0,17,0,0,1,0,1,0,24,0,0,1955,1848,90,0,1,9500000,1200000,10,0,10,17960,17950,22010086,977,1198234,545,674562,0,0,0,0,0,0.880,37.365,118.062,4800.000,921,32556,16764,7502,15792,8290,0.309,5.503,1.402,921,6383248,9384600,1.050,26.950,0.498,15.685,32556,1484,447,14010,345,1136,3,149,149,282,12,19,3,6,6,0,0,0,0,0,0,0,0,0,0,137,0,1,0,4,3002,2423,2423,0,0,0,0,0,,disabled,,0,0,0,0,,1,Fixed Quality,Hybrid,85,30,9500,12000,640,360,H.264,480,270,518400,28178,518400,28178,0.054,0.000,,0,0,0.000,1.925,0.000,0.000,0.073,7250,6750,6750,13,13,0,1,9500,1.000,0,10.744,0.000,0,0,0.000,0.000,0,0,0,0,0.254,0.676,0.069,1,0,0,disabled,24,0,0,71,159,71,69,19,116,116,0,4,large-au-observed,0,,0,0,12.532,23.729,0,,0.000,0.000,0.000,0.000,0,0,0,,23,0,0,6.158,0,621,0.073,0.000,0.000,0.072,0.000,0.049,0.008,1,1,1,1,0,1,1,0,0,0,1,0,0.860,102.898,0.000,26,0,0.000,0,0,0,0.000,0.000,0.000,0.000,0.000,0.000,0.000,1.844,10.261,0,0,0,0,0,0,0,0,0.000,0.000,0.000,0.000,0.000,0.000,0,0.373,16.880,447,449,2191,49.361,278.194,25.618,278.194,19886.636,527,1,H.264,106.989,0,0,277.080,278.149,1.000,225.708,105.865,arrival-gap-jitter-spike,3312.180,0,1,1,1,1,23198.816,421.713,440.226,441.345,441.345,0,0,5,0,0,4,0,,,123.302,151.166,563,1,decoded,0,0,0,0,0,0,0,0,0,0,,105.650,0.000,108.479,0.000,0.000,0.000,139.766,stale-before-upload,0.001,617,0.000,114.192,5.330,0.078,0.267,0.031,0.000,0.236,1,0,0,1,3,0.065,16.876,16.880,9.822,16.801,1.000,RecoveryDeadline,0,1,0,1.000,1,1,1,1,0.060,0.000,0.060,0,100,0,17973,16810,1109,0,978
24.203,Custom_loss6_delay0-100_dup0_reorder6_burst0,Loopback,1,1,0,,,0.000,0,21,645,17.977,17.992,17.987,102.811,101.942,21.642,62.900,30.959,0.066,0.257,17591,1243,16570,15327,2272,1304,124,747,631,116,97,0,15327,481,166,0,0,0,0,5.000,0,0,0,0,0,0,0,0,0,0,0,0,0,0,0,0.000,0.000,0.000,,470,470,2292,0,1,23.051,277.080,24.668,278.149,0.000,0.000,468,464,9065,597,156,0,1550,2547,648,1,nack-suppressed-fec-grace,pending,H.264,0,1,24,11,13,1,1,0,0,0,0,0,18790,10,0,0,0,0,0,45.746,93,124,116,108,116,0,56.278,29.826,144.635,1,0,334,28,362,0,117,8,0.429,0.571,0.923,1.000,0.064,45.000,0.444,0.556,0.143,duplicate-guard,854,7011,0,0,513,6469,1550,14614,337,524,4,18,14604,predicted-useful,fec-grace,2598,0.542,141,362,0,0,0,0,0,13,13,13,13,128,2035,128,2035,0,0,0,pacing,0,0.734,7.277,115.277,0,0,13,13,0,0,0,0,6,12,12,0,398,2,2,sent,56,135,0,3,34,6,0,0,13,34,6,12,7,22,639,1,stale-age,0,0,1,0,17,0,0,1,0,1,0,24,0,0,2048,1932,94,0,1,9500000,1200000,2,0,2,18816,18814,23068230,1023,1254884,570,705710,0,0,0,0,0,14.394,37.365,235.875,4800.000,967,34159,17589,7925,16570,8645,0.311,5.416,1.465,967,5524311,9287736,3.198,10.196,0.522,13.623,34159,1550,469,14614,360,1187,3,155,155,294,13,20,1,7,6,0,0,0,0,0,0,0,0,0,0,142,0,1,0,4,3148,2547,2547,0,0,0,0,0,,disabled,,0,0,0,0,,1,Fixed Quality,Hybrid,85,30,9500,12000,640,360,H.264,480,270,518400,28178,518400,28178,0.054,0.000,,0,0,0.000,2.691,0.000,0.000,0.138,7250,6750,6750,13,13,0,1,9500,1.000,0,18.444,0.000,0,0,0.000,0.000,0,0,0,0,0.257,0.666,0.077,1,0,0,disabled,24,0,0,75,165,75,71,19,121,121,0,4,large-au-observed,0,,0,0,24.067,23.729,0,,0.000,0.000,0.000,0.000,0,0,0,,24,0,0,4.527,0,649,0.138,0.000,0.000,0.137,0.000,0.093,0.015,1,1,1,1,0,1,1,0,0,0,1,0,0.860,113.774,0.000,26,0,0.000,0,0,0,0.000,0.000,0.000,0.000,0.000,0.000,0.000,2.531,10.492,0,0,0,0,0,0,0,0,0.000,0.000,0.000,0.000,0.000,0.000,0,0.445,17.992,468,470,2292,24.720,278.194,25.618,278.194,19886.636,527,1,H.264,106.989,0,0,277.080,278.149,1.000,225.708,105.865,arrival-gap-jitter-spike,4316.335,0,1,1,1,1,24202.971,421.713,440.226,441.345,441.345,0,0,5,0,0,4,0,,,123.302,151.166,563,1,decoded,0,0,0,0,0,0,0,0,0,0,,108.719,0.000,111.592,0.000,0.000,0.000,131.406,stale-before-upload,0.001,645,0.000,118.109,6.063,0.084,0.437,0.060,0.000,0.377,1,0,0,1,3,0.066,17.977,17.992,30.959,17.987,1.000,RecoveryDeadline,0,1,0,1.000,3,3,3,1,0.060,0.000,0.060,0,100,0,18838,17624,1161,0,1037
25.205,Custom_loss6_delay0-100_dup0_reorder6_burst0,Loopback,1,1,0,,,0.000,0,21,673,18.705,18.725,18.919,107.210,102.002,124.394,65.574,17.703,0.064,0.256,18402,1266,17308,16042,2381,1368,128,783,660,123,102,0,16042,502,173,0,0,0,0,5.000,0,0,0,0,0,0,0,0,0,0,0,0,0,0,0,0.000,0.000,0.000,,491,491,2387,0,1,70.157,277.080,71.164,278.149,0.000,0.000,489,485,9476,625,163,0,1619,2664,676,1,nack-suppressed-fec-grace,pending,H.264,0,1,24,10,14,3,0,0,0,0,0,0,19665,23,0,0,0,0,0,45.904,100,128,123,115,123,0,56.730,29.462,144.635,1,0,352,31,383,0,126,9,0.439,0.561,0.919,1.000,0.067,45.000,0.167,0.833,0.000,duplicate-guard,893,7297,0,0,534,6726,1619,15298,355,553,4,18,15287,predicted-useful,fec-grace,2714,0.208,148,383,0,0,0,0,0,13,13,13,13,135,2154,135,2154,0,0,0,pacing,0,0.804,10.719,118.719,0,0,13,13,0,0,0,0,6,12,12,0,398,2,2,sent,58,141,0,3,36,6,0,0,13,34,6,12,7,22,670,4,stale-age,0,0,1,0,17,0,0,1,0,1,0,26,0,0,2167,2019,98,0,1,9500000,1200000,0,0,0,19677,19677,24125734,1074,1317754,596,738094,0,0,0,0,0,17.834,37.365,4618.188,4800.000,1009,35691,18384,8269,17307,9038,0.310,11.879,1.679,1009,5114211,8498461,1.525,28.707,0.499,13.612,35691,1618,490,15297,381,1234,3,162,162,306,14,21,1,8,6,0,0,0,0,0,0,0,0,0,0,148,0,1,0,4,3288,2664,2664,0,0,0,0,0,,disabled,,0,0,0,0,,1,Fixed Quality,Hybrid,85,30,9500,12000,640,360,H.264,480,270,518400,28178,518400,28178,0.054,0.000,,0,0,0.000,2.115,0.000,0.000,0.083,7250,6750,6750,13,13,0,1,9500,1.000,0,17.834,0.000,0,0,0.000,0.000,0,0,0,0,0.261,0.658,0.081,1,0,0,disabled,24,0,0,79,176,79,75,22,128,128,0,4,large-au-observed,0,,0,0,15.694,23.729,0,,0.000,0.000,0.000,0.000,0,0,0,,25,0,0,5.006,0,677,0.082,0.000,0.000,0.082,0.000,0.056,0.008,1,1,1,1,0,1,1,0,0,0,0,0,1.000,0.000,0.000,30,0,0.000,0,0,0,0.000,0.000,0.000,0.000,0.000,0.000,0.000,2.015,9.715,0,0,0,0,0,0,0,0,0.000,0.000,0.000,0.000,0.000,0.000,0,0.424,18.725,489,491,2387,71.529,278.194,25.618,278.194,19886.636,527,1,H.264,106.989,0,0,277.080,278.149,1.000,225.708,105.865,arrival-gap-jitter-spike,5318.906,0,1,1,1,1,25205.542,421.713,440.226,441.345,441.345,0,0,5,0,0,4,0,,,123.302,151.166,563,1,decoded,0,0,0,0,0,0,0,0,0,0,,98.775,0.000,101.712,0.000,0.000,0.000,133.605,stale-before-upload,0.001,673,0.000,107.266,5.113,0.085,0.296,0.001,0.000,0.295,1,0,0,1,3,0.064,18.705,18.725,17.703,18.919,0.750,Loss,0,1,0,1.000,1,1,1,1,0.060,0.000,0.060,0,100,0,19702,18437,1212,0,1075
26.207,Custom_loss6_delay0-100_dup0_reorder6_burst0,Loopback,1,1,0,,,0.000,0,21,702,21.966,21.972,19.931,106.268,101.947,77.963,66.090,1.601,0.064,0.251,19147,1314,18006,16692,2487,1425,135,824,699,125,103,0,16692,527,177,0,0,0,0,5.000,0,0,0,0,0,0,0,0,0,0,0,0,0,0,0,0.000,0.000,0.000,,516,516,2481,0,1,46.225,277.080,47.125,278.149,0.000,0.000,514,509,9859,652,167,0,1676,2780,704,1,fec-parity,pending,H.264,0,1,22,11,11,3,1,0,0,0,0,0,20436,9,0,0,0,0,0,36.849,105,135,125,117,125,0,56.956,29.328,144.635,1,0,366,34,400,0,131,10,0.438,0.562,0.915,1.000,0.071,45.000,0.167,0.833,0.000,duplicate-guard,929,7582,0,0,555,6983,1676,15818,370,581,4,18,15807,predicted-useful,likely-arrival,2817,0.000,155,400,0,0,0,0,0,15,15,15,15,142,2267,142,2267,0,0,0,pacing,0,0.833,8.797,116.797,0,0,14,14,1,1,0,0,6,12,12,0,398,2,2,sent,62,150,0,3,40,6,0,0,13,34,6,12,7,22,698,2,stale-age,0,0,1,0,17,0,0,1,0,1,0,28,0,0,2282,2089,102,0,1,9500000,1200000,8,0,8,20458,20450,25075001,1119,1373476,619,766746,0,0,0,0,0,0.839,37.365,114.500,4800.000,1049,37129,19132,8570,17997,9427,0.309,2.845,2.182,1049,4843318,7787157,1.417,13.679,0.482,10.321,37129,1676,513,15818,396,1277,3,166,166,313,15,22,1,9,6,0,0,0,0,0,0,0,0,0,0,151,0,1,0,4,3419,2780,2780,0,0,0,0,0,,disabled,,0,0,0,0,,1,Fixed Quality,Hybrid,85,30,9500,12000,640,360,H.264,480,270,518400,26096,518400,26096,0.050,0.000,,0,0,0.000,1.888,0.000,0.000,0.075,6500,6250,6250,14,14,0,1,9500,0.888,1,13.983,0.000,0,0,0.000,0.000,0,0,0,0,0.263,0.652,0.085,1,0,0,latency-pressure-freshness-hold,22,0,0,83,182,83,77,22,133,133,0,4,large-au-observed,0,,0,0,17.597,21.976,0,,0.000,0.000,0.000,0.000,0,0,0,,26,0,0,5.849,0,705,0.074,0.000,0.000,0.074,0.000,0.052,0.007,1,1,1,1,0,1,1,0,0,0,1,0,0.860,140.505,0.000,26,0,0.000,0,0,0,0.000,0.000,0.000,0.000,0.000,0.000,0.000,1.789,9.952,0,0,0,0,0,0,0,0,0.000,0.000,0.000,0.000,0.000,0.000,0,0.395,21.972,514,516,2481,47.235,278.194,25.618,278.194,19886.636,527,1,H.264,106.989,0,0,277.080,278.149,1.000,225.708,105.865,arrival-gap-jitter-spike,6320.917,0,1,1,1,1,26207.553,421.713,440.226,441.345,441.345,0,0,6,0,0,5,1,latency-pressure freshness,latency-over-80ms,130.741,151.166,686,1,decoded,0,0,0,0,0,0,0,0,0,0,,102.737,0.000,105.267,0.000,0.000,0.000,133.134,stale-before-upload,0.001,702,0.000,111.479,6.005,0.082,0.312,0.057,0.000,0.255,1,0,0,1,3,0.064,21.966,21.972,1.601,19.931,1.000,Loss,0,1,0,0.000,2,3,3,1,0.060,0.000,0.060,0,100,0,20476,19182,1251,0,1117
27.208,Custom_loss6_delay0-100_dup0_reorder6_burst0,Loopback,1,1,0,,,0.000,0,21,728,15.581,13.624,13.624,109.133,102.026,57.975,65.765,22.410,0.064,0.253,19864,1349,18664,17315,2594,1494,143,852,719,133,105,0,17315,547,185,0,0,0,0,5.000,0,0,0,0,0,0,0,0,0,0,0,0,0,0,0,0.000,0.000,0.000,,534,534,2577,0,1,85.203,277.080,86.592,278.149,0.000,0.000,532,526,10253,680,173,0,1739,2890,730,1,nack-suppressed-fec-grace,pending,H.264,0,1,23,9,14,1,0,0,0,0,0,0,21194,4,0,0,0,0,0,46.631,110,143,133,125,133,0,57.279,28.721,144.635,1,0,387,33,420,0,137,10,0.435,0.565,0.921,1.000,0.068,45.000,0.182,0.818,0.000,duplicate-guard,969,7824,0,0,575,7194,1739,16337,390,612,4,18,16326,predicted-useful,fec-grace,2922,0.000,164,420,0,0,0,0,0,17,17,17,17,150,2385,150,2385,0,0,0,pacing,0,0.755,6.714,114.714,0,0,17,17,0,0,0,0,7,14,14,0,712,2,2,sent,63,152,0,3,40,6,0,0,14,36,7,14,7,22,712,2,selected-repair,0,0,1,0,17,0,0,1,0,1,0,28,0,0,2402,2165,106,0,1,9500000,1200000,0,0,0,21193,21193,25990495,1168,1434016,644,797886,0,0,0,0,0,15.998,37.365,8736.500,4800.000,1088,38526,19862,8891,18664,9773,0.309,12.468,1.999,1088,4873275,7868449,1.928,6.946,0.423,12.606,38526,1738,533,16332,417,1318,3,172,172,323,15,22,1,9,6,0,0,0,0,0,0,0,0,0,0,157,0,1,0,4,3553,2890,2890,0,0,0,0,0,,disabled,,0,0,0,0,,1,Fixed Quality,Hybrid,85,30,9500,12000,640,360,H.264,480,270,518400,0,518400,27136,0.052,0.000,,0,0,0.000,8.232,0.000,7.311,0.879,7250,6500,6500,15,15,0,1,9500,1.000,0,15.998,0.000,0,0,0.000,0.000,0,0,0,0,0.262,0.660,0.079,1,0,0,disabled,0,0,0,87,192,87,81,24,140,140,0,4,async-output-pending,0,,0,0,0.000,0.000,0,,15.998,8736.500,45673.077,0.000,0,0,0,,27,0,0,0.000,1,0,0.863,0.197,0.664,0.000,0.000,0.000,0.000,0,0,1,1,1,0,0,1,1,0,1,0,0.860,67.757,0.000,26,0,0.000,0,0,0,0.000,0.000,0.000,0.000,0.000,0.000,0.000,0.000,30.837,0,0,0,0,0,0,0,0,0.000,0.000,0.000,0.000,0.000,0.000,0,0.396,13.624,532,534,2577,86.545,278.194,25.618,278.194,19886.636,527,1,H.264,106.989,0,0,277.080,278.149,1.000,225.708,105.865,arrival-gap-jitter-spike,7321.832,0,1,1,1,1,27208.468,421.713,440.226,441.345,441.345,0,0,6,0,0,5,0,,,130.741,151.166,686,1,decoded,0,0,0,0,0,0,0,0,0,0,,103.359,0.000,106.228,7.227,0.000,121.469,134.566,stale-before-upload,0.001,726,0.000,111.286,6.543,0.087,0.413,0.032,0.000,0.381,1,0,0,1,3,0.064,15.581,13.624,22.410,13.624,1.000,Loss,0,1,0,1.000,0,1,1,1,0.060,0.000,0.060,0,100,0,21220,19901,1295,0,1156
28.208,Custom_loss6_delay0-100_dup0_reorder6_burst0,Loopback,1,1,0,,,0.000,0,21,756,23.241,23.250,23.115,118.893,102.138,104.762,67.265,7.943,0.064,0.252,20645,1411,19405,17994,2692,1560,146,876,741,135,110,0,17994,568,191,0,0,0,0,5.000,0,0,0,0,0,0,0,0,0,0,0,0,0,0,0,0.000,0.000,0.000,,555,555,2672,0,1,49.859,277.080,50.970,278.149,0.000,0.000,553,548,10641,703,179,0,1806,2999,757,1,fec-recovered,pending,H.264,0,1,24,23,1,5,5,2,9,19,0,0,21989,18,0,0,0,0,0,86.495,115,146,135,127,135,0,57.438,28.609,144.635,1,0,397,35,432,0,143,10,0.441,0.559,0.919,1.000,0.065,43.000,0.600,0.400,0.000,stable,1008,8136,0,0,598,7484,1806,16953,406,634,4,18,16942,predicted-useful,fec-grace,3032,0.000,168,432,0,0,0,0,0,17,17,17,17,154,2443,154,2443,0,0,0,pacing,0,0.758,9.087,117.087,0,0,17,17,0,0,0,0,7,14,14,0,712,2,2,sent,64,153,0,3,41,6,0,0,14,36,7,14,7,22,737,1,stale-age,0,0,1,0,17,0,0,1,0,1,0,28,0,0,2460,2247,110,0,1,9500000,1200000,12,0,12,22063,22051,27043927,1210,1485690,669,829034,0,0,0,0,0,0.514,37.365,69.562,4800.000,1131,40032,20630,9203,19402,10199,0.308,10.367,0.868,1131,8823537,12572550,0.871,14.914,0.509,15.478,40032,1806,554,16953,429,1374,3,178,178,335,15,22,1,9,6,0,0,0,0,0,0,0,0,0,0,163,0,1,0,4,3689,2999,2999,0,0,0,0,0,,disabled,,0,0,0,0,,1,Fixed Quality,Hybrid,85,30,9500,12000,640,360,H.264,480,270,518400,28178,518400,28178,0.054,0.000,,0,0,0.000,1.843,0.000,0.000,0.076,7250,6750,6750,16,16,0,1,9500,1.000,0,15.423,0.000,0,0,0.000,0.000,0,0,0,0,0.266,0.653,0.081,1,0,0,disabled,24,0,0,91,197,91,82,24,144,144,0,4,large-au-observed,0,,0,0,17.120,23.729,0,,0.000,0.000,0.000,0.000,0,0,0,,28,0,0,5.849,0,760,0.076,0.000,0.000,0.076,0.000,0.051,0.007,1,1,1,1,0,1,1,0,0,0,0,0,1.000,0.000,0.000,30,0,0.000,0,0,0,0.000,0.000,0.000,0.000,0.000,0.000,0.000,1.758,10.018,0,0,0,0,0,0,0,0,0.000,0.000,0.000,0.000,0.000,0.000,0,0.486,23.251,553,555,2672,50.959,278.194,25.618,278.194,19886.636,527,1,H.264,106.989,0,0,277.080,278.149,1.000,225.708,105.865,arrival-gap-jitter-spike,8321.594,0,1,1,1,1,28208.230,421.713,440.226,441.345,441.345,0,0,6,0,0,5,0,,,130.741,151.166,686,1,decoded,0,0,0,0,0,0,0,0,0,0,,112.123,0.000,115.046,0.000,0.000,0.000,139.447,stale-before-upload,0.001,756,0.000,120.502,4.952,0.081,0.258,0.001,0.000,0.258,1,0,0,1,3,0.064,23.241,23.250,7.943,23.115,1.000,Loss,0,1,0,1.000,1,1,1,1,0.060,0.000,0.060,0,100,0,22079,20684,1343,0,1214
29.214,Custom_loss6_delay0-100_dup0_reorder6_burst0,Loopback,1,1,0,,,0.000,0,21,786,24.231,24.199,24.207,104.633,102.166,59.334,66.972,11.800,0.064,0.250,21485,1460,20186,18726,2797,1630,151,905,764,141,111,0,18726,592,197,0,0,0,0,5.000,0,0,0,0,0,0,0,0,0,0,0,0,0,0,0,0.000,0.000,0.000,,579,579,2766,0,1,28.137,277.080,29.469,278.149,0.000,0.000,577,572,11072,733,185,0,1879,3120,787,1,nack-sent,pending,H.264,0,1,24,17,7,3,1,2,5,20,0,0,22898,9,0,0,0,0,0,77.702,119,151,141,133,141,0,57.907,28.340,144.635,1,0,412,37,449,0,147,10,0.441,0.559,0.918,1.000,0.064,45.000,0.286,0.714,0.000,duplicate-guard,1051,8460,0,0,622,7779,1879,17610,425,663,4,18,17599,predicted-useful,likely-arrival,3156,0.375,175,449,0,0,0,0,0,17,17,17,17,161,2561,161,2561,0,0,0,pacing,0,0.794,6.795,114.795,0,0,17,17,0,0,0,0,7,14,14,0,712,2,2,sent,67,165,0,3,44,6,0,0,14,36,7,14,7,22,783,4,stale-age,0,0,1,0,17,0,0,1,0,1,0,31,0,0,2578,2337,114,0,1,9500000,1200000,11,0,11,22950,22939,28131941,1257,1543584,696,862040,0,0,0,0,0,0.636,37.365,1170.875,4800.000,1175,41653,21467,9568,20186,10618,0.308,16.478,1.853,1175,6331594,10121401,1.244,2.846,0.488,13.399,41653,1878,578,17603,444,1431,3,184,184,348,15,22,1,9,6,0,0,0,0,0,0,0,0,0,0,169,0,1,0,4,3838,3120,3120,0,0,0,0,0,,disabled,,0,0,0,0,,1,Fixed Quality,Hybrid,85,30,9500,12000,640,360,H.264,480,270,518400,28178,518400,28178,0.054,0.000,,0,0,0.000,2.198,0.000,0.000,0.080,7250,6750,6750,16,16,0,1,9500,1.000,0,14.387,0.000,0,0,0.000,0.000,0,0,0,0,0.265,0.653,0.082,1,0,0,disabled,24,0,0,95,203,95,82,26,149,149,0,4,large-au-observed,0,,0,0,17.943,23.729,0,,0.000,0.000,0.000,0.000,0,0,0,,29,0,0,11.159,0,789,0.080,0.000,0.000,0.080,0.000,0.059,0.006,1,1,1,1,0,1,1,0,0,0,1,0,0.860,146.686,0.000,26,0,0.000,0,0,0,0.000,0.000,0.000,0.000,0.000,0.000,0.000,2.109,15.545,0,0,0,0,0,0,0,0,0.000,0.000,0.000,0.000,0.000,0.000,0,0.402,24.199,577,579,2766,29.438,278.194,25.618,278.194,19886.636,527,1,H.264,106.989,0,0,277.080,278.149,1.000,225.708,105.865,arrival-gap-jitter-spike,9327.917,0,1,1,1,1,29214.553,421.713,440.226,441.345,441.345,0,0,6,0,0,5,0,,,130.741,151.166,686,1,decoded,0,0,0,0,0,0,0,0,0,0,,103.719,0.000,106.560,0.000,0.000,0.000,132.316,stale-before-upload,0.001,786,0.000,112.809,5.834,0.084,0.356,0.028,0.000,0.328,1,0,0,1,3,0.064,24.231,24.199,11.800,24.207,1.000,Loss,0,1,0,1.000,0,1,1,1,0.060,0.000,0.060,0,100,0,22968,21527,1401,0,1257
30.216,Custom_loss6_delay0-100_dup0_reorder6_burst0,Loopback,1,1,0,,,0.000,0,21,813,19.679,19.683,21.911,101.029,102.203,14.988,65.115,29.415,0.064,0.250,22281,1519,20924,19405,2893,1692,153,935,788,147,113,0,19405,612,204,0,0,0,0,5.000,0,0,0,0,0,0,0,0,0,0,0,0,0,0,0,0.000,0.000,0.000,,599,599,2865,0,1,19.408,277.080,21.400,278.149,0.000,0.000,597,592,11466,759,192,0,1945,3229,815,1,fec-parity,pending,H.264,0,1,24,8,16,3,0,1,0,16,0,0,23763,15,0,0,0,0,0,50.147,126,153,147,139,147,0,58.565,27.863,144.635,1,0,427,40,467,0,153,11,0.452,0.548,0.914,1.000,0.067,39.000,0.571,0.429,0.250,retransmit-late,1097,8804,0,0,645,8088,1945,18195,448,698,4,18,18183,predicted-useful,fec-grace,3269,0.708,183,467,0,0,0,0,0,17,17,17,17,169,2698,169,2698,0,0,0,pacing,0,0.797,10.478,118.478,0,0,17,17,0,0,0,0,7,14,14,0,712,2,2,sent,68,167,0,3,45,6,0,0,14,36,7,14,7,22,797,2,stale-age,0,0,1,0,17,0,0,1,0,1,0,31,0,0,2715,2421,118,0,1,9500000,1200000,0,0,0,23778,23778,29159575,1305,1602722,723,895054,0,0,0,0,0,15.978,37.365,6811.500,4800.000,1219,43183,22263,9979,20920,10941,0.310,39.381,0.000,1219,8199837,11402226,0.990,-6.593,0.488,13.985,43183,1945,598,18195,459,1483,3,191,191,359,15,22,1,9,6,0,0,0,0,0,0,0,0,0,0,176,0,1,0,4,3969,3229,3229,0,0,0,0,0,,disabled,,0,0,0,0,,1,Fixed Quality,Hybrid,85,30,9500,12000,640,360,H.264,480,270,518400,28178,518400,28178,0.054,0.000,,0,0,0.000,3.108,0.000,0.000,0.206,7250,6750,6750,16,16,0,1,9500,1.000,0,15.978,0.000,0,0,0.000,0.000,0,0,0,0,0.270,0.645,0.086,1,0,0,disabled,24,0,0,99,209,99,84,26,154,154,0,4,large-au-observed,0,,0,0,11.249,23.729,0,,0.000,0.000,0.000,0.000,0,0,0,,30,0,0,15.443,0,816,0.206,0.000,0.000,0.205,0.000,0.104,0.013,1,1,1,1,0,1,1,0,0,0,1,0,0.860,179.977,0.000,26,0,0.000,0,0,0,0.000,0.000,0.000,0.000,0.000,0.000,0.000,2.889,19.726,0,0,0,0,0,0,0,0,0.000,0.000,0.000,0.000,0.000,0.000,0,0.491,19.683,597,599,2865,21.065,278.194,25.618,278.194,19886.636,527,1,H.264,106.989,0,0,277.080,278.149,1.000,225.708,105.865,arrival-gap-jitter-spike,10330.112,0,1,1,1,1,30216.748,421.713,440.226,441.345,441.345,0,0,6,0,0,5,0,,,130.741,151.166,686,1,decoded,0,0,0,0,0,0,0,0,0,0,,106.056,0.000,109.119,0.000,0.000,0.000,130.514,stale-before-upload,0.001,813,0.000,115.522,5.871,0.102,0.417,0.009,0.000,0.408,1,0,0,1,3,0.064,19.679,19.683,29.415,21.911,1.000,RecoveryDeadline,0,1,0,0.000,2,1,1,1,0.060,0.000,0.060,0,100,0,23808,22322,1452,0,1299
31.221,Custom_loss6_delay0-100_dup0_reorder6_burst0,Loopback,1,1,0,,,0.000,0,21,839,20.402,20.432,20.775,93.979,102.230,37.375,64.158,70.235,0.064,0.253,23057,1573,21653,20080,3000,1761,160,957,809,148,122,0,20080,629,213,0,0,0,0,5.000,0,0,0,0,0,0,0,0,0,0,0,0,0,0,0,0.000,0.000,0.000,,616,616,2960,0,1,118.157,277.080,119.250,278.149,0.000,0.000,614,609,11863,777,201,0,2009,3342,844,1,fec-recovered,pending,H.264,0,1,24,7,17,1,1,0,0,0,0,0,24616,11,0,0,0,0,0,8.367,134,160,148,140,148,0,58.746,27.849,144.635,1,0,443,40,483,0,156,12,0.456,0.544,0.917,1.000,0.071,42.000,0.667,0.333,0.000,stable,1139,9116,0,0,667,8369,2009,18818,468,729,4,18,18805,predicted-useful,fec-grace,3370,0.083,187,483,0,0,0,0,0,17,17,17,17,173,2767,173,2767,0,0,0,pacing,0,0.843,10.237,118.237,0,0,17,17,0,0,0,0,7,14,14,0,712,2,2,sent,69,171,0,3,46,6,0,0,14,36,7,14,7,22,824,4,stale-age,0,0,1,0,17,0,0,1,0,1,0,31,0,0,2784,2498,122,0,1,9500000,1200000,0,0,0,24604,24604,30171611,1351,1659372,754,933044,0,0,0,0,0,15.742,37.365,6108.500,4800.000,1262,44699,23053,10306,21646,11340,0.309,21.936,0.151,1262,5801579,8729479,1.094,22.387,0.464,13.646,44699,2009,615,18818,474,1532,3,200,200,377,17,26,2,9,8,0,0,0,0,0,0,0,0,0,0,183,0,1,0,4,4105,3342,3342,0,0,0,0,0,,disabled,,0,0,0,0,,1,Fixed Quality,Hybrid,85,30,9500,12000,640,360,H.264,480,270,518400,28178,518400,28178,0.054,0.000,,0,0,0.000,2.147,0.000,0.000,0.201,7250,6750,6750,16,16,0,1,9500,1.000,0,15.742,0.000,0,0,0.000,0.000,0,0,0,0,0.277,0.640,0.083,1,0,0,disabled,24,0,0,103,217,103,86,28,159,159,0,4,large-au-observed,0,,0,0,17.355,23.729,0,,0.000,0.000,0.000,0.000,0,0,0,,31,0,0,8.522,0,844,0.200,0.000,0.000,0.200,0.000,0.137,0.031,1,1,1,1,0,1,1,0,0,0,0,0,1.000,0.000,0.000,30,0,0.000,0,0,0,0.000,0.000,0.000,0.000,0.000,0.000,0.000,1.932,18.186,0,0,0,0,0,0,0,0,0.000,0.000,0.000,0.000,0.000,0.000,0,0.501,20.432,614,616,2960,119.334,278.194,25.618,278.194,19886.636,527,1,H.264,106.989,0,0,277.080,278.149,1.000,225.708,105.865,arrival-gap-jitter-spike,11334.260,0,1,1,1,1,31220.896,421.713,440.226,441.345,441.345,0,0,6,0,0,5,0,,,130.741,151.166,686,1,decoded,0,0,0,0,0,0,0,0,0,0,,100.999,0.000,103.970,0.000,0.000,0.000,131.989,stale-before-upload,0.001,839,0.000,109.867,5.379,0.077,0.290,0.027,0.000,0.264,1,0,0,1,3,0.064,20.402,20.432,70.235,20.775,2.000,RecoveryDeadline,0,1,0,1.000,2,2,2,1,0.060,0.000,0.060,0,100,0,24635,23100,1504,0,1346
32.225,Custom_loss6_delay0-100_dup0_reorder6_burst0,Loopback,1,1,0,,,0.000,0,21,870,17.578,15.821,16.952,102.190,102.221,67.254,64.262,5.768,0.064,0.258,23853,1634,22410,20776,3101,1821,164,987,836,151,129,0,20776,648,225,0,0,0,0,5.000,0,0,0,0,0,0,0,0,0,0,0,0,0,0,0,0.000,0.000,0.000,,633,633,3054,0,1,62.704,277.080,63.777,278.149,0.000,0.000,631,626,12278,799,211,0,2080,3461,871,1,fec-recovered,pending,H.264,0,1,24,22,2,5,4,3,10,32,0,0,25400,1,0,0,0,0,0,89.675,139,164,151,143,151,0,58.728,28.184,144.635,1,0,455,42,497,0,162,14,0.459,0.541,0.915,1.000,0.080,44.000,0.600,0.400,0.000,stable,1179,9446,0,0,690,8674,2080,19435,485,754,4,18,19422,predicted-useful,likely-arrival,3485,0.792,193,497,0,0,0,0,0,18,18,18,18,179,2856,179,2856,0,0,0,pacing,0,0.757,9.321,117.321,0,0,18,18,0,0,0,0,7,14,14,0,712,2,2,sent,71,175,0,3,48,6,0,0,14,36,7,14,7,22,869,2,stale-age,0,0,1,0,19,0,0,1,0,1,0,31,0,0,2874,2586,126,0,1,9500000,1200000,0,0,0,25458,25458,31217903,1395,1713532,780,965436,0,0,0,0,0,0.016,37.365,4379.125,3556.000,1303,46232,23836,10663,22396,11733,0.309,14.539,0.818,1303,5884196,9489577,0.830,23.885,0.497,15.050,46232,2080,634,19435,486,1591,3,210,210,391,19,29,2,10,9,0,0,0,0,0,0,0,0,0,0,191,0,1,0,4,4249,3461,3461,0,0,0,0,0,,disabled,,0,0,0,0,,1,Fixed Quality,Hybrid,85,30,9500,12000,640,360,H.264,480,270,518400,28176,518400,28176,0.054,0.000,,0,0,0.000,2.037,0.000,0.000,0.080,7250,6750,6750,16,16,0,1,9500,1.000,0,10.331,0.000,0,0,1.199,0.000,1244,0,0,0,0.000,0.000,1.000,1,0,0,disabled,24,0,0,107,222,107,87,28,163,163,0,4,large-au-observed,0,,0,0,16.955,23.727,0,,0.000,0.000,0.000,0.000,0,0,0,,32,0,0,8.996,0,873,0.079,0.000,0.000,0.079,0.000,0.057,0.006,1,1,1,1,0,1,1,0,0,0,1,0,0.860,179.996,0.000,26,0,0.000,0,0,0,0.000,0.000,0.000,0.000,0.000,0.000,0.000,1.948,6.905,0,0,0,0,0,0,0,0,0.000,0.000,0.000,0.000,0.000,0.000,0,0.365,15.821,631,633,3054,63.903,278.194,25.618,278.194,19886.636,527,1,H.264,106.989,0,0,277.080,278.149,1.000,225.708,105.865,arrival-gap-jitter-spike,12338.699,0,1,1,1,1,32225.335,421.713,440.226,441.345,441.345,0,0,6,0,0,5,0,,,130.741,151.166,686,1,decoded,0,0,0,0,0,0,0,0,0,0,,103.632,0.000,106.436,0.000,0.000,0.000,131.095,stale-before-upload,0.001,870,0.000,111.701,4.890,0.074,0.425,0.157,0.000,0.268,1,0,0,1,3,0.064,17.578,15.821,5.768,16.952,1.000,RecoveryDeadline,0,1,0,1.000,0,2,2,1,0.060,0.000,0.060,0,100,0,25490,23899,1552,0,1397
33.233,Custom_loss6_delay0-100_dup0_reorder6_burst0,Loopback,1,1,0,,,0.000,0,21,898,17.319,15.588,17.726,104.016,102.313,76.521,64.657,25.517,0.064,0.259,24578,1688,23094,21406,3193,1879,169,1012,860,152,133,0,21406,667,233,0,0,0,0,5.000,0,0,0,0,0,0,0,0,0,0,0,0,0,0,0,0.000,0.000,0.000,,651,651,3152,0,1,30.487,277.080,32.223,278.149,0.000,0.000,649,643,12664,819,218,0,2141,3574,899,1,fec-recovered,pending,H.264,0,1,24,23,1,4,4,1,8,12,0,0,26210,17,0,0,0,0,0,70.674,146,169,152,144,152,0,58.854,28.078,144.635,1,0,468,41,509,0,165,16,0.463,0.537,0.919,1.000,0.088,36.000,0.333,0.667,0.000,insufficient-sample,1217,9784,0,0,712,8988,2141,20032,501,778,4,18,20019,predicted-useful,fec-grace,3587,0.000,197,509,0,0,0,0,0,18,18,18,18,183,2918,183,2918,0,0,0,pacing,0,0.769,12.667,120.667,0,0,18,18,0,0,0,0,7,14,14,0,712,2,2,sent,72,178,0,3,49,6,0,0,14,36,7,14,7,22,883,3,stale-age,0,0,1,0,19,0,0,1,0,1,0,31,0,0,2936,2663,130,0,1,9500000,1200000,9,0,9,26250,26241,32177595,1437,1765206,807,998442,0,0,0,0,0,7.397,37.365,195.750,4800.000,1344,47670,24576,10991,23094,12103,0.309,42.267,0.604,1344,8115077,10889018,0.969,20.962,0.504,17.996,47670,2141,653,20032,498,1640,3,217,217,404,21,32,2,11,10,0,0,0,0,0,0,0,0,0,0,196,0,1,0,4,4384,3574,3574,0,0,0,0,0,,disabled,,0,0,0,0,,1,Fixed Quality,Hybrid,85,30,9500,12000,640,360,H.264,480,270,518400,28178,518400,28178,0.054,0.000,,0,0,0.000,2.972,0.000,0.000,0.122,7250,6750,6750,16,16,0,1,9500,1.000,0,7.397,0.000,0,0,0.000,0.000,0,0,0,0,0.287,0.633,0.081,1,0,0,disabled,24,1,1,110,230,110,90,30,168,168,1,4,decoder-sync-observed,0,,0,0,12.385,23.729,0,,0.000,0.000,0.000,0.000,0,0,0,,33,0,0,3.144,0,901,0.122,0.000,0.000,0.121,0.000,0.084,0.013,1,1,1,1,0,1,1,0,0,0,0,0,1.000,0.000,0.000,30,0,0.000,0,0,0,0.000,0.000,0.000,0.000,0.000,0.000,0.000,2.831,9.987,0,0,0,0,0,0,0,0,0.000,0.000,0.000,0.000,0.000,0.000,0,0.461,15.588,649,651,3152,32.075,278.194,25.618,278.194,19886.636,527,1,H.264,106.989,0,0,277.080,278.149,1.000,225.708,105.865,arrival-gap-jitter-spike,13346.753,0,1,1,1,1,33233.389,421.713,440.226,441.345,441.345,0,0,6,0,0,5,0,,,130.741,151.166,686,1,decoded,0,0,0,0,0,0,0,0,0,0,,102.091,0.000,105.177,4.518,0.000,114.471,132.008,stale-before-upload,0.001,897,0.000,109.073,4.494,0.086,0.463,0.006,0.000,0.458,1,0,0,1,3,0.064,17.319,15.588,25.517,17.726,1.000,RecoveryDeadline,0,1,0,2.000,1,2,2,1,0.060,0.000,0.060,0,100,0,26274,24623,1604,0,1436
34.236,Custom_loss6_delay0-100_dup0_reorder6_burst0,Loopback,1,1,0,,,0.000,0,21,926,19.986,17.957,21.062,104.621,102.365,66.091,64.702,15.589,0.065,0.258,25390,1758,23877,22119,3282,1935,174,1038,883,155,135,0,22119,688,239,0,0,0,0,5.000,0,0,0,0,0,0,0,0,0,0,0,0,0,0,0,0.000,0.000,0.000,,672,672,3244,0,1,64.532,277.080,65.625,278.149,0.000,0.000,670,665,13058,843,225,0,2216,3680,930,1,nack-suppressed-fec-grace,pending,H.264,0,1,24,8,16,1,0,0,0,0,0,0,27129,19,0,0,0,0,0,33.197,150,174,155,147,155,0,58.803,28.277,144.635,2,0,481,44,525,0,169,16,0.463,0.537,0.916,1.000,0.086,30.000,1.000,0.000,0.000,insufficient-sample,1255,10120,0,0,736,9302,2216,20853,515,800,4,18,20840,predicted-useful,fec-grace,3706,0.417,204,525,0,0,0,0,0,18,18,18,18,189,3018,189,3018,0,0,0,pacing,0,0.781,12.107,120.107,0,0,18,18,0,0,0,0,8,16,16,0,926,2,2,sent,74,181,0,4,49,6,0,0,15,38,8,16,7,22,927,1,stale-frame-lag,0,0,1,0,19,0,0,1,0,1,0,31,0,0,3036,2753,134,0,1,9500000,1200000,10,0,10,27136,27126,33261877,1483,1821856,832,1029590,0,0,0,0,0,1.511,37.365,924.375,4800.000,1388,49252,25386,11399,23866,12467,0.310,18.694,3.010,1388,5000493,7732402,1.610,14.683,0.502,6.995,49252,2216,674,20853,516,1697,3,223,223,415,22,34,2,11,11,0,0,0,0,0,0,0,0,0,0,201,0,1,0,4,4519,3680,3680,0,0,0,0,0,,disabled,,0,0,0,0,,1,Fixed Quality,Hybrid,85,30,9500,12000,640,360,H.264,480,270,518400,28178,518400,28178,0.054,0.000,,0,0,0.000,1.727,0.000,0.000,0.078,7250,6750,6750,16,16,0,1,9500,1.000,0,19.797,0.000,0,0,0.000,0.000,0,0,0,0,0.286,0.630,0.084,1,0,0,disabled,24,0,0,114,237,114,93,30,173,173,0,4,large-au-observed,0,,0,0,21.532,23.729,0,,0.000,0.000,0.000,0.000,0,0,0,,34,0,0,9.411,0,931,0.077,0.000,0.000,0.077,0.000,0.052,0.009,1,1,1,1,0,1,1,0,0,0,0,0,1.000,0.000,0.000,30,0,0.000,0,0,0,0.000,0.000,0.000,0.000,0.000,0.000,0.000,1.638,13.769,0,0,0,0,0,0,0,0,0.000,0.000,0.000,0.000,0.000,0.000,0,0.476,17.957,670,672,3244,65.611,278.194,25.618,278.194,19886.636,527,1,H.264,106.989,0,0,277.080,278.149,1.000,225.708,105.865,arrival-gap-jitter-spike,14349.213,0,1,1,1,1,34235.849,421.713,440.226,441.345,441.345,0,0,6,0,0,5,0,,,130.741,151.166,686,1,decoded,0,0,0,0,0,0,0,0,0,0,,102.550,0.000,105.486,0.000,0.000,0.000,132.310,stale-before-upload,0.001,926,0.000,109.848,3.867,0.094,0.301,0.007,0.000,0.294,1,0,0,1,3,0.064,19.986,17.957,15.589,21.062,1.000,Loss,0,1,0,1.000,1,1,1,1,0.060,0.000,0.060,0,100,0,27160,25437,1671,0,1489
35.239,Custom_loss6_delay0-100_dup0_reorder6_burst0,Loopback,1,1,0,,,0.000,0,21,956,21.848,23.364,21.712,104.209,102.326,100.703,65.793,7.974,0.065,0.260,26204,1813,24654,22841,3387,2003,179,1065,903,162,140,0,22841,708,249,0,0,0,0,5.000,0,0,0,0,0,0,0,0,0,0,0,0,0,0,0,0.000,0.000,0.000,,692,692,3343,0,1,52.698,277.080,53.745,278.149,0.000,0.000,690,685,13497,870,235,0,2298,3800,958,1,fec-recovered,pending,H.264,0,1,24,9,15,4,1,0,0,0,0,0,27974,1,0,0,0,0,0,31.553,160,179,162,154,162,0,58.811,28.205,144.635,2,0,503,44,547,0,179,20,0.472,0.528,0.920,1.000,0.101,25.000,0.333,0.667,0.000,duplicate-guard,1286,10470,0,0,759,9639,2298,21838,523,813,4,18,21825,predicted-useful,fec-grace,3833,0.375,216,547,0,0,0,0,0,19,19,19,19,201,3233,201,3233,0,0,0,pacing,0,0.843,11.298,119.298,0,0,19,19,0,0,0,0,8,16,16,0,926,2,2,sent,75,185,0,4,50,6,0,0,15,38,8,16,7,22,940,4,stale-age,0,0,1,0,19,0,0,1,0,1,0,31,0,0,3252,2848,138,0,1,9500000,1200000,0,0,0,27998,27998,34329987,1535,1885970,858,1061974,0,0,0,0,0,14.946,37.365,443.750,4800.000,1433,50850,26198,11745,24652,12907,0.310,39.428,0.034,1433,8771977,11912560,0.848,18.669,0.497,14.550,50850,2298,694,21838,531,1764,3,233,233,434,23,35,1,12,11,0,0,0,0,0,0,0,0,0,0,210,0,1,0,4,4673,3800,3800,0,0,0,0,0,,disabled,,0,0,0,0,,1,Fixed Quality,Hybrid,85,30,9500,12000,640,360,H.264,480,270,518400,28178,518400,28178,0.054,0.000,,0,0,0.000,2.059,0.000,0.000,0.106,7250,6750,6750,16,16,0,1,9500,1.000,0,14.946,0.000,0,0,0.000,0.000,0,0,0,0,0.293,0.627,0.080,1,0,0,disabled,24,0,0,118,243,118,95,30,178,178,0,4,large-au-observed,0,,0,0,14.414,23.729,0,,0.000,0.000,0.000,0.000,0,0,0,,35,0,0,6.155,0,959,0.105,0.000,0.000,0.105,0.000,0.077,0.011,1,1,1,1,0,1,1,0,0,0,1,0,0.860,151.077,0.000,26,0,0.000,0,0,0,0.000,0.000,0.000,0.000,0.000,0.000,0.000,1.945,10.411,0,0,0,0,0,0,0,0,0.000,0.000,0.000,0.000,0.000,0.000,0,0.465,23.365,690,692,3343,54.006,278.194,25.618,278.194,19886.636,527,1,H.264,106.989,0,0,277.080,278.149,1.000,225.708,105.865,arrival-gap-jitter-spike,15352.858,0,1,1,1,1,35239.494,421.713,440.226,441.345,441.345,0,0,6,0,0,5,0,,,130.741,151.166,686,1,decoded,0,0,0,0,0,0,0,0,0,0,,100.646,0.000,103.502,0.000,0.000,0.000,132.105,stale-before-upload,0.000,956,0.000,108.483,4.482,0.074,0.349,0.054,0.000,0.296,1,0,0,1,3,0.065,21.848,23.364,7.974,21.712,1.000,Loss,0,1,0,0.000,2,1,1,1,0.060,0.000,0.060,0,100,0,28033,26260,1733,0,1533
36.239,Custom_loss6_delay0-100_dup0_reorder6_burst0,Loopback,1,1,0,,,0.000,0,21,983,21.623,22.861,20.298,101.922,102.248,79.852,66.206,4.054,0.065,0.259,26975,1863,25376,23513,3476,2050,186,1096,928,168,144,0,23513,729,255,0,0,0,0,5.000,0,0,0,0,0,0,0,0,0,0,0,0,0,0,0,0.000,0.000,0.000,,713,713,3437,0,1,40.322,277.080,42.193,278.149,0.000,0.000,711,706,13877,897,241,0,2368,3907,985,1,nack-sent,pending,H.264,0,1,24,10,14,0,0,1,0,14,0,0,28811,12,0,0,0,0,0,36.815,162,186,168,160,168,0,58.243,28.342,144.635,2,0,518,44,562,0,182,20,0.466,0.534,0.922,1.000,0.099,34.000,0.500,0.500,0.000,stable,1316,10800,0,0,780,9951,2368,22599,532,831,4,18,22585,predicted-useful,fec-grace,3947,0.375,221,562,0,0,0,0,0,19,19,19,19,205,3294,205,3294,0,0,0,pacing,0,0.790,13.564,121.564,0,0,19,19,0,0,0,0,8,16,16,0,926,2,2,sent,77,192,0,4,51,6,0,0,16,41,8,16,8,25,982,4,stale-age,0,0,1,0,19,0,0,1,0,1,0,34,0,0,3313,2934,142,0,1,9500000,1200000,8,0,8,28823,28815,35330777,1580,1940752,885,1094980,0,0,0,0,0,17.206,37.365,1015.625,4800.000,1475,52327,26969,12093,25358,13265,0.310,16.729,0.472,1475,5600860,8630491,0.772,10.765,0.443,12.624,52327,2367,715,22585,546,1818,3,239,239,444,23,35,1,12,11,0,0,0,0,0,0,0,0,0,0,216,0,1,0,4,4804,3907,3907,0,0,0,0,0,,disabled,,0,0,0,0,,1,Fixed Quality,Hybrid,85,30,9500,12000,640,360,H.264,480,270,518400,28178,518400,28178,0.054,0.000,,0,0,0.000,3.191,0.000,0.000,0.132,7250,6750,6750,16,16,0,1,9500,1.000,0,17.206,0.000,0,0,0.000,0.000,0,0,0,0,0.288,0.633,0.078,1,0,0,disabled,24,0,0,122,249,122,95,32,183,183,0,4,large-au-observed,0,,0,0,13.718,23.729,0,,0.000,0.000,0.000,0.000,0,0,0,,36,0,0,7.373,0,986,0.132,0.000,0.000,0.131,0.000,0.090,0.014,1,1,1,1,0,1,1,0,0,0,0,0,1.000,0.000,0.000,30,0,0.000,0,0,0,0.000,0.000,0.000,0.000,0.000,0.000,0.000,3.044,20.314,0,0,0,0,0,0,0,0,0.000,0.000,0.000,0.000,0.000,0.000,0,0.629,22.861,711,713,3437,41.777,278.194,25.618,278.194,19886.636,527,1,H.264,106.989,0,0,277.080,278.149,1.000,225.708,105.865,arrival-gap-jitter-spike,16353.193,0,1,1,1,1,36239.829,421.713,440.226,441.345,441.345,0,0,6,0,0,5,0,,,130.741,151.166,686,1,decoded,0,0,0,0,0,0,0,0,0,0,,100.228,0.000,103.612,0.000,0.000,0.000,130.961,stale-before-upload,0.001,983,0.000,111.666,7.367,0.109,0.412,0.004,0.000,0.409,1,0,0,1,3,0.065,21.623,22.861,4.054,20.298,1.000,RecoveryDeadline,0,1,0,1.000,0,1,1,1,0.060,0.000,0.060,0,100,0,28851,27025,1780,0,1565
37.244,Custom_loss6_delay0-100_dup0_reorder6_burst0,Loopback,1,1,0,,,0.000,0,21,1012,21.958,21.967,21.157,97.981,102.323,69.499,66.300,14.169,0.065,0.259,27820,1919,26174,24255,3583,2121,192,1123,950,173,147,0,24256,751,262,0,0,0,0,5.000,0,0,0,0,0,0,0,0,0,0,0,0,0,0,0,0.000,0.000,0.000,,735,735,3534,0,1,30.298,277.080,31.373,278.149,0.000,0.000,733,728,14299,924,248,0,2447,4025,1015,1,fec-parity,pending,H.264,0,1,24,6,18,2,0,0,0,0,0,0,29734,20,0,0,0,0,0,25.453,164,192,173,165,173,0,57.675,28.638,144.635,2,0,531,45,576,0,185,21,0.461,0.539,0.922,1.000,0.102,37.000,0.200,0.800,0.000,duplicate-guard,1355,11146,0,0,803,10269,2447,23440,548,859,4,18,23426,predicted-useful,fec-grace,4077,0.333,226,576,0,0,0,0,0,19,19,19,19,209,3361,209,3361,0,0,0,pacing,0,0.789,7.655,115.655,0,0,19,19,0,0,0,0,8,16,16,0,926,2,2,sent,79,200,0,4,52,6,0,0,17,45,8,16,9,29,1011,4,stale-age,0,0,1,0,19,0,0,1,0,1,0,37,0,0,3380,3035,146,0,1,9500000,1200000,0,0,0,29707,29707,36423193,1624,1994914,910,1126128,0,0,0,0,0,18.832,37.365,10173.312,4800.000,1523,53979,27805,12484,26174,13690,0.310,26.470,1.207,1523,6770856,9970601,0.977,6.541,0.536,19.716,53979,2447,737,23440,564,1880,3,246,246,456,25,38,1,13,12,0,0,0,0,0,0,0,0,0,0,221,0,1,0,4,4948,4025,4025,0,0,0,0,0,,disabled,,0,0,0,0,,1,Fixed Quality,Hybrid,85,30,9500,12000,640,360,H.264,480,270,518400,0,518400,28178,0.054,0.000,,0,0,0.000,0.010,0.000,0.000,0.004,7250,6750,6750,16,16,0,1,9500,1.000,0,18.832,0.000,0,0,0.000,0.000,0,0,0,0,0.285,0.637,0.078,1,0,0,disabled,0,0,0,126,257,126,99,32,189,189,0,4,async-output-pending,0,,0,0,0.000,0.000,0,,0.000,0.000,0.000,0.000,0,0,0,,37,0,0,0.000,1,0,0.000,0.000,0.000,0.000,0.000,0.000,0.000,0,0,0,0,0,0,0,0,1,1,1,1,1.000,180.000,1.500,30,0,0.000,0,0,0,0.000,0.000,0.000,0.000,0.000,0.000,0.000,0.000,7.996,0,0,0,0,0,0,0,0,0.000,0.000,0.000,0.000,0.000,0.000,0,0.448,21.967,733,735,3534,31.438,278.194,25.618,278.194,19886.636,527,1,H.264,106.989,0,0,277.080,278.149,1.000,225.708,105.865,arrival-gap-jitter-spike,17358.018,0,1,1,1,1,37244.654,421.713,440.226,441.345,441.345,0,0,6,0,0,5,0,,,130.741,151.166,686,1,decoded,0,0,0,0,0,0,0,0,0,0,,102.778,0.000,105.743,0.000,0.000,0.000,128.990,stale-before-upload,0.001,1012,0.000,109.919,3.701,0.086,0.327,0.056,0.000,0.271,1,0,0,1,3,0.065,21.958,21.967,14.169,21.157,1.000,RecoveryDeadline,0,1,0,0.000,1,1,1,1,0.060,0.000,0.060,0,100,0,29744,27872,1827,0,1604
38.246,Custom_loss6_delay0-100_dup0_reorder6_burst0,Loopback,1,1,0,,,0.000,0,21,1041,21.373,21.358,20.809,103.510,102.289,100.377,67.247,1.277,0.064,0.256,28619,1958,26908,24950,3682,2183,196,1153,975,178,150,0,24950,774,267,0,0,0,0,5.000,0,0,0,0,0,0,0,0,0,0,0,0,0,0,0,0.000,0.000,0.000,,758,758,3630,0,1,40.958,277.080,41.986,278.149,0.000,0.000,756,751,14712,952,253,0,2517,4145,1042,1,fec-recovered,pending,H.264,1,1,24,23,1,3,2,3,15,32,1,1,30521,13,30543,2,0,0,0,71.627,171,196,178,170,178,0,57.896,28.301,144.635,2,0,547,49,596,0,194,22,0.466,0.534,0.918,1.000,0.102,36.000,0.429,0.571,0.500,retransmit-late,1393,11474,0,0,825,10573,2517,24155,564,883,4,18,24141,predicted-useful,fec-grace,4198,0.000,234,596,0,1,0,0,0,19,19,19,19,218,3507,218,3507,0,0,0,pacing,0,0.812,7.990,115.990,0,0,19,19,0,0,0,0,8,16,16,0,926,2,2,sent,80,203,0,4,53,6,0,0,17,45,8,16,9,29,1021,3,stale-age,0,0,1,0,19,0,0,1,0,1,0,38,0,0,3527,3122,150,0,1,9500000,1200000,11,0,11,30567,30556,37463839,1674,2056540,936,1158520,0,0,0,0,0,0.438,37.365,832.438,4800.000,1566,55519,28616,12831,26903,14072,0.310,31.014,0.060,1566,6399939,10006823,0.631,11.409,0.395,17.153,55519,2517,760,24155,582,1932,3,251,251,466,25,38,1,13,12,0,0,0,0,0,0,0,0,0,0,226,0,1,0,4,5089,4145,4145,0,0,0,0,0,,disabled,,0,0,0,0,,1,Fixed Quality,Hybrid,85,30,9500,12000,640,360,H.264,480,270,518400,28178,518400,28178,0.054,0.000,,0,0,0.000,2.014,0.000,0.000,0.072,7250,6750,6750,16,16,0,1,9500,1.000,0,14.978,0.000,0,0,0.000,0.000,0,0,0,0,0.287,0.631,0.082,1,0,0,disabled,24,0,0,130,266,130,102,34,195,195,0,4,large-au-observed,0,,0,0,16.779,23.729,0,,0.000,0.000,0.000,0.000,0,0,0,,38,0,0,5.980,0,1044,0.072,0.000,0.000,0.072,0.000,0.050,0.007,1,1,1,1,0,1,1,0,0,0,0,0,1.000,0.000,0.000,30,0,0.000,0,0,0,0.000,0.000,0.000,0.000,0.000,0.000,0.000,1.934,10.408,0,0,0,0,0,0,0,0,0.000,0.000,0.000,0.000,0.000,0.000,0,0.387,21.359,756,758,3630,42.113,278.194,25.618,278.194,19886.636,527,1,H.264,106.989,0,0,277.080,278.149,1.000,225.708,105.865,arrival-gap-jitter-spike,18359.585,0,1,1,1,1,38246.221,421.713,440.226,441.345,441.345,0,0,6,0,0,5,0,,,130.741,151.166,686,1,decoded,0,0,0,0,0,0,0,0,0,0,,102.256,0.000,105.060,0.000,0.000,0.000,131.755,stale-before-upload,0.001,1041,0.000,110.250,4.781,0.078,0.359,0.085,0.000,0.274,1,0,0,1,3,0.064,21.373,21.358,1.277,20.809,1.000,Loss,0,1,0,1.000,1,1,1,1,0.060,0.000,0.060,0,100,0,30594,28668,1883,0,1644
39.253,Custom_loss6_delay0-100_dup0_reorder6_burst0,Loopback,1,1,0,,,0.000,0,21,1068,26.784,26.789,20.705,119.379,102.302,34.469,66.361,0.280,0.064,0.253,29380,2010,27619,25609,3784,2246,202,1184,1001,183,152,0,25609,797,270,0,0,0,0,5.000,0,0,0,0,0,0,0,0,0,0,0,0,0,0,0,0.000,0.000,0.000,,781,781,3723,0,1,36.423,277.080,37.616,278.149,0.000,0.000,779,774,15111,980,256,0,2584,4259,1071,1,nack-sent,pending,H.264,1,1,24,10,14,2,0,2,6,34,1,0,31357,21,31366,0,0,0,0,44.537,174,202,183,175,183,0,57.973,28.364,144.635,2,0,561,48,609,0,199,22,0.463,0.537,0.921,1.000,0.100,44.000,0.500,0.500,0.000,insufficient-sample,1433,11823,0,0,848,10897,2584,24833,581,908,4,18,24819,predicted-useful,likely-arrival,4308,0.292,239,609,0,1,0,0,0,19,19,19,19,223,3596,223,3596,0,0,0,pacing,0,0.833,12.940,120.940,0,0,19,19,0,0,0,0,8,16,16,0,926,2,2,sent,81,206,0,4,54,6,0,0,17,45,8,16,9,29,1056,3,stale-age,0,0,1,0,19,0,0,1,0,1,0,38,0,0,3616,3203,154,0,1,9500000,1200000,0,0,0,31360,31360,38448507,1717,2109458,962,1190282,0,0,0,0,0,15.306,37.365,5574.125,3568.650,1607,56993,29374,13129,27619,14490,0.309,3.710,0.497,1607,3330973,6424066,1.062,-4.055,0.537,10.495,56993,2584,783,24833,593,1988,3,254,254,472,26,40,2,13,13,0,0,0,0,0,0,0,0,0,0,228,0,1,0,4,5227,4259,4259,0,0,0,0,0,,disabled,,0,0,0,0,,1,Fixed Quality,Hybrid,85,30,9500,12000,640,360,H.264,480,270,518400,28178,518400,28178,0.054,0.000,,0,0,0.000,3.208,0.000,0.000,0.101,7250,6750,6750,16,16,0,1,9500,1.000,0,15.306,0.000,0,0,0.000,0.000,0,0,0,0,0.286,0.635,0.079,1,0,0,disabled,24,0,0,134,272,134,104,34,199,199,0,4,large-au-observed,0,,0,0,17.995,23.729,0,,0.000,0.000,0.000,0.000,0,0,0,,39,0,0,3.894,0,1072,0.101,0.000,0.000,0.100,0.000,0.066,0.012,1,1,1,1,0,1,1,0,0,0,0,0,1.000,0.000,0.000,30,0,0.000,0,0,0,0.000,0.000,0.000,0.000,0.000,0.000,0.000,3.091,9.956,0,0,0,0,0,0,0,0,0.000,0.000,0.000,0.000,0.000,0.000,0,0.557,26.789,779,781,3723,37.898,278.194,25.618,278.194,19886.636,527,1,H.264,106.989,0,0,277.080,278.149,1.000,225.708,105.865,arrival-gap-jitter-spike,19366.332,0,1,1,1,1,39252.968,421.713,440.226,441.345,441.345,0,0,6,0,0,5,0,,,130.741,151.166,686,1,decoded,0,0,0,0,0,0,0,0,0,0,,108.137,0.000,111.479,0.000,0.000,0.000,139.690,stale-before-upload,0.001,1068,0.000,119.667,7.625,0.101,0.422,0.002,0.000,0.420,1,0,0,1,3,0.064,26.784,26.789,0.280,20.705,1.000,Loss,0,1,0,1.000,0,1,1,1,0.060,0.000,0.060,0,100,0,31399,29432,1919,0,1683
40.254,Custom_loss6_delay0-100_dup0_reorder6_burst0,Loopback,1,1,0,,,0.000,0,21,1096,19.439,19.481,20.972,99.450,102.332,44.416,65.784,21.331,0.064,0.253,30159,2048,28343,26295,3887,2308,208,1215,1026,189,156,0,26295,816,277,0,0,0,0,5.000,0,0,0,0,0,0,0,0,0,0,0,0,0,0,0,0.000,0.000,0.000,,800,800,3818,0,1,29.098,277.080,30.113,278.149,0.000,0.000,798,793,15504,1005,263,0,2651,4364,1099,1,nack-sent,pending,H.264,1,1,24,13,11,1,1,2,7,30,0,0,32185,22,0,0,0,0,0,42.945,179,208,189,181,189,0,57.208,28.685,144.635,2,0,578,50,628,0,203,23,0.463,0.537,0.920,1.000,0.102,44.000,1.000,0.000,0.000,insufficient-sample,1470,12116,0,0,869,11168,2651,25439,597,930,4,18,25422,predicted-useful,fec-grace,4419,0.208,245,628,0,1,0,0,0,19,19,19,19,228,3675,228,3675,0,0,0,pacing,0,0.804,8.133,116.133,0,0,19,19,0,0,0,0,8,16,16,0,926,2,2,sent,83,211,0,4,55,6,0,0,18,49,8,16,10,33,1081,4,selected-repair,0,0,1,0,19,0,0,1,0,1,0,41,0,0,3695,3286,158,0,1,9500000,1200000,0,0,0,32189,32189,39464275,1766,2169838,988,1222666,0,0,0,0,0,17.724,37.365,5449.438,2845.050,1648,58496,30153,13516,28343,14827,0.310,18.204,0.085,1648,6275245,9452529,0.670,9.947,0.488,8.671,58496,2651,802,25439,611,2037,3,261,261,489,27,42,2,13,14,0,0,0,0,0,0,0,0,0,0,234,0,1,0,4,5368,4364,4364,0,0,0,0,0,,disabled,,0,0,0,0,,1,Fixed Quality,Hybrid,85,30,9500,12000,640,360,H.264,480,270,518400,28178,518400,28178,0.054,0.000,,0,0,0.000,2.157,0.000,0.000,0.118,7250,6750,6750,16,16,0,1,9500,1.000,0,17.724,0.000,0,0,0.000,0.000,0,0,0,0,0.285,0.635,0.080,1,0,0,disabled,24,1,1,138,284,138,110,36,206,206,3,4,decoder-sync-observed,0,,0,0,12.543,23.729,0,,0.000,0.000,0.000,0.000,0,0,0,,40,0,0,2.576,0,1100,0.118,0.000,0.000,0.117,0.000,0.061,0.011,1,1,1,1,0,1,1,0,0,0,1,0,0.860,70.681,0.000,26,0,0.000,0,0,0,0.000,0.000,0.000,0.000,0.000,0.000,0.000,2.032,6.963,0,0,0,0,0,0,0,0,0.000,0.000,0.000,0.000,0.000,0.000,0,0.345,19.480,798,800,3818,30.178,278.194,25.618,278.194,19886.636,527,1,H.264,106.989,0,0,277.080,278.149,1.000,225.708,105.865,arrival-gap-jitter-spike,20368.086,0,1,1,1,1,40254.722,421.713,440.226,441.345,441.345,0,0,6,0,0,5,0,,,130.741,151.166,686,1,decoded,0,0,0,0,0,0,0,0,0,0,,102.298,0.000,105.181,0.000,0.000,0.000,129.725,stale-before-upload,0.001,1096,0.000,110.848,5.313,0.078,0.377,0.133,0.000,0.244,1,0,0,1,3,0.064,19.439,19.481,21.331,20.972,1.000,Loss,0,1,0,0.000,1,1,1,1,0.060,0.000,0.060,0,100,0,32229,30216,1965,0,1733
41.260,Custom_loss6_delay0-100_dup0_reorder6_burst0,Loopback,1,1,0,,,0.000,0,21,1122,25.185,25.195,22.151,97.714,102.366,95.133,66.536,4.709,0.063,0.255,30978,2096,29105,27009,3996,2379,213,1244,1050,194,160,0,27009,836,286,0,0,0,0,5.000,0,0,0,0,0,0,0,0,0,0,0,0,0,0,0,0.000,0.000,0.000,,820,820,3916,0,1,33.935,277.080,34.996,278.149,0.000,0.000,818,813,15923,1030,272,0,2719,4481,1127,1,fec-recovered,pending,H.264,1,1,24,16,8,3,2,2,6,25,1,0,33022,3,33049,0,0,0,0,55.352,183,213,194,186,194,0,57.579,28.777,144.635,2,0,592,51,643,0,210,23,0.462,0.538,0.921,1.000,0.099,44.000,0.333,0.667,0.000,insufficient-sample,1514,12425,0,0,892,11441,2719,26029,618,966,4,18,26011,predicted-useful,likely-arrival,4536,0.875,252,643,0,1,0,0,0,19,19,19,19,235,3791,235,3791,0,0,0,pacing,0,0.786,7.266,115.266,0,0,19,19,0,0,0,0,8,16,16,0,926,2,2,sent,86,218,0,5,57,6,0,0,18,49,8,16,10,33,1113,2,stale-frame-lag,0,0,1,0,19,0,0,1,0,1,0,42,0,0,3811,3375,162,0,1,9500000,1200000,0,0,0,33044,33044,40511811,1811,2225244,1014,1255050,0,0,0,0,0,15.221,37.365,4406.938,1000.800,1693,60065,30965,13846,29100,15254,0.309,38.143,3.205,1693,4975260,7955411,1.916,18.101,0.495,14.546,60065,2719,822,26029,626,2090,3,270,270,507,28,44,2,13,15,0,0,0,0,0,0,0,0,0,0,242,0,1,0,4,5515,4481,4481,0,0,0,0,0,,disabled,,0,0,0,0,,1,Fixed Quality,Hybrid,85,30,9500,12000,640,360,H.264,480,270,518400,0,518400,28176,0.054,0.000,,0,0,0.000,4.855,0.000,4.194,0.638,7250,6750,6750,16,16,0,1,9500,1.000,0,15.221,0.000,0,0,0.000,0.000,0,0,0,0,0.285,0.636,0.079,1,0,0,disabled,0,0,0,142,292,142,114,36,211,211,2,4,async-output-pending,0,,0,0,0.000,0.000,0,,15.221,4406.938,45673.077,0.000,0,0,0,,41,0,0,0.000,1,0,0.628,0.175,0.452,0.000,0.000,0.000,0.000,0,0,1,1,1,0,0,1,1,0,1,0,0.860,13.859,0.000,26,0,0.000,0,0,0,0.000,0.000,0.000,0.000,0.000,0.000,0.000,0.000,10.148,0,0,0,0,0,0,0,0,0.000,0.000,0.000,0.000,0.000,0.000,0,0.322,25.195,818,820,3916,35.007,278.194,25.618,278.194,19886.636,527,1,H.264,106.989,0,0,277.080,278.149,1.000,225.708,105.865,arrival-gap-jitter-spike,21373.526,0,1,1,1,1,41260.162,421.713,440.226,441.345,441.345,0,0,6,0,0,5,0,,,130.741,151.166,686,1,decoded,0,0,0,0,0,0,0,0,0,0,,102.386,0.000,105.198,0.000,0.000,0.000,128.857,stale-before-upload,0.001,1122,0.000,111.427,5.898,0.075,0.509,0.256,0.000,0.254,1,0,0,1,3,0.063,25.185,25.195,4.709,22.151,1.000,Loss,0,1,0,1.000,0,1,1,1,0.060,0.000,0.060,0,100,0,33085,31033,2013,0,1785
42.263,Custom_loss6_delay0-100_dup0_reorder6_burst0,Loopback,1,1,0,,,0.000,0,21,1153,27.216,27.241,23.954,100.376,102.369,62.712,66.441,14.787,0.063,0.253,31794,2141,29861,27720,4095,2435,221,1275,1078,197,164,0,27720,859,291,0,0,0,0,5.000,0,0,0,0,0,0,0,0,0,0,0,0,0,0,0,0.000,0.000,0.000,,843,843,4011,0,1,50.108,277.080,51.530,278.149,0.000,0.000,841,836,16324,1056,277,0,2791,4592,1154,1,fec-recovered,pending,H.264,0,1,24,24,0,5,4,2,7,14,0,0,33870,23,0,0,0,0,0,86.740,189,221,197,189,197,0,57.986,28.667,144.635,2,0,609,51,660,0,216,23,0.461,0.539,0.923,1.000,0.096,44.000,1.000,0.000,0.000,insufficient-sample,1553,12726,0,0,913,11715,2791,26740,636,993,4,18,26722,predicted-useful,fec-grace,4657,0.250,259,660,0,1,0,0,0,19,19,19,19,242,3917,242,3917,0,0,0,pacing,0,0.839,7.253,115.253,0,0,19,19,0,0,0,0,8,16,16,0,926,2,2,sent,87,222,0,5,58,6,0,0,18,49,8,16,10,33,1127,4,stale-age,0,0,1,0,19,0,0,1,0,1,0,42,0,0,3937,3464,166,0,1,9500000,1200000,10,0,10,33931,33921,41586717,1858,2283138,1040,1286812,0,0,0,0,0,1.562,37.365,639.375,1116.900,1736,61629,31773,14153,29856,15703,0.308,45.520,0.000,1736,6069206,9150945,0.680,7.997,0.490,26.211,61629,2791,845,26740,646,2142,3,275,275,517,28,44,2,13,15,0,0,0,0,0,0,0,0,0,0,247,0,1,0,4,5649,4592,4592,0,0,0,0,0,,disabled,,0,0,0,0,,1,Fixed Quality,Hybrid,85,30,9500,12000,640,360,H.264,480,270,518400,28178,518400,28178,0.054,0.000,,0,0,0.000,2.829,0.000,0.000,0.116,7250,6750,6750,16,16,0,1,9500,1.000,0,13.947,0.000,0,0,2.332,0.000,3732,0,0,0,0.000,0.000,1.000,1,0,0,disabled,24,1,1,146,300,146,116,38,218,218,3,4,decoder-sync-observed,0,,0,0,16.721,23.729,0,,0.000,0.000,0.000,0.000,0,0,0,,42,0,0,11.956,0,1157,0.116,0.000,0.000,0.115,0.000,0.080,0.012,1,1,1,1,0,1,1,0,0,0,0,0,1.000,0.000,0.000,30,0,0.000,0,0,0,0.000,0.000,0.000,0.000,0.000,0.000,0.000,2.699,19.910,0,0,0,0,0,0,0,0,0.000,0.000,0.000,0.000,0.000,0.000,0,0.478,27.240,841,843,4011,51.919,278.194,25.618,278.194,19886.636,527,1,H.264,106.989,0,0,277.080,278.149,1.000,225.708,105.865,arrival-gap-jitter-spike,22376.694,0,1,1,1,1,42263.330,421.713,440.226,441.345,441.345,0,0,6,0,0,5,0,,,130.741,151.166,686,1,decoded,0,0,0,0,0,0,0,0,0,0,,104.615,0.000,107.947,0.000,0.000,0.000,130.188,stale-before-upload,0.001,1153,0.000,115.704,7.270,0.105,0.437,0.002,0.000,0.436,1,0,0,1,3,0.063,27.216,27.241,14.787,23.954,1.000,RecoveryDeadline,0,1,0,2.500,2,5,5,1,0.060,0.000,0.060,0,100,0,33963,31852,2061,0,1834
43.269,Custom_loss6_delay0-100_dup0_reorder6_burst0,Loopback,1,1,0,,,0.000,0,21,1181,15.062,15.069,19.510,106.609,102.369,90.485,67.027,1.198,0.063,0.258,32636,2203,30669,28466,4206,2509,229,1291,1094,197,177,0,28466,875,304,0,0,0,0,5.000,0,0,0,0,0,0,0,0,0,0,0,0,0,0,0,0.000,0.000,0.000,,859,859,4107,0,1,66.452,277.080,67.591,278.149,0.000,0.000,857,852,16730,1072,290,0,2862,4698,1183,1,nack-deferred-likely-arrival,pending,H.264,0,1,24,22,2,6,5,2,5,17,0,0,34759,23,0,0,0,0,0,106.314,194,229,197,189,197,0,57.986,28.667,144.635,2,0,622,53,675,0,218,24,0.459,0.541,0.921,1.000,0.099,42.000,0.000,0.000,0.000,insufficient-sample,1592,13055,0,0,937,12017,2862,27422,651,1020,4,18,27403,deferred-likely-arrival,likely-arrival,4771,0.083,264,675,0,1,0,0,0,19,19,19,19,247,3995,247,3995,0,0,0,pacing,0,0.776,11.085,119.085,0,0,19,19,0,0,0,0,8,16,16,0,926,2,2,sent,88,225,0,5,59,6,0,0,18,49,8,16,10,33,1157,3,stale-age,0,0,1,0,19,0,0,1,0,1,0,42,0,0,4015,3556,170,0,1,9500000,1200000,3,0,3,34816,34813,42679109,1903,2338544,1065,1317960,0,0,0,0,0,0.084,37.365,957.062,1111.650,1782,63296,32627,14568,30669,16101,0.309,34.037,0.000,1782,7186721,10637331,1.677,11.952,0.518,20.075,63296,2862,861,27422,661,2198,3,288,288,547,31,49,2,14,17,0,0,0,0,0,0,0,0,0,0,257,0,1,0,4,5797,4698,4698,0,0,0,0,0,,disabled,,0,0,0,0,,1,Fixed Quality,Hybrid,85,30,9500,12000,640,360,H.264,480,270,518400,28178,518400,28178,0.054,0.000,,0,0,0.000,2.072,0.000,0.000,0.070,7250,6750,6750,16,16,0,1,9500,1.000,0,7.097,0.000,0,0,3.650,0.000,3732,0,0,0,0.000,0.000,1.000,1,0,0,disabled,24,1,1,150,307,150,119,38,223,223,2,4,decoder-sync-observed,0,,0,0,7.471,23.729,0,,0.000,0.000,0.000,0.000,0,0,0,,43,0,0,4.539,0,1186,0.070,0.000,0.000,0.070,0.000,0.046,0.009,1,1,1,1,0,1,1,0,0,0,0,0,1.000,0.000,0.000,30,0,0.000,0,0,0,0.000,0.000,0.000,0.000,0.000,0.000,0.000,1.970,9.189,0,0,0,0,0,0,0,0,0.000,0.000,0.000,0.000,0.000,0.000,0,0.370,15.069,857,859,4107,67.593,278.194,25.618,278.194,19886.636,527,1,H.264,106.989,0,0,277.080,278.149,1.000,225.708,105.865,arrival-gap-jitter-spike,23382.161,0,1,1,1,1,43268.797,421.713,440.226,441.345,441.345,0,0,6,0,0,5,0,,,130.741,151.166,686,1,decoded,0,0,0,0,0,0,0,0,0,0,,106.397,0.000,109.502,0.000,0.000,0.000,133.304,stale-before-upload,0.001,1181,0.000,114.865,4.978,0.079,0.393,0.111,0.000,0.281,1,0,0,1,3,0.063,15.062,15.069,1.198,19.510,1.000,RecoveryDeadline,0,1,0,0.000,3,1,1,1,0.060,0.000,0.060,0,100,0,34856,32693,2114,0,1883
44.274,Custom_loss6_delay0-100_dup0_reorder6_burst0,Loopback,1,1,0,,,0.000,0,21,1212,19.197,19.210,21.420,115.329,102.440,53.952,66.716,3.314,0.063,0.260,33479,2258,31458,29200,4305,2569,237,1314,1113,201,185,0,29200,896,314,0,0,0,0,5.000,0,0,0,0,0,0,0,0,0,0,0,0,0,0,0,0.000,0.000,0.000,,879,879,4204,0,1,54.204,277.080,55.407,278.149,0.000,0.000,877,871,17164,1097,300,0,2945,4811,1213,1,nack-deferred-likely-arrival,pending,H.264,0,1,24,23,1,4,4,2,8,17,0,0,35677,21,0,0,0,0,0,90.751,197,237,201,193,201,0,57.690,28.678,144.635,3,0,638,53,691,0,221,24,0.454,0.546,0.923,1.000,0.098,41.000,0.200,0.800,0.000,duplicate-guard,1630,13415,0,0,960,12352,2945,28241,666,1045,4,18,28222,deferred-likely-arrival,likely-arrival,4902,0.583,271,691,0,1,0,0,0,19,19,19,19,253,4099,253,4099,0,0,0,pacing,0,0.818,5.364,113.364,0,0,19,19,0,0,0,0,9,18,18,0,1201,2,2,sent,90,231,0,5,60,6,0,0,19,51,9,18,10,33,1201,2,selected-repair,0,0,1,0,21,0,0,1,0,1,0,42,0,0,4119,3658,174,0,1,9500000,1200000,0,0,0,35702,35702,43767769,1949,2394572,1089,1347856,0,0,0,0,0,17.435,37.365,8633.125,4800.000,1828,64933,33475,14914,31458,16544,0.308,23.518,1.838,1828,6239496,10036030,2.057,2.255,0.464,15.164,64933,2945,882,28241,680,2262,3,297,297,564,31,49,2,14,17,0,0,0,0,0,0,0,0,0,0,266,0,1,0,4,5951,4811,4811,0,0,0,0,0,,disabled,,0,0,0,0,,1,Fixed Quality,Hybrid,85,30,9500,12000,640,360,H.264,480,270,518400,0,518400,28178,0.054,0.000,,0,0,0.000,5.059,0.000,4.372,0.664,7250,6750,6750,16,16,0,1,9500,1.000,0,17.435,0.000,0,0,0.000,0.000,0,0,0,0,0.285,0.638,0.077,1,0,0,disabled,0,0,0,154,315,154,123,38,229,229,2,4,async-output-pending,0,,0,0,0.000,0.000,0,,17.435,8633.125,39583.333,0.000,0,0,0,,44,0,0,0.000,1,0,0.653,0.184,0.467,0.000,0.000,0.000,0.000,0,0,1,1,1,0,0,1,1,0,0,0,1.000,0.000,0.000,30,0,0.000,0,0,0,0.000,0.000,0.000,0.000,0.000,0.000,0.000,0.000,20.746,0,0,0,0,0,0,0,0,0.000,0.000,0.000,0.000,0.000,0.000,0,0.303,19.210,877,879,4204,55.345,278.194,25.618,278.194,19886.636,527,1,H.264,106.989,0,0,277.080,278.149,1.000,225.708,105.865,arrival-gap-jitter-spike,24387.774,0,1,1,1,1,44274.410,421.713,440.226,441.345,441.345,0,0,6,0,0,5,0,,,130.741,151.166,686,1,decoded,0,0,0,0,0,0,0,0,0,0,,105.809,0.000,108.693,5.327,0.000,125.153,137.665,stale-before-upload,0.001,1211,0.000,112.179,5.882,0.078,0.584,0.354,0.000,0.230,1,0,0,1,3,0.063,19.197,19.210,3.314,21.420,1.000,RecoveryDeadline,0,1,0,0.500,2,1,1,1,0.060,0.000,0.060,0,100,0,35746,33535,2172,0,1939
45.281,Custom_loss6_delay0-100_dup0_reorder6_burst0,Loopback,1,1,0,,,0.000,0,21,1238,24.615,24.610,18.903,84.698,102.333,81.185,67.052,22.321,0.063,0.261,34272,2311,32204,29893,4407,2623,242,1350,1142,208,192,0,29893,915,323,0,0,0,0,5.000,0,0,0,0,0,0,0,0,0,0,0,0,0,0,0,0.000,0.000,0.000,,898,898,4302,0,1,16.752,277.080,18.305,278.149,0.000,0.000,896,891,17555,1123,312,0,3007,4923,1241,1,expired-no-slack,expired,H.264,0,1,24,23,1,5,4,3,12,25,0,0,36505,23,0,0,0,0,0,127.621,197,242,208,200,208,0,57.855,28.394,144.635,6,0,653,56,709,0,221,24,0.449,0.551,0.921,1.000,0.098,39.000,0.000,0.667,1.000,retransmit-late,1668,13736,0,0,982,12648,3007,28903,681,1067,5,21,28885,predicted-useful,likely-arrival,5009,0.333,277,709,0,1,0,0,0,19,19,19,19,258,4172,258,4172,0,0,0,pacing,0,0.758,8.785,116.785,0,0,19,19,0,0,0,0,9,18,18,0,1201,2,2,sent,92,237,0,6,60,6,0,0,20,54,9,18,11,36,1232,3,stale-frame-lag,0,0,1,0,21,0,0,1,0,1,0,42,0,0,4192,3738,178,0,1,9500000,1200000,0,0,0,36560,36560,44819037,1997,2453708,1115,1379624,0,0,0,0,0,23.767,37.365,8488.250,2876.500,1872,66466,34262,15199,32204,17005,0.307,37.225,1.867,1872,4978568,8795711,1.817,7.251,0.538,20.160,66466,3007,901,28903,697,2307,3,306,306,580,33,53,2,14,19,0,0,0,0,0,0,0,0,0,0,273,0,1,0,4,6088,4923,4923,0,0,0,0,0,,disabled,,0,0,0,0,,1,Fixed Quality,Hybrid,85,30,9500,12000,640,360,H.264,480,270,518400,28178,518400,28178,0.054,0.000,,0,0,0.000,2.796,0.000,0.000,0.100,7250,6750,6750,16,16,0,1,9500,1.000,0,23.767,0.000,0,0,0.000,0.000,0,0,0,0,0.278,0.643,0.079,1,0,0,disabled,24,1,1,158,323,158,127,38,235,235,2,4,decoder-sync-observed,0,,0,0,6.754,23.729,0,,0.000,0.000,0.000,0.000,0,0,0,,45,0,0,4.221,0,1244,0.100,0.000,0.000,0.099,0.000,0.067,0.012,1,1,1,1,0,1,1,0,0,0,1,0,0.860,37.497,0.000,26,0,0.000,0,0,0,0.000,0.000,0.000,0.000,0.000,0.000,0.000,2.651,9.810,0,0,0,0,0,0,0,0,0.000,0.000,0.000,0.000,0.000,0.000,0,0.417,24.610,896,898,4302,18.192,278.194,25.618,278.194,19886.636,527,1,H.264,106.989,0,0,277.080,278.149,1.000,225.708,105.865,arrival-gap-jitter-spike,25394.582,0,1,1,1,1,45281.218,421.713,440.226,441.345,441.345,0,0,6,0,0,5,0,,,130.741,151.166,686,1,decoded,0,0,0,0,0,0,0,0,0,0,,98.338,0.000,101.568,0.000,0.000,0.000,122.349,stale-before-upload,0.001,1238,0.000,108.939,6.947,0.112,0.408,0.001,0.000,0.407,1,0,0,1,3,0.063,24.615,24.610,22.321,18.903,2.000,RecoveryDeadline,0,1,0,1.000,0,2,2,1,0.060,0.000,0.060,0,100,0,36605,34338,2221,0,1972
46.282,Custom_loss6_delay0-100_dup0_reorder6_burst0,Loopback,1,1,0,,,0.000,0,21,1269,27.399,27.450,22.966,82.071,102.353,24.772,66.091,10.253,0.063,0.258,35058,2346,32932,30586,4515,2678,254,1391,1176,215,192,0,30586,940,326,0,0,0,0,5.000,0,0,0,0,0,0,0,0,0,0,0,0,0,0,0,0.000,0.000,0.000,,923,923,4396,0,1,45.740,277.080,46.751,278.149,0.000,0.000,921,916,17961,1155,315,0,3074,5043,1271,1,fec-parity,pending,H.264,1,1,24,1,23,3,0,0,0,0,0,0,37394,18,0,0,0,0,0,13.555,200,254,215,207,215,0,57.340,28.262,144.635,6,0,675,54,729,0,225,25,0.441,0.559,0.926,1.000,0.100,37.000,0.111,0.889,1.000,retransmit-late,1697,14020,0,0,1003,12919,3074,29545,689,1080,5,21,29527,predicted-useful,fec-grace,5128,0.000,285,729,0,1,0,0,0,19,19,19,19,265,4294,265,4294,0,0,0,pacing,0,0.832,9.613,117.613,0,0,19,19,0,0,0,0,9,18,18,0,1201,2,2,sent,96,245,0,6,63,6,0,0,21,57,9,18,12,39,1258,2,stale-age,0,0,1,0,21,0,0,1,0,1,0,42,0,0,4314,3823,181,0,1,9500000,1200000,0,0,0,37360,37360,45799303,2047,2515334,1141,1412016,0,0,0,0,0,6.798,37.365,908.562,314.100,1914,67973,35050,15547,32923,17376,0.307,4.441,1.794,1914,4665436,8390862,1.311,-5.482,0.431,15.862,67973,3074,926,29545,717,2354,3,309,309,584,34,55,2,14,20,0,0,0,0,0,0,0,0,0,0,275,0,1,0,4,6228,5043,5043,0,0,0,0,0,,disabled,,0,0,0,0,,1,Fixed Quality,Hybrid,85,30,9500,12000,640,360,H.264,480,270,518400,28178,518400,28178,0.054,0.000,,0,0,0.000,2.290,0.000,0.000,0.070,7250,6750,6750,16,16,0,1,9500,1.000,0,6.798,0.000,0,0,0.000,0.000,0,0,0,0,0.274,0.652,0.074,1,0,0,disabled,24,1,1,161,333,161,131,41,241,241,1,4,keyframe-g4-priority,0,,0,0,13.522,23.729,0,,0.000,0.000,0.000,0.000,0,0,0,,46,0,0,5.805,0,1271,0.070,0.000,0.000,0.070,0.000,0.045,0.009,1,1,1,1,0,1,1,0,0,0,0,0,1.000,0.000,0.000,30,0,0.000,0,0,0,0.000,0.000,0.000,0.000,0.000,0.000,0.000,2.187,28.833,0,0,0,0,0,0,0,0,0.000,0.000,0.000,0.000,0.000,0.000,0,0.409,27.449,921,923,4396,47.002,278.194,25.618,278.194,19886.636,527,1,H.264,106.989,0,0,277.080,278.149,1.000,225.708,105.865,arrival-gap-jitter-spike,26395.361,0,1,1,1,1,46281.997,421.713,440.226,441.345,441.345,0,0,6,0,0,5,0,,,130.741,151.166,686,1,decoded,0,0,0,0,0,0,0,0,0,0,,101.136,0.000,104.072,0.000,0.000,0.000,121.035,stale-before-upload,0.001,1269,0.000,109.143,4.654,0.079,0.446,0.176,0.000,0.269,1,0,0,1,3,0.063,27.399,27.450,10.253,22.966,1.000,Loss,0,1,0,0.000,1,1,1,1,0.060,0.000,0.060,0,100,0,37406,35116,2266,0,2015
47.282,Custom_loss6_delay0-100_dup0_reorder6_burst0,Loopback,1,1,0,,,0.000,0,21,1298,23.033,23.032,23.353,101.309,102.390,82.490,66.456,23.862,0.063,0.256,35902,2423,33751,31328,4620,2742,261,1422,1202,220,195,0,31328,963,332,0,0,0,0,5.000,0,0,0,0,0,0,0,0,0,0,0,0,0,0,0,0.000,0.000,0.000,,945,945,4495,0,1,66.128,277.080,67.277,278.149,0.000,0.000,943,938,18387,1183,320,0,3149,5164,1299,1,fec-recovered,pending,H.264,0,1,24,20,4,4,3,2,6,19,0,0,38258,14,0,0,0,0,0,81.064,211,261,220,212,220,0,57.374,28.697,144.635,6,0,698,58,756,0,237,25,0.447,0.553,0.923,1.000,0.095,45.000,0.556,0.444,0.000,duplicate-guard,1733,14344,0,0,1024,13216,3149,30292,704,1107,5,21,30273,predicted-useful,likely-arrival,5252,0.292,296,756,0,1,0,0,0,19,19,19,19,276,4471,276,4471,0,0,0,pacing,0,0.789,5.770,113.770,0,0,19,19,0,0,0,0,9,18,18,0,1201,2,2,sent,98,250,0,7,64,6,0,0,21,57,9,18,12,39,1286,1,stale-frame-lag,0,0,1,0,21,0,0,1,0,1,0,43,0,0,4491,3912,185,0,1,9500000,1200000,0,0,0,38287,38287,46935259,2104,2585668,1166,1442534,0,0,0,0,0,15.170,37.365,10828.375,897.150,1962,69621,35886,15972,33735,17763,0.308,14.013,3.055,1962,5143701,8693886,2.064,57.718,0.461,9.290,69621,3149,949,30292,741,2405,3,314,314,592,35,56,1,15,20,0,0,0,0,0,0,0,0,0,0,279,0,1,0,4,6371,5164,5164,0,0,0,0,0,,disabled,,0,0,0,0,,1,Fixed Quality,Hybrid,85,30,9500,12000,640,360,H.264,480,270,518400,28178,518400,28178,0.054,0.000,,0,0,0.000,2.156,0.000,0.000,0.108,7250,6750,6750,16,16,0,1,9500,1.000,0,16.431,0.000,0,0,0.000,0.000,0,0,0,0,0.279,0.644,0.077,1,0,0,disabled,24,1,1,165,341,165,135,41,249,249,1,4,keyframe-g4-priority,0,,0,0,23.806,23.729,0,,0.000,0.000,0.000,0.000,0,0,0,,47,0,0,8.581,0,1301,0.108,0.000,0.000,0.107,0.000,0.054,0.036,1,1,1,1,0,1,1,0,0,0,1,0,0.860,111.305,0.000,26,0,0.000,0,0,0,0.000,0.000,0.000,0.000,0.000,0.000,0.000,1.958,12.779,0,0,0,0,0,0,0,0,0.000,0.000,0.000,0.000,0.000,0.000,0,0.331,23.032,943,945,4495,67.322,278.194,25.618,278.194,19886.636,527,1,H.264,106.989,0,0,277.080,278.149,1.000,225.708,105.865,arrival-gap-jitter-spike,27395.415,0,1,1,1,1,47282.051,421.713,440.226,441.345,441.345,0,0,6,0,0,5,0,,,130.741,151.166,686,1,decoded,0,0,0,0,0,0,0,0,0,0,,101.594,0.000,104.451,0.000,0.000,0.000,130.654,stale-before-upload,0.001,1298,0.000,109.010,4.220,0.075,0.456,0.151,0.000,0.304,1,0,0,1,3,0.063,23.033,23.032,23.862,23.353,1.000,Loss,0,1,0,1.000,1,1,1,1,0.060,0.000,0.060,0,100,0,38334,35963,2324,0,2054
48.291,Custom_loss6_delay0-100_dup0_reorder6_burst0,Loopback,1,1,0,,,0.000,0,21,1326,17.888,17.870,20.793,91.518,102.459,57.414,66.259,36.621,0.063,0.256,36661,2467,34458,31991,4724,2811,264,1450,1221,229,199,0,31991,984,338,0,0,0,0,5.000,0,0,0,0,0,0,0,0,0,0,0,0,0,0,0,0.000,0.000,0.000,,966,966,4595,0,1,17.923,277.080,19.282,278.149,0.000,0.000,964,958,18784,1213,326,0,3219,5277,1326,1,completed,completed,H.264,0,1,24,24,0,6,6,1,8,14,0,0,39052,6,0,0,0,0,0,83.436,219,264,229,221,229,0,57.636,28.505,144.635,6,0,718,62,780,0,243,26,0.453,0.547,0.921,1.000,0.097,43.000,0.273,0.727,0.000,duplicate-guard,1765,14626,0,0,1042,13473,3219,30974,718,1132,5,21,30955,deferred-likely-arrival,likely-arrival,5366,0.875,304,780,0,1,0,0,0,19,19,19,19,283,4589,283,4589,0,0,0,pacing,0,0.843,11.443,119.443,0,0,19,19,0,0,0,0,9,18,18,0,1201,2,2,sent,101,257,0,8,65,6,0,0,22,60,9,18,13,42,1315,3,selected-repair,0,0,1,0,21,0,0,1,0,1,0,45,0,0,4609,3995,189,0,1,9500000,1200000,0,0,0,39091,39091,47920499,2158,2652268,1195,1478026,0,0,0,0,0,0.053,37.365,4626.000,936.450,2004,71115,36657,16305,34458,18153,0.308,3.086,1.559,2004,6076053,9271183,1.208,41.159,0.512,12.590,71115,3219,970,30974,765,2451,3,320,320,600,36,57,1,16,20,0,0,0,0,0,0,0,0,0,0,284,0,1,0,4,6506,5277,5277,0,0,0,0,0,,disabled,,0,0,0,0,,1,Fixed Quality,Hybrid,85,30,9500,12000,640,360,H.264,480,270,518400,28176,518400,28176,0.054,0.000,,0,0,0.000,2.830,0.000,0.000,0.088,7250,6750,6750,16,16,0,1,9500,1.000,0,5.941,0.000,0,0,4.000,0.875,9992,8740,0,0,0.000,0.000,1.000,1,0,0,disabled,24,1,1,169,353,169,140,44,257,257,1,4,keyframe-g4-priority,0,,0,0,13.554,23.727,0,,0.000,0.000,0.000,0.000,0,0,0,,48,0,0,6.226,0,1328,0.087,0.000,0.000,0.087,0.000,0.059,0.009,1,1,1,1,0,1,1,0,0,0,0,0,1.000,0.000,0.000,30,0,0.000,0,0,0,0.000,0.000,0.000,0.000,0.000,0.000,0.000,2.701,11.646,0,0,0,0,0,0,0,0,0.000,0.000,0.000,0.000,0.000,0.000,0,0.542,17.870,964,966,4595,19.277,278.194,25.618,278.194,19886.636,527,1,H.264,106.989,0,0,277.080,278.149,1.000,225.708,105.865,arrival-gap-jitter-spike,28404.618,0,1,1,1,1,48291.254,421.713,440.226,441.345,441.345,0,0,6,0,0,5,0,,,130.741,151.166,686,1,decoded,0,0,0,0,0,0,0,0,0,0,,103.236,0.000,106.879,6.756,0.000,104.373,130.759,stale-before-upload,0.001,1325,0.000,117.063,7.157,0.102,0.387,0.001,0.000,0.386,1,0,0,1,3,0.063,17.888,17.870,36.621,20.793,1.000,Jitter,0,1,0,1.000,0,1,1,1,0.060,0.000,0.060,0,100,0,39139,36725,2371,0,2105
49.295,Custom_loss6_delay0-100_dup0_reorder6_burst0,Loopback,1,1,0,,,0.000,0,21,1352,21.287,21.309,21.841,119.119,102.464,57.414,66.259,24.820,0.063,0.254,37454,2511,35194,32683,4821,2866,272,1482,1246,236,201,0,32683,1006,343,0,0,0,0,5.000,0,0,0,0,0,0,0,0,0,0,0,0,0,0,0,0.000,0.000,0.000,,988,988,4691,0,1,70.647,277.080,71.798,278.149,0.000,0.000,986,981,19180,1242,331,0,3288,5385,1353,1,expired-no-slack,expired,H.264,0,1,24,21,3,5,4,3,9,38,0,0,39881,4,0,0,0,0,0,127.965,224,272,236,228,236,0,57.538,28.756,144.635,6,0,738,59,797,0,249,26,0.452,0.548,0.926,1.000,0.095,45.000,0.333,0.667,0.000,duplicate-guard,1805,14916,0,0,1063,13734,3288,31620,737,1161,5,21,31601,predicted-useful,fec-grace,5483,0.750,310,797,0,1,0,0,0,19,19,19,19,288,4670,288,4670,0,0,0,pacing,0,0.805,12.266,120.266,0,0,19,19,0,0,0,0,10,20,20,0,1329,2,2,sent,103,263,0,8,66,6,0,0,23,62,10,20,13,42,1345,4,stale-age,0,0,1,0,21,0,0,1,0,1,0,47,0,0,4690,4084,193,0,1,9500000,1200000,0,0,0,39918,39918,48933779,2175,2673416,1197,1480514,0,0,0,0,0,21.265,37.365,12994.812,4800.000,2047,72619,37437,16632,35182,18550,0.308,27.381,0.079,2047,4425325,7552130,0.437,41.159,0.491,19.930,72619,3288,992,31620,786,2499,3,325,325,610,36,57,1,16,20,0,0,0,0,0,0,0,0,0,0,289,0,1,0,4,6638,5385,5385,0,0,0,0,0,,disabled,,0,0,0,0,,1,Fixed Quality,Hybrid,85,30,9500,12000,640,360,H.264,480,270,518400,0,518400,28178,0.054,0.000,,0,0,0.000,2.387,0.000,0.000,0.254,7250,6750,6750,16,16,0,1,9500,1.000,0,21.265,0.000,0,0,0.000,0.000,0,0,0,0,0.281,0.645,0.074,1,0,0,disabled,0,0,0,173,360,173,143,44,263,263,0,4,async-output-pending,0,,0,0,0.000,0.000,0,,0.000,0.000,0.000,0.000,0,0,0,,48,0,0,6.381,0,1356,0.254,0.000,0.000,0.253,0.000,0.154,0.018,1,1,1,1,0,1,1,0,1,0,1,0,0.860,139.831,0.000,26,0,0.000,0,0,0,0.000,0.000,0.000,0.000,0.000,0.000,0.000,0.000,10.367,0,0,0,0,0,0,0,0,0.000,0.000,0.000,0.000,0.000,0.000,0,0.435,21.309,986,988,4691,71.824,278.194,25.618,278.194,19886.636,527,1,H.264,106.989,0,0,277.080,278.149,1.000,225.708,105.865,arrival-gap-jitter-spike,29408.305,0,1,1,1,1,49294.941,421.713,440.226,441.345,441.345,0,0,6,0,0,5,0,,,130.741,151.166,686,1,decoded,0,0,0,0,0,0,0,0,0,0,,109.195,0.000,112.029,0.000,0.000,0.000,139.560,stale-before-upload,0.001,1352,0.000,117.642,5.169,0.076,0.527,0.243,0.000,0.284,1,0,0,1,3,0.063,21.287,21.309,24.820,21.841,2.000,RecoveryDeadline,0,1,0,1.000,1,1,1,1,0.060,0.000,0.060,0,100,0,39967,37516,2426,0,2156
50.299,Custom_loss6_delay0-100_dup0_reorder6_burst0,Loopback,1,1,0,,,0.000,0,21,1378,21.873,19.883,13.628,111.519,102.443,15.303,65.175,17.620,0.063,0.254,38132,2567,35843,33276,4928,2921,285,1520,1278,242,202,0,33276,1026,349,0,0,0,0,5.000,0,0,0,0,0,0,0,0,0,0,0,0,0,0,0,0.000,0.000,0.000,,1007,1007,4790,0,1,61.711,277.080,63.338,278.149,0.000,0.000,1004,998,19545,1268,336,0,3349,5488,1381,1,retransmit-duplicate,pending,H.264,1,1,22,16,6,4,2,3,5,31,0,2,40654,1,40654,1,40654,1,1,68.652,227,285,242,234,242,0,57.872,28.739,144.635,6,0,760,61,821,0,254,26,0.443,0.557,0.926,1.000,0.093,45.000,0.182,0.818,0.000,duplicate-guard,1834,15134,0,0,1080,13935,3349,32156,749,1178,5,21,32137,predicted-useful,likely-arrival,5585,0.364,318,821,0,1,0,0,0,19,19,19,19,296,4783,296,4783,0,0,0,pacing,0,0.743,11.627,119.627,0,0,19,19,0,0,0,0,10,20,20,0,1329,2,2,sent,107,279,0,8,70,6,0,0,23,62,10,20,13,42,1370,4,stale-age,0,0,1,0,21,0,0,1,0,1,0,49,0,0,4803,4157,197,1,1,9500000,1200000,2,0,2,40662,40660,49847010,2257,2774592,1246,1541558,0,0,0,0,0,8.303,37.365,575.188,4800.000,2085,73943,38126,16908,35817,18909,0.307,28.160,0.000,2085,4725638,7637626,1.273,24.505,0.461,18.405,73943,3349,1011,32156,810,2534,5,330,330,619,36,57,1,16,20,0,0,0,0,0,0,0,0,0,0,294,0,1,0,4,6763,5488,5488,0,0,0,0,0,,disabled,,0,0,0,0,,1,Fixed Quality,Hybrid,85,30,9500,12000,640,360,H.264,480,270,518400,26096,518400,26096,0.050,0.000,,0,0,0.000,2.147,0.000,0.000,0.108,6000,6250,6250,17,17,0,1,9500,0.820,1,9.618,0.000,0,0,0.000,0.000,0,0,0,0,0.000,1.000,0.000,1,0,0,latency-pressure-freshness-hold,22,0,0,176,370,176,148,46,271,271,0,4,large-au-observed,0,,0,0,14.146,21.976,0,,0.000,0.000,0.000,0.000,0,0,0,,50,0,0,5.959,0,1383,0.108,0.000,0.000,0.107,0.000,0.076,0.010,1,1,1,1,0,1,1,0,0,0,1,0,0.860,150.445,0.000,26,0,0.000,0,0,0,0.000,0.000,0.000,0.000,0.000,0.000,0.000,2.028,10.835,0,0,0,0,0,0,0,0,0.000,0.000,0.000,0.000,0.000,0.000,0,0.384,19.883,1004,1007,4790,63.010,278.194,25.618,278.194,19886.636,527,1,H.264,106.989,0,0,277.080,278.149,1.000,225.708,105.865,arrival-gap-jitter-spike,30412.920,0,1,1,1,1,50299.556,421.713,440.226,441.345,441.345,0,0,8,0,0,7,2,latency-pressure freshness,latency-over-80ms,148.015,151.166,1359,1,decoded,0,0,0,0,0,0,0,0,0,0,,103.186,0.000,105.907,0.000,0.000,0.000,135.760,stale-before-upload,0.001,1378,0.000,112.422,6.517,0.084,0.429,0.004,0.000,0.426,1,0,0,1,3,0.063,21.873,19.883,17.620,13.628,1.000,RecoveryDeadline,0,1,0,1.000,1,1,1,1,0.060,0.000,0.060,0,100,0,40710,38197,2466,0,2201
51.301,Custom_loss6_delay0-100_dup0_reorder6_burst0,Loopback,1,1,0,,,0.000,0,21,1405,15.170,15.158,19.260,105.133,102.425,26.547,64.370,2.592,0.063,0.256,38817,2609,36486,33877,5030,2976,294,1554,1307,247,206,0,33877,1042,359,0,0,0,0,5.000,0,0,0,0,0,0,0,0,0,0,0,0,0,0,0,0.000,0.000,0.000,,1023,1023,4885,0,1,61.978,277.080,63.328,278.149,0.000,0.000,1020,1014,19934,1289,346,0,3414,5602,1406,1,fec-recovered,pending,H.264,0,1,23,19,4,4,2,2,8,20,0,0,41374,19,0,0,0,0,0,88.543,232,294,247,239,247,0,58.010,28.588,144.635,6,0,779,60,839,0,259,26,0.441,0.559,0.928,1.000,0.091,45.000,0.167,0.833,0.000,duplicate-guard,1863,15391,0,0,1098,14171,3414,32706,760,1199,5,21,32685,predicted-useful,fec-grace,5686,0.261,324,839,0,1,0,0,0,19,19,19,19,302,4863,302,4863,0,0,0,pacing,0,0.744,9.909,117.909,0,0,19,19,0,0,0,0,10,20,20,0,1329,2,2,sent,108,283,0,8,71,6,0,0,23,62,10,20,13,42,1396,4,stale-age,0,0,1,0,21,0,0,1,0,1,0,50,0,0,4883,4234,200,0,1,9500000,1200000,2,0,2,41391,41389,50745978,2275,2796984,1247,1542802,0,0,0,0,0,8.029,37.365,1125.938,4800.000,2122,75302,38816,17190,36486,19296,0.307,4.636,1.398,2122,5209046,8331413,1.121,21.853,0.476,13.073,75302,3414,1027,32706,831,2578,5,340,340,637,37,58,1,17,20,0,0,0,0,0,0,0,0,0,0,303,0,1,0,4,6899,5602,5602,0,0,0,0,0,,disabled,,0,0,0,0,,1,Fixed Quality,Hybrid,85,30,9500,12000,640,360,H.264,480,270,518400,27136,518400,27136,0.052,0.000,,0,0,0.000,2.084,0.000,0.000,0.099,7250,6500,6500,18,18,0,1,9500,1.000,0,12.545,0.000,0,0,0.000,0.000,0,0,0,0,0.277,0.652,0.072,1,0,0,disabled,23,0,0,180,379,180,153,46,278,278,0,4,large-au-observed,0,,0,0,17.236,22.851,0,,0.000,0.000,0.000,0.000,0,0,0,,50,0,0,13.522,0,1408,0.098,0.000,0.000,0.098,0.000,0.066,0.011,1,1,1,1,0,1,1,0,0,0,1,0,0.860,179.992,0.000,26,0,0.000,0,0,0,0.000,0.000,0.000,0.000,0.000,0.000,0.000,1.977,10.267,0,0,0,0,0,0,0,0,0.000,0.000,0.000,0.000,0.000,0.000,0,0.476,15.158,1020,1023,4885,63.121,278.194,25.618,278.194,19886.636,527,1,H.264,106.989,0,0,277.080,278.149,1.000,225.708,105.865,arrival-gap-jitter-spike,31414.455,0,1,1,1,1,51301.091,421.713,440.226,441.345,441.345,0,0,8,0,0,7,0,,,148.015,151.166,1359,1,decoded,0,0,0,0,0,0,0,0,0,0,,101.011,0.000,104.342,0.000,0.000,0.000,132.566,stale-before-upload,0.001,1405,0.000,111.485,6.643,0.114,0.397,0.001,0.000,0.396,1,0,0,1,3,0.063,15.170,15.158,2.592,19.260,1.000,Loss,0,1,0,0.500,2,1,1,1,0.060,0.000,0.060,0,100,0,41440,38880,2511,0,2237
52.303,Custom_loss6_delay0-100_dup0_reorder6_burst0,Loopback,1,1,0,,,0.000,0,21,1433,21.838,21.858,25.700,116.861,102.416,67.710,64.438,10.458,0.063,0.254,39612,2660,37224,34564,5129,3032,300,1590,1337,253,207,0,34564,1065,363,0,0,0,0,5.000,0,0,0,0,0,0,0,0,0,0,0,0,0,0,0,0.000,0.000,0.000,,1046,1046,4979,0,1,51.083,277.080,52.414,278.149,0.000,0.000,1043,1037,20329,1318,350,0,3480,5715,1436,1,nack-sent,pending,H.264,0,1,24,16,8,2,1,1,0,8,0,0,42239,16,0,0,0,0,0,53.362,234,300,253,245,253,0,57.712,28.708,144.635,6,0,793,62,855,0,264,26,0.438,0.562,0.927,1.000,0.090,45.000,0.200,0.800,0.000,duplicate-guard,1897,15690,0,0,1121,14455,3480,33320,771,1214,5,21,33299,predicted-useful,fec-grace,5801,0.417,329,855,0,1,0,0,0,19,19,19,19,306,4927,306,4927,0,0,0,pacing,0,0.797,12.523,120.523,0,0,19,19,0,0,0,0,10,20,20,0,1329,2,2,sent,110,291,0,8,72,6,0,0,24,66,10,20,14,46,1425,4,stale-age,0,0,1,0,21,0,0,1,0,1,0,52,0,0,4947,4318,204,0,1,9500000,1200000,0,0,0,42231,42231,51779694,2320,2852086,1272,1573486,0,0,0,0,0,14.639,37.365,5754.625,4800.000,2167,76831,39607,17522,37224,19702,0.307,25.766,1.728,2167,6220534,9456159,1.481,25.715,0.508,21.033,76831,3479,1050,33312,849,2625,5,344,344,644,39,62,2,17,22,0,0,0,0,0,0,0,0,0,0,305,0,1,0,4,7040,5715,5715,0,0,0,0,0,,disabled,,0,0,0,0,,1,Fixed Quality,Hybrid,85,30,9500,12000,640,360,H.264,480,270,518400,28178,518400,28178,0.054,0.000,,0,0,0.000,2.534,0.000,0.000,0.103,7250,6750,6750,19,19,0,1,9500,1.000,0,14.639,0.000,0,0,0.000,0.000,0,0,0,0,0.274,0.654,0.073,1,0,0,disabled,24,0,0,184,388,184,158,46,284,284,0,4,large-au-observed,0,,0,0,11.223,23.729,0,,0.000,0.000,0.000,0.000,0,0,0,,51,0,0,5.481,0,1437,0.103,0.000,0.000,0.102,0.000,0.078,0.009,1,1,1,1,0,1,1,0,0,0,0,0,1.000,0.000,0.000,30,0,0.000,0,0,0,0.000,0.000,0.000,0.000,0.000,0.000,0.000,2.419,18.159,0,0,0,0,0,0,0,0,0.000,0.000,0.000,0.000,0.000,0.000,0,0.399,21.858,1043,1046,4979,52.089,278.194,25.618,278.194,19886.636,527,1,H.264,106.989,0,0,277.080,278.149,1.000,225.708,105.865,arrival-gap-jitter-spike,32416.497,0,1,1,1,1,52303.133,421.713,440.226,441.345,441.345,0,0,8,0,0,7,0,,,148.015,151.166,1359,1,decoded,0,0,0,0,0,0,0,0,0,0,,107.682,0.000,110.664,0.000,0.000,0.000,138.430,stale-before-upload,0.001,1433,0.000,116.153,5.081,0.082,0.302,0.001,0.000,0.301,1,0,0,1,3,0.063,21.838,21.858,10.458,25.700,1.000,RecoveryDeadline,0,1,0,2.000,1,2,2,1,0.060,0.000,0.060,0,100,0,42283,39679,2560,0,2280
53.311,Custom_loss6_delay0-100_dup0_reorder6_burst0,Loopback,1,1,0,,,0.000,0,21,1461,23.136,23.085,23.004,98.480,102.422,133.807,65.826,8.002,0.063,0.252,40369,2695,37922,35227,5236,3091,306,1630,1368,262,209,0,35227,1088,367,0,0,0,0,5.000,0,0,0,0,0,0,0,0,0,0,0,0,0,0,0,0.000,0.000,0.000,,1069,1069,5072,0,1,52.647,277.080,53.666,278.149,0.000,0.000,1066,1060,20721,1350,354,0,3543,5831,1462,1,fec-recovered,pending,H.264,0,1,24,21,3,4,4,2,3,12,0,0,43014,20,0,0,0,0,0,77.146,238,306,262,254,262,0,58.159,28.390,144.635,6,0,812,63,875,0,271,26,0.438,0.562,0.928,1.000,0.088,45.000,0.250,0.750,0.000,duplicate-guard,1930,15959,0,0,1140,14700,3543,33932,785,1238,5,21,33911,predicted-useful,fec-grace,5912,0.167,337,875,0,1,0,0,0,19,19,19,19,314,5058,314,5058,0,0,0,pacing,0,0.783,14.388,122.388,0,0,19,19,0,0,0,0,10,20,20,0,1329,2,2,sent,111,295,0,8,73,6,0,0,24,66,10,20,14,46,1454,4,stale-age,0,0,1,0,21,0,0,1,0,1,0,52,0,0,5078,4395,208,0,1,9500000,1200000,0,0,0,43031,43031,52759960,2370,2913712,1297,1604634,0,0,0,0,0,12.154,37.365,1721.875,4800.000,2209,78286,40364,17798,37922,20124,0.306,32.873,0.000,2209,4708728,11613037,0.668,33.791,0.489,24.936,78286,3543,1073,33932,867,2671,5,348,348,650,39,62,2,17,22,0,0,0,0,0,0,0,0,0,0,309,0,1,0,4,7174,5831,5831,0,0,0,0,0,,disabled,,0,0,0,0,,1,Fixed Quality,Hybrid,85,30,9500,12000,640,360,H.264,480,270,518400,28178,518400,28178,0.054,0.000,,0,0,0.000,2.003,0.000,0.000,0.072,7250,6750,6750,19,19,0,1,9500,1.000,0,29.134,0.000,0,0,0.000,0.000,0,0,0,0,0.272,0.656,0.072,1,0,0,disabled,24,0,0,188,396,188,162,46,290,290,0,4,large-au-observed,0,,0,0,33.504,23.729,0,,0.000,0.000,0.000,0.000,0,0,0,,52,0,0,5.162,0,1464,0.072,0.000,0.000,0.072,0.000,0.049,0.008,1,1,1,1,0,1,1,0,0,0,0,0,1.000,0.000,0.000,30,0,0.000,0,0,0,0.000,0.000,0.000,0.000,0.000,0.000,0.000,1.924,14.150,0,0,0,0,0,0,0,0,0.000,0.000,0.000,0.000,0.000,0.000,0,0.405,23.085,1066,1069,5072,54.115,278.194,25.618,278.194,19886.636,527,1,H.264,106.989,0,0,277.080,278.149,1.000,225.708,105.865,arrival-gap-jitter-spike,33424.668,0,1,1,1,1,53311.304,421.713,440.226,441.345,441.345,0,0,8,0,0,7,0,,,148.015,151.166,1359,1,decoded,0,0,0,0,0,0,0,0,0,0,,101.386,0.000,104.232,0.000,0.000,0.000,129.240,stale-before-upload,0.001,1461,0.000,108.658,4.012,0.089,0.623,0.321,0.000,0.302,1,0,0,1,3,0.063,23.136,23.085,8.002,23.004,1.000,RecoveryDeadline,0,1,0,0.500,2,1,1,1,0.060,0.000,0.060,0,100,0,43084,40435,2599,0,2327
54.318,Custom_loss6_delay0-100_dup0_reorder6_burst0,Loopback,1,1,0,,,0.000,0,21,1489,16.334,16.371,19.835,101.190,102.456,37.420,65.269,1.459,0.063,0.254,41174,2760,38687,35927,5331,3144,312,1663,1396,267,212,0,35927,1106,377,0,0,0,0,5.000,0,0,0,0,0,0,0,0,0,0,0,0,0,0,0,0.000,0.000,0.000,,1087,1087,5170,0,1,61.364,277.080,62.681,278.149,0.000,0.000,1084,1078,21119,1373,364,0,3616,5936,1490,1,expired-no-slack,expired,H.264,0,1,24,22,2,6,3,3,7,17,0,0,43837,15,0,0,0,0,0,128.499,244,312,267,259,267,0,58.451,28.287,144.635,6,0,829,63,892,0,278,27,0.439,0.561,0.929,1.000,0.089,45.000,0.167,0.833,0.000,duplicate-guard,1966,16272,0,0,1164,14998,3616,34602,797,1253,5,21,34580,predicted-useful,fec-grace,6030,0.875,344,892,0,1,0,0,0,19,19,19,19,321,5175,321,5175,0,0,0,pacing,0,0.788,12.947,120.947,0,0,19,19,0,0,0,0,10,20,20,0,1329,2,2,sent,113,302,0,8,75,6,0,0,24,66,10,20,14,46,1468,3,stale-age,0,0,1,0,21,0,0,1,0,1,0,53,0,0,5195,4487,212,0,1,9500000,1200000,0,0,0,43888,43888,53809984,2417,2971606,1323,1637026,0,0,0,0,0,23.334,37.365,9566.500,4800.000,2254,79855,41170,18143,38685,20542,0.306,23.186,0.064,2254,5271918,8575891,1.113,7.756,0.489,15.627,79855,3616,1091,34602,882,2729,5,358,358,670,39,62,2,17,22,0,0,0,0,0,0,0,0,0,0,319,0,1,0,4,7313,5936,5936,0,0,0,0,0,,disabled,,0,0,0,0,,1,Fixed Quality,Hybrid,85,30,9500,12000,640,360,H.264,480,270,518400,0,518400,28178,0.054,0.000,,0,0,0.000,7.553,0.000,6.412,1.080,7250,6750,6750,19,19,0,1,9500,1.000,0,23.334,0.000,0,0,0.000,0.000,0,0,0,0,0.274,0.656,0.071,1,0,0,disabled,0,0,0,192,403,192,165,46,295,295,0,4,async-output-pending,0,,0,0,0.000,0.000,0,,23.334,9566.500,39583.333,0.000,0,0,0,,53,0,0,0.000,1,0,1.064,0.275,0.786,0.000,0.000,0.000,0.000,0,0,1,1,1,0,0,1,1,0,0,0,1.000,0.000,0.000,30,0,0.000,0,0,0,0.000,0.000,0.000,0.000,0.000,0.000,0.000,0.000,26.785,0,0,0,0,0,0,0,0,0.000,0.000,0.000,0.000,0.000,0.000,0,0.485,16.371,1084,1087,5170,62.740,278.194,25.618,278.194,19886.636,527,1,H.264,106.989,0,0,277.080,278.149,1.000,225.708,105.865,arrival-gap-jitter-spike,34431.381,0,1,1,1,1,54318.017,421.713,440.226,441.345,441.345,0,0,8,0,0,7,0,,,148.015,151.166,1359,1,decoded,0,0,0,0,0,0,0,0,0,0,,107.888,0.000,111.239,0.000,0.000,0.000,130.595,stale-before-upload,0.001,1489,0.000,119.341,7.600,0.098,0.407,0.001,0.000,0.406,1,0,0,1,3,0.063,16.334,16.371,1.459,19.835,1.000,Loss,0,1,0,1.000,1,1,1,1,0.060,0.000,0.060,0,100,0,43942,41245,2664,0,2368
55.322,Custom_loss6_delay0-100_dup0_reorder6_burst0,Loopback,1,1,0,,,0.000,0,21,1519,23.562,23.616,19.122,95.875,102.418,60.800,65.183,8.113,0.063,0.253,41954,2811,39427,36616,5437,3194,319,1707,1434,273,217,0,36616,1128,383,0,0,0,0,5.000,0,0,0,0,0,0,0,0,0,0,0,0,0,0,0,0.000,0.000,0.000,,1109,1109,5262,0,1,33.142,277.080,34.328,278.149,0.000,0.000,1106,1099,21510,1401,370,0,3681,6043,1520,1,fec-parity,pending,H.264,0,1,24,13,11,3,1,1,2,14,0,0,44720,7,0,0,0,0,0,62.444,250,319,273,265,273,0,58.794,28.045,144.635,6,0,848,64,912,0,288,27,0.439,0.561,0.930,1.000,0.086,45.000,0.200,0.800,0.000,duplicate-guard,2001,16567,0,0,1185,15271,3681,35217,811,1275,5,21,35192,predicted-useful,likely-arrival,6139,0.000,352,912,0,1,0,0,0,19,19,19,19,329,5308,329,5308,0,0,0,pacing,0,0.826,10.162,118.162,0,0,19,19,0,0,0,0,10,20,20,0,1329,2,2,sent,116,310,0,8,78,6,0,0,24,66,10,20,14,46,1512,3,stale-age,0,0,1,0,21,0,0,1,0,1,0,55,0,0,5328,4564,216,0,1,9500000,1200000,11,0,11,44748,44737,54850632,2467,3033232,1349,1668796,0,0,0,0,0,0.533,37.365,995.125,4800.000,2295,81351,41929,18509,39422,20913,0.306,9.790,0.918,2295,5769697,8908932,0.937,10.881,0.555,14.603,81351,3681,1113,35217,900,2776,5,364,364,689,39,62,2,17,22,0,0,0,0,0,0,0,0,0,0,325,0,1,0,4,7450,6043,6043,0,0,0,0,0,,disabled,,0,0,0,0,,1,Fixed Quality,Hybrid,85,30,9500,12000,640,360,H.264,480,270,518400,28178,518400,28178,0.054,0.000,,0,0,0.000,2.123,0.000,0.000,0.089,7250,6750,6750,19,19,0,1,9500,1.000,0,22.746,0.000,0,0,0.000,0.000,0,0,0,0,0.274,0.656,0.070,1,0,0,disabled,24,0,0,195,412,195,169,48,301,301,0,4,large-au-observed,0,,0,0,24.510,23.729,0,,0.000,0.000,0.000,0.000,0,0,0,,54,0,0,5.384,0,1522,0.088,0.000,0.000,0.088,0.000,0.059,0.011,1,1,1,1,0,1,1,0,0,0,0,0,1.000,0.000,0.000,30,0,0.000,0,0,0,0.000,0.000,0.000,0.000,0.000,0.000,0.000,2.026,9.450,0,0,0,0,0,0,0,0,0.000,0.000,0.000,0.000,0.000,0.000,0,0.391,23.616,1106,1109,5262,34.142,278.194,25.618,278.194,19886.636,527,1,H.264,106.989,0,0,277.080,278.149,1.000,225.708,105.865,arrival-gap-jitter-spike,35435.885,0,1,1,1,1,55322.521,421.713,440.226,441.345,441.345,0,0,8,0,0,7,0,,,148.015,151.166,1359,1,decoded,0,0,0,0,0,0,0,0,0,0,,98.866,0.000,101.810,4.520,0.000,104.845,127.938,stale-before-upload,0.001,1518,0.000,107.883,5.197,0.081,0.605,0.350,0.000,0.255,1,0,0,1,3,0.063,23.562,23.616,8.113,19.122,1.000,RecoveryDeadline,0,1,0,1.000,1,1,1,1,0.060,0.000,0.060,0,100,0,44792,42024,2711,0,2431
56.323,Custom_loss6_delay0-100_dup0_reorder6_burst0,Loopback,1,1,0,,,0.000,0,21,1546,17.644,17.646,19.219,113.968,102.376,72.510,65.321,3.526,0.063,0.254,42717,2877,40147,37270,5531,3247,323,1739,1461,278,222,0,37270,1146,391,0,0,0,0,5.000,0,0,0,0,0,0,0,0,0,0,0,0,0,0,0,0.000,0.000,0.000,,1127,1127,5353,0,1,52.127,277.080,53.150,278.149,0.000,0.000,1124,1118,21898,1424,378,0,3745,6157,1548,1,fec-parity,pending,H.264,0,1,24,18,6,3,2,1,4,12,0,0,45546,8,0,0,0,0,0,71.411,254,323,278,270,278,0,58.851,28.068,144.635,6,0,861,65,926,0,296,27,0.440,0.560,0.930,1.000,0.084,45.000,0.333,0.667,0.000,duplicate-guard,2040,16870,0,0,1208,15552,3745,35746,827,1297,5,21,35721,predicted-useful,fec-grace,6245,0.500,358,926,0,1,0,0,0,19,19,19,19,335,5403,335,5403,0,0,0,pacing,0,0.770,6.981,114.981,0,0,19,19,0,0,0,0,10,20,20,0,1329,2,2,sent,118,315,0,8,80,6,0,0,24,66,10,20,14,46,1540,3,stale-age,0,0,1,0,21,0,0,1,0,1,0,56,0,0,5423,4644,220,0,1,9500000,1200000,0,0,0,45542,45542,55836546,2511,3087394,1374,1699944,0,0,0,0,0,15.383,37.365,5854.375,4800.000,2337,82843,42709,18864,40134,21270,0.306,5.978,1.981,2337,5157241,8613492,1.159,11.046,0.464,9.697,82843,3745,1131,35746,912,2828,5,372,372,701,39,62,2,17,22,0,0,0,0,0,0,0,0,0,0,333,0,1,0,4,7582,6157,6157,0,0,0,0,0,,disabled,,0,0,0,0,,1,Fixed Quality,Hybrid,85,30,9500,12000,640,360,H.264,480,270,518400,28178,518400,28178,0.054,0.000,,0,0,0.000,1.966,0.000,0.000,0.070,7250,6750,6750,19,19,0,1,9500,1.000,0,15.383,0.000,0,0,0.000,0.000,0,0,0,0,0.274,0.656,0.070,1,0,0,disabled,24,0,0,197,417,197,172,48,305,305,0,4,large-au-observed,0,,0,0,19.451,23.729,0,,0.000,0.000,0.000,0.000,0,0,0,,55,0,0,6.159,0,1549,0.069,0.000,0.000,0.069,0.000,0.046,0.008,1,1,1,1,0,1,1,0,0,0,1,0,0.860,109.907,0.000,26,0,0.000,0,0,0,0.000,0.000,0.000,0.000,0.000,0.000,0.000,1.888,28.085,0,0,0,0,0,0,0,0,0.000,0.000,0.000,0.000,0.000,0.000,0,0.410,17.647,1124,1127,5353,53.414,278.194,25.618,278.194,19886.636,527,1,H.264,106.989,0,0,277.080,278.149,1.000,225.708,105.865,arrival-gap-jitter-spike,36436.374,0,1,1,1,1,56323.010,421.713,440.226,441.345,441.345,0,0,8,0,0,7,0,,,148.015,151.166,1359,1,decoded,0,0,0,0,0,0,0,0,0,0,,99.559,0.000,102.402,0.000,0.000,0.000,136.984,stale-before-upload,0.001,1546,0.000,106.960,4.137,0.075,0.755,0.427,0.000,0.327,1,0,0,1,3,0.063,17.644,17.646,3.526,19.219,1.000,Loss,0,1,0,2.000,1,2,2,1,0.060,0.000,0.060,0,100,0,45598,42789,2773,0,2474
57.328,Custom_loss6_delay0-100_dup0_reorder6_burst0,Loopback,1,1,0,,,0.000,0,21,1575,19.106,17.369,18.996,100.918,102.474,35.380,64.767,33.327,0.063,0.254,43475,2919,40847,37928,5629,3305,332,1769,1484,285,223,0,37928,1168,397,0,0,0,0,5.000,0,0,0,0,0,0,0,0,0,0,0,0,0,0,0,0.000,0.000,0.000,,1148,1148,5445,0,1,17.433,277.080,19.012,278.149,0.000,0.000,1145,1139,22284,1453,383,0,3808,6267,1576,1,fec-recovered,pending,H.264,0,1,24,18,6,2,1,1,5,12,0,0,46357,21,0,0,0,0,0,77.134,255,332,285,277,285,0,59.018,28.270,144.635,6,0,878,65,943,0,299,27,0.434,0.566,0.931,1.000,0.083,45.000,0.000,1.000,0.000,duplicate-guard,2076,17170,0,0,1229,15831,3808,36350,842,1318,5,21,36325,predicted-useful,fec-grace,6354,0.000,365,943,0,1,0,0,0,19,19,19,19,342,5530,342,5530,0,0,0,pacing,0,0.847,13.393,121.393,0,0,19,19,0,0,0,0,10,20,20,0,1329,2,2,sent,119,317,0,8,81,6,0,0,24,66,10,20,14,46,1554,2,stale-age,0,0,1,0,21,0,0,1,0,1,0,56,0,0,5550,4724,224,0,1,9500000,1200000,17,0,17,46369,46352,56829250,2558,3145288,1399,1731092,0,0,0,0,0,10.236,37.365,1164.312,4800.000,2378,84293,43457,19181,40836,21655,0.306,4.787,1.573,2378,5904791,9508035,1.143,1.411,0.489,8.353,84293,3808,1153,36350,927,2876,5,377,377,712,39,62,2,17,22,0,0,0,0,0,0,0,0,0,0,338,0,1,0,4,7715,6267,6267,0,0,0,0,0,,disabled,,0,0,0,0,,1,Fixed Quality,Hybrid,85,30,9500,12000,640,360,H.264,480,270,518400,28178,518400,28178,0.054,0.000,,0,0,0.000,3.073,0.000,0.000,0.104,7250,6750,6750,19,19,0,1,9500,1.000,0,16.150,0.000,0,0,0.000,0.000,0,0,0,0,0.270,0.661,0.069,1,0,0,disabled,24,0,0,199,425,199,176,50,310,310,0,4,large-au-observed,0,,0,0,11.171,23.729,0,,0.000,0.000,0.000,0.000,0,0,0,,56,0,0,4.601,0,1578,0.103,0.000,0.000,0.102,0.000,0.070,0.011,1,1,1,1,0,1,1,0,0,0,1,0,0.860,148.144,0.000,26,0,0.000,0,0,0,0.000,0.000,0.000,0.000,0.000,0.000,0.000,2.954,10.677,0,0,0,0,0,0,0,0,0.000,0.000,0.000,0.000,0.000,0.000,0,0.543,17.369,1145,1148,5445,18.791,278.194,25.618,278.194,19886.636,527,1,H.264,106.989,0,0,277.080,278.149,1.000,225.708,105.865,arrival-gap-jitter-spike,37441.880,0,1,1,1,1,57328.516,421.713,440.226,441.345,441.345,0,0,8,0,0,7,0,,,148.015,151.166,1359,1,decoded,0,0,0,0,0,0,0,0,0,0,,107.963,0.000,111.692,0.000,0.000,0.000,130.459,stale-before-upload,0.001,1575,0.000,118.898,6.643,0.113,0.379,0.003,0.000,0.376,1,0,0,1,3,0.063,19.106,17.369,33.327,18.996,1.000,Loss,0,1,0,1.000,1,1,1,1,0.060,0.000,0.060,0,100,0,46409,43545,2820,0,2512
58.329,Custom_loss6_delay0-100_dup0_reorder6_burst0,Loopback,1,1,0,,,0.000,0,21,1604,20.491,20.531,19.448,101.902,102.476,10.976,63.789,20.859,0.063,0.256,44271,2987,41605,38618,5722,3360,338,1794,1504,290,230,0,38618,1185,408,0,0,0,0,5.000,0,0,0,0,0,0,0,0,0,0,0,0,0,0,0,0.000,0.000,0.000,,1165,1165,5541,0,1,68.470,277.080,69.660,278.149,0.000,0.000,1162,1156,22671,1475,394,0,3877,6371,1605,1,nack-sent,pending,H.264,0,1,24,18,6,2,1,2,3,15,0,0,47214,23,0,0,0,0,0,79.537,257,338,290,282,290,0,58.701,28.097,144.635,6,0,891,66,957,0,303,27,0.432,0.568,0.931,1.000,0.082,45.000,0.000,1.000,0.000,duplicate-guard,2115,17475,0,0,1253,16109,3877,36907,857,1345,5,21,36881,predicted-useful,fec-grace,6467,0.250,371,957,0,1,0,0,0,19,19,19,19,347,5615,347,5615,0,0,0,pacing,0,0.823,7.065,115.065,0,0,19,19,0,0,0,0,10,20,20,0,1329,2,2,sent,122,324,0,9,82,6,0,0,25,69,10,20,15,49,1599,2,stale-age,0,0,1,0,21,0,0,1,0,1,0,59,0,0,5635,4812,228,0,1,9500000,1200000,4,0,4,47223,47219,57891108,2602,3199450,1425,1762862,0,0,0,0,0,6.533,37.365,227.125,4800.000,2421,85848,44256,19512,41592,22080,0.306,20.950,0.819,2421,5313211,8783424,1.828,-3.752,0.480,26.153,85848,3876,1170,36901,939,2932,5,388,388,734,40,64,2,17,23,0,0,0,0,0,0,0,0,0,0,348,0,1,0,4,7849,6371,6371,0,0,0,0,0,,disabled,,0,0,0,0,,1,Fixed Quality,Hybrid,85,30,9500,12000,640,360,H.264,480,270,518400,28178,518400,28178,0.054,0.000,,0,0,0.000,2.034,0.000,0.000,0.070,7250,6750,6750,19,19,0,1,9500,1.000,0,12.626,0.000,0,0,0.000,0.000,0,0,0,0,0.269,0.662,0.069,1,0,0,disabled,24,0,0,201,430,201,179,50,314,314,0,4,large-au-observed,0,,0,0,18.026,23.729,0,,0.000,0.000,0.000,0.000,0,0,0,,57,0,0,6.283,0,1607,0.070,0.000,0.000,0.070,0.000,0.047,0.007,1,1,1,1,0,1,1,0,0,0,0,0,1.000,0.000,0.000,30,0,0.000,0,0,0,0.000,0.000,0.000,0.000,0.000,0.000,0.000,1.954,10.233,0,0,0,0,0,0,0,0,0.000,0.000,0.000,0.000,0.000,0.000,0,0.397,20.531,1162,1165,5541,69.436,278.194,25.618,278.194,19886.636,527,1,H.264,106.989,0,0,277.080,278.149,1.000,225.708,105.865,arrival-gap-jitter-spike,38442.154,0,1,1,1,1,58328.790,421.713,440.226,441.345,441.345,0,0,8,0,0,7,0,,,148.015,151.166,1359,1,decoded,0,0,0,0,0,0,0,0,0,0,,103.031,0.000,105.883,0.000,0.000,0.000,130.951,stale-before-upload,0.001,1604,0.000,111.679,5.388,0.081,0.749,0.465,0.000,0.283,1,0,0,1,3,0.063,20.491,20.531,20.859,19.448,1.000,Loss,0,1,0,0.000,1,2,2,1,0.060,0.000,0.060,0,100,0,47277,44347,2881,0,2562
59.329,Custom_loss6_delay0-100_dup0_reorder6_burst0,Loopback,1,1,0,,,0.000,0,21,1632,18.414,16.751,18.963,97.334,102.496,36.121,63.295,8.462,0.064,0.257,45065,3060,42380,39320,5815,3415,342,1823,1527,296,235,0,39320,1205,417,0,0,0,0,5.000,0,0,0,0,0,0,0,0,0,0,0,0,0,0,0,0.000,0.000,0.000,,1184,1184,5632,0,1,61.774,277.080,62.767,278.149,0.000,0.000,1181,1175,23072,1501,402,0,3946,6484,1633,1,nack-sent,pending,H.264,0,1,24,16,8,4,1,2,1,18,0,0,48050,2,0,0,0,0,0,78.515,263,342,296,288,294,2,58.940,28.311,144.635,6,0,907,66,973,0,309,28,0.435,0.565,0.932,1.000,0.083,45.000,0.500,0.500,0.000,duplicate-guard,2149,17798,0,0,1276,16414,3946,37598,868,1363,5,21,37572,predicted-useful,fec-grace,6581,0.333,377,973,0,1,0,0,0,19,19,19,19,351,5684,351,5684,0,0,0,pacing,0,0.833,10.927,118.927,0,0,19,19,0,0,0,0,11,22,22,0,1613,2,2,sent,125,332,0,9,83,6,0,0,27,75,11,22,16,53,1621,4,selected-repair,0,0,1,0,21,0,0,1,0,1,0,59,0,0,5704,4900,232,0,1,9500000,1200000,3,0,3,48079,48076,58941142,2648,3256100,1453,1797734,0,0,0,0,0,7.267,37.365,72.375,4800.000,2465,87402,45055,19859,42347,22488,0.306,6.892,1.488,2465,6272989,10172480,1.494,25.145,0.446,12.545,87402,3946,1190,37598,954,2987,5,396,396,747,41,66,2,17,24,0,0,0,0,0,0,0,0,0,0,355,0,1,0,4,7990,6484,6484,0,0,0,0,0,,disabled,,0,0,0,0,,1,Fixed Quality,Hybrid,85,30,9500,12000,640,360,H.264,480,270,518400,28178,518400,28178,0.054,0.000,,0,0,0.000,2.589,0.000,0.000,0.071,7250,6750,6750,19,19,0,1,9500,1.000,0,15.425,0.000,0,0,0.000,0.000,0,0,0,0,0.270,0.662,0.068,1,0,0,disabled,24,0,0,203,436,203,181,52,319,319,0,4,large-au-observed,0,,0,0,19.056,23.729,0,,0.000,0.000,0.000,0.000,0,0,0,,58,0,0,5.670,0,1635,0.071,0.000,0.000,0.071,0.000,0.051,0.005,1,1,1,1,0,1,1,0,0,0,1,0,0.860,143.864,0.000,26,0,0.000,0,0,0,0.000,0.000,0.000,0.000,0.000,0.000,0.000,2.510,9.713,0,0,0,0,0,0,0,0,0.000,0.000,0.000,0.000,0.000,0.000,0,0.348,16.751,1181,1184,5632,62.827,278.194,25.618,278.194,19886.636,527,1,H.264,106.989,0,0,277.080,278.149,1.000,225.708,105.865,arrival-gap-jitter-spike,39442.539,0,1,1,1,1,59329.175,421.713,440.226,441.345,441.345,0,0,8,0,0,7,0,,,148.015,151.166,1359,1,decoded,0,0,0,0,0,0,0,0,0,0,,98.451,0.000,101.334,0.000,0.000,0.000,128.667,stale-before-upload,0.001,1632,0.000,106.981,5.291,0.074,0.782,0.515,0.000,0.266,1,0,0,1,3,0.063,18.414,16.751,8.462,18.963,1.000,Loss,0,1,0,0.000,1,1,1,1,0.060,0.000,0.060,0,100,0,48135,45145,2935,0,2608
60.330,Custom_loss6_delay0-100_dup0_reorder6_burst0,Loopback,1,1,0,,,0.000,0,21,1659,22.104,22.071,21.649,97.198,102.492,31.132,62.730,15.152,0.063,0.257,45839,3082,43093,40011,5906,3472,344,1853,1556,297,237,0,40011,1226,423,0,0,0,0,5.000,0,0,0,0,0,0,0,0,0,0,0,0,0,0,0,0.000,0.000,0.000,,1205,1205,5724,0,1,28.584,277.080,30.088,278.149,0.000,0.000,1202,1196,23463,1523,408,0,4010,6596,1660,1,fec-recovered,pending,H.264,0,1,24,14,10,4,1,2,6,29,0,0,48887,19,0,0,0,0,0,78.033,268,344,297,289,295,2,58.869,28.232,144.635,6,0,915,67,982,0,312,29,0.438,0.562,0.932,1.000,0.085,45.000,0.500,0.500,0.000,duplicate-guard,2186,18128,0,0,1299,16723,4010,38214,882,1384,5,21,38187,predicted-useful,fec-grace,6693,0.500,380,982,0,1,0,0,0,19,19,19,19,354,5728,354,5728,0,0,0,pacing,0,0.769,6.111,114.111,0,0,19,19,0,0,0,0,11,22,22,0,1613,2,2,sent,125,332,0,9,83,6,0,0,27,75,11,22,16,53,1621,4,selected-repair,0,0,1,0,21,0,0,1,0,1,0,59,0,0,5748,4988,236,0,1,9500000,1200000,0,0,0,48898,48897,59946972,2687,3304042,1479,1829504,0,0,0,0,0,12.315,37.365,2669.500,4800.000,2505,88905,45812,20249,43093,22844,0.307,27.330,1.995,2505,5785426,9182753,1.445,19.118,0.517,15.280,88905,4010,1211,38214,966,3039,5,402,402,759,42,68,2,17,25,0,0,0,0,0,0,0,0,0,0,360,0,1,0,4,8133,6596,6596,0,0,0,0,0,,disabled,,0,0,0,0,,1,Fixed Quality,Hybrid,85,30,9500,12000,640,360,H.264,480,270,518400,28178,518400,28178,0.054,0.000,,0,0,0.000,3.661,0.000,0.000,0.208,7250,6750,6750,19,19,0,1,9500,1.000,0,13.004,0.000,0,0,0.000,0.000,0,0,0,0,0.273,0.659,0.068,1,0,0,disabled,24,0,0,205,440,205,183,52,323,323,0,4,large-au-observed,0,,0,0,18.101,23.729,0,,0.000,0.000,0.000,0.000,0,0,0,,59,0,0,9.505,0,1662,0.208,0.000,0.000,0.207,0.000,0.137,0.041,1,1,1,1,0,1,1,0,0,0,1,0,0.860,179.995,0.000,26,0,0.000,0,0,0,0.000,0.000,0.000,0.000,0.000,0.000,0.000,3.439,16.545,0,0,0,0,0,0,0,0,0.000,0.000,0.000,0.000,0.000,0.000,0,0.576,22.071,1202,1205,5724,29.961,278.194,25.618,278.194,19886.636,527,1,H.264,106.989,0,0,277.080,278.149,1.000,225.708,105.865,arrival-gap-jitter-spike,40443.616,0,1,1,1,1,60330.252,421.713,440.226,441.345,441.345,0,0,8,0,0,7,0,,,148.015,151.166,1359,1,decoded,0,0,0,0,0,0,0,0,0,0,,102.070,0.000,105.420,0.000,0.000,0.000,128.599,stale-before-upload,0.001,1659,0.000,112.277,6.264,0.099,0.421,0.001,0.000,0.420,1,0,0,1,3,0.063,22.104,22.071,15.152,21.649,1.000,Loss,0,1,0,0.000,2,4,4,1,0.060,0.000,0.060,0,100,0,48958,45922,2986,0,2652
