timeSec,scenarioName,networkRuntimeMode,networkModeSendingEnabled,networkModeReceivingEnabled,networkExperimentActive,networkExperimentScenarioName,networkExperimentAdaptiveMode,networkExperimentRemainingSec,networkExperimentStepIndex,networkExperimentStepCount,frameId,receiveFps,decodeFps,displayFps,currentLatencyMs,averageLatencyMs,currentRttMs,averageRttMs,currentJitterMs,packetLossRate,frameDropRate,receivedPackets,missingPackets,sequenceGapPackets,sequenceGapRecoveredPackets,duplicatePackets,duplicateOriginalPackets,duplicateRetransmitPackets,duplicateLateAfterCompletedPackets,duplicateLateAfterCompletedOriginalPackets,duplicateLateAfterCompletedRetransmitPackets,duplicateLateAfterExpiredPackets,duplicateLateAfterRejectedPackets,reorderedPackets,completedFrames,droppedFrames,deadlineDroppedFrames,outputQueueDroppedFrames,outputQueueDropEvents,outputQueueDropBurstEvents,startupWarmupSec,startupWarmupActive,outputQueueDroppedFramesDelta,outputQueueDropEventsDelta,outputQueueDropBurstEventsDelta,startupOutputQueueDroppedFrames,startupOutputQueueDropEvents,startupOutputQueueDropBurstEvents,steadyOutputQueueDroppedFrames,steadyOutputQueueDropEvents,steadyOutputQueueDropBurstEvents,evaluationOutputQueueDroppedFrames,evaluationOutputQueueDropEvents,evaluationOutputQueueDropBurstEvents,lastOutputQueueDropFrameCount,lastOutputQueueDropQueueSize,lastOutputQueueDropOldestAgeMs,lastOutputQueueDropNewestAgeMs,maxOutputQueueDropOldestAgeMs,lastOutputQueueDropReason,completedQueuePushes,completedQueuePops,completedQueueEmptyPolls,completedQueueSize,maxCompletedQueueSize,completedQueueLastPopAgeMs,completedQueueMaxPopAgeMs,completedQueueLastPushIntervalMs,completedQueueMaxPushIntervalMs,lastOutputQueueDropPopAgeMs,lastOutputQueueDropPushIntervalMs,decodedFrames,displayedFrames,frameRecoveryOutcomeEvents,frameRecoveryCompletedFrames,frameRecoveryExpiredFrames,frameRecoveryRejectedFrames,frameRecoveryNackSentFrames,frameRecoveryFecRecoveredFrames,frameRecoveryLastFrameId,frameRecoveryLastStreamId,frameRecoveryLastEvent,frameRecoveryLastOutcome,frameRecoveryLastCodec,frameRecoveryLastKeyFrame,frameRecoveryLastLargeFrame,frameRecoveryLastChunkCount,frameRecoveryLastReceivedChunks,frameRecoveryLastMissingChunks,frameRecoveryLastFecParityPackets,frameRecoveryLastFecRecoveredChunks,frameRecoveryLastNackCount,frameRecoveryLastPostNackReceivedChunks,frameRecoveryLastNackRequestedChunks,frameRecoveryLastRetransmitReceivedChunks,frameRecoveryLastRetransmitDuplicatePackets,frameRecoveryLastPacketSequence,frameRecoveryLastPacketChunkIndex,frameRecoveryLastRetransmitSequence,frameRecoveryLastRetransmitChunkIndex,frameRecoveryLastEventPacketSequence,frameRecoveryLastEventPacketChunkIndex,frameRecoveryLastEventWasRetransmit,frameRecoveryLastAgeMs,retransmitUsefulChunks,retransmitDuplicatePackets,retransmitLateAfterCompletedPackets,retransmitLateAfterCompletedLargePackets,retransmitLateAfterCompletedSentBeforeCompletePackets,retransmitLateAfterCompletedSentAfterCompletePackets,retransmitLateAfterCompletedAvgSendToCompleteMs,retransmitLateAfterCompletedAvgDelayMs,retransmitLateAfterCompletedMaxDelayMs,retransmitLateAfterExpiredPackets,retransmitLateAfterRejectedPackets,retransmitClassifiedPackets,retransmitNotArrivedPackets,retransmitAccountedPackets,retransmitUnclassifiedPackets,retransmitCompletedFrames,retransmitExpiredFrames,retransmitUsefulnessRatio,retransmitDuplicateRatio,retransmitFinalClassificationRatio,retransmitFinalAccountingRatio,retransmitExpiredAfterUsefulRatio,dynamicNackDeadlineMs,dynamicNackUsefulnessRatio,dynamicNackDuplicateRatio,dynamicNackExpiredAfterRetransmitRatio,dynamicNackDecisionReason,nackSuppressedFrames,nackSuppressedMissingChunks,nackPreflightSuppressedFrames,nackPreflightSuppressedChunks,nackFecGraceSuppressedFrames,nackFecGraceSuppressedChunks,nackPredictedUsefulFrames,nackPredictedUsefulChunks,nackDeferredForLikelyArrivalFrames,nackDeferredForLikelyArrivalChunks,nackSkippedTooLateFrames,nackSkippedTooLateChunks,nackRequestedChunkBudget,nackLastShapingReason,nackLastSuppressionReason,ackCount,lastAckMissingRate,ackRetransmittedFrames,ackRetransmittedChunks,repairCanceledByCompleteAckPackets,repairSkippedByTtlPackets,repairQueuedButCanceledPackets,repairSentAfterCompleteAckPackets,repairSentAfterCompleteAckLargePackets,repairSuppressedByFecLikelyFrames,repairSuppressedByFecLikelyPackets,repairSuppressedByFecLikelyLargeFrames,repairSuppressedByFecLikelyLargePackets,repairBudgetSuppressedFrames,repairBudgetSuppressedPackets,repairBudgetSuppressedLargeFrames,repairBudgetSuppressedLargePackets,repairRaceGuardSuppressedFrames,repairRaceGuardSuppressedPackets,repairRaceGuardSuppressedLargePackets,repairBudgetProfile,repairBudgetProfileSwitches,repairBudgetSmoothedMissingRate,repairBudgetSmoothedPacingQueueDelayMs,repairBudgetSmoothedDeliveryMs,repairFecLikelySuppressedCompletedFrames,repairFecLikelySuppressedCompletedPackets,repairFecLikelySuppressedExpiredFrames,repairFecLikelySuppressedExpiredPackets,repairFecLikelySuppressedPendingFrames,repairFecLikelySuppressedPendingPackets,repairFecLikelySuppressionRescueFrames,repairFecLikelySuppressionRescuePackets,h264KeyTinyMissingCriticalFrames,h264KeyTinyMissingCriticalPackets,h264KeyTinyMissingCriticalSentPackets,h264KeyTinyMissingCriticalSkippedPackets,h264KeyTinyMissingCriticalLastFrameId,h264KeyTinyMissingCriticalLastAckMissingChunks,h264KeyTinyMissingCriticalLastRequestedChunks,h264KeyTinyMissingCriticalLastEvent,h264KeySmallMissingAckFrames,h264KeySmallMissingAckMissingChunks,h264KeySmallMissingAckHistoryMissingFrames,h264KeySmallMissingAckStaleFrameLagFrames,h264KeySmallMissingAckStaleAgeFrames,h264KeySmallMissingAckRetransmitBudgetExhaustedFrames,h264KeySmallMissingAckDynamicBudgetSuppressedFrames,h264KeySmallMissingAckDynamicBudgetSuppressedPackets,h264KeySmallMissingAckSelectedRepairFrames,h264KeySmallMissingAckSelectedRepairPackets,h264KeySelectedRepair1To2Frames,h264KeySelectedRepair1To2Packets,h264KeySelectedRepair3To4Frames,h264KeySelectedRepair3To4Packets,h264KeySmallMissingAckLastFrameId,h264KeySmallMissingAckLastMissingChunks,h264KeySmallMissingAckLastGate,h264KeyRepair1To2CompletedFrames,h264KeyRepair1To2ExpiredFrames,h264KeyRepair1To2ArrivedPackets,h264KeyRepair1To2DuplicatePackets,h264KeyRepair1To2LateCompletedPackets,h264KeyRepair1To2LateExpiredPackets,h264KeyRepair1To2LateRejectedPackets,h264KeyRepair3To4CompletedFrames,h264KeyRepair3To4ExpiredFrames,h264KeyRepair3To4ArrivedPackets,h264KeyRepair3To4DuplicatePackets,h264KeyRepair3To4LateCompletedPackets,h264KeyRepair3To4LateExpiredPackets,h264KeyRepair3To4LateRejectedPackets,lateRepairSavedPackets,ackStaleDroppedFrames,ackKeyFrameRequests,ackKeyFramePending,pacingEnabled,pacingTargetBitrateBps,pacingRepairTargetBitrateBps,pacingQueuedPackets,pacingHighPriorityQueuedPackets,pacingNormalQueuedPackets,pacingEnqueuedPackets,pacingSentPackets,pacingSentBytes,pacingRepairSentPackets,pacingRepairSentBytes,pacingRepairBorrowedPackets,pacingRepairBorrowedBytes,pacingDroppedPackets,pacingDeadlineDroppedPackets,pacingHighPriorityDeadlineDroppedPackets,pacingNormalDeadlineDroppedPackets,pacingOverflowDroppedPackets,pacingCurrentQueueDelayMs,pacingMaxQueueDelayMs,pacingVideoCreditBytes,pacingRepairCreditBytes,transportFeedbackPackets,transportFeedbackPacketStatuses,transportFeedbackReceivedPackets,transportFeedbackMissingPackets,transportFeedbackSequenceGapPackets,transportFeedbackSequenceGapRecoveredPackets,transportFeedbackLossRate,transportFeedbackArrivalJitterMs,transportFeedbackQueueDelayTrendMs,transportFeedbackLastSequence,estimatedBandwidthBps,deliveryRateBps,bandwidthQueueDelayMs,bandwidthRttTrendMs,bandwidthLossTrend,bandwidthJitterTrendMs,bandwidthFeedbackSamples,deadlineNackSentFrames,deadlineNackRecoveredFrames,deadlineNackMissingChunks,deadlineNackSentH264KeyFrames,deadlineNackSentH264LargeFrames,deadlineNackSentH264DeltaFrames,deadlineNackExpiredDroppedFrames,deadlineNackExpiredAfterNackFrames,deadlineNackExpiredMissingChunks,deadlineNackExpiredH264KeyFrames,deadlineNackExpiredH264KeyMissingChunks,deadlineNackLastExpiredH264KeyMissingChunks,deadlineNackExpiredH264KeyMissingChunks1,deadlineNackExpiredH264KeyMissingChunks2To4,deadlineNackExpiredH264KeyMissingChunks5To8,deadlineNackExpiredH264KeyMissingChunks9To16,deadlineNackExpiredH264KeyMissingChunks17Plus,h264KeySmallMissingDeadlineRescueFrames,h264KeySmallMissingDeadlineRescueMissingChunks,h264KeySmallMissingDeadlineRescueCompletedFrames,h264KeySmallMissingDeadlineRescueRejectedFrames,h264KeySmallMissingDeadlineRescueExpiredFrames,h264KeySmallMissingDeadlineRescueCompletedMissingChunks,h264KeySmallMissingDeadlineRescueExpiredMissingChunks,deadlineNackExpiredH264LargeFrames,deadlineNackExpiredH264DeltaFrames,fecEnabled,adaptiveFecEnabled,fecGroupChunkCount,fecParityPackets,fecRecoveredFrames,fecRecoveredChunks,h264ReassemblerAuRejectedFrames,h264ReassemblerHeaderFailures,h264ReassemblerPayloadSizeMismatches,h264ReassemblerFrameIdMismatches,h264ReassemblerCrcMismatches,h264ReassemblerLastRejectReason,adaptiveFecDecisionReason,adaptiveFecHoldReason,adaptiveFecG8ToG4Recovery,adaptiveFecQualityHoldActive,adaptiveFecQualityHoldCanceled,adaptiveFecEmergencyG2Active,adaptiveFecEarlyOffReason,adaptiveEnabled,adaptiveControlMode,adaptiveCongestionControlMode,targetJpegQuality,targetFps,targetBitrateKbps,adaptiveBandwidthCeilingKbps,targetWidth,targetHeight,actualCodec,actualEncodeWidth,actualEncodeHeight,actualRawFrameBytes,actualEncodedFrameBytes,rawFrameBytes,encodedFrameBytes,compressionRatio,captureFps,cameraCaptureSubtype,cameraCaptureWidth,cameraCaptureHeight,cameraCaptureFormatFps,encodeMs,resizeMs,nv12PrepareMs,h264EncodeMs,h264EncoderRequestedBitrateKbps,h264EncoderTargetBitrateKbps,h264EncoderAppliedBitrateKbps,h264DynamicBitrateUpdateRequests,h264DynamicBitrateUpdateSuccesses,h264DynamicBitrateUpdateFailures,h264EncoderReinitializations,pacingBudgetTargetBitrateKbps,h264VideoBudgetScale,pacingBurstGuardActive,fixedPacingRecentMaxQueueDelayMs,fixedPacingQueueReleaseStableSec,fixedPacingQueueRecovered,fixedPacingQueueReleaseEligible,adaptiveRepairBudgetUtilization,adaptiveRepairBorrowedRatio,adaptiveRepairSentBytesDelta,adaptiveRepairBorrowedBytesDelta,adaptiveRepairBudgetGuardActive,adaptiveRepairVideoBudgetPressure,adaptiveRetransmitUsefulRatio,adaptiveLateRepairWasteRatio,adaptiveRetransmitNotArrivedRatio,adaptiveRetransmitAccountingComplete,adaptiveLateRepairWastePressure,adaptiveRetransmitNotArrivedPressure,adaptiveRepairDecisionReason,h264AuChunkCount,h264AuIsIdr,h264AuIsDecoderSync,h264RequestedKeyFrameConsumedFrames,h264EncoderKeyFrameRequests,h264RecoveryKeyFrameRequests,h264AwaitingSyncKeyFrameRequests,h264PeriodicIdrRequests,h264IdrFrames,h264DecoderSyncFrames,h264ConsecutiveIdrFrames,h264MaxConsecutiveIdrFrames,h264AuProtectionLevel,h264AuDroppedBeforeSend,h264AuDropReason,h264AuDroppedBytes,h264AuDroppedChunks,h264AuPacingQueueDelayMs,h264AuEstimatedSendMs,h264InputGatedByPacing,h264InputGateReason,h264InputGateQueueDelayMs,h264InputGateVideoCreditBytes,h264InputGateFrameBudgetBytes,h264InputGateDurationMs,h264InputGateConsecutiveFrames,h264InputGateSkippedInputFrames,h264InputGateForcedOpen,h264InputGateReleaseReason,fecProtectedH264KeyFrames,fecProtectedH264LargeFrames,h264EncoderDelayFrames,h264EncoderDelayMs,h264EncoderPendingFrames,h264EncodedInputFrameId,h264EncoderCallMs,h264EncoderSampleCreateMs,h264EncoderProcessInputMs,h264EncoderPreInputPollMs,h264EncoderPostInputWaitMs,h264EncoderProcessOutputMs,h264EncoderOutputCopyMs,h264EncoderProcessOutputAttempts,h264EncoderAsyncEventCount,h264EncoderHardware,h264EncoderAsync,h264EncoderNeedInputSignaled,h264EncoderOutputProduced,h264EncoderOutputProducedBeforeInput,h264SubmittedNewInput,h264AsyncSubmittedWithoutOutput,h264AsyncPendingNoOutput,h264AsyncCadenceHoldActive,h264AsyncPendingNoOutputStreak,h264AsyncCadenceScale,h264AsyncCadenceHoldRemainingMs,h264AsyncOutputPollBackoffMs,h264InputCadenceFps,h264NeedInputSubmitWake,h264NeedInputSubmitLeadMs,encodedCameraFrameId,encodedCameraSourceTimestamp100ns,encodedCameraCaptureCompletedTimeUs,encodedCameraFrameAgeMs,encodedCameraReadSampleMs,encodedCameraReadSampleEndToCaptureMs,encodedCameraCaptureToPublishMs,encodedCameraPublishToAcquireMs,encodedCameraAcquireToEncoderInputMs,jpegEncodeMs,packetizeMs,sendFrameIntervalMs,cameraFrameReady,cameraFrameId,cameraSourceTimestamp100ns,cameraReadSampleStartTimeUs,cameraReadSampleEndTimeUs,cameraCaptureCompletedTimeUs,cameraFramePublishedTimeUs,cameraSenderAcquireTimeUs,cameraReadSampleMs,cameraReadSampleEndToCaptureMs,cameraCaptureToPublishMs,cameraPublishToAcquireMs,cameraAcquireToSendMs,cameraFrameAgeMs,cameraFrameCacheUsed,receiveJpegDecodeMs,receiveDecodeWorkerFps,receiveDecodeWorkerFrames,receiveDecodePopSuccesses,receiveDecodePopEmptyPolls,receiveDecodeLoopLastPopGapMs,receiveDecodeLoopMaxPopGapMs,receiveStartupDecodeLoopMaxPopGapMs,receiveSteadyDecodeLoopMaxPopGapMs,receiveSteadyDecodeLoopMaxPopGapAtMs,receiveSteadyDecodeLoopMaxPopGapFrameId,receiveSteadyDecodeLoopMaxPopGapStreamId,receiveSteadyDecodeLoopMaxPopGapCodec,receiveSteadyDecodeLoopMaxPopGapInputFrameAgeMs,receiveSteadyDecodeLoopMaxPopGapDecodedQueueSize,receiveSteadyDecodeLoopMaxPopGapCompletedQueueSize,receiveSteadyDecodeLoopMaxPopGapCompletedQueuePopAgeMs,receiveSteadyDecodeLoopMaxPopGapCompletedQueuePushIntervalMs,receiveSteadyDecodeLoopMaxPopGapArrivalRatio,receiveSteadyDecodeLoopMaxPopGapReceiverJitterMs,receiveSteadyDecodeLoopMaxPopGapReceiverLatencyMs,receiveSteadyDecodeLoopMaxPopGapClass,receiveSteadyDecodeLoopMaxPopGapAgeMs,receiveH264StartupActive,receiveH264StartupDecoderSynced,receiveH264StartupFirstDecoded,receiveH264StartupFirstDisplayed,receiveH264StartupReady,receiveH264StartupElapsedMs,receiveH264StartupDecoderSyncMs,receiveH264StartupFirstDecodedMs,receiveH264StartupFirstDisplayedMs,receiveH264StartupReadyMs,receiveH264StartupQueueFlushFrames,receiveDecodeOverwrittenFrames,receiveDecodeQueueDroppedFrames,receiveDecodeRenderOverwriteFrames,receiveDecodeFailures,receiveFreshnessDroppedFrames,receiveFreshnessDroppedFramesDelta,receiveFreshnessDropClass,receiveFreshnessDropEvidence,receiveLastFreshnessDropAgeMs,receiveMaxFreshnessDropAgeMs,receiveLastFreshnessDropFrameId,receiveLastFreshnessDropStreamId,receiveLastFreshnessDropCodec,receiveH264AuInvalidFrames,receiveH264AuCrcMismatches,receiveH264AuPayloadSizeMismatches,receiveH264AuNalCountMismatches,receiveH264AuNoAnnexBNals,receiveH264AuIdrFlagMismatches,receiveH264AuSpsPpsFlagMismatches,receiveH264AuSyncWithoutIdr,receiveH264AuIdrWithoutSpsPps,receiveH264AuForbiddenZeroBit,receiveH264AuLastInvalidReason,receiveDecodeInputFrameAgeMs,receiveDecodeInputCameraFrameAgeMs,receiveDecodeInputEncoderOutputAgeMs,receiveLatestDecodedFrameAgeMs,receiveLatestDecodedCameraFrameAgeMs,receiveLatestDecodedEncoderOutputAgeMs,receiveFreshnessDropThresholdMs,receiveDecodeLastDropReason,receiveUploadBufferWaitMs,receiveDisplayFrameId,receiveDisplayCameraFrameAgeMs,receiveDisplayEncoderOutputAgeMs,receiveDisplayDecodedFrameAgeMs,textureUploadMs,presentGpuWaitMs,renderFramePacingWaitMs,waitableSwapChainWaitMs,presentMs,presentSyncInterval,lowLatencyPresentMode,waitableSwapChainPacingEnabled,waitableSwapChainAvailable,swapChainBufferCount,adaptiveInputPacketLossRate,adaptiveInputReceiveFps,adaptiveInputDecodeFps,adaptiveInputJitterMs,adaptiveInputDisplayFps,adaptiveQoeScore,adaptiveDegradationCause,adaptiveArrivalGapJitterSpikeActive,adaptiveFecRecoveryWorking,adaptiveFecGuardActive,adaptiveFecRecoveryEfficiency,adaptiveFecParityPacketDelta,adaptiveFecRecoveredFrameDelta,adaptiveFecRecoveredChunkDelta,simEnabled,simLossRate,simDuplicateRate,simReorderRate,simMinDelayMs,simMaxDelayMs,simBurstLossLength,simSubmittedPackets,simSentPackets,simDroppedPackets,simDuplicatedPackets,simReorderedPackets
0.115,Custom_loss6_delay0-100_dup0_reorder6_burst0,Loopback,1,1,0,,,0.000,0,21,0,0.000,0.000,0.000,0.000,0.000,0.000,0.000,0.000,0.000,0.000,0,0,0,0,0,0,0,0,0,0,0,0,0,0,0,0,0,0,0,5.000,1,0,0,0,0,0,0,0,0,0,0,0,0,0,0,0.000,0.000,0.000,,0,0,10,0,0,0.000,0.000,0.000,0.000,0.000,0.000,0,0,0,0,0,0,0,0,0,0,,,,0,0,0,0,0,0,0,0,0,0,0,0,0,0,0,0,0,0,0,0.000,0,0,0,0,0,0,0.000,0.000,0.000,0,0,0,0,0,0,0,0,0.000,0.000,0.000,0.000,0.000,0.000,0.000,0.000,0.000,,0,0,0,0,0,0,0,0,0,0,0,0,0,,,0,0.000,0,0,0,0,0,0,0,0,0,0,0,0,0,0,0,0,0,0,balanced,0,0.000,0.000,0.000,0,0,0,0,0,0,0,0,0,0,0,0,0,0,0,,0,0,0,0,0,0,0,0,0,0,0,0,0,0,0,0,,0,0,0,0,0,0,0,0,0,0,0,0,0,0,0,0,0,0,1,9500000,1200000,0,0,0,0,0,0,0,0,0,0,0,0,0,0,0,0.000,0.000,3750.000,4800.000,0,0,0,0,0,0,0.000,0.000,0.000,0,6000000,0,0.000,0.000,0.000,0.000,0,0,0,0,0,0,0,0,0,0,0,0,0,0,0,0,0,0,0,0,0,0,0,0,0,0,0,1,0,4,0,0,0,0,0,0,0,0,,disabled,,0,0,0,0,,1,Fixed Quality,Hybrid,85,30,9500,12000,640,360,,0,0,0,0,0,0,0.000,0.000,,0,0,0.000,0.000,0.000,0.000,0.000,0,0,0,0,0,0,0,0,1.000,0,0.000,0.000,1,0,0.000,0.000,0,0,0,0,0.000,0.000,0.000,0,0,0,disabled,0,0,0,0,0,0,0,0,0,0,0,0,,0,,0,0,0.000,0.000,0,,0.000,0.000,0.000,0.000,0,0,0,,0,0,0,0.000,0,0,0.000,0.000,0.000,0.000,0.000,0.000,0.000,0,0,0,0,0,0,0,0,0,0,0,0,1.000,0.000,0.000,0,0,0.000,0,0,0,0.000,0.000,0.000,0.000,0.000,0.000,0.000,0.000,0.000,0,0,0,0,0,0,0,0,0.000,0.000,0.000,0.000,0.000,0.000,0,0.000,0.000,0,0,10,0.000,0.000,0.000,0.000,0.000,0,0,,0.000,0,0,0.000,0.000,0.000,0.000,0.000,,-1.000,1,0,0,0,0,115.350,0.000,0.000,0.000,0.000,0,0,0,0,0,0,0,,,0.000,0.000,0,0,,0,0,0,0,0,0,0,0,0,0,,0.000,0.000,0.000,0.000,0.000,0.000,120.000,,0.000,0,0.000,0.000,0.000,0.000,0.000,0.000,0.000,0.000,1,0,0,1,3,0.000,0.000,0.000,0.000,0.000,0.000,None,0,0,0,0.000,0,0,0,1,0.060,0.000,0.060,0,100,0,0,0,0,0,0
1.121,Custom_loss6_delay0-100_dup0_reorder6_burst0,Loopback,1,1,0,,,0.000,0,21,20,19.640,16.030,3.586,104.183,76.198,0.000,0.000,41.016,0.151,0.250,348,62,341,279,39,21,0,17,9,8,1,0,286,15,5,0,0,0,0,5.000,1,0,0,0,0,0,0,0,0,0,0,0,0,0,0,0.000,0.000,0.000,,13,13,98,0,1,97.061,112.605,98.080,112.836,0.000,0.000,11,10,195,23,3,0,37,46,22,1,fec-parity,pending,H.264,0,1,26,8,18,2,0,0,0,0,0,0,403,19,0,0,0,0,0,24.008,1,0,8,0,8,0,20.687,52.622,63.851,0,0,9,1,10,0,3,0,1.000,0.000,0.900,1.000,0.000,29.000,0.000,0.000,0.000,insufficient-sample,19,132,0,0,12,120,37,370,7,12,0,0,370,predicted-useful,fec-grace,71,0.000,4,10,0,0,0,0,0,0,0,0,0,0,0,0,0,0,0,0,jitter-ack-loss,0,0.938,0.094,108.094,0,0,0,0,0,0,0,0,2,4,4,0,4,2,2,sent,9,20,0,0,3,2,0,0,4,10,2,4,2,6,5,2,stale-age,1,0,1,0,8,0,0,0,0,0,0,0,0,0,0,49,4,0,1,9500000,1200000,0,0,0,417,417,498975,15,17338,1,1252,0,0,0,0,0,0.018,38.968,5696.312,4800.000,25,687,346,210,341,131,0.378,2.904,1.082,25,6043868,9202968,0.927,0.000,0.468,5.913,687,37,11,370,12,23,2,3,3,4,1,1,1,1,0,0,0,0,0,0,0,0,0,0,0,2,0,1,0,4,66,46,46,0,0,0,0,0,,disabled,,0,0,0,0,,1,Fixed Quality,Hybrid,85,30,9500,12000,640,360,H.264,480,270,518400,79,518400,79,0.000,0.000,,0,0,0.000,0.220,0.000,0.000,0.137,6000,6750,6750,1,1,0,1,9500,0.820,1,27.804,0.000,0,0,0.000,0.000,0,0,0,0,0.100,0.800,0.100,1,0,0,fixed-pacing-queue-hold,1,0,0,2,8,2,6,0,6,6,0,4,none,0,,0,0,27.002,0.067,0,,0.000,0.000,0.000,0.000,0,0,0,,1,0,0,4.829,0,23,0.137,0.000,0.000,0.136,0.000,0.117,0.003,1,1,1,1,0,1,1,0,0,0,0,0,1.000,0.000,0.000,24,0,0.000,0,0,0,0.000,0.000,0.000,0.000,0.000,0.000,0.000,0.073,9.702,0,0,0,0,0,0,0,0,0.000,0.000,0.000,0.000,0.000,0.000,0,0.233,16.030,11,13,98,98.059,113.557,57.513,113.557,891.634,13,1,H.264,108.060,0,0,112.605,112.836,0.994,26.260,107.092,arrival-gap-jitter-spike,229.378,0,1,1,1,1,1121.012,462.773,489.982,490.610,490.610,0,0,1,0,0,0,0,,,0.000,0.000,0,0,,0,0,0,0,0,0,0,0,0,0,,91.371,0.000,93.496,5.304,0.000,113.844,137.091,h264-decoder-buffering,0.001,17,0.000,90.318,4.022,0.080,0.709,0.497,0.000,0.212,1,0,0,1,3,0.152,19.640,16.030,41.016,3.586,2.000,RecoveryDeadline,1,1,0,1.000,0,2,2,1,0.060,0.000,0.060,0,100,0,418,352,32,0,14
2.121,Custom_loss6_delay0-100_dup0_reorder6_burst0,Loopback,1,1,0,,,0.000,0,21,45,20.136,16.478,16.672,95.616,85.161,8.280,8.280,12.489,0.086,0.277,930,88,872,784,127,68,6,46,33,13,7,0,791,34,13,0,0,0,0,5.000,1,0,0,0,0,0,0,0,0,0,0,0,0,0,0,0.000,0.000,0.000,,30,30,189,1,1,36.117,137.582,37.173,138.599,0.000,0.000,28,27,514,47,9,0,92,136,46,1,nack-sent,pending,H.264,0,1,22,9,13,2,1,1,0,13,0,0,998,21,0,0,0,0,0,38.799,4,6,13,3,13,0,32.695,42.349,63.851,0,0,23,2,25,0,7,0,0.400,0.600,0.920,1.000,0.000,32.000,0.000,0.000,0.000,insufficient-sample,49,393,0,0,31,365,92,916,18,28,0,0,916,predicted-useful,fec-grace,166,0.591,10,25,0,0,0,0,0,0,0,0,0,5,74,5,74,0,0,0,pacing,1,0.863,9.018,117.018,0,0,0,0,0,0,0,0,3,6,6,0,32,2,2,sent,13,29,0,0,5,3,0,0,5,12,3,6,2,6,44,4,stale-age,1,0,1,0,10,0,0,0,0,0,0,1,0,0,74,118,8,0,1,9500000,1200000,1,0,1,1031,1030,1252469,60,72351,27,33644,0,0,0,0,0,8.110,38.968,665.438,4800.000,57,1796,924,389,872,483,0.296,28.239,0.000,57,4679367,6923571,1.966,0.000,0.490,22.327,1796,92,27,916,23,67,2,9,9,17,2,3,2,1,1,0,0,0,0,0,0,0,0,0,0,7,0,1,0,4,171,136,136,0,0,0,0,0,,disabled,,0,0,0,0,,1,Fixed Quality,Hybrid,85,30,9500,12000,640,360,H.264,480,270,518400,26094,518400,26094,0.050,0.000,,0,0,0.000,1.908,0.000,0.000,0.089,6250,6250,6250,2,2,0,1,9500,0.879,1,14.055,0.000,0,0,0.000,0.000,0,0,0,0,0.160,0.760,0.080,1,0,0,fixed-pacing-queue-hold,22,0,0,4,13,4,9,0,10,10,0,4,large-au-observed,0,,0,0,17.790,21.974,0,,0.000,0.000,0.000,0.000,0,0,0,,2,0,0,6.292,0,47,0.089,0.000,0.000,0.089,0.000,0.062,0.007,1,1,1,1,0,1,1,0,0,0,0,0,1.000,0.000,0.000,24,0,0.000,0,0,0,0.000,0.000,0.000,0.000,0.000,0.000,0.000,1.811,10.730,0,0,0,0,0,0,0,0,0.000,0.000,0.000,0.000,0.000,0.000,0,0.357,16.478,28,30,189,37.054,138.548,57.513,138.548,1502.446,30,1,H.264,99.527,0,0,137.582,138.599,1.000,87.683,98.550,arrival-gap-jitter-spike,618.747,0,1,1,1,1,2121.193,462.773,489.982,490.610,490.610,0,0,1,0,0,0,0,,,0.000,0.000,0,0,,0,0,0,0,0,0,0,0,0,0,,97.110,0.000,99.700,4.550,0.000,104.210,127.808,h264-decoder-buffering,0.000,44,0.000,104.761,4.610,0.077,0.682,0.426,0.000,0.256,1,0,0,1,3,0.086,20.136,16.478,12.489,16.672,1.000,RecoveryDeadline,1,1,0,1.000,2,2,2,1,0.060,0.000,0.060,0,100,0,1032,931,59,0,58
3.125,Custom_loss6_delay0-100_dup0_reorder6_burst0,Loopback,1,1,0,,,0.000,0,21,70,17.984,17.973,17.963,113.680,91.160,146.797,77.538,69.810,0.071,0.292,1637,126,1520,1394,222,131,13,62,46,16,16,0,1401,51,21,0,0,0,0,5.000,1,0,0,0,0,0,0,0,0,0,0,0,0,0,0,0.000,0.000,0.000,,47,47,279,0,1,124.670,167.487,125.416,168.452,0.000,0.000,45,45,894,67,17,0,160,237,72,1,fec-parity,pending,H.264,0,1,23,17,6,4,2,1,0,7,0,0,1745,11,0,0,0,0,0,52.697,8,13,16,6,16,0,40.899,42.531,97.237,0,0,37,4,41,0,11,1,0.381,0.619,0.902,1.000,0.083,36.000,0.400,0.600,0.000,duplicate-guard,94,695,0,0,52,633,160,1491,42,62,0,0,1491,predicted-useful,fec-grace,272,0.304,18,41,0,0,0,0,0,2,3,2,3,13,187,13,187,0,0,0,pacing,1,0.704,5.743,113.743,0,0,2,3,0,0,0,0,3,6,6,0,32,2,2,sent,15,35,0,0,7,3,0,0,5,12,3,6,2,6,61,2,stale-age,1,0,1,0,11,0,0,0,0,0,0,1,0,0,190,197,12,0,1,9500000,1200000,10,0,10,1792,1782,2179265,104,126831,51,63540,0,0,0,0,0,0.500,38.968,1028.375,4800.000,95,3141,1626,691,1515,824,0.298,35.994,4.620,95,5214991,8425586,2.356,138.517,0.426,16.334,3141,160,44,1491,38,120,2,17,17,32,2,3,2,1,1,0,0,0,0,0,0,0,0,0,0,15,0,1,0,4,298,237,237,0,0,0,0,0,,disabled,,0,0,0,0,,1,Fixed Quality,Hybrid,85,30,9500,12000,640,360,H.264,480,270,518400,27136,518400,27136,0.052,0.000,,0,0,0.000,1.871,0.000,0.000,0.080,7250,6500,6500,3,3,0,1,9500,1.000,0,14.471,0.000,0,0,0.000,0.000,0,0,0,0,0.195,0.707,0.098,1,0,0,disabled,23,0,0,8,19,8,9,2,15,15,0,4,large-au-observed,0,,0,0,17.792,22.851,0,,0.000,0.000,0.000,0.000,0,0,0,,3,0,0,11.649,0,73,0.080,0.000,0.000,0.080,0.000,0.058,0.007,1,1,1,1,0,1,1,0,0,0,1,0,0.860,179.996,0.000,26,0,0.000,0,0,0,0.000,0.000,0.000,0.000,0.000,0.000,0.000,1.775,8.670,0,0,0,0,0,0,0,0,0.000,0.000,0.000,0.000,0.000,0.000,0,0.423,17.973,45,47,279,125.639,168.390,57.513,168.390,2454.100,53,1,H.264,98.936,0,0,167.487,168.452,1.000,111.057,98.023,arrival-gap-jitter-spike,671.112,0,1,1,1,1,3125.212,462.773,489.982,490.610,490.610,0,0,1,0,0,0,0,,,0.000,0.000,0,0,,0,0,0,0,0,0,0,0,0,0,,107.593,0.000,110.395,0.000,0.000,0.000,141.840,h264-decoder-buffering,0.001,70,0.000,116.904,6.026,0.096,0.287,0.001,0.000,0.286,1,0,0,1,3,0.071,17.984,17.973,69.810,17.963,2.000,Jitter,1,1,0,0.000,2,3,3,1,0.060,0.000,0.060,0,100,0,1785,1643,109,0,105
4.127,Custom_loss6_delay0-100_dup0_reorder6_burst0,Loopback,1,1,0,,,0.000,0,21,98,18.797,18.796,17.942,90.191,93.699,21.541,58.873,5.096,0.077,0.290,2375,199,2219,2020,312,187,17,89,69,20,19,0,2027,71,29,0,0,0,0,5.000,1,0,0,0,0,0,0,0,0,0,0,0,0,0,0,0.000,0.000,0.000,,66,66,371,0,1,47.137,167.487,48.105,168.452,0.000,0.000,64,64,1277,91,24,0,227,344,99,1,fec-recovered,pending,H.264,1,1,24,14,10,4,2,2,6,34,1,0,2538,20,2550,2,0,0,0,55.839,12,17,20,10,20,0,46.916,41.692,97.605,0,0,49,7,56,0,14,1,0.414,0.586,0.875,1.000,0.067,39.000,0.000,1.000,0.000,insufficient-sample,128,991,0,0,72,904,227,2151,56,87,0,0,2150,predicted-useful,likely-arrival,382,0.667,23,56,0,0,0,0,0,2,3,2,3,18,265,18,265,0,0,0,pacing,1,0.762,8.943,116.943,0,0,2,3,0,0,0,0,3,6,6,0,32,2,2,sent,16,37,0,0,8,3,0,0,5,12,3,6,2,6,97,2,stale-age,1,0,1,0,11,0,0,0,0,0,0,1,0,0,268,280,16,0,1,9500000,1200000,0,0,0,2577,2577,3154737,148,181151,76,94680,0,0,0,0,0,17.773,38.968,8803.750,4800.000,135,4562,2356,1001,2206,1205,0.298,19.278,1.006,135,4738252,7891796,2.072,85.762,0.506,17.608,4562,227,64,2151,55,170,2,24,24,46,2,3,2,1,1,0,0,0,0,0,0,0,0,0,0,22,0,1,0,4,434,344,344,0,0,0,0,0,,disabled,,0,0,0,0,,1,Fixed Quality,Hybrid,85,30,9500,12000,640,360,H.264,480,270,518400,28176,518400,28176,0.054,0.000,,0,0,0.000,1.972,0.000,0.000,0.083,7250,6750,6750,4,4,0,1,9500,1.000,0,17.773,0.000,0,0,0.000,0.000,0,0,0,0,0.000,1.000,0.000,1,0,0,disabled,24,1,1,12,29,12,15,2,22,22,4,4,decoder-sync-observed,0,,0,0,0.118,23.727,0,,0.000,0.000,0.000,0.000,0,0,0,,4,0,0,6.304,0,100,0.083,0.000,0.000,0.082,0.000,0.058,0.008,1,1,1,1,0,1,1,0,0,0,0,0,1.000,0.000,0.000,30,0,0.000,0,0,0,0.000,0.000,0.000,0.000,0.000,0.000,0.000,1.881,30.745,0,0,0,0,0,0,0,0,0.000,0.000,0.000,0.000,0.000,0.000,0,0.351,18.796,64,66,371,47.997,168.390,57.513,168.390,2454.100,53,1,H.264,98.936,0,0,167.487,168.452,1.000,111.057,98.023,arrival-gap-jitter-spike,1673.179,0,1,1,1,1,4127.279,462.773,489.982,490.610,490.610,0,0,1,0,0,0,0,,,0.000,0.000,0,0,,0,0,0,0,0,0,0,0,0,0,,96.311,0.000,99.152,0.000,0.000,0.000,125.096,h264-decoder-buffering,0.001,98,0.000,104.919,5.371,0.078,0.628,0.389,0.000,0.240,1,0,0,1,3,0.077,18.797,18.796,5.096,17.942,1.000,RecoveryDeadline,0,1,0,1.000,2,2,2,1,0.060,0.000,0.060,0,100,0,2581,2383,159,0,146
5.128,Custom_loss6_delay0-100_dup0_reorder6_burst0,Loopback,1,1,0,,,0.000,0,21,124,16.673,16.676,16.558,99.449,95.107,91.015,66.908,37.684,0.074,0.302,3154,253,2955,2702,418,252,23,118,90,28,25,0,2709,88,38,0,0,0,0,5.000,0,0,0,0,0,0,0,0,0,0,0,0,0,0,0,0.000,0.000,0.000,,83,83,463,0,1,21.238,167.487,22.294,168.452,0.000,0.000,81,81,1673,116,33,0,296,451,128,1,fec-parity,pending,H.264,1,1,24,5,19,2,0,1,0,19,0,0,3384,3,0,0,0,0,0,30.960,19,23,28,18,28,0,51.610,39.907,97.605,0,0,70,8,78,0,22,2,0.452,0.548,0.897,1.000,0.083,40.000,0.250,0.750,0.333,retransmit-late,160,1278,0,0,92,1170,296,2837,68,108,0,0,2835,predicted-useful,fec-grace,491,0.792,31,78,0,0,0,0,0,2,3,2,3,26,391,26,391,0,0,0,pacing,1,0.787,11.849,119.849,0,0,2,3,0,0,0,0,3,6,6,0,32,2,2,sent,18,41,0,0,10,3,0,0,5,12,3,6,2,6,121,3,stale-age,1,0,1,0,12,0,0,0,0,0,0,1,0,0,394,363,20,0,1,9500000,1200000,0,0,0,3409,3409,4174237,200,245265,101,125828,0,0,0,0,0,0.885,38.968,16882.688,1212.900,177,6106,3151,1352,2955,1603,0.300,10.706,1.042,177,5496134,8529701,0.907,82.505,0.469,11.159,6106,296,81,2837,77,217,2,33,33,64,3,5,2,1,2,0,0,0,0,0,0,0,0,0,0,30,0,1,0,4,575,451,451,0,0,0,0,0,,disabled,,0,0,0,0,,1,Fixed Quality,Hybrid,85,30,9500,12000,640,360,H.264,480,270,518400,28178,518400,28178,0.054,0.000,,0,0,0.000,2.004,0.000,0.000,0.073,7250,6750,6750,4,4,0,1,9500,1.000,0,16.075,0.000,0,0,3.126,0.000,3732,0,0,0,0.000,0.000,1.000,1,0,0,disabled,24,1,1,16,39,16,19,4,29,29,3,4,decoder-sync-observed,0,,0,0,0.183,23.729,0,,0.000,0.000,0.000,0.000,0,0,0,,5,0,0,6.331,0,128,0.073,0.000,0.000,0.072,0.000,0.049,0.007,1,1,1,1,0,1,1,0,0,0,0,0,1.000,0.000,0.000,30,0,0.000,0,0,0,0.000,0.000,0.000,0.000,0.000,0.000,0.000,1.922,31.195,0,0,0,0,0,0,0,0,0.000,0.000,0.000,0.000,0.000,0.000,0,0.385,16.676,81,83,463,22.265,168.390,57.513,168.390,2454.100,53,1,H.264,98.936,0,0,167.487,168.452,1.000,111.057,98.023,arrival-gap-jitter-spike,2673.914,0,1,1,1,1,5128.014,462.773,489.982,490.610,490.610,0,0,1,0,0,0,0,,,0.000,0.000,0,0,,0,0,0,0,0,0,0,0,0,0,,101.624,0.000,104.551,0.000,0.000,0.000,134.725,h264-decoder-buffering,0.000,124,0.000,108.972,3.988,0.072,0.920,0.627,0.000,0.293,1,0,0,1,3,0.075,16.673,16.676,37.684,16.558,2.000,RecoveryDeadline,0,1,0,1.000,0,1,1,1,0.060,0.000,0.060,0,100,0,3414,3165,212,0,195
6.128,Custom_loss6_delay0-100_dup0_reorder6_burst0,Loopback,1,1,0,,,0.000,0,21,153,22.740,20.851,20.840,104.756,97.096,15.410,56.609,60.488,0.071,0.303,3939,301,3700,3399,513,311,35,142,110,32,25,0,3406,108,47,0,0,0,0,5.000,0,0,0,0,0,0,0,0,0,0,0,0,0,0,0,0.000,0.000,0.000,,102,102,557,0,1,103.476,167.487,104.463,168.452,0.000,0.000,100,100,2069,140,41,0,362,551,156,1,nack-sent,pending,H.264,1,1,24,5,19,2,0,1,0,19,0,0,4219,10,0,0,0,0,0,23.187,23,35,32,22,32,0,53.886,36.569,97.605,0,0,90,8,98,0,27,2,0.397,0.603,0.918,1.000,0.069,45.000,0.000,1.000,0.000,duplicate-guard,207,1558,0,0,113,1414,362,3415,94,144,0,0,3412,predicted-useful,likely-arrival,600,0.792,37,98,0,0,0,0,0,2,3,2,3,32,487,32,487,0,0,0,pacing,1,0.804,7.264,115.264,0,0,2,3,0,0,0,0,3,6,6,0,32,2,2,sent,19,43,0,0,11,3,0,0,5,12,3,6,2,6,142,2,stale-age,1,0,1,0,12,0,0,0,0,0,0,1,0,0,490,445,24,0,1,9500000,1200000,4,0,4,4269,4265,5222985,250,306889,129,160076,0,0,0,0,0,0.014,38.968,851.750,1098.600,219,7615,3924,1646,3691,2045,0.296,44.197,4.500,219,3979202,7026225,2.164,50.883,0.510,18.012,7615,362,101,3415,95,265,2,41,41,75,3,5,2,1,2,0,0,0,0,0,0,0,0,0,0,38,0,1,0,4,710,551,551,0,0,0,0,0,,disabled,,0,0,0,0,,1,Fixed Quality,Hybrid,85,30,9500,12000,640,360,H.264,480,270,518400,28178,518400,28178,0.054,0.000,,0,0,0.000,2.464,0.000,0.000,0.099,7250,6750,6750,4,4,0,1,9500,1.000,0,12.966,0.000,0,0,3.651,0.000,3732,0,0,0,0.000,0.333,0.667,1,0,0,disabled,24,1,1,20,48,20,24,4,36,36,3,4,decoder-sync-observed,0,,0,0,16.725,23.729,0,,0.000,0.000,0.000,0.000,0,0,0,,6,0,0,6.020,0,157,0.099,0.000,0.000,0.098,0.000,0.070,0.007,1,1,1,1,0,1,1,0,0,0,0,0,1.000,0.000,0.000,30,0,0.000,0,0,0,0.000,0.000,0.000,0.000,0.000,0.000,0.000,2.353,9.983,0,0,0,0,0,0,0,0,0.000,0.000,0.000,0.000,0.000,0.000,0,0.383,20.851,100,102,557,104.570,168.390,57.513,168.390,2454.100,53,1,H.264,98.936,0,0,167.487,168.452,1.000,111.057,98.023,arrival-gap-jitter-spike,3673.844,0,1,1,1,1,6127.944,462.773,489.982,490.610,490.610,0,0,1,0,0,0,0,,,0.000,0.000,0,0,,0,0,0,0,0,0,0,0,0,0,,105.330,0.000,108.179,0.000,0.000,0.000,137.378,h264-decoder-buffering,0.001,153,0.000,113.770,5.111,0.083,0.528,0.212,0.000,0.316,1,0,0,1,3,0.071,22.740,20.851,60.488,20.840,2.000,Loss,0,1,0,0.000,1,1,1,1,0.060,0.000,0.060,0,100,0,4271,3945,260,0,236
7.134,Custom_loss6_delay0-100_dup0_reorder6_burst0,Loopback,1,1,0,,,0.000,0,21,179,24.282,24.282,24.307,97.572,98.764,62.110,57.525,13.004,0.071,0.297,4708,362,4432,4070,599,358,42,170,133,37,29,0,4077,128,54,0,0,0,0,5.000,0,0,0,0,0,0,0,0,0,0,0,0,0,0,0,0.000,0.000,0.000,,121,121,653,0,1,47.472,167.487,48.606,168.452,0.000,0.000,119,119,2460,165,47,0,435,652,185,1,fec-parity,pending,H.264,1,1,24,5,19,1,0,1,0,19,0,0,5053,14,0,0,0,0,0,22.574,30,42,37,27,37,0,54.955,33.537,97.605,0,0,109,5,114,0,37,2,0.417,0.583,0.956,1.000,0.051,45.000,0.000,1.000,0.000,duplicate-guard,244,1824,0,0,132,1652,435,4052,112,172,0,0,4048,predicted-useful,likely-arrival,717,0.792,43,114,0,0,0,0,0,2,3,2,3,38,582,38,582,0,0,0,pacing,1,0.788,8.013,116.013,0,0,2,3,0,0,0,0,3,6,6,0,32,2,2,sent,21,48,0,1,12,3,0,0,5,12,3,6,2,6,169,4,stale-age,1,0,1,0,12,0,0,0,0,0,0,1,0,0,585,533,28,0,1,9500000,1200000,24,0,24,5092,5067,6205769,296,363539,155,192468,0,0,0,0,0,0.344,38.968,19730.250,4800.000,262,9127,4695,2046,4432,2386,0.304,5.291,1.369,262,5202825,8376813,1.236,50.046,0.520,9.312,9127,435,121,4052,116,317,2,47,47,87,3,5,2,1,2,0,0,0,0,0,0,0,0,0,0,44,0,1,0,4,845,652,652,0,0,0,0,0,,disabled,,0,0,0,0,,1,Fixed Quality,Hybrid,85,30,9500,12000,640,360,H.264,480,270,518400,28178,518400,28178,0.054,0.000,,0,0,0.000,2.154,0.000,0.000,0.065,7250,6750,6750,4,4,0,1,9500,1.000,0,15.357,0.000,0,0,0.000,0.000,0,0,0,0,0.263,0.693,0.044,1,0,0,disabled,24,1,1,24,60,24,30,6,43,43,3,4,decoder-sync-observed,0,,0,0,17.135,23.729,0,,0.000,0.000,0.000,0.000,0,0,0,,7,0,0,6.437,0,186,0.065,0.000,0.000,0.065,0.000,0.044,0.006,1,1,1,1,0,1,1,0,0,0,0,0,1.000,0.000,0.000,30,0,0.000,0,0,0,0.000,0.000,0.000,0.000,0.000,0.000,0.000,2.081,10.358,0,0,0,0,0,0,0,0,0.000,0.000,0.000,0.000,0.000,0.000,0,0.386,24.282,119,121,653,48.396,168.390,57.513,168.390,2454.100,53,1,H.264,98.936,0,0,167.487,168.452,1.000,111.057,98.023,arrival-gap-jitter-spike,4680.019,0,1,1,1,1,7134.119,462.773,489.982,490.610,490.610,0,0,1,0,0,0,0,,,0.000,0.000,0,0,,0,0,0,0,0,0,0,0,0,0,,106.565,0.000,109.448,0.000,0.000,0.000,128.786,h264-decoder-buffering,0.001,179,0.000,115.085,5.188,0.079,0.859,0.535,0.000,0.325,1,0,0,1,3,0.072,24.282,24.282,13.004,24.307,2.000,RecoveryDeadline,0,1,0,0.000,1,1,1,1,0.060,0.000,0.060,0,100,0,5075,4717,317,0,287
8.134,Custom_loss6_delay0-100_dup0_reorder6_burst0,Loopback,1,1,0,,,0.000,0,21,212,21.593,21.596,21.393,103.970,99.307,14.607,51.394,15.353,0.068,0.299,5511,401,5175,4774,693,418,46,196,151,45,33,0,4781,148,63,0,0,0,0,5.000,0,0,0,0,0,0,0,0,0,0,0,0,0,0,0,0.000,0.000,0.000,,141,141,746,0,1,29.860,167.487,30.958,168.452,0.000,0.000,138,138,2847,193,56,0,507,751,212,1,completed,completed,H.264,0,1,24,24,0,5,4,2,7,13,0,0,5858,20,0,0,0,0,0,95.486,35,46,45,35,45,0,57.101,30.849,97.605,0,0,126,6,132,0,47,4,0.432,0.568,0.955,1.000,0.078,45.000,0.000,1.000,0.000,duplicate-guard,281,2132,0,0,154,1937,507,4722,127,195,0,0,4718,predicted-useful,likely-arrival,835,0.000,49,132,0,1,0,0,0,2,3,2,3,45,690,45,690,0,0,0,pacing,1,0.729,6.222,114.222,0,0,2,3,0,0,0,0,3,6,6,0,32,2,2,sent,23,52,0,1,14,3,0,0,5,12,3,6,2,6,201,1,stale-age,1,0,1,0,12,0,0,0,0,0,0,3,0,0,694,625,32,0,1,9500000,1200000,3,0,3,5923,5920,7250793,344,422677,180,223616,0,0,0,0,0,8.131,38.968,53.000,2285.400,305,10681,5506,2345,5175,2830,0.299,21.169,0.050,305,5315122,8398517,0.979,30.536,0.476,15.751,10681,507,141,4722,132,373,2,56,56,103,5,9,2,1,4,0,0,0,0,0,0,0,0,0,0,51,0,1,0,4,978,751,751,0,0,0,0,0,,disabled,,0,0,0,0,,1,Fixed Quality,Hybrid,85,30,9500,12000,640,360,H.264,480,270,518400,28176,518400,28176,0.054,0.000,,0,0,0.000,1.971,0.000,0.000,0.080,7250,6750,6750,4,4,0,1,9500,1.000,0,13.650,0.000,0,0,0.000,0.000,0,0,0,0,0.265,0.689,0.045,1,0,0,disabled,24,1,1,28,70,28,36,6,48,48,2,4,decoder-sync-observed,0,,0,0,17.192,23.727,0,,0.000,0.000,0.000,0.000,0,0,0,,8,0,0,6.416,0,215,0.079,0.000,0.000,0.079,0.000,0.055,0.008,1,1,1,1,0,1,1,0,0,0,0,0,1.000,0.000,0.000,30,0,0.000,0,0,0,0.000,0.000,0.000,0.000,0.000,0.000,0.000,1.855,10.122,0,0,0,0,0,0,0,0,0.000,0.000,0.000,0.000,0.000,0.000,0,0.354,21.596,138,141,746,30.888,168.390,57.513,168.390,2454.100,53,1,H.264,98.936,0,0,167.487,168.452,1.000,111.057,98.023,arrival-gap-jitter-spike,5680.038,0,1,1,1,1,8134.138,462.773,489.982,490.610,490.610,0,0,1,0,0,0,0,,,0.000,0.000,0,0,,0,0,0,0,0,0,0,0,0,0,,104.625,0.000,107.338,0.000,0.000,0.000,131.985,h264-decoder-buffering,0.001,211,0.000,113.097,5.396,0.076,0.507,0.276,0.000,0.230,1,0,0,1,3,0.068,21.593,21.596,15.353,21.393,1.000,Loss,0,1,0,0.000,3,1,1,1,0.060,0.000,0.060,0,100,0,5928,5519,363,0,316
9.135,Custom_loss6_delay0-100_dup0_reorder6_burst0,Loopback,1,1,0,,,0.000,0,21,238,21.506,21.513,21.475,107.030,100.233,97.388,57.143,0.523,0.069,0.300,6303,467,5939,5472,792,481,51,225,172,53,35,0,5479,166,71,0,0,0,0,5.000,0,0,0,0,0,0,0,0,0,0,0,0,0,0,0,0.000,0.000,0.000,,159,159,837,0,1,44.939,167.487,45.975,168.452,0.000,0.000,157,157,3257,219,64,0,581,862,244,1,nack-sent,pending,H.264,1,1,24,4,20,1,0,1,0,20,0,0,6751,23,0,0,0,0,0,27.715,41,51,53,43,53,0,59.201,28.724,97.605,0,0,145,6,151,0,56,5,0.446,0.554,0.960,1.000,0.082,45.000,0.250,0.750,0.200,duplicate-guard,318,2429,0,0,175,2207,581,5422,143,222,0,0,5418,predicted-useful,fec-grace,948,0.833,56,151,0,1,0,0,0,2,3,2,3,52,797,52,797,0,0,0,pacing,1,0.745,12.054,120.054,0,0,2,3,0,0,0,0,3,6,6,0,32,2,2,sent,26,59,0,3,15,3,0,0,5,12,3,6,2,6,231,2,stale-frame-lag,1,0,1,0,12,0,0,0,0,0,0,3,0,0,801,713,36,0,1,9500000,1200000,10,0,10,6782,6771,8293953,393,483059,206,255386,0,0,0,0,0,7.958,38.968,5050.938,3154.200,349,12209,6296,2706,5913,3207,0.301,25.801,2.695,349,5143313,14599998,1.303,40.985,0.436,12.735,12209,581,159,5422,153,426,2,64,64,118,6,11,2,1,5,0,0,0,0,0,0,0,0,0,0,58,0,1,0,4,1121,862,862,0,0,0,0,0,,disabled,,0,0,0,0,,1,Fixed Quality,Hybrid,85,30,9500,12000,640,360,H.264,480,270,518400,28176,518400,28176,0.054,0.000,,0,0,0.000,2.347,0.000,0.000,0.085,7250,6750,6750,4,4,0,1,9500,1.000,0,11.021,0.000,0,0,0.000,0.000,0,0,0,0,0.272,0.689,0.040,1,0,0,disabled,24,1,1,32,81,32,41,8,55,55,2,4,decoder-sync-observed,0,,0,0,0.037,23.727,0,,0.000,0.000,0.000,0.000,0,0,0,,9,0,0,6.196,0,245,0.085,0.000,0.000,0.085,0.000,0.062,0.007,1,1,1,1,0,1,1,0,0,0,0,0,1.000,0.000,0.000,30,0,0.000,0,0,0,0.000,0.000,0.000,0.000,0.000,0.000,0.000,2.226,10.073,0,0,0,0,0,0,0,0,0.000,0.000,0.000,0.000,0.000,0.000,0,0.450,21.513,157,159,837,46.027,168.390,57.513,168.390,2454.100,53,1,H.264,98.936,0,0,167.487,168.452,1.000,111.057,98.023,arrival-gap-jitter-spike,6681.477,0,1,1,1,1,9135.577,462.773,489.982,490.610,490.610,0,0,1,0,0,0,0,,,0.000,0.000,0,0,,0,0,0,0,0,0,0,0,0,0,,109.323,0.000,112.211,0.000,0.000,0.000,133.515,h264-decoder-buffering,0.001,238,0.000,117.687,5.017,0.087,0.454,0.223,0.000,0.231,1,0,0,1,3,0.069,21.506,21.513,0.523,21.475,1.000,Loss,0,1,0,0.000,1,1,1,1,0.060,0.000,0.060,0,100,0,6781,6317,418,0,372
10.137,Custom_loss6_delay0-100_dup0_reorder6_burst0,Loopback,1,1,0,,,0.000,0,21,268,18.807,18.804,16.930,99.973,100.571,103.779,62.325,15.057,0.068,0.307,7016,513,6596,6083,890,544,60,247,190,57,39,0,6090,183,81,0,0,0,0,5.000,0,0,0,0,0,0,0,0,0,0,0,0,0,0,0,0.000,0.000,0.000,,176,176,927,0,1,37.135,278.539,38.116,279.625,0.000,0.000,174,173,3632,240,74,0,646,960,272,1,nack-sent,pending,H.264,1,1,22,1,21,3,0,1,0,21,0,0,7511,12,0,0,0,0,0,29.757,49,60,57,47,57,0,58.077,29.129,97.605,0,0,166,4,170,0,65,6,0.450,0.550,0.976,1.000,0.085,45.000,0.250,0.750,0.000,duplicate-guard,352,2687,0,0,195,2441,646,6030,157,246,0,0,6026,predicted-useful,fec-grace,1050,0.455,63,170,0,1,0,0,0,3,4,3,4,58,886,58,886,0,0,0,pacing,1,0.765,5.437,113.437,0,0,3,4,0,0,0,0,3,6,6,0,32,2,2,sent,31,70,0,4,18,3,0,0,6,15,3,6,3,9,261,3,selected-repair,1,0,1,0,12,0,0,0,0,0,0,4,0,0,891,790,39,0,1,9500000,1200000,9,0,9,7545,7536,9231679,442,543441,231,286534,0,0,0,0,0,0.635,38.968,568.062,4800.000,389,13584,7003,2978,6581,3603,0.298,25.129,1.935,389,4376977,7091787,1.189,34.066,0.493,20.994,13584,645,175,6009,173,469,3,74,74,135,9,16,2,2,7,0,0,0,0,0,0,0,0,0,0,65,0,1,0,4,1251,960,960,0,0,0,0,0,,disabled,,0,0,0,0,,1,Fixed Quality,Hybrid,85,30,9500,12000,640,360,H.264,480,270,518400,26094,518400,26094,0.050,0.000,,0,0,0.000,1.954,0.000,0.000,0.092,6000,6250,6250,5,5,0,1,9500,0.820,1,13.231,0.000,0,0,0.000,0.000,0,0,0,0,0.288,0.688,0.024,1,0,0,latency-pressure-freshness-hold,22,1,1,35,88,35,45,8,62,62,2,4,decoder-sync-observed,0,,0,0,16.088,21.974,0,,0.000,0.000,0.000,0.000,0,0,0,,10,0,0,4.394,0,273,0.091,0.000,0.000,0.091,0.000,0.066,0.007,1,1,1,1,0,1,1,0,0,0,0,0,1.000,0.000,0.000,27,0,0.000,0,0,0,0.000,0.000,0.000,0.000,0.000,0.000,0.000,1.842,9.821,0,0,0,0,0,0,0,0,0.000,0.000,0.000,0.000,0.000,0.000,0,0.484,18.804,174,176,927,38.117,279.399,57.513,279.399,9285.906,246,1,H.264,128.675,0,0,278.539,279.625,1.001,233.127,127.808,arrival-gap-jitter-spike,851.068,0,1,1,1,1,10136.974,462.773,489.982,490.610,490.610,0,0,2,0,0,1,1,latency-pressure freshness,latency-over-80ms,146.698,146.698,259,1,decoded,0,0,0,0,0,0,0,0,0,0,,101.652,0.000,103.997,0.000,0.000,0.000,129.987,stale-before-upload,0.001,268,0.000,107.949,4.837,0.096,0.393,0.001,0.000,0.392,1,0,0,1,3,0.068,18.807,18.804,15.057,16.930,1.000,RecoveryDeadline,1,1,0,0.000,3,1,1,1,0.060,0.000,0.060,0,100,0,7546,7034,467,0,416
11.141,Custom_loss6_delay0-100_dup0_reorder6_burst0,Loopback,1,1,0,,,0.000,0,21,297,17.883,17.869,17.868,99.735,100.689,51.766,61.269,9.419,0.067,0.299,7716,554,7249,6695,1002,604,73,284,225,59,41,0,6702,204,87,0,0,0,0,5.000,0,0,0,0,0,0,0,0,0,0,0,0,0,0,0,0.000,0.000,0.000,,197,197,1023,0,1,45.449,278.539,46.501,279.625,0.000,0.000,195,194,4027,263,80,0,707,1079,298,1,retransmit-duplicate,pending,H.264,1,1,22,16,6,0,0,2,5,22,1,1,8255,5,8255,5,8255,5,1,47.271,60,73,59,49,59,0,58.485,28.351,97.605,0,0,192,6,198,0,73,7,0.451,0.549,0.970,1.000,0.087,45.000,0.750,0.250,0.000,stable,381,2910,0,0,212,2644,707,6603,169,266,0,0,6597,predicted-useful,fec-grace,1157,0.364,73,198,0,1,0,0,0,4,5,4,5,68,1028,68,1028,0,0,0,pacing,1,0.702,9.965,117.965,0,0,4,5,0,0,0,0,3,6,6,0,32,2,2,sent,35,81,0,4,22,3,0,0,6,15,3,6,3,9,287,1,stale-age,1,0,1,0,12,0,0,0,0,0,0,6,0,0,1034,864,43,0,1,9500000,1200000,0,0,0,8273,8273,10141835,498,612849,254,315186,0,0,0,0,0,16.973,38.968,9991.688,4225.350,427,14946,7707,3323,7239,3916,0.301,16.742,1.737,427,3951444,6825378,1.727,16.851,0.458,6.824,14946,707,196,6603,199,505,3,80,80,147,10,18,2,2,8,0,0,0,0,0,0,0,0,0,0,70,0,1,0,4,1384,1079,1079,0,0,0,0,0,,disabled,,0,0,0,0,,1,Fixed Quality,Hybrid,85,30,9500,12000,640,360,H.264,480,270,518400,26094,518400,26094,0.050,0.000,,0,0,0.000,1.990,0.000,0.000,0.086,6750,6250,6250,5,5,0,1,9500,0.946,1,16.973,0.000,0,0,0.000,0.000,0,0,0,0,0.500,0.500,0.000,1,0,0,fixed-pacing-queue-hold,22,1,1,39,97,39,50,8,70,70,2,4,decoder-sync-observed,0,,0,0,0.011,21.974,0,,0.000,0.000,0.000,0.000,0,0,0,,11,0,0,5.829,0,299,0.085,0.000,0.000,0.085,0.000,0.062,0.006,1,1,1,1,0,1,1,0,0,0,0,0,1.000,0.000,0.000,24,0,0.000,0,0,0,0.000,0.000,0.000,0.000,0.000,0.000,0.000,1.895,9.703,0,0,0,0,0,0,0,0,0.000,0.000,0.000,0.000,0.000,0.000,0,0.450,17.869,195,197,1023,46.452,279.399,57.513,279.399,9285.906,246,1,H.264,128.675,0,0,278.539,279.625,1.001,233.127,127.808,arrival-gap-jitter-spike,1855.700,0,1,1,1,1,11141.606,462.773,489.982,490.610,490.610,0,0,2,0,0,1,0,,,146.698,146.698,259,1,decoded,0,0,0,0,0,0,0,0,0,0,,103.407,0.000,106.008,0.000,0.000,0.000,129.868,stale-before-upload,0.001,297,0.000,112.030,5.571,0.091,0.272,0.001,0.000,0.271,1,0,0,1,3,0.067,17.883,17.869,9.419,17.868,1.000,RecoveryDeadline,0,1,0,0.000,0,1,1,1,0.060,0.000,0.060,0,100,0,8284,7729,518,0,458
12.147,Custom_loss6_delay0-100_dup0_reorder6_burst0,Loopback,1,1,0,,,0.000,0,21,323,24.331,24.338,24.636,97.419,100.777,60.794,61.226,7.731,0.066,0.284,8446,597,7932,7335,1105,662,76,325,258,67,42,0,7342,227,90,0,0,0,0,5.000,0,0,0,0,0,0,0,0,0,0,0,0,0,0,0,0.000,0.000,0.000,,220,220,1122,0,1,47.810,278.539,48.830,279.625,0.000,0.000,218,217,4412,294,83,0,767,1192,324,1,nack-sent,pending,H.264,0,1,23,16,7,4,2,2,4,19,0,0,9017,21,0,0,0,0,0,75.591,66,76,67,57,67,0,56.596,28.376,97.605,0,0,209,5,214,0,85,7,0.465,0.535,0.977,1.000,0.076,45.000,0.400,0.600,0.000,duplicate-guard,417,3154,0,0,231,2856,767,7153,186,298,0,0,7144,predicted-useful,fec-grace,1263,0.391,78,214,0,1,0,0,0,4,5,4,5,72,1089,72,1089,0,0,0,pacing,1,0.746,12.855,120.855,0,0,4,5,0,0,0,0,3,6,6,0,32,2,2,sent,42,102,0,4,28,3,0,0,7,19,3,6,4,13,315,1,stale-age,1,0,1,0,12,0,0,0,0,0,0,11,0,0,1095,939,47,0,1,9500000,1200000,0,0,0,9042,9042,11088083,543,668415,280,347570,0,0,0,0,0,17.624,38.968,9720.312,4800.000,467,16369,8437,3612,7932,4320,0.300,28.587,2.531,467,5141224,8000094,2.228,15.286,0.475,15.172,16369,766,219,7146,221,542,3,83,83,153,10,18,2,2,8,0,0,0,0,0,0,0,0,0,0,73,0,1,0,4,1517,1192,1192,0,0,0,0,0,,disabled,,0,0,0,0,,1,Fixed Quality,Hybrid,85,30,9500,12000,640,360,H.264,480,270,518400,27136,518400,27136,0.052,0.000,,0,0,0.000,1.911,0.000,0.000,0.067,7250,6500,6500,6,6,0,1,9500,1.000,0,17.624,0.000,0,0,0.000,0.000,0,0,0,0,0.308,0.668,0.023,1,0,0,disabled,23,1,1,43,108,43,56,9,77,77,1,4,decoder-sync-observed,0,,0,0,15.371,22.851,0,,0.000,0.000,0.000,0.000,0,0,0,,12,0,0,6.141,0,326,0.067,0.000,0.000,0.066,0.000,0.046,0.006,1,1,1,1,0,1,1,0,0,0,0,0,1.000,0.000,0.000,30,0,0.000,0,0,0,0.000,0.000,0.000,0.000,0.000,0.000,0.000,1.813,10.038,0,0,0,0,0,0,0,0,0.000,0.000,0.000,0.000,0.000,0.000,0,0.319,24.338,218,220,1122,48.888,279.399,57.513,279.399,9285.906,246,1,H.264,128.675,0,0,278.539,279.625,1.001,233.127,127.808,arrival-gap-jitter-spike,2861.502,0,1,1,1,1,12147.408,462.773,489.982,490.610,490.610,0,0,2,0,0,1,0,,,146.698,146.698,259,1,decoded,0,0,0,0,0,0,0,0,0,0,,106.089,0.000,108.799,0.000,0.000,0.000,128.709,stale-before-upload,0.001,323,0.000,111.548,2.419,0.078,0.821,0.614,0.000,0.207,1,0,0,1,3,0.066,24.331,24.338,7.731,24.636,1.000,RecoveryDeadline,0,1,0,1.000,1,1,1,1,0.060,0.000,0.060,0,100,0,9054,8461,560,0,502
13.148,Custom_loss6_delay0-100_dup0_reorder6_burst0,Loopback,1,1,0,,,0.000,0,21,353,24.869,24.867,24.853,78.797,100.802,61.445,61.244,32.758,0.065,0.275,9282,650,8717,8067,1211,721,81,364,289,75,45,0,8074,251,95,0,0,0,0,5.000,0,0,0,0,0,0,0,0,0,0,0,0,0,0,0,0.000,0.000,0.000,,244,244,1213,0,1,6.430,278.539,7.453,279.625,0.000,0.000,242,241,4834,326,88,0,836,1309,354,1,fec-recovered,pending,H.264,0,1,24,18,6,3,2,1,1,8,0,0,9906,17,0,0,0,0,0,66.957,75,81,75,65,75,0,58.392,27.286,97.605,0,0,231,8,239,0,95,7,0.481,0.519,0.967,1.000,0.069,44.000,0.000,1.000,0.000,insufficient-sample,457,3448,0,0,252,3118,836,7870,205,330,0,0,7861,predicted-useful,fec-grace,1380,0.333,87,239,0,1,0,0,0,4,5,4,5,81,1238,81,1238,0,0,0,pacing,1,0.800,7.030,115.030,0,0,4,5,0,0,0,0,3,6,6,0,32,2,2,sent,43,106,0,4,29,3,0,0,7,19,3,6,4,13,343,4,stale-age,1,0,1,0,12,0,0,0,0,0,0,11,0,0,1244,1023,51,0,1,9500000,1200000,3,0,3,9936,9933,12180221,598,736261,305,378718,0,0,0,0,0,7.361,38.968,268.312,4800.000,512,17974,9271,4027,8703,4676,0.303,2.567,1.277,512,6069871,9609542,1.566,12.359,0.411,11.325,17974,836,243,7870,245,588,3,88,88,160,10,18,2,2,8,0,0,0,0,0,0,0,0,0,0,78,0,1,0,4,1662,1309,1309,0,0,0,0,0,,disabled,,0,0,0,0,,1,Fixed Quality,Hybrid,85,30,9500,12000,640,360,H.264,480,270,518400,28178,518400,28178,0.054,0.000,,0,0,0.000,2.138,0.000,0.000,0.140,7250,6750,6750,7,7,0,1,9500,1.000,0,11.744,0.000,0,0,0.000,0.000,0,0,0,0,0.314,0.653,0.033,1,0,0,disabled,24,1,1,47,118,47,62,9,85,85,1,4,decoder-sync-observed,0,,0,0,15.340,23.729,0,,0.000,0.000,0.000,0.000,0,0,0,,13,0,0,12.309,0,356,0.139,0.000,0.000,0.139,0.000,0.086,0.011,1,1,1,1,0,1,1,0,0,0,1,0,0.860,153.375,0.000,26,0,0.000,0,0,0,0.000,0.000,0.000,0.000,0.000,0.000,0.000,1.951,18.488,0,0,0,0,0,0,0,0,0.000,0.000,0.000,0.000,0.000,0.000,0,0.422,24.867,242,244,1213,7.548,279.399,57.513,279.399,9285.906,246,1,H.264,128.675,0,0,278.539,279.625,1.001,233.127,127.808,arrival-gap-jitter-spike,3862.377,0,1,1,1,1,13148.283,462.773,489.982,490.610,490.610,0,0,2,0,0,1,0,,,146.698,146.698,259,1,decoded,0,0,0,0,0,0,0,0,0,0,,99.338,0.000,102.227,0.000,0.000,0.000,120.000,stale-before-upload,0.001,353,0.000,108.801,6.136,0.094,0.308,0.001,0.000,0.307,1,0,0,1,3,0.066,24.869,24.867,32.758,24.853,1.000,Loss,0,1,0,1.000,1,1,1,1,0.060,0.000,0.060,0,100,0,9946,9297,614,0,550
14.154,Custom_loss6_delay0-100_dup0_reorder6_burst0,Loopback,1,1,0,,,0.000,0,21,378,20.359,16.666,16.683,80.723,101.085,61.445,61.244,29.664,0.066,0.272,9922,703,9336,8633,1304,776,90,390,309,81,48,0,8640,271,101,0,0,0,0,5.000,0,0,0,0,0,0,0,0,0,0,0,0,0,0,0,0.000,0.000,0.000,,262,262,1306,0,1,18.505,278.539,19.455,279.625,0.000,0.000,259,258,5183,352,92,0,897,1405,380,1,nack-deferred-likely-arrival,pending,H.264,0,1,22,20,2,5,2,2,7,15,0,0,10554,5,0,0,0,0,0,103.843,78,90,81,70,81,0,58.836,26.410,97.605,0,0,249,12,261,0,100,7,0.464,0.536,0.954,1.000,0.065,44.000,0.000,1.000,0.000,insufficient-sample,485,3644,0,0,268,3293,897,8448,217,351,0,0,8439,deferred-likely-arrival,likely-arrival,1485,0.591,95,261,0,1,0,0,0,4,5,4,5,87,1332,87,1332,0,0,0,pacing,1,0.813,12.031,120.031,0,0,4,5,0,0,0,0,5,10,10,0,361,2,2,sent,50,122,0,4,33,4,0,0,9,23,5,10,4,13,361,1,stale-age,1,0,1,0,13,0,0,0,0,1,0,12,0,0,1338,1099,55,0,1,9500000,1200000,9,0,9,10647,10638,13049495,648,798205,331,411102,0,0,0,0,0,0.554,38.968,738.625,4800.000,547,19255,9919,4267,9336,5069,0.301,31.767,1.550,547,4336996,7036127,1.757,12.359,0.457,23.740,19255,897,262,8448,272,622,3,92,92,171,10,18,2,2,8,0,0,0,0,0,0,0,0,0,0,82,0,1,0,4,1784,1405,1405,0,0,0,0,0,,disabled,,0,0,0,0,,1,Fixed Quality,Hybrid,85,30,9500,12000,640,360,H.264,480,270,518400,26096,518400,26096,0.050,0.000,,0,0,0.000,1.963,0.000,0.000,0.087,6000,6250,6250,8,8,0,1,9500,0.822,1,14.275,0.000,0,0,0.000,0.000,0,0,0,0,0.299,0.655,0.046,1,0,0,latency-pressure-freshness-hold,22,1,1,51,129,51,67,11,94,94,1,4,decoder-sync-observed,0,,0,0,17.930,21.976,0,,0.000,0.000,0.000,0.000,0,0,0,,14,0,0,6.224,0,383,0.086,0.000,0.000,0.086,0.000,0.059,0.007,1,1,1,1,0,1,1,0,0,0,0,0,1.000,0.000,0.000,27,0,0.000,0,0,0,0.000,0.000,0.000,0.000,0.000,0.000,0.000,1.844,10.056,0,0,0,0,0,0,0,0,0.000,0.000,0.000,0.000,0.000,0.000,0,0.394,16.666,259,262,1306,19.526,279.399,57.513,279.399,9285.906,246,1,H.264,128.675,0,0,278.539,279.625,1.001,233.127,127.808,arrival-gap-jitter-spike,4868.371,0,1,1,1,1,14154.277,462.773,489.982,490.610,490.610,0,0,3,0,0,2,1,latency-pressure freshness,latency-over-80ms,153.267,153.267,356,1,H.264,0,0,0,0,0,0,0,0,0,0,,96.880,0.000,99.270,0.000,0.000,0.000,120.362,stale-before-decode,0.001,378,0.000,105.867,6.189,0.074,0.900,0.690,0.000,0.209,1,0,0,1,3,0.066,20.359,16.666,29.664,16.683,1.000,RecoveryDeadline,0,1,0,0.000,1,1,1,1,0.060,0.000,0.060,0,100,0,10652,9940,664,0,583
15.154,Custom_loss6_delay0-100_dup0_reorder6_burst0,Loopback,1,1,0,,,0.000,0,21,405,25.309,25.338,25.376,110.888,101.376,70.781,61.978,11.422,0.065,0.266,10642,738,10001,9263,1409,842,98,419,331,88,50,0,9270,293,106,0,0,0,0,5.000,0,0,0,0,0,0,0,0,0,0,0,0,0,0,0,0.000,0.000,0.000,,283,283,1396,0,1,27.023,278.539,28.090,279.625,0.000,0.000,280,279,5575,381,96,0,961,1516,407,1,nack-sent,pending,H.264,0,1,23,20,3,4,3,1,0,3,0,0,11351,11,0,0,0,0,0,57.272,85,98,88,77,88,0,58.036,27.772,103.619,0,0,271,14,285,0,107,7,0.464,0.536,0.951,1.000,0.061,45.000,0.000,1.000,0.000,duplicate-guard,524,3893,0,0,286,3510,961,8998,238,383,0,0,8988,predicted-useful,fec-grace,1593,0.391,104,285,0,1,0,0,0,5,6,5,6,95,1442,95,1442,0,0,0,pacing,1,0.741,8.704,116.704,0,0,5,6,0,0,0,0,6,12,12,0,399,2,2,sent,54,132,0,4,36,4,0,0,10,25,6,12,4,13,399,2,selected-repair,1,0,1,0,15,0,0,0,0,1,0,13,0,0,1449,1175,59,1,1,9500000,1200000,2,0,2,11383,11381,13965451,700,862637,354,439754,0,0,0,0,0,7.718,38.968,141.875,4800.000,586,20629,10630,4623,9999,5376,0.303,26.235,2.604,586,5533029,8229316,1.801,11.754,0.465,11.503,20629,960,284,8995,296,661,3,96,96,178,10,18,2,2,8,0,0,0,0,0,0,0,0,0,0,86,0,1,0,4,1914,1516,1516,0,0,0,0,0,,disabled,,0,0,0,0,,1,Fixed Quality,Hybrid,85,30,9500,12000,640,360,H.264,480,270,518400,27138,518400,27138,0.052,0.000,,0,0,0.000,2.199,0.000,0.000,0.064,7250,6500,6500,9,9,0,1,9500,1.000,0,7.718,0.000,0,0,0.000,0.000,0,0,0,0,0.298,0.653,0.049,1,0,0,disabled,23,0,0,54,136,54,71,11,101,101,0,4,large-au-observed,0,,0,0,10.334,22.853,0,,0.000,0.000,0.000,0.000,0,0,0,,15,0,0,6.340,0,408,0.063,0.000,0.000,0.063,0.000,0.043,0.006,1,1,1,1,0,1,1,0,0,0,1,0,0.860,67.890,0.000,26,0,0.000,0,0,0,0.000,0.000,0.000,0.000,0.000,0.000,0.000,2.127,10.216,0,0,0,0,0,0,0,0,0.000,0.000,0.000,0.000,0.000,0.000,0,0.328,25.337,280,283,1396,28.025,279.399,57.513,279.399,9285.906,246,1,H.264,128.675,0,0,278.539,279.625,1.001,233.127,127.808,arrival-gap-jitter-spike,5868.599,0,1,1,1,1,15154.505,462.773,489.982,490.610,490.610,0,0,3,0,0,2,0,,,153.267,153.267,356,1,H.264,0,0,0,0,0,0,0,0,0,0,,107.419,0.000,110.172,0.000,0.000,0.000,135.444,stale-before-decode,0.001,405,0.000,116.623,6.111,0.075,0.903,0.682,0.000,0.221,1,0,0,1,3,0.065,25.309,25.338,11.422,25.376,1.000,Loss,0,1,0,1.000,0,2,2,1,0.060,0.000,0.060,0,100,0,11396,10660,707,0,635
16.162,Custom_loss6_delay0-100_dup0_reorder6_burst0,Loopback,1,1,0,,,0.000,0,21,432,19.368,19.347,19.411,96.111,101.288,8.139,58.132,29.394,0.065,0.267,11419,794,10741,9947,1511,908,103,446,352,94,54,0,9954,313,114,0,0,0,0,5.000,0,0,0,0,0,0,0,0,0,0,0,0,0,0,0,0.000,0.000,0.000,,302,302,1490,0,1,21.101,278.539,22.237,279.625,0.000,0.000,299,298,5970,407,103,0,1028,1620,434,1,fec-parity,pending,H.264,0,1,24,18,6,2,1,1,2,8,0,0,12160,3,0,0,0,0,0,64.715,96,103,94,83,94,0,58.704,28.461,103.619,0,0,293,15,308,0,120,7,0.482,0.518,0.951,1.000,0.055,45.000,0.000,1.000,0.000,duplicate-guard,561,4164,0,0,306,3757,1028,9579,255,407,0,0,9567,predicted-useful,fec-grace,1706,0.333,113,308,0,1,0,0,0,5,6,5,6,104,1590,104,1590,0,0,0,pacing,1,0.819,10.646,118.646,0,0,5,6,0,0,0,0,6,12,12,0,399,2,2,sent,57,139,0,4,39,4,0,0,10,25,6,12,4,13,423,2,stale-age,1,0,1,0,15,0,0,0,0,1,0,15,0,0,1597,1259,63,0,1,9500000,1200000,0,0,0,12201,12201,14972677,752,926909,378,469642,0,0,0,0,0,11.226,38.968,749.312,4800.000,629,22149,11410,4995,10739,5744,0.304,13.267,0.039,629,5309844,9185542,0.580,-3.125,0.475,14.120,22149,1028,304,9579,317,708,3,103,103,191,10,18,2,2,8,0,0,0,0,0,0,0,0,0,0,93,0,1,0,4,2052,1620,1620,0,0,0,0,0,,disabled,,0,0,0,0,,1,Fixed Quality,Hybrid,85,30,9500,12000,640,360,H.264,480,270,518400,0,518400,28178,0.054,0.000,,0,0,0.000,4.668,0.000,3.918,0.720,7250,6750,6750,10,10,0,1,9500,1.000,0,11.226,0.000,0,0,0.000,0.000,0,0,0,0,0.312,0.640,0.049,1,0,0,disabled,0,0,0,58,145,58,74,13,108,108,0,4,async-output-pending,0,,0,0,0.000,0.000,0,,11.226,749.312,45673.077,0.000,0,0,0,,16,0,0,0.000,1,0,0.707,0.180,0.526,0.000,0.000,0.000,0.000,0,0,1,1,1,0,0,1,1,0,1,0,0.860,167.069,0.000,26,0,0.000,0,0,0,0.000,0.000,0.000,0.000,0.000,0.000,0.000,0.000,6.816,0,0,0,0,0,0,0,0,0.000,0.000,0.000,0.000,0.000,0.000,0,0.455,19.347,299,302,1490,22.109,279.399,57.513,279.399,9285.906,246,1,H.264,128.675,0,0,278.539,279.625,1.001,233.127,127.808,arrival-gap-jitter-spike,6876.103,0,1,1,1,1,16162.009,462.773,489.982,490.610,490.610,0,0,3,0,0,2,0,,,153.267,153.267,356,1,H.264,0,0,0,0,0,0,0,0,0,0,,98.042,0.000,100.865,0.000,0.000,0.000,128.055,stale-before-decode,0.001,432,0.000,106.210,4.869,0.102,0.313,0.001,0.000,0.312,1,0,0,1,3,0.065,19.368,19.347,29.394,19.411,1.000,RecoveryDeadline,0,1,0,0.000,2,2,2,1,0.060,0.000,0.060,0,100,0,12217,11440,755,0,675
17.166,Custom_loss6_delay0-100_dup0_reorder6_burst0,Loopback,1,1,0,,,0.000,0,21,462,18.487,18.471,18.487,103.621,101.629,102.776,61.109,6.745,0.065,0.273,12189,853,11471,10618,1608,966,108,474,369,105,60,0,10625,331,124,0,0,0,0,5.000,0,0,0,0,0,0,0,0,0,0,0,0,0,0,0,0.000,0.000,0.000,,320,320,1585,0,1,59.677,278.539,60.836,279.625,0.000,0.000,317,315,6367,436,114,0,1097,1726,464,1,fec-parity,pending,H.264,0,1,24,8,16,2,0,0,0,0,0,0,13018,1,0,0,0,0,0,41.132,97,108,105,94,105,0,57.485,28.255,103.619,1,0,311,16,327,0,122,7,0.473,0.527,0.951,1.000,0.054,45.000,0.000,1.000,0.000,duplicate-guard,596,4446,0,0,325,4016,1097,10245,271,430,0,0,10231,predicted-useful,fec-grace,1817,0.000,119,327,0,1,0,0,0,5,6,5,6,109,1660,109,1660,0,0,0,pacing,1,0.724,5.371,113.371,0,0,5,6,0,0,0,0,6,12,12,0,399,2,2,sent,61,153,0,5,41,4,0,0,11,29,6,12,5,17,454,3,stale-age,1,0,1,0,15,0,0,0,0,1,0,15,0,0,1667,1345,66,0,1,9500000,1200000,0,0,0,13030,13030,15988445,801,987291,408,506372,0,0,0,0,0,17.868,38.968,8846.875,4800.000,670,23630,12164,5393,11466,6073,0.307,23.327,0.719,670,5920736,9342289,0.910,94.637,0.512,21.763,23630,1097,322,10245,341,753,3,113,113,208,11,21,3,2,9,0,0,0,0,0,0,0,0,0,0,102,0,1,0,4,2193,1726,1726,0,0,0,0,0,,disabled,,0,0,0,0,,1,Fixed Quality,Hybrid,85,30,9500,12000,640,360,H.264,480,270,518400,0,518400,28178,0.054,0.000,,0,0,0.000,0.007,0.000,0.000,0.004,7250,6750,6750,10,10,0,1,9500,1.000,0,17.868,0.000,0,0,0.000,0.000,0,0,0,0,0.297,0.654,0.049,1,0,0,disabled,0,0,0,62,155,62,80,13,116,116,0,4,async-output-pending,0,,0,0,0.000,0.000,0,,0.000,0.000,0.000,0.000,0,0,0,,17,0,0,0.000,1,0,0.000,0.000,0.000,0.000,0.000,0.000,0.000,0,0,0,0,0,0,0,0,1,1,1,1,0.860,180.000,1.500,26,0,0.000,0,0,0,0.000,0.000,0.000,0.000,0.000,0.000,0.000,0.000,7.623,0,0,0,0,0,0,0,0,0.000,0.000,0.000,0.000,0.000,0.000,0,0.383,18.471,317,320,1585,60.752,279.399,57.513,279.399,9285.906,246,1,H.264,128.675,0,0,278.539,279.625,1.001,233.127,127.808,arrival-gap-jitter-spike,7880.245,0,1,1,1,1,17166.151,462.773,489.982,490.610,490.610,0,0,3,0,0,2,0,,,153.267,153.267,356,1,H.264,0,0,0,0,0,0,0,0,0,0,,107.760,0.000,110.760,5.032,0.000,112.787,131.810,stale-before-decode,0.002,460,0.000,117.252,5.234,0.090,0.272,0.001,0.000,0.271,1,0,0,1,3,0.066,18.487,18.471,6.745,18.487,1.000,Loss,0,1,0,1.000,1,1,1,1,0.060,0.000,0.060,0,100,0,13047,12209,811,0,730
18.171,Custom_loss6_delay0-100_dup0_reorder6_burst0,Loopback,1,1,0,,,0.000,0,21,490,20.551,20.554,20.557,99.628,101.826,29.901,59.158,27.553,0.065,0.270,13003,901,12240,11339,1724,1042,120,498,391,107,64,0,11346,352,130,0,0,0,0,5.000,0,0,0,0,0,0,0,0,0,0,0,0,0,0,0,0.000,0.000,0.000,,341,341,1677,0,1,20.093,278.539,21.106,279.625,0.000,0.000,338,337,6790,459,120,0,1171,1851,492,1,fec-recovered,pending,H.264,0,1,24,13,11,4,2,1,3,15,0,0,13855,5,0,0,0,0,0,54.313,104,120,107,96,107,0,57.622,28.314,103.619,1,0,332,17,349,0,128,9,0.464,0.536,0.951,1.000,0.066,35.000,0.333,0.667,0.250,retransmit-late,628,4734,0,0,345,4288,1171,10958,283,446,0,0,10944,predicted-useful,fec-grace,1937,0.625,127,349,0,1,0,0,0,5,6,5,6,117,1785,117,1785,0,0,0,pacing,1,0.763,7.256,115.256,0,0,5,6,0,0,0,0,6,12,12,0,399,2,2,sent,65,163,0,5,45,4,0,0,11,29,6,12,5,17,484,3,stale-age,1,0,1,0,15,0,0,0,0,1,0,16,0,0,1792,1436,70,0,1,9500000,1200000,11,0,11,13922,13911,17068325,853,1051405,434,538134,0,0,0,0,0,0.726,38.968,1201.750,4800.000,715,25231,12993,5699,12238,6539,0.305,30.072,3.369,715,8892137,25187928,1.957,61.135,0.459,15.305,25231,1171,343,10958,365,803,3,119,119,219,12,23,2,2,10,0,0,0,0,0,0,0,0,0,0,107,0,1,0,4,2337,1851,1851,0,0,0,0,0,,disabled,,0,0,0,0,,1,Fixed Quality,Hybrid,85,30,9500,12000,640,360,H.264,480,270,518400,28178,518400,28178,0.054,0.000,,0,0,0.000,2.136,0.000,0.000,0.173,7250,6750,6750,10,10,0,1,9500,1.000,0,16.209,0.000,0,0,0.000,0.000,0,0,0,0,0.298,0.653,0.049,1,0,0,disabled,24,0,0,66,165,66,85,14,124,124,0,4,large-au-observed,0,,0,0,17.991,23.729,0,,0.000,0.000,0.000,0.000,0,0,0,,18,0,0,6.141,0,494,0.172,0.000,0.000,0.170,0.000,0.113,0.016,1,1,1,1,0,1,1,0,0,0,0,0,1.000,0.000,0.000,30,0,0.000,0,0,0,0.000,0.000,0.000,0.000,0.000,0.000,0.000,1.946,10.095,0,0,0,0,0,0,0,0,0.000,0.000,0.000,0.000,0.000,0.000,0,0.403,20.554,338,341,1677,21.366,279.399,57.513,279.399,9285.906,246,1,H.264,128.675,0,0,278.539,279.625,1.001,233.127,127.808,arrival-gap-jitter-spike,8885.363,0,1,1,1,1,18171.269,462.773,489.982,490.610,490.610,0,0,3,0,0,2,0,,,153.267,153.267,356,1,H.264,0,0,0,0,0,0,0,0,0,0,,105.427,0.000,108.211,0.000,0.000,0.000,129.814,stale-before-decode,0.001,490,0.000,114.444,5.821,0.078,0.403,0.129,0.000,0.274,1,0,0,1,3,0.065,20.551,20.554,27.553,20.557,1.000,RecoveryDeadline,0,1,0,0.500,2,1,1,1,0.060,0.000,0.060,0,100,0,13929,13022,859,0,775
19.175,Custom_loss6_delay0-100_dup0_reorder6_burst0,Loopback,1,1,0,,,0.000,0,21,519,21.350,21.366,21.174,112.228,101.954,29.901,59.158,7.983,0.065,0.272,13845,964,13041,12077,1839,1123,129,520,409,111,67,0,12084,372,139,0,0,0,0,5.000,0,0,0,0,0,0,0,0,0,0,0,0,0,0,0,0.000,0.000,0.000,,361,361,1770,0,1,37.850,278.539,38.855,279.625,0.000,0.000,358,357,7222,483,129,0,1253,1969,522,1,fec-parity,pending,H.264,0,1,24,13,11,3,0,1,0,11,0,0,14758,12,0,0,0,0,0,38.245,115,129,111,100,111,0,58.018,28.084,103.619,1,0,356,18,374,0,135,11,0.471,0.529,0.952,1.000,0.075,30.000,0.500,0.500,0.333,retransmit-late,660,5022,0,0,366,4561,1253,11842,294,461,0,0,11828,predicted-useful,fec-grace,2065,0.625,136,374,0,1,0,0,0,5,6,5,6,126,1938,126,1938,0,0,0,pacing,1,0.821,11.503,119.503,0,0,5,6,0,0,0,0,6,12,12,0,399,2,2,sent,68,171,0,6,47,4,0,0,11,29,6,12,5,17,514,3,stale-age,1,0,1,0,15,0,0,0,0,1,0,18,0,0,1945,1532,74,0,1,9500000,1200000,8,0,8,14817,14809,18168779,908,1119251,461,571148,0,0,0,0,0,7.799,39.794,169.750,4800.000,762,26868,13838,6115,13030,6915,0.306,32.242,2.931,762,9772187,25673780,2.121,61.135,0.436,14.984,26868,1253,363,11842,389,861,3,128,128,234,14,28,3,2,12,0,0,0,0,0,0,0,0,0,0,114,0,1,0,4,2484,1969,1969,0,0,0,0,0,,disabled,,0,0,0,0,,1,Fixed Quality,Hybrid,85,30,9500,12000,640,360,H.264,480,270,518400,28178,518400,28178,0.054,0.000,,0,0,0.000,2.450,0.000,0.000,0.091,7250,6750,6750,10,10,0,1,9500,1.000,0,11.227,0.000,0,0,0.000,0.000,0,0,0,0,0.307,0.644,0.048,1,0,0,disabled,24,0,0,70,174,70,90,14,132,132,0,4,large-au-observed,0,,0,0,16.281,23.729,0,,0.000,0.000,0.000,0.000,0,0,0,,19,0,0,3.300,0,524,0.090,0.000,0.000,0.090,0.000,0.054,0.018,1,1,1,1,0,1,1,0,0,0,1,0,0.860,105.707,0.000,26,0,0.000,0,0,0,0.000,0.000,0.000,0.000,0.000,0.000,0.000,2.349,7.291,0,0,0,0,0,0,0,0,0.000,0.000,0.000,0.000,0.000,0.000,0,0.433,21.366,358,361,1770,38.964,279.399,57.513,279.399,9285.906,246,1,H.264,128.675,0,0,278.539,279.625,1.001,233.127,127.808,arrival-gap-jitter-spike,9888.782,0,1,1,1,1,19174.688,462.773,489.982,490.610,490.610,0,0,3,0,0,2,0,,,153.267,153.267,356,1,H.264,0,0,0,0,0,0,0,0,0,0,,108.051,0.000,110.954,0.000,0.000,0.000,136.114,stale-before-decode,0.001,519,0.000,115.877,4.476,0.103,0.288,0.060,0.000,0.228,1,0,0,1,3,0.064,21.350,21.366,7.983,21.174,1.000,RecoveryDeadline,0,1,0,0.000,0,1,1,1,0.060,0.000,0.060,0,100,0,14828,13866,912,0,819
20.178,Custom_loss6_delay0-100_dup0_reorder6_burst0,Loopback,1,1,0,,,0.000,0,21,547,19.907,14.542,14.498,96.810,102.054,98.542,61.475,21.932,0.066,0.276,14516,1018,13682,12664,1953,1181,142,558,439,119,72,0,12671,390,149,0,0,0,0,5.000,0,0,0,0,0,0,0,0,0,0,0,0,0,0,0,0.000,0.000,0.000,,377,377,1867,0,1,71.183,278.539,72.166,279.625,0.000,0.000,373,372,7620,509,137,0,1316,2087,549,1,fec-parity,pending,H.264,0,1,22,10,12,2,0,0,0,0,0,0,15496,16,0,0,0,0,0,43.484,118,142,119,108,119,0,57.608,29.314,162.914,1,0,380,24,404,0,139,11,0.454,0.546,0.941,1.000,0.073,44.000,0.100,0.900,0.000,duplicate-guard,690,5250,0,0,382,4771,1316,12498,308,479,0,0,12484,deferred-likely-arrival,likely-arrival,2169,0.682,145,404,0,1,0,0,0,5,6,5,6,134,2058,134,2058,0,0,0,pacing,1,0.834,11.013,119.013,0,0,5,6,0,0,0,0,6,12,12,0,399,2,2,sent,71,182,0,6,49,4,0,0,12,33,6,12,6,21,539,3,stale-age,1,0,1,0,15,0,0,0,0,1,0,18,0,0,2065,1606,78,0,1,9500000,1200000,0,0,0,15516,15516,19038671,966,1191145,491,608508,0,0,0,0,0,11.818,39.794,3910.500,4800.000,797,28166,14500,6394,13666,7272,0.306,17.219,1.175,797,6689190,9385314,1.656,62.636,0.493,21.579,28166,1316,380,12498,416,895,5,136,136,247,15,29,1,3,12,0,0,0,0,0,0,0,0,0,0,120,1,1,0,4,2621,2087,2087,0,0,0,0,0,,disabled,,0,0,0,0,,1,Fixed Quality,Hybrid,85,30,9500,12000,640,360,H.264,480,270,518400,0,518400,26094,0.050,0.000,,0,0,0.000,5.727,0.000,4.918,0.772,6000,6250,6250,11,11,0,1,9500,0.820,1,11.818,0.000,0,0,0.000,0.000,0,0,0,0,0.292,0.649,0.059,1,0,0,latency-pressure-freshness-hold,0,0,0,74,187,74,96,17,141,141,0,5,async-output-pending,0,,0,0,0.000,0.000,0,,11.818,3910.500,43981.481,0.000,0,0,0,,20,0,0,0.000,1,0,0.759,0.242,0.516,0.000,0.000,0.000,0.000,0,0,1,1,1,0,0,1,1,0,0,0,1.000,0.000,0.000,27,0,0.000,0,0,0,0.000,0.000,0.000,0.000,0.000,0.000,0.000,0.000,24.799,0,0,0,0,0,0,0,0,0.000,0.000,0.000,0.000,0.000,0.000,0,0.370,14.542,373,377,1867,72.288,279.399,57.513,279.399,9285.906,246,1,H.264,128.675,0,0,278.539,279.625,1.001,233.127,127.808,arrival-gap-jitter-spike,10892.268,0,1,1,1,1,20178.174,462.773,489.982,490.610,490.610,0,0,4,0,0,3,1,latency-pressure freshness,latency-over-80ms,152.344,153.267,529,1,H.264,0,0,0,0,0,0,0,0,0,0,,99.209,0.000,100.761,0.000,0.000,0.000,128.405,stale-before-decode,0.001,547,0.000,106.890,5.735,0.082,0.309,0.002,0.000,0.307,1,0,0,1,3,0.066,19.907,14.542,21.932,14.498,1.000,DecodeLoad,0,1,0,0.500,2,1,1,1,0.060,0.000,0.060,0,100,0,15536,14543,959,0,863
21.183,Custom_loss6_delay0-100_dup0_reorder6_burst0,Loopback,1,1,0,,,0.000,0,21,574,17.673,17.673,17.629,97.573,102.152,72.155,62.068,21.616,0.065,0.272,15149,1058,14262,13204,2049,1231,153,589,465,124,76,0,13211,410,153,0,0,0,0,5.000,0,0,0,0,0,0,0,0,0,0,0,0,0,0,0,0.000,0.000,0.000,,397,397,1959,0,1,33.819,278.539,34.967,279.625,0.000,0.000,393,391,7959,534,141,0,1376,2178,575,1,nack-sent,pending,H.264,0,1,23,11,12,0,0,1,0,12,0,0,16155,2,0,0,0,0,0,48.383,125,153,124,113,124,0,58.280,29.516,162.914,1,0,403,24,427,0,146,11,0.450,0.550,0.944,1.000,0.070,45.000,0.286,0.714,0.000,duplicate-guard,715,5431,0,0,397,4935,1376,13064,318,496,0,0,13050,predicted-useful,likely-arrival,2269,0.000,152,427,0,1,0,0,0,5,6,5,6,141,2161,141,2161,0,0,0,pacing,1,0.801,9.506,117.506,0,0,5,6,0,0,0,0,6,12,12,0,399,2,2,sent,73,187,0,6,51,4,0,0,12,33,6,12,6,21,570,2,stale-age,1,0,1,0,15,0,0,0,0,1,0,18,0,0,2168,1674,82,0,1,9500000,1200000,2,0,2,16190,16188,19867863,1017,1254333,517,640892,0,0,0,0,0,8.095,39.794,609.375,4800.000,831,29382,15137,6650,14245,7595,0.305,41.771,2.929,831,4013416,6599699,1.544,44.831,0.470,19.304,29382,1376,400,13064,440,931,5,140,140,256,15,29,1,3,12,0,0,0,0,0,0,0,0,0,0,124,1,1,0,4,2737,2178,2178,0,0,0,0,0,,disabled,,0,0,0,0,,1,Fixed Quality,Hybrid,85,30,9500,12000,640,360,H.264,480,270,518400,27136,518400,27136,0.052,0.000,,0,0,0.000,1.943,0.000,0.000,0.097,7250,6500,6500,12,12,0,1,9500,1.000,0,10.046,0.000,0,0,0.000,0.000,0,0,0,0,0.293,0.651,0.056,1,0,0,disabled,23,0,0,78,198,78,103,17,149,149,0,5,large-au-observed,0,,0,0,15.361,22.851,0,,0.000,0.000,0.000,0.000,0,0,0,,21,0,0,11.665,0,576,0.096,0.000,0.000,0.096,0.000,0.069,0.009,1,1,1,1,0,1,1,0,0,0,0,0,1.000,0.000,0.000,30,0,0.000,0,0,0,0.000,0.000,0.000,0.000,0.000,0.000,0.000,1.837,15.907,0,0,0,0,0,0,0,0,0.000,0.000,0.000,0.000,0.000,0.000,0,0.378,17.673,393,397,1959,34.926,279.399,57.513,279.399,9285.906,246,1,H.264,128.675,0,0,278.539,279.625,1.001,233.127,127.808,arrival-gap-jitter-spike,11897.159,0,1,1,1,1,21183.065,462.773,489.982,490.610,490.610,0,0,4,0,0,3,0,,,152.344,153.267,529,1,H.264,0,0,0,0,0,0,0,0,0,0,,104.616,0.000,107.265,4.793,0.000,106.304,128.786,stale-before-decode,0.001,573,0.000,114.956,5.751,0.078,0.750,0.537,0.000,0.213,1,0,0,1,3,0.065,17.673,17.673,21.616,17.629,1.000,Loss,0,1,0,0.500,2,1,1,1,0.060,0.000,0.060,0,100,0,16209,15172,1002,0,903
22.184,Custom_loss6_delay0-100_dup0_reorder6_burst0,Loopback,1,1,0,,,0.000,0,21,602,19.575,19.573,19.799,97.348,102.132,42.071,61.016,35.322,0.066,0.275,15956,1127,15023,13896,2161,1300,166,614,485,129,81,0,13903,428,162,0,0,0,0,5.000,0,0,0,0,0,0,0,0,0,0,0,0,0,0,0,0.000,0.000,0.000,,415,415,2056,0,1,14.610,278.539,15.764,279.625,0.000,0.000,411,410,8379,557,150,0,1451,2289,603,1,nack-deferred-likely-arrival,pending,H.264,0,1,24,22,2,6,5,2,5,17,0,0,16986,11,0,0,0,0,0,107.782,140,166,129,118,129,0,58.923,28.848,162.914,1,0,436,26,462,0,158,12,0.458,0.542,0.944,1.000,0.071,45.000,0.364,0.636,0.000,duplicate-guard,745,5686,0,0,417,5174,1451,13799,328,512,0,0,13785,deferred-likely-arrival,likely-arrival,2390,0.375,165,462,0,2,0,0,0,6,7,6,7,155,2398,155,2398,0,0,0,pacing,1,0.842,11.419,119.419,0,0,6,7,0,0,0,0,6,12,12,0,399,2,2,sent,77,198,0,7,54,4,0,0,12,33,6,12,6,21,598,2,stale-age,1,0,1,0,15,0,0,0,0,1,0,18,0,0,2407,1762,86,0,1,9500000,1200000,9,0,9,17074,17065,20946377,1081,1333533,548,679496,0,0,0,0,0,7.829,39.794,1009.188,4800.000,876,30965,15945,6972,15020,8048,0.304,66.537,0.000,876,8413580,11972910,0.276,29.848,0.532,30.593,30965,1451,418,13799,467,979,5,149,149,272,16,30,1,4,12,0,0,0,0,0,0,0,0,0,0,132,1,1,0,4,2881,2289,2289,0,0,0,0,0,,disabled,,0,0,0,0,,1,Fixed Quality,Hybrid,85,30,9500,12000,640,360,H.264,480,270,518400,28178,518400,28178,0.054,0.000,,0,0,0.000,1.825,0.000,0.000,0.126,7250,6750,6750,13,13,0,1,9500,1.000,0,10.139,0.000,0,0,0.000,0.000,0,0,0,0,1.000,0.000,0.000,1,0,0,disabled,24,0,0,82,209,82,108,19,158,158,0,5,large-au-observed,0,,0,0,0.016,23.729,0,,0.000,0.000,0.000,0.000,0,0,0,,22,0,0,8.741,0,606,0.126,0.000,0.000,0.125,0.000,0.096,0.010,1,1,1,1,0,1,1,0,0,0,1,0,0.860,153.880,0.000,26,0,0.000,0,0,0,0.000,0.000,0.000,0.000,0.000,0.000,0.000,1.689,12.595,0,0,0,0,0,0,0,0,0.000,0.000,0.000,0.000,0.000,0.000,0,0.408,19.573,411,415,2056,15.626,279.399,57.513,279.399,9285.906,246,1,H.264,128.675,0,0,278.539,279.625,1.001,233.127,127.808,arrival-gap-jitter-spike,12898.029,0,1,1,1,1,22183.935,462.773,489.982,490.610,490.610,0,0,4,0,0,3,0,,,152.344,153.267,529,1,H.264,0,0,0,0,0,0,0,0,0,0,,104.713,0.000,107.435,0.000,0.000,0.000,133.674,stale-before-decode,0.001,602,0.000,112.599,4.723,0.078,0.561,0.337,0.000,0.224,1,0,0,1,3,0.066,19.575,19.573,35.322,19.799,1.000,RecoveryDeadline,0,1,0,1.000,1,1,1,1,0.060,0.000,0.060,0,100,0,17087,15982,1064,0,952
23.187,Custom_loss6_delay0-100_dup0_reorder6_burst0,Loopback,1,1,0,,,0.000,0,21,629,21.076,19.137,17.975,102.093,102.377,61.970,61.063,10.189,0.065,0.279,16742,1162,15747,14585,2261,1358,177,641,508,133,85,0,14592,447,173,0,0,0,0,5.000,0,0,0,0,0,0,0,0,0,0,0,0,0,0,0,0.000,0.000,0.000,,432,432,2152,0,1,36.176,278.539,37.259,279.625,0.000,0.000,428,427,8757,580,159,0,1523,2389,633,1,fec-parity,pending,H.264,0,1,24,11,13,1,0,1,0,13,0,0,17893,22,0,0,0,0,0,46.020,146,177,133,122,133,0,59.286,28.567,162.914,1,0,457,29,486,0,164,14,0.452,0.548,0.940,1.000,0.079,40.000,0.250,0.750,0.250,retransmit-late,774,5928,0,0,436,5400,1523,14470,338,528,0,0,14455,predicted-useful,fec-grace,2506,0.542,173,486,0,2,0,0,0,6,7,6,7,162,2509,162,2509,0,0,0,pacing,1,0.806,7.960,115.960,0,0,6,7,0,0,0,0,6,12,12,0,399,2,2,sent,79,205,0,7,55,4,0,0,13,36,6,12,7,24,612,4,stale-age,1,0,1,0,15,0,0,0,0,1,0,21,0,0,2518,1848,90,0,1,9500000,1200000,4,0,4,17908,17904,21973977,1135,1400135,575,712502,0,0,0,0,0,7.340,39.794,868.375,4800.000,918,32457,16720,7280,15737,8457,0.303,33.254,0.000,918,5314716,9184095,1.311,27.858,0.460,21.636,32457,1523,437,14470,491,1027,5,158,158,290,17,31,1,5,12,0,0,0,0,0,0,0,0,0,0,140,1,1,0,4,3009,2389,2389,0,0,0,0,0,,disabled,,0,0,0,0,,1,Fixed Quality,Hybrid,85,30,9500,12000,640,360,H.264,480,270,518400,28178,518400,28178,0.054,0.000,,0,0,0.000,2.368,0.000,0.000,0.100,7250,6750,6750,13,13,0,1,9500,1.000,0,16.510,0.000,0,0,0.000,0.000,0,0,0,0,0.300,0.640,0.060,1,0,0,disabled,24,0,0,86,218,86,113,19,166,166,0,5,large-au-observed,0,,0,0,20.271,23.729,0,,0.000,0.000,0.000,0.000,0,0,0,,23,0,0,5.787,0,634,0.099,0.000,0.000,0.099,0.000,0.069,0.010,1,1,1,1,0,1,1,0,0,0,0,0,1.000,0.000,0.000,30,0,0.000,0,0,0,0.000,0.000,0.000,0.000,0.000,0.000,0.000,2.256,9.845,0,0,0,0,0,0,0,0,0.000,0.000,0.000,0.000,0.000,0.000,0,0.437,19.137,428,432,2152,37.284,279.399,57.513,279.399,9285.906,246,1,H.264,128.675,0,0,278.539,279.625,1.001,233.127,127.808,arrival-gap-jitter-spike,13901.489,0,1,1,1,1,23187.395,462.773,489.982,490.610,490.610,0,0,4,0,0,3,0,,,152.344,153.267,529,1,H.264,0,0,0,0,0,0,0,0,0,0,,104.073,0.000,107.039,0.000,0.000,0.000,131.047,stale-before-decode,0.001,629,0.000,112.304,4.806,0.084,0.301,0.001,0.000,0.300,1,0,0,1,3,0.065,21.076,19.137,10.189,17.975,2.000,RecoveryDeadline,0,1,0,0.000,1,2,2,1,0.060,0.000,0.060,0,100,0,17927,16767,1112,0,995
24.190,Custom_loss6_delay0-100_dup0_reorder6_burst0,Loopback,1,1,0,,,0.000,0,21,658,17.614,15.655,13.463,99.474,102.311,41.917,60.152,28.912,0.065,0.281,17453,1208,16412,15204,2366,1413,186,676,537,139,91,0,15211,464,181,0,0,0,0,5.000,0,0,0,0,0,0,0,0,0,0,0,0,0,0,0,0.000,0.000,0.000,,448,448,2248,0,1,26.755,278.539,27.860,279.625,0.000,0.000,444,443,9125,603,166,0,1583,2495,659,1,fec-recovered,pending,H.264,0,1,24,23,1,5,5,2,12,25,0,0,18582,0,0,0,0,0,0,86.423,151,186,139,128,139,0,59.687,28.108,162.914,1,0,477,29,506,0,170,14,0.448,0.552,0.943,1.000,0.076,44.000,0.000,1.000,0.000,insufficient-sample,800,6161,0,0,452,5614,1583,15073,348,547,0,0,15058,predicted-useful,fec-grace,2604,0.292,181,506,0,2,0,0,0,6,7,6,7,170,2641,170,2641,0,0,0,pacing,1,0.803,9.557,117.557,0,0,6,7,0,0,0,0,6,12,12,0,399,2,2,sent,80,207,0,8,55,4,0,0,13,36,6,12,7,24,651,2,stale-frame-lag,1,0,1,0,15,0,0,0,0,1,0,21,0,0,2650,1919,94,0,1,9500000,1200000,0,0,0,18648,18648,22885761,1185,1461761,600,743642,0,0,0,0,0,17.567,39.794,8430.062,4800.000,957,33839,17435,7568,16404,8836,0.303,10.123,1.466,957,5788427,8680745,2.959,18.276,0.499,14.205,33839,1583,454,15073,515,1063,5,165,165,302,18,32,1,6,12,0,0,0,0,0,0,0,0,0,0,146,1,1,0,4,3141,2495,2495,0,0,0,0,0,,disabled,,0,0,0,0,,1,Fixed Quality,Hybrid,85,30,9500,12000,640,360,H.264,480,270,518400,28178,518400,28178,0.054,0.000,,0,0,0.000,2.036,0.000,0.000,0.075,7250,6750,6750,13,13,0,1,9500,1.000,0,17.567,0.000,0,0,0.000,0.000,0,0,0,0,0.298,0.644,0.057,1,0,0,disabled,24,1,1,90,232,90,121,21,175,175,1,5,decoder-sync-observed,0,,0,0,15.665,23.729,0,,0.000,0.000,0.000,0.000,0,0,0,,24,0,0,6.168,0,661,0.074,0.000,0.000,0.074,0.000,0.051,0.007,1,1,1,1,0,1,1,0,0,0,0,0,1.000,0.000,0.000,30,0,0.000,0,0,0,0.000,0.000,0.000,0.000,0.000,0.000,0.000,1.945,10.235,0,0,0,0,0,0,0,0,0.000,0.000,0.000,0.000,0.000,0.000,0,0.357,15.655,444,448,2248,27.821,279.399,57.513,279.399,9285.906,246,1,H.264,128.675,0,0,278.539,279.625,1.001,233.127,127.808,arrival-gap-jitter-spike,14904.695,0,1,1,1,1,24190.601,462.773,489.982,490.610,490.610,0,0,4,0,0,3,0,,,152.344,153.267,529,1,H.264,0,0,0,0,0,0,0,0,0,0,,101.127,0.000,103.927,0.000,0.000,0.000,129.737,stale-before-decode,0.000,658,0.000,110.164,5.861,0.074,0.835,0.612,0.000,0.223,1,0,0,1,3,0.065,17.614,15.655,28.912,13.463,1.000,Loss,0,1,0,1.000,1,1,1,1,0.060,0.000,0.060,0,100,0,18672,17480,1153,0,1036
25.197,Custom_loss6_delay0-100_dup0_reorder6_burst0,Loopback,1,1,0,,,0.000,0,21,688,19.454,19.453,21.695,88.507,102.272,28.126,58.696,24.735,0.064,0.279,18273,1256,17181,15925,2474,1478,194,709,562,147,93,0,15933,486,188,0,0,0,0,5.000,0,0,0,0,0,0,0,0,0,0,0,0,0,0,0,0.000,0.000,0.000,,470,470,2342,0,1,25.561,278.539,26.669,279.625,0.000,0.000,466,465,9543,633,173,0,1656,2607,689,1,fec-recovered,pending,H.264,0,1,24,13,11,3,2,1,3,15,0,0,19484,6,0,0,0,0,0,51.653,160,194,147,136,147,0,59.962,28.042,162.914,1,0,502,29,531,0,180,15,0.452,0.548,0.945,1.000,0.077,45.000,0.500,0.500,0.000,duplicate-guard,834,6447,0,0,472,5876,1656,15786,362,571,0,0,15770,deferred-likely-arrival,likely-arrival,2727,0.000,190,531,0,2,0,0,0,6,7,6,7,179,2787,179,2787,0,0,0,pacing,1,0.803,8.669,116.669,0,0,6,7,0,0,0,0,6,12,12,0,399,2,2,sent,84,218,0,8,59,4,0,0,13,36,6,12,7,24,684,3,stale-age,1,0,1,0,15,0,0,0,0,1,0,21,0,0,2796,2008,98,0,1,9500000,1200000,0,0,0,19513,19513,23945737,1240,1529605,625,774790,0,0,0,0,0,17.634,39.794,8350.500,4800.000,1000,35440,18261,7893,17179,9286,0.302,9.863,2.075,1000,7025413,10914012,1.653,11.863,0.458,15.814,35440,1656,476,15786,542,1109,5,172,172,314,19,33,1,7,12,0,0,0,0,0,0,0,0,0,0,152,1,1,0,4,3286,2607,2607,0,0,0,0,0,,disabled,,0,0,0,0,,1,Fixed Quality,Hybrid,85,30,9500,12000,640,360,H.264,480,270,518400,0,518400,28178,0.054,0.000,,0,0,0.000,4.628,0.000,3.950,0.657,7250,6750,6750,13,13,0,1,9500,1.000,0,17.634,0.000,0,0,0.000,0.000,0,0,0,0,0.301,0.644,0.055,1,0,0,disabled,0,0,0,94,241,94,126,21,183,183,0,5,async-output-pending,0,,0,0,0.000,0.000,0,,17.553,10679.938,39583.333,0.000,0,0,0,,25,0,0,0.000,1,0,0.648,0.155,0.493,0.000,0.000,0.000,0.000,0,0,1,1,1,0,0,1,1,0,0,0,1.000,0.000,0.000,30,0,0.000,0,0,0,0.000,0.000,0.000,0.000,0.000,0.000,0.000,0.000,10.215,0,0,0,0,0,0,0,0,0.000,0.000,0.000,0.000,0.000,0.000,0,0.442,19.453,466,470,2342,26.660,279.399,57.513,279.399,9285.906,246,1,H.264,128.675,0,0,278.539,279.625,1.001,233.127,127.808,arrival-gap-jitter-spike,15911.294,0,1,1,1,1,25197.200,462.773,489.982,490.610,490.610,0,0,4,0,0,3,0,,,152.344,153.267,529,1,H.264,0,0,0,0,0,0,0,0,0,0,,100.330,0.000,103.232,0.000,0.000,0.000,124.254,stale-before-decode,0.001,688,0.000,109.140,5.443,0.079,0.620,0.387,0.000,0.232,1,0,0,1,3,0.064,19.454,19.453,24.735,21.695,1.000,Loss,0,1,0,0.000,0,2,2,1,0.060,0.000,0.060,0,100,0,19538,18302,1199,0,1065
26.200,Custom_loss6_delay0-100_dup0_reorder6_burst0,Loopback,1,1,0,,,0.000,0,21,717,19.220,19.202,18.763,100.639,102.300,57.454,58.642,6.166,0.064,0.275,19058,1307,17922,16615,2574,1535,202,741,585,156,96,0,16622,508,193,0,0,0,0,5.000,0,0,0,0,0,0,0,0,0,0,0,0,0,0,0,0.000,0.000,0.000,,492,492,2436,0,1,44.775,278.539,45.864,279.625,0.000,0.000,488,486,9945,664,178,0,1725,2722,718,1,fec-recovered,pending,H.264,0,1,24,18,6,5,3,1,3,11,0,0,20315,5,0,0,0,0,0,61.013,164,202,156,145,156,0,61.196,27.281,162.914,1,0,523,29,552,0,184,17,0.448,0.552,0.947,1.000,0.085,39.000,0.000,1.000,1.000,retransmit-late,860,6684,0,0,491,6101,1725,16475,369,583,0,0,16458,deferred-likely-arrival,likely-arrival,2841,0.000,197,552,0,2,0,0,0,6,7,6,7,186,2909,186,2909,0,0,0,pacing,1,0.827,12.778,120.778,0,0,6,7,0,0,0,0,6,12,12,0,399,2,2,sent,86,220,0,9,60,4,0,0,13,36,6,12,7,24,713,1,stale-frame-lag,1,0,1,0,15,0,0,0,0,1,0,21,0,0,2918,2093,102,0,1,9500000,1200000,11,0,11,20374,20363,24987627,1291,1592473,651,807182,0,0,0,0,0,0.710,39.794,857.375,4800.000,1043,36965,19043,8210,17922,9712,0.301,34.507,0.038,1043,5821309,9506782,1.433,15.356,0.483,19.617,36965,1725,498,16475,566,1154,5,177,177,323,21,35,1,9,12,0,0,0,0,0,0,0,0,0,0,155,1,1,0,4,3430,2722,2722,0,0,0,0,0,,disabled,,0,0,0,0,,1,Fixed Quality,Hybrid,85,30,9500,12000,640,360,H.264,480,270,518400,28178,518400,28178,0.054,0.000,,0,0,0.000,2.320,0.000,0.000,0.078,7250,6750,6750,13,13,0,1,9500,1.000,0,12.658,0.000,0,0,0.000,0.000,0,0,0,0,0.297,0.650,0.053,1,0,0,disabled,24,0,0,98,252,98,132,22,191,191,0,5,large-au-observed,0,,0,0,14.444,23.729,0,,0.000,0.000,0.000,0.000,0,0,0,,26,0,0,4.861,0,720,0.077,0.000,0.000,0.077,0.000,0.052,0.008,1,1,1,1,0,1,1,0,0,0,1,0,0.860,107.598,0.000,26,0,0.000,0,0,0,0.000,0.000,0.000,0.000,0.000,0.000,0.000,2.205,10.073,0,0,0,0,0,0,0,0,0.000,0.000,0.000,0.000,0.000,0.000,0,0.419,19.202,488,492,2436,45.786,279.399,57.513,279.399,9285.906,246,1,H.264,128.675,0,0,278.539,279.625,1.001,233.127,127.808,arrival-gap-jitter-spike,16913.968,0,1,1,1,1,26199.874,462.773,489.982,490.610,490.610,0,0,4,0,0,3,0,,,152.344,153.267,529,1,H.264,0,0,0,0,0,0,0,0,0,0,,102.318,0.000,105.171,4.760,0.000,109.648,130.320,stale-before-decode,0.001,716,0.000,109.964,4.182,0.096,0.284,0.001,0.000,0.283,1,0,0,1,3,0.064,19.220,19.202,6.166,18.763,1.000,Loss,0,1,0,1.000,0,1,1,1,0.060,0.000,0.060,0,100,0,20389,19086,1256,0,1120
27.204,Custom_loss6_delay0-100_dup0_reorder6_burst0,Loopback,1,1,0,,,0.000,0,21,744,18.404,18.418,19.627,100.990,102.421,99.299,60.336,23.048,0.065,0.273,19797,1365,18629,17264,2680,1598,206,778,613,165,98,0,17271,527,198,0,0,0,0,5.000,0,0,0,0,0,0,0,0,0,0,0,0,0,0,0,0.000,0.000,0.000,,511,511,2527,0,1,30.210,278.539,31.288,279.625,0.000,0.000,507,506,10329,692,183,0,1792,2831,746,1,nack-deferred-likely-arrival,pending,H.264,0,1,24,23,1,3,3,1,6,8,0,0,21101,15,0,0,0,0,0,83.274,175,206,165,154,165,0,61.393,27.225,162.914,1,0,547,30,577,0,191,17,0.459,0.541,0.948,1.000,0.082,43.000,0.600,0.400,0.000,stable,897,6958,0,0,508,6339,1792,17157,389,619,0,0,17138,deferred-likely-arrival,likely-arrival,2953,0.500,207,577,0,2,0,0,0,6,7,6,7,195,3063,195,3063,0,0,0,pacing,1,0.792,4.586,112.586,0,0,6,7,0,0,0,0,7,14,14,0,721,2,2,sent,88,226,0,9,61,4,0,0,14,38,7,14,7,24,724,4,stale-age,1,0,1,0,15,0,0,0,0,1,0,24,0,0,3072,2174,106,0,1,9500000,1200000,0,0,0,21149,21149,25950475,1346,1660317,680,842682,0,0,0,0,0,18.194,39.794,8907.062,4800.000,1083,38407,19787,8513,18620,10107,0.301,2.601,1.200,1083,5035019,8234703,0.983,20.654,0.434,19.060,38407,1792,517,17157,593,1194,5,182,182,335,22,37,2,9,13,0,0,0,0,0,0,0,0,0,0,159,1,1,0,4,3553,2831,2831,0,0,0,0,0,,disabled,,0,0,0,0,,1,Fixed Quality,Hybrid,85,30,9500,12000,640,360,H.264,480,270,518400,28176,518400,28176,0.054,0.000,,0,0,0.000,1.822,0.000,0.000,0.089,7250,6750,6750,13,13,0,1,9500,1.000,0,18.198,0.000,0,0,0.000,0.000,0,0,0,0,0.303,0.645,0.052,1,0,0,disabled,24,0,0,102,265,102,140,23,200,200,0,5,large-au-observed,0,,0,0,12.409,23.727,0,,0.000,0.000,0.000,0.000,0,0,0,,27,0,0,5.808,0,748,0.089,0.000,0.000,0.088,0.000,0.057,0.015,1,1,1,1,0,1,1,0,0,0,1,0,0.860,70.654,0.000,26,0,0.000,0,0,0,0.000,0.000,0.000,0.000,0.000,0.000,0.000,1.725,10.127,0,0,0,0,0,0,0,0,0.000,0.000,0.000,0.000,0.000,0.000,0,0.394,18.418,507,511,2527,31.266,279.399,57.513,279.399,9285.906,246,1,H.264,128.675,0,0,278.539,279.625,1.001,233.127,127.808,arrival-gap-jitter-spike,17918.218,0,1,1,1,1,27204.124,462.773,489.982,490.610,490.610,0,0,4,0,0,3,0,,,152.344,153.267,529,1,H.264,0,0,0,0,0,0,0,0,0,0,,102.832,0.000,105.684,0.000,0.000,0.000,130.495,stale-before-decode,0.000,744,0.000,110.784,4.680,0.075,0.644,0.375,0.000,0.269,1,0,0,1,3,0.065,18.404,18.418,23.048,19.627,1.000,RecoveryDeadline,0,1,0,0.000,3,2,2,1,0.060,0.000,0.060,0,100,0,21176,19826,1306,0,1152
28.211,Custom_loss6_delay0-100_dup0_reorder6_burst0,Loopback,1,1,0,,,0.000,0,21,773,20.168,18.330,21.721,115.600,102.422,99.299,60.336,42.421,0.064,0.273,20630,1419,19408,17989,2798,1666,214,815,642,173,103,0,17996,549,206,0,0,0,0,5.000,0,0,0,0,0,0,0,0,0,0,0,0,0,0,0,0.000,0.000,0.000,,532,532,2619,0,1,84.191,278.539,85.293,279.625,0.000,0.000,528,527,10755,722,190,0,1862,2952,776,1,nack-suppressed-fec-grace,pending,H.264,0,1,24,10,14,1,1,0,0,0,0,0,22022,9,0,0,0,0,0,46.015,183,214,173,162,173,0,61.668,27.421,162.914,1,0,571,32,603,0,201,18,0.461,0.539,0.947,1.000,0.082,45.000,0.375,0.625,0.200,duplicate-guard,934,7236,0,0,528,6595,1862,17860,406,641,0,0,17841,predicted-useful,fec-grace,3071,0.167,217,603,0,2,0,0,0,6,7,6,7,205,3234,205,3234,0,0,0,pacing,1,0.814,9.279,117.279,0,0,6,7,0,0,0,0,7,14,14,0,721,2,2,sent,91,235,0,9,64,4,0,0,14,38,7,14,7,24,756,1,stale-age,1,0,1,0,15,0,0,0,0,1,0,24,0,0,3243,2258,110,0,1,9500000,1200000,1,0,1,22045,22044,27047191,1402,1729407,706,874452,0,0,0,0,0,9.766,39.794,667.750,4800.000,1128,40019,20621,8862,19398,10536,0.301,1.227,0.967,1128,6010175,9500607,0.858,20.654,0.442,9.699,40019,1862,539,17860,617,1240,5,189,189,347,24,40,2,10,14,0,0,0,0,0,0,0,0,0,0,164,1,1,0,4,3698,2952,2952,0,0,0,0,0,,disabled,,0,0,0,0,,1,Fixed Quality,Hybrid,85,30,9500,12000,640,360,H.264,480,270,518400,28178,518400,28178,0.054,0.000,,0,0,0.000,1.849,0.000,0.000,0.077,7250,6750,6750,13,13,0,1,9500,1.000,0,9.766,0.000,0,0,0.000,0.000,0,0,0,0,0.303,0.643,0.053,1,0,0,disabled,24,0,0,106,273,106,144,23,208,208,0,5,large-au-observed,0,,0,0,14.203,23.729,0,,0.000,0.000,0.000,0.000,0,0,0,,28,0,0,5.390,0,777,0.077,0.000,0.000,0.077,0.000,0.052,0.008,1,1,1,1,0,1,1,0,0,0,0,0,1.000,0.000,0.000,30,0,0.000,0,0,0,0.000,0.000,0.000,0.000,0.000,0.000,0.000,1.761,9.335,0,0,0,0,0,0,0,0,0.000,0.000,0.000,0.000,0.000,0.000,0,0.387,18.330,528,532,2619,85.310,279.399,57.513,279.399,9285.906,246,1,H.264,128.675,0,0,278.539,279.625,1.001,233.127,127.808,arrival-gap-jitter-spike,18924.982,0,1,1,1,1,28210.888,462.773,489.982,490.610,490.610,0,0,4,0,0,3,0,,,152.344,153.267,529,1,H.264,0,0,0,0,0,0,0,0,0,0,,101.886,0.000,104.799,0.000,0.000,0.000,142.800,stale-before-decode,0.000,773,0.000,109.456,4.249,0.076,0.417,0.188,0.000,0.229,1,0,0,1,3,0.064,20.168,18.330,42.421,21.721,1.000,RecoveryDeadline,0,1,0,2.000,1,2,2,1,0.060,0.000,0.060,0,100,0,22072,20665,1361,0,1206
29.212,Custom_loss6_delay0-100_dup0_reorder6_burst0,Loopback,1,1,0,,,0.000,0,21,802,21.969,21.971,25.063,85.169,102.540,51.647,59.988,37.571,0.064,0.269,21404,1472,20125,18653,2908,1733,226,843,664,179,106,0,18660,572,211,0,0,0,0,5.000,0,0,0,0,0,0,0,0,0,0,0,0,0,0,0,0.000,0.000,0.000,,555,555,2711,0,1,6.777,278.539,7.948,279.625,0.000,0.000,551,550,11151,751,195,0,1928,3063,804,1,fec-parity,pending,H.264,0,1,24,4,20,2,0,0,0,0,0,0,22866,15,0,0,0,0,0,22.382,190,226,179,168,179,0,62.056,27.132,162.914,1,0,596,34,630,0,211,18,0.457,0.543,0.946,1.000,0.079,45.000,0.167,0.833,0.000,duplicate-guard,966,7499,0,0,546,6834,1928,18522,420,665,0,0,18501,predicted-useful,fec-grace,3182,0.500,226,630,0,2,0,0,0,6,7,6,7,214,3372,214,3372,0,0,0,pacing,1,0.764,10.407,118.407,0,0,6,7,0,0,0,0,7,14,14,0,721,2,2,sent,91,235,0,9,64,4,0,0,14,38,7,14,7,24,756,1,stale-age,1,0,1,0,15,0,0,0,0,1,0,24,0,0,3381,2337,114,0,1,9500000,1200000,0,0,0,22852,22852,28037415,1459,1799741,736,911820,0,0,0,0,0,17.840,39.794,8470.438,4800.000,1170,41508,21391,9208,20117,10909,0.301,3.215,0.909,1170,5786004,8831943,0.830,6.992,0.484,20.403,41508,1928,562,18522,641,1282,5,194,194,359,24,40,2,10,14,0,0,0,0,0,0,0,0,0,0,169,1,1,0,4,3832,3063,3063,0,0,0,0,0,,disabled,,0,0,0,0,,1,Fixed Quality,Hybrid,85,30,9500,12000,640,360,H.264,480,270,518400,0,518400,28178,0.054,0.000,,0,0,0.000,5.001,0.000,4.120,0.831,7250,6750,6750,13,13,0,1,9500,1.000,0,17.840,0.000,0,0,0.000,0.000,0,0,0,0,0.302,0.644,0.054,1,0,0,disabled,0,0,0,110,282,110,149,23,216,216,0,5,async-output-pending,0,,0,0,0.000,0.000,0,,17.563,10561.188,45673.077,0.000,0,0,0,,29,0,0,0.000,1,0,0.815,0.184,0.628,0.000,0.000,0.000,0.000,0,0,1,1,1,0,0,1,1,0,1,0,0.860,167.596,0.000,26,0,0.000,0,0,0,0.000,0.000,0.000,0.000,0.000,0.000,0.000,0.000,20.157,0,0,0,0,0,0,0,0,0.000,0.000,0.000,0.000,0.000,0.000,0,0.471,21.971,551,555,2711,8.028,279.399,57.513,279.399,9285.906,246,1,H.264,128.675,0,0,278.539,279.625,1.001,233.127,127.808,arrival-gap-jitter-spike,19926.513,0,1,1,1,1,29212.419,462.773,489.982,490.610,490.610,0,0,4,0,0,3,0,,,152.344,153.267,529,1,H.264,0,0,0,0,0,0,0,0,0,0,,105.240,0.000,107.973,0.000,0.000,0.000,127.584,stale-before-decode,0.001,802,0.000,112.735,4.270,0.087,0.290,0.001,0.000,0.289,1,0,0,1,3,0.064,21.969,21.971,37.571,25.063,1.000,Jitter,0,1,0,0.000,2,2,2,1,0.060,0.000,0.060,0,100,0,22881,21438,1407,0,1247
30.217,Custom_loss6_delay0-100_dup0_reorder6_burst0,Loopback,1,1,0,,,0.000,0,21,830,21.178,21.177,25.243,92.468,102.535,80.293,60.769,11.321,0.064,0.266,22244,1517,20904,19387,3014,1796,232,875,687,188,111,0,19394,595,216,0,0,0,0,5.000,0,0,0,0,0,0,0,0,0,0,0,0,0,0,0,0.000,0.000,0.000,,578,578,2803,0,1,34.904,278.539,35.897,279.625,0.000,0.000,574,573,11550,783,200,0,2001,3169,832,1,nack-sent,pending,H.264,0,1,24,11,13,2,0,1,0,13,0,0,23718,1,0,0,0,0,0,47.922,199,232,188,177,188,0,62.189,27.636,162.914,1,0,620,35,655,0,219,19,0.462,0.538,0.947,1.000,0.080,40.000,0.429,0.571,0.500,retransmit-late,999,7791,0,0,567,7107,2001,19271,432,684,0,0,19249,predicted-useful,fec-grace,3302,0.542,235,655,0,2,0,0,0,6,7,6,7,223,3515,223,3515,0,0,0,pacing,1,0.769,6.445,114.445,0,0,6,7,0,0,0,0,7,14,14,0,721,2,2,sent,93,242,0,9,66,4,0,0,14,38,7,14,7,24,813,4,stale-age,1,0,1,0,15,0,0,0,0,1,0,25,0,0,3524,2421,118,0,1,9500000,1200000,0,0,0,23747,23747,29134137,1514,1867587,763,944834,0,0,0,0,0,11.644,39.794,623.062,4800.000,1214,43125,22223,9576,20902,11326,0.301,5.176,1.958,1214,7058565,11019413,1.214,11.323,0.512,7.621,43125,2001,585,19271,665,1331,5,199,199,370,24,40,2,10,14,0,0,0,0,0,0,0,0,0,0,174,1,1,0,4,3967,3169,3169,0,0,0,0,0,,disabled,,0,0,0,0,,1,Fixed Quality,Hybrid,85,30,9500,12000,640,360,H.264,480,270,518400,28176,518400,28176,0.054,0.000,,0,0,0.000,2.030,0.000,0.000,0.079,7250,6750,6750,13,13,0,1,9500,1.000,0,11.644,0.000,0,0,0.000,0.000,0,0,0,0,0.304,0.643,0.053,1,0,0,disabled,24,0,0,114,290,114,153,23,224,224,0,5,large-au-observed,0,,0,0,15.367,23.727,0,,0.000,0.000,0.000,0.000,0,0,0,,30,0,0,8.170,0,833,0.079,0.000,0.000,0.078,0.000,0.056,0.006,1,1,1,1,0,1,1,0,0,0,0,0,1.000,0.000,0.000,30,0,0.000,0,0,0,0.000,0.000,0.000,0.000,0.000,0.000,0.000,1.943,12.600,0,0,0,0,0,0,0,0,0.000,0.000,0.000,0.000,0.000,0.000,0,0.432,21.177,574,578,2803,35.999,279.399,57.513,279.399,9285.906,246,1,H.264,128.675,0,0,278.539,279.625,1.001,233.127,127.808,arrival-gap-jitter-spike,20931.722,0,1,1,1,1,30217.628,462.773,489.982,490.610,490.610,0,0,4,0,0,3,0,,,152.344,153.267,529,1,H.264,0,0,0,0,0,0,0,0,0,0,,99.807,0.000,102.606,0.000,0.000,0.000,126.234,stale-before-decode,0.001,830,0.000,108.405,5.347,0.081,0.754,0.515,0.000,0.239,1,0,0,1,3,0.064,21.178,21.177,11.321,25.243,1.000,RecoveryDeadline,0,1,0,1.000,1,1,1,1,0.060,0.000,0.060,0,100,0,23777,22280,1453,0,1304
31.221,Custom_loss6_delay0-100_dup0_reorder6_burst0,Loopback,1,1,0,,,0.000,0,21,855,22.577,22.595,22.715,121.824,102.639,97.297,62.122,31.808,0.063,0.267,23039,1561,21651,20090,3134,1860,244,914,720,194,116,0,20097,614,224,0,0,0,0,5.000,0,0,0,0,0,0,0,0,0,0,0,0,0,0,0,0.000,0.000,0.000,,596,596,2900,0,1,54.099,278.539,55.286,279.625,0.000,0.000,592,591,11965,808,207,0,2071,3284,859,1,expired-no-slack,expired,H.264,0,1,24,22,2,6,4,3,4,15,0,0,24505,13,0,0,0,0,0,123.851,207,244,194,183,194,0,61.900,27.985,162.914,1,0,646,36,682,0,227,20,0.459,0.541,0.947,1.000,0.081,44.000,0.500,0.500,0.000,insufficient-sample,1034,8043,0,0,585,7331,2071,19978,449,712,0,0,19955,predicted-useful,fec-grace,3416,0.458,244,682,0,3,0,0,0,6,7,6,7,231,3651,231,3651,0,0,0,pacing,1,0.816,9.050,117.050,0,0,6,7,0,0,0,0,7,14,14,0,721,2,2,sent,94,246,0,9,66,4,0,0,15,42,7,14,8,28,843,4,selected-repair,1,0,1,0,15,0,0,0,0,1,0,25,0,0,3661,2503,122,0,1,9500000,1200000,0,0,0,24584,24584,30159857,1571,1937919,789,977226,0,0,0,0,0,17.336,39.794,6988.438,4800.000,1256,44672,23021,9945,21651,11706,0.302,3.691,1.236,1256,5622691,9274721,1.318,12.459,0.504,5.813,44672,2071,604,19978,692,1374,5,206,206,381,25,41,1,11,14,0,0,0,0,0,0,0,0,0,0,180,1,1,0,4,4110,3284,3284,0,0,0,0,0,,disabled,,0,0,0,0,,1,Fixed Quality,Hybrid,85,30,9500,12000,640,360,H.264,480,270,518400,0,518400,28178,0.054,0.000,,0,0,0.000,0.007,0.000,0.000,0.003,7250,6750,6750,13,13,0,1,9500,1.000,0,17.336,0.000,0,0,0.000,0.000,0,0,0,0,0.304,0.644,0.053,1,0,0,disabled,0,0,0,118,302,118,159,25,233,233,0,5,async-output-pending,0,,0,0,0.000,0.000,0,,0.000,0.000,0.000,0.000,0,0,0,,31,0,0,0.000,1,0,0.000,0.000,0.000,0.000,0.000,0.000,0.000,0,0,0,0,0,0,0,0,1,1,1,1,1.000,180.000,1.500,30,0,0.000,0,0,0,0.000,0.000,0.000,0.000,0.000,0.000,0.000,0.000,6.299,0,0,0,0,0,0,0,0,0.000,0.000,0.000,0.000,0.000,0.000,0,0.354,22.594,592,596,2900,55.129,279.399,57.513,279.399,9285.906,246,1,H.264,128.675,0,0,278.539,279.625,1.001,233.127,127.808,arrival-gap-jitter-spike,21935.501,0,1,1,1,1,31221.407,462.773,489.982,490.610,490.610,0,0,4,0,0,3,0,,,152.344,153.267,529,1,H.264,0,0,0,0,0,0,0,0,0,0,,99.054,0.000,101.874,0.000,0.000,0.000,120.000,stale-before-decode,0.001,856,0.000,107.444,5.195,0.076,1.084,0.841,0.000,0.243,1,0,0,1,3,0.063,22.577,22.595,31.808,22.715,2.000,RecoveryDeadline,0,1,0,0.000,0,1,1,1,0.060,0.000,0.060,0,100,0,24615,23080,1500,0,1347
32.224,Custom_loss6_delay0-100_dup0_reorder6_burst0,Loopback,1,1,0,,,0.000,0,21,887,15.289,13.386,13.622,95.349,102.645,66.801,62.289,32.456,0.064,0.275,23804,1626,22377,20751,3236,1929,251,933,734,199,123,0,20758,629,238,0,0,0,0,5.000,0,0,0,0,0,0,0,0,0,0,0,0,0,0,0,0.000,0.000,0.000,,610,610,2996,0,1,31.893,278.539,32.950,279.625,0.000,0.000,606,605,12350,828,220,0,2148,3385,889,1,nack-sent,pending,H.264,0,1,24,10,14,2,0,1,0,14,0,0,25394,7,0,0,0,0,0,51.974,214,251,199,188,199,0,62.253,27.597,162.914,1,0,665,38,703,0,234,21,0.460,0.540,0.946,1.000,0.082,43.000,0.667,0.333,0.000,stable,1063,8331,0,0,604,7605,2148,20711,459,726,0,0,20686,predicted-useful,fec-grace,3528,0.250,251,703,0,3,0,0,0,6,7,6,7,238,3754,238,3754,0,0,0,pacing,1,0.746,14.121,122.121,0,0,6,7,0,0,0,0,7,14,14,0,721,2,2,sent,97,253,0,9,69,4,0,0,15,42,7,14,8,28,881,2,stale-age,1,0,1,0,16,0,0,0,0,1,0,25,0,0,3764,2592,126,0,1,9500000,1200000,3,0,3,25415,25412,31174355,1622,2000789,815,1008988,0,0,0,0,0,7.835,39.794,547.375,4800.000,1298,46168,23800,10323,22368,12045,0.303,37.528,0.000,1298,5212089,8464382,1.308,3.868,0.463,16.357,46168,2147,619,20697,716,1426,5,219,219,404,26,43,2,11,15,0,0,0,0,0,0,0,0,0,0,192,1,1,0,4,4241,3385,3385,0,0,0,0,0,,disabled,,0,0,0,0,,1,Fixed Quality,Hybrid,85,30,9500,12000,640,360,H.264,480,270,518400,28178,518400,28178,0.054,0.000,,0,0,0.000,1.986,0.000,0.000,0.082,7250,6750,6750,13,13,0,1,9500,1.000,0,12.473,0.000,0,0,0.000,0.000,0,0,0,0,0.304,0.642,0.054,1,0,0,disabled,24,0,0,122,311,122,164,25,241,241,0,5,large-au-observed,0,,0,0,17.572,23.729,0,,0.000,0.000,0.000,0.000,0,0,0,,32,0,0,6.367,0,890,0.081,0.000,0.000,0.081,0.000,0.057,0.007,1,1,1,1,0,1,1,0,0,0,0,0,1.000,0.000,0.000,30,0,0.000,0,0,0,0.000,0.000,0.000,0.000,0.000,0.000,0.000,1.897,10.209,0,0,0,0,0,0,0,0,0.000,0.000,0.000,0.000,0.000,0.000,0,0.494,13.386,606,610,2996,32.958,279.399,57.513,279.399,9285.906,246,1,H.264,128.675,0,0,278.539,279.625,1.001,233.127,127.808,arrival-gap-jitter-spike,22937.838,0,1,1,1,1,32223.744,462.773,489.982,490.610,490.610,0,0,4,0,0,3,0,,,152.344,153.267,529,1,H.264,0,0,0,0,0,0,0,0,0,0,,98.430,0.000,101.197,0.000,0.000,0.000,127.674,stale-before-decode,0.001,887,0.000,107.057,5.320,0.091,0.266,0.001,0.000,0.266,1,0,0,1,3,0.064,15.289,13.386,32.456,13.622,1.000,RecoveryDeadline,0,1,0,0.000,1,1,1,1,0.060,0.000,0.060,0,100,0,25444,23840,1555,0,1390
33.224,Custom_loss6_delay0-100_dup0_reorder6_burst0,Loopback,1,1,0,,,0.000,0,21,916,19.346,19.357,17.563,105.882,102.629,8.194,60.424,18.232,0.064,0.276,24623,1681,23156,21475,3352,1993,258,970,763,207,131,0,21482,648,247,0,0,0,0,5.000,0,0,0,0,0,0,0,0,0,0,0,0,0,0,0,0.000,0.000,0.000,,629,629,3090,0,1,68.768,278.539,69.923,279.625,0.000,0.000,625,624,12773,855,229,0,2219,3505,917,1,fec-parity,pending,H.264,1,1,24,20,4,5,2,3,15,49,1,0,26238,20,26253,2,0,0,0,84.272,223,258,207,196,207,0,62.512,27.594,162.914,1,0,689,40,729,0,245,23,0.464,0.536,0.945,1.000,0.086,45.000,0.200,0.800,0.000,duplicate-guard,1097,8595,0,0,623,7842,2219,21417,474,753,0,0,21392,predicted-useful,likely-arrival,3645,0.000,261,729,0,3,0,0,0,6,7,6,7,248,3915,248,3915,0,0,0,pacing,1,0.776,7.602,115.602,0,0,6,7,0,0,0,0,7,14,14,0,721,2,2,sent,100,263,0,10,71,4,0,0,15,42,7,14,8,28,916,4,stale-age,1,0,1,0,16,0,0,0,0,1,0,25,0,0,3925,2679,130,0,1,9500000,1200000,0,0,0,26281,26281,32239331,1678,2069879,841,1041380,0,0,0,0,0,15.418,39.794,2194.125,4800.000,1342,47750,24601,10702,23149,12447,0.303,2.857,0.996,1342,5865776,8767779,1.232,-8.627,0.521,8.549,47750,2219,638,21417,740,1474,5,228,228,422,26,43,2,11,15,0,0,0,0,0,0,0,0,0,0,201,1,1,0,4,4387,3505,3505,0,0,0,0,0,,disabled,,0,0,0,0,,1,Fixed Quality,Hybrid,85,30,9500,12000,640,360,H.264,480,270,518400,28178,518400,28178,0.054,0.000,,0,0,0.000,1.956,0.000,0.000,0.071,7250,6750,6750,13,13,0,1,9500,1.000,0,15.418,0.000,0,0,0.000,0.000,0,0,0,0,0.306,0.639,0.055,1,0,0,disabled,24,0,0,126,321,126,169,26,249,249,0,5,large-au-observed,0,,0,0,15.314,23.729,0,,0.000,0.000,0.000,0.000,0,0,0,,33,0,0,5.914,0,919,0.071,0.000,0.000,0.070,0.000,0.047,0.008,1,1,1,1,0,1,1,0,0,0,0,0,1.000,0.000,0.000,30,0,0.000,0,0,0,0.000,0.000,0.000,0.000,0.000,0.000,0.000,1.877,28.692,0,0,0,0,0,0,0,0,0.000,0.000,0.000,0.000,0.000,0.000,0,0.415,19.357,625,629,3090,69.815,279.399,57.513,279.399,9285.906,246,1,H.264,128.675,0,0,278.539,279.625,1.001,233.127,127.808,arrival-gap-jitter-spike,23938.596,0,1,1,1,1,33224.502,462.773,489.982,490.610,490.610,0,0,4,0,0,3,0,,,152.344,153.267,529,1,H.264,0,0,0,0,0,0,0,0,0,0,,106.195,0.000,109.112,0.000,0.000,0.000,132.941,stale-before-decode,0.001,916,0.000,115.754,6.205,0.074,0.904,0.644,0.000,0.261,1,0,0,1,3,0.064,19.346,19.357,18.232,17.563,1.000,Loss,0,1,0,0.500,2,1,1,1,0.060,0.000,0.060,0,100,0,26314,24663,1604,0,1455
34.225,Custom_loss6_delay0-100_dup0_reorder6_burst0,Loopback,1,1,0,,,0.000,0,21,944,14.518,14.511,23.047,122.515,102.672,15.619,58.930,33.706,0.063,0.274,25369,1717,23841,22124,3464,2058,264,1009,791,218,133,0,22131,668,252,0,0,0,0,5.000,0,0,0,0,0,0,0,0,0,0,0,0,0,0,0,0.000,0.000,0.000,,649,649,3181,0,1,34.062,278.539,35.173,279.625,0.000,0.000,645,644,13153,886,234,0,2282,3620,946,1,nack-sent,pending,H.264,0,1,24,20,4,3,3,1,0,4,0,0,27049,21,0,0,0,0,0,57.583,231,264,218,207,218,0,61.692,28.391,162.914,1,0,714,41,755,0,252,24,0.467,0.533,0.946,1.000,0.087,45.000,0.200,0.800,0.000,duplicate-guard,1119,8832,0,0,640,8070,2282,22052,479,762,0,0,22027,predicted-useful,fec-grace,3750,0.000,270,755,0,3,0,0,0,6,7,6,7,256,4045,256,4045,0,0,0,pacing,1,0.794,6.780,114.780,0,0,6,7,0,0,0,0,7,14,14,0,721,2,2,sent,103,274,0,10,73,4,0,0,16,46,7,14,9,32,940,4,stale-age,1,0,1,0,16,0,0,0,0,1,0,29,0,0,4055,2754,134,0,1,9500000,1200000,0,0,0,27057,27057,33189695,1734,2138347,866,1072528,0,0,0,0,0,17.255,39.794,6897.000,4800.000,1383,49194,25360,11077,23834,12757,0.304,16.741,0.053,1383,10543082,14979724,0.486,7.425,0.455,19.038,49194,2282,658,22052,764,1513,5,233,233,429,28,45,1,13,15,0,0,0,0,0,0,0,0,0,0,204,1,1,0,4,4517,3620,3620,0,0,0,0,0,,disabled,,0,0,0,0,,1,Fixed Quality,Hybrid,85,30,9500,12000,640,360,H.264,480,270,518400,0,518400,28178,0.054,0.000,,0,0,0.000,5.015,0.000,4.016,0.975,7250,6750,6750,13,13,0,1,9500,1.000,0,17.255,0.000,0,0,0.000,0.000,0,0,0,0,0.306,0.640,0.054,1,0,0,disabled,0,0,0,130,332,130,176,26,257,257,0,5,async-output-pending,0,,0,0,0.000,0.000,0,,17.255,6897.000,39583.333,0.000,0,0,0,,34,0,0,0.000,1,0,0.964,0.157,0.805,0.000,0.000,0.000,0.000,0,0,1,1,1,0,0,1,1,0,0,0,1.000,0.000,0.000,30,0,0.000,0,0,0,0.000,0.000,0.000,0.000,0.000,0.000,0.000,0.000,30.064,0,0,0,0,0,0,0,0,0.000,0.000,0.000,0.000,0.000,0.000,0,0.370,14.511,645,649,3181,35.243,279.399,57.513,279.399,9285.906,246,1,H.264,128.675,0,0,278.539,279.625,1.001,233.127,127.808,arrival-gap-jitter-spike,24939.522,0,1,1,1,1,34225.428,462.773,489.982,490.610,490.610,0,0,4,0,0,3,0,,,152.344,153.267,529,1,H.264,0,0,0,0,0,0,0,0,0,0,,111.211,0.000,114.032,0.000,0.000,0.000,141.257,stale-before-decode,0.001,944,0.000,120.240,5.818,0.077,0.634,0.340,0.000,0.294,1,0,0,1,3,0.063,14.518,14.511,33.706,23.047,1.000,Loss,0,1,0,2.000,1,2,2,1,0.060,0.000,0.060,0,100,0,27091,25413,1648,0,1507
35.232,Custom_loss6_delay0-100_dup0_reorder6_burst0,Loopback,1,1,0,,,0.000,0,21,973,15.606,15.610,14.665,89.937,102.723,101.625,60.308,14.990,0.064,0.276,26145,1776,24582,22806,3573,2127,274,1035,810,225,137,0,22813,686,261,0,0,0,0,5.000,0,0,0,0,0,0,0,0,0,0,0,0,0,0,0,0.000,0.000,0.000,,667,667,3274,0,1,47.903,278.539,49.090,279.625,0.000,0.000,663,662,13550,911,243,0,2357,3726,975,1,nack-sent,pending,H.264,0,1,24,12,12,2,1,1,0,12,0,0,27884,16,0,0,0,0,0,42.134,242,274,225,214,225,0,61.847,28.331,162.914,1,0,742,42,784,0,262,27,0.469,0.531,0.946,1.000,0.093,29.000,0.500,0.500,0.667,retransmit-late,1149,9095,0,0,658,8315,2357,22839,491,780,0,0,22814,predicted-useful,fec-grace,3867,0.667,281,784,0,3,0,0,0,6,7,6,7,267,4215,267,4215,0,0,0,pacing,1,0.754,5.151,113.151,0,0,6,7,0,0,0,0,7,14,14,0,721,2,2,sent,105,278,0,11,74,4,0,0,16,46,7,14,9,32,973,2,stale-age,1,0,1,0,18,0,0,0,0,1,0,29,0,0,4225,2839,138,0,1,9500000,1200000,0,0,0,27896,27896,34217903,1793,2211169,891,1103676,0,0,0,0,0,17.506,39.794,7405.250,4800.000,1426,50715,26137,11435,24578,13143,0.304,6.743,0.926,1426,6142011,9412802,0.948,23.141,0.488,11.562,50715,2357,676,22839,791,1561,5,242,242,441,31,48,1,16,15,0,0,0,0,0,0,0,0,0,0,210,1,1,0,4,4648,3726,3726,0,0,0,0,0,,disabled,,0,0,0,0,,1,Fixed Quality,Hybrid,85,30,9500,12000,640,360,H.264,480,270,518400,28178,518400,28178,0.054,0.000,,0,0,0.000,2.081,0.000,0.000,0.077,7250,6750,6750,13,13,0,1,9500,1.000,0,17.506,0.000,0,0,0.000,0.000,0,0,0,0,0.000,1.000,0.000,1,0,0,disabled,24,0,0,134,344,134,182,28,266,266,0,5,large-au-observed,0,,0,0,17.906,23.729,0,,0.000,0.000,0.000,0.000,0,0,0,,35,0,0,5.946,0,976,0.077,0.000,0.000,0.077,0.000,0.053,0.007,1,1,1,1,0,1,1,0,0,0,0,0,1.000,0.000,0.000,30,0,0.000,0,0,0,0.000,0.000,0.000,0.000,0.000,0.000,0.000,1.994,9.994,0,0,0,0,0,0,0,0,0.000,0.000,0.000,0.000,0.000,0.000,0,0.478,15.610,663,667,3274,48.958,279.399,57.513,279.399,9285.906,246,1,H.264,128.675,0,0,278.539,279.625,1.001,233.127,127.808,arrival-gap-jitter-spike,25946.351,0,1,1,1,1,35232.257,462.773,489.982,490.610,490.610,0,0,4,0,0,3,0,,,152.344,153.267,529,1,H.264,0,0,0,0,0,0,0,0,0,0,,102.615,0.000,105.440,0.000,0.000,0.000,124.969,stale-before-decode,0.001,973,0.000,112.002,6.055,0.079,0.803,0.519,0.000,0.285,1,0,0,1,3,0.064,15.606,15.610,14.990,14.665,1.000,Loss,0,1,0,2.000,2,4,4,1,0.060,0.000,0.060,0,100,0,27931,26186,1701,0,1552
36.238,Custom_loss6_delay0-100_dup0_reorder6_burst0,Loopback,1,1,0,,,0.000,0,21,1002,22.490,22.507,25.848,96.317,102.722,42.774,59.760,28.931,0.063,0.273,26936,1819,25320,23501,3681,2188,282,1070,837,233,141,0,23508,708,266,0,0,0,0,5.000,0,0,0,0,0,0,0,0,0,0,0,0,0,0,0,0.000,0.000,0.000,,689,689,3366,0,1,72.376,278.539,73.396,279.625,0.000,0.000,685,684,13954,941,248,0,2427,3839,1004,1,retransmit-duplicate,pending,H.264,1,1,24,22,2,5,3,3,14,40,0,1,28734,4,28734,4,28734,4,1,79.034,249,282,233,222,233,0,62.045,28.198,162.914,1,0,765,45,810,0,270,28,0.469,0.531,0.944,1.000,0.094,44.000,0.667,0.333,0.000,stable,1178,9340,0,0,677,8543,2427,23566,501,797,0,0,23541,predicted-useful,fec-grace,3984,0.708,291,810,0,3,0,0,0,6,7,6,7,277,4389,277,4389,0,0,0,pacing,1,0.828,8.000,116.000,0,0,6,7,0,0,0,0,7,14,14,0,721,2,2,sent,106,282,0,11,75,4,0,0,16,46,7,14,9,32,999,4,stale-age,1,0,1,0,18,0,0,0,0,1,0,31,0,0,4399,2922,142,0,1,9500000,1200000,0,0,0,28732,28732,35242381,1849,2280257,918,1137312,0,0,0,0,0,17.850,39.794,8446.688,4800.000,1467,52242,26925,11764,25317,13553,0.304,8.002,1.413,1467,5880722,8578874,1.822,6.743,0.495,14.439,52242,2427,698,23566,814,1608,5,247,247,451,32,50,2,16,16,0,0,0,0,0,0,0,0,0,0,214,1,1,0,4,4790,3839,3839,0,0,0,0,0,,disabled,,0,0,0,0,,1,Fixed Quality,Hybrid,85,30,9500,12000,640,360,H.264,480,270,518400,28178,518400,28178,0.054,0.000,,0,0,0.000,1.979,0.000,0.000,0.105,7250,6750,6750,13,13,0,1,9500,1.000,0,17.850,0.000,0,0,0.000,0.000,0,0,0,0,0.000,1.000,0.000,1,0,0,disabled,24,0,0,138,355,138,189,28,274,274,0,5,large-au-observed,0,,0,0,0.020,23.729,0,,0.000,0.000,0.000,0.000,0,0,0,,36,0,0,10.275,0,1006,0.105,0.000,0.000,0.104,0.000,0.071,0.010,1,1,1,1,0,1,1,0,0,0,0,0,1.000,0.000,0.000,30,0,0.000,0,0,0,0.000,0.000,0.000,0.000,0.000,0.000,0.000,1.864,20.335,0,0,0,0,0,0,0,0,0.000,0.000,0.000,0.000,0.000,0.000,0,0.369,22.507,685,689,3366,73.410,279.399,57.513,279.399,9285.906,246,1,H.264,128.675,0,0,278.539,279.625,1.001,233.127,127.808,arrival-gap-jitter-spike,26952.486,0,1,1,1,1,36238.392,462.773,489.982,490.610,490.610,0,0,4,0,0,3,0,,,152.344,153.267,529,1,H.264,0,0,0,0,0,0,0,0,0,0,,101.803,0.000,104.561,0.000,0.000,0.000,128.159,stale-before-decode,0.001,1002,0.000,109.242,4.299,0.080,0.724,0.508,0.000,0.217,1,0,0,1,3,0.063,22.490,22.507,28.931,25.848,1.000,Loss,0,1,0,1.000,0,1,1,1,0.060,0.000,0.060,0,100,0,28768,26976,1746,0,1595
37.243,Custom_loss6_delay0-100_dup0_reorder6_burst0,Loopback,1,1,0,,,0.000,0,21,1032,26.411,26.411,24.300,107.551,102.689,80.773,60.397,1.095,0.063,0.268,27764,1858,26090,24232,3800,2245,292,1119,878,241,144,0,24239,733,269,0,0,0,0,5.000,0,0,0,0,0,0,0,0,0,0,0,0,0,0,0,0.000,0.000,0.000,,714,714,3458,0,1,35.795,278.539,36.768,279.625,0.000,0.000,710,709,14368,974,251,0,2495,3960,1035,1,retransmit-duplicate,pending,H.264,1,1,24,15,9,2,1,2,5,25,0,1,29607,5,29607,5,29607,5,1,57.130,257,292,241,230,241,0,62.234,28.007,162.914,1,0,791,48,839,0,279,29,0.468,0.532,0.943,1.000,0.094,45.000,0.500,0.500,0.000,duplicate-guard,1208,9610,0,0,696,8799,2495,24237,512,811,0,0,24212,predicted-useful,likely-arrival,4103,0.417,302,839,0,3,0,0,0,6,7,6,7,288,4554,288,4554,0,0,0,pacing,1,0.701,9.970,117.970,0,0,6,7,0,0,0,0,7,14,14,0,721,2,2,sent,109,291,0,11,78,4,0,0,16,46,7,14,9,32,1034,4,stale-age,1,0,1,0,18,0,0,0,0,1,0,32,0,0,4564,3002,146,0,1,9500000,1200000,0,0,0,29601,29601,36307337,1908,2353077,944,1169080,0,0,0,0,0,17.662,39.794,8645.000,4760.700,1513,53846,27757,12142,26089,13947,0.304,13.391,2.929,1513,4033876,7073422,2.289,12.994,0.509,14.297,53846,2495,723,24237,841,1649,5,250,250,457,33,51,1,17,16,0,0,0,0,0,0,0,0,0,0,216,1,1,0,4,4931,3960,3960,0,0,0,0,0,,disabled,,0,0,0,0,,1,Fixed Quality,Hybrid,85,30,9500,12000,640,360,H.264,480,270,518400,28178,518400,28178,0.054,0.000,,0,0,0.000,1.845,0.000,0.000,0.084,7250,6750,6750,13,13,0,1,9500,1.000,0,17.662,0.000,0,0,0.000,0.000,0,0,0,0,0.000,1.000,0.000,1,0,0,disabled,24,0,0,142,367,142,195,30,283,283,0,5,large-au-observed,0,,0,0,0.013,23.729,0,,0.000,0.000,0.000,0.000,0,0,0,,37,0,0,6.202,0,1036,0.084,0.000,0.000,0.084,0.000,0.058,0.008,1,1,1,1,0,1,1,0,0,0,1,0,0.860,75.322,0.000,26,0,0.000,0,0,0,0.000,0.000,0.000,0.000,0.000,0.000,0.000,1.751,10.097,0,0,0,0,0,0,0,0,0.000,0.000,0.000,0.000,0.000,0.000,0,0.454,26.412,710,714,3458,37.158,279.399,57.513,279.399,9285.906,246,1,H.264,128.675,0,0,278.539,279.625,1.001,233.127,127.808,arrival-gap-jitter-spike,27957.439,0,1,1,1,1,37243.345,462.773,489.982,490.610,490.610,0,0,4,0,0,3,0,,,152.344,153.267,529,1,H.264,0,0,0,0,0,0,0,0,0,0,,104.957,0.000,107.656,0.000,0.000,0.000,133.775,stale-before-decode,0.001,1032,0.000,113.564,5.441,0.093,0.229,0.003,0.000,0.226,1,0,0,1,3,0.063,26.411,26.411,1.095,24.300,1.000,Loss,0,1,0,0.000,1,1,1,1,0.060,0.000,0.060,0,100,0,29638,27807,1790,0,1649
38.246,Custom_loss6_delay0-100_dup0_reorder6_burst0,Loopback,1,1,0,,,0.000,0,21,1060,15.407,15.416,12.291,92.465,102.625,59.593,60.373,14.870,0.063,0.272,28390,1899,26681,24782,3902,2310,300,1141,893,248,151,0,24789,748,279,0,0,0,0,5.000,0,0,0,0,0,0,0,0,0,0,0,0,0,0,0,0.000,0.000,0.000,,729,729,3549,0,1,78.766,278.539,79.773,279.625,0.000,0.000,725,723,14726,996,261,0,2559,4057,1060,1,completed,completed,H.264,1,1,22,22,0,4,4,3,12,32,1,2,30236,19,30246,4,0,0,0,92.147,268,300,248,236,248,0,62.454,27.992,162.914,1,0,817,46,863,0,291,31,0.472,0.528,0.947,1.000,0.096,30.000,0.333,0.667,0.000,stable,1236,9825,0,0,712,8996,2559,24823,524,829,0,0,24798,predicted-useful,fec-grace,4206,0.000,312,863,0,3,0,0,0,8,9,8,9,298,4691,297,4690,0,0,0,pacing,1,0.781,12.080,120.080,0,0,8,9,0,0,0,0,7,14,14,0,721,2,2,sent,111,297,0,11,78,5,1,1,17,49,7,14,10,35,1048,2,retransmit-budget-exhausted,2,0,2,0,19,0,0,0,0,1,0,34,0,0,4703,3080,150,0,1,9500000,1200000,1,0,1,30269,30268,37126774,1960,2417509,967,1197732,0,0,0,0,0,7.844,39.794,429.500,4800.000,1547,55063,28382,12458,26681,14223,0.305,4.206,1.889,1547,4073804,6645773,1.430,6.159,0.495,6.991,55063,2559,737,24823,863,1691,5,260,260,475,34,53,2,17,17,0,0,0,0,0,0,0,0,0,0,225,1,1,0,4,5049,4057,4057,0,0,0,0,0,,disabled,,0,0,0,0,,1,Fixed Quality,Hybrid,85,30,9500,12000,640,360,H.264,480,270,518400,26096,518400,26096,0.050,0.000,,0,0,0.000,1.888,0.000,0.000,0.076,6000,6250,6250,14,14,0,1,9500,0.820,1,7.844,0.000,0,0,0.000,0.000,0,0,0,0,0.311,0.636,0.053,1,0,0,fixed-pacing-queue-hold,22,0,0,146,377,146,201,30,291,291,0,5,large-au-observed,0,,0,0,0.045,21.976,0,,0.000,0.000,0.000,0.000,0,0,0,,38,0,0,6.149,0,1062,0.076,0.000,0.000,0.075,0.000,0.051,0.008,1,1,1,1,0,1,1,0,0,0,0,0,1.000,0.000,0.000,24,0,0.000,0,0,0,0.000,0.000,0.000,0.000,0.000,0.000,0.000,1.804,10.135,0,0,0,0,0,0,0,0,0.000,0.000,0.000,0.000,0.000,0.000,0,0.442,15.416,725,729,3549,79.990,279.399,57.513,279.399,9285.906,246,1,H.264,128.675,0,0,278.539,279.625,1.001,233.127,127.808,arrival-gap-jitter-spike,28960.169,0,1,1,1,1,38246.075,462.773,489.982,490.610,490.610,0,0,4,0,0,3,0,,,152.344,153.267,529,1,H.264,0,0,0,0,0,0,0,0,0,0,,100.295,0.000,102.802,2.119,0.000,99.147,126.233,stale-before-decode,0.001,1058,0.000,110.362,5.518,0.077,0.841,0.604,0.000,0.237,1,0,0,1,3,0.063,15.407,15.416,14.870,12.291,1.000,RecoveryDeadline,0,1,0,2.000,1,2,2,1,0.060,0.000,0.060,0,100,0,30306,28435,1833,0,1684
39.252,Custom_loss6_delay0-100_dup0_reorder6_burst0,Loopback,1,1,0,,,0.000,0,21,1086,21.713,21.705,17.411,86.557,102.594,27.955,59.447,22.836,0.063,0.270,29057,1966,27330,25364,3997,2355,310,1175,919,256,157,0,25371,768,284,0,0,0,0,5.000,0,0,0,0,0,0,0,0,0,0,0,0,0,0,0,0.000,0.000,0.000,,749,749,3644,0,1,22.302,278.539,23.220,279.625,0.000,0.000,745,743,15097,1024,266,0,2625,4159,1088,1,nack-sent,pending,H.264,1,1,22,3,19,0,0,1,0,19,0,0,31021,16,0,0,0,0,0,24.867,275,310,256,244,256,0,62.788,27.823,162.914,1,0,842,46,888,0,298,32,0.470,0.530,0.948,1.000,0.097,44.000,0.250,0.750,0.000,duplicate-guard,1266,10040,0,0,729,9190,2625,25477,537,850,0,0,25452,predicted-useful,likely-arrival,4312,0.000,321,888,0,3,0,0,0,9,11,9,11,307,4822,306,4821,0,0,0,pacing,1,0.785,13.187,121.187,0,0,9,11,0,0,0,0,7,14,14,0,721,2,2,sent,114,309,0,11,81,5,1,1,17,49,7,14,10,35,1083,4,stale-age,2,0,2,0,19,0,0,0,0,1,0,35,0,0,4836,3154,154,0,1,9500000,1200000,0,0,0,30994,30994,38023512,2013,2483183,991,1227628,0,0,0,0,0,8.554,39.794,55.062,4546.650,1583,56363,29050,12783,27313,14530,0.306,4.203,1.493,1583,5798285,8896964,1.486,-1.400,0.465,15.318,56363,2623,757,25444,887,1731,5,265,265,485,35,55,2,17,18,0,0,0,0,0,0,0,0,0,0,229,1,1,0,4,5172,4159,4159,0,0,0,0,0,,disabled,,0,0,0,0,,1,Fixed Quality,Hybrid,85,30,9500,12000,640,360,H.264,480,270,518400,26096,518400,26096,0.050,0.000,,0,0,0.000,2.027,0.000,0.000,0.105,6500,6250,6250,14,14,0,1,9500,0.902,1,8.990,0.000,0,0,0.000,0.000,0,0,0,0,0.310,0.639,0.052,1,0,0,fixed-pacing-queue-hold,22,1,1,150,388,150,206,32,300,300,2,5,decoder-sync-observed,0,,0,0,0.044,21.976,0,,0.000,0.000,0.000,0.000,0,0,0,,39,0,0,4.206,0,1088,0.105,0.000,0.000,0.104,0.000,0.073,0.010,1,1,1,1,0,1,1,0,0,0,0,0,1.000,0.000,0.000,24,0,0.000,0,0,0,0.000,0.000,0.000,0.000,0.000,0.000,0.000,1.909,8.121,0,0,0,0,0,0,0,0,0.000,0.000,0.000,0.000,0.000,0.000,0,0.394,21.705,745,749,3644,23.377,279.399,57.513,279.399,9285.906,246,1,H.264,128.675,0,0,278.539,279.625,1.001,233.127,127.808,arrival-gap-jitter-spike,29966.243,0,1,1,1,1,39252.149,462.773,489.982,490.610,490.610,0,0,5,0,0,4,1,latency-pressure freshness,latency-over-80ms,131.972,153.267,1062,1,decoded,0,0,0,0,0,0,0,0,0,0,,98.253,0.000,101.007,0.000,0.000,0.000,123.279,stale-before-upload,0.001,1086,0.000,105.984,4.649,0.082,0.280,0.001,0.000,0.280,1,0,0,1,3,0.063,21.713,21.705,22.836,17.411,1.000,Loss,0,1,0,0.000,1,1,1,1,0.060,0.000,0.060,0,100,0,31033,29104,1888,0,1716
40.252,Custom_loss6_delay0-100_dup0_reorder6_burst0,Loopback,1,1,0,,,0.000,0,21,1110,25.606,21.645,19.838,102.770,102.602,97.833,60.513,4.125,0.063,0.268,29763,2010,27984,25974,4106,2416,321,1210,950,260,159,0,25981,788,289,0,0,0,0,5.000,0,0,0,0,0,0,0,0,0,0,0,0,0,0,0,0.000,0.000,0.000,,767,767,3736,0,1,33.750,278.539,34.929,279.625,0.000,0.000,763,761,15456,1048,269,0,2685,4261,1114,1,nack-sent,pending,H.264,1,1,23,4,19,0,0,1,0,19,0,0,31751,6,0,0,0,0,0,22.491,282,321,260,248,260,0,62.863,27.704,162.914,1,0,864,47,911,0,305,32,0.468,0.532,0.948,1.000,0.095,45.000,0.250,0.750,0.000,duplicate-guard,1293,10250,0,0,746,9384,2685,26075,547,866,0,0,26049,predicted-useful,likely-arrival,4413,0.739,329,911,0,4,0,0,0,9,11,9,11,315,4943,314,4942,0,0,0,pacing,1,0.764,8.827,116.827,0,0,9,11,0,0,0,0,7,14,14,0,721,2,2,sent,115,312,0,11,82,5,1,1,17,49,7,14,10,35,1100,3,stale-age,2,0,2,0,19,0,0,0,0,1,0,35,0,0,4958,3226,158,0,1,9500000,1200000,3,0,3,31737,31734,38934710,2065,2547457,1017,1260012,0,0,0,0,0,17.384,39.794,963.062,2475.750,1622,57739,29755,13103,27984,14881,0.306,34.069,0.000,1622,6765526,9538546,1.104,69.878,0.568,11.826,57739,2683,777,26054,910,1768,5,268,268,493,35,55,2,17,18,0,0,0,0,0,0,0,0,0,0,232,1,1,0,4,5297,4261,4261,0,0,0,0,0,,disabled,,0,0,0,0,,1,Fixed Quality,Hybrid,85,30,9500,12000,640,360,H.264,480,270,518400,0,518400,27136,0.052,0.000,,0,0,0.000,4.749,0.000,4.086,0.645,7250,6500,6500,15,15,0,1,9500,1.000,0,17.384,0.000,0,0,0.000,0.000,0,0,0,0,0.310,0.639,0.052,1,0,0,disabled,0,0,0,154,397,154,211,32,308,308,2,5,async-output-pending,0,,0,0,0.000,0.000,0,,17.206,10013.125,39583.333,0.000,0,0,0,,40,0,0,0.000,1,0,0.634,0.178,0.455,0.000,0.000,0.000,0.000,0,0,1,1,1,0,0,1,1,0,0,0,1.000,0.000,0.000,30,0,0.000,0,0,0,0.000,0.000,0.000,0.000,0.000,0.000,0.000,0.000,19.752,0,0,0,0,0,0,0,0,0.000,0.000,0.000,0.000,0.000,0.000,0,0.424,21.645,763,767,3736,34.702,279.399,57.513,279.399,9285.906,246,1,H.264,128.675,0,0,278.539,279.625,1.001,233.127,127.808,arrival-gap-jitter-spike,30966.512,0,1,1,1,1,40252.418,462.773,489.982,490.610,490.610,0,0,5,0,0,4,0,,,131.972,153.267,1062,1,decoded,0,0,0,0,0,0,0,0,0,0,,99.661,0.000,102.405,0.000,0.000,0.000,131.385,stale-before-upload,0.001,1110,0.000,107.784,4.936,0.077,0.917,0.695,0.000,0.221,1,0,0,1,3,0.063,25.606,21.645,4.125,19.838,1.000,RecoveryDeadline,0,1,0,0.000,1,1,1,1,0.060,0.000,0.060,0,100,0,31774,29810,1918,0,1747
41.253,Custom_loss6_delay0-100_dup0_reorder6_burst0,Loopback,1,1,0,,,0.000,0,21,1140,25.348,23.387,22.803,108.588,102.652,34.891,59.820,113.800,0.063,0.267,30588,2056,28764,26708,4219,2487,331,1238,975,263,163,0,26715,811,295,0,0,0,0,5.000,0,0,0,0,0,0,0,0,0,0,0,0,0,0,0,0.000,0.000,0.000,,789,789,3827,0,1,152.279,278.539,153.252,279.625,0.000,0.000,785,783,15865,1074,274,0,2756,4374,1141,1,fec-recovered,pending,H.264,1,1,24,23,1,4,3,3,14,37,0,1,32605,2,32605,2,0,0,0,89.790,294,331,263,251,263,0,62.808,27.945,162.914,1,0,889,51,940,0,315,33,0.470,0.530,0.946,1.000,0.095,44.000,0.000,0.000,0.000,insufficient-sample,1326,10513,0,0,767,9628,2756,26763,559,885,0,0,26736,predicted-useful,fec-grace,4537,0.667,340,940,0,4,0,0,0,9,11,9,11,326,5123,325,5122,0,0,0,pacing,1,0.778,6.307,114.307,0,0,9,11,0,0,0,0,7,14,14,0,721,2,2,sent,118,322,0,11,85,5,1,1,17,49,7,14,10,35,1141,2,stale-age,2,0,2,0,19,0,0,0,0,1,0,35,0,0,5138,3312,162,0,1,9500000,1200000,12,0,12,32629,32617,40018472,2124,2620279,1043,1292404,0,0,0,0,0,2.011,39.794,463.438,1235.550,1665,59331,30585,13440,28746,15306,0.305,34.345,0.040,1665,6413080,9830201,0.776,43.314,0.426,20.354,59331,2756,800,26763,936,1815,5,273,273,502,36,56,1,18,18,0,0,0,0,0,0,0,0,0,0,236,1,1,0,4,5436,4374,4374,0,0,0,0,0,,disabled,,0,0,0,0,,1,Fixed Quality,Hybrid,85,30,9500,12000,640,360,H.264,480,270,518400,28178,518400,28178,0.054,0.000,,0,0,0.000,2.158,0.000,0.000,0.095,7250,6750,6750,16,16,0,1,9500,1.000,0,16.689,0.000,0,0,3.264,0.000,3732,0,0,0,0.000,0.333,0.667,1,0,0,disabled,24,1,1,158,408,158,216,34,317,317,2,5,decoder-sync-observed,0,,0,0,18.671,23.729,0,,0.000,0.000,0.000,0.000,0,0,0,,41,0,0,6.034,0,1144,0.095,0.000,0.000,0.095,0.000,0.065,0.010,1,1,1,1,0,1,1,0,0,0,0,0,1.000,0.000,0.000,30,0,0.000,0,0,0,0.000,0.000,0.000,0.000,0.000,0.000,0.000,2.051,10.173,0,0,0,0,0,0,0,0,0.000,0.000,0.000,0.000,0.000,0.000,0,0.379,23.387,785,789,3827,153.370,279.399,57.513,279.399,9285.906,246,1,H.264,128.675,0,0,278.539,279.625,1.001,233.127,127.808,arrival-gap-jitter-spike,31967.419,0,1,1,1,1,41253.325,462.773,489.982,490.610,490.610,0,0,5,0,0,4,0,,,131.972,153.267,1062,1,decoded,0,0,0,0,0,0,0,0,0,0,,109.544,0.000,112.374,0.000,0.000,0.000,139.294,stale-before-upload,0.001,1140,0.000,118.150,5.379,0.080,0.560,0.279,0.000,0.281,1,0,0,1,3,0.063,25.348,23.387,113.800,22.803,2.000,RecoveryDeadline,0,1,0,1.000,2,2,2,1,0.060,0.000,0.060,0,100,0,32658,30634,1971,0,1788
42.259,Custom_loss6_delay0-100_dup0_reorder6_burst0,Loopback,1,1,0,,,0.000,0,21,1169,13.800,13.802,18.179,115.087,102.754,96.289,60.780,16.891,0.062,0.269,31384,2091,29502,27411,4323,2544,343,1268,999,269,168,0,27418,830,305,0,0,0,0,5.000,0,0,0,0,0,0,0,0,0,0,0,0,0,0,0,0.000,0.000,0.000,,808,808,3923,0,1,54.621,278.539,55.574,279.625,0.000,0.000,804,802,16276,1099,284,0,2836,4482,1171,1,nack-sent,pending,H.264,0,1,24,13,11,3,1,3,5,42,0,0,33464,21,0,0,0,0,0,79.772,301,343,269,257,269,0,62.987,27.750,162.914,1,0,914,48,962,0,324,35,0.467,0.533,0.950,1.000,0.097,32.000,0.000,0.000,0.000,insufficient-sample,1354,10825,0,0,787,9927,2836,27605,567,898,0,0,27578,predicted-useful,fec-grace,4657,0.583,348,962,0,4,0,0,0,9,11,9,11,334,5257,333,5256,0,0,0,pacing,1,0.827,12.157,120.157,0,0,9,11,0,0,0,0,7,14,14,0,721,2,2,sent,121,328,0,12,87,5,1,1,17,49,7,14,10,35,1167,1,stale-frame-lag,2,0,2,0,19,0,0,0,0,1,0,35,0,0,5272,3404,166,0,1,9500000,1200000,11,0,11,33461,33450,41039216,2176,2684391,1069,1324796,0,0,0,0,0,0.436,39.794,888.250,4800.000,1707,60857,31360,13772,29497,15725,0.305,12.423,2.302,1707,6357091,9939688,1.118,46.931,0.453,13.566,60857,2835,819,27594,959,1871,5,283,283,517,38,59,2,19,19,0,0,0,0,0,0,0,0,0,0,244,1,1,0,4,5577,4482,4482,0,0,0,0,0,,disabled,,0,0,0,0,,1,Fixed Quality,Hybrid,85,30,9500,12000,640,360,H.264,480,270,518400,28178,518400,28178,0.054,0.000,,0,0,0.000,2.317,0.000,0.000,0.061,7250,6750,6750,16,16,0,1,9500,1.000,0,12.135,0.000,0,0,0.000,0.000,0,0,0,0,0.313,0.637,0.050,1,0,0,disabled,24,1,1,162,418,162,222,34,324,324,1,5,decoder-sync-observed,0,,0,0,15.645,23.729,0,,0.000,0.000,0.000,0.000,0,0,0,,42,0,0,5.831,0,1173,0.061,0.000,0.000,0.060,0.000,0.039,0.007,1,1,1,1,0,1,1,0,0,0,0,0,1.000,0.000,0.000,30,0,0.000,0,0,0,0.000,0.000,0.000,0.000,0.000,0.000,0.000,2.226,9.865,0,0,0,0,0,0,0,0,0.000,0.000,0.000,0.000,0.000,0.000,0,0.430,13.802,804,808,3923,55.623,279.399,57.513,279.399,9285.906,246,1,H.264,128.675,0,0,278.539,279.625,1.001,233.127,127.808,arrival-gap-jitter-spike,32972.852,0,1,1,1,1,42258.758,462.773,489.982,490.610,490.610,0,0,5,0,0,4,0,,,131.972,153.267,1062,1,decoded,0,0,0,0,0,0,0,0,0,0,,107.534,0.000,110.370,0.000,0.000,0.000,137.543,stale-before-upload,0.000,1169,0.000,116.994,6.170,0.076,0.745,0.528,0.000,0.216,1,0,0,1,3,0.062,13.800,13.802,16.891,18.179,1.000,Loss,0,1,0,0.000,2,1,1,1,0.060,0.000,0.060,0,100,0,33492,31437,2025,0,1854
43.260,Custom_loss6_delay0-100_dup0_reorder6_burst0,Loopback,1,1,0,,,0.000,0,21,1197,25.299,25.316,24.878,161.154,102.748,77.160,61.200,12.940,0.063,0.267,32197,2169,30288,28119,4440,2605,357,1307,1036,271,171,0,28126,853,310,0,0,0,0,5.000,0,0,0,0,0,0,0,0,0,0,0,0,0,0,0,0.000,0.000,0.000,,830,830,4018,0,1,62.059,278.539,63.176,279.625,0.000,0.000,826,824,16683,1124,288,0,2905,4600,1199,1,nack-deferred-likely-arrival,pending,H.264,0,1,24,22,2,6,5,2,7,21,0,0,34256,7,0,0,0,0,0,104.055,311,357,271,259,271,0,63.000,27.724,162.914,1,0,940,50,990,0,333,35,0.466,0.534,0.949,1.000,0.095,45.000,0.167,0.833,0.000,duplicate-guard,1382,11103,0,0,807,10190,2905,28302,575,913,0,0,28275,deferred-likely-arrival,likely-arrival,4776,0.500,358,990,0,4,0,0,0,9,11,9,11,344,5402,343,5401,0,0,0,pacing,1,0.693,6.938,114.938,0,0,9,11,0,0,0,0,7,14,14,0,721,2,2,sent,122,329,0,12,88,5,1,1,17,49,7,14,10,35,1173,1,stale-age,2,0,2,0,19,0,0,0,0,1,0,35,0,0,5417,3489,170,0,1,9500000,1200000,0,0,0,34329,34329,42116034,2234,2755969,1094,1355944,0,0,0,0,0,17.196,39.794,7106.812,3658.350,1753,62475,32187,14152,30288,16136,0.305,37.162,0.044,1753,8840785,12020485,0.820,33.719,0.533,18.472,62475,2905,842,28302,985,1915,5,287,287,528,39,61,2,19,20,0,0,0,0,0,0,0,0,0,0,247,1,1,0,4,5716,4600,4600,0,0,0,0,0,,disabled,,0,0,0,0,,1,Fixed Quality,Hybrid,85,30,9500,12000,640,360,H.264,480,270,518400,28176,518400,28176,0.054,0.000,,0,0,0.000,2.127,0.000,0.000,0.076,7250,6750,6750,16,16,0,1,9500,1.000,0,17.196,0.000,0,0,0.000,0.000,0,0,0,0,0.314,0.635,0.051,1,0,0,disabled,24,1,1,166,429,166,227,36,333,333,2,5,decoder-sync-observed,0,,0,0,18.774,23.727,0,,0.000,0.000,0.000,0.000,0,0,0,,43,0,0,4.515,0,1202,0.076,0.000,0.000,0.076,0.000,0.051,0.009,1,1,1,1,0,1,1,0,0,0,0,0,1.000,0.000,0.000,30,0,0.000,0,0,0,0.000,0.000,0.000,0.000,0.000,0.000,0.000,2.011,8.774,0,0,0,0,0,0,0,0,0.000,0.000,0.000,0.000,0.000,0.000,0,0.445,25.316,826,830,4018,63.200,279.399,57.513,279.399,9285.906,246,1,H.264,128.675,0,0,278.539,279.625,1.001,233.127,127.808,arrival-gap-jitter-spike,33974.709,0,1,1,1,1,43260.615,462.773,489.982,490.610,490.610,0,0,5,0,0,4,0,,,131.972,153.267,1062,1,decoded,0,0,0,0,0,0,0,0,0,0,,104.559,0.000,107.342,0.000,0.000,0.000,131.481,stale-before-upload,0.000,1198,0.000,112.873,5.072,0.080,0.272,0.015,0.000,0.257,1,0,0,1,3,0.063,25.299,25.316,12.940,24.878,3.000,RecoveryDeadline,0,1,0,0.000,1,3,3,1,0.060,0.000,0.060,0,100,0,34372,32246,2072,0,1896
44.264,Custom_loss6_delay0-100_dup0_reorder6_burst0,Loopback,1,1,0,,,0.000,0,21,1226,21.396,21.384,15.942,115.826,102.766,77.692,61.612,40.099,0.063,0.267,32999,2204,31033,28829,4555,2672,365,1343,1063,280,175,0,28836,873,318,0,0,0,0,5.000,0,0,0,0,0,0,0,0,0,0,0,0,0,0,0,0.000,0.000,0.000,,850,850,4116,0,1,93.162,278.539,94.312,279.625,0.000,0.000,846,844,17099,1153,296,0,2974,4718,1229,1,fec-parity,pending,H.264,0,1,24,8,16,2,0,0,0,0,0,0,35197,20,0,0,0,0,0,20.619,319,365,280,268,280,0,62.886,27.844,162.914,1,0,965,49,1014,0,344,37,0.466,0.534,0.952,1.000,0.097,45.000,0.333,0.667,0.000,duplicate-guard,1418,11374,0,0,827,10432,2974,28985,591,942,0,0,28957,predicted-useful,fec-grace,4893,0.292,369,1014,0,5,0,0,0,9,11,9,11,354,5577,353,5576,0,0,0,pacing,1,0.826,10.076,118.076,0,0,9,11,0,0,0,0,7,14,14,0,721,2,2,sent,125,337,0,12,90,5,1,1,18,52,7,14,11,38,1218,3,selected-repair,2,0,2,0,21,0,0,0,0,1,0,36,0,0,5593,3573,174,0,1,9500000,1200000,0,0,0,35163,35163,43138022,2288,2822571,1121,1388950,0,0,0,0,0,15.556,39.794,5720.188,4800.000,1794,64005,32980,14497,31025,16528,0.305,3.473,1.862,1794,4509885,7598335,1.639,27.081,0.476,10.267,64005,2974,862,28985,1010,1959,5,295,295,544,40,62,1,20,20,0,0,0,0,0,0,0,0,0,0,254,1,1,0,4,5856,4718,4718,0,0,0,0,0,,disabled,,0,0,0,0,,1,Fixed Quality,Hybrid,85,30,9500,12000,640,360,H.264,480,270,518400,0,518400,28178,0.054,0.000,,0,0,0.000,1.862,0.000,0.000,0.108,7250,6750,6750,16,16,0,1,9500,1.000,0,15.556,0.000,0,0,0.000,0.000,0,0,0,0,0.315,0.637,0.048,1,0,0,disabled,0,0,0,170,437,170,231,36,340,340,0,5,async-output-pending,0,,0,0,0.000,0.000,0,,0.000,0.000,0.000,0.000,0,0,0,,44,0,0,12.484,0,1230,0.108,0.000,0.000,0.108,0.000,0.077,0.011,1,1,1,1,0,1,1,0,1,0,1,0,0.860,179.993,0.000,26,0,0.000,0,0,0,0.000,0.000,0.000,0.000,0.000,0.000,0.000,0.000,10.133,0,0,0,0,0,0,0,0,0.000,0.000,0.000,0.000,0.000,0.000,0,0.435,21.384,846,850,4116,94.435,279.399,57.513,279.399,9285.906,246,1,H.264,128.675,0,0,278.539,279.625,1.001,233.127,127.808,arrival-gap-jitter-spike,34978.299,0,1,1,1,1,44264.205,462.773,489.982,490.610,490.610,0,0,5,0,0,4,0,,,131.972,153.267,1062,1,decoded,0,0,0,0,0,0,0,0,0,0,,108.394,0.000,111.190,0.000,0.000,0.000,142.913,stale-before-upload,0.001,1226,0.000,117.228,5.581,0.086,0.315,0.025,0.000,0.290,1,0,0,1,3,0.063,21.396,21.384,40.099,15.942,1.000,RecoveryDeadline,0,1,0,0.000,1,1,1,1,0.060,0.000,0.060,0,100,0,35207,33049,2132,0,1938
45.266,Custom_loss6_delay0-100_dup0_reorder6_burst0,Loopback,1,1,0,,,0.000,0,21,1254,21.609,21.616,19.765,104.117,102.742,25.907,60.742,4.949,0.063,0.265,33693,2249,31687,29438,4660,2726,375,1383,1095,288,176,0,29445,895,322,0,0,0,0,5.000,0,0,0,0,0,0,0,0,0,0,0,0,0,0,0,0.000,0.000,0.000,,871,871,4202,0,1,40.412,278.539,41.327,279.625,0.000,0.000,867,864,17460,1183,299,0,3034,4819,1257,1,fec-parity,pending,H.264,0,1,22,2,20,1,0,0,0,0,0,0,35939,18,0,0,0,0,0,8.275,327,375,288,276,288,0,62.765,27.776,162.914,1,0,991,50,1041,0,353,37,0.466,0.534,0.952,1.000,0.095,45.000,0.000,1.000,0.000,duplicate-guard,1444,11601,0,0,844,10645,3034,29594,600,956,0,0,29566,predicted-useful,fec-grace,4997,0.500,380,1041,0,5,0,0,0,9,11,9,11,365,5754,364,5753,0,0,0,pacing,1,0.746,9.264,117.264,0,0,9,11,0,0,0,0,7,14,14,0,721,2,2,sent,127,342,0,12,92,5,1,1,18,52,7,14,11,38,1246,4,stale-age,2,0,2,0,21,0,0,0,0,1,0,36,0,0,5770,3643,177,0,1,9500000,1200000,0,0,0,35904,35904,44046721,2343,2890735,1146,1420090,0,0,0,0,0,8.729,39.794,137.000,4800.000,1832,65349,33684,14760,31665,16905,0.305,29.480,0.000,1832,4281978,6648686,1.198,11.308,0.397,15.619,65349,3034,884,29594,1034,1994,6,298,298,550,40,62,1,20,20,0,0,0,0,0,0,0,0,0,0,257,1,1,0,4,5979,4819,4819,0,0,0,0,0,,disabled,,0,0,0,0,,1,Fixed Quality,Hybrid,85,30,9500,12000,640,360,H.264,480,270,518400,0,518400,26096,0.050,0.000,,0,0,0.000,4.801,0.000,4.124,0.655,6000,6250,6250,17,17,0,1,9500,0.820,1,10.392,0.000,0,0,0.000,0.000,0,0,0,0,0.314,0.638,0.048,1,0,0,latency-pressure-freshness-hold,0,0,0,173,447,173,238,36,348,348,0,5,async-output-pending,0,,0,0,0.000,0.000,0,,8.729,137.000,43981.481,0.000,0,0,0,,45,0,0,0.000,1,0,0.644,0.152,0.491,0.000,0.000,0.000,0.000,0,0,1,1,1,0,0,1,1,0,0,0,1.000,0.000,0.000,27,0,0.000,0,0,0,0.000,0.000,0.000,0.000,0.000,0.000,0.000,0.000,20.731,0,0,0,0,0,0,0,0,0.000,0.000,0.000,0.000,0.000,0.000,0,0.372,21.616,867,871,4202,41.461,279.399,57.513,279.399,9285.906,246,1,H.264,128.675,0,0,278.539,279.625,1.001,233.127,127.808,arrival-gap-jitter-spike,35979.933,0,1,1,1,1,45265.839,462.773,489.982,490.610,490.610,0,0,6,0,0,5,1,latency-pressure freshness,latency-over-80ms,145.584,153.267,1246,1,decoded,0,0,0,0,0,0,0,0,0,0,,103.665,0.000,106.058,0.000,0.000,0.000,132.059,stale-before-upload,0.000,1254,0.000,109.745,5.511,0.075,0.842,0.613,0.000,0.229,1,0,0,1,3,0.063,21.609,21.616,4.949,19.765,1.000,RecoveryDeadline,0,1,0,0.000,3,2,2,1,0.060,0.000,0.060,0,100,0,35949,33744,2170,0,1974
46.266,Custom_loss6_delay0-100_dup0_reorder6_burst0,Loopback,1,1,0,,,0.000,0,21,1281,21.457,21.469,14.247,98.281,102.644,7.654,59.478,10.918,0.062,0.266,34391,2288,32343,30055,4761,2786,386,1412,1116,296,177,0,30062,913,331,0,0,0,0,5.000,0,0,0,0,0,0,0,0,0,0,0,0,0,0,0,0.000,0.000,0.000,,888,888,4293,0,1,34.691,278.539,35.686,279.625,0.000,0.000,884,881,17843,1209,307,0,3094,4919,1282,1,fec-recovered,pending,H.264,0,1,22,20,2,4,4,2,6,19,0,0,36633,13,0,0,0,0,0,90.620,334,386,296,284,296,0,62.827,27.780,162.914,1,0,1017,50,1067,0,357,38,0.464,0.536,0.953,1.000,0.096,40.000,0.333,0.667,0.500,retransmit-late,1486,11828,0,0,861,10829,3094,30194,625,999,0,0,30164,predicted-useful,fec-grace,5100,0.364,388,1067,0,5,0,0,0,9,11,9,11,373,5872,372,5871,0,0,0,pacing,1,0.808,8.860,116.860,0,0,9,11,0,0,0,0,7,14,14,0,721,2,2,sent,132,357,0,12,97,5,1,1,18,52,7,14,11,38,1274,2,stale-age,2,0,2,0,21,0,0,0,0,1,0,36,0,0,5888,3716,181,0,1,9500000,1200000,9,0,9,36658,36649,44967087,2397,2957655,1174,1454970,0,0,0,0,0,0.395,39.794,1055.688,4800.000,1870,66724,34386,15074,32338,17264,0.305,32.917,3.722,1870,5144774,8098968,1.250,5.396,0.423,19.833,66724,3094,902,30194,1061,2027,6,306,306,565,42,66,3,21,21,0,0,0,0,0,0,0,0,0,0,263,1,1,0,4,6108,4919,4919,0,0,0,0,0,,disabled,,0,0,0,0,,1,Fixed Quality,Hybrid,85,30,9500,12000,640,360,H.264,480,270,518400,26096,518400,26096,0.050,0.000,,0,0,0.000,1.717,0.000,0.000,0.121,6750,6250,6250,17,17,0,1,9500,0.926,1,16.418,0.000,0,0,0.000,0.000,0,0,0,0,0.000,1.000,0.000,1,0,0,fixed-pacing-queue-hold,22,0,0,177,458,177,243,38,357,357,0,5,large-au-observed,0,,0,0,18.332,21.976,0,,0.000,0.000,0.000,0.000,0,0,0,,46,0,0,13.218,0,1284,0.121,0.000,0.000,0.106,0.000,0.069,0.009,1,1,1,1,0,1,1,0,0,0,1,0,0.860,179.995,0.000,24,0,0.000,0,0,0,0.000,0.000,0.000,0.000,0.000,0.000,0.000,1.578,10.249,0,0,0,0,0,0,0,0,0.000,0.000,0.000,0.000,0.000,0.000,0,0.386,21.469,884,888,4293,35.621,279.399,57.513,279.399,9285.906,246,1,H.264,128.675,0,0,278.539,279.625,1.001,233.127,127.808,arrival-gap-jitter-spike,36980.241,0,1,1,1,1,46266.147,462.773,489.982,490.610,490.610,0,0,6,0,0,5,0,,,145.584,153.267,1246,1,decoded,0,0,0,0,0,0,0,0,0,0,,97.748,0.000,100.364,0.000,0.000,0.000,129.141,stale-before-upload,0.001,1281,0.000,105.959,5.230,0.081,0.792,0.541,0.000,0.251,1,0,0,1,3,0.062,21.457,21.469,10.918,14.247,1.000,Loss,0,1,0,1.000,1,1,1,1,0.060,0.000,0.060,0,100,0,36695,34446,2215,0,2004
47.272,Custom_loss6_delay0-100_dup0_reorder6_burst0,Loopback,1,1,0,,,0.000,0,21,1307,21.204,17.359,15.837,77.601,102.490,167.622,61.993,26.199,0.062,0.265,34987,2324,32886,30562,4858,2843,395,1443,1141,302,177,0,30569,934,336,0,0,0,0,5.000,0,0,0,0,0,0,0,0,0,0,0,0,0,0,0,0.000,0.000,0.000,,907,907,4381,0,1,19.843,278.539,20.961,279.625,0.000,0.000,902,899,18168,1236,310,0,3146,5012,1308,1,nack-sent,pending,H.264,0,1,21,14,7,3,1,2,7,22,0,0,37269,8,0,0,0,0,0,82.220,342,395,302,287,302,0,62.343,27.631,162.914,1,0,1040,52,1092,0,366,38,0.464,0.536,0.952,1.000,0.094,45.000,0.250,0.750,0.000,duplicate-guard,1512,12002,0,0,876,10985,3146,30626,636,1017,0,0,30596,predicted-useful,fec-grace,5197,0.286,398,1092,0,5,0,0,0,10,13,10,13,380,5971,379,5970,0,0,0,pacing,1,0.784,6.719,114.719,0,0,10,13,0,0,0,0,9,18,18,0,1299,2,2,sent,140,378,0,12,102,5,1,1,21,60,9,18,12,42,1307,2,stale-age,3,0,3,0,25,0,0,0,0,1,0,38,0,0,5989,3781,185,0,1,9500000,1200000,0,0,0,37292,37292,45760717,2448,3020931,1200,1487354,0,0,0,0,0,8.383,39.794,2109.625,4800.000,1902,67843,34969,15320,32874,17554,0.305,15.076,2.202,1902,4279263,7042309,1.553,36.310,0.463,7.089,67843,3146,923,30626,1082,2058,6,309,309,571,44,70,2,21,23,0,0,0,0,0,0,0,0,0,0,264,1,1,0,4,6215,5012,5012,0,0,0,0,0,,disabled,,0,0,0,0,,1,Fixed Quality,Hybrid,85,30,9500,12000,640,360,H.264,480,270,518400,25056,518400,25056,0.048,0.000,,0,0,0.000,1.837,0.000,0.000,0.086,6000,6000,6000,19,19,0,1,9500,0.820,1,8.383,0.000,0,0,0.000,0.000,0,0,0,0,0.313,0.639,0.048,1,0,0,latency-pressure-freshness-hold,21,0,0,181,468,181,249,38,365,365,0,5,large-au-observed,0,,0,0,8.009,21.100,0,,0.000,0.000,0.000,0.000,0,0,0,,47,0,0,9.400,0,1310,0.086,0.000,0.000,0.085,0.000,0.060,0.007,1,1,1,1,0,1,1,0,0,0,0,0,1.000,0.000,0.000,27,0,0.000,0,0,0,0.000,0.000,0.000,0.000,0.000,0.000,0.000,1.741,13.975,0,0,0,0,0,0,0,0,0.000,0.000,0.000,0.000,0.000,0.000,0,0.448,17.359,902,907,4381,20.764,279.399,57.513,279.399,9285.906,246,1,H.264,128.675,0,0,278.539,279.625,1.001,233.127,127.808,arrival-gap-jitter-spike,37985.892,0,1,1,1,1,47271.798,462.773,489.982,490.610,490.610,0,0,7,0,0,6,1,cadence-limited freshness,input-cadence-or-video-budget,157.146,157.146,1293,1,H.264,0,0,0,0,0,0,0,0,0,0,,87.217,0.000,88.845,0.000,0.000,0.000,120.000,stale-before-decode,0.001,1307,0.000,94.215,4.898,0.094,0.292,0.001,0.000,0.291,1,0,0,1,3,0.062,21.204,17.359,26.199,15.837,1.000,RecoveryDeadline,0,1,0,0.000,0,1,1,1,0.060,0.000,0.060,0,100,0,37339,35041,2252,0,2030
48.276,Custom_loss6_delay0-100_dup0_reorder6_burst0,Loopback,1,1,0,,,0.000,0,21,1332,20.511,20.513,17.682,90.756,102.462,17.139,60.973,37.642,0.062,0.265,35656,2363,33510,31147,4955,2891,405,1475,1168,307,184,0,31154,952,343,0,0,0,0,5.000,0,0,0,0,0,0,0,0,0,0,0,0,0,0,0,0.000,0.000,0.000,,925,925,4463,0,1,85.374,278.539,86.396,279.625,0.000,0.000,920,917,18537,1259,317,0,3211,5108,1334,1,nack-sent,pending,H.264,1,1,22,18,4,5,4,3,6,29,0,0,37971,3,0,0,0,0,0,67.039,350,405,307,292,307,0,62.416,27.582,162.914,1,0,1063,53,1116,0,369,39,0.464,0.536,0.953,1.000,0.096,44.000,0.000,1.000,0.000,duplicate-guard,1547,12229,0,0,894,11186,3211,31171,653,1043,0,0,31141,predicted-useful,fec-grace,5301,0.318,406,1116,0,5,0,0,0,10,13,10,13,388,6078,387,6077,0,0,0,pacing,1,0.802,4.908,112.908,0,0,10,13,0,0,0,0,9,18,18,0,1299,2,2,sent,142,383,0,13,103,5,1,1,21,60,9,18,12,42,1326,2,stale-frame-lag,3,0,3,0,25,0,0,0,0,1,0,39,0,0,6096,3859,189,0,1,9500000,1200000,9,0,9,38004,37995,46632109,2500,3085363,1229,1523478,0,0,0,0,0,0.488,39.794,1004.625,4800.000,1938,69137,35627,15595,33510,17915,0.304,3.949,1.560,1938,4711970,7211535,1.419,-1.048,0.523,13.293,69137,3210,941,31167,1105,2099,6,316,316,584,44,70,2,21,23,0,0,0,0,0,0,0,0,0,0,271,1,1,0,4,6340,5108,5108,0,0,0,0,0,,disabled,,0,0,0,0,,1,Fixed Quality,Hybrid,85,30,9500,12000,640,360,H.264,480,270,518400,26096,518400,26096,0.050,0.000,,0,0,0.000,2.074,0.000,0.000,0.086,7000,6250,6250,20,20,0,1,9500,0.980,1,5.234,0.000,0,0,0.000,0.000,0,0,0,0,0.314,0.639,0.047,1,0,0,fixed-pacing-queue-hold,22,0,0,185,477,185,253,39,373,373,0,5,large-au-observed,0,,0,0,8.706,21.976,0,,0.000,0.000,0.000,0.000,0,0,0,,48,0,0,5.574,0,1336,0.085,0.000,0.000,0.085,0.000,0.061,0.007,1,1,1,1,0,1,1,0,0,0,0,0,1.000,0.000,0.000,24,0,0.000,0,0,0,0.000,0.000,0.000,0.000,0.000,0.000,0.000,1.942,9.803,0,0,0,0,0,0,0,0,0.000,0.000,0.000,0.000,0.000,0.000,0,0.388,20.513,920,925,4463,86.381,279.399,57.513,279.399,9285.906,246,1,H.264,128.675,0,0,278.539,279.625,1.001,233.127,127.808,arrival-gap-jitter-spike,38990.449,0,1,1,1,1,48276.355,462.773,489.982,490.610,490.610,0,0,7,0,0,6,0,,,157.146,157.146,1293,1,H.264,0,0,0,0,0,0,0,0,0,0,,101.703,0.000,104.382,0.000,0.000,0.000,130.378,stale-before-decode,0.001,1332,0.000,109.772,4.985,0.083,0.283,0.001,0.000,0.282,1,0,0,1,3,0.062,20.511,20.513,37.642,17.682,1.000,Jitter,0,1,0,0.000,1,3,3,1,0.060,0.000,0.060,0,100,0,38043,35711,2290,0,2076
49.279,Custom_loss6_delay0-100_dup0_reorder6_burst0,Loopback,1,1,0,,,0.000,0,21,1360,21.490,21.485,23.037,80.670,102.602,11.546,59.875,28.549,0.062,0.264,36359,2420,34181,31761,5060,2948,415,1507,1193,314,190,0,31768,974,349,0,0,0,0,5.000,0,0,0,0,0,0,0,0,0,0,0,0,0,0,0,0.000,0.000,0.000,,946,946,4555,0,1,16.990,278.539,17.985,279.625,0.000,0.000,941,937,18929,1288,322,0,3277,5218,1360,1,retransmit-late-after-completed,completed,H.264,1,1,22,22,0,0,0,3,0,4,1,1,38723,1,38723,1,38723,1,1,99.843,359,415,314,299,314,0,61.911,27.657,162.914,1,0,1089,58,1147,0,381,39,0.464,0.536,0.949,1.000,0.093,45.000,0.000,1.000,0.000,duplicate-guard,1578,12460,0,0,912,11396,3277,31721,666,1064,0,0,31690,predicted-useful,fec-grace,5414,0.091,417,1147,0,5,0,0,0,12,15,12,15,397,6221,396,6220,0,0,0,pacing,1,0.807,11.105,119.105,0,0,12,15,0,0,0,0,9,18,18,0,1299,2,2,sent,148,401,0,13,107,5,1,1,23,68,9,18,14,50,1361,2,stale-age,3,0,3,0,25,0,0,0,0,1,0,44,0,0,6241,3939,193,0,1,9500000,1200000,0,0,0,38735,38735,47545693,2559,3158195,1255,1555862,0,0,0,0,0,9.272,39.794,753.312,4067.700,1975,70515,36348,15891,34167,18276,0.304,17.991,2.241,1975,4900461,7769521,2.104,-5.593,0.446,14.484,70515,3277,963,31721,1130,2141,6,321,321,594,45,72,2,21,24,0,0,0,0,0,0,0,0,0,0,275,1,1,0,4,6472,5218,5218,0,0,0,0,0,,disabled,,0,0,0,0,,1,Fixed Quality,Hybrid,85,30,9500,12000,640,360,H.264,480,270,518400,0,518400,26096,0.050,0.000,,0,0,0.000,5.026,0.000,4.390,0.611,6000,6250,6250,20,20,0,1,9500,0.820,1,9.272,0.000,0,0,0.000,0.000,0,0,0,0,0.313,0.636,0.051,1,0,0,latency-pressure-freshness-hold,0,0,0,189,486,189,258,39,381,381,0,5,async-output-pending,0,,0,0,0.000,0.000,0,,9.272,753.312,43981.481,0.000,0,0,0,,49,0,0,0.000,1,0,0.601,0.151,0.449,0.000,0.000,0.000,0.000,0,0,1,1,1,0,0,1,1,0,0,0,1.000,0.000,0.000,27,0,0.000,0,0,0,0.000,0.000,0.000,0.000,0.000,0.000,0.000,0.000,9.896,0,0,0,0,0,0,0,0,0.000,0.000,0.000,0.000,0.000,0.000,0,0.434,21.999,941,946,4555,18.010,279.399,57.513,279.399,9285.906,246,1,H.264,128.675,0,0,278.539,279.625,1.001,233.127,127.808,arrival-gap-jitter-spike,39993.549,0,1,1,1,1,49279.455,462.773,489.982,490.610,490.610,0,0,8,0,0,7,1,latency-pressure freshness,latency-over-80ms,149.140,157.146,1338,1,decoded,0,0,0,0,0,0,0,0,0,0,,100.525,0.000,103.141,0.000,0.000,0.000,120.335,stale-before-upload,0.001,1360,0.000,107.673,4.247,0.085,0.271,0.001,0.000,0.270,1,0,0,1,3,0.062,21.490,21.485,28.549,23.037,1.000,RecoveryDeadline,0,1,0,1.000,0,1,1,1,0.060,0.000,0.060,0,100,0,38784,36414,2340,0,2130
50.289,Custom_loss6_delay0-100_dup0_reorder6_burst0,Loopback,1,1,0,,,0.000,0,21,1385,16.993,15.094,20.688,96.779,102.702,27.922,59.180,30.895,0.063,0.263,37059,2478,34850,32372,5154,2998,425,1537,1218,319,194,0,32379,995,355,0,0,0,0,5.000,0,0,0,0,0,0,0,0,0,0,0,0,0,0,0,0.000,0.000,0.000,,965,965,4639,0,1,26.919,278.539,27.953,279.625,0.000,0.000,960,956,19266,1314,326,0,3338,5313,1387,1,nack-sent,pending,H.264,1,1,23,14,9,1,1,2,2,21,0,0,39491,4,0,0,0,0,0,56.682,364,425,319,304,319,0,61.567,27.727,162.914,1,0,1109,63,1172,0,391,39,0.461,0.539,0.946,1.000,0.091,45.000,0.200,0.800,0.000,duplicate-guard,1598,12664,0,0,929,11593,3338,32306,668,1067,1,4,32277,predicted-useful,fec-grace,5520,0.391,426,1172,0,5,0,0,0,13,17,13,17,404,6311,403,6310,0,0,0,pacing,1,0.689,5.498,113.498,0,0,13,17,0,0,0,0,10,20,20,0,1375,2,2,sent,153,413,0,13,110,5,1,1,25,74,10,20,15,54,1379,2,stale-age,3,0,3,0,25,0,0,0,0,1,0,47,0,0,6333,4012,197,0,1,9500000,1200000,26,0,26,39527,39500,48489045,2613,3224653,1282,1589490,0,0,0,0,0,0.524,39.794,20593.938,4800.000,2015,71892,37048,16220,34844,18624,0.304,4.177,1.334,2015,7047858,10457808,0.893,16.376,0.494,17.879,71892,3338,984,32306,1156,2176,6,325,325,604,45,72,2,21,24,0,0,0,0,0,0,0,0,0,0,279,1,1,0,4,6589,5313,5313,0,0,0,0,0,,disabled,,0,0,0,0,,1,Fixed Quality,Hybrid,85,30,9500,12000,640,360,H.264,480,270,518400,27136,518400,27136,0.052,0.000,,0,0,0.000,1.969,0.000,0.000,0.088,7250,6500,6500,21,21,0,1,9500,1.000,0,14.719,0.000,0,0,0.000,0.000,0,0,0,0,0.311,0.636,0.054,1,0,0,disabled,23,0,0,193,496,193,262,41,390,390,0,5,large-au-observed,0,,0,0,28.957,22.851,0,,0.000,0.000,0.000,0.000,0,0,0,,50,0,0,5.957,0,1389,0.087,0.000,0.000,0.087,0.000,0.059,0.009,1,1,1,1,0,1,1,0,0,0,0,0,1.000,0.000,0.000,30,0,0.000,0,0,0,0.000,0.000,0.000,0.000,0.000,0.000,0.000,1.873,13.251,0,0,0,0,0,0,0,0,0.000,0.000,0.000,0.000,0.000,0.000,0,0.392,15.974,960,965,4639,27.926,279.399,57.513,279.399,9285.906,246,1,H.264,128.675,0,0,278.539,279.625,1.001,233.127,127.808,arrival-gap-jitter-spike,41003.198,0,1,1,1,1,50289.104,462.773,489.982,490.610,490.610,0,0,8,0,0,7,0,,,149.140,157.146,1338,1,decoded,0,0,0,0,0,0,0,0,0,0,,102.423,0.000,105.453,0.000,0.000,0.000,128.389,stale-before-upload,0.001,1385,0.000,111.357,5.499,0.090,0.314,0.001,0.000,0.313,1,0,0,1,3,0.063,16.993,15.094,30.895,20.688,1.000,RecoveryDeadline,0,1,0,1.000,0,2,2,1,0.060,0.000,0.060,0,100,0,39551,37127,2389,0,2177
51.294,Custom_loss6_delay0-100_dup0_reorder6_burst0,Loopback,1,1,0,,,0.000,0,21,1415,23.897,23.886,23.517,93.252,102.664,83.718,59.702,13.668,0.062,0.262,37914,2525,35651,33126,5281,3058,441,1585,1264,321,197,0,33133,1018,362,0,0,0,0,5.000,0,0,0,0,0,0,0,0,0,0,0,0,0,0,0,0.000,0.000,0.000,,988,988,4723,0,1,27.064,278.539,28.179,279.625,0.000,0.000,983,979,19710,1339,334,0,3411,5439,1416,1,fec-recovered,pending,H.264,1,1,24,21,3,6,5,3,9,39,0,1,40356,0,40387,1,0,0,0,74.149,366,441,321,306,321,0,61.601,27.604,162.914,2,0,1130,61,1191,0,393,39,0.454,0.546,0.949,1.000,0.090,45.000,0.200,0.800,0.000,duplicate-guard,1635,12969,0,0,951,11875,3411,33037,683,1090,1,4,33008,predicted-useful,fec-grace,5643,0.000,433,1191,0,5,0,0,0,13,17,13,17,411,6428,410,6427,0,0,0,pacing,1,0.814,11.202,119.202,0,0,13,17,0,0,0,0,10,20,20,0,1375,2,2,sent,156,423,0,14,112,5,1,1,25,74,10,20,15,54,1403,2,stale-frame-lag,3,0,3,0,25,0,0,0,0,1,0,47,1,0,6450,4103,201,0,1,9500000,1200000,1,0,1,40398,40397,49590947,2662,3285035,1308,1621882,0,0,0,0,0,10.262,39.794,934.938,4800.000,2059,73509,37886,16543,35623,19080,0.304,16.411,0.448,2059,5571767,8720268,1.085,24.260,0.463,14.780,73509,3411,1007,33037,1179,2226,6,332,332,616,49,79,1,22,27,0,0,0,0,0,0,0,0,0,0,282,1,1,0,4,6746,5439,5439,0,0,0,0,0,,disabled,,0,0,0,0,,1,Fixed Quality,Hybrid,85,30,9500,12000,640,360,H.264,480,270,518400,28178,518400,28178,0.054,0.000,,0,0,0.000,2.051,0.000,0.000,0.086,7250,6750,6750,22,22,0,1,9500,1.000,0,15.479,0.000,0,0,0.000,0.000,0,0,0,0,0.307,0.641,0.051,1,0,0,disabled,24,0,0,197,504,197,266,41,398,398,0,5,large-au-observed,0,,0,0,19.540,23.729,0,,0.000,0.000,0.000,0.000,0,0,0,,51,0,0,10.978,0,1418,0.086,0.000,0.000,0.085,0.000,0.059,0.008,1,1,1,1,0,1,1,0,0,0,0,0,1.000,0.000,0.000,30,0,0.000,0,0,0,0.000,0.000,0.000,0.000,0.000,0.000,0.000,1.953,12.472,0,0,0,0,0,0,0,0,0.000,0.000,0.000,0.000,0.000,0.000,0,0.378,23.886,983,988,4723,28.115,279.399,57.513,279.399,9285.906,246,1,H.264,128.675,0,0,278.539,279.625,1.001,233.127,127.808,arrival-gap-jitter-spike,42008.019,0,1,1,1,1,51293.925,462.773,489.982,490.610,490.610,0,0,8,0,0,7,0,,,149.140,157.146,1338,1,decoded,0,0,0,0,0,0,0,0,0,0,,100.105,0.000,102.933,0.000,0.000,0.000,126.626,stale-before-upload,0.001,1415,0.000,108.496,5.176,0.086,0.266,0.001,0.000,0.266,1,0,0,1,3,0.062,23.897,23.886,13.668,23.517,1.000,Loss,0,1,0,1.000,1,1,1,1,0.060,0.000,0.060,0,100,0,40448,37971,2422,0,2231
52.300,Custom_loss6_delay0-100_dup0_reorder6_burst0,Loopback,1,1,0,,,0.000,0,21,1443,17.691,17.633,17.044,97.756,102.663,56.289,59.631,14.476,0.063,0.264,38650,2582,36347,33765,5384,3113,455,1611,1287,324,205,0,33772,1037,372,0,0,0,0,5.000,0,0,0,0,0,0,0,0,0,0,0,0,0,0,0,0.000,0.000,0.000,,1006,1006,4814,0,1,69.953,278.539,71.002,279.625,0.000,0.000,1001,996,20107,1361,343,0,3475,5547,1444,1,nack-deferred-likely-arrival,pending,H.264,0,1,22,20,2,4,4,2,7,19,0,0,41153,7,0,0,0,0,0,101.281,375,455,324,309,324,0,61.922,27.378,162.914,2,0,1156,63,1219,0,400,40,0.452,0.548,0.948,1.000,0.091,45.000,0.375,0.625,0.000,duplicate-guard,1671,13235,0,0,969,12113,3475,33670,701,1118,1,4,33641,deferred-likely-arrival,likely-arrival,5750,0.409,443,1219,0,5,0,0,0,15,19,15,19,421,6573,420,6572,0,0,0,pacing,1,0.780,10.292,118.292,0,0,15,19,0,0,0,0,10,20,20,0,1375,2,2,sent,157,425,0,14,113,5,1,1,25,74,10,20,15,54,1422,2,stale-age,3,0,3,0,25,0,0,0,0,1,0,47,1,0,6597,4179,205,0,1,9500000,1200000,0,0,0,41183,41183,50557418,2718,3354443,1336,1656754,0,0,0,0,0,8.708,39.794,57.062,4800.000,2101,74995,38648,16905,36347,19442,0.304,95.205,0.000,2101,5133350,8041615,0.898,13.922,0.501,31.170,74995,3475,1025,33670,1204,2264,7,341,341,635,51,86,2,22,28,1,0,0,0,0,0,0,0,0,0,288,2,1,0,4,6881,5547,5547,0,0,0,0,0,,disabled,,0,0,0,0,,1,Fixed Quality,Hybrid,85,30,9500,12000,640,360,H.264,480,270,518400,0,518400,26094,0.050,0.000,,0,0,0.000,5.252,0.000,4.530,0.701,6750,6250,6250,23,23,0,1,9500,0.923,1,8.708,0.000,0,0,0.000,0.000,0,0,0,0,0.308,0.641,0.052,1,0,0,latency-pressure-freshness-hold,0,0,0,201,514,201,270,43,407,407,2,5,async-output-pending,0,,0,0,0.000,0.000,0,,8.708,57.062,43981.481,0.000,0,0,0,,52,0,0,0.000,1,0,0.690,0.213,0.475,0.000,0.000,0.000,0.000,0,0,1,1,1,0,0,1,1,0,0,0,1.000,0.000,0.000,27,0,0.000,0,0,0,0.000,0.000,0.000,0.000,0.000,0.000,0.000,0.000,21.659,0,0,0,0,0,0,0,0,0.000,0.000,0.000,0.000,0.000,0.000,0,0.374,17.633,1001,1006,4814,70.914,279.399,57.513,279.399,9285.906,246,1,H.264,128.675,0,0,278.539,279.625,1.001,233.127,127.808,arrival-gap-jitter-spike,43013.904,0,1,1,1,1,52299.810,462.773,489.982,490.610,490.610,0,0,9,0,0,8,1,latency-pressure freshness,latency-over-80ms,126.940,157.146,1423,1,decoded,0,0,0,0,0,0,0,0,0,0,,102.145,0.000,104.767,0.000,0.000,0.000,128.878,stale-before-upload,0.001,1443,0.000,110.533,5.554,0.081,0.303,0.001,0.000,0.302,1,0,0,1,3,0.063,17.691,17.633,14.476,17.044,1.000,RecoveryDeadline,0,1,0,1.000,1,1,1,1,0.060,0.000,0.060,0,100,0,41235,38714,2481,0,2283
53.305,Custom_loss6_delay0-100_dup0_reorder6_burst0,Loopback,1,1,0,,,0.000,0,21,1470,16.304,16.311,15.153,99.063,102.622,9.628,58.611,25.197,0.063,0.265,39387,2636,37047,34411,5494,3182,460,1641,1312,329,211,0,34418,1055,381,0,0,0,0,5.000,0,0,0,0,0,0,0,0,0,0,0,0,0,0,0,0.000,0.000,0.000,,1024,1024,4899,0,1,34.351,278.539,36.139,279.625,0.000,0.000,1019,1014,20497,1384,352,0,3540,5659,1472,1,fec-parity,pending,H.264,0,1,23,11,12,2,0,0,0,0,0,0,41979,8,0,0,0,0,0,45.826,384,460,329,314,329,0,62.106,27.338,162.914,2,0,1175,62,1237,0,408,41,0.455,0.545,0.950,1.000,0.091,39.000,0.833,0.167,0.333,retransmit-late,1702,13487,0,0,989,12352,3540,34264,712,1131,1,4,34235,predicted-useful,fec-grace,5854,0.130,449,1237,0,5,0,0,0,15,19,15,19,427,6664,426,6663,0,0,0,pacing,1,0.791,11.462,119.462,0,0,15,19,0,0,0,0,10,20,20,0,1375,2,2,sent,160,434,0,14,116,5,1,1,25,74,10,20,15,54,1451,1,stale-age,3,0,3,0,25,0,0,0,0,1,0,48,1,0,6688,4258,209,0,1,9500000,1200000,0,0,0,41976,41976,51534220,2765,3412497,1360,1686650,0,0,0,0,0,8.472,39.794,4065.312,381.300,2141,76408,39372,17184,37036,19852,0.304,35.479,0.028,2141,6308043,12933757,1.164,1.806,0.506,16.339,76408,3540,1043,34264,1226,2307,7,350,350,654,53,89,1,23,29,1,0,0,0,0,0,0,0,0,0,295,2,1,0,4,7017,5659,5659,0,0,0,0,0,,disabled,,0,0,0,0,,1,Fixed Quality,Hybrid,85,30,9500,12000,640,360,H.264,480,270,518400,0,518400,27138,0.052,0.000,,0,0,0.000,5.340,0.000,4.661,0.653,7250,6500,6500,24,24,0,1,9500,1.000,0,8.472,0.000,0,0,0.000,0.000,0,0,0,0,0.310,0.639,0.050,1,0,0,disabled,0,0,0,205,522,205,274,43,414,414,1,5,async-output-pending,0,,0,0,0.000,0.000,0,,8.472,4065.312,39583.333,0.000,0,0,0,,53,0,0,0.000,1,0,0.643,0.180,0.461,0.000,0.000,0.000,0.000,0,0,1,1,1,0,0,1,1,0,0,0,1.000,0.000,0.000,30,0,0.000,0,0,0,0.000,0.000,0.000,0.000,0.000,0.000,0.000,0.000,21.815,0,0,0,0,0,0,0,0,0.000,0.000,0.000,0.000,0.000,0.000,0,0.423,16.311,1019,1024,4899,35.369,279.399,57.513,279.399,9285.906,246,1,H.264,128.675,0,0,278.539,279.625,1.001,233.127,127.808,arrival-gap-jitter-spike,44019.557,0,1,1,1,1,53305.463,462.773,489.982,490.610,490.610,0,0,9,0,0,8,0,,,126.940,157.146,1423,1,decoded,0,0,0,0,0,0,0,0,0,0,,102.116,0.000,105.439,0.000,0.000,0.000,129.531,stale-before-upload,0.001,1470,0.000,112.056,6.185,0.087,0.378,0.001,0.000,0.377,1,0,0,1,3,0.063,16.304,16.311,25.197,15.153,1.000,Loss,0,1,0,0.000,2,1,1,1,0.060,0.000,0.060,0,100,0,42029,39448,2543,0,2325
54.309,Custom_loss6_delay0-100_dup0_reorder6_burst0,Loopback,1,1,0,,,0.000,0,21,1500,20.835,20.800,23.954,97.113,102.611,101.326,59.465,2.287,0.062,0.263,40146,2656,37737,35081,5600,3237,468,1680,1344,336,215,0,35088,1079,386,0,0,0,0,5.000,0,0,0,0,0,0,0,0,0,0,0,0,0,0,0,0.000,0.000,0.000,,1048,1048,4982,0,1,49.874,278.539,50.282,279.625,0.000,0.000,1043,1037,20902,1415,357,0,3614,5777,1501,1,fec-recovered,pending,H.264,1,1,22,18,4,6,4,3,11,42,0,0,42790,14,0,0,0,0,0,84.406,393,468,336,321,336,0,62.415,26.947,162.914,2,0,1199,66,1265,0,419,42,0.456,0.544,0.948,1.000,0.091,44.000,0.167,0.833,0.000,duplicate-guard,1727,13739,0,0,1007,12592,3614,35055,719,1143,1,4,35026,predicted-useful,fec-grace,5981,0.409,459,1265,0,5,0,0,0,15,19,15,19,437,6819,436,6818,0,0,0,pacing,1,0.785,5.436,113.436,0,0,15,19,0,0,0,0,10,20,20,0,1375,2,2,sent,162,442,0,14,118,5,1,1,25,74,10,20,15,54,1493,4,stale-age,3,0,3,0,25,0,0,0,0,1,0,49,1,0,6843,4344,213,0,1,9500000,1200000,9,0,9,42781,42772,52510456,2821,3481905,1384,1716546,0,0,0,0,0,0.418,39.794,872.812,4800.000,2180,77871,40134,17495,37737,20242,0.304,25.542,7.149,2180,3158727,6015328,3.139,19.784,0.392,13.984,77871,3614,1066,35055,1253,2353,8,355,355,661,54,90,1,24,29,1,0,0,0,0,0,0,0,0,0,299,2,1,0,4,7152,5777,5777,0,0,0,0,0,,disabled,,0,0,0,0,,1,Fixed Quality,Hybrid,85,30,9500,12000,640,360,H.264,480,270,518400,26094,518400,26094,0.050,0.000,,0,0,0.000,1.858,0.000,0.000,0.069,6250,6250,6250,26,26,0,1,9500,0.880,1,0.418,0.000,0,0,0.000,0.000,0,0,0,0,0.311,0.637,0.052,1,0,0,latency-pressure-freshness-hold,22,1,1,209,534,209,280,45,423,423,2,5,decoder-sync-observed,0,,0,0,0.120,21.974,0,,0.000,0.000,0.000,0.000,0,0,0,,54,0,0,5.983,0,1503,0.069,0.000,0.000,0.069,0.000,0.048,0.006,1,1,1,1,0,1,1,0,0,0,0,0,1.000,0.000,0.000,27,0,0.000,0,0,0,0.000,0.000,0.000,0.000,0.000,0.000,0.000,1.756,10.771,0,0,0,0,0,0,0,0,0.000,0.000,0.000,0.000,0.000,0.000,0,0.469,20.800,1043,1048,4982,50.875,279.399,57.513,279.399,9285.906,246,1,H.264,128.675,0,0,278.539,279.625,1.001,233.127,127.808,arrival-gap-jitter-spike,45023.765,0,1,1,1,1,54309.671,462.773,489.982,490.610,490.610,0,0,10,0,0,9,1,latency-pressure freshness,latency-over-80ms,139.616,157.146,1493,1,decoded,0,0,0,0,0,0,0,0,0,0,,97.582,0.000,99.715,0.000,0.000,0.000,128.556,stale-before-upload,0.001,1500,0.000,102.843,4.072,0.074,0.303,0.001,0.000,0.302,1,0,0,1,3,0.062,20.835,20.800,2.287,23.954,1.000,Loss,0,1,0,1.000,0,1,1,1,0.060,0.000,0.060,0,100,0,42826,40209,2593,0,2376
55.313,Custom_loss6_delay0-100_dup0_reorder6_burst0,Loopback,1,1,0,,,0.000,0,21,1526,15.959,14.241,18.183,107.423,102.637,8.827,58.472,19.330,0.062,0.263,40787,2713,38345,35632,5694,3295,477,1706,1364,342,216,0,35639,1098,392,0,0,0,0,5.000,0,0,0,0,0,0,0,0,0,0,0,0,0,0,0,0.000,0.000,0.000,,1065,1065,5072,0,1,42.159,278.539,43.332,279.625,0.000,0.000,1060,1054,21233,1440,361,0,3665,5876,1528,1,nack-suppressed-fec-grace,pending,H.264,0,1,23,16,7,2,2,0,0,0,0,0,43489,15,0,0,0,0,0,49.320,398,477,342,327,342,0,62.593,26.711,162.914,2,0,1219,65,1284,0,428,42,0.455,0.545,0.949,1.000,0.089,45.000,0.200,0.800,0.000,duplicate-guard,1753,13945,0,0,1024,12783,3665,35550,728,1158,1,4,35521,predicted-useful,fec-grace,6073,0.000,466,1284,0,5,0,0,0,15,19,15,19,443,6910,442,6909,0,0,0,pacing,1,0.798,9.407,117.407,0,0,15,19,0,0,0,0,11,21,21,0,1508,1,1,sent,165,451,0,14,120,5,1,1,26,75,11,21,15,54,1522,4,stale-age,3,0,3,0,25,0,0,0,0,1,0,50,1,0,6934,4408,217,0,1,9500000,1200000,0,0,0,43448,43448,53344862,2840,3505541,1384,1716546,0,0,0,0,0,13.658,39.794,4587.125,4800.000,2216,79105,40760,17828,38345,20517,0.304,14.821,0.441,2216,5436866,8107378,1.428,-2.673,0.506,16.075,79105,3665,1084,35550,1277,2380,8,359,359,667,56,93,1,25,30,1,0,0,0,0,0,0,0,0,0,301,2,1,0,4,7264,5876,5876,0,0,0,0,0,,disabled,,0,0,0,0,,1,Fixed Quality,Hybrid,85,30,9500,12000,640,360,H.264,480,270,518400,0,518400,27138,0.052,0.000,,0,0,0.000,1.967,0.000,0.000,0.074,7250,6500,6500,27,27,0,1,9500,1.000,0,13.658,0.000,0,0,0.000,0.000,0,0,0,0,0.310,0.639,0.051,1,0,0,disabled,0,0,0,213,543,213,285,45,430,430,0,5,async-output-pending,0,,0,0,0.000,0.000,0,,0.000,0.000,0.000,0.000,0,0,0,,54,0,0,5.553,0,1529,0.074,0.000,0.000,0.073,0.000,0.050,0.008,1,1,1,1,0,1,1,0,1,0,1,0,0.860,74.511,0.000,26,0,0.000,0,0,0,0.000,0.000,0.000,0.000,0.000,0.000,0.000,0.000,10.364,0,0,0,0,0,0,0,0,0.000,0.000,0.000,0.000,0.000,0.000,0,0.465,14.241,1060,1065,5072,43.464,279.399,57.513,279.399,9285.906,246,1,H.264,128.675,0,0,278.539,279.625,1.001,233.127,127.808,arrival-gap-jitter-spike,46027.825,0,1,1,1,1,55313.731,462.773,489.982,490.610,490.610,0,0,10,0,0,9,0,,,139.616,157.146,1493,1,decoded,0,0,0,0,0,0,0,0,0,0,,98.399,0.000,101.405,0.000,0.000,0.000,133.712,stale-before-upload,0.001,1526,0.000,106.631,4.781,0.095,0.362,0.001,0.000,0.362,1,0,0,1,3,0.062,15.959,14.241,19.330,18.183,0.500,Loss,0,1,0,1.000,1,1,1,1,0.060,0.000,0.060,0,100,0,43503,40852,2636,0,2413
56.316,Custom_loss6_delay0-100_dup0_reorder6_burst0,Loopback,1,1,0,,,0.000,0,21,1553,19.323,19.305,20.720,109.831,102.601,33.416,57.990,28.101,0.063,0.262,41484,2787,39026,36239,5791,3351,488,1734,1389,345,218,0,36246,1117,397,0,0,0,0,5.000,0,0,0,0,0,0,0,0,0,0,0,0,0,0,0,0.000,0.000,0.000,,1084,1084,5155,0,1,78.157,278.539,79.853,279.625,0.000,0.000,1079,1073,21604,1462,366,0,3725,5983,1554,1,fec-recovered,pending,H.264,0,1,24,20,4,6,4,3,10,34,0,0,44167,2,0,0,0,0,0,110.993,403,488,345,330,345,0,62.601,26.737,162.914,2,0,1238,67,1305,0,432,43,0.452,0.548,0.949,1.000,0.091,40.000,0.333,0.667,0.500,retransmit-late,1785,14199,0,0,1041,13014,3725,36156,743,1181,1,4,36127,predicted-useful,fec-grace,6176,0.542,473,1305,0,8,0,0,0,15,19,15,19,451,7044,450,7043,0,0,0,pacing,1,0.835,7.679,115.679,0,0,15,19,0,0,0,0,11,21,21,0,1508,1,1,sent,167,457,0,15,121,5,1,1,26,75,11,21,15,54,1544,2,stale-frame-lag,3,0,3,0,25,0,0,0,0,1,0,50,1,0,7071,4480,221,0,1,9500000,1200000,0,0,0,44229,44229,54304926,2890,3567325,1412,1751418,0,0,0,0,0,17.357,39.794,6901.375,4800.000,2254,80498,41477,18157,39021,20864,0.304,31.122,0.000,2254,6119569,9254486,1.265,24.589,0.468,15.426,80498,3725,1103,36156,1301,2416,8,364,364,675,57,95,2,25,31,1,0,0,0,0,0,0,0,0,0,305,2,1,0,4,7393,5983,5983,0,0,0,0,0,,disabled,,0,0,0,0,,1,Fixed Quality,Hybrid,85,30,9500,12000,640,360,H.264,480,270,518400,0,518400,28178,0.054,0.000,,0,0,0.000,5.346,0.000,4.667,0.626,7250,6750,6750,28,28,0,1,9500,1.000,0,17.357,0.000,0,0,0.000,0.000,0,0,0,0,0.309,0.640,0.051,1,0,0,disabled,0,0,0,217,554,217,292,45,438,438,0,5,async-output-pending,0,,0,0,0.000,0.000,0,,0.000,0.000,0.000,0.000,0,0,0,,55,0,0,0.000,1,0,0.616,0.160,0.455,0.000,0.000,0.000,0.000,0,0,1,1,1,0,0,1,1,0,0,0,1.000,0.000,0.000,30,0,0.000,0,0,0,0.000,0.000,0.000,0.000,0.000,0.000,0.000,0.000,10.939,0,0,0,0,0,0,0,0,0.000,0.000,0.000,0.000,0.000,0.000,0,0.458,19.306,1079,1084,5155,79.188,279.399,57.513,279.399,9285.906,246,1,H.264,128.675,0,0,278.539,279.625,1.001,233.127,127.808,arrival-gap-jitter-spike,47030.604,0,1,1,1,1,56316.510,462.773,489.982,490.610,490.610,0,0,10,0,0,9,0,,,139.616,157.146,1493,1,decoded,0,0,0,0,0,0,0,0,0,0,,103.309,0.000,106.078,0.000,0.000,0.000,134.916,stale-before-upload,0.001,1553,0.000,113.532,6.971,0.085,0.268,0.001,0.000,0.268,1,0,0,1,3,0.063,19.323,19.305,28.101,20.720,1.000,RecoveryDeadline,0,1,0,1.000,0,1,1,1,0.060,0.000,0.060,0,100,0,44285,41554,2689,0,2455
57.322,Custom_loss6_delay0-100_dup0_reorder6_burst0,Loopback,1,1,0,,,0.000,0,21,1584,23.913,21.917,20.145,98.550,102.608,106.416,58.904,7.620,0.063,0.261,42350,2831,39832,37001,5915,3422,504,1767,1418,349,222,0,37008,1142,404,0,0,0,0,5.000,0,0,0,0,0,0,0,0,0,0,0,0,0,0,0,0.000,0.000,0.000,,1108,1108,5239,0,1,33.145,278.539,34.198,279.625,0.000,0.000,1103,1096,22042,1491,372,0,3798,6107,1586,1,fec-parity,pending,H.264,0,1,24,3,21,2,0,0,0,0,0,0,45155,0,0,0,0,0,0,26.850,409,504,349,334,349,0,62.424,26.880,162.914,2,0,1264,70,1334,0,435,45,0.448,0.552,0.948,1.000,0.094,40.000,0.167,0.833,1.000,retransmit-late,1816,14476,0,0,1061,13273,3798,36852,754,1199,1,4,36822,predicted-useful,fec-grace,6300,0.000,483,1334,0,8,0,0,0,15,19,15,19,460,7189,459,7188,0,0,0,pacing,1,0.792,4.201,112.201,0,0,15,19,0,0,0,0,11,21,21,0,1508,1,1,sent,170,465,0,15,123,5,1,1,27,79,11,21,16,58,1579,2,stale-age,3,0,3,0,25,0,0,0,0,1,0,52,1,0,7216,4568,225,0,1,9500000,1200000,8,8,0,45158,45150,55433370,2971,3666893,1457,1806824,0,0,0,0,0,0.553,39.794,670.938,1185.750,2300,82172,42340,18502,39832,21330,0.304,2.797,0.828,2300,5685968,10854708,0.915,34.271,0.494,12.887,82172,3798,1128,36852,1328,2462,8,370,370,687,59,98,1,26,32,1,0,0,0,0,0,0,0,0,0,309,2,1,0,4,7546,6107,6107,0,0,0,0,0,,disabled,,0,0,0,0,,1,Fixed Quality,Hybrid,85,30,9500,12000,640,360,H.264,480,270,518400,28178,518400,28178,0.054,0.000,,0,0,0.000,1.998,0.000,0.000,0.101,7250,6750,6750,28,28,0,1,9500,1.000,0,18.762,0.000,0,0,4.000,0.864,27368,23636,0,0,0.307,0.641,0.052,1,0,0,disabled,24,1,1,221,565,221,297,47,448,448,1,5,keyframe-g4-priority,0,,0,0,20.532,23.729,0,,0.000,0.000,0.000,0.000,0,0,0,,57,0,0,6.834,0,1587,0.101,0.000,0.000,0.101,0.000,0.076,0.008,1,1,1,1,0,1,1,0,0,0,0,0,1.000,0.000,0.000,30,0,0.000,0,0,0,0.000,0.000,0.000,0.000,0.000,0.000,0.000,1.855,10.872,0,0,0,0,0,0,0,0,0.000,0.000,0.000,0.000,0.000,0.000,0,0.398,21.917,1103,1108,5239,34.268,279.399,57.513,279.399,9285.906,246,1,H.264,128.675,0,0,278.539,279.625,1.001,233.127,127.808,arrival-gap-jitter-spike,48035.847,0,1,1,1,1,57321.753,462.773,489.982,490.610,490.610,0,0,10,0,0,9,0,,,139.616,157.146,1493,1,decoded,0,0,0,0,0,0,0,0,0,0,,98.547,0.000,101.294,4.484,0.000,107.203,129.275,stale-before-upload,0.001,1583,0.000,107.203,5.756,0.093,0.298,0.001,0.000,0.297,1,0,0,1,3,0.063,23.913,21.917,7.620,20.145,1.000,Loss,0,1,0,0.667,3,2,2,1,0.060,0.000,0.060,0,100,0,45207,42413,2741,0,2511
58.325,Custom_loss6_delay0-100_dup0_reorder6_burst0,Loopback,1,1,0,,,0.000,0,21,1612,21.902,19.893,19.650,100.545,102.743,44.956,58.646,25.010,0.063,0.261,43138,2876,40557,37681,6020,3483,517,1794,1443,351,226,0,37688,1164,411,0,0,0,0,5.000,0,0,0,0,0,0,0,0,0,0,0,0,0,0,0,0.000,0.000,0.000,,1128,1128,5325,0,1,19.663,278.539,20.648,279.625,0.000,0.000,1123,1117,22441,1515,377,0,3868,6220,1613,1,nack-sent,pending,H.264,0,1,24,16,8,5,2,2,4,22,0,0,45968,11,0,0,0,0,0,73.752,414,517,351,336,351,0,62.547,26.749,162.914,2,0,1284,71,1355,0,440,45,0.445,0.555,0.948,1.000,0.093,45.000,0.167,0.833,0.000,duplicate-guard,1844,14737,0,0,1080,13519,3868,37567,763,1214,1,4,37537,predicted-useful,likely-arrival,6413,0.333,490,1355,0,8,0,0,0,15,19,15,19,467,7303,466,7302,0,0,0,pacing,1,0.792,9.119,117.119,0,0,15,19,0,0,0,0,11,21,21,0,1508,1,1,sent,173,473,0,17,124,5,1,1,27,79,11,21,16,58,1602,1,stale-frame-lag,3,0,3,0,25,0,0,0,0,1,0,52,1,0,7330,4650,229,0,1,9500000,1200000,0,0,0,45959,45959,56424260,3000,3702395,1463,1814336,0,0,0,0,0,13.698,39.794,3783.375,4800.000,2342,83671,43114,18818,40557,21739,0.304,24.801,2.703,2342,5171203,8362546,1.680,15.125,0.517,17.123,83671,3868,1150,37567,1352,2508,8,375,375,695,61,100,1,28,32,1,0,0,0,0,0,0,0,0,0,312,2,1,0,4,7687,6220,6220,0,0,0,0,0,,disabled,,0,0,0,0,,1,Fixed Quality,Hybrid,85,30,9500,12000,640,360,H.264,480,270,518400,0,518400,28178,0.054,0.000,,0,0,0.000,1.906,0.000,0.000,0.086,7250,6750,6750,28,28,0,1,9500,1.000,0,13.698,0.000,0,0,0.000,0.000,0,0,0,0,0.306,0.642,0.052,1,0,0,disabled,0,0,0,225,574,225,302,47,455,455,0,5,async-output-pending,0,,0,0,0.000,0.000,0,,0.000,0.000,0.000,0.000,0,0,0,,57,0,0,5.434,0,1615,0.086,0.000,0.000,0.085,0.000,0.045,0.007,1,1,1,1,0,1,1,0,1,0,0,0,1.000,0.000,0.000,30,0,0.000,0,0,0,0.000,0.000,0.000,0.000,0.000,0.000,0.000,0.000,9.528,0,0,0,0,0,0,0,0,0.000,0.000,0.000,0.000,0.000,0.000,0,0.376,19.893,1123,1128,5325,20.739,279.399,57.513,279.399,9285.906,246,1,H.264,128.675,0,0,278.539,279.625,1.001,233.127,127.808,arrival-gap-jitter-spike,49039.799,0,1,1,1,1,58325.705,462.773,489.982,490.610,490.610,0,0,10,0,0,9,0,,,139.616,157.146,1493,1,decoded,0,0,0,0,0,0,0,0,0,0,,107.211,0.000,110.168,0.000,0.000,0.000,130.273,stale-before-upload,0.001,1612,0.000,116.186,5.632,0.082,0.254,0.001,0.000,0.253,1,0,0,1,3,0.063,21.902,19.893,25.010,19.650,1.000,Loss,0,1,0,1.000,0,1,1,1,0.060,0.000,0.060,0,100,0,46017,43202,2789,0,2555
59.329,Custom_loss6_delay0-100_dup0_reorder6_burst0,Loopback,1,1,0,,,0.000,0,21,1640,22.591,22.589,21.726,95.421,102.793,69.016,58.834,10.933,0.063,0.261,43901,2944,41289,38345,6126,3542,524,1830,1468,362,230,0,38352,1183,417,0,0,0,0,5.000,0,0,0,0,0,0,0,0,0,0,0,0,0,0,0,0.000,0.000,0.000,,1147,1147,5413,0,1,32.162,278.539,33.333,279.625,0.000,0.000,1142,1136,22834,1545,383,0,3938,6332,1643,1,fec-parity,pending,H.264,0,1,24,12,12,1,0,1,1,13,0,0,46797,4,0,0,0,0,0,50.652,421,524,362,347,362,0,62.619,26.572,162.914,2,0,1309,72,1381,0,453,45,0.446,0.554,0.948,1.000,0.090,45.000,0.167,0.833,0.000,duplicate-guard,1876,14977,0,0,1097,13735,3938,38223,778,1238,1,4,38192,predicted-useful,fec-grace,6527,0.917,500,1381,0,8,0,0,0,15,19,15,19,477,7461,476,7460,0,0,0,pacing,1,0.799,5.447,113.447,0,0,15,19,0,0,0,0,11,21,21,0,1508,1,1,sent,179,487,0,18,129,5,1,1,27,79,11,21,16,58,1631,2,stale-age,3,0,3,0,28,0,0,0,0,1,0,53,1,0,7488,4735,233,0,1,9500000,1200000,0,0,0,46795,46795,57448736,3056,3771483,1488,1845484,0,0,0,0,0,13.633,39.794,3721.625,3673.000,2384,85184,43895,19215,41289,22074,0.304,34.556,0.000,2384,5464370,9034279,1.898,16.912,0.497,21.751,85184,3938,1169,38223,1379,2551,8,381,381,705,61,100,1,28,32,1,0,0,0,0,0,0,0,0,0,318,2,1,0,4,7816,6332,6332,0,0,0,0,0,,disabled,,0,0,0,0,,1,Fixed Quality,Hybrid,85,30,9500,12000,640,360,H.264,480,270,518400,28178,518400,28178,0.054,0.000,,0,0,0.000,1.937,0.000,0.000,0.106,7250,6750,6750,28,28,0,1,9500,1.000,0,13.633,0.000,0,0,1.194,0.000,1244,0,0,0,0.000,0.000,1.000,1,0,0,disabled,24,0,0,228,586,228,309,49,464,464,0,5,large-au-observed,0,,0,0,17.330,23.729,0,,0.000,0.000,0.000,0.000,0,0,0,,58,0,0,5.146,0,1644,0.106,0.000,0.000,0.105,0.000,0.073,0.010,1,1,1,1,0,1,1,0,0,0,0,0,1.000,0.000,0.000,30,0,0.000,0,0,0,0.000,0.000,0.000,0.000,0.000,0.000,0.000,1.819,19.524,0,0,0,0,0,0,0,0,0.000,0.000,0.000,0.000,0.000,0.000,0,0.422,22.589,1142,1147,5413,33.181,279.399,57.513,279.399,9285.906,246,1,H.264,128.675,0,0,278.539,279.625,1.001,233.127,127.808,arrival-gap-jitter-spike,50043.249,0,1,1,1,1,59329.155,462.773,489.982,490.610,490.610,0,0,10,0,0,9,0,,,139.616,157.146,1493,1,decoded,0,0,0,0,0,0,0,0,0,0,,102.980,0.000,105.864,0.000,0.000,0.000,127.710,stale-before-upload,0.001,1640,0.000,111.116,4.807,0.089,0.285,0.001,0.000,0.284,1,0,0,1,3,0.063,22.591,22.589,10.933,21.726,1.000,RecoveryDeadline,0,1,0,0.000,0,1,1,1,0.060,0.000,0.060,0,100,0,46854,43966,2846,0,2588
60.331,Custom_loss6_delay0-100_dup0_reorder6_burst0,Loopback,1,1,0,,,0.000,0,21,1670,21.525,21.519,21.398,109.183,102.771,20.677,58.153,3.432,0.063,0.260,44751,2996,42084,39088,6242,3614,538,1860,1490,370,230,0,39095,1207,423,0,0,0,0,5.000,0,0,0,0,0,0,0,0,0,0,0,0,0,0,0,0.000,0.000,0.000,,1171,1171,5495,0,1,42.037,278.539,43.025,279.625,0.000,0.000,1166,1160,23261,1577,389,0,4008,6452,1672,1,nack-sent,pending,H.264,0,1,24,10,14,3,0,1,0,14,0,0,47710,19,0,0,0,0,0,51.249,425,538,370,355,370,0,62.508,26.466,162.914,2,0,1335,72,1407,0,460,45,0.441,0.559,0.949,1.000,0.089,45.000,0.200,0.800,0.000,duplicate-guard,1912,15289,0,0,1119,14025,4008,38986,792,1260,1,4,38955,predicted-useful,fec-grace,6646,0.167,510,1407,0,8,0,0,0,15,19,15,19,487,7621,486,7620,0,0,0,pacing,1,0.740,5.822,113.822,0,0,15,19,0,0,0,0,11,21,21,0,1508,1,1,sent,182,495,0,19,131,5,1,1,27,79,11,21,16,58,1661,2,stale-frame-lag,3,0,3,0,28,0,0,0,0,1,0,53,1,0,7648,4819,236,0,1,9500000,1200000,0,0,0,47691,47691,58546702,3112,3840573,1514,1877254,0,0,0,0,0,24.527,39.794,13557.312,4800.000,2429,86809,44731,19593,42078,22485,0.305,17.125,0.070,2429,6682790,9766414,0.702,3.862,0.518,17.892,86809,4008,1193,38986,1403,2597,8,387,387,716,64,105,2,29,34,1,0,0,0,0,0,0,0,0,0,321,2,1,0,4,7961,6452,6452,0,0,0,0,0,,disabled,,0,0,0,0,,1,Fixed Quality,Hybrid,85,30,9500,12000,640,360,H.264,480,270,518400,0,518400,28178,0.054,0.000,,0,0,0.000,4.790,0.000,4.111,0.658,7250,6750,6750,28,28,0,1,9500,1.000,0,24.527,0.000,0,0,0.000,0.000,0,0,0,0,0.302,0.647,0.051,1,0,0,disabled,0,0,0,232,594,232,313,49,472,472,0,5,async-output-pending,0,,0,0,0.000,0.000,0,,24.375,18212.625,39583.333,0.000,0,0,0,,59,0,0,0.000,1,0,0.635,0.139,0.494,0.000,0.000,0.000,0.000,0,0,1,1,1,0,0,1,1,0,0,0,1.000,0.000,0.000,30,0,0.000,0,0,0,0.000,0.000,0.000,0.000,0.000,0.000,0.000,0.000,26.820,0,0,0,0,0,0,0,0,0.000,0.000,0.000,0.000,0.000,0.000,0,0.384,21.519,1166,1171,5495,43.040,279.399,57.513,279.399,9285.906,246,1,H.264,128.675,0,0,278.539,279.625,1.001,233.127,127.808,arrival-gap-jitter-spike,51045.276,0,1,1,1,1,60331.182,462.773,489.982,490.610,490.610,0,0,10,0,0,9,0,,,139.616,157.146,1493,1,decoded,0,0,0,0,0,0,0,0,0,0,,104.090,0.000,106.896,0.000,0.000,0.000,134.591,stale-before-upload,0.001,1670,0.000,111.546,4.251,0.080,0.243,0.001,0.000,0.242,1,0,0,1,3,0.063,21.525,21.519,3.432,21.398,1.000,Loss,0,1,0,0.000,0,1,1,1,0.060,0.000,0.060,0,100,0,47751,44825,2895,0,2630
