timeSec,scenarioName,networkRuntimeMode,networkModeSendingEnabled,networkModeReceivingEnabled,networkExperimentActive,networkExperimentScenarioName,networkExperimentAdaptiveMode,networkExperimentRemainingSec,networkExperimentStepIndex,networkExperimentStepCount,frameId,receiveFps,decodeFps,displayFps,currentLatencyMs,averageLatencyMs,currentRttMs,averageRttMs,currentJitterMs,packetLossRate,frameDropRate,receivedPackets,missingPackets,sequenceGapPackets,sequenceGapRecoveredPackets,duplicatePackets,duplicateOriginalPackets,duplicateRetransmitPackets,duplicateLateAfterCompletedPackets,duplicateLateAfterCompletedOriginalPackets,duplicateLateAfterCompletedRetransmitPackets,duplicateLateAfterExpiredPackets,duplicateLateAfterRejectedPackets,reorderedPackets,completedFrames,droppedFrames,deadlineDroppedFrames,outputQueueDroppedFrames,outputQueueDropEvents,outputQueueDropBurstEvents,startupWarmupSec,startupWarmupActive,outputQueueDroppedFramesDelta,outputQueueDropEventsDelta,outputQueueDropBurstEventsDelta,startupOutputQueueDroppedFrames,startupOutputQueueDropEvents,startupOutputQueueDropBurstEvents,steadyOutputQueueDroppedFrames,steadyOutputQueueDropEvents,steadyOutputQueueDropBurstEvents,evaluationOutputQueueDroppedFrames,evaluationOutputQueueDropEvents,evaluationOutputQueueDropBurstEvents,lastOutputQueueDropFrameCount,lastOutputQueueDropQueueSize,lastOutputQueueDropOldestAgeMs,lastOutputQueueDropNewestAgeMs,maxOutputQueueDropOldestAgeMs,lastOutputQueueDropReason,completedQueuePushes,completedQueuePops,completedQueueEmptyPolls,completedQueueSize,maxCompletedQueueSize,completedQueueLastPopAgeMs,completedQueueMaxPopAgeMs,completedQueueLastPushIntervalMs,completedQueueMaxPushIntervalMs,lastOutputQueueDropPopAgeMs,lastOutputQueueDropPushIntervalMs,decodedFrames,displayedFrames,frameRecoveryOutcomeEvents,frameRecoveryCompletedFrames,frameRecoveryExpiredFrames,frameRecoveryRejectedFrames,frameRecoveryNackSentFrames,frameRecoveryFecRecoveredFrames,frameRecoveryLastFrameId,frameRecoveryLastStreamId,frameRecoveryLastEvent,frameRecoveryLastOutcome,frameRecoveryLastCodec,frameRecoveryLastKeyFrame,frameRecoveryLastLargeFrame,frameRecoveryLastChunkCount,frameRecoveryLastReceivedChunks,frameRecoveryLastMissingChunks,frameRecoveryLastFecParityPackets,frameRecoveryLastFecRecoveredChunks,frameRecoveryLastNackCount,frameRecoveryLastPostNackReceivedChunks,frameRecoveryLastNackRequestedChunks,frameRecoveryLastRetransmitReceivedChunks,frameRecoveryLastRetransmitDuplicatePackets,frameRecoveryLastPacketSequence,frameRecoveryLastPacketChunkIndex,frameRecoveryLastRetransmitSequence,frameRecoveryLastRetransmitChunkIndex,frameRecoveryLastEventPacketSequence,frameRecoveryLastEventPacketChunkIndex,frameRecoveryLastEventWasRetransmit,frameRecoveryLastAgeMs,retransmitUsefulChunks,retransmitDuplicatePackets,retransmitLateAfterCompletedPackets,retransmitLateAfterCompletedLargePackets,retransmitLateAfterCompletedSentBeforeCompletePackets,retransmitLateAfterCompletedSentAfterCompletePackets,retransmitLateAfterCompletedAvgSendToCompleteMs,retransmitLateAfterCompletedAvgDelayMs,retransmitLateAfterCompletedMaxDelayMs,retransmitLateAfterExpiredPackets,retransmitLateAfterRejectedPackets,retransmitClassifiedPackets,retransmitNotArrivedPackets,retransmitAccountedPackets,retransmitUnclassifiedPackets,retransmitCompletedFrames,retransmitExpiredFrames,retransmitUsefulnessRatio,retransmitDuplicateRatio,retransmitFinalClassificationRatio,retransmitFinalAccountingRatio,retransmitExpiredAfterUsefulRatio,dynamicNackDeadlineMs,dynamicNackUsefulnessRatio,dynamicNackDuplicateRatio,dynamicNackExpiredAfterRetransmitRatio,dynamicNackDecisionReason,nackSuppressedFrames,nackSuppressedMissingChunks,nackPreflightSuppressedFrames,nackPreflightSuppressedChunks,nackFecGraceSuppressedFrames,nackFecGraceSuppressedChunks,nackPredictedUsefulFrames,nackPredictedUsefulChunks,nackDeferredForLikelyArrivalFrames,nackDeferredForLikelyArrivalChunks,nackSkippedTooLateFrames,nackSkippedTooLateChunks,nackRequestedChunkBudget,nackLastShapingReason,nackLastSuppressionReason,ackCount,lastAckMissingRate,ackRetransmittedFrames,ackRetransmittedChunks,repairCanceledByCompleteAckPackets,repairSkippedByTtlPackets,repairQueuedButCanceledPackets,repairSentAfterCompleteAckPackets,repairSentAfterCompleteAckLargePackets,repairSuppressedByFecLikelyFrames,repairSuppressedByFecLikelyPackets,repairSuppressedByFecLikelyLargeFrames,repairSuppressedByFecLikelyLargePackets,repairBudgetSuppressedFrames,repairBudgetSuppressedPackets,repairBudgetSuppressedLargeFrames,repairBudgetSuppressedLargePackets,repairRaceGuardSuppressedFrames,repairRaceGuardSuppressedPackets,repairRaceGuardSuppressedLargePackets,repairBudgetProfile,repairBudgetProfileSwitches,repairBudgetSmoothedMissingRate,repairBudgetSmoothedPacingQueueDelayMs,repairBudgetSmoothedDeliveryMs,repairFecLikelySuppressedCompletedFrames,repairFecLikelySuppressedCompletedPackets,repairFecLikelySuppressedExpiredFrames,repairFecLikelySuppressedExpiredPackets,repairFecLikelySuppressedPendingFrames,repairFecLikelySuppressedPendingPackets,repairFecLikelySuppressionRescueFrames,repairFecLikelySuppressionRescuePackets,lateRepairSavedPackets,ackStaleDroppedFrames,ackKeyFrameRequests,ackKeyFramePending,pacingEnabled,pacingTargetBitrateBps,pacingRepairTargetBitrateBps,pacingQueuedPackets,pacingHighPriorityQueuedPackets,pacingNormalQueuedPackets,pacingEnqueuedPackets,pacingSentPackets,pacingSentBytes,pacingRepairSentPackets,pacingRepairSentBytes,pacingRepairBorrowedPackets,pacingRepairBorrowedBytes,pacingDroppedPackets,pacingDeadlineDroppedPackets,pacingHighPriorityDeadlineDroppedPackets,pacingNormalDeadlineDroppedPackets,pacingOverflowDroppedPackets,pacingCurrentQueueDelayMs,pacingMaxQueueDelayMs,pacingVideoCreditBytes,pacingRepairCreditBytes,transportFeedbackPackets,transportFeedbackPacketStatuses,transportFeedbackReceivedPackets,transportFeedbackMissingPackets,transportFeedbackSequenceGapPackets,transportFeedbackSequenceGapRecoveredPackets,transportFeedbackLossRate,transportFeedbackArrivalJitterMs,transportFeedbackQueueDelayTrendMs,transportFeedbackLastSequence,estimatedBandwidthBps,deliveryRateBps,bandwidthQueueDelayMs,bandwidthRttTrendMs,bandwidthLossTrend,bandwidthJitterTrendMs,bandwidthFeedbackSamples,deadlineNackSentFrames,deadlineNackRecoveredFrames,deadlineNackMissingChunks,deadlineNackSentH264KeyFrames,deadlineNackSentH264LargeFrames,deadlineNackSentH264DeltaFrames,deadlineNackExpiredDroppedFrames,deadlineNackExpiredAfterNackFrames,deadlineNackExpiredMissingChunks,deadlineNackExpiredH264KeyFrames,deadlineNackExpiredH264KeyMissingChunks,deadlineNackLastExpiredH264KeyMissingChunks,deadlineNackExpiredH264KeyMissingChunks1,deadlineNackExpiredH264KeyMissingChunks2To4,deadlineNackExpiredH264KeyMissingChunks5To8,deadlineNackExpiredH264KeyMissingChunks9To16,deadlineNackExpiredH264KeyMissingChunks17Plus,deadlineNackExpiredH264LargeFrames,deadlineNackExpiredH264DeltaFrames,fecEnabled,adaptiveFecEnabled,fecGroupChunkCount,fecParityPackets,fecRecoveredFrames,fecRecoveredChunks,h264ReassemblerAuRejectedFrames,h264ReassemblerHeaderFailures,h264ReassemblerPayloadSizeMismatches,h264ReassemblerFrameIdMismatches,h264ReassemblerCrcMismatches,h264ReassemblerLastRejectReason,adaptiveFecDecisionReason,adaptiveFecHoldReason,adaptiveFecG8ToG4Recovery,adaptiveFecQualityHoldActive,adaptiveFecQualityHoldCanceled,adaptiveFecEmergencyG2Active,adaptiveFecEarlyOffReason,adaptiveEnabled,adaptiveControlMode,adaptiveCongestionControlMode,targetJpegQuality,targetFps,targetBitrateKbps,adaptiveBandwidthCeilingKbps,targetWidth,targetHeight,actualCodec,actualEncodeWidth,actualEncodeHeight,actualRawFrameBytes,actualEncodedFrameBytes,rawFrameBytes,encodedFrameBytes,compressionRatio,captureFps,cameraCaptureSubtype,cameraCaptureWidth,cameraCaptureHeight,cameraCaptureFormatFps,encodeMs,resizeMs,nv12PrepareMs,h264EncodeMs,h264EncoderRequestedBitrateKbps,h264EncoderTargetBitrateKbps,h264EncoderAppliedBitrateKbps,h264DynamicBitrateUpdateRequests,h264DynamicBitrateUpdateSuccesses,h264DynamicBitrateUpdateFailures,h264EncoderReinitializations,pacingBudgetTargetBitrateKbps,h264VideoBudgetScale,pacingBurstGuardActive,fixedPacingRecentMaxQueueDelayMs,fixedPacingQueueReleaseStableSec,fixedPacingQueueRecovered,fixedPacingQueueReleaseEligible,adaptiveRepairBudgetUtilization,adaptiveRepairBorrowedRatio,adaptiveRepairSentBytesDelta,adaptiveRepairBorrowedBytesDelta,adaptiveRepairBudgetGuardActive,adaptiveRepairVideoBudgetPressure,adaptiveRetransmitUsefulRatio,adaptiveLateRepairWasteRatio,adaptiveRetransmitNotArrivedRatio,adaptiveRetransmitAccountingComplete,adaptiveLateRepairWastePressure,adaptiveRetransmitNotArrivedPressure,adaptiveRepairDecisionReason,h264AuChunkCount,h264AuIsIdr,h264AuIsDecoderSync,h264RequestedKeyFrameConsumedFrames,h264EncoderKeyFrameRequests,h264RecoveryKeyFrameRequests,h264AwaitingSyncKeyFrameRequests,h264PeriodicIdrRequests,h264IdrFrames,h264DecoderSyncFrames,h264ConsecutiveIdrFrames,h264MaxConsecutiveIdrFrames,h264AuProtectionLevel,h264AuDroppedBeforeSend,h264AuDropReason,h264AuDroppedBytes,h264AuDroppedChunks,h264AuPacingQueueDelayMs,h264AuEstimatedSendMs,h264InputGatedByPacing,h264InputGateReason,h264InputGateQueueDelayMs,h264InputGateVideoCreditBytes,h264InputGateFrameBudgetBytes,h264InputGateDurationMs,h264InputGateConsecutiveFrames,h264InputGateSkippedInputFrames,h264InputGateForcedOpen,h264InputGateReleaseReason,fecProtectedH264KeyFrames,fecProtectedH264LargeFrames,h264EncoderDelayFrames,h264EncoderDelayMs,h264EncoderPendingFrames,h264EncodedInputFrameId,h264EncoderCallMs,h264EncoderSampleCreateMs,h264EncoderProcessInputMs,h264EncoderPreInputPollMs,h264EncoderPostInputWaitMs,h264EncoderProcessOutputMs,h264EncoderOutputCopyMs,h264EncoderProcessOutputAttempts,h264EncoderAsyncEventCount,h264EncoderHardware,h264EncoderAsync,h264EncoderNeedInputSignaled,h264EncoderOutputProduced,h264EncoderOutputProducedBeforeInput,h264SubmittedNewInput,h264AsyncSubmittedWithoutOutput,h264AsyncPendingNoOutput,h264AsyncCadenceHoldActive,h264AsyncPendingNoOutputStreak,h264AsyncCadenceScale,h264AsyncCadenceHoldRemainingMs,h264AsyncOutputPollBackoffMs,h264InputCadenceFps,h264NeedInputSubmitWake,h264NeedInputSubmitLeadMs,encodedCameraFrameId,encodedCameraSourceTimestamp100ns,encodedCameraCaptureCompletedTimeUs,encodedCameraFrameAgeMs,encodedCameraReadSampleMs,encodedCameraReadSampleEndToCaptureMs,encodedCameraCaptureToPublishMs,encodedCameraPublishToAcquireMs,encodedCameraAcquireToEncoderInputMs,jpegEncodeMs,packetizeMs,sendFrameIntervalMs,cameraFrameReady,cameraFrameId,cameraSourceTimestamp100ns,cameraReadSampleStartTimeUs,cameraReadSampleEndTimeUs,cameraCaptureCompletedTimeUs,cameraFramePublishedTimeUs,cameraSenderAcquireTimeUs,cameraReadSampleMs,cameraReadSampleEndToCaptureMs,cameraCaptureToPublishMs,cameraPublishToAcquireMs,cameraAcquireToSendMs,cameraFrameAgeMs,cameraFrameCacheUsed,receiveJpegDecodeMs,receiveDecodeWorkerFps,receiveDecodeWorkerFrames,receiveDecodePopSuccesses,receiveDecodePopEmptyPolls,receiveDecodeLoopLastPopGapMs,receiveDecodeLoopMaxPopGapMs,receiveStartupDecodeLoopMaxPopGapMs,receiveSteadyDecodeLoopMaxPopGapMs,receiveSteadyDecodeLoopMaxPopGapAtMs,receiveSteadyDecodeLoopMaxPopGapFrameId,receiveSteadyDecodeLoopMaxPopGapStreamId,receiveSteadyDecodeLoopMaxPopGapCodec,receiveSteadyDecodeLoopMaxPopGapInputFrameAgeMs,receiveSteadyDecodeLoopMaxPopGapDecodedQueueSize,receiveSteadyDecodeLoopMaxPopGapCompletedQueueSize,receiveSteadyDecodeLoopMaxPopGapCompletedQueuePopAgeMs,receiveSteadyDecodeLoopMaxPopGapCompletedQueuePushIntervalMs,receiveSteadyDecodeLoopMaxPopGapArrivalRatio,receiveSteadyDecodeLoopMaxPopGapReceiverJitterMs,receiveSteadyDecodeLoopMaxPopGapReceiverLatencyMs,receiveSteadyDecodeLoopMaxPopGapClass,receiveSteadyDecodeLoopMaxPopGapAgeMs,receiveH264StartupActive,receiveH264StartupDecoderSynced,receiveH264StartupFirstDecoded,receiveH264StartupFirstDisplayed,receiveH264StartupReady,receiveH264StartupElapsedMs,receiveH264StartupDecoderSyncMs,receiveH264StartupFirstDecodedMs,receiveH264StartupFirstDisplayedMs,receiveH264StartupReadyMs,receiveH264StartupQueueFlushFrames,receiveDecodeOverwrittenFrames,receiveDecodeQueueDroppedFrames,receiveDecodeRenderOverwriteFrames,receiveDecodeFailures,receiveFreshnessDroppedFrames,receiveFreshnessDroppedFramesDelta,receiveFreshnessDropClass,receiveFreshnessDropEvidence,receiveLastFreshnessDropAgeMs,receiveMaxFreshnessDropAgeMs,receiveLastFreshnessDropFrameId,receiveLastFreshnessDropStreamId,receiveLastFreshnessDropCodec,receiveH264AuInvalidFrames,receiveH264AuCrcMismatches,receiveH264AuPayloadSizeMismatches,receiveH264AuNalCountMismatches,receiveH264AuNoAnnexBNals,receiveH264AuIdrFlagMismatches,receiveH264AuSpsPpsFlagMismatches,receiveH264AuSyncWithoutIdr,receiveH264AuIdrWithoutSpsPps,receiveH264AuForbiddenZeroBit,receiveH264AuLastInvalidReason,receiveDecodeInputFrameAgeMs,receiveDecodeInputCameraFrameAgeMs,receiveDecodeInputEncoderOutputAgeMs,receiveLatestDecodedFrameAgeMs,receiveLatestDecodedCameraFrameAgeMs,receiveLatestDecodedEncoderOutputAgeMs,receiveFreshnessDropThresholdMs,receiveDecodeLastDropReason,receiveUploadBufferWaitMs,receiveDisplayFrameId,receiveDisplayCameraFrameAgeMs,receiveDisplayEncoderOutputAgeMs,receiveDisplayDecodedFrameAgeMs,textureUploadMs,presentGpuWaitMs,renderFramePacingWaitMs,waitableSwapChainWaitMs,presentMs,presentSyncInterval,lowLatencyPresentMode,waitableSwapChainPacingEnabled,waitableSwapChainAvailable,swapChainBufferCount,adaptiveInputPacketLossRate,adaptiveInputReceiveFps,adaptiveInputDecodeFps,adaptiveInputJitterMs,adaptiveInputDisplayFps,adaptiveQoeScore,adaptiveDegradationCause,adaptiveArrivalGapJitterSpikeActive,adaptiveFecRecoveryWorking,adaptiveFecGuardActive,adaptiveFecRecoveryEfficiency,adaptiveFecParityPacketDelta,adaptiveFecRecoveredFrameDelta,adaptiveFecRecoveredChunkDelta,simEnabled,simLossRate,simDuplicateRate,simReorderRate,simMinDelayMs,simMaxDelayMs,simBurstLossLength,simSubmittedPackets,simSentPackets,simDroppedPackets,simDuplicatedPackets,simReorderedPackets
0.023,Custom_loss6_delay0-100_dup0_reorder6_burst0,Loopback,1,1,0,,,0.000,0,21,0,0.000,0.000,0.000,0.000,0.000,0.000,0.000,0.000,0.000,0.000,0,0,0,0,0,0,0,0,0,0,0,0,0,0,0,0,0,0,0,5.000,1,0,0,0,0,0,0,0,0,0,0,0,0,0,0,0.000,0.000,0.000,,0,0,2,0,0,0.000,0.000,0.000,0.000,0.000,0.000,0,0,0,0,0,0,0,0,0,0,,,,0,0,0,0,0,0,0,0,0,0,0,0,0,0,0,0,0,0,0,0.000,0,0,0,0,0,0,0.000,0.000,0.000,0,0,0,0,0,0,0,0,0.000,0.000,0.000,0.000,0.000,0.000,0.000,0.000,0.000,,0,0,0,0,0,0,0,0,0,0,0,0,0,,,0,0.000,0,0,0,0,0,0,0,0,0,0,0,0,0,0,0,0,0,0,balanced,0,0.000,0.000,0.000,0,0,0,0,0,0,0,0,0,0,0,0,1,6000000,1200000,0,0,0,0,0,0,0,0,0,0,0,0,0,0,0,0.000,0.000,3750.000,4800.000,0,0,0,0,0,0,0.000,0.000,0.000,0,6000000,0,0.000,0.000,0.000,0.000,0,0,0,0,0,0,0,0,0,0,0,0,0,0,0,0,0,0,0,0,1,0,4,0,0,0,0,0,0,0,0,,disabled,,0,0,0,0,,1,Fixed Quality,Hybrid,85,30,9500,12000,640,360,,0,0,0,0,0,0,0.000,0.000,,0,0,0.000,0.000,0.000,0.000,0.000,0,0,0,0,0,0,0,0,1.000,0,0.000,0.000,1,0,0.000,0.000,0,0,0,0,0.000,0.000,0.000,0,0,0,disabled,0,0,0,0,0,0,0,0,0,0,0,0,,0,,0,0,0.000,0.000,0,,0.000,0.000,0.000,0.000,0,0,0,,0,0,0,0.000,0,0,0.000,0.000,0.000,0.000,0.000,0.000,0.000,0,0,0,0,0,0,0,0,0,0,0,0,1.000,0.000,0.000,0,0,0.000,0,0,0,0.000,0.000,0.000,0.000,0.000,0.000,0.000,0.000,0.000,0,0,0,0,0,0,0,0,0.000,0.000,0.000,0.000,0.000,0.000,0,0.000,0.000,0,0,2,0.000,0.000,0.000,0.000,0.000,0,0,,0.000,0,0,0.000,0.000,0.000,0.000,0.000,,-1.000,1,0,0,0,0,22.795,0.000,0.000,0.000,0.000,0,0,0,0,0,0,0,,,0.000,0.000,0,0,,0,0,0,0,0,0,0,0,0,0,,0.000,0.000,0.000,0.000,0.000,0.000,120.000,,0.000,0,0.000,0.000,0.000,0.000,0.000,0.000,0.000,0.000,1,0,0,1,3,0.000,0.000,0.000,0.000,0.000,0.000,None,0,0,0,0.000,0,0,0,1,0.060,0.000,0.060,0,100,0,0,0,0,0,0
1.023,Custom_loss6_delay0-100_dup0_reorder6_burst0,Loopback,1,1,0,,,0.000,0,21,19,12.589,10.779,8.968,119.841,79.589,0.000,0.000,24.840,0.180,0.211,332,73,343,270,50,26,5,15,10,5,4,0,270,15,4,0,0,0,0,5.000,1,0,0,0,0,0,0,0,0,0,0,0,0,0,0,0.000,0.000,0.000,,15,15,101,0,1,53.601,167.968,54.598,168.221,0.000,0.000,14,13,199,20,4,0,38,47,20,1,nack-sent,pending,H.264,0,1,26,17,9,6,3,3,8,43,0,0,331,8,0,0,0,0,0,83.019,2,5,5,0,5,0,17.219,61.323,96.234,0,0,12,0,12,0,2,1,0.286,0.714,1.000,1.000,0.333,24.000,0.167,0.833,1.000,retransmit-late,15,139,0,0,14,137,38,344,1,2,0,0,344,predicted-useful,fec-grace,70,0.769,5,12,0,0,0,0,0,0,0,0,0,2,37,2,37,0,0,0,jitter-ack-loss,0,0.680,6.980,114.980,0,0,0,0,0,0,0,0,37,48,4,0,1,9500000,1200000,0,0,0,421,421,504102,17,18778,1,1252,0,0,0,0,0,14.745,38.628,198.188,4800.000,25,656,330,179,326,147,0.352,7.247,1.632,25,4774668,7940293,1.699,0.000,0.466,14.566,656,37,11,335,10,21,6,4,4,11,2,7,3,0,2,0,0,0,1,1,1,0,4,68,47,47,0,0,0,0,0,,disabled,,0,0,0,0,,1,Fixed Quality,Hybrid,85,30,9500,12000,640,360,H.264,480,270,518400,30264,518400,30264,0.058,0.000,,0,0,0.000,2.018,0.000,0.000,0.098,7250,7250,7250,0,0,0,1,9500,1.000,0,14.745,0.000,0,0,0.000,0.000,0,0,0,0,0.167,0.833,0.000,1,0,0,disabled,26,0,0,2,6,2,4,0,5,5,0,3,large-au-observed,0,,0,0,16.891,25.485,0,,0.000,0.000,0.000,0.000,0,0,0,,1,0,0,3.023,0,22,0.098,0.000,0.000,0.097,0.000,0.058,0.008,1,1,1,1,0,1,1,0,0,0,0,0,1.000,0.000,0.000,30,0,0.000,0,0,0,0.000,0.000,0.000,0.000,0.000,0.000,0.000,1.910,27.746,0,0,0,0,0,0,0,0,0.000,0.000,0.000,0.000,0.000,0.000,0,0.123,10.827,14,15,101,54.580,168.942,18.312,168.942,786.569,13,1,H.264,111.761,0,0,167.968,168.221,0.996,88.783,110.754,arrival-gap-jitter-spike,236.637,0,1,1,1,1,1023.206,322.588,323.555,326.080,326.080,1,0,0,0,0,0,0,,,0.000,0.000,0,0,,0,0,0,0,0,0,0,0,0,0,,99.401,0.000,101.670,0.000,0.000,0.000,139.921,,0.001,19,0.000,104.184,2.871,0.083,0.873,0.673,0.000,0.200,1,0,0,1,3,0.180,12.589,10.779,24.840,8.968,1.000,RecoveryDeadline,1,1,0,2.000,1,2,2,1,0.060,0.000,0.060,0,100,0,422,341,30,0,28
2.024,Custom_loss6_delay0-100_dup0_reorder6_burst0,Loopback,1,1,0,,,0.000,0,21,46,20.063,20.066,20.296,100.844,93.678,59.086,59.086,0.574,0.083,0.222,1185,107,1122,1015,164,101,8,47,40,7,8,0,1015,35,10,0,0,0,0,5.000,1,0,0,0,0,0,0,0,0,0,0,0,0,0,0,0.000,0.000,0.000,,35,35,195,0,1,48.262,167.968,49.269,168.221,0.000,0.000,34,33,610,42,10,0,113,172,47,1,fec-parity,pending,H.264,0,1,26,24,2,6,3,3,14,33,0,0,1212,21,0,0,0,0,0,120.132,5,8,7,2,7,0,33.031,44.907,96.234,0,0,20,1,21,0,3,1,0.385,0.615,0.952,1.000,0.250,28.000,0.000,1.000,0.000,insufficient-sample,40,516,0,0,36,509,113,1290,4,7,0,0,1290,predicted-useful,fec-grace,193,0.577,8,21,0,0,0,0,0,0,0,0,0,5,89,5,89,0,0,0,pacing,1,0.738,5.823,113.823,0,0,0,0,0,0,0,0,89,147,8,0,1,9500000,1200000,20,0,20,1321,1301,1575942,59,70146,29,36132,0,0,0,0,0,0.621,38.628,1170.188,4800.000,72,2297,1178,600,1119,519,0.337,3.227,1.465,72,6690632,9920991,1.290,0.000,0.516,11.182,2297,113,31,1290,22,85,6,10,10,21,3,8,1,1,2,0,0,0,6,1,1,0,4,220,172,172,0,0,0,0,0,,disabled,,0,0,0,0,,1,Fixed Quality,Hybrid,85,30,9500,12000,640,360,H.264,480,270,518400,30264,518400,30264,0.058,0.000,,0,0,0.000,2.007,0.000,0.000,0.073,7250,7250,7250,0,0,0,1,9500,1.000,0,11.832,0.000,0,0,0.000,0.000,0,0,0,0,0.238,0.714,0.048,1,0,0,disabled,26,0,0,4,11,4,7,0,9,9,0,3,large-au-observed,0,,0,0,15.282,25.485,0,,0.000,0.000,0.000,0.000,0,0,0,,2,0,0,6.080,0,50,0.073,0.000,0.000,0.073,0.000,0.051,0.006,1,1,1,1,0,1,1,0,0,0,0,0,1.000,0.000,0.000,30,0,0.000,0,0,0,0.000,0.000,0.000,0.000,0.000,0.000,0.000,1.927,10.158,0,0,0,0,0,0,0,0,0.000,0.000,0.000,0.000,0.000,0.000,0,0.089,20.066,34,35,195,49.206,168.942,18.312,168.942,786.569,13,1,H.264,111.761,0,0,167.968,168.221,0.996,88.783,110.754,arrival-gap-jitter-spike,1237.328,0,1,1,1,1,2023.897,322.588,323.555,326.080,326.080,1,0,0,0,0,0,0,,,0.000,0.000,0,0,,0,0,0,0,0,0,0,0,0,0,,103.514,0.000,106.579,0.000,0.000,0.000,130.422,,0.001,46,0.000,110.493,3.785,0.074,0.775,0.557,0.000,0.218,1,0,0,1,3,0.083,20.063,20.066,0.574,20.296,1.000,Jitter,1,1,0,0.000,0,1,1,1,0.060,0.000,0.060,0,100,0,1303,1190,67,0,79
3.030,Custom_loss6_delay0-100_dup0_reorder6_burst0,Loopback,1,1,0,,,0.000,0,21,74,21.517,17.631,18.987,104.783,96.322,21.303,40.194,5.028,0.070,0.243,1929,145,1803,1658,252,154,16,71,61,10,11,0,1658,56,18,0,0,0,0,5.000,1,0,0,0,0,0,0,0,0,0,0,0,0,0,0,0.000,0.000,0.000,,55,55,291,0,1,41.266,167.968,41.447,168.221,0.000,0.000,53,52,975,66,17,0,184,272,76,1,nack-sent,pending,H.264,0,1,22,13,9,3,2,1,0,9,0,0,2052,21,0,0,0,0,0,50.078,7,16,10,5,10,0,44.578,35.610,96.234,0,0,33,1,34,0,6,1,0.304,0.696,0.971,1.000,0.143,37.000,0.333,0.667,0.000,stable,65,816,0,0,57,803,184,2095,8,13,0,0,2094,predicted-useful,fec-grace,309,0.409,13,34,0,0,0,0,0,0,0,0,0,10,171,10,171,0,0,0,pacing,1,0.735,9.540,117.540,0,0,0,0,0,0,0,0,171,236,12,0,1,9500000,1200000,2,0,2,2084,2082,2526737,105,126490,57,71012,0,0,0,0,0,7.507,38.628,1204.125,4800.000,113,3726,1923,881,1803,922,0.314,26.462,6.118,113,4669812,6939286,2.336,-37.783,0.508,20.693,3726,184,50,2095,37,139,8,17,17,35,5,12,2,1,4,0,0,0,11,1,1,0,4,348,272,272,0,0,0,0,0,,disabled,,0,0,0,0,,1,Fixed Quality,Hybrid,85,30,9500,12000,640,360,H.264,480,270,518400,26096,518400,26096,0.050,0.000,,0,0,0.000,1.980,0.000,0.000,0.066,6000,6250,6250,2,2,0,1,9500,0.820,1,8.993,0.000,0,0,0.000,0.000,0,0,0,0,0.206,0.765,0.029,1,0,0,latency-pressure-freshness-hold,22,0,0,6,17,6,9,2,14,14,0,3,large-au-observed,0,,0,0,14.277,21.976,0,,0.000,0.000,0.000,0.000,0,0,0,,3,0,0,5.848,0,77,0.066,0.000,0.000,0.065,0.000,0.046,0.005,1,1,1,1,0,1,1,0,0,0,1,0,0.860,33.392,0.000,26,0,0.000,0,0,0,0.000,0.000,0.000,0.000,0.000,0.000,0.000,1.906,9.946,0,0,0,0,0,0,0,0,0.000,0.000,0.000,0.000,0.000,0.000,0,0.086,17.631,53,55,291,41.645,168.942,18.312,168.942,786.569,13,1,H.264,111.761,0,0,167.968,168.221,0.996,88.783,110.754,arrival-gap-jitter-spike,2243.988,0,1,1,1,1,3030.557,322.588,323.555,326.080,326.080,1,0,1,0,0,1,1,latency-pressure freshness,latency-over-80ms,150.768,150.768,59,1,H.264,0,0,0,0,0,0,0,0,0,0,,95.883,0.000,96.821,0.000,0.000,0.000,132.392,stale-before-decode,0.001,74,0.000,100.498,3.544,0.076,0.977,0.767,0.000,0.210,1,0,0,1,3,0.071,21.517,17.631,5.028,18.987,1.000,RecoveryDeadline,0,1,0,0.000,1,2,2,1,0.060,0.000,0.060,0,100,0,2085,1934,119,0,132
4.031,Custom_loss6_delay0-100_dup0_reorder6_burst0,Loopback,1,1,0,,,0.000,0,21,100,19.017,19.009,19.157,79.055,96.547,90.515,56.968,3.282,0.069,0.245,2556,188,2391,2203,333,204,20,96,85,11,13,0,2203,74,24,0,0,0,0,5.000,1,0,0,0,0,0,0,0,0,0,0,0,0,0,0,0.000,0.000,0.000,,73,73,380,0,1,54.986,167.968,55.866,168.221,0.000,0.000,71,70,1312,85,23,0,243,368,99,1,expired-no-slack,expired,H.264,1,1,22,19,3,5,5,3,7,37,2,1,2631,4,2657,3,0,0,0,173.437,11,20,11,6,11,0,46.846,35.481,96.234,0,0,42,2,44,0,7,3,0.355,0.645,0.955,1.000,0.300,34.000,0.600,0.400,0.000,stable,97,1086,0,0,76,1055,243,2627,21,31,0,0,2626,predicted-useful,fec-grace,409,0.826,17,44,0,0,0,0,0,1,1,1,1,14,222,14,222,0,0,0,pacing,1,0.718,11.501,119.501,0,0,1,1,0,0,0,0,223,313,16,0,1,9500000,1200000,10,0,10,2770,2760,3364063,143,173506,81,100612,0,0,0,0,0,0.585,38.628,777.812,4800.000,148,4933,2542,1125,2391,1266,0.307,25.493,0.000,148,2800493,5269111,1.625,69.212,0.536,20.474,4933,243,68,2627,49,186,8,23,23,46,7,17,3,1,6,0,0,0,15,1,1,0,4,465,368,368,0,0,0,0,0,,disabled,,0,0,0,0,,1,Fixed Quality,Hybrid,85,30,9500,12000,640,360,H.264,480,270,518400,27138,518400,27138,0.052,0.000,,0,0,0.000,2.086,0.000,0.000,0.071,7250,6500,6500,3,3,0,1,9500,0.991,1,13.912,0.000,0,0,0.000,0.000,0,0,0,0,0.250,0.705,0.045,1,0,0,fixed-pacing-queue-hold,23,0,0,8,23,8,13,2,18,18,0,3,large-au-observed,0,,0,0,15.835,22.853,0,,0.000,0.000,0.000,0.000,0,0,0,,4,0,0,4.912,0,103,0.071,0.000,0.000,0.071,0.000,0.049,0.006,1,1,1,1,0,1,1,0,0,0,0,0,1.000,0.000,0.000,24,0,0.000,0,0,0,0.000,0.000,0.000,0.000,0.000,0.000,0.000,2.008,9.327,0,0,0,0,0,0,0,0,0.000,0.000,0.000,0.000,0.000,0.000,0,0.110,19.009,71,73,380,55.932,168.942,18.312,168.942,786.569,13,1,H.264,111.761,0,0,167.968,168.221,0.996,88.783,110.754,arrival-gap-jitter-spike,3244.308,0,1,1,1,1,4030.877,322.588,323.555,326.080,326.080,1,0,1,0,0,1,0,,,150.768,150.768,59,1,H.264,0,0,0,0,0,0,0,0,0,0,,97.048,0.000,99.782,0.000,0.000,0.000,120.000,stale-before-decode,0.001,100,0.000,104.244,4.301,0.079,0.918,0.690,0.000,0.228,1,0,0,1,3,0.069,19.017,19.009,3.282,19.157,2.000,RecoveryDeadline,0,1,0,1.000,1,1,1,1,0.060,0.000,0.060,0,100,0,2764,2560,163,0,161
5.038,Custom_loss6_delay0-100_dup0_reorder6_burst0,Loopback,1,1,0,,,0.000,0,21,128,15.207,15.212,15.359,100.510,97.946,42.859,53.441,3.077,0.071,0.264,3305,252,3110,2858,433,267,25,124,107,17,17,0,2858,92,33,0,0,0,0,5.000,0,0,0,0,0,0,0,0,0,0,0,0,0,0,0,0.000,0.000,0.000,,91,91,474,0,1,61.709,167.968,62.684,168.221,0.000,0.000,89,88,1710,109,32,0,315,478,130,1,fec-parity,pending,H.264,0,1,24,7,17,1,0,0,0,0,0,0,3532,14,0,0,0,0,0,29.268,15,25,17,12,17,0,55.167,29.964,96.234,0,0,57,3,60,0,10,4,0.375,0.625,0.950,1.000,0.286,42.000,0.222,0.778,0.000,duplicate-guard,131,1393,0,0,98,1345,315,3321,33,48,0,0,3320,predicted-useful,fec-grace,524,0.333,23,60,0,0,0,0,0,2,2,2,2,20,318,20,318,0,0,0,pacing,1,0.791,9.551,117.551,0,0,2,2,0,0,0,0,320,402,20,0,1,9500000,1200000,6,0,6,3573,3567,4355911,188,229072,110,136736,0,0,0,0,0,7.645,38.628,949.875,4800.000,188,6402,3299,1468,3103,1635,0.308,2.979,1.193,188,6324977,9687498,0.750,45.838,0.486,14.775,6402,315,86,3321,64,243,8,32,32,63,7,17,3,1,6,0,0,0,24,1,1,0,4,605,478,478,0,0,0,0,0,,disabled,,0,0,0,0,,1,Fixed Quality,Hybrid,85,30,9500,12000,640,360,H.264,480,270,518400,28178,518400,28178,0.054,0.000,,0,0,0.000,1.951,0.000,0.000,0.078,7250,6750,6750,4,4,0,1,9500,1.000,0,8.179,0.000,0,0,0.000,0.000,0,0,0,0,0.250,0.700,0.050,1,0,0,disabled,24,0,0,10,30,10,16,4,23,23,0,3,large-au-observed,0,,0,0,11.892,23.729,0,,0.000,0.000,0.000,0.000,0,0,0,,5,0,0,10.271,0,131,0.078,0.000,0.000,0.078,0.000,0.055,0.007,1,1,1,1,0,1,1,0,0,0,0,0,1.000,0.000,0.000,30,0,0.000,0,0,0,0.000,0.000,0.000,0.000,0.000,0.000,0.000,1.864,14.273,0,0,0,0,0,0,0,0,0.000,0.000,0.000,0.000,0.000,0.000,0,0.109,15.212,89,91,474,62.588,168.942,18.312,168.942,786.569,13,1,H.264,111.761,0,0,167.968,168.221,0.996,88.783,110.754,arrival-gap-jitter-spike,4251.675,0,1,1,1,1,5038.244,322.588,323.555,326.080,326.080,1,0,1,0,0,1,0,,,150.768,150.768,59,1,H.264,0,0,0,0,0,0,0,0,0,0,,103.430,0.000,106.220,0.000,0.000,0.000,130.255,stale-before-decode,0.001,128,0.000,111.390,5.016,0.088,0.753,0.521,0.000,0.232,1,0,0,1,3,0.071,15.207,15.212,3.077,15.359,1.000,RecoveryDeadline,0,1,0,1.000,0,1,1,1,0.060,0.000,0.060,0,100,0,3572,3311,212,0,213
6.038,Custom_loss6_delay0-100_dup0_reorder6_burst0,Loopback,1,1,0,,,0.000,0,21,156,17.964,17.965,18.012,90.290,98.353,49.132,52.579,26.007,0.071,0.281,4113,315,3883,3568,530,326,34,146,128,18,24,0,3568,110,43,0,0,0,0,5.000,0,0,0,0,0,0,0,0,0,0,0,0,0,0,0,0.000,0.000,0.000,,109,109,566,0,1,28.655,167.968,29.661,168.221,0.000,0.000,107,106,2132,128,42,0,389,597,158,1,nack-sent,pending,H.264,0,1,24,10,14,4,0,2,3,31,0,0,4382,8,0,0,0,0,0,61.861,18,34,18,13,18,0,55.967,31.577,96.234,0,0,70,5,75,0,11,6,0.346,0.654,0.933,1.000,0.353,30.000,0.200,0.800,1.000,retransmit-late,172,1776,0,0,123,1708,389,4043,49,68,0,0,4042,predicted-useful,fec-grace,643,0.583,30,75,0,0,0,0,0,2,2,2,2,27,447,27,447,0,0,0,pacing,1,0.862,12.005,120.005,0,0,2,2,0,0,0,0,449,495,24,0,1,9500000,1200000,23,0,23,4458,4434,5418423,233,284478,136,169128,0,0,0,0,0,0.628,38.628,15594.188,4800.000,233,7981,4098,1885,3883,1998,0.315,13.688,2.112,233,6121159,10199988,1.026,37.925,0.542,15.636,7981,389,104,4043,76,305,8,42,42,82,9,21,2,1,8,0,0,0,32,1,1,0,4,752,597,597,0,0,0,0,0,,disabled,,0,0,0,0,,1,Fixed Quality,Hybrid,85,30,9500,12000,640,360,H.264,480,270,518400,28178,518400,28178,0.054,0.000,,0,0,0.000,2.182,0.000,0.000,0.091,7250,6750,6750,4,4,0,1,9500,1.000,0,13.127,0.000,0,0,0.000,0.000,0,0,0,0,0.240,0.693,0.067,1,0,0,disabled,24,0,0,12,34,12,18,4,27,27,0,3,large-au-observed,0,,0,0,15.216,23.729,0,,0.000,0.000,0.000,0.000,0,0,0,,6,0,0,5.669,0,160,0.090,0.000,0.000,0.090,0.000,0.057,0.013,1,1,1,1,0,1,1,0,0,0,0,0,1.000,0.000,0.000,30,0,0.000,0,0,0,0.000,0.000,0.000,0.000,0.000,0.000,0.000,2.083,10.255,0,0,0,0,0,0,0,0,0.000,0.000,0.000,0.000,0.000,0.000,0,0.117,17.965,107,109,566,29.702,168.942,18.312,168.942,786.569,13,1,H.264,111.761,0,0,167.968,168.221,0.996,88.783,110.754,arrival-gap-jitter-spike,5252.169,0,1,1,1,1,6038.738,322.588,323.555,326.080,326.080,1,0,1,0,0,1,0,,,150.768,150.768,59,1,H.264,0,0,0,0,0,0,0,0,0,0,,96.519,0.000,99.316,0.000,0.000,0.000,125.145,stale-before-decode,0.001,156,0.000,103.587,4.109,0.087,0.891,0.595,0.000,0.296,1,0,0,1,3,0.072,17.964,17.965,26.007,18.012,1.000,Loss,0,1,0,1.000,0,1,1,1,0.060,0.000,0.060,0,100,0,4441,4125,273,0,257
7.045,Custom_loss6_delay0-100_dup0_reorder6_burst0,Loopback,1,1,0,,,0.000,0,21,186,25.353,25.350,25.356,90.129,99.234,80.319,57.202,18.630,0.072,0.262,4959,383,4694,4311,629,399,39,165,144,21,26,0,4311,135,48,0,0,0,0,5.000,0,0,0,0,0,0,0,0,0,0,0,0,0,0,0,0.000,0.000,0.000,,134,134,659,0,1,19.745,167.968,20.813,168.221,0.000,0.000,132,131,2549,156,47,0,475,711,189,1,fec-parity,pending,H.264,0,1,24,1,23,1,0,0,0,0,0,0,5331,14,0,0,0,0,0,1.909,22,39,21,16,21,0,57.333,30.314,96.234,0,0,82,5,87,0,14,8,0.361,0.639,0.943,1.000,0.364,20.000,0.250,0.750,1.000,retransmit-late,203,2143,0,0,146,2062,475,4985,57,81,0,0,4984,predicted-useful,likely-arrival,780,0.833,36,87,0,0,0,0,0,3,3,3,3,33,550,33,550,0,0,0,pacing,1,0.794,8.391,116.391,0,0,3,3,0,0,0,0,553,596,28,0,1,9500000,1200000,3,0,3,5340,5337,6524499,275,336152,162,201520,0,0,0,0,0,8.385,38.628,885.812,4800.000,279,9634,4950,2259,4684,2425,0.313,24.234,3.494,279,4314441,7822146,1.438,36.578,0.550,13.627,9634,475,129,4985,91,376,8,47,47,94,10,23,2,1,9,0,0,0,36,1,1,0,4,896,711,711,0,0,0,0,0,,disabled,,0,0,0,0,,1,Fixed Quality,Hybrid,85,30,9500,12000,640,360,H.264,480,270,518400,28178,518400,28178,0.054,0.000,,0,0,0.000,1.973,0.000,0.000,0.068,7250,6750,6750,4,4,0,1,9500,1.000,0,8.385,0.000,0,0,0.000,0.000,0,0,0,0,0.253,0.690,0.057,1,0,0,disabled,24,0,0,14,40,14,20,6,32,32,0,3,large-au-observed,0,,0,0,12.262,23.729,0,,0.000,0.000,0.000,0.000,0,0,0,,7,0,0,5.748,0,189,0.068,0.000,0.000,0.067,0.000,0.044,0.007,1,1,1,1,0,1,1,0,0,0,0,0,1.000,0.000,0.000,30,0,0.000,0,0,0,0.000,0.000,0.000,0.000,0.000,0.000,0.000,1.897,10.204,0,0,0,0,0,0,0,0,0.000,0.000,0.000,0.000,0.000,0.000,0,0.094,25.350,132,134,659,20.718,168.942,18.312,168.942,786.569,13,1,H.264,111.761,0,0,167.968,168.221,0.996,88.783,110.754,arrival-gap-jitter-spike,6258.128,0,1,1,1,1,7044.697,322.588,323.555,326.080,326.080,1,0,1,0,0,1,0,,,150.768,150.768,59,1,H.264,0,0,0,0,0,0,0,0,0,0,,99.948,0.000,102.852,0.000,0.000,0.000,125.065,stale-before-decode,0.001,186,0.000,108.712,5.730,0.074,0.878,0.626,0.000,0.252,1,0,0,1,3,0.072,25.353,25.350,18.630,25.356,1.000,RecoveryDeadline,0,1,0,0.000,0,1,1,1,0.060,0.000,0.060,0,100,0,5344,4967,320,0,305
8.045,Custom_loss6_delay0-100_dup0_reorder6_burst0,Loopback,1,1,0,,,0.000,0,21,213,18.963,18.958,19.205,115.023,100.064,90.416,61.947,66.384,0.065,0.269,5706,396,5374,4978,715,456,44,182,160,22,33,0,4978,152,56,0,0,0,0,5.000,0,0,0,0,0,0,0,0,0,0,0,0,0,0,0,0.000,0.000,0.000,,151,151,752,0,1,118.070,167.968,119.119,168.221,0.000,0.000,149,148,2919,174,55,0,552,813,214,1,fec-parity,pending,H.264,0,1,24,22,2,5,3,2,9,24,0,0,6061,13,0,0,0,0,0,80.227,25,44,22,17,22,0,58.194,31.579,96.234,0,0,91,6,97,0,17,8,0.362,0.638,0.938,1.000,0.320,25.000,0.000,0.000,0.000,insufficient-sample,226,2448,0,0,167,2363,552,5970,59,85,0,0,5969,predicted-useful,fec-grace,899,0.542,40,97,0,0,0,0,0,3,3,3,3,37,621,37,621,0,0,0,pacing,1,0.821,13.568,121.568,0,0,3,3,0,0,0,0,624,693,32,0,1,9500000,1200000,11,0,11,6130,6119,7482971,315,385338,188,233904,0,0,0,0,0,0.559,38.628,964.250,4800.000,319,11053,5683,2532,5370,2838,0.308,30.732,0.000,319,4960078,7767673,0.846,31.282,0.490,13.365,11053,552,146,5970,103,441,8,55,55,109,10,23,2,1,9,0,0,0,44,1,1,0,4,1030,813,813,0,0,0,0,0,,disabled,,0,0,0,0,,1,Fixed Quality,Hybrid,85,30,9500,12000,640,360,H.264,480,270,518400,28178,518400,28178,0.054,0.000,,0,0,0.000,1.896,0.000,0.000,0.079,7250,6750,6750,4,4,0,1,9500,1.000,0,15.589,0.000,0,0,0.000,0.000,0,0,0,0,0.258,0.680,0.062,1,0,0,disabled,24,0,0,16,46,16,24,6,36,36,0,3,large-au-observed,0,,0,0,17.401,23.729,0,,0.000,0.000,0.000,0.000,0,0,0,,8,0,0,8.547,0,216,0.079,0.000,0.000,0.079,0.000,0.057,0.006,1,1,1,1,0,1,1,0,0,0,0,0,1.000,0.000,0.000,30,0,0.000,0,0,0,0.000,0.000,0.000,0.000,0.000,0.000,0.000,1.808,12.359,0,0,0,0,0,0,0,0,0.000,0.000,0.000,0.000,0.000,0.000,0,0.087,18.958,149,151,752,119.137,168.942,18.312,168.942,786.569,13,1,H.264,111.761,0,0,167.968,168.221,0.996,88.783,110.754,arrival-gap-jitter-spike,7258.258,0,1,1,1,1,8044.827,322.588,323.555,326.080,326.080,1,0,1,0,0,1,0,,,150.768,150.768,59,1,H.264,0,0,0,0,0,0,0,0,0,0,,109.451,0.000,112.211,0.000,0.000,0.000,142.512,stale-before-decode,0.001,213,0.000,116.340,4.027,0.073,0.808,0.490,0.000,0.318,1,0,0,1,3,0.065,18.963,18.958,66.384,19.205,2.000,RecoveryDeadline,0,1,0,1.000,0,1,1,1,0.060,0.000,0.060,0,100,0,6127,5717,370,0,345
9.050,Custom_loss6_delay0-100_dup0_reorder6_burst0,Loopback,1,1,0,,,0.000,0,21,240,21.966,21.970,23.050,106.231,100.330,28.615,57.781,0.417,0.066,0.263,6522,459,6154,5695,824,517,49,223,195,28,35,0,5695,174,62,0,0,0,0,5.000,0,0,0,0,0,0,0,0,0,0,0,0,0,0,0,0.000,0.000,0.000,,173,173,841,0,1,43.967,167.968,45.108,168.221,0.000,0.000,171,170,3322,202,61,0,632,926,243,1,fec-recovered,pending,H.264,0,1,24,12,12,3,1,1,4,17,0,0,6935,0,0,0,0,0,0,62.242,29,49,28,23,28,0,61.202,28.906,96.234,0,0,106,7,113,0,23,8,0.372,0.628,0.938,1.000,0.258,29.000,0.000,1.000,0.000,insufficient-sample,255,2788,0,0,191,2694,632,6868,64,94,0,0,6867,predicted-useful,fec-grace,1028,0.167,46,113,0,0,0,0,0,3,3,3,3,43,725,43,725,0,0,0,pacing,1,0.832,12.231,120.231,0,0,3,3,0,0,0,0,728,793,36,0,1,9500000,1200000,0,0,0,6986,6986,8544861,361,441988,215,266910,0,0,0,0,0,18.962,38.628,10712.438,4800.000,363,12661,6510,2919,6151,3232,0.310,2.594,1.466,363,5364949,8742861,0.869,12.665,0.450,12.510,12661,632,168,6868,118,506,8,61,61,120,11,25,2,1,10,0,0,0,49,1,1,0,4,1168,926,926,0,0,0,0,0,,disabled,,0,0,0,0,,1,Fixed Quality,Hybrid,85,30,9500,12000,640,360,H.264,480,270,518400,0,518400,28178,0.054,0.000,,0,0,0.000,4.627,0.000,3.944,0.663,7250,6750,6750,4,4,0,1,9500,1.000,0,18.962,0.000,0,0,0.000,0.000,0,0,0,0,0.257,0.681,0.062,1,0,0,disabled,0,0,0,18,52,18,26,8,41,41,0,3,async-output-pending,0,,0,0,0.000,0.000,0,,18.922,12927.875,39583.333,0.000,0,0,0,,9,0,0,0.000,1,0,0.649,0.189,0.459,0.000,0.000,0.000,0.000,0,0,1,1,1,0,0,1,1,0,0,0,1.000,0.000,0.000,30,0,0.000,0,0,0,0.000,0.000,0.000,0.000,0.000,0.000,0.000,0.000,22.506,0,0,0,0,0,0,0,0,0.000,0.000,0.000,0.000,0.000,0.000,0,0.091,21.970,171,173,841,44.957,168.942,18.312,168.942,786.569,13,1,H.264,111.761,0,0,167.968,168.221,0.996,88.783,110.754,arrival-gap-jitter-spike,8263.427,0,1,1,1,1,9049.996,322.588,323.555,326.080,326.080,1,0,1,0,0,1,0,,,150.768,150.768,59,1,H.264,0,0,0,0,0,0,0,0,0,0,,101.413,0.000,104.278,0.000,0.000,0.000,133.115,stale-before-decode,0.001,240,0.000,110.273,5.880,0.089,0.347,0.078,0.000,0.269,1,0,0,1,3,0.066,21.966,21.970,0.417,23.050,1.000,RecoveryDeadline,0,1,0,1.000,0,1,1,1,0.060,0.000,0.060,0,100,0,6995,6535,420,0,389
10.051,Custom_loss6_delay0-100_dup0_reorder6_burst0,Loopback,1,1,0,,,0.000,0,21,269,23.194,23.201,22.015,101.359,101.190,17.292,53.282,21.194,0.066,0.246,7292,519,6875,6356,914,575,53,247,217,30,39,0,6356,199,65,0,0,0,0,5.000,0,0,0,0,0,0,0,0,0,0,0,0,0,0,0,0.000,0.000,0.000,,198,198,934,0,1,20.651,167.968,21.921,168.221,0.000,0.000,196,195,3705,229,65,0,702,1034,271,1,nack-sent,pending,H.264,0,1,24,10,14,0,0,2,1,29,0,0,7773,18,0,0,0,0,0,54.087,31,53,30,25,30,0,62.549,29.364,96.234,1,0,115,10,125,0,26,10,0.369,0.631,0.920,1.000,0.278,33.000,0.000,0.000,1.000,retransmit-late,294,3086,0,0,213,2967,702,7565,81,119,0,0,7564,predicted-useful,fec-grace,1142,0.208,50,125,0,0,0,0,0,3,3,3,3,47,786,47,786,0,0,0,pacing,1,0.776,6.358,114.358,0,0,3,3,0,0,0,0,789,876,40,0,1,9500000,1200000,0,0,0,7808,7808,9551919,403,493662,241,299302,0,0,0,0,0,11.089,38.628,232.375,4800.000,403,14147,7277,3264,6870,3606,0.310,15.504,0.781,403,5635545,8972325,1.952,7.867,0.487,13.409,14147,702,193,7565,130,564,8,64,64,125,12,27,2,1,11,0,0,0,51,1,1,0,4,1297,1034,1034,0,0,0,0,0,,disabled,,0,0,0,0,,1,Fixed Quality,Hybrid,85,30,9500,12000,640,360,H.264,480,270,518400,28176,518400,28176,0.054,0.000,,0,0,0.000,2.177,0.000,0.000,0.068,7250,6750,6750,4,4,0,1,9500,1.000,0,11.089,0.000,0,0,0.000,0.000,0,0,0,0,0.248,0.672,0.080,1,0,0,disabled,24,0,0,20,57,20,29,8,45,45,0,3,large-au-observed,0,,0,0,17.308,23.727,0,,0.000,0.000,0.000,0.000,0,0,0,,10,0,0,5.080,0,272,0.068,0.000,0.000,0.067,0.000,0.047,0.006,1,1,1,1,0,1,1,0,0,0,0,0,1.000,0.000,0.000,30,0,0.000,0,0,0,0.000,0.000,0.000,0.000,0.000,0.000,0.000,2.094,10.134,0,0,0,0,0,0,0,0,0.000,0.000,0.000,0.000,0.000,0.000,0,0.084,23.201,196,198,934,21.579,168.942,18.312,168.942,786.569,13,1,H.264,111.761,0,0,167.968,168.221,0.996,88.783,110.754,arrival-gap-jitter-spike,9264.923,0,1,1,1,1,10051.492,322.588,323.555,326.080,326.080,1,0,1,0,0,1,0,,,150.768,150.768,59,1,H.264,0,0,0,0,0,0,0,0,0,0,,107.002,0.000,109.827,0.000,0.000,0.000,130.679,stale-before-decode,0.001,269,0.000,114.449,4.525,0.074,0.930,0.674,0.000,0.256,1,0,0,1,3,0.067,23.194,23.201,21.194,22.015,1.000,Loss,0,1,0,0.000,0,1,1,1,0.060,0.000,0.060,0,100,0,7818,7310,470,0,446
11.052,Custom_loss6_delay0-100_dup0_reorder6_burst0,Loopback,1,1,0,,,0.000,0,21,294,14.592,14.592,13.090,100.692,101.613,42.171,52.171,12.907,0.065,0.257,7994,557,7518,6961,1002,634,56,268,234,34,44,0,6961,214,74,0,0,0,0,5.000,0,0,0,0,0,0,0,0,0,0,0,0,0,0,0,0.000,0.000,0.000,,213,213,1028,0,1,54.665,167.968,55.622,168.221,0.000,0.000,211,210,4091,248,74,0,771,1138,297,1,retransmit-arrived,pending,H.264,1,1,24,17,7,5,1,3,10,36,2,0,8518,1,8518,1,8518,1,1,77.167,36,56,34,29,34,0,62.068,29.342,96.234,1,0,127,9,136,0,26,11,0.391,0.609,0.934,1.000,0.297,31.000,0.000,1.000,0.000,insufficient-sample,334,3410,0,0,235,3263,771,8169,99,147,0,0,8168,predicted-useful,fec-grace,1251,0.333,55,136,0,0,0,0,0,3,3,3,3,52,868,52,868,0,0,0,pacing,1,0.776,10.224,118.224,0,0,3,3,0,0,0,0,871,965,44,0,1,9500000,1200000,5,0,5,8569,8564,10477983,444,544090,266,330450,0,0,0,0,0,5.996,38.628,451.938,4800.000,441,15481,7970,3519,7511,3992,0.306,26.332,3.526,441,4475565,7141930,2.097,11.270,0.524,20.292,15481,771,208,8169,142,621,8,73,73,142,12,27,2,1,11,0,0,0,60,1,1,0,4,1434,1138,1138,0,0,0,0,0,,disabled,,0,0,0,0,,1,Fixed Quality,Hybrid,85,30,9500,12000,640,360,H.264,480,270,518400,28178,518400,28178,0.054,0.000,,0,0,0.000,1.988,0.000,0.000,0.068,7250,6750,6750,4,4,0,1,9500,1.000,0,11.818,0.000,0,0,0.000,0.000,0,0,0,0,1.000,0.000,0.000,1,0,0,disabled,24,0,0,23,63,23,32,8,49,49,0,3,large-au-observed,0,,0,0,15.559,23.729,0,,0.000,0.000,0.000,0.000,0,0,0,,11,0,0,6.269,0,299,0.068,0.000,0.000,0.068,0.000,0.046,0.007,1,1,1,1,0,1,1,0,0,0,0,0,1.000,0.000,0.000,30,0,0.000,0,0,0,0.000,0.000,0.000,0.000,0.000,0.000,0.000,1.908,10.174,0,0,0,0,0,0,0,0,0.000,0.000,0.000,0.000,0.000,0.000,0,0.089,14.592,211,213,1028,55.800,168.942,18.312,168.942,786.569,13,1,H.264,111.761,0,0,167.968,168.221,0.996,88.783,110.754,arrival-gap-jitter-spike,10265.184,0,1,1,1,1,11051.753,322.588,323.555,326.080,326.080,1,0,1,0,0,1,0,,,150.768,150.768,59,1,H.264,0,0,0,0,0,0,0,0,0,0,,106.198,0.000,108.985,0.000,0.000,0.000,130.346,stale-before-decode,0.001,294,0.000,114.673,5.593,0.074,0.934,0.717,0.000,0.218,1,0,0,1,3,0.065,14.592,14.592,12.907,13.090,1.000,Loss,0,1,0,1.000,1,1,1,1,0.060,0.000,0.060,0,100,0,8575,8009,520,0,493
12.056,Custom_loss6_delay0-100_dup0_reorder6_burst0,Loopback,1,1,0,,,0.000,0,21,324,21.396,21.340,21.121,119.072,101.678,55.543,52.477,14.842,0.065,0.256,8749,610,8231,7621,1116,700,72,297,261,36,47,0,7621,236,81,0,0,0,0,5.000,0,0,0,0,0,0,0,0,0,0,0,0,0,0,0,0.000,0.000,0.000,,235,235,1120,0,1,60.630,167.968,61.580,168.221,0.000,0.000,232,231,4486,272,81,0,845,1247,325,1,fec-recovered,pending,H.264,1,1,22,21,1,3,2,3,14,35,1,1,9302,12,9319,1,0,0,0,72.563,42,72,36,31,36,0,62.248,28.593,96.234,1,0,151,9,160,0,31,14,0.368,0.632,0.944,1.000,0.311,26.000,0.333,0.667,0.333,retransmit-late,367,3712,0,0,255,3541,845,8992,111,168,1,3,8992,predicted-useful,fec-grace,1372,0.227,65,160,0,0,0,0,0,5,5,5,5,62,1031,62,1031,0,0,0,pacing,1,0.796,10.166,118.166,0,0,5,5,0,0,0,0,1036,1052,48,0,1,9500000,1200000,1,0,1,9365,9364,11459344,498,610692,292,362842,0,0,0,0,0,8.117,38.628,327.375,4800.000,483,16963,8739,3818,8224,4406,0.304,11.884,1.156,483,4714664,7445141,1.457,11.690,0.483,15.244,16963,845,229,8992,163,672,10,80,80,155,16,33,1,3,13,0,0,0,62,2,1,0,4,1561,1247,1247,0,0,0,0,0,,disabled,,0,0,0,0,,1,Fixed Quality,Hybrid,85,30,9500,12000,640,360,H.264,480,270,518400,26096,518400,26096,0.050,0.000,,0,0,0.000,1.980,0.000,0.000,0.117,6250,6250,6250,5,5,0,1,9500,0.880,1,14.569,0.000,0,0,0.000,0.000,0,0,0,0,0.263,0.681,0.056,1,0,0,latency-pressure-freshness-hold,22,0,0,27,72,27,35,10,56,56,0,3,large-au-observed,0,,0,0,18.408,21.976,0,,0.000,0.000,0.000,0.000,0,0,0,,12,0,0,9.529,0,327,0.116,0.000,0.000,0.116,0.000,0.083,0.009,1,1,1,1,0,1,1,0,0,0,1,0,0.860,179.994,0.000,26,0,0.000,0,0,0,0.000,0.000,0.000,0.000,0.000,0.000,0.000,1.851,6.847,0,0,0,0,0,0,0,0,0.000,0.000,0.000,0.000,0.000,0.000,0,0.096,21.340,232,235,1120,61.737,168.942,18.312,168.942,786.569,13,1,H.264,111.761,0,0,167.968,168.221,0.996,88.783,110.754,arrival-gap-jitter-spike,11269.524,0,1,1,1,1,12056.093,322.588,323.555,326.080,326.080,1,0,2,0,0,2,1,latency-pressure freshness,latency-over-80ms,146.613,150.768,312,1,H.264,0,0,0,0,0,0,0,0,0,0,,104.605,0.000,106.141,0.000,0.000,0.000,139.536,stale-before-decode,0.001,324,0.000,111.217,4.957,0.089,0.279,0.001,0.000,0.278,1,0,0,1,3,0.065,21.396,21.340,14.842,21.121,1.000,Loss,0,1,0,0.500,2,1,1,1,0.060,0.000,0.060,0,100,0,9376,8765,561,0,536
13.058,Custom_loss6_delay0-100_dup0_reorder6_burst0,Loopback,1,1,0,,,0.000,0,21,350,21.529,21.525,21.547,100.509,101.757,30.335,50.632,3.473,0.065,0.251,9441,660,8881,8221,1204,752,75,326,285,41,51,0,8221,256,86,0,0,0,0,5.000,0,0,0,0,0,0,0,0,0,0,0,0,0,0,0,0.000,0.000,0.000,,255,255,1219,0,1,41.816,167.968,42.975,168.221,0.000,0.000,252,251,4864,297,86,0,916,1354,351,1,fec-recovered,pending,H.264,1,1,23,22,1,4,4,3,14,44,1,0,10031,21,10039,1,0,0,0,95.399,43,75,41,36,41,0,62.343,29.186,104.255,1,0,160,14,174,0,33,14,0.364,0.636,0.920,1.000,0.298,28.000,0.000,1.000,0.000,insufficient-sample,402,4004,0,0,275,3809,916,9740,126,192,1,3,9740,predicted-useful,fec-grace,1485,0.130,71,174,0,0,0,0,0,7,8,7,8,68,1120,68,1120,0,0,0,pacing,1,0.797,12.203,120.203,0,0,7,8,0,0,0,0,1128,1138,52,0,1,9500000,1200000,10,0,10,10119,10109,12378224,540,662684,315,391494,0,0,0,0,0,0.913,38.628,228.625,4800.000,519,18315,9434,4173,8881,4708,0.307,11.487,3.522,519,5618126,8955959,1.218,4.311,0.488,15.029,18315,916,249,9740,180,726,10,85,85,164,16,33,1,3,13,0,0,0,67,2,1,0,4,1692,1354,1354,0,0,0,0,0,,disabled,,0,0,0,0,,1,Fixed Quality,Hybrid,85,30,9500,12000,640,360,H.264,480,270,518400,27138,518400,27138,0.052,0.000,,0,0,0.000,1.934,0.000,0.000,0.075,7250,6500,6500,6,6,0,1,9500,1.000,0,14.992,0.000,0,0,0.000,0.000,0,0,0,0,0.247,0.672,0.080,1,0,0,disabled,23,0,0,31,81,31,40,10,62,62,0,3,large-au-observed,0,,0,0,16.803,22.853,0,,0.000,0.000,0.000,0.000,0,0,0,,13,0,0,6.204,0,354,0.075,0.000,0.000,0.075,0.000,0.050,0.011,1,1,1,1,0,1,1,0,0,0,1,0,0.860,146.403,0.000,26,0,0.000,0,0,0,0.000,0.000,0.000,0.000,0.000,0.000,0.000,1.851,10.144,0,0,0,0,0,0,0,0,0.000,0.000,0.000,0.000,0.000,0.000,0,0.095,21.525,252,255,1219,42.868,168.942,18.312,168.942,786.569,13,1,H.264,111.761,0,0,167.968,168.221,0.996,88.783,110.754,arrival-gap-jitter-spike,12271.714,0,1,1,1,1,13058.283,322.588,323.555,326.080,326.080,1,0,2,0,0,2,0,,,146.613,150.768,312,1,H.264,0,0,0,0,0,0,0,0,0,0,,100.599,0.000,103.284,0.000,0.000,0.000,130.255,stale-before-decode,0.000,350,0.000,108.117,4.723,0.076,0.711,0.462,0.000,0.249,1,0,0,1,3,0.065,21.529,21.525,3.473,21.547,1.000,RecoveryDeadline,0,1,0,1.000,2,2,2,1,0.060,0.000,0.060,0,100,0,10122,9458,601,0,586
14.059,Custom_loss6_delay0-100_dup0_reorder6_burst0,Loopback,1,1,0,,,0.000,0,21,379,22.808,22.805,23.023,88.090,101.768,76.484,52.621,22.459,0.065,0.248,10262,708,9649,8941,1320,823,77,367,320,47,53,0,8941,279,92,0,0,0,0,5.000,0,0,0,0,0,0,0,0,0,0,0,0,0,0,0,0.000,0.000,0.000,,278,278,1305,0,1,20.475,167.968,21.384,168.221,0.000,0.000,275,274,5279,326,92,0,995,1474,382,1,fec-parity,pending,H.264,0,1,24,4,20,1,0,0,0,0,0,0,10945,2,0,0,0,0,0,14.298,51,77,47,42,47,0,62.884,28.152,104.255,1,0,176,14,190,0,42,14,0.398,0.602,0.926,1.000,0.250,31.000,1.000,0.000,0.000,insufficient-sample,428,4297,0,0,297,4098,995,10543,130,196,1,3,10543,predicted-useful,likely-arrival,1614,0.500,77,190,0,0,0,0,0,7,8,7,8,74,1216,74,1216,0,0,0,pacing,1,0.810,10.992,118.992,0,0,7,8,0,0,0,0,1224,1238,56,0,1,9500000,1200000,0,0,0,10959,10959,13421924,585,718250,341,423424,0,0,0,0,0,18.385,38.628,3260.500,4527.900,564,19893,10257,4457,9636,5179,0.303,26.591,0.000,564,6892930,10452673,1.117,12.678,0.471,21.234,19893,995,272,10543,197,788,10,91,91,173,17,35,2,3,14,0,0,0,72,2,1,0,4,1837,1474,1474,0,0,0,0,0,,disabled,,0,0,0,0,,1,Fixed Quality,Hybrid,85,30,9500,12000,640,360,H.264,480,270,518400,28178,518400,28178,0.054,0.000,,0,0,0.000,1.846,0.000,0.000,0.064,7250,6750,6750,7,7,0,1,9500,1.000,0,18.385,0.000,0,0,0.000,0.000,0,0,0,0,0.268,0.658,0.074,1,0,0,disabled,24,0,0,35,89,35,42,12,68,68,0,3,large-au-observed,0,,0,0,0.011,23.729,0,,0.000,0.000,0.000,0.000,0,0,0,,14,0,0,4.945,0,382,0.064,0.000,0.000,0.064,0.000,0.043,0.006,1,1,1,1,0,1,1,0,0,0,0,0,1.000,0.000,0.000,30,0,0.000,0,0,0,0.000,0.000,0.000,0.000,0.000,0.000,0.000,1.776,20.956,0,0,0,0,0,0,0,0,0.000,0.000,0.000,0.000,0.000,0.000,0,0.082,22.805,275,278,1305,21.507,168.942,18.312,168.942,786.569,13,1,H.264,111.761,0,0,167.968,168.221,0.996,88.783,110.754,arrival-gap-jitter-spike,13272.276,0,1,1,1,1,14058.845,322.588,323.555,326.080,326.080,1,0,2,0,0,2,0,,,146.613,150.768,312,1,H.264,0,0,0,0,0,0,0,0,0,0,,99.235,0.000,102.045,0.000,0.000,0.000,124.045,stale-before-decode,0.001,379,0.000,107.307,5.165,0.077,0.773,0.533,0.000,0.241,1,0,0,1,3,0.065,22.808,22.805,22.459,23.023,1.000,RecoveryDeadline,0,1,0,1.000,0,1,1,1,0.060,0.000,0.060,0,100,0,10973,10284,645,0,638
15.065,Custom_loss6_delay0-100_dup0_reorder6_burst0,Loopback,1,1,0,,,0.000,0,21,407,20.726,20.721,20.697,120.230,101.957,84.488,54.897,18.506,0.062,0.245,11048,736,10357,9621,1418,881,81,399,350,49,57,0,9621,302,98,0,0,0,0,5.000,0,0,0,0,0,0,0,0,0,0,0,0,0,0,0,0.000,0.000,0.000,,300,300,1403,0,1,65.801,167.968,66.754,168.221,0.000,0.000,297,296,5672,351,97,0,1070,1590,410,1,nack-sent,pending,H.264,1,1,24,5,19,1,0,1,0,19,0,0,11777,19,0,0,0,0,0,28.476,53,81,49,44,49,0,63.282,29.537,104.255,1,0,184,10,194,0,47,14,0.396,0.604,0.948,1.000,0.230,33.000,0.000,1.000,0.000,insufficient-sample,458,4639,0,0,321,4432,1070,11285,136,204,1,3,11285,predicted-useful,fec-grace,1733,0.458,79,194,0,0,0,0,0,7,8,7,8,76,1252,76,1252,0,0,0,pacing,1,0.815,11.809,119.809,0,0,7,8,0,0,0,0,1260,1331,60,0,1,9500000,1200000,0,0,0,11773,11773,14419030,619,759972,365,453320,0,0,0,0,0,10.749,39.517,404.562,4800.000,607,21379,11034,4759,10345,5586,0.301,21.180,3.336,607,3681394,6472579,2.137,11.743,0.466,20.066,21379,1068,295,11260,207,851,10,96,96,185,17,35,2,3,14,0,0,0,77,2,1,0,4,1973,1590,1590,0,0,0,0,0,,disabled,,0,0,0,0,,1,Fixed Quality,Hybrid,85,30,9500,12000,640,360,H.264,480,270,518400,0,518400,28176,0.054,0.000,,0,0,0.000,0.013,0.000,0.000,0.005,7250,6750,6750,7,7,0,1,9500,1.000,0,14.003,0.000,0,0,0.000,0.000,0,0,0,0,0.273,0.675,0.052,1,0,0,disabled,0,0,0,39,94,39,43,12,72,72,2,3,async-output-pending,0,,0,0,0.000,0.000,0,,0.000,0.000,0.000,0.000,0,0,0,,15,0,0,0.000,1,0,0.000,0.000,0.000,0.000,0.000,0.000,0.000,0,0,0,0,0,0,0,0,1,1,1,1,1.000,180.000,1.500,30,0,0.000,0,0,0,0.000,0.000,0.000,0.000,0.000,0.000,0.000,0.000,7.505,0,0,0,0,0,0,0,0,0.000,0.000,0.000,0.000,0.000,0.000,0,0.119,20.721,297,300,1403,66.978,168.942,18.312,168.942,786.569,13,1,H.264,111.761,0,0,167.968,168.221,0.996,88.783,110.754,arrival-gap-jitter-spike,14278.296,0,1,1,1,1,15064.865,322.588,323.555,326.080,326.080,1,0,2,0,0,2,0,,,146.613,150.768,312,1,H.264,0,0,0,0,0,0,0,0,0,0,,106.550,0.000,109.432,0.000,0.000,0.000,140.115,stale-before-decode,0.001,407,0.000,114.608,5.051,0.095,0.306,0.001,0.000,0.305,1,0,0,1,3,0.062,20.726,20.721,18.506,20.697,1.000,Loss,0,1,0,0.000,0,1,1,1,0.060,0.000,0.060,0,100,0,11788,11073,687,0,690
16.067,Custom_loss6_delay0-100_dup0_reorder6_burst0,Loopback,1,1,0,,,0.000,0,21,435,22.256,23.695,23.894,94.683,101.811,28.158,53.114,9.704,0.062,0.244,11830,777,11096,10319,1516,933,86,435,383,52,62,0,10319,323,104,0,0,0,0,5.000,0,0,0,0,0,0,0,0,0,0,0,0,0,0,0,0.000,0.000,0.000,,321,321,1496,0,1,53.493,167.968,54.636,168.221,0.000,0.000,318,317,6060,375,103,0,1139,1699,438,1,nack-sent,pending,H.264,1,1,24,4,20,2,0,1,0,20,0,0,12582,0,0,0,0,0,0,28.156,57,86,52,47,52,0,63.345,32.119,110.456,1,0,196,11,207,0,52,15,0.399,0.601,0.947,1.000,0.224,36.000,0.000,0.000,1.000,insufficient-sample,495,4955,0,0,343,4727,1139,12049,151,225,1,3,12049,predicted-useful,fec-grace,1852,0.292,84,207,0,0,0,0,0,7,8,7,8,81,1338,81,1338,0,0,0,pacing,1,0.829,9.611,117.611,0,0,7,8,0,0,0,0,1346,1418,64,0,1,9500000,1200000,11,0,11,12626,12615,15450970,662,812890,392,486948,0,0,0,0,0,0.546,39.517,855.000,4800.000,650,22902,11815,5101,11087,5986,0.302,33.434,8.302,650,4306682,7654116,3.281,-1.871,0.466,18.358,22902,1138,316,12029,223,905,10,102,102,195,18,36,1,4,14,0,0,0,82,2,1,0,4,2107,1699,1699,0,0,0,0,0,,disabled,,0,0,0,0,,1,Fixed Quality,Hybrid,85,30,9500,12000,640,360,H.264,480,270,518400,28178,518400,28178,0.054,0.000,,0,0,0.000,2.263,0.000,0.000,0.087,7250,6750,6750,7,7,0,1,9500,1.000,0,16.312,0.000,0,0,0.000,0.000,0,0,0,0,0.275,0.671,0.053,1,0,0,disabled,24,1,1,43,103,43,46,14,78,78,3,3,decoder-sync-observed,0,,0,0,18.291,23.729,0,,0.000,0.000,0.000,0.000,0,0,0,,16,0,0,6.142,0,439,0.086,0.000,0.000,0.086,0.000,0.060,0.009,1,1,1,1,0,1,1,0,0,0,0,0,1.000,0.000,0.000,30,0,0.000,0,0,0,0.000,0.000,0.000,0.000,0.000,0.000,0.000,2.168,10.327,0,0,0,0,0,0,0,0,0.000,0.000,0.000,0.000,0.000,0.000,0,0.102,23.695,318,321,1496,54.437,168.942,18.312,168.942,786.569,13,1,H.264,111.761,0,0,167.968,168.221,0.996,88.783,110.754,arrival-gap-jitter-spike,15280.922,0,1,1,1,1,16067.491,322.588,323.555,326.080,326.080,1,0,2,0,0,2,0,,,146.613,150.768,312,1,H.264,0,0,0,0,0,0,0,0,0,0,,101.301,0.000,104.076,0.000,0.000,0.000,127.341,stale-before-decode,0.001,435,0.000,110.454,6.269,0.102,0.481,0.239,0.000,0.242,1,0,0,1,3,0.062,22.256,23.695,9.704,23.894,1.000,RecoveryDeadline,0,1,0,0.333,3,1,1,1,0.060,0.000,0.060,0,100,0,12631,11851,736,0,732
17.070,Custom_loss6_delay0-100_dup0_reorder6_burst0,Loopback,1,1,0,,,0.000,0,21,465,23.842,21.856,19.659,111.148,101.904,97.277,55.875,3.799,0.061,0.239,12579,822,11801,10979,1605,990,95,455,400,55,65,0,10979,347,109,0,0,0,0,5.000,0,0,0,0,0,0,0,0,0,0,0,0,0,0,0,0.000,0.000,0.000,,345,345,1588,0,1,44.820,167.968,45.743,168.221,0.000,0.000,341,338,6453,402,108,0,1206,1806,467,1,fec-parity,pending,H.264,1,1,22,9,13,2,1,1,3,17,0,0,13376,1,0,0,0,0,0,26.036,61,95,55,50,55,0,63.968,31.572,110.456,1,0,212,14,226,0,55,16,0.391,0.609,0.938,1.000,0.225,34.000,0.000,0.000,0.000,insufficient-sample,534,5275,0,0,365,5021,1206,12766,168,251,1,3,12765,predicted-useful,likely-arrival,1971,0.773,91,226,0,0,0,0,0,9,10,9,10,88,1455,88,1455,0,0,0,pacing,1,0.838,5.327,113.327,0,0,9,10,0,0,0,0,1465,1504,68,0,1,9500000,1200000,9,0,9,13417,13408,16423272,711,873272,420,521198,0,0,0,0,0,1.008,39.517,475.438,1090.800,685,24348,12562,5355,11786,6431,0.299,7.720,2.202,685,3919743,6496663,1.561,69.119,0.404,13.487,24348,1206,339,12766,239,956,11,107,107,204,19,38,2,4,15,0,0,0,86,2,1,0,4,2242,1806,1806,0,0,0,0,0,,disabled,,0,0,0,0,,1,Fixed Quality,Hybrid,85,30,9500,12000,640,360,H.264,480,270,518400,26094,518400,26094,0.050,0.000,,0,0,0.000,1.757,0.000,0.000,0.091,6250,6250,6250,8,8,0,1,9500,0.880,1,14.035,0.000,0,0,3.856,0.000,3732,0,0,0,0.000,0.000,1.000,1,0,0,latency-pressure-freshness-hold,22,1,1,47,110,47,49,14,83,83,2,3,decoder-sync-observed,0,,0,0,15.713,21.974,0,,0.000,0.000,0.000,0.000,0,0,0,,17,0,0,6.306,0,468,0.090,0.000,0.000,0.089,0.000,0.049,0.008,1,1,1,1,0,1,1,0,0,0,0,0,1.000,0.000,0.000,27,0,0.000,0,0,0,0.000,0.000,0.000,0.000,0.000,0.000,0.000,1.659,10.281,0,0,0,0,0,0,0,0,0.000,0.000,0.000,0.000,0.000,0.000,0,0.098,21.856,341,345,1588,45.746,168.942,18.312,168.942,786.569,13,1,H.264,111.761,0,0,167.968,168.221,0.996,88.783,110.754,arrival-gap-jitter-spike,16283.436,0,1,1,1,1,17070.005,322.588,323.555,326.080,326.080,1,0,4,0,0,4,2,latency-pressure freshness,latency-over-80ms,138.749,150.768,459,1,decoded,0,0,0,0,0,0,0,0,0,0,,105.828,0.000,108.420,2.255,0.000,117.084,135.574,stale-before-upload,0.001,464,0.000,109.357,5.829,0.078,0.228,0.001,0.000,0.227,1,0,0,1,3,0.061,23.842,21.856,3.799,19.659,1.000,Loss,0,1,0,0.500,2,1,1,1,0.060,0.000,0.060,0,100,0,13425,12601,784,0,783
18.074,Custom_loss6_delay0-100_dup0_reorder6_burst0,Loopback,1,1,0,,,0.000,0,21,490,23.171,23.169,21.861,96.894,102.038,53.944,55.761,35.271,0.063,0.237,13274,897,12476,11579,1712,1063,103,477,420,57,69,0,11579,366,114,0,0,0,0,5.000,0,0,0,0,0,0,0,0,0,0,0,0,0,0,0,0.000,0.000,0.000,,364,364,1685,0,1,18.793,167.968,19.809,168.221,0.000,0.000,360,358,6836,423,113,0,1271,1919,492,1,fec-parity,pending,H.264,0,1,23,15,8,3,1,2,3,20,0,0,14113,16,0,0,0,0,0,66.398,65,103,57,52,57,0,64.071,30.731,110.456,1,0,226,15,241,0,59,17,0.387,0.613,0.938,1.000,0.224,38.000,0.500,0.500,0.500,retransmit-late,568,5562,0,0,386,5284,1271,13394,181,275,1,3,13392,predicted-useful,fec-grace,2078,0.783,98,241,0,0,0,0,0,12,13,12,13,95,1569,95,1569,0,0,0,pacing,1,0.837,7.103,115.103,0,0,12,13,0,0,0,0,1582,1584,72,0,1,9500000,1200000,9,0,9,14169,14160,17351074,754,926508,443,549850,0,0,0,0,0,1.242,39.517,265.312,1088.850,724,25750,13274,5643,12476,6833,0.298,31.850,0.846,724,4486463,7414356,1.932,46.629,0.524,18.054,25750,1271,358,13394,254,1006,11,112,112,212,20,39,1,5,15,0,0,0,90,2,1,0,4,2375,1919,1919,0,0,0,0,0,,disabled,,0,0,0,0,,1,Fixed Quality,Hybrid,85,30,9500,12000,640,360,H.264,480,270,518400,27136,518400,27136,0.052,0.000,,0,0,0.000,1.938,0.000,0.000,0.082,7250,6500,6500,9,9,0,1,9500,1.000,0,22.741,0.000,0,0,0.000,0.000,0,0,0,0,0.270,0.668,0.062,1,0,0,disabled,23,1,1,51,118,51,53,14,88,88,2,3,decoder-sync-observed,0,,0,0,26.497,22.851,0,,0.000,0.000,0.000,0.000,0,0,0,,18,0,0,6.856,0,494,0.082,0.000,0.000,0.082,0.000,0.054,0.010,1,1,1,1,0,1,1,0,0,0,0,0,1.000,0.000,0.000,30,0,0.000,0,0,0,0.000,0.000,0.000,0.000,0.000,0.000,0.000,1.818,10.705,0,0,0,0,0,0,0,0,0.000,0.000,0.000,0.000,0.000,0.000,0,0.124,23.170,360,364,1685,19.770,168.942,18.312,168.942,786.569,13,1,H.264,111.761,0,0,167.968,168.221,0.996,88.783,110.754,arrival-gap-jitter-spike,17287.339,0,1,1,1,1,18073.908,322.588,323.555,326.080,326.080,1,0,4,0,0,4,0,,,138.749,150.768,459,1,decoded,0,0,0,0,0,0,0,0,0,0,,101.744,0.000,104.523,0.000,0.000,0.000,133.447,stale-before-upload,0.001,490,0.000,109.556,4.941,0.094,0.491,0.224,0.000,0.267,1,0,0,1,3,0.063,23.171,23.169,35.271,21.861,1.000,Jitter,0,1,0,0.000,1,1,1,1,0.060,0.000,0.060,0,100,0,14178,13298,827,0,834
19.080,Custom_loss6_delay0-100_dup0_reorder6_burst0,Loopback,1,1,0,,,0.000,0,21,518,22.829,22.838,23.801,108.403,102.210,90.725,57.703,17.234,0.063,0.242,14111,942,13250,12308,1822,1132,110,509,445,64,71,0,12308,386,123,0,0,0,0,5.000,0,0,0,0,0,0,0,0,0,0,0,0,0,0,0,0.000,0.000,0.000,,384,384,1781,0,1,60.057,167.968,61.037,168.221,0.000,0.000,380,378,7296,450,122,0,1347,2040,522,1,nack-sent,pending,H.264,0,1,24,14,10,3,2,1,0,10,0,0,15000,6,0,0,0,0,0,54.716,69,110,64,59,64,0,65.000,28.862,110.456,1,0,244,13,257,0,68,17,0.385,0.615,0.949,1.000,0.200,44.000,0.000,1.000,0.000,insufficient-sample,623,5876,0,0,410,5551,1347,14002,212,322,1,3,13997,predicted-useful,fec-grace,2199,0.333,104,257,0,0,0,0,0,12,13,12,13,101,1667,101,1667,0,0,0,pacing,1,0.830,3.488,111.488,0,0,12,13,0,0,0,0,1680,1676,76,0,1,9500000,1200000,0,0,0,15035,15035,18425934,799,982074,467,579746,0,0,0,0,0,17.124,39.517,7994.250,4800.000,770,27353,14106,5964,13247,7283,0.297,26.734,0.032,770,5368680,8526010,1.117,44.659,0.491,14.648,27353,1347,378,14002,271,1065,11,121,121,228,20,39,1,5,15,0,0,0,99,2,1,0,4,2536,2040,2040,0,0,0,0,0,,disabled,,0,0,0,0,,1,Fixed Quality,Hybrid,85,30,9500,12000,640,360,H.264,480,270,518400,0,518400,28178,0.054,0.000,,0,0,0.000,4.566,0.000,3.919,0.625,7250,6750,6750,10,10,0,1,9500,1.000,0,17.124,0.000,0,0,0.000,0.000,0,0,0,0,0.268,0.681,0.051,1,0,0,disabled,0,0,0,55,124,55,55,14,93,93,1,3,async-output-pending,0,,0,0,0.000,0.000,0,,17.124,7994.250,39583.333,0.000,0,0,0,,19,0,0,0.000,1,0,0.615,0.168,0.446,0.000,0.000,0.000,0.000,0,0,1,1,1,0,0,1,1,0,0,0,1.000,0.000,0.000,30,0,0.000,0,0,0,0.000,0.000,0.000,0.000,0.000,0.000,0.000,0.000,19.850,0,0,0,0,0,0,0,0,0.000,0.000,0.000,0.000,0.000,0.000,0,0.091,22.838,380,384,1781,61.175,168.942,18.312,168.942,786.569,13,1,H.264,111.761,0,0,167.968,168.221,0.996,88.783,110.754,arrival-gap-jitter-spike,18293.676,0,1,1,1,1,19080.245,322.588,323.555,326.080,326.080,1,0,4,0,0,4,0,,,138.749,150.768,459,1,decoded,0,0,0,0,0,0,0,0,0,0,,105.154,0.000,108.020,0.000,0.000,0.000,134.202,stale-before-upload,0.001,518,0.000,111.544,3.423,0.072,0.898,0.650,0.000,0.248,1,0,0,1,3,0.063,22.829,22.838,17.234,23.801,1.000,RecoveryDeadline,0,1,0,0.333,3,1,1,1,0.060,0.000,0.060,0,100,0,15054,14140,872,0,878
20.087,Custom_loss6_delay0-100_dup0_reorder6_burst0,Loopback,1,1,0,,,0.000,0,21,548,23.400,23.401,23.414,101.812,102.107,69.815,58.341,33.686,0.062,0.240,14858,983,13942,12959,1916,1197,115,528,461,67,76,0,12959,409,129,0,0,0,0,5.000,0,0,0,0,0,0,0,0,0,0,0,0,0,0,0,0.000,0.000,0.000,,407,407,1878,0,1,75.427,167.968,76.421,168.221,0.000,0.000,403,400,7665,476,128,0,1408,2147,550,1,nack-suppressed-fec-grace,pending,H.264,0,1,22,10,12,3,0,0,0,0,0,0,15802,9,0,0,0,0,0,48.650,75,115,67,62,67,0,65.506,29.263,110.456,1,0,258,15,273,0,73,17,0.395,0.605,0.945,1.000,0.189,44.000,1.000,0.000,0.000,insufficient-sample,659,6151,0,0,431,5803,1408,14573,227,345,1,3,14568,deferred-likely-arrival,fec-grace,2309,0.091,110,273,0,0,0,0,0,12,13,12,13,107,1764,107,1764,0,0,0,pacing,1,0.794,10.172,118.172,0,0,12,13,0,0,0,0,1777,1756,80,1,1,9500000,1200000,0,0,0,15829,15829,19398843,845,1038724,493,611508,0,0,0,0,0,13.629,39.517,5863.938,4800.000,810,28770,14843,6256,13927,7671,0.297,30.306,0.000,810,5269800,7962192,1.372,31.545,0.499,20.888,28770,1408,400,14573,289,1107,12,127,127,239,20,39,1,5,15,0,0,0,105,2,1,0,4,2658,2147,2147,0,0,0,0,0,,disabled,,0,0,0,0,,1,Fixed Quality,Hybrid,85,30,9500,12000,640,360,H.264,480,270,518400,26094,518400,26094,0.050,0.000,,0,0,0.000,1.936,0.000,0.000,0.071,6250,6250,6250,11,11,0,1,9500,0.880,1,13.629,0.000,0,0,0.000,0.000,0,0,0,0,0.275,0.670,0.055,1,0,0,latency-pressure-freshness-hold,22,1,1,58,132,58,58,16,99,99,1,3,decoder-sync-observed,0,,0,0,17.851,21.974,0,,0.000,0.000,0.000,0.000,0,0,0,,20,0,0,5.664,0,551,0.071,0.000,0.000,0.071,0.000,0.050,0.007,1,1,1,1,0,1,1,0,0,0,1,0,0.860,74.842,0.000,26,0,0.000,0,0,0,0.000,0.000,0.000,0.000,0.000,0.000,0.000,1.835,9.767,0,0,0,0,0,0,0,0,0.000,0.000,0.000,0.000,0.000,0.000,0,0.084,23.401,403,407,1878,76.603,168.942,18.312,168.942,786.569,13,1,H.264,111.761,0,0,167.968,168.221,0.996,88.783,110.754,arrival-gap-jitter-spike,19300.328,0,1,1,1,1,20086.897,322.588,323.555,326.080,326.080,1,0,5,0,0,5,1,latency-pressure freshness,latency-over-80ms,147.891,150.768,539,1,decoded,0,0,0,0,0,0,0,0,0,0,,98.784,0.000,100.869,0.000,0.000,0.000,130.906,stale-before-upload,0.001,548,0.000,102.648,3.380,0.072,0.864,0.542,0.000,0.322,1,0,0,1,3,0.062,23.400,23.401,33.686,23.414,1.000,Loss,0,1,0,0.000,2,2,2,1,0.060,0.000,0.060,0,100,0,15849,14885,924,0,917
21.087,Custom_loss6_delay0-100_dup0_reorder6_burst0,Loopback,1,1,0,,,0.000,0,21,574,21.839,21.850,21.879,104.603,102.185,49.180,57.883,4.636,0.062,0.234,15535,1033,14578,13545,2015,1265,122,550,482,68,78,0,13545,431,132,0,0,0,0,5.000,0,0,0,0,0,0,0,0,0,0,0,0,0,0,0,0.000,0.000,0.000,,429,429,1968,0,1,40.093,167.968,41.153,168.221,0.000,0.000,425,422,8029,499,131,0,1469,2256,575,1,nack-sent,pending,H.264,0,1,23,17,6,4,2,2,2,15,0,0,16489,3,0,0,0,0,0,78.634,80,122,68,63,68,0,65.493,28.856,110.456,1,0,271,17,288,0,76,17,0.396,0.604,0.941,1.000,0.183,43.000,0.000,1.000,0.000,insufficient-sample,690,6379,0,0,450,6012,1469,15095,239,364,1,3,15090,predicted-useful,fec-grace,2416,0.261,117,288,0,0,0,0,0,15,16,15,16,114,1875,114,1875,0,0,0,pacing,1,0.824,6.706,114.706,0,0,15,16,0,0,0,0,1891,1831,84,1,1,9500000,1200000,0,0,0,16552,16552,20290827,888,1091960,516,640160,0,0,0,0,0,11.933,39.517,2708.500,4800.000,848,30085,15531,6487,14554,8067,0.295,33.129,0.106,848,5417167,8047561,1.890,21.109,0.451,24.519,30085,1469,422,15095,304,1153,12,130,130,244,20,39,1,5,15,0,0,0,108,2,1,0,4,2783,2256,2256,0,0,0,0,0,,disabled,,0,0,0,0,,1,Fixed Quality,Hybrid,85,30,9500,12000,640,360,H.264,480,270,518400,27138,518400,27138,0.052,0.000,,0,0,0.000,2.203,0.000,0.000,0.066,7250,6500,6500,12,12,0,1,9500,1.000,0,13.097,0.000,0,0,0.000,0.000,0,0,0,0,0.278,0.663,0.059,1,0,0,disabled,23,1,1,62,139,62,61,16,104,104,1,3,decoder-sync-observed,0,,0,0,18.509,22.853,0,,0.000,0.000,0.000,0.000,0,0,0,,21,0,0,4.686,0,577,0.065,0.000,0.000,0.065,0.000,0.046,0.006,1,1,1,1,0,1,1,0,0,0,0,0,1.000,0.000,0.000,30,0,0.000,0,0,0,0.000,0.000,0.000,0.000,0.000,0.000,0.000,2.110,9.929,0,0,0,0,0,0,0,0,0.000,0.000,0.000,0.000,0.000,0.000,0,0.095,21.850,425,429,1968,41.072,168.942,18.312,168.942,786.569,13,1,H.264,111.761,0,0,167.968,168.221,0.996,88.783,110.754,arrival-gap-jitter-spike,20300.458,0,1,1,1,1,21087.027,322.588,323.555,326.080,326.080,1,0,5,0,0,5,0,,,147.891,150.768,539,1,decoded,0,0,0,0,0,0,0,0,0,0,,107.495,0.000,110.194,0.000,0.000,0.000,132.302,stale-before-upload,0.001,574,0.000,113.627,3.343,0.081,1.013,0.760,0.000,0.253,1,0,0,1,3,0.062,21.839,21.850,4.636,21.879,1.000,Loss,0,1,0,0.500,2,1,1,1,0.060,0.000,0.060,0,100,0,16573,15562,961,0,955
22.088,Custom_loss6_delay0-100_dup0_reorder6_burst0,Loopback,1,1,0,,,0.000,0,21,602,15.921,15.921,15.809,94.578,102.141,74.752,58.686,46.920,0.062,0.234,16304,1071,15285,14214,2120,1324,130,583,513,70,83,0,14214,453,138,0,0,0,0,5.000,0,0,0,0,0,0,0,0,0,0,0,0,0,0,0,0.000,0.000,0.000,,451,451,2068,0,1,14.778,167.968,15.892,168.221,0.000,0.000,447,443,8432,523,137,0,1533,2374,604,1,fec-parity,pending,H.264,0,1,24,5,19,2,0,0,0,0,0,0,17359,9,0,0,0,0,0,22.199,85,130,70,65,70,0,65.571,28.560,110.456,1,0,286,18,304,0,82,17,0.395,0.605,0.941,1.000,0.172,42.000,0.333,0.667,0.000,insufficient-sample,723,6651,0,0,471,6262,1533,15686,251,386,1,3,15681,predicted-useful,fec-grace,2526,0.000,123,304,0,0,0,0,0,15,16,15,16,120,1972,120,1972,0,0,0,pacing,1,0.819,8.370,116.370,0,0,15,16,0,0,0,0,1988,1912,87,0,1,9500000,1200000,0,0,0,17358,17358,21281415,933,1147526,540,670056,0,0,0,0,0,16.701,39.517,6625.062,4800.000,890,31559,16276,6796,15283,8487,0.295,26.738,0.014,890,5745451,8495598,0.985,22.002,0.540,19.479,31559,1533,444,15686,322,1199,12,136,136,255,20,39,1,5,15,0,0,0,114,2,1,0,4,2928,2374,2374,0,0,0,0,0,,disabled,,0,0,0,0,,1,Fixed Quality,Hybrid,85,30,9500,12000,640,360,H.264,480,270,518400,28178,518400,28178,0.054,0.000,,0,0,0.000,1.793,0.000,0.000,0.064,7250,6750,6750,13,13,0,1,9500,1.000,0,16.701,0.000,0,0,0.000,0.000,0,0,0,0,0.280,0.661,0.059,1,0,0,disabled,24,0,0,65,146,65,62,19,109,109,0,3,large-au-observed,0,,0,0,19.465,23.729,0,,0.000,0.000,0.000,0.000,0,0,0,,22,0,0,4.150,0,604,0.063,0.000,0.000,0.063,0.000,0.043,0.006,1,1,1,1,0,1,1,0,0,0,1,0,0.860,28.896,0.000,26,0,0.000,0,0,0,0.000,0.000,0.000,0.000,0.000,0.000,0.000,1.722,29.570,0,0,0,0,0,0,0,0,0.000,0.000,0.000,0.000,0.000,0.000,0,0.083,15.921,447,451,2068,15.739,168.942,18.312,168.942,786.569,13,1,H.264,111.761,0,0,167.968,168.221,0.996,88.783,110.754,arrival-gap-jitter-spike,21301.174,0,1,1,1,1,22087.743,322.588,323.555,326.080,326.080,1,0,5,0,0,5,0,,,147.891,150.768,539,1,decoded,0,0,0,0,0,0,0,0,0,0,,104.253,0.000,107.008,5.770,0.000,104.027,132.289,stale-before-upload,0.000,601,0.000,114.852,5.527,0.075,0.839,0.523,0.000,0.316,1,0,0,1,3,0.062,15.921,15.921,46.920,15.809,1.000,Jitter,0,1,0,0.000,1,2,2,1,0.060,0.000,0.060,0,100,0,17380,16332,1003,0,1010
23.094,Custom_loss6_delay0-100_dup0_reorder6_burst0,Loopback,1,1,0,,,0.000,0,21,626,17.767,15.768,13.809,111.593,101.924,23.016,57.065,21.444,0.062,0.238,16996,1114,15928,14814,2217,1375,138,618,544,74,86,0,14814,471,147,0,0,0,0,5.000,0,0,0,0,0,0,0,0,0,0,0,0,0,0,0,0.000,0.000,0.000,,468,468,2157,0,1,33.987,167.968,34.841,168.221,0.000,0.000,464,460,8802,545,145,0,1598,2475,630,1,fec-recovered,pending,H.264,0,1,22,14,8,4,2,1,1,10,0,0,18075,18,0,0,0,0,0,62.504,88,138,74,69,74,0,65.492,27.974,110.456,1,0,301,19,320,0,85,17,0.389,0.611,0.941,1.000,0.167,44.000,0.000,1.000,0.000,insufficient-sample,759,6917,0,0,492,6502,1598,16203,266,412,1,3,16196,predicted-useful,fec-grace,2634,0.455,129,320,0,0,0,0,0,16,17,16,17,126,2065,126,2065,0,0,0,pacing,1,0.835,10.004,118.004,0,0,16,17,0,0,0,0,2082,1994,91,1,1,9500000,1200000,0,0,0,18090,18090,22182858,977,1202004,565,701196,0,0,0,0,0,17.765,39.517,10768.688,4800.000,929,32910,16990,7039,15920,8881,0.293,33.560,0.000,929,5553900,8745426,1.314,7.254,0.479,14.914,32910,1598,461,16203,340,1244,14,144,144,270,21,41,2,5,16,0,0,0,121,2,1,0,4,3055,2475,2475,0,0,0,0,0,,disabled,,0,0,0,0,,1,Fixed Quality,Hybrid,85,30,9500,12000,640,360,H.264,480,270,518400,26096,518400,26096,0.050,0.000,,0,0,0.000,1.750,0.000,0.000,0.075,7000,6250,6250,14,14,0,1,9500,0.967,1,17.765,0.000,0,0,0.000,0.000,0,0,0,0,0.275,0.666,0.059,1,0,0,fixed-pacing-queue-hold,22,0,0,69,153,69,65,19,115,115,0,3,large-au-observed,0,,0,0,12.099,21.976,0,,0.000,0.000,0.000,0.000,0,0,0,,23,0,0,5.769,0,631,0.075,0.000,0.000,0.074,0.000,0.052,0.007,1,1,1,1,0,1,1,0,0,0,1,0,0.860,63.057,0.000,24,0,0.000,0,0,0,0.000,0.000,0.000,0.000,0.000,0.000,0.000,1.668,9.660,0,0,0,0,0,0,0,0,0.000,0.000,0.000,0.000,0.000,0.000,0,0.084,15.768,464,468,2157,34.953,168.942,18.312,168.942,786.569,13,1,H.264,111.761,0,0,167.968,168.221,0.996,88.783,110.754,arrival-gap-jitter-spike,22307.244,0,1,1,1,1,23093.813,322.588,323.555,326.080,326.080,1,0,6,0,0,6,1,latency-pressure freshness,latency-over-80ms,129.801,150.768,604,1,decoded,0,0,0,0,0,0,0,0,0,0,,99.722,0.000,102.396,0.000,0.000,0.000,135.797,stale-before-upload,0.001,626,0.000,104.318,1.965,0.072,0.980,0.671,0.000,0.309,1,0,0,1,3,0.062,17.767,15.768,21.444,13.809,1.000,Loss,0,1,0,0.000,1,1,1,1,0.060,0.000,0.060,0,100,0,18113,17028,1056,0,1053
24.095,Custom_loss6_delay0-100_dup0_reorder6_burst0,Loopback,1,1,0,,,0.000,0,21,655,23.184,23.174,19.956,104.292,101.985,21.218,55.506,27.229,0.062,0.239,17712,1179,16620,15441,2310,1437,145,637,563,74,91,0,15441,490,154,0,0,0,0,5.000,0,0,0,0,0,0,0,0,0,0,0,0,0,0,0,0.000,0.000,0.000,,487,487,2255,0,1,14.713,167.968,15.904,168.221,0.000,0.000,483,479,9184,564,152,0,1661,2583,657,1,retransmit-duplicate,pending,H.264,0,1,23,18,5,3,1,1,6,12,0,1,18875,1,18875,1,18875,1,1,69.315,92,145,74,69,74,0,65.492,27.974,110.456,1,0,312,19,331,0,87,18,0.388,0.612,0.943,1.000,0.171,43.000,0.000,1.000,1.000,insufficient-sample,799,7221,0,0,514,6779,1661,16757,284,439,1,3,16750,predicted-useful,fec-grace,2741,0.522,134,331,0,0,0,0,0,17,18,17,18,131,2143,131,2143,0,0,0,pacing,1,0.792,3.996,111.996,0,0,17,18,0,0,0,0,2161,2075,94,0,1,9500000,1200000,0,0,0,18881,18881,23156374,1017,1251348,589,731092,0,0,0,0,0,15.475,39.517,6888.562,4800.000,970,34331,17711,7440,16620,9180,0.296,38.678,0.000,970,5175863,8204022,1.027,5.444,0.497,17.461,34331,1661,480,16757,352,1295,14,151,151,288,23,45,2,5,18,0,0,0,126,2,1,0,4,3189,2583,2583,0,0,0,0,0,,disabled,,0,0,0,0,,1,Fixed Quality,Hybrid,85,30,9500,12000,640,360,H.264,480,270,518400,27136,518400,27136,0.052,0.000,,0,0,0.000,1.760,0.000,0.000,0.070,7250,6500,6500,15,15,0,1,9500,1.000,0,16.328,0.000,0,0,0.000,0.000,0,0,0,0,0.000,1.000,0.000,1,0,0,disabled,23,0,0,73,158,73,66,19,119,119,0,3,large-au-observed,0,,0,0,22.050,22.851,0,,0.000,0.000,0.000,0.000,0,0,0,,24,0,0,5.748,0,659,0.070,0.000,0.000,0.070,0.000,0.049,0.007,1,1,1,1,0,1,1,0,0,0,0,0,1.000,0.000,0.000,30,0,0.000,0,0,0,0.000,0.000,0.000,0.000,0.000,0.000,0.000,1.684,17.831,0,0,0,0,0,0,0,0,0.000,0.000,0.000,0.000,0.000,0.000,0,0.091,23.174,483,487,2255,15.700,168.942,18.312,168.942,786.569,13,1,H.264,111.761,0,0,167.968,168.221,0.996,88.783,110.754,arrival-gap-jitter-spike,23308.123,0,1,1,1,1,24094.692,322.588,323.555,326.080,326.080,1,0,6,0,0,6,0,,,129.801,150.768,604,1,decoded,0,0,0,0,0,0,0,0,0,0,,107.281,0.000,109.979,0.000,0.000,0.000,132.146,stale-before-upload,0.001,655,0.000,115.420,5.346,0.079,0.922,0.693,0.000,0.229,1,0,0,1,3,0.062,23.184,23.174,27.229,19.956,1.000,Loss,0,1,0,0.000,3,1,1,1,0.060,0.000,0.060,0,100,0,18905,17742,1108,0,1100
25.101,Custom_loss6_delay0-100_dup0_reorder6_burst0,Loopback,1,1,0,,,0.000,0,21,684,22.438,22.443,21.411,101.616,101.910,54.788,55.476,2.677,0.062,0.238,18444,1225,17304,16079,2420,1498,153,674,595,79,95,0,16079,513,160,0,0,0,0,5.000,0,0,0,0,0,0,0,0,0,0,0,0,0,0,0,0.000,0.000,0.000,,510,510,2348,0,1,40.977,167.968,41.890,168.221,0.000,0.000,505,501,9584,592,158,0,1725,2700,685,1,nack-sent,pending,H.264,0,1,22,13,9,3,2,2,2,21,0,0,19601,0,0,0,0,0,0,69.240,96,153,79,72,79,0,64.698,28.248,110.456,1,0,329,19,348,0,89,19,0.386,0.614,0.945,1.000,0.176,41.000,0.000,1.000,0.000,duplicate-guard,837,7529,0,0,536,7059,1725,17353,300,467,1,3,17345,predicted-useful,likely-arrival,2853,0.000,142,348,0,0,0,0,0,17,18,17,18,138,2256,138,2256,0,0,0,pacing,1,0.746,8.114,116.114,0,0,17,18,0,0,0,0,2274,2156,98,0,1,9500000,1200000,8,0,8,19660,19652,24103727,1040,1279072,591,733588,0,0,0,0,0,1.629,39.517,990.875,4800.000,1009,35735,18443,7744,17292,9548,0.296,1.326,0.896,1009,4786010,7878336,1.091,11.069,0.454,11.983,35735,1724,502,17344,368,1342,14,157,157,304,25,50,1,6,19,0,0,0,130,2,1,0,4,3324,2700,2700,0,0,0,0,0,,disabled,,0,0,0,0,,1,Fixed Quality,Hybrid,85,30,9500,12000,640,360,H.264,480,270,518400,26096,518400,26096,0.050,0.000,,0,0,0.000,1.801,0.000,0.000,0.079,6000,6250,6250,17,17,0,1,9500,0.820,1,14.409,0.000,0,0,0.000,0.000,0,0,0,0,0.276,0.670,0.055,1,0,0,latency-pressure-freshness-hold,22,0,0,77,167,77,70,20,125,125,0,3,large-au-observed,0,,0,0,16.314,21.976,0,,0.000,0.000,0.000,0.000,0,0,0,,25,0,0,8.077,0,687,0.078,0.000,0.000,0.078,0.000,0.054,0.007,1,1,1,1,0,1,1,0,0,0,0,0,1.000,0.000,0.000,27,0,0.000,0,0,0,0.000,0.000,0.000,0.000,0.000,0.000,0.000,1.711,11.985,0,0,0,0,0,0,0,0,0.000,0.000,0.000,0.000,0.000,0.000,0,0.086,22.444,505,510,2348,41.963,168.942,18.312,168.942,786.569,13,1,H.264,111.761,0,0,167.968,168.221,0.996,88.783,110.754,arrival-gap-jitter-spike,24314.518,0,1,1,1,1,25101.087,322.588,323.555,326.080,326.080,1,0,7,0,0,7,1,latency-pressure freshness,latency-over-80ms,149.687,150.768,662,1,H.264,0,0,0,0,0,0,0,0,0,0,,101.400,0.000,103.711,0.000,0.000,0.000,130.808,stale-before-decode,0.000,684,0.000,107.622,3.819,0.073,0.797,0.521,0.008,0.276,1,0,0,1,3,0.062,22.438,22.443,2.677,21.411,1.000,Loss,0,1,0,1.000,1,1,1,1,0.060,0.000,0.060,0,100,0,19677,18478,1153,0,1147
26.102,Custom_loss6_delay0-100_dup0_reorder6_burst0,Loopback,1,1,0,,,0.000,0,21,710,20.839,20.831,16.410,91.585,101.839,77.805,56.369,31.309,0.062,0.245,19157,1266,17962,16696,2522,1564,161,695,614,81,102,0,16696,528,171,0,0,0,0,5.000,0,0,0,0,0,0,0,0,0,0,0,0,0,0,0,0.000,0.000,0.000,,525,525,2444,0,1,47.777,172.632,48.989,173.491,0.000,0.000,520,516,9972,609,169,0,1795,2803,712,1,fec-parity,pending,H.264,0,1,23,8,15,2,0,0,0,0,0,0,20408,22,0,0,0,0,0,35.027,105,161,81,74,81,0,65.005,27.622,110.456,1,0,348,20,368,0,92,22,0.395,0.605,0.946,1.000,0.193,40.000,0.000,1.000,0.000,duplicate-guard,876,7802,0,0,556,7301,1795,17964,319,498,1,3,17956,predicted-useful,fec-grace,2966,0.652,150,368,0,0,0,0,0,17,18,17,18,146,2386,146,2386,0,0,0,pacing,1,0.846,8.605,116.605,0,0,17,18,0,0,0,0,2404,2246,102,0,1,9500000,1200000,5,0,5,20418,20413,25042109,1088,1338528,616,764432,0,0,0,0,0,5.128,39.517,850.375,4800.000,1048,37108,19152,8041,17956,9915,0.296,4.886,1.045,1048,5895301,8954460,1.550,13.459,0.445,18.442,37108,1795,517,17964,386,1395,14,168,168,320,27,53,2,7,20,0,0,0,139,2,1,0,4,3455,2803,2803,0,0,0,0,0,,disabled,,0,0,0,0,,1,Fixed Quality,Hybrid,85,30,9500,12000,640,360,H.264,480,270,518400,27136,518400,27136,0.052,0.000,,0,0,0.000,1.808,0.000,0.000,0.073,7250,6500,6500,18,18,0,1,9500,1.000,0,12.972,0.000,0,0,0.000,0.000,0,0,0,0,0.285,0.660,0.054,1,0,0,disabled,23,0,0,81,175,81,74,20,131,131,0,3,large-au-observed,0,,0,0,16.611,22.851,0,,0.000,0.000,0.000,0.000,0,0,0,,26,0,0,5.533,0,713,0.073,0.000,0.000,0.072,0.000,0.049,0.007,1,1,1,1,0,1,1,0,0,0,0,0,1.000,0.000,0.000,30,0,0.000,0,0,0,0.000,0.000,0.000,0.000,0.000,0.000,0.000,1.727,9.601,0,0,0,0,0,0,0,0,0.000,0.000,0.000,0.000,0.000,0.000,0,0.083,20.831,520,525,2444,48.895,173.625,18.312,173.625,25553.268,697,1,H.264,82.815,0,0,172.632,173.491,0.999,128.924,81.819,arrival-gap-jitter-spike,548.382,0,1,1,1,1,26101.650,322.588,323.555,326.080,326.080,1,0,7,0,0,7,0,,,149.687,150.768,662,1,H.264,0,0,0,0,0,0,0,0,0,0,,99.205,0.000,101.935,0.000,0.000,0.000,125.792,stale-before-decode,0.001,710,0.000,106.558,4.529,0.081,0.631,0.406,0.000,0.225,1,0,0,1,3,0.062,20.839,20.831,31.309,16.410,1.000,RecoveryDeadline,1,1,0,0.000,2,3,3,1,0.060,0.000,0.060,0,100,0,20439,19189,1201,0,1192
27.108,Custom_loss6_delay0-100_dup0_reorder6_burst0,Loopback,1,1,0,,,0.000,0,21,739,21.960,19.954,20.818,88.040,101.879,21.152,55.015,15.743,0.062,0.242,19924,1328,18692,17364,2620,1627,169,717,632,85,107,0,17364,551,176,0,0,0,0,5.000,0,0,0,0,0,0,0,0,0,0,0,0,0,0,0,0.000,0.000,0.000,,547,547,2543,0,1,58.336,172.632,59.369,173.491,0.000,0.000,542,537,10366,636,173,0,1865,2912,741,1,fec-parity,pending,H.264,0,1,24,2,22,1,0,0,0,0,0,0,21234,6,0,0,0,0,0,10.888,112,169,85,78,85,0,64.716,27.693,110.456,1,0,367,21,388,0,101,23,0.399,0.601,0.946,1.000,0.185,38.000,0.167,0.833,0.000,duplicate-guard,910,8119,0,0,576,7595,1865,18702,333,521,1,3,18694,predicted-useful,fec-grace,3085,0.000,160,388,0,0,0,0,0,17,18,17,18,156,2552,156,2552,0,0,0,pacing,1,0.789,10.867,118.867,0,0,17,18,0,0,0,0,2570,2330,106,0,1,9500000,1200000,3,0,3,21231,21228,26043433,1137,1399070,642,796808,0,0,0,0,0,7.949,39.517,509.000,4800.000,1089,38578,19908,8385,18670,10285,0.296,2.141,1.300,1089,5209431,8148380,0.946,-0.564,0.473,19.315,38578,1865,540,18702,410,1441,14,172,172,325,28,54,1,8,20,0,0,0,142,2,1,0,4,3590,2912,2912,0,0,0,0,0,,disabled,,0,0,0,0,,1,Fixed Quality,Hybrid,85,30,9500,12000,640,360,H.264,480,270,518400,28176,518400,28176,0.054,0.000,,0,0,0.000,1.843,0.000,0.000,0.076,7250,6750,6750,19,19,0,1,9500,1.000,0,13.850,0.000,0,0,0.000,0.000,0,0,0,0,0.289,0.657,0.054,1,0,0,disabled,24,0,0,85,186,85,79,22,139,139,0,4,large-au-observed,0,,0,0,17.540,23.727,0,,0.000,0.000,0.000,0.000,0,0,0,,27,0,0,10.381,0,741,0.076,0.000,0.000,0.076,0.000,0.053,0.008,1,1,1,1,0,1,1,0,0,0,1,0,0.860,68.269,0.000,26,0,0.000,0,0,0,0.000,0.000,0.000,0.000,0.000,0.000,0.000,1.759,14.220,0,0,0,0,0,0,0,0,0.000,0.000,0.000,0.000,0.000,0.000,0,0.104,19.954,542,547,2543,59.511,173.625,18.312,173.625,25553.268,697,1,H.264,82.815,0,0,172.632,173.491,0.999,128.924,81.819,arrival-gap-jitter-spike,1554.668,0,1,1,1,1,27107.936,322.588,323.555,326.080,326.080,1,0,7,0,0,7,0,,,149.687,150.768,662,1,H.264,0,0,0,0,0,0,0,0,0,0,,101.866,0.000,104.608,1.287,0.000,93.314,124.020,stale-before-decode,0.001,737,0.000,112.550,4.653,0.075,0.964,0.727,0.000,0.237,1,0,0,1,3,0.062,21.960,19.954,15.743,20.818,1.000,RecoveryDeadline,0,1,0,2.000,1,2,2,1,0.060,0.000,0.060,0,100,0,21255,19957,1256,0,1232
28.108,Custom_loss6_delay0-100_dup0_reorder6_burst0,Loopback,1,1,0,,,0.000,0,21,761,21.566,19.614,21.129,108.775,102.010,28.061,54.017,23.737,0.062,0.246,20737,1376,19452,18076,2717,1690,176,736,650,86,115,0,18076,570,186,0,0,0,0,5.000,0,0,0,0,0,0,0,0,0,0,0,0,0,0,0,0.000,0.000,0.000,,565,565,2640,0,1,21.337,172.632,22.633,173.491,0.000,0.000,560,556,10764,656,182,0,1941,3022,768,1,fec-recovered,pending,H.264,0,1,24,15,9,2,1,1,1,11,0,0,22078,21,0,0,0,0,0,56.869,120,176,86,79,86,0,64.653,27.826,110.456,1,0,383,24,407,0,106,23,0.405,0.595,0.941,1.000,0.178,45.000,0.400,0.600,0.000,duplicate-guard,943,8400,0,0,596,7858,1941,19490,346,539,1,3,19482,predicted-useful,fec-grace,3206,0.458,167,407,0,0,0,0,0,17,18,17,18,163,2670,163,2670,0,0,0,pacing,1,0.819,9.601,117.601,0,0,17,18,0,0,0,0,2688,2425,110,0,1,9500000,1200000,0,0,0,22090,22090,27099703,1186,1459452,669,830444,0,0,0,0,0,19.370,39.517,7937.250,4800.000,1134,40168,20720,8778,19448,10670,0.298,20.307,0.670,1134,6815204,10342230,0.490,6.909,0.503,18.826,40168,1941,559,19490,431,1496,14,181,181,346,29,56,2,8,21,0,0,0,150,2,1,0,4,3725,3022,3022,0,0,0,0,0,,disabled,,0,0,0,0,,1,Fixed Quality,Hybrid,85,30,9500,12000,640,360,H.264,480,270,518400,0,518400,28178,0.054,0.000,,0,0,0.000,0.007,0.000,0.000,0.004,7250,6750,6750,19,19,0,1,9500,1.000,0,19.370,0.000,0,0,0.000,0.000,0,0,0,0,0.295,0.646,0.059,1,0,0,disabled,0,0,0,89,193,89,82,22,146,146,0,4,async-output-pending,0,,0,0,0.000,0.000,0,,0.000,0.000,0.000,0.000,0,0,0,,28,0,0,0.000,1,0,0.000,0.000,0.000,0.000,0.000,0.000,0.000,0,0,0,0,0,0,0,0,1,1,1,1,0.860,180.000,1.500,26,0,0.000,0,0,0,0.000,0.000,0.000,0.000,0.000,0.000,0.000,0.000,6.765,0,0,0,0,0,0,0,0,0.000,0.000,0.000,0.000,0.000,0.000,0,0.082,19.614,560,565,2640,22.298,173.625,18.312,173.625,25553.268,697,1,H.264,82.815,0,0,172.632,173.491,0.999,128.924,81.819,arrival-gap-jitter-spike,2555.418,0,1,1,1,1,28108.686,322.588,323.555,326.080,326.080,1,0,7,0,0,7,0,,,149.687,150.768,662,1,H.264,0,0,0,0,0,0,0,0,0,0,,106.632,0.000,109.634,0.000,0.000,0.000,134.387,stale-before-decode,0.001,761,0.000,113.575,3.832,0.074,0.878,0.527,0.000,0.351,1,0,0,1,3,0.062,21.566,19.614,23.737,21.129,2.000,RecoveryDeadline,0,1,0,0.000,2,2,2,1,0.060,0.000,0.060,0,100,0,22118,20772,1309,0,1294
29.110,Custom_loss6_delay0-100_dup0_reorder6_burst0,Loopback,1,1,0,,,0.000,0,21,794,18.702,18.699,18.723,99.048,102.127,75.505,54.784,23.609,0.062,0.246,21487,1431,20166,18735,2815,1747,179,770,681,89,119,0,18735,590,193,0,0,0,0,5.000,0,0,0,0,0,0,0,0,0,0,0,0,0,0,0,0.000,0.000,0.000,,585,585,2729,0,1,28.798,214.404,29.862,215.403,0.000,0.000,580,576,11165,679,189,0,2009,3135,796,1,fec-parity,pending,H.264,0,1,24,3,21,3,0,0,0,0,0,0,22879,0,0,0,0,0,0,15.022,124,179,89,82,89,0,65.049,27.137,110.456,1,0,393,24,417,0,108,23,0.409,0.591,0.942,1.000,0.176,44.000,0.000,0.000,0.000,insufficient-sample,987,8698,0,0,616,8119,2009,20145,370,576,1,3,20135,deferred-likely-arrival,likely-arrival,3317,0.000,171,417,0,0,0,0,0,17,18,17,18,167,2734,167,2734,0,0,0,pacing,1,0.787,12.583,120.583,0,0,17,18,0,0,0,0,2752,2511,114,0,1,9500000,1200000,11,0,11,22910,22899,28091163,1226,1508636,694,861584,0,0,0,0,0,0.940,39.517,1180.375,4800.000,1172,41629,21472,9027,20157,11130,0.296,5.253,1.098,1172,5398657,9025092,1.822,15.016,0.480,16.455,41629,2009,579,20145,449,1546,14,188,188,364,30,60,4,8,22,0,0,0,156,2,1,0,4,3864,3135,3135,0,0,0,0,0,,disabled,,0,0,0,0,,1,Fixed Quality,Hybrid,85,30,9500,12000,640,360,H.264,480,270,518400,28178,518400,28178,0.054,0.000,,0,0,0.000,2.042,0.000,0.000,0.083,7250,6750,6750,19,19,0,1,9500,1.000,0,15.772,0.000,0,0,0.000,0.000,0,0,0,0,0.297,0.645,0.058,1,0,0,disabled,24,0,0,93,202,93,85,24,152,152,0,4,large-au-observed,0,,0,0,17.739,23.729,0,,0.000,0.000,0.000,0.000,0,0,0,,29,0,0,5.534,0,797,0.083,0.000,0.000,0.083,0.000,0.058,0.008,1,1,1,1,0,1,1,0,0,0,1,0,0.860,67.533,0.000,26,0,0.000,0,0,0,0.000,0.000,0.000,0.000,0.000,0.000,0.000,1.951,9.678,0,0,0,0,0,0,0,0,0.000,0.000,0.000,0.000,0.000,0.000,0,0.087,18.700,580,585,2729,29.713,215.401,18.312,215.401,28129.683,767,1,H.264,123.591,0,0,214.404,215.403,1.000,169.033,122.586,arrival-gap-jitter-spike,980.431,0,1,1,1,1,29110.114,322.588,323.555,326.080,326.080,1,0,7,0,0,7,0,,,149.687,150.768,662,1,H.264,0,0,0,0,0,0,0,0,0,0,,107.326,0.000,110.108,0.000,0.000,0.000,129.524,stale-before-decode,0.001,794,0.000,114.290,4.085,0.076,0.593,0.307,0.000,0.285,1,0,0,1,3,0.062,18.702,18.699,23.609,18.723,1.000,Jitter,1,1,0,0.000,1,2,2,1,0.060,0.000,0.060,0,100,0,22928,21525,1362,0,1339
30.114,Custom_loss6_delay0-100_dup0_reorder6_burst0,Loopback,1,1,0,,,0.000,0,21,821,21.562,21.562,21.609,94.644,102.248,64.891,55.133,85.722,0.063,0.249,22290,1490,20924,19434,2917,1808,188,798,701,97,123,0,19434,609,202,0,0,0,0,5.000,0,0,0,0,0,0,0,0,0,0,0,0,0,0,0,0.000,0.000,0.000,,603,603,2830,0,1,138.358,214.404,139.348,215.403,0.000,0.000,598,594,11572,706,197,0,2080,3247,824,1,nack-suppressed-fec-grace,pending,H.264,0,1,24,8,16,2,0,0,0,0,0,0,23759,17,0,0,0,0,0,48.091,127,188,97,90,97,0,64.686,27.315,110.456,1,0,413,26,439,0,113,23,0.403,0.597,0.941,1.000,0.169,45.000,0.111,0.889,0.000,duplicate-guard,1019,8997,0,0,638,8399,2080,20783,380,595,1,3,20771,predicted-useful,fec-grace,3433,0.708,179,439,0,0,0,0,0,17,18,17,18,175,2860,175,2860,0,0,0,pacing,1,0.732,8.278,116.278,0,0,17,18,0,0,0,0,2878,2599,118,0,1,9500000,1200000,0,0,0,23772,23772,29160519,1278,1572750,720,893968,0,0,0,0,0,15.190,39.517,5232.125,4800.000,1216,43202,22285,9392,20917,11525,0.296,35.869,0.058,1216,9053240,25716429,1.322,9.890,0.434,15.867,43202,2080,598,20783,470,1596,14,196,196,381,30,60,4,8,22,0,0,0,164,2,1,0,4,4009,3247,3247,0,0,0,0,0,,disabled,,0,0,0,0,,1,Fixed Quality,Hybrid,85,30,9500,12000,640,360,H.264,480,270,518400,0,518400,28178,0.054,0.000,,0,0,0.000,4.722,0.000,4.048,0.650,7250,6750,6750,19,19,0,1,9500,1.000,0,15.190,0.000,0,0,0.000,0.000,0,0,0,0,0.289,0.651,0.059,1,0,0,disabled,0,0,0,97,209,97,88,24,159,159,0,4,async-output-pending,0,,0,0,0.000,0.000,0,,14.966,11011.188,39583.333,0.000,0,0,0,,30,0,0,0.000,1,0,0.640,0.158,0.481,0.000,0.000,0.000,0.000,0,0,1,1,1,0,0,1,1,0,0,0,1.000,0.000,0.000,30,0,0.000,0,0,0,0.000,0.000,0.000,0.000,0.000,0.000,0.000,0.000,17.520,0,0,0,0,0,0,0,0,0.000,0.000,0.000,0.000,0.000,0.000,0,0.092,21.562,598,603,2830,139.379,215.401,18.312,215.401,28129.683,767,1,H.264,123.591,0,0,214.404,215.403,1.000,169.033,122.586,arrival-gap-jitter-spike,1984.930,0,1,1,1,1,30114.613,322.588,323.555,326.080,326.080,1,0,7,0,0,7,0,,,149.687,150.768,662,1,H.264,0,0,0,0,0,0,0,0,0,0,,105.105,0.000,107.994,0.000,0.000,0.000,132.322,stale-before-decode,0.001,821,0.000,112.978,4.871,0.081,0.798,0.572,0.000,0.226,1,0,0,1,3,0.063,21.562,21.562,85.722,21.609,2.000,RecoveryDeadline,0,1,0,0.000,1,1,1,1,0.060,0.000,0.060,0,100,0,23802,22332,1423,0,1388
31.115,Custom_loss6_delay0-100_dup0_reorder6_burst0,Loopback,1,1,0,,,0.000,0,21,851,24.943,24.937,24.985,104.307,102.404,84.254,56.103,17.133,0.062,0.245,23059,1517,21619,20102,3010,1866,199,821,721,100,124,0,20102,634,206,0,0,0,0,5.000,0,0,0,0,0,0,0,0,0,0,0,0,0,0,0,0.000,0.000,0.000,,628,628,2924,0,1,21.753,214.404,22.958,215.403,0.000,0.000,622,617,11969,734,201,0,2149,3358,851,1,completed,completed,H.264,0,1,24,24,0,4,4,2,5,14,0,0,24553,10,0,0,0,0,0,89.972,130,199,100,93,100,0,64.882,26.936,110.456,1,0,430,29,459,0,117,23,0.395,0.605,0.937,1.000,0.164,45.000,0.143,0.857,0.000,duplicate-guard,1055,9259,0,0,657,8637,2149,21436,397,619,1,3,21423,predicted-useful,fec-grace,3549,0.000,187,459,0,0,0,0,0,17,18,17,18,183,2989,183,2989,0,0,0,pacing,1,0.770,8.728,116.728,0,0,17,18,0,0,0,0,3007,2681,122,0,1,9500000,1200000,0,0,0,24552,24552,30114680,1328,1634374,745,925116,0,0,0,0,0,0.292,39.517,13663.438,4800.000,1256,44649,23037,9747,21612,11865,0.297,7.135,1.323,1256,6692433,10058725,1.240,11.785,0.382,9.816,44649,2149,623,21436,491,1644,14,200,200,390,30,60,4,8,22,0,0,0,168,2,1,0,4,4144,3358,3358,0,0,0,0,0,,disabled,,0,0,0,0,,1,Fixed Quality,Hybrid,85,30,9500,12000,640,360,H.264,480,270,518400,7708,518400,7708,0.015,0.000,,0,0,0.000,0.638,0.000,0.000,0.065,6000,6250,6250,20,20,0,1,9500,0.820,1,10.363,0.000,0,0,0.000,0.000,0,0,0,0,0.283,0.654,0.063,1,0,0,latency-pressure-freshness-hold,7,0,0,101,221,101,93,27,166,166,0,4,none,0,,0,0,0.032,6.491,0,,0.000,0.000,0.000,0.000,0,0,0,,31,0,0,5.918,0,853,0.064,0.000,0.000,0.064,0.000,0.044,0.005,1,1,1,1,0,1,1,0,0,0,1,0,0.860,140.372,0.000,26,0,0.000,0,0,0,0.000,0.000,0.000,0.000,0.000,0.000,0.000,0.567,30.675,0,0,0,0,0,0,0,0,0.000,0.000,0.000,0.000,0.000,0.000,0,0.086,24.937,622,628,2924,22.707,215.401,18.312,215.401,28129.683,767,1,H.264,123.591,0,0,214.404,215.403,1.000,169.033,122.586,arrival-gap-jitter-spike,2985.890,0,1,1,1,1,31115.573,322.588,323.555,326.080,326.080,1,0,8,0,0,8,1,latency-pressure freshness,latency-over-80ms,156.716,156.716,846,1,H.264,0,0,0,0,0,0,0,0,0,0,,109.554,0.000,108.333,5.954,0.000,114.087,132.154,stale-before-decode,0.001,850,0.000,113.325,4.817,0.072,1.089,0.635,0.000,0.454,1,0,0,1,3,0.062,24.943,24.937,17.133,24.985,1.000,Loss,0,1,0,1.000,1,1,1,1,0.060,0.000,0.060,0,100,0,24583,23098,1473,0,1419
32.118,Custom_loss6_delay0-100_dup0_reorder6_burst0,Loopback,1,1,0,,,0.000,0,21,876,16.024,16.021,15.931,88.672,102.263,78.042,56.811,5.671,0.062,0.249,23703,1570,22232,20662,3091,1919,203,839,733,106,130,0,20662,649,215,0,0,0,0,5.000,0,0,0,0,0,0,0,0,0,0,0,0,0,0,0,0.000,0.000,0.000,,643,643,3020,0,1,55.857,214.404,56.734,215.403,0.000,0.000,637,633,12306,755,210,0,2206,3443,878,1,fec-recovered,pending,H.264,0,1,22,21,1,4,2,2,10,23,0,0,25224,11,0,0,0,0,0,90.098,133,203,106,99,106,0,64.153,27.525,110.456,1,0,443,29,472,0,121,24,0.396,0.604,0.939,1.000,0.166,45.000,0.000,1.000,0.000,duplicate-guard,1093,9480,0,0,676,8822,2206,21883,416,655,1,3,21870,predicted-useful,fec-grace,3644,0.500,192,472,0,0,0,0,0,18,19,18,19,188,3068,188,3068,0,0,0,pacing,1,0.832,7.727,115.727,0,0,18,19,0,0,0,0,3087,2754,126,0,1,9500000,1200000,1,0,1,25265,25264,30993986,1369,1685122,769,955020,0,0,0,0,0,7.831,39.517,471.062,4800.000,1290,45901,23673,10016,22228,12212,0.297,12.862,1.819,1290,4759530,7535062,1.679,8.185,0.516,11.391,45901,2206,637,21883,509,1682,15,209,209,406,31,62,2,8,23,0,0,0,175,3,1,0,4,4264,3443,3443,0,0,0,0,0,,disabled,,0,0,0,0,,1,Fixed Quality,Hybrid,85,30,9500,12000,640,360,H.264,480,270,518400,26096,518400,26096,0.050,0.000,,0,0,0.000,1.813,0.000,0.000,0.126,6250,6250,6250,20,20,0,1,9500,0.885,1,7.831,0.000,0,0,0.000,0.000,0,0,0,0,0.282,0.657,0.061,1,0,0,fixed-pacing-queue-hold,22,0,0,105,231,105,99,27,172,172,0,4,large-au-observed,0,,0,0,11.584,21.976,0,,0.000,0.000,0.000,0.000,0,0,0,,32,0,0,10.951,0,880,0.125,0.000,0.000,0.125,0.000,0.081,0.011,1,1,1,1,0,1,1,0,0,0,1,0,0.860,141.180,0.000,26,0,0.000,0,0,0,0.000,0.000,0.000,0.000,0.000,0.000,0.000,1.675,17.742,0,0,0,0,0,0,0,0,0.000,0.000,0.000,0.000,0.000,0.000,0,0.114,16.021,637,643,3020,57.066,215.401,18.312,215.401,28129.683,767,1,H.264,123.591,0,0,214.404,215.403,1.000,169.033,122.586,arrival-gap-jitter-spike,3988.588,0,1,1,1,1,32118.271,322.588,323.555,326.080,326.080,1,0,8,0,0,8,0,,,156.716,156.716,846,1,H.264,0,0,0,0,0,0,0,0,0,0,,99.459,0.000,101.949,0.000,0.000,0.000,124.336,stale-before-decode,0.001,876,0.000,106.268,4.176,0.082,0.286,0.003,0.000,0.283,1,0,0,1,3,0.062,16.024,16.021,5.671,15.931,2.000,RecoveryDeadline,0,1,0,0.000,3,1,1,1,0.060,0.000,0.060,0,100,0,25296,23748,1509,0,1471
33.122,Custom_loss6_delay0-100_dup0_reorder6_burst0,Loopback,1,1,0,,,0.000,0,21,904,23.293,23.287,23.354,102.518,102.253,92.439,57.924,29.870,0.063,0.248,24429,1635,22925,21290,3191,1964,217,879,767,112,131,0,21290,670,221,0,0,0,0,5.000,0,0,0,0,0,0,0,0,0,0,0,0,0,0,0,0.000,0.000,0.000,,664,664,3114,0,1,71.757,214.404,72.801,215.403,0.000,0.000,658,653,12691,782,217,0,2269,3551,905,1,fec-parity,pending,H.264,0,1,23,14,9,3,0,1,3,12,0,0,26034,22,0,0,0,0,0,62.199,136,217,112,105,112,0,64.279,27.578,110.456,2,0,467,30,497,0,125,25,0.385,0.615,0.940,1.000,0.167,39.000,0.182,0.818,0.333,retransmit-late,1126,9705,0,0,694,9022,2269,22487,431,680,1,3,22473,predicted-useful,fec-grace,3754,0.000,201,497,0,0,0,0,0,19,20,19,20,197,3202,197,3202,0,0,0,pacing,1,0.808,7.160,115.160,0,0,19,20,0,0,0,0,3222,2832,130,0,1,9500000,1200000,7,0,7,26066,26059,31973540,1423,1751882,796,988648,0,0,0,0,0,5.050,39.517,503.625,4800.000,1330,47324,24408,10349,22916,12567,0.298,39.003,0.000,1330,5508522,8753296,1.607,9.428,0.488,21.518,47324,2269,658,22487,533,1721,15,215,215,416,34,67,1,9,25,0,0,0,178,3,1,0,4,4394,3551,3551,0,0,0,0,0,,disabled,,0,0,0,0,,1,Fixed Quality,Hybrid,85,30,9500,12000,640,360,H.264,480,270,518400,27136,518400,27136,0.052,0.000,,0,0,0.000,1.957,0.000,0.000,0.073,7250,6500,6500,21,21,0,1,9500,1.000,0,16.026,0.000,0,0,0.000,0.000,0,0,0,0,0.274,0.666,0.060,1,0,0,disabled,23,0,0,109,241,109,103,29,180,180,0,4,large-au-observed,0,,0,0,15.457,22.851,0,,0.000,0.000,0.000,0.000,0,0,0,,33,0,0,6.293,0,907,0.072,0.000,0.000,0.072,0.000,0.050,0.007,1,1,1,1,0,1,1,0,0,0,0,0,1.000,0.000,0.000,30,0,0.000,0,0,0,0.000,0.000,0.000,0.000,0.000,0.000,0.000,1.875,10.442,0,0,0,0,0,0,0,0,0.000,0.000,0.000,0.000,0.000,0.000,0,0.100,23.287,658,664,3114,72.777,215.401,18.312,215.401,28129.683,767,1,H.264,123.591,0,0,214.404,215.403,1.000,169.033,122.586,arrival-gap-jitter-spike,4991.948,0,1,1,1,1,33121.631,322.588,323.555,326.080,326.080,1,0,8,0,0,8,0,,,156.716,156.716,846,1,H.264,0,0,0,0,0,0,0,0,0,0,,101.247,0.000,104.058,0.536,0.000,107.159,131.259,stale-before-decode,0.000,902,0.000,108.987,5.417,0.075,0.784,0.526,0.000,0.258,1,0,0,1,3,0.063,23.293,23.287,29.870,23.354,1.000,RecoveryDeadline,0,1,0,1.000,2,2,2,1,0.060,0.000,0.060,0,100,0,26092,24471,1568,0,1514
34.128,Custom_loss6_delay0-100_dup0_reorder6_burst0,Loopback,1,1,0,,,0.000,0,21,932,22.797,23.992,23.688,98.837,102.325,47.470,57.608,23.011,0.062,0.246,25275,1667,23692,22025,3298,2030,224,910,793,117,134,0,22025,693,226,0,0,0,0,5.000,0,0,0,0,0,0,0,0,0,0,0,0,0,0,0,0.000,0.000,0.000,,687,687,3209,0,1,19.831,214.404,20.854,215.403,0.000,0.000,681,677,13105,810,222,0,2343,3666,934,1,nack-sent,pending,H.264,0,1,24,20,4,3,1,2,8,17,0,0,26904,17,0,0,0,0,0,75.433,138,224,117,110,117,0,64.171,27.374,110.456,2,0,481,32,513,0,128,25,0.381,0.619,0.938,1.000,0.163,45.000,0.286,0.714,0.000,duplicate-guard,1168,10037,0,0,717,9328,2343,23165,450,706,1,3,23151,predicted-useful,fec-grace,3875,0.542,207,513,0,0,0,0,0,19,20,19,20,203,3295,203,3295,0,0,0,pacing,1,0.776,9.251,117.251,0,0,19,20,0,0,0,0,3315,2922,134,0,1,9500000,1200000,2,0,2,26943,26941,33055344,1469,1808530,821,1019796,0,0,0,0,0,8.665,39.517,341.562,4800.000,1377,48964,25272,10699,23692,12993,0.297,1.598,0.836,1377,5917548,9229015,0.992,-1.452,0.394,15.326,48964,2342,681,23161,551,1776,15,220,220,424,34,67,1,9,25,0,0,0,183,3,1,0,4,4535,3666,3666,0,0,0,0,0,,disabled,,0,0,0,0,,1,Fixed Quality,Hybrid,85,30,9500,12000,640,360,H.264,480,270,518400,28178,518400,28178,0.054,0.000,,0,0,0.000,1.859,0.000,0.000,0.130,7250,6750,6750,22,22,0,1,9500,1.000,0,14.914,0.000,0,0,0.000,0.000,0,0,0,0,0.269,0.669,0.062,1,0,0,disabled,24,0,0,113,248,113,106,29,186,186,0,4,large-au-observed,0,,0,0,20.314,23.729,0,,0.000,0.000,0.000,0.000,0,0,0,,34,0,0,10.712,0,936,0.129,0.000,0.000,0.129,0.000,0.098,0.011,1,1,1,1,0,1,1,0,0,0,1,0,0.860,179.995,0.000,26,0,0.000,0,0,0,0.000,0.000,0.000,0.000,0.000,0.000,0.000,1.720,7.723,0,0,0,0,0,0,0,0,0.000,0.000,0.000,0.000,0.000,0.000,0,0.083,23.992,681,687,3209,20.832,215.401,18.312,215.401,28129.683,767,1,H.264,123.591,0,0,214.404,215.403,1.000,169.033,122.586,arrival-gap-jitter-spike,5998.727,0,1,1,1,1,34128.410,322.588,323.555,326.080,326.080,1,0,8,0,0,8,0,,,156.716,156.716,846,1,H.264,0,0,0,0,0,0,0,0,0,0,,105.963,0.000,108.766,0.000,0.000,0.000,129.418,stale-before-decode,0.000,932,0.000,112.804,3.940,0.073,0.828,0.553,0.000,0.275,1,0,0,1,3,0.062,22.797,23.992,23.011,23.688,1.000,Loss,0,1,0,0.000,1,2,2,1,0.060,0.000,0.060,0,100,0,26975,25319,1606,0,1557
35.129,Custom_loss6_delay0-100_dup0_reorder6_burst0,Loopback,1,1,0,,,0.000,0,21,961,23.801,22.444,22.432,103.869,102.437,35.201,56.949,8.036,0.063,0.246,26051,1737,24445,22708,3389,2085,232,935,815,120,137,0,22708,715,233,0,0,0,0,5.000,0,0,0,0,0,0,0,0,0,0,0,0,0,0,0,0.000,0.000,0.000,,708,708,3302,0,1,32.961,214.404,33.979,215.403,0.000,0.000,702,698,13480,835,228,0,2411,3769,962,1,fec-recovered,pending,H.264,0,1,24,23,1,2,2,2,14,24,0,0,27732,19,0,0,0,0,0,87.246,143,232,120,113,120,0,64.341,27.014,110.456,2,0,497,35,532,0,130,27,0.381,0.619,0.934,1.000,0.172,33.000,0.400,0.600,0.333,retransmit-late,1201,10314,0,0,737,9583,2411,23836,463,728,1,3,23822,predicted-useful,fec-grace,3990,0.750,214,532,0,0,0,0,0,19,20,19,20,210,3404,210,3404,0,0,0,pacing,1,0.803,9.377,117.377,0,0,19,20,0,0,0,0,3424,3008,138,0,1,9500000,1200000,18,0,18,27802,27784,34088542,1518,1868912,846,1050944,0,0,0,0,0,0.652,39.517,382.438,4800.000,1419,50478,26036,11024,24442,13418,0.297,1.987,0.553,1419,5730728,8757374,0.584,-12.269,0.452,12.138,50478,2411,703,23836,572,1824,15,226,226,436,36,71,3,10,26,0,0,0,187,3,1,0,4,4662,3769,3769,0,0,0,0,0,,disabled,,0,0,0,0,,1,Fixed Quality,Hybrid,85,30,9500,12000,640,360,H.264,480,270,518400,28178,518400,28178,0.054,0.000,,0,0,0.000,1.976,0.000,0.000,0.076,7250,6750,6750,22,22,0,1,9500,1.000,0,14.787,0.000,0,0,0.000,0.000,0,0,0,0,0.269,0.665,0.066,1,0,0,disabled,24,0,0,117,258,117,110,31,193,193,0,4,large-au-observed,0,,0,0,10.964,23.729,0,,0.000,0.000,0.000,0.000,0,0,0,,35,0,0,6.052,0,965,0.076,0.000,0.000,0.075,0.000,0.051,0.008,1,1,1,1,0,1,1,0,0,0,0,0,1.000,0.000,0.000,30,0,0.000,0,0,0,0.000,0.000,0.000,0.000,0.000,0.000,0.000,1.891,9.912,0,0,0,0,0,0,0,0,0.000,0.000,0.000,0.000,0.000,0.000,0,0.100,22.444,702,708,3302,33.998,215.401,18.312,215.401,28129.683,767,1,H.264,123.591,0,0,214.404,215.403,1.000,169.033,122.586,arrival-gap-jitter-spike,6998.917,0,1,1,1,1,35128.600,322.588,323.555,326.080,326.080,1,0,8,0,0,8,0,,,156.716,156.716,846,1,H.264,0,0,0,0,0,0,0,0,0,0,,105.450,0.000,108.137,0.000,0.000,0.000,131.935,stale-before-decode,0.001,961,0.000,113.192,4.929,0.080,0.276,0.001,0.000,0.276,1,0,0,1,3,0.063,23.801,22.444,8.036,22.432,1.000,Loss,0,1,0,0.500,2,1,1,1,0.060,0.000,0.060,0,100,0,27819,26095,1667,0,1608
36.129,Custom_loss6_delay0-100_dup0_reorder6_burst0,Loopback,1,1,0,,,0.000,0,21,990,23.924,24.313,24.272,115.541,102.466,173.329,60.274,73.359,0.063,0.244,26898,1801,25258,23457,3508,2157,238,975,849,126,138,0,23457,739,238,0,0,0,0,5.000,0,0,0,0,0,0,0,0,0,0,0,0,0,0,0,0.000,0.000,0.000,,732,732,3392,0,1,113.826,214.404,115.158,215.403,0.000,0.000,726,721,13915,865,233,0,2490,3894,992,1,fec-recovered,pending,H.264,0,1,24,14,10,2,1,0,0,0,0,0,28662,20,0,0,0,0,0,46.849,155,238,126,119,126,0,64.541,26.901,110.456,2,0,521,35,556,0,142,28,0.394,0.606,0.937,1.000,0.165,42.000,0.375,0.625,0.143,duplicate-guard,1232,10695,0,0,760,9951,2490,24724,471,741,1,3,24710,predicted-useful,fec-grace,4118,0.000,224,556,0,0,0,0,0,19,20,19,20,220,3579,220,3579,0,0,0,pacing,1,0.881,10.314,118.314,0,0,19,20,0,0,0,0,3599,3097,142,0,1,9500000,1200000,0,0,0,28666,28666,35169092,1572,1935514,873,1084580,0,0,0,0,0,17.690,39.517,7592.500,4800.000,1464,52154,26896,11407,25258,13851,0.298,8.022,0.646,1464,12000000,16143112,0.648,138.128,0.495,11.780,52154,2490,727,24724,593,1882,15,231,231,448,36,71,3,10,26,0,0,0,192,3,1,0,4,4809,3894,3894,0,0,0,0,0,,disabled,,0,0,0,0,,1,Fixed Quality,Hybrid,85,30,9500,12000,640,360,H.264,480,270,518400,28178,518400,28178,0.054,0.000,,0,0,0.000,1.909,0.000,0.000,0.063,7250,6750,6750,22,22,0,1,9500,1.000,0,17.690,0.000,0,0,0.000,0.000,0,0,0,0,0.279,0.658,0.063,1,0,0,disabled,24,0,0,121,265,121,113,31,200,200,0,4,large-au-observed,0,,0,0,18.072,23.729,0,,0.000,0.000,0.000,0.000,0,0,0,,36,0,0,5.912,0,993,0.062,0.000,0.000,0.062,0.000,0.040,0.007,1,1,1,1,0,1,1,0,0,0,0,0,1.000,0.000,0.000,30,0,0.000,0,0,0,0.000,0.000,0.000,0.000,0.000,0.000,0.000,1.839,19.920,0,0,0,0,0,0,0,0,0.000,0.000,0.000,0.000,0.000,0.000,0,0.108,24.313,726,732,3392,114.757,215.401,18.312,215.401,28129.683,767,1,H.264,123.591,0,0,214.404,215.403,1.000,169.033,122.586,arrival-gap-jitter-spike,7999.074,0,1,1,1,1,36128.757,322.588,323.555,326.080,326.080,1,0,8,0,0,8,0,,,156.716,156.716,846,1,H.264,0,0,0,0,0,0,0,0,0,0,,104.350,0.000,107.188,4.988,0.000,124.421,142.770,stale-before-decode,0.000,987,0.000,108.988,4.701,0.072,0.914,0.593,0.000,0.321,1,0,0,1,3,0.063,23.924,24.313,73.359,24.272,2.000,RTT,0,1,0,1.000,3,3,3,1,0.060,0.000,0.060,0,100,0,28702,26946,1715,0,1658
37.129,Custom_loss6_delay0-100_dup0_reorder6_burst0,Loopback,1,1,0,,,0.000,0,21,1017,22.546,20.677,20.577,89.892,102.523,173.329,60.274,30.808,0.063,0.244,27701,1853,26011,24158,3604,2214,245,1006,876,130,139,0,24158,761,245,0,0,0,0,5.000,0,0,0,0,0,0,0,0,0,0,0,0,0,0,0,0.000,0.000,0.000,,753,753,3482,0,1,12.552,214.404,13.546,215.403,0.000,0.000,747,743,14315,891,239,0,2559,4003,1018,1,expired-no-slack,expired,H.264,0,1,24,22,2,6,5,3,4,15,0,0,29458,20,0,0,0,0,0,115.411,158,245,130,123,130,0,65.164,26.356,110.456,2,0,535,36,571,0,148,28,0.392,0.608,0.937,1.000,0.159,44.000,0.000,0.000,0.000,insufficient-sample,1270,11003,0,0,783,10237,2559,25322,486,763,1,3,25307,predicted-useful,fec-grace,4236,0.083,229,571,0,0,0,0,0,19,20,19,20,225,3668,225,3668,0,0,0,pacing,1,0.869,13.213,121.213,0,0,19,20,0,0,0,0,3688,3187,146,0,1,9500000,1200000,0,0,0,29521,29521,36216630,1617,1990920,899,1116972,0,0,0,0,0,18.750,39.517,9996.375,4800.000,1507,53708,27697,11719,26011,14292,0.297,15.534,0.017,1507,5421760,8979038,1.424,138.128,0.486,19.639,53708,2559,749,25322,608,1936,15,237,237,463,36,71,3,10,26,0,0,0,198,3,1,0,4,4951,4003,4003,0,0,0,0,0,,disabled,,0,0,0,0,,1,Fixed Quality,Hybrid,85,30,9500,12000,640,360,H.264,480,270,518400,28178,518400,28178,0.054,0.000,,0,0,0.000,2.030,0.000,0.000,0.073,7250,6750,6750,22,22,0,1,9500,1.000,0,18.750,0.000,0,0,0.000,0.000,0,0,0,0,0.277,0.660,0.063,1,0,0,disabled,24,1,1,125,273,125,115,33,206,206,1,4,decoder-sync-observed,0,,0,0,16.977,23.729,0,,0.000,0.000,0.000,0.000,0,0,0,,37,0,0,5.671,0,1021,0.073,0.000,0.000,0.073,0.000,0.050,0.008,1,1,1,1,0,1,1,0,0,0,1,0,0.860,67.460,0.000,26,0,0.000,0,0,0,0.000,0.000,0.000,0.000,0.000,0.000,0.000,1.949,21.556,0,0,0,0,0,0,0,0,0.000,0.000,0.000,0.000,0.000,0.000,0,0.086,20.677,747,753,3482,13.716,215.401,18.312,215.401,28129.683,767,1,H.264,123.591,0,0,214.404,215.403,1.000,169.033,122.586,arrival-gap-jitter-spike,8999.750,0,1,1,1,1,37129.433,322.588,323.555,326.080,326.080,1,0,8,0,0,8,0,,,156.716,156.716,846,1,H.264,0,0,0,0,0,0,0,0,0,0,,104.623,0.000,107.464,0.000,0.000,0.000,124.946,stale-before-decode,0.000,1017,0.000,112.522,4.960,0.073,0.819,0.472,0.000,0.347,1,0,0,1,3,0.063,22.546,20.677,30.808,20.577,2.000,RecoveryDeadline,0,1,0,1.000,2,2,2,1,0.060,0.000,0.060,0,100,0,29558,27748,1770,0,1711
38.135,Custom_loss6_delay0-100_dup0_reorder6_burst0,Loopback,1,1,0,,,0.000,0,21,1046,20.533,20.534,20.577,94.445,102.441,56.061,60.157,29.275,0.062,0.244,28519,1886,26762,24876,3720,2278,253,1043,905,138,146,0,24876,782,252,0,0,0,0,5.000,0,0,0,0,0,0,0,0,0,0,0,0,0,0,0,0.000,0.000,0.000,,774,774,3579,0,1,18.401,214.404,19.426,215.403,0.000,0.000,768,764,14703,920,246,0,2623,4110,1048,1,nack-suppressed-fec-grace,pending,H.264,0,1,24,11,13,2,1,0,0,0,0,0,30365,6,0,0,0,0,0,48.173,162,253,138,131,138,0,65.259,25.565,110.456,2,0,555,36,591,0,152,28,0.390,0.610,0.939,1.000,0.156,44.000,0.000,1.000,0.000,insufficient-sample,1311,11286,0,0,806,10496,2623,25873,504,787,1,3,25857,predicted-useful,fec-grace,4347,0.583,239,591,0,0,0,0,0,19,20,19,20,235,3844,235,3844,0,0,0,pacing,1,0.830,8.254,116.254,0,0,19,20,0,0,0,0,3864,3266,150,0,1,9500000,1200000,6,0,6,30381,30375,37262874,1667,2052544,924,1148120,0,0,0,0,0,5.346,39.517,1074.562,4800.000,1550,55249,28504,12095,26745,14650,0.298,29.709,0.033,1550,6562034,10873065,0.782,87.049,0.436,21.306,55249,2623,770,25873,623,1985,15,244,244,475,36,71,3,10,26,0,0,0,205,3,1,0,4,5079,4110,4110,0,0,0,0,0,,disabled,,0,0,0,0,,1,Fixed Quality,Hybrid,85,30,9500,12000,640,360,H.264,480,270,518400,28178,518400,28178,0.054,0.000,,0,0,0.000,2.003,0.000,0.000,0.137,7250,6750,6750,22,22,0,1,9500,1.000,0,12.458,0.000,0,0,0.000,0.000,0,0,0,0,0.274,0.665,0.061,1,0,0,disabled,24,0,0,129,277,129,115,33,210,210,0,4,large-au-observed,0,,0,0,17.753,23.729,0,,0.000,0.000,0.000,0.000,0,0,0,,38,0,0,6.377,0,1049,0.136,0.000,0.000,0.136,0.000,0.085,0.029,1,1,1,1,0,1,1,0,0,0,1,0,0.860,137.579,0.000,26,0,0.000,0,0,0,0.000,0.000,0.000,0.000,0.000,0.000,0.000,1.856,10.390,0,0,0,0,0,0,0,0,0.000,0.000,0.000,0.000,0.000,0.000,0,0.101,20.534,768,774,3579,19.589,215.401,18.312,215.401,28129.683,767,1,H.264,123.591,0,0,214.404,215.403,1.000,169.033,122.586,arrival-gap-jitter-spike,10005.128,0,1,1,1,1,38134.811,322.588,323.555,326.080,326.080,1,0,8,0,0,8,0,,,156.716,156.716,846,1,H.264,0,0,0,0,0,0,0,0,0,0,,100.609,0.000,103.479,0.000,0.000,0.000,127.222,stale-before-decode,0.001,1046,0.000,109.528,5.933,0.079,0.848,0.629,0.000,0.219,1,0,0,1,3,0.062,20.533,20.534,29.275,20.577,1.000,Loss,0,1,0,0.000,1,2,2,1,0.060,0.000,0.060,0,100,0,30413,28569,1801,0,1763
39.135,Custom_loss6_delay0-100_dup0_reorder6_burst0,Loopback,1,1,0,,,0.000,0,21,1072,18.088,18.095,16.412,98.812,102.510,66.860,60.338,36.917,0.062,0.244,29206,1930,27402,25472,3820,2347,256,1068,928,140,149,0,25472,801,259,0,0,0,0,5.000,0,0,0,0,0,0,0,0,0,0,0,0,0,0,0,0.000,0.000,0.000,,793,793,3679,0,1,91.338,214.404,92.203,215.403,0.000,0.000,787,782,15073,941,253,0,2686,4216,1074,1,nack-sent,pending,H.264,0,1,22,10,12,1,0,1,0,12,0,0,31088,1,0,0,0,0,0,52.259,171,256,140,133,140,0,65.416,25.437,110.456,2,0,569,39,608,0,160,29,0.400,0.600,0.936,1.000,0.153,43.000,0.000,0.000,0.000,insufficient-sample,1349,11552,0,0,826,10734,2686,26377,522,815,1,3,26361,predicted-useful,fec-grace,4450,0.864,246,608,0,0,0,0,0,20,21,20,21,242,3959,242,3959,0,0,0,pacing,1,0.838,7.856,115.856,0,0,20,21,0,0,0,0,3980,3341,154,0,1,9500000,1200000,0,0,0,31104,31104,38158029,1712,2108266,950,1180512,0,0,0,0,0,8.654,39.517,114.438,4800.000,1588,56593,29205,12335,27388,15053,0.297,23.032,7.000,1588,5142465,8914150,1.177,71.799,0.427,14.333,56593,2685,789,26365,638,2030,17,251,250,487,37,73,2,10,27,0,0,0,209,5,1,0,4,5202,4216,4216,0,0,0,0,0,,disabled,,0,0,0,0,,1,Fixed Quality,Hybrid,85,30,9500,12000,640,360,H.264,480,270,518400,26096,518400,26096,0.050,0.000,,0,0,0.000,1.894,0.000,0.000,0.070,6250,6250,6250,23,23,0,1,9500,0.880,1,10.591,0.000,0,0,0.000,0.000,0,0,0,0,0.281,0.655,0.064,1,0,0,latency-pressure-freshness-hold,22,0,0,133,284,133,118,33,215,215,0,4,large-au-observed,0,,0,0,17.685,21.976,0,,0.000,0.000,0.000,0.000,0,0,0,,39,0,0,5.954,0,1075,0.070,0.000,0.000,0.069,0.000,0.049,0.006,1,1,1,1,0,1,1,0,0,0,1,0,0.860,67.588,0.000,26,0,0.000,0,0,0,0.000,0.000,0.000,0.000,0.000,0.000,0.000,1.816,10.033,0,0,0,0,0,0,0,0,0.000,0.000,0.000,0.000,0.000,0.000,0,0.081,18.095,787,793,3679,92.304,215.401,18.312,215.401,28129.683,767,1,H.264,123.591,0,0,214.404,215.403,1.000,169.033,122.586,arrival-gap-jitter-spike,11005.470,0,1,1,1,1,39135.153,322.588,323.555,326.080,326.080,1,0,9,0,0,9,1,latency-pressure freshness,latency-over-80ms,133.986,156.716,1058,1,decoded,0,0,0,0,0,0,0,0,0,0,,102.976,0.000,105.578,0.000,0.000,0.000,134.406,stale-before-upload,0.001,1072,0.000,110.880,5.790,0.073,0.713,0.473,0.000,0.240,1,0,0,1,3,0.062,18.088,18.095,36.917,16.412,1.000,Jitter,0,1,0,0.000,0,1,1,1,0.060,0.000,0.060,0,100,0,31143,29258,1840,0,1807
40.136,Custom_loss6_delay0-100_dup0_reorder6_burst0,Loopback,1,1,0,,,0.000,0,21,1097,25.113,25.116,18.940,100.374,102.383,14.658,59.136,6.709,0.061,0.242,29939,1961,28083,26122,3930,2404,261,1115,969,146,150,0,26122,823,263,0,0,0,0,5.000,0,0,0,0,0,0,0,0,0,0,0,0,0,0,0,0.000,0.000,0.000,,815,815,3769,0,1,31.922,214.404,33.111,215.403,0.000,0.000,809,804,15466,969,257,0,2751,4333,1100,1,fec-recovered,pending,H.264,0,1,23,20,3,4,4,1,4,11,0,0,31861,16,0,0,0,0,0,65.103,174,261,146,139,146,0,65.178,26.081,152.135,2,0,583,43,626,0,165,29,0.400,0.600,0.931,1.000,0.149,42.000,0.000,1.000,0.000,insufficient-sample,1381,11789,0,0,845,10950,2751,26980,535,836,1,3,26964,predicted-useful,likely-arrival,4565,0.130,254,626,0,0,0,0,0,21,22,21,22,250,4083,250,4083,0,0,0,pacing,1,0.792,5.975,113.975,0,0,21,22,0,0,0,0,4105,3424,158,0,1,9500000,1200000,12,0,12,31893,31880,39114731,1759,2166320,974,1209946,0,0,0,0,0,0.924,39.517,2116.938,4800.000,1628,58007,29926,12662,28081,15419,0.297,12.978,3.748,1628,5366079,8547442,1.574,46.999,0.485,17.194,58007,2751,811,26980,659,2075,17,255,254,494,37,73,2,10,27,0,0,0,213,5,1,0,4,5341,4333,4333,0,0,0,0,0,,disabled,,0,0,0,0,,1,Fixed Quality,Hybrid,85,30,9500,12000,640,360,H.264,480,270,518400,27138,518400,27138,0.052,0.000,,0,0,0.000,1.925,0.000,0.000,0.066,7250,6500,6500,24,24,0,1,9500,1.000,0,15.960,0.000,0,0,0.000,0.000,0,0,0,0,0.278,0.653,0.069,1,0,0,disabled,23,0,0,137,293,137,121,35,222,222,0,4,large-au-observed,0,,0,0,17.628,22.853,0,,0.000,0.000,0.000,0.000,0,0,0,,40,0,0,3.883,0,1102,0.066,0.000,0.000,0.066,0.000,0.043,0.008,1,1,1,1,0,1,1,0,0,0,0,0,1.000,0.000,0.000,30,0,0.000,0,0,0,0.000,0.000,0.000,0.000,0.000,0.000,0.000,1.851,8.546,0,0,0,0,0,0,0,0,0.000,0.000,0.000,0.000,0.000,0.000,0,0.083,25.116,809,815,3769,32.867,215.401,18.312,215.401,28129.683,767,1,H.264,123.591,0,0,214.404,215.403,1.000,169.033,122.586,arrival-gap-jitter-spike,12006.171,0,1,1,1,1,40135.854,322.588,323.555,326.080,326.080,1,0,9,0,0,9,0,,,133.986,156.716,1058,1,decoded,0,0,0,0,0,0,0,0,0,0,,97.990,0.000,100.970,0.000,0.000,0.000,130.187,stale-before-upload,0.001,1097,0.000,103.999,2.923,0.072,0.834,0.584,0.000,0.249,1,0,0,1,3,0.061,25.113,25.116,6.709,18.940,2.000,RecoveryDeadline,0,1,0,1.500,2,3,3,1,0.060,0.000,0.060,0,100,0,31921,29993,1880,0,1853
41.142,Custom_loss6_delay0-100_dup0_reorder6_burst0,Loopback,1,1,0,,,0.000,0,21,1127,24.666,24.682,21.704,91.087,102.412,20.756,58.152,4.775,0.061,0.240,30746,2005,28834,26829,4041,2462,270,1158,1002,156,151,0,26829,847,267,0,0,0,0,5.000,0,0,0,0,0,0,0,0,0,0,0,0,0,0,0,0.000,0.000,0.000,,839,839,3870,0,1,44.276,214.404,45.316,215.403,0.000,0.000,833,828,15873,1003,261,0,2814,4445,1129,1,fec-recovered,pending,H.264,0,1,24,13,11,2,1,0,0,0,0,0,32733,8,0,0,0,0,0,34.708,182,270,156,149,156,0,65.737,26.583,152.135,2,0,610,41,651,0,174,30,0.403,0.597,0.937,1.000,0.147,44.000,0.000,0.000,0.000,insufficient-sample,1416,12031,0,0,865,11167,2814,27608,550,861,1,3,27592,predicted-useful,fec-grace,4674,0.417,263,651,0,0,0,0,0,21,22,21,22,259,4232,259,4232,0,0,0,pacing,1,0.813,8.854,116.854,0,0,21,22,0,0,0,0,4254,3500,162,0,1,9500000,1200000,11,0,11,32744,32733,40162419,1814,2234166,1000,1241708,0,0,0,0,0,0.577,39.517,1115.062,4800.000,1672,59550,30720,12975,28830,15855,0.297,7.714,0.214,1672,9015600,18897066,0.717,38.819,0.496,12.553,59550,2814,835,27608,683,2114,17,259,258,501,38,74,1,11,27,0,0,0,216,5,1,0,4,5483,4445,4445,0,0,0,0,0,,disabled,,0,0,0,0,,1,Fixed Quality,Hybrid,85,30,9500,12000,640,360,H.264,480,270,518400,28178,518400,28178,0.054,0.000,,0,0,0.000,1.890,0.000,0.000,0.075,7250,6750,6750,25,25,0,1,9500,1.000,0,15.953,0.000,0,0,0.000,0.000,0,0,0,0,0.280,0.657,0.063,1,0,0,disabled,24,0,0,141,301,141,125,35,230,230,0,4,large-au-observed,0,,0,0,17.811,23.729,0,,0.000,0.000,0.000,0.000,0,0,0,,41,0,0,6.382,0,1130,0.075,0.000,0.000,0.074,0.000,0.050,0.008,1,1,1,1,0,1,1,0,0,0,0,0,1.000,0.000,0.000,30,0,0.000,0,0,0,0.000,0.000,0.000,0.000,0.000,0.000,0.000,1.807,10.194,0,0,0,0,0,0,0,0,0.000,0.000,0.000,0.000,0.000,0.000,0,0.099,24.682,833,839,3870,45.251,215.401,18.312,215.401,28129.683,767,1,H.264,123.591,0,0,214.404,215.403,1.000,169.033,122.586,arrival-gap-jitter-spike,13012.658,0,1,1,1,1,41142.341,322.588,323.555,326.080,326.080,1,0,9,0,0,9,0,,,133.986,156.716,1058,1,decoded,0,0,0,0,0,0,0,0,0,0,,100.835,0.000,103.566,0.000,0.000,0.000,125.543,stale-before-upload,0.001,1127,0.000,108.703,5.016,0.080,0.467,0.241,0.000,0.226,1,0,0,1,3,0.061,24.666,24.682,4.775,21.704,1.000,Loss,0,1,0,2.000,1,2,2,1,0.060,0.000,0.060,0,100,0,32774,30799,1932,0,1896
42.142,Custom_loss6_delay0-100_dup0_reorder6_burst0,Loopback,1,1,0,,,0.000,0,21,1156,15.783,15.789,16.474,81.753,102.462,90.468,58.960,42.165,0.061,0.241,31522,2065,29575,27510,4144,2517,280,1191,1031,160,156,0,27510,867,275,0,0,0,0,5.000,0,0,0,0,0,0,0,0,0,0,0,0,0,0,0,0.000,0.000,0.000,,859,859,3962,0,1,20.125,214.404,21.194,215.403,0.000,0.000,853,848,16273,1027,269,0,2883,4554,1158,1,fec-recovered,pending,H.264,0,1,24,10,14,2,1,0,0,0,0,0,33569,9,0,0,0,0,0,48.589,187,280,160,153,160,0,65.981,26.351,152.135,2,0,629,46,675,0,180,31,0.400,0.600,0.932,1.000,0.147,44.000,0.000,0.000,0.000,insufficient-sample,1455,12314,0,0,885,11422,2883,28249,569,889,1,3,28232,predicted-useful,fec-grace,4787,0.333,273,675,0,0,0,0,0,22,23,22,23,269,4390,269,4390,0,0,0,pacing,1,0.756,9.406,117.406,0,0,22,23,0,0,0,0,4413,3580,166,0,1,9500000,1200000,11,0,11,33578,33567,41184405,1868,2300768,1026,1273470,0,0,0,0,0,0.453,39.517,824.125,4800.000,1715,61087,31512,13354,29575,16221,0.298,8.447,1.862,1715,5193401,8336330,1.774,44.997,0.486,13.430,61087,2883,855,28249,707,2159,17,267,266,516,41,81,3,12,29,0,0,0,221,5,1,0,4,5619,4554,4554,0,0,0,0,0,,disabled,,0,0,0,0,,1,Fixed Quality,Hybrid,85,30,9500,12000,640,360,H.264,480,270,518400,28178,518400,28178,0.054,0.000,,0,0,0.000,1.998,0.000,0.000,0.075,7250,6750,6750,25,25,0,1,9500,1.000,0,16.898,0.000,0,0,0.000,0.000,0,0,0,0,0.277,0.655,0.068,1,0,0,disabled,24,0,0,145,312,145,131,36,238,238,0,4,large-au-observed,0,,0,0,18.884,23.729,0,,0.000,0.000,0.000,0.000,0,0,0,,42,0,0,8.224,0,1159,0.075,0.000,0.000,0.075,0.000,0.052,0.009,1,1,1,1,0,1,1,0,0,0,1,0,0.860,105.294,0.000,26,0,0.000,0,0,0,0.000,0.000,0.000,0.000,0.000,0.000,0.000,1.916,12.500,0,0,0,0,0,0,0,0,0.000,0.000,0.000,0.000,0.000,0.000,0,0.081,15.789,853,859,3962,21.216,215.401,18.312,215.401,28129.683,767,1,H.264,123.591,0,0,214.404,215.403,1.000,169.033,122.586,arrival-gap-jitter-spike,14012.934,0,1,1,1,1,42142.617,322.588,323.555,326.080,326.080,1,0,9,0,0,9,0,,,133.986,156.716,1058,1,decoded,0,0,0,0,0,0,0,0,0,0,,97.523,0.000,100.335,0.000,0.000,0.000,125.876,stale-before-upload,0.001,1156,0.000,103.842,3.399,0.078,0.854,0.606,0.000,0.248,1,0,0,1,3,0.062,15.783,15.789,42.165,16.474,1.000,Jitter,0,1,0,0.000,0,1,1,1,0.060,0.000,0.060,0,100,0,33609,31583,1978,0,1935
43.149,Custom_loss6_delay0-100_dup0_reorder6_burst0,Loopback,1,1,0,,,0.000,0,21,1185,16.529,14.879,14.901,88.863,102.494,55.410,58.873,32.885,0.062,0.244,32265,2119,30277,28158,4250,2582,290,1219,1051,168,159,0,28158,885,285,0,0,0,0,5.000,0,0,0,0,0,0,0,0,0,0,0,0,0,0,0,0.000,0.000,0.000,,875,875,4059,0,1,26.678,214.404,27.614,215.403,0.000,0.000,869,864,16656,1053,277,0,2950,4660,1186,1,nack-suppressed-fec-grace,pending,H.264,0,1,24,8,16,1,0,0,0,0,0,0,34349,13,0,0,0,0,0,44.994,194,290,168,161,168,0,66.059,26.195,152.135,2,0,654,46,700,0,190,31,0.401,0.599,0.934,1.000,0.140,44.000,0.000,0.000,0.000,insufficient-sample,1487,12568,0,0,902,11650,2950,28872,584,915,1,3,28855,predicted-useful,fec-grace,4897,0.000,282,700,0,0,0,0,0,22,23,22,23,278,4529,278,4529,0,0,0,pacing,1,0.754,12.693,120.693,0,0,22,23,0,0,0,0,4552,3662,170,0,1,9500000,1200000,3,0,3,34353,34350,42143501,1923,2368614,1051,1304618,0,0,0,0,0,7.713,39.517,181.625,4800.000,1756,62510,32250,13659,30260,16601,0.298,8.573,2.305,1756,5127619,8510340,1.725,28.986,0.465,11.644,62510,2950,873,28872,731,2202,17,275,274,529,42,82,1,13,29,0,0,0,228,5,1,0,4,5746,4660,4660,0,0,0,0,0,,disabled,,0,0,0,0,,1,Fixed Quality,Hybrid,85,30,9500,12000,640,360,H.264,480,270,518400,28178,518400,28178,0.054,0.000,,0,0,0.000,1.860,0.000,0.000,0.104,7250,6750,6750,25,25,0,1,9500,1.000,0,9.425,0.000,0,0,0.000,0.000,0,0,0,0,0.000,1.000,0.000,1,0,0,disabled,24,0,0,149,323,149,138,36,246,246,0,4,large-au-observed,0,,0,0,14.990,23.729,0,,0.000,0.000,0.000,0.000,0,0,0,,43,0,0,16.967,0,1187,0.104,0.000,0.000,0.103,0.000,0.072,0.012,1,1,1,1,0,1,1,0,0,0,1,0,0.860,179.995,0.000,26,0,0.000,0,0,0,0.000,0.000,0.000,0.000,0.000,0.000,0.000,1.745,14.099,0,0,0,0,0,0,0,0,0.000,0.000,0.000,0.000,0.000,0.000,0,0.088,14.879,869,875,4059,27.669,215.401,18.312,215.401,28129.683,767,1,H.264,123.591,0,0,214.404,215.403,1.000,169.033,122.586,arrival-gap-jitter-spike,15019.887,0,1,1,1,1,43149.570,322.588,323.555,326.080,326.080,1,0,9,0,0,9,0,,,133.986,156.716,1058,1,decoded,0,0,0,0,0,0,0,0,0,0,,99.695,0.000,102.582,0.000,0.000,0.000,124.431,stale-before-upload,0.001,1185,0.000,107.943,5.241,0.078,0.772,0.507,0.000,0.264,1,0,0,1,3,0.062,16.529,14.879,32.885,14.901,1.000,Loss,0,1,0,0.000,0,1,1,1,0.060,0.000,0.060,0,100,0,34393,32323,2026,0,1979
44.156,Custom_loss6_delay0-100_dup0_reorder6_burst0,Loopback,1,1,0,,,0.000,0,21,1212,21.809,20.142,20.613,91.031,102.538,33.984,58.280,42.052,0.061,0.242,33067,2141,30989,28848,4369,2653,300,1254,1080,174,162,0,28848,907,290,0,0,0,0,5.000,0,0,0,0,0,0,0,0,0,0,0,0,0,0,0,0.000,0.000,0.000,,896,896,4156,0,1,2.837,214.404,3.801,215.403,0.000,0.000,890,884,17062,1082,281,0,3016,4771,1215,1,completed,completed,H.264,0,0,1,1,0,0,0,0,0,0,0,0,35208,0,0,0,0,0,0,0.000,204,300,174,167,174,0,66.029,25.943,152.135,2,0,680,51,731,0,202,31,0.405,0.595,0.930,1.000,0.133,45.000,0.333,0.667,0.000,stable,1522,12794,0,0,920,11852,3016,29527,601,939,1,3,29510,predicted-useful,fec-grace,5011,0.500,293,731,0,0,0,0,0,22,23,22,23,289,4716,289,4716,0,0,0,pacing,1,0.838,10.053,118.053,0,0,22,23,0,0,0,0,4739,3742,174,0,1,9500000,1200000,0,0,0,35174,35174,43151848,1984,2443922,1078,1338254,0,0,0,0,0,0.088,39.517,13524.125,4800.000,1799,64039,33054,13991,30985,16994,0.297,17.029,0.200,1799,4266767,7255136,0.660,18.904,0.410,18.378,64039,3016,895,29527,758,2241,17,279,278,538,42,82,1,13,29,0,0,0,232,5,1,0,4,5887,4771,4771,0,0,0,0,0,,disabled,,0,0,0,0,,1,Fixed Quality,Hybrid,85,30,9500,12000,640,360,H.264,480,270,518400,7706,518400,7706,0.015,0.000,,0,0,0.000,0.616,0.000,0.000,0.073,6250,6250,6250,26,26,0,1,9500,0.880,1,7.317,0.000,0,0,0.000,0.000,0,0,0,0,0.279,0.651,0.070,1,0,0,latency-pressure-freshness-hold,7,0,0,153,334,153,143,38,255,255,0,4,none,0,,0,0,0.030,6.489,0,,0.000,0.000,0.000,0.000,0,0,0,,44,0,0,11.069,0,1216,0.073,0.000,0.000,0.072,0.000,0.053,0.004,1,1,1,1,0,1,1,0,0,0,1,0,0.860,179.992,0.000,26,0,0.000,0,0,0,0.000,0.000,0.000,0.000,0.000,0.000,0.000,0.536,7.163,0,0,0,0,0,0,0,0,0.000,0.000,0.000,0.000,0.000,0.000,0,0.088,20.142,890,896,4156,3.913,215.401,18.312,215.401,28129.683,767,1,H.264,123.591,0,0,214.404,215.403,1.000,169.033,122.586,arrival-gap-jitter-spike,16026.158,0,1,1,1,1,44155.841,322.588,323.555,326.080,326.080,1,0,10,0,0,10,1,latency-pressure freshness,latency-over-80ms,130.701,156.716,1211,1,decoded,0,0,0,0,0,0,0,0,0,0,,103.520,0.000,106.368,0.000,0.000,0.000,130.516,stale-before-upload,0.001,1212,0.000,106.657,3.462,0.079,0.914,0.662,0.000,0.252,1,0,0,1,3,0.061,21.809,20.142,42.052,20.613,1.000,RecoveryDeadline,0,1,0,0.500,2,1,1,1,0.060,0.000,0.060,0,100,0,35218,33126,2071,0,2029
45.156,Custom_loss6_delay0-100_dup0_reorder6_burst0,Loopback,1,1,0,,,0.000,0,21,1238,15.979,15.986,15.775,96.874,102.396,76.405,58.702,21.409,0.061,0.244,33651,2200,31554,29354,4455,2695,304,1290,1106,184,166,0,29354,924,299,0,0,0,0,5.000,0,0,0,0,0,0,0,0,0,0,0,0,0,0,0,0.000,0.000,0.000,,911,911,4252,0,1,40.158,214.404,41.172,215.403,0.000,0.000,905,899,17384,1108,288,0,3071,4860,1241,1,nack-sent,pending,H.264,1,1,23,5,18,1,0,1,0,18,0,0,35844,16,0,0,0,0,0,28.541,211,304,184,177,184,0,66.320,26.058,152.135,2,0,701,51,752,0,212,33,0.410,0.590,0.932,1.000,0.135,44.000,1.000,0.000,0.000,insufficient-sample,1552,12983,0,0,935,12021,3071,30029,616,959,1,3,30012,predicted-useful,fec-grace,5103,0.182,302,752,0,0,0,0,0,25,26,25,26,298,4865,298,4865,0,0,0,pacing,1,0.870,11.320,119.320,0,0,25,26,0,0,0,0,4891,3806,178,0,1,9500000,1200000,0,0,0,35812,35812,43939972,2033,2504622,1102,1368150,0,0,0,0,0,16.100,39.517,7522.750,4800.000,1832,65189,33639,14213,31550,17337,0.297,4.936,1.710,1832,3464947,5621864,2.492,23.607,0.494,12.557,65189,3071,911,30029,779,2274,18,286,285,550,44,86,2,13,31,0,0,0,237,5,1,0,4,5991,4860,4860,0,0,0,0,0,,disabled,,0,0,0,0,,1,Fixed Quality,Hybrid,85,30,9500,12000,640,360,H.264,480,270,518400,27392,518400,27392,0.053,0.000,,0,0,0.000,2.141,0.000,0.000,0.068,7250,6500,6500,27,27,0,1,9500,1.000,0,16.100,0.000,0,0,0.000,0.000,0,0,0,0,0.281,0.652,0.068,1,0,0,disabled,23,1,1,157,345,157,150,38,263,263,4,4,decoder-sync-observed,0,,0,0,15.154,23.067,0,,0.000,0.000,0.000,0.000,0,0,0,,45,0,0,5.144,0,1241,0.068,0.000,0.000,0.068,0.000,0.047,0.007,1,1,1,1,0,1,1,0,0,0,0,0,1.000,0.000,0.000,24,0,0.000,0,0,0,0.000,0.000,0.000,0.000,0.000,0.000,0.000,2.063,29.318,0,0,0,0,0,0,0,0,0.000,0.000,0.000,0.000,0.000,0.000,0,0.095,15.986,905,911,4252,41.061,215.401,18.312,215.401,28129.683,767,1,H.264,123.591,0,0,214.404,215.403,1.000,169.033,122.586,arrival-gap-jitter-spike,17026.221,0,1,1,1,1,45155.904,322.588,323.555,326.080,326.080,1,0,10,0,0,10,0,,,130.701,156.716,1211,1,decoded,0,0,0,0,0,0,0,0,0,0,,95.872,0.000,98.587,0.000,0.000,0.000,128.437,stale-before-upload,0.001,1238,0.000,103.024,4.432,0.079,0.884,0.640,0.000,0.244,1,0,0,1,3,0.061,15.979,15.986,21.409,15.775,1.000,RecoveryDeadline,0,1,0,1.000,1,1,1,1,0.060,0.000,0.060,0,100,0,35857,33713,2115,0,2070
46.159,Custom_loss6_delay0-100_dup0_reorder6_burst0,Loopback,1,1,0,,,0.000,0,21,1266,16.682,16.681,16.648,103.712,102.343,15.400,57.718,16.090,0.062,0.246,34360,2262,32223,29961,4559,2758,311,1319,1127,192,171,0,29961,941,307,0,0,0,0,5.000,0,0,0,0,0,0,0,0,0,0,0,0,0,0,0,0.000,0.000,0.000,,928,928,4348,0,1,42.937,214.404,43.856,215.403,0.000,0.000,922,916,17759,1133,296,0,3138,4967,1267,1,fec-recovered,pending,H.264,1,1,23,20,3,4,3,3,12,36,1,1,36558,12,36604,0,0,0,0,86.436,218,311,192,185,192,0,66.682,25.450,152.135,2,0,723,56,779,0,224,33,0.412,0.588,0.928,1.000,0.128,45.000,0.250,0.750,0.000,duplicate-guard,1577,13209,0,0,951,12234,3138,30674,625,972,1,3,30656,predicted-useful,fec-grace,5206,0.696,311,779,0,0,0,0,0,25,26,25,26,307,5012,307,5012,0,0,0,pacing,1,0.851,11.602,119.602,0,0,25,26,0,0,0,0,5038,3882,182,0,1,9500000,1200000,0,0,0,36594,36594,44902072,2089,2573870,1127,1399290,0,0,0,0,0,12.525,39.517,2262.312,3971.550,1870,66553,34345,14595,32208,17613,0.298,19.153,0.054,1870,5555343,8273847,1.763,6.685,0.421,9.478,66553,3138,928,30674,808,2312,18,294,293,563,45,87,1,14,31,0,0,0,244,5,1,0,4,6120,4967,4967,0,0,0,0,0,,disabled,,0,0,0,0,,1,Fixed Quality,Hybrid,85,30,9500,12000,640,360,H.264,480,270,518400,0,518400,28432,0.055,0.000,,0,0,0.000,4.695,0.000,3.917,0.742,7250,6750,6750,28,28,0,1,9500,1.000,0,12.525,0.000,0,0,0.000,0.000,0,0,0,0,0.280,0.648,0.072,1,0,0,disabled,0,0,0,161,357,161,156,40,272,272,0,4,async-output-pending,0,,0,0,0.000,0.000,0,,12.229,10068.438,39583.333,0.000,0,0,0,,46,0,0,0.000,1,0,0.731,0.189,0.540,0.000,0.000,0.000,0.000,0,0,1,1,1,0,0,1,1,0,0,0,1.000,0.000,0.000,30,0,0.000,0,0,0,0.000,0.000,0.000,0.000,0.000,0.000,0.000,0.000,15.066,0,0,0,0,0,0,0,0,0.000,0.000,0.000,0.000,0.000,0.000,0,0.097,16.681,922,928,4348,43.902,215.401,18.312,215.401,28129.683,767,1,H.264,123.591,0,0,214.404,215.403,1.000,169.033,122.586,arrival-gap-jitter-spike,18029.805,0,1,1,1,1,46159.488,322.588,323.555,326.080,326.080,1,0,10,0,0,10,0,,,130.701,156.716,1211,1,decoded,0,0,0,0,0,0,0,0,0,0,,99.594,0.000,102.346,0.000,0.000,0.000,131.856,stale-before-upload,0.001,1266,0.000,107.721,5.244,0.076,0.539,0.241,0.000,0.298,1,0,0,1,3,0.062,16.682,16.681,16.090,16.648,1.000,Loss,0,1,0,0.000,1,2,2,1,0.060,0.000,0.060,0,100,0,36640,34425,2173,0,2110
47.163,Custom_loss6_delay0-100_dup0_reorder6_burst0,Loopback,1,1,0,,,0.000,0,21,1294,21.732,21.739,21.770,108.170,102.404,44.673,57.428,12.319,0.062,0.247,35137,2336,32980,30644,4658,2819,320,1342,1147,195,177,0,30644,960,315,0,0,0,0,5.000,0,0,0,0,0,0,0,0,0,0,0,0,0,0,0,0.000,0.000,0.000,,947,947,4441,0,1,65.249,214.404,66.268,215.403,0.000,0.000,941,935,18143,1155,304,0,3210,5075,1297,1,fec-parity,pending,H.264,1,1,24,12,12,3,1,2,7,36,0,0,37415,7,0,0,0,0,0,54.245,223,320,195,188,195,0,66.733,25.530,152.135,2,0,740,62,802,0,228,33,0.411,0.589,0.923,1.000,0.126,44.000,0.000,1.000,0.000,insufficient-sample,1610,13469,0,0,971,12477,3210,31348,638,989,1,3,31329,predicted-useful,likely-arrival,5322,0.750,320,802,0,0,0,0,0,25,26,25,26,316,5165,316,5165,0,0,0,pacing,1,0.822,9.677,117.677,0,0,25,26,0,0,0,0,5191,3967,186,0,1,9500000,1200000,10,0,10,37457,37447,45947694,2142,2639228,1152,1430438,0,0,0,0,0,1.545,39.517,936.250,1724.400,1914,68117,35137,14953,32980,18027,0.299,24.607,6.463,1914,4075734,7212765,3.138,11.202,0.510,13.726,68117,3210,947,31348,830,2362,18,302,301,576,46,89,2,14,32,0,0,0,251,5,1,0,4,6247,5075,5075,0,0,0,0,0,,disabled,,0,0,0,0,,1,Fixed Quality,Hybrid,85,30,9500,12000,640,360,H.264,480,270,518400,28178,518400,28178,0.054,0.000,,0,0,0.000,1.840,0.000,0.000,0.078,7250,6750,6750,28,28,0,1,9500,1.000,0,10.593,0.000,0,0,3.491,0.000,3732,0,0,0,0.333,0.000,0.667,1,0,0,disabled,24,0,0,165,367,165,162,40,280,280,0,4,large-au-observed,0,,0,0,0.010,23.729,0,,0.000,0.000,0.000,0.000,0,0,0,,47,0,0,6.113,0,1299,0.077,0.000,0.000,0.077,0.000,0.055,0.007,1,1,1,1,0,1,1,0,0,0,0,0,1.000,0.000,0.000,30,0,0.000,0,0,0,0.000,0.000,0.000,0.000,0.000,0.000,0.000,1.755,10.118,0,0,0,0,0,0,0,0,0.000,0.000,0.000,0.000,0.000,0.000,0,0.096,21.738,941,947,4441,66.208,215.401,18.312,215.401,28129.683,767,1,H.264,123.591,0,0,214.404,215.403,1.000,169.033,122.586,arrival-gap-jitter-spike,19033.168,0,1,1,1,1,47162.851,322.588,323.555,326.080,326.080,1,0,10,0,0,10,0,,,130.701,156.716,1211,1,decoded,0,0,0,0,0,0,0,0,0,0,,105.895,0.000,108.754,0.000,0.000,0.000,134.085,stale-before-upload,0.001,1294,0.000,113.015,4.150,0.078,0.756,0.430,0.000,0.326,1,0,0,1,3,0.062,21.732,21.739,12.319,21.770,1.000,RecoveryDeadline,0,1,0,0.500,2,1,1,1,0.060,0.000,0.060,0,100,0,37494,35199,2234,0,2165
48.163,Custom_loss6_delay0-100_dup0_reorder6_burst0,Loopback,1,1,0,,,0.000,0,21,1323,25.833,23.993,25.291,130.666,102.470,97.900,58.308,30.238,0.062,0.243,35928,2371,33709,31338,4774,2881,331,1385,1181,204,177,0,31338,987,317,0,0,0,0,5.000,0,0,0,0,0,0,0,0,0,0,0,0,0,0,0,0.000,0.000,0.000,,973,973,4537,0,1,68.793,214.404,69.773,215.403,0.000,0.000,967,960,18555,1191,305,0,3275,5198,1325,1,nack-sent,pending,H.264,1,1,24,8,16,2,0,2,3,35,0,0,38261,13,0,0,0,0,0,44.203,229,331,204,197,204,0,67.090,25.156,152.135,2,0,766,65,831,0,236,34,0.409,0.591,0.922,1.000,0.126,42.000,0.500,0.500,0.000,insufficient-sample,1642,13729,0,0,989,12716,3275,32057,652,1010,1,3,32038,predicted-useful,likely-arrival,5438,0.000,331,831,0,0,0,0,0,25,26,25,26,327,5337,327,5337,0,0,0,pacing,1,0.797,11.501,119.501,0,0,25,26,0,0,0,0,5363,4044,190,0,1,9500000,1200000,0,0,0,38266,38266,46951022,2201,2712050,1179,1464074,0,0,0,0,0,25.946,39.517,4003.562,699.350,1957,69614,35919,15283,33695,18412,0.298,7.559,0.414,1957,3867361,7058592,0.810,19.607,0.472,14.427,69614,3275,974,32057,857,2400,18,303,302,578,47,91,2,14,33,0,0,0,251,5,1,0,4,6385,5198,5198,0,0,0,0,0,,disabled,,0,0,0,0,,1,Fixed Quality,Hybrid,85,30,9500,12000,640,360,H.264,480,270,518400,28178,518400,28178,0.054,0.000,,0,0,0.000,1.903,0.000,0.000,0.071,7250,6750,6750,28,28,0,1,9500,1.000,0,25.946,0.000,0,0,3.611,0.333,3732,1244,0,0,0.000,0.000,1.000,1,0,0,disabled,24,1,1,169,378,169,167,42,289,289,5,5,decoder-sync-observed,0,,0,0,17.634,23.729,0,,0.000,0.000,0.000,0.000,0,0,0,,48,0,0,5.833,0,1326,0.070,0.000,0.000,0.070,0.000,0.049,0.007,1,1,1,1,0,1,1,0,0,0,0,0,1.000,0.000,0.000,30,0,0.000,0,0,0,0.000,0.000,0.000,0.000,0.000,0.000,0.000,1.825,30.429,0,0,0,0,0,0,0,0,0.000,0.000,0.000,0.000,0.000,0.000,0,0.093,23.993,967,973,4537,69.791,215.401,18.312,215.401,28129.683,767,1,H.264,123.591,0,0,214.404,215.403,1.000,169.033,122.586,arrival-gap-jitter-spike,20033.320,0,1,1,1,1,48163.003,322.588,323.555,326.080,326.080,1,0,10,0,0,10,0,,,130.701,156.716,1211,1,decoded,0,0,0,0,0,0,0,0,0,0,,108.657,0.000,111.513,4.894,0.000,139.480,145.000,stale-before-upload,0.001,1322,0.000,111.449,5.550,0.074,0.886,0.604,0.000,0.282,1,0,0,1,3,0.062,25.833,23.993,30.238,25.291,2.000,Loss,0,1,0,1.000,1,1,1,1,0.060,0.000,0.060,0,100,0,38314,35993,2279,0,2212
49.168,Custom_loss6_delay0-100_dup0_reorder6_burst0,Loopback,1,1,0,,,0.000,0,21,1350,24.527,24.522,24.632,105.321,102.456,69.216,58.540,34.305,0.062,0.241,36737,2432,34463,32031,4868,2933,338,1419,1209,210,178,0,32031,1010,320,0,0,0,0,5.000,0,0,0,0,0,0,0,0,0,0,0,0,0,0,0,0.000,0.000,0.000,,996,996,4633,0,1,73.967,214.404,75.077,215.403,0.000,0.000,990,984,18942,1220,308,0,3340,5305,1352,1,fec-recovered,pending,H.264,0,1,24,21,3,2,2,2,5,15,0,0,39096,17,0,0,0,0,0,81.319,234,338,210,203,210,0,66.999,25.200,152.135,2,0,784,67,851,0,244,34,0.409,0.591,0.921,1.000,0.122,44.000,0.000,1.000,0.000,insufficient-sample,1679,13993,0,0,1009,12953,3340,32648,669,1037,1,3,32628,predicted-useful,fec-grace,5553,0.208,339,851,0,0,0,0,0,26,27,26,27,335,5456,335,5456,0,0,0,pacing,1,0.738,9.124,117.124,0,0,26,27,0,0,0,0,5483,4124,194,0,1,9500000,1200000,0,0,0,39126,39126,48004778,2251,2773676,1204,1495214,0,0,0,0,0,16.567,39.517,6942.125,4800.000,2001,71196,36733,15641,34463,18822,0.299,4.349,1.190,2001,12000000,15758997,0.617,9.949,0.541,15.747,71196,3340,997,32648,880,2442,18,306,305,582,47,91,2,14,33,0,0,0,254,5,1,0,4,6519,5305,5305,0,0,0,0,0,,disabled,,0,0,0,0,,1,Fixed Quality,Hybrid,85,30,9500,12000,640,360,H.264,480,270,518400,0,518400,28178,0.054,0.000,,0,0,0.000,0.011,0.000,0.000,0.006,7250,6750,6750,28,28,0,1,9500,1.000,0,16.567,0.000,0,0,0.000,0.000,0,0,0,0,0.275,0.646,0.079,1,0,0,disabled,0,0,0,173,386,173,171,42,297,297,2,5,async-output-pending,0,,0,0,0.000,0.000,0,,0.000,0.000,0.000,0.000,0,0,0,,49,0,0,0.000,1,0,0.000,0.000,0.000,0.000,0.000,0.000,0.000,0,0,0,0,0,0,0,0,1,1,1,1,1.000,180.000,1.500,30,0,0.000,0,0,0,0.000,0.000,0.000,0.000,0.000,0.000,0.000,0.000,6.129,0,0,0,0,0,0,0,0,0.000,0.000,0.000,0.000,0.000,0.000,0,0.120,24.522,990,996,4633,75.243,215.401,18.312,215.401,28129.683,767,1,H.264,123.591,0,0,214.404,215.403,1.000,169.033,122.586,arrival-gap-jitter-spike,21038.425,0,1,1,1,1,49168.108,322.588,323.555,326.080,326.080,1,0,10,0,0,10,0,,,130.701,156.716,1211,1,decoded,0,0,0,0,0,0,0,0,0,0,,101.747,0.000,104.650,0.000,0.000,0.000,132.661,stale-before-upload,0.001,1350,0.000,110.869,6.076,0.081,0.378,0.001,0.000,0.376,1,0,0,1,3,0.062,24.527,24.522,34.305,24.632,1.000,RecoveryDeadline,0,1,0,0.500,2,1,1,1,0.060,0.000,0.060,0,100,0,39175,36802,2327,0,2259
50.175,Custom_loss6_delay0-100_dup0_reorder6_burst0,Loopback,1,1,0,,,0.000,0,21,1379,15.603,15.599,15.558,111.729,102.512,27.893,57.901,40.452,0.062,0.243,37472,2486,35163,32677,4966,2996,346,1442,1228,214,182,0,32677,1027,330,0,0,0,0,5.000,0,0,0,0,0,0,0,0,0,0,0,0,0,0,0,0.000,0.000,0.000,,1013,1013,4729,0,1,103.549,214.404,104.542,215.403,0.000,0.000,1007,1001,19325,1241,318,0,3411,5412,1380,1,fec-recovered,pending,H.264,1,1,24,23,1,5,5,3,10,30,1,0,39901,20,39913,3,0,0,0,81.427,238,346,214,207,214,0,67.182,24.928,152.135,2,0,800,72,872,0,249,34,0.408,0.592,0.917,1.000,0.120,45.000,0.000,1.000,0.000,duplicate-guard,1707,14267,0,0,1027,13208,3411,33346,679,1056,1,3,33323,predicted-useful,fec-grace,5665,0.708,348,872,0,0,0,0,0,26,27,26,27,344,5617,344,5617,0,0,0,pacing,1,0.809,11.605,119.605,0,0,26,27,0,0,0,0,5644,4210,198,0,1,9500000,1200000,10,0,10,39927,39917,48974424,2302,2836546,1229,1526362,0,0,0,0,0,4.296,39.517,314.000,2733.600,2039,72631,37468,15961,35163,19202,0.299,6.484,0.212,2039,4975907,8235671,0.869,-0.305,0.516,10.681,72631,3411,1014,33346,903,2490,18,316,315,603,50,96,2,15,35,0,0,0,261,5,1,0,4,6653,5412,5412,0,0,0,0,0,,disabled,,0,0,0,0,,1,Fixed Quality,Hybrid,85,30,9500,12000,640,360,H.264,480,270,518400,28178,518400,28178,0.054,0.000,,0,0,0.000,2.432,0.000,0.000,0.133,7250,6750,6750,28,28,0,1,9500,1.000,0,8.595,0.000,0,0,0.000,0.000,0,0,0,0,0.273,0.644,0.083,1,0,0,disabled,24,1,1,177,398,177,178,43,305,305,4,5,decoder-sync-observed,0,,0,0,0.119,23.729,0,,0.000,0.000,0.000,0.000,0,0,0,,50,0,0,7.276,0,1382,0.133,0.000,0.000,0.132,0.000,0.108,0.008,1,1,1,1,0,1,1,0,0,0,1,0,0.860,26.755,0.000,26,0,0.000,0,0,0,0.000,0.000,0.000,0.000,0.000,0.000,0.000,2.290,11.045,0,0,0,0,0,0,0,0,0.000,0.000,0.000,0.000,0.000,0.000,0,0.090,15.599,1007,1013,4729,104.464,215.401,18.312,215.401,28129.683,767,1,H.264,123.591,0,0,214.404,215.403,1.000,169.033,122.586,arrival-gap-jitter-spike,22045.539,0,1,1,1,1,50175.222,322.588,323.555,326.080,326.080,1,0,10,0,0,10,0,,,130.701,156.716,1211,1,decoded,0,0,0,0,0,0,0,0,0,0,,108.283,0.000,111.050,0.000,0.000,0.000,140.864,stale-before-upload,0.001,1379,0.000,117.222,6.064,0.075,0.734,0.451,0.000,0.283,1,0,0,1,3,0.062,15.603,15.599,40.452,15.558,1.000,RecoveryDeadline,0,1,0,1.000,2,2,2,1,0.060,0.000,0.060,0,100,0,39967,37537,2382,0,2307
51.177,Custom_loss6_delay0-100_dup0_reorder6_burst0,Loopback,1,1,0,,,0.000,0,21,1405,19.289,19.305,19.248,102.074,102.549,60.595,57.956,49.958,0.062,0.244,38248,2528,35889,33361,5093,3074,356,1478,1259,219,185,0,33361,1046,337,0,0,0,0,5.000,0,0,0,0,0,0,0,0,0,0,0,0,0,0,0,0.000,0.000,0.000,,1032,1032,4828,0,1,100.630,214.404,101.801,215.403,0.000,0.000,1026,1020,19748,1265,325,0,3479,5540,1408,1,nack-sent,pending,H.264,1,1,24,16,8,2,1,2,6,23,2,0,40736,22,40748,2,0,0,0,56.094,246,356,219,212,219,0,67.349,25.129,152.135,2,0,823,71,894,0,258,35,0.409,0.591,0.921,1.000,0.119,40.000,0.500,0.500,0.500,retransmit-late,1743,14527,0,0,1046,13443,3479,34002,696,1081,1,3,33979,predicted-useful,likely-arrival,5775,0.083,356,894,0,0,0,0,0,26,27,26,27,352,5754,352,5754,0,0,0,pacing,1,0.822,11.073,119.073,0,0,26,27,0,0,0,0,5781,4288,202,0,1,9500000,1200000,0,0,0,40729,40729,49969042,2354,2900660,1254,1557502,0,0,0,0,0,16.307,39.517,6676.125,4800.000,2081,74122,38240,16311,35882,19571,0.299,13.215,1.256,2081,6224045,8698708,1.615,32.702,0.522,13.465,74122,3479,1033,34002,925,2536,18,323,322,614,52,99,1,16,36,0,0,0,266,5,1,0,4,6795,5540,5540,0,0,0,0,0,,disabled,,0,0,0,0,,1,Fixed Quality,Hybrid,85,30,9500,12000,640,360,H.264,480,270,518400,0,518400,28178,0.054,0.000,,0,0,0.000,4.882,0.000,4.216,0.646,7250,6750,6750,28,28,0,1,9500,1.000,0,16.307,0.000,0,0,0.000,0.000,0,0,0,0,0.275,0.645,0.079,1,0,0,disabled,0,0,0,181,407,181,183,43,312,312,3,5,async-output-pending,0,,0,0,0.000,0.000,0,,16.307,6676.125,45673.077,0.000,0,0,0,,51,0,0,0.000,1,0,0.636,0.184,0.450,0.000,0.000,0.000,0.000,0,0,1,1,1,0,0,1,1,0,1,0,0.860,15.278,0.000,26,0,0.000,0,0,0,0.000,0.000,0.000,0.000,0.000,0.000,0.000,0.000,29.551,0,0,0,0,0,0,0,0,0.000,0.000,0.000,0.000,0.000,0.000,0,0.082,19.305,1026,1032,4828,101.858,215.401,18.312,215.401,28129.683,767,1,H.264,123.591,0,0,214.404,215.403,1.000,169.033,122.586,arrival-gap-jitter-spike,23047.426,0,1,1,1,1,51177.109,322.588,323.555,326.080,326.080,1,0,10,0,0,10,0,,,130.701,156.716,1211,1,decoded,0,0,0,0,0,0,0,0,0,0,,104.664,0.000,107.526,0.000,0.000,0.000,136.037,stale-before-upload,0.001,1405,0.000,113.592,5.979,0.074,0.772,0.522,0.000,0.249,1,0,0,1,3,0.062,19.289,19.305,49.958,19.248,1.000,Jitter,0,1,0,0.000,3,2,2,1,0.060,0.000,0.060,0,100,0,40780,38314,2424,0,2366
52.183,Custom_loss6_delay0-100_dup0_reorder6_burst0,Loopback,1,1,0,,,0.000,0,21,1432,19.992,19.993,19.229,120.474,102.618,87.831,58.554,9.882,0.061,0.245,39010,2546,36576,34030,5209,3141,367,1510,1286,224,191,0,34030,1064,345,0,0,0,0,5.000,0,0,0,0,0,0,0,0,0,0,0,0,0,0,0,0.000,0.000,0.000,,1050,1050,4926,0,1,58.855,214.404,59.903,215.403,0.000,0.000,1044,1038,20133,1288,333,0,3549,5643,1436,1,fec-parity,pending,H.264,1,1,24,11,13,2,0,2,6,33,1,0,41536,13,41555,2,0,0,0,45.825,253,367,224,217,224,0,67.340,25.007,152.135,2,0,846,73,919,0,267,36,0.408,0.592,0.921,1.000,0.119,44.000,0.000,0.000,0.000,insufficient-sample,1777,14790,0,0,1064,13681,3549,34673,712,1106,1,3,34649,predicted-useful,likely-arrival,5886,0.583,365,919,0,0,0,0,0,26,27,26,27,361,5888,361,5888,0,0,0,pacing,1,0.774,9.641,117.641,0,0,26,27,0,0,0,0,5915,4368,206,0,1,9500000,1200000,0,0,0,41534,41534,50955528,2409,2968506,1280,1589894,0,0,0,0,0,11.158,39.517,773.062,3900.750,2123,75574,38998,16557,36576,20019,0.298,4.685,2.142,2123,4121398,6913580,2.542,31.609,0.473,10.044,75574,3549,1051,34673,949,2582,18,331,330,627,53,100,1,17,36,0,0,0,273,5,1,0,4,6924,5643,5643,0,0,0,0,0,,disabled,,0,0,0,0,,1,Fixed Quality,Hybrid,85,30,9500,12000,640,360,H.264,480,270,518400,28178,518400,28178,0.054,0.000,,0,0,0.000,1.902,0.000,0.000,0.070,7250,6750,6750,28,28,0,1,9500,1.000,0,11.158,0.000,0,0,0.000,0.000,0,0,0,0,0.275,0.645,0.079,1,0,0,disabled,24,1,1,185,417,185,189,43,320,320,3,5,decoder-sync-observed,0,,0,0,0.128,23.729,0,,0.000,0.000,0.000,0.000,0,0,0,,52,0,0,3.058,0,1437,0.070,0.000,0.000,0.070,0.000,0.047,0.008,1,1,1,1,0,1,1,0,0,0,0,0,1.000,0.000,0.000,30,0,0.000,0,0,0,0.000,0.000,0.000,0.000,0.000,0.000,0.000,1.800,6.979,0,0,0,0,0,0,0,0,0.000,0.000,0.000,0.000,0.000,0.000,0,0.096,19.993,1044,1050,4926,59.863,215.401,18.312,215.401,28129.683,767,1,H.264,123.591,0,0,214.404,215.403,1.000,169.033,122.586,arrival-gap-jitter-spike,24053.511,0,1,1,1,1,52183.194,322.588,323.555,326.080,326.080,1,0,10,0,0,10,0,,,130.701,156.716,1211,1,decoded,0,0,0,0,0,0,0,0,0,0,,109.138,0.000,111.950,0.000,0.000,0.000,140.237,stale-before-upload,0.001,1432,0.000,117.108,5.051,0.083,0.682,0.430,0.000,0.252,1,0,0,1,3,0.061,19.992,19.993,9.882,19.229,1.000,Loss,0,1,0,0.000,1,1,1,1,0.060,0.000,0.060,0,100,0,41586,39081,2464,0,2431
53.184,Custom_loss6_delay0-100_dup0_reorder6_burst0,Loopback,1,1,0,,,0.000,0,21,1463,23.685,21.860,21.112,97.199,102.620,49.467,58.376,34.677,0.061,0.244,39844,2603,37369,34766,5329,3209,377,1550,1319,231,193,0,34766,1088,351,0,0,0,0,5.000,0,0,0,0,0,0,0,0,0,0,0,0,0,0,0,0.000,0.000,0.000,,1073,1073,5019,0,1,6.401,214.404,7.543,215.403,0.000,0.000,1067,1061,20567,1319,339,0,3622,5771,1465,1,nack-sent,pending,H.264,0,1,24,7,17,1,0,1,0,17,0,0,42418,0,0,0,0,0,0,54.676,261,377,231,224,231,0,67.314,25.073,152.135,3,0,872,71,943,0,276,37,0.409,0.591,0.925,1.000,0.118,38.000,0.000,1.000,0.000,insufficient-sample,1806,15056,0,0,1084,13935,3622,35517,721,1118,1,3,35493,predicted-useful,fec-grace,6012,0.417,375,943,0,3,0,0,0,26,27,26,27,372,6077,372,6077,0,0,0,pacing,1,0.801,4.678,112.678,0,0,26,27,0,0,0,0,6107,4459,210,0,1,9500000,1200000,0,0,0,42398,42398,52014260,2463,3035106,1304,1619790,0,0,0,0,0,18.334,39.517,8532.188,3854.400,2170,77194,39829,16965,37365,20400,0.299,1.026,0.667,2170,6490121,9554737,1.059,17.614,0.447,10.449,77194,3622,1075,35517,977,2627,18,336,335,640,55,104,2,17,38,0,0,0,276,5,1,0,4,7073,5771,5771,0,0,0,0,0,,disabled,,0,0,0,0,,1,Fixed Quality,Hybrid,85,30,9500,12000,640,360,H.264,480,270,518400,0,518400,28178,0.054,0.000,,0,0,0.000,5.084,0.000,4.438,0.603,7250,6750,6750,28,28,0,1,9500,1.000,0,18.334,0.000,0,0,0.000,0.000,0,0,0,0,0.000,1.000,0.000,1,0,0,disabled,0,0,0,189,427,189,193,45,328,328,0,5,async-output-pending,0,,0,0,0.000,0.000,0,,0.000,0.000,0.000,0.000,0,0,0,,53,0,0,0.000,1,0,0.594,0.181,0.411,0.000,0.000,0.000,0.000,0,0,1,1,1,0,0,1,1,0,0,0,1.000,0.000,0.000,30,0,0.000,0,0,0,0.000,0.000,0.000,0.000,0.000,0.000,0.000,0.000,24.436,0,0,0,0,0,0,0,0,0.000,0.000,0.000,0.000,0.000,0.000,0,0.090,21.861,1067,1073,5019,7.472,215.401,18.312,215.401,28129.683,767,1,H.264,123.591,0,0,214.404,215.403,1.000,169.033,122.586,arrival-gap-jitter-spike,25054.225,0,1,1,1,1,53183.908,322.588,323.555,326.080,326.080,1,0,10,0,0,10,0,,,130.701,156.716,1211,1,decoded,0,0,0,0,0,0,0,0,0,0,,106.493,0.000,109.311,0.000,0.000,0.000,128.600,stale-before-upload,0.000,1463,0.000,113.251,3.836,0.071,0.860,0.617,0.000,0.243,1,0,0,1,3,0.061,23.685,21.860,34.677,21.112,1.000,Loss,0,1,0,0.000,0,3,3,1,0.060,0.000,0.060,0,100,0,42451,39916,2512,0,2476
54.191,Custom_loss6_delay0-100_dup0_reorder6_burst0,Loopback,1,1,0,,,0.000,0,21,1492,15.775,15.779,17.768,82.076,102.616,21.762,57.672,52.111,0.062,0.243,40605,2661,38097,35436,5439,3271,388,1587,1353,234,193,0,35436,1109,356,0,0,0,0,5.000,0,0,0,0,0,0,0,0,0,0,0,0,0,0,0,0.000,0.000,0.000,,1094,1094,5117,0,1,10.324,214.404,11.280,215.403,0.000,0.000,1088,1082,20944,1343,344,0,3687,5879,1493,1,fec-recovered,pending,H.264,1,1,24,19,5,3,3,3,9,38,1,1,43200,10,43223,0,0,0,0,74.949,269,388,234,227,234,0,67.219,25.081,152.135,3,0,894,73,967,0,280,40,0.409,0.591,0.925,1.000,0.125,36.000,0.000,1.000,1.000,insufficient-sample,1837,15293,0,0,1101,14153,3687,36137,735,1137,1,3,36113,predicted-useful,fec-grace,6123,0.375,383,967,0,3,0,0,0,26,27,26,27,380,6202,380,6202,0,0,0,pacing,1,0.763,8.009,116.009,0,0,26,27,0,0,0,0,6232,4538,214,0,1,9500000,1200000,11,0,11,43232,43221,53023136,2517,3101708,1330,1652182,0,0,0,0,0,8.332,39.517,757.625,4800.000,2212,78692,40595,17258,38097,20839,0.298,46.803,0.000,2212,6111246,10159418,1.884,8.550,0.502,21.134,78692,3687,1096,36137,1001,2668,18,341,340,649,58,111,2,17,41,0,0,0,278,5,1,0,4,7198,5879,5879,0,0,0,0,0,,disabled,,0,0,0,0,,1,Fixed Quality,Hybrid,85,30,9500,12000,640,360,H.264,480,270,518400,28178,518400,28178,0.054,0.000,,0,0,0.000,1.947,0.000,0.000,0.071,7250,6750,6750,28,28,0,1,9500,1.000,0,8.332,0.000,0,0,0.000,0.000,0,0,0,0,0.278,0.646,0.075,1,0,0,disabled,24,1,1,193,438,193,200,45,337,337,1,5,decoder-sync-observed,0,,0,0,20.480,23.729,0,,0.000,0.000,0.000,0.000,0,0,0,,54,0,0,5.941,0,1495,0.071,0.000,0.000,0.071,0.000,0.047,0.008,1,1,1,1,0,1,1,0,0,0,0,0,1.000,0.000,0.000,30,0,0.000,0,0,0,0.000,0.000,0.000,0.000,0.000,0.000,0.000,1.841,9.889,0,0,0,0,0,0,0,0,0.000,0.000,0.000,0.000,0.000,0.000,0,0.084,15.779,1088,1094,5117,11.348,215.401,18.312,215.401,28129.683,767,1,H.264,123.591,0,0,214.404,215.403,1.000,169.033,122.586,arrival-gap-jitter-spike,26061.355,0,1,1,1,1,54191.038,322.588,323.555,326.080,326.080,1,0,10,0,0,10,0,,,130.701,156.716,1211,1,decoded,0,0,0,0,0,0,0,0,0,0,,100.908,0.000,103.756,0.000,0.000,0.000,126.038,stale-before-upload,0.001,1492,0.000,107.718,3.865,0.074,0.857,0.603,0.000,0.254,1,0,0,1,3,0.062,15.775,15.779,52.111,17.768,2.000,RecoveryDeadline,0,1,0,1.000,0,1,1,1,0.060,0.000,0.060,0,100,0,43275,40675,2554,0,2524
55.197,Custom_loss6_delay0-100_dup0_reorder6_burst0,Loopback,1,1,0,,,0.000,0,21,1520,18.543,18.550,17.943,126.861,102.631,96.407,58.402,28.984,0.061,0.244,41433,2687,38863,36176,5556,3345,393,1611,1374,237,207,0,36176,1128,365,0,0,0,0,5.000,0,0,0,0,0,0,0,0,0,0,0,0,0,0,0,0.000,0.000,0.000,,1113,1113,5210,0,1,81.884,214.404,82.914,215.403,0.000,0.000,1107,1101,21369,1365,353,0,3767,5993,1521,1,fec-parity,pending,H.264,1,1,24,23,1,4,1,3,16,37,1,2,44058,3,44087,2,0,0,0,103.769,282,393,237,230,237,0,67.217,25.090,152.135,3,0,915,77,992,0,290,40,0.418,0.582,0.922,1.000,0.121,44.000,0.000,0.000,0.000,insufficient-sample,1872,15598,0,0,1121,14437,3767,36965,750,1158,1,3,36940,predicted-useful,likely-arrival,6251,0.583,392,992,0,3,0,0,0,26,27,26,27,389,6353,389,6353,0,0,0,pacing,1,0.810,9.979,117.979,0,0,26,27,0,0,0,0,6383,4632,218,0,1,9500000,1200000,11,0,11,44097,44086,54083114,2572,3169554,1357,1685810,0,0,0,0,0,0.482,39.517,862.125,4800.000,2257,80276,41415,17572,38861,21289,0.298,24.045,0.000,2257,4711089,7745260,0.800,21.769,0.447,16.380,80276,3767,1115,36965,1028,2721,18,350,349,664,58,111,2,17,41,0,0,0,287,5,1,0,4,7345,5993,5993,0,0,0,0,0,,disabled,,0,0,0,0,,1,Fixed Quality,Hybrid,85,30,9500,12000,640,360,H.264,480,270,518400,28178,518400,28178,0.054,0.000,,0,0,0.000,2.057,0.000,0.000,0.071,7250,6750,6750,28,28,0,1,9500,1.000,0,5.553,0.000,0,0,0.000,0.000,0,0,0,0,1.000,0.000,0.000,1,0,0,disabled,24,1,1,197,449,197,205,47,346,346,3,5,decoder-sync-observed,0,,0,0,0.009,23.729,0,,0.000,0.000,0.000,0.000,0,0,0,,55,0,0,6.026,0,1524,0.070,0.000,0.000,0.066,0.000,0.044,0.008,1,1,1,1,0,1,1,0,0,0,1,0,0.860,151.593,0.000,26,0,0.000,0,0,0,0.000,0.000,0.000,0.000,0.000,0.000,0.000,1.942,10.131,0,0,0,0,0,0,0,0,0.000,0.000,0.000,0.000,0.000,0.000,0,0.102,18.550,1107,1113,5210,82.909,215.401,18.312,215.401,28129.683,767,1,H.264,123.591,0,0,214.404,215.403,1.000,169.033,122.586,arrival-gap-jitter-spike,27067.772,0,1,1,1,1,55197.455,322.588,323.555,326.080,326.080,1,0,10,0,0,10,0,,,130.701,156.716,1211,1,decoded,0,0,0,0,0,0,0,0,0,0,,107.004,0.000,109.930,0.000,0.000,0.000,143.430,stale-before-upload,0.001,1520,0.000,114.689,4.645,0.082,0.866,0.607,0.000,0.260,1,0,0,1,3,0.061,18.543,18.550,28.984,17.943,1.000,RecoveryDeadline,0,1,0,0.000,1,2,2,1,0.060,0.000,0.060,0,100,0,44141,41504,2603,0,2572
56.199,Custom_loss6_delay0-100_dup0_reorder6_burst0,Loopback,1,1,0,,,0.000,0,21,1547,17.168,17.169,17.120,105.401,102.707,105.013,59.266,59.773,0.061,0.246,42171,2743,39558,36815,5664,3416,399,1637,1392,245,212,0,36815,1145,374,0,0,0,0,5.000,0,0,0,0,0,0,0,0,0,0,0,0,0,0,0,0.000,0.000,0.000,,1130,1130,5307,0,1,117.190,214.404,118.157,215.403,0.000,0.000,1124,1118,21746,1390,362,0,3835,6099,1549,1,nack-sent,pending,H.264,1,1,24,13,11,2,0,3,9,46,0,0,44880,22,0,0,0,0,0,61.554,286,399,245,238,245,0,67.572,25.112,152.135,3,0,933,80,1013,0,295,41,0.418,0.582,0.921,1.000,0.122,45.000,0.000,1.000,0.000,stable,1903,15839,0,0,1139,14660,3835,37610,763,1176,1,3,37585,predicted-useful,likely-arrival,6358,0.750,399,1013,0,3,0,0,0,26,27,26,27,396,6458,396,6458,0,0,0,pacing,1,0.785,9.166,117.166,0,0,26,27,0,0,0,0,6488,4714,222,0,1,9500000,1200000,10,0,10,44898,44888,55065870,2623,3232424,1383,1717580,0,0,0,0,0,1.317,39.517,343.688,1834.800,2298,81714,42156,17942,39558,21616,0.299,9.071,0.000,2298,3893619,6810988,1.272,19.137,0.545,9.414,81714,3835,1132,37610,1050,2767,18,359,358,679,60,115,2,17,43,0,0,0,294,5,1,0,4,7473,6099,6099,0,0,0,0,0,,disabled,,0,0,0,0,,1,Fixed Quality,Hybrid,85,30,9500,12000,640,360,H.264,480,270,518400,28178,518400,28178,0.054,0.000,,0,0,0.000,1.917,0.000,0.000,0.064,7250,6750,6750,28,28,0,1,9500,1.000,0,11.952,0.000,0,0,3.052,0.000,3732,0,0,0,0.000,0.000,1.000,1,0,0,disabled,24,1,1,201,458,201,210,47,354,354,3,5,decoder-sync-observed,0,,0,0,0.111,23.729,0,,0.000,0.000,0.000,0.000,0,0,0,,56,0,0,6.410,0,1551,0.063,0.000,0.000,0.063,0.000,0.043,0.006,1,1,1,1,0,1,1,0,0,0,0,0,1.000,0.000,0.000,30,0,0.000,0,0,0,0.000,0.000,0.000,0.000,0.000,0.000,0.000,1.821,10.348,0,0,0,0,0,0,0,0,0.000,0.000,0.000,0.000,0.000,0.000,0,0.091,17.169,1124,1130,5307,118.159,215.401,18.312,215.401,28129.683,767,1,H.264,123.591,0,0,214.404,215.403,1.000,169.033,122.586,arrival-gap-jitter-spike,28069.087,0,1,1,1,1,56198.770,322.588,323.555,326.080,326.080,1,0,10,0,0,10,0,,,130.701,156.716,1211,1,decoded,0,0,0,0,0,0,0,0,0,0,,106.001,0.000,108.743,0.000,0.000,0.000,137.701,stale-before-upload,0.001,1547,0.000,114.343,5.498,0.074,0.801,0.471,0.000,0.330,1,0,0,1,3,0.061,17.168,17.169,59.773,17.120,2.000,RecoveryDeadline,0,1,0,0.000,1,2,2,1,0.060,0.000,0.060,0,100,0,44944,42243,2647,0,2621
57.205,Custom_loss6_delay0-100_dup0_reorder6_burst0,Loopback,1,1,0,,,0.000,0,21,1576,15.999,15.996,16.018,94.762,102.704,96.376,59.940,27.269,0.061,0.246,42930,2799,40274,37475,5765,3479,411,1661,1409,252,214,0,37475,1165,380,0,0,0,0,5.000,0,0,0,0,0,0,0,0,0,0,0,0,0,0,0,0.000,0.000,0.000,,1150,1150,5404,0,1,34.222,214.404,35.235,215.403,0.000,0.000,1144,1138,22133,1417,368,0,3901,6202,1577,1,fec-parity,pending,H.264,1,1,24,10,14,3,0,2,7,39,0,0,45680,10,0,0,0,0,0,55.987,297,411,252,245,252,0,67.683,24.758,152.135,3,0,963,75,1038,0,304,44,0.419,0.581,0.928,1.000,0.126,40.000,0.200,0.800,0.000,duplicate-guard,1927,16043,0,0,1155,14849,3901,38266,771,1191,1,3,38241,predicted-useful,likely-arrival,6467,0.000,410,1038,0,3,0,0,0,26,27,26,27,407,6645,407,6645,0,0,0,pacing,1,0.785,9.465,117.465,0,0,26,27,0,0,0,0,6675,4789,225,0,1,9500000,1200000,0,0,0,45673,45673,56027474,2678,3300270,1408,1748720,0,0,0,0,0,15.632,39.517,6277.938,4800.000,2340,83180,42912,18272,40268,21996,0.299,17.753,0.107,2340,6006686,9252484,0.782,13.582,0.532,13.776,83180,3901,1152,38266,1078,2805,18,365,364,692,64,123,2,17,47,0,0,0,296,5,1,0,4,7611,6203,6203,0,0,0,0,0,,disabled,,0,0,0,0,,1,Fixed Quality,Hybrid,85,30,9500,12000,640,360,H.264,480,270,518400,28176,518400,28176,0.054,0.000,,0,0,0.000,2.036,0.000,0.000,0.088,7250,6750,6750,28,28,0,1,9500,1.000,0,15.632,0.000,0,0,0.000,0.000,0,0,0,0,0.000,1.000,0.000,1,0,0,disabled,24,0,0,204,468,204,215,49,362,362,0,5,large-au-observed,0,,0,0,18.847,23.727,0,,0.000,0.000,0.000,0.000,0,0,0,,57,0,0,4.517,0,1578,0.088,0.000,0.000,0.088,0.000,0.061,0.010,1,1,1,1,0,1,1,0,0,0,0,0,1.000,0.000,0.000,30,0,0.000,0,0,0,0.000,0.000,0.000,0.000,0.000,0.000,0.000,1.940,32.526,0,0,0,0,0,0,0,0,0.000,0.000,0.000,0.000,0.000,0.000,0,0.087,15.996,1144,1150,5404,35.137,215.401,18.312,215.401,28129.683,767,1,H.264,123.591,0,0,214.404,215.403,1.000,169.033,122.586,arrival-gap-jitter-spike,29075.397,0,1,1,1,1,57205.080,322.588,323.555,326.080,326.080,1,0,10,0,0,10,0,,,130.701,156.716,1211,1,decoded,0,0,0,0,0,0,0,0,0,0,,103.049,0.000,105.877,0.000,0.000,0.000,127.381,stale-before-upload,0.001,1576,0.000,110.905,4.925,0.076,0.646,0.365,0.000,0.282,1,0,0,1,3,0.061,15.999,15.996,27.269,16.018,1.000,Loss,0,1,0,0.000,3,3,3,1,0.060,0.000,0.060,0,100,0,45730,43005,2692,0,2657
58.211,Custom_loss6_delay0-100_dup0_reorder6_burst0,Loopback,1,1,0,,,0.000,0,21,1600,18.959,17.212,15.994,99.752,102.669,9.603,59.041,11.084,0.061,0.247,43614,2831,40900,38069,5863,3541,415,1690,1430,260,217,0,38069,1183,388,0,0,0,0,5.000,0,0,0,0,0,0,0,0,0,0,0,0,0,0,0,0.000,0.000,0.000,,1168,1168,5506,0,1,40.746,214.404,41.660,215.403,0.000,0.000,1162,1155,22497,1443,376,0,3965,6309,1604,1,fec-recovered,pending,H.264,1,1,22,19,3,4,3,3,13,42,0,0,46395,3,0,0,0,0,0,72.649,300,415,260,253,260,0,67.713,24.640,152.135,3,0,978,78,1056,0,312,44,0.420,0.580,0.926,1.000,0.124,45.000,0.167,0.833,0.000,duplicate-guard,1953,16274,0,0,1173,15069,3965,38850,779,1202,1,3,38824,predicted-useful,fec-grace,6575,0.364,416,1056,0,3,0,0,0,26,27,26,27,413,6723,412,6722,0,0,0,pacing,1,0.806,11.559,119.559,0,0,26,27,0,0,0,0,6753,4868,229,0,1,9500000,1200000,0,0,0,46393,46393,56912023,2724,3357238,1431,1777372,0,0,0,0,0,0.052,39.517,17778.500,1104.000,2378,84488,43596,18545,40892,22347,0.298,43.103,2.307,2378,3676630,6796412,2.012,-6.489,0.475,15.580,84488,3965,1169,38850,1101,2846,18,373,372,707,66,126,2,18,48,0,0,0,302,5,1,0,4,7737,6309,6309,0,0,0,0,0,,disabled,,0,0,0,0,,1,Fixed Quality,Hybrid,85,30,9500,12000,640,360,H.264,480,270,518400,0,518400,26096,0.050,0.000,,0,0,0.000,0.013,0.000,0.000,0.005,6500,6250,6250,29,29,0,1,9500,0.913,1,6.641,0.000,0,0,0.000,0.000,0,0,0,0,0.284,0.642,0.074,1,0,0,latency-pressure-freshness-hold,0,0,0,208,477,208,220,49,370,370,2,5,async-output-pending,0,,0,0,0.000,0.000,0,,0.000,0.000,0.000,0.000,0,0,0,,58,0,0,0.000,1,0,0.000,0.000,0.000,0.000,0.000,0.000,0.000,0,0,0,0,0,0,0,0,1,1,1,1,1.000,180.000,1.500,27,0,0.000,0,0,0,0.000,0.000,0.000,0.000,0.000,0.000,0.000,0.000,7.348,0,0,0,0,0,0,0,0,0.000,0.000,0.000,0.000,0.000,0.000,0,0.120,17.212,1162,1168,5506,41.654,215.401,18.312,215.401,28129.683,767,1,H.264,123.591,0,0,214.404,215.403,1.000,169.033,122.586,arrival-gap-jitter-spike,30081.419,0,1,1,1,1,58211.102,322.588,323.555,326.080,326.080,1,0,11,0,0,11,1,latency-pressure freshness,latency-over-80ms,133.209,156.716,1584,1,decoded,0,0,0,0,0,0,0,0,0,0,,102.216,0.000,104.812,0.000,0.000,0.000,129.876,stale-before-upload,0.001,1600,0.000,108.121,3.615,0.077,1.050,0.810,0.000,0.240,1,0,0,1,3,0.061,18.959,17.212,11.084,15.994,1.000,RecoveryDeadline,0,1,0,0.500,2,1,1,1,0.060,0.000,0.060,0,100,0,46451,43688,2736,0,2696
59.211,Custom_loss6_delay0-100_dup0_reorder6_burst0,Loopback,1,1,0,,,0.000,0,21,1631,19.747,19.744,20.316,95.930,102.615,74.426,59.311,20.416,0.061,0.247,44335,2887,41569,38682,5962,3601,425,1717,1454,263,219,0,38682,1203,394,0,0,0,0,5.000,0,0,0,0,0,0,0,0,0,0,0,0,0,0,0,0.000,0.000,0.000,,1188,1188,5598,0,1,29.108,214.404,30.225,215.403,0.000,0.000,1182,1174,22874,1466,382,0,4027,6414,1633,1,retransmit-arrived,pending,H.264,1,1,23,10,13,1,1,1,3,16,1,0,47222,0,47222,0,47222,0,1,30.849,312,425,263,256,263,0,67.879,24.512,152.135,3,0,1003,80,1083,0,321,45,0.423,0.577,0.926,1.000,0.123,45.000,0.200,0.800,0.000,duplicate-guard,1986,16498,0,0,1191,15267,4027,39410,794,1228,1,3,39384,predicted-useful,fec-grace,6679,0.000,427,1083,0,4,0,0,0,28,29,28,29,425,6911,424,6910,0,0,0,pacing,1,0.766,7.569,115.569,0,0,28,29,0,0,0,0,6944,4939,233,0,1,9500000,1200000,10,0,10,47195,47185,57887997,2780,3426486,1456,1808512,0,0,0,0,0,0.575,39.517,1049.750,1948.650,2417,85876,44309,18869,41567,22698,0.299,44.823,0.000,2417,4352326,7666230,1.962,64.823,0.547,13.413,85876,4027,1189,39410,1124,2885,18,379,378,718,68,129,1,19,49,0,0,0,306,5,1,0,4,7863,6414,6414,0,0,0,0,0,,disabled,,0,0,0,0,,1,Fixed Quality,Hybrid,85,30,9500,12000,640,360,H.264,480,270,518400,27136,518400,27136,0.052,0.000,,0,0,0.000,2.207,0.000,0.000,0.067,7250,6500,6500,30,30,0,1,9500,1.000,0,11.743,0.000,0,0,3.650,0.000,3732,0,0,0,0.333,0.000,0.667,1,0,0,disabled,23,0,0,212,488,212,226,50,378,378,0,5,large-au-observed,0,,0,0,0.023,22.851,0,,0.000,0.000,0.000,0.000,0,0,0,,59,0,0,6.388,0,1634,0.067,0.000,0.000,0.066,0.000,0.048,0.005,1,1,1,1,0,1,1,0,0,0,0,0,1.000,0.000,0.000,30,0,0.000,0,0,0,0.000,0.000,0.000,0.000,0.000,0.000,0.000,2.132,10.176,0,0,0,0,0,0,0,0,0.000,0.000,0.000,0.000,0.000,0.000,0,0.085,19.744,1182,1188,5598,30.174,215.401,18.312,215.401,28129.683,767,1,H.264,123.591,0,0,214.404,215.403,1.000,169.033,122.586,arrival-gap-jitter-spike,31081.747,0,1,1,1,1,59211.430,322.588,323.555,326.080,326.080,1,0,11,0,0,11,0,,,133.209,156.716,1584,1,decoded,0,0,0,0,0,0,0,0,0,0,,100.461,0.000,103.098,4.854,0.000,104.462,127.965,stale-before-upload,0.001,1630,0.000,108.504,4.423,0.072,0.885,0.571,0.000,0.315,1,0,0,1,3,0.061,19.747,19.744,20.416,20.316,1.000,Loss,0,1,0,2.000,2,4,4,1,0.060,0.000,0.060,0,100,0,47244,44411,2782,0,2735
60.218,Custom_loss6_delay0-100_dup0_reorder6_burst0,Loopback,1,1,0,,,0.000,0,21,1659,13.998,13.989,13.995,99.384,102.581,146.344,60.812,50.163,0.061,0.248,45085,2942,42283,39341,6068,3665,430,1748,1482,266,225,0,39341,1221,402,0,0,0,0,5.000,0,0,0,0,0,0,0,0,0,0,0,0,0,0,0,0.000,0.000,0.000,,1206,1206,5700,0,1,20.256,214.404,21.278,215.403,0.000,0.000,1200,1193,23256,1487,390,0,4097,6519,1660,1,fec-recovered,pending,H.264,0,1,24,24,0,6,6,3,9,27,0,0,47967,20,0,0,0,0,0,96.614,318,430,266,259,266,0,67.876,24.657,152.135,3,0,1017,81,1098,0,326,47,0.425,0.575,0.926,1.000,0.126,34.000,0.500,0.500,0.000,stable,2018,16784,0,0,1210,15530,4097,40112,807,1251,1,3,40086,predicted-useful,likely-arrival,6793,0.083,432,1098,0,4,0,0,0,28,29,28,29,430,6993,429,6992,0,0,0,pacing,1,0.791,11.760,119.760,0,0,28,29,0,0,0,0,7026,5027,237,0,1,9500000,1200000,6,0,6,47980,47974,58855959,2825,3481892,1481,1839660,0,0,0,0,0,4.454,39.517,170.875,2061.750,2460,87366,45083,19155,42283,23128,0.298,30.307,0.000,2460,5689070,9317561,0.666,66.242,0.492,19.550,87366,4097,1207,40112,1146,2933,18,387,386,735,72,138,3,20,52,0,0,0,310,5,1,0,4,7998,6519,6519,0,0,0,0,0,,disabled,,0,0,0,0,,1,Fixed Quality,Hybrid,85,30,9500,12000,640,360,H.264,480,270,518400,28178,518400,28178,0.054,0.000,,0,0,0.000,2.004,0.000,0.000,0.090,7250,6750,6750,31,31,0,1,9500,1.000,0,4.454,0.000,0,0,0.000,0.000,0,0,0,0,0.290,0.637,0.074,1,0,0,disabled,24,1,1,216,498,216,232,50,386,386,2,5,decoder-sync-observed,0,,0,0,0.072,23.729,0,,0.000,0.000,0.000,0.000,0,0,0,,60,0,0,7.115,0,1662,0.090,0.000,0.000,0.089,0.000,0.060,0.010,1,1,1,1,0,1,1,0,0,0,1,0,0.860,28.424,0.000,26,0,0.000,0,0,0,0.000,0.000,0.000,0.000,0.000,0.000,0.000,1.904,11.457,0,0,0,0,0,0,0,0,0.000,0.000,0.000,0.000,0.000,0.000,0,0.083,13.989,1200,1206,5700,21.264,215.401,18.312,215.401,28129.683,767,1,H.264,123.591,0,0,214.404,215.403,1.000,169.033,122.586,arrival-gap-jitter-spike,32088.525,0,1,1,1,1,60218.208,322.588,323.555,326.080,326.080,1,0,11,0,0,11,0,,,133.209,156.716,1584,1,decoded,0,0,0,0,0,0,0,0,0,0,,102.348,0.000,105.106,0.000,0.000,0.000,134.692,stale-before-upload,0.001,1659,0.000,109.779,4.584,0.075,0.714,0.402,0.000,0.312,1,0,0,1,3,0.061,13.998,13.989,50.163,13.995,2.000,RTT,0,1,0,1.000,0,1,1,1,0.060,0.000,0.060,0,100,0,48034,45166,2828,0,2776
