timeSec,scenarioName,networkRuntimeMode,networkModeSendingEnabled,networkModeReceivingEnabled,networkExperimentActive,networkExperimentScenarioName,networkExperimentAdaptiveMode,networkExperimentRemainingSec,networkExperimentStepIndex,networkExperimentStepCount,frameId,receiveFps,decodeFps,displayFps,currentLatencyMs,averageLatencyMs,currentRttMs,averageRttMs,currentJitterMs,packetLossRate,frameDropRate,receivedPackets,missingPackets,sequenceGapPackets,sequenceGapRecoveredPackets,duplicatePackets,duplicateOriginalPackets,duplicateRetransmitPackets,duplicateLateAfterCompletedPackets,duplicateLateAfterCompletedOriginalPackets,duplicateLateAfterCompletedRetransmitPackets,duplicateLateAfterExpiredPackets,duplicateLateAfterRejectedPackets,reorderedPackets,completedFrames,droppedFrames,deadlineDroppedFrames,outputQueueDroppedFrames,outputQueueDropEvents,outputQueueDropBurstEvents,startupWarmupSec,startupWarmupActive,outputQueueDroppedFramesDelta,outputQueueDropEventsDelta,outputQueueDropBurstEventsDelta,startupOutputQueueDroppedFrames,startupOutputQueueDropEvents,startupOutputQueueDropBurstEvents,steadyOutputQueueDroppedFrames,steadyOutputQueueDropEvents,steadyOutputQueueDropBurstEvents,evaluationOutputQueueDroppedFrames,evaluationOutputQueueDropEvents,evaluationOutputQueueDropBurstEvents,lastOutputQueueDropFrameCount,lastOutputQueueDropQueueSize,lastOutputQueueDropOldestAgeMs,lastOutputQueueDropNewestAgeMs,maxOutputQueueDropOldestAgeMs,lastOutputQueueDropReason,completedQueuePushes,completedQueuePops,completedQueueEmptyPolls,completedQueueSize,maxCompletedQueueSize,completedQueueLastPopAgeMs,completedQueueMaxPopAgeMs,completedQueueLastPushIntervalMs,completedQueueMaxPushIntervalMs,lastOutputQueueDropPopAgeMs,lastOutputQueueDropPushIntervalMs,decodedFrames,displayedFrames,frameRecoveryOutcomeEvents,frameRecoveryCompletedFrames,frameRecoveryExpiredFrames,frameRecoveryRejectedFrames,frameRecoveryNackSentFrames,frameRecoveryFecRecoveredFrames,frameRecoveryLastFrameId,frameRecoveryLastStreamId,frameRecoveryLastEvent,frameRecoveryLastOutcome,frameRecoveryLastCodec,frameRecoveryLastKeyFrame,frameRecoveryLastLargeFrame,frameRecoveryLastChunkCount,frameRecoveryLastReceivedChunks,frameRecoveryLastMissingChunks,frameRecoveryLastFecParityPackets,frameRecoveryLastFecRecoveredChunks,frameRecoveryLastNackCount,frameRecoveryLastPostNackReceivedChunks,frameRecoveryLastNackRequestedChunks,frameRecoveryLastRetransmitReceivedChunks,frameRecoveryLastRetransmitDuplicatePackets,frameRecoveryLastPacketSequence,frameRecoveryLastPacketChunkIndex,frameRecoveryLastRetransmitSequence,frameRecoveryLastRetransmitChunkIndex,frameRecoveryLastEventPacketSequence,frameRecoveryLastEventPacketChunkIndex,frameRecoveryLastEventWasRetransmit,frameRecoveryLastAgeMs,retransmitUsefulChunks,retransmitDuplicatePackets,retransmitLateAfterCompletedPackets,retransmitLateAfterCompletedLargePackets,retransmitLateAfterCompletedSentBeforeCompletePackets,retransmitLateAfterCompletedSentAfterCompletePackets,retransmitLateAfterCompletedAvgSendToCompleteMs,retransmitLateAfterCompletedAvgDelayMs,retransmitLateAfterCompletedMaxDelayMs,retransmitLateAfterExpiredPackets,retransmitLateAfterRejectedPackets,retransmitClassifiedPackets,retransmitNotArrivedPackets,retransmitAccountedPackets,retransmitUnclassifiedPackets,retransmitCompletedFrames,retransmitExpiredFrames,retransmitUsefulnessRatio,retransmitDuplicateRatio,retransmitFinalClassificationRatio,retransmitFinalAccountingRatio,retransmitExpiredAfterUsefulRatio,dynamicNackDeadlineMs,dynamicNackUsefulnessRatio,dynamicNackDuplicateRatio,dynamicNackExpiredAfterRetransmitRatio,dynamicNackDecisionReason,nackSuppressedFrames,nackSuppressedMissingChunks,nackPreflightSuppressedFrames,nackPreflightSuppressedChunks,nackFecGraceSuppressedFrames,nackFecGraceSuppressedChunks,nackPredictedUsefulFrames,nackPredictedUsefulChunks,nackDeferredForLikelyArrivalFrames,nackDeferredForLikelyArrivalChunks,nackSkippedTooLateFrames,nackSkippedTooLateChunks,nackRequestedChunkBudget,nackLastShapingReason,nackLastSuppressionReason,ackCount,lastAckMissingRate,ackRetransmittedFrames,ackRetransmittedChunks,repairCanceledByCompleteAckPackets,repairSkippedByTtlPackets,repairQueuedButCanceledPackets,repairSentAfterCompleteAckPackets,repairSentAfterCompleteAckLargePackets,repairSuppressedByFecLikelyFrames,repairSuppressedByFecLikelyPackets,repairSuppressedByFecLikelyLargeFrames,repairSuppressedByFecLikelyLargePackets,repairBudgetSuppressedFrames,repairBudgetSuppressedPackets,repairBudgetSuppressedLargeFrames,repairBudgetSuppressedLargePackets,repairRaceGuardSuppressedFrames,repairRaceGuardSuppressedPackets,repairRaceGuardSuppressedLargePackets,repairBudgetProfile,repairBudgetProfileSwitches,repairBudgetSmoothedMissingRate,repairBudgetSmoothedPacingQueueDelayMs,repairBudgetSmoothedDeliveryMs,repairFecLikelySuppressedCompletedFrames,repairFecLikelySuppressedCompletedPackets,repairFecLikelySuppressedExpiredFrames,repairFecLikelySuppressedExpiredPackets,repairFecLikelySuppressedPendingFrames,repairFecLikelySuppressedPendingPackets,repairFecLikelySuppressionRescueFrames,repairFecLikelySuppressionRescuePackets,h264KeyTinyMissingCriticalFrames,h264KeyTinyMissingCriticalPackets,h264KeyTinyMissingCriticalSentPackets,h264KeyTinyMissingCriticalSkippedPackets,h264KeyTinyMissingCriticalLastFrameId,h264KeyTinyMissingCriticalLastAckMissingChunks,h264KeyTinyMissingCriticalLastRequestedChunks,h264KeyTinyMissingCriticalLastEvent,h264KeySmallMissingAckFrames,h264KeySmallMissingAckMissingChunks,h264KeySmallMissingAckHistoryMissingFrames,h264KeySmallMissingAckStaleFrameLagFrames,h264KeySmallMissingAckStaleAgeFrames,h264KeySmallMissingAckRetransmitBudgetExhaustedFrames,h264KeySmallMissingAckDynamicBudgetSuppressedFrames,h264KeySmallMissingAckDynamicBudgetSuppressedPackets,h264KeySmallMissingAckSelectedRepairFrames,h264KeySmallMissingAckSelectedRepairPackets,h264KeySmallMissingAckLastFrameId,h264KeySmallMissingAckLastMissingChunks,h264KeySmallMissingAckLastGate,lateRepairSavedPackets,ackStaleDroppedFrames,ackKeyFrameRequests,ackKeyFramePending,pacingEnabled,pacingTargetBitrateBps,pacingRepairTargetBitrateBps,pacingQueuedPackets,pacingHighPriorityQueuedPackets,pacingNormalQueuedPackets,pacingEnqueuedPackets,pacingSentPackets,pacingSentBytes,pacingRepairSentPackets,pacingRepairSentBytes,pacingRepairBorrowedPackets,pacingRepairBorrowedBytes,pacingDroppedPackets,pacingDeadlineDroppedPackets,pacingHighPriorityDeadlineDroppedPackets,pacingNormalDeadlineDroppedPackets,pacingOverflowDroppedPackets,pacingCurrentQueueDelayMs,pacingMaxQueueDelayMs,pacingVideoCreditBytes,pacingRepairCreditBytes,transportFeedbackPackets,transportFeedbackPacketStatuses,transportFeedbackReceivedPackets,transportFeedbackMissingPackets,transportFeedbackSequenceGapPackets,transportFeedbackSequenceGapRecoveredPackets,transportFeedbackLossRate,transportFeedbackArrivalJitterMs,transportFeedbackQueueDelayTrendMs,transportFeedbackLastSequence,estimatedBandwidthBps,deliveryRateBps,bandwidthQueueDelayMs,bandwidthRttTrendMs,bandwidthLossTrend,bandwidthJitterTrendMs,bandwidthFeedbackSamples,deadlineNackSentFrames,deadlineNackRecoveredFrames,deadlineNackMissingChunks,deadlineNackSentH264KeyFrames,deadlineNackSentH264LargeFrames,deadlineNackSentH264DeltaFrames,deadlineNackExpiredDroppedFrames,deadlineNackExpiredAfterNackFrames,deadlineNackExpiredMissingChunks,deadlineNackExpiredH264KeyFrames,deadlineNackExpiredH264KeyMissingChunks,deadlineNackLastExpiredH264KeyMissingChunks,deadlineNackExpiredH264KeyMissingChunks1,deadlineNackExpiredH264KeyMissingChunks2To4,deadlineNackExpiredH264KeyMissingChunks5To8,deadlineNackExpiredH264KeyMissingChunks9To16,deadlineNackExpiredH264KeyMissingChunks17Plus,h264KeySmallMissingDeadlineRescueFrames,h264KeySmallMissingDeadlineRescueMissingChunks,h264KeySmallMissingDeadlineRescueCompletedFrames,h264KeySmallMissingDeadlineRescueRejectedFrames,h264KeySmallMissingDeadlineRescueExpiredFrames,h264KeySmallMissingDeadlineRescueCompletedMissingChunks,h264KeySmallMissingDeadlineRescueExpiredMissingChunks,deadlineNackExpiredH264LargeFrames,deadlineNackExpiredH264DeltaFrames,fecEnabled,adaptiveFecEnabled,fecGroupChunkCount,fecParityPackets,fecRecoveredFrames,fecRecoveredChunks,h264ReassemblerAuRejectedFrames,h264ReassemblerHeaderFailures,h264ReassemblerPayloadSizeMismatches,h264ReassemblerFrameIdMismatches,h264ReassemblerCrcMismatches,h264ReassemblerLastRejectReason,adaptiveFecDecisionReason,adaptiveFecHoldReason,adaptiveFecG8ToG4Recovery,adaptiveFecQualityHoldActive,adaptiveFecQualityHoldCanceled,adaptiveFecEmergencyG2Active,adaptiveFecEarlyOffReason,adaptiveEnabled,adaptiveControlMode,adaptiveCongestionControlMode,targetJpegQuality,targetFps,targetBitrateKbps,adaptiveBandwidthCeilingKbps,targetWidth,targetHeight,actualCodec,actualEncodeWidth,actualEncodeHeight,actualRawFrameBytes,actualEncodedFrameBytes,rawFrameBytes,encodedFrameBytes,compressionRatio,captureFps,cameraCaptureSubtype,cameraCaptureWidth,cameraCaptureHeight,cameraCaptureFormatFps,encodeMs,resizeMs,nv12PrepareMs,h264EncodeMs,h264EncoderRequestedBitrateKbps,h264EncoderTargetBitrateKbps,h264EncoderAppliedBitrateKbps,h264DynamicBitrateUpdateRequests,h264DynamicBitrateUpdateSuccesses,h264DynamicBitrateUpdateFailures,h264EncoderReinitializations,pacingBudgetTargetBitrateKbps,h264VideoBudgetScale,pacingBurstGuardActive,fixedPacingRecentMaxQueueDelayMs,fixedPacingQueueReleaseStableSec,fixedPacingQueueRecovered,fixedPacingQueueReleaseEligible,adaptiveRepairBudgetUtilization,adaptiveRepairBorrowedRatio,adaptiveRepairSentBytesDelta,adaptiveRepairBorrowedBytesDelta,adaptiveRepairBudgetGuardActive,adaptiveRepairVideoBudgetPressure,adaptiveRetransmitUsefulRatio,adaptiveLateRepairWasteRatio,adaptiveRetransmitNotArrivedRatio,adaptiveRetransmitAccountingComplete,adaptiveLateRepairWastePressure,adaptiveRetransmitNotArrivedPressure,adaptiveRepairDecisionReason,h264AuChunkCount,h264AuIsIdr,h264AuIsDecoderSync,h264RequestedKeyFrameConsumedFrames,h264EncoderKeyFrameRequests,h264RecoveryKeyFrameRequests,h264AwaitingSyncKeyFrameRequests,h264PeriodicIdrRequests,h264IdrFrames,h264DecoderSyncFrames,h264ConsecutiveIdrFrames,h264MaxConsecutiveIdrFrames,h264AuProtectionLevel,h264AuDroppedBeforeSend,h264AuDropReason,h264AuDroppedBytes,h264AuDroppedChunks,h264AuPacingQueueDelayMs,h264AuEstimatedSendMs,h264InputGatedByPacing,h264InputGateReason,h264InputGateQueueDelayMs,h264InputGateVideoCreditBytes,h264InputGateFrameBudgetBytes,h264InputGateDurationMs,h264InputGateConsecutiveFrames,h264InputGateSkippedInputFrames,h264InputGateForcedOpen,h264InputGateReleaseReason,fecProtectedH264KeyFrames,fecProtectedH264LargeFrames,h264EncoderDelayFrames,h264EncoderDelayMs,h264EncoderPendingFrames,h264EncodedInputFrameId,h264EncoderCallMs,h264EncoderSampleCreateMs,h264EncoderProcessInputMs,h264EncoderPreInputPollMs,h264EncoderPostInputWaitMs,h264EncoderProcessOutputMs,h264EncoderOutputCopyMs,h264EncoderProcessOutputAttempts,h264EncoderAsyncEventCount,h264EncoderHardware,h264EncoderAsync,h264EncoderNeedInputSignaled,h264EncoderOutputProduced,h264EncoderOutputProducedBeforeInput,h264SubmittedNewInput,h264AsyncSubmittedWithoutOutput,h264AsyncPendingNoOutput,h264AsyncCadenceHoldActive,h264AsyncPendingNoOutputStreak,h264AsyncCadenceScale,h264AsyncCadenceHoldRemainingMs,h264AsyncOutputPollBackoffMs,h264InputCadenceFps,h264NeedInputSubmitWake,h264NeedInputSubmitLeadMs,encodedCameraFrameId,encodedCameraSourceTimestamp100ns,encodedCameraCaptureCompletedTimeUs,encodedCameraFrameAgeMs,encodedCameraReadSampleMs,encodedCameraReadSampleEndToCaptureMs,encodedCameraCaptureToPublishMs,encodedCameraPublishToAcquireMs,encodedCameraAcquireToEncoderInputMs,jpegEncodeMs,packetizeMs,sendFrameIntervalMs,cameraFrameReady,cameraFrameId,cameraSourceTimestamp100ns,cameraReadSampleStartTimeUs,cameraReadSampleEndTimeUs,cameraCaptureCompletedTimeUs,cameraFramePublishedTimeUs,cameraSenderAcquireTimeUs,cameraReadSampleMs,cameraReadSampleEndToCaptureMs,cameraCaptureToPublishMs,cameraPublishToAcquireMs,cameraAcquireToSendMs,cameraFrameAgeMs,cameraFrameCacheUsed,receiveJpegDecodeMs,receiveDecodeWorkerFps,receiveDecodeWorkerFrames,receiveDecodePopSuccesses,receiveDecodePopEmptyPolls,receiveDecodeLoopLastPopGapMs,receiveDecodeLoopMaxPopGapMs,receiveStartupDecodeLoopMaxPopGapMs,receiveSteadyDecodeLoopMaxPopGapMs,receiveSteadyDecodeLoopMaxPopGapAtMs,receiveSteadyDecodeLoopMaxPopGapFrameId,receiveSteadyDecodeLoopMaxPopGapStreamId,receiveSteadyDecodeLoopMaxPopGapCodec,receiveSteadyDecodeLoopMaxPopGapInputFrameAgeMs,receiveSteadyDecodeLoopMaxPopGapDecodedQueueSize,receiveSteadyDecodeLoopMaxPopGapCompletedQueueSize,receiveSteadyDecodeLoopMaxPopGapCompletedQueuePopAgeMs,receiveSteadyDecodeLoopMaxPopGapCompletedQueuePushIntervalMs,receiveSteadyDecodeLoopMaxPopGapArrivalRatio,receiveSteadyDecodeLoopMaxPopGapReceiverJitterMs,receiveSteadyDecodeLoopMaxPopGapReceiverLatencyMs,receiveSteadyDecodeLoopMaxPopGapClass,receiveSteadyDecodeLoopMaxPopGapAgeMs,receiveH264StartupActive,receiveH264StartupDecoderSynced,receiveH264StartupFirstDecoded,receiveH264StartupFirstDisplayed,receiveH264StartupReady,receiveH264StartupElapsedMs,receiveH264StartupDecoderSyncMs,receiveH264StartupFirstDecodedMs,receiveH264StartupFirstDisplayedMs,receiveH264StartupReadyMs,receiveH264StartupQueueFlushFrames,receiveDecodeOverwrittenFrames,receiveDecodeQueueDroppedFrames,receiveDecodeRenderOverwriteFrames,receiveDecodeFailures,receiveFreshnessDroppedFrames,receiveFreshnessDroppedFramesDelta,receiveFreshnessDropClass,receiveFreshnessDropEvidence,receiveLastFreshnessDropAgeMs,receiveMaxFreshnessDropAgeMs,receiveLastFreshnessDropFrameId,receiveLastFreshnessDropStreamId,receiveLastFreshnessDropCodec,receiveH264AuInvalidFrames,receiveH264AuCrcMismatches,receiveH264AuPayloadSizeMismatches,receiveH264AuNalCountMismatches,receiveH264AuNoAnnexBNals,receiveH264AuIdrFlagMismatches,receiveH264AuSpsPpsFlagMismatches,receiveH264AuSyncWithoutIdr,receiveH264AuIdrWithoutSpsPps,receiveH264AuForbiddenZeroBit,receiveH264AuLastInvalidReason,receiveDecodeInputFrameAgeMs,receiveDecodeInputCameraFrameAgeMs,receiveDecodeInputEncoderOutputAgeMs,receiveLatestDecodedFrameAgeMs,receiveLatestDecodedCameraFrameAgeMs,receiveLatestDecodedEncoderOutputAgeMs,receiveFreshnessDropThresholdMs,receiveDecodeLastDropReason,receiveUploadBufferWaitMs,receiveDisplayFrameId,receiveDisplayCameraFrameAgeMs,receiveDisplayEncoderOutputAgeMs,receiveDisplayDecodedFrameAgeMs,textureUploadMs,presentGpuWaitMs,renderFramePacingWaitMs,waitableSwapChainWaitMs,presentMs,presentSyncInterval,lowLatencyPresentMode,waitableSwapChainPacingEnabled,waitableSwapChainAvailable,swapChainBufferCount,adaptiveInputPacketLossRate,adaptiveInputReceiveFps,adaptiveInputDecodeFps,adaptiveInputJitterMs,adaptiveInputDisplayFps,adaptiveQoeScore,adaptiveDegradationCause,adaptiveArrivalGapJitterSpikeActive,adaptiveFecRecoveryWorking,adaptiveFecGuardActive,adaptiveFecRecoveryEfficiency,adaptiveFecParityPacketDelta,adaptiveFecRecoveredFrameDelta,adaptiveFecRecoveredChunkDelta,simEnabled,simLossRate,simDuplicateRate,simReorderRate,simMinDelayMs,simMaxDelayMs,simBurstLossLength,simSubmittedPackets,simSentPackets,simDroppedPackets,simDuplicatedPackets,simReorderedPackets
0.161,Custom_loss6_delay0-100_dup0_reorder6_burst0,Loopback,1,1,0,,,0.000,0,21,0,0.000,0.000,0.000,0.000,0.000,0.000,0.000,0.000,0.000,0.000,0,0,0,0,0,0,0,0,0,0,0,0,0,0,0,0,0,0,0,5.000,1,0,0,0,0,0,0,0,0,0,0,0,0,0,0,0.000,0.000,0.000,,0,0,17,0,0,0.000,0.000,0.000,0.000,0.000,0.000,0,0,0,0,0,0,0,0,0,0,,,,0,0,0,0,0,0,0,0,0,0,0,0,0,0,0,0,0,0,0,0.000,0,0,0,0,0,0,0.000,0.000,0.000,0,0,0,0,0,0,0,0,0.000,0.000,0.000,0.000,0.000,0.000,0.000,0.000,0.000,,0,0,0,0,0,0,0,0,0,0,0,0,0,,,0,0.000,0,0,0,0,0,0,0,0,0,0,0,0,0,0,0,0,0,0,balanced,0,0.000,0.000,0.000,0,0,0,0,0,0,0,0,0,0,0,0,0,0,0,,0,0,0,0,0,0,0,0,0,0,0,0,,0,0,0,0,1,9500000,1200000,0,0,0,0,0,0,0,0,0,0,0,0,0,0,0,0.000,0.000,3750.000,4800.000,0,0,0,0,0,0,0.000,0.000,0.000,0,6000000,0,0.000,0.000,0.000,0.000,0,0,0,0,0,0,0,0,0,0,0,0,0,0,0,0,0,0,0,0,0,0,0,0,0,0,0,1,0,4,0,0,0,0,0,0,0,0,,disabled,,0,0,0,0,,1,Fixed Quality,Hybrid,85,30,9500,12000,640,360,,0,0,0,0,0,0,0.000,0.000,,0,0,0.000,0.000,0.000,0.000,0.000,0,0,0,0,0,0,0,0,1.000,0,0.000,0.000,1,0,0.000,0.000,0,0,0,0,0.000,0.000,0.000,0,0,0,disabled,0,0,0,0,0,0,0,0,0,0,0,0,,0,,0,0,0.000,0.000,0,,0.000,0.000,0.000,0.000,0,0,0,,0,0,0,0.000,0,0,0.000,0.000,0.000,0.000,0.000,0.000,0.000,0,0,0,0,0,0,0,0,0,0,0,0,1.000,0.000,0.000,0,0,0.000,0,0,0,0.000,0.000,0.000,0.000,0.000,0.000,0.000,0.000,0.000,0,0,0,0,0,0,0,0,0.000,0.000,0.000,0.000,0.000,0.000,0,0.000,0.000,0,0,17,0.000,0.000,0.000,0.000,0.000,0,0,,0.000,0,0,0.000,0.000,0.000,0.000,0.000,,-1.000,1,0,0,0,0,160.743,0.000,0.000,0.000,0.000,0,0,0,0,0,0,0,,,0.000,0.000,0,0,,0,0,0,0,0,0,0,0,0,0,,0.000,0.000,0.000,0.000,0.000,0.000,120.000,,0.000,0,0.000,0.000,0.000,0.000,0.000,0.000,0.000,0.000,1,0,0,1,3,0.000,0.000,0.000,0.000,0.000,0.000,None,0,0,0,0.000,0,0,0,1,0.060,0.000,0.060,0,100,0,0,0,0,0,0
1.165,Custom_loss6_delay0-100_dup0_reorder6_burst0,Loopback,1,1,0,,,0.000,0,21,17,23.430,14.772,14.666,116.456,86.860,0.000,0.000,52.644,0.143,0.176,299,50,308,258,37,16,6,12,8,4,3,0,259,14,3,0,0,0,0,5.000,1,0,0,0,0,0,0,0,0,0,0,0,0,0,0,0.000,0.000,0.000,,14,14,125,0,1,94.010,94.010,95.325,95.325,0.000,0.000,9,9,161,19,3,0,38,31,18,1,completed,completed,H.264,1,1,26,26,0,5,4,3,14,37,0,3,273,22,322,3,0,0,0,101.987,2,6,4,0,4,0,40.776,23.108,49.742,0,0,12,0,12,0,4,0,0.250,0.750,1.000,1.000,0.000,29.000,0.000,0.000,0.000,insufficient-sample,15,131,0,0,10,123,38,341,5,8,0,0,341,predicted-useful,fec-grace,67,0.769,5,12,0,0,0,0,0,0,0,0,0,2,33,2,33,0,0,0,pacing,0,0.779,5.667,113.667,0,0,0,0,0,0,0,0,3,6,6,0,2,2,2,sent,10,21,0,0,3,4,0,0,3,6,3,2,stale-age,33,44,4,0,1,9500000,1200000,13,0,13,388,375,449545,17,19685,1,1252,0,0,0,0,0,11.475,32.151,660.188,4800.000,22,601,296,128,305,177,0.302,27.780,0.102,22,7088176,11659015,0.957,0.000,0.424,21.872,601,38,10,341,15,18,5,3,3,6,0,0,0,0,0,0,0,0,0,0,0,0,0,0,0,2,1,1,0,4,47,31,31,0,0,0,0,0,,disabled,,0,0,0,0,,1,Fixed Quality,Hybrid,85,30,9500,12000,640,360,H.264,480,270,518400,30264,518400,30264,0.058,0.000,,0,0,0.000,2.441,0.000,0.000,0.135,7250,7250,7250,0,0,0,1,9500,1.000,0,28.110,0.000,0,0,0.000,0.000,0,0,0,0,0.167,0.833,0.000,1,0,0,disabled,26,0,0,2,6,2,4,0,5,5,0,3,large-au-observed,0,,0,0,31.948,25.485,0,,0.000,0.000,0.000,0.000,0,0,0,,1,0,0,16.006,0,21,0.135,0.000,0.000,0.134,0.000,0.098,0.013,1,1,1,1,0,1,1,0,0,0,0,0,1.000,0.000,0.000,30,0,0.000,0,0,0,0.000,0.000,0.000,0.000,0.000,0.000,0.000,2.295,13.859,0,0,0,0,0,0,0,0,0.000,0.000,0.000,0.000,0.000,0.000,0,0.491,14.772,9,14,125,94.731,94.731,67.270,94.731,1129.723,17,1,H.264,117.215,0,0,94.010,95.325,1.006,52.644,116.456,arrival-gap-jitter-spike,35.210,0,1,1,1,1,1164.933,543.276,589.581,590.847,590.847,0,0,4,0,0,0,0,,,0.000,0.000,0,0,,0,0,0,0,0,0,0,0,0,0,,96.179,0.000,98.624,0.000,0.000,0.000,143.228,h264-decoder-buffering,0.001,17,0.000,111.567,4.188,0.121,0.303,0.001,0.000,0.302,1,0,0,1,3,0.143,23.430,14.772,52.644,14.666,2.000,Jitter,1,1,0,0.000,2,2,2,1,0.060,0.000,0.060,0,100,0,376,306,15,0,22
2.172,Custom_loss6_delay0-100_dup0_reorder6_burst0,Loopback,1,1,0,,,0.000,0,21,47,24.793,15.517,15.501,64.632,99.790,33.213,33.213,5.065,0.058,0.217,1039,64,957,893,136,75,10,40,34,6,11,0,894,36,10,0,0,0,0,5.000,1,0,0,0,0,0,0,0,0,0,0,0,0,0,0,0.000,0.000,0.000,,34,34,230,0,1,65.573,126.687,66.526,127.731,0.000,0.000,28,28,547,42,8,0,105,146,47,1,retransmit-late-after-completed,completed,H.264,1,0,3,3,0,0,0,3,0,0,0,0,1094,0,1094,0,1094,0,1,47.434,6,10,6,1,6,0,59.302,18.051,49.742,0,0,22,2,24,0,7,0,0.375,0.625,0.917,1.000,0.000,37.000,0.000,1.000,0.000,insufficient-sample,45,466,0,0,31,448,105,1046,14,18,0,0,1045,predicted-useful,fec-grace,181,0.000,10,24,0,0,0,0,0,0,0,0,0,6,90,6,90,0,0,0,pacing,0,0.756,5.982,113.982,0,0,0,0,0,0,0,0,4,8,8,0,47,2,2,sent,14,28,0,0,4,6,0,0,4,8,47,1,stale-age,90,130,8,0,1,9500000,1200000,4,0,4,1127,1123,1360114,62,74785,31,38620,0,0,0,0,0,4.601,46.114,80.312,4800.000,63,1976,1028,411,948,537,0.286,25.867,3.972,63,3461272,6149604,1.984,0.000,0.394,13.387,1976,105,30,1046,27,73,5,8,8,15,0,0,0,0,0,0,0,0,0,0,0,0,0,0,0,7,1,1,0,4,185,146,146,0,0,0,0,0,,disabled,,0,0,0,0,,1,Fixed Quality,Hybrid,85,30,9500,12000,640,360,H.264,480,270,518400,26096,518400,26096,0.050,0.000,,0,0,0.000,1.960,0.000,0.000,0.077,6000,6250,6250,2,2,0,1,9500,0.820,1,4.601,0.000,0,0,0.000,0.000,0,0,0,0,0.250,0.667,0.083,1,0,0,latency-pressure-freshness-hold,22,0,0,4,12,4,8,0,9,9,0,3,large-au-observed,0,,0,0,0.112,21.976,0,,0.000,0.000,0.000,0.000,0,0,0,,2,0,0,9.485,0,49,0.077,0.000,0.000,0.076,0.000,0.054,0.007,1,1,1,1,0,1,1,0,0,0,1,0,0.860,179.994,0.000,26,0,0.000,0,0,0,0.000,0.000,0.000,0.000,0.000,0.000,0.000,1.874,7.041,0,0,0,0,0,0,0,0,0.000,0.000,0.000,0.000,0.000,0.000,0,0.439,15.517,28,34,230,65.820,127.827,67.270,127.827,1587.939,30,1,H.264,123.655,0,0,126.687,127.731,0.999,85.050,122.505,arrival-gap-jitter-spike,583.985,0,1,1,1,1,2171.924,543.276,589.581,590.847,590.847,0,0,5,0,0,1,1,cadence-limited freshness,input-cadence-or-video-budget,159.041,159.041,32,1,H.264,0,0,0,0,0,0,0,0,0,0,,96.161,0.000,97.631,0.000,0.000,0.000,120.000,stale-before-decode,0.001,47,0.000,102.311,4.071,0.089,0.555,0.327,0.000,0.227,1,0,0,1,3,0.058,24.793,15.517,5.065,15.501,1.000,Jitter,1,1,0,0.000,1,1,1,1,0.060,0.000,0.060,0,100,0,1125,1041,57,0,71
3.178,Custom_loss6_delay0-100_dup0_reorder6_burst0,Loopback,1,1,0,,,0.000,0,21,72,19.517,21.310,21.138,95.644,100.426,14.283,23.748,31.477,0.068,0.186,1657,120,1562,1442,208,119,15,61,50,11,13,0,1443,57,13,0,0,0,0,5.000,1,0,0,0,0,0,0,0,0,0,0,0,0,0,0,0.000,0.000,0.000,,55,55,330,0,1,81.603,126.687,82.715,127.731,0.000,0.000,49,49,881,68,11,0,163,237,73,1,nack-sent,pending,H.264,1,1,23,21,2,4,3,3,9,22,0,0,1750,18,0,0,0,0,0,62.694,9,15,11,6,11,0,53.842,26.624,56.924,0,0,35,3,38,0,11,1,0.375,0.625,0.921,1.000,0.083,45.000,0.000,1.000,0.000,duplicate-guard,79,707,0,0,50,670,163,1592,29,37,0,0,1591,predicted-useful,likely-arrival,280,0.000,17,38,0,0,0,0,0,3,3,3,3,12,185,12,185,0,0,0,pacing,0,0.812,10.119,118.119,0,0,3,3,0,0,0,0,5,10,10,0,60,2,2,sent,15,30,0,0,4,6,0,0,5,10,60,2,selected-repair,188,200,12,0,1,9500000,1200000,0,0,0,1787,1787,2180196,104,126777,55,68516,0,0,0,0,0,11.608,46.114,2407.688,4800.000,96,3192,1645,708,1547,839,0.301,2.368,1.589,96,3806596,6180719,2.520,-18.930,0.418,9.001,3192,162,51,1590,41,115,6,11,11,19,1,2,2,0,1,0,0,0,0,0,0,0,0,0,0,9,1,1,0,4,299,237,237,0,0,0,0,0,,disabled,,0,0,0,0,,1,Fixed Quality,Hybrid,85,30,9500,12000,640,360,H.264,480,270,518400,27136,518400,27136,0.052,0.000,,0,0,0.000,1.906,0.000,0.000,0.087,7000,6500,6500,3,3,0,1,9500,0.979,1,11.608,0.000,0,0,0.000,0.000,0,0,0,0,0.237,0.684,0.079,1,0,0,fixed-pacing-queue-hold,23,0,0,6,20,6,12,2,14,14,0,3,large-au-observed,0,,0,0,16.343,22.851,0,,0.000,0.000,0.000,0.000,0,0,0,,3,0,0,9.602,0,74,0.086,0.000,0.000,0.086,0.000,0.062,0.008,1,1,1,1,0,1,1,0,0,0,0,0,1.000,0.000,0.000,24,0,0.000,0,0,0,0.000,0.000,0.000,0.000,0.000,0.000,0.000,1.811,27.669,0,0,0,0,0,0,0,0,0.000,0.000,0.000,0.000,0.000,0.000,0,0.354,21.310,49,55,330,82.421,127.827,67.270,127.827,1587.939,30,1,H.264,123.655,0,0,126.687,127.731,0.999,85.050,122.505,arrival-gap-jitter-spike,1589.810,0,1,1,1,1,3177.749,543.276,589.581,590.847,590.847,0,0,5,0,0,1,0,,,159.041,159.041,32,1,H.264,0,0,0,0,0,0,0,0,0,0,,103.089,0.000,105.693,0.000,0.000,0.000,127.822,stale-before-decode,0.001,72,0.000,110.750,4.652,0.078,0.913,0.679,0.000,0.235,1,0,0,1,3,0.068,19.517,21.310,31.477,21.138,1.000,Loss,0,1,0,1.000,1,1,1,1,0.060,0.000,0.060,0,100,0,1790,1663,96,0,110
4.183,Custom_loss6_delay0-100_dup0_reorder6_burst0,Loopback,1,1,0,,,0.000,0,21,98,18.696,17.225,17.142,102.703,101.161,90.736,46.077,2.251,0.069,0.198,2382,177,2247,2070,300,174,19,89,74,15,18,0,2071,77,19,0,0,0,0,5.000,1,0,0,0,0,0,0,0,0,0,0,0,0,0,0,0.000,0.000,0.000,,75,75,437,0,1,54.648,126.687,55.739,127.731,0.000,0.000,68,68,1257,92,17,0,225,340,99,1,fec-parity,pending,H.264,1,1,23,19,4,4,2,3,13,33,1,0,2508,12,2528,0,0,0,0,74.615,14,19,15,10,15,0,52.131,21.661,56.924,0,0,48,5,53,0,15,2,0.424,0.576,0.906,1.000,0.118,38.000,0.000,1.000,0.000,insufficient-sample,117,1032,0,0,73,971,225,2134,44,61,0,0,2133,predicted-useful,fec-grace,388,0.000,23,53,0,0,0,0,0,3,3,3,3,17,267,17,267,0,0,0,pacing,0,0.819,11.532,119.532,0,0,3,3,0,0,0,0,6,12,12,0,73,2,2,sent,17,36,0,0,5,6,0,0,6,12,85,4,stale-age,270,279,16,0,1,9500000,1200000,8,0,8,2587,2579,3154738,148,181099,81,100900,0,0,0,0,0,3.436,46.114,871.938,4800.000,137,4607,2360,1092,2247,1155,0.316,30.487,0.000,137,5137274,8141364,1.495,76.453,0.504,21.205,4607,225,71,2134,54,165,6,17,17,32,2,3,1,1,1,0,0,0,0,0,0,0,0,0,0,14,1,1,0,4,433,340,340,0,0,0,0,0,,disabled,,0,0,0,0,,1,Fixed Quality,Hybrid,85,30,9500,12000,640,360,H.264,480,270,518400,28178,518400,28178,0.054,0.000,,0,0,0.000,2.841,0.000,0.000,0.159,7250,6750,6750,4,4,0,1,9500,1.000,0,16.149,0.000,0,0,0.000,0.000,0,0,0,0,0.000,1.000,0.000,1,0,0,disabled,24,0,0,10,24,10,12,2,18,18,0,3,large-au-observed,0,,0,0,18.628,23.729,0,,0.000,0.000,0.000,0.000,0,0,0,,4,0,0,15.646,0,101,0.159,0.000,0.000,0.158,0.000,0.118,0.014,1,1,1,1,0,1,1,0,0,0,0,0,1.000,0.000,0.000,30,0,0.000,0,0,0,0.000,0.000,0.000,0.000,0.000,0.000,0.000,2.669,6.767,0,0,0,0,0,0,0,0,0.000,0.000,0.000,0.000,0.000,0.000,0,0.492,17.225,68,75,437,55.808,127.827,67.270,127.827,1587.939,30,1,H.264,123.655,0,0,126.687,127.731,0.999,85.050,122.505,arrival-gap-jitter-spike,2595.795,0,1,1,1,1,4183.734,543.276,589.581,590.847,590.847,0,0,5,0,0,1,0,,,159.041,159.041,32,1,H.264,0,0,0,0,0,0,0,0,0,0,,102.931,0.000,106.436,0.000,0.000,0.000,131.351,stale-before-decode,0.001,97,0.000,113.539,6.899,0.115,0.332,0.001,0.000,0.332,1,0,0,1,3,0.069,18.696,17.225,2.251,17.142,1.000,RecoveryDeadline,0,1,0,1.000,4,4,4,1,0.060,0.000,0.060,0,100,0,2583,2386,150,0,157
5.185,Custom_loss6_delay0-100_dup0_reorder6_burst0,Loopback,1,1,0,,,0.000,0,21,123,17.158,14.387,14.448,103.614,101.950,86.036,56.067,11.367,0.077,0.246,3128,261,2967,2706,395,234,25,113,95,18,23,0,2707,92,30,0,0,0,0,5.000,0,0,0,0,0,0,0,0,0,0,0,0,0,0,0,0.000,0.000,0.000,,90,90,540,0,1,68.721,191.398,69.647,192.535,0.000,0.000,84,84,1652,110,29,0,299,450,127,1,nack-sent,pending,H.264,1,1,24,11,13,2,0,2,3,29,1,0,3333,5,3389,2,0,0,0,49.574,20,25,18,13,18,0,54.899,20.813,56.924,1,0,64,8,72,0,21,5,0.444,0.556,0.889,1.000,0.192,37.000,0.333,0.333,1.000,retransmit-late,151,1340,0,0,93,1256,299,2900,58,84,0,0,2899,predicted-useful,likely-arrival,500,0.667,30,72,0,0,0,0,0,3,3,3,3,24,381,24,381,0,0,0,pacing,0,0.772,8.977,116.977,0,0,3,3,0,0,0,0,6,12,12,0,73,2,2,sent,19,41,0,0,7,6,0,0,6,12,121,1,stale-age,384,368,20,0,1,9500000,1200000,0,0,0,3386,3386,4143138,197,241481,106,132048,0,0,0,0,0,13.877,46.114,4149.125,3113.400,179,6063,3111,1446,2952,1506,0.317,26.738,0.000,179,3264733,5945055,0.994,60.222,0.543,19.821,6063,299,86,2900,71,222,6,28,28,48,4,6,1,2,2,0,0,0,0,0,0,0,0,0,0,23,1,1,0,4,568,450,450,0,0,0,0,0,,disabled,,0,0,0,0,,1,Fixed Quality,Hybrid,85,30,9500,12000,640,360,H.264,480,270,518400,28178,518400,28178,0.054,0.000,,0,0,0.000,2.053,0.000,0.000,0.211,7250,6750,6750,4,4,0,1,9500,1.000,0,13.877,0.000,0,0,0.000,0.000,0,0,0,0,0.500,0.500,0.000,1,0,0,disabled,24,1,1,14,36,14,18,4,25,25,3,3,decoder-sync-observed,0,,0,0,16.083,23.729,0,,0.000,0.000,0.000,0.000,0,0,0,,5,0,0,10.049,0,128,0.211,0.000,0.000,0.210,0.000,0.092,0.010,1,1,1,1,0,1,1,0,0,0,1,0,0.860,142.112,0.000,26,0,0.000,0,0,0,0.000,0.000,0.000,0.000,0.000,0.000,0.000,1.833,13.775,0,0,0,0,0,0,0,0,0.000,0.000,0.000,0.000,0.000,0.000,0,0.413,14.387,84,90,540,69.693,192.318,67.270,192.318,4903.779,118,1,H.264,120.769,0,0,191.398,192.535,1.001,140.378,119.745,arrival-gap-jitter-spike,281.630,0,1,1,1,1,5185.409,543.276,589.581,590.847,590.847,0,0,5,0,0,1,0,,,159.041,159.041,32,1,H.264,0,0,0,0,0,0,0,0,0,0,,105.543,0.000,108.619,0.000,0.000,0.000,131.807,stale-before-decode,0.001,123,0.000,114.805,5.722,0.080,0.918,0.701,0.000,0.217,1,0,0,1,3,0.077,17.158,14.387,11.367,14.448,1.000,Jitter,1,1,0,0.667,3,2,2,1,0.060,0.000,0.060,0,100,0,3391,3136,209,0,200
6.187,Custom_loss6_delay0-100_dup0_reorder6_burst0,Loopback,1,1,0,,,0.000,0,21,151,23.166,23.144,23.067,105.879,102.436,22.783,49.410,5.941,0.066,0.236,3886,273,3638,3365,500,300,30,142,120,22,28,0,3366,113,35,0,0,0,0,5.000,0,0,0,0,0,0,0,0,0,0,0,0,0,0,0,0.000,0.000,0.000,,111,111,642,0,1,36.028,191.398,37.225,192.535,0.000,0.000,105,105,2026,135,34,0,367,555,154,1,fec-recovered,pending,H.264,1,1,24,15,9,2,1,2,7,28,1,0,4145,17,4159,3,0,0,0,53.253,27,30,22,17,22,0,57.932,19.752,56.924,1,0,80,11,91,0,27,5,0.474,0.526,0.879,1.000,0.156,40.000,0.000,1.000,0.000,insufficient-sample,179,1602,0,0,113,1507,367,3583,66,95,0,0,3582,predicted-useful,likely-arrival,614,0.458,37,91,0,0,0,0,0,3,3,3,3,31,500,31,500,0,0,0,pacing,0,0.818,11.132,119.132,0,0,3,3,0,0,0,0,6,12,12,0,73,2,2,sent,20,42,0,0,8,6,0,0,6,12,128,1,stale-age,503,452,24,0,1,9500000,1200000,0,0,0,4185,4185,5122158,246,301861,132,163808,0,0,0,0,0,11.790,46.114,1322.875,4800.000,220,7517,3879,1752,3638,1886,0.311,4.450,1.982,220,4230901,6902288,2.232,35.527,0.456,8.683,7517,367,107,3583,89,272,6,33,33,59,4,6,1,2,2,0,0,0,0,0,0,0,0,0,0,28,1,1,0,4,699,555,555,0,0,0,0,0,,disabled,,0,0,0,0,,1,Fixed Quality,Hybrid,85,30,9500,12000,640,360,H.264,480,270,518400,0,518400,28178,0.054,0.000,,0,0,0.000,5.519,0.000,4.735,0.755,7250,6750,6750,4,4,0,1,9500,1.000,0,11.790,0.000,0,0,0.000,0.000,0,0,0,0,0.297,0.582,0.121,1,0,0,disabled,0,0,0,18,45,18,23,4,31,31,3,3,async-output-pending,0,,0,0,0.000,0.000,0,,11.688,8983.062,39583.333,0.000,0,0,0,,6,0,0,0.000,1,0,0.743,0.189,0.553,0.000,0.000,0.000,0.000,0,0,1,1,1,0,0,1,1,0,0,0,1.000,0.000,0.000,30,0,0.000,0,0,0,0.000,0.000,0.000,0.000,0.000,0.000,0.000,0.000,14.386,0,0,0,0,0,0,0,0,0.000,0.000,0.000,0.000,0.000,0.000,0,0.395,23.144,105,111,642,37.175,192.318,67.270,192.318,4903.779,118,1,H.264,120.769,0,0,191.398,192.535,1.001,140.378,119.745,arrival-gap-jitter-spike,1283.171,0,1,1,1,1,6186.950,543.276,589.581,590.847,590.847,0,0,5,0,0,1,0,,,159.041,159.041,32,1,H.264,0,0,0,0,0,0,0,0,0,0,,108.261,0.000,111.538,0.000,0.000,0.000,132.940,stale-before-decode,0.001,151,0.000,117.011,5.022,0.082,0.366,0.001,0.000,0.365,1,0,0,1,3,0.066,23.166,23.144,5.941,23.067,1.000,Jitter,1,1,0,0.000,0,1,1,1,0.060,0.000,0.060,0,100,0,4191,3894,245,0,249
7.195,Custom_loss6_delay0-100_dup0_reorder6_burst0,Loopback,1,1,0,,,0.000,0,21,179,15.097,15.091,15.103,122.038,101.931,18.726,44.296,31.588,0.065,0.261,4579,317,4280,3963,602,357,39,173,147,26,33,0,3964,130,46,0,0,0,0,5.000,0,0,0,0,0,0,0,0,0,0,0,0,0,0,0,0.000,0.000,0.000,,127,127,750,0,1,96.430,225.925,97.826,227.095,0.000,0.000,120,120,2400,156,44,0,431,659,181,1,retransmit-duplicate,pending,H.264,1,1,22,16,6,1,1,2,8,23,1,1,4895,2,4895,2,4895,2,1,45.597,30,39,26,21,26,0,58.001,20.315,56.924,1,0,96,11,107,0,30,6,0.435,0.565,0.897,1.000,0.167,44.000,0.000,1.000,0.000,insufficient-sample,214,1855,0,0,133,1736,431,4094,81,119,0,0,4091,predicted-useful,likely-arrival,716,0.364,43,107,0,0,0,0,0,4,4,4,4,37,579,37,579,0,0,0,pacing,0,0.731,8.176,116.176,0,0,4,4,0,0,0,0,6,12,12,0,73,2,2,sent,24,54,0,1,11,6,0,0,6,12,167,1,stale-age,583,528,28,0,1,9500000,1200000,0,0,0,4917,4917,6023601,290,356339,156,193398,0,0,0,0,0,11.783,46.114,3767.188,4219.350,258,8846,4566,2065,4280,2215,0.311,2.564,1.309,258,5075659,8308123,1.519,27.610,0.452,8.964,8846,431,123,4094,107,317,7,43,43,75,5,8,2,2,3,0,0,0,0,0,0,0,0,0,0,37,1,1,0,4,827,659,659,0,0,0,0,0,,disabled,,0,0,0,0,,1,Fixed Quality,Hybrid,85,30,9500,12000,640,360,H.264,480,270,518400,26096,518400,26096,0.050,0.000,,0,0,0.000,2.203,0.000,0.000,0.087,6000,6250,6250,5,5,0,1,9500,0.842,1,11.783,0.000,0,0,0.000,0.000,0,0,0,0,0.500,0.500,0.000,1,0,0,latency-pressure-freshness-hold,22,1,1,22,54,22,28,4,37,37,3,3,decoder-sync-observed,0,,0,0,0.060,21.976,0,,0.000,0.000,0.000,0.000,0,0,0,,7,0,0,5.488,0,182,0.087,0.000,0.000,0.086,0.000,0.059,0.008,1,1,1,1,0,1,1,0,0,0,1,0,0.860,136.370,0.000,26,0,0.000,0,0,0,0.000,0.000,0.000,0.000,0.000,0.000,0.000,2.107,10.428,0,0,0,0,0,0,0,0,0.000,0.000,0.000,0.000,0.000,0.000,0,0.449,15.091,120,127,750,97.537,227.144,67.270,227.144,7047.039,176,1,H.264,96.229,0,0,225.925,227.095,1.000,173.448,94.994,arrival-gap-jitter-spike,147.773,0,1,1,1,1,7194.812,543.276,589.581,590.847,590.847,0,0,6,0,0,2,1,latency-pressure freshness,latency-over-80ms,155.202,159.041,153,1,H.264,0,0,0,0,0,0,0,0,0,0,,103.323,0.000,106.496,0.000,0.000,0.000,141.019,stale-before-decode,0.001,179,0.000,114.069,7.039,0.115,0.326,0.001,0.000,0.325,1,0,0,1,3,0.065,15.097,15.091,31.588,15.103,1.000,RecoveryDeadline,1,1,0,4.000,1,4,4,1,0.060,0.000,0.060,0,100,0,4924,4588,294,0,298
8.199,Custom_loss6_delay0-100_dup0_reorder6_burst0,Loopback,1,1,0,,,0.000,0,21,205,17.652,17.632,17.002,100.474,102.037,56.111,45.984,21.985,0.069,0.254,5244,386,4919,4533,694,407,46,207,176,31,34,0,4534,150,51,0,0,0,0,5.000,0,0,0,0,0,0,0,0,0,0,0,0,0,0,0,0.000,0.000,0.000,,147,147,858,0,1,33.663,225.925,34.664,227.095,0.000,0.000,140,139,2755,181,49,0,493,755,207,1,fec-parity,pending,H.264,1,1,22,5,17,2,0,0,0,0,0,0,5596,11,0,0,0,0,0,12.406,35,46,31,26,31,0,59.667,19.233,56.924,1,0,113,13,126,0,35,8,0.432,0.568,0.897,1.000,0.186,40.000,0.000,1.000,1.000,retransmit-late,246,2086,0,0,152,1943,493,4645,94,143,0,0,4641,predicted-useful,likely-arrival,820,0.909,50,126,0,0,0,0,0,5,5,5,5,44,680,44,680,0,0,0,pacing,0,0.785,9.059,117.059,0,0,5,5,0,0,0,0,6,12,12,0,73,2,2,sent,28,68,0,1,15,6,0,0,6,12,206,4,stale-age,685,604,32,0,1,9500000,1200000,0,0,0,5636,5636,6911625,337,414551,179,222050,0,0,0,0,0,11.939,46.114,1725.938,2052.150,296,10160,5241,2344,4919,2575,0.309,48.713,0.114,296,4816901,7711993,2.131,29.565,0.518,22.420,10160,493,143,4645,123,363,7,48,48,83,7,10,1,4,3,0,0,0,0,0,0,0,0,0,0,40,1,1,0,4,950,755,755,0,0,0,0,0,,disabled,,0,0,0,0,,1,Fixed Quality,Hybrid,85,30,9500,12000,640,360,H.264,480,270,518400,26096,518400,26096,0.050,0.000,,0,0,0.000,1.890,0.000,0.000,0.081,6250,6250,6250,5,5,0,1,9500,0.885,1,11.939,0.000,0,0,0.000,0.000,0,0,0,0,0.278,0.619,0.103,1,0,0,latency-pressure-freshness-hold,22,1,1,26,61,26,31,4,43,43,3,3,decoder-sync-observed,0,,0,0,15.772,21.976,0,,0.000,0.000,0.000,0.000,0,0,0,,8,0,0,5.483,0,208,0.081,0.000,0.000,0.081,0.000,0.052,0.007,1,1,1,1,0,1,1,0,0,0,0,0,1.000,0.000,0.000,27,0,0.000,0,0,0,0.000,0.000,0.000,0.000,0.000,0.000,0.000,1.801,9.594,0,0,0,0,0,0,0,0,0.000,0.000,0.000,0.000,0.000,0.000,0,0.440,17.632,140,147,858,34.579,227.144,67.270,227.144,7047.039,176,1,H.264,96.229,0,0,225.925,227.095,1.000,173.448,94.994,arrival-gap-jitter-spike,1152.420,0,1,1,1,1,8199.459,543.276,589.581,590.847,590.847,0,0,7,0,0,3,1,latency-pressure freshness,latency-over-80ms,132.152,159.041,190,1,decoded,0,0,0,0,0,0,0,0,0,0,,100.879,0.000,103.595,0.000,0.000,0.000,130.237,stale-before-upload,0.001,205,0.000,108.792,5.039,0.079,0.726,0.481,0.000,0.245,1,0,0,1,3,0.069,17.652,17.632,21.985,17.002,1.000,Jitter,1,1,0,0.000,1,1,1,1,0.060,0.000,0.060,0,100,0,5644,5252,340,0,345
9.206,Custom_loss6_delay0-100_dup0_reorder6_burst0,Loopback,1,1,0,,,0.000,0,21,230,19.446,19.450,21.713,96.185,101.573,90.651,51.567,24.238,0.069,0.248,5931,439,5571,5132,790,453,51,248,213,35,38,0,5133,170,56,0,0,0,0,5.000,0,0,0,0,0,0,0,0,0,0,0,0,0,0,0,0.000,0.000,0.000,,167,167,967,0,1,26.124,225.925,27.186,227.095,0.000,0.000,160,159,3120,205,54,0,553,860,233,1,fec-recovered,pending,H.264,1,1,23,12,11,1,1,1,2,14,0,0,6322,0,0,0,0,0,0,29.022,42,51,35,30,35,0,60.626,20.243,56.924,1,0,129,17,146,0,45,9,0.452,0.548,0.884,1.000,0.167,45.000,0.000,1.000,0.000,duplicate-guard,277,2337,0,0,171,2174,553,5203,106,163,0,0,5199,predicted-useful,fec-grace,921,0.609,58,146,0,0,0,0,0,5,5,5,5,52,809,52,809,0,0,0,pacing,0,0.786,10.893,118.893,0,0,5,5,0,0,0,0,6,12,12,0,73,2,2,sent,29,71,0,1,16,6,0,0,6,12,207,3,stale-age,814,674,36,0,1,9500000,1200000,6,0,6,6374,6368,7813165,386,475093,205,254434,0,0,0,0,0,3.973,46.114,960.375,1845.600,332,11457,5915,2630,5542,2912,0.308,27.839,4.111,332,3318341,5994894,1.216,30.560,0.506,19.327,11457,553,163,5203,142,404,7,53,53,91,8,11,1,5,3,0,0,0,0,0,0,0,0,0,0,44,1,1,0,4,1078,860,860,0,0,0,0,0,,disabled,,0,0,0,0,,1,Fixed Quality,Hybrid,85,30,9500,12000,640,360,H.264,480,270,518400,27138,518400,27138,0.052,0.000,,0,0,0.000,2.470,0.000,0.000,0.223,7250,6500,6500,6,6,0,1,9500,1.000,0,11.241,0.000,0,0,3.565,0.000,3732,0,0,0,0.000,0.000,1.000,1,0,0,disabled,23,1,1,30,71,30,37,4,49,49,3,3,decoder-sync-observed,0,,0,0,0.107,22.853,0,,0.000,0.000,0.000,0.000,0,0,0,,9,0,0,3.696,0,234,0.222,0.000,0.000,0.221,0.000,0.141,0.019,1,1,1,1,0,1,1,0,0,0,1,0,0.860,78.840,0.000,26,0,0.000,0,0,0,0.000,0.000,0.000,0.000,0.000,0.000,0.000,2.229,7.613,0,0,0,0,0,0,0,0,0.000,0.000,0.000,0.000,0.000,0.000,0,0.395,19.450,160,167,967,27.273,227.144,67.270,227.144,7047.039,176,1,H.264,96.229,0,0,225.925,227.095,1.000,173.448,94.994,arrival-gap-jitter-spike,2158.974,0,1,1,1,1,9206.013,543.276,589.581,590.847,590.847,0,0,7,0,0,3,0,,,132.152,159.041,190,1,decoded,0,0,0,0,0,0,0,0,0,0,,100.425,0.000,103.139,0.000,0.000,0.000,128.093,stale-before-upload,0.001,230,0.000,109.025,5.481,0.074,0.834,0.601,0.000,0.233,1,0,0,1,3,0.069,19.446,19.450,24.238,21.713,1.000,Loss,0,1,0,1.000,1,1,1,1,0.060,0.000,0.060,0,100,0,6377,5943,380,0,385
10.214,Custom_loss6_delay0-100_dup0_reorder6_burst0,Loopback,1,1,0,,,0.000,0,21,257,21.292,21.308,17.683,103.711,101.805,15.504,47.560,20.823,0.065,0.245,6638,459,6210,5751,892,511,60,282,240,42,39,0,5752,191,62,0,0,0,0,5.000,0,0,0,0,0,0,0,0,0,0,0,0,0,0,0,0.000,0.000,0.000,,187,187,1077,0,1,24.913,225.925,26.144,227.095,0.000,0.000,180,178,3497,233,59,0,612,968,259,1,nack-sent,pending,H.264,1,1,22,12,10,3,1,2,5,26,0,0,7065,15,0,0,0,0,0,47.554,43,60,42,37,42,0,61.472,20.591,56.924,1,0,146,16,162,0,45,9,0.417,0.583,0.901,1.000,0.167,44.000,0.000,1.000,0.000,insufficient-sample,312,2546,0,0,191,2362,612,5703,121,184,0,0,5698,predicted-useful,likely-arrival,1023,0.455,64,162,0,0,0,0,0,5,5,5,5,58,903,58,903,0,0,0,pacing,0,0.772,6.679,114.679,0,0,5,5,0,0,0,0,6,12,12,0,73,2,2,sent,32,83,0,1,19,6,0,0,6,12,258,4,stale-age,908,743,40,0,1,9500000,1200000,0,0,0,7099,7099,8710584,432,531743,230,284952,0,0,0,0,0,12.416,46.114,4806.250,2926.050,370,12836,6626,2932,6210,3278,0.307,37.664,0.000,370,5498836,8056556,1.846,9.419,0.511,16.158,12836,612,184,5703,163,440,9,58,58,99,9,14,3,5,4,0,0,0,0,0,0,0,0,0,0,47,2,1,0,4,1210,968,968,0,0,0,0,0,,disabled,,0,0,0,0,,1,Fixed Quality,Hybrid,85,30,9500,12000,640,360,H.264,480,270,518400,26096,518400,26096,0.050,0.000,,0,0,0.000,2.198,0.000,0.000,0.074,6250,6250,6250,8,8,0,1,9500,0.880,1,12.416,0.000,0,0,0.000,0.000,0,0,0,0,0.265,0.636,0.099,1,0,0,latency-pressure-freshness-hold,22,1,1,34,81,34,40,7,56,56,3,3,decoder-sync-observed,0,,0,0,10.919,21.976,0,,0.000,0.000,0.000,0.000,0,0,0,,10,0,0,6.118,0,260,0.074,0.000,0.000,0.073,0.000,0.050,0.007,1,1,1,1,0,1,1,0,0,0,0,0,1.000,0.000,0.000,27,0,0.000,0,0,0,0.000,0.000,0.000,0.000,0.000,0.000,0.000,2.076,22.244,0,0,0,0,0,0,0,0,0.000,0.000,0.000,0.000,0.000,0.000,0,0.551,21.308,180,187,1077,26.186,227.144,67.270,227.144,7047.039,176,1,H.264,96.229,0,0,225.925,227.095,1.000,173.448,94.994,arrival-gap-jitter-spike,3166.997,0,1,1,1,1,10214.036,543.276,589.581,590.847,590.847,0,0,8,0,0,4,1,latency-pressure freshness,latency-over-80ms,126.786,159.041,246,1,decoded,0,0,0,0,0,0,0,0,0,0,,102.971,0.000,106.092,0.000,0.000,0.000,131.856,stale-before-upload,0.001,257,0.000,111.080,4.558,0.102,0.313,0.001,0.000,0.312,1,0,0,1,3,0.065,21.292,21.308,20.823,17.683,1.000,RecoveryDeadline,0,1,0,1.000,1,1,1,1,0.060,0.000,0.060,0,100,0,7109,6657,415,0,413
11.214,Custom_loss6_delay0-100_dup0_reorder6_burst0,Loopback,1,1,0,,,0.000,0,21,284,23.530,23.496,21.404,95.440,101.371,48.507,47.655,11.139,0.063,0.232,7364,497,6880,6383,1000,572,64,325,274,51,39,0,6384,215,65,0,0,0,0,5.000,0,0,0,0,0,0,0,0,0,0,0,0,0,0,0,0.000,0.000,0.000,,211,211,1180,0,1,30.241,225.925,31.360,227.095,0.000,0.000,204,202,3879,266,62,0,672,1078,286,1,fec-parity,pending,H.264,1,1,23,1,22,1,0,0,0,0,0,0,7849,11,0,0,0,0,0,7.760,52,64,51,46,51,0,61.609,22.303,56.924,1,0,168,14,182,0,53,9,0.448,0.552,0.923,1.000,0.145,45.000,0.333,0.667,0.000,duplicate-guard,343,2777,0,0,210,2576,672,6257,133,201,0,0,6252,predicted-useful,fec-grace,1130,0.522,70,182,0,0,0,0,0,5,5,5,5,64,993,64,993,0,0,0,pacing,0,0.810,10.233,118.233,0,0,5,5,0,0,0,0,6,12,12,0,73,2,2,sent,33,86,0,1,20,6,0,0,6,12,259,3,stale-age,998,818,44,0,1,9500000,1200000,25,0,25,7885,7859,9648178,480,591199,258,319824,0,0,0,0,0,0.547,46.114,7885.250,4800.000,407,14198,7344,3239,6854,3615,0.306,22.221,1.922,407,5582687,8870470,1.059,14.136,0.441,19.702,14198,672,208,6257,185,478,9,61,61,103,9,14,3,5,4,0,0,0,0,0,0,0,0,0,0,50,2,1,0,4,1342,1078,1078,0,0,0,0,0,,disabled,,0,0,0,0,,1,Fixed Quality,Hybrid,85,30,9500,12000,640,360,H.264,480,270,518400,27136,518400,27136,0.052,0.000,,0,0,0.000,1.935,0.000,0.000,0.061,7250,6500,6500,9,9,0,1,9500,1.000,0,9.523,0.000,0,0,0.000,0.000,0,0,0,0,1.000,0.000,0.000,1,0,0,disabled,23,1,1,38,89,38,44,7,64,64,3,4,decoder-sync-observed,0,,0,0,11.436,22.851,0,,0.000,0.000,0.000,0.000,0,0,0,,11,0,0,2.987,0,287,0.061,0.000,0.000,0.060,0.000,0.040,0.006,1,1,1,1,0,1,1,0,0,0,0,0,1.000,0.000,0.000,30,0,0.000,0,0,0,0.000,0.000,0.000,0.000,0.000,0.000,0.000,1.846,6.981,0,0,0,0,0,0,0,0,0.000,0.000,0.000,0.000,0.000,0.000,0,0.499,23.496,204,211,1180,31.322,227.144,67.270,227.144,7047.039,176,1,H.264,96.229,0,0,225.925,227.095,1.000,173.448,94.994,arrival-gap-jitter-spike,4167.391,0,1,1,1,1,11214.430,543.276,589.581,590.847,590.847,0,0,8,0,0,4,0,,,126.786,159.041,246,1,decoded,0,0,0,0,0,0,0,0,0,0,,100.756,0.000,103.800,0.000,0.000,0.000,127.720,stale-before-upload,0.001,284,0.000,108.697,4.390,0.084,0.302,0.008,0.000,0.294,1,0,0,1,3,0.063,23.530,23.496,11.139,21.404,1.000,Loss,0,1,0,1.000,1,1,1,1,0.060,0.000,0.060,0,100,0,7870,7376,451,0,454
12.220,Custom_loss6_delay0-100_dup0_reorder6_burst0,Loopback,1,1,0,,,0.000,0,21,311,15.149,15.146,17.241,97.294,101.365,21.305,45.260,53.444,0.060,0.238,8127,519,7566,7047,1118,641,71,361,305,56,45,0,7048,234,73,0,0,0,0,5.000,0,0,0,0,0,0,0,0,0,0,0,0,0,0,0,0.000,0.000,0.000,,230,230,1284,0,1,11.557,225.925,12.569,227.095,0.000,0.000,222,220,4278,290,70,0,738,1199,311,1,completed,completed,H.264,0,1,24,24,0,5,5,2,10,24,0,0,8594,6,0,0,0,0,0,90.632,56,71,56,51,56,0,62.272,21.972,56.924,1,0,184,16,200,0,57,10,0.441,0.559,0.920,1.000,0.149,39.000,0.000,1.000,1.000,retransmit-late,373,3040,0,0,230,2821,738,6916,143,219,0,0,6911,deferred-likely-arrival,likely-arrival,1240,0.000,77,200,0,1,0,0,0,6,6,6,6,71,1103,71,1103,0,0,0,pacing,0,0.793,8.212,116.212,0,0,6,6,0,0,0,0,6,12,12,0,73,2,2,sent,36,92,0,2,22,6,0,0,6,12,302,3,stale-age,1110,900,48,0,1,9500000,1200000,0,0,0,8666,8666,10639694,527,649251,283,350500,0,0,0,0,0,11.644,46.114,984.438,4800.000,450,15685,8119,3589,7566,3977,0.307,1.619,1.155,450,5111702,8014191,0.860,5.868,0.381,9.693,15685,738,227,6916,209,520,9,69,69,122,12,21,4,6,6,0,0,0,0,0,0,0,0,0,0,55,2,1,0,4,1481,1199,1199,0,0,0,0,0,,disabled,,0,0,0,0,,1,Fixed Quality,Hybrid,85,30,9500,12000,640,360,H.264,480,270,518400,28178,518400,28178,0.054,0.000,,0,0,0.000,2.408,0.000,0.000,0.124,7250,6750,6750,10,10,0,1,9500,1.000,0,21.416,0.000,0,0,0.000,0.000,0,0,0,0,0.280,0.640,0.080,1,0,0,disabled,24,1,1,42,98,42,48,8,71,71,2,4,decoder-sync-observed,0,,0,0,25.084,23.729,0,,0.000,0.000,0.000,0.000,0,0,0,,12,0,0,3.134,0,313,0.124,0.000,0.000,0.123,0.000,0.072,0.012,1,1,1,1,0,1,1,0,0,0,1,0,0.860,49.998,0.000,26,0,0.000,0,0,0,0.000,0.000,0.000,0.000,0.000,0.000,0.000,2.253,13.853,0,0,0,0,0,0,0,0,0.000,0.000,0.000,0.000,0.000,0.000,0,0.356,15.146,222,230,1284,12.587,227.144,67.270,227.144,7047.039,176,1,H.264,96.229,0,0,225.925,227.095,1.000,173.448,94.994,arrival-gap-jitter-spike,5173.094,0,1,1,1,1,12220.133,543.276,589.581,590.847,590.847,0,0,8,0,0,4,0,,,126.786,159.041,246,1,decoded,0,0,0,0,0,0,0,0,0,0,,103.639,0.000,107.793,0.000,0.000,0.000,133.647,stale-before-upload,0.001,310,0.000,113.453,5.297,0.076,0.850,0.570,0.000,0.280,1,0,0,1,3,0.060,15.149,15.146,53.444,17.241,2.000,RecoveryDeadline,0,1,0,1.000,0,1,1,1,0.060,0.000,0.060,0,100,0,8678,8140,501,0,496
13.224,Custom_loss6_delay0-100_dup0_reorder6_burst0,Loopback,1,1,0,,,0.000,0,21,335,18.384,16.547,15.554,99.874,100.839,55.574,46.119,15.424,0.062,0.238,8756,578,8175,7597,1195,689,73,385,323,62,48,0,7598,253,79,0,0,0,0,5.000,0,0,0,0,0,0,0,0,0,0,0,0,0,0,0,0.000,0.000,0.000,,248,248,1387,0,1,37.621,225.925,38.972,227.095,0.000,0.000,241,239,4595,315,75,0,793,1288,336,1,nack-deferred-likely-arrival,pending,H.264,0,1,22,20,2,4,3,2,5,15,0,0,9292,7,0,0,0,0,0,96.108,63,73,62,56,62,0,63.025,21.974,56.924,1,0,199,20,219,0,66,10,0.463,0.537,0.909,1.000,0.132,42.000,0.250,0.750,0.000,duplicate-guard,400,3275,0,0,247,3038,793,7425,153,237,0,0,7420,deferred-likely-arrival,likely-arrival,1338,0.909,84,219,0,1,0,0,0,6,6,6,6,78,1207,77,1203,0,0,0,pacing,0,0.861,10.085,118.085,0,0,6,6,0,0,0,0,6,12,12,0,73,2,2,sent,38,98,0,2,24,6,0,0,6,12,325,2,stale-age,1214,968,52,1,1,9500000,1200000,0,0,0,9331,9331,11456333,555,683405,288,356736,0,0,0,0,0,0.148,46.114,8863.938,1087.350,484,16918,8747,3893,8171,4278,0.308,4.848,2.079,484,3497437,5922083,1.830,11.548,0.458,5.765,16918,793,245,7425,227,557,9,74,74,130,13,22,1,7,6,0,0,0,0,0,0,0,0,0,0,59,2,1,0,4,1588,1288,1288,0,0,0,0,0,,disabled,,0,0,0,0,,1,Fixed Quality,Hybrid,85,30,9500,12000,640,360,H.264,480,270,518400,26096,518400,26096,0.050,0.000,,0,0,0.000,2.088,0.000,0.000,0.083,6000,6250,6250,11,11,0,1,9500,0.820,1,11.016,0.000,0,0,3.696,0.000,3732,0,0,0,0.000,0.000,1.000,1,0,0,fixed-pacing-queue-hold,22,1,1,45,105,45,52,8,77,77,1,4,decoder-sync-observed,0,,0,0,18.258,21.976,0,,0.000,0.000,0.000,0.000,0,0,0,,13,0,0,9.760,0,338,0.083,0.000,0.000,0.082,0.000,0.055,0.009,1,1,1,1,0,1,1,0,0,0,1,0,0.860,103.744,0.000,24,0,0.000,0,0,0,0.000,0.000,0.000,0.000,0.000,0.000,0.000,1.959,14.667,0,0,0,0,0,0,0,0,0.000,0.000,0.000,0.000,0.000,0.000,0,0.568,16.547,241,248,1387,38.866,227.144,67.270,227.144,7047.039,176,1,H.264,96.229,0,0,225.925,227.095,1.000,173.448,94.994,arrival-gap-jitter-spike,6177.240,0,1,1,1,1,13224.279,543.276,589.581,590.847,590.847,0,0,8,0,0,4,0,,,126.786,159.041,246,1,decoded,0,0,0,0,0,0,0,0,0,0,,94.404,0.000,97.662,0.000,0.000,0.000,129.937,stale-before-upload,0.001,335,0.000,104.426,6.183,0.098,0.305,0.001,0.000,0.304,1,0,0,1,3,0.062,18.384,16.547,15.424,15.554,0.750,Loss,0,1,0,0.000,0,1,1,1,0.060,0.000,0.060,0,100,0,9344,8771,545,0,525
14.226,Custom_loss6_delay0-100_dup0_reorder6_burst0,Loopback,1,1,0,,,0.000,0,21,359,15.492,15.485,17.957,115.785,100.852,20.836,44.174,25.291,0.064,0.240,9368,643,8762,8119,1283,747,76,410,343,67,50,0,8120,269,85,0,0,0,0,5.000,0,0,0,0,0,0,0,0,0,0,0,0,0,0,0,0.000,0.000,0.000,,264,264,1501,0,1,88.788,225.925,89.840,227.095,0.000,0.000,257,255,4938,336,81,0,854,1385,361,1,nack-sent,pending,H.264,1,1,23,15,8,4,2,3,8,42,1,0,9948,0,9979,3,0,0,0,68.876,70,76,67,61,67,0,64.332,22.757,84.794,1,0,214,21,235,0,74,10,0.479,0.521,0.911,1.000,0.119,45.000,0.000,1.000,0.000,stable,429,3491,0,0,263,3237,854,7996,166,254,0,0,7991,predicted-useful,likely-arrival,1434,0.609,90,235,0,1,0,0,0,7,7,7,7,84,1300,83,1296,0,0,0,pacing,0,0.829,13.372,121.372,0,0,7,7,0,0,0,0,6,12,12,0,73,2,2,sent,41,109,0,2,27,6,0,0,6,12,351,4,stale-age,1308,1041,55,0,1,9500000,1200000,0,0,0,9998,9998,12279321,599,737883,312,386632,0,0,0,0,0,0.210,46.114,18468.625,1089.300,518,18127,9365,4229,8762,4533,0.311,32.890,0.000,518,5374277,8009894,1.042,2.291,0.503,15.997,18127,854,261,7996,249,596,9,80,80,141,14,25,3,7,7,0,0,0,0,0,0,0,0,0,0,64,2,1,0,4,1707,1385,1385,0,0,0,0,0,,disabled,,0,0,0,0,,1,Fixed Quality,Hybrid,85,30,9500,12000,640,360,H.264,480,270,518400,0,518400,27136,0.052,0.000,,0,0,0.000,5.014,0.000,4.170,0.810,7250,6500,6500,12,12,0,1,9500,1.000,0,13.248,0.000,0,0,0.000,0.000,0,0,0,0,1.000,0.000,0.000,1,0,0,disabled,0,0,0,49,117,49,57,11,84,84,2,4,async-output-pending,0,,0,0,0.000,0.000,0,,0.210,18468.625,45673.077,0.000,0,0,0,,14,0,0,0.000,1,0,0.794,0.155,0.637,0.000,0.000,0.000,0.000,0,0,1,1,1,0,0,1,1,0,1,0,0.860,105.402,0.000,26,0,0.000,0,0,0,0.000,0.000,0.000,0.000,0.000,0.000,0.000,0.000,9.216,0,0,0,0,0,0,0,0,0.000,0.000,0.000,0.000,0.000,0.000,0,0.432,15.485,257,264,1501,89.818,227.144,67.270,227.144,7047.039,176,1,H.264,96.229,0,0,225.925,227.095,1.000,173.448,94.994,arrival-gap-jitter-spike,7179.572,0,1,1,1,1,14226.611,543.276,589.581,590.847,590.847,0,0,8,0,0,4,0,,,126.786,159.041,246,1,decoded,0,0,0,0,0,0,0,0,0,0,,106.592,0.000,109.319,0.000,0.000,0.000,137.892,stale-before-upload,0.001,359,0.000,115.564,5.799,0.078,0.529,0.273,0.000,0.255,1,0,0,1,3,0.064,15.492,15.485,25.291,17.957,1.000,RecoveryDeadline,0,1,0,0.000,0,1,1,1,0.060,0.000,0.060,0,100,0,10012,9391,591,0,560
15.227,Custom_loss6_delay0-100_dup0_reorder6_burst0,Loopback,1,1,0,,,0.000,0,21,386,20.575,20.573,19.932,104.325,101.019,42.327,44.042,13.963,0.062,0.236,10117,668,9447,8779,1393,817,83,440,366,74,53,0,8780,291,90,0,0,0,0,5.000,0,0,0,0,0,0,0,0,0,0,0,0,0,0,0,0.000,0.000,0.000,,286,286,1602,0,1,61.366,225.925,62.567,227.095,0.000,0.000,279,277,5319,365,86,0,915,1497,387,1,nack-deferred-likely-arrival,pending,H.264,0,1,24,22,2,3,3,1,6,9,0,0,10752,19,0,0,0,0,0,83.933,79,83,74,68,74,0,64.834,22.516,84.794,1,0,237,18,255,0,88,10,0.488,0.512,0.929,1.000,0.102,45.000,0.286,0.714,0.000,duplicate-guard,462,3715,0,0,281,3438,915,8553,181,277,0,0,8548,deferred-likely-arrival,likely-arrival,1542,0.250,98,255,0,1,0,0,0,8,8,8,8,92,1417,91,1413,0,0,0,pacing,0,0.768,9.899,117.899,0,0,8,8,0,0,0,0,6,12,12,0,73,2,2,sent,43,112,0,2,29,6,0,0,6,12,375,1,stale-age,1426,1118,59,0,1,9500000,1200000,0,0,0,10778,10778,13238141,648,798423,338,419016,0,0,0,0,0,11.036,46.114,662.625,4800.000,559,19535,10094,4559,9441,4882,0.311,6.573,1.309,559,5850525,9226965,0.985,6.131,0.481,5.964,19535,915,283,8553,272,634,9,85,85,151,14,25,3,7,7,0,0,0,0,0,0,0,0,0,0,69,2,1,0,4,1832,1497,1497,0,0,0,0,0,,disabled,,0,0,0,0,,1,Fixed Quality,Hybrid,85,30,9500,12000,640,360,H.264,480,270,518400,0,518400,28178,0.054,0.000,,0,0,0.000,4.701,0.000,4.053,0.607,7250,6750,6750,13,13,0,1,9500,1.000,0,11.036,0.000,0,0,0.000,0.000,0,0,0,0,0.310,0.620,0.071,1,0,0,disabled,0,0,0,53,124,53,60,11,91,91,0,5,async-output-pending,0,,0,0,0.000,0.000,0,,0.000,0.000,0.000,0.000,0,0,0,,15,0,0,0.000,1,0,0.599,0.158,0.439,0.000,0.000,0.000,0.000,0,0,1,1,1,0,0,1,1,0,1,0,0.860,60.592,0.000,26,0,0.000,0,0,0,0.000,0.000,0.000,0.000,0.000,0.000,0.000,0.000,14.229,0,0,0,0,0,0,0,0,0.000,0.000,0.000,0.000,0.000,0.000,0,0.463,20.573,279,286,1602,62.401,227.144,67.270,227.144,7047.039,176,1,H.264,96.229,0,0,225.925,227.095,1.000,173.448,94.994,arrival-gap-jitter-spike,8179.772,0,1,1,1,1,15226.811,543.276,589.581,590.847,590.847,0,0,8,0,0,4,0,,,126.786,159.041,246,1,decoded,0,0,0,0,0,0,0,0,0,0,,105.182,0.000,107.943,0.000,0.000,0.000,132.162,stale-before-upload,0.000,386,0.000,113.033,4.618,0.079,0.667,0.449,0.000,0.217,1,0,0,1,3,0.062,20.575,20.573,13.963,19.932,1.000,Loss,0,1,0,0.000,0,1,1,1,0.060,0.000,0.060,0,100,0,10793,10135,635,0,604
16.227,Custom_loss6_delay0-100_dup0_reorder6_burst0,Loopback,1,1,0,,,0.000,0,21,413,23.582,23.536,22.626,96.896,100.892,48.831,44.362,0.896,0.063,0.230,10900,737,10193,9456,1488,874,87,470,393,77,57,0,9457,314,94,0,0,0,0,5.000,0,0,0,0,0,0,0,0,0,0,0,0,0,0,0,0.000,0.000,0.000,,309,309,1703,0,1,42.054,225.925,43.301,227.095,0.000,0.000,302,300,5691,391,90,0,976,1604,415,1,fec-recovered,pending,H.264,0,1,24,7,17,4,1,0,0,0,0,0,11611,20,0,0,0,0,0,43.875,88,87,77,71,77,0,65.266,22.204,84.794,1,0,253,19,272,0,94,11,0.503,0.497,0.930,1.000,0.105,39.000,0.800,0.200,0.333,retransmit-late,493,4004,0,0,303,3712,976,9153,189,288,1,4,9149,predicted-useful,fec-grace,1650,0.208,105,272,0,1,0,0,0,8,8,8,8,99,1536,98,1532,0,0,0,pacing,0,0.790,9.008,117.008,0,0,8,8,0,0,0,0,6,12,12,0,73,2,2,sent,43,112,0,2,29,6,0,0,6,12,375,1,stale-age,1545,1193,63,1,1,9500000,1200000,0,0,0,11635,11635,14288167,695,856317,364,450778,0,0,0,0,0,15.436,46.114,5257.062,4800.000,602,21083,10893,4843,10190,5347,0.308,17.099,2.390,602,5112011,8268265,1.484,6.206,0.471,14.307,21083,976,306,9153,290,677,9,89,89,160,15,26,1,8,7,0,0,0,0,0,0,0,0,0,0,72,2,1,0,4,1963,1604,1604,0,0,0,0,0,,disabled,,0,0,0,0,,1,Fixed Quality,Hybrid,85,30,9500,12000,640,360,H.264,480,270,518400,28178,518400,28178,0.054,0.000,,0,0,0.000,2.304,0.000,0.000,0.079,7250,6750,6750,13,13,0,1,9500,1.000,0,15.436,0.000,0,0,0.000,0.000,0,0,0,0,0.324,0.607,0.070,1,0,0,disabled,24,0,0,56,131,56,64,11,97,97,0,5,large-au-observed,0,,0,0,11.534,23.729,0,,0.000,0.000,0.000,0.000,0,0,0,,16,0,0,3.730,0,416,0.078,0.000,0.000,0.078,0.000,0.052,0.008,1,1,1,1,0,1,1,0,0,0,1,0,0.860,103.819,0.000,26,0,0.000,0,0,0,0.000,0.000,0.000,0.000,0.000,0.000,0.000,2.217,8.368,0,0,0,0,0,0,0,0,0.000,0.000,0.000,0.000,0.000,0.000,0,0.494,23.536,302,309,1703,43.337,227.144,67.270,227.144,7047.039,176,1,H.264,96.229,0,0,225.925,227.095,1.000,173.448,94.994,arrival-gap-jitter-spike,9180.522,0,1,1,1,1,16227.561,543.276,589.581,590.847,590.847,0,0,8,0,0,4,0,,,126.786,159.041,246,1,decoded,0,0,0,0,0,0,0,0,0,0,,96.325,0.000,99.849,0.000,0.000,0.000,128.448,stale-before-upload,0.001,413,0.000,105.892,5.537,0.104,0.267,0.001,0.000,0.266,1,0,0,1,3,0.063,23.582,23.536,0.896,22.626,0.750,Loss,0,1,0,0.000,2,2,2,1,0.060,0.000,0.060,0,100,0,11651,10924,686,0,651
17.228,Custom_loss6_delay0-100_dup0_reorder6_burst0,Loopback,1,1,0,,,0.000,0,21,440,21.704,21.701,23.830,102.020,100.884,86.708,47.008,20.573,0.063,0.228,11659,784,10912,10128,1589,932,98,500,420,80,59,0,10129,336,99,0,0,0,0,5.000,0,0,0,0,0,0,0,0,0,0,0,0,0,0,0,0.000,0.000,0.000,,331,331,1811,0,1,24.311,225.925,25.502,227.095,0.000,0.000,324,322,6090,416,95,0,1050,1722,441,1,fec-recovered,pending,H.264,0,1,24,20,4,3,3,2,5,18,0,0,12402,13,0,0,0,0,0,69.655,91,98,80,74,80,0,65.064,22.438,84.794,1,0,270,20,290,0,96,13,0.481,0.519,0.931,1.000,0.119,37.000,0.000,1.000,0.000,duplicate-guard,516,4296,0,0,323,4000,1050,9989,192,292,1,4,9985,predicted-useful,fec-grace,1771,0.250,113,290,0,1,0,0,0,8,8,8,8,107,1676,106,1672,0,0,0,pacing,0,0.832,8.821,116.821,0,0,8,8,0,0,0,0,6,12,12,0,73,2,2,sent,45,119,0,3,30,6,0,0,6,12,421,4,stale-age,1685,1281,66,0,1,9500000,1200000,20,0,20,12463,12442,15277139,743,915455,389,481926,0,0,0,0,0,0.593,46.114,4977.875,4800.000,643,22569,11657,5119,10912,5793,0.305,7.936,1.113,643,5564060,10266759,0.924,12.540,0.461,14.784,22569,1050,328,9989,308,733,9,94,94,174,19,38,4,8,11,0,0,0,0,0,0,0,0,0,0,73,2,1,0,4,2103,1722,1722,0,0,0,0,0,,disabled,,0,0,0,0,,1,Fixed Quality,Hybrid,85,30,9500,12000,640,360,H.264,480,270,518400,28178,518400,28178,0.054,0.000,,0,0,0.000,2.296,0.000,0.000,0.146,7250,6750,6750,13,13,0,1,9500,1.000,0,13.934,0.000,0,0,0.000,0.000,0,0,0,0,0.314,0.617,0.069,1,0,0,disabled,24,0,0,60,140,60,66,14,103,103,0,5,large-au-observed,0,,0,0,15.662,23.729,0,,0.000,0.000,0.000,0.000,0,0,0,,17,0,0,3.069,0,443,0.145,0.000,0.000,0.145,0.000,0.089,0.036,1,1,1,1,0,1,1,0,0,0,1,0,0.860,29.725,0.000,26,0,0.000,0,0,0,0.000,0.000,0.000,0.000,0.000,0.000,0.000,2.141,6.971,0,0,0,0,0,0,0,0,0.000,0.000,0.000,0.000,0.000,0.000,0,0.391,21.701,324,331,1811,25.433,227.144,67.270,227.144,7047.039,176,1,H.264,96.229,0,0,225.925,227.095,1.000,173.448,94.994,arrival-gap-jitter-spike,10181.033,0,1,1,1,1,17228.072,543.276,589.581,590.847,590.847,0,0,8,0,0,4,0,,,126.786,159.041,246,1,decoded,0,0,0,0,0,0,0,0,0,0,,103.720,0.000,106.554,0.000,0.000,0.000,131.010,stale-before-upload,0.000,440,0.000,111.431,4.481,0.078,0.587,0.309,0.000,0.278,1,0,0,1,3,0.063,21.704,21.701,20.573,23.830,1.000,RecoveryDeadline,0,1,0,1.000,0,1,1,1,0.060,0.000,0.060,0,100,0,12460,11677,738,0,699
18.235,Custom_loss6_delay0-100_dup0_reorder6_burst0,Loopback,1,1,0,,,0.000,0,21,466,20.294,20.288,19.079,124.982,101.160,34.102,46.249,6.411,0.063,0.226,12440,838,11656,10818,1698,1002,109,525,438,87,62,0,10819,357,104,0,0,0,0,5.000,0,0,0,0,0,0,0,0,0,0,0,0,0,0,0,0.000,0.000,0.000,,352,352,1913,0,1,54.483,225.925,55.686,227.095,0.000,0.000,345,343,6487,444,100,0,1117,1832,468,1,fec-recovered,pending,H.264,0,1,24,15,9,2,1,1,2,12,0,0,13225,4,0,0,0,0,0,63.691,94,109,87,81,87,0,65.923,21.617,84.794,1,0,291,19,310,0,100,13,0.463,0.537,0.939,1.000,0.115,45.000,0.000,1.000,0.000,duplicate-guard,553,4616,0,0,344,4294,1117,10696,208,318,1,4,10692,predicted-useful,fec-grace,1881,0.500,121,310,0,1,0,0,0,8,8,8,8,115,1811,114,1807,0,0,0,pacing,0,0.798,10.017,118.017,0,0,8,8,0,0,0,0,6,12,12,0,73,2,2,sent,46,121,0,3,31,6,0,0,6,12,459,2,stale-age,1820,1360,70,0,1,9500000,1200000,0,0,0,13263,13263,16282955,793,977081,415,513688,0,0,0,0,0,19.219,46.114,4005.062,4800.000,684,24093,12437,5507,11656,6149,0.307,23.384,1.091,684,5440280,8814129,0.871,-0.489,0.500,24.603,24093,1117,349,10696,326,782,9,99,99,183,19,38,4,8,11,0,0,0,0,0,0,0,0,0,0,78,2,1,0,4,2239,1832,1832,0,0,0,0,0,,disabled,,0,0,0,0,,1,Fixed Quality,Hybrid,85,30,9500,12000,640,360,H.264,480,270,518400,0,518400,28178,0.054,0.000,,0,0,0.000,4.799,0.000,4.136,0.644,7250,6750,6750,13,13,0,1,9500,1.000,0,19.219,0.000,0,0,0.000,0.000,0,0,0,0,0.303,0.635,0.061,1,0,0,disabled,0,0,0,64,148,64,70,14,109,109,0,5,async-output-pending,0,,0,0,0.000,0.000,0,,19.219,4005.062,45673.077,0.000,0,0,0,,18,0,0,0.000,1,0,0.634,0.165,0.467,0.000,0.000,0.000,0.000,0,0,1,1,1,0,0,1,1,0,1,0,0.860,107.057,0.000,26,0,0.000,0,0,0,0.000,0.000,0.000,0.000,0.000,0.000,0.000,0.000,31.755,0,0,0,0,0,0,0,0,0.000,0.000,0.000,0.000,0.000,0.000,0,0.355,20.288,345,352,1913,55.566,227.144,67.270,227.144,7047.039,176,1,H.264,96.229,0,0,225.925,227.095,1.000,173.448,94.994,arrival-gap-jitter-spike,11188.171,0,1,1,1,1,18235.210,543.276,589.581,590.847,590.847,0,0,8,0,0,4,0,,,126.786,159.041,246,1,decoded,0,0,0,0,0,0,0,0,0,0,,111.609,0.000,114.477,0.000,0.000,0.000,142.491,stale-before-upload,0.001,466,0.000,120.371,5.527,0.077,0.713,0.489,0.000,0.224,1,0,0,1,3,0.063,20.294,20.288,6.411,19.079,1.000,RecoveryDeadline,0,1,0,0.000,3,2,2,1,0.060,0.000,0.060,0,100,0,13281,12464,777,0,750
19.239,Custom_loss6_delay0-100_dup0_reorder6_burst0,Loopback,1,1,0,,,0.000,0,21,494,24.040,24.051,22.457,101.748,101.404,97.009,49.069,29.419,0.063,0.219,13236,891,12398,11507,1807,1072,116,554,462,92,65,0,11508,382,107,0,0,0,0,5.000,0,0,0,0,0,0,0,0,0,0,0,0,0,0,0,0.000,0.000,0.000,,377,377,2015,0,1,69.718,225.925,71.017,227.095,0.000,0.000,370,368,6894,474,104,0,1181,1951,495,1,fec-parity,pending,H.264,0,1,24,13,11,5,2,1,0,11,0,0,14068,12,0,0,0,0,0,62.278,104,116,92,86,92,0,66.210,22.170,84.794,2,0,314,20,334,0,112,13,0.473,0.527,0.940,1.000,0.104,45.000,0.333,0.667,0.000,duplicate-guard,587,4871,0,0,364,4525,1181,11305,222,342,1,4,11301,predicted-useful,fec-grace,1994,0.458,131,334,0,1,0,0,0,8,8,8,8,125,1972,124,1968,0,0,0,pacing,0,0.810,7.559,115.559,0,0,8,8,0,0,0,0,6,12,12,0,73,2,2,sent,48,126,0,3,33,6,0,0,6,12,487,4,stale-age,1981,1434,74,0,1,9500000,1200000,6,0,6,14127,14121,17334175,847,1043683,440,544206,0,0,0,0,0,10.966,46.114,1036.188,4800.000,728,25629,13231,5885,12398,6513,0.308,41.173,0.000,728,5545340,8497959,0.977,62.907,0.524,7.015,25629,1181,374,11305,347,825,9,102,102,188,19,38,4,8,11,0,0,0,0,0,0,0,0,0,0,81,2,1,0,4,2378,1951,1951,0,0,0,0,0,,disabled,,0,0,0,0,,1,Fixed Quality,Hybrid,85,30,9500,12000,640,360,H.264,480,270,518400,28176,518400,28176,0.054,0.000,,0,0,0.000,2.094,0.000,0.000,0.077,7250,6750,6750,13,13,0,1,9500,1.000,0,15.130,0.000,0,0,0.000,0.000,0,0,0,0,0.311,0.629,0.060,1,0,0,disabled,24,0,0,68,158,68,74,16,116,116,0,5,large-au-observed,0,,0,0,18.687,23.727,0,,0.000,0.000,0.000,0.000,0,0,0,,19,0,0,3.165,0,497,0.077,0.000,0.000,0.077,0.000,0.046,0.013,1,1,1,1,0,1,1,0,0,0,1,0,0.860,70.914,0.000,26,0,0.000,0,0,0,0.000,0.000,0.000,0.000,0.000,0.000,0.000,2.005,7.462,0,0,0,0,0,0,0,0,0.000,0.000,0.000,0.000,0.000,0.000,0,0.416,24.051,370,377,2015,70.725,227.144,67.270,227.144,7047.039,176,1,H.264,96.229,0,0,225.925,227.095,1.000,173.448,94.994,arrival-gap-jitter-spike,12192.153,0,1,1,1,1,19239.192,543.276,589.581,590.847,590.847,0,0,8,0,0,4,0,,,126.786,159.041,246,1,decoded,0,0,0,0,0,0,0,0,0,0,,106.458,0.000,109.799,0.000,0.000,0.000,130.874,stale-before-upload,0.001,494,0.000,116.313,6.084,0.090,0.317,0.001,0.000,0.316,1,0,0,1,3,0.063,24.040,24.051,29.419,22.457,1.000,RecoveryDeadline,0,1,0,0.000,4,2,2,1,0.060,0.000,0.060,0,100,0,14140,13256,828,0,798
20.241,Custom_loss6_delay0-100_dup0_reorder6_burst0,Loopback,1,1,0,,,0.000,0,21,521,19.381,19.416,19.487,96.854,101.315,74.451,50.405,24.358,0.061,0.217,14026,919,13114,12195,1905,1124,123,591,490,101,67,0,12196,404,112,0,0,0,0,5.000,0,0,0,0,0,0,0,0,0,0,0,0,0,0,0,0.000,0.000,0.000,,399,399,2117,0,1,26.138,225.925,27.238,227.095,0.000,0.000,392,389,7279,505,109,0,1247,2054,522,1,fec-recovered,pending,H.264,0,1,24,20,4,1,1,2,10,21,0,0,14910,23,0,0,0,0,0,76.041,108,123,101,95,101,0,65.758,22.348,84.794,2,0,334,20,354,0,116,14,0.468,0.532,0.944,1.000,0.108,43.000,0.111,0.889,0.000,duplicate-guard,624,5161,0,0,384,4789,1247,11961,239,368,1,4,11957,predicted-useful,likely-arrival,2105,0.208,139,354,0,1,0,0,0,8,8,8,8,133,2108,132,2104,0,0,0,pacing,0,0.795,9.526,117.526,0,0,8,8,0,0,0,0,6,12,12,0,73,2,2,sent,49,128,0,3,34,6,0,0,6,12,499,2,stale-age,2117,1514,78,0,1,9500000,1200000,17,0,17,14957,14939,18336881,897,1105309,465,574724,0,0,0,0,0,0.632,46.114,8250.125,4800.000,771,27112,14004,6166,13108,6942,0.306,33.990,3.454,771,4489466,7683885,1.591,45.814,0.480,16.356,27112,1247,396,11961,365,873,9,107,107,199,21,42,2,8,13,0,0,0,0,0,0,0,0,0,0,84,2,1,0,4,2510,2054,2054,0,0,0,0,0,,disabled,,0,0,0,0,,1,Fixed Quality,Hybrid,85,30,9500,12000,640,360,H.264,480,270,518400,28178,518400,28178,0.054,0.000,,0,0,0.000,1.980,0.000,0.000,0.124,7250,6750,6750,13,13,0,1,9500,1.000,0,11.807,0.000,0,0,0.000,0.000,0,0,0,0,0.305,0.638,0.056,1,0,0,disabled,24,0,0,72,165,72,77,16,122,122,0,5,large-au-observed,0,,0,0,13.433,23.729,0,,0.000,0.000,0.000,0.000,0,0,0,,20,0,0,5.129,0,524,0.124,0.000,0.000,0.123,0.000,0.096,0.010,1,1,1,1,0,1,1,0,0,0,1,0,0.860,142.566,0.000,26,0,0.000,0,0,0,0.000,0.000,0.000,0.000,0.000,0.000,0.000,1.848,9.362,0,0,0,0,0,0,0,0,0.000,0.000,0.000,0.000,0.000,0.000,0,0.404,19.416,392,399,2117,27.174,227.144,67.270,227.144,7047.039,176,1,H.264,96.229,0,0,225.925,227.095,1.000,173.448,94.994,arrival-gap-jitter-spike,13194.467,0,1,1,1,1,20241.506,543.276,589.581,590.847,590.847,0,0,9,0,0,5,1,latency-pressure freshness,latency-over-80ms,121.446,159.041,498,1,decoded,0,0,0,0,0,0,0,0,0,0,,100.975,0.000,103.881,0.000,0.000,0.000,128.427,stale-before-upload,0.001,521,0.000,108.967,4.715,0.075,0.722,0.488,0.000,0.233,1,0,0,1,3,0.061,19.381,19.416,24.358,19.487,1.000,RecoveryDeadline,0,1,0,0.500,2,1,1,1,0.060,0.000,0.060,0,100,0,14960,14047,875,0,840
21.248,Custom_loss6_delay0-100_dup0_reorder6_burst0,Loopback,1,1,0,,,0.000,0,21,548,18.710,18.708,20.856,83.650,101.343,54.974,50.633,39.569,0.061,0.214,14743,959,13780,12821,2004,1187,127,622,512,110,68,0,12822,425,116,0,0,0,0,5.000,0,0,0,0,0,0,0,0,0,0,0,0,0,0,0,0.000,0.000,0.000,,420,420,2220,0,1,12.760,225.925,13.879,227.095,0.000,0.000,413,410,7658,535,113,0,1304,2166,549,1,fec-recovered,pending,H.264,0,1,24,20,4,4,3,1,3,9,0,0,15672,15,0,0,0,0,0,69.164,113,127,110,104,110,0,66.121,22.023,84.794,2,0,352,21,373,0,124,14,0.471,0.529,0.944,1.000,0.101,45.000,0.333,0.667,0.000,duplicate-guard,660,5438,0,0,404,5040,1304,12472,255,394,1,4,12468,predicted-useful,fec-grace,2206,0.250,146,373,0,1,0,0,0,8,8,8,8,140,2212,139,2208,0,0,0,pacing,0,0.735,11.736,119.736,0,0,8,8,0,0,0,0,6,12,12,0,73,2,2,sent,51,134,0,3,36,6,0,0,6,12,528,2,stale-age,2221,1587,82,0,1,9500000,1200000,4,0,4,15696,15692,19259221,946,1165691,491,606486,0,0,0,0,0,6.025,46.114,134.500,4800.000,809,28518,14738,6439,13780,7341,0.304,11.357,0.348,809,5214169,8141944,1.293,32.756,0.461,9.329,28518,1304,417,12472,383,912,9,111,111,205,21,42,2,8,13,0,0,0,0,0,0,0,0,0,0,88,2,1,0,4,2641,2166,2166,0,0,0,0,0,,disabled,,0,0,0,0,,1,Fixed Quality,Hybrid,85,30,9500,12000,640,360,H.264,480,270,518400,0,518400,28178,0.054,0.000,,0,0,0.000,4.942,0.000,4.264,0.643,7250,6750,6750,13,13,0,1,9500,1.000,0,12.171,0.000,0,0,0.000,0.000,0,0,0,0,0.303,0.641,0.056,1,0,0,disabled,0,0,0,76,176,76,84,16,128,128,0,5,async-output-pending,0,,0,0,0.000,0.000,0,,0.732,10043.938,39583.333,0.000,0,0,0,,21,0,0,0.000,1,0,0.637,0.178,0.458,0.000,0.000,0.000,0.000,0,0,1,1,1,0,0,1,1,0,0,0,1.000,0.000,0.000,30,0,0.000,0,0,0,0.000,0.000,0.000,0.000,0.000,0.000,0.000,0.000,3.690,0,0,0,0,0,0,0,0,0.000,0.000,0.000,0.000,0.000,0.000,0,0.421,18.708,413,420,2220,13.806,227.144,67.270,227.144,7047.039,176,1,H.264,96.229,0,0,225.925,227.095,1.000,173.448,94.994,arrival-gap-jitter-spike,14201.297,0,1,1,1,1,21248.336,543.276,589.581,590.847,590.847,0,0,9,0,0,5,0,,,121.446,159.041,498,1,decoded,0,0,0,0,0,0,0,0,0,0,,100.931,0.000,103.678,0.000,0.000,0.000,126.825,stale-before-upload,0.001,548,0.000,110.012,5.899,0.076,0.739,0.504,0.000,0.234,1,0,0,1,3,0.061,18.710,18.708,39.569,20.856,1.000,Jitter,0,1,0,0.000,2,3,3,1,0.060,0.000,0.060,0,100,0,15713,14771,920,0,872
22.250,Custom_loss6_delay0-100_dup0_reorder6_burst0,Loopback,1,1,0,,,0.000,0,21,573,13.914,13.918,17.237,119.805,101.679,19.115,49.132,7.367,0.063,0.220,15477,1034,14493,13459,2087,1237,134,647,533,114,69,0,13460,442,125,0,0,0,0,5.000,0,0,0,0,0,0,0,0,0,0,0,0,0,0,0,0.000,0.000,0.000,,436,436,2325,0,1,47.996,225.925,49.465,227.095,0.000,0.000,429,426,8046,556,121,0,1369,2271,576,1,nack-sent,pending,H.264,0,1,24,14,10,4,1,1,0,10,0,0,16472,13,0,0,0,0,0,45.556,121,134,114,108,114,0,65.813,22.149,84.794,2,0,371,23,394,0,129,17,0.475,0.525,0.942,1.000,0.116,33.000,0.444,0.556,0.500,retransmit-late,700,5739,0,0,423,5314,1369,13098,276,421,1,4,13094,predicted-useful,fec-grace,2310,0.167,153,394,0,1,0,0,0,8,8,8,8,147,2314,146,2310,0,0,0,pacing,0,0.751,8.250,116.250,0,0,8,8,0,0,0,0,6,12,12,0,73,2,2,sent,52,138,0,3,37,6,0,0,6,12,556,4,stale-age,2323,1665,86,0,1,9500000,1200000,11,0,11,16527,16516,20269375,997,1228561,516,637634,0,0,0,0,0,0.630,46.114,1167.312,4800.000,849,29940,15452,6834,14488,7654,0.307,5.681,0.354,849,4416068,7184216,1.246,19.033,0.532,7.099,29940,1368,434,13088,404,955,9,119,119,216,24,45,1,11,13,0,0,0,0,0,0,0,0,0,0,93,2,1,0,4,2775,2271,2271,0,0,0,0,0,,disabled,,0,0,0,0,,1,Fixed Quality,Hybrid,85,30,9500,12000,640,360,H.264,480,270,518400,28178,518400,28178,0.054,0.000,,0,0,0.000,2.286,0.000,0.000,0.219,7250,6750,6750,13,13,0,1,9500,1.000,0,16.782,0.000,0,0,0.000,0.000,0,0,0,0,0.307,0.635,0.058,1,0,0,disabled,24,0,0,80,185,80,89,16,135,135,0,5,large-au-observed,0,,0,0,18.476,23.729,0,,0.000,0.000,0.000,0.000,0,0,0,,22,0,0,9.930,0,578,0.218,0.000,0.000,0.218,0.000,0.190,0.011,1,1,1,1,0,1,1,0,0,0,1,0,0.860,179.995,0.000,26,0,0.000,0,0,0,0.000,0.000,0.000,0.000,0.000,0.000,0.000,2.058,6.945,0,0,0,0,0,0,0,0,0.000,0.000,0.000,0.000,0.000,0.000,0,0.497,13.918,429,436,2325,49.168,227.144,67.270,227.144,7047.039,176,1,H.264,96.229,0,0,225.925,227.095,1.000,173.448,94.994,arrival-gap-jitter-spike,15203.471,0,1,1,1,1,22250.510,543.276,589.581,590.847,590.847,0,0,9,0,0,5,0,,,121.446,159.041,498,1,decoded,0,0,0,0,0,0,0,0,0,0,,109.894,0.000,113.280,0.000,0.000,0.000,139.903,stale-before-upload,0.001,573,0.000,118.937,5.145,0.104,0.280,0.001,0.000,0.279,1,0,0,1,3,0.063,13.914,13.918,7.367,17.237,1.000,Loss,0,1,0,0.500,2,1,1,1,0.060,0.000,0.060,0,100,0,16538,15501,983,0,926
23.255,Custom_loss6_delay0-100_dup0_reorder6_burst0,Loopback,1,1,0,,,0.000,0,21,602,17.266,15.699,19.375,103.126,101.680,20.432,47.828,10.911,0.061,0.220,16228,1060,15169,14109,2193,1295,142,684,566,118,72,0,14110,464,131,0,0,0,0,5.000,0,0,0,0,0,0,0,0,0,0,0,0,0,0,0,0.000,0.000,0.000,,457,457,2429,0,1,46.029,225.925,47.007,227.095,0.000,0.000,449,446,8419,582,126,0,1437,2376,602,1,completed,completed,H.264,0,1,24,24,0,4,4,2,12,20,0,0,17249,19,0,0,0,0,0,97.967,127,142,118,112,118,0,65.604,21.701,84.794,2,0,389,25,414,0,138,17,0.472,0.528,0.940,1.000,0.110,41.000,0.400,0.600,0.000,duplicate-guard,734,6003,0,0,441,5551,1437,13825,292,448,1,4,13821,predicted-useful,fec-grace,2427,0.000,161,414,0,1,0,0,0,8,8,8,8,155,2445,154,2441,0,0,0,pacing,0,0.775,9.845,117.845,0,0,8,8,0,0,0,0,6,12,12,0,73,2,2,sent,55,147,0,3,40,6,0,0,6,12,601,2,stale-age,2454,1751,90,0,1,9500000,1200000,0,0,0,17297,17297,21226005,1047,1290187,542,669396,0,0,0,0,0,13.998,46.114,4324.875,4800.000,891,31392,16223,7105,15169,8064,0.305,17.515,1.173,891,4967194,8506944,1.022,15.490,0.380,14.039,31392,1437,456,13825,425,1003,9,124,124,225,25,46,1,12,13,0,0,0,0,0,0,0,0,0,0,97,2,1,0,4,2896,2376,2376,0,0,0,0,0,,disabled,,0,0,0,0,,1,Fixed Quality,Hybrid,85,30,9500,12000,640,360,H.264,480,270,518400,28178,518400,28178,0.054,0.000,,0,0,0.000,2.044,0.000,0.000,0.086,7250,6750,6750,13,13,0,1,9500,1.000,0,13.998,0.000,0,0,0.000,0.000,0,0,0,0,0.307,0.633,0.060,1,0,0,disabled,24,0,0,84,195,84,93,18,142,142,0,5,large-au-observed,0,,0,0,11.777,23.729,0,,0.000,0.000,0.000,0.000,0,0,0,,23,0,0,15.227,0,604,0.085,0.000,0.000,0.085,0.000,0.059,0.009,1,1,1,1,0,1,1,0,0,0,1,0,0.860,140.656,0.000,26,0,0.000,0,0,0,0.000,0.000,0.000,0.000,0.000,0.000,0.000,1.950,16.425,0,0,0,0,0,0,0,0,0.000,0.000,0.000,0.000,0.000,0.000,0,0.408,15.699,449,457,2429,47.102,227.144,67.270,227.144,7047.039,176,1,H.264,96.229,0,0,225.925,227.095,1.000,173.448,94.994,arrival-gap-jitter-spike,16208.471,0,1,1,1,1,23255.510,543.276,589.581,590.847,590.847,0,0,9,0,0,5,0,,,121.446,159.041,498,1,decoded,0,0,0,0,0,0,0,0,0,0,,102.397,0.000,105.169,0.000,0.000,0.000,131.563,stale-before-upload,0.001,601,0.000,110.183,5.023,0.077,0.837,0.546,0.000,0.291,1,0,0,1,3,0.061,17.266,15.699,10.911,19.375,1.000,Loss,0,1,0,0.000,2,1,1,1,0.060,0.000,0.060,0,100,0,17320,16252,1024,0,972
24.262,Custom_loss6_delay0-100_dup0_reorder6_burst0,Loopback,1,1,0,,,0.000,0,21,629,23.271,23.277,19.328,95.697,101.588,101.680,50.169,10.076,0.062,0.219,16997,1120,15892,14772,2292,1357,147,714,595,119,74,0,14773,485,136,0,0,0,0,5.000,0,0,0,0,0,0,0,0,0,0,0,0,0,0,0,0.000,0.000,0.000,,478,478,2528,0,1,31.832,225.925,32.897,227.095,0.000,0.000,471,468,8795,604,131,0,1504,2486,631,1,nack-suppressed-fec-grace,pending,H.264,0,1,24,9,15,1,0,0,0,0,0,0,18100,9,0,0,0,0,0,34.158,137,147,119,113,119,0,65.639,21.628,84.794,2,0,405,29,434,0,143,18,0.482,0.518,0.933,1.000,0.112,34.000,0.857,0.143,0.000,stable,764,6302,0,0,463,5841,1504,14491,300,457,1,4,14487,predicted-useful,fec-grace,2540,0.167,169,434,0,1,0,0,0,8,8,8,8,163,2578,162,2574,0,0,0,pacing,0,0.793,10.971,118.971,0,0,8,8,0,0,0,0,6,12,12,0,73,2,2,sent,57,152,0,3,42,6,0,0,6,12,625,1,stale-age,2587,1834,94,0,1,9500000,1200000,0,0,0,18097,18097,22206273,1097,1351813,572,706142,0,0,0,0,0,18.686,46.114,9882.375,4800.000,932,32863,16981,7434,15882,8448,0.304,34.101,0.000,932,6660383,9527309,0.623,28.641,0.457,13.526,32863,1504,477,14491,443,1052,9,129,129,234,26,48,2,12,14,0,0,0,0,0,0,0,0,0,0,101,2,1,0,4,3023,2486,2486,0,0,0,0,0,,disabled,,0,0,0,0,,1,Fixed Quality,Hybrid,85,30,9500,12000,640,360,H.264,480,270,518400,0,518400,28178,0.054,0.000,,0,0,0.000,4.902,0.000,4.102,0.778,7250,6750,6750,13,13,0,1,9500,1.000,0,18.686,0.000,0,0,0.000,0.000,0,0,0,0,0.316,0.618,0.067,1,0,0,disabled,0,0,0,88,204,88,98,18,148,148,0,5,async-output-pending,0,,0,0,0.000,0.000,0,,18.686,9882.375,45673.077,0.000,0,0,0,,24,0,0,0.000,1,0,0.770,0.157,0.612,0.000,0.000,0.000,0.000,0,0,1,1,1,0,0,1,1,0,1,0,0.860,66.388,0.000,26,0,0.000,0,0,0,0.000,0.000,0.000,0.000,0.000,0.000,0.000,0.000,27.839,0,0,0,0,0,0,0,0,0.000,0.000,0.000,0.000,0.000,0.000,0,0.404,23.277,471,478,2528,32.867,227.144,67.270,227.144,7047.039,176,1,H.264,96.229,0,0,225.925,227.095,1.000,173.448,94.994,arrival-gap-jitter-spike,17214.690,0,1,1,1,1,24261.729,543.276,589.581,590.847,590.847,0,0,9,0,0,5,0,,,121.446,159.041,498,1,decoded,0,0,0,0,0,0,0,0,0,0,,97.964,0.000,100.773,0.000,0.000,0.000,127.849,stale-before-upload,0.001,629,0.000,105.563,4.369,0.075,0.916,0.603,0.000,0.313,1,0,0,1,3,0.062,23.271,23.277,10.076,19.328,1.000,RecoveryDeadline,0,1,0,0.000,1,1,1,1,0.060,0.000,0.060,0,100,0,18121,17027,1073,0,1012
25.262,Custom_loss6_delay0-100_dup0_reorder6_burst0,Loopback,1,1,0,,,0.000,0,21,656,24.389,24.363,19.961,105.888,101.379,75.934,51.243,18.667,0.061,0.218,17692,1152,16530,15378,2392,1414,151,751,627,124,76,0,15379,506,141,0,0,0,0,5.000,0,0,0,0,0,0,0,0,0,0,0,0,0,0,0,0.000,0.000,0.000,,499,499,2637,0,1,58.686,225.925,59.669,227.095,0.000,0.000,492,488,9159,630,136,0,1566,2589,657,1,nack-deferred-likely-arrival,pending,H.264,0,1,22,21,1,4,4,1,8,12,0,0,18817,20,0,0,0,0,0,71.949,145,151,124,118,124,0,65.561,21.350,84.794,2,0,422,31,453,0,151,19,0.490,0.510,0.932,1.000,0.112,32.000,0.429,0.571,0.250,retransmit-late,796,6557,0,0,482,6075,1566,15112,313,478,1,4,15108,deferred-likely-arrival,likely-arrival,2644,0.000,176,453,0,1,0,0,0,10,10,10,10,170,2689,169,2685,0,0,0,pacing,0,0.839,10.191,118.191,0,0,10,10,0,0,0,0,6,12,12,0,73,2,2,sent,59,158,0,3,44,6,0,0,6,12,651,2,stale-age,2700,1909,98,0,1,9500000,1200000,4,0,4,18856,18852,23132482,1144,1410025,598,738526,0,0,0,0,0,4.961,46.114,577.875,4800.000,972,34196,17666,7712,16530,8818,0.304,13.681,3.842,972,5637417,8462736,2.157,17.764,0.538,10.322,34196,1566,497,15112,458,1098,10,134,134,245,27,50,2,12,15,0,0,0,0,0,0,0,0,0,0,105,2,1,0,4,3147,2589,2589,0,0,0,0,0,,disabled,,0,0,0,0,,1,Fixed Quality,Hybrid,85,30,9500,12000,640,360,H.264,480,270,518400,26096,518400,26096,0.050,0.000,,0,0,0.000,1.734,0.000,0.000,0.075,6250,6250,6250,14,14,0,1,9500,0.880,1,15.174,0.000,0,0,0.000,0.000,0,0,0,0,0.320,0.611,0.068,1,0,0,latency-pressure-freshness-hold,22,0,0,92,211,92,101,18,153,153,0,5,large-au-observed,0,,0,0,18.436,21.976,0,,0.000,0.000,0.000,0.000,0,0,0,,25,0,0,9.249,0,659,0.075,0.000,0.000,0.075,0.000,0.054,0.005,1,1,1,1,0,1,1,0,0,0,1,0,0.860,105.109,0.000,26,0,0.000,0,0,0,0.000,0.000,0.000,0.000,0.000,0.000,0.000,1.651,13.673,0,0,0,0,0,0,0,0,0.000,0.000,0.000,0.000,0.000,0.000,0,0.460,24.363,492,499,2637,59.602,227.144,67.270,227.144,7047.039,176,1,H.264,96.229,0,0,225.925,227.095,1.000,173.448,94.994,arrival-gap-jitter-spike,18214.929,0,1,1,1,1,25261.968,543.276,589.581,590.847,590.847,0,0,10,0,0,6,1,latency-pressure freshness,latency-over-80ms,137.703,159.041,641,1,decoded,0,0,0,0,0,0,0,0,0,0,,95.466,0.000,98.200,0.000,0.000,0.000,132.944,stale-before-upload,0.001,656,0.000,104.091,5.831,0.086,0.249,0.001,0.000,0.249,1,0,0,1,3,0.061,24.389,24.363,18.667,19.961,0.500,Loss,0,1,0,1.000,1,1,1,1,0.060,0.000,0.060,0,100,0,18877,17718,1108,0,1050
26.262,Custom_loss6_delay0-100_dup0_reorder6_burst0,Loopback,1,1,0,,,0.000,0,21,680,19.432,19.446,19.179,94.569,101.263,64.741,51.783,4.830,0.062,0.218,18344,1207,17149,15942,2478,1457,158,786,657,129,77,0,15943,524,146,0,0,0,0,5.000,0,0,0,0,0,0,0,0,0,0,0,0,0,0,0,0.000,0.000,0.000,,517,517,2738,0,1,55.071,225.925,56.292,227.095,0.000,0.000,510,506,9488,653,141,0,1626,2676,682,1,fec-recovered,pending,H.264,0,1,23,18,5,4,3,2,8,26,0,0,19475,8,0,0,0,0,0,84.100,150,158,129,123,129,0,65.215,22.485,117.571,2,0,439,31,470,0,160,19,0.487,0.513,0.934,1.000,0.106,40.000,0.167,0.833,0.000,duplicate-guard,825,6772,0,0,500,6271,1626,15676,324,497,1,4,15671,predicted-useful,fec-grace,2746,0.435,181,470,0,1,0,0,0,10,10,10,10,175,2759,174,2755,0,0,0,pacing,0,0.789,9.144,117.144,0,0,10,10,0,0,0,0,6,12,12,0,73,2,2,sent,61,166,0,3,46,6,0,0,6,12,678,4,stale-age,2770,1984,102,0,1,9500000,1200000,0,0,0,19528,19528,23966064,1190,1466833,625,772154,0,0,0,0,0,25.593,46.114,12373.625,4800.000,1007,35476,18333,8031,17143,9112,0.305,9.694,2.715,1007,4003511,6483152,2.782,11.972,0.494,5.998,35476,1626,515,15676,476,1140,10,139,139,255,27,50,2,12,15,0,0,0,0,0,0,0,0,0,0,110,2,1,0,4,3260,2676,2676,0,0,0,0,0,,disabled,,0,0,0,0,,1,Fixed Quality,Hybrid,85,30,9500,12000,640,360,H.264,480,270,518400,0,518400,27138,0.052,0.000,,0,0,0.000,0.007,0.000,0.000,0.004,7250,6500,6500,15,15,0,1,9500,1.000,0,25.593,0.000,0,0,0.000,0.000,0,0,0,0,0.319,0.615,0.066,1,0,0,disabled,0,0,0,96,221,96,105,20,159,159,0,5,async-output-pending,0,,0,0,0.000,0.000,0,,0.000,0.000,0.000,0.000,0,0,0,,26,0,0,0.000,1,0,0.000,0.000,0.000,0.000,0.000,0.000,0.000,0,0,0,0,0,0,0,0,1,1,1,1,0.860,180.000,1.500,26,0,0.000,0,0,0,0.000,0.000,0.000,0.000,0.000,0.000,0.000,0.000,6.052,0,0,0,0,0,0,0,0,0.000,0.000,0.000,0.000,0.000,0.000,0,0.365,19.446,510,517,2738,56.232,227.144,67.270,227.144,7047.039,176,1,H.264,96.229,0,0,225.925,227.095,1.000,173.448,94.994,arrival-gap-jitter-spike,19215.286,0,1,1,1,1,26262.325,543.276,589.581,590.847,590.847,0,0,10,0,0,6,0,,,137.703,159.041,641,1,decoded,0,0,0,0,0,0,0,0,0,0,,98.158,0.000,100.903,0.000,0.000,0.000,127.285,stale-before-upload,0.001,680,0.000,106.888,5.607,0.079,0.840,0.595,0.000,0.245,1,0,0,1,3,0.062,19.432,19.446,4.830,19.179,1.000,Loss,0,1,0,1.000,2,2,2,1,0.060,0.000,0.060,0,100,0,19554,18380,1148,0,1086
27.269,Custom_loss6_delay0-100_dup0_reorder6_burst0,Loopback,1,1,0,,,0.000,0,21,708,18.430,17.508,17.303,117.106,101.545,83.316,52.996,7.276,0.061,0.217,19073,1238,17811,16573,2579,1524,167,809,675,134,79,0,16574,546,151,0,0,0,0,5.000,0,0,0,0,0,0,0,0,0,0,0,0,0,0,0,0.000,0.000,0.000,,539,539,2842,0,1,45.950,225.925,46.984,227.095,0.000,0.000,531,527,9898,680,146,0,1694,2796,709,1,fec-recovered,pending,H.264,0,1,24,24,0,5,5,2,10,21,0,0,20296,17,0,0,0,0,0,106.082,154,167,134,128,134,0,64.792,22.762,117.571,2,0,457,32,489,0,165,20,0.480,0.520,0.935,1.000,0.108,38.000,0.222,0.778,0.500,retransmit-late,866,7072,0,0,521,6539,1694,16302,344,529,1,4,16297,deferred-likely-arrival,likely-arrival,2863,0.083,188,489,0,1,0,0,0,10,10,10,10,182,2864,181,2860,0,0,0,pacing,0,0.792,7.606,115.606,0,0,10,10,0,0,0,0,6,12,12,0,73,2,2,sent,62,167,0,3,47,6,0,0,6,12,704,1,stale-age,2875,2069,106,0,1,9500000,1200000,0,0,0,20292,20292,24902961,1239,1527213,651,804538,0,0,0,0,0,0.160,46.114,17440.000,4800.000,1046,36861,19051,8325,17810,9485,0.304,3.659,1.450,1046,4732027,7596346,1.672,13.293,0.424,7.601,36861,1694,537,16302,494,1189,11,144,144,263,28,51,1,13,15,0,0,0,0,0,0,0,0,0,0,114,2,1,0,4,3396,2796,2796,0,0,0,0,0,,disabled,,0,0,0,0,,1,Fixed Quality,Hybrid,85,30,9500,12000,640,360,H.264,480,270,518400,0,518400,5104,0.010,0.000,,0,0,0.000,0.007,0.000,0.000,0.003,6000,6250,6250,17,17,0,1,9500,0.820,1,0.160,0.000,0,0,0.000,0.000,0,0,0,0,0.315,0.620,0.065,1,0,0,latency-pressure-freshness-hold,0,0,0,100,230,100,110,20,165,165,0,5,async-output-pending,0,,0,0,0.000,0.000,0,,0.000,0.000,0.000,0.000,0,0,0,,27,0,0,0.000,1,0,0.000,0.000,0.000,0.000,0.000,0.000,0.000,0,0,0,0,0,0,0,0,1,1,1,1,1.000,180.000,1.500,27,0,0.000,0,0,0,0.000,0.000,0.000,0.000,0.000,0.000,0.000,0.000,5.992,0,0,0,0,0,0,0,0,0.000,0.000,0.000,0.000,0.000,0.000,0,0.349,17.508,531,539,2842,47.001,227.144,67.270,227.144,7047.039,176,1,H.264,96.229,0,0,225.925,227.095,1.000,173.448,94.994,arrival-gap-jitter-spike,20221.895,0,1,1,1,1,27268.934,543.276,589.581,590.847,590.847,0,0,11,0,0,7,1,latency-pressure freshness,latency-over-80ms,154.875,159.041,704,1,H.264,0,0,0,0,0,0,0,0,0,0,,113.721,0.000,111.586,0.000,0.000,0.000,138.553,stale-before-decode,0.001,708,0.000,117.977,6.032,0.074,0.872,0.628,0.000,0.243,1,0,0,1,3,0.061,18.430,17.508,7.276,17.303,1.000,Loss,0,1,0,1.000,2,2,2,1,0.060,0.000,0.060,0,100,0,20319,19105,1205,0,1125
28.271,Custom_loss6_delay0-100_dup0_reorder6_burst0,Loopback,1,1,0,,,0.000,0,21,735,18.731,16.874,15.568,89.188,101.639,36.142,52.371,50.634,0.062,0.218,19724,1307,18438,17131,2662,1577,175,829,692,137,81,0,17132,566,158,0,0,0,0,5.000,0,0,0,0,0,0,0,0,0,0,0,0,0,0,0,0.000,0.000,0.000,,558,558,2945,0,1,1.735,225.925,2.752,227.095,0.000,0.000,550,546,10250,703,152,0,1752,2893,736,1,nack-sent,pending,H.264,0,1,22,19,3,4,4,2,4,13,0,0,20995,17,0,0,0,0,0,78.466,156,175,137,131,137,0,64.296,22.969,117.571,2,0,470,33,503,0,167,20,0.471,0.529,0.934,1.000,0.107,45.000,0.000,1.000,0.000,duplicate-guard,905,7308,0,0,540,6747,1752,16811,364,557,1,4,16805,predicted-useful,likely-arrival,2963,0.227,194,503,0,1,0,0,0,11,11,11,11,187,2937,186,2933,0,0,0,pacing,0,0.793,7.225,115.225,0,0,11,11,0,0,0,0,7,13,13,0,731,1,1,sent,68,181,0,4,51,6,0,0,7,13,731,1,selected-repair,2949,2141,110,0,1,9500000,1200000,0,0,0,21006,21006,25784763,1281,1579205,673,831634,0,0,0,0,0,11.129,46.114,2787.500,4800.000,1083,38132,19703,8620,18429,9809,0.304,3.454,0.342,1083,6499424,9150966,1.627,1.200,0.476,9.354,38132,1751,557,16808,512,1227,12,150,150,275,28,51,1,13,15,0,0,0,0,0,0,0,0,0,0,120,2,1,0,4,3515,2893,2893,0,0,0,0,0,,disabled,,0,0,0,0,,1,Fixed Quality,Hybrid,85,30,9500,12000,640,360,H.264,480,270,518400,0,518400,26096,0.050,0.000,,0,0,0.000,4.694,0.000,4.054,0.620,6500,6250,6250,17,17,0,1,9500,0.891,1,11.129,0.000,0,0,0.000,0.000,0,0,0,0,0.310,0.624,0.066,1,0,0,fixed-pacing-queue-hold,0,0,0,104,240,104,114,22,171,171,0,5,async-output-pending,0,,0,0,0.000,0.000,0,,11.129,2787.500,49479.167,0.000,0,0,0,,28,0,0,0.000,1,0,0.610,0.138,0.471,0.000,0.000,0.000,0.000,0,0,1,1,1,0,0,1,1,0,1,0,0.860,93.979,0.000,24,0,0.000,0,0,0,0.000,0.000,0.000,0.000,0.000,0.000,0.000,0.000,31.454,0,0,0,0,0,0,0,0,0.000,0.000,0.000,0.000,0.000,0.000,0,0.473,16.873,550,558,2945,2.588,227.144,67.270,227.144,7047.039,176,1,H.264,96.229,0,0,225.925,227.095,1.000,173.448,94.994,arrival-gap-jitter-spike,21223.891,0,1,1,1,1,28270.930,543.276,589.581,590.847,590.847,0,0,11,0,0,7,0,,,154.875,159.041,704,1,H.264,0,0,0,0,0,0,0,0,0,0,,101.841,0.000,104.654,0.000,0.000,0.000,129.594,stale-before-decode,0.001,735,0.000,111.431,6.287,0.081,0.278,0.001,0.000,0.277,1,0,0,1,3,0.062,18.731,16.874,50.634,15.568,2.000,Jitter,0,1,0,1.000,0,1,1,1,0.060,0.000,0.060,0,100,0,21034,19759,1256,0,1156
29.276,Custom_loss6_delay0-100_dup0_reorder6_burst0,Loopback,1,1,0,,,0.000,0,21,761,20.492,20.495,23.135,88.262,101.574,61.805,52.708,21.252,0.062,0.214,20366,1356,19034,17678,2743,1622,179,859,716,143,83,0,17679,588,160,0,0,0,0,5.000,0,0,0,0,0,0,0,0,0,0,0,0,0,0,0,0.000,0.000,0.000,,580,580,3050,1,1,26.606,225.925,27.546,227.095,0.000,0.000,572,567,10579,731,154,0,1804,2988,762,1,nack-sent,pending,H.264,0,1,23,9,14,2,1,1,0,14,0,0,21701,22,0,0,0,0,0,54.491,158,179,143,137,143,0,64.167,22.890,117.571,2,0,482,33,515,0,169,20,0.469,0.531,0.936,1.000,0.106,45.000,0.000,1.000,0.000,duplicate-guard,934,7559,0,0,560,6984,1804,17252,373,571,1,4,17246,predicted-useful,fec-grace,3059,0.609,198,515,0,1,0,0,0,11,11,11,11,191,2993,190,2989,0,0,0,pacing,0,0.768,7.694,115.694,0,0,11,11,0,0,0,0,7,13,13,0,731,1,1,sent,72,195,0,4,55,6,0,0,7,13,759,4,stale-age,3005,2210,114,0,1,9500000,1200000,5,0,5,21708,21703,26643031,1322,1629793,698,862774,0,0,0,0,0,4.662,46.114,998.000,4800.000,1120,39399,20365,8865,19034,10169,0.303,22.480,2.889,1120,4980604,8071143,1.879,6.092,0.489,13.127,39399,1804,579,17252,524,1268,12,152,152,279,29,53,2,13,16,0,0,0,0,0,0,0,0,0,0,121,2,1,0,4,3632,2988,2988,0,0,0,0,0,,disabled,,0,0,0,0,,1,Fixed Quality,Hybrid,85,30,9500,12000,640,360,H.264,480,270,518400,27138,518400,27138,0.052,0.000,,0,0,0.000,1.821,0.000,0.000,0.120,7250,6500,6500,18,18,0,1,9500,1.000,0,10.139,0.000,0,0,0.000,0.000,0,0,0,0,0.307,0.629,0.064,1,0,0,disabled,23,0,0,107,247,107,118,22,175,175,0,5,large-au-observed,0,,0,0,14.060,22.853,0,,0.000,0.000,0.000,0.000,0,0,0,,29,0,0,16.867,0,763,0.120,0.000,0.000,0.119,0.000,0.092,0.010,1,1,1,1,0,1,1,0,0,0,1,0,0.860,63.851,0.000,26,0,0.000,0,0,0,0.000,0.000,0.000,0.000,0.000,0.000,0.000,1.693,21.058,0,0,0,0,0,0,0,0,0.000,0.000,0.000,0.000,0.000,0.000,0,0.428,20.495,572,580,3050,27.827,227.144,67.270,227.144,7047.039,176,1,H.264,96.229,0,0,225.925,227.095,1.000,173.448,94.994,arrival-gap-jitter-spike,22229.558,0,1,1,1,1,29276.597,543.276,589.581,590.847,590.847,0,0,11,0,0,7,0,,,154.875,159.041,704,1,H.264,0,0,0,0,0,0,0,0,0,0,,98.092,0.000,100.779,4.974,0.000,97.854,124.131,stale-before-decode,0.001,760,0.000,108.140,4.839,0.073,0.904,0.490,0.000,0.414,1,0,0,1,3,0.062,20.492,20.495,21.252,23.135,1.000,RecoveryDeadline,0,1,0,1.000,0,1,1,1,0.060,0.000,0.060,0,100,0,21732,20398,1290,0,1206
30.283,Custom_loss6_delay0-100_dup0_reorder6_burst0,Loopback,1,1,0,,,0.000,0,21,787,18.443,18.435,17.557,97.179,101.869,8.090,51.170,52.706,0.062,0.216,21060,1402,19688,18286,2823,1673,188,877,734,143,85,0,18287,606,167,0,0,0,0,5.000,0,0,0,0,0,0,0,0,0,0,0,0,0,0,0,0.000,0.000,0.000,,597,597,3153,0,1,26.376,225.925,27.475,227.095,0.000,0.000,589,585,10941,749,160,0,1864,3093,789,1,nack-suppressed-fec-grace,pending,H.264,0,1,24,13,11,2,1,0,0,0,0,0,22453,19,0,0,0,0,0,45.639,160,188,143,137,143,0,64.167,22.890,117.571,2,0,493,34,527,0,170,21,0.460,0.540,0.935,1.000,0.110,45.000,0.000,1.000,0.000,duplicate-guard,969,7845,0,0,580,7246,1864,17809,388,595,1,4,17803,predicted-useful,fec-grace,3159,0.417,202,527,0,1,0,0,0,11,11,11,11,195,3061,194,3057,0,0,0,pacing,0,0.815,5.051,113.051,0,0,11,11,0,0,0,0,7,13,13,0,731,1,1,sent,74,202,0,5,56,6,0,0,7,13,786,4,stale-age,3073,2286,118,0,1,9500000,1200000,6,0,6,22464,22458,27569089,1364,1681465,723,893922,0,0,0,0,0,4.331,46.114,80.250,4800.000,1159,40745,21057,9151,19688,10537,0.303,2.528,0.898,1159,5232206,7901506,1.290,-5.869,0.432,15.407,40745,1864,597,17809,539,1313,12,158,158,288,31,56,1,14,17,0,0,0,0,0,0,0,0,0,0,125,2,1,0,4,3759,3093,3093,0,0,0,0,0,,disabled,,0,0,0,0,,1,Fixed Quality,Hybrid,85,30,9500,12000,640,360,H.264,480,270,518400,28176,518400,28176,0.054,0.000,,0,0,0.000,1.864,0.000,0.000,0.076,7250,6750,6750,19,19,0,1,9500,1.000,0,16.938,0.000,0,0,0.000,0.000,0,0,0,0,0.304,0.632,0.065,1,0,0,disabled,24,0,0,111,257,111,121,25,180,180,0,5,large-au-observed,0,,0,0,18.825,23.727,0,,0.000,0.000,0.000,0.000,0,0,0,,30,0,0,4.043,0,790,0.076,0.000,0.000,0.076,0.000,0.051,0.008,1,1,1,1,0,1,1,0,0,0,1,0,0.860,133.200,0.000,26,0,0.000,0,0,0,0.000,0.000,0.000,0.000,0.000,0.000,0.000,1.780,8.208,0,0,0,0,0,0,0,0,0.000,0.000,0.000,0.000,0.000,0.000,0,0.389,18.435,589,597,3153,27.388,227.144,67.270,227.144,7047.039,176,1,H.264,96.229,0,0,225.925,227.095,1.000,173.448,94.994,arrival-gap-jitter-spike,23235.917,0,1,1,1,1,30282.956,543.276,589.581,590.847,590.847,0,0,11,0,0,7,0,,,154.875,159.041,704,1,H.264,0,0,0,0,0,0,0,0,0,0,,106.229,0.000,108.992,0.000,0.000,0.000,133.589,stale-before-decode,0.001,787,0.000,114.672,5.274,0.073,0.767,0.495,0.000,0.272,1,0,0,1,3,0.062,18.443,18.435,52.706,17.557,2.000,RecoveryDeadline,0,1,0,1.500,2,3,3,1,0.060,0.000,0.060,0,100,0,22488,21093,1352,0,1251
31.288,Custom_loss6_delay0-100_dup0_reorder6_burst0,Loopback,1,1,0,,,0.000,0,21,813,14.818,14.801,14.805,88.306,101.930,74.539,51.949,49.539,0.063,0.221,21816,1471,20414,18943,2920,1730,192,906,760,146,92,0,18944,622,176,0,0,0,0,5.000,0,0,0,0,0,0,0,0,0,0,0,0,0,0,0,0.000,0.000,0.000,,613,613,3263,0,1,16.785,225.925,17.945,227.095,0.000,0.000,605,601,11325,768,169,0,1932,3199,815,1,fec-recovered,pending,H.264,0,1,24,22,2,4,3,3,8,25,0,0,23216,17,0,0,0,0,0,96.576,164,192,146,140,146,0,64.471,22.739,117.571,2,0,504,37,541,0,172,22,0.461,0.539,0.932,1.000,0.113,44.000,0.200,0.800,0.000,duplicate-guard,1010,8181,0,0,602,7551,1932,18423,407,626,1,4,18417,predicted-useful,fec-grace,3265,0.250,206,541,0,1,0,0,0,11,11,11,11,199,3129,198,3125,0,0,0,pacing,0,0.835,8.631,116.631,0,0,11,11,0,0,0,0,7,13,13,0,731,1,1,sent,75,205,0,5,57,6,0,0,7,13,813,3,stale-age,3141,2371,122,0,1,9500000,1200000,0,0,0,23258,23258,28549403,1408,1735627,752,929416,0,0,0,0,0,20.636,46.114,11809.688,4800.000,1200,42198,21794,9475,20404,10929,0.303,29.926,1.230,1200,4980675,8321350,1.000,66.449,0.501,28.198,42198,1932,613,18423,551,1369,12,167,167,306,32,60,4,14,18,0,0,0,0,0,0,0,0,0,0,133,2,1,0,4,3892,3199,3199,0,0,0,0,0,,disabled,,0,0,0,0,,1,Fixed Quality,Hybrid,85,30,9500,12000,640,360,H.264,480,270,518400,0,518400,28178,0.054,0.000,,0,0,0.000,0.006,0.000,0.000,0.003,7250,6750,6750,19,19,0,1,9500,1.000,0,20.636,0.000,0,0,0.000,0.000,0,0,0,0,0.303,0.628,0.068,1,0,0,disabled,0,0,0,113,263,113,125,25,184,184,0,5,async-output-pending,0,,0,0,0.000,0.000,0,,0.000,0.000,0.000,0.000,0,0,0,,31,0,0,0.000,1,0,0.000,0.000,0.000,0.000,0.000,0.000,0.000,0,0,0,0,0,0,0,0,1,1,1,1,1.000,180.000,1.500,30,0,0.000,0,0,0,0.000,0.000,0.000,0.000,0.000,0.000,0.000,0.000,6.836,0,0,0,0,0,0,0,0,0.000,0.000,0.000,0.000,0.000,0.000,0,0.515,14.801,605,613,3263,17.828,227.144,67.270,227.144,7047.039,176,1,H.264,96.229,0,0,225.925,227.095,1.000,173.448,94.994,arrival-gap-jitter-spike,24241.367,0,1,1,1,1,31288.406,543.276,589.581,590.847,590.847,0,0,11,0,0,7,0,,,154.875,159.041,704,1,H.264,0,0,0,0,0,0,0,0,0,0,,103.976,0.000,107.059,0.000,0.000,0.000,129.153,stale-before-decode,0.001,813,0.000,111.742,4.153,0.087,0.252,0.001,0.000,0.251,1,0,0,1,3,0.063,14.818,14.801,49.539,14.805,1.000,RecoveryDeadline,0,1,0,0.500,2,1,1,1,0.060,0.000,0.060,0,100,0,23289,21857,1401,0,1299
32.289,Custom_loss6_delay0-100_dup0_reorder6_burst0,Loopback,1,1,0,,,0.000,0,21,841,21.440,19.705,19.458,96.021,101.742,83.530,52.967,14.561,0.063,0.218,22452,1504,21003,19499,3007,1774,197,943,795,148,93,0,19500,646,180,0,0,0,0,5.000,0,0,0,0,0,0,0,0,0,0,0,0,0,0,0,0.000,0.000,0.000,,636,636,3364,0,1,60.168,225.925,61.202,227.095,0.000,0.000,627,623,11668,794,172,0,1983,3303,842,1,nack-sent,pending,H.264,0,1,22,17,5,3,3,2,1,12,0,0,23920,19,0,0,0,0,0,75.076,169,197,148,142,148,0,64.524,22.627,117.571,2,0,516,39,555,0,178,22,0.462,0.538,0.930,1.000,0.110,45.000,0.400,0.600,0.000,duplicate-guard,1039,8414,0,0,621,7766,1983,18868,417,644,1,4,18862,predicted-useful,fec-grace,3359,0.000,212,555,0,1,0,0,0,13,13,13,13,205,3219,204,3215,0,0,0,pacing,0,0.825,9.433,117.433,0,0,13,13,0,0,0,0,7,13,13,0,731,1,1,sent,76,207,0,5,58,6,0,0,7,13,827,2,stale-age,3233,2433,126,0,1,9500000,1200000,0,0,0,23928,23928,29374866,1450,1787619,776,959312,0,0,0,0,0,12.693,46.114,4743.312,4800.000,1235,43432,22441,9753,20991,11238,0.303,13.906,3.933,1235,4324308,6871654,4.425,54.957,0.467,13.388,43432,1982,635,18863,563,1407,12,170,170,312,32,60,4,14,18,0,0,0,0,0,0,0,0,0,0,136,2,1,0,4,4012,3303,3303,0,0,0,0,0,,disabled,,0,0,0,0,,1,Fixed Quality,Hybrid,85,30,9500,12000,640,360,H.264,480,270,518400,0,518400,26096,0.050,0.000,,0,0,0.000,0.006,0.000,0.000,0.003,6250,6250,6250,20,20,0,1,9500,0.855,1,12.693,0.000,0,0,0.000,0.000,0,0,0,0,0.305,0.625,0.070,1,0,0,latency-pressure-freshness-hold,0,0,0,115,269,115,128,26,188,188,0,5,async-output-pending,0,,0,0,0.000,0.000,0,,0.000,0.000,0.000,0.000,0,0,0,,32,0,0,0.000,1,0,0.000,0.000,0.000,0.000,0.000,0.000,0.000,0,0,0,0,0,0,0,0,1,1,1,1,1.000,180.000,1.500,27,0,0.000,0,0,0,0.000,0.000,0.000,0.000,0.000,0.000,0.000,0.000,6.870,0,0,0,0,0,0,0,0,0.000,0.000,0.000,0.000,0.000,0.000,0,0.430,19.705,627,636,3364,61.145,227.144,67.270,227.144,7047.039,176,1,H.264,96.229,0,0,225.925,227.095,1.000,173.448,94.994,arrival-gap-jitter-spike,25242.485,0,1,1,1,1,32289.524,543.276,589.581,590.847,590.847,0,0,12,0,0,8,1,latency-pressure freshness,latency-over-80ms,153.165,159.041,814,1,H.264,0,0,0,0,0,0,0,0,0,0,,95.161,0.000,97.648,0.000,0.000,0.000,128.011,stale-before-decode,0.001,841,0.000,102.451,4.352,0.074,0.792,0.535,0.000,0.258,1,0,0,1,3,0.063,21.440,19.705,14.561,19.458,0.500,Loss,0,1,0,1.000,1,1,1,1,0.060,0.000,0.060,0,100,0,23960,22492,1437,0,1334
33.290,Custom_loss6_delay0-100_dup0_reorder6_burst0,Loopback,1,1,0,,,0.000,0,21,866,18.465,18.470,17.763,104.716,101.738,14.102,51.753,19.425,0.062,0.216,23151,1539,21645,20106,3101,1836,200,968,816,152,97,0,20107,667,184,0,0,0,0,5.000,0,0,0,0,0,0,0,0,0,0,0,0,0,0,0,0.000,0.000,0.000,,657,657,3468,0,1,33.720,225.925,34.731,227.095,0.000,0.000,648,644,12031,819,176,0,2040,3407,867,1,nack-sent,pending,H.264,1,1,23,21,2,4,4,3,14,38,1,0,24640,10,24690,2,0,0,0,64.629,175,200,152,146,152,0,64.783,22.332,117.571,2,0,529,42,571,0,182,23,0.467,0.533,0.926,1.000,0.112,38.000,1.000,0.000,0.000,insufficient-sample,1079,8693,0,0,642,8020,2040,19345,436,669,1,4,19339,predicted-useful,likely-arrival,3460,0.000,220,571,0,1,0,0,0,15,15,15,15,213,3351,212,3347,0,0,0,pacing,0,0.857,7.500,115.500,0,0,15,15,0,0,0,0,7,13,13,0,731,1,1,sent,76,207,0,5,58,6,0,0,7,13,827,2,stale-age,3367,2503,130,0,1,9500000,1200000,0,0,0,24659,24659,30275688,1495,1843183,801,990452,0,0,0,0,0,0.016,46.114,5763.938,1982.200,1274,44794,23149,10031,21645,11614,0.302,9.924,1.901,1274,5321802,8263045,1.559,30.080,0.417,16.251,44794,2040,656,19345,575,1453,12,174,174,318,33,62,2,14,19,0,0,0,0,0,0,0,0,0,0,139,2,1,0,4,4136,3407,3407,0,0,0,0,0,,disabled,,0,0,0,0,,1,Fixed Quality,Hybrid,85,30,9500,12000,640,360,H.264,480,270,518400,0,518400,27138,0.052,0.000,,0,0,0.000,0.007,0.000,0.000,0.003,7250,6500,6500,21,21,0,1,9500,1.000,0,4.707,0.000,0,0,0.000,0.000,0,0,0,0,0.000,1.000,0.000,1,0,0,disabled,0,0,0,117,273,117,130,26,192,192,0,5,async-output-pending,0,,0,0,0.000,0.000,0,,0.000,0.000,0.000,0.000,0,0,0,,33,0,0,0.000,1,0,0.000,0.000,0.000,0.000,0.000,0.000,0.000,0,0,0,0,0,0,0,0,1,1,1,1,0.860,180.000,1.500,26,0,0.000,0,0,0,0.000,0.000,0.000,0.000,0.000,0.000,0.000,0.000,6.388,0,0,0,0,0,0,0,0,0.000,0.000,0.000,0.000,0.000,0.000,0,0.362,18.470,648,657,3468,34.809,227.144,67.270,227.144,7047.039,176,1,H.264,96.229,0,0,225.925,227.095,1.000,173.448,94.994,arrival-gap-jitter-spike,26242.659,0,1,1,1,1,33289.698,543.276,589.581,590.847,590.847,0,0,12,0,0,8,0,,,153.165,159.041,814,1,H.264,0,0,0,0,0,0,0,0,0,0,,102.616,0.000,105.320,0.000,0.000,0.000,132.358,stale-before-decode,0.001,866,0.000,110.827,5.132,0.087,0.807,0.563,0.000,0.244,1,0,0,1,3,0.062,18.465,18.470,19.425,17.763,1.000,Loss,0,1,0,3.000,1,3,3,1,0.060,0.000,0.060,0,100,0,24692,23191,1474,0,1379
34.292,Custom_loss6_delay0-100_dup0_reorder6_burst0,Loopback,1,1,0,,,0.000,0,21,893,20.989,20.993,20.977,99.216,101.764,99.422,53.197,8.483,0.062,0.216,23932,1588,22368,20780,3205,1899,205,999,846,153,102,0,20781,688,190,0,0,0,0,5.000,0,0,0,0,0,0,0,0,0,0,0,0,0,0,0,0.000,0.000,0.000,,678,678,3566,0,1,38.041,225.925,39.161,227.095,0.000,0.000,669,665,12410,841,182,0,2101,3511,894,1,fec-recovered,pending,H.264,1,1,24,19,5,3,3,3,11,44,1,0,25448,6,25473,1,0,0,0,84.831,182,205,153,147,153,0,64.722,22.448,117.571,2,0,542,42,584,0,188,24,0.470,0.530,0.928,1.000,0.113,44.000,1.000,0.000,0.000,insufficient-sample,1121,9025,0,0,666,8323,2101,19961,454,698,1,4,19955,predicted-useful,fec-grace,3567,0.542,227,584,0,1,0,0,0,15,15,15,15,220,3473,219,3469,0,0,0,pacing,0,0.825,10.538,118.538,0,0,15,15,0,0,0,0,7,13,13,0,731,1,1,sent,78,213,0,5,60,6,0,0,7,13,879,4,stale-age,3489,2581,134,0,1,9500000,1200000,0,0,0,25501,25501,31309054,1538,1896099,827,1022844,0,0,0,0,0,16.905,46.114,7710.438,4800.000,1316,46276,23920,10430,22356,11926,0.304,8.586,0.892,1316,5446216,8777082,1.447,41.128,0.436,10.625,46276,2101,677,19961,586,1503,12,180,180,330,34,64,2,14,20,0,0,0,0,0,0,0,0,0,0,144,2,1,0,4,4268,3511,3511,0,0,0,0,0,,disabled,,0,0,0,0,,1,Fixed Quality,Hybrid,85,30,9500,12000,640,360,H.264,480,270,518400,28178,518400,28178,0.054,0.000,,0,0,0.000,2.415,0.000,0.000,0.071,7250,6750,6750,22,22,0,1,9500,1.000,0,16.905,0.000,0,0,0.000,0.000,0,0,0,0,0.312,0.616,0.072,1,0,0,disabled,24,0,0,119,277,119,132,26,196,196,0,5,large-au-observed,0,,0,0,22.353,23.729,0,,0.000,0.000,0.000,0.000,0,0,0,,34,0,0,4.656,0,896,0.071,0.000,0.000,0.070,0.000,0.048,0.008,1,1,1,1,0,1,1,0,0,0,1,0,0.860,73.141,0.000,26,0,0.000,0,0,0,0.000,0.000,0.000,0.000,0.000,0.000,0.000,2.336,8.720,0,0,0,0,0,0,0,0,0.000,0.000,0.000,0.000,0.000,0.000,0,0.457,20.993,669,678,3566,39.204,227.144,67.270,227.144,7047.039,176,1,H.264,96.229,0,0,225.925,227.095,1.000,173.448,94.994,arrival-gap-jitter-spike,27245.488,0,1,1,1,1,34292.527,543.276,589.581,590.847,590.847,0,0,12,0,0,8,0,,,153.165,159.041,814,1,H.264,0,0,0,0,0,0,0,0,0,0,,105.540,0.000,108.715,0.000,0.000,0.000,129.608,stale-before-decode,0.001,893,0.000,115.562,6.386,0.092,0.235,0.001,0.000,0.235,1,0,0,1,3,0.062,20.989,20.993,8.483,20.977,1.000,Loss,0,1,0,0.000,0,2,2,1,0.060,0.000,0.060,0,100,0,25535,23971,1519,0,1433
35.297,Custom_loss6_delay0-100_dup0_reorder6_burst0,Loopback,1,1,0,,,0.000,0,21,920,23.501,23.515,23.524,96.751,101.840,8.859,51.893,15.141,0.062,0.213,24659,1640,23043,21403,3293,1957,208,1025,868,157,103,0,21404,711,193,0,0,0,0,5.000,0,0,0,0,0,0,0,0,0,0,0,0,0,0,0,0.000,0.000,0.000,,701,701,3676,0,1,26.239,225.925,27.411,227.095,0.000,0.000,692,687,12795,868,185,0,2159,3620,922,1,fec-parity,pending,H.264,1,1,24,7,17,2,0,1,2,19,0,0,26292,21,0,0,0,0,0,33.500,189,208,157,151,157,0,64.163,22.324,117.571,2,0,556,46,602,0,195,24,0.476,0.524,0.924,1.000,0.110,45.000,0.250,0.750,0.000,duplicate-guard,1163,9337,0,0,687,8603,2159,20512,475,730,1,4,20506,predicted-useful,likely-arrival,3669,0.000,234,602,0,1,0,0,0,15,15,15,15,226,3573,225,3569,0,0,0,pacing,0,0.812,11.397,119.397,0,0,15,15,0,0,0,0,8,15,15,0,895,2,2,sent,81,222,0,5,62,6,0,0,8,15,901,4,stale-age,3589,2653,138,0,1,9500000,1200000,0,0,0,26269,26269,32250086,1586,1955237,853,1054606,0,0,0,0,0,0.127,46.114,20099.625,1084.350,1356,47667,24635,10812,23032,12220,0.305,5.074,1.422,1356,5188798,8202347,1.583,14.790,0.526,10.638,47667,2159,700,20512,599,1548,12,183,183,334,34,64,2,14,20,0,0,0,0,0,0,0,0,0,0,147,2,1,0,4,4404,3620,3620,0,0,0,0,0,,disabled,,0,0,0,0,,1,Fixed Quality,Hybrid,85,30,9500,12000,640,360,H.264,480,270,518400,28178,518400,28178,0.054,0.000,,0,0,0.000,1.896,0.000,0.000,0.073,7250,6750,6750,22,22,0,1,9500,1.000,0,9.159,0.000,0,0,3.322,0.000,3732,0,0,0,0.000,0.000,1.000,1,0,0,disabled,24,1,1,121,285,121,135,29,201,201,2,5,decoder-sync-observed,0,,0,0,0.010,23.729,0,,0.000,0.000,0.000,0.000,0,0,0,,35,0,0,2.649,0,922,0.073,0.000,0.000,0.072,0.000,0.048,0.008,1,1,1,1,0,1,1,0,0,0,1,0,0.860,70.115,0.000,26,0,0.000,0,0,0,0.000,0.000,0.000,0.000,0.000,0.000,0.000,1.815,34.873,0,0,0,0,0,0,0,0,0.000,0.000,0.000,0.000,0.000,0.000,0,0.363,23.516,692,701,3676,27.361,227.144,67.270,227.144,7047.039,176,1,H.264,96.229,0,0,225.925,227.095,1.000,173.448,94.994,arrival-gap-jitter-spike,28249.725,0,1,1,1,1,35296.764,543.276,589.581,590.847,590.847,0,0,12,0,0,8,0,,,153.165,159.041,814,1,H.264,0,0,0,0,0,0,0,0,0,0,,103.493,0.000,106.252,5.108,0.000,106.120,128.375,stale-before-decode,0.001,919,0.000,114.160,6.138,0.074,0.992,0.717,0.000,0.275,1,0,0,1,3,0.062,23.501,23.515,15.141,23.524,1.000,Loss,0,1,0,0.500,4,2,2,1,0.060,0.000,0.060,0,100,0,26304,24707,1566,0,1474
36.300,Custom_loss6_delay0-100_dup0_reorder6_burst0,Loopback,1,1,0,,,0.000,0,21,946,18.381,18.359,18.208,101.128,101.939,8.859,51.893,49.656,0.062,0.217,25379,1682,23722,22040,3371,2003,215,1047,890,157,106,0,22041,728,202,0,0,0,0,5.000,0,0,0,0,0,0,0,0,0,0,0,0,0,0,0,0.000,0.000,0.000,,718,718,3785,0,1,102.771,225.925,104.061,227.095,0.000,0.000,709,705,13147,885,194,0,2221,3713,948,1,fec-recovered,pending,H.264,1,1,24,9,15,3,1,1,4,20,0,0,27036,3,0,0,0,0,0,35.064,192,215,157,151,157,0,64.163,22.324,117.571,2,0,566,47,613,0,199,24,0.472,0.528,0.923,1.000,0.108,42.000,0.500,0.500,0.000,stable,1201,9638,0,0,709,8880,2221,21055,491,754,1,4,21048,predicted-useful,likely-arrival,3773,0.833,239,613,0,1,0,0,0,15,15,15,15,231,3664,230,3660,0,0,0,pacing,0,0.841,8.971,116.971,0,0,15,15,0,0,0,0,8,15,15,0,895,2,2,sent,83,229,0,5,64,6,0,0,8,15,922,3,stale-age,3680,2733,142,0,1,9500000,1200000,19,0,19,27052,27033,33186142,1627,2005667,880,1087612,0,0,0,0,0,0.133,46.114,20118.938,3071.350,1396,49086,25366,11114,23720,12606,0.305,8.938,1.327,1396,4445456,7359099,1.210,14.790,0.466,10.145,49086,2221,717,21055,609,1600,12,192,192,354,35,66,2,14,21,0,0,0,0,0,0,0,0,0,0,155,2,1,0,4,4527,3713,3713,0,0,0,0,0,,disabled,,0,0,0,0,,1,Fixed Quality,Hybrid,85,30,9500,12000,640,360,H.264,480,270,518400,28176,518400,28176,0.054,0.000,,0,0,0.000,1.948,0.000,0.000,0.075,7250,6750,6750,22,22,0,1,9500,1.000,0,6.916,0.000,0,0,0.000,0.000,0,0,0,0,0.313,0.610,0.077,1,0,0,disabled,24,1,1,124,290,124,137,29,205,205,2,5,decoder-sync-observed,0,,0,0,0.115,23.727,0,,0.000,0.000,0.000,0.000,0,0,0,,36,0,0,4.708,0,949,0.074,0.000,0.000,0.074,0.000,0.049,0.009,1,1,1,1,0,1,1,0,0,0,1,0,0.860,103.418,0.000,26,0,0.000,0,0,0,0.000,0.000,0.000,0.000,0.000,0.000,0.000,1.866,8.565,0,0,0,0,0,0,0,0,0.000,0.000,0.000,0.000,0.000,0.000,0,0.420,18.359,709,718,3785,103.894,227.144,67.270,227.144,7047.039,176,1,H.264,96.229,0,0,225.925,227.095,1.000,173.448,94.994,arrival-gap-jitter-spike,29253.647,0,1,1,1,1,36300.686,543.276,589.581,590.847,590.847,0,0,12,0,0,8,0,,,153.165,159.041,814,1,H.264,0,0,0,0,0,0,0,0,0,0,,107.651,0.000,110.673,0.000,0.000,0.000,135.564,stale-before-decode,0.001,946,0.000,117.056,5.956,0.086,0.296,0.001,0.000,0.295,1,0,0,1,3,0.062,18.381,18.359,49.656,18.208,1.000,Jitter,0,1,0,0.000,1,1,1,1,0.060,0.000,0.060,0,100,0,27069,25418,1626,0,1513
37.301,Custom_loss6_delay0-100_dup0_reorder6_burst0,Loopback,1,1,0,,,0.000,0,21,970,21.789,20.020,20.196,116.404,101.967,8.859,51.893,3.379,0.063,0.217,26036,1742,24351,22609,3463,2056,222,1078,917,161,107,0,22610,748,207,0,0,0,0,5.000,0,0,0,0,0,0,0,0,0,0,0,0,0,0,0,0.000,0.000,0.000,,737,737,3885,0,1,55.877,225.925,57.100,227.095,0.000,0.000,728,723,13505,909,198,0,2278,3817,973,1,fec-recovered,pending,H.264,0,1,22,18,4,3,2,2,8,24,0,0,27726,15,0,0,0,0,0,86.694,193,222,161,155,161,0,64.498,22.152,117.571,2,0,578,45,623,0,201,24,0.465,0.535,0.928,1.000,0.107,45.000,0.167,0.833,0.000,duplicate-guard,1240,9915,0,0,731,9131,2278,21563,508,780,1,4,21555,predicted-useful,likely-arrival,3873,0.091,243,623,0,1,0,0,0,16,16,16,16,235,3723,234,3719,0,0,0,pacing,0,0.805,7.194,115.194,0,0,16,16,0,0,0,0,8,15,15,0,895,2,2,sent,86,237,0,5,67,6,0,0,8,15,962,3,stale-age,3740,2808,146,0,1,9500000,1200000,0,0,0,27758,27758,34078559,1665,2052683,903,1116264,0,0,0,0,0,7.877,46.114,4575.438,105.250,1432,50364,26025,11357,24339,12982,0.304,16.977,5.931,1432,4717390,7625318,2.125,14.790,0.467,14.770,50364,2278,737,21563,620,1644,14,196,196,363,35,66,2,14,21,0,0,0,0,0,0,0,0,0,0,159,2,1,0,4,4649,3817,3817,0,0,0,0,0,,disabled,,0,0,0,0,,1,Fixed Quality,Hybrid,85,30,9500,12000,640,360,H.264,480,270,518400,26096,518400,26096,0.050,0.000,,0,0,0.000,1.912,0.000,0.000,0.075,7000,6250,6250,23,23,0,1,9500,0.964,1,14.765,0.000,0,0,4.000,0.800,6260,5008,0,0,0.310,0.618,0.072,1,0,0,fixed-pacing-queue-hold,22,1,1,126,295,126,139,30,208,208,1,5,keyframe-g4-priority,0,,0,0,18.654,21.976,0,,0.000,0.000,0.000,0.000,0,0,0,,37,0,0,12.455,0,975,0.075,0.000,0.000,0.074,0.000,0.049,0.008,1,1,1,1,0,1,1,0,0,0,1,0,0.860,102.068,0.000,24,0,0.000,0,0,0,0.000,0.000,0.000,0.000,0.000,0.000,0.000,1.801,16.560,0,0,0,0,0,0,0,0,0.000,0.000,0.000,0.000,0.000,0.000,0,0.527,20.020,728,737,3885,57.331,227.144,67.270,227.144,7047.039,176,1,H.264,96.229,0,0,225.925,227.095,1.000,173.448,94.994,arrival-gap-jitter-spike,30253.960,0,1,1,1,1,37300.999,543.276,589.581,590.847,590.847,0,0,13,0,0,9,1,latency-pressure freshness,latency-over-80ms,146.409,159.041,948,1,decoded,0,0,0,0,0,0,0,0,0,0,,106.599,0.000,110.033,0.000,0.000,0.000,138.202,stale-before-upload,0.001,970,0.000,117.176,6.718,0.103,0.328,0.001,0.000,0.327,1,0,0,1,3,0.063,21.789,20.020,3.379,20.196,1.000,RecoveryDeadline,0,1,0,1.000,1,1,1,1,0.060,0.000,0.060,0,100,0,27795,26075,1676,0,1560
38.307,Custom_loss6_delay0-100_dup0_reorder6_burst0,Loopback,1,1,0,,,0.000,0,21,998,25.533,25.542,25.558,109.959,101.924,46.311,51.734,7.307,0.062,0.215,26759,1775,25015,23240,3564,2107,228,1117,952,165,112,0,23241,771,211,0,0,0,0,5.000,0,0,0,0,0,0,0,0,0,0,0,0,0,0,0,0.000,0.000,0.000,,760,760,3990,0,1,30.865,225.925,31.858,227.095,0.000,0.000,751,746,13870,936,202,0,2333,3921,999,1,fec-parity,pending,H.264,0,1,23,18,5,4,2,1,3,8,0,0,28498,21,0,0,0,0,0,57.668,199,228,165,159,165,0,64.732,22.932,117.571,2,0,594,46,640,0,205,25,0.466,0.534,0.928,1.000,0.109,45.000,0.286,0.714,0.000,duplicate-guard,1278,10197,0,0,753,9387,2333,22062,524,806,1,4,22054,predicted-useful,fec-grace,3973,0.783,250,640,0,1,0,0,0,16,16,16,16,242,3842,241,3838,0,0,0,pacing,0,0.836,7.449,115.449,0,0,16,16,0,0,0,0,8,15,15,0,895,2,2,sent,86,237,0,5,67,6,0,0,8,15,962,3,stale-age,3859,2877,150,0,1,9500000,1200000,6,6,0,28526,28520,35016369,1705,2101981,928,1147364,0,0,0,0,0,0.732,46.114,758.812,411.100,1471,51750,26738,11651,25012,13361,0.303,9.938,0.603,1471,4938247,7884534,1.137,19.322,0.519,17.080,51750,2333,760,22062,632,1687,14,200,200,371,35,66,2,14,21,0,0,0,0,0,0,0,0,0,0,163,2,1,0,4,4774,3921,3921,0,0,0,0,0,,disabled,,0,0,0,0,,1,Fixed Quality,Hybrid,85,30,9500,12000,640,360,H.264,480,270,518400,27138,518400,27138,0.052,0.000,,0,0,0.000,1.965,0.000,0.000,0.074,7250,6500,6500,24,24,0,1,9500,1.000,0,10.067,0.000,0,0,4.000,0.840,28150,23636,0,0,0.311,0.617,0.072,1,0,0,disabled,23,1,1,128,299,128,141,30,212,212,1,5,keyframe-g4-priority,0,,0,0,11.810,22.853,0,,0.000,0.000,0.000,0.000,0,0,0,,38,0,0,12.806,0,1001,0.073,0.000,0.000,0.073,0.000,0.050,0.007,1,1,1,1,0,1,1,0,0,0,1,0,0.860,105.867,0.000,26,0,0.000,0,0,0,0.000,0.000,0.000,0.000,0.000,0.000,0.000,1.853,16.766,0,0,0,0,0,0,0,0,0.000,0.000,0.000,0.000,0.000,0.000,0,0.431,25.542,751,760,3990,31.918,227.144,67.270,227.144,7047.039,176,1,H.264,96.229,0,0,225.925,227.095,1.000,173.448,94.994,arrival-gap-jitter-spike,31260.422,0,1,1,1,1,38307.461,543.276,589.581,590.847,590.847,0,0,13,0,0,9,0,,,146.409,159.041,948,1,decoded,0,0,0,0,0,0,0,0,0,0,,102.524,0.000,105.247,0.000,0.000,0.000,134.980,stale-before-upload,0.001,998,0.000,110.812,5.129,0.103,0.273,0.001,0.000,0.272,1,0,0,1,3,0.062,25.533,25.542,7.307,25.558,1.000,RecoveryDeadline,0,1,0,0.500,2,1,1,1,0.060,0.000,0.060,0,100,0,28558,26799,1711,0,1609
39.310,Custom_loss6_delay0-100_dup0_reorder6_burst0,Loopback,1,1,0,,,0.000,0,21,1023,21.144,21.133,21.120,106.756,101.942,15.122,50.717,45.428,0.063,0.216,27493,1850,25730,23880,3648,2160,234,1139,974,165,115,0,23881,790,218,0,0,0,0,5.000,0,0,0,0,0,0,0,0,0,0,0,0,0,0,0,0.000,0.000,0.000,,779,779,4097,0,1,91.530,225.925,92.723,227.095,0.000,0.000,770,765,14238,955,209,0,2398,4024,1024,1,expired-no-slack,expired,H.264,0,1,24,23,1,5,4,3,8,15,0,0,29243,10,0,0,0,0,0,126.322,203,234,165,159,165,0,64.732,22.932,117.571,2,0,604,47,651,0,209,25,0.465,0.535,0.928,1.000,0.107,44.000,0.500,0.500,0.000,stable,1316,10466,0,0,774,9631,2398,22562,541,831,1,4,22554,predicted-useful,fec-grace,4081,0.125,255,651,0,1,0,0,0,17,17,17,17,247,3914,246,3910,0,0,0,pacing,0,0.743,4.095,112.095,0,0,17,17,0,0,0,0,8,15,15,0,895,2,2,sent,89,244,0,5,70,6,0,0,8,15,1015,1,stale-age,3932,2960,154,0,1,9500000,1200000,0,0,0,29314,29314,35989949,1752,2159923,958,1184772,0,0,0,0,0,10.544,46.114,5655.000,908.400,1512,53213,27488,11983,25725,13742,0.304,20.552,0.037,1512,3718632,6596385,1.554,9.220,0.518,13.855,53213,2398,779,22562,647,1737,14,207,207,382,36,68,2,14,22,0,0,0,0,0,0,0,0,0,0,169,2,1,0,4,4900,4024,4024,0,0,0,0,0,,disabled,,0,0,0,0,,1,Fixed Quality,Hybrid,85,30,9500,12000,640,360,H.264,480,270,518400,28178,518400,28178,0.054,0.000,,0,0,0.000,2.203,0.000,0.000,0.070,7250,6750,6750,25,25,0,1,9500,1.000,0,10.544,0.000,0,0,0.000,0.000,0,0,0,0,0.312,0.616,0.072,1,0,0,disabled,24,1,1,130,306,130,143,33,217,217,1,5,keyframe-g4-priority,0,,0,0,11.442,23.729,0,,0.000,0.000,0.000,0.000,0,0,0,,39,0,0,3.009,0,1027,0.069,0.000,0.000,0.069,0.000,0.042,0.011,1,1,1,1,0,1,1,0,0,0,0,0,1.000,0.000,0.000,30,0,0.000,0,0,0,0.000,0.000,0.000,0.000,0.000,0.000,0.000,2.091,20.144,0,0,0,0,0,0,0,0,0.000,0.000,0.000,0.000,0.000,0.000,0,0.351,21.133,770,779,4097,92.637,227.144,67.270,227.144,7047.039,176,1,H.264,96.229,0,0,225.925,227.095,1.000,173.448,94.994,arrival-gap-jitter-spike,32263.196,0,1,1,1,1,39310.235,543.276,589.581,590.847,590.847,0,0,13,0,0,9,0,,,146.409,159.041,948,1,decoded,0,0,0,0,0,0,0,0,0,0,,102.320,0.000,105.204,0.000,0.000,0.000,138.378,stale-before-upload,0.001,1023,0.000,110.951,5.373,0.079,0.944,0.710,0.000,0.234,1,0,0,1,3,0.063,21.144,21.133,45.428,21.120,1.000,RecoveryDeadline,0,1,0,0.000,2,1,1,1,0.060,0.000,0.060,0,100,0,29353,27535,1768,0,1659
40.311,Custom_loss6_delay0-100_dup0_reorder6_burst0,Loopback,1,1,0,,,0.000,0,21,1052,15.050,15.026,14.963,91.889,102.037,69.458,51.223,40.020,0.063,0.220,28264,1887,26447,24560,3735,2217,242,1157,992,165,119,0,24561,808,228,0,0,0,0,5.000,0,0,0,0,0,0,0,0,0,0,0,0,0,0,0,0.000,0.000,0.000,,797,797,4203,0,1,25.298,225.925,26.426,227.095,0.000,0.000,788,783,14629,973,219,0,2466,4130,1053,1,fec-parity,pending,H.264,0,1,24,15,9,4,2,1,0,9,0,0,30122,5,0,0,0,0,0,47.667,206,242,165,159,165,0,64.732,22.932,117.571,2,0,615,49,664,0,210,27,0.460,0.540,0.926,1.000,0.114,39.000,0.200,0.800,1.000,retransmit-late,1359,10823,0,0,798,9956,2466,23202,560,863,1,4,23194,predicted-useful,fec-grace,4188,0.375,260,664,0,1,0,0,0,17,17,17,17,252,3997,251,3993,0,0,0,pacing,0,0.788,6.065,114.065,0,0,17,17,0,0,0,0,8,15,15,0,895,2,2,sent,90,248,0,5,71,6,0,0,8,15,1042,4,stale-age,4015,3044,158,0,1,9500000,1200000,0,0,0,30137,30137,36998251,1765,2176095,959,1186016,0,0,0,0,0,16.992,46.114,7828.812,4800.000,1553,54682,28239,12344,26443,14099,0.304,12.957,0.797,1553,6734807,9586505,0.753,18.243,0.473,20.745,54682,2466,797,23202,659,1793,14,217,217,399,39,73,3,16,23,0,0,0,0,0,0,0,0,0,0,176,2,1,0,4,5035,4130,4130,0,0,0,0,0,,disabled,,0,0,0,0,,1,Fixed Quality,Hybrid,85,30,9500,12000,640,360,H.264,480,270,518400,28176,518400,28176,0.054,0.000,,0,0,0.000,2.020,0.000,0.000,0.102,7250,6750,6750,25,25,0,1,9500,1.000,0,16.992,0.000,0,0,0.000,0.000,0,0,0,0,0.310,0.616,0.074,1,0,0,disabled,24,0,0,131,308,131,144,33,220,220,0,5,large-au-observed,0,,0,0,17.712,23.727,0,,0.000,0.000,0.000,0.000,0,0,0,,39,0,0,9.839,0,1054,0.102,0.000,0.000,0.101,0.000,0.071,0.008,1,1,1,1,0,1,1,0,0,0,1,0,0.860,29.628,0.000,26,0,0.000,0,0,0,0.000,0.000,0.000,0.000,0.000,0.000,0.000,1.907,29.412,0,0,0,0,0,0,0,0,0.000,0.000,0.000,0.000,0.000,0.000,0,0.451,15.026,788,797,4203,26.331,227.144,67.270,227.144,7047.039,176,1,H.264,96.229,0,0,225.925,227.095,1.000,173.448,94.994,arrival-gap-jitter-spike,33264.048,0,1,1,1,1,40311.087,543.276,589.581,590.847,590.847,0,0,13,0,0,9,0,,,146.409,159.041,948,1,decoded,0,0,0,0,0,0,0,0,0,0,,103.443,0.000,106.672,0.000,0.000,0.000,130.945,stale-before-upload,0.001,1052,0.000,112.610,5.483,0.087,0.262,0.001,0.000,0.261,1,0,0,1,3,0.063,15.050,15.026,40.020,14.963,1.000,Jitter,0,1,0,0.000,0,2,2,1,0.060,0.000,0.060,0,100,0,30177,28308,1832,0,1700
41.318,Custom_loss6_delay0-100_dup0_reorder6_burst0,Loopback,1,1,0,,,0.000,0,21,1078,17.562,17.570,17.753,117.841,102.092,69.138,51.695,1.837,0.063,0.221,29018,1958,27176,25218,3818,2269,244,1184,1013,171,121,0,25219,826,235,0,0,0,0,5.000,0,0,0,0,0,0,0,0,0,0,0,0,0,0,0,0.000,0.000,0.000,,815,815,4302,0,1,54.009,225.925,55.104,227.095,0.000,0.000,806,801,14996,997,226,0,2531,4227,1081,1,nack-sent,pending,H.264,1,1,24,8,16,4,1,2,4,37,1,0,30956,16,30971,1,0,0,0,45.183,210,244,171,165,171,0,64.916,23.015,117.571,2,0,627,52,679,0,215,27,0.463,0.537,0.923,1.000,0.112,45.000,0.200,0.800,0.000,duplicate-guard,1399,11127,0,0,820,10234,2531,23856,578,889,1,4,23847,predicted-useful,likely-arrival,4297,0.667,265,679,0,1,0,0,0,17,17,17,17,257,4075,256,4071,0,0,0,pacing,0,0.791,9.211,117.211,0,0,17,17,0,0,0,0,8,15,15,0,895,2,2,sent,91,252,0,5,72,6,0,0,8,15,1056,4,stale-age,4093,3128,162,0,1,9500000,1200000,6,0,6,30962,30956,38001531,1840,2268247,1011,1249540,0,0,0,0,0,4.373,46.114,301.500,3142.400,1596,56180,29009,12675,27171,14496,0.304,27.713,1.788,1596,5658029,8692607,1.904,14.531,0.467,19.887,56180,2531,815,23856,673,1844,14,224,224,415,39,73,3,16,23,0,0,0,0,0,0,0,0,0,0,183,2,1,0,4,5163,4227,4227,0,0,0,0,0,,disabled,,0,0,0,0,,1,Fixed Quality,Hybrid,85,30,9500,12000,640,360,H.264,480,270,518400,28178,518400,28178,0.054,0.000,,0,0,0.000,2.144,0.000,0.000,0.085,7250,6750,6750,25,25,0,1,9500,1.000,0,5.790,0.000,0,0,0.000,0.000,0,0,0,0,1.000,0.000,0.000,1,0,0,disabled,24,1,1,135,317,135,147,35,226,226,2,5,decoder-sync-observed,0,,0,0,0.115,23.729,0,,0.000,0.000,0.000,0.000,0,0,0,,41,0,0,3.877,0,1082,0.085,0.000,0.000,0.085,0.000,0.062,0.010,1,1,1,1,0,1,1,0,0,0,0,0,1.000,0.000,0.000,30,0,0.000,0,0,0,0.000,0.000,0.000,0.000,0.000,0.000,0.000,2.030,8.403,0,0,0,0,0,0,0,0,0.000,0.000,0.000,0.000,0.000,0.000,0,0.355,17.570,806,815,4302,55.078,227.144,67.270,227.144,7047.039,176,1,H.264,96.229,0,0,225.925,227.095,1.000,173.448,94.994,arrival-gap-jitter-spike,34271.001,0,1,1,1,1,41318.040,543.276,589.581,590.847,590.847,0,0,13,0,0,9,0,,,146.409,159.041,948,1,decoded,0,0,0,0,0,0,0,0,0,0,,105.486,0.000,108.379,0.000,0.000,0.000,138.921,stale-before-upload,0.001,1078,0.000,113.217,4.476,0.076,0.613,0.324,0.000,0.290,1,0,0,1,3,0.063,17.562,17.570,1.837,17.753,1.000,RecoveryDeadline,0,1,0,0.667,3,2,2,1,0.060,0.000,0.060,0,100,0,30997,29062,1885,0,1745
42.324,Custom_loss6_delay0-100_dup0_reorder6_burst0,Loopback,1,1,0,,,0.000,0,21,1105,18.049,18.046,17.773,75.839,102.150,89.378,52.661,35.030,0.063,0.222,29748,2002,27868,25866,3921,2336,250,1209,1035,174,126,0,25867,847,241,0,0,0,0,5.000,0,0,0,0,0,0,0,0,0,0,0,0,0,0,0,0.000,0.000,0.000,,836,836,4405,0,1,20.051,225.925,20.376,227.095,0.000,0.000,827,821,15385,1021,232,0,2596,4338,1107,1,nack-sent,pending,H.264,0,1,22,19,3,5,4,2,2,9,0,0,31707,18,0,0,0,0,0,76.625,218,250,174,168,174,0,65.098,23.320,117.571,2,0,644,52,696,0,222,27,0.466,0.534,0.925,1.000,0.108,45.000,0.333,0.667,0.000,duplicate-guard,1437,11414,0,0,840,10491,2596,24454,596,919,1,4,24442,predicted-useful,fec-grace,4406,0.682,272,696,0,1,0,0,0,17,17,17,17,264,4200,263,4196,0,0,0,pacing,0,0.819,7.757,115.757,0,0,17,17,0,0,0,0,8,15,15,0,895,2,2,sent,92,254,0,5,73,6,0,0,8,15,1081,2,stale-age,4218,3208,165,0,1,9500000,1200000,1,1,0,31731,31730,38949540,1884,2322719,1034,1278192,0,0,0,0,0,4.502,46.114,372.875,845.750,1635,57588,29728,12988,27860,14872,0.304,40.757,0.000,1635,5482849,7738991,1.161,15.673,0.514,18.748,57588,2595,835,24451,689,1891,15,230,230,427,39,73,3,16,23,0,0,0,0,0,0,0,0,0,0,189,2,1,0,4,5294,4338,4338,0,0,0,0,0,,disabled,,0,0,0,0,,1,Fixed Quality,Hybrid,85,30,9500,12000,640,360,H.264,480,270,518400,26096,518400,26096,0.050,0.000,,0,0,0.000,1.839,0.000,0.000,0.073,6250,6250,6250,26,26,0,1,9500,0.880,1,9.518,0.000,0,0,4.000,0.929,30836,28652,0,0,0.313,0.612,0.075,1,0,0,latency-pressure-freshness-hold,22,1,1,138,323,138,150,35,231,231,1,5,keyframe-g4-priority,0,,0,0,13.190,21.976,0,,0.000,0.000,0.000,0.000,0,0,0,,42,0,0,3.015,0,1109,0.073,0.000,0.000,0.072,0.000,0.045,0.013,1,1,1,1,0,1,1,0,0,0,0,0,1.000,0.000,0.000,27,0,0.000,0,0,0,0.000,0.000,0.000,0.000,0.000,0.000,0.000,1.736,6.951,0,0,0,0,0,0,0,0,0.000,0.000,0.000,0.000,0.000,0.000,0,0.356,18.046,827,836,4405,20.562,227.144,67.270,227.144,7047.039,176,1,H.264,96.229,0,0,225.925,227.095,1.000,173.448,94.994,arrival-gap-jitter-spike,35277.183,0,1,1,1,1,42324.222,543.276,589.581,590.847,590.847,0,0,14,0,0,10,1,repair-budget-pressure freshness,repair-budget-or-fixed-pacing-reason,140.307,159.041,1099,1,decoded,0,0,0,0,0,0,0,0,0,0,,99.494,0.000,101.521,0.000,0.000,0.000,120.000,stale-before-upload,0.001,1105,0.000,104.835,5.027,0.075,0.855,0.619,0.000,0.237,1,0,0,1,3,0.063,18.049,18.046,35.030,17.773,1.000,RecoveryDeadline,0,1,0,1.000,1,1,1,1,0.060,0.000,0.060,0,100,0,31772,29792,1932,0,1796
43.326,Custom_loss6_delay0-100_dup0_reorder6_burst0,Loopback,1,1,0,,,0.000,0,21,1130,17.459,17.469,17.490,86.713,102.187,21.038,51.870,9.201,0.063,0.224,30433,2032,28494,26462,4016,2407,256,1224,1046,178,129,0,26463,865,249,0,0,0,0,5.000,0,0,0,0,0,0,0,0,0,0,0,0,0,0,0,0.000,0.000,0.000,,854,854,4508,0,1,65.440,225.925,66.479,227.095,0.000,0.000,845,839,15759,1043,240,0,2658,4440,1132,1,fec-recovered,pending,H.264,0,1,23,23,0,6,6,2,7,22,0,0,32413,3,0,0,0,0,0,100.806,226,256,178,172,178,0,65.292,23.070,117.571,2,0,662,52,714,0,227,28,0.469,0.531,0.927,1.000,0.110,39.000,0.667,0.333,0.333,retransmit-late,1477,11696,0,0,860,10735,2658,24996,615,953,2,8,24985,deferred-likely-arrival,likely-arrival,4512,0.304,280,714,0,4,0,0,0,19,19,19,19,273,4333,272,4329,0,0,0,pacing,0,0.815,9.644,117.644,0,0,19,19,0,0,0,0,8,15,15,0,895,2,2,sent,95,263,0,5,76,6,0,0,8,15,1123,4,stale-age,4356,3287,169,0,1,9500000,1200000,0,0,0,32425,32425,39807592,1903,2346363,1034,1278192,0,0,0,0,0,10.667,46.114,1271.625,4800.000,1672,58904,30410,13299,28494,15195,0.304,1.369,1.180,1672,4626665,7119670,2.018,-1.130,0.483,12.632,58904,2658,853,24996,707,1936,15,238,238,442,40,74,1,17,23,0,0,0,0,0,0,0,0,0,0,196,2,1,0,4,5421,4440,4440,0,0,0,0,0,,disabled,,0,0,0,0,,1,Fixed Quality,Hybrid,85,30,9500,12000,640,360,H.264,480,270,518400,0,518400,27138,0.052,0.000,,0,0,0.000,1.831,0.000,0.000,0.077,7250,6500,6500,27,27,0,1,9500,1.000,0,10.667,0.000,0,0,0.000,0.000,0,0,0,0,0.317,0.611,0.073,1,0,0,disabled,0,0,0,142,330,142,153,35,236,236,0,5,async-output-pending,0,,0,0,0.000,0.000,0,,0.000,0.000,0.000,0.000,0,0,0,,42,0,0,12.321,0,1134,0.076,0.000,0.000,0.076,0.000,0.052,0.008,1,1,1,1,0,1,1,0,1,0,1,0,0.860,16.360,0.000,26,0,0.000,0,0,0,0.000,0.000,0.000,0.000,0.000,0.000,0.000,0.000,16.228,0,0,0,0,0,0,0,0,0.000,0.000,0.000,0.000,0.000,0.000,0,0.472,17.469,845,854,4508,66.299,227.144,67.270,227.144,7047.039,176,1,H.264,96.229,0,0,225.925,227.095,1.000,173.448,94.994,arrival-gap-jitter-spike,36279.470,0,1,1,1,1,43326.509,543.276,589.581,590.847,590.847,0,0,14,0,0,10,0,,,140.307,159.041,1099,1,decoded,0,0,0,0,0,0,0,0,0,0,,103.789,0.000,107.003,0.000,0.000,0.000,123.356,stale-before-upload,0.001,1130,0.000,113.018,5.567,0.093,0.247,0.001,0.000,0.246,1,0,0,1,3,0.063,17.459,17.469,9.201,17.490,1.000,Loss,0,1,0,1.000,2,2,2,1,0.060,0.000,0.060,0,100,0,32468,30479,1979,0,1825
44.331,Custom_loss6_delay0-100_dup0_reorder6_burst0,Loopback,1,1,0,,,0.000,0,21,1158,19.168,19.176,19.222,109.631,102.196,46.595,51.742,8.006,0.063,0.222,31158,2112,29207,27095,4104,2462,260,1250,1069,181,132,0,27096,887,253,0,0,0,0,5.000,0,0,0,0,0,0,0,0,0,0,0,0,0,0,0,0.000,0.000,0.000,,876,876,4608,0,1,43.034,225.925,44.166,227.095,0.000,0.000,867,861,16146,1068,244,0,2727,4549,1161,1,fec-parity,pending,H.264,0,1,24,6,18,2,0,0,0,0,0,0,33264,22,0,0,0,0,0,21.052,233,260,181,175,181,0,65.398,22.931,117.571,2,0,676,52,728,0,235,28,0.473,0.527,0.929,1.000,0.106,42.000,0.400,0.600,0.000,duplicate-guard,1510,11972,0,0,878,10984,2727,25684,630,980,2,8,25673,predicted-useful,fec-grace,4626,0.250,286,728,0,7,0,0,0,19,19,19,19,280,4448,279,4444,0,0,0,pacing,0,0.819,11.211,119.211,0,0,19,19,0,0,0,0,8,15,15,0,895,2,2,sent,95,263,0,5,76,6,0,0,8,15,1123,4,stale-age,4474,3371,173,0,1,9500000,1200000,0,0,0,33228,33228,40794606,1946,2399439,1058,1308088,0,0,0,0,0,20.536,46.114,410.500,4800.000,1712,60351,31145,13653,29206,15553,0.305,22.010,0.032,1712,4617478,7650952,0.398,25.557,0.526,18.369,60351,2727,875,25684,731,1981,15,242,242,450,40,74,1,17,23,0,0,0,0,0,0,0,0,0,0,200,2,1,0,4,5557,4549,4549,0,0,0,0,0,,disabled,,0,0,0,0,,1,Fixed Quality,Hybrid,85,30,9500,12000,640,360,H.264,480,270,518400,0,518400,28176,0.054,0.000,,0,0,0.000,1.916,0.000,0.000,0.116,7250,6750,6750,28,28,0,1,9500,1.000,0,20.536,0.000,0,0,0.000,0.000,0,0,0,0,0.320,0.609,0.071,1,0,0,disabled,0,0,0,146,340,146,157,37,244,244,0,5,async-output-pending,0,,0,0,0.000,0.000,0,,0.000,0.000,0.000,0.000,0,0,0,,43,0,0,6.715,0,1162,0.116,0.000,0.000,0.115,0.000,0.087,0.011,1,1,1,1,0,1,1,0,1,0,0,0,1.000,0.000,0.000,30,0,0.000,0,0,0,0.000,0.000,0.000,0.000,0.000,0.000,0.000,0.000,10.646,0,0,0,0,0,0,0,0,0.000,0.000,0.000,0.000,0.000,0.000,0,0.416,19.177,867,876,4608,44.112,227.144,67.270,227.144,7047.039,176,1,H.264,96.229,0,0,225.925,227.095,1.000,173.448,94.994,arrival-gap-jitter-spike,37283.857,0,1,1,1,1,44330.896,543.276,589.581,590.847,590.847,0,0,14,0,0,10,0,,,140.307,159.041,1099,1,decoded,0,0,0,0,0,0,0,0,0,0,,104.233,0.000,106.959,0.000,0.000,0.000,134.815,stale-before-upload,0.000,1158,0.000,111.686,4.294,0.071,0.824,0.508,0.000,0.317,1,0,0,1,3,0.063,19.168,19.176,8.006,19.222,1.000,RecoveryDeadline,0,1,0,0.500,2,1,1,1,0.060,0.000,0.060,0,100,0,33272,31206,2028,0,1871
45.331,Custom_loss6_delay0-100_dup0_reorder6_burst0,Loopback,1,1,0,,,0.000,0,21,1186,21.449,21.457,21.357,89.485,102.153,15.261,50.873,25.970,0.063,0.223,31941,2144,29917,27773,4212,2517,265,1292,1105,187,138,0,27774,907,260,0,0,0,0,5.000,0,0,0,0,0,0,0,0,0,0,0,0,0,0,0,0.000,0.000,0.000,,896,896,4703,0,1,19.556,225.925,20.652,227.095,0.000,0.000,887,881,16540,1094,251,0,2798,4662,1188,1,nack-sent,pending,H.264,0,1,24,19,5,3,2,1,0,5,0,0,34062,21,0,0,0,0,0,47.679,239,265,187,181,187,0,65.431,22.716,117.571,2,0,693,53,746,0,240,29,0.474,0.526,0.929,1.000,0.108,40.000,0.400,0.600,0.000,duplicate-guard,1536,12242,0,0,897,11243,2798,26391,637,991,2,8,26380,predicted-useful,fec-grace,4742,0.208,292,746,0,7,0,0,0,19,19,19,19,286,4535,285,4531,0,0,0,pacing,0,0.760,10.290,118.290,0,0,19,19,0,0,0,0,8,15,15,0,895,2,2,sent,98,272,0,5,79,6,0,0,8,15,1178,3,stale-age,4561,3457,176,0,1,9500000,1200000,0,0,0,34056,34056,41809130,1994,2458577,1083,1338606,0,0,0,0,0,11.254,46.114,922.688,4800.000,1754,61825,31922,13966,29903,15937,0.304,47.477,5.602,1754,6302589,9530349,1.997,14.179,0.424,25.689,61825,2798,895,26391,755,2028,15,249,249,466,42,78,2,17,25,0,0,0,0,0,0,0,0,0,0,205,2,1,0,4,5697,4662,4662,0,0,0,0,0,,disabled,,0,0,0,0,,1,Fixed Quality,Hybrid,85,30,9500,12000,640,360,H.264,480,270,518400,28178,518400,28178,0.054,0.000,,0,0,0.000,1.900,0.000,0.000,0.084,7250,6750,6750,28,28,0,1,9500,1.000,0,11.254,0.000,0,0,0.000,0.000,0,0,0,0,0.320,0.609,0.071,1,0,0,disabled,24,0,0,149,348,149,162,37,252,252,0,5,large-au-observed,0,,0,0,15.165,23.729,0,,0.000,0.000,0.000,0.000,0,0,0,,44,0,0,10.407,0,1189,0.083,0.000,0.000,0.083,0.000,0.057,0.009,1,1,1,1,0,1,1,0,0,0,1,0,0.860,134.137,0.000,26,0,0.000,0,0,0,0.000,0.000,0.000,0.000,0.000,0.000,0.000,1.808,20.966,0,0,0,0,0,0,0,0,0.000,0.000,0.000,0.000,0.000,0.000,0,0.407,21.457,887,896,4703,20.673,227.144,67.270,227.144,7047.039,176,1,H.264,96.229,0,0,225.925,227.095,1.000,173.448,94.994,arrival-gap-jitter-spike,38284.342,0,1,1,1,1,45331.381,543.276,589.581,590.847,590.847,0,0,14,0,0,10,0,,,140.307,159.041,1099,1,decoded,0,0,0,0,0,0,0,0,0,0,,102.037,0.000,105.031,0.000,0.000,0.000,124.743,stale-before-upload,0.001,1186,0.000,111.147,5.699,0.077,0.801,0.539,0.000,0.262,1,0,0,1,3,0.063,21.449,21.457,25.970,21.357,1.000,RecoveryDeadline,0,1,0,1.000,1,1,1,1,0.060,0.000,0.060,0,100,0,34101,31992,2074,0,1922
46.332,Custom_loss6_delay0-100_dup0_reorder6_burst0,Loopback,1,1,0,,,0.000,0,21,1212,21.515,19.537,13.996,95.674,102.140,58.858,51.059,33.420,0.063,0.224,32631,2191,30567,28376,4321,2585,276,1317,1126,191,143,0,28377,926,268,0,0,0,0,5.000,0,0,0,0,0,0,0,0,0,0,0,0,0,0,0,0.000,0.000,0.000,,914,914,4812,0,1,78.810,225.925,79.900,227.095,0.000,0.000,905,897,16922,1117,258,0,2859,4769,1214,1,fec-recovered,pending,H.264,0,1,22,17,5,4,3,1,1,8,0,0,34777,9,0,0,0,0,0,60.263,248,276,191,185,191,0,65.672,23.075,117.571,2,0,717,55,772,0,251,29,0.473,0.527,0.929,1.000,0.104,45.000,0.300,0.700,0.000,duplicate-guard,1568,12449,0,0,914,11426,2859,26961,652,1015,2,8,26948,predicted-useful,fec-grace,4844,0.364,302,772,0,7,0,0,0,21,21,21,21,296,4700,295,4696,0,0,0,pacing,0,0.845,7.018,115.018,0,0,21,21,0,0,0,0,8,15,15,0,895,2,2,sent,98,272,0,5,79,6,0,0,8,15,1178,3,stale-age,4728,3528,180,0,1,9500000,1200000,0,0,0,34778,34778,42697117,2050,2527665,1109,1370998,0,0,0,0,0,20.787,46.114,12290.375,4800.000,1791,63173,32611,14279,30562,16283,0.305,13.982,1.785,1791,4955183,7707896,2.042,20.062,0.505,13.326,63173,2859,912,26961,776,2068,15,256,256,479,42,78,2,17,25,0,0,0,0,0,0,0,0,0,0,212,2,1,0,4,5829,4769,4769,0,0,0,0,0,,disabled,,0,0,0,0,,1,Fixed Quality,Hybrid,85,30,9500,12000,640,360,H.264,480,270,518400,0,518400,26096,0.050,0.000,,0,0,0.000,4.601,0.000,3.898,0.681,6000,6250,6250,29,29,0,1,9500,0.820,1,20.787,0.000,0,0,0.000,0.000,0,0,0,0,0.321,0.608,0.071,1,0,0,latency-pressure-freshness-hold,0,0,0,153,356,153,164,39,259,259,0,5,async-output-pending,0,,0,0,0.000,0.000,0,,20.787,12290.375,45673.077,0.000,0,0,0,,45,0,0,0.000,1,0,0.671,0.186,0.483,0.000,0.000,0.000,0.000,0,0,1,1,1,0,0,1,1,0,1,0,0.860,136.013,0.000,26,0,0.000,0,0,0,0.000,0.000,0.000,0.000,0.000,0.000,0.000,0.000,34.527,0,0,0,0,0,0,0,0,0.000,0.000,0.000,0.000,0.000,0.000,0,0.448,19.537,905,914,4812,79.768,227.144,67.270,227.144,7047.039,176,1,H.264,96.229,0,0,225.925,227.095,1.000,173.448,94.994,arrival-gap-jitter-spike,39285.354,0,1,1,1,1,46332.393,543.276,589.581,590.847,590.847,0,0,16,0,0,12,2,latency-pressure freshness,latency-over-80ms,149.794,159.041,1193,1,decoded,0,0,0,0,0,0,0,0,0,0,,98.025,0.000,101.248,0.000,0.000,0.000,127.837,stale-before-upload,0.001,1212,0.000,107.028,5.877,0.100,0.251,0.001,0.000,0.250,1,0,0,1,3,0.063,21.515,19.537,33.420,13.996,1.000,Loss,0,1,0,0.667,3,2,2,1,0.060,0.000,0.060,0,100,0,34824,32681,2113,0,1970
47.338,Custom_loss6_delay0-100_dup0_reorder6_burst0,Loopback,1,1,0,,,0.000,0,21,1239,21.416,19.470,19.472,95.564,102.165,72.924,51.556,27.315,0.063,0.224,33317,2226,31205,28979,4423,2644,282,1348,1151,197,149,0,28980,947,274,0,0,0,0,5.000,0,0,0,0,0,0,0,0,0,0,0,0,0,0,0,0.000,0.000,0.000,,934,934,4922,0,1,18.204,225.925,19.380,227.095,0.000,0.000,923,914,17282,1144,263,0,2921,4868,1239,1,completed,completed,H.264,0,1,23,23,0,5,4,2,4,10,0,0,35481,14,0,0,0,0,0,88.447,257,282,197,191,197,0,65.818,22.832,117.571,2,0,738,55,793,0,264,29,0.477,0.523,0.931,1.000,0.099,45.000,0.375,0.625,0.000,duplicate-guard,1597,12651,0,0,932,11611,2921,27496,663,1032,2,8,27483,predicted-useful,fec-grace,4950,0.000,309,793,0,8,0,0,0,21,21,21,21,304,4820,303,4816,0,0,0,pacing,0,0.830,11.524,119.524,0,0,21,21,0,0,0,0,8,15,15,0,895,2,2,sent,100,279,0,5,81,6,0,0,8,15,1233,4,stale-age,4849,3604,184,0,1,9500000,1200000,0,0,0,35507,35507,43596563,2099,2588365,1133,1400894,0,0,0,0,0,11.339,46.114,2220.438,4800.000,1829,64485,33294,14521,31191,16670,0.304,15.148,1.261,1829,5589002,8621403,1.295,18.863,0.468,20.656,64485,2921,933,27496,797,2109,15,261,261,488,42,78,2,17,25,0,0,0,0,0,0,0,0,0,0,217,2,1,0,4,5952,4868,4868,0,0,0,0,0,,disabled,,0,0,0,0,,1,Fixed Quality,Hybrid,85,30,9500,12000,640,360,H.264,480,270,518400,27138,518400,27138,0.052,0.000,,0,0,0.000,1.828,0.000,0.000,0.082,6000,6500,6500,30,30,0,1,9500,0.820,1,11.339,0.000,0,0,0.000,0.000,0,0,0,0,0.324,0.607,0.069,1,0,0,latency-pressure-freshness-hold,23,0,0,157,365,157,169,39,266,266,0,5,large-au-observed,0,,0,0,11.915,22.853,0,,0.000,0.000,0.000,0.000,0,0,0,,46,0,0,9.848,0,1241,0.081,0.000,0.000,0.081,0.000,0.058,0.006,1,1,1,1,0,1,1,0,0,0,0,0,1.000,0.000,0.000,27,0,0.000,0,0,0,0.000,0.000,0.000,0.000,0.000,0.000,0.000,1.739,14.124,0,0,0,0,0,0,0,0,0.000,0.000,0.000,0.000,0.000,0.000,0,0.350,19.470,923,934,4922,19.144,227.144,67.270,227.144,7047.039,176,1,H.264,96.229,0,0,225.925,227.095,1.000,173.448,94.994,arrival-gap-jitter-spike,40290.778,0,1,1,1,1,47337.817,543.276,589.581,590.847,590.847,0,0,18,0,0,14,2,latency-pressure freshness,latency-over-80ms,138.385,159.041,1233,1,decoded,0,0,0,0,0,0,0,0,0,0,,104.291,0.000,105.600,0.000,0.000,0.000,127.782,stale-before-upload,0.001,1238,0.000,106.835,4.012,0.078,0.798,0.509,0.000,0.289,1,0,0,1,3,0.063,21.416,19.470,27.315,19.472,1.000,RecoveryDeadline,0,1,0,1.000,1,1,1,1,0.060,0.000,0.060,0,100,0,35554,33367,2149,0,2012
48.344,Custom_loss6_delay0-100_dup0_reorder6_burst0,Loopback,1,1,0,,,0.000,0,21,1265,17.314,17.320,17.509,84.557,102.096,43.003,51.366,27.409,0.063,0.225,33938,2271,31793,29522,4511,2685,290,1387,1182,205,149,0,29523,967,280,0,0,0,0,5.000,0,0,0,0,0,0,0,0,0,0,0,0,0,0,0,0.000,0.000,0.000,,954,954,5030,0,1,29.269,225.925,30.348,227.095,0.000,0.000,944,935,17609,1172,269,0,2982,4953,1266,1,nack-sent,pending,H.264,0,1,21,10,11,2,0,1,0,11,0,0,36170,12,0,0,0,0,0,57.513,261,290,205,197,205,0,65.818,22.881,117.571,2,0,758,56,814,0,272,29,0.474,0.526,0.931,1.000,0.096,45.000,0.182,0.818,0.000,duplicate-guard,1630,12859,0,0,950,11795,2982,27957,678,1056,2,8,27944,predicted-useful,fec-grace,5052,0.000,317,814,0,8,0,0,0,21,21,21,21,311,4906,310,4902,0,0,0,pacing,0,0.741,9.619,117.619,0,0,21,21,0,0,0,0,9,17,17,0,1244,2,2,sent,107,293,0,5,84,9,0,0,9,17,1257,3,stale-age,4935,3677,188,0,1,9500000,1200000,0,0,0,36162,36162,44406551,2125,2619646,1135,1403390,0,0,0,0,0,9.278,46.114,2942.875,4800.000,1863,65700,33935,14792,31765,16973,0.304,1.883,1.639,1863,4197603,7170772,1.430,9.106,0.379,8.500,65700,2981,953,27946,818,2148,15,267,266,497,43,80,2,17,26,0,0,0,0,0,0,0,0,0,0,221,3,1,0,4,6054,4953,4953,0,0,0,0,0,,disabled,,0,0,0,0,,1,Fixed Quality,Hybrid,85,30,9500,12000,640,360,H.264,480,270,518400,25054,518400,25054,0.048,0.000,,0,0,0.000,1.679,0.000,0.000,0.079,6500,6000,6000,31,31,0,1,9500,0.912,1,9.278,0.000,0,0,0.000,0.000,0,0,0,0,0.321,0.611,0.069,1,0,0,fixed-pacing-queue-hold,21,0,0,161,377,161,174,42,273,273,0,5,large-au-observed,0,,0,0,11.391,21.098,0,,0.000,0.000,0.000,0.000,0,0,0,,47,0,0,12.988,0,1267,0.079,0.000,0.000,0.078,0.000,0.056,0.006,1,1,1,1,0,1,1,0,0,0,0,0,1.000,0.000,0.000,24,0,0.000,0,0,0,0.000,0.000,0.000,0.000,0.000,0.000,0.000,1.593,17.263,0,0,0,0,0,0,0,0,0.000,0.000,0.000,0.000,0.000,0.000,0,0.385,17.320,944,954,5030,30.180,227.144,67.270,227.144,7047.039,176,1,H.264,96.229,0,0,225.925,227.095,1.000,173.448,94.994,arrival-gap-jitter-spike,41297.580,0,1,1,1,1,48344.619,543.276,589.581,590.847,590.847,0,0,18,0,0,14,0,,,138.385,159.041,1233,1,decoded,0,0,0,0,0,0,0,0,0,0,,96.154,0.000,98.553,0.000,0.000,0.000,122.279,stale-before-upload,0.001,1265,0.000,103.463,4.533,0.073,1.020,0.705,0.000,0.316,1,0,0,1,3,0.063,17.314,17.320,27.409,17.509,1.000,Loss,0,1,0,0.000,2,2,2,1,0.060,0.000,0.060,0,100,0,36210,33992,2188,0,2044
49.346,Custom_loss6_delay0-100_dup0_reorder6_burst0,Loopback,1,1,0,,,0.000,0,21,1290,17.579,13.677,11.594,94.497,102.141,76.477,51.912,6.192,0.062,0.227,34564,2304,32380,30076,4596,2732,300,1413,1204,209,151,0,30077,983,289,0,0,0,0,5.000,0,0,0,0,0,0,0,0,0,0,0,0,0,0,0,0.000,0.000,0.000,,968,968,5138,0,1,49.753,225.925,50.695,227.095,0.000,0.000,958,948,17951,1192,276,0,3038,5048,1291,1,fec-recovered,pending,H.264,0,1,22,21,1,3,3,1,6,10,0,0,36828,11,0,0,0,0,0,66.876,267,300,209,201,209,0,65.905,23.314,117.571,2,0,778,56,834,0,280,29,0.471,0.529,0.933,1.000,0.094,45.000,0.111,0.889,0.000,duplicate-guard,1661,13092,0,0,967,12004,3038,28446,692,1080,2,8,28431,predicted-useful,fec-grace,5146,0.455,325,834,0,8,0,0,0,23,23,23,23,319,5023,318,5019,0,0,0,pacing,0,0.761,8.765,116.765,0,0,23,23,0,0,0,0,9,17,17,0,1244,2,2,sent,110,303,0,5,87,9,0,0,9,17,1285,4,stale-age,5054,3746,192,0,1,9500000,1200000,0,0,0,36824,36824,45224329,2173,2679102,1159,1433294,0,0,0,0,0,9.306,46.114,701.062,4800.000,1898,66924,34546,15061,32378,17317,0.304,26.140,6.195,1898,4497381,7668097,2.542,13.980,0.481,14.906,66924,3038,969,28446,836,2187,15,274,273,510,43,80,2,17,26,0,0,0,0,0,0,0,0,0,0,228,3,1,0,4,6171,5048,5048,0,0,0,0,0,,disabled,,0,0,0,0,,1,Fixed Quality,Hybrid,85,30,9500,12000,640,360,H.264,480,270,518400,0,518400,26096,0.050,0.000,,0,0,0.000,0.009,0.000,0.000,0.004,6500,6250,6250,32,32,0,1,9500,0.909,1,9.306,0.000,0,0,0.000,0.000,0,0,0,0,0.320,0.613,0.067,1,0,0,latency-pressure-freshness-hold,0,0,0,165,387,165,180,42,279,279,0,5,async-output-pending,0,,0,0,0.000,0.000,0,,0.000,0.000,0.000,0.000,0,0,0,,48,0,0,0.000,1,0,0.000,0.000,0.000,0.000,0.000,0.000,0.000,0,0,0,0,0,0,0,0,1,1,1,1,0.860,180.000,1.500,26,0,0.000,0,0,0,0.000,0.000,0.000,0.000,0.000,0.000,0.000,0.000,7.035,0,0,0,0,0,0,0,0,0.000,0.000,0.000,0.000,0.000,0.000,0,0.470,13.677,958,968,5138,50.821,227.144,67.270,227.144,7047.039,176,1,H.264,96.229,0,0,225.925,227.095,1.000,173.448,94.994,arrival-gap-jitter-spike,42298.888,0,1,1,1,1,49345.927,543.276,589.581,590.847,590.847,0,0,19,0,0,15,1,latency-pressure freshness,latency-over-80ms,145.226,159.041,1272,1,decoded,0,0,0,0,0,0,0,0,0,0,,98.160,0.000,101.196,0.000,0.000,0.000,127.249,stale-before-upload,0.001,1290,0.000,106.960,5.971,0.086,0.270,0.001,0.000,0.270,1,0,0,1,3,0.063,17.579,13.677,6.192,11.594,1.000,Loss,0,1,0,2.000,1,2,2,1,0.060,0.000,0.060,0,100,0,36873,34616,2237,0,2078
50.351,Custom_loss6_delay0-100_dup0_reorder6_burst0,Loopback,1,1,0,,,0.000,0,21,1315,17.308,15.385,15.373,107.918,102.115,14.732,51.121,13.312,0.063,0.229,35276,2378,33071,30693,4696,2789,306,1447,1234,213,154,0,30694,1001,297,0,0,0,0,5.000,0,0,0,0,0,0,0,0,0,0,0,0,0,0,0,0.000,0.000,0.000,,985,985,5241,0,1,43.462,225.925,44.465,227.095,0.000,0.000,975,965,18319,1214,283,0,3098,5147,1317,1,fec-recovered,pending,H.264,0,1,23,11,12,3,1,1,1,14,0,0,37596,11,0,0,0,0,0,56.919,276,306,213,205,213,0,65.961,23.282,117.571,2,0,797,57,854,0,288,30,0.474,0.526,0.933,1.000,0.094,44.000,0.667,0.333,0.000,stable,1702,13345,0,0,988,12228,3098,28935,712,1109,2,8,28919,predicted-useful,fec-grace,5246,0.696,333,854,0,8,0,0,0,25,25,25,25,327,5145,326,5141,0,0,0,pacing,0,0.781,9.234,117.234,0,0,25,25,0,0,0,0,9,17,17,0,1244,2,2,sent,113,312,0,5,90,9,0,0,9,17,1309,2,stale-age,5178,3818,196,0,1,9500000,1200000,4,0,4,37622,37618,46201865,2221,2738558,1188,1469418,0,0,0,0,0,6.087,46.114,534.125,4800.000,1936,68333,35271,15387,33062,17675,0.304,10.469,0.085,1936,4257923,6988859,0.554,-1.165,0.494,13.651,68333,3098,987,28935,851,2232,15,281,280,518,44,81,1,18,26,0,0,0,0,0,0,0,0,0,0,234,3,1,0,4,6295,5147,5147,0,0,0,0,0,,disabled,,0,0,0,0,,1,Fixed Quality,Hybrid,85,30,9500,12000,640,360,H.264,480,270,518400,27136,518400,27136,0.052,0.000,,0,0,0.000,1.797,0.000,0.000,0.073,7250,6500,6500,33,33,0,1,9500,1.000,0,25.160,0.000,0,0,0.000,0.000,0,0,0,0,0.323,0.610,0.067,1,0,0,disabled,23,0,0,169,393,169,182,42,284,284,0,5,large-au-observed,0,,0,0,28.625,22.851,0,,0.000,0.000,0.000,0.000,0,0,0,,49,0,0,3.082,0,1319,0.073,0.000,0.000,0.073,0.000,0.049,0.010,1,1,1,1,0,1,1,0,0,0,1,0,0.860,64.332,0.000,26,0,0.000,0,0,0,0.000,0.000,0.000,0.000,0.000,0.000,0.000,1.715,7.106,0,0,0,0,0,0,0,0,0.000,0.000,0.000,0.000,0.000,0.000,0,0.358,15.385,975,985,5241,44.808,227.144,67.270,227.144,7047.039,176,1,H.264,96.229,0,0,225.925,227.095,1.000,173.448,94.994,arrival-gap-jitter-spike,43304.534,0,1,1,1,1,50351.573,543.276,589.581,590.847,590.847,0,0,19,0,0,15,0,,,145.226,159.041,1272,1,decoded,0,0,0,0,0,0,0,0,0,0,,102.884,0.000,105.532,0.000,0.000,0.000,133.959,stale-before-upload,0.001,1315,0.000,110.946,5.064,0.076,0.697,0.434,0.000,0.263,1,0,0,1,3,0.063,17.308,15.385,13.312,15.373,1.000,RecoveryDeadline,0,1,0,1.000,0,1,1,1,0.060,0.000,0.060,0,100,0,37668,35329,2281,0,2121
51.352,Custom_loss6_delay0-100_dup0_reorder6_burst0,Loopback,1,1,0,,,0.000,0,21,1343,23.301,23.301,23.349,97.672,102.139,14.458,50.357,32.452,0.062,0.230,36060,2404,33796,31392,4805,2858,314,1473,1255,218,160,0,31393,1020,305,0,0,0,0,5.000,0,0,0,0,0,0,0,0,0,0,0,0,0,0,0,0.000,0.000,0.000,,1004,1004,5344,0,1,26.525,225.925,27.599,227.095,0.000,0.000,994,984,18722,1238,291,0,3166,5260,1345,1,fec-recovered,pending,H.264,0,1,24,23,1,4,3,2,11,23,0,0,38422,15,0,0,0,0,0,90.193,281,314,218,210,218,0,65.932,23.249,117.571,2,0,815,58,873,0,297,30,0.472,0.528,0.934,1.000,0.092,45.000,0.333,0.667,0.000,duplicate-guard,1735,13611,0,0,1008,12474,3166,29555,725,1129,2,8,29538,predicted-useful,fec-grace,5359,0.333,340,873,0,8,0,0,0,26,26,26,26,334,5245,333,5241,0,0,0,pacing,0,0.750,8.239,116.239,0,0,26,26,0,0,0,0,9,17,17,0,1244,2,2,sent,116,322,0,5,93,9,0,0,9,17,1339,3,stale-age,5279,3903,200,0,1,9500000,1200000,6,0,6,38446,38440,47209959,2269,2797854,1211,1498062,0,0,0,0,0,4.734,46.114,93.688,4800.000,1980,69849,36053,15780,33796,18016,0.304,3.031,1.819,1980,5179092,8452081,1.668,-0.274,0.449,13.502,69849,3166,1006,29555,872,2279,15,289,288,536,46,84,1,19,27,0,0,0,0,0,0,0,0,0,0,240,3,1,0,4,6439,5260,5260,0,0,0,0,0,,disabled,,0,0,0,0,,1,Fixed Quality,Hybrid,85,30,9500,12000,640,360,H.264,480,270,518400,28178,518400,28178,0.054,0.000,,0,0,0.000,2.032,0.000,0.000,0.093,7250,6750,6750,34,34,0,1,9500,1.000,0,15.020,0.000,0,0,0.000,0.000,0,0,0,0,0.322,0.612,0.066,1,0,0,disabled,24,0,0,173,403,173,186,44,291,291,0,5,large-au-observed,0,,0,0,18.859,23.729,0,,0.000,0.000,0.000,0.000,0,0,0,,50,0,0,16.119,0,1347,0.092,0.000,0.000,0.092,0.000,0.063,0.011,1,1,1,1,0,1,1,0,0,0,1,0,0.860,179.996,0.000,26,0,0.000,0,0,0,0.000,0.000,0.000,0.000,0.000,0.000,0.000,1.931,13.976,0,0,0,0,0,0,0,0,0.000,0.000,0.000,0.000,0.000,0.000,0,0.374,23.301,994,1004,5344,27.507,227.144,67.270,227.144,7047.039,176,1,H.264,96.229,0,0,225.925,227.095,1.000,173.448,94.994,arrival-gap-jitter-spike,44305.231,0,1,1,1,1,51352.270,543.276,589.581,590.847,590.847,0,0,19,0,0,15,0,,,145.226,159.041,1272,1,decoded,0,0,0,0,0,0,0,0,0,0,,102.436,0.000,105.227,0.000,0.000,0.000,128.836,stale-before-upload,0.001,1343,0.000,109.549,3.935,0.079,0.776,0.465,0.000,0.311,1,0,0,1,3,0.063,23.301,23.301,32.452,23.349,1.000,Loss,0,1,0,1.000,2,2,2,1,0.060,0.000,0.060,0,100,0,38491,36114,2333,0,2178
52.355,Custom_loss6_delay0-100_dup0_reorder6_burst0,Loopback,1,1,0,,,0.000,0,21,1371,19.266,17.368,17.445,104.070,102.176,48.343,50.316,13.262,0.063,0.233,36812,2481,34522,32041,4894,2908,320,1499,1277,222,167,0,32042,1038,316,0,0,0,0,5.000,0,0,0,0,0,0,0,0,0,0,0,0,0,0,0,0.000,0.000,0.000,,1020,1020,5443,0,1,76.476,225.925,77.639,227.095,0.000,0.000,1010,1000,19098,1260,300,0,3233,5359,1374,1,fec-parity,pending,H.264,0,1,24,4,20,1,0,0,0,0,0,0,39279,12,0,0,0,0,0,32.736,288,320,222,214,222,0,65.848,23.273,117.571,2,0,832,60,892,0,305,31,0.474,0.526,0.933,1.000,0.092,43.000,0.500,0.500,0.000,duplicate-guard,1769,13900,0,0,1029,12741,3233,30205,738,1151,2,8,30185,predicted-useful,fec-grace,5465,0.583,347,892,0,8,0,0,0,26,26,26,26,341,5364,340,5360,0,0,0,pacing,0,0.818,12.556,120.556,0,0,26,26,0,0,0,0,9,17,17,0,1244,2,2,sent,118,329,0,5,95,9,0,0,9,17,1367,3,stale-age,5398,3982,204,0,1,9500000,1200000,0,0,0,39245,39245,48196493,2318,2858236,1240,1533556,0,0,0,0,0,25.570,46.114,9218.562,4800.000,2022,71314,36803,16111,34511,18400,0.304,3.884,0.695,2022,5881376,9279691,0.926,33.885,0.487,14.134,71314,3233,1024,30205,890,2328,15,298,297,556,47,85,1,20,27,0,0,0,0,0,0,0,0,0,0,248,3,1,0,4,6571,5359,5359,0,0,0,0,0,,disabled,,0,0,0,0,,1,Fixed Quality,Hybrid,85,30,9500,12000,640,360,H.264,480,270,518400,0,518400,28178,0.054,0.000,,0,0,0.000,4.540,0.000,3.926,0.595,7250,6750,6750,34,34,0,1,9500,1.000,0,25.570,0.000,0,0,0.000,0.000,0,0,0,0,0.323,0.610,0.067,1,0,0,disabled,0,0,0,177,411,177,190,44,297,297,0,5,async-output-pending,0,,0,0,0.000,0.000,0,,25.466,15154.375,45673.077,0.000,0,0,0,,51,0,0,0.000,1,0,0.586,0.139,0.446,0.000,0.000,0.000,0.000,0,0,1,1,1,0,0,1,1,0,1,0,0.860,101.186,0.000,26,0,0.000,0,0,0,0.000,0.000,0.000,0.000,0.000,0.000,0.000,0.000,27.807,0,0,0,0,0,0,0,0,0.000,0.000,0.000,0.000,0.000,0.000,0,0.387,17.368,1010,1020,5443,77.563,227.144,67.270,227.144,7047.039,176,1,H.264,96.229,0,0,225.925,227.095,1.000,173.448,94.994,arrival-gap-jitter-spike,45308.241,0,1,1,1,1,52355.280,543.276,589.581,590.847,590.847,0,0,19,0,0,15,0,,,145.226,159.041,1272,1,decoded,0,0,0,0,0,0,0,0,0,0,,101.153,0.000,104.252,0.000,0.000,0.000,132.035,stale-before-upload,0.001,1371,0.000,110.539,5.883,0.086,0.255,0.001,0.000,0.254,1,0,0,1,3,0.063,19.266,17.368,13.262,17.445,1.000,RecoveryDeadline,0,1,0,2.000,1,2,2,1,0.060,0.000,0.060,0,100,0,39297,36873,2384,0,2242
53.359,Custom_loss6_delay0-100_dup0_reorder6_burst0,Loopback,1,1,0,,,0.000,0,21,1395,19.008,17.321,17.466,90.793,102.296,59.720,50.504,24.391,0.063,0.236,37488,2506,35139,32633,4989,2962,327,1527,1300,227,173,0,32634,1055,325,0,0,0,0,5.000,0,0,0,0,0,0,0,0,0,0,0,0,0,0,0,0.000,0.000,0.000,,1037,1037,5545,0,1,27.262,225.925,28.218,227.095,0.000,0.000,1026,1015,19473,1282,309,0,3299,5459,1399,1,nack-deferred-likely-arrival,pending,H.264,0,1,22,20,2,5,4,1,9,15,0,0,39938,6,0,0,0,0,0,81.196,290,327,227,219,227,0,65.579,23.373,117.571,2,0,846,60,906,0,306,32,0.470,0.530,0.934,1.000,0.095,41.000,0.000,1.000,0.000,duplicate-guard,1807,14176,0,0,1049,12989,3299,30775,756,1179,2,8,30755,deferred-likely-arrival,likely-arrival,5568,0.545,352,906,0,8,0,0,0,26,26,26,26,345,5422,344,5418,0,0,0,pacing,0,0.765,8.925,116.925,0,0,26,26,0,0,0,0,10,19,19,0,1380,2,2,sent,123,343,0,5,99,9,0,0,10,19,1395,2,stale-age,5456,4061,208,0,1,9500000,1200000,0,0,0,39963,39963,49078234,2362,2912398,1265,1564704,0,0,0,0,0,8.825,46.114,400.625,4800.000,2057,72603,37470,16419,35133,18714,0.305,2.671,1.805,2057,4590706,7271717,2.192,29.383,0.482,6.745,72603,3299,1041,30775,908,2374,17,307,306,575,48,89,4,20,28,0,0,0,0,0,0,0,0,0,0,255,4,1,0,4,6702,5459,5459,0,0,0,0,0,,disabled,,0,0,0,0,,1,Fixed Quality,Hybrid,85,30,9500,12000,640,360,H.264,480,270,518400,26096,518400,26096,0.050,0.000,,0,0,0.000,1.807,0.000,0.000,0.090,6000,6250,6250,35,35,0,1,9500,0.820,1,9.576,0.000,0,0,0.000,0.000,0,0,0,0,0.320,0.614,0.066,1,0,0,latency-pressure-freshness-hold,22,0,0,181,422,181,196,45,303,303,0,5,large-au-observed,0,,0,0,11.320,21.976,0,,0.000,0.000,0.000,0.000,0,0,0,,52,0,0,12.873,0,1401,0.090,0.000,0.000,0.089,0.000,0.063,0.007,1,1,1,1,0,1,1,0,0,0,0,0,1.000,0.000,0.000,27,0,0.000,0,0,0,0.000,0.000,0.000,0.000,0.000,0.000,0.000,1.710,17.346,0,0,0,0,0,0,0,0,0.000,0.000,0.000,0.000,0.000,0.000,0,0.442,17.321,1026,1037,5545,28.314,227.144,67.270,227.144,7047.039,176,1,H.264,96.229,0,0,225.925,227.095,1.000,173.448,94.994,arrival-gap-jitter-spike,46312.459,0,1,1,1,1,53359.498,543.276,589.581,590.847,590.847,0,0,21,0,0,17,2,latency-pressure freshness,latency-over-80ms,139.979,159.041,1389,1,decoded,0,0,0,0,0,0,0,0,0,0,,103.588,0.000,105.370,0.000,0.000,0.000,125.397,stale-before-upload,0.001,1395,0.000,108.443,4.972,0.078,0.652,0.389,0.000,0.263,1,0,0,1,3,0.063,19.008,17.321,24.391,17.466,1.000,RecoveryDeadline,0,1,0,1.000,0,1,1,1,0.060,0.000,0.060,0,100,0,40016,37545,2431,0,2292
54.366,Custom_loss6_delay0-100_dup0_reorder6_burst0,Loopback,1,1,0,,,0.000,0,21,1424,20.520,18.653,18.451,104.139,102.389,59.720,50.504,43.459,0.063,0.236,38177,2552,35787,33235,5078,3016,338,1549,1317,232,175,0,33236,1076,332,0,0,0,0,5.000,0,0,0,0,0,0,0,0,0,0,0,0,0,0,0,0.000,0.000,0.000,,1056,1056,5648,0,1,91.236,225.925,92.191,227.095,0.000,0.000,1045,1034,19844,1308,314,0,3364,5551,1425,1,nack-sent,pending,H.264,0,1,23,18,5,3,2,2,2,13,1,0,40694,8,40715,0,0,0,0,71.955,297,338,232,224,232,0,65.697,23.039,117.571,2,0,869,60,929,0,312,33,0.468,0.532,0.935,1.000,0.096,39.000,0.400,0.600,0.000,duplicate-guard,1847,14428,0,0,1068,13209,3364,31360,777,1211,2,8,31340,predicted-useful,likely-arrival,5679,0.000,361,929,0,8,0,0,0,28,28,28,28,354,5564,353,5560,0,0,0,pacing,0,0.824,10.455,118.455,0,0,28,28,0,0,0,0,10,19,19,0,1380,2,2,sent,125,349,0,5,101,9,0,0,10,19,1421,4,stale-age,5600,4141,212,0,1,9500000,1200000,0,0,0,40691,40691,49976914,2413,2975586,1293,1599584,0,0,0,0,0,19.215,46.114,11601.312,4800.000,2096,73945,38171,16643,35774,19131,0.304,2.817,1.654,2096,4592841,7395840,1.451,29.383,0.425,13.050,73945,3363,1062,31355,926,2420,17,312,311,586,50,93,2,20,30,0,0,0,0,0,0,0,0,0,0,258,4,1,0,4,6827,5551,5551,0,0,0,0,0,,disabled,,0,0,0,0,,1,Fixed Quality,Hybrid,85,30,9500,12000,640,360,H.264,480,270,518400,0,518400,27136,0.052,0.000,,0,0,0.000,0.007,0.000,0.000,0.003,7250,6500,6500,36,36,0,1,9500,1.000,0,19.215,0.000,0,0,0.000,0.000,0,0,0,0,0.320,0.616,0.065,1,0,0,disabled,0,0,0,185,429,185,199,45,309,309,0,5,async-output-pending,0,,0,0,0.000,0.000,0,,0.000,0.000,0.000,0.000,0,0,0,,53,0,0,0.000,1,0,0.000,0.000,0.000,0.000,0.000,0.000,0.000,0,0,0,0,0,0,0,0,1,1,1,1,1.000,180.000,1.500,30,0,0.000,0,0,0,0.000,0.000,0.000,0.000,0.000,0.000,0.000,0.000,7.032,0,0,0,0,0,0,0,0,0.000,0.000,0.000,0.000,0.000,0.000,0,0.350,18.653,1045,1056,5648,92.211,227.144,67.270,227.144,7047.039,176,1,H.264,96.229,0,0,225.925,227.095,1.000,173.448,94.994,arrival-gap-jitter-spike,47318.745,0,1,1,1,1,54365.784,543.276,589.581,590.847,590.847,0,0,21,0,0,17,0,,,139.979,159.041,1389,1,decoded,0,0,0,0,0,0,0,0,0,0,,103.926,0.000,106.445,0.000,0.000,0.000,137.070,stale-before-upload,0.001,1424,0.000,111.529,4.757,0.076,0.950,0.706,0.000,0.244,1,0,0,1,3,0.063,20.520,18.653,43.459,18.451,1.000,Jitter,0,1,0,0.000,1,2,2,1,0.060,0.000,0.060,0,100,0,40745,38235,2474,0,2331
55.366,Custom_loss6_delay0-100_dup0_reorder6_burst0,Loopback,1,1,0,,,0.000,0,21,1452,19.402,19.424,19.478,106.606,102.320,99.566,51.466,6.037,0.063,0.237,38991,2608,36561,33953,5195,3074,346,1595,1357,238,180,0,33954,1096,340,0,0,0,0,5.000,0,0,0,0,0,0,0,0,0,0,0,0,0,0,0,0.000,0.000,0.000,,1076,1076,5759,0,1,44.417,225.925,45.504,227.095,0.000,0.000,1065,1054,20255,1334,322,0,3437,5663,1454,1,nack-sent,pending,H.264,0,1,24,14,10,2,1,1,0,10,0,0,41576,20,0,0,0,0,0,45.081,306,346,238,230,238,0,65.582,22.876,117.571,2,0,892,60,952,0,320,37,0.469,0.531,0.937,1.000,0.104,37.000,0.444,0.556,0.333,retransmit-late,1879,14706,0,0,1088,13468,3437,32104,789,1230,2,8,32084,predicted-useful,fec-grace,5797,0.583,370,952,0,8,0,0,0,29,29,29,29,363,5715,362,5711,0,0,0,pacing,0,0.841,9.380,117.380,0,0,29,29,0,0,0,0,10,19,19,0,1380,2,2,sent,128,357,0,6,103,9,0,0,10,19,1449,2,stale-age,5752,4228,216,0,1,9500000,1200000,0,0,0,41561,41561,51046446,2465,3039858,1320,1632748,0,0,0,0,0,17.058,46.114,4202.188,4800.000,2140,75546,38985,17063,36561,19498,0.304,8.177,1.022,2140,6024543,8947887,1.105,31.476,0.486,10.835,75546,3437,1082,32104,953,2467,17,320,319,601,52,97,2,20,32,0,0,0,0,0,0,0,0,0,0,264,4,1,0,4,6970,5663,5663,0,0,0,0,0,,disabled,,0,0,0,0,,1,Fixed Quality,Hybrid,85,30,9500,12000,640,360,H.264,480,270,518400,28178,518400,28178,0.054,0.000,,0,0,0.000,1.938,0.000,0.000,0.072,7250,6750,6750,37,37,0,1,9500,1.000,0,17.058,0.000,0,0,0.000,0.000,0,0,0,0,0.321,0.616,0.063,1,0,0,disabled,24,0,0,189,439,189,203,47,318,318,0,5,large-au-observed,0,,0,0,11.977,23.729,0,,0.000,0.000,0.000,0.000,0,0,0,,54,0,0,3.014,0,1455,0.072,0.000,0.000,0.072,0.000,0.049,0.008,1,1,1,1,0,1,1,0,0,0,1,0,0.860,147.362,0.000,26,0,0.000,0,0,0,0.000,0.000,0.000,0.000,0.000,0.000,0.000,1.857,6.963,0,0,0,0,0,0,0,0,0.000,0.000,0.000,0.000,0.000,0.000,0,0.419,19.423,1065,1076,5759,45.491,227.144,67.270,227.144,7047.039,176,1,H.264,96.229,0,0,225.925,227.095,1.000,173.448,94.994,arrival-gap-jitter-spike,48318.992,0,1,1,1,1,55366.031,543.276,589.581,590.847,590.847,0,0,21,0,0,17,0,,,139.979,159.041,1389,1,decoded,0,0,0,0,0,0,0,0,0,0,,101.757,0.000,104.876,0.000,0.000,0.000,133.303,stale-before-upload,0.001,1452,0.000,110.735,5.421,0.090,0.241,0.001,0.000,0.240,1,0,0,1,3,0.063,19.402,19.424,6.037,19.478,1.000,Loss,0,1,0,1.000,1,1,1,1,0.060,0.000,0.060,0,100,0,41616,39055,2516,0,2366
56.372,Custom_loss6_delay0-100_dup0_reorder6_burst0,Loopback,1,1,0,,,0.000,0,21,1478,18.865,18.859,18.850,97.008,102.453,53.339,51.502,4.491,0.062,0.237,39777,2651,37279,34628,5292,3142,351,1614,1371,243,185,0,34629,1117,346,0,0,0,0,5.000,0,0,0,0,0,0,0,0,0,0,0,0,0,0,0,0.000,0.000,0.000,,1096,1096,5862,0,1,47.457,225.925,48.518,227.095,0.000,0.000,1085,1074,20655,1360,328,0,3510,5772,1480,1,fec-recovered,pending,H.264,0,1,24,21,3,5,4,2,8,23,0,0,42363,5,0,0,0,0,0,83.279,315,351,243,235,243,0,65.610,23.056,117.571,3,0,912,61,973,0,326,39,0.473,0.527,0.937,1.000,0.107,41.000,0.500,0.500,0.000,duplicate-guard,1907,14986,0,0,1108,13735,3510,32836,797,1243,2,8,32816,predicted-useful,fec-grace,5918,0.542,379,973,0,10,0,0,0,29,29,29,29,372,5866,371,5862,0,0,0,pacing,0,0.830,13.446,121.446,0,0,29,29,0,0,0,0,10,19,19,0,1380,2,2,sent,129,359,0,6,104,9,0,0,10,19,1475,2,stale-age,5905,4317,220,0,1,9500000,1200000,0,0,0,42392,42392,52064702,2516,3102728,1344,1662644,0,0,0,0,0,11.693,46.114,1611.438,4800.000,2182,77050,39771,17404,37279,19875,0.304,16.298,0.094,2182,5620966,8961720,1.296,15.935,0.476,12.290,77050,3510,1103,32836,974,2519,17,325,324,609,53,98,1,21,32,0,0,0,0,0,0,0,0,0,0,268,4,1,0,4,7114,5772,5772,0,0,0,0,0,,disabled,,0,0,0,0,,1,Fixed Quality,Hybrid,85,30,9500,12000,640,360,H.264,480,270,518400,28178,518400,28178,0.054,0.000,,0,0,0.000,1.918,0.000,0.000,0.069,7250,6750,6750,37,37,0,1,9500,1.000,0,18.001,0.000,0,0,0.000,0.000,0,0,0,0,0.324,0.614,0.063,1,0,0,disabled,24,0,0,193,446,193,206,47,325,325,0,5,large-au-observed,0,,0,0,25.266,23.729,0,,0.000,0.000,0.000,0.000,0,0,0,,55,0,0,2.927,0,1482,0.069,0.000,0.000,0.069,0.000,0.045,0.009,1,1,1,1,0,1,1,0,0,0,1,0,0.860,105.804,0.000,26,0,0.000,0,0,0,0.000,0.000,0.000,0.000,0.000,0.000,0.000,1.840,6.845,0,0,0,0,0,0,0,0,0.000,0.000,0.000,0.000,0.000,0.000,0,0.422,18.859,1085,1096,5862,48.510,227.144,67.270,227.144,7047.039,176,1,H.264,96.229,0,0,225.925,227.095,1.000,173.448,94.994,arrival-gap-jitter-spike,49325.405,0,1,1,1,1,56372.444,543.276,589.581,590.847,590.847,0,0,21,0,0,17,0,,,139.979,159.041,1389,1,decoded,0,0,0,0,0,0,0,0,0,0,,105.430,0.000,108.289,0.000,0.000,0.000,128.504,stale-before-upload,0.001,1478,0.000,113.820,5.092,0.076,0.955,0.664,0.000,0.292,1,0,0,1,3,0.062,18.865,18.859,4.491,18.850,1.000,Loss,0,1,0,0.000,1,2,2,1,0.060,0.000,0.060,0,100,0,42448,39840,2565,0,2420
57.373,Custom_loss6_delay0-100_dup0_reorder6_burst0,Loopback,1,1,0,,,0.000,0,21,1503,18.011,18.016,18.004,111.828,102.473,8.486,50.690,34.740,0.062,0.237,40418,2690,37878,35188,5372,3189,357,1640,1396,244,186,0,35189,1136,353,0,0,0,0,5.000,0,0,0,0,0,0,0,0,0,0,0,0,0,0,0,0.000,0.000,0.000,,1115,1115,5961,0,1,19.855,225.925,20.782,227.095,0.000,0.000,1104,1093,21001,1380,335,0,3570,5866,1505,1,fec-recovered,pending,H.264,0,1,22,19,3,6,3,3,6,22,0,0,43058,11,0,0,0,0,0,106.027,323,357,244,236,244,0,65.657,23.042,117.571,3,0,927,61,988,0,332,39,0.475,0.525,0.938,1.000,0.105,44.000,0.444,0.556,0.000,duplicate-guard,1939,15215,0,0,1124,13942,3570,33420,813,1265,2,8,33400,predicted-useful,fec-grace,6020,0.227,384,988,0,10,0,0,0,29,29,29,29,377,5941,376,5937,0,0,0,pacing,0,0.786,7.445,115.445,0,0,29,29,0,0,0,0,10,19,19,0,1380,2,2,sent,129,359,0,6,104,9,0,0,10,19,1475,2,stale-age,5980,4390,224,0,1,9500000,1200000,6,0,6,43074,43068,52896874,2561,3158134,1370,1695036,0,0,0,0,0,3.621,46.114,1167.625,4800.000,2216,78262,40392,17727,37870,20143,0.305,19.633,1.787,2216,4305663,6938155,1.368,3.778,0.503,18.739,78262,3570,1120,33420,992,2561,17,332,331,616,53,98,1,21,32,0,0,0,0,0,0,0,0,0,0,275,4,1,0,4,7233,5866,5866,0,0,0,0,0,,disabled,,0,0,0,0,,1,Fixed Quality,Hybrid,85,30,9500,12000,640,360,H.264,480,270,518400,26096,518400,26096,0.050,0.000,,0,0,0.000,1.924,0.000,0.000,0.099,6000,6250,6250,38,38,0,1,9500,0.820,1,7.361,0.000,0,0,0.000,0.000,0,0,0,0,0.327,0.611,0.062,1,0,0,fixed-pacing-queue-hold,22,0,0,197,454,197,209,48,332,332,0,5,large-au-observed,0,,0,0,11.119,21.976,0,,0.000,0.000,0.000,0.000,0,0,0,,56,0,0,13.338,0,1507,0.099,0.000,0.000,0.098,0.000,0.071,0.008,1,1,1,1,0,1,1,0,0,0,1,0,0.860,8.314,0.000,24,0,0.000,0,0,0,0.000,0.000,0.000,0.000,0.000,0.000,0.000,1.817,17.439,0,0,0,0,0,0,0,0,0.000,0.000,0.000,0.000,0.000,0.000,0,0.398,18.016,1104,1115,5961,20.905,227.144,67.270,227.144,7047.039,176,1,H.264,96.229,0,0,225.925,227.095,1.000,173.448,94.994,arrival-gap-jitter-spike,50325.799,0,1,1,1,1,57372.838,543.276,589.581,590.847,590.847,0,0,21,0,0,17,0,,,139.979,159.041,1389,1,decoded,0,0,0,0,0,0,0,0,0,0,,107.241,0.000,109.769,0.000,0.000,0.000,135.914,stale-before-upload,0.001,1503,0.000,115.479,5.287,0.074,0.836,0.484,0.000,0.352,1,0,0,1,3,0.062,18.011,18.016,34.740,18.004,1.000,Loss,0,1,0,1.000,0,1,1,1,0.060,0.000,0.060,0,100,0,43125,40485,2612,0,2472
58.375,Custom_loss6_delay0-100_dup0_reorder6_burst0,Loopback,1,1,0,,,0.000,0,21,1529,16.564,16.572,16.496,96.780,102.424,49.827,50.674,47.078,0.063,0.238,41062,2743,38483,35740,5466,3240,370,1664,1414,250,192,0,35741,1153,360,0,0,0,0,5.000,0,0,0,0,0,0,0,0,0,0,0,0,0,0,0,0.000,0.000,0.000,,1132,1132,6070,0,1,12.127,225.925,13.294,227.095,0.000,0.000,1121,1110,21344,1403,342,0,3624,5959,1530,1,fec-parity,pending,H.264,0,1,23,15,8,5,1,1,4,13,0,1,43753,4,43778,0,0,0,0,65.925,327,370,250,242,250,0,65.723,22.708,117.571,3,0,950,61,1011,0,335,40,0.469,0.531,0.940,1.000,0.107,45.000,0.000,1.000,0.000,duplicate-guard,1965,15448,0,0,1142,14161,3624,33940,821,1279,2,8,33919,predicted-useful,fec-grace,6112,0.565,393,1011,0,10,0,0,0,31,31,31,31,386,6086,385,6082,0,0,0,pacing,0,0.823,8.605,116.605,0,0,31,31,0,0,0,0,10,19,19,0,1380,2,2,sent,134,371,0,6,109,9,0,0,10,19,1527,2,stale-age,6127,4455,228,0,1,9500000,1200000,0,0,0,43750,43750,53738254,2612,3221322,1397,1728672,0,0,0,0,0,11.526,46.114,48.750,4800.000,2252,79536,41053,18056,38483,20427,0.305,24.071,2.227,2252,4721448,7584500,1.380,11.290,0.483,8.720,79536,3624,1137,33940,1010,2597,17,339,338,631,55,101,2,22,33,0,0,0,0,0,0,0,0,0,0,280,4,1,0,4,7356,5959,5959,0,0,0,0,0,,disabled,,0,0,0,0,,1,Fixed Quality,Hybrid,85,30,9500,12000,640,360,H.264,480,270,518400,0,518400,27136,0.052,0.000,,0,0,0.000,4.596,0.000,3.878,0.695,7250,6500,6500,39,39,0,1,9500,1.000,0,11.526,0.000,0,0,0.000,0.000,0,0,0,0,0.323,0.616,0.060,1,0,0,disabled,0,0,0,201,462,201,213,48,338,338,0,5,async-output-pending,0,,0,0,0.000,0.000,0,,11.526,48.750,45673.077,0.000,0,0,0,,57,0,0,0.000,1,0,0.682,0.195,0.485,0.000,0.000,0.000,0.000,0,0,1,1,1,0,0,1,1,0,1,0,0.860,170.385,0.000,26,0,0.000,0,0,0,0.000,0.000,0.000,0.000,0.000,0.000,0.000,0.000,41.266,0,0,0,0,0,0,0,0,0.000,0.000,0.000,0.000,0.000,0.000,0,0.429,16.572,1121,1132,6070,13.174,227.144,67.270,227.144,7047.039,176,1,H.264,96.229,0,0,225.925,227.095,1.000,173.448,94.994,arrival-gap-jitter-spike,51328.602,0,1,1,1,1,58375.641,543.276,589.581,590.847,590.847,0,0,21,0,0,17,0,,,139.979,159.041,1389,1,decoded,0,0,0,0,0,0,0,0,0,0,,100.324,0.000,103.224,0.000,0.000,0.000,133.390,stale-before-upload,0.001,1529,0.000,109.234,5.564,0.088,0.258,0.001,0.000,0.258,1,0,0,1,3,0.063,16.564,16.572,47.078,16.496,1.000,Jitter,0,1,0,0.500,2,1,1,1,0.060,0.000,0.060,0,100,0,43808,41125,2655,0,2506
59.380,Custom_loss6_delay0-100_dup0_reorder6_burst0,Loopback,1,1,0,,,0.000,0,21,1555,23.694,21.879,21.824,104.347,102.349,26.672,50.238,1.265,0.062,0.238,41803,2782,39167,36385,5570,3300,380,1694,1442,252,196,0,36386,1173,367,0,0,0,0,5.000,0,0,0,0,0,0,0,0,0,0,0,0,0,0,0,0.000,0.000,0.000,,1150,1150,6179,0,1,39.763,225.925,40.939,227.095,0.000,0.000,1139,1128,21714,1425,347,0,3681,6061,1556,1,fec-parity,pending,H.264,0,1,24,22,2,6,4,3,6,18,0,0,44522,20,0,0,0,0,0,106.037,334,380,252,244,252,0,65.713,22.581,117.571,3,0,969,62,1031,0,339,40,0.468,0.532,0.940,1.000,0.106,45.000,0.222,0.778,0.000,duplicate-guard,2006,15681,0,0,1162,14362,3681,34477,842,1311,2,8,34456,predicted-useful,fec-grace,6212,0.792,401,1031,0,10,0,0,0,32,32,32,32,394,6215,393,6211,0,0,0,pacing,0,0.803,9.707,117.707,0,0,32,32,0,0,0,0,10,19,19,0,1380,2,2,sent,136,379,0,6,111,9,0,0,10,19,1553,4,stale-age,6257,4525,232,0,1,9500000,1200000,0,0,0,44533,44533,54700328,2661,3281862,1422,1759812,0,0,0,0,0,10.957,46.114,486.500,4800.000,2293,80958,41800,18348,39158,20810,0.305,42.943,0.000,2293,4625346,7593992,1.221,4.401,0.433,20.871,80958,3681,1156,34477,1028,2636,17,344,343,640,55,101,2,22,33,0,0,0,0,0,0,0,0,0,0,285,4,1,0,4,7482,6061,6061,0,0,0,0,0,,disabled,,0,0,0,0,,1,Fixed Quality,Hybrid,85,30,9500,12000,640,360,H.264,480,270,518400,0,518400,28176,0.054,0.000,,0,0,0.000,4.778,0.000,4.139,0.618,7250,6750,6750,40,40,0,1,9500,1.000,0,10.957,0.000,0,0,0.000,0.000,0,0,0,0,0.324,0.616,0.060,1,0,0,disabled,0,0,0,205,470,205,217,48,344,344,0,5,async-output-pending,0,,0,0,0.000,0.000,0,,10.957,486.500,45673.077,0.000,0,0,0,,58,0,0,0.000,1,0,0.607,0.152,0.454,0.000,0.000,0.000,0.000,0,0,1,1,1,0,0,1,1,0,1,0,0.860,170.126,0.000,26,0,0.000,0,0,0,0.000,0.000,0.000,0.000,0.000,0.000,0.000,0.000,31.929,0,0,0,0,0,0,0,0,0.000,0.000,0.000,0.000,0.000,0.000,0,0.392,21.879,1139,1150,6179,40.934,227.144,67.270,227.144,7047.039,176,1,H.264,96.229,0,0,225.925,227.095,1.000,173.448,94.994,arrival-gap-jitter-spike,52332.771,0,1,1,1,1,59379.810,543.276,589.581,590.847,590.847,0,0,21,0,0,17,0,,,139.979,159.041,1389,1,decoded,0,0,0,0,0,0,0,0,0,0,,100.989,0.000,103.697,0.000,0.000,0.000,132.173,stale-before-upload,0.001,1555,0.000,109.822,5.708,0.075,1.046,0.790,0.000,0.256,1,0,0,1,3,0.062,23.694,21.879,1.265,21.824,1.000,RecoveryDeadline,0,1,0,0.000,2,1,1,1,0.060,0.000,0.060,0,100,0,44592,41871,2695,0,2550
60.380,Custom_loss6_delay0-100_dup0_reorder6_burst0,Loopback,1,1,0,,,0.000,0,21,1583,19.711,19.711,19.734,92.458,102.387,77.677,50.728,27.464,0.063,0.237,42568,2844,39900,37056,5673,3356,387,1733,1475,258,197,0,37057,1195,371,0,0,0,0,5.000,0,0,0,0,0,0,0,0,0,0,0,0,0,0,0,0.000,0.000,0.000,,1172,1172,6272,0,1,77.067,225.925,78.197,227.095,0.000,0.000,1161,1150,22079,1453,351,0,3746,6161,1584,1,fec-recovered,pending,H.264,0,1,24,19,5,3,2,2,4,18,0,0,45348,9,0,0,0,0,0,80.068,345,387,258,250,258,0,65.879,22.378,117.571,3,0,993,64,1057,0,351,40,0.471,0.529,0.939,1.000,0.102,45.000,0.500,0.500,0.000,duplicate-guard,2035,15921,0,0,1180,14585,3746,35112,853,1328,2,8,35091,predicted-useful,likely-arrival,6323,0.292,411,1057,0,10,0,0,0,33,33,33,33,404,6376,403,6372,0,0,0,pacing,0,0.817,11.179,119.179,0,0,33,33,0,0,0,0,10,19,19,0,1380,2,2,sent,137,382,0,6,112,9,0,0,10,19,1566,3,stale-age,6419,4603,236,0,1,9500000,1200000,11,0,11,45369,45358,55711694,2717,3350952,1448,1791574,0,0,0,0,0,0.550,46.114,953.562,4800.000,2334,82462,42562,18645,39900,21255,0.305,19.301,0.991,2334,5431789,8816036,1.204,13.722,0.502,14.108,82462,3746,1178,35112,1052,2677,17,348,347,648,55,101,2,22,33,0,0,0,0,0,0,0,0,0,0,289,4,1,0,4,7603,6161,6161,0,0,0,0,0,,disabled,,0,0,0,0,,1,Fixed Quality,Hybrid,85,30,9500,12000,640,360,H.264,480,270,518400,28178,518400,28178,0.054,0.000,,0,0,0.000,1.980,0.000,0.000,0.092,7250,6750,6750,40,40,0,1,9500,1.000,0,21.644,0.000,0,0,0.000,0.000,0,0,0,0,0.326,0.613,0.061,1,0,0,disabled,24,0,0,209,481,209,222,50,352,352,0,5,large-au-observed,0,,0,0,25.100,23.729,0,,0.000,0.000,0.000,0.000,0,0,0,,59,0,0,10.849,0,1586,0.091,0.000,0.000,0.091,0.000,0.064,0.008,1,1,1,1,0,1,1,0,0,0,0,0,1.000,0.000,0.000,30,0,0.000,0,0,0,0.000,0.000,0.000,0.000,0.000,0.000,0.000,1.881,16.306,0,0,0,0,0,0,0,0,0.000,0.000,0.000,0.000,0.000,0.000,0,0.458,19.711,1161,1172,6272,78.243,227.144,67.270,227.144,7047.039,176,1,H.264,96.229,0,0,225.925,227.095,1.000,173.448,94.994,arrival-gap-jitter-spike,53333.674,0,1,1,1,1,60380.713,543.276,589.581,590.847,590.847,0,0,21,0,0,17,0,,,139.979,159.041,1389,1,decoded,0,0,0,0,0,0,0,0,0,0,,100.411,0.000,103.101,0.000,0.000,0.000,126.229,stale-before-upload,0.001,1583,0.000,108.769,5.188,0.075,0.571,0.234,0.000,0.337,1,0,0,1,3,0.063,19.711,19.711,27.464,19.734,1.000,RecoveryDeadline,0,1,0,1.000,0,1,1,1,0.060,0.000,0.060,0,100,0,45418,42635,2744,0,2586
