timeSec,scenarioName,networkRuntimeMode,networkModeSendingEnabled,networkModeReceivingEnabled,networkExperimentActive,networkExperimentScenarioName,networkExperimentAdaptiveMode,networkExperimentRemainingSec,networkExperimentStepIndex,networkExperimentStepCount,frameId,receiveFps,decodeFps,displayFps,currentLatencyMs,averageLatencyMs,currentRttMs,averageRttMs,currentJitterMs,packetLossRate,frameDropRate,receivedPackets,missingPackets,sequenceGapPackets,sequenceGapRecoveredPackets,duplicatePackets,duplicateOriginalPackets,duplicateRetransmitPackets,duplicateLateAfterCompletedPackets,duplicateLateAfterCompletedOriginalPackets,duplicateLateAfterCompletedRetransmitPackets,duplicateLateAfterExpiredPackets,duplicateLateAfterRejectedPackets,reorderedPackets,completedFrames,droppedFrames,deadlineDroppedFrames,outputQueueDroppedFrames,outputQueueDropEvents,outputQueueDropBurstEvents,startupWarmupSec,startupWarmupActive,outputQueueDroppedFramesDelta,outputQueueDropEventsDelta,outputQueueDropBurstEventsDelta,startupOutputQueueDroppedFrames,startupOutputQueueDropEvents,startupOutputQueueDropBurstEvents,steadyOutputQueueDroppedFrames,steadyOutputQueueDropEvents,steadyOutputQueueDropBurstEvents,evaluationOutputQueueDroppedFrames,evaluationOutputQueueDropEvents,evaluationOutputQueueDropBurstEvents,lastOutputQueueDropFrameCount,lastOutputQueueDropQueueSize,lastOutputQueueDropOldestAgeMs,lastOutputQueueDropNewestAgeMs,maxOutputQueueDropOldestAgeMs,lastOutputQueueDropReason,completedQueuePushes,completedQueuePops,completedQueueEmptyPolls,completedQueueSize,maxCompletedQueueSize,completedQueueLastPopAgeMs,completedQueueMaxPopAgeMs,completedQueueLastPushIntervalMs,completedQueueMaxPushIntervalMs,lastOutputQueueDropPopAgeMs,lastOutputQueueDropPushIntervalMs,decodedFrames,displayedFrames,frameRecoveryOutcomeEvents,frameRecoveryCompletedFrames,frameRecoveryExpiredFrames,frameRecoveryRejectedFrames,frameRecoveryNackSentFrames,frameRecoveryFecRecoveredFrames,frameRecoveryLastFrameId,frameRecoveryLastStreamId,frameRecoveryLastEvent,frameRecoveryLastOutcome,frameRecoveryLastCodec,frameRecoveryLastKeyFrame,frameRecoveryLastLargeFrame,frameRecoveryLastChunkCount,frameRecoveryLastReceivedChunks,frameRecoveryLastMissingChunks,frameRecoveryLastFecParityPackets,frameRecoveryLastFecRecoveredChunks,frameRecoveryLastNackCount,frameRecoveryLastPostNackReceivedChunks,frameRecoveryLastNackRequestedChunks,frameRecoveryLastRetransmitReceivedChunks,frameRecoveryLastRetransmitDuplicatePackets,frameRecoveryLastPacketSequence,frameRecoveryLastPacketChunkIndex,frameRecoveryLastRetransmitSequence,frameRecoveryLastRetransmitChunkIndex,frameRecoveryLastEventPacketSequence,frameRecoveryLastEventPacketChunkIndex,frameRecoveryLastEventWasRetransmit,frameRecoveryLastAgeMs,retransmitUsefulChunks,retransmitDuplicatePackets,retransmitLateAfterCompletedPackets,retransmitLateAfterCompletedLargePackets,retransmitLateAfterCompletedSentBeforeCompletePackets,retransmitLateAfterCompletedSentAfterCompletePackets,retransmitLateAfterCompletedAvgSendToCompleteMs,retransmitLateAfterCompletedAvgDelayMs,retransmitLateAfterCompletedMaxDelayMs,retransmitLateAfterExpiredPackets,retransmitLateAfterRejectedPackets,retransmitClassifiedPackets,retransmitNotArrivedPackets,retransmitAccountedPackets,retransmitUnclassifiedPackets,retransmitCompletedFrames,retransmitExpiredFrames,retransmitUsefulnessRatio,retransmitDuplicateRatio,retransmitFinalClassificationRatio,retransmitFinalAccountingRatio,retransmitExpiredAfterUsefulRatio,dynamicNackDeadlineMs,dynamicNackUsefulnessRatio,dynamicNackDuplicateRatio,dynamicNackExpiredAfterRetransmitRatio,dynamicNackDecisionReason,nackSuppressedFrames,nackSuppressedMissingChunks,nackPreflightSuppressedFrames,nackPreflightSuppressedChunks,nackFecGraceSuppressedFrames,nackFecGraceSuppressedChunks,nackPredictedUsefulFrames,nackPredictedUsefulChunks,nackDeferredForLikelyArrivalFrames,nackDeferredForLikelyArrivalChunks,nackSkippedTooLateFrames,nackSkippedTooLateChunks,nackRequestedChunkBudget,nackLastShapingReason,nackLastSuppressionReason,ackCount,lastAckMissingRate,ackRetransmittedFrames,ackRetransmittedChunks,repairCanceledByCompleteAckPackets,repairSkippedByTtlPackets,repairQueuedButCanceledPackets,repairSentAfterCompleteAckPackets,repairSentAfterCompleteAckLargePackets,repairSuppressedByFecLikelyFrames,repairSuppressedByFecLikelyPackets,repairSuppressedByFecLikelyLargeFrames,repairSuppressedByFecLikelyLargePackets,repairBudgetSuppressedFrames,repairBudgetSuppressedPackets,repairBudgetSuppressedLargeFrames,repairBudgetSuppressedLargePackets,repairRaceGuardSuppressedFrames,repairRaceGuardSuppressedPackets,repairRaceGuardSuppressedLargePackets,repairBudgetProfile,repairBudgetProfileSwitches,repairBudgetSmoothedMissingRate,repairBudgetSmoothedPacingQueueDelayMs,repairBudgetSmoothedDeliveryMs,repairFecLikelySuppressedCompletedFrames,repairFecLikelySuppressedCompletedPackets,repairFecLikelySuppressedExpiredFrames,repairFecLikelySuppressedExpiredPackets,repairFecLikelySuppressedPendingFrames,repairFecLikelySuppressedPendingPackets,repairFecLikelySuppressionRescueFrames,repairFecLikelySuppressionRescuePackets,lateRepairSavedPackets,ackStaleDroppedFrames,ackKeyFrameRequests,ackKeyFramePending,pacingEnabled,pacingTargetBitrateBps,pacingRepairTargetBitrateBps,pacingQueuedPackets,pacingHighPriorityQueuedPackets,pacingNormalQueuedPackets,pacingEnqueuedPackets,pacingSentPackets,pacingSentBytes,pacingRepairSentPackets,pacingRepairSentBytes,pacingRepairBorrowedPackets,pacingRepairBorrowedBytes,pacingDroppedPackets,pacingDeadlineDroppedPackets,pacingHighPriorityDeadlineDroppedPackets,pacingNormalDeadlineDroppedPackets,pacingOverflowDroppedPackets,pacingCurrentQueueDelayMs,pacingMaxQueueDelayMs,pacingVideoCreditBytes,pacingRepairCreditBytes,transportFeedbackPackets,transportFeedbackPacketStatuses,transportFeedbackReceivedPackets,transportFeedbackMissingPackets,transportFeedbackSequenceGapPackets,transportFeedbackSequenceGapRecoveredPackets,transportFeedbackLossRate,transportFeedbackArrivalJitterMs,transportFeedbackQueueDelayTrendMs,transportFeedbackLastSequence,estimatedBandwidthBps,deliveryRateBps,bandwidthQueueDelayMs,bandwidthRttTrendMs,bandwidthLossTrend,bandwidthJitterTrendMs,bandwidthFeedbackSamples,deadlineNackSentFrames,deadlineNackRecoveredFrames,deadlineNackMissingChunks,deadlineNackSentH264KeyFrames,deadlineNackSentH264LargeFrames,deadlineNackSentH264DeltaFrames,deadlineNackExpiredDroppedFrames,deadlineNackExpiredAfterNackFrames,deadlineNackExpiredMissingChunks,deadlineNackExpiredH264KeyFrames,deadlineNackExpiredH264LargeFrames,deadlineNackExpiredH264DeltaFrames,fecEnabled,adaptiveFecEnabled,fecGroupChunkCount,fecParityPackets,fecRecoveredFrames,fecRecoveredChunks,h264ReassemblerAuRejectedFrames,h264ReassemblerHeaderFailures,h264ReassemblerPayloadSizeMismatches,h264ReassemblerFrameIdMismatches,h264ReassemblerCrcMismatches,h264ReassemblerLastRejectReason,adaptiveFecDecisionReason,adaptiveFecHoldReason,adaptiveFecG8ToG4Recovery,adaptiveFecQualityHoldActive,adaptiveFecQualityHoldCanceled,adaptiveFecEmergencyG2Active,adaptiveFecEarlyOffReason,adaptiveEnabled,adaptiveControlMode,adaptiveCongestionControlMode,targetJpegQuality,targetFps,targetBitrateKbps,adaptiveBandwidthCeilingKbps,targetWidth,targetHeight,actualCodec,actualEncodeWidth,actualEncodeHeight,actualRawFrameBytes,actualEncodedFrameBytes,rawFrameBytes,encodedFrameBytes,compressionRatio,captureFps,cameraCaptureSubtype,cameraCaptureWidth,cameraCaptureHeight,cameraCaptureFormatFps,encodeMs,resizeMs,nv12PrepareMs,h264EncodeMs,h264EncoderRequestedBitrateKbps,h264EncoderTargetBitrateKbps,h264EncoderAppliedBitrateKbps,h264DynamicBitrateUpdateRequests,h264DynamicBitrateUpdateSuccesses,h264DynamicBitrateUpdateFailures,h264EncoderReinitializations,pacingBudgetTargetBitrateKbps,h264VideoBudgetScale,pacingBurstGuardActive,fixedPacingRecentMaxQueueDelayMs,fixedPacingQueueReleaseStableSec,fixedPacingQueueRecovered,fixedPacingQueueReleaseEligible,adaptiveRepairBudgetUtilization,adaptiveRepairBorrowedRatio,adaptiveRepairSentBytesDelta,adaptiveRepairBorrowedBytesDelta,adaptiveRepairBudgetGuardActive,adaptiveRepairVideoBudgetPressure,adaptiveRetransmitUsefulRatio,adaptiveLateRepairWasteRatio,adaptiveRetransmitNotArrivedRatio,adaptiveRetransmitAccountingComplete,adaptiveLateRepairWastePressure,adaptiveRetransmitNotArrivedPressure,adaptiveRepairDecisionReason,h264AuChunkCount,h264AuIsIdr,h264AuIsDecoderSync,h264AuProtectionLevel,h264AuDroppedBeforeSend,h264AuDropReason,h264AuDroppedBytes,h264AuDroppedChunks,h264AuPacingQueueDelayMs,h264AuEstimatedSendMs,h264InputGatedByPacing,h264InputGateReason,h264InputGateQueueDelayMs,h264InputGateVideoCreditBytes,h264InputGateFrameBudgetBytes,h264InputGateDurationMs,h264InputGateConsecutiveFrames,h264InputGateSkippedInputFrames,h264InputGateForcedOpen,h264InputGateReleaseReason,fecProtectedH264KeyFrames,fecProtectedH264LargeFrames,h264EncoderDelayFrames,h264EncoderDelayMs,h264EncoderPendingFrames,h264EncodedInputFrameId,h264EncoderCallMs,h264EncoderSampleCreateMs,h264EncoderProcessInputMs,h264EncoderPreInputPollMs,h264EncoderPostInputWaitMs,h264EncoderProcessOutputMs,h264EncoderOutputCopyMs,h264EncoderProcessOutputAttempts,h264EncoderAsyncEventCount,h264EncoderHardware,h264EncoderAsync,h264EncoderNeedInputSignaled,h264EncoderOutputProduced,h264EncoderOutputProducedBeforeInput,h264SubmittedNewInput,h264AsyncSubmittedWithoutOutput,h264AsyncPendingNoOutput,h264AsyncCadenceHoldActive,h264AsyncPendingNoOutputStreak,h264AsyncCadenceScale,h264AsyncCadenceHoldRemainingMs,h264AsyncOutputPollBackoffMs,h264InputCadenceFps,h264NeedInputSubmitWake,h264NeedInputSubmitLeadMs,encodedCameraFrameId,encodedCameraSourceTimestamp100ns,encodedCameraCaptureCompletedTimeUs,encodedCameraFrameAgeMs,encodedCameraReadSampleMs,encodedCameraReadSampleEndToCaptureMs,encodedCameraCaptureToPublishMs,encodedCameraPublishToAcquireMs,encodedCameraAcquireToEncoderInputMs,jpegEncodeMs,packetizeMs,sendFrameIntervalMs,cameraFrameReady,cameraFrameId,cameraSourceTimestamp100ns,cameraReadSampleStartTimeUs,cameraReadSampleEndTimeUs,cameraCaptureCompletedTimeUs,cameraFramePublishedTimeUs,cameraSenderAcquireTimeUs,cameraReadSampleMs,cameraReadSampleEndToCaptureMs,cameraCaptureToPublishMs,cameraPublishToAcquireMs,cameraAcquireToSendMs,cameraFrameAgeMs,cameraFrameCacheUsed,receiveJpegDecodeMs,receiveDecodeWorkerFps,receiveDecodeWorkerFrames,receiveDecodePopSuccesses,receiveDecodePopEmptyPolls,receiveDecodeLoopLastPopGapMs,receiveDecodeLoopMaxPopGapMs,receiveStartupDecodeLoopMaxPopGapMs,receiveSteadyDecodeLoopMaxPopGapMs,receiveSteadyDecodeLoopMaxPopGapAtMs,receiveSteadyDecodeLoopMaxPopGapFrameId,receiveSteadyDecodeLoopMaxPopGapStreamId,receiveSteadyDecodeLoopMaxPopGapCodec,receiveSteadyDecodeLoopMaxPopGapInputFrameAgeMs,receiveSteadyDecodeLoopMaxPopGapDecodedQueueSize,receiveSteadyDecodeLoopMaxPopGapCompletedQueueSize,receiveSteadyDecodeLoopMaxPopGapCompletedQueuePopAgeMs,receiveSteadyDecodeLoopMaxPopGapCompletedQueuePushIntervalMs,receiveSteadyDecodeLoopMaxPopGapArrivalRatio,receiveSteadyDecodeLoopMaxPopGapReceiverJitterMs,receiveSteadyDecodeLoopMaxPopGapReceiverLatencyMs,receiveSteadyDecodeLoopMaxPopGapClass,receiveSteadyDecodeLoopMaxPopGapAgeMs,receiveH264StartupActive,receiveH264StartupDecoderSynced,receiveH264StartupFirstDecoded,receiveH264StartupFirstDisplayed,receiveH264StartupReady,receiveH264StartupElapsedMs,receiveH264StartupDecoderSyncMs,receiveH264StartupFirstDecodedMs,receiveH264StartupFirstDisplayedMs,receiveH264StartupReadyMs,receiveH264StartupQueueFlushFrames,receiveDecodeOverwrittenFrames,receiveDecodeQueueDroppedFrames,receiveDecodeRenderOverwriteFrames,receiveDecodeFailures,receiveFreshnessDroppedFrames,receiveFreshnessDroppedFramesDelta,receiveFreshnessDropClass,receiveFreshnessDropEvidence,receiveH264AuInvalidFrames,receiveH264AuCrcMismatches,receiveH264AuPayloadSizeMismatches,receiveH264AuNalCountMismatches,receiveH264AuNoAnnexBNals,receiveH264AuIdrFlagMismatches,receiveH264AuSpsPpsFlagMismatches,receiveH264AuSyncWithoutIdr,receiveH264AuIdrWithoutSpsPps,receiveH264AuForbiddenZeroBit,receiveH264AuLastInvalidReason,receiveDecodeInputFrameAgeMs,receiveDecodeInputCameraFrameAgeMs,receiveDecodeInputEncoderOutputAgeMs,receiveLatestDecodedFrameAgeMs,receiveLatestDecodedCameraFrameAgeMs,receiveLatestDecodedEncoderOutputAgeMs,receiveFreshnessDropThresholdMs,receiveDecodeLastDropReason,receiveUploadBufferWaitMs,receiveDisplayFrameId,receiveDisplayCameraFrameAgeMs,receiveDisplayEncoderOutputAgeMs,receiveDisplayDecodedFrameAgeMs,textureUploadMs,presentGpuWaitMs,renderFramePacingWaitMs,waitableSwapChainWaitMs,presentMs,presentSyncInterval,lowLatencyPresentMode,waitableSwapChainPacingEnabled,waitableSwapChainAvailable,swapChainBufferCount,adaptiveInputPacketLossRate,adaptiveInputReceiveFps,adaptiveInputDecodeFps,adaptiveInputJitterMs,adaptiveInputDisplayFps,adaptiveQoeScore,adaptiveDegradationCause,adaptiveArrivalGapJitterSpikeActive,adaptiveFecRecoveryWorking,adaptiveFecGuardActive,adaptiveFecRecoveryEfficiency,adaptiveFecParityPacketDelta,adaptiveFecRecoveredFrameDelta,adaptiveFecRecoveredChunkDelta,simEnabled,simLossRate,simDuplicateRate,simReorderRate,simMinDelayMs,simMaxDelayMs,simBurstLossLength,simSubmittedPackets,simSentPackets,simDroppedPackets,simDuplicatedPackets,simReorderedPackets
0.070,Baseline,Loopback,1,1,0,,,0.000,0,21,0,0.000,0.000,0.000,0.000,0.000,0.000,0.000,0.000,0.000,0.000,0,0,0,0,0,0,0,0,0,0,0,0,0,0,0,0,0,0,0,5.000,1,0,0,0,0,0,0,0,0,0,0,0,0,0,0,0.000,0.000,0.000,,0,0,9,0,0,0.000,0.000,0.000,0.000,0.000,0.000,0,0,0,0,0,0,0,0,0,0,,,,0,0,0,0,0,0,0,0,0,0,0,0,0,0,0,0,0,0,0,0.000,0,0,0,0,0,0,0.000,0.000,0.000,0,0,0,0,0,0,0,0,0.000,0.000,0.000,0.000,0.000,0.000,0.000,0.000,0.000,,0,0,0,0,0,0,0,0,0,0,0,0,0,,,0,0.000,0,0,0,0,0,0,0,0,0,0,0,0,0,0,0,0,0,0,balanced,0,0.000,0.000,0.000,0,0,0,0,0,0,0,0,0,0,0,0,1,9500000,1200000,0,0,0,0,0,0,0,0,0,0,0,0,0,0,0,0.000,0.000,3750.000,4800.000,0,0,0,0,0,0,0.000,0.000,0.000,0,6000000,0,0.000,0.000,0.000,0.000,0,0,0,0,0,0,0,0,0,0,0,0,0,1,0,4,0,0,0,0,0,0,0,0,,disabled,,0,0,0,0,,1,Fixed Quality,Hybrid,85,30,9500,12000,640,360,,0,0,0,0,0,0,0.000,0.000,,0,0,0.000,0.000,0.000,0.000,0.000,0,0,0,0,0,0,0,0,1.000,0,0.000,0.000,1,0,0.000,0.000,0,0,0,0,0.000,0.000,0.000,0,0,0,disabled,0,0,0,,0,,0,0,0.000,0.000,0,,0.000,0.000,0.000,0.000,0,0,0,,0,0,0,0.000,0,0,0.000,0.000,0.000,0.000,0.000,0.000,0.000,0,0,0,0,0,0,0,0,0,0,0,0,1.000,0.000,0.000,0,0,0.000,0,0,0,0.000,0.000,0.000,0.000,0.000,0.000,0.000,0.000,0.000,0,0,0,0,0,0,0,0,0.000,0.000,0.000,0.000,0.000,0.000,0,0.000,0.000,0,0,9,0.000,0.000,0.000,0.000,0.000,0,0,,0.000,0,0,0.000,0.000,0.000,0.000,0.000,,-1.000,1,0,0,0,0,70.173,0.000,0.000,0.000,0.000,0,0,0,0,0,0,0,,,0,0,0,0,0,0,0,0,0,0,,0.000,0.000,0.000,0.000,0.000,0.000,120.000,,0.000,0,0.000,0.000,0.000,0.000,0.000,0.000,0.000,0.000,1,0,0,1,3,0.000,0.000,0.000,0.000,0.000,0.000,None,0,0,0,0.000,0,0,0,0,0.000,0.000,0.000,0,0,0,0,0,0,0,0
1.074,Baseline,Loopback,1,1,0,,,0.000,0,21,23,28.314,28.223,28.069,21.367,8.605,0.000,0.000,27.868,0.000,0.000,462,0,0,0,0,0,0,0,0,0,0,0,0,23,0,0,0,0,0,5.000,1,0,0,0,0,0,0,0,0,0,0,0,0,0,0,0.000,0.000,0.000,,23,23,110,0,1,36.548,41.034,37.589,41.195,0.000,0.000,22,22,23,23,0,0,0,0,23,1,completed,completed,H.264,0,1,26,26,0,0,0,0,0,0,0,0,436,25,0,0,0,0,0,21.037,0,0,0,0,0,0,0.000,0.000,0.000,0,0,0,0,0,0,0,0,0.000,0.000,0.000,0.000,0.000,25.000,0.000,0.000,0.000,insufficient-sample,0,0,0,0,0,0,0,0,0,0,0,0,0,,,23,0.000,0,0,0,0,0,0,0,0,0,0,0,0,0,0,0,0,0,0,balanced,0,0.000,0.000,0.000,0,0,0,0,0,0,0,0,0,0,0,0,1,9500000,1200000,14,0,14,476,462,554215,0,0,0,0,0,0,0,0,0,0.528,31.721,1042.625,4800.000,20,431,431,0,0,0,0.000,0.079,0.173,20,12000000,10630488,0.098,0.000,0.000,0.064,431,0,0,0,0,0,0,0,0,0,0,0,0,1,0,4,0,0,0,0,0,0,0,0,,disabled,,0,0,0,0,,1,Fixed Quality,Hybrid,85,30,9500,12000,640,360,H.264,480,270,518400,30264,518400,30264,0.058,0.000,,0,0,0.000,2.136,0.000,0.000,0.068,7250,7250,7250,0,0,0,1,9500,1.000,0,19.134,0.583,1,1,0.000,0.000,0,0,0,0,0.000,0.000,0.000,0,0,0,disabled,26,0,0,large-au-observed,0,,0,0,21.019,25.485,0,,0.000,0.000,0.000,0.000,0,0,0,,0,0,0,6.130,0,24,0.068,0.000,0.000,0.068,0.000,0.047,0.006,1,1,1,1,0,1,1,0,0,0,1,0,0.860,107.665,0.000,26,0,0.000,0,0,0,0.000,0.000,0.000,0.000,0.000,0.000,0.000,2.052,10.192,0,0,0,0,0,0,0,0,0.000,0.000,0.000,0.000,0.000,0.000,0,0.096,28.223,22,23,110,37.518,41.199,29.237,41.199,591.730,10,1,H.264,0.408,0,0,41.034,41.195,1.000,24.262,0.236,arrival-gap-jitter-spike,482.629,0,1,1,1,1,1074.359,281.193,296.302,298.787,298.787,0,0,0,0,0,0,0,,,0,0,0,0,0,0,0,0,0,0,,17.096,0.000,20.098,0.000,0.000,0.000,120.000,,0.000,23,0.000,23.757,3.518,0.076,1.030,0.837,0.000,0.194,1,0,0,1,3,0.000,28.314,28.223,27.868,28.069,1.000,Jitter,1,0,0,0.000,0,0,0,0,0.000,0.000,0.000,0,0,0,0,0,0,0,0
2.075,Baseline,Loopback,1,1,0,,,0.000,0,21,52,28.161,28.165,28.028,29.231,13.248,0.121,0.135,4.214,0.004,0.000,1370,5,10,5,7,0,0,7,0,7,0,0,5,51,0,0,0,0,0,5.000,1,0,0,0,0,0,0,0,0,0,0,0,0,0,0,0.000,0.000,0.000,,51,51,207,0,1,30.277,50.412,31.296,51.427,0.000,0.000,50,50,72,58,0,0,3,2,52,1,retransmit-late-after-completed,completed,H.264,0,1,26,26,0,0,0,1,0,0,0,0,1375,22,1375,22,1375,22,1,30.082,0,0,7,7,3,4,0.032,1.052,1.089,0,0,7,1,8,0,0,0,0.000,0.000,0.875,1.000,0.000,25.000,0.000,1.000,0.000,insufficient-sample,2,3,0,0,2,3,3,13,0,0,0,0,13,predicted-useful,fec-grace,58,0.000,3,8,1,0,1,0,0,4,4,4,4,1,2,1,2,0,0,0,balanced,0,0.154,28.194,36.268,3,3,1,1,0,0,0,0,7,1,3,0,1,9500000,1200000,0,0,0,1375,1374,1662231,7,6836,0,0,1,0,0,0,0,38.808,38.812,7668.625,2584.500,49,1356,1350,5,6,1,0.004,0.078,0.088,49,11164481,9447800,0.070,-0.027,0.016,0.060,1356,3,3,13,0,3,0,0,0,0,0,0,0,1,0,4,7,2,2,0,0,0,0,0,,disabled,,0,0,0,0,,1,Fixed Quality,Hybrid,85,30,9500,12000,640,360,H.264,480,270,518400,0,518400,30264,0.058,0.000,,0,0,0.000,2.092,0.000,0.000,0.068,7250,7250,7250,0,0,0,1,9500,0.820,1,38.808,0.000,0,0,0.000,0.000,0,0,1,0,0.000,0.875,0.125,1,0,0,fixed-pacing-queue-pressure,0,0,0,async-output-pending,0,,0,0,0.000,0.000,0,,0.000,0.000,0.000,0.000,0,0,0,,0,0,0,6.064,0,53,0.068,0.000,0.000,0.068,0.000,0.046,0.007,1,1,1,1,0,1,1,0,1,0,0,0,1.000,0.000,0.000,30,0,0.000,0,0,0,0.000,0.000,0.000,0.000,0.000,0.000,0.000,0.000,10.392,0,0,0,0,0,0,0,0,0.000,0.000,0.000,0.000,0.000,0.000,0,0.087,28.165,50,51,207,31.326,51.456,29.237,51.456,1246.773,28,1,H.264,19.653,0,0,50.412,51.427,0.999,16.109,18.605,arrival-gap,828.386,0,1,1,1,1,2075.159,281.193,296.302,298.787,298.787,0,0,0,0,0,0,0,,,0,0,0,0,0,0,0,0,0,0,,22.226,0.000,25.278,0.000,0.000,0.000,120.000,,0.001,52,0.000,29.126,3.700,0.075,0.747,0.532,0.000,0.214,1,0,0,1,3,0.004,28.161,28.165,4.214,28.028,1.000,PacingQueue,0,1,0,0.000,2,1,1,0,0.000,0.000,0.000,0,0,0,0,0,0,0,0
3.082,Baseline,Loopback,1,1,0,,,0.000,0,21,77,23.487,23.425,23.703,8.842,11.224,0.121,0.135,1.574,0.004,0.000,1971,8,13,5,7,0,0,7,0,7,0,0,5,75,0,0,0,0,0,5.000,1,0,0,0,0,0,0,0,0,0,0,0,0,0,0,0.000,0.000,0.000,,75,75,311,0,1,40.090,59.106,41.002,59.330,0.000,0.000,74,74,96,82,0,0,3,2,77,1,completed,completed,H.264,0,1,22,22,0,0,0,0,0,0,0,0,1973,21,0,0,0,0,0,8.577,0,0,7,7,3,4,0.032,1.052,1.089,0,0,7,1,8,0,0,0,0.000,0.000,0.875,1.000,0.000,25.000,0.000,0.000,0.000,insufficient-sample,2,3,0,0,2,3,3,13,0,0,0,0,13,predicted-useful,fec-grace,82,0.000,3,8,1,0,1,0,0,4,4,4,4,1,2,1,2,0,0,0,balanced,0,0.154,28.194,36.268,3,3,1,1,0,0,0,0,7,1,3,0,1,9500000,1200000,0,0,0,1977,1976,2400129,7,6836,0,0,1,0,0,0,0,18.217,38.812,11234.188,4800.000,70,1960,1947,8,13,5,0.004,0.065,0.102,70,12000000,11635354,0.108,-0.027,0.000,0.085,1960,3,3,13,0,3,0,0,0,0,0,0,0,1,0,4,7,2,2,0,0,0,0,0,,disabled,,0,0,0,0,,1,Fixed Quality,Hybrid,85,30,9500,12000,640,360,H.264,480,270,518400,26096,518400,26096,0.050,0.000,,0,0,0.000,1.789,0.000,0.000,0.069,6250,6250,6250,2,2,0,1,9500,0.867,1,18.217,0.159,0,0,0.000,0.000,0,0,0,0,0.000,0.875,0.125,1,0,0,fixed-pacing-queue-hold,22,0,0,large-au-observed,0,,0,0,11.264,21.976,0,,0.000,0.000,0.000,0.000,0,0,0,,0,0,0,5.278,0,77,0.069,0.000,0.000,0.068,0.000,0.047,0.007,1,1,1,1,0,1,1,0,0,0,1,0,0.860,135.176,0.000,24,0,0.000,0,0,0,0.000,0.000,0.000,0.000,0.000,0.000,0.000,1.714,30.935,0,0,0,0,0,0,0,0,0.000,0.000,0.000,0.000,0.000,0.000,0,0.094,23.425,74,75,311,40.951,59.961,29.237,59.961,2562.908,65,1,H.264,9.051,0,0,59.106,59.330,0.989,22.926,8.191,arrival-gap-jitter-spike,519.248,0,1,1,1,1,3082.156,281.193,296.302,298.787,298.787,0,0,0,0,0,0,0,,,0,0,0,0,0,0,0,0,0,0,,8.277,0.000,10.842,0.000,0.000,0.000,120.000,,0.001,77,0.000,12.720,1.733,0.074,0.818,0.551,0.000,0.267,1,0,0,1,3,0.004,23.487,23.425,1.574,23.703,1.000,Jitter,1,1,0,0.000,2,1,1,0,0.000,0.000,0.000,0,0,0,0,0,0,0,0
4.089,Baseline,Loopback,1,1,0,,,0.000,0,21,102,23.491,23.479,23.721,7.733,10.503,0.136,0.144,12.024,0.004,0.000,2703,11,16,5,7,0,0,7,0,7,0,0,5,100,0,0,0,0,0,5.000,1,0,0,0,0,0,0,0,0,0,0,0,0,0,0,0.000,0.000,0.000,,100,100,411,0,1,29.659,59.106,30.545,59.330,0.000,0.000,99,99,121,107,0,0,3,2,102,1,completed,completed,H.264,0,1,23,23,0,0,0,0,0,0,0,0,2689,22,0,0,0,0,0,7.521,0,0,7,7,3,4,0.032,1.052,1.089,0,0,7,1,8,0,0,0,0.000,0.000,0.875,1.000,0.000,25.000,0.000,0.000,0.000,insufficient-sample,2,3,0,0,2,3,3,13,0,0,0,0,13,predicted-useful,fec-grace,107,0.000,3,8,1,0,1,0,0,4,4,4,4,1,2,1,2,0,0,0,balanced,0,0.154,28.194,36.268,3,3,1,1,0,0,0,0,7,1,3,0,1,9500000,1200000,10,0,10,2721,2710,3304683,7,6836,0,0,1,0,0,0,0,0.457,38.812,928.625,4800.000,94,2713,2697,11,16,5,0.004,0.063,0.074,94,12000000,8501790,0.155,0.032,0.004,0.106,2713,3,3,13,0,3,0,0,0,0,0,0,0,1,0,4,7,2,2,0,0,0,0,0,,disabled,,0,0,0,0,,1,Fixed Quality,Hybrid,85,30,9500,12000,640,360,H.264,480,270,518400,27136,518400,27136,0.052,0.000,,0,0,0.000,2.038,0.000,0.000,0.071,7250,6500,6500,3,3,0,1,9500,1.000,0,13.730,0.115,1,0,0.000,0.000,0,0,0,0,0.000,0.875,0.125,1,0,0,disabled,23,0,0,large-au-observed,0,,0,0,17.270,22.851,0,,0.000,0.000,0.000,0.000,0,0,0,,0,0,0,6.275,0,103,0.071,0.000,0.000,0.071,0.000,0.048,0.007,1,1,1,1,0,1,1,0,0,0,1,0,0.860,110.648,0.000,26,0,0.000,0,0,0,0.000,0.000,0.000,0.000,0.000,0.000,0.000,1.958,10.193,0,0,0,0,0,0,0,0,0.000,0.000,0.000,0.000,0.000,0.000,0,0.091,23.479,99,100,411,30.539,59.961,29.237,59.961,2562.908,65,1,H.264,9.051,0,0,59.106,59.330,0.989,22.926,8.191,arrival-gap-jitter-spike,1525.733,0,1,1,1,1,4088.641,281.193,296.302,298.787,298.787,0,0,0,0,0,0,0,,,0,0,0,0,0,0,0,0,0,0,,8.855,0.000,11.702,0.000,0.000,0.000,120.000,,0.001,102,0.000,15.369,3.525,0.076,0.997,0.769,0.000,0.228,1,0,0,1,3,0.004,23.491,23.479,12.024,23.721,1.000,Jitter,0,1,0,0.000,2,1,1,0,0.000,0.000,0.000,0,0,0,0,0,0,0,0
5.089,Baseline,Loopback,1,1,0,,,0.000,0,21,131,29.412,29.434,29.150,8.381,10.394,0.136,0.144,6.712,0.005,0.000,3537,17,22,5,7,0,0,7,0,7,0,0,5,129,0,0,0,0,0,5.000,0,0,0,0,0,0,0,0,0,0,0,0,0,0,0,0.000,0.000,0.000,,129,129,513,0,1,39.862,59.106,40.711,59.330,0.000,0.000,128,128,174,136,0,0,3,6,131,1,completed,completed,H.264,0,1,24,24,0,0,0,0,0,0,0,0,3548,23,0,0,0,0,0,8.109,0,0,7,7,3,4,0.032,1.052,1.089,0,0,7,1,8,0,0,0,0.000,0.000,0.875,1.000,0.000,25.000,0.000,0.000,0.000,insufficient-sample,2,3,0,0,2,3,3,13,0,0,0,0,13,predicted-useful,fec-grace,140,0.000,3,8,1,0,1,0,0,8,8,8,8,1,2,1,2,0,0,0,balanced,0,0.154,28.194,36.268,7,7,1,1,0,0,0,0,11,1,3,0,1,9500000,1200000,0,0,0,3550,3549,4333903,7,6836,0,0,1,0,0,0,0,17.900,38.812,8750.688,4800.000,120,3541,3519,17,22,5,0.005,0.018,0.020,120,12000000,9093838,0.118,0.032,0.000,0.097,3541,3,3,13,0,3,0,0,0,0,0,0,0,1,0,4,27,6,6,0,0,0,0,0,,disabled,,0,0,0,0,,1,Fixed Quality,Hybrid,85,30,9500,12000,640,360,H.264,480,270,518400,0,518400,28178,0.054,0.000,,0,0,0.000,4.950,0.000,4.264,0.662,7250,6750,6750,4,4,0,1,9500,1.000,0,17.900,0.242,0,1,0.000,0.000,0,0,0,0,0.000,0.875,0.125,1,0,0,disabled,0,0,0,async-output-pending,0,,0,0,0.000,0.000,0,,17.900,8750.688,45673.077,0.000,0,0,0,,0,0,0,0.000,1,0,0.653,0.183,0.469,0.000,0.000,0.000,0.000,0,0,1,1,1,0,0,1,1,0,1,0,0.860,133.125,0.000,26,0,0.000,0,0,0,0.000,0.000,0.000,0.000,0.000,0.000,0.000,0.000,30.946,0,0,0,0,0,0,0,0,0.000,0.000,0.000,0.000,0.000,0.000,0,0.087,29.434,128,129,513,40.825,59.961,29.237,59.961,2562.908,65,1,H.264,9.051,0,0,59.106,59.330,0.989,22.926,8.191,arrival-gap-jitter-spike,2526.055,0,1,1,1,1,5088.963,281.193,296.302,298.787,298.787,0,0,0,0,0,0,0,,,0,0,0,0,0,0,0,0,0,0,,9.937,0.000,12.752,0.000,0.000,0.000,120.000,,0.000,131,0.000,15.060,2.175,0.074,0.624,0.339,0.000,0.285,1,0,0,1,3,0.005,29.412,29.434,6.712,29.150,0.500,Loss,0,1,0,0.000,4,1,1,0,0.000,0.000,0.000,0,0,0,0,0,0,0,0
6.096,Baseline,Loopback,1,1,0,,,0.000,0,21,160,28.143,28.142,28.056,8.414,10.077,0.108,0.152,4.418,0.004,0.000,4404,18,23,5,7,0,0,7,0,7,0,0,5,158,0,0,0,0,0,5.000,0,0,0,0,0,0,0,0,0,0,0,0,0,0,0,0.000,0.000,0.000,,158,158,614,0,1,30.085,59.106,31.115,59.330,0.000,0.000,157,156,203,165,0,0,3,6,160,1,completed,completed,H.264,0,1,24,24,0,0,0,0,0,0,0,0,4419,23,0,0,0,0,0,8.266,0,0,7,7,3,4,0.032,1.052,1.089,0,0,7,1,8,0,0,0,0.000,0.000,0.875,1.000,0.000,25.000,0.000,0.000,0.000,insufficient-sample,2,3,0,0,2,3,3,13,0,0,0,0,13,predicted-useful,fec-grace,169,0.000,3,8,1,0,1,0,0,8,8,8,8,1,2,1,2,0,0,0,balanced,0,0.154,28.194,36.268,7,7,1,1,0,0,0,0,11,1,3,0,1,9500000,1200000,3,0,3,4420,4416,5395769,7,6836,0,0,1,0,0,0,0,7.982,38.812,670.875,4800.000,148,4421,4398,18,23,5,0.004,0.069,0.082,148,12000000,8660834,0.083,0.011,0.000,0.069,4421,3,3,13,0,3,0,0,0,0,0,0,0,1,0,4,27,6,6,0,0,0,0,0,,disabled,,0,0,0,0,,1,Fixed Quality,Hybrid,85,30,9500,12000,640,360,H.264,480,270,518400,28178,518400,28178,0.054,0.000,,0,0,0.000,2.120,0.000,0.000,0.066,7250,6750,6750,4,4,0,1,9500,1.000,0,13.768,0.318,1,1,0.000,0.000,0,0,0,0,0.000,0.875,0.125,1,0,0,disabled,24,0,0,large-au-observed,0,,0,0,17.509,23.729,0,,0.000,0.000,0.000,0.000,0,0,0,,0,0,0,6.167,0,160,0.066,0.000,0.000,0.066,0.000,0.044,0.007,1,1,1,1,0,1,1,0,0,0,1,0,0.860,33.025,0.000,26,0,0.000,0,0,0,0.000,0.000,0.000,0.000,0.000,0.000,0.000,2.046,10.181,0,0,0,0,0,0,0,0,0.000,0.000,0.000,0.000,0.000,0.000,0,0.094,28.142,157,158,614,31.037,59.961,29.237,59.961,2562.908,65,1,H.264,9.051,0,0,59.106,59.330,0.989,22.926,8.191,arrival-gap-jitter-spike,3533.380,0,1,1,1,1,6096.288,281.193,296.302,298.787,298.787,0,0,0,0,0,0,0,,,0,0,0,0,0,0,0,0,0,0,,11.827,0.000,14.710,3.654,0.000,16.133,120.000,,0.001,159,0.000,17.791,2.333,0.073,0.902,0.683,0.000,0.219,1,0,0,1,3,0.004,28.143,28.142,4.418,28.056,0.000,None,0,1,0,0.000,4,1,1,0,0.000,0.000,0.000,0,0,0,0,0,0,0,0
7.103,Baseline,Loopback,1,1,0,,,0.000,0,21,187,27.573,27.574,27.615,7.921,9.902,0.108,0.152,7.780,0.004,0.000,5225,22,27,5,7,0,0,7,0,7,0,0,5,185,0,0,0,0,0,5.000,0,0,0,0,0,0,0,0,0,0,0,0,0,0,0,0.000,0.000,0.000,,185,185,716,0,1,43.018,59.106,44.047,59.330,0.000,0.000,184,184,230,192,0,0,3,6,187,1,completed,completed,H.264,0,1,24,24,0,0,0,0,0,0,0,0,5230,23,0,0,0,0,0,7.807,0,0,7,7,3,4,0.032,1.052,1.089,0,0,7,1,8,0,0,0,0.000,0.000,0.875,1.000,0.000,25.000,0.000,0.000,0.000,insufficient-sample,2,3,0,0,2,3,3,13,0,0,0,0,13,predicted-useful,fec-grace,196,0.000,3,8,1,0,1,0,0,8,8,8,8,1,2,1,2,0,0,0,balanced,0,0.154,28.194,36.268,7,7,1,1,0,0,0,0,11,1,3,0,1,9500000,1200000,18,0,18,5260,5240,6405341,7,6836,0,0,1,0,0,0,0,0.465,38.812,9554.688,4800.000,173,5216,5189,22,27,5,0.004,0.123,0.124,173,12000000,8626656,0.130,0.011,0.000,0.117,5216,3,3,13,0,3,0,0,0,0,0,0,0,1,0,4,27,6,6,0,0,0,0,0,,disabled,,0,0,0,0,,1,Fixed Quality,Hybrid,85,30,9500,12000,640,360,H.264,480,270,518400,28178,518400,28178,0.054,0.000,,0,0,0.000,2.205,0.000,0.000,0.064,7250,6750,6750,4,4,0,1,9500,1.000,0,15.765,0.329,1,1,0.000,0.000,0,0,0,0,0.000,0.875,0.125,1,0,0,disabled,24,0,0,large-au-observed,0,,0,0,17.697,23.729,0,,0.000,0.000,0.000,0.000,0,0,0,,0,0,0,6.113,0,188,0.063,0.000,0.000,0.063,0.000,0.042,0.006,1,1,1,1,0,1,1,0,0,0,1,0,0.860,97.089,0.000,26,0,0.000,0,0,0,0.000,0.000,0.000,0.000,0.000,0.000,0.000,2.133,10.166,0,0,0,0,0,0,0,0,0.000,0.000,0.000,0.000,0.000,0.000,0,0.089,27.574,184,185,716,44.112,59.961,29.237,59.961,2562.908,65,1,H.264,9.051,0,0,59.106,59.330,0.989,22.926,8.191,arrival-gap-jitter-spike,4540.144,0,1,1,1,1,7103.052,281.193,296.302,298.787,298.787,0,0,0,0,0,0,0,,,0,0,0,0,0,0,0,0,0,0,,10.191,0.000,13.011,0.000,0.000,0.000,120.000,,0.001,187,0.000,16.205,3.090,0.074,0.965,0.726,0.000,0.239,1,0,0,1,3,0.004,27.573,27.574,7.780,27.615,0.000,None,0,0,0,0.000,0,0,0,0,0.000,0.000,0.000,0,0,0,0,0,0,0,0
8.110,Baseline,Loopback,1,1,0,,,0.000,0,21,217,30.954,30.946,30.795,8.231,9.904,1.254,0.309,8.455,0.005,0.000,6105,29,34,5,7,0,0,7,0,7,0,0,5,215,0,0,0,0,0,5.000,0,0,0,0,0,0,0,0,0,0,0,0,0,0,0,0.000,0.000,0.000,,215,215,817,0,1,39.790,59.106,40.761,59.330,0.000,0.000,214,214,277,222,0,0,3,9,217,1,completed,completed,H.264,0,1,24,24,0,0,0,0,0,0,0,0,6131,23,0,0,0,0,0,8.042,0,0,7,7,3,4,0.032,1.052,1.089,0,0,7,1,8,0,0,0,0.000,0.000,0.875,1.000,0.000,25.000,0.000,0.000,0.000,insufficient-sample,2,3,0,0,2,3,3,13,0,0,0,0,13,predicted-useful,fec-grace,229,0.000,3,8,1,0,1,0,0,11,11,11,11,1,2,1,2,0,0,0,balanced,0,0.154,28.194,36.268,10,10,1,1,0,0,0,0,14,1,3,0,1,9500000,1200000,0,0,0,6130,6128,7492773,7,6836,0,0,1,0,0,0,0,17.064,38.812,8388.500,4800.000,201,6110,6076,29,34,5,0.005,0.075,0.060,201,11136396,9742465,0.097,0.238,0.008,0.087,6110,3,3,13,0,3,0,0,0,0,0,0,0,1,0,4,41,9,9,0,0,0,0,0,,disabled,,0,0,0,0,,1,Fixed Quality,Hybrid,85,30,9500,12000,640,360,H.264,480,270,518400,28178,518400,28178,0.054,0.000,,0,0,0.000,1.944,0.000,0.000,0.077,7250,6750,6750,4,4,0,1,9500,1.000,0,17.040,0.408,0,1,0.000,0.000,0,0,0,0,0.000,0.875,0.125,1,0,0,disabled,24,0,0,large-au-observed,0,,0,0,17.875,23.729,0,,0.000,0.000,0.000,0.000,0,0,0,,0,0,0,6.176,0,217,0.077,0.000,0.000,0.076,0.000,0.049,0.008,1,1,1,1,0,1,1,0,0,0,1,0,0.860,107.310,0.000,26,0,0.000,0,0,0,0.000,0.000,0.000,0.000,0.000,0.000,0.000,1.829,10.257,0,0,0,0,0,0,0,0,0.000,0.000,0.000,0.000,0.000,0.000,0,0.098,30.946,214,215,817,41.028,59.961,29.237,59.961,2562.908,65,1,H.264,9.051,0,0,59.106,59.330,0.989,22.926,8.191,arrival-gap-jitter-spike,5546.904,0,1,1,1,1,8109.812,281.193,296.302,298.787,298.787,0,0,0,0,0,0,0,,,0,0,0,0,0,0,0,0,0,0,,11.001,0.000,13.713,0.000,0.000,0.000,120.000,,0.001,217,0.000,16.750,2.937,0.073,1.046,0.702,0.000,0.344,1,0,0,1,3,0.005,30.954,30.946,8.455,30.795,0.500,Loss,0,1,0,0.000,1,1,1,0,0.000,0.000,0.000,0,0,0,0,0,0,0,0
9.117,Baseline,Loopback,1,1,0,,,0.000,0,21,245,28.680,28.677,28.476,19.554,9.901,0.240,0.300,3.540,0.005,0.000,6964,33,38,5,7,0,0,7,0,7,0,0,5,243,0,0,0,0,0,5.000,0,0,0,0,0,0,0,0,0,0,0,0,0,0,0,0.000,0.000,0.000,,243,243,916,0,1,30.378,59.106,31.327,59.330,0.000,0.000,242,242,311,250,0,0,3,10,245,1,completed,completed,H.264,0,1,24,24,0,0,0,0,0,0,0,0,6972,23,0,0,0,0,0,19.447,0,0,7,7,3,4,0.032,1.052,1.089,0,0,7,1,8,0,0,0,0.000,0.000,0.875,1.000,0.000,25.000,0.000,0.000,0.000,insufficient-sample,2,3,0,0,2,3,3,13,0,0,0,0,13,predicted-useful,fec-grace,258,0.000,3,8,1,0,1,0,0,12,12,12,12,1,2,1,2,0,0,0,balanced,0,0.154,28.194,36.268,11,11,1,1,0,0,0,0,15,1,3,0,1,9500000,1200000,11,0,11,7000,6988,8546537,7,6836,0,0,1,0,0,0,0,0.528,38.812,938.125,4800.000,228,6973,6935,33,38,5,0.005,0.122,0.111,228,12000000,8615320,0.110,-0.012,0.001,0.104,6973,3,3,13,0,3,0,0,0,0,0,0,0,1,0,4,46,10,10,0,0,0,0,0,,disabled,,0,0,0,0,,1,Fixed Quality,Hybrid,85,30,9500,12000,640,360,H.264,480,270,518400,28178,518400,28178,0.054,0.000,,0,0,0.000,2.091,0.000,0.000,0.067,7250,6750,6750,4,4,0,1,9500,1.000,0,27.862,0.542,1,1,0.000,0.000,0,0,0,0,0.000,0.875,0.125,1,0,0,disabled,24,0,0,large-au-observed,0,,0,0,29.844,23.729,0,,0.000,0.000,0.000,0.000,0,0,0,,0,0,0,5.428,0,246,0.067,0.000,0.000,0.067,0.000,0.047,0.006,1,1,1,1,0,1,1,0,0,0,1,0,0.860,72.130,0.000,26,0,0.000,0,0,0,0.000,0.000,0.000,0.000,0.000,0.000,0.000,2.015,9.894,0,0,0,0,0,0,0,0,0.000,0.000,0.000,0.000,0.000,0.000,0,0.085,28.677,242,243,916,31.422,59.961,29.237,59.961,2562.908,65,1,H.264,9.051,0,0,59.106,59.330,0.989,22.926,8.191,arrival-gap-jitter-spike,6554.190,0,1,1,1,1,9117.098,281.193,296.302,298.787,298.787,0,0,0,0,0,0,0,,,0,0,0,0,0,0,0,0,0,0,,13.467,0.000,16.259,0.000,0.000,0.000,120.000,,0.000,245,0.000,19.363,3.011,0.071,0.933,0.643,0.000,0.289,1,0,0,1,3,0.005,28.680,28.677,3.540,28.476,0.500,PacingQueue,0,1,0,0.000,4,1,1,0,0.000,0.000,0.000,0,0,0,0,0,0,0,0
10.123,Baseline,Loopback,1,1,0,,,0.000,0,21,273,29.107,29.098,29.311,8.129,9.786,0.106,0.266,6.403,0.005,0.000,7786,37,42,5,7,0,0,7,0,7,0,0,5,271,0,0,0,0,0,5.000,0,0,0,0,0,0,0,0,0,0,0,0,0,0,0,0.000,0.000,0.000,,271,271,1018,0,1,39.746,59.106,40.759,59.330,0.000,0.000,270,270,345,278,0,0,3,11,273,1,completed,completed,H.264,0,1,24,24,0,0,0,0,0,0,0,0,7813,23,0,0,0,0,0,7.972,0,0,7,7,3,4,0.032,1.052,1.089,0,0,7,1,8,0,0,0,0.000,0.000,0.875,1.000,0.000,25.000,0.000,0.000,0.000,insufficient-sample,2,3,0,0,2,3,3,13,0,0,0,0,13,predicted-useful,fec-grace,287,0.000,3,8,1,0,1,0,0,13,13,13,13,1,2,1,2,0,0,0,balanced,0,0.154,28.194,36.268,12,12,1,1,0,0,0,0,16,1,3,0,1,9500000,1200000,23,0,23,7840,7815,9559243,7,6836,0,0,1,0,0,0,0,0.493,38.812,15551.438,4800.000,254,7803,7761,37,42,5,0.005,0.172,0.221,254,12000000,8900436,0.166,-0.048,0.001,0.138,7803,3,3,13,0,3,0,0,0,0,0,0,0,1,0,4,51,11,11,0,0,0,0,0,,disabled,,0,0,0,0,,1,Fixed Quality,Hybrid,85,30,9500,12000,640,360,H.264,480,270,518400,28176,518400,28176,0.054,0.000,,0,0,0.000,2.077,0.000,0.000,0.067,7250,6750,6750,4,4,0,1,9500,1.000,0,16.496,0.585,1,1,0.000,0.000,0,0,0,0,0.000,0.875,0.125,1,0,0,disabled,24,0,0,large-au-observed,0,,0,0,18.217,23.727,0,,0.000,0.000,0.000,0.000,0,0,0,,0,0,0,5.969,0,274,0.066,0.000,0.000,0.066,0.000,0.043,0.007,1,1,1,1,0,1,1,0,0,0,1,0,0.860,63.723,0.000,26,0,0.000,0,0,0,0.000,0.000,0.000,0.000,0.000,0.000,0.000,2.002,10.112,0,0,0,0,0,0,0,0,0.000,0.000,0.000,0.000,0.000,0.000,0,0.089,29.098,270,271,1018,40.716,59.961,29.237,59.961,2562.908,65,1,H.264,9.051,0,0,59.106,59.330,0.989,22.926,8.191,arrival-gap-jitter-spike,7560.454,0,1,1,1,1,10123.362,281.193,296.302,298.787,298.787,0,0,0,0,0,0,0,,,0,0,0,0,0,0,0,0,0,0,,8.942,0.000,11.725,0.000,0.000,0.000,120.000,,0.000,273,0.000,15.534,3.718,0.073,1.027,0.800,0.000,0.227,1,0,0,1,3,0.005,29.107,29.098,6.403,29.311,0.500,Loss,0,1,0,0.000,2,1,1,0,0.000,0.000,0.000,0,0,0,0,0,0,0,0
11.124,Baseline,Loopback,1,1,0,,,0.000,0,21,302,29.469,29.460,29.534,8.424,9.681,0.081,0.250,3.320,0.005,0.000,8669,40,45,5,7,0,0,7,0,7,0,0,5,300,0,0,0,0,0,5.000,0,0,0,0,0,0,0,0,0,0,0,0,0,0,0,0.000,0.000,0.000,,300,300,1120,0,1,29.534,59.106,30.615,59.330,0.000,0.000,299,299,374,307,0,0,3,11,302,1,completed,completed,H.264,0,1,24,24,0,0,0,0,0,0,0,0,8684,23,0,0,0,0,0,8.286,0,0,7,7,3,4,0.032,1.052,1.089,0,0,7,1,8,0,0,0,0.000,0.000,0.875,1.000,0.000,25.000,0.000,0.000,0.000,insufficient-sample,2,3,0,0,2,3,3,13,0,0,0,0,13,predicted-useful,fec-grace,316,0.000,3,8,1,0,1,0,0,13,13,13,13,1,2,1,2,0,0,0,balanced,0,0.154,28.194,36.268,12,12,1,1,0,0,0,0,16,1,3,0,1,9500000,1200000,11,0,11,8710,8698,10641037,7,6836,0,0,1,0,0,0,0,0.609,38.812,996.312,4800.000,282,8694,8649,40,45,5,0.005,0.129,0.094,282,12000000,9375133,0.081,-0.025,0.000,0.078,8694,3,3,13,0,3,0,0,0,0,0,0,0,1,0,4,51,11,11,0,0,0,0,0,,disabled,,0,0,0,0,,1,Fixed Quality,Hybrid,85,30,9500,12000,640,360,H.264,480,270,518400,28178,518400,28178,0.054,0.000,,0,0,0.000,1.939,0.000,0.000,0.069,7250,6750,6750,4,4,0,1,9500,1.000,0,15.877,0.728,1,1,0.000,0.000,0,0,0,0,0.000,0.875,0.125,1,0,0,disabled,24,0,0,large-au-observed,0,,0,0,17.670,23.729,0,,0.000,0.000,0.000,0.000,0,0,0,,0,0,0,6.042,0,303,0.069,0.000,0.000,0.068,0.000,0.046,0.006,1,1,1,1,0,1,1,0,0,0,1,0,0.860,62.337,0.000,26,0,0.000,0,0,0,0.000,0.000,0.000,0.000,0.000,0.000,0.000,1.862,10.296,0,0,0,0,0,0,0,0,0.000,0.000,0.000,0.000,0.000,0.000,0,0.096,29.460,299,300,1120,30.701,59.961,29.237,59.961,2562.908,65,1,H.264,9.051,0,0,59.106,59.330,0.989,22.926,8.191,arrival-gap-jitter-spike,8561.256,0,1,1,1,1,11124.164,281.193,296.302,298.787,298.787,0,0,0,0,0,0,0,,,0,0,0,0,0,0,0,0,0,0,,10.116,0.000,12.932,0.000,0.000,0.000,120.000,,0.000,302,0.000,15.653,2.612,0.076,0.758,0.454,0.000,0.304,1,0,0,1,3,0.005,29.469,29.460,3.320,29.534,0.000,None,0,1,0,0.000,2,1,1,0,0.000,0.000,0.000,0,0,0,0,0,0,0,0
12.131,Baseline,Loopback,1,1,0,,,0.000,0,21,331,29.628,29.633,29.595,7.951,9.651,0.081,0.250,5.989,0.005,0.000,9534,45,50,5,7,0,0,7,0,7,0,0,5,329,0,0,0,0,0,5.000,0,0,0,0,0,0,0,0,0,0,0,0,0,0,0,0.000,0.000,0.000,,329,329,1216,0,1,38.732,59.106,39.741,59.330,0.000,0.000,328,328,408,336,0,0,3,12,331,1,completed,completed,H.264,0,1,24,24,0,0,0,0,0,0,0,0,9555,23,0,0,0,0,0,7.712,0,0,7,7,3,4,0.032,1.052,1.089,0,0,7,1,8,0,0,0,0.000,0.000,0.875,1.000,0.000,25.000,0.000,0.000,0.000,insufficient-sample,2,3,0,0,2,3,3,13,0,0,0,0,13,predicted-useful,fec-grace,346,0.000,3,8,1,0,1,0,0,14,14,14,14,1,2,1,2,0,0,0,balanced,0,0.154,28.194,36.268,13,13,1,1,0,0,0,0,17,1,3,0,1,9500000,1200000,12,0,12,9580,9567,11705415,7,6836,0,0,1,0,0,0,0,0.545,38.812,1143.062,4800.000,309,9557,9507,45,50,5,0.005,0.066,0.086,309,12000000,9337044,0.075,-0.025,0.001,0.065,9557,3,3,13,0,3,0,0,0,0,0,0,0,1,0,4,55,12,12,0,0,0,0,0,,disabled,,0,0,0,0,,1,Fixed Quality,Hybrid,85,30,9500,12000,640,360,H.264,480,270,518400,28178,518400,28178,0.054,0.000,,0,0,0.000,2.084,0.000,0.000,0.068,7250,6750,6750,4,4,0,1,9500,1.000,0,15.595,0.779,1,1,0.000,0.000,0,0,0,0,0.000,0.875,0.125,1,0,0,disabled,24,0,0,large-au-observed,0,,0,0,17.548,23.729,0,,0.000,0.000,0.000,0.000,0,0,0,,0,0,0,6.085,0,332,0.067,0.000,0.000,0.067,0.000,0.045,0.007,1,1,1,1,0,1,1,0,0,0,0,0,1.000,0.000,0.000,30,0,0.000,0,0,0,0.000,0.000,0.000,0.000,0.000,0.000,0.000,2.009,10.074,0,0,0,0,0,0,0,0,0.000,0.000,0.000,0.000,0.000,0.000,0,0.089,29.633,328,329,1216,39.699,59.961,29.237,59.961,2562.908,65,1,H.264,9.051,0,0,59.106,59.330,0.989,22.926,8.191,arrival-gap-jitter-spike,9568.063,0,1,1,1,1,12130.971,281.193,296.302,298.787,298.787,0,0,0,0,0,0,0,,,0,0,0,0,0,0,0,0,0,0,,9.553,0.000,12.393,0.000,0.000,0.000,120.000,,0.001,331,0.000,15.688,3.204,0.076,0.916,0.639,0.000,0.277,1,0,0,1,3,0.005,29.628,29.633,5.989,29.595,0.500,Loss,0,1,0,0.000,2,1,1,0,0.000,0.000,0.000,0,0,0,0,0,0,0,0
13.138,Baseline,Loopback,1,1,0,,,0.000,0,21,362,29.788,29.789,29.991,8.178,9.603,0.107,0.233,4.652,0.004,0.000,10442,47,55,8,7,0,0,7,0,7,0,0,8,360,0,0,0,0,0,5.000,0,0,0,0,0,0,0,0,0,0,0,0,0,0,0,0.000,0.000,0.000,,360,360,1321,0,1,27.871,59.106,28.918,59.330,0.000,0.000,359,358,443,367,0,0,3,12,362,1,completed,completed,H.264,0,1,24,24,0,0,0,0,0,0,0,0,10487,23,0,0,0,0,0,7.963,1,0,7,7,3,4,0.032,1.052,1.089,0,0,8,1,9,0,1,0,1.000,0.000,0.889,1.000,0.000,25.000,0.000,0.000,0.000,insufficient-sample,2,3,0,0,2,3,3,13,0,0,0,0,13,predicted-useful,fec-grace,378,0.000,4,9,1,0,1,0,0,14,14,14,14,1,2,1,2,0,0,0,balanced,0,0.126,23.059,31.145,13,13,1,1,0,0,0,0,17,1,3,0,1,9500000,1200000,4,0,4,10481,10476,12818373,8,8080,0,0,1,0,0,0,0,7.898,38.812,431.375,4800.000,338,10481,10426,47,55,8,0.004,0.242,0.232,338,10388623,9571184,0.190,0.066,0.031,0.166,10481,3,3,13,0,3,0,0,0,0,0,0,0,1,0,4,58,12,12,0,0,0,0,0,,disabled,,0,0,0,0,,1,Fixed Quality,Hybrid,85,30,9500,12000,640,360,H.264,480,270,518400,28178,518400,28178,0.054,0.000,,0,0,0.000,2.111,0.000,0.000,0.068,7250,6750,6750,4,4,0,1,9500,1.000,0,13.359,0.882,1,1,0.000,0.000,0,0,0,0,0.111,0.778,0.111,1,0,0,disabled,24,0,0,large-au-observed,0,,0,0,16.966,23.729,0,,0.000,0.000,0.000,0.000,0,0,0,,0,0,0,5.938,0,362,0.068,0.000,0.000,0.068,0.000,0.044,0.008,1,1,1,1,0,1,1,0,0,0,0,0,1.000,0.000,0.000,30,0,0.000,0,0,0,0.000,0.000,0.000,0.000,0.000,0.000,0.000,2.034,9.998,0,0,0,0,0,0,0,0,0.000,0.000,0.000,0.000,0.000,0.000,0,0.105,29.789,359,360,1321,28.821,59.961,29.237,59.961,2562.908,65,1,H.264,9.051,0,0,59.106,59.330,0.989,22.926,8.191,arrival-gap-jitter-spike,10574.811,0,1,1,1,1,13137.719,281.193,296.302,298.787,298.787,0,0,0,0,0,0,0,,,0,0,0,0,0,0,0,0,0,0,,11.818,0.000,14.824,3.559,0.000,15.744,120.000,,0.001,361,0.000,18.858,3.225,0.074,0.782,0.547,0.000,0.235,1,0,0,1,3,0.004,29.788,29.789,4.652,29.991,0.500,Loss,0,1,0,0.000,2,1,1,0,0.000,0.000,0.000,0,0,0,0,0,0,0,0
14.144,Baseline,Loopback,1,1,0,,,0.000,0,21,391,28.453,28.451,28.407,28.936,9.698,0.253,0.235,4.291,0.005,0.000,11311,54,62,8,8,0,0,8,0,8,0,0,8,389,0,0,0,0,0,5.000,0,0,0,0,0,0,0,0,0,0,0,0,0,0,0,0.000,0.000,0.000,,389,389,1423,0,1,29.719,66.097,30.855,67.013,0.000,0.000,388,388,485,397,0,0,4,14,391,1,retransmit-late-after-completed,completed,H.264,0,1,24,24,0,0,0,1,0,0,0,0,11365,20,11365,20,11365,20,1,30.323,1,0,8,8,4,4,0.088,1.184,2.106,0,0,9,4,13,0,1,0,1.000,0.000,0.692,1.000,0.000,25.000,0.000,0.000,0.000,insufficient-sample,3,4,0,0,3,4,4,18,0,0,0,0,18,predicted-useful,fec-grace,410,0.000,5,13,4,0,4,0,0,16,16,16,16,1,2,1,2,0,0,0,balanced,0,0.146,24.339,32.432,14,14,2,2,0,0,0,0,22,2,5,0,1,9500000,1200000,0,0,0,11355,11351,13890247,9,9324,0,0,4,0,0,0,0,1.061,38.812,3977.750,3715.900,366,11368,11306,54,62,8,0.005,0.059,0.049,366,12000000,9215060,0.059,0.082,0.008,0.056,11368,4,4,18,0,4,0,0,0,0,0,0,0,1,0,4,66,14,14,0,0,0,0,0,,disabled,,0,0,0,0,,1,Fixed Quality,Hybrid,85,30,9500,12000,640,360,H.264,480,270,518400,0,518400,28178,0.054,0.000,,0,0,0.000,2.129,0.000,0.000,0.070,7250,6750,6750,4,4,0,1,9500,1.000,0,13.089,1.011,1,1,0.000,0.000,0,0,0,0,0.077,0.615,0.308,1,0,0,disabled,0,0,0,async-output-pending,0,,0,0,0.000,0.000,0,,0.000,0.000,0.000,0.000,0,0,0,,0,0,0,5.701,0,392,0.070,0.000,0.000,0.070,0.000,0.044,0.008,1,1,1,1,0,1,1,0,1,0,1,0,0.860,79.688,0.000,26,0,0.000,0,0,0,0.000,0.000,0.000,0.000,0.000,0.000,0.000,0.000,9.992,0,0,0,0,0,0,0,0,0.000,0.000,0.000,0.000,0.000,0.000,0,0.082,28.451,388,389,1423,30.773,67.068,29.237,67.068,14060.667,389,1,H.264,14.772,0,0,66.097,67.013,0.999,34.323,13.799,arrival-gap-jitter-spike,83.752,0,1,1,1,1,14144.419,281.193,296.302,298.787,298.787,0,0,0,0,0,0,0,,,0,0,0,0,0,0,0,0,0,0,,18.073,0.000,20.918,0.000,0.000,0.000,120.000,,0.001,391,0.000,24.872,3.870,0.074,0.960,0.659,0.000,0.300,1,0,0,1,3,0.005,28.453,28.451,4.291,28.407,1.000,Jitter,1,1,0,0.000,3,1,1,0,0.000,0.000,0.000,0,0,0,0,0,0,0,0
15.145,Baseline,Loopback,1,1,0,,,0.000,0,21,420,28.215,28.199,26.887,8.328,9.635,0.253,0.235,4.410,0.005,0.000,12146,60,68,8,8,0,0,8,0,8,0,0,8,417,0,0,0,0,0,5.000,0,0,0,0,0,0,0,0,0,0,0,0,0,0,0,0.000,0.000,0.000,,417,417,1525,0,1,40.651,66.097,41.626,67.013,0.000,0.000,416,415,526,425,0,0,4,16,420,1,completed,completed,H.264,0,1,24,24,0,0,0,0,0,0,0,0,12203,23,0,0,0,0,0,8.091,1,0,8,8,4,4,0.088,1.184,2.106,0,0,9,4,13,0,1,0,1.000,0.000,0.692,1.000,0.000,25.000,0.000,0.000,0.000,insufficient-sample,3,4,0,0,3,4,4,18,0,0,0,0,18,predicted-useful,fec-grace,440,0.000,5,13,4,0,4,0,0,18,18,18,18,1,2,1,2,0,0,0,balanced,0,0.146,24.339,32.432,16,16,2,2,0,0,0,0,24,2,5,0,1,9500000,1200000,3,0,3,12195,12188,14915367,9,9324,0,0,4,0,0,0,0,7.512,38.812,504.625,4800.000,393,12201,12133,60,68,8,0.005,0.075,0.052,393,12000000,8276168,0.119,0.082,0.000,0.104,12201,4,4,18,0,4,0,0,0,0,0,0,0,1,0,4,77,16,16,0,0,0,0,0,,disabled,,0,0,0,0,,1,Fixed Quality,Hybrid,85,30,9500,12000,640,360,H.264,480,270,518400,28178,518400,28178,0.054,0.000,,0,0,0.000,2.198,0.000,0.000,0.093,7250,6750,6750,4,4,0,1,9500,1.000,0,14.535,1.190,1,1,0.000,0.000,0,0,0,0,0.077,0.615,0.308,1,0,0,disabled,24,0,0,large-au-observed,0,,0,0,17.882,23.729,0,,0.000,0.000,0.000,0.000,0,0,0,,0,0,0,5.619,0,420,0.093,0.000,0.000,0.092,0.000,0.048,0.024,1,1,1,1,0,1,1,0,0,0,1,0,0.860,57.466,0.000,26,0,0.000,0,0,0,0.000,0.000,0.000,0.000,0.000,0.000,0.000,2.065,10.350,0,0,0,0,0,0,0,0,0.000,0.000,0.000,0.000,0.000,0.000,0,0.127,28.199,416,417,1525,41.633,67.068,29.237,67.068,14060.667,389,1,H.264,14.772,0,0,66.097,67.013,0.999,34.323,13.799,arrival-gap-jitter-spike,1083.945,0,1,1,1,1,15144.612,281.193,296.302,298.787,298.787,0,0,0,0,0,0,0,,,0,0,0,0,0,0,0,0,0,0,,8.864,0.000,11.741,0.512,0.000,13.065,120.000,,0.000,419,0.000,14.303,2.589,0.074,0.512,0.158,0.000,0.355,1,0,0,1,3,0.005,28.215,28.199,4.410,26.887,1.000,Jitter,1,1,0,0.000,4,1,1,0,0.000,0.000,0.000,0,0,0,0,0,0,0,0
16.148,Baseline,Loopback,1,1,0,,,0.000,0,21,448,29.670,29.680,29.591,4.914,9.612,0.116,0.223,4.842,0.005,0.000,13006,62,70,8,8,0,0,8,0,8,0,0,8,445,0,0,0,0,0,5.000,0,0,0,0,0,0,0,0,0,0,0,0,0,0,0,0.000,0.000,0.000,,445,445,1629,0,1,27.909,66.097,28.862,67.013,0.000,0.000,444,444,560,453,0,0,4,17,448,1,completed,completed,H.264,0,1,24,24,0,0,0,0,0,0,0,0,13044,23,0,0,0,0,0,4.780,1,0,8,8,4,4,0.088,1.184,2.106,0,0,9,4,13,0,1,0,1.000,0.000,0.692,1.000,0.000,25.000,0.000,0.000,0.000,insufficient-sample,3,4,0,0,3,4,4,18,0,0,0,0,18,predicted-useful,fec-grace,469,0.000,5,13,4,0,4,0,0,19,19,19,19,1,2,1,2,0,0,0,balanced,0,0.146,24.339,32.432,17,17,2,2,0,0,0,0,25,2,5,0,1,9500000,1200000,12,0,12,13065,13049,15970393,9,9324,0,0,4,0,0,0,0,2.116,38.812,364.062,4800.000,420,13064,12994,62,70,8,0.005,0.111,0.143,420,12000000,9533804,0.135,0.029,0.001,0.110,13064,4,4,18,0,4,0,0,0,0,0,0,0,1,0,4,82,17,17,0,0,0,0,0,,disabled,,0,0,0,0,,1,Fixed Quality,Hybrid,85,30,9500,12000,640,360,H.264,480,270,518400,28176,518400,28176,0.054,0.000,,0,0,0.000,2.089,0.000,0.000,0.100,7250,6750,6750,4,4,0,1,9500,1.000,0,7.766,1.446,1,1,0.000,0.000,0,0,0,0,0.077,0.615,0.308,1,0,0,disabled,24,0,0,large-au-observed,0,,0,0,11.404,23.727,0,,0.000,0.000,0.000,0.000,0,0,0,,0,0,0,2.996,0,449,0.100,0.000,0.000,0.100,0.000,0.062,0.008,1,1,1,1,0,1,1,0,0,0,1,0,0.860,147.464,0.000,26,0,0.000,0,0,0,0.000,0.000,0.000,0.000,0.000,0.000,0.000,1.980,6.898,0,0,0,0,0,0,0,0,0.000,0.000,0.000,0.000,0.000,0.000,0,0.115,29.680,444,445,1629,28.870,67.068,29.237,67.068,14060.667,389,1,H.264,14.772,0,0,66.097,67.013,0.999,34.323,13.799,arrival-gap-jitter-spike,2087.023,0,1,1,1,1,16147.690,281.193,296.302,298.787,298.787,0,0,0,0,0,0,0,,,0,0,0,0,0,0,0,0,0,0,,11.625,0.000,14.567,0.000,0.000,0.000,120.000,,0.001,448,0.000,18.285,3.600,0.091,0.278,0.001,0.000,0.277,1,0,0,1,3,0.005,29.670,29.680,4.842,29.591,0.500,Loss,0,1,0,0.000,3,1,1,0,0.000,0.000,0.000,0,0,0,0,0,0,0,0
17.154,Baseline,Loopback,1,1,0,,,0.000,0,21,477,26.826,26.831,27.046,8.073,9.556,0.105,0.216,6.423,0.005,0.000,13855,63,71,8,8,0,0,8,0,8,0,0,8,474,0,0,0,0,0,5.000,0,0,0,0,0,0,0,0,0,0,0,0,0,0,0,0.000,0.000,0.000,,474,474,1733,0,1,29.705,66.097,30.854,67.013,0.000,0.000,473,472,589,482,0,0,4,17,477,1,completed,completed,H.264,0,1,24,24,0,0,0,0,0,0,0,0,13915,23,0,0,0,0,0,7.856,1,0,8,8,4,4,0.088,1.184,2.106,0,0,9,4,13,0,1,0,1.000,0.000,0.692,1.000,0.000,25.000,0.000,0.000,0.000,insufficient-sample,3,4,0,0,3,4,4,18,0,0,0,0,18,predicted-useful,fec-grace,498,0.000,5,13,4,0,4,0,0,19,19,19,19,1,2,1,2,0,0,0,balanced,0,0.146,24.339,32.432,17,17,2,2,0,0,0,0,25,2,5,0,1,9500000,1200000,3,0,3,13905,13898,17009867,9,9324,0,0,4,0,0,0,0,7.637,38.812,195.875,4800.000,446,13895,13824,63,71,8,0.005,0.075,0.070,446,12000000,8908073,0.079,0.021,0.000,0.071,13895,4,4,18,0,4,0,0,0,0,0,0,0,1,0,4,82,17,17,0,0,0,0,0,,disabled,,0,0,0,0,,1,Fixed Quality,Hybrid,85,30,9500,12000,640,360,H.264,480,270,518400,28178,518400,28178,0.054,0.000,,0,0,0.000,1.880,0.000,0.000,0.078,7250,6750,6750,4,4,0,1,9500,1.000,0,13.999,1.745,1,1,0.000,0.000,0,0,0,0,0.077,0.615,0.308,1,0,0,disabled,24,0,0,large-au-observed,0,,0,0,18.298,23.729,0,,0.000,0.000,0.000,0.000,0,0,0,,0,0,0,6.120,0,477,0.078,0.000,0.000,0.078,0.000,0.053,0.008,1,1,1,1,0,1,1,0,0,0,1,0,0.860,33.371,0.000,26,0,0.000,0,0,0,0.000,0.000,0.000,0.000,0.000,0.000,0.000,1.793,10.387,0,0,0,0,0,0,0,0,0.000,0.000,0.000,0.000,0.000,0.000,0,0.084,26.831,473,474,1733,30.835,67.068,29.237,67.068,14060.667,389,1,H.264,14.772,0,0,66.097,67.013,0.999,34.323,13.799,arrival-gap-jitter-spike,3093.819,0,1,1,1,1,17154.486,281.193,296.302,298.787,298.787,0,0,0,0,0,0,0,,,0,0,0,0,0,0,0,0,0,0,,9.709,0.000,12.477,0.265,0.000,12.196,120.000,,0.001,476,0.000,15.879,3.158,0.074,1.145,0.889,0.000,0.256,1,0,0,1,3,0.005,26.826,26.831,6.423,27.046,0.000,None,0,1,0,0.000,3,1,1,0,0.000,0.000,0.000,0,0,0,0,0,0,0,0
18.159,Baseline,Loopback,1,1,0,,,0.000,0,21,504,27.899,27.899,27.632,8.450,9.462,0.188,0.215,6.101,0.005,0.000,14665,67,75,8,8,0,0,8,0,8,0,0,8,501,0,0,0,0,0,5.000,0,0,0,0,0,0,0,0,0,0,0,0,0,0,0,0.000,0.000,0.000,,501,501,1838,0,1,40.959,66.097,41.945,67.013,0.000,0.000,500,500,616,509,0,0,4,17,504,1,completed,completed,H.264,0,1,24,24,0,0,0,0,0,0,0,0,14726,23,0,0,0,0,0,7.988,1,0,8,8,4,4,0.088,1.184,2.106,0,0,9,4,13,0,1,0,1.000,0.000,0.692,1.000,0.000,25.000,0.000,0.000,0.000,insufficient-sample,3,4,0,0,3,4,4,18,0,0,0,0,18,predicted-useful,fec-grace,525,0.000,5,13,4,0,4,0,0,19,19,19,19,1,2,1,2,0,0,0,balanced,0,0.146,24.339,32.432,17,17,2,2,0,0,0,0,25,2,5,0,1,9500000,1200000,0,0,0,14715,14711,18005753,9,9324,0,0,4,0,0,0,0,21.273,38.812,12419.688,4800.000,472,14724,14649,67,75,8,0.005,0.070,0.100,472,12000000,8847799,0.117,0.033,0.002,0.101,14724,4,4,18,0,4,0,0,0,0,0,0,0,1,0,4,82,17,17,0,0,0,0,0,,disabled,,0,0,0,0,,1,Fixed Quality,Hybrid,85,30,9500,12000,640,360,H.264,480,270,518400,0,518400,28176,0.054,0.000,,0,0,0.000,4.880,0.000,4.147,0.710,7250,6750,6750,4,4,0,1,9500,1.000,0,21.273,1.934,0,1,0.000,0.000,0,0,0,0,0.077,0.615,0.308,1,0,0,disabled,0,0,0,async-output-pending,0,,0,0,0.000,0.000,0,,21.273,12419.688,39583.333,0.000,0,0,0,,0,0,0,0.000,1,0,0.691,0.194,0.496,0.000,0.000,0.000,0.000,0,0,1,1,1,0,0,1,1,0,0,0,1.000,0.000,0.000,30,0,0.000,0,0,0,0.000,0.000,0.000,0.000,0.000,0.000,0.000,0.000,23.611,0,0,0,0,0,0,0,0,0.000,0.000,0.000,0.000,0.000,0.000,0,0.087,27.899,500,501,1838,41.899,67.068,29.237,67.068,14060.667,389,1,H.264,14.772,0,0,66.097,67.013,0.999,34.323,13.799,arrival-gap-jitter-spike,4098.949,0,1,1,1,1,18159.616,281.193,296.302,298.787,298.787,0,0,0,0,0,0,0,,,0,0,0,0,0,0,0,0,0,0,,8.519,0.000,11.287,0.000,0.000,0.000,120.000,,0.001,504,0.000,15.073,3.695,0.075,1.045,0.757,0.000,0.288,1,0,0,1,3,0.005,27.899,27.899,6.101,27.632,0.000,None,0,1,0,0.000,3,1,1,0,0.000,0.000,0.000,0,0,0,0,0,0,0,0
19.166,Baseline,Loopback,1,1,0,,,0.000,0,21,531,27.575,27.574,27.696,8.475,9.504,0.188,0.215,6.120,0.005,0.000,15479,70,78,8,8,0,0,8,0,8,0,0,8,528,0,0,0,0,0,5.000,0,0,0,0,0,0,0,0,0,0,0,0,0,0,0,0.000,0.000,0.000,,528,528,1939,0,1,29.132,66.097,30.144,67.013,0.000,0.000,527,527,655,536,0,0,4,19,531,1,completed,completed,H.264,0,1,24,24,0,0,0,0,0,0,0,0,15537,23,0,0,0,0,0,8.295,1,0,8,8,4,4,0.088,1.184,2.106,0,0,9,4,13,0,1,0,1.000,0.000,0.692,1.000,0.000,25.000,0.000,0.000,0.000,insufficient-sample,3,4,0,0,3,4,4,18,0,0,0,0,18,predicted-useful,fec-grace,554,0.000,5,13,4,0,4,0,0,21,21,21,21,1,2,1,2,0,0,0,balanced,0,0.146,24.339,32.432,19,19,2,2,0,0,0,0,27,2,5,0,1,9500000,1200000,23,0,23,15555,15527,19005349,9,9324,0,0,4,0,0,0,0,0.501,38.812,15544.312,4800.000,497,15521,15443,70,78,8,0.005,0.083,0.081,497,12000000,9899194,0.087,0.033,0.000,0.091,15521,4,4,18,0,4,0,0,0,0,0,0,0,1,0,4,92,19,19,0,0,0,0,0,,disabled,,0,0,0,0,,1,Fixed Quality,Hybrid,85,30,9500,12000,640,360,H.264,480,270,518400,28178,518400,28178,0.054,0.000,,0,0,0.000,2.098,0.000,0.000,0.068,7250,6750,6750,4,4,0,1,9500,1.000,0,16.491,1.964,1,1,0.000,0.000,0,0,0,0,0.077,0.615,0.308,1,0,0,disabled,24,0,0,large-au-observed,0,,0,0,18.359,23.729,0,,0.000,0.000,0.000,0.000,0,0,0,,0,0,0,5.898,0,532,0.067,0.000,0.000,0.067,0.000,0.044,0.008,1,1,1,1,0,1,1,0,0,0,0,0,1.000,0.000,0.000,30,0,0.000,0,0,0,0.000,0.000,0.000,0.000,0.000,0.000,0.000,2.022,10.237,0,0,0,0,0,0,0,0,0.000,0.000,0.000,0.000,0.000,0.000,0,0.096,27.574,527,528,1939,30.180,67.068,29.237,67.068,14060.667,389,1,H.264,14.772,0,0,66.097,67.013,0.999,34.323,13.799,arrival-gap-jitter-spike,5105.216,0,1,1,1,1,19165.883,281.193,296.302,298.787,298.787,0,0,0,0,0,0,0,,,0,0,0,0,0,0,0,0,0,0,,10.035,0.000,12.920,0.000,0.000,0.000,120.000,,0.001,531,0.000,15.738,2.719,0.074,1.028,0.730,0.000,0.298,1,0,0,1,3,0.005,27.575,27.574,6.120,27.696,0.500,Loss,0,1,0,0.000,4,1,1,0,0.000,0.000,0.000,0,0,0,0,0,0,0,0
20.166,Baseline,Loopback,1,1,0,,,0.000,0,21,561,29.796,29.790,29.917,8.486,9.450,0.164,0.235,2.792,0.005,0.000,16381,76,84,8,8,0,0,8,0,8,0,0,8,558,0,0,0,0,0,5.000,0,0,0,0,0,0,0,0,0,0,0,0,0,0,0,0.000,0.000,0.000,,558,558,2039,0,1,29.765,66.097,30.770,67.013,0.000,0.000,557,557,685,566,0,0,4,19,561,1,completed,completed,H.264,0,1,24,24,0,0,0,0,0,0,0,0,16438,23,0,0,0,0,0,8.215,1,0,8,8,4,4,0.088,1.184,2.106,0,0,9,4,13,0,1,0,1.000,0.000,0.692,1.000,0.000,25.000,0.000,0.000,0.000,insufficient-sample,3,4,0,0,3,4,4,18,0,0,0,0,18,predicted-useful,fec-grace,584,0.000,5,13,4,0,4,0,0,21,21,21,21,1,2,1,2,0,0,0,balanced,0,0.146,24.339,32.432,19,19,2,2,0,0,0,0,27,2,5,0,1,9500000,1200000,15,0,15,16455,16435,20117669,9,9324,0,0,4,0,0,0,0,0.717,38.812,5921.250,4800.000,526,16448,16365,75,83,8,0.005,0.077,0.103,526,12000000,9674130,0.117,-0.003,0.000,0.098,16448,4,4,18,0,4,0,0,0,0,0,0,0,1,0,4,92,19,19,0,0,0,0,0,,disabled,,0,0,0,0,,1,Fixed Quality,Hybrid,85,30,9500,12000,640,360,H.264,480,270,518400,28178,518400,28178,0.054,0.000,,0,0,0.000,2.031,0.000,0.000,0.093,7250,6750,6750,4,4,0,1,9500,1.000,0,18.755,2.183,1,1,0.000,0.000,0,0,0,0,0.077,0.615,0.308,1,0,0,disabled,24,0,0,large-au-observed,0,,0,0,20.355,23.729,0,,0.000,0.000,0.000,0.000,0,0,0,,0,0,0,5.272,0,562,0.093,0.000,0.000,0.092,0.000,0.054,0.008,1,1,1,1,0,1,1,0,0,0,0,0,1.000,0.000,0.000,30,0,0.000,0,0,0,0.000,0.000,0.000,0.000,0.000,0.000,0.000,1.930,9.726,0,0,0,0,0,0,0,0,0.000,0.000,0.000,0.000,0.000,0.000,0,0.090,29.790,557,558,2039,31.042,67.068,29.237,67.068,14060.667,389,1,H.264,14.772,0,0,66.097,67.013,0.999,34.323,13.799,arrival-gap-jitter-spike,6105.412,0,1,1,1,1,20166.079,281.193,296.302,298.787,298.787,0,0,0,0,0,0,0,,,0,0,0,0,0,0,0,0,0,0,,9.866,0.000,12.637,0.000,0.000,0.000,120.000,,0.001,561,0.000,16.208,3.477,0.072,0.771,0.518,0.000,0.253,1,0,0,1,3,0.005,29.796,29.790,2.792,29.917,0.000,None,0,1,0,0.000,4,1,1,0,0.000,0.000,0.000,0,0,0,0,0,0,0,0
21.167,Baseline,Loopback,1,1,0,,,0.000,0,21,590,29.800,29.803,29.544,8.561,9.445,0.097,0.228,6.988,0.005,0.000,17252,83,91,8,8,0,0,8,0,8,0,0,8,587,0,0,0,0,0,5.000,0,0,0,0,0,0,0,0,0,0,0,0,0,0,0,0.000,0.000,0.000,,587,587,2141,0,1,39.306,66.097,40.545,67.013,0.000,0.000,586,586,726,595,0,0,4,21,590,1,completed,completed,H.264,0,1,24,24,0,0,0,0,0,0,0,0,17309,23,0,0,0,0,0,8.258,1,0,8,8,4,4,0.088,1.184,2.106,0,0,9,4,13,0,1,0,1.000,0.000,0.692,1.000,0.000,25.000,0.000,0.000,0.000,insufficient-sample,3,4,0,0,3,4,4,18,0,0,0,0,18,predicted-useful,fec-grace,615,0.000,5,13,4,0,4,0,0,23,23,23,23,1,2,1,2,0,0,0,balanced,0,0.146,24.339,32.432,21,21,2,2,0,0,0,0,29,2,5,0,1,9500000,1200000,10,0,10,17325,17311,21190755,9,9324,0,0,4,0,0,0,0,0.820,38.812,55.125,4800.000,553,17314,17224,82,90,8,0.005,0.108,0.107,553,12000000,8339862,0.113,-0.067,0.008,0.088,17314,4,4,18,0,4,0,0,0,0,0,0,0,1,0,4,102,21,21,0,0,0,0,0,,disabled,,0,0,0,0,,1,Fixed Quality,Hybrid,85,30,9500,12000,640,360,H.264,480,270,518400,28178,518400,28178,0.054,0.000,,0,0,0.000,1.844,0.000,0.000,0.068,7250,6750,6750,4,4,0,1,9500,1.000,0,18.128,2.303,1,1,0.000,0.000,0,0,0,0,0.077,0.615,0.308,1,0,0,disabled,24,0,0,large-au-observed,0,,0,0,19.966,23.729,0,,0.000,0.000,0.000,0.000,0,0,0,,0,0,0,4.452,0,591,0.068,0.000,0.000,0.068,0.000,0.045,0.007,1,1,1,1,0,1,1,0,0,0,0,0,1.000,0.000,0.000,30,0,0.000,0,0,0,0.000,0.000,0.000,0.000,0.000,0.000,0.000,1.768,9.712,0,0,0,0,0,0,0,0,0.000,0.000,0.000,0.000,0.000,0.000,0,0.101,29.802,586,587,2141,40.288,67.068,29.237,67.068,14060.667,389,1,H.264,14.772,0,0,66.097,67.013,0.999,34.323,13.799,arrival-gap-jitter-spike,7106.767,0,1,1,1,1,21167.434,281.193,296.302,298.787,298.787,0,0,0,0,0,0,0,,,0,0,0,0,0,0,0,0,0,0,,9.964,0.000,12.713,0.000,0.000,0.000,120.000,,0.001,590,0.000,15.880,3.064,0.072,0.680,0.409,0.000,0.270,1,0,0,1,3,0.005,29.800,29.803,6.988,29.544,0.500,Loss,0,1,0,0.000,2,1,1,0,0.000,0.000,0.000,0,0,0,0,0,0,0,0
22.173,Baseline,Loopback,1,1,0,,,0.000,0,21,620,30.632,30.627,29.651,7.784,9.460,0.097,0.228,1.389,0.005,0.000,18122,90,98,8,8,0,0,8,0,8,0,0,8,617,0,0,0,0,0,5.000,0,0,0,0,0,0,0,0,0,0,0,0,0,0,0,0.000,0.000,0.000,,617,617,2241,0,1,30.252,66.097,31.257,67.013,0.000,0.000,615,615,768,625,0,0,4,23,620,1,completed,completed,H.264,0,1,24,24,0,0,0,0,0,0,0,0,18210,23,0,0,0,0,0,7.500,1,0,8,8,4,4,0.088,1.184,2.106,0,0,9,4,13,0,1,0,1.000,0.000,0.692,1.000,0.000,25.000,0.000,0.000,0.000,insufficient-sample,3,4,0,0,3,4,4,18,0,0,0,0,18,predicted-useful,fec-grace,647,0.000,5,13,4,0,4,0,0,25,25,25,25,1,2,1,2,0,0,0,balanced,0,0.146,24.339,32.432,23,23,2,2,0,0,0,0,31,2,5,0,1,9500000,1200000,4,0,4,18195,18187,22263235,9,9324,0,0,4,0,0,0,0,7.334,38.812,1089.250,4800.000,581,18201,18103,90,98,8,0.005,0.190,0.157,581,12000000,8935166,0.151,-0.067,0.008,0.140,18201,4,4,18,0,4,0,0,0,0,0,0,0,1,0,4,112,23,23,0,0,0,0,0,,disabled,,0,0,0,0,,1,Fixed Quality,Hybrid,85,30,9500,12000,640,360,H.264,480,270,518400,28178,518400,28178,0.054,0.000,,0,0,0.000,2.058,0.000,0.000,0.068,7250,6750,6750,4,4,0,1,9500,1.000,0,15.552,2.440,1,1,0.000,0.000,0,0,0,0,0.077,0.615,0.308,1,0,0,disabled,24,0,0,large-au-observed,0,,0,0,19.105,23.729,0,,0.000,0.000,0.000,0.000,0,0,0,,0,0,0,5.780,0,620,0.068,0.000,0.000,0.067,0.000,0.047,0.007,1,1,1,1,0,1,1,0,0,0,0,0,1.000,0.000,0.000,30,0,0.000,0,0,0,0.000,0.000,0.000,0.000,0.000,0.000,0.000,1.981,9.686,0,0,0,0,0,0,0,0,0.000,0.000,0.000,0.000,0.000,0.000,0,0.087,30.627,615,617,2241,31.237,67.068,29.237,67.068,14060.667,389,1,H.264,14.772,0,0,66.097,67.013,0.999,34.323,13.799,arrival-gap-jitter-spike,8112.306,0,1,1,1,1,22172.973,281.193,296.302,298.787,298.787,0,0,0,0,0,0,0,,,0,0,0,0,0,0,0,0,0,0,,9.909,0.000,12.987,0.000,0.000,0.000,120.000,,0.001,619,0.000,17.363,4.286,0.075,0.944,0.651,0.000,0.293,1,0,0,1,3,0.005,30.632,30.627,1.389,29.651,0.500,Loss,0,1,0,0.000,2,1,1,0,0.000,0.000,0.000,0,0,0,0,0,0,0,0
23.180,Baseline,Loopback,1,1,0,,,0.000,0,21,648,30.232,30.249,29.959,8.065,9.419,0.181,0.226,7.903,0.005,0.000,18983,93,101,8,8,0,0,8,0,8,0,0,8,645,0,0,0,0,0,5.000,0,0,0,0,0,0,0,0,0,0,0,0,0,0,0,0.000,0.000,0.000,,645,645,2345,0,1,39.901,66.097,40.981,67.013,0.000,0.000,644,644,803,653,0,0,4,24,648,1,completed,completed,H.264,0,1,24,24,0,0,0,0,0,0,0,0,19051,23,0,0,0,0,0,7.912,1,0,8,8,4,4,0.088,1.184,2.106,0,0,9,4,13,0,1,0,1.000,0.000,0.692,1.000,0.000,25.000,0.000,0.000,0.000,insufficient-sample,3,4,0,0,3,4,4,18,0,0,0,0,18,predicted-useful,fec-grace,676,0.000,5,13,4,0,4,0,0,26,26,26,26,1,2,1,2,0,0,0,balanced,0,0.146,24.339,32.432,24,24,2,2,0,0,0,0,32,2,5,0,1,9500000,1200000,11,0,11,19065,19050,23320757,9,9324,0,0,4,0,0,0,0,0.606,38.812,1040.250,4800.000,608,19064,18963,93,101,8,0.005,0.072,0.098,608,12000000,8007828,0.096,0.084,0.001,0.080,19064,4,4,18,0,4,0,0,0,0,0,0,0,1,0,4,118,24,24,0,0,0,0,0,,disabled,,0,0,0,0,,1,Fixed Quality,Hybrid,85,30,9500,12000,640,360,H.264,480,270,518400,28176,518400,28176,0.054,0.000,,0,0,0.000,2.464,0.000,0.000,0.240,7250,6750,6750,4,4,0,1,9500,1.000,0,17.645,2.515,1,1,0.000,0.000,0,0,0,0,0.077,0.615,0.308,1,0,0,disabled,24,0,0,large-au-observed,0,,0,0,19.459,23.727,0,,0.000,0.000,0.000,0.000,0,0,0,,0,0,0,6.145,0,649,0.239,0.000,0.000,0.239,0.000,0.214,0.008,1,1,1,1,0,1,1,0,0,0,0,0,1.000,0.000,0.000,30,0,0.000,0,0,0,0.000,0.000,0.000,0.000,0.000,0.000,0.000,2.214,10.033,0,0,0,0,0,0,0,0,0.000,0.000,0.000,0.000,0.000,0.000,0,0.083,30.249,644,645,2345,40.878,67.068,29.237,67.068,14060.667,389,1,H.264,14.772,0,0,66.097,67.013,0.999,34.323,13.799,arrival-gap-jitter-spike,9119.121,0,1,1,1,1,23179.788,281.193,296.302,298.787,298.787,0,0,0,0,0,0,0,,,0,0,0,0,0,0,0,0,0,0,,9.020,0.000,11.854,0.000,0.000,0.000,120.000,,0.000,648,0.000,15.405,3.465,0.071,0.926,0.656,0.000,0.270,1,0,0,1,3,0.005,30.232,30.249,7.903,29.959,0.500,Loss,0,1,0,0.000,3,1,1,0,0.000,0.000,0.000,0,0,0,0,0,0,0,0
24.187,Baseline,Loopback,1,1,0,,,0.000,0,21,677,29.243,29.230,28.784,9.649,9.426,0.158,0.223,3.905,0.005,0.000,19827,101,109,8,8,0,0,8,0,8,0,0,8,674,0,0,0,0,0,5.000,0,0,0,0,0,0,0,0,0,0,0,0,0,0,0,0.000,0.000,0.000,,674,674,2446,0,1,29.333,66.097,30.291,67.013,0.000,0.000,673,673,844,682,0,0,4,26,677,1,completed,completed,H.264,0,1,24,24,0,0,0,0,0,0,0,0,19922,23,0,0,0,0,0,8.834,1,0,8,8,4,4,0.088,1.184,2.106,0,0,9,4,13,0,1,0,1.000,0.000,0.692,1.000,0.000,25.000,0.000,0.000,0.000,insufficient-sample,3,4,0,0,3,4,4,18,0,0,0,0,18,predicted-useful,fec-grace,707,0.000,5,13,4,0,4,0,0,28,28,28,28,1,2,1,2,0,0,0,balanced,0,0.146,24.339,32.432,26,26,2,2,0,0,0,0,34,2,5,0,1,9500000,1200000,0,0,0,19905,19901,24362743,9,9324,0,0,4,0,0,0,0,22.011,38.812,11259.875,4800.000,635,19928,19819,101,109,8,0.005,0.131,0.119,635,12000000,8647383,0.095,0.063,0.003,0.088,19928,4,4,18,0,4,0,0,0,0,0,0,0,1,0,4,128,26,26,0,0,0,0,0,,disabled,,0,0,0,0,,1,Fixed Quality,Hybrid,85,30,9500,12000,640,360,H.264,480,270,518400,0,518400,28178,0.054,0.000,,0,0,0.000,5.004,0.000,4.241,0.740,7250,6750,6750,4,4,0,1,9500,1.000,0,22.011,2.733,0,1,0.000,0.000,0,0,0,0,0.077,0.615,0.308,1,0,0,disabled,0,0,0,async-output-pending,0,,0,0,0.000,0.000,0,,22.011,11259.875,45673.077,0.000,0,0,0,,0,0,0,0.000,1,0,0.730,0.187,0.541,0.000,0.000,0.000,0.000,0,0,1,1,1,0,0,1,1,0,1,0,0.860,26.503,0.000,26,0,0.000,0,0,0,0.000,0.000,0.000,0.000,0.000,0.000,0.000,0.000,10.089,0,0,0,0,0,0,0,0,0.000,0.000,0.000,0.000,0.000,0.000,0,0.087,29.230,673,674,2446,30.268,67.068,29.237,67.068,14060.667,389,1,H.264,14.772,0,0,66.097,67.013,0.999,34.323,13.799,arrival-gap-jitter-spike,10126.082,0,1,1,1,1,24186.749,281.193,296.302,298.787,298.787,0,0,0,0,0,0,0,,,0,0,0,0,0,0,0,0,0,0,,10.309,0.000,13.222,0.000,0.000,0.000,120.000,,0.001,677,0.000,16.510,3.198,0.072,0.998,0.696,0.000,0.302,1,0,0,1,3,0.005,29.243,29.230,3.905,28.784,0.500,Loss,0,1,0,0.000,2,1,1,0,0.000,0.000,0.000,0,0,0,0,0,0,0,0
25.188,Baseline,Loopback,1,1,0,,,0.000,0,21,706,29.173,29.201,29.243,8.961,9.406,0.175,0.221,3.947,0.005,0.000,20690,106,114,8,8,0,0,8,0,8,0,0,8,703,0,0,0,0,0,5.000,0,0,0,0,0,0,0,0,0,0,0,0,0,0,0,0.000,0.000,0.000,,703,703,2549,0,1,29.413,66.097,30.331,67.013,0.000,0.000,702,701,873,711,0,0,4,26,706,1,completed,completed,H.264,0,1,24,24,0,0,0,0,0,0,0,0,20793,23,0,0,0,0,0,8.819,1,0,8,8,4,4,0.088,1.184,2.106,0,0,9,4,13,0,1,0,1.000,0.000,0.692,1.000,0.000,25.000,0.000,0.000,0.000,insufficient-sample,3,4,0,0,3,4,4,18,0,0,0,0,18,predicted-useful,fec-grace,736,0.000,5,13,4,0,4,0,0,28,28,28,28,1,2,1,2,0,0,0,balanced,0,0.146,24.339,32.432,26,26,2,2,0,0,0,0,34,2,5,0,1,9500000,1200000,3,0,3,20775,20768,25424609,9,9324,0,0,4,0,0,0,0,8.667,38.812,1239.688,4800.000,662,20792,20678,106,114,8,0.005,0.068,0.083,662,11374994,8559987,0.109,0.053,0.014,0.081,20792,4,4,18,0,4,0,0,0,0,0,0,0,1,0,4,128,26,26,0,0,0,0,0,,disabled,,0,0,0,0,,1,Fixed Quality,Hybrid,85,30,9500,12000,640,360,H.264,480,270,518400,28178,518400,28178,0.054,0.000,,0,0,0.000,1.829,0.000,0.000,0.069,7250,6750,6750,4,4,0,1,9500,1.000,0,14.769,2.875,1,1,0.000,0.000,0,0,0,0,0.077,0.615,0.308,1,0,0,disabled,24,0,0,large-au-observed,0,,0,0,18.730,23.729,0,,0.000,0.000,0.000,0.000,0,0,0,,0,0,0,5.449,0,706,0.069,0.000,0.000,0.068,0.000,0.047,0.007,1,1,1,1,0,1,1,0,0,0,0,0,1.000,0.000,0.000,30,0,0.000,0,0,0,0.000,0.000,0.000,0.000,0.000,0.000,0.000,1.754,9.635,0,0,0,0,0,0,0,0,0.000,0.000,0.000,0.000,0.000,0.000,0,0.095,29.201,702,703,2549,30.361,67.068,29.237,67.068,14060.667,389,1,H.264,14.772,0,0,66.097,67.013,0.999,34.323,13.799,arrival-gap-jitter-spike,11127.244,0,1,1,1,1,25187.911,281.193,296.302,298.787,298.787,0,0,0,0,0,0,0,,,0,0,0,0,0,0,0,0,0,0,,9.717,0.000,12.505,3.400,0.000,16.071,120.000,,0.000,705,0.000,16.912,4.327,0.073,1.132,0.786,0.000,0.346,1,0,0,1,3,0.005,29.173,29.201,3.947,29.243,0.000,None,0,1,0,0.000,2,1,1,0,0.000,0.000,0.000,0,0,0,0,0,0,0,0
26.194,Baseline,Loopback,1,1,0,,,0.000,0,21,734,28.187,28.190,28.419,8.257,9.377,0.083,0.215,6.649,0.005,0.000,21531,109,117,8,8,0,0,8,0,8,0,0,8,731,0,0,0,0,0,5.000,0,0,0,0,0,0,0,0,0,0,0,0,0,0,0,0.000,0.000,0.000,,731,731,2652,0,1,40.970,66.097,42.126,67.013,0.000,0.000,730,730,907,739,0,0,4,27,734,1,completed,completed,H.264,0,1,24,24,0,0,0,0,0,0,0,0,21634,23,0,0,0,0,0,8.095,1,0,8,8,4,4,0.088,1.184,2.106,0,0,9,4,13,0,1,0,1.000,0.000,0.692,1.000,0.000,25.000,0.000,0.000,0.000,insufficient-sample,3,4,0,0,3,4,4,18,0,0,0,0,18,predicted-useful,fec-grace,765,0.000,5,13,4,0,4,0,0,29,29,29,29,1,2,1,2,0,0,0,balanced,0,0.146,24.339,32.432,27,27,2,2,0,0,0,0,35,2,5,0,1,9500000,1200000,0,0,0,21615,21611,26457241,9,9324,0,0,4,0,0,0,0,17.241,38.812,8028.312,4800.000,688,21618,21501,109,117,8,0.005,0.078,0.111,688,12000000,11896005,0.102,0.015,0.003,0.071,21618,4,4,18,0,4,0,0,0,0,0,0,0,1,0,4,133,27,27,0,0,0,0,0,,disabled,,0,0,0,0,,1,Fixed Quality,Hybrid,85,30,9500,12000,640,360,H.264,480,270,518400,28176,518400,28176,0.054,0.000,,0,0,0.000,2.079,0.000,0.000,0.072,7250,6750,6750,4,4,0,1,9500,1.000,0,17.241,2.955,0,1,0.000,0.000,0,0,0,0,0.077,0.615,0.308,1,0,0,disabled,24,0,0,large-au-observed,0,,0,0,15.618,23.727,0,,0.000,0.000,0.000,0.000,0,0,0,,0,0,0,6.195,0,734,0.072,0.000,0.000,0.072,0.000,0.045,0.011,1,1,1,1,0,1,1,0,0,0,1,0,0.860,61.831,0.000,26,0,0.000,0,0,0,0.000,0.000,0.000,0.000,0.000,0.000,0.000,1.999,19.654,0,0,0,0,0,0,0,0,0.000,0.000,0.000,0.000,0.000,0.000,0,0.119,28.190,730,731,2652,41.956,67.068,29.237,67.068,14060.667,389,1,H.264,14.772,0,0,66.097,67.013,0.999,34.323,13.799,arrival-gap-jitter-spike,12133.849,0,1,1,1,1,26194.516,281.193,296.302,298.787,298.787,0,0,0,0,0,0,0,,,0,0,0,0,0,0,0,0,0,0,,9.460,0.000,12.309,0.000,0.000,0.000,120.000,,0.001,734,0.000,16.199,3.766,0.070,0.819,0.457,0.000,0.362,1,0,0,1,3,0.005,28.187,28.190,6.649,28.419,0.500,Loss,0,1,0,0.000,2,1,1,0,0.000,0.000,0.000,0,0,0,0,0,0,0,0
27.200,Baseline,Loopback,1,1,0,,,0.000,0,21,764,30.190,30.195,29.917,8.607,9.344,0.109,0.211,2.882,0.005,0.000,22424,113,121,8,8,0,0,8,0,8,0,0,8,761,0,0,0,0,0,5.000,0,0,0,0,0,0,0,0,0,0,0,0,0,0,0,0.000,0.000,0.000,,761,761,2752,0,1,29.157,66.097,30.241,67.013,0.000,0.000,760,760,937,769,0,0,4,27,764,1,completed,completed,H.264,0,1,24,24,0,0,0,0,0,0,0,0,22535,23,0,0,0,0,0,8.207,1,0,8,8,4,4,0.088,1.184,2.106,0,0,9,4,13,0,1,0,1.000,0.000,0.692,1.000,0.000,25.000,0.000,0.000,0.000,insufficient-sample,3,4,0,0,3,4,4,18,0,0,0,0,18,predicted-useful,fec-grace,795,0.000,5,13,4,0,4,0,0,29,29,29,29,1,2,1,2,0,0,0,balanced,0,0.146,24.339,32.432,27,27,2,2,0,0,0,0,35,2,5,0,1,9500000,1200000,4,0,4,22515,22507,27554601,9,9324,0,0,4,0,0,0,0,8.220,38.812,1049.688,4800.000,716,22514,22393,113,121,8,0.005,0.105,0.160,716,12000000,9208236,0.093,0.017,0.001,0.075,22514,4,4,18,0,4,0,0,0,0,0,0,0,1,0,4,133,27,27,0,0,0,0,0,,disabled,,0,0,0,0,,1,Fixed Quality,Hybrid,85,30,9500,12000,640,360,H.264,480,270,518400,28176,518400,28176,0.054,0.000,,0,0,0.000,1.889,0.000,0.000,0.073,7250,6750,6750,4,4,0,1,9500,1.000,0,12.347,3.059,1,1,0.000,0.000,0,0,0,0,0.077,0.615,0.308,1,0,0,disabled,24,0,0,large-au-observed,0,,0,0,17.748,23.727,0,,0.000,0.000,0.000,0.000,0,0,0,,0,0,0,6.179,0,764,0.073,0.000,0.000,0.073,0.000,0.048,0.007,1,1,1,1,0,1,1,0,0,0,0,0,1.000,0.000,0.000,30,0,0.000,0,0,0,0.000,0.000,0.000,0.000,0.000,0.000,0.000,1.809,10.142,0,0,0,0,0,0,0,0,0.000,0.000,0.000,0.000,0.000,0.000,0,0.094,30.195,760,761,2752,30.324,67.068,29.237,67.068,14060.667,389,1,H.264,14.772,0,0,66.097,67.013,0.999,34.323,13.799,arrival-gap-jitter-spike,13139.599,0,1,1,1,1,27200.266,281.193,296.302,298.787,298.787,0,0,0,0,0,0,0,,,0,0,0,0,0,0,0,0,0,0,,10.076,0.000,12.929,0.000,0.000,0.000,120.000,,0.000,764,0.000,14.843,1.817,0.074,0.827,0.555,0.000,0.272,1,0,0,1,3,0.005,30.190,30.195,2.882,29.917,0.000,None,0,1,0,0.000,2,1,1,0,0.000,0.000,0.000,0,0,0,0,0,0,0,0
28.203,Baseline,Loopback,1,1,0,,,0.000,0,21,794,29.806,29.791,29.811,8.450,9.377,0.109,0.211,0.419,0.005,0.000,23325,114,122,8,8,0,0,8,0,8,0,0,8,791,0,0,0,0,0,5.000,0,0,0,0,0,0,0,0,0,0,0,0,0,0,0,0.000,0.000,0.000,,791,791,2855,0,1,33.048,66.097,33.970,67.013,0.000,0.000,790,790,967,799,0,0,4,27,794,1,completed,completed,H.264,0,1,24,24,0,0,0,0,0,0,0,0,23436,23,0,0,0,0,0,8.011,1,0,8,8,4,4,0.088,1.184,2.106,0,0,9,4,13,0,1,0,1.000,0.000,0.692,1.000,0.000,25.000,0.000,0.000,0.000,insufficient-sample,3,4,0,0,3,4,4,18,0,0,0,0,18,predicted-useful,fec-grace,825,0.000,5,13,4,0,4,0,0,29,29,29,29,1,2,1,2,0,0,0,balanced,0,0.146,24.339,32.432,27,27,2,2,0,0,0,0,35,2,5,0,1,9500000,1200000,3,0,3,23415,23408,28658221,9,9324,0,0,4,0,0,0,0,8.118,38.812,568.375,4800.000,745,23438,23316,114,122,8,0.005,0.018,0.017,745,12000000,9508853,0.132,0.017,0.000,0.110,23438,4,4,18,0,4,0,0,0,0,0,0,0,1,0,4,133,27,27,0,0,0,0,0,,disabled,,0,0,0,0,,1,Fixed Quality,Hybrid,85,30,9500,12000,640,360,H.264,480,270,518400,28176,518400,28176,0.054,0.000,,0,0,0.000,2.029,0.000,0.000,0.073,7250,6750,6750,4,4,0,1,9500,1.000,0,12.013,3.241,1,1,0.000,0.000,0,0,0,0,0.077,0.615,0.308,1,0,0,disabled,24,0,0,large-au-observed,0,,0,0,18.059,23.727,0,,0.000,0.000,0.000,0.000,0,0,0,,0,0,0,6.557,0,794,0.073,0.000,0.000,0.073,0.000,0.048,0.008,1,1,1,1,0,1,1,0,0,0,0,0,1.000,0.000,0.000,30,0,0.000,0,0,0,0.000,0.000,0.000,0.000,0.000,0.000,0.000,1.946,10.440,0,0,0,0,0,0,0,0,0.000,0.000,0.000,0.000,0.000,0.000,0,0.084,29.791,790,791,2855,34.050,67.068,29.237,67.068,14060.667,389,1,H.264,14.772,0,0,66.097,67.013,0.999,34.323,13.799,arrival-gap-jitter-spike,14142.003,0,1,1,1,1,28202.670,281.193,296.302,298.787,298.787,0,0,0,0,0,0,0,,,0,0,0,0,0,0,0,0,0,0,,9.750,0.000,12.665,0.000,0.000,0.000,120.000,,0.001,794,0.000,16.128,3.376,0.089,1.162,0.853,0.000,0.308,1,0,0,1,3,0.005,29.806,29.791,0.419,29.811,0.000,None,0,0,0,0.000,0,0,0,0,0.000,0.000,0.000,0,0,0,0,0,0,0,0
29.208,Baseline,Loopback,1,1,0,,,0.000,0,21,823,28.427,28.422,28.441,8.169,9.384,0.162,0.209,15.249,0.005,0.000,24199,119,127,8,13,0,0,13,0,13,0,0,8,820,0,0,0,0,0,5.000,0,0,0,0,0,0,0,0,0,0,0,0,0,0,0,0.000,0.000,0.000,,820,820,2957,0,1,18.695,66.097,19.929,67.013,0.000,0.000,819,819,1015,833,0,0,5,29,823,1,completed,completed,H.264,0,1,24,24,0,0,0,0,0,0,0,0,24312,23,0,0,0,0,0,8.037,1,0,13,13,8,5,0.106,1.165,2.106,0,0,14,4,18,0,1,0,1.000,0.000,0.778,1.000,0.000,29.000,0.000,1.000,0.000,insufficient-sample,3,4,0,0,3,4,5,23,0,0,0,0,23,predicted-useful,fec-grace,858,0.000,7,18,4,0,4,0,0,30,30,30,30,1,2,1,2,0,0,0,balanced,0,0.132,20.570,28.668,27,27,3,3,0,0,0,0,36,3,7,0,1,9500000,1200000,0,0,0,24290,24286,29733199,14,14922,0,0,4,0,0,0,0,17.811,38.812,8192.188,4800.000,772,24299,24172,119,127,8,0.005,0.145,0.085,772,12000000,8823499,0.088,0.024,0.001,0.099,24299,5,5,23,0,5,0,0,0,0,0,0,0,1,0,4,144,29,29,0,0,0,0,0,,disabled,,0,0,0,0,,1,Fixed Quality,Hybrid,85,30,9500,12000,640,360,H.264,480,270,518400,0,518400,28178,0.054,0.000,,0,0,0.000,4.936,0.000,4.221,0.694,7250,6750,6750,4,4,0,1,9500,1.000,0,17.811,3.444,0,1,0.000,0.000,0,0,0,0,0.056,0.722,0.222,1,0,0,disabled,0,0,0,async-output-pending,0,,0,0,0.000,0.000,0,,17.811,8192.188,39583.333,0.000,0,0,0,,0,0,0,0.000,1,0,0.642,0.177,0.464,0.000,0.000,0.000,0.000,0,0,1,1,1,0,0,1,1,0,0,0,1.000,0.000,0.000,30,0,0.000,0,0,0,0.000,0.000,0.000,0.000,0.000,0.000,0.000,0.000,30.070,0,0,0,0,0,0,0,0,0.000,0.000,0.000,0.000,0.000,0.000,0,0.100,28.422,819,820,2957,19.635,67.068,29.237,67.068,14060.667,389,1,H.264,14.772,0,0,66.097,67.013,0.999,34.323,13.799,arrival-gap-jitter-spike,15146.993,0,1,1,1,1,29207.660,281.193,296.302,298.787,298.787,0,0,0,0,0,0,0,,,0,0,0,0,0,0,0,0,0,0,,11.535,0.000,14.391,0.000,0.000,0.000,120.000,,0.000,823,0.000,18.015,3.520,0.072,0.850,0.555,0.000,0.295,1,0,0,1,3,0.005,28.427,28.422,15.249,28.441,1.000,RecoveryDeadline,0,0,0,0.000,0,0,0,0,0.000,0.000,0.000,0,0,0,0,0,0,0,0
30.214,Baseline,Loopback,1,1,0,,,0.000,0,21,852,27.785,27.777,27.993,8.138,9.347,0.182,0.208,3.703,0.005,0.000,25067,122,130,8,13,0,0,13,0,13,0,0,8,849,0,0,0,0,0,5.000,0,0,0,0,0,0,0,0,0,0,0,0,0,0,0,0.000,0.000,0.000,,849,849,3060,0,1,38.567,66.097,39.694,67.013,0.000,0.000,848,848,1050,862,0,0,5,30,852,1,completed,completed,H.264,0,1,24,24,0,0,0,0,0,0,0,0,25183,23,0,0,0,0,0,7.969,1,0,13,13,8,5,0.106,1.165,2.106,0,0,14,4,18,0,1,0,1.000,0.000,0.778,1.000,0.000,25.000,0.000,0.000,0.000,insufficient-sample,3,4,0,0,3,4,5,23,0,0,0,0,23,predicted-useful,fec-grace,888,0.000,7,18,4,0,4,0,0,31,31,31,31,1,2,1,2,0,0,0,balanced,0,0.132,20.570,28.668,28,28,3,3,0,0,0,0,37,3,7,0,1,9500000,1200000,0,0,0,25160,25156,30798821,14,14922,0,0,4,0,0,0,0,17.850,38.812,8998.875,4800.000,800,25194,25064,122,130,8,0.005,0.082,0.082,800,12000000,8121133,0.101,0.023,0.000,0.089,25194,5,5,23,0,5,0,0,0,0,0,0,0,1,0,4,149,30,30,0,0,0,0,0,,disabled,,0,0,0,0,,1,Fixed Quality,Hybrid,85,30,9500,12000,640,360,H.264,480,270,518400,28178,518400,28178,0.054,0.000,,0,0,0.000,2.108,0.000,0.000,0.088,7250,6750,6750,4,4,0,1,9500,1.000,0,17.850,3.523,0,1,0.000,0.000,0,0,0,0,0.056,0.722,0.222,1,0,0,disabled,24,0,0,large-au-observed,0,,0,0,17.246,23.729,0,,0.000,0.000,0.000,0.000,0,0,0,,0,0,0,5.694,0,852,0.088,0.000,0.000,0.087,0.000,0.060,0.009,1,1,1,1,0,1,1,0,0,0,0,0,1.000,0.000,0.000,30,0,0.000,0,0,0,0.000,0.000,0.000,0.000,0.000,0.000,0.000,2.012,20.329,0,0,0,0,0,0,0,0,0.000,0.000,0.000,0.000,0.000,0.000,0,0.103,27.777,848,849,3060,39.592,67.068,29.237,67.068,14060.667,389,1,H.264,14.772,0,0,66.097,67.013,0.999,34.323,13.799,arrival-gap-jitter-spike,16153.760,0,1,1,1,1,30214.427,281.193,296.302,298.787,298.787,0,0,0,0,0,0,0,,,0,0,0,0,0,0,0,0,0,0,,9.038,0.000,11.957,0.000,0.000,0.000,120.000,,0.000,852,0.000,15.904,3.839,0.071,0.903,0.613,0.000,0.289,1,0,0,1,3,0.005,27.785,27.777,3.703,27.993,0.500,Loss,0,1,0,0.000,4,1,1,0,0.000,0.000,0.000,0,0,0,0,0,0,0,0
31.221,Baseline,Loopback,1,1,0,,,0.000,0,21,880,24.857,24.844,25.029,21.084,9.481,0.085,0.204,0.704,0.005,0.000,25873,125,146,21,20,0,4,16,0,16,0,0,21,875,0,0,0,0,0,5.000,0,0,0,0,0,0,0,0,0,0,0,0,0,0,0,0.000,0.000,0.000,,875,875,3140,0,1,35.086,66.097,36.079,67.013,0.000,0.000,874,874,1091,891,0,0,7,31,880,1,completed,completed,H.264,0,1,24,24,0,0,0,0,0,0,0,0,25971,23,0,0,0,0,0,20.868,1,4,16,16,8,8,0.106,1.179,2.106,0,0,21,4,25,0,1,0,0.200,0.800,0.840,1.000,0.000,29.000,0.000,0.000,0.000,insufficient-sample,3,4,0,0,3,4,7,40,0,0,0,0,40,predicted-useful,fec-grace,918,0.000,9,25,4,0,4,0,0,32,32,32,32,2,12,2,12,0,0,0,balanced,0,0.243,23.534,31.634,29,29,3,3,0,0,0,0,48,3,9,0,1,9500000,1200000,9,0,9,25977,25964,31788413,21,23006,1,1244,4,0,0,0,0,2.258,38.812,162.500,4800.000,826,26000,25854,125,146,21,0.005,0.088,0.098,826,12000000,11210564,0.097,-0.006,0.008,0.070,26000,7,7,40,0,7,0,0,0,0,0,0,0,1,0,4,154,31,31,0,0,0,0,0,,disabled,,0,0,0,0,,1,Fixed Quality,Hybrid,85,30,9500,12000,640,360,H.264,480,270,518400,28178,518400,28178,0.054,0.000,,0,0,0.000,1.921,0.000,0.000,0.096,7250,6750,6750,4,4,0,1,9500,1.000,0,18.385,4.092,1,1,0.000,0.000,0,0,0,0,0.040,0.800,0.160,1,0,0,disabled,24,0,0,large-au-observed,0,,0,0,20.324,23.729,0,,0.000,0.000,0.000,0.000,0,0,0,,0,0,0,10.961,0,881,0.096,0.000,0.000,0.096,0.000,0.071,0.008,1,1,1,1,0,1,1,0,0,0,0,0,1.000,0.000,0.000,30,0,0.000,0,0,0,0.000,0.000,0.000,0.000,0.000,0.000,0.000,1.816,15.410,0,0,0,0,0,0,0,0,0.000,0.000,0.000,0.000,0.000,0.000,0,0.099,24.844,874,875,3140,36.351,67.068,29.237,67.068,14060.667,389,1,H.264,14.772,0,0,66.097,67.013,0.999,34.323,13.799,arrival-gap-jitter-spike,17160.790,0,1,1,1,1,31221.457,281.193,296.302,298.787,298.787,0,0,0,0,0,0,0,,,0,0,0,0,0,0,0,0,0,0,,15.005,0.000,17.925,0.000,0.000,0.000,120.000,,0.001,880,0.000,22.257,4.226,0.091,0.683,0.438,0.000,0.245,1,0,0,1,3,0.005,24.857,24.844,0.704,25.029,0.500,Loss,0,1,0,0.000,3,1,1,0,0.000,0.000,0.000,0,0,0,0,0,0,0,0
32.221,Baseline,Loopback,1,1,0,,,0.000,0,21,909,30.543,30.553,30.441,7.555,9.540,0.085,0.204,6.773,0.005,0.000,26717,131,152,21,20,0,4,16,0,16,0,0,21,904,0,0,0,0,0,5.000,0,0,0,0,0,0,0,0,0,0,0,0,0,0,0,0.000,0.000,0.000,,904,904,3232,0,1,38.233,66.097,39.514,67.013,0.000,0.000,903,903,1131,920,0,0,7,33,909,1,completed,completed,H.264,0,1,24,24,0,0,0,0,0,0,0,0,26842,23,0,0,0,0,0,7.394,1,4,16,16,8,8,0.106,1.179,2.106,0,0,21,4,25,0,1,0,0.200,0.800,0.840,1.000,0.000,25.000,0.000,0.000,0.000,insufficient-sample,3,4,0,0,3,4,7,40,0,0,0,0,40,predicted-useful,fec-grace,949,0.000,9,25,4,0,4,0,0,34,34,34,34,2,12,2,12,0,0,0,balanced,0,0.243,23.534,31.634,31,31,3,3,0,0,0,0,50,3,9,0,1,9500000,1200000,0,0,0,26817,26813,32827911,21,23006,1,1244,4,0,0,0,0,16.752,38.812,7683.938,4800.000,853,26864,26712,131,152,21,0.005,0.121,0.174,853,12000000,8627412,0.113,-0.006,0.001,0.092,26864,7,7,40,0,7,0,0,0,0,0,0,0,1,0,4,163,33,33,0,0,0,0,0,,disabled,,0,0,0,0,,1,Fixed Quality,Hybrid,85,30,9500,12000,640,360,H.264,480,270,518400,0,518400,28176,0.054,0.000,,0,0,0.000,4.682,0.000,3.999,0.665,7250,6750,6750,4,4,0,1,9500,1.000,0,16.752,4.426,0,1,0.000,0.000,0,0,0,0,0.040,0.800,0.160,1,0,0,disabled,0,0,0,async-output-pending,0,,0,0,0.000,0.000,0,,16.752,7683.938,39583.333,0.000,0,0,0,,0,0,0,0.000,1,0,0.655,0.181,0.473,0.000,0.000,0.000,0.000,0,0,1,1,1,0,0,1,1,0,0,0,1.000,0.000,0.000,30,0,0.000,0,0,0,0.000,0.000,0.000,0.000,0.000,0.000,0.000,0.000,29.827,0,0,0,0,0,0,0,0,0.000,0.000,0.000,0.000,0.000,0.000,0,0.086,30.553,903,904,3232,39.263,67.068,29.237,67.068,14060.667,389,1,H.264,14.772,0,0,66.097,67.013,0.999,34.323,13.799,arrival-gap-jitter-spike,18160.845,0,1,1,1,1,32221.512,281.193,296.302,298.787,298.787,0,0,0,0,0,0,0,,,0,0,0,0,0,0,0,0,0,0,,9.930,0.000,12.717,0.000,0.000,0.000,120.000,,0.001,909,0.000,16.146,3.339,0.072,0.953,0.659,0.000,0.294,1,0,0,1,3,0.005,30.543,30.553,6.773,30.441,0.500,Loss,0,1,0,0.000,3,1,1,0,0.000,0.000,0.000,0,0,0,0,0,0,0,0
33.229,Baseline,Loopback,1,1,0,,,0.000,0,21,938,29.996,29.066,29.192,8.552,9.519,0.087,0.202,8.155,0.005,0.000,27582,137,158,21,20,0,4,16,0,16,0,0,21,933,0,0,0,0,0,5.000,0,0,0,0,0,0,0,0,0,0,0,0,0,0,0,0.000,0.000,0.000,,933,933,3337,0,1,40.459,66.097,41.493,67.013,0.000,0.000,932,932,1166,949,0,0,7,34,938,1,completed,completed,H.264,0,1,24,24,0,0,0,0,0,0,0,0,27713,23,0,0,0,0,0,8.380,1,4,16,16,8,8,0.106,1.179,2.106,0,0,21,4,25,0,1,0,0.200,0.800,0.840,1.000,0.000,25.000,0.000,0.000,0.000,insufficient-sample,3,4,0,0,3,4,7,40,0,0,0,0,40,predicted-useful,fec-grace,979,0.000,9,25,4,0,4,0,0,35,35,35,35,2,12,2,12,0,0,0,balanced,0,0.243,23.534,31.634,32,32,3,3,0,0,0,0,51,3,9,0,1,9500000,1200000,0,0,0,27687,27683,33893535,21,23006,1,1244,4,0,0,0,0,18.299,38.812,9260.125,4800.000,880,27726,27568,137,158,21,0.005,0.083,0.128,880,11746336,8501330,0.139,0.093,0.006,0.144,27726,7,7,40,0,7,0,0,0,0,0,0,0,1,0,4,168,34,34,0,0,0,0,0,,disabled,,0,0,0,0,,1,Fixed Quality,Hybrid,85,30,9500,12000,640,360,H.264,480,270,518400,28178,518400,28178,0.054,0.000,,0,0,0.000,2.095,0.000,0.000,0.131,7250,6750,6750,4,4,0,1,9500,1.000,0,18.299,4.588,0,1,0.000,0.000,0,0,0,0,0.040,0.800,0.160,1,0,0,disabled,24,0,0,large-au-observed,0,,0,0,13.295,23.729,0,,0.000,0.000,0.000,0.000,0,0,0,,0,0,0,6.434,0,938,0.131,0.000,0.000,0.130,0.000,0.095,0.008,1,1,1,1,0,1,1,0,0,0,0,0,1.000,0.000,0.000,30,0,0.000,0,0,0,0.000,0.000,0.000,0.000,0.000,0.000,0.000,1.950,20.923,0,0,0,0,0,0,0,0,0.000,0.000,0.000,0.000,0.000,0.000,0,0.099,29.066,932,933,3337,41.542,67.068,29.237,67.068,14060.667,389,1,H.264,14.772,0,0,66.097,67.013,0.999,34.323,13.799,arrival-gap-jitter-spike,19167.999,0,1,1,1,1,33228.666,281.193,296.302,298.787,298.787,0,0,0,0,0,0,0,,,0,0,0,0,0,0,0,0,0,0,,10.386,0.000,13.332,0.000,0.000,0.000,120.000,,0.000,938,0.000,16.624,3.190,0.071,0.876,0.599,0.000,0.278,1,0,0,1,3,0.005,29.996,29.066,8.155,29.192,0.500,Loss,0,1,0,0.000,2,1,1,0,0.000,0.000,0.000,0,0,0,0,0,0,0,0
34.236,Baseline,Loopback,1,1,0,,,0.000,0,21,967,29.723,29.863,29.867,8.118,9.490,0.087,0.202,4.007,0.005,0.000,28470,139,160,21,20,0,4,16,0,16,0,0,21,962,0,0,0,0,0,5.000,0,0,0,0,0,0,0,0,0,0,0,0,0,0,0,0.000,0.000,0.000,,962,962,3439,0,1,28.483,66.097,29.637,67.013,0.000,0.000,961,961,1195,978,0,0,7,34,967,1,completed,completed,H.264,0,1,24,24,0,0,0,0,0,0,0,0,28584,23,0,0,0,0,0,7.880,1,4,16,16,8,8,0.106,1.179,2.106,0,0,21,4,25,0,1,0,0.200,0.800,0.840,1.000,0.000,25.000,0.000,0.000,0.000,insufficient-sample,3,4,0,0,3,4,7,40,0,0,0,0,40,predicted-useful,fec-grace,1008,0.000,9,25,4,0,4,0,0,35,35,35,35,2,12,2,12,0,0,0,balanced,0,0.243,23.534,31.634,32,32,3,3,0,0,0,0,51,3,9,0,1,9500000,1200000,11,0,11,28587,28572,34982793,21,23006,1,1244,4,0,0,0,0,0.678,38.812,965.438,4800.000,907,28589,28429,139,160,21,0.005,0.172,0.166,907,12000000,9094763,0.160,0.093,0.006,0.128,28589,7,7,40,0,7,0,0,0,0,0,0,0,1,0,4,168,34,34,0,0,0,0,0,,disabled,,0,0,0,0,,1,Fixed Quality,Hybrid,85,30,9500,12000,640,360,H.264,480,270,518400,28178,518400,28178,0.054,0.000,,0,0,0.000,2.134,0.000,0.000,0.068,7250,6750,6750,4,4,0,1,9500,1.000,0,15.721,4.733,1,1,0.000,0.000,0,0,0,0,0.040,0.800,0.160,1,0,0,disabled,24,0,0,large-au-observed,0,,0,0,17.890,23.729,0,,0.000,0.000,0.000,0.000,0,0,0,,0,0,0,5.638,0,968,0.068,0.000,0.000,0.068,0.000,0.046,0.007,1,1,1,1,0,1,1,0,0,0,0,0,1.000,0.000,0.000,30,0,0.000,0,0,0,0.000,0.000,0.000,0.000,0.000,0.000,0.000,2.058,9.995,0,0,0,0,0,0,0,0,0.000,0.000,0.000,0.000,0.000,0.000,0,0.083,29.863,961,962,3439,29.448,67.068,29.237,67.068,14060.667,389,1,H.264,14.772,0,0,66.097,67.013,0.999,34.323,13.799,arrival-gap-jitter-spike,20175.674,0,1,1,1,1,34236.341,281.193,296.302,298.787,298.787,0,0,0,0,0,0,0,,,0,0,0,0,0,0,0,0,0,0,,9.775,0.000,12.517,0.000,0.000,0.000,120.000,,0.000,967,0.000,16.815,4.208,0.073,0.938,0.643,0.000,0.296,1,0,0,1,3,0.005,29.723,29.863,4.007,29.867,0.000,None,0,1,0,0.000,2,1,1,0,0.000,0.000,0.000,0,0,0,0,0,0,0,0
35.242,Baseline,Loopback,1,1,0,,,0.000,0,21,996,29.893,29.703,29.546,18.508,9.502,1.174,0.231,16.664,0.005,0.000,29341,143,164,21,24,0,4,20,0,20,0,0,21,991,0,0,0,0,0,5.000,0,0,0,0,0,0,0,0,0,0,0,0,0,0,0,0.000,0.000,0.000,,991,991,3541,0,1,49.108,66.097,50.117,67.013,0.000,0.000,990,990,1248,1011,0,0,8,37,996,1,completed,completed,H.264,0,1,24,24,0,5,1,0,0,0,0,0,29459,23,0,0,0,0,0,18.276,1,4,20,20,12,8,0.117,1.168,2.106,0,0,25,4,29,0,1,0,0.200,0.800,0.862,1.000,0.000,28.000,0.000,0.000,0.000,insufficient-sample,3,4,0,0,3,4,8,46,0,0,0,0,46,predicted-useful,fec-grace,1041,0.000,10,29,4,0,4,0,0,37,37,37,37,3,14,3,14,0,0,0,balanced,0,0.245,22.154,30.258,34,34,3,3,0,0,0,0,55,4,12,0,1,9500000,1200000,11,0,11,29461,29446,36053391,25,27982,2,2488,4,0,0,0,0,0.608,38.812,207.812,4800.000,935,29485,29321,143,164,21,0.005,0.017,0.015,935,12000000,8768217,0.072,0.292,0.008,0.063,29485,8,8,46,0,8,0,0,0,0,0,0,0,1,0,4,184,37,37,0,0,0,0,0,,disabled,,0,0,0,0,,1,Fixed Quality,Hybrid,85,30,9500,12000,640,360,H.264,480,270,518400,28178,518400,28178,0.054,0.000,,0,0,0.000,2.027,0.000,0.000,0.069,7250,6750,6750,4,4,0,1,9500,1.000,0,14.087,4.921,1,1,0.000,0.000,0,0,0,0,0.034,0.828,0.138,1,0,0,disabled,24,0,0,large-au-observed,0,,0,0,17.662,23.729,0,,0.000,0.000,0.000,0.000,0,0,0,,0,0,0,5.804,0,997,0.068,0.000,0.000,0.068,0.000,0.045,0.007,1,1,1,1,0,1,1,0,0,0,0,0,1.000,0.000,0.000,30,0,0.000,0,0,0,0.000,0.000,0.000,0.000,0.000,0.000,0.000,1.949,9.959,0,0,0,0,0,0,0,0,0.000,0.000,0.000,0.000,0.000,0.000,0,0.080,29.703,990,991,3541,50.098,67.068,29.237,67.068,14060.667,389,1,H.264,14.772,0,0,66.097,67.013,0.999,34.323,13.799,arrival-gap-jitter-spike,21181.183,0,1,1,1,1,35241.850,281.193,296.302,298.787,298.787,0,0,0,0,0,0,0,,,0,0,0,0,0,0,0,0,0,0,,12.344,0.000,15.107,0.000,0.000,0.000,120.000,,0.000,996,0.000,18.842,3.652,0.070,0.907,0.611,0.000,0.295,1,0,0,1,3,0.005,29.893,29.703,16.664,29.546,0.500,Loss,0,1,0,0.000,2,1,1,0,0.000,0.000,0.000,0,0,0,0,0,0,0,0
36.249,Baseline,Loopback,1,1,0,,,0.000,0,21,1026,29.332,29.418,29.159,18.484,9.514,0.105,0.225,16.841,0.005,0.000,30218,148,169,21,24,0,4,20,0,20,0,0,21,1021,0,0,0,0,0,5.000,0,0,0,0,0,0,0,0,0,0,0,0,0,0,0,0.000,0.000,0.000,,1021,1021,3641,0,1,49.951,66.097,50.934,67.013,0.000,0.000,1020,1019,1290,1041,0,0,8,39,1026,1,completed,completed,H.264,0,1,24,24,0,5,1,0,0,0,0,0,30360,23,0,0,0,0,0,18.345,1,4,20,20,12,8,0.117,1.168,2.106,0,0,25,4,29,0,1,0,0.200,0.800,0.862,1.000,0.000,25.000,0.000,0.000,0.000,insufficient-sample,3,4,0,0,3,4,8,46,0,0,0,0,46,predicted-useful,fec-grace,1073,0.000,10,29,4,0,4,0,0,39,39,39,39,3,14,3,14,0,0,0,balanced,0,0.245,22.154,30.258,36,36,3,3,0,0,0,0,57,4,12,0,1,9500000,1200000,0,0,0,30331,30327,37132123,25,27982,2,2488,4,0,0,0,0,17.566,38.812,8444.312,4800.000,963,30381,30212,148,169,21,0.005,0.071,0.080,963,10617302,8257776,0.095,0.013,0.012,0.092,30381,8,8,46,0,8,0,0,0,0,0,0,0,1,0,4,194,39,39,0,0,0,0,0,,disabled,,0,0,0,0,,1,Fixed Quality,Hybrid,85,30,9500,12000,640,360,H.264,480,270,518400,28178,518400,28178,0.054,0.000,,0,0,0.000,2.060,0.000,0.000,0.105,7250,6750,6750,4,4,0,1,9500,1.000,0,17.566,5.003,0,1,0.000,0.000,0,0,0,0,0.034,0.828,0.138,1,0,0,disabled,24,0,0,large-au-observed,0,,0,0,17.881,23.729,0,,0.000,0.000,0.000,0.000,0,0,0,,0,0,0,6.094,0,1026,0.105,0.000,0.000,0.105,0.000,0.079,0.009,1,1,1,1,0,1,1,0,0,0,0,0,1.000,0.000,0.000,30,0,0.000,0,0,0,0.000,0.000,0.000,0.000,0.000,0.000,0.000,1.947,20.248,0,0,0,0,0,0,0,0,0.000,0.000,0.000,0.000,0.000,0.000,0,0.152,29.418,1020,1021,3641,51.204,67.068,29.237,67.068,14060.667,389,1,H.264,14.772,0,0,66.097,67.013,0.999,34.323,13.799,arrival-gap-jitter-spike,22188.140,0,1,1,1,1,36248.807,281.193,296.302,298.787,298.787,0,0,0,0,0,0,0,,,0,0,0,0,0,0,0,0,0,0,,11.632,0.000,14.466,0.976,0.000,23.712,120.000,,0.000,1025,0.000,16.827,4.228,0.074,0.892,0.605,0.000,0.286,1,0,0,1,3,0.005,29.332,29.418,16.841,29.159,0.500,Loss,0,1,0,0.500,2,1,1,0,0.000,0.000,0.000,0,0,0,0,0,0,0,0
37.256,Baseline,Loopback,1,1,0,,,0.000,0,21,1055,28.083,27.626,27.516,8.174,9.515,0.105,0.225,5.963,0.005,0.000,31058,155,176,21,28,0,4,24,0,24,0,0,21,1049,0,0,0,0,0,5.000,0,0,0,0,0,0,0,0,0,0,0,0,0,0,0,0.000,0.000,0.000,,1049,1049,3742,0,1,28.591,66.097,29.646,67.013,0.000,0.000,1048,1048,1334,1073,0,0,9,41,1055,1,completed,completed,H.264,0,1,24,24,0,0,0,0,0,0,0,0,31207,23,0,0,0,0,0,8.010,1,4,24,24,16,8,0.121,1.181,2.106,0,0,29,6,35,0,1,0,0.200,0.800,0.829,1.000,0.000,29.000,0.000,0.000,0.000,insufficient-sample,3,4,0,0,3,4,9,52,0,0,0,0,52,predicted-useful,fec-grace,1104,0.000,11,35,6,0,6,0,0,40,40,40,40,3,14,3,14,0,0,0,loss,1,0.246,21.084,29.191,37,37,3,3,0,0,0,0,60,5,15,0,1,9500000,1200000,0,0,0,31177,31171,38165975,29,32958,3,3732,6,0,0,0,0,17.609,38.812,7094.938,4800.000,989,31206,31030,155,176,21,0.005,0.071,0.093,989,12000000,10617225,0.096,0.013,0.006,0.086,31206,9,9,52,0,9,0,0,0,0,0,0,0,1,0,4,203,41,41,0,0,0,0,0,,disabled,,0,0,0,0,,1,Fixed Quality,Hybrid,85,30,9500,12000,640,360,H.264,480,270,518400,28178,518400,28178,0.054,0.000,,0,0,0.000,1.893,0.000,0.000,0.064,7250,6750,6750,4,4,0,1,9500,1.000,0,17.609,5.092,0,1,0.000,0.000,0,0,0,0,0.029,0.800,0.171,1,0,0,disabled,24,0,0,large-au-observed,0,,0,0,17.493,23.729,0,,0.000,0.000,0.000,0.000,0,0,0,,0,0,0,5.721,0,1055,0.064,0.000,0.000,0.063,0.000,0.044,0.006,1,1,1,1,0,1,1,0,0,0,0,0,1.000,0.000,0.000,30,0,0.000,0,0,0,0.000,0.000,0.000,0.000,0.000,0.000,0.000,1.821,31.019,0,0,0,0,0,0,0,0,0.000,0.000,0.000,0.000,0.000,0.000,0,0.089,27.626,1048,1049,3742,29.744,67.068,29.237,67.068,14060.667,389,1,H.264,14.772,0,0,66.097,67.013,0.999,34.323,13.799,arrival-gap-jitter-spike,23195.413,0,1,1,1,1,37256.080,281.193,296.302,298.787,298.787,0,0,0,0,0,0,0,,,0,0,0,0,0,0,0,0,0,0,,10.013,0.000,12.825,0.000,0.000,0.000,120.000,,0.000,1055,0.000,16.532,3.614,0.070,1.036,0.727,0.000,0.308,1,0,0,1,3,0.005,28.083,27.626,5.963,27.516,1.000,RecoveryDeadline,0,1,0,0.000,2,1,1,0,0.000,0.000,0.000,0,0,0,0,0,0,0,0
38.263,Baseline,Loopback,1,1,0,,,0.000,0,21,1084,29.109,30.254,29.991,8.433,9.517,0.192,0.224,5.934,0.005,0.000,31925,159,180,21,28,0,4,24,0,24,0,0,21,1078,0,0,0,0,0,5.000,0,0,0,0,0,0,0,0,0,0,0,0,0,0,0,0.000,0.000,0.000,,1078,1078,3845,0,1,39.167,66.097,40.288,67.013,0.000,0.000,1077,1077,1370,1102,0,0,9,42,1084,1,completed,completed,H.264,0,1,24,24,0,0,0,0,0,0,0,0,32078,23,0,0,0,0,0,8.299,1,4,24,24,16,8,0.121,1.181,2.106,0,0,29,6,35,0,1,0,0.200,0.800,0.829,1.000,0.000,25.000,0.000,0.000,0.000,insufficient-sample,4,5,0,0,4,5,9,52,0,0,0,0,52,predicted-useful,fec-grace,1134,0.000,11,35,6,0,6,0,0,41,41,41,41,3,14,3,14,0,0,0,loss,1,0.246,21.084,29.191,38,38,3,3,0,0,0,0,61,5,15,0,1,9500000,1200000,0,0,0,32047,32041,39231597,29,32958,3,3732,6,0,0,0,0,17.868,38.812,8832.250,4800.000,1017,32102,31922,159,180,21,0.005,0.046,0.085,1017,12000000,9010070,0.104,0.028,0.002,0.080,32102,9,9,52,0,9,0,0,0,0,0,0,0,1,0,4,208,42,42,0,0,0,0,0,,disabled,,0,0,0,0,,1,Fixed Quality,Hybrid,85,30,9500,12000,640,360,H.264,480,270,518400,28176,518400,28176,0.054,0.000,,0,0,0.000,1.871,0.000,0.000,0.072,7250,6750,6750,4,4,0,1,9500,1.000,0,17.868,5.187,0,1,0.000,0.000,0,0,0,0,0.029,0.800,0.171,1,0,0,disabled,24,0,0,large-au-observed,0,,0,0,18.296,23.727,0,,0.000,0.000,0.000,0.000,0,0,0,,0,0,0,5.950,0,1084,0.072,0.000,0.000,0.072,0.000,0.049,0.008,1,1,1,1,0,1,1,0,0,0,1,0,0.860,109.420,0.000,26,0,0.000,0,0,0,0.000,0.000,0.000,0.000,0.000,0.000,0.000,1.791,10.214,0,0,0,0,0,0,0,0,0.000,0.000,0.000,0.000,0.000,0.000,0,0.086,30.254,1077,1078,3845,40.379,67.068,29.237,67.068,14060.667,389,1,H.264,14.772,0,0,66.097,67.013,0.999,34.323,13.799,arrival-gap-jitter-spike,24202.207,0,1,1,1,1,38262.874,281.193,296.302,298.787,298.787,0,0,0,0,0,0,0,,,0,0,0,0,0,0,0,0,0,0,,9.890,0.000,12.623,0.000,0.000,0.000,120.000,,0.000,1084,0.000,16.221,3.500,0.072,0.805,0.484,0.000,0.321,1,0,0,1,3,0.005,29.109,30.254,5.934,29.991,0.500,Loss,0,1,0,0.000,3,1,1,0,0.000,0.000,0.000,0,0,0,0,0,0,0,0
39.269,Baseline,Loopback,1,1,0,,,0.000,0,21,1112,29.431,29.719,29.990,8.353,9.493,0.104,0.220,4.331,0.005,0.000,32784,162,183,21,28,0,4,24,0,24,0,0,21,1106,0,0,0,0,0,5.000,0,0,0,0,0,0,0,0,0,0,0,0,0,0,0,0.000,0.000,0.000,,1106,1106,3947,0,1,28.697,66.097,29.646,67.013,0.000,0.000,1105,1105,1398,1130,0,0,9,42,1112,1,completed,completed,H.264,0,1,24,24,0,0,0,0,0,0,0,0,32919,23,0,0,0,0,0,8.115,1,4,24,24,16,8,0.121,1.181,2.106,0,0,29,6,35,0,1,0,0.200,0.800,0.829,1.000,0.000,25.000,0.000,0.000,0.000,insufficient-sample,4,5,0,0,4,5,9,52,0,0,0,0,52,predicted-useful,fec-grace,1162,0.000,11,35,6,0,6,0,0,41,41,41,41,3,14,3,14,0,0,0,loss,1,0.246,21.084,29.191,38,38,3,3,0,0,0,0,61,5,15,0,1,9500000,1200000,9,0,9,32917,32902,40286599,29,32958,3,3732,6,0,0,0,0,1.973,38.812,217.125,4800.000,1044,32953,32770,162,183,21,0.005,0.180,0.213,1044,12000000,8853667,0.188,0.001,0.000,0.150,32953,9,9,52,0,9,0,0,0,0,0,0,0,1,0,4,208,42,42,0,0,0,0,0,,disabled,,0,0,0,0,,1,Fixed Quality,Hybrid,85,30,9500,12000,640,360,H.264,480,270,518400,28178,518400,28178,0.054,0.000,,0,0,0.000,1.848,0.000,0.000,0.069,7250,6750,6750,4,4,0,1,9500,1.000,0,15.800,5.368,1,1,0.000,0.000,0,0,0,0,0.029,0.800,0.171,1,0,0,disabled,24,0,0,large-au-observed,0,,0,0,17.615,23.729,0,,0.000,0.000,0.000,0.000,0,0,0,,0,0,0,5.558,0,1113,0.069,0.000,0.000,0.069,0.000,0.047,0.007,1,1,1,1,0,1,1,0,0,0,1,0,0.860,70.096,0.000,26,0,0.000,0,0,0,0.000,0.000,0.000,0.000,0.000,0.000,0.000,1.772,9.905,0,0,0,0,0,0,0,0,0.000,0.000,0.000,0.000,0.000,0.000,0,0.090,29.719,1105,1106,3947,29.739,67.068,29.237,67.068,14060.667,389,1,H.264,14.772,0,0,66.097,67.013,0.999,34.323,13.799,arrival-gap-jitter-spike,25208.874,0,1,1,1,1,39269.541,281.193,296.302,298.787,298.787,0,0,0,0,0,0,0,,,0,0,0,0,0,0,0,0,0,0,,10.644,0.000,13.476,0.000,0.000,0.000,120.000,,0.000,1112,0.000,17.141,3.573,0.073,0.962,0.697,0.000,0.266,1,0,0,1,3,0.005,29.431,29.719,4.331,29.990,0.000,None,0,1,0,0.000,3,1,1,0,0.000,0.000,0.000,0,0,0,0,0,0,0,0
40.277,Baseline,Loopback,1,1,0,,,0.000,0,21,1141,29.515,29.441,29.515,8.188,9.476,0.111,0.217,7.173,0.005,0.000,33628,165,186,21,28,0,4,24,0,24,0,0,21,1135,0,0,0,0,0,5.000,0,0,0,0,0,0,0,0,0,0,0,0,0,0,0,0.000,0.000,0.000,,1135,1135,4050,0,1,40.030,66.097,41.054,67.013,0.000,0.000,1134,1134,1427,1159,0,0,9,42,1141,1,completed,completed,H.264,1,1,24,24,0,0,0,0,0,0,0,0,33790,23,0,0,0,0,0,8.028,1,4,24,24,16,8,0.121,1.181,2.106,0,0,29,6,35,0,1,0,0.200,0.800,0.829,1.000,0.000,25.000,0.000,0.000,0.000,insufficient-sample,4,5,0,0,4,5,9,52,0,0,0,0,52,predicted-useful,fec-grace,1191,0.000,11,35,6,0,6,0,0,41,41,41,41,3,14,3,14,0,0,0,loss,1,0.246,21.084,29.191,38,38,3,3,0,0,0,0,61,5,15,0,1,9500000,1200000,3,0,3,33757,33748,41322341,29,32958,3,3732,6,0,0,0,0,7.664,38.812,379.938,4800.000,1070,33783,33597,165,186,21,0.005,0.077,0.068,1070,12000000,8157496,0.084,0.003,0.002,0.070,33783,9,9,52,0,9,0,0,0,0,0,0,0,1,0,4,208,42,42,0,0,0,0,0,,disabled,,0,0,0,0,,1,Fixed Quality,Hybrid,85,30,9500,12000,640,360,H.264,480,270,518400,28178,518400,28178,0.054,0.000,,0,0,0.000,2.149,0.000,0.000,0.071,7250,6750,6750,4,4,0,1,9500,1.000,0,12.912,5.491,1,1,0.000,0.000,0,0,0,0,0.029,0.800,0.171,1,0,0,disabled,24,1,1,decoder-sync-observed,0,,0,0,18.248,23.729,0,,0.000,0.000,0.000,0.000,0,0,0,,0,0,0,6.319,0,1141,0.070,0.000,0.000,0.070,0.000,0.048,0.008,1,1,1,1,0,1,1,0,0,0,0,0,1.000,0.000,0.000,30,0,0.000,0,0,0,0.000,0.000,0.000,0.000,0.000,0.000,0.000,2.071,10.322,0,0,0,0,0,0,0,0,0.000,0.000,0.000,0.000,0.000,0.000,0,0.092,29.441,1134,1135,4050,40.969,67.068,29.237,67.068,14060.667,389,1,H.264,14.772,0,0,66.097,67.013,0.999,34.323,13.799,arrival-gap-jitter-spike,26215.927,0,1,1,1,1,40276.594,281.193,296.302,298.787,298.787,0,0,0,0,0,0,0,,,0,0,0,0,0,0,0,0,0,0,,9.622,0.000,12.479,0.000,0.000,0.000,120.000,,0.000,1141,0.000,15.546,2.954,0.073,0.923,0.614,0.000,0.309,1,0,0,1,3,0.005,29.515,29.441,7.173,29.515,0.000,PacingQueue,0,1,0,0.000,3,1,1,0,0.000,0.000,0.000,0,0,0,0,0,0,0,0
41.277,Baseline,Loopback,1,1,0,,,0.000,0,21,1170,29.256,29.088,28.766,8.637,9.441,0.111,0.217,3.924,0.005,0.000,34497,170,191,21,28,0,4,24,0,24,0,0,21,1164,0,0,0,0,0,5.000,0,0,0,0,0,0,0,0,0,0,0,0,0,0,0,0.000,0.000,0.000,,1164,1164,4153,0,1,29.310,66.097,30.258,67.013,0.000,0.000,1163,1163,1456,1188,0,0,9,42,1170,1,completed,completed,H.264,0,1,24,24,0,0,0,0,0,0,0,0,34661,23,0,0,0,0,0,8.406,1,4,24,24,16,8,0.121,1.181,2.106,0,0,29,6,35,0,1,0,0.200,0.800,0.829,1.000,0.000,25.000,0.000,0.000,0.000,insufficient-sample,4,5,0,0,4,5,9,52,0,0,0,0,52,predicted-useful,fec-grace,1220,0.000,11,35,6,0,6,0,0,41,41,41,41,3,14,3,14,0,0,0,loss,1,0.246,21.084,29.191,38,38,3,3,0,0,0,0,61,5,15,0,1,9500000,1200000,0,0,0,34627,34621,42391719,29,32958,3,3732,6,0,0,0,0,17.555,38.812,5770.875,4800.000,1098,34678,34487,170,191,21,0.005,0.073,0.059,1098,11886191,9561740,0.128,0.003,0.005,0.106,34678,9,9,52,0,9,0,0,0,0,0,0,0,1,0,4,208,42,42,0,0,0,0,0,,disabled,,0,0,0,0,,1,Fixed Quality,Hybrid,85,30,9500,12000,640,360,H.264,480,270,518400,0,518400,28178,0.054,0.000,,0,0,0.000,4.779,0.000,4.119,0.642,7250,6750,6750,4,4,0,1,9500,1.000,0,17.555,5.689,0,1,0.000,0.000,0,0,0,0,0.029,0.800,0.171,1,0,0,disabled,0,0,0,async-output-pending,0,,0,0,0.000,0.000,0,,17.555,5770.875,39583.333,0.000,0,0,0,,0,0,0,0.000,1,0,0.631,0.174,0.456,0.000,0.000,0.000,0.000,0,0,1,1,1,0,0,1,1,0,0,0,1.000,0.000,0.000,30,0,0.000,0,0,0,0.000,0.000,0.000,0.000,0.000,0.000,0.000,0.000,29.795,0,0,0,0,0,0,0,0,0.000,0.000,0.000,0.000,0.000,0.000,0,0.096,29.088,1163,1164,4153,30.372,67.068,29.237,67.068,14060.667,389,1,H.264,14.772,0,0,66.097,67.013,0.999,34.323,13.799,arrival-gap-jitter-spike,27216.574,0,1,1,1,1,41277.241,281.193,296.302,298.787,298.787,0,0,0,0,0,0,0,,,0,0,0,0,0,0,0,0,0,0,,9.435,0.000,12.241,0.000,0.000,0.000,120.000,,0.000,1170,0.000,15.688,3.349,0.079,1.021,0.735,0.000,0.286,1,0,0,1,3,0.005,29.256,29.088,3.924,28.766,0.000,None,0,0,0,0.000,0,0,0,0,0.000,0.000,0.000,0,0,0,0,0,0,0,0
42.284,Baseline,Loopback,1,1,0,,,0.000,0,21,1200,29.858,29.605,30.319,14.097,9.457,0.177,0.216,14.618,0.005,0.000,35395,173,194,21,28,0,4,24,0,24,0,0,21,1194,0,0,0,0,0,5.000,0,0,0,0,0,0,0,0,0,0,0,0,0,0,0,0.000,0.000,0.000,,1194,1194,4249,0,1,47.079,66.097,48.109,67.013,0.000,0.000,1193,1192,1492,1218,0,0,9,43,1200,1,completed,completed,H.264,0,1,24,24,0,0,0,0,0,0,0,0,35562,23,0,0,0,0,0,13.920,1,4,24,24,16,8,0.121,1.181,2.106,0,0,29,6,35,0,1,0,0.200,0.800,0.829,1.000,0.000,25.000,0.000,0.000,0.000,insufficient-sample,4,5,0,0,4,5,9,52,0,0,0,0,52,predicted-useful,fec-grace,1251,0.000,11,35,6,0,6,0,0,42,42,42,42,3,14,3,14,0,0,0,loss,1,0.246,21.084,29.191,39,39,3,3,0,0,0,0,62,5,15,0,1,9500000,1200000,0,0,0,35527,35521,43494087,29,32958,3,3732,6,0,0,0,0,13.461,38.812,3687.188,4800.000,1126,35561,35367,173,194,21,0.005,0.121,0.134,1126,12000000,7862801,0.151,0.015,0.000,0.126,35561,9,9,52,0,9,0,0,0,0,0,0,0,1,0,4,213,43,43,0,0,0,0,0,,disabled,,0,0,0,0,,1,Fixed Quality,Hybrid,85,30,9500,12000,640,360,H.264,480,270,518400,28178,518400,28178,0.054,0.000,,0,0,0.000,2.688,0.000,0.000,0.260,7250,6750,6750,4,4,0,1,9500,1.000,0,13.461,5.934,1,1,0.000,0.000,0,0,0,0,0.029,0.800,0.171,1,0,0,disabled,24,0,0,large-au-observed,0,,0,0,15.749,23.729,0,,0.000,0.000,0.000,0.000,0,0,0,,0,0,0,11.799,0,1200,0.259,0.000,0.000,0.259,0.000,0.125,0.023,1,1,1,1,0,1,1,0,0,0,1,0,0.860,103.440,0.000,26,0,0.000,0,0,0,0.000,0.000,0.000,0.000,0.000,0.000,0.000,2.387,16.422,0,0,0,0,0,0,0,0,0.000,0.000,0.000,0.000,0.000,0.000,0,0.088,29.605,1193,1194,4249,48.085,67.068,29.237,67.068,14060.667,389,1,H.264,14.772,0,0,66.097,67.013,0.999,34.323,13.799,arrival-gap-jitter-spike,28223.446,0,1,1,1,1,42284.113,281.193,296.302,298.787,298.787,0,0,0,0,0,0,0,,,0,0,0,0,0,0,0,0,0,0,,13.697,0.000,16.651,1.463,0.000,19.994,120.000,,0.001,1199,0.000,19.467,3.163,0.079,0.417,0.114,0.000,0.303,1,0,0,1,3,0.005,29.858,29.605,14.618,30.319,0.500,Loss,0,1,0,0.000,3,1,1,0,0.000,0.000,0.000,0,0,0,0,0,0,0,0
43.290,Baseline,Loopback,1,1,0,,,0.000,0,21,1229,29.091,30.905,30.134,8.768,9.537,0.215,0.216,6.152,0.005,0.000,36239,174,201,27,32,0,4,28,0,28,0,0,27,1222,0,0,0,0,0,5.000,0,0,0,0,0,0,0,0,0,0,0,0,0,0,0,0.000,0.000,0.000,,1222,1222,4342,0,1,39.583,66.168,40.527,67.209,0.000,0.000,1221,1221,1525,1250,0,0,10,43,1229,1,completed,completed,H.264,0,1,24,24,0,0,0,0,0,0,0,0,36407,23,0,0,0,0,0,8.563,1,4,28,28,20,8,0.109,1.166,2.106,0,0,33,6,39,0,1,0,0.200,0.800,0.846,1.000,0.000,28.000,0.000,0.000,0.000,insufficient-sample,4,5,0,0,4,5,10,57,0,0,0,0,57,predicted-useful,fec-grace,1281,0.000,12,39,6,0,6,0,0,43,43,43,43,3,14,3,14,0,0,0,loss,1,0.237,23.118,31.224,40,40,3,3,0,0,0,0,63,5,16,0,1,9500000,1200000,0,0,0,36371,36365,44527317,33,37312,3,3732,6,0,0,0,0,18.603,38.812,9732.375,4800.000,1153,36416,36215,174,201,27,0.005,0.166,0.231,1153,12000000,9335574,0.148,0.020,0.000,0.119,36416,10,10,57,0,10,0,0,0,0,0,0,0,1,0,4,213,43,43,0,0,0,0,0,,disabled,,0,0,0,0,,1,Fixed Quality,Hybrid,85,30,9500,12000,640,360,H.264,480,270,518400,28176,518400,28176,0.054,0.000,,0,0,0.000,1.849,0.000,0.000,0.068,7250,6750,6750,4,4,0,1,9500,1.000,0,18.603,6.159,0,1,0.000,0.000,0,0,0,0,0.026,0.821,0.154,1,0,0,disabled,24,0,0,large-au-observed,0,,0,0,17.815,23.727,0,,0.000,0.000,0.000,0.000,0,0,0,,0,0,0,5.908,0,1229,0.067,0.000,0.000,0.067,0.000,0.047,0.007,1,1,1,1,0,1,1,0,0,0,0,0,1.000,0.000,0.000,30,0,0.000,0,0,0,0.000,0.000,0.000,0.000,0.000,0.000,0.000,1.773,20.946,0,0,0,0,0,0,0,0,0.000,0.000,0.000,0.000,0.000,0.000,0,0.095,30.905,1221,1222,4342,40.599,67.176,29.237,67.176,42602.537,1209,1,H.264,18.264,0,0,66.168,67.209,1.000,30.258,17.250,arrival-gap-jitter-spike,687.949,0,1,1,1,1,43290.486,281.193,296.302,298.787,298.787,0,0,0,0,0,0,0,,,0,0,0,0,0,0,0,0,0,0,,10.058,0.000,12.873,0.000,0.000,0.000,120.000,,0.001,1229,0.000,16.333,3.362,0.074,0.935,0.654,0.000,0.282,1,0,0,1,3,0.005,29.091,30.905,6.152,30.134,1.000,Jitter,1,1,0,0.000,3,1,1,0,0.000,0.000,0.000,0,0,0,0,0,0,0,0
44.298,Baseline,Loopback,1,1,0,,,0.000,0,21,1258,28.473,28.828,28.046,8.292,9.525,0.171,0.215,5.263,0.005,0.000,37128,177,204,27,32,0,4,28,0,28,0,0,27,1251,0,0,0,0,0,5.000,0,0,0,0,0,0,0,0,0,0,0,0,0,0,0,0.000,0.000,0.000,,1251,1251,4442,0,1,28.892,66.168,29.858,67.209,0.000,0.000,1250,1250,1567,1279,0,0,10,45,1258,1,completed,completed,H.264,0,1,24,24,0,0,0,0,0,0,0,0,37278,23,0,0,0,0,0,8.128,1,4,28,28,20,8,0.109,1.166,2.106,0,0,33,6,39,0,1,0,0.200,0.800,0.846,1.000,0.000,25.000,0.000,0.000,0.000,insufficient-sample,4,5,0,0,4,5,10,57,0,0,0,0,57,predicted-useful,fec-grace,1312,0.000,12,39,6,0,6,0,0,45,45,45,45,3,14,3,14,0,0,0,loss,1,0.237,23.118,31.224,42,42,3,3,0,0,0,0,65,5,16,0,1,9500000,1200000,9,0,9,37271,37256,45619065,33,37312,3,3732,6,0,0,0,0,2.257,38.812,534.188,4800.000,1181,37312,37108,177,204,27,0.005,0.078,0.121,1181,12000000,8456575,0.098,0.007,0.005,0.092,37312,10,10,57,0,10,0,0,0,0,0,0,0,1,0,4,224,45,45,0,0,0,0,0,,disabled,,0,0,0,0,,1,Fixed Quality,Hybrid,85,30,9500,12000,640,360,H.264,480,270,518400,28176,518400,28176,0.054,0.000,,0,0,0.000,1.964,0.000,0.000,0.081,7250,6750,6750,4,4,0,1,9500,1.000,0,15.852,6.337,1,1,0.000,0.000,0,0,0,0,0.026,0.821,0.154,1,0,0,disabled,24,0,0,large-au-observed,0,,0,0,17.801,23.727,0,,0.000,0.000,0.000,0.000,0,0,0,,0,0,0,5.831,0,1259,0.081,0.000,0.000,0.080,0.000,0.056,0.007,1,1,1,1,0,1,1,0,0,0,0,0,1.000,0.000,0.000,30,0,0.000,0,0,0,0.000,0.000,0.000,0.000,0.000,0.000,0.000,1.876,9.763,0,0,0,0,0,0,0,0,0.000,0.000,0.000,0.000,0.000,0.000,0,0.088,28.828,1250,1251,4442,29.947,67.176,29.237,67.176,42602.537,1209,1,H.264,18.264,0,0,66.168,67.209,1.000,30.258,17.250,arrival-gap-jitter-spike,1695.341,0,1,1,1,1,44297.878,281.193,296.302,298.787,298.787,0,0,0,0,0,0,0,,,0,0,0,0,0,0,0,0,0,0,,10.474,0.000,13.303,0.000,0.000,0.000,120.000,,0.000,1258,0.000,16.769,3.375,0.073,0.875,0.589,0.000,0.286,1,0,0,1,3,0.005,28.473,28.828,5.263,28.046,0.500,Loss,0,1,0,0.000,2,1,1,0,0.000,0.000,0.000,0,0,0,0,0,0,0,0
45.304,Baseline,Loopback,1,1,0,,,0.000,0,21,1288,29.568,28.431,29.195,7.798,9.526,0.148,0.213,5.938,0.005,0.000,38003,182,209,27,32,0,4,28,0,28,0,0,27,1281,0,0,0,0,0,5.000,0,0,0,0,0,0,0,0,0,0,0,0,0,0,0,0.000,0.000,0.000,,1281,1281,4543,0,1,38.491,66.168,39.758,67.209,0.000,0.000,1280,1280,1608,1309,0,0,10,47,1288,1,completed,completed,H.264,0,1,24,24,0,0,0,0,0,0,0,0,38179,23,0,0,0,0,0,7.637,1,4,28,28,20,8,0.109,1.166,2.106,0,0,33,6,39,0,1,0,0.200,0.800,0.846,1.000,0.000,25.000,0.000,0.000,0.000,insufficient-sample,4,5,0,0,4,5,10,57,0,0,0,0,57,predicted-useful,fec-grace,1344,0.000,12,39,6,0,6,0,0,47,47,47,47,3,14,3,14,0,0,0,loss,1,0.237,23.118,31.224,44,44,3,3,0,0,0,0,67,5,16,0,1,9500000,1200000,0,0,0,38141,38135,46695309,33,37312,3,3732,6,0,0,0,0,17.267,38.812,8010.875,4800.000,1209,38206,37997,182,209,27,0.005,0.012,0.019,1209,12000000,9352566,0.087,0.001,0.006,0.078,38206,10,10,57,0,10,0,0,0,0,0,0,0,1,0,4,233,47,47,0,0,0,0,0,,disabled,,0,0,0,0,,1,Fixed Quality,Hybrid,85,30,9500,12000,640,360,H.264,480,270,518400,28178,518400,28178,0.054,0.000,,0,0,0.000,2.065,0.000,0.000,0.107,7250,6750,6750,4,4,0,1,9500,1.000,0,17.267,6.461,0,1,0.000,0.000,0,0,0,0,0.026,0.821,0.154,1,0,0,disabled,24,0,0,large-au-observed,0,,0,0,17.720,23.729,0,,0.000,0.000,0.000,0.000,0,0,0,,0,0,0,6.123,0,1288,0.107,0.000,0.000,0.106,0.000,0.081,0.009,1,1,1,1,0,1,1,0,0,0,0,0,1.000,0.000,0.000,30,0,0.000,0,0,0,0.000,0.000,0.000,0.000,0.000,0.000,0.000,1.949,19.654,0,0,0,0,0,0,0,0,0.000,0.000,0.000,0.000,0.000,0.000,0,0.085,28.431,1280,1281,4543,39.527,67.176,29.237,67.176,42602.537,1209,1,H.264,18.264,0,0,66.168,67.209,1.000,30.258,17.250,arrival-gap-jitter-spike,2701.986,0,1,1,1,1,45304.523,281.193,296.302,298.787,298.787,0,0,0,0,0,0,0,,,0,0,0,0,0,0,0,0,0,0,,10.522,0.000,13.404,0.000,0.000,0.000,120.000,,0.000,1288,0.000,17.477,3.985,0.071,0.985,0.679,0.000,0.306,1,0,0,1,3,0.005,29.568,28.431,5.938,29.195,0.500,Loss,0,1,0,0.000,3,1,1,0,0.000,0.000,0.000,0,0,0,0,0,0,0,0
46.311,Baseline,Loopback,1,1,0,,,0.000,0,21,1317,29.567,28.306,28.541,8.019,9.515,0.156,0.212,3.690,0.005,0.000,38890,185,212,27,32,0,4,28,0,28,0,0,27,1310,0,0,0,0,0,5.000,0,0,0,0,0,0,0,0,0,0,0,0,0,0,0,0.000,0.000,0.000,,1310,1310,4646,0,1,28.900,66.168,30.132,67.209,0.000,0.000,1309,1309,1637,1338,0,0,10,47,1317,1,completed,completed,H.264,0,1,24,24,0,0,0,0,0,0,0,0,39050,23,0,0,0,0,0,7.870,1,4,28,28,20,8,0.109,1.166,2.106,0,0,33,6,39,0,1,0,0.200,0.800,0.846,1.000,0.000,25.000,0.000,0.000,0.000,insufficient-sample,4,5,0,0,4,5,10,57,0,0,0,0,57,predicted-useful,fec-grace,1373,0.000,12,39,6,0,6,0,0,47,47,47,47,3,14,3,14,0,0,0,loss,1,0.237,23.118,31.224,44,44,3,3,0,0,0,0,67,5,16,0,1,9500000,1200000,11,0,11,39041,39024,47784567,33,37312,3,3732,6,0,0,0,0,2.147,38.812,893.000,4800.000,1237,39096,38884,185,212,27,0.005,0.092,0.068,1237,12000000,9543960,0.147,0.002,0.003,0.137,39096,10,10,57,0,10,0,0,0,0,0,0,0,1,0,4,233,47,47,0,0,0,0,0,,disabled,,0,0,0,0,,1,Fixed Quality,Hybrid,85,30,9500,12000,640,360,H.264,480,270,518400,28178,518400,28178,0.054,0.000,,0,0,0.000,2.012,0.000,0.000,0.110,7250,6750,6750,4,4,0,1,9500,1.000,0,15.164,6.540,1,1,0.000,0.000,0,0,0,0,0.026,0.821,0.154,1,0,0,disabled,24,0,0,large-au-observed,0,,0,0,17.027,23.729,0,,0.000,0.000,0.000,0.000,0,0,0,,0,0,0,6.340,0,1318,0.109,0.000,0.000,0.109,0.000,0.048,0.007,1,1,1,1,0,1,1,0,0,0,0,0,1.000,0.000,0.000,30,0,0.000,0,0,0,0.000,0.000,0.000,0.000,0.000,0.000,0.000,1.894,10.302,0,0,0,0,0,0,0,0,0.000,0.000,0.000,0.000,0.000,0.000,0,0.093,28.306,1309,1310,4646,30.037,67.176,29.237,67.176,42602.537,1209,1,H.264,18.264,0,0,66.168,67.209,1.000,30.258,17.250,arrival-gap-jitter-spike,3708.497,0,1,1,1,1,46311.034,281.193,296.302,298.787,298.787,0,0,0,0,0,0,0,,,0,0,0,0,0,0,0,0,0,0,,10.049,0.000,12.829,0.000,0.000,0.000,120.000,,0.000,1317,0.000,14.656,1.732,0.076,1.057,0.795,0.000,0.262,1,0,0,1,3,0.005,29.567,28.306,3.690,28.541,0.500,Loss,0,1,0,0.000,3,1,1,0,0.000,0.000,0.000,0,0,0,0,0,0,0,0
47.311,Baseline,Loopback,1,1,0,,,0.000,0,21,1346,27.450,27.191,29.511,8.507,9.499,0.249,0.213,5.901,0.005,0.000,39737,190,217,27,32,0,4,28,0,28,0,0,27,1339,0,0,0,0,0,5.000,0,0,0,0,0,0,0,0,0,0,0,0,0,0,0,0.000,0.000,0.000,,1339,1339,4746,0,1,29.326,66.168,30.528,67.209,0.000,0.000,1338,1338,1666,1367,0,0,10,47,1346,1,completed,completed,H.264,0,1,24,24,0,0,0,0,0,0,0,0,39921,23,0,0,0,0,0,8.267,1,4,28,28,20,8,0.109,1.166,2.106,0,0,33,6,39,0,1,0,0.200,0.800,0.846,1.000,0.000,25.000,0.000,0.000,0.000,insufficient-sample,4,5,0,0,4,5,10,57,0,0,0,0,57,predicted-useful,fec-grace,1402,0.000,12,39,6,0,6,0,0,47,47,47,47,3,14,3,14,0,0,0,loss,1,0.237,23.118,31.224,44,44,3,3,0,0,0,0,67,5,16,0,1,9500000,1200000,0,0,0,39881,39875,48826553,33,37312,3,3732,6,0,0,0,0,15.177,38.812,4934.062,4800.000,1263,39925,39708,190,217,27,0.005,0.104,0.099,1263,12000000,7675196,0.100,0.021,0.006,0.086,39925,10,10,57,0,10,0,0,0,0,0,0,0,1,0,4,233,47,47,0,0,0,0,0,,disabled,,0,0,0,0,,1,Fixed Quality,Hybrid,85,30,9500,12000,640,360,H.264,480,270,518400,28178,518400,28178,0.054,0.000,,0,0,0.000,1.859,0.000,0.000,0.076,7250,6750,6750,4,4,0,1,9500,1.000,0,15.177,6.594,0,1,0.000,0.000,0,0,0,0,0.026,0.821,0.154,1,0,0,disabled,24,0,0,large-au-observed,0,,0,0,17.462,23.729,0,,0.000,0.000,0.000,0.000,0,0,0,,0,0,0,6.201,0,1346,0.075,0.000,0.000,0.075,0.000,0.047,0.007,1,1,1,1,0,1,1,0,0,0,0,0,1.000,0.000,0.000,30,0,0.000,0,0,0,0.000,0.000,0.000,0.000,0.000,0.000,0.000,1.775,10.456,0,0,0,0,0,0,0,0,0.000,0.000,0.000,0.000,0.000,0.000,0,0.087,27.191,1338,1339,4746,30.282,67.176,29.237,67.176,42602.537,1209,1,H.264,18.264,0,0,66.168,67.209,1.000,30.258,17.250,arrival-gap-jitter-spike,4708.845,0,1,1,1,1,47311.382,281.193,296.302,298.787,298.787,0,0,0,0,0,0,0,,,0,0,0,0,0,0,0,0,0,0,,9.752,0.000,12.636,0.000,0.000,0.000,120.000,,0.000,1346,0.000,16.957,4.232,0.079,0.997,0.695,0.000,0.303,1,0,0,1,3,0.005,27.450,27.191,5.901,29.511,0.000,None,0,1,0,0.000,3,1,1,0,0.000,0.000,0.000,0,0,0,0,0,0,0,0
48.318,Baseline,Loopback,1,1,0,,,0.000,0,21,1374,27.287,28.634,28.396,8.086,9.495,0.112,0.212,6.714,0.005,0.000,40594,193,220,27,32,0,4,28,0,28,0,0,27,1367,0,0,0,0,0,5.000,0,0,0,0,0,0,0,0,0,0,0,0,0,0,0,0.000,0.000,0.000,,1367,1367,4853,0,1,28.832,66.168,29.934,67.209,0.000,0.000,1366,1366,1702,1395,0,0,10,48,1374,1,completed,completed,H.264,0,1,24,24,0,0,0,0,0,0,0,0,40762,23,0,0,0,0,0,7.971,1,4,28,28,20,8,0.109,1.166,2.106,0,0,33,6,39,0,1,0,0.200,0.800,0.846,1.000,0.000,25.000,0.000,0.000,0.000,insufficient-sample,5,7,0,0,5,7,10,57,0,0,0,0,57,predicted-useful,fec-grace,1431,0.000,12,39,6,0,6,0,0,48,48,48,48,3,14,3,14,0,0,0,loss,1,0.237,23.118,31.224,45,45,3,3,0,0,0,0,68,5,16,0,1,9500000,1200000,11,0,11,40751,40734,49879065,33,37312,3,3732,6,0,0,0,0,0.490,38.812,1034.312,4800.000,1290,40783,40563,193,220,27,0.005,0.079,0.073,1290,12000000,9406886,0.117,-0.015,0.003,0.094,40783,10,10,57,0,10,0,0,0,0,0,0,0,1,0,4,239,48,48,0,0,0,0,0,,disabled,,0,0,0,0,,1,Fixed Quality,Hybrid,85,30,9500,12000,640,360,H.264,480,270,518400,28178,518400,28178,0.054,0.000,,0,0,0.000,1.958,0.000,0.000,0.106,7250,6750,6750,4,4,0,1,9500,1.000,0,15.239,6.666,1,1,0.000,0.000,0,0,0,0,0.026,0.821,0.154,1,0,0,disabled,24,0,0,large-au-observed,0,,0,0,17.148,23.729,0,,0.000,0.000,0.000,0.000,0,0,0,,0,0,0,6.034,0,1375,0.105,0.000,0.000,0.105,0.000,0.079,0.009,1,1,1,1,0,1,1,0,0,0,0,0,1.000,0.000,0.000,30,0,0.000,0,0,0,0.000,0.000,0.000,0.000,0.000,0.000,0.000,1.836,10.036,0,0,0,0,0,0,0,0,0.000,0.000,0.000,0.000,0.000,0.000,0,0.094,28.634,1366,1367,4853,29.848,67.176,29.237,67.176,42602.537,1209,1,H.264,18.264,0,0,66.168,67.209,1.000,30.258,17.250,arrival-gap-jitter-spike,5715.794,0,1,1,1,1,48318.331,281.193,296.302,298.787,298.787,0,0,0,0,0,0,0,,,0,0,0,0,0,0,0,0,0,0,,9.824,0.000,12.653,0.000,0.000,0.000,120.000,,0.001,1374,0.000,16.189,3.440,0.074,0.914,0.641,0.000,0.272,1,0,0,1,3,0.005,27.287,28.634,6.714,28.396,0.500,Loss,0,1,0,0.000,3,1,1,0,0.000,0.000,0.000,0,0,0,0,0,0,0,0
49.320,Baseline,Loopback,1,1,0,,,0.000,0,21,1402,25.932,29.970,29.020,8.189,9.482,0.122,0.210,9.220,0.005,0.000,41439,196,223,27,32,0,4,28,0,28,0,0,27,1395,0,0,0,0,0,5.000,0,0,0,0,0,0,0,0,0,0,0,0,0,0,0,0.000,0.000,0.000,,1395,1395,4954,0,1,28.331,66.168,29.342,67.209,0.000,0.000,1394,1394,1738,1423,0,0,10,49,1403,1,fec-parity,pending,H.264,0,1,24,23,1,2,0,0,0,0,0,0,41633,23,0,0,0,0,0,8.041,1,4,28,28,20,8,0.109,1.166,2.106,0,0,33,6,39,0,1,0,0.200,0.800,0.846,1.000,0.000,25.000,0.000,0.000,0.000,insufficient-sample,5,7,0,0,5,7,10,57,0,0,0,0,57,predicted-useful,fec-grace,1461,0.042,12,39,6,0,6,0,0,50,50,50,50,3,14,3,14,0,0,0,loss,1,0.237,23.118,31.224,46,46,3,3,1,1,0,0,70,5,16,0,1,9500000,1200000,4,0,4,41591,41581,50916045,33,37312,3,3732,6,0,0,0,0,7.824,38.812,557.250,4800.000,1317,41642,41420,195,222,27,0.005,0.185,0.260,1317,12000000,10481906,0.144,0.010,0.004,0.123,41642,10,10,57,0,10,0,0,0,0,0,0,0,1,0,4,246,49,49,0,0,0,0,0,,disabled,,0,0,0,0,,1,Fixed Quality,Hybrid,85,30,9500,12000,640,360,H.264,480,270,518400,28178,518400,28178,0.054,0.000,,0,0,0.000,1.917,0.000,0.000,0.072,7250,6750,6750,4,4,0,1,9500,1.000,0,13.491,6.825,1,1,0.000,0.000,0,0,0,0,0.026,0.821,0.154,1,0,0,disabled,24,0,0,large-au-observed,0,,0,0,18.356,23.729,0,,0.000,0.000,0.000,0.000,0,0,0,,0,0,0,5.980,0,1403,0.072,0.000,0.000,0.071,0.000,0.048,0.008,1,1,1,1,0,1,1,0,0,0,0,0,1.000,0.000,0.000,30,0,0.000,0,0,0,0.000,0.000,0.000,0.000,0.000,0.000,0.000,1.835,10.094,0,0,0,0,0,0,0,0,0.000,0.000,0.000,0.000,0.000,0.000,0,0.092,29.970,1394,1395,4954,29.475,67.176,29.237,67.176,42602.537,1209,1,H.264,18.264,0,0,66.168,67.209,1.000,30.258,17.250,arrival-gap-jitter-spike,6717.089,0,1,1,1,1,49319.626,281.193,296.302,298.787,298.787,0,0,0,0,0,0,0,,,0,0,0,0,0,0,0,0,0,0,,10.700,0.000,13.473,0.000,0.000,0.000,120.000,,0.001,1402,0.000,17.580,4.011,0.075,0.507,0.264,0.000,0.243,1,0,0,1,3,0.005,25.932,29.970,9.220,29.020,0.500,Loss,0,1,0,0.000,2,1,1,0,0.000,0.000,0.000,0,0,0,0,0,0,0,0
50.325,Baseline,Loopback,1,1,0,,,0.000,0,21,1432,28.316,30.436,29.917,8.258,9.468,0.177,0.209,4.966,0.005,0.000,42311,199,226,27,32,0,4,28,0,28,0,0,27,1425,0,0,0,0,0,5.000,0,0,0,0,0,0,0,0,0,0,0,0,0,0,0,0.000,0.000,0.000,,1425,1425,5055,0,1,29.207,66.168,30.350,67.209,0.000,0.000,1424,1424,1773,1453,0,0,10,50,1432,1,completed,completed,H.264,0,1,24,24,0,0,0,0,0,0,0,0,42504,23,0,0,0,0,0,7.919,1,4,28,28,20,8,0.109,1.166,2.106,0,0,33,6,39,0,1,0,0.200,0.800,0.846,1.000,0.000,25.000,0.000,0.000,0.000,insufficient-sample,5,7,0,0,5,7,10,57,0,0,0,0,57,predicted-useful,fec-grace,1491,0.000,12,39,6,0,6,0,0,50,50,50,50,3,14,3,14,0,0,0,loss,1,0.237,23.118,31.224,47,47,3,3,0,0,0,0,70,5,16,0,1,9500000,1200000,0,0,0,42461,42455,51986675,33,37312,3,3732,6,0,0,0,0,17.340,38.812,5519.500,4800.000,1344,42506,42280,199,226,27,0.005,0.194,0.215,1344,12000000,8576729,0.134,0.019,0.000,0.124,42506,10,10,57,0,10,0,0,0,0,0,0,0,1,0,4,250,50,50,0,0,0,0,0,,disabled,,0,0,0,0,,1,Fixed Quality,Hybrid,85,30,9500,12000,640,360,H.264,480,270,518400,28178,518400,28178,0.054,0.000,,0,0,0.000,2.064,0.000,0.000,0.116,7250,6750,6750,4,4,0,1,9500,1.000,0,17.340,6.973,0,1,0.000,0.000,0,0,0,0,0.026,0.821,0.154,1,0,0,disabled,24,0,0,large-au-observed,0,,0,0,18.058,23.729,0,,0.000,0.000,0.000,0.000,0,0,0,,0,0,0,5.399,0,1432,0.116,0.000,0.000,0.115,0.000,0.044,0.045,1,1,1,1,0,1,1,0,0,0,0,0,1.000,0.000,0.000,30,0,0.000,0,0,0,0.000,0.000,0.000,0.000,0.000,0.000,0.000,1.836,29.927,0,0,0,0,0,0,0,0,0.000,0.000,0.000,0.000,0.000,0.000,0,0.136,30.436,1424,1425,5055,30.256,67.176,29.237,67.176,42602.537,1209,1,H.264,18.264,0,0,66.168,67.209,1.000,30.258,17.250,arrival-gap-jitter-spike,7722.654,0,1,1,1,1,50325.191,281.193,296.302,298.787,298.787,0,0,0,0,0,0,0,,,0,0,0,0,0,0,0,0,0,0,,9.445,0.000,12.236,0.000,0.000,0.000,120.000,,0.000,1432,0.000,16.003,3.628,0.070,0.931,0.653,0.000,0.278,1,0,0,1,3,0.005,28.316,30.436,4.966,29.917,0.500,Loss,0,1,0,0.000,4,1,1,0,0.000,0.000,0.000,0,0,0,0,0,0,0,0
51.326,Baseline,Loopback,1,1,0,,,0.000,0,21,1461,27.757,29.581,29.205,7.823,9.445,0.207,0.209,7.117,0.005,0.000,43175,202,229,27,32,0,4,28,0,28,0,0,27,1454,0,0,0,0,0,5.000,0,0,0,0,0,0,0,0,0,0,0,0,0,0,0,0.000,0.000,0.000,,1454,1454,5156,0,1,39.814,66.168,40.746,67.209,0.000,0.000,1453,1453,1808,1482,0,0,10,51,1461,1,completed,completed,H.264,0,1,24,24,0,0,0,0,0,0,0,0,43375,23,0,0,0,0,0,7.572,1,4,28,28,20,8,0.109,1.166,2.106,0,0,33,6,39,0,1,0,0.200,0.800,0.846,1.000,0.000,25.000,0.000,0.000,0.000,insufficient-sample,5,7,0,0,5,7,10,57,0,0,0,0,57,predicted-useful,fec-grace,1521,0.000,12,39,6,0,6,0,0,51,51,51,51,3,14,3,14,0,0,0,loss,1,0.237,23.118,31.224,48,48,3,3,0,0,0,0,71,5,16,0,1,9500000,1200000,4,0,4,43331,43321,53047289,33,37312,3,3732,6,0,0,0,0,7.285,38.812,976.438,4800.000,1372,43403,43174,202,229,27,0.005,0.102,0.115,1372,12000000,8526585,0.106,0.021,0.000,0.094,43403,10,10,57,0,10,0,0,0,0,0,0,0,1,0,4,255,51,51,0,0,0,0,0,,disabled,,0,0,0,0,,1,Fixed Quality,Hybrid,85,30,9500,12000,640,360,H.264,480,270,518400,28178,518400,28178,0.054,0.000,,0,0,0.000,2.480,0.000,0.000,0.071,7250,6750,6750,4,4,0,1,9500,1.000,0,11.971,7.047,1,1,0.000,0.000,0,0,0,0,0.026,0.821,0.154,1,0,0,disabled,24,0,0,large-au-observed,0,,0,0,17.866,23.729,0,,0.000,0.000,0.000,0.000,0,0,0,,0,0,0,6.027,0,1461,0.071,0.000,0.000,0.071,0.000,0.049,0.007,1,1,1,1,0,1,1,0,0,0,1,0,0.860,65.558,0.000,26,0,0.000,0,0,0,0.000,0.000,0.000,0.000,0.000,0.000,0.000,2.401,10.178,0,0,0,0,0,0,0,0,0.000,0.000,0.000,0.000,0.000,0.000,0,0.080,29.581,1453,1454,5156,40.852,67.176,29.237,67.176,42602.537,1209,1,H.264,18.264,0,0,66.168,67.209,1.000,30.258,17.250,arrival-gap-jitter-spike,8723.893,0,1,1,1,1,51326.430,281.193,296.302,298.787,298.787,0,0,0,0,0,0,0,,,0,0,0,0,0,0,0,0,0,0,,9.230,0.000,12.187,0.000,0.000,0.000,120.000,,0.001,1461,0.000,15.585,3.316,0.084,0.853,0.420,0.000,0.433,1,0,0,1,3,0.005,27.757,29.581,7.117,29.205,0.000,None,0,1,0,0.000,4,1,1,0,0.000,0.000,0.000,0,0,0,0,0,0,0,0
52.332,Baseline,Loopback,1,1,0,,,0.000,0,21,1489,28.539,28.755,28.676,8.184,9.438,0.230,0.210,5.319,0.005,0.000,44014,205,232,27,32,0,4,28,0,28,0,0,27,1482,0,0,0,0,0,5.000,0,0,0,0,0,0,0,0,0,0,0,0,0,0,0,0.000,0.000,0.000,,1482,1482,5260,0,1,39.406,66.168,40.359,67.209,0.000,0.000,1481,1481,1843,1510,0,0,10,52,1489,1,completed,completed,H.264,0,1,24,24,0,0,0,0,0,0,0,0,44216,23,0,0,0,0,0,7.967,1,4,28,28,20,8,0.109,1.166,2.106,0,0,33,6,39,0,1,0,0.200,0.800,0.846,1.000,0.000,25.000,0.000,0.000,0.000,insufficient-sample,5,7,0,0,5,7,10,57,0,0,0,0,57,predicted-useful,fec-grace,1550,0.000,12,39,6,0,6,0,0,52,52,52,52,3,14,3,14,0,0,0,loss,1,0.237,23.118,31.224,49,49,3,3,0,0,0,0,72,5,16,0,1,9500000,1200000,2,0,2,44171,44163,54078669,33,37312,3,3732,6,0,0,0,0,16.820,38.812,10216.438,4800.000,1398,44219,43987,205,232,27,0.005,0.071,0.072,1398,12000000,11420193,0.086,0.022,0.001,0.072,44219,10,10,57,0,10,0,0,0,0,0,0,0,1,0,4,261,52,52,0,0,0,0,0,,disabled,,0,0,0,0,,1,Fixed Quality,Hybrid,85,30,9500,12000,640,360,H.264,480,270,518400,28176,518400,28176,0.054,0.000,,0,0,0.000,2.209,0.000,0.000,0.101,7250,6750,6750,4,4,0,1,9500,1.000,0,16.820,7.332,0,1,0.000,0.000,0,0,0,0,0.026,0.821,0.154,1,0,0,disabled,24,0,0,large-au-observed,0,,0,0,17.228,23.727,0,,0.000,0.000,0.000,0.000,0,0,0,,0,0,0,6.057,0,1489,0.101,0.000,0.000,0.100,0.000,0.077,0.007,1,1,1,1,0,1,1,0,0,0,0,0,1.000,0.000,0.000,30,0,0.000,0,0,0,0.000,0.000,0.000,0.000,0.000,0.000,0.000,2.100,19.941,0,0,0,0,0,0,0,0,0.000,0.000,0.000,0.000,0.000,0.000,0,0.086,28.755,1481,1482,5260,40.410,67.176,29.237,67.176,42602.537,1209,1,H.264,18.264,0,0,66.168,67.209,1.000,30.258,17.250,arrival-gap-jitter-spike,9729.492,0,1,1,1,1,52332.029,281.193,296.302,298.787,298.787,0,0,0,0,0,0,0,,,0,0,0,0,0,0,0,0,0,0,,10.386,0.000,13.189,0.000,0.000,0.000,120.000,,0.000,1489,0.000,15.970,2.692,0.071,0.951,0.655,0.000,0.296,1,0,0,1,3,0.005,28.539,28.755,5.319,28.676,0.500,Loss,0,0,0,0.000,0,0,0,0,0.000,0.000,0.000,0,0,0,0,0,0,0,0
53.339,Baseline,Loopback,1,1,0,,,0.000,0,21,1519,29.483,29.880,29.909,7.783,9.444,0.230,0.210,5.848,0.005,0.000,44913,210,237,27,32,0,4,28,0,28,0,0,27,1512,0,0,0,0,0,5.000,0,0,0,0,0,0,0,0,0,0,0,0,0,0,0,0.000,0.000,0.000,,1512,1512,5364,0,1,38.722,66.168,39.766,67.209,0.000,0.000,1511,1511,1893,1540,0,0,10,55,1519,1,completed,completed,H.264,0,1,24,24,0,0,0,0,0,0,0,0,45117,23,0,0,0,0,0,7.624,1,4,28,28,20,8,0.109,1.166,2.106,0,0,33,6,39,0,1,0,0.200,0.800,0.846,1.000,0.000,25.000,0.000,0.000,0.000,insufficient-sample,5,7,0,0,5,7,10,57,0,0,0,0,57,predicted-useful,fec-grace,1583,0.000,12,39,6,0,6,0,0,55,55,55,55,3,14,3,14,0,0,0,loss,1,0.237,23.118,31.224,52,52,3,3,0,0,0,0,75,5,16,0,1,9500000,1200000,0,0,0,45071,45065,55183541,33,37312,3,3732,6,0,0,0,0,18.447,38.812,9752.562,4800.000,1427,45147,44910,210,237,27,0.005,0.074,0.101,1427,12000000,9187605,0.100,0.022,0.001,0.081,45147,10,10,57,0,10,0,0,0,0,0,0,0,1,0,4,278,55,55,0,0,0,0,0,,disabled,,0,0,0,0,,1,Fixed Quality,Hybrid,85,30,9500,12000,640,360,H.264,480,270,518400,0,518400,28176,0.054,0.000,,0,0,0.000,4.771,0.000,4.041,0.712,7250,6750,6750,4,4,0,1,9500,1.000,0,18.447,7.415,0,1,0.000,0.000,0,0,0,0,0.026,0.821,0.154,1,0,0,disabled,0,0,0,async-output-pending,0,,0,0,0.000,0.000,0,,16.791,10208.125,39583.333,0.000,0,0,0,,0,0,0,0.000,1,0,0.704,0.185,0.518,0.000,0.000,0.000,0.000,0,0,1,1,1,0,0,1,1,0,0,0,1.000,0.000,0.000,30,0,0.000,0,0,0,0.000,0.000,0.000,0.000,0.000,0.000,0.000,0.000,19.629,0,0,0,0,0,0,0,0,0.000,0.000,0.000,0.000,0.000,0.000,0,0.088,29.880,1511,1512,5364,39.689,67.176,29.237,67.176,42602.537,1209,1,H.264,18.264,0,0,66.168,67.209,1.000,30.258,17.250,arrival-gap-jitter-spike,10736.418,0,1,1,1,1,53338.955,281.193,296.302,298.787,298.787,0,0,0,0,0,0,0,,,0,0,0,0,0,0,0,0,0,0,,10.064,0.000,12.961,0.000,0.000,0.000,120.000,,0.000,1519,0.000,16.363,3.311,0.069,0.870,0.564,0.000,0.306,1,0,0,1,3,0.005,29.483,29.880,5.848,29.909,0.500,Loss,0,1,0,0.000,3,1,1,0,0.000,0.000,0.000,0,0,0,0,0,0,0,0
54.341,Baseline,Loopback,1,1,0,,,0.000,0,21,1548,29.452,29.401,28.057,8.428,9.440,0.159,0.209,3.329,0.005,0.000,45780,214,241,27,32,0,4,28,0,28,0,0,27,1541,0,0,0,0,0,5.000,0,0,0,0,0,0,0,0,0,0,0,0,0,0,0,0.000,0.000,0.000,,1541,1541,5463,0,1,29.564,66.168,30.625,67.209,0.000,0.000,1540,1540,1929,1569,0,0,10,56,1548,1,completed,completed,H.264,0,1,24,24,0,0,0,0,0,0,0,0,45988,23,0,0,0,0,0,8.167,1,4,28,28,20,8,0.109,1.166,2.106,0,0,33,6,39,0,1,0,0.200,0.800,0.846,1.000,0.000,25.000,0.000,0.000,0.000,insufficient-sample,5,7,0,0,5,7,10,57,0,0,0,0,57,predicted-useful,fec-grace,1613,0.000,12,39,6,0,6,0,0,56,56,56,56,3,14,3,14,0,0,0,loss,1,0.237,23.118,31.224,53,53,3,3,0,0,0,0,76,5,16,0,1,9500000,1200000,0,0,0,45941,45935,56249165,33,37312,3,3732,6,0,0,0,0,18.007,38.812,8610.562,4800.000,1454,46007,45766,214,241,27,0.005,0.073,0.061,1454,12000000,9734506,0.100,0.003,0.004,0.099,46007,10,10,57,0,10,0,0,0,0,0,0,0,1,0,4,284,56,56,0,0,0,0,0,,disabled,,0,0,0,0,,1,Fixed Quality,Hybrid,85,30,9500,12000,640,360,H.264,480,270,518400,28178,518400,28178,0.054,0.000,,0,0,0.000,1.887,0.000,0.000,0.063,7250,6750,6750,4,4,0,1,9500,1.000,0,18.007,7.561,0,1,0.000,0.000,0,0,0,0,0.026,0.821,0.154,1,0,0,disabled,24,0,0,large-au-observed,0,,0,0,18.052,23.729,0,,0.000,0.000,0.000,0.000,0,0,0,,0,0,0,6.017,0,1548,0.062,0.000,0.000,0.062,0.000,0.043,0.006,1,1,1,1,0,1,1,0,0,0,1,0,0.860,147.595,0.000,26,0,0.000,0,0,0,0.000,0.000,0.000,0.000,0.000,0.000,0.000,1.817,31.128,0,0,0,0,0,0,0,0,0.000,0.000,0.000,0.000,0.000,0.000,0,0.093,29.401,1540,1541,5463,30.553,67.176,29.237,67.176,42602.537,1209,1,H.264,18.264,0,0,66.168,67.209,1.000,30.258,17.250,arrival-gap-jitter-spike,11738.970,0,1,1,1,1,54341.507,281.193,296.302,298.787,298.787,0,0,0,0,0,0,0,,,0,0,0,0,0,0,0,0,0,0,,9.993,0.000,12.748,0.000,0.000,0.000,120.000,,0.001,1548,0.000,15.708,2.864,0.080,0.526,0.209,0.000,0.317,1,0,0,1,3,0.005,29.452,29.401,3.329,28.057,0.000,None,0,1,0,0.000,3,1,1,0,0.000,0.000,0.000,0,0,0,0,0,0,0,0
55.345,Baseline,Loopback,1,1,0,,,0.000,0,21,1576,28.631,28.854,27.157,7.995,9.411,0.442,0.213,5.299,0.005,0.000,46637,217,244,27,32,0,4,28,0,28,0,0,27,1569,0,0,0,0,0,5.000,0,0,0,0,0,0,0,0,0,0,0,0,0,0,0,0.000,0.000,0.000,,1569,1569,5566,0,1,28.557,66.168,29.628,67.209,0.000,0.000,1568,1568,1957,1597,0,0,10,56,1576,1,completed,completed,H.264,0,1,24,24,0,0,0,0,0,0,0,0,46829,23,0,0,0,0,0,7.891,1,4,28,28,20,8,0.109,1.166,2.106,0,0,33,6,39,0,1,0,0.200,0.800,0.846,1.000,0.000,25.000,0.000,0.000,0.000,insufficient-sample,5,7,0,0,5,7,10,57,0,0,0,0,57,predicted-useful,fec-grace,1641,0.000,12,39,6,0,6,0,0,56,56,56,56,3,14,3,14,0,0,0,loss,1,0.237,23.118,31.224,53,53,3,3,0,0,0,0,76,5,16,0,1,9500000,1200000,11,0,11,46811,46794,57301677,33,37312,3,3732,6,0,0,0,0,0.615,38.812,959.500,4800.000,1480,46839,46595,217,244,27,0.005,0.173,0.193,1480,12000000,9507016,0.142,0.059,0.005,0.127,46839,10,10,57,0,10,0,0,0,0,0,0,0,1,0,4,284,56,56,0,0,0,0,0,,disabled,,0,0,0,0,,1,Fixed Quality,Hybrid,85,30,9500,12000,640,360,H.264,480,270,518400,28178,518400,28178,0.054,0.000,,0,0,0.000,2.179,0.000,0.000,0.069,7250,6750,6750,4,4,0,1,9500,1.000,0,16.064,7.716,1,1,0.000,0.000,0,0,0,0,0.026,0.821,0.154,1,0,0,disabled,24,0,0,large-au-observed,0,,0,0,17.760,23.729,0,,0.000,0.000,0.000,0.000,0,0,0,,0,0,0,5.307,0,1577,0.069,0.000,0.000,0.069,0.000,0.046,0.008,1,1,1,1,0,1,1,0,0,0,0,0,1.000,0.000,0.000,30,0,0.000,0,0,0,0.000,0.000,0.000,0.000,0.000,0.000,0.000,2.094,9.372,0,0,0,0,0,0,0,0,0.000,0.000,0.000,0.000,0.000,0.000,0,0.087,28.854,1568,1569,5566,29.524,67.176,29.237,67.176,42602.537,1209,1,H.264,18.264,0,0,66.168,67.209,1.000,30.258,17.250,arrival-gap-jitter-spike,12742.903,0,1,1,1,1,55345.440,281.193,296.302,298.787,298.787,0,0,0,0,0,0,0,,,0,0,0,0,0,0,0,0,0,0,,9.021,0.000,11.865,0.000,0.000,0.000,120.000,,0.000,1576,0.000,15.560,3.606,0.073,0.871,0.589,0.000,0.282,1,0,0,1,3,0.005,28.631,28.854,5.299,27.157,0.000,None,0,1,0,0.000,3,1,1,0,0.000,0.000,0.000,0,0,0,0,0,0,0,0
56.346,Baseline,Loopback,1,1,0,,,0.000,0,21,1605,29.407,29.655,28.040,15.763,9.430,1.727,0.240,15.838,0.005,0.000,47483,223,250,27,32,0,4,28,0,28,0,0,27,1598,0,0,0,0,0,5.000,0,0,0,0,0,0,0,0,0,0,0,0,0,0,0,0.000,0.000,0.000,,1598,1598,5661,0,1,48.768,66.168,49.843,67.209,0.000,0.000,1597,1596,2006,1626,0,0,10,59,1605,1,completed,completed,H.264,0,1,24,24,0,0,0,0,0,0,0,0,47700,23,0,0,0,0,0,15.599,1,4,28,28,20,8,0.109,1.166,2.106,0,0,33,6,39,0,1,0,0.200,0.800,0.846,1.000,0.000,25.000,0.000,0.000,0.000,insufficient-sample,5,7,0,0,5,7,10,57,0,0,0,0,57,predicted-useful,fec-grace,1672,0.000,12,39,6,0,6,0,0,58,58,58,58,3,14,3,14,0,0,0,loss,1,0.237,23.118,31.224,55,55,3,3,0,0,0,0,78,5,16,0,1,9500000,1200000,0,0,0,47651,47645,58343663,33,37312,3,3732,6,0,0,0,0,15.330,38.812,5743.938,4800.000,1507,47703,47453,223,250,27,0.005,0.083,0.094,1507,12000000,8831779,0.111,0.304,0.003,0.091,47703,10,10,57,0,10,0,0,0,0,0,0,0,1,0,4,301,59,59,0,0,0,0,0,,disabled,,0,0,0,0,,1,Fixed Quality,Hybrid,85,30,9500,12000,640,360,H.264,480,270,518400,28178,518400,28178,0.054,0.000,,0,0,0.000,2.191,0.000,0.000,0.092,7250,6750,6750,4,4,0,1,9500,1.000,0,15.330,7.866,0,1,0.000,0.000,0,0,0,0,0.026,0.821,0.154,1,0,0,disabled,24,0,0,large-au-observed,0,,0,0,12.975,23.729,0,,0.000,0.000,0.000,0.000,0,0,0,,0,0,0,11.547,0,1605,0.092,0.000,0.000,0.091,0.000,0.064,0.007,1,1,1,1,0,1,1,0,0,0,1,0,0.860,28.073,0.000,26,0,0.000,0,0,0,0.000,0.000,0.000,0.000,0.000,0.000,0.000,2.088,17.671,0,0,0,0,0,0,0,0,0.000,0.000,0.000,0.000,0.000,0.000,0,0.099,29.655,1597,1598,5661,49.880,67.176,29.237,67.176,42602.537,1209,1,H.264,18.264,0,0,66.168,67.209,1.000,30.258,17.250,arrival-gap-jitter-spike,13743.730,0,1,1,1,1,56346.267,281.193,296.302,298.787,298.787,0,0,0,0,0,0,0,,,0,0,0,0,0,0,0,0,0,0,,13.306,0.000,16.233,1.790,0.000,21.760,120.000,,0.001,1604,0.000,18.433,3.007,0.084,0.496,0.180,0.000,0.316,1,0,0,1,3,0.005,29.407,29.655,15.838,28.040,0.500,Loss,0,1,0,0.000,3,1,1,0,0.000,0.000,0.000,0,0,0,0,0,0,0,0
57.349,Baseline,Loopback,1,1,0,,,0.000,0,21,1635,30.565,29.581,27.708,8.810,9.523,0.216,0.240,1.567,0.005,0.000,48356,227,259,32,38,0,4,34,0,34,0,0,32,1627,0,0,0,0,0,5.000,0,0,0,0,0,0,0,0,0,0,0,0,0,0,0,0.000,0.000,0.000,,1627,1627,5733,0,1,30.116,66.168,31.150,67.209,0.000,0.000,1626,1626,2048,1661,0,0,11,60,1635,1,completed,completed,H.264,0,1,24,24,0,0,0,0,0,0,0,0,48577,23,0,0,0,0,0,8.613,1,4,34,34,26,8,0.086,1.140,2.106,0,0,39,6,45,0,1,0,0.200,0.800,0.867,1.000,0.000,30.000,0.000,1.000,0.000,duplicate-guard,5,7,0,0,5,7,11,63,0,0,0,0,63,predicted-useful,fec-grace,1704,0.000,13,45,6,0,6,0,0,59,59,59,59,3,14,3,14,0,0,0,loss,1,0.240,25.206,33.316,56,56,3,3,0,0,0,0,79,5,18,0,1,9500000,1200000,0,0,0,48527,48521,59416129,39,44154,5,6220,6,0,0,0,0,18.054,38.812,7745.688,4800.000,1535,48595,48336,227,259,32,0.005,0.073,0.076,1535,9980236,10184913,0.136,-0.059,0.015,0.096,48595,11,11,63,0,11,0,0,0,0,0,0,0,1,0,4,306,60,60,0,0,0,0,0,,disabled,,0,0,0,0,,1,Fixed Quality,Hybrid,85,30,9500,12000,640,360,H.264,480,270,518400,28178,518400,28178,0.054,0.000,,0,0,0.000,2.021,0.000,0.000,0.085,7250,6750,6750,4,4,0,1,9500,1.000,0,18.054,8.096,0,1,0.000,0.000,0,0,0,0,0.022,0.844,0.133,1,0,0,disabled,24,0,0,large-au-observed,0,,0,0,17.548,23.729,0,,0.000,0.000,0.000,0.000,0,0,0,,0,0,0,5.776,0,1635,0.085,0.000,0.000,0.084,0.000,0.059,0.008,1,1,1,1,0,1,1,0,0,0,0,0,1.000,0.000,0.000,30,0,0.000,0,0,0,0.000,0.000,0.000,0.000,0.000,0.000,0.000,1.927,20.787,0,0,0,0,0,0,0,0,0.000,0.000,0.000,0.000,0.000,0.000,0,0.093,29.581,1626,1627,5733,31.418,67.176,29.237,67.176,42602.537,1209,1,H.264,18.264,0,0,66.168,67.209,1.000,30.258,17.250,arrival-gap-jitter-spike,14747.065,0,1,1,1,1,57349.602,281.193,296.302,298.787,298.787,0,0,0,0,0,0,0,,,0,0,0,0,0,0,0,0,0,0,,15.860,0.000,18.788,0.000,0.000,0.000,120.000,,0.001,1635,0.000,22.419,3.523,0.079,0.685,0.360,0.000,0.325,1,0,0,1,3,0.005,30.565,29.581,1.567,27.708,0.750,PacingQueue,0,1,0,0.000,3,1,1,0,0.000,0.000,0.000,0,0,0,0,0,0,0,0
58.355,Baseline,Loopback,1,1,0,,,0.000,0,21,1665,29.422,29.608,29.431,20.691,9.571,0.169,0.239,2.679,0.005,0.000,49254,230,262,32,38,0,4,34,0,34,0,0,32,1657,0,0,0,0,0,5.000,0,0,0,0,0,0,0,0,0,0,0,0,0,0,0,0.000,0.000,0.000,,1657,1657,5813,0,1,34.939,66.168,36.667,67.209,0.000,0.000,1655,1655,2091,1691,0,0,11,62,1665,1,completed,completed,H.264,0,1,24,24,0,6,1,0,0,0,0,0,49478,23,0,0,0,0,0,20.440,1,4,34,34,26,8,0.086,1.140,2.106,0,0,39,6,45,0,1,0,0.200,0.800,0.867,1.000,0.000,26.000,0.000,0.000,0.000,insufficient-sample,5,7,0,0,5,7,11,63,0,0,0,0,63,predicted-useful,fec-grace,1736,0.000,13,45,6,0,6,0,0,61,61,61,61,3,14,3,14,0,0,0,loss,1,0.240,25.206,33.316,58,58,3,3,0,0,0,0,81,5,18,0,1,9500000,1200000,0,0,0,49427,49421,60518497,39,44154,5,6220,6,0,0,0,0,20.022,38.812,7793.188,4800.000,1563,49490,49229,229,261,32,0.005,0.240,0.305,1563,12000000,9813790,0.141,-0.047,0.002,0.119,49490,11,11,63,0,11,0,0,0,0,0,0,0,1,0,4,317,62,62,0,0,0,0,0,,disabled,,0,0,0,0,,1,Fixed Quality,Hybrid,85,30,9500,12000,640,360,H.264,480,270,518400,28178,518400,28178,0.054,0.000,,0,0,0.000,2.535,0.000,0.000,0.093,7250,6750,6750,4,4,0,1,9500,1.000,0,20.022,8.382,0,1,0.000,0.000,0,0,0,0,0.022,0.844,0.133,1,0,0,disabled,24,0,0,large-au-observed,0,,0,0,11.403,23.729,0,,0.000,0.000,0.000,0.000,0,0,0,,0,0,0,7.380,0,1665,0.093,0.000,0.000,0.092,0.000,0.064,0.009,1,1,1,1,0,1,1,0,0,0,0,0,1.000,0.000,0.000,30,0,0.000,0,0,0,0.000,0.000,0.000,0.000,0.000,0.000,0.000,2.431,22.819,0,0,0,0,0,0,0,0,0.000,0.000,0.000,0.000,0.000,0.000,0,0.187,29.608,1656,1657,5813,36.091,67.176,29.237,67.176,42602.537,1209,1,H.264,18.264,0,0,66.168,67.209,1.000,30.258,17.250,arrival-gap-jitter-spike,15752.413,0,1,1,1,1,58354.950,281.193,296.302,298.787,298.787,0,0,0,0,0,0,0,,,0,0,0,0,0,0,0,0,0,0,,15.577,0.000,18.845,0.056,0.000,25.579,120.000,,0.001,1664,0.000,20.419,3.003,0.088,0.362,0.043,0.000,0.319,1,0,0,1,3,0.005,29.422,29.608,2.679,29.431,0.500,Loss,0,0,0,0.167,0,0,0,0,0.000,0.000,0.000,0,0,0,0,0,0,0,0
