timeSec,scenarioName,networkRuntimeMode,networkModeSendingEnabled,networkModeReceivingEnabled,networkExperimentActive,networkExperimentScenarioName,networkExperimentAdaptiveMode,networkExperimentRemainingSec,networkExperimentStepIndex,networkExperimentStepCount,frameId,receiveFps,decodeFps,displayFps,currentLatencyMs,averageLatencyMs,currentRttMs,averageRttMs,currentJitterMs,packetLossRate,frameDropRate,receivedPackets,missingPackets,sequenceGapPackets,sequenceGapRecoveredPackets,duplicatePackets,duplicateOriginalPackets,duplicateRetransmitPackets,duplicateLateAfterCompletedPackets,duplicateLateAfterCompletedOriginalPackets,duplicateLateAfterCompletedRetransmitPackets,duplicateLateAfterExpiredPackets,duplicateLateAfterRejectedPackets,reorderedPackets,completedFrames,droppedFrames,deadlineDroppedFrames,outputQueueDroppedFrames,outputQueueDropEvents,outputQueueDropBurstEvents,startupWarmupSec,startupWarmupActive,outputQueueDroppedFramesDelta,outputQueueDropEventsDelta,outputQueueDropBurstEventsDelta,startupOutputQueueDroppedFrames,startupOutputQueueDropEvents,startupOutputQueueDropBurstEvents,steadyOutputQueueDroppedFrames,steadyOutputQueueDropEvents,steadyOutputQueueDropBurstEvents,evaluationOutputQueueDroppedFrames,evaluationOutputQueueDropEvents,evaluationOutputQueueDropBurstEvents,lastOutputQueueDropFrameCount,lastOutputQueueDropQueueSize,lastOutputQueueDropOldestAgeMs,lastOutputQueueDropNewestAgeMs,maxOutputQueueDropOldestAgeMs,lastOutputQueueDropReason,completedQueuePushes,completedQueuePops,completedQueueEmptyPolls,completedQueueSize,maxCompletedQueueSize,completedQueueLastPopAgeMs,completedQueueMaxPopAgeMs,completedQueueLastPushIntervalMs,completedQueueMaxPushIntervalMs,lastOutputQueueDropPopAgeMs,lastOutputQueueDropPushIntervalMs,decodedFrames,displayedFrames,frameRecoveryOutcomeEvents,frameRecoveryCompletedFrames,frameRecoveryExpiredFrames,frameRecoveryRejectedFrames,frameRecoveryNackSentFrames,frameRecoveryFecRecoveredFrames,frameRecoveryLastFrameId,frameRecoveryLastStreamId,frameRecoveryLastEvent,frameRecoveryLastOutcome,frameRecoveryLastCodec,frameRecoveryLastKeyFrame,frameRecoveryLastLargeFrame,frameRecoveryLastChunkCount,frameRecoveryLastReceivedChunks,frameRecoveryLastMissingChunks,frameRecoveryLastFecParityPackets,frameRecoveryLastFecRecoveredChunks,frameRecoveryLastNackCount,frameRecoveryLastPostNackReceivedChunks,frameRecoveryLastNackRequestedChunks,frameRecoveryLastRetransmitReceivedChunks,frameRecoveryLastRetransmitDuplicatePackets,frameRecoveryLastPacketSequence,frameRecoveryLastPacketChunkIndex,frameRecoveryLastRetransmitSequence,frameRecoveryLastRetransmitChunkIndex,frameRecoveryLastEventPacketSequence,frameRecoveryLastEventPacketChunkIndex,frameRecoveryLastEventWasRetransmit,frameRecoveryLastAgeMs,retransmitUsefulChunks,retransmitDuplicatePackets,retransmitLateAfterCompletedPackets,retransmitLateAfterCompletedLargePackets,retransmitLateAfterCompletedSentBeforeCompletePackets,retransmitLateAfterCompletedSentAfterCompletePackets,retransmitLateAfterCompletedAvgSendToCompleteMs,retransmitLateAfterCompletedAvgDelayMs,retransmitLateAfterCompletedMaxDelayMs,retransmitLateAfterExpiredPackets,retransmitLateAfterRejectedPackets,retransmitClassifiedPackets,retransmitNotArrivedPackets,retransmitAccountedPackets,retransmitUnclassifiedPackets,retransmitCompletedFrames,retransmitExpiredFrames,retransmitUsefulnessRatio,retransmitDuplicateRatio,retransmitFinalClassificationRatio,retransmitFinalAccountingRatio,retransmitExpiredAfterUsefulRatio,dynamicNackDeadlineMs,dynamicNackUsefulnessRatio,dynamicNackDuplicateRatio,dynamicNackExpiredAfterRetransmitRatio,dynamicNackDecisionReason,nackSuppressedFrames,nackSuppressedMissingChunks,nackPreflightSuppressedFrames,nackPreflightSuppressedChunks,nackFecGraceSuppressedFrames,nackFecGraceSuppressedChunks,nackPredictedUsefulFrames,nackPredictedUsefulChunks,nackDeferredForLikelyArrivalFrames,nackDeferredForLikelyArrivalChunks,nackSkippedTooLateFrames,nackSkippedTooLateChunks,nackRequestedChunkBudget,nackLastShapingReason,nackLastSuppressionReason,ackCount,lastAckMissingRate,ackRetransmittedFrames,ackRetransmittedChunks,repairCanceledByCompleteAckPackets,repairSkippedByTtlPackets,repairQueuedButCanceledPackets,repairSentAfterCompleteAckPackets,repairSentAfterCompleteAckLargePackets,repairSuppressedByFecLikelyFrames,repairSuppressedByFecLikelyPackets,repairSuppressedByFecLikelyLargeFrames,repairSuppressedByFecLikelyLargePackets,repairBudgetSuppressedFrames,repairBudgetSuppressedPackets,repairBudgetSuppressedLargeFrames,repairBudgetSuppressedLargePackets,repairRaceGuardSuppressedFrames,repairRaceGuardSuppressedPackets,repairRaceGuardSuppressedLargePackets,repairBudgetProfile,repairBudgetProfileSwitches,repairBudgetSmoothedMissingRate,repairBudgetSmoothedPacingQueueDelayMs,repairBudgetSmoothedDeliveryMs,repairFecLikelySuppressedCompletedFrames,repairFecLikelySuppressedCompletedPackets,repairFecLikelySuppressedExpiredFrames,repairFecLikelySuppressedExpiredPackets,repairFecLikelySuppressedPendingFrames,repairFecLikelySuppressedPendingPackets,repairFecLikelySuppressionRescueFrames,repairFecLikelySuppressionRescuePackets,h264KeyTinyMissingCriticalFrames,h264KeyTinyMissingCriticalPackets,h264KeyTinyMissingCriticalSentPackets,h264KeyTinyMissingCriticalSkippedPackets,h264KeyTinyMissingCriticalLastFrameId,h264KeyTinyMissingCriticalLastAckMissingChunks,h264KeyTinyMissingCriticalLastRequestedChunks,h264KeyTinyMissingCriticalLastEvent,lateRepairSavedPackets,ackStaleDroppedFrames,ackKeyFrameRequests,ackKeyFramePending,pacingEnabled,pacingTargetBitrateBps,pacingRepairTargetBitrateBps,pacingQueuedPackets,pacingHighPriorityQueuedPackets,pacingNormalQueuedPackets,pacingEnqueuedPackets,pacingSentPackets,pacingSentBytes,pacingRepairSentPackets,pacingRepairSentBytes,pacingRepairBorrowedPackets,pacingRepairBorrowedBytes,pacingDroppedPackets,pacingDeadlineDroppedPackets,pacingHighPriorityDeadlineDroppedPackets,pacingNormalDeadlineDroppedPackets,pacingOverflowDroppedPackets,pacingCurrentQueueDelayMs,pacingMaxQueueDelayMs,pacingVideoCreditBytes,pacingRepairCreditBytes,transportFeedbackPackets,transportFeedbackPacketStatuses,transportFeedbackReceivedPackets,transportFeedbackMissingPackets,transportFeedbackSequenceGapPackets,transportFeedbackSequenceGapRecoveredPackets,transportFeedbackLossRate,transportFeedbackArrivalJitterMs,transportFeedbackQueueDelayTrendMs,transportFeedbackLastSequence,estimatedBandwidthBps,deliveryRateBps,bandwidthQueueDelayMs,bandwidthRttTrendMs,bandwidthLossTrend,bandwidthJitterTrendMs,bandwidthFeedbackSamples,deadlineNackSentFrames,deadlineNackRecoveredFrames,deadlineNackMissingChunks,deadlineNackSentH264KeyFrames,deadlineNackSentH264LargeFrames,deadlineNackSentH264DeltaFrames,deadlineNackExpiredDroppedFrames,deadlineNackExpiredAfterNackFrames,deadlineNackExpiredMissingChunks,deadlineNackExpiredH264KeyFrames,deadlineNackExpiredH264KeyMissingChunks,deadlineNackLastExpiredH264KeyMissingChunks,deadlineNackExpiredH264KeyMissingChunks1,deadlineNackExpiredH264KeyMissingChunks2To4,deadlineNackExpiredH264KeyMissingChunks5To8,deadlineNackExpiredH264KeyMissingChunks9To16,deadlineNackExpiredH264KeyMissingChunks17Plus,h264KeySmallMissingDeadlineRescueFrames,h264KeySmallMissingDeadlineRescueMissingChunks,h264KeySmallMissingDeadlineRescueCompletedFrames,h264KeySmallMissingDeadlineRescueRejectedFrames,h264KeySmallMissingDeadlineRescueExpiredFrames,h264KeySmallMissingDeadlineRescueCompletedMissingChunks,h264KeySmallMissingDeadlineRescueExpiredMissingChunks,deadlineNackExpiredH264LargeFrames,deadlineNackExpiredH264DeltaFrames,fecEnabled,adaptiveFecEnabled,fecGroupChunkCount,fecParityPackets,fecRecoveredFrames,fecRecoveredChunks,h264ReassemblerAuRejectedFrames,h264ReassemblerHeaderFailures,h264ReassemblerPayloadSizeMismatches,h264ReassemblerFrameIdMismatches,h264ReassemblerCrcMismatches,h264ReassemblerLastRejectReason,adaptiveFecDecisionReason,adaptiveFecHoldReason,adaptiveFecG8ToG4Recovery,adaptiveFecQualityHoldActive,adaptiveFecQualityHoldCanceled,adaptiveFecEmergencyG2Active,adaptiveFecEarlyOffReason,adaptiveEnabled,adaptiveControlMode,adaptiveCongestionControlMode,targetJpegQuality,targetFps,targetBitrateKbps,adaptiveBandwidthCeilingKbps,targetWidth,targetHeight,actualCodec,actualEncodeWidth,actualEncodeHeight,actualRawFrameBytes,actualEncodedFrameBytes,rawFrameBytes,encodedFrameBytes,compressionRatio,captureFps,cameraCaptureSubtype,cameraCaptureWidth,cameraCaptureHeight,cameraCaptureFormatFps,encodeMs,resizeMs,nv12PrepareMs,h264EncodeMs,h264EncoderRequestedBitrateKbps,h264EncoderTargetBitrateKbps,h264EncoderAppliedBitrateKbps,h264DynamicBitrateUpdateRequests,h264DynamicBitrateUpdateSuccesses,h264DynamicBitrateUpdateFailures,h264EncoderReinitializations,pacingBudgetTargetBitrateKbps,h264VideoBudgetScale,pacingBurstGuardActive,fixedPacingRecentMaxQueueDelayMs,fixedPacingQueueReleaseStableSec,fixedPacingQueueRecovered,fixedPacingQueueReleaseEligible,adaptiveRepairBudgetUtilization,adaptiveRepairBorrowedRatio,adaptiveRepairSentBytesDelta,adaptiveRepairBorrowedBytesDelta,adaptiveRepairBudgetGuardActive,adaptiveRepairVideoBudgetPressure,adaptiveRetransmitUsefulRatio,adaptiveLateRepairWasteRatio,adaptiveRetransmitNotArrivedRatio,adaptiveRetransmitAccountingComplete,adaptiveLateRepairWastePressure,adaptiveRetransmitNotArrivedPressure,adaptiveRepairDecisionReason,h264AuChunkCount,h264AuIsIdr,h264AuIsDecoderSync,h264RequestedKeyFrameConsumedFrames,h264EncoderKeyFrameRequests,h264RecoveryKeyFrameRequests,h264AwaitingSyncKeyFrameRequests,h264PeriodicIdrRequests,h264IdrFrames,h264DecoderSyncFrames,h264ConsecutiveIdrFrames,h264MaxConsecutiveIdrFrames,h264AuProtectionLevel,h264AuDroppedBeforeSend,h264AuDropReason,h264AuDroppedBytes,h264AuDroppedChunks,h264AuPacingQueueDelayMs,h264AuEstimatedSendMs,h264InputGatedByPacing,h264InputGateReason,h264InputGateQueueDelayMs,h264InputGateVideoCreditBytes,h264InputGateFrameBudgetBytes,h264InputGateDurationMs,h264InputGateConsecutiveFrames,h264InputGateSkippedInputFrames,h264InputGateForcedOpen,h264InputGateReleaseReason,fecProtectedH264KeyFrames,fecProtectedH264LargeFrames,h264EncoderDelayFrames,h264EncoderDelayMs,h264EncoderPendingFrames,h264EncodedInputFrameId,h264EncoderCallMs,h264EncoderSampleCreateMs,h264EncoderProcessInputMs,h264EncoderPreInputPollMs,h264EncoderPostInputWaitMs,h264EncoderProcessOutputMs,h264EncoderOutputCopyMs,h264EncoderProcessOutputAttempts,h264EncoderAsyncEventCount,h264EncoderHardware,h264EncoderAsync,h264EncoderNeedInputSignaled,h264EncoderOutputProduced,h264EncoderOutputProducedBeforeInput,h264SubmittedNewInput,h264AsyncSubmittedWithoutOutput,h264AsyncPendingNoOutput,h264AsyncCadenceHoldActive,h264AsyncPendingNoOutputStreak,h264AsyncCadenceScale,h264AsyncCadenceHoldRemainingMs,h264AsyncOutputPollBackoffMs,h264InputCadenceFps,h264NeedInputSubmitWake,h264NeedInputSubmitLeadMs,encodedCameraFrameId,encodedCameraSourceTimestamp100ns,encodedCameraCaptureCompletedTimeUs,encodedCameraFrameAgeMs,encodedCameraReadSampleMs,encodedCameraReadSampleEndToCaptureMs,encodedCameraCaptureToPublishMs,encodedCameraPublishToAcquireMs,encodedCameraAcquireToEncoderInputMs,jpegEncodeMs,packetizeMs,sendFrameIntervalMs,cameraFrameReady,cameraFrameId,cameraSourceTimestamp100ns,cameraReadSampleStartTimeUs,cameraReadSampleEndTimeUs,cameraCaptureCompletedTimeUs,cameraFramePublishedTimeUs,cameraSenderAcquireTimeUs,cameraReadSampleMs,cameraReadSampleEndToCaptureMs,cameraCaptureToPublishMs,cameraPublishToAcquireMs,cameraAcquireToSendMs,cameraFrameAgeMs,cameraFrameCacheUsed,receiveJpegDecodeMs,receiveDecodeWorkerFps,receiveDecodeWorkerFrames,receiveDecodePopSuccesses,receiveDecodePopEmptyPolls,receiveDecodeLoopLastPopGapMs,receiveDecodeLoopMaxPopGapMs,receiveStartupDecodeLoopMaxPopGapMs,receiveSteadyDecodeLoopMaxPopGapMs,receiveSteadyDecodeLoopMaxPopGapAtMs,receiveSteadyDecodeLoopMaxPopGapFrameId,receiveSteadyDecodeLoopMaxPopGapStreamId,receiveSteadyDecodeLoopMaxPopGapCodec,receiveSteadyDecodeLoopMaxPopGapInputFrameAgeMs,receiveSteadyDecodeLoopMaxPopGapDecodedQueueSize,receiveSteadyDecodeLoopMaxPopGapCompletedQueueSize,receiveSteadyDecodeLoopMaxPopGapCompletedQueuePopAgeMs,receiveSteadyDecodeLoopMaxPopGapCompletedQueuePushIntervalMs,receiveSteadyDecodeLoopMaxPopGapArrivalRatio,receiveSteadyDecodeLoopMaxPopGapReceiverJitterMs,receiveSteadyDecodeLoopMaxPopGapReceiverLatencyMs,receiveSteadyDecodeLoopMaxPopGapClass,receiveSteadyDecodeLoopMaxPopGapAgeMs,receiveH264StartupActive,receiveH264StartupDecoderSynced,receiveH264StartupFirstDecoded,receiveH264StartupFirstDisplayed,receiveH264StartupReady,receiveH264StartupElapsedMs,receiveH264StartupDecoderSyncMs,receiveH264StartupFirstDecodedMs,receiveH264StartupFirstDisplayedMs,receiveH264StartupReadyMs,receiveH264StartupQueueFlushFrames,receiveDecodeOverwrittenFrames,receiveDecodeQueueDroppedFrames,receiveDecodeRenderOverwriteFrames,receiveDecodeFailures,receiveFreshnessDroppedFrames,receiveFreshnessDroppedFramesDelta,receiveFreshnessDropClass,receiveFreshnessDropEvidence,receiveLastFreshnessDropAgeMs,receiveMaxFreshnessDropAgeMs,receiveLastFreshnessDropFrameId,receiveLastFreshnessDropStreamId,receiveLastFreshnessDropCodec,receiveH264AuInvalidFrames,receiveH264AuCrcMismatches,receiveH264AuPayloadSizeMismatches,receiveH264AuNalCountMismatches,receiveH264AuNoAnnexBNals,receiveH264AuIdrFlagMismatches,receiveH264AuSpsPpsFlagMismatches,receiveH264AuSyncWithoutIdr,receiveH264AuIdrWithoutSpsPps,receiveH264AuForbiddenZeroBit,receiveH264AuLastInvalidReason,receiveDecodeInputFrameAgeMs,receiveDecodeInputCameraFrameAgeMs,receiveDecodeInputEncoderOutputAgeMs,receiveLatestDecodedFrameAgeMs,receiveLatestDecodedCameraFrameAgeMs,receiveLatestDecodedEncoderOutputAgeMs,receiveFreshnessDropThresholdMs,receiveDecodeLastDropReason,receiveUploadBufferWaitMs,receiveDisplayFrameId,receiveDisplayCameraFrameAgeMs,receiveDisplayEncoderOutputAgeMs,receiveDisplayDecodedFrameAgeMs,textureUploadMs,presentGpuWaitMs,renderFramePacingWaitMs,waitableSwapChainWaitMs,presentMs,presentSyncInterval,lowLatencyPresentMode,waitableSwapChainPacingEnabled,waitableSwapChainAvailable,swapChainBufferCount,adaptiveInputPacketLossRate,adaptiveInputReceiveFps,adaptiveInputDecodeFps,adaptiveInputJitterMs,adaptiveInputDisplayFps,adaptiveQoeScore,adaptiveDegradationCause,adaptiveArrivalGapJitterSpikeActive,adaptiveFecRecoveryWorking,adaptiveFecGuardActive,adaptiveFecRecoveryEfficiency,adaptiveFecParityPacketDelta,adaptiveFecRecoveredFrameDelta,adaptiveFecRecoveredChunkDelta,simEnabled,simLossRate,simDuplicateRate,simReorderRate,simMinDelayMs,simMaxDelayMs,simBurstLossLength,simSubmittedPackets,simSentPackets,simDroppedPackets,simDuplicatedPackets,simReorderedPackets
0.146,Custom_loss6_delay0-100_dup0_reorder6_burst0,Loopback,1,1,0,,,0.000,0,21,0,0.000,0.000,0.000,0.000,0.000,0.000,0.000,0.000,0.000,0.000,0,0,0,0,0,0,0,0,0,0,0,0,0,0,0,0,0,0,0,5.000,1,0,0,0,0,0,0,0,0,0,0,0,0,0,0,0.000,0.000,0.000,,0,0,13,0,0,0.000,0.000,0.000,0.000,0.000,0.000,0,0,0,0,0,0,0,0,0,0,,,,0,0,0,0,0,0,0,0,0,0,0,0,0,0,0,0,0,0,0,0.000,0,0,0,0,0,0,0.000,0.000,0.000,0,0,0,0,0,0,0,0,0.000,0.000,0.000,0.000,0.000,0.000,0.000,0.000,0.000,,0,0,0,0,0,0,0,0,0,0,0,0,0,,,0,0.000,0,0,0,0,0,0,0,0,0,0,0,0,0,0,0,0,0,0,balanced,0,0.000,0.000,0.000,0,0,0,0,0,0,0,0,0,0,0,0,0,0,0,,0,0,0,0,1,6000000,1200000,0,0,0,0,0,0,0,0,0,0,0,0,0,0,0,0.000,0.000,3750.000,4800.000,0,0,0,0,0,0,0.000,0.000,0.000,0,6000000,0,0.000,0.000,0.000,0.000,0,0,0,0,0,0,0,0,0,0,0,0,0,0,0,0,0,0,0,0,0,0,0,0,0,0,0,1,0,4,0,0,0,0,0,0,0,0,,disabled,,0,0,0,0,,1,Fixed Quality,Hybrid,85,30,9500,12000,640,360,,0,0,0,0,0,0,0.000,0.000,,0,0,0.000,0.000,0.000,0.000,0.000,0,0,0,0,0,0,0,0,1.000,0,0.000,0.000,1,0,0.000,0.000,0,0,0,0,0.000,0.000,0.000,0,0,0,disabled,0,0,0,0,0,0,0,0,0,0,0,0,,0,,0,0,0.000,0.000,0,,0.000,0.000,0.000,0.000,0,0,0,,0,0,0,0.000,0,0,0.000,0.000,0.000,0.000,0.000,0.000,0.000,0,0,0,0,0,0,0,0,0,0,0,0,1.000,0.000,0.000,0,0,0.000,0,0,0,0.000,0.000,0.000,0.000,0.000,0.000,0.000,0.000,0.000,0,0,0,0,0,0,0,0,0.000,0.000,0.000,0.000,0.000,0.000,0,0.000,0.000,0,0,13,0.000,0.000,0.000,0.000,0.000,0,0,,0.000,0,0,0.000,0.000,0.000,0.000,0.000,,-1.000,1,0,0,0,0,146.150,0.000,0.000,0.000,0.000,0,0,0,0,0,0,0,,,0.000,0.000,0,0,,0,0,0,0,0,0,0,0,0,0,,0.000,0.000,0.000,0.000,0.000,0.000,120.000,,0.000,0,0.000,0.000,0.000,0.000,0.000,0.000,0.000,0.000,1,0,0,1,3,0.000,0.000,0.000,0.000,0.000,0.000,None,0,0,0,0.000,0,0,0,1,0.060,0.000,0.060,0,100,0,0,0,0,0,0
1.147,Custom_loss6_delay0-100_dup0_reorder6_burst0,Loopback,1,1,0,,,0.000,0,21,19,21.348,8.949,8.991,91.746,82.065,0.000,0.000,19.940,0.170,0.286,338,69,336,267,49,24,2,21,16,5,2,0,274,15,6,0,0,0,0,5.000,1,0,0,0,0,0,0,0,0,0,0,0,0,0,0,0.000,0.000,0.000,,12,12,102,0,1,25.900,127.518,26.904,127.774,0.000,0.000,8,8,192,20,3,0,38,48,20,1,fec-recovered,pending,H.264,0,1,26,22,4,3,2,3,5,25,0,0,344,22,0,0,0,0,0,81.975,5,2,5,1,5,0,50.476,37.413,57.261,0,0,12,2,14,0,5,0,0.714,0.286,0.857,1.000,0.000,29.000,0.000,0.000,0.000,insufficient-sample,15,151,0,0,13,147,38,359,2,4,0,0,359,predicted-useful,fec-grace,70,0.231,5,14,0,0,0,0,0,0,0,0,0,2,39,2,39,0,0,0,jitter-ack-loss,0,0.771,7.124,115.124,0,0,0,0,0,0,0,0,1,2,2,0,2,2,2,sent,39,45,4,0,1,9500000,1200000,6,0,6,420,414,495127,19,21125,1,1252,0,0,0,0,0,7.937,29.879,850.062,4800.000,25,659,328,202,331,129,0.381,10.693,2.583,25,5996153,9705076,1.468,0.000,0.485,8.436,659,38,11,359,14,21,3,3,3,11,0,0,0,0,0,0,0,0,0,0,0,0,0,0,0,3,0,1,0,4,61,48,48,0,0,0,0,0,,disabled,,0,0,0,0,,1,Fixed Quality,Hybrid,85,30,9500,12000,640,360,H.264,480,270,518400,30264,518400,30264,0.058,0.000,,0,0,0.000,2.436,0.000,0.000,0.086,7250,7250,7250,0,0,0,1,9500,1.000,0,19.256,0.000,0,0,0.000,0.000,0,0,0,0,0.357,0.500,0.143,1,0,0,disabled,26,0,0,2,8,2,6,0,6,6,0,4,large-au-observed,0,,0,0,24.460,25.485,0,,0.000,0.000,0.000,0.000,0,0,0,,1,0,0,6.337,0,22,0.086,0.000,0.000,0.085,0.000,0.058,0.008,1,1,1,1,0,1,1,0,0,0,1,0,0.860,67.588,0.000,26,0,0.000,0,0,0,0.000,0.000,0.000,0.000,0.000,0.000,0.000,2.341,10.501,0,0,0,0,0,0,0,0,0.000,0.000,0.000,0.000,0.000,0.000,0,0.339,8.949,8,12,102,26.851,128.636,40.778,128.636,904.952,13,1,H.264,96.150,0,0,127.518,127.774,0.993,63.914,95.022,arrival-gap-jitter-spike,242.017,0,1,1,1,1,1146.969,501.666,502.691,510.560,510.560,0,0,3,0,0,0,0,,,0.000,0.000,0,0,,0,0,0,0,0,0,0,0,0,0,,89.922,0.000,92.276,0.000,0.000,0.000,125.873,h264-decoder-buffering,0.001,19,0.000,98.952,5.223,0.121,0.315,0.001,0.000,0.314,1,0,0,1,3,0.172,21.348,8.949,19.940,8.991,1.000,RecoveryDeadline,1,1,0,1.000,0,1,1,1,0.060,0.000,0.060,0,100,0,415,338,32,0,22
2.151,Custom_loss6_delay0-100_dup0_reorder6_burst0,Loopback,1,1,0,,,0.000,0,21,47,21.065,19.297,19.470,98.003,95.837,32.038,32.038,30.115,0.082,0.306,1242,111,1166,1055,164,106,5,43,38,5,10,0,1062,34,15,0,0,0,0,5.000,1,0,0,0,0,0,0,0,0,0,0,0,0,0,0,0.000,0.000,0.000,,31,31,194,0,1,16.159,146.141,17.357,147.204,0.000,0.000,27,27,649,39,12,0,120,184,50,1,fec-parity,pending,H.264,0,1,26,10,16,2,0,0,0,0,0,0,1332,11,0,0,0,0,0,32.540,10,5,5,1,5,0,50.476,37.413,57.261,0,0,20,2,22,0,7,0,0.667,0.333,0.909,1.000,0.000,31.000,0.000,0.000,0.000,insufficient-sample,43,578,0,0,38,571,120,1305,5,7,0,0,1305,predicted-useful,fec-grace,197,0.077,7,22,0,0,0,0,0,0,0,0,0,4,77,4,77,0,0,0,pacing,1,0.825,6.136,114.136,0,0,0,0,0,0,0,0,1,2,2,0,2,2,2,sent,77,149,8,0,1,9500000,1200000,11,0,11,1385,1374,1664775,60,71249,31,37692,0,0,0,0,0,4.539,32.494,984.625,4800.000,74,2382,1230,602,1152,550,0.329,1.321,1.381,74,5664062,9126131,1.122,0.000,0.419,9.378,2382,120,30,1305,26,91,3,12,12,26,0,0,0,0,0,0,0,0,0,0,0,0,0,0,0,12,0,1,0,4,236,184,184,0,0,0,0,0,,disabled,,0,0,0,0,,1,Fixed Quality,Hybrid,85,30,9500,12000,640,360,H.264,480,270,518400,30264,518400,30264,0.058,0.000,,0,0,0.000,2.564,0.000,0.000,0.172,7250,7250,7250,0,0,0,1,9500,1.000,0,14.433,0.000,0,0,0.000,0.000,0,0,0,0,0.455,0.455,0.091,1,0,0,disabled,26,0,0,4,12,4,8,0,10,10,0,4,large-au-observed,0,,0,0,18.510,25.485,0,,0.000,0.000,0.000,0.000,0,0,0,,2,0,0,10.104,0,51,0.171,0.000,0.000,0.170,0.000,0.131,0.009,1,1,1,1,0,1,1,0,0,0,0,0,1.000,0.000,0.000,30,0,0.000,0,0,0,0.000,0.000,0.000,0.000,0.000,0.000,0.000,2.377,14.151,0,0,0,0,0,0,0,0,0.000,0.000,0.000,0.000,0.000,0.000,0,0.497,19.296,27,31,194,17.132,147.344,40.778,147.344,2078.365,46,1,H.264,112.428,0,0,146.141,147.204,0.999,99.732,111.216,arrival-gap-jitter-spike,73.029,0,1,1,1,1,2151.394,501.666,502.691,510.560,510.560,0,0,3,0,0,0,0,,,0.000,0.000,0,0,,0,0,0,0,0,0,0,0,0,0,,105.778,0.000,108.826,0.000,0.000,0.000,129.001,h264-decoder-buffering,0.001,47,0.000,113.871,4.464,0.079,0.587,0.327,0.000,0.261,1,0,0,1,3,0.083,21.065,19.297,30.115,19.470,1.000,RecoveryDeadline,1,1,0,0.500,4,2,2,1,0.060,0.000,0.060,0,100,0,1376,1243,83,0,81
3.156,Custom_loss6_delay0-100_dup0_reorder6_burst0,Loopback,1,1,0,,,0.000,0,21,76,21.812,20.686,20.602,104.635,100.535,82.079,57.058,63.086,0.077,0.307,2067,173,1958,1785,257,177,9,59,54,5,12,0,1792,52,23,0,0,0,0,5.000,1,0,0,0,0,0,0,0,0,0,0,0,0,0,0,0.000,0.000,0.000,,49,49,286,0,1,107.938,146.141,108.931,147.204,0.000,0.000,45,44,1047,57,20,0,193,295,77,1,fec-parity,pending,H.264,0,1,26,14,12,2,0,2,7,31,0,0,2196,9,0,0,0,0,0,64.061,12,9,5,1,5,0,50.476,37.413,57.261,0,0,26,3,29,0,9,0,0.571,0.429,0.897,1.000,0.000,33.000,0.000,0.000,0.000,insufficient-sample,73,931,0,0,60,912,193,2154,13,19,0,0,2154,predicted-useful,fec-grace,314,0.462,10,29,0,0,0,0,0,1,1,1,1,7,132,7,132,0,0,0,pacing,1,0.802,7.944,115.944,0,0,1,1,0,0,0,0,1,2,2,0,2,2,2,sent,133,245,12,0,1,9500000,1200000,16,0,16,2283,2267,2751907,100,120129,58,71328,0,0,0,0,0,3.271,34.712,411.812,4800.000,119,4005,2053,1008,1952,944,0.329,36.517,0.000,119,6890642,10552438,0.895,50.041,0.477,27.878,4005,193,48,2154,38,152,3,20,20,41,1,3,3,0,1,0,0,0,0,0,0,0,0,0,0,19,0,1,0,4,388,295,295,0,0,0,0,0,,disabled,,0,0,0,0,,1,Fixed Quality,Hybrid,85,30,9500,12000,640,360,H.264,480,270,518400,30264,518400,30264,0.058,0.000,,0,0,0.000,3.213,0.000,0.000,0.084,7250,7250,7250,0,0,0,1,9500,1.000,0,29.160,0.000,0,0,0.000,0.000,0,0,0,0,0.414,0.483,0.103,1,0,0,disabled,26,0,0,6,18,6,11,1,14,14,0,4,large-au-observed,0,,0,0,30.880,25.485,0,,0.000,0.000,0.000,0.000,0,0,0,,3,0,0,7.398,0,79,0.084,0.000,0.000,0.083,0.000,0.055,0.006,1,1,1,1,0,1,1,0,0,0,0,0,1.000,0.000,0.000,30,0,0.000,0,0,0,0.000,0.000,0.000,0.000,0.000,0.000,0.000,3.119,12.672,0,0,0,0,0,0,0,0,0.000,0.000,0.000,0.000,0.000,0.000,0,0.316,20.686,45,49,286,109.062,147.344,40.778,147.344,2078.365,46,1,H.264,112.428,0,0,146.141,147.204,0.999,99.732,111.216,arrival-gap-jitter-spike,1077.969,0,1,1,1,1,3156.334,501.666,502.691,510.560,510.560,0,0,3,0,0,0,0,,,0.000,0.000,0,0,,0,0,0,0,0,0,0,0,0,0,,111.434,0.000,114.489,0.340,0.000,109.592,137.317,h264-decoder-buffering,0.001,72,0.000,121.282,5.023,0.077,0.653,0.407,0.000,0.246,1,0,0,1,3,0.078,21.812,20.686,63.086,20.602,2.000,Jitter,1,1,0,1.000,1,1,1,1,0.060,0.000,0.060,0,100,0,2270,2071,143,0,137
4.162,Custom_loss6_delay0-100_dup0_reorder6_burst0,Loopback,1,1,0,,,0.000,0,21,102,18.068,18.054,17.875,110.280,101.164,64.024,59.380,54.529,0.068,0.287,2838,208,2668,2460,352,234,15,86,79,7,17,0,2467,72,29,0,0,0,0,5.000,1,0,0,0,0,0,0,0,0,0,0,0,0,0,0,0.000,0.000,0.000,,69,69,379,0,1,109.637,146.141,109.876,147.204,0.000,0.000,65,65,1400,79,26,0,257,392,105,1,fec-parity,pending,H.264,0,1,24,7,17,1,0,0,0,0,0,0,3041,23,0,0,0,0,0,9.121,14,15,7,3,7,0,54.450,29.503,57.261,0,0,36,4,40,0,12,0,0.483,0.517,0.900,1.000,0.000,35.000,0.000,1.000,0.000,insufficient-sample,102,1244,0,0,81,1213,257,2855,21,31,0,0,2855,predicted-useful,fec-grace,423,0.708,15,40,0,0,0,0,0,2,2,2,2,12,225,12,225,0,0,0,pacing,1,0.803,8.882,116.882,0,0,2,2,0,0,0,0,1,2,2,0,2,2,2,sent,227,327,16,0,1,9500000,1200000,0,0,0,3045,3045,3698983,144,173985,90,111184,0,0,0,0,0,16.180,36.667,6612.000,3583.150,161,5487,2829,1310,2658,1348,0.317,58.767,0.000,161,6037250,8275032,0.982,36.422,0.488,24.613,5487,257,68,2855,50,203,4,26,26,51,3,6,1,1,2,0,0,0,0,0,0,0,0,0,0,23,0,1,0,4,515,392,392,0,0,0,0,0,,disabled,,0,0,0,0,,1,Fixed Quality,Hybrid,85,30,9500,12000,640,360,H.264,480,270,518400,28178,518400,28178,0.054,0.000,,0,0,0.000,1.931,0.000,0.000,0.081,6000,6750,6750,1,1,0,1,9500,0.820,1,16.180,0.000,0,0,1.154,0.000,1244,0,0,0,0.000,0.000,1.000,1,0,0,fixed-pacing-queue-hold,24,0,0,8,24,8,15,1,18,18,0,4,large-au-observed,0,,0,0,12.896,23.729,0,,0.000,0.000,0.000,0.000,0,0,0,,4,0,0,6.033,0,105,0.080,0.000,0.000,0.080,0.000,0.058,0.006,1,1,1,1,0,1,1,0,0,0,0,0,1.000,0.000,0.000,24,0,0.000,0,0,0,0.000,0.000,0.000,0.000,0.000,0.000,0.000,1.842,10.111,0,0,0,0,0,0,0,0,0.000,0.000,0.000,0.000,0.000,0.000,0,0.441,18.054,65,69,379,110.719,147.344,40.778,147.344,2078.365,46,1,H.264,112.428,0,0,146.141,147.204,0.999,99.732,111.216,arrival-gap-jitter-spike,2083.461,0,1,1,1,1,4161.826,501.666,502.691,510.560,510.560,0,0,3,0,0,0,0,,,0.000,0.000,0,0,,0,0,0,0,0,0,0,0,0,0,,101.216,0.000,103.906,0.000,0.000,0.000,140.140,h264-decoder-buffering,0.001,102,0.000,109.423,5.012,0.086,0.303,0.001,0.000,0.302,1,0,0,1,3,0.069,18.068,18.054,54.529,17.875,2.000,RecoveryDeadline,0,1,0,0.500,2,1,1,1,0.060,0.000,0.060,0,100,0,3049,2843,171,0,185
5.163,Custom_loss6_delay0-100_dup0_reorder6_burst0,Loopback,1,1,0,,,0.000,0,21,126,21.543,19.589,19.542,98.241,100.419,58.809,59.237,42.181,0.060,0.270,3439,220,3197,2977,437,281,16,120,109,11,20,0,2984,92,34,0,0,0,0,5.000,0,0,0,0,0,0,0,0,0,0,0,0,0,0,0,0.000,0.000,0.000,,88,88,466,0,1,87.624,146.141,88.599,147.204,0.000,0.000,84,84,1724,103,30,0,315,483,127,1,fec-parity,pending,H.264,1,1,22,21,1,5,4,3,14,50,1,0,3612,8,3632,0,0,0,0,83.728,18,16,11,7,11,0,64.046,19.706,57.261,0,0,45,6,51,0,18,0,0.529,0.471,0.882,1.000,0.000,37.000,0.000,0.000,0.000,insufficient-sample,131,1495,0,0,98,1446,315,3406,33,49,0,0,3406,predicted-useful,likely-arrival,520,0.636,18,51,0,0,0,0,0,2,2,2,2,15,265,15,265,0,0,0,pacing,1,0.787,12.757,120.757,0,0,2,2,0,0,0,0,1,2,2,0,2,2,2,sent,267,398,20,0,1,9500000,1200000,1,0,1,3686,3685,4487056,183,222243,118,145758,0,0,0,0,0,17.719,36.667,724.062,4800.000,194,6613,3416,1620,3197,1577,0.322,31.814,0.087,194,5179422,7460046,2.104,28.094,0.524,14.995,6613,315,87,3406,65,245,5,30,30,57,3,6,1,1,2,0,0,0,0,0,0,0,0,0,0,27,0,1,0,4,628,483,483,0,0,0,0,0,,disabled,,0,0,0,0,,1,Fixed Quality,Hybrid,85,30,9500,12000,640,360,H.264,480,270,518400,26094,518400,26094,0.050,0.000,,0,0,0.000,1.875,0.000,0.000,0.080,6750,6250,6250,2,2,0,1,9500,0.933,1,17.719,0.000,0,0,0.000,0.000,0,0,0,0,0.353,0.529,0.118,1,0,0,fixed-pacing-queue-hold,22,0,0,11,30,11,16,3,23,23,0,4,large-au-observed,0,,0,0,16.966,21.974,0,,0.000,0.000,0.000,0.000,0,0,0,,5,0,0,5.291,0,129,0.079,0.000,0.000,0.078,0.000,0.054,0.007,1,1,1,1,0,1,1,0,0,0,0,0,1.000,0.000,0.000,24,0,0.000,0,0,0,0.000,0.000,0.000,0.000,0.000,0.000,0.000,1.786,9.800,0,0,0,0,0,0,0,0,0.000,0.000,0.000,0.000,0.000,0.000,0,0.385,19.589,84,88,466,88.501,147.344,40.778,147.344,2078.365,46,1,H.264,112.428,0,0,146.141,147.204,0.999,99.732,111.216,arrival-gap-jitter-spike,3084.729,0,1,1,1,1,5163.094,501.666,502.691,510.560,510.560,0,0,3,0,0,0,0,,,0.000,0.000,0,0,,0,0,0,0,0,0,0,0,0,0,,97.181,0.000,99.785,0.000,0.000,0.000,134.120,h264-decoder-buffering,0.001,126,0.000,103.872,3.645,0.076,0.365,0.045,0.000,0.320,1,0,0,1,3,0.060,21.543,19.589,42.181,19.542,1.000,Jitter,0,1,0,0.000,0,1,1,1,0.060,0.000,0.060,0,100,0,3690,3444,197,0,220
6.166,Custom_loss6_delay0-100_dup0_reorder6_burst0,Loopback,1,1,0,,,0.000,0,21,154,17.818,17.826,17.806,105.290,100.087,14.607,50.311,32.500,0.060,0.266,4183,269,3893,3624,540,339,19,160,144,16,22,0,3631,113,41,0,0,0,0,5.000,0,0,0,0,0,0,0,0,0,0,0,0,0,0,0,0.000,0.000,0.000,,108,108,561,0,1,22.393,146.141,23.622,147.204,0.000,0.000,104,103,2116,129,36,0,374,597,155,1,fec-parity,pending,H.264,0,1,23,17,6,3,2,1,2,9,0,0,4397,2,0,0,0,0,0,61.953,22,19,16,12,16,0,66.233,18.176,57.261,0,0,57,7,64,0,26,0,0.537,0.463,0.891,1.000,0.000,44.000,1.000,0.000,0.000,insufficient-sample,172,1787,0,0,121,1708,374,3912,50,75,1,4,3913,predicted-useful,fec-grace,626,0.652,23,64,0,0,0,0,0,2,2,2,2,20,348,20,348,0,0,0,pacing,1,0.818,7.003,115.003,0,0,2,2,0,0,0,0,1,2,2,0,2,2,2,sent,350,475,24,0,1,9500000,1200000,10,0,10,4479,4469,5452292,225,274075,143,176898,0,0,0,0,0,0.754,36.667,1198.188,4800.000,234,8052,4159,1945,3893,1948,0.319,56.302,0.000,234,4916501,7740914,0.791,13.635,0.533,20.057,8052,374,108,3912,77,292,5,36,36,69,3,6,1,1,2,0,0,0,0,0,0,0,0,0,0,33,0,1,0,4,768,597,597,0,0,0,0,0,,disabled,,0,0,0,0,,1,Fixed Quality,Hybrid,85,30,9500,12000,640,360,H.264,480,270,518400,27136,518400,27136,0.052,0.000,,0,0,0.000,2.055,0.000,0.000,0.087,7250,6500,6500,3,3,0,1,9500,1.000,0,11.134,0.000,0,0,0.000,0.000,0,0,0,0,0.000,1.000,0.000,1,0,0,disabled,23,0,0,15,35,15,17,3,27,27,0,4,large-au-observed,0,,0,0,13.031,22.851,0,,0.000,0.000,0.000,0.000,0,0,0,,6,0,0,9.617,0,157,0.086,0.000,0.000,0.086,0.000,0.063,0.006,1,1,1,1,0,1,1,0,0,0,1,0,0.860,179.994,0.000,26,0,0.000,0,0,0,0.000,0.000,0.000,0.000,0.000,0.000,0.000,1.960,6.952,0,0,0,0,0,0,0,0,0.000,0.000,0.000,0.000,0.000,0.000,0,0.438,17.826,104,108,561,23.391,147.344,40.778,147.344,2078.365,46,1,H.264,112.428,0,0,146.141,147.204,0.999,99.732,111.216,arrival-gap-jitter-spike,4087.387,0,1,1,1,1,6165.752,501.666,502.691,510.560,510.560,0,0,3,0,0,0,0,,,0.000,0.000,0,0,,0,0,0,0,0,0,0,0,0,0,,101.271,0.000,104.040,4.756,0.000,114.637,132.645,h264-decoder-buffering,0.000,153,0.000,107.479,4.290,0.077,0.325,0.041,0.000,0.284,1,0,0,1,3,0.061,17.818,17.826,32.500,17.806,1.000,RecoveryDeadline,0,1,0,0.250,4,1,1,1,0.060,0.000,0.060,0,100,0,4475,4189,238,0,253
7.169,Custom_loss6_delay0-100_dup0_reorder6_burst0,Loopback,1,1,0,,,0.000,0,21,182,17.097,17.102,17.311,72.504,100.302,15.342,44.483,39.202,0.062,0.264,4966,330,4644,4314,644,401,24,193,170,23,26,0,4321,134,48,0,0,0,0,5.000,0,0,0,0,0,0,0,0,0,0,0,0,0,0,0,0.000,0.000,0.000,,129,129,657,0,1,18.206,146.141,19.289,147.204,0.000,0.000,125,125,2507,157,43,0,440,708,184,1,nack-sent,pending,H.264,1,1,24,2,22,0,0,1,0,22,0,0,5297,20,0,0,0,0,0,27.717,25,24,23,19,23,0,64.361,19.410,57.261,0,0,72,9,81,0,35,0,0.510,0.490,0.889,1.000,0.000,44.000,0.000,1.000,0.000,insufficient-sample,210,2095,0,0,143,1990,440,4525,65,97,2,8,4527,predicted-useful,likely-arrival,736,0.583,30,81,0,0,0,0,0,2,2,2,2,27,457,27,457,0,0,0,pacing,1,0.775,7.443,115.443,0,0,2,2,0,0,0,0,1,2,2,0,2,2,2,sent,459,554,28,0,1,9500000,1200000,0,0,0,5303,5303,6474596,272,331969,168,207416,0,0,0,0,0,18.728,36.667,6265.250,2706.450,276,9607,4963,2247,4644,2397,0.312,2.312,0.960,276,4797673,8250021,0.911,11.055,0.488,11.832,9607,439,129,4503,94,340,5,43,43,83,4,7,1,2,2,0,0,0,0,0,0,0,0,0,0,39,0,1,0,4,902,708,708,0,0,0,0,0,,disabled,,0,0,0,0,,1,Fixed Quality,Hybrid,85,30,9500,12000,640,360,H.264,480,270,518400,28178,518400,28178,0.054,0.000,,0,0,0.000,2.271,0.000,0.000,0.084,7250,6750,6750,4,4,0,1,9500,1.000,0,18.728,0.000,0,0,0.000,0.000,0,0,0,0,0.309,0.580,0.111,1,0,0,disabled,24,1,1,19,46,19,21,6,34,34,4,4,decoder-sync-observed,0,,0,0,15.506,23.729,0,,0.000,0.000,0.000,0.000,0,0,0,,7,0,0,5.324,0,184,0.084,0.000,0.000,0.084,0.000,0.058,0.008,1,1,1,1,0,1,1,0,0,0,1,0,0.860,29.509,0.000,26,0,0.000,0,0,0,0.000,0.000,0.000,0.000,0.000,0.000,0.000,2.178,36.794,0,0,0,0,0,0,0,0,0.000,0.000,0.000,0.000,0.000,0.000,0,0.488,17.103,125,129,657,19.310,147.344,40.778,147.344,2078.365,46,1,H.264,112.428,0,0,146.141,147.204,0.999,99.732,111.216,arrival-gap-jitter-spike,5091.334,0,1,1,1,1,7169.699,501.666,502.691,510.560,510.560,0,0,3,0,0,0,0,,,0.000,0.000,0,0,,0,0,0,0,0,0,0,0,0,0,,99.140,0.000,102.666,0.000,0.000,0.000,120.000,h264-decoder-buffering,0.001,182,0.000,107.550,4.334,0.094,0.372,0.001,0.000,0.372,1,0,0,1,3,0.062,17.097,17.102,39.202,17.311,1.000,RecoveryDeadline,0,1,0,0.000,1,1,1,1,0.060,0.000,0.060,0,100,0,5310,4980,287,0,304
8.175,Custom_loss6_delay0-100_dup0_reorder6_burst0,Loopback,1,1,0,,,0.000,0,21,210,25.822,25.879,25.872,103.510,101.232,44.288,44.455,15.561,0.062,0.252,5806,381,5434,5053,756,474,32,217,188,29,33,0,5060,157,53,0,0,0,0,5.000,0,0,0,0,0,0,0,0,0,0,0,0,0,0,0,0.000,0.000,0.000,,152,152,752,0,1,21.840,146.141,23.166,147.204,0.000,0.000,148,148,2941,186,48,0,511,833,212,1,nack-sent,pending,H.264,1,1,24,12,12,3,1,2,6,31,0,0,6155,19,0,0,0,0,0,43.420,31,32,29,25,29,0,63.294,20.679,57.261,0,0,92,7,99,0,38,1,0.492,0.508,0.929,1.000,0.026,45.000,0.250,0.750,0.000,duplicate-guard,247,2410,0,0,165,2277,511,5198,80,125,2,8,5199,predicted-useful,likely-arrival,856,0.500,38,99,0,0,0,0,0,3,3,3,3,35,596,35,596,0,0,0,pacing,1,0.810,13.289,121.289,0,0,3,3,0,0,0,0,1,2,2,0,2,2,2,sent,599,642,32,0,1,9500000,1200000,0,0,0,6191,6191,7562610,320,391107,194,239178,0,0,0,0,0,18.257,36.667,5318.812,4075.050,322,11220,5793,2533,5427,2894,0.304,9.580,0.317,322,5718461,9385031,0.583,14.633,0.468,10.986,11220,511,152,5198,115,391,5,48,48,96,4,7,1,2,2,0,0,0,0,0,0,0,0,0,0,44,0,1,0,4,1055,833,833,0,0,0,0,0,,disabled,,0,0,0,0,,1,Fixed Quality,Hybrid,85,30,9500,12000,640,360,H.264,480,270,518400,28178,518400,28178,0.054,0.000,,0,0,0.000,2.283,0.000,0.000,0.081,7250,6750,6750,4,4,0,1,9500,1.000,0,18.257,0.000,0,0,0.000,0.000,0,0,0,0,0.313,0.616,0.071,1,0,0,disabled,24,1,1,23,54,23,25,6,41,41,4,4,decoder-sync-observed,0,,0,0,0.104,23.729,0,,0.000,0.000,0.000,0.000,0,0,0,,8,0,0,2.603,0,213,0.081,0.000,0.000,0.080,0.000,0.054,0.008,1,1,1,1,0,1,1,0,0,0,0,0,1.000,0.000,0.000,30,0,0.000,0,0,0,0.000,0.000,0.000,0.000,0.000,0.000,0.000,2.193,31.195,0,0,0,0,0,0,0,0,0.000,0.000,0.000,0.000,0.000,0.000,0,0.390,25.879,148,152,752,23.025,147.344,40.778,147.344,2078.365,46,1,H.264,112.428,0,0,146.141,147.204,0.999,99.732,111.216,arrival-gap-jitter-spike,6097.460,0,1,1,1,1,8175.825,501.666,502.691,510.560,510.560,0,0,3,0,0,0,0,,,0.000,0.000,0,0,,0,0,0,0,0,0,0,0,0,0,,111.583,0.000,114.726,0.000,0.000,0.000,131.755,h264-decoder-buffering,0.001,210,0.000,120.754,5.617,0.096,0.309,0.001,0.000,0.308,1,0,0,1,3,0.062,25.822,25.879,15.561,25.872,1.000,Loss,0,1,0,0.000,1,2,2,1,0.060,0.000,0.060,0,100,0,6199,5820,338,0,363
9.182,Custom_loss6_delay0-100_dup0_reorder6_burst0,Loopback,1,1,0,,,0.000,0,21,240,17.631,17.621,17.450,98.263,101.656,12.608,40.474,22.053,0.061,0.257,6641,435,6213,5778,858,533,37,250,216,34,38,0,5785,179,62,0,0,0,0,5.000,0,0,0,0,0,0,0,0,0,0,0,0,0,0,0,0.000,0.000,0.000,,173,173,844,0,1,77.277,146.141,78.771,147.204,0.000,0.000,169,168,3372,213,56,0,587,956,241,1,fec-recovered,pending,H.264,1,1,24,15,9,1,1,2,11,34,0,0,7029,9,0,0,0,0,0,65.190,33,37,34,30,34,0,64.293,20.207,57.261,0,0,104,11,115,0,42,1,0.471,0.529,0.904,1.000,0.023,44.000,0.000,0.000,0.000,insufficient-sample,289,2748,0,0,188,2581,587,5894,99,159,2,8,5892,predicted-useful,likely-arrival,978,0.667,44,115,0,0,0,0,0,3,3,3,3,41,697,41,697,0,0,0,pacing,1,0.797,7.183,115.183,0,0,3,3,0,0,0,0,1,2,2,0,2,2,2,sent,700,733,36,0,1,9500000,1200000,11,0,11,7107,7096,8671772,366,447755,220,271570,0,0,0,0,0,0.916,36.667,1136.438,1108.200,367,12823,6614,2942,6209,3267,0.308,64.546,0.000,367,3689597,7280544,0.647,5.371,0.565,6.550,12823,587,174,5894,134,448,5,56,56,111,4,7,1,2,2,0,0,0,0,0,0,0,0,0,0,52,0,1,0,4,1203,956,956,0,0,0,0,0,,disabled,,0,0,0,0,,1,Fixed Quality,Hybrid,85,30,9500,12000,640,360,H.264,480,270,518400,28178,518400,28178,0.054,0.000,,0,0,0.000,2.306,0.000,0.000,0.093,7250,6750,6750,4,4,0,1,9500,1.000,0,9.621,0.000,0,0,3.149,0.000,3732,0,0,0,0.000,0.000,1.000,1,0,0,disabled,24,0,0,27,61,27,27,7,47,47,0,4,large-au-observed,0,,0,0,11.675,23.729,0,,0.000,0.000,0.000,0.000,0,0,0,,9,0,0,9.712,0,243,0.093,0.000,0.000,0.092,0.000,0.066,0.007,1,1,1,1,0,1,1,0,0,0,0,0,1.000,0.000,0.000,30,0,0.000,0,0,0,0.000,0.000,0.000,0.000,0.000,0.000,0.000,2.204,16.902,0,0,0,0,0,0,0,0,0.000,0.000,0.000,0.000,0.000,0.000,0,0.483,17.621,169,173,844,79.071,147.344,40.778,147.344,2078.365,46,1,H.264,112.428,0,0,146.141,147.204,0.999,99.732,111.216,arrival-gap-jitter-spike,7104.007,0,1,1,1,1,9182.372,501.666,502.691,510.560,510.560,0,0,3,0,0,0,0,,,0.000,0.000,0,0,,0,0,0,0,0,0,0,0,0,0,,106.469,0.000,109.872,4.323,0.000,109.489,129.132,h264-decoder-buffering,0.001,237,0.000,117.145,5.467,0.106,0.357,0.001,0.000,0.356,1,0,0,1,3,0.062,17.631,17.621,22.053,17.450,1.000,Loss,0,1,0,1.000,2,2,2,1,0.060,0.000,0.060,0,100,0,7105,6652,394,0,415
10.183,Custom_loss6_delay0-100_dup0_reorder6_burst0,Loopback,1,1,0,,,0.000,0,21,267,25.489,25.570,23.833,107.617,101.790,61.201,42.777,19.420,0.061,0.239,7383,477,6913,6436,944,576,46,283,244,39,39,0,6444,204,64,0,0,0,0,5.000,0,0,0,0,0,0,0,0,0,0,0,0,0,0,0,0.000,0.000,0.000,,198,198,937,0,1,57.644,146.141,58.652,147.204,0.000,0.000,194,193,3736,243,58,0,645,1052,268,1,fec-recovered,pending,H.264,1,1,22,20,2,5,4,3,9,31,0,0,7796,8,0,0,0,0,0,74.949,37,46,39,35,39,0,63.890,19.044,57.261,0,0,122,12,134,0,48,1,0.446,0.554,0.910,1.000,0.020,45.000,0.143,0.857,0.000,duplicate-guard,323,2992,0,0,208,2805,645,6430,113,179,2,8,6428,predicted-useful,fec-grace,1085,0.545,51,134,0,0,0,0,0,4,4,4,4,48,805,48,805,0,0,0,pacing,1,0.794,7.983,115.983,0,0,4,4,0,0,0,0,1,2,2,0,2,2,2,sent,809,807,40,0,1,9500000,1200000,1,0,1,7868,7867,9617017,415,508137,245,302088,0,0,0,0,0,7.561,36.667,116.000,2821.950,409,14289,7376,3220,6913,3693,0.304,20.947,1.884,409,5026720,7904262,1.408,14.015,0.505,12.705,14289,645,197,6430,153,487,5,58,58,113,4,7,1,2,2,0,0,0,0,0,0,0,0,0,0,54,0,1,0,4,1334,1052,1052,0,0,0,0,0,,disabled,,0,0,0,0,,1,Fixed Quality,Hybrid,85,30,9500,12000,640,360,H.264,480,270,518400,26096,518400,26096,0.050,0.000,,0,0,0.000,2.124,0.000,0.000,0.122,6250,6250,6250,5,5,0,1,9500,0.880,1,11.473,0.000,0,0,0.000,0.000,0,0,0,0,0.276,0.634,0.090,1,0,0,latency-pressure-freshness-hold,22,1,1,31,68,31,30,7,54,54,3,4,decoder-sync-observed,0,,0,0,0.107,21.976,0,,0.000,0.000,0.000,0.000,0,0,0,,10,0,0,2.858,0,270,0.122,0.000,0.000,0.121,0.000,0.092,0.009,1,1,1,1,0,1,1,0,0,0,1,0,0.860,28.540,0.000,26,0,0.000,0,0,0,0.000,0.000,0.000,0.000,0.000,0.000,0.000,1.994,7.307,0,0,0,0,0,0,0,0,0.000,0.000,0.000,0.000,0.000,0.000,0,0.506,25.570,194,198,937,58.869,147.344,40.778,147.344,2078.365,46,1,H.264,112.428,0,0,146.141,147.204,0.999,99.732,111.216,arrival-gap-jitter-spike,8104.949,0,1,1,1,1,10183.314,501.666,502.691,510.560,510.560,0,0,4,0,0,1,1,latency-pressure freshness,latency-over-80ms,138.118,138.118,255,1,decoded,0,0,0,0,0,0,0,0,0,0,,100.597,0.000,103.794,0.000,0.000,0.000,133.809,stale-before-upload,0.001,267,0.000,109.408,5.445,0.095,0.318,0.001,0.000,0.318,1,0,0,1,3,0.061,25.489,25.570,19.420,23.833,1.000,Loss,0,1,0,1.000,0,1,1,1,0.060,0.000,0.060,0,100,0,7877,7395,429,0,457
11.185,Custom_loss6_delay0-100_dup0_reorder6_burst0,Loopback,1,1,0,,,0.000,0,21,294,13.561,13.563,13.572,97.924,101.962,16.658,40.165,72.195,0.062,0.257,8118,539,7615,7076,1057,650,52,313,265,48,42,0,7083,220,76,0,0,0,0,5.000,0,0,0,0,0,0,0,0,0,0,0,0,0,0,0,0.000,0.000,0.000,,213,213,1030,0,1,0.203,261.920,1.545,263.091,0.000,0.000,209,207,4129,268,69,0,713,1159,295,1,fec-recovered,pending,H.264,1,1,23,21,2,4,4,3,14,45,0,0,8578,2,0,0,0,0,0,79.667,42,52,48,44,48,0,64.138,21.243,129.444,0,0,142,14,156,0,53,2,0.447,0.553,0.910,1.000,0.036,40.000,0.000,1.000,0.333,retransmit-late,359,3260,0,0,229,3048,713,7009,128,204,2,8,7006,predicted-useful,fec-grace,1193,0.783,61,156,0,0,0,0,0,7,7,7,7,58,961,58,961,0,0,0,pacing,1,0.809,11.061,119.061,0,0,7,7,0,0,0,0,1,2,2,0,2,2,2,sent,968,888,44,0,1,9500000,1200000,0,0,0,8658,8658,10592451,465,570081,271,334168,0,0,0,0,0,16.121,36.667,3508.312,1325.400,449,15712,8113,3564,7599,4035,0.305,38.704,0.000,449,6322349,9833401,0.781,2.303,0.452,21.798,15712,713,213,7009,171,537,5,69,69,134,5,8,1,3,2,0,0,0,0,0,0,0,0,0,0,64,0,1,0,4,1469,1159,1159,0,0,0,0,0,,disabled,,0,0,0,0,,1,Fixed Quality,Hybrid,85,30,9500,12000,640,360,H.264,480,270,518400,27138,518400,27138,0.052,0.000,,0,0,0.000,2.670,0.000,0.000,0.110,7250,6500,6500,6,6,0,1,9500,0.880,1,16.121,0.000,0,0,3.030,0.000,3732,0,0,0,0.000,0.000,1.000,1,0,0,latency-pressure-freshness-hold,23,1,1,35,75,35,33,7,60,60,3,4,decoder-sync-observed,0,,0,0,13.225,22.853,0,,0.000,0.000,0.000,0.000,0,0,0,,11,0,0,4.864,0,297,0.109,0.000,0.000,0.109,0.000,0.070,0.009,1,1,1,1,0,1,1,0,0,0,0,0,1.000,0.000,0.000,30,0,0.000,0,0,0,0.000,0.000,0.000,0.000,0.000,0.000,0.000,2.521,9.660,0,0,0,0,0,0,0,0,0.000,0.000,0.000,0.000,0.000,0.000,0,0.408,13.563,209,213,1030,1.612,262.979,40.778,262.979,10771.685,283,1,H.264,104.430,0,0,261.920,263.091,1.000,223.859,103.357,arrival-gap-jitter-spike,413.637,0,1,1,1,1,11185.322,501.666,502.691,510.560,510.560,0,0,5,0,0,2,1,latency-pressure freshness,latency-over-80ms,134.400,138.118,293,1,decoded,0,0,0,0,0,0,0,0,0,0,,104.784,0.000,107.933,0.000,0.000,0.000,133.962,stale-before-upload,0.001,294,0.000,110.031,5.516,0.087,0.360,0.001,0.000,0.359,1,0,0,1,3,0.061,13.561,13.563,72.195,13.572,2.000,Jitter,1,1,0,1.000,0,3,3,1,0.060,0.000,0.060,0,100,0,8669,8136,483,0,505
12.188,Custom_loss6_delay0-100_dup0_reorder6_burst0,Loopback,1,1,0,,,0.000,0,21,321,20.628,20.642,20.649,84.366,102.129,12.662,37.665,16.877,0.062,0.251,8852,583,8293,7710,1156,710,59,343,289,54,44,0,7717,242,81,0,0,0,0,5.000,0,0,0,0,0,0,0,0,0,0,0,0,0,0,0,0.000,0.000,0.000,,235,235,1126,0,1,64.386,261.920,65.354,263.091,0.000,0.000,231,229,4517,296,74,0,774,1273,322,1,fec-recovered,pending,H.264,1,1,23,16,7,3,3,2,6,28,1,0,9392,12,9409,0,0,0,0,54.166,47,59,54,50,54,0,65.352,20.170,129.444,0,0,160,13,173,0,57,2,0.443,0.557,0.925,1.000,0.034,45.000,0.250,0.750,0.000,duplicate-guard,390,3524,0,0,248,3292,774,7634,140,224,2,8,7630,predicted-useful,likely-arrival,1300,0.565,68,173,0,0,0,0,0,9,9,9,9,65,1068,65,1068,0,0,0,pacing,1,0.769,9.583,117.583,0,0,9,9,0,0,0,0,1,2,2,0,2,2,2,sent,1077,963,48,0,1,9500000,1200000,0,0,0,9429,9429,11540773,511,626889,295,364056,0,0,0,0,0,16.340,36.667,8782.562,4800.000,489,17122,8841,3888,8281,4393,0.305,3.514,1.601,489,4697306,7560663,1.483,1.044,0.491,7.062,17122,774,235,7634,193,576,5,74,74,144,8,14,2,3,5,0,0,0,0,0,0,0,0,0,0,66,0,1,0,4,1606,1273,1273,0,0,0,0,0,,disabled,,0,0,0,0,,1,Fixed Quality,Hybrid,85,30,9500,12000,640,360,H.264,480,270,518400,27138,518400,27138,0.052,0.000,,0,0,0.000,2.584,0.000,0.000,0.082,7250,6750,6750,7,7,0,1,9500,0.994,1,16.340,0.000,0,0,0.000,0.000,0,0,0,0,0.272,0.653,0.075,1,0,0,fixed-pacing-queue-hold,23,1,1,39,85,39,36,10,67,67,2,4,decoder-sync-observed,0,,0,0,0.145,22.853,0,,0.000,0.000,0.000,0.000,0,0,0,,12,0,0,4.758,0,323,0.082,0.000,0.000,0.082,0.000,0.049,0.014,1,1,1,1,0,1,1,0,0,0,0,0,1.000,0.000,0.000,24,0,0.000,0,0,0,0.000,0.000,0.000,0.000,0.000,0.000,0.000,1.878,8.537,0,0,0,0,0,0,0,0,0.000,0.000,0.000,0.000,0.000,0.000,0,0.417,20.642,231,235,1126,65.780,262.979,40.778,262.979,10771.685,283,1,H.264,104.430,0,0,261.920,263.091,1.000,223.859,103.357,arrival-gap-jitter-spike,1416.314,0,1,1,1,1,12187.999,501.666,502.691,510.560,510.560,0,0,5,0,0,2,0,,,134.400,138.118,293,1,decoded,0,0,0,0,0,0,0,0,0,0,,103.014,0.000,105.871,0.000,0.000,0.000,122.183,stale-before-upload,0.001,321,0.000,111.136,4.869,0.091,0.268,0.001,0.000,0.267,1,0,0,1,3,0.062,20.628,20.642,16.877,20.649,1.000,Jitter,1,1,0,1.000,0,2,2,1,0.060,0.000,0.060,0,100,0,9441,8866,535,0,550
13.190,Custom_loss6_delay0-100_dup0_reorder6_burst0,Loopback,1,1,0,,,0.000,0,21,348,18.980,19.017,18.903,100.364,102.386,101.343,42.972,24.514,0.061,0.246,9607,623,8994,8371,1253,767,67,372,310,62,47,0,8378,263,86,0,0,0,0,5.000,0,0,0,0,0,0,0,0,0,0,0,0,0,0,0,0.000,0.000,0.000,,256,256,1219,0,1,26.995,261.920,28.173,263.091,0.000,0.000,252,250,4897,325,79,0,838,1375,349,1,nack-sent,pending,H.264,0,1,24,20,4,3,3,2,4,15,0,0,10182,3,0,0,0,0,0,76.048,50,67,62,58,62,0,66.089,19.935,129.444,0,0,179,11,190,0,58,4,0.427,0.573,0.942,1.000,0.065,44.000,0.000,1.000,0.000,duplicate-guard,428,3829,0,0,269,3571,838,8255,157,250,2,8,8250,predicted-useful,fec-grace,1407,0.000,75,190,0,0,0,0,0,9,9,9,9,72,1184,72,1184,0,0,0,pacing,1,0.804,4.171,112.171,0,0,9,9,0,0,0,0,1,2,2,0,2,2,2,sent,1193,1038,52,0,1,9500000,1200000,3,0,3,10226,10223,12513805,558,684783,321,396448,0,0,0,0,0,7.590,38.310,282.562,4800.000,531,18600,9606,4226,8994,4768,0.306,26.409,2.321,531,5341548,9267538,1.624,18.571,0.455,20.037,18600,838,256,8255,209,624,5,79,79,155,9,15,1,4,5,0,0,0,0,0,0,0,0,0,0,70,0,1,0,4,1737,1375,1375,0,0,0,0,0,,disabled,,0,0,0,0,,1,Fixed Quality,Hybrid,85,30,9500,12000,640,360,H.264,480,270,518400,28178,518400,28178,0.054,0.000,,0,0,0.000,2.307,0.000,0.000,0.070,7250,6750,6750,7,7,0,1,9500,1.000,0,15.643,0.000,0,0,0.000,0.000,0,0,0,0,0.263,0.679,0.058,1,0,0,disabled,24,1,1,43,93,43,40,10,72,72,1,4,decoder-sync-observed,0,,0,0,19.210,23.729,0,,0.000,0.000,0.000,0.000,0,0,0,,13,0,0,4.646,0,351,0.070,0.000,0.000,0.069,0.000,0.044,0.009,1,1,1,1,0,1,1,0,0,0,0,0,1.000,0.000,0.000,30,0,0.000,0,0,0,0.000,0.000,0.000,0.000,0.000,0.000,0.000,2.045,8.685,0,0,0,0,0,0,0,0,0.000,0.000,0.000,0.000,0.000,0.000,0,0.372,19.017,252,256,1219,28.095,262.979,40.778,262.979,10771.685,283,1,H.264,104.430,0,0,261.920,263.091,1.000,223.859,103.357,arrival-gap-jitter-spike,2418.803,0,1,1,1,1,13190.488,501.666,502.691,510.560,510.560,0,0,5,0,0,2,0,,,134.400,138.118,293,1,decoded,0,0,0,0,0,0,0,0,0,0,,105.804,0.000,109.082,0.000,0.000,0.000,130.182,stale-before-upload,0.001,348,0.000,114.794,5.332,0.085,0.269,0.001,0.000,0.269,1,0,0,1,3,0.061,18.980,19.017,24.514,18.903,1.000,Loss,0,1,0,2.000,1,2,2,1,0.060,0.000,0.060,0,100,0,10236,9625,579,0,591
14.196,Custom_loss6_delay0-100_dup0_reorder6_burst0,Loopback,1,1,0,,,0.000,0,21,375,19.582,15.678,13.789,97.148,102.339,101.933,47.507,6.128,0.060,0.250,10329,657,9650,8993,1348,818,78,400,335,65,52,0,9000,282,94,0,0,0,0,5.000,0,0,0,0,0,0,0,0,0,0,0,0,0,0,0,0.000,0.000,0.000,,274,274,1309,0,1,43.652,261.920,44.940,263.091,0.000,0.000,269,266,5259,347,86,0,902,1472,377,1,nack-sent,pending,H.264,0,1,22,17,5,3,2,2,5,17,0,0,10936,1,0,0,0,0,0,75.915,53,78,65,61,65,0,66.396,20.799,129.444,0,0,196,16,212,0,63,5,0.405,0.595,0.925,1.000,0.074,40.000,0.200,0.800,0.500,retransmit-late,458,4058,0,0,288,3784,902,8859,168,266,2,8,8854,predicted-useful,fec-grace,1512,0.227,83,212,0,0,0,0,0,9,9,9,9,80,1310,80,1310,0,0,0,pacing,1,0.805,12.117,120.117,0,0,9,9,0,0,0,0,1,2,2,0,2,2,2,sent,1319,1115,56,1,1,9500000,1200000,8,0,8,11008,11000,13468708,608,746727,345,426344,0,0,0,0,0,0.790,38.310,210.688,3440.100,570,19978,10328,4476,9650,5174,0.302,46.803,0.025,570,5155999,7964192,1.133,14.975,0.423,22.862,19978,902,274,8859,228,668,6,86,86,165,11,19,2,4,7,0,0,0,0,0,0,0,0,0,0,74,1,1,0,4,1865,1472,1472,0,0,0,0,0,,disabled,,0,0,0,0,,1,Fixed Quality,Hybrid,85,30,9500,12000,640,360,H.264,480,270,518400,26096,518400,26096,0.050,0.000,,0,0,0.000,2.653,0.000,0.000,0.109,6000,6250,6250,8,8,0,1,9500,0.820,1,5.065,0.000,0,0,0.000,0.000,0,0,0,0,0.250,0.675,0.075,1,0,0,latency-pressure-freshness-hold,22,1,1,46,101,46,42,13,79,79,2,4,decoder-sync-observed,0,,0,0,0.114,21.976,0,,0.000,0.000,0.000,0.000,0,0,0,,14,0,0,8.160,0,379,0.109,0.000,0.000,0.108,0.000,0.074,0.010,1,1,1,1,0,1,1,0,0,0,1,0,0.860,24.852,0.000,26,0,0.000,0,0,0,0.000,0.000,0.000,0.000,0.000,0.000,0.000,2.531,12.923,0,0,0,0,0,0,0,0,0.000,0.000,0.000,0.000,0.000,0.000,0,0.608,15.678,269,274,1309,44.988,262.979,40.778,262.979,10771.685,283,1,H.264,104.430,0,0,261.920,263.091,1.000,223.859,103.357,arrival-gap-jitter-spike,3425.116,0,1,1,1,1,14196.801,501.666,502.691,510.560,510.560,0,0,7,0,0,4,2,latency-pressure freshness,latency-over-80ms,145.888,145.888,366,1,H.264,0,0,0,0,0,0,0,0,0,0,,98.545,0.000,99.177,0.000,0.000,0.000,128.574,stale-before-decode,0.001,375,0.000,105.068,5.723,0.091,0.351,0.001,0.000,0.350,1,0,0,1,3,0.060,19.582,15.678,6.128,13.789,1.000,RecoveryDeadline,0,1,0,0.000,2,1,1,1,0.060,0.000,0.060,0,100,0,11014,10345,620,0,641
15.201,Custom_loss6_delay0-100_dup0_reorder6_burst0,Loopback,1,1,0,,,0.000,0,21,402,18.672,18.680,18.687,103.094,102.082,17.541,45.367,10.680,0.059,0.250,11025,694,10286,9592,1440,866,85,433,364,69,56,0,9599,303,101,0,0,0,0,5.000,0,0,0,0,0,0,0,0,0,0,0,0,0,0,0,0.000,0.000,0.000,,294,294,1405,0,1,41.823,261.920,42.875,263.091,0.000,0.000,289,286,5615,372,92,0,965,1570,403,1,fec-recovered,pending,H.264,0,1,22,22,0,4,3,2,10,20,0,0,11691,8,0,0,0,0,0,98.854,61,85,69,65,69,0,66.412,21.032,129.444,0,0,215,13,228,0,70,6,0.418,0.582,0.943,1.000,0.079,39.000,0.000,1.000,1.000,retransmit-late,489,4276,0,0,306,3983,965,9373,181,285,2,8,9368,deferred-likely-arrival,likely-arrival,1619,0.318,89,228,0,0,0,0,0,10,10,10,10,86,1383,86,1383,0,0,0,pacing,1,0.712,6.468,114.468,0,0,10,10,0,0,0,0,1,2,2,0,2,2,2,sent,1393,1194,59,0,1,9500000,1200000,0,0,0,11724,11724,14362696,652,801207,368,454996,0,0,0,0,0,10.922,38.310,2749.500,4800.000,609,21310,11024,4811,10286,5475,0.304,8.986,1.442,609,3562731,6314869,1.175,-4.899,0.430,7.279,21310,965,295,9373,248,711,6,92,92,174,12,21,2,4,8,0,0,0,0,0,0,0,0,0,0,79,1,1,0,4,1983,1570,1570,0,0,0,0,0,,disabled,,0,0,0,0,,1,Fixed Quality,Hybrid,85,30,9500,12000,640,360,H.264,480,270,518400,26096,518400,26096,0.050,0.000,,0,0,0.000,2.232,0.000,0.000,0.069,6750,6250,6250,8,8,0,1,9500,0.943,1,10.922,0.000,0,0,0.000,0.000,0,0,0,0,0.268,0.675,0.057,1,0,0,fixed-pacing-queue-hold,22,1,1,50,109,50,46,13,85,85,1,4,decoder-sync-observed,0,,0,0,18.009,21.976,0,,0.000,0.000,0.000,0.000,0,0,0,,15,0,0,2.791,0,405,0.069,0.000,0.000,0.069,0.000,0.044,0.007,1,1,1,1,0,1,1,0,0,0,1,0,0.860,144.581,0.000,24,0,0.000,0,0,0,0.000,0.000,0.000,0.000,0.000,0.000,0.000,2.131,7.345,0,0,0,0,0,0,0,0,0.000,0.000,0.000,0.000,0.000,0.000,0,0.396,18.680,289,294,1405,42.896,262.979,40.778,262.979,10771.685,283,1,H.264,104.430,0,0,261.920,263.091,1.000,223.859,103.357,arrival-gap-jitter-spike,4428.980,0,1,1,1,1,15200.665,501.666,502.691,510.560,510.560,0,0,7,0,0,4,0,,,145.888,145.888,366,1,H.264,0,0,0,0,0,0,0,0,0,0,,98.995,0.000,101.631,0.000,0.000,0.000,131.547,stale-before-decode,0.000,402,0.000,108.029,6.000,0.078,0.393,0.026,0.000,0.367,1,0,0,1,3,0.059,18.672,18.680,10.680,18.687,1.000,Loss,0,1,0,0.000,1,1,1,1,0.060,0.000,0.060,0,100,0,11739,11042,669,0,675
16.204,Custom_loss6_delay0-100_dup0_reorder6_burst0,Loopback,1,1,0,,,0.000,0,21,429,19.431,19.465,19.541,93.178,102.295,94.588,48.648,21.428,0.060,0.247,11777,756,11001,10245,1551,928,95,469,396,73,59,0,10252,324,106,0,0,0,0,5.000,0,0,0,0,0,0,0,0,0,0,0,0,0,0,0,0.000,0.000,0.000,,315,315,1499,0,1,28.987,261.920,30.037,263.091,0.000,0.000,310,307,6016,397,97,0,1032,1687,430,1,fec-recovered,pending,H.264,0,1,23,19,4,4,3,2,6,22,0,0,12461,5,0,0,0,0,0,82.664,66,95,73,69,73,0,65.890,21.686,129.444,0,0,234,15,249,0,76,8,0.410,0.590,0.940,1.000,0.095,35.000,0.250,0.750,0.333,retransmit-late,521,4554,0,0,326,4242,1032,10008,193,304,2,8,10003,predicted-useful,fec-grace,1733,0.348,98,249,0,0,0,0,0,10,10,10,10,95,1531,95,1531,0,0,0,pacing,1,0.821,6.716,114.716,0,0,10,10,0,0,0,0,1,2,2,0,2,2,2,sent,1541,1277,63,0,1,9500000,1200000,10,0,10,12556,12546,15374460,702,862993,393,485682,0,0,0,0,0,0.756,38.310,1153.062,4800.000,648,22755,11755,5141,11000,5859,0.304,4.206,1.905,648,5610618,8990260,1.269,77.047,0.492,10.780,22755,1032,316,10008,269,757,6,97,97,182,13,23,2,4,9,0,0,0,0,0,0,0,0,0,0,83,1,1,0,4,2123,1687,1687,0,0,0,0,0,,disabled,,0,0,0,0,,1,Fixed Quality,Hybrid,85,30,9500,12000,640,360,H.264,480,270,518400,27138,518400,27138,0.052,0.000,,0,0,0.000,2.126,0.000,0.000,0.071,7250,6500,6500,9,9,0,1,9500,1.000,0,20.222,0.000,0,0,0.000,0.000,0,0,0,0,0.265,0.675,0.060,1,0,0,disabled,23,1,1,54,118,54,50,14,92,92,1,4,decoder-sync-observed,0,,0,0,21.993,22.853,0,,0.000,0.000,0.000,0.000,0,0,0,,16,0,0,4.951,0,433,0.070,0.000,0.000,0.070,0.000,0.047,0.008,1,1,1,1,0,1,1,0,0,0,0,0,1.000,0.000,0.000,30,0,0.000,0,0,0,0.000,0.000,0.000,0.000,0.000,0.000,0.000,2.026,9.957,0,0,0,0,0,0,0,0,0.000,0.000,0.000,0.000,0.000,0.000,0,0.447,19.464,310,315,1499,30.230,262.979,40.778,262.979,10771.685,283,1,H.264,104.430,0,0,261.920,263.091,1.000,223.859,103.357,arrival-gap-jitter-spike,5431.979,0,1,1,1,1,16203.664,501.666,502.691,510.560,510.560,0,0,7,0,0,4,0,,,145.888,145.888,366,1,H.264,0,0,0,0,0,0,0,0,0,0,,106.832,0.000,110.229,0.000,0.000,0.000,126.589,stale-before-decode,0.001,429,0.000,115.868,5.178,0.094,0.319,0.001,0.000,0.318,1,0,0,1,3,0.060,19.431,19.465,21.428,19.541,1.000,RecoveryDeadline,0,1,0,3.000,1,3,3,1,0.060,0.000,0.060,0,100,0,12562,11795,714,0,737
17.206,Custom_loss6_delay0-100_dup0_reorder6_burst0,Loopback,1,1,0,,,0.000,0,21,458,21.446,21.441,21.443,105.928,102.369,6.299,46.001,61.717,0.061,0.247,12576,818,11766,10948,1666,989,106,508,433,75,63,0,10955,345,113,0,0,0,0,5.000,0,0,0,0,0,0,0,0,0,0,0,0,0,0,0,0.000,0.000,0.000,,336,336,1589,0,1,106.379,261.920,108.345,263.091,0.000,0.000,331,328,6447,420,104,0,1110,1806,460,1,nack-sent,pending,H.264,0,1,24,9,15,3,0,1,0,15,0,0,13366,22,0,0,0,0,0,49.402,75,106,75,71,75,0,65.609,23.104,129.444,0,0,256,16,272,0,83,9,0.414,0.586,0.941,1.000,0.098,35.000,0.250,0.750,0.333,retransmit-late,554,4888,0,0,347,4553,1110,10772,205,327,2,8,10767,predicted-useful,fec-grace,1853,0.000,105,272,0,0,0,0,0,10,10,10,10,102,1635,102,1635,0,0,0,pacing,1,0.805,3.653,111.653,0,0,10,10,0,0,0,0,1,2,2,0,2,2,2,sent,1645,1365,67,0,1,9500000,1200000,0,0,0,13387,13387,16405312,755,928351,423,522420,0,0,0,0,0,17.344,38.310,7238.625,4800.000,691,24334,12570,5525,11764,6239,0.305,2.177,0.861,691,5702614,8892775,1.980,43.980,0.496,13.448,24334,1108,337,10754,290,812,6,104,104,194,15,26,2,5,10,0,0,0,0,0,0,0,0,0,0,88,1,1,0,4,2274,1806,1806,0,0,0,0,0,,disabled,,0,0,0,0,,1,Fixed Quality,Hybrid,85,30,9500,12000,640,360,H.264,480,270,518400,28178,518400,28178,0.054,0.000,,0,0,0.000,2.339,0.000,0.000,0.099,7250,6750,6750,10,10,0,1,9500,1.000,0,17.344,0.000,0,0,0.000,0.000,0,0,0,0,0.276,0.665,0.059,1,0,0,disabled,24,0,0,57,124,57,53,14,98,98,0,4,large-au-observed,0,,0,0,11.074,23.729,0,,0.000,0.000,0.000,0.000,0,0,0,,17,0,0,4.452,0,461,0.098,0.000,0.000,0.098,0.000,0.067,0.010,1,1,1,1,0,1,1,0,0,0,0,0,1.000,0.000,0.000,30,0,0.000,0,0,0,0.000,0.000,0.000,0.000,0.000,0.000,0.000,2.232,27.571,0,0,0,0,0,0,0,0,0.000,0.000,0.000,0.000,0.000,0.000,0,0.422,21.441,331,336,1589,107.839,262.979,40.778,262.979,10771.685,283,1,H.264,104.430,0,0,261.920,263.091,1.000,223.859,103.357,arrival-gap-jitter-spike,6435.193,0,1,1,1,1,17206.878,501.666,502.691,510.560,510.560,0,0,7,0,0,4,0,,,145.888,145.888,366,1,H.264,0,0,0,0,0,0,0,0,0,0,,105.959,0.000,109.171,0.000,0.000,0.000,137.964,stale-before-decode,0.001,458,0.000,115.115,5.512,0.091,0.322,0.001,0.000,0.321,1,0,0,1,3,0.061,21.446,21.441,61.717,21.443,2.000,Jitter,0,1,0,1.000,0,1,1,1,0.060,0.000,0.060,0,100,0,13404,12598,764,0,781
18.212,Custom_loss6_delay0-100_dup0_reorder6_burst0,Loopback,1,1,0,,,0.000,0,21,487,24.681,20.940,20.989,109.610,102.642,86.675,48.394,20.977,0.061,0.249,13447,872,12588,11716,1791,1061,115,548,466,82,67,0,11723,367,122,0,0,0,0,5.000,0,0,0,0,0,0,0,0,0,0,0,0,0,0,0,0.000,0.000,0.000,,356,356,1684,0,1,60.356,261.920,61.494,263.091,0.000,0.000,351,348,6912,449,111,0,1191,1941,488,1,fec-parity,pending,H.264,0,1,24,21,3,5,3,3,10,38,0,0,14235,20,0,0,0,0,0,103.812,85,115,82,78,82,0,65.504,23.206,129.444,0,0,282,20,302,0,94,10,0.425,0.575,0.934,1.000,0.096,34.000,0.385,0.615,0.250,retransmit-late,588,5211,0,0,368,4856,1191,11619,218,347,2,8,11613,predicted-useful,fec-grace,1986,0.542,115,302,0,0,0,0,0,10,10,10,10,112,1789,112,1789,0,0,0,pacing,1,0.748,8.210,116.210,0,0,10,10,0,0,0,0,1,2,2,0,2,2,2,sent,1799,1464,71,1,1,9500000,1200000,0,0,0,14317,14317,17545000,815,1002417,452,557914,0,0,0,0,0,14.058,38.310,883.125,4800.000,738,26023,13435,5941,12588,6647,0.307,20.664,0.523,738,7490910,10999241,0.624,51.259,0.490,15.128,26023,1191,359,11619,317,868,6,111,111,207,16,27,1,6,10,0,0,0,0,0,0,0,0,0,0,94,1,1,0,4,2434,1941,1941,0,0,0,0,0,,disabled,,0,0,0,0,,1,Fixed Quality,Hybrid,85,30,9500,12000,640,360,H.264,480,270,518400,28178,518400,28178,0.054,0.000,,0,0,0.000,2.097,0.000,0.000,0.080,7250,6750,6750,10,10,0,1,9500,1.000,0,24.590,0.000,0,0,0.000,0.000,0,0,0,0,0.281,0.652,0.066,1,0,0,disabled,24,0,0,61,134,61,57,16,107,107,0,5,large-au-observed,0,,0,0,30.071,23.729,0,,0.000,0.000,0.000,0.000,0,0,0,,18,0,0,5.561,0,491,0.080,0.000,0.000,0.079,0.000,0.054,0.007,1,1,1,1,0,1,1,0,0,0,1,0,0.860,104.345,0.000,26,0,0.000,0,0,0,0.000,0.000,0.000,0.000,0.000,0.000,0.000,2.009,10.198,0,0,0,0,0,0,0,0,0.000,0.000,0.000,0.000,0.000,0.000,0,0.408,20.940,351,356,1684,61.477,262.979,40.778,262.979,10771.685,283,1,H.264,104.430,0,0,261.920,263.091,1.000,223.859,103.357,arrival-gap-jitter-spike,7440.094,0,1,1,1,1,18211.779,501.666,502.691,510.560,510.560,0,0,7,0,0,4,0,,,145.888,145.888,366,1,H.264,0,0,0,0,0,0,0,0,0,0,,108.431,0.000,111.550,0.000,0.000,0.000,134.805,stale-before-decode,0.001,487,0.000,117.169,5.199,0.092,0.272,0.001,0.000,0.271,1,0,0,1,3,0.061,24.681,20.940,20.977,20.989,1.000,Loss,0,1,0,0.000,2,2,2,1,0.060,0.000,0.060,0,100,0,14335,13467,821,0,840
19.216,Custom_loss6_delay0-100_dup0_reorder6_burst0,Loopback,1,1,0,,,0.000,0,21,515,17.891,17.914,21.031,100.761,102.852,124.108,52.600,19.602,0.061,0.253,14245,919,13340,12421,1902,1133,124,572,483,89,73,0,12428,386,131,0,0,0,0,5.000,0,0,0,0,0,0,0,0,0,0,0,0,0,0,0,0.000,0.000,0.000,,375,375,1775,0,1,65.735,261.920,66.963,263.091,0.000,0.000,370,367,7315,475,120,0,1265,2052,519,1,fec-parity,pending,H.264,0,1,24,7,17,2,0,0,0,0,0,0,15149,12,0,0,0,0,0,25.080,89,124,89,85,89,0,66.094,22.142,129.444,0,0,302,21,323,0,100,10,0.418,0.582,0.935,1.000,0.091,42.000,0.167,0.833,0.000,duplicate-guard,618,5525,0,0,388,5156,1265,12356,228,361,2,8,12350,predicted-useful,fec-grace,2103,0.417,122,323,0,0,0,0,0,10,10,10,10,119,1898,119,1898,0,0,0,pacing,1,0.779,10.293,118.293,0,0,10,10,0,0,0,0,1,2,2,0,2,2,2,sent,1908,1554,75,0,1,9500000,1200000,0,0,0,15148,15148,18563258,866,1065287,479,590920,0,0,0,0,0,16.583,38.310,4107.562,4800.000,783,27581,14241,6209,13340,7131,0.304,37.733,3.760,783,6680840,13872259,1.348,48.494,0.466,20.976,27581,1265,378,12356,338,921,6,120,120,221,17,28,1,7,10,0,0,0,0,0,0,0,0,0,0,102,1,1,0,4,2574,2052,2052,0,0,0,0,0,,disabled,,0,0,0,0,,1,Fixed Quality,Hybrid,85,30,9500,12000,640,360,H.264,480,270,518400,0,518400,28178,0.054,0.000,,0,0,0.000,5.851,0.000,4.999,0.802,7250,6750,6750,10,10,0,1,9500,1.000,0,16.583,0.000,0,0,0.000,0.000,0,0,0,0,0.276,0.659,0.065,1,0,0,disabled,0,0,0,66,143,66,61,16,114,114,0,5,async-output-pending,0,,0,0,0.000,0.000,0,,0.000,0.000,0.000,0.000,0,0,0,,19,0,0,0.000,1,0,0.792,0.214,0.576,0.000,0.000,0.000,0.000,0,0,1,1,1,0,0,1,1,0,1,0,0.860,107.628,0.000,26,0,0.000,0,0,0,0.000,0.000,0.000,0.000,0.000,0.000,0.000,0.000,30.975,0,0,0,0,0,0,0,0,0.000,0.000,0.000,0.000,0.000,0.000,0,0.460,17.914,370,375,1775,67.130,262.979,40.778,262.979,10771.685,283,1,H.264,104.430,0,0,261.920,263.091,1.000,223.859,103.357,arrival-gap-jitter-spike,8444.940,0,1,1,1,1,19216.625,501.666,502.691,510.560,510.560,0,0,7,0,0,4,0,,,145.888,145.888,366,1,H.264,0,0,0,0,0,0,0,0,0,0,,108.232,0.000,112.021,0.000,0.000,0.000,130.380,stale-before-decode,0.001,515,0.000,118.402,5.894,0.124,0.357,0.001,0.000,0.356,1,0,0,1,3,0.061,17.891,17.914,19.602,21.031,2.000,RecoveryDeadline,0,1,0,1.000,2,2,2,1,0.060,0.000,0.060,0,100,0,15167,14269,870,0,873
20.221,Custom_loss6_delay0-100_dup0_reorder6_burst0,Loopback,1,1,0,,,0.000,0,21,545,17.738,17.747,19.515,99.163,103.043,100.226,55.107,35.654,0.062,0.258,15036,992,14099,13107,2006,1202,132,595,502,93,77,0,13114,405,141,0,0,0,0,5.000,0,0,0,0,0,0,0,0,0,0,0,0,0,0,0,0.000,0.000,0.000,,394,394,1867,0,1,19.195,261.920,20.387,263.091,0.000,0.000,389,385,7744,498,130,0,1340,2172,546,1,fec-parity,pending,H.264,0,1,24,12,12,5,1,1,1,13,0,0,15985,15,0,0,0,0,0,57.332,98,132,93,89,93,0,65.796,23.667,129.444,0,0,323,23,346,0,105,13,0.426,0.574,0.934,1.000,0.110,36.000,0.300,0.700,0.667,retransmit-late,658,5797,0,0,407,5398,1340,13121,249,391,2,8,13115,deferred-likely-arrival,likely-arrival,2224,0.000,131,346,0,1,0,0,0,10,10,10,10,129,2068,129,2068,0,0,0,pacing,1,0.805,7.509,115.509,0,0,10,10,0,0,0,0,1,2,2,0,2,2,2,sent,2079,1645,78,0,1,9500000,1200000,0,0,0,16011,16011,19620746,919,1130643,504,622060,0,0,0,0,0,12.760,38.310,2872.562,3567.250,826,29103,15026,6615,14077,7462,0.306,48.553,3.734,826,4982293,8154771,1.477,34.019,0.444,17.838,29103,1340,397,13121,365,969,6,130,130,243,20,36,1,8,12,0,0,0,0,0,0,0,0,0,0,109,1,1,0,4,2718,2172,2172,0,0,0,0,0,,disabled,,0,0,0,0,,1,Fixed Quality,Hybrid,85,30,9500,12000,640,360,H.264,480,270,518400,28178,518400,28178,0.054,0.000,,0,0,0.000,2.057,0.000,0.000,0.078,7250,6750,6750,10,10,0,1,9500,1.000,0,16.044,0.000,0,0,0.000,0.000,0,0,0,0,0.283,0.650,0.066,1,0,0,disabled,24,0,0,69,153,69,65,19,123,123,0,5,large-au-observed,0,,0,0,23.216,23.729,0,,0.000,0.000,0.000,0.000,0,0,0,,20,0,0,6.042,0,547,0.078,0.000,0.000,0.077,0.000,0.051,0.009,1,1,1,1,0,1,1,0,0,0,1,0,0.860,140.099,0.000,26,0,0.000,0,0,0,0.000,0.000,0.000,0.000,0.000,0.000,0.000,1.972,27.679,0,0,0,0,0,0,0,0,0.000,0.000,0.000,0.000,0.000,0.000,0,0.480,17.747,389,394,1867,20.345,262.979,40.778,262.979,10771.685,283,1,H.264,104.430,0,0,261.920,263.091,1.000,223.859,103.357,arrival-gap-jitter-spike,9449.632,0,1,1,1,1,20221.317,501.666,502.691,510.560,510.560,0,0,7,0,0,4,0,,,145.888,145.888,366,1,H.264,0,0,0,0,0,0,0,0,0,0,,107.223,0.000,110.232,4.351,0.000,108.127,134.582,stale-before-decode,0.001,544,0.000,117.702,5.236,0.083,0.314,0.001,0.000,0.313,1,0,0,1,3,0.062,17.738,17.747,35.654,19.515,1.000,Jitter,0,1,0,0.333,3,1,1,1,0.060,0.000,0.060,0,100,0,16031,15062,932,0,922
21.226,Custom_loss6_delay0-100_dup0_reorder6_burst0,Loopback,1,1,0,,,0.000,0,21,572,19.197,19.198,18.400,89.805,103.085,80.049,56.354,40.004,0.062,0.260,15815,1044,14826,13782,2111,1269,141,615,519,96,86,0,13789,423,149,0,0,0,0,5.000,0,0,0,0,0,0,0,0,0,0,0,0,0,0,0,0.000,0.000,0.000,,412,412,1955,0,1,10.941,261.920,12.087,263.091,0.000,0.000,407,404,8137,519,138,0,1411,2282,574,1,fec-recovered,pending,H.264,0,1,24,15,9,3,3,1,3,15,0,0,16809,7,0,0,0,0,0,54.449,105,141,96,92,96,0,65.637,23.740,129.444,0,0,342,24,366,0,114,13,0.427,0.573,0.934,1.000,0.102,44.000,0.182,0.818,0.000,duplicate-guard,686,6083,0,0,427,5667,1411,13869,256,402,3,14,13867,predicted-useful,fec-grace,2338,0.167,137,366,0,1,0,0,0,10,10,10,10,135,2167,135,2167,0,0,0,pacing,1,0.835,8.628,116.628,0,0,10,10,0,0,0,0,1,2,2,0,2,2,2,sent,2178,1734,82,0,1,9500000,1200000,0,0,0,16841,16841,20637756,969,1192269,532,656940,0,0,0,0,0,17.901,38.310,7275.438,4800.000,868,30613,15799,6954,14814,7860,0.306,4.030,1.659,868,5007780,8248882,0.832,23.180,0.483,20.151,30613,1411,415,13869,386,1019,6,138,138,262,21,37,1,9,12,0,0,0,0,0,0,0,0,0,0,116,1,1,0,4,2858,2282,2282,0,0,0,0,0,,disabled,,0,0,0,0,,1,Fixed Quality,Hybrid,85,30,9500,12000,640,360,H.264,480,270,518400,0,518400,28176,0.054,0.000,,0,0,0.000,4.921,0.000,3.915,0.985,7250,6750,6750,10,10,0,1,9500,1.000,0,17.901,0.000,0,0,0.000,0.000,0,0,0,0,0.287,0.648,0.066,1,0,0,disabled,0,0,0,73,161,73,69,19,130,130,0,5,async-output-pending,0,,0,0,0.000,0.000,0,,17.901,7275.438,45673.077,0.000,0,0,0,,21,0,0,0.000,1,0,0.974,0.441,0.531,0.000,0.000,0.000,0.000,0,0,1,1,1,0,0,1,1,0,1,0,0.860,21.656,0.000,26,0,0.000,0,0,0,0.000,0.000,0.000,0.000,0.000,0.000,0.000,0.000,30.534,0,0,0,0,0,0,0,0,0.000,0.000,0.000,0.000,0.000,0.000,0,0.398,19.198,407,412,1955,12.045,262.979,40.778,262.979,10771.685,283,1,H.264,104.430,0,0,261.920,263.091,1.000,223.859,103.357,arrival-gap-jitter-spike,10454.781,0,1,1,1,1,21226.466,501.666,502.691,510.560,510.560,0,0,7,0,0,4,0,,,145.888,145.888,366,1,H.264,0,0,0,0,0,0,0,0,0,0,,102.853,0.000,105.914,0.000,0.000,0.000,129.903,stale-before-decode,0.001,572,0.000,111.279,4.955,0.079,0.745,0.494,0.000,0.251,1,0,0,1,3,0.062,19.197,19.198,40.004,18.400,1.000,RecoveryDeadline,0,1,0,2.000,2,4,4,1,0.060,0.000,0.060,0,100,0,16862,15840,984,0,975
22.231,Custom_loss6_delay0-100_dup0_reorder6_burst0,Loopback,1,1,0,,,0.000,0,21,602,24.854,24.837,22.583,90.666,103.002,35.878,55.379,49.688,0.061,0.260,16637,1078,15577,14499,2220,1340,148,642,539,103,90,0,14506,444,156,0,0,0,0,5.000,0,0,0,0,0,0,0,0,0,0,0,0,0,0,0,0.000,0.000,0.000,,433,433,2052,0,1,88.899,261.920,89.923,263.091,0.000,0.000,428,425,8543,547,145,0,1481,2393,603,1,fec-parity,pending,H.264,0,1,24,15,9,3,1,1,2,12,0,0,17683,19,0,0,0,0,0,60.397,107,148,103,99,103,0,66.152,23.300,129.444,0,0,358,29,387,0,116,13,0.420,0.580,0.925,1.000,0.101,43.000,0.000,1.000,0.000,insufficient-sample,722,6373,0,0,446,5931,1481,14556,273,428,3,14,14554,predicted-useful,fec-grace,2456,0.500,144,387,0,1,0,0,0,10,10,10,10,142,2274,142,2274,0,0,0,pacing,1,0.771,8.817,116.817,0,0,10,10,0,0,0,0,1,2,2,0,2,2,2,sent,2285,1823,86,0,1,9500000,1200000,0,0,0,17702,17702,21692758,1020,1255139,557,687458,0,0,0,0,0,16.663,38.310,5753.438,4800.000,913,32195,16618,7315,15577,8262,0.306,37.585,0.073,913,6231730,9761719,0.915,9.709,0.478,19.545,32195,1481,436,14556,413,1062,6,145,145,277,23,42,3,9,14,0,0,0,0,0,0,0,0,0,0,121,1,1,0,4,3003,2393,2393,0,0,0,0,0,,disabled,,0,0,0,0,,1,Fixed Quality,Hybrid,85,30,9500,12000,640,360,H.264,480,270,518400,0,518400,28178,0.054,0.000,,0,0,0.000,5.138,0.000,4.387,0.729,7250,6750,6750,10,10,0,1,9500,1.000,0,16.663,0.000,0,0,0.000,0.000,0,0,0,0,0.276,0.649,0.075,1,0,0,disabled,0,0,0,77,172,77,74,21,139,139,0,5,async-output-pending,0,,0,0,0.000,0.000,0,,16.663,5753.438,39583.333,0.000,0,0,0,,22,0,0,0.000,1,0,0.718,0.194,0.522,0.000,0.000,0.000,0.000,0,0,1,1,1,0,0,1,1,0,0,0,1.000,0.000,0.000,30,0,0.000,0,0,0,0.000,0.000,0.000,0.000,0.000,0.000,0.000,0.000,10.094,0,0,0,0,0,0,0,0,0.000,0.000,0.000,0.000,0.000,0.000,0,0.490,24.837,428,433,2052,89.892,262.979,40.778,262.979,10771.685,283,1,H.264,104.430,0,0,261.920,263.091,1.000,223.859,103.357,arrival-gap-jitter-spike,11459.587,0,1,1,1,1,22231.272,501.666,502.691,510.560,510.560,0,0,7,0,0,4,0,,,145.888,145.888,366,1,H.264,0,0,0,0,0,0,0,0,0,0,,100.600,0.000,103.469,0.000,0.000,0.000,130.333,stale-before-decode,0.001,602,0.000,109.212,5.237,0.085,0.358,0.001,0.000,0.357,1,0,0,1,3,0.061,24.854,24.837,49.688,22.583,1.000,RecoveryDeadline,0,1,0,1.000,1,1,1,1,0.060,0.000,0.060,0,100,0,17724,16662,1032,0,1011
23.233,Custom_loss6_delay0-100_dup0_reorder6_burst0,Loopback,1,1,0,,,0.000,0,21,631,26.100,24.236,22.847,89.158,103.446,82.831,56.627,12.110,0.062,0.258,17446,1153,16358,15205,2317,1397,157,669,562,107,94,0,15212,468,163,0,0,0,0,5.000,0,0,0,0,0,0,0,0,0,0,0,0,0,0,0,0.000,0.000,0.000,,455,455,2143,0,1,25.133,261.920,26.204,263.091,0.000,0.000,450,447,8952,575,150,0,1548,2512,632,1,fec-recovered,pending,H.264,0,1,24,19,5,5,3,2,4,21,0,0,18524,0,0,0,0,0,0,77.435,111,157,107,103,107,0,66.644,23.235,129.444,0,0,375,32,407,0,122,13,0.414,0.586,0.921,1.000,0.096,45.000,0.143,0.857,0.000,duplicate-guard,756,6663,0,0,466,6195,1548,15282,287,454,3,14,15279,predicted-useful,fec-grace,2572,0.375,152,407,0,1,0,0,0,10,10,10,10,150,2411,150,2411,0,0,0,pacing,1,0.819,6.173,114.173,0,0,10,10,0,0,0,0,1,2,2,0,2,2,2,sent,2422,1904,90,0,1,9500000,1200000,3,0,3,18592,18589,22779504,1070,1316765,582,718606,0,0,0,0,0,7.616,38.310,260.000,4688.050,958,33770,17429,7746,16341,8595,0.308,24.250,1.146,958,5216895,8872835,1.549,17.158,0.497,13.212,33770,1548,460,15282,437,1105,6,150,150,286,24,44,2,9,15,0,0,0,0,0,0,0,0,0,0,125,1,1,0,4,3146,2512,2512,0,0,0,0,0,,disabled,,0,0,0,0,,1,Fixed Quality,Hybrid,85,30,9500,12000,640,360,H.264,480,270,518400,28178,518400,28178,0.054,0.000,,0,0,0.000,1.932,0.000,0.000,0.077,7250,6750,6750,10,10,0,1,9500,1.000,0,12.840,0.000,0,0,0.000,0.000,0,0,0,0,0.273,0.649,0.079,1,0,0,disabled,24,0,0,81,181,81,79,21,147,147,0,5,large-au-observed,0,,0,0,18.349,23.729,0,,0.000,0.000,0.000,0.000,0,0,0,,23,0,0,5.797,0,634,0.077,0.000,0.000,0.077,0.000,0.052,0.009,1,1,1,1,0,1,1,0,0,0,0,0,1.000,0.000,0.000,30,0,0.000,0,0,0,0.000,0.000,0.000,0.000,0.000,0.000,0.000,1.842,9.816,0,0,0,0,0,0,0,0,0.000,0.000,0.000,0.000,0.000,0.000,0,0.362,24.236,450,455,2143,26.286,262.979,40.778,262.979,10771.685,283,1,H.264,104.430,0,0,261.920,263.091,1.000,223.859,103.357,arrival-gap-jitter-spike,12461.600,0,1,1,1,1,23233.285,501.666,502.691,510.560,510.560,0,0,7,0,0,4,0,,,145.888,145.888,366,1,H.264,0,0,0,0,0,0,0,0,0,0,,105.566,0.000,108.389,0.000,0.000,0.000,124.579,stale-before-decode,0.001,631,0.000,113.188,4.428,0.076,0.888,0.666,0.000,0.222,1,0,0,1,3,0.061,26.100,24.236,12.110,22.847,1.000,RecoveryDeadline,0,1,0,1.000,0,2,2,1,0.060,0.000,0.060,0,100,0,18612,17475,1090,0,1066
24.234,Custom_loss6_delay0-100_dup0_reorder6_burst0,Loopback,1,1,0,,,0.000,0,21,660,23.150,23.138,22.511,101.665,103.329,32.698,55.586,8.418,0.061,0.255,18257,1195,17120,15925,2442,1473,171,703,591,112,95,0,15932,490,168,0,0,0,0,5.000,0,0,0,0,0,0,0,0,0,0,0,0,0,0,0,0.000,0.000,0.000,,477,477,2233,0,1,33.583,261.920,34.779,263.091,0.000,0.000,472,469,9370,602,155,0,1608,2640,663,1,fec-parity,pending,H.264,0,1,24,3,21,1,0,0,0,0,0,0,19425,2,0,0,0,0,0,10.109,119,171,112,108,112,0,67.004,23.487,129.444,0,0,402,32,434,0,130,14,0.410,0.590,0.926,1.000,0.097,45.000,0.500,0.500,0.143,duplicate-guard,792,6903,0,0,484,6410,1608,15933,305,479,3,14,15930,predicted-useful,likely-arrival,2679,0.333,163,434,0,1,0,0,0,10,10,10,10,161,2609,161,2609,0,0,0,pacing,1,0.873,8.953,116.953,0,0,10,10,0,0,0,0,1,2,2,0,2,2,2,sent,2620,1975,94,0,1,9500000,1200000,17,0,17,19459,19442,23825150,1127,1387099,608,750990,0,0,0,0,0,7.975,38.310,135.938,4800.000,1000,35357,18250,8088,17107,9019,0.307,19.957,2.210,1000,5221249,8464740,1.439,3.700,0.456,13.993,35357,1608,482,15933,464,1138,6,155,155,292,26,46,1,11,15,0,0,0,0,0,0,0,0,0,0,128,1,1,0,4,3286,2640,2640,0,0,0,0,0,,disabled,,0,0,0,0,,1,Fixed Quality,Hybrid,85,30,9500,12000,640,360,H.264,480,270,518400,28178,518400,28178,0.054,0.000,,0,0,0.000,2.065,0.000,0.000,0.126,7250,6750,6750,10,10,0,1,9500,1.000,0,20.908,0.000,0,0,0.000,0.000,0,0,0,0,0.274,0.652,0.074,1,0,0,disabled,24,0,0,85,193,85,85,23,156,156,0,5,large-au-observed,0,,0,0,13.653,23.729,0,,0.000,0.000,0.000,0.000,0,0,0,,24,0,0,9.397,0,664,0.125,0.000,0.000,0.124,0.000,0.066,0.037,1,1,1,1,0,1,1,0,0,0,0,0,1.000,0.000,0.000,30,0,0.000,0,0,0,0.000,0.000,0.000,0.000,0.000,0.000,0.000,1.928,13.166,0,0,0,0,0,0,0,0,0.000,0.000,0.000,0.000,0.000,0.000,0,0.365,23.138,472,477,2233,34.827,262.979,40.778,262.979,10771.685,283,1,H.264,104.430,0,0,261.920,263.091,1.000,223.859,103.357,arrival-gap-jitter-spike,13462.759,0,1,1,1,1,24234.444,501.666,502.691,510.560,510.560,0,0,7,0,0,4,0,,,145.888,145.888,366,1,H.264,0,0,0,0,0,0,0,0,0,0,,103.765,0.000,106.654,0.000,0.000,0.000,130.833,stale-before-decode,0.001,660,0.000,112.245,5.202,0.077,0.434,0.164,0.000,0.270,1,0,0,1,3,0.061,23.150,23.138,8.418,22.511,1.000,RecoveryDeadline,0,1,0,0.000,1,2,2,1,0.060,0.000,0.060,0,100,0,19466,18283,1132,0,1112
25.235,Custom_loss6_delay0-100_dup0_reorder6_burst0,Loopback,1,1,0,,,0.000,0,21,689,24.472,24.485,23.723,106.915,103.502,69.568,56.169,19.702,0.061,0.251,19046,1230,17851,16621,2546,1539,177,731,612,119,99,0,16628,513,172,0,0,0,0,5.000,0,0,0,0,0,0,0,0,0,0,0,0,0,0,0,0.000,0.000,0.000,,500,500,2322,0,1,59.289,261.920,60.564,263.091,0.000,0.000,495,492,9769,632,159,0,1676,2751,691,1,nack-sent,pending,H.264,0,1,24,14,10,6,2,1,0,10,0,0,20223,0,0,0,0,0,0,59.907,125,177,119,115,119,0,67.165,23.058,129.444,0,0,421,32,453,0,139,15,0.414,0.586,0.929,1.000,0.097,45.000,0.333,0.667,0.000,duplicate-guard,828,7162,0,0,504,6644,1676,16593,321,504,3,14,16590,predicted-useful,fec-grace,2793,0.250,170,453,0,1,0,0,0,10,10,10,10,168,2730,168,2730,0,0,0,pacing,1,0.805,8.465,116.465,0,0,10,10,0,0,0,0,1,2,2,0,2,2,2,sent,2741,2058,98,0,1,9500000,1200000,0,0,0,20258,20258,24824744,1176,1447481,634,783382,0,0,0,0,0,16.157,38.310,7189.125,4800.000,1043,36880,19030,8413,17850,9437,0.307,47.729,0.034,1043,6057010,9160176,0.962,10.334,0.520,25.975,36880,1675,505,16583,488,1181,6,159,159,298,27,47,1,12,15,0,0,0,0,0,0,0,0,0,0,131,1,1,0,4,3424,2751,2751,0,0,0,0,0,,disabled,,0,0,0,0,,1,Fixed Quality,Hybrid,85,30,9500,12000,640,360,H.264,480,270,518400,0,518400,28178,0.054,0.000,,0,0,0.000,5.815,0.000,5.169,0.620,7250,6750,6750,10,10,0,1,9500,1.000,0,16.157,0.000,0,0,0.000,0.000,0,0,0,0,0.276,0.653,0.071,1,0,0,disabled,0,0,0,89,203,89,91,23,164,164,0,5,async-output-pending,0,,0,0,0.000,0.000,0,,16.157,7189.125,45673.077,0.000,0,0,0,,25,0,0,0.000,1,0,0.608,0.147,0.459,0.000,0.000,0.000,0.000,0,0,1,1,1,0,0,1,1,0,1,0,0.860,57.985,0.000,26,0,0.000,0,0,0,0.000,0.000,0.000,0.000,0.000,0.000,0.000,0.000,11.294,0,0,0,0,0,0,0,0,0.000,0.000,0.000,0.000,0.000,0.000,0,0.539,24.485,495,500,2322,60.930,262.979,40.778,262.979,10771.685,283,1,H.264,104.430,0,0,261.920,263.091,1.000,223.859,103.357,arrival-gap-jitter-spike,14463.690,0,1,1,1,1,25235.375,501.666,502.691,510.560,510.560,0,0,7,0,0,4,0,,,145.888,145.888,366,1,H.264,0,0,0,0,0,0,0,0,0,0,,106.586,0.000,109.639,0.000,0.000,0.000,133.458,stale-before-decode,0.001,689,0.000,115.349,5.150,0.100,0.360,0.016,0.000,0.344,1,0,0,1,3,0.061,24.472,24.485,19.702,23.723,1.000,Loss,0,1,0,2.000,1,2,2,1,0.060,0.000,0.060,0,100,0,20283,19080,1173,0,1152
26.241,Custom_loss6_delay0-100_dup0_reorder6_burst0,Loopback,1,1,0,,,0.000,0,21,717,17.153,17.158,21.215,94.729,103.346,100.065,57.925,36.512,0.060,0.255,19822,1269,18563,17294,2665,1610,184,764,640,124,107,0,17301,533,182,0,0,0,0,5.000,0,0,0,0,0,0,0,0,0,0,0,0,0,0,0,0.000,0.000,0.000,,519,519,2415,0,1,40.572,261.920,41.658,263.091,0.000,0.000,514,510,10166,657,168,0,1745,2863,719,1,fec-parity,pending,H.264,0,0,6,1,5,1,0,0,0,0,0,0,21060,3,0,0,0,0,0,41.690,134,184,124,120,124,0,67.145,23.131,129.444,0,0,442,33,475,0,149,16,0.421,0.579,0.931,1.000,0.097,45.000,0.111,0.889,0.000,duplicate-guard,860,7402,0,0,522,6861,1745,17290,335,527,3,14,17286,deferred-likely-arrival,likely-arrival,2907,0.000,178,475,0,1,0,0,0,10,10,10,10,176,2863,176,2863,0,0,0,pacing,1,0.847,6.857,114.857,0,0,10,10,0,0,0,0,1,2,2,0,2,2,2,sent,2874,2141,102,0,1,9500000,1200000,0,0,0,21067,21067,25815926,1228,1511595,659,814530,0,0,0,0,0,14.228,38.310,6474.688,4800.000,1085,38367,19815,8761,18552,9791,0.307,12.389,2.158,1085,4223492,9531233,1.297,14.367,0.411,14.386,38367,1745,524,17290,512,1227,6,168,168,314,29,51,2,12,17,0,0,0,0,0,0,0,0,0,0,138,1,1,0,4,3558,2863,2863,0,0,0,0,0,,disabled,,0,0,0,0,,1,Fixed Quality,Hybrid,85,30,9500,12000,640,360,H.264,480,270,518400,26096,518400,26096,0.050,0.000,,0,0,0.000,1.835,0.000,0.000,0.068,6250,6250,6250,11,11,0,1,9500,0.880,1,14.228,0.000,0,0,0.000,0.000,0,0,0,0,0.282,0.648,0.069,1,0,0,latency-pressure-freshness-hold,22,0,0,93,212,93,95,24,172,172,0,5,large-au-observed,0,,0,0,0.117,21.976,0,,0.000,0.000,0.000,0.000,0,0,0,,26,0,0,5.502,0,720,0.068,0.000,0.000,0.068,0.000,0.044,0.008,1,1,1,1,0,1,1,0,0,0,0,0,1.000,0.000,0.000,27,0,0.000,0,0,0,0.000,0.000,0.000,0.000,0.000,0.000,0.000,1.734,28.196,0,0,0,0,0,0,0,0,0.000,0.000,0.000,0.000,0.000,0.000,0,0.346,17.158,514,519,2415,40.838,262.979,40.778,262.979,10771.685,283,1,H.264,104.430,0,0,261.920,263.091,1.000,223.859,103.357,arrival-gap-jitter-spike,15469.684,0,1,1,1,1,26241.369,501.666,502.691,510.560,510.560,0,0,8,0,0,5,1,latency-pressure freshness,latency-over-80ms,133.075,145.888,713,1,decoded,0,0,0,0,0,0,0,0,0,0,,90.203,0.000,92.482,0.000,0.000,0.000,120.000,stale-before-upload,0.001,718,0.000,94.544,3.934,0.094,0.705,0.458,0.000,0.248,1,0,0,1,3,0.060,17.153,17.158,36.512,21.215,1.000,Jitter,0,1,0,0.000,1,1,1,1,0.060,0.000,0.060,0,100,0,21093,19850,1218,0,1201
27.244,Custom_loss6_delay0-100_dup0_reorder6_burst0,Loopback,1,1,0,,,0.000,0,21,743,18.599,18.606,14.930,103.182,103.181,78.550,58.718,12.413,0.061,0.257,20462,1328,19177,17849,2759,1656,192,797,667,130,114,0,17856,548,190,0,0,0,0,5.000,0,0,0,0,0,0,0,0,0,0,0,0,0,0,0,0.000,0.000,0.000,,534,534,2506,0,1,40.331,261.920,41.352,263.091,0.000,0.000,529,525,10518,678,176,0,1805,2953,745,1,fec-recovered,pending,H.264,0,1,23,12,11,5,1,1,2,14,0,0,21755,19,0,0,0,0,0,54.770,145,192,130,126,130,0,66.997,23.229,129.444,0,0,467,34,501,0,156,18,0.430,0.570,0.932,1.000,0.103,43.000,0.364,0.636,0.000,duplicate-guard,891,7613,0,0,538,7042,1805,17887,349,552,4,19,17885,predicted-useful,fec-grace,3006,0.609,188,501,0,1,0,0,0,12,12,12,12,186,3008,186,3008,0,0,0,pacing,1,0.804,11.294,119.294,0,0,11,11,1,1,0,0,1,2,2,0,2,2,2,sent,3021,2214,106,0,1,9500000,1200000,10,0,10,21797,21787,26705228,1282,1578515,683,844434,0,0,0,0,0,0.669,38.310,1140.000,4800.000,1120,39623,20446,9009,19177,10168,0.306,35.192,0.243,1120,3829779,6354851,1.382,7.190,0.532,19.300,39623,1805,539,17887,539,1260,6,176,175,336,32,58,3,12,20,0,0,0,0,0,0,0,0,0,0,142,2,1,0,4,3682,2953,2953,0,0,0,0,0,,disabled,,0,0,0,0,,1,Fixed Quality,Hybrid,85,30,9500,12000,640,360,H.264,480,270,518400,27138,518400,27138,0.052,0.000,,0,0,0.000,2.036,0.000,0.000,0.080,7250,6500,6500,12,12,0,1,9500,1.000,0,16.354,0.000,0,0,0.000,0.000,0,0,0,0,0.289,0.643,0.068,1,0,0,disabled,23,0,0,97,223,97,101,25,181,181,0,5,large-au-observed,0,,0,0,18.271,22.853,0,,0.000,0.000,0.000,0.000,0,0,0,,27,0,0,5.403,0,747,0.079,0.000,0.000,0.079,0.000,0.054,0.008,1,1,1,1,0,1,1,0,0,0,0,0,1.000,0.000,0.000,30,0,0.000,0,0,0,0.000,0.000,0.000,0.000,0.000,0.000,0.000,1.948,10.506,0,0,0,0,0,0,0,0,0.000,0.000,0.000,0.000,0.000,0.000,0,0.518,18.606,529,534,2506,41.594,262.979,40.778,262.979,10771.685,283,1,H.264,104.430,0,0,261.920,263.091,1.000,223.859,103.357,arrival-gap-jitter-spike,16472.035,0,1,1,1,1,27243.720,501.666,502.691,510.560,510.560,0,0,8,0,0,5,0,,,133.075,145.888,713,1,decoded,0,0,0,0,0,0,0,0,0,0,,98.706,0.000,101.524,0.000,0.000,0.000,131.591,stale-before-upload,0.001,743,0.000,107.545,5.551,0.087,0.304,0.001,0.000,0.303,1,0,0,1,3,0.061,18.599,18.606,12.413,14.930,1.000,RecoveryDeadline,0,1,0,1.000,2,2,2,1,0.060,0.000,0.060,0,100,0,21814,20494,1269,0,1245
28.245,Custom_loss6_delay0-100_dup0_reorder6_burst0,Loopback,1,1,0,,,0.000,0,21,774,21.560,19.633,17.767,100.210,103.158,9.848,56.908,30.585,0.061,0.262,21321,1388,19992,18604,2893,1723,206,838,702,136,126,0,18611,568,202,0,0,0,0,5.000,0,0,0,0,0,0,0,0,0,0,0,0,0,0,0,0.000,0.000,0.000,,553,553,2601,0,1,25.930,261.920,27.120,263.091,0.000,0.000,548,544,10970,704,187,0,1881,3079,775,1,fec-recovered,pending,H.264,0,1,24,17,7,4,3,1,2,11,0,0,22643,7,0,0,0,0,0,64.304,152,206,136,132,136,0,67.007,23.724,129.444,0,0,494,34,528,0,162,20,0.425,0.575,0.936,1.000,0.110,41.000,0.250,0.750,0.200,duplicate-guard,927,7908,0,0,560,7318,1881,18602,363,571,4,19,18600,predicted-useful,fec-grace,3130,0.000,199,528,0,1,0,0,0,12,12,12,12,197,3186,197,3186,0,0,0,pacing,1,0.821,6.540,114.540,0,0,12,12,0,0,0,0,1,2,2,0,2,2,2,sent,3199,2306,110,0,1,9500000,1200000,6,0,6,22698,22692,27817742,1338,1647763,707,874330,0,0,0,0,0,8.686,38.310,1046.062,4800.000,1165,41277,21304,9387,19973,10586,0.306,19.422,0.105,1165,5888085,11104333,0.406,-7.988,0.472,18.503,41277,1881,559,18602,563,1312,6,187,186,357,34,61,2,13,21,0,0,0,0,0,0,0,0,0,0,151,2,1,0,4,3838,3079,3079,0,0,0,0,0,,disabled,,0,0,0,0,,1,Fixed Quality,Hybrid,85,30,9500,12000,640,360,H.264,480,270,518400,28178,518400,28178,0.054,0.000,,0,0,0.000,2.008,0.000,0.000,0.083,7250,6750,6750,13,13,0,1,9500,1.000,0,10.718,0.000,0,0,0.000,0.000,0,0,0,0,0.288,0.648,0.064,1,0,0,disabled,24,0,0,101,231,101,105,25,189,189,0,5,large-au-observed,0,,0,0,14.710,23.729,0,,0.000,0.000,0.000,0.000,0,0,0,,28,0,0,5.407,0,777,0.082,0.000,0.000,0.082,0.000,0.056,0.009,1,1,1,1,0,1,1,0,0,0,0,0,1.000,0.000,0.000,30,0,0.000,0,0,0,0.000,0.000,0.000,0.000,0.000,0.000,0.000,1.917,9.783,0,0,0,0,0,0,0,0,0.000,0.000,0.000,0.000,0.000,0.000,0,0.481,19.633,548,553,2601,27.240,262.979,40.778,262.979,10771.685,283,1,H.264,104.430,0,0,261.920,263.091,1.000,223.859,103.357,arrival-gap-jitter-spike,17473.809,0,1,1,1,1,28245.494,501.666,502.691,510.560,510.560,0,0,8,0,0,5,0,,,133.075,145.888,713,1,decoded,0,0,0,0,0,0,0,0,0,0,,100.981,0.000,104.146,0.000,0.000,0.000,130.105,stale-before-upload,0.001,774,0.000,109.837,5.193,0.094,0.304,0.001,0.000,0.303,1,0,0,1,3,0.061,21.560,19.633,30.585,17.767,1.000,Loss,0,1,0,0.500,2,1,1,1,0.060,0.000,0.060,0,100,0,22720,21352,1321,0,1296
29.249,Custom_loss6_delay0-100_dup0_reorder6_burst0,Loopback,1,1,0,,,0.000,0,21,803,21.603,19.960,17.980,105.299,103.087,94.139,58.238,0.412,0.061,0.262,22102,1424,20703,19279,3005,1784,215,874,732,142,132,0,19286,590,209,0,0,0,0,5.000,0,0,0,0,0,0,0,0,0,0,0,0,0,0,0,0.000,0.000,0.000,,573,573,2695,0,1,44.528,261.920,45.879,263.091,0.000,0.000,568,564,11364,732,192,0,1949,3195,804,1,fec-recovered,pending,H.264,0,1,24,11,13,2,1,0,0,0,0,0,23491,20,0,0,0,0,0,51.468,161,215,142,138,142,0,67.192,23.786,129.444,0,0,518,34,552,0,172,21,0.428,0.572,0.938,1.000,0.109,45.000,0.231,0.769,0.000,duplicate-guard,956,8166,0,0,579,7560,1949,19229,373,587,4,19,19225,predicted-useful,fec-grace,3246,0.625,209,552,0,2,0,0,0,14,14,14,14,208,3374,208,3374,0,0,0,pacing,1,0.825,10.621,118.621,0,0,14,14,0,0,0,0,1,2,2,0,2,2,2,sent,3390,2388,114,0,1,9500000,1200000,16,0,16,23532,23516,28827912,1392,1714365,733,906722,0,0,0,0,0,21.024,38.310,1234.875,4800.000,1207,42784,22085,9743,20699,10956,0.306,7.476,1.975,1207,5453393,8868536,2.033,84.291,0.457,9.526,42784,1949,581,19229,587,1356,6,192,191,367,34,61,2,13,21,0,0,0,0,0,0,0,0,0,0,156,2,1,0,4,3968,3195,3195,0,0,0,0,0,,disabled,,0,0,0,0,,1,Fixed Quality,Hybrid,85,30,9500,12000,640,360,H.264,480,270,518400,28178,518400,28178,0.054,0.000,,0,0,0.000,2.686,0.000,0.000,0.172,7250,6750,6750,13,13,0,1,9500,1.000,0,21.024,0.000,0,0,0.000,0.000,0,0,0,0,0.292,0.647,0.062,1,0,0,disabled,24,0,0,105,243,105,112,26,197,197,0,5,large-au-observed,0,,0,0,17.595,23.729,0,,0.000,0.000,0.000,0.000,0,0,0,,29,0,0,4.200,0,806,0.171,0.000,0.000,0.170,0.000,0.095,0.015,1,1,1,1,0,1,1,0,0,0,0,0,1.000,0.000,0.000,30,0,0.000,0,0,0,0.000,0.000,0.000,0.000,0.000,0.000,0.000,2.498,23.401,0,0,0,0,0,0,0,0,0.000,0.000,0.000,0.000,0.000,0.000,0,0.447,19.960,568,573,2695,46.063,262.979,40.778,262.979,10771.685,283,1,H.264,104.430,0,0,261.920,263.091,1.000,223.859,103.357,arrival-gap-jitter-spike,18477.141,0,1,1,1,1,29248.826,501.666,502.691,510.560,510.560,0,0,8,0,0,5,0,,,133.075,145.888,713,1,decoded,0,0,0,0,0,0,0,0,0,0,,101.589,0.000,104.814,0.000,0.000,0.000,132.649,stale-before-upload,0.001,803,0.000,109.764,4.467,0.093,0.352,0.001,0.000,0.351,1,0,0,1,3,0.061,21.603,19.960,0.412,17.980,1.000,RecoveryDeadline,0,1,0,1.000,2,2,2,1,0.060,0.000,0.060,0,100,0,23545,22134,1367,0,1345
30.255,Custom_loss6_delay0-100_dup0_reorder6_burst0,Loopback,1,1,0,,,0.000,0,21,831,24.386,22.524,20.556,102.609,102.984,52.015,58.023,15.706,0.060,0.262,22793,1461,21337,19876,3113,1846,222,905,758,147,140,0,19883,610,216,0,0,0,0,5.000,0,0,0,0,0,0,0,0,0,0,0,0,0,0,0,0.000,0.000,0.000,,592,592,2791,0,1,24.128,261.920,25.302,263.091,0.000,0.000,587,582,11739,757,198,0,2010,3307,832,1,fec-parity,pending,H.264,0,1,22,16,6,3,1,2,4,16,0,0,24220,16,0,0,0,0,0,83.405,167,222,147,143,147,0,67.403,23.295,129.444,0,0,536,36,572,0,179,21,0.429,0.571,0.937,1.000,0.105,45.000,0.364,0.636,0.000,duplicate-guard,987,8394,0,0,596,7758,2010,19803,386,607,5,29,19804,predicted-useful,fec-grace,3349,0.273,217,572,0,2,0,0,0,15,15,15,15,216,3509,216,3509,0,0,0,pacing,1,0.862,11.533,119.533,0,0,15,15,0,0,0,0,1,2,2,0,2,2,2,sent,3526,2460,118,0,1,9500000,1200000,9,0,9,24258,24249,29727675,1440,1773819,757,936618,0,0,0,0,0,0.516,40.642,818.188,4800.000,1245,44099,22772,10031,21327,11296,0.306,21.774,0.049,1245,5128319,7593798,0.988,59.008,0.461,15.848,44099,2010,599,19803,611,1393,6,198,197,383,34,61,2,13,21,0,0,0,0,0,0,0,0,0,0,162,2,1,0,4,4096,3307,3307,0,0,0,0,0,,disabled,,0,0,0,0,,1,Fixed Quality,Hybrid,85,30,9500,12000,640,360,H.264,480,270,518400,26096,518400,26096,0.050,0.000,,0,0,0.000,2.132,0.000,0.000,0.090,6000,6250,6250,14,14,0,1,9500,0.820,1,13.052,0.000,0,0,0.000,0.000,0,0,0,0,0.292,0.645,0.063,1,0,0,latency-pressure-freshness-hold,22,0,0,109,255,109,120,26,205,205,0,5,large-au-observed,0,,0,0,14.885,21.976,0,,0.000,0.000,0.000,0.000,0,0,0,,30,0,0,8.544,0,834,0.090,0.000,0.000,0.089,0.000,0.062,0.009,1,1,1,1,0,1,1,0,0,0,1,0,0.860,25.710,0.000,26,0,0.000,0,0,0,0.000,0.000,0.000,0.000,0.000,0.000,0.000,2.028,13.091,0,0,0,0,0,0,0,0,0.000,0.000,0.000,0.000,0.000,0.000,0,0.470,22.524,587,592,2791,25.327,262.979,40.778,262.979,10771.685,283,1,H.264,104.430,0,0,261.920,263.091,1.000,223.859,103.357,arrival-gap-jitter-spike,19483.338,0,1,1,1,1,30255.023,501.666,502.691,510.560,510.560,0,0,9,0,0,6,1,latency-pressure freshness,latency-over-80ms,146.093,146.093,814,1,decoded,0,0,0,0,0,0,0,0,0,0,,100.928,0.000,103.620,0.000,0.000,0.000,131.304,stale-before-upload,0.001,831,0.000,108.389,4.618,0.085,0.295,0.001,0.000,0.294,1,0,0,1,3,0.060,24.386,22.524,15.706,20.556,1.000,RecoveryDeadline,0,1,0,0.000,1,1,1,1,0.060,0.000,0.060,0,100,0,24279,22826,1414,0,1388
31.257,Custom_loss6_delay0-100_dup0_reorder6_burst0,Loopback,1,1,0,,,0.000,0,21,856,15.762,15.789,15.966,113.021,102.975,71.700,58.479,46.893,0.061,0.262,23453,1531,21978,20447,3201,1901,228,927,772,155,145,0,20454,627,223,0,0,0,0,5.000,0,0,0,0,0,0,0,0,0,0,0,0,0,0,0,0.000,0.000,0.000,,609,609,2882,0,1,15.162,261.920,16.553,263.091,0.000,0.000,604,599,12104,782,205,0,2071,3406,858,1,nack-sent,pending,H.264,0,1,23,14,9,4,2,2,4,24,0,0,24948,18,0,0,0,0,0,75.337,173,228,155,151,155,0,67.765,22.967,129.444,0,0,556,39,595,0,182,23,0.431,0.569,0.934,1.000,0.112,39.000,0.182,0.818,0.500,retransmit-late,1022,8606,0,0,613,7943,2071,20325,404,634,5,29,20326,predicted-useful,likely-arrival,3448,0.087,226,595,0,2,0,0,0,17,17,17,17,225,3654,225,3654,0,0,0,pacing,1,0.872,12.081,120.081,0,0,17,17,0,0,0,0,1,2,2,0,2,2,2,sent,3673,2532,122,0,1,9500000,1200000,0,0,0,24958,24958,30602721,1491,1837007,784,970246,0,0,0,0,0,14.018,40.642,5548.625,4800.000,1282,45413,23438,10376,21975,11599,0.307,21.958,2.135,1282,4424213,7116947,2.458,51.143,0.498,9.787,45413,2070,616,20316,635,1429,6,205,204,396,35,62,1,14,21,0,0,0,0,0,0,0,0,0,0,168,2,1,0,4,4222,3406,3406,0,0,0,0,0,,disabled,,0,0,0,0,,1,Fixed Quality,Hybrid,85,30,9500,12000,640,360,H.264,480,270,518400,0,518400,27136,0.052,0.000,,0,0,0.000,5.689,0.000,4.918,0.739,7250,6500,6500,15,15,0,1,9500,1.000,0,14.018,0.000,0,0,0.000,0.000,0,0,0,0,0.291,0.644,0.066,1,0,0,disabled,0,0,0,113,264,113,125,26,213,213,0,5,async-output-pending,0,,0,0,0.000,0.000,0,,14.018,5548.625,39583.333,0.000,0,0,0,,31,0,0,0.000,1,0,0.726,0.200,0.524,0.000,0.000,0.000,0.000,0,0,1,1,1,0,0,1,1,0,0,0,1.000,0.000,0.000,30,0,0.000,0,0,0,0.000,0.000,0.000,0.000,0.000,0.000,0.000,0.000,27.584,0,0,0,0,0,0,0,0,0.000,0.000,0.000,0.000,0.000,0.000,0,0.503,15.789,604,609,2882,16.441,262.979,40.778,262.979,10771.685,283,1,H.264,104.430,0,0,261.920,263.091,1.000,223.859,103.357,arrival-gap-jitter-spike,20485.883,0,1,1,1,1,31257.568,501.666,502.691,510.560,510.560,0,0,9,0,0,6,0,,,146.093,146.093,814,1,decoded,0,0,0,0,0,0,0,0,0,0,,106.637,0.000,109.866,0.000,0.000,0.000,141.511,stale-before-upload,0.001,856,0.000,116.251,5.852,0.107,0.373,0.001,0.000,0.372,1,0,0,1,3,0.061,15.762,15.789,46.893,15.966,1.000,Jitter,0,1,0,0.333,3,1,1,1,0.060,0.000,0.060,0,100,0,24989,23495,1469,0,1424
32.261,Custom_loss6_delay0-100_dup0_reorder6_burst0,Loopback,1,1,0,,,0.000,0,21,885,21.720,21.706,21.685,89.264,102.938,57.058,58.433,78.823,0.062,0.263,24208,1598,22704,21106,3314,1963,239,962,801,161,150,0,21113,648,231,0,0,0,0,5.000,0,0,0,0,0,0,0,0,0,0,0,0,0,0,0,0.000,0.000,0.000,,629,629,2971,0,1,123.706,261.920,124.864,263.091,0.000,0.000,624,619,12507,809,212,0,2139,3524,886,1,fec-recovered,pending,H.264,0,1,24,12,12,2,1,1,3,16,0,0,25755,10,0,0,0,0,0,68.779,181,239,161,157,161,0,68.118,23.365,129.444,0,0,581,41,622,0,187,24,0.431,0.569,0.934,1.000,0.114,45.000,0.200,0.800,0.000,duplicate-guard,1049,8873,0,0,632,8196,2139,21019,412,648,5,29,21020,predicted-useful,fec-grace,3564,0.000,235,622,0,2,0,0,0,17,17,17,17,234,3795,234,3795,0,0,0,pacing,1,0.820,6.789,114.789,0,0,17,17,0,0,0,0,1,2,2,0,2,2,2,sent,3814,2615,126,0,1,9500000,1200000,10,0,10,25803,25793,31629701,1547,1906255,811,1003410,0,0,0,0,0,0.555,40.642,127.562,4800.000,1324,46901,24201,10688,22700,12012,0.306,5.022,2.922,1324,4802066,8137498,1.374,37.986,0.485,9.410,46901,2139,637,21019,659,1474,6,212,211,410,36,64,2,14,22,0,0,0,0,0,0,0,0,0,0,174,2,1,0,4,4359,3524,3524,0,0,0,0,0,,disabled,,0,0,0,0,,1,Fixed Quality,Hybrid,85,30,9500,12000,640,360,H.264,480,270,518400,28178,518400,28178,0.054,0.000,,0,0,0.000,1.968,0.000,0.000,0.078,7250,6750,6750,16,16,0,1,9500,1.000,0,16.050,0.000,0,0,0.000,0.000,0,0,0,0,0.291,0.643,0.066,1,0,0,disabled,24,0,0,117,273,117,130,26,221,221,0,5,large-au-observed,0,,0,0,17.903,23.729,0,,0.000,0.000,0.000,0.000,0,0,0,,32,0,0,10.993,0,888,0.077,0.000,0.000,0.077,0.000,0.053,0.006,1,1,1,1,0,1,1,0,0,0,1,0,0.860,144.420,0.000,26,0,0.000,0,0,0,0.000,0.000,0.000,0.000,0.000,0.000,0.000,1.883,15.146,0,0,0,0,0,0,0,0,0.000,0.000,0.000,0.000,0.000,0.000,0,0.440,21.706,624,629,2971,124.818,262.979,40.778,262.979,10771.685,283,1,H.264,104.430,0,0,261.920,263.091,1.000,223.859,103.357,arrival-gap-jitter-spike,21489.719,0,1,1,1,1,32261.404,501.666,502.691,510.560,510.560,0,0,9,0,0,6,0,,,146.093,146.093,814,1,decoded,0,0,0,0,0,0,0,0,0,0,,99.169,0.000,102.283,0.000,0.000,0.000,129.632,stale-before-upload,0.001,885,0.000,108.055,5.304,0.092,0.297,0.001,0.000,0.296,1,0,0,1,3,0.062,21.720,21.706,78.823,21.685,2.000,RecoveryDeadline,0,1,0,1.000,1,1,1,1,0.060,0.000,0.060,0,100,0,25825,24243,1527,0,1466
33.268,Custom_loss6_delay0-100_dup0_reorder6_burst0,Loopback,1,1,0,,,0.000,0,21,911,11.991,11.936,11.998,79.229,102.772,27.909,57.479,62.347,0.062,0.265,24783,1626,23218,21592,3408,2017,248,987,820,167,156,0,21599,662,239,0,0,0,0,5.000,0,0,0,0,0,0,0,0,0,0,0,0,0,0,0,0.000,0.000,0.000,,643,643,3062,0,1,20.041,261.920,21.048,263.091,0.000,0.000,638,632,12829,829,220,0,2198,3613,911,1,completed,completed,H.264,0,1,22,22,0,5,5,2,7,14,0,0,26370,19,0,0,0,0,0,76.981,184,248,167,160,167,0,67.434,23.020,129.444,0,0,599,43,642,0,189,24,0.426,0.574,0.933,1.000,0.113,45.000,0.100,0.900,0.000,duplicate-guard,1073,9042,0,0,645,8345,2198,21538,423,668,5,29,21538,predicted-useful,likely-arrival,3656,0.000,242,642,0,2,0,0,0,17,17,17,17,239,3862,239,3862,0,0,0,pacing,1,0.717,8.512,116.512,0,0,17,17,0,0,0,0,2,4,4,0,896,2,2,sent,3881,2685,130,0,1,9500000,1200000,21,0,21,26402,26380,32352295,1595,1965711,836,1034550,0,0,0,0,0,0.511,42.837,15635.750,4800.000,1354,47965,24760,10928,23205,12277,0.306,5.227,1.707,1354,4105633,6448319,1.890,24.559,0.489,10.300,47965,2198,650,21538,682,1510,6,220,219,428,36,64,2,14,22,0,0,0,0,0,0,0,0,0,0,182,2,1,0,4,4469,3613,3613,0,0,0,0,0,,disabled,,0,0,0,0,,1,Fixed Quality,Hybrid,85,30,9500,12000,640,360,H.264,480,270,518400,26094,518400,26094,0.050,0.000,,0,0,0.000,1.906,0.000,0.000,0.069,6000,6250,6250,17,17,0,1,9500,0.820,1,15.593,0.000,0,0,0.000,0.000,0,0,0,0,0.287,0.646,0.067,1,0,0,fixed-pacing-queue-hold,22,0,0,121,287,121,138,28,230,230,0,5,large-au-observed,0,,0,0,17.325,21.974,0,,0.000,0.000,0.000,0.000,0,0,0,,33,0,0,6.378,0,913,0.069,0.000,0.000,0.068,0.000,0.049,0.005,1,1,1,1,0,1,1,0,0,0,0,0,1.000,0.000,0.000,24,0,0.000,0,0,0,0.000,0.000,0.000,0.000,0.000,0.000,0.000,1.830,10.460,0,0,0,0,0,0,0,0,0.000,0.000,0.000,0.000,0.000,0.000,0,0.468,11.936,638,643,3062,20.986,262.979,40.778,262.979,10771.685,283,1,H.264,104.430,0,0,261.920,263.091,1.000,223.859,103.357,arrival-gap-jitter-spike,22496.088,0,1,1,1,1,33267.773,501.666,502.691,510.560,510.560,0,0,9,0,0,6,0,,,146.093,146.093,814,1,decoded,0,0,0,0,0,0,0,0,0,0,,95.745,0.000,98.596,4.115,0.000,87.642,120.000,stale-before-upload,0.000,910,0.000,108.312,5.333,0.079,0.484,0.231,0.000,0.253,1,0,0,1,3,0.062,11.991,11.936,62.347,11.998,2.000,RecoveryDeadline,0,1,0,0.500,2,1,1,1,0.060,0.000,0.060,0,100,0,26413,24819,1567,0,1503
34.272,Custom_loss6_delay0-100_dup0_reorder6_burst0,Loopback,1,1,0,,,0.000,0,21,936,15.362,15.379,21.164,96.453,102.818,84.280,58.291,17.211,0.062,0.265,25421,1679,23820,22141,3509,2081,260,1009,837,172,159,0,22148,680,245,0,0,0,0,5.000,0,0,0,0,0,0,0,0,0,0,0,0,0,0,0,0.000,0.000,0.000,,661,661,3153,0,1,46.639,261.920,47.884,263.091,0.000,0.000,656,649,13165,852,226,0,2250,3706,938,1,fec-parity,pending,H.264,0,1,22,1,21,1,0,0,0,0,0,0,27087,12,0,0,0,0,0,8.468,190,260,172,165,172,0,67.627,22.604,129.444,0,0,622,43,665,0,196,25,0.422,0.578,0.935,1.000,0.113,45.000,0.250,0.750,0.000,duplicate-guard,1105,9257,0,0,661,8531,2250,21991,437,690,7,36,21993,predicted-useful,fec-grace,3745,0.000,251,665,0,2,0,0,0,19,19,19,19,248,3991,248,3991,0,0,0,pacing,1,0.782,12.473,120.473,0,0,19,19,0,0,0,0,2,4,4,0,896,2,2,sent,4012,2745,134,0,1,9500000,1200000,1,0,1,27069,27068,33202005,1646,2028899,860,1064150,0,0,0,0,0,8.093,42.837,1009.000,4800.000,1390,49219,25412,11161,23807,12646,0.305,31.236,1.961,1390,4867242,7757666,2.632,30.922,0.474,27.418,49219,2250,668,21991,703,1541,6,226,225,441,37,66,2,14,23,0,0,0,0,0,0,0,0,0,0,187,2,1,0,4,4583,3706,3706,0,0,0,0,0,,disabled,,0,0,0,0,,1,Fixed Quality,Hybrid,85,30,9500,12000,640,360,H.264,480,270,518400,26096,518400,26096,0.050,0.000,,0,0,0.000,2.145,0.000,0.000,0.104,6250,6250,6250,17,17,0,1,9500,0.884,1,9.211,0.000,0,0,0.000,0.000,0,0,0,0,0.286,0.650,0.065,1,0,0,latency-pressure-freshness-hold,22,0,0,125,298,125,145,28,237,237,0,5,large-au-observed,0,,0,0,17.449,21.976,0,,0.000,0.000,0.000,0.000,0,0,0,,34,0,0,6.976,0,938,0.104,0.000,0.000,0.104,0.000,0.073,0.008,1,1,1,1,0,1,1,0,0,0,0,0,1.000,0.000,0.000,27,0,0.000,0,0,0,0.000,0.000,0.000,0.000,0.000,0.000,0.000,2.031,12.822,0,0,0,0,0,0,0,0,0.000,0.000,0.000,0.000,0.000,0.000,0,0.619,15.379,656,661,3153,47.816,262.979,40.778,262.979,10771.685,283,1,H.264,104.430,0,0,261.920,263.091,1.000,223.859,103.357,arrival-gap-jitter-spike,23500.728,0,1,1,1,1,34272.413,501.666,502.691,510.560,510.560,0,0,10,0,0,7,1,latency-pressure freshness,latency-over-80ms,138.143,146.093,920,1,decoded,0,0,0,0,0,0,0,0,0,0,,98.779,0.000,101.977,4.687,0.000,105.852,128.226,stale-before-upload,0.001,935,0.000,109.181,6.480,0.102,0.319,0.001,0.000,0.319,1,0,0,1,3,0.062,15.362,15.379,17.211,21.164,1.000,Loss,0,1,0,1.000,1,1,1,1,0.060,0.000,0.060,0,100,0,27102,25458,1606,0,1552
35.278,Custom_loss6_delay0-100_dup0_reorder6_burst0,Loopback,1,1,0,,,0.000,0,21,963,15.012,15.032,20.979,102.028,102.909,57.204,58.259,28.794,0.062,0.266,26160,1736,24513,22777,3606,2140,274,1032,853,179,160,0,22784,698,253,0,0,0,0,5.000,0,0,0,0,0,0,0,0,0,0,0,0,0,0,0,0.000,0.000,0.000,,679,679,3243,0,1,36.655,261.920,37.818,263.091,0.000,0.000,674,668,13546,877,234,0,2318,3804,965,1,nack-sent,pending,H.264,0,1,23,9,14,2,0,1,0,14,1,0,27875,0,27875,0,0,0,0,49.399,194,274,179,172,179,0,67.735,22.761,129.444,0,0,647,43,690,0,196,28,0.415,0.585,0.938,1.000,0.125,43.000,0.000,1.000,0.000,duplicate-guard,1141,9522,0,0,681,8771,2318,22630,453,715,7,36,22632,predicted-useful,fec-grace,3857,0.609,260,690,0,2,0,0,0,19,19,19,19,257,4140,257,4140,0,0,0,pacing,1,0.859,12.378,120.378,0,0,19,19,0,0,0,0,2,4,4,0,896,2,2,sent,4161,2827,138,0,1,9500000,1200000,0,0,0,27870,27870,34189853,1700,2095659,885,1094826,0,0,0,0,0,11.138,42.837,2550.188,4800.000,1431,50661,26156,11556,24505,12949,0.306,18.424,0.226,1431,6144505,9784325,0.892,19.322,0.465,11.973,50661,2318,686,22630,727,1585,6,234,233,455,41,73,2,15,26,0,0,0,0,0,0,0,0,0,0,191,2,1,0,4,4711,3804,3804,0,0,0,0,0,,disabled,,0,0,0,0,,1,Fixed Quality,Hybrid,85,30,9500,12000,640,360,H.264,480,270,518400,27136,518400,27136,0.052,0.000,,0,0,0.000,2.038,0.000,0.000,0.079,7250,6500,6500,18,18,0,1,9500,1.000,0,11.138,0.000,0,0,0.000,0.000,0,0,0,0,1.000,0.000,0.000,1,0,0,disabled,23,0,0,129,308,129,150,29,245,245,0,5,large-au-observed,0,,0,0,0.067,22.851,0,,0.000,0.000,0.000,0.000,0,0,0,,35,0,0,5.993,0,966,0.079,0.000,0.000,0.079,0.000,0.056,0.006,1,1,1,1,0,1,1,0,0,0,0,0,1.000,0.000,0.000,30,0,0.000,0,0,0,0.000,0.000,0.000,0.000,0.000,0.000,0.000,1.950,13.137,0,0,0,0,0,0,0,0,0.000,0.000,0.000,0.000,0.000,0.000,0,0.442,15.032,674,679,3243,37.731,262.979,40.778,262.979,10771.685,283,1,H.264,104.430,0,0,261.920,263.091,1.000,223.859,103.357,arrival-gap-jitter-spike,24506.973,0,1,1,1,1,35278.658,501.666,502.691,510.560,510.560,0,0,10,0,0,7,0,,,138.143,146.093,920,1,decoded,0,0,0,0,0,0,0,0,0,0,,103.363,0.000,106.170,0.000,0.000,0.000,131.014,stale-before-upload,0.001,963,0.000,112.699,6.072,0.082,0.351,0.076,0.000,0.275,1,0,0,1,3,0.062,15.012,15.032,28.794,20.979,1.000,RecoveryDeadline,0,1,0,0.333,3,1,1,1,0.060,0.000,0.060,0,100,0,27905,26200,1663,0,1594
36.280,Custom_loss6_delay0-100_dup0_reorder6_burst0,Loopback,1,1,0,,,0.000,0,21,992,17.692,17.677,16.641,103.744,103.039,57.204,58.259,32.738,0.062,0.268,26896,1771,25198,23427,3699,2197,283,1054,872,182,165,0,23434,715,262,0,0,0,0,5.000,0,0,0,0,0,0,0,0,0,0,0,0,0,0,0,0.000,0.000,0.000,,696,696,3333,0,1,88.183,261.920,89.260,263.091,0.000,0.000,690,683,13930,897,244,0,2385,3907,993,1,fec-parity,pending,H.264,0,1,24,14,10,3,2,1,1,11,0,0,28644,5,0,0,0,0,0,57.647,200,283,182,175,182,0,67.843,22.552,129.444,1,0,666,45,711,0,199,31,0.414,0.586,0.937,1.000,0.135,45.000,0.300,0.700,0.000,duplicate-guard,1179,9770,0,0,699,8988,2385,23297,473,746,7,36,23298,predicted-useful,likely-arrival,3963,0.000,267,711,0,2,0,0,0,19,19,19,19,264,4251,264,4251,0,0,0,pacing,1,0.789,10.093,118.093,0,0,19,19,0,0,0,0,2,4,4,0,896,2,2,sent,4272,2909,142,0,1,9500000,1200000,0,0,0,28634,28634,35127271,1751,2158529,910,1125974,0,0,0,0,0,0.020,42.837,22670.000,4800.000,1472,52089,26891,11908,25198,13290,0.307,12.394,1.895,1472,4972150,7905473,1.558,19.322,0.407,10.983,52089,2385,703,23297,751,1628,6,243,242,472,43,77,2,15,28,0,0,0,0,0,0,0,0,0,0,198,2,1,0,4,4842,3907,3907,0,0,0,0,0,,disabled,,0,0,0,0,,1,Fixed Quality,Hybrid,85,30,9500,12000,640,360,H.264,480,270,518400,0,518400,1036,0.002,0.000,,0,0,0.000,4.880,0.000,4.231,0.625,6000,6250,6250,20,20,0,1,9500,0.820,1,2.832,0.000,0,0,0.000,0.000,0,0,0,0,0.281,0.655,0.063,1,0,0,latency-pressure-freshness-hold,0,0,0,133,318,133,156,29,253,253,0,5,async-output-pending,0,,0,0,0.000,0.000,0,,0.020,22670.000,45673.077,0.000,0,0,0,,36,0,0,0.000,1,0,0.615,0.146,0.468,0.000,0.000,0.000,0.000,0,0,1,1,1,0,0,1,1,0,1,0,0.860,100.234,0.000,26,0,0.000,0,0,0,0.000,0.000,0.000,0.000,0.000,0.000,0.000,0.000,28.543,0,0,0,0,0,0,0,0,0.000,0.000,0.000,0.000,0.000,0.000,0,0.565,17.677,690,696,3333,89.320,262.979,40.778,262.979,10771.685,283,1,H.264,104.430,0,0,261.920,263.091,1.000,223.859,103.357,arrival-gap-jitter-spike,25507.925,0,1,1,1,1,36279.610,501.666,502.691,510.560,510.560,0,0,11,0,0,8,1,latency-pressure freshness,latency-over-80ms,169.397,169.397,988,1,H.264,0,0,0,0,0,0,0,0,0,0,,114.808,0.000,107.534,5.090,0.000,113.514,131.872,stale-before-decode,0.001,987,0.000,112.320,4.277,0.089,0.271,0.001,0.000,0.270,1,0,0,1,3,0.062,17.692,17.677,32.738,16.641,1.000,RecoveryDeadline,0,1,0,0.500,2,1,1,1,0.060,0.000,0.060,0,100,0,28670,26935,1719,0,1635
37.281,Custom_loss6_delay0-100_dup0_reorder6_burst0,Loopback,1,1,0,,,0.000,0,21,1019,17.824,17.809,16.682,97.283,102.949,35.726,57.616,30.566,0.062,0.267,27528,1822,25794,23972,3780,2240,290,1083,894,189,167,0,23979,735,268,0,0,0,0,5.000,0,0,0,0,0,0,0,0,0,0,0,0,0,0,0,0.000,0.000,0.000,,716,716,3426,0,1,24.333,261.920,25.539,263.091,0.000,0.000,710,703,14264,924,250,0,2440,3998,1020,1,nack-sent,pending,H.264,0,1,22,14,8,5,2,1,0,8,0,0,29328,15,0,0,0,0,0,57.064,203,290,189,182,189,0,67.783,22.724,129.444,1,0,683,46,729,0,203,31,0.412,0.588,0.937,1.000,0.132,45.000,0.000,1.000,0.000,duplicate-guard,1206,9976,0,0,716,9175,2440,23762,483,765,7,36,23762,predicted-useful,fec-grace,4057,0.000,273,729,0,2,0,0,0,19,19,19,19,270,4334,270,4334,0,0,0,pacing,1,0.753,13.913,121.913,0,0,19,19,0,0,0,0,2,4,4,0,896,2,2,sent,4355,2972,146,0,1,9500000,1200000,0,0,0,29332,29332,35988993,1797,2215495,934,1155564,0,0,0,0,0,14.998,42.837,7649.125,4800.000,1507,53308,27522,12167,25786,13619,0.307,1.377,0.902,1507,5053074,8063986,0.626,11.162,0.400,17.657,53308,2440,722,23762,772,1660,8,249,248,482,45,79,1,17,28,0,0,0,0,0,0,0,0,0,0,202,2,1,0,4,4960,3998,3998,0,0,0,0,0,,disabled,,0,0,0,0,,1,Fixed Quality,Hybrid,85,30,9500,12000,640,360,H.264,480,270,518400,0,518400,26096,0.050,0.000,,0,0,0.000,5.886,0.000,5.129,0.729,6250,6250,6250,20,20,0,1,9500,0.880,1,14.998,0.000,0,0,0.000,0.000,0,0,0,0,0.278,0.658,0.063,1,0,0,latency-pressure-freshness-hold,0,0,0,137,329,137,161,31,261,261,1,5,async-output-pending,0,,0,0,0.000,0.000,0,,4.672,225.188,43981.481,0.000,0,0,0,,37,0,0,0.000,1,0,0.719,0.161,0.556,0.000,0.000,0.000,0.000,0,0,1,1,1,0,0,1,1,0,0,0,1.000,0.000,0.000,27,0,0.000,0,0,0,0.000,0.000,0.000,0.000,0.000,0.000,0.000,0.000,17.562,0,0,0,0,0,0,0,0,0.000,0.000,0.000,0.000,0.000,0.000,0,0.553,17.809,710,716,3426,25.532,262.979,40.778,262.979,10771.685,283,1,H.264,104.430,0,0,261.920,263.091,1.000,223.859,103.357,arrival-gap-jitter-spike,26509.968,0,1,1,1,1,37281.653,501.666,502.691,510.560,510.560,0,0,11,0,0,8,0,,,169.397,169.397,988,1,H.264,0,0,0,0,0,0,0,0,0,0,,97.967,0.000,101.116,4.976,0.000,106.932,128.642,stale-before-decode,0.001,1018,0.000,106.056,4.430,0.103,0.351,0.001,0.000,0.350,1,0,0,1,3,0.062,17.824,17.809,30.566,16.682,1.000,Loss,0,1,0,2.000,1,2,2,1,0.060,0.000,0.060,0,100,0,29369,27572,1765,0,1665
38.283,Custom_loss6_delay0-100_dup0_reorder6_burst0,Loopback,1,1,0,,,0.000,0,21,1045,17.520,17.516,19.784,91.958,102.799,97.958,58.736,35.050,0.062,0.265,28226,1877,26449,24572,3881,2295,297,1117,923,194,172,0,24579,756,272,0,0,0,0,5.000,0,0,0,0,0,0,0,0,0,0,0,0,0,0,0,0.000,0.000,0.000,,737,737,3524,0,1,20.786,261.920,22.026,263.091,0.000,0.000,731,725,14630,950,254,0,2493,4104,1046,1,fec-parity,pending,H.264,0,1,23,15,8,3,1,1,5,14,0,0,30060,12,0,0,0,0,0,63.042,210,297,194,187,194,0,67.486,22.826,129.444,1,0,702,46,748,0,211,31,0.414,0.586,0.939,1.000,0.128,45.000,0.444,0.556,0.000,duplicate-guard,1241,10181,0,0,734,9353,2493,24226,500,792,7,36,24226,predicted-useful,likely-arrival,4153,0.000,280,748,0,2,0,0,0,20,20,20,20,277,4437,277,4437,0,0,0,pacing,1,0.790,11.029,119.029,0,0,20,20,0,0,0,0,2,4,4,0,896,2,2,sent,4459,3039,150,0,1,9500000,1200000,0,0,0,30068,30068,36895717,1845,2274793,960,1187486,0,0,0,0,0,13.311,42.837,4475.125,4800.000,1545,54664,28215,12481,26449,13968,0.307,3.155,1.695,1545,5246663,8416421,1.259,21.376,0.501,6.870,54664,2493,743,24226,791,1694,8,253,252,490,45,79,1,17,28,0,0,0,0,0,0,0,0,0,0,206,2,1,0,4,5088,4104,4104,0,0,0,0,0,,disabled,,0,0,0,0,,1,Fixed Quality,Hybrid,85,30,9500,12000,640,360,H.264,480,270,518400,0,518400,27136,0.052,0.000,,0,0,0.000,5.276,0.000,4.584,0.665,7250,6500,6500,21,21,0,1,9500,1.000,0,13.311,0.000,0,0,0.000,0.000,0,0,0,0,0.281,0.658,0.061,1,0,0,disabled,0,0,0,141,336,141,164,31,267,267,0,5,async-output-pending,0,,0,0,0.000,0.000,0,,13.311,4475.125,39583.333,0.000,0,0,0,,38,0,0,0.000,1,0,0.655,0.149,0.505,0.000,0.000,0.000,0.000,0,0,1,1,1,0,0,1,1,0,0,0,1.000,0.000,0.000,30,0,0.000,0,0,0,0.000,0.000,0.000,0.000,0.000,0.000,0.000,0.000,10.159,0,0,0,0,0,0,0,0,0.000,0.000,0.000,0.000,0.000,0.000,0,0.459,17.516,731,737,3524,21.810,262.979,40.778,262.979,10771.685,283,1,H.264,104.430,0,0,261.920,263.091,1.000,223.859,103.357,arrival-gap-jitter-spike,27511.891,0,1,1,1,1,38283.576,501.666,502.691,510.560,510.560,0,0,11,0,0,8,0,,,169.397,169.397,988,1,H.264,0,0,0,0,0,0,0,0,0,0,,99.370,0.000,102.369,0.000,0.000,0.000,130.979,stale-before-decode,0.001,1045,0.000,107.882,5.033,0.082,0.255,0.001,0.000,0.255,1,0,0,1,3,0.062,17.520,17.516,35.050,19.784,1.000,Jitter,0,1,0,0.000,2,2,2,1,0.060,0.000,0.060,0,100,0,30106,28267,1814,0,1705
39.289,Custom_loss6_delay0-100_dup0_reorder6_burst0,Loopback,1,1,0,,,0.000,0,21,1074,18.206,18.196,21.869,91.010,102.722,93.255,59.669,11.740,0.063,0.267,29062,1956,27267,25311,3985,2359,308,1140,945,195,178,0,25318,775,282,0,0,0,0,5.000,0,0,0,0,0,0,0,0,0,0,0,0,0,0,0,0.000,0.000,0.000,,756,756,3615,0,1,52.141,261.920,53.409,263.091,0.000,0.000,750,744,15058,970,264,0,2570,4224,1073,1,expired-no-slack,expired,H.264,1,1,24,22,2,5,4,3,11,44,1,2,30886,3,30886,3,0,0,0,168.396,212,308,195,188,195,0,67.455,22.896,129.444,1,0,716,48,764,0,213,32,0.408,0.592,0.937,1.000,0.131,45.000,0.182,0.818,0.000,duplicate-guard,1279,10502,0,0,758,9656,2570,24964,514,810,7,36,24963,predicted-useful,fec-grace,4273,0.250,286,764,0,2,0,0,0,20,20,20,20,283,4532,283,4532,0,0,0,pacing,1,0.782,8.543,116.543,0,0,20,20,0,0,0,0,2,4,4,0,896,2,2,sent,4554,3132,154,0,1,9500000,1200000,4,0,4,31003,30999,38038045,1891,2331443,988,1221736,0,0,0,0,0,7.633,42.837,585.375,4800.000,1591,56309,29052,12857,27257,14400,0.307,14.322,0.051,1591,5746056,9947694,0.485,16.160,0.479,13.635,56309,2570,762,24964,812,1750,8,263,262,511,48,85,2,18,30,0,0,0,0,0,0,0,0,0,0,213,2,1,0,4,5238,4224,4224,0,0,0,0,0,,disabled,,0,0,0,0,,1,Fixed Quality,Hybrid,85,30,9500,12000,640,360,H.264,480,270,518400,28176,518400,28176,0.054,0.000,,0,0,0.000,2.254,0.000,0.000,0.087,7250,6750,6750,22,22,0,1,9500,1.000,0,13.163,0.000,0,0,0.000,0.000,0,0,0,0,0.277,0.660,0.063,1,0,0,disabled,24,0,0,145,343,145,167,31,274,274,0,5,large-au-observed,0,,0,0,17.407,23.727,0,,0.000,0.000,0.000,0.000,0,0,0,,39,0,0,4.997,0,1078,0.086,0.000,0.000,0.086,0.000,0.059,0.009,1,1,1,1,0,1,1,0,0,0,0,0,1.000,0.000,0.000,30,0,0.000,0,0,0,0.000,0.000,0.000,0.000,0.000,0.000,0.000,2.159,10.042,0,0,0,0,0,0,0,0,0.000,0.000,0.000,0.000,0.000,0.000,0,0.450,18.196,750,756,3615,53.424,262.979,40.778,262.979,10771.685,283,1,H.264,104.430,0,0,261.920,263.091,1.000,223.859,103.357,arrival-gap-jitter-spike,28517.614,0,1,1,1,1,39289.299,501.666,502.691,510.560,510.560,0,0,11,0,0,8,0,,,169.397,169.397,988,1,H.264,0,0,0,0,0,0,0,0,0,0,,98.920,0.000,101.960,0.000,0.000,0.000,125.505,stale-before-decode,0.001,1074,0.000,108.044,5.591,0.089,0.375,0.001,0.000,0.374,1,0,0,1,3,0.063,18.206,18.196,11.740,21.869,2.000,RecoveryDeadline,0,1,0,1.000,1,1,1,1,0.060,0.000,0.060,0,100,0,31038,29107,1878,0,1757
40.297,Custom_loss6_delay0-100_dup0_reorder6_burst0,Loopback,1,1,0,,,0.000,0,21,1105,23.631,23.640,29.036,98.589,102.775,61.928,59.729,26.571,0.063,0.262,29910,2004,28062,26058,4109,2431,315,1185,983,202,178,0,26065,801,285,0,0,0,0,5.000,0,0,0,0,0,0,0,0,0,0,0,0,0,0,0,0.000,0.000,0.000,,782,782,3707,0,1,63.650,261.920,64.604,263.091,0.000,0.000,776,770,15488,1003,267,0,2637,4355,1107,1,fec-parity,pending,H.264,0,1,24,3,21,1,0,0,0,0,0,0,31899,23,0,0,0,0,0,19.195,220,315,202,195,202,0,67.626,22.568,129.444,1,0,738,49,787,0,224,32,0.411,0.589,0.938,1.000,0.125,44.000,0.000,1.000,0.000,insufficient-sample,1312,10799,0,0,778,9931,2637,25685,527,832,7,36,25684,predicted-useful,fec-grace,4394,0.000,293,787,0,2,0,0,0,20,20,20,20,290,4646,290,4646,0,0,0,pacing,1,0.806,12.082,120.082,0,0,20,20,0,0,0,0,2,4,4,0,896,2,2,sent,4668,3217,158,0,1,9500000,1200000,3,0,3,31896,31893,39133531,1944,2396801,1018,1259104,0,0,0,0,0,7.902,42.837,814.188,4800.000,1637,57949,29900,13240,28049,14809,0.307,34.000,0.000,1637,4779775,8003599,1.216,6.663,0.471,20.030,57949,2637,788,25685,839,1790,8,266,265,519,48,85,2,18,30,0,0,0,0,0,0,0,0,0,0,216,2,1,0,4,5386,4355,4355,0,0,0,0,0,,disabled,,0,0,0,0,,1,Fixed Quality,Hybrid,85,30,9500,12000,640,360,H.264,480,270,518400,28176,518400,28176,0.054,0.000,,0,0,0.000,2.285,0.000,0.000,0.095,7250,6750,6750,22,22,0,1,9500,1.000,0,13.345,0.000,0,0,0.000,0.000,0,0,0,0,0.280,0.658,0.062,1,0,0,disabled,24,0,0,149,354,149,172,33,283,283,0,5,large-au-observed,0,,0,0,17.548,23.727,0,,0.000,0.000,0.000,0.000,0,0,0,,40,0,0,5.675,0,1108,0.095,0.000,0.000,0.094,0.000,0.068,0.008,1,1,1,1,0,1,1,0,0,0,1,0,0.860,69.925,0.000,26,0,0.000,0,0,0,0.000,0.000,0.000,0.000,0.000,0.000,0.000,2.180,10.628,0,0,0,0,0,0,0,0,0.000,0.000,0.000,0.000,0.000,0.000,0,0.658,23.640,776,782,3707,64.911,262.979,40.778,262.979,10771.685,283,1,H.264,104.430,0,0,261.920,263.091,1.000,223.859,103.357,arrival-gap-jitter-spike,29525.361,0,1,1,1,1,40297.046,501.666,502.691,510.560,510.560,0,0,11,0,0,8,0,,,169.397,169.397,988,1,H.264,0,0,0,0,0,0,0,0,0,0,,103.590,0.000,107.201,0.000,0.000,0.000,129.294,stale-before-decode,0.001,1105,0.000,113.788,5.880,0.122,0.337,0.001,0.000,0.336,1,0,0,1,3,0.063,23.631,23.640,26.571,29.036,1.000,Loss,0,1,0,0.000,1,2,2,1,0.060,0.000,0.060,0,100,0,31933,29954,1925,0,1816
41.302,Custom_loss6_delay0-100_dup0_reorder6_burst0,Loopback,1,1,0,,,0.000,0,21,1132,20.789,17.045,20.547,95.321,102.902,97.626,60.700,1.237,0.063,0.263,30592,2040,28683,26643,4197,2484,324,1206,1000,206,183,0,26650,821,293,0,0,0,0,5.000,0,0,0,0,0,0,0,0,0,0,0,0,0,0,0,0.000,0.000,0.000,,801,801,3793,0,1,48.225,261.920,49.340,263.091,0.000,0.000,794,788,15852,1027,274,0,2698,4456,1133,1,nack-sent,pending,H.264,0,1,22,16,6,4,2,2,3,16,0,0,32586,6,0,0,0,0,0,74.364,228,324,206,199,206,0,67.570,22.671,129.444,1,0,759,49,808,0,234,33,0.413,0.587,0.939,1.000,0.124,44.000,0.000,1.000,0.000,insufficient-sample,1345,11014,0,0,797,10123,2698,26253,541,855,7,36,26252,predicted-useful,fec-grace,4494,0.455,300,808,0,2,0,0,0,20,20,20,20,297,4756,297,4756,0,0,0,pacing,1,0.795,14.566,122.566,0,0,20,20,0,0,0,0,2,4,4,0,896,2,2,sent,4778,3290,162,0,1,9500000,1200000,9,0,9,32623,32614,40018968,1993,2457499,1043,1290244,0,0,0,0,0,0.718,42.837,1106.750,4800.000,1673,59246,30568,13541,28678,15137,0.307,14.383,2.777,1673,4844043,7903448,1.262,12.470,0.504,14.057,59246,2698,806,26253,860,1830,8,273,272,529,49,86,1,19,30,0,0,0,0,0,0,0,0,0,0,222,2,1,0,4,5507,4456,4456,0,0,0,0,0,,disabled,,0,0,0,0,,1,Fixed Quality,Hybrid,85,30,9500,12000,640,360,H.264,480,270,518400,26096,518400,26096,0.050,0.000,,0,0,0.000,1.886,0.000,0.000,0.080,6000,6250,6250,23,23,0,1,9500,0.820,1,14.149,0.000,0,0,0.000,0.000,0,0,0,0,0.282,0.657,0.061,1,0,0,latency-pressure-freshness-hold,22,0,0,153,362,153,176,33,290,290,0,5,large-au-observed,0,,0,0,17.716,21.976,0,,0.000,0.000,0.000,0.000,0,0,0,,41,0,0,6.222,0,1135,0.080,0.000,0.000,0.079,0.000,0.056,0.007,1,1,1,1,0,1,1,0,0,0,0,0,1.000,0.000,0.000,27,0,0.000,0,0,0,0.000,0.000,0.000,0.000,0.000,0.000,0.000,1.798,10.154,0,0,0,0,0,0,0,0,0.000,0.000,0.000,0.000,0.000,0.000,0,0.429,17.044,794,801,3793,49.211,262.979,40.778,262.979,10771.685,283,1,H.264,104.430,0,0,261.920,263.091,1.000,223.859,103.357,arrival-gap-jitter-spike,30530.401,0,1,1,1,1,41302.086,501.666,502.691,510.560,510.560,0,0,12,0,0,9,1,latency-pressure freshness,latency-over-80ms,145.580,169.397,1117,1,H.264,0,0,0,0,0,0,0,0,0,0,,99.832,0.000,101.807,0.000,0.000,0.000,127.660,stale-before-decode,0.001,1132,0.000,107.485,5.219,0.082,0.453,0.177,0.000,0.276,1,0,0,1,3,0.063,20.789,17.045,1.237,20.547,1.000,Loss,0,1,0,0.000,1,1,1,1,0.060,0.000,0.060,0,100,0,32655,30639,1975,0,1856
42.303,Custom_loss6_delay0-100_dup0_reorder6_burst0,Loopback,1,1,0,,,0.000,0,21,1158,17.429,17.429,15.244,87.270,102.766,77.489,61.120,55.764,0.063,0.264,31294,2101,29354,27253,4306,2535,333,1250,1036,214,188,0,27260,838,301,0,0,0,0,5.000,0,0,0,0,0,0,0,0,0,0,0,0,0,0,0,0.000,0.000,0.000,,818,818,3888,0,1,112.165,261.920,113.139,263.091,0.000,0.000,811,805,16238,1052,282,0,2762,4562,1158,1,retransmit-late-after-completed,completed,H.264,1,1,23,23,0,0,0,3,0,0,0,1,33360,2,33360,2,33360,2,1,109.466,234,333,214,207,214,0,67.191,22.831,129.444,1,0,782,49,831,0,238,34,0.413,0.587,0.941,1.000,0.125,38.000,1.000,0.000,0.000,insufficient-sample,1382,11277,0,0,815,10356,2762,26843,560,885,7,36,26842,predicted-useful,fec-grace,4599,0.478,309,831,0,2,0,0,0,22,22,22,22,306,4883,306,4883,0,0,0,pacing,1,0.733,6.989,114.989,0,0,22,22,0,0,0,0,2,4,4,0,896,2,2,sent,4907,3365,166,0,1,9500000,1200000,10,0,10,33378,33368,40950052,2044,2520685,1067,1320140,0,0,0,0,0,0.581,42.837,1009.375,4800.000,1712,60635,31288,13850,29347,15497,0.307,15.096,2.627,1712,5178790,8084268,1.889,5.948,0.472,13.378,60635,2762,823,26843,884,1870,8,281,280,544,50,87,1,20,30,0,0,0,0,0,0,0,0,0,0,229,2,1,0,4,5638,4562,4562,0,0,0,0,0,,disabled,,0,0,0,0,,1,Fixed Quality,Hybrid,85,30,9500,12000,640,360,H.264,480,270,518400,27138,518400,27138,0.052,0.000,,0,0,0.000,1.927,0.000,0.000,0.069,7250,6500,6500,24,24,0,1,9500,0.992,1,16.225,0.000,0,0,0.000,0.000,0,0,0,0,0.000,1.000,0.000,1,0,0,fixed-pacing-queue-hold,23,0,0,157,371,157,179,35,298,298,0,5,large-au-observed,0,,0,0,18.296,22.853,0,,0.000,0.000,0.000,0.000,0,0,0,,42,0,0,5.996,0,1161,0.068,0.000,0.000,0.068,0.000,0.048,0.006,1,1,1,1,0,1,1,0,0,0,1,0,0.860,146.665,0.000,24,0,0.000,0,0,0,0.000,0.000,0.000,0.000,0.000,0.000,0.000,1.849,10.180,0,0,0,0,0,0,0,0,0.000,0.000,0.000,0.000,0.000,0.000,0,0.393,17.429,811,818,3888,113.270,262.979,40.778,262.979,10771.685,283,1,H.264,104.430,0,0,261.920,263.091,1.000,223.859,103.357,arrival-gap-jitter-spike,31531.506,0,1,1,1,1,42303.191,501.666,502.691,510.560,510.560,0,0,12,0,0,9,0,,,145.580,169.397,1117,1,H.264,0,0,0,0,0,0,0,0,0,0,,96.211,0.000,98.847,0.000,0.000,0.000,128.635,stale-before-decode,0.001,1158,0.000,103.046,3.786,0.081,0.701,0.378,0.000,0.323,1,0,0,1,3,0.063,17.429,17.429,55.764,15.244,2.000,Jitter,0,1,0,0.500,2,1,1,1,0.060,0.000,0.060,0,100,0,33410,31340,2022,0,1900
43.309,Custom_loss6_delay0-100_dup0_reorder6_burst0,Loopback,1,1,0,,,0.000,0,21,1185,20.833,20.842,24.856,98.543,102.712,77.489,61.120,18.641,0.063,0.262,32029,2158,30050,27892,4404,2585,342,1288,1068,220,189,0,27899,860,305,0,0,0,0,5.000,0,0,0,0,0,0,0,0,0,0,0,0,0,0,0,0.000,0.000,0.000,,840,840,3977,0,1,65.474,261.920,66.643,263.091,0.000,0.000,833,827,16611,1080,286,0,2824,4665,1184,1,retransmit-duplicate,pending,H.264,1,1,23,21,2,5,3,3,15,50,0,3,34107,2,34107,2,34107,2,1,125.147,238,342,220,213,220,0,67.100,22.631,129.444,1,0,801,52,853,0,241,35,0.410,0.590,0.939,1.000,0.127,44.000,0.333,0.667,0.000,insufficient-sample,1419,11548,0,0,835,10602,2824,27410,577,910,7,36,27408,predicted-useful,fec-grace,4708,0.000,319,853,0,2,0,0,0,24,24,24,24,316,5050,316,5050,0,0,0,pacing,1,0.811,8.465,116.465,0,0,24,24,0,0,0,0,2,4,4,0,896,2,2,sent,5076,3439,170,0,1,9500000,1200000,6,0,6,34158,34152,41913702,2095,2583713,1092,1351280,0,0,0,0,0,4.962,42.837,243.312,4800.000,1752,62078,32028,14204,30050,15846,0.307,6.914,0.494,1752,6337906,9541889,0.769,5.948,0.516,10.562,62078,2824,845,27410,902,1914,8,285,284,551,51,89,2,20,31,0,0,0,0,0,0,0,0,0,0,232,2,1,0,4,5764,4665,4665,0,0,0,0,0,,disabled,,0,0,0,0,,1,Fixed Quality,Hybrid,85,30,9500,12000,640,360,H.264,480,270,518400,28178,518400,28178,0.054,0.000,,0,0,0.000,2.145,0.000,0.000,0.107,7250,6750,6750,25,25,0,1,9500,1.000,0,11.471,0.000,0,0,0.000,0.000,0,0,0,0,0.000,1.000,0.000,1,0,0,disabled,24,0,0,161,380,161,184,35,304,304,0,5,large-au-observed,0,,0,0,15.017,23.729,0,,0.000,0.000,0.000,0.000,0,0,0,,43,0,0,3.576,0,1188,0.107,0.000,0.000,0.106,0.000,0.048,0.008,1,1,1,1,0,1,1,0,0,0,1,0,0.860,109.370,0.000,26,0,0.000,0,0,0,0.000,0.000,0.000,0.000,0.000,0.000,0.000,2.029,7.652,0,0,0,0,0,0,0,0,0.000,0.000,0.000,0.000,0.000,0.000,0,0.420,20.840,833,840,3977,66.532,262.979,40.778,262.979,10771.685,283,1,H.264,104.430,0,0,261.920,263.091,1.000,223.859,103.357,arrival-gap-jitter-spike,32537.196,0,1,1,1,1,43308.881,501.666,502.691,510.560,510.560,0,0,12,0,0,9,0,,,145.580,169.397,1117,1,H.264,0,0,0,0,0,0,0,0,0,0,,102.485,0.000,105.188,0.000,0.000,0.000,129.272,stale-before-decode,0.001,1185,0.000,110.852,5.224,0.078,0.842,0.593,0.000,0.249,1,0,0,1,3,0.063,20.833,20.842,18.641,24.856,1.000,Loss,0,1,0,0.000,0,2,2,1,0.060,0.000,0.060,0,100,0,34195,32075,2065,0,1939
44.309,Custom_loss6_delay0-100_dup0_reorder6_burst0,Loopback,1,1,0,,,0.000,0,21,1211,23.650,23.635,22.926,105.960,102.777,38.739,60.574,1.215,0.062,0.260,32834,2182,30783,28601,4510,2653,347,1318,1091,227,192,0,28608,883,310,0,0,0,0,5.000,0,0,0,0,0,0,0,0,0,0,0,0,0,0,0,0.000,0.000,0.000,,862,862,4069,0,1,42.184,261.920,43.499,263.091,0.000,0.000,855,849,17020,1110,290,0,2891,4777,1214,1,fec-parity,pending,H.264,1,1,24,13,11,3,1,2,9,35,2,0,34981,7,35005,1,0,0,0,48.829,248,347,227,220,227,0,67.208,22.786,129.444,1,0,823,55,878,0,251,36,0.417,0.583,0.937,1.000,0.125,45.000,0.500,0.500,0.000,stable,1463,11861,0,0,855,10874,2891,28034,601,951,7,36,28032,predicted-useful,likely-arrival,4819,0.583,328,878,0,2,0,0,0,24,24,24,24,325,5190,325,5190,0,0,0,pacing,1,0.782,13.303,121.303,0,0,24,24,0,0,0,0,2,4,4,0,896,2,2,sent,5216,3518,174,0,1,9500000,1200000,0,0,0,34993,34993,42944444,2150,2651559,1119,1384916,0,0,0,0,0,15.359,42.837,5481.500,4800.000,1794,63594,32823,14572,30771,16199,0.307,21.458,0.713,1794,5183808,8699260,0.793,-2.991,0.460,11.659,63594,2891,868,28034,925,1958,8,289,288,560,52,91,2,20,32,0,0,0,0,0,0,0,0,0,0,235,2,1,0,4,5901,4777,4777,0,0,0,0,0,,disabled,,0,0,0,0,,1,Fixed Quality,Hybrid,85,30,9500,12000,640,360,H.264,480,270,518400,28178,518400,28178,0.054,0.000,,0,0,0.000,2.181,0.000,0.000,0.144,7250,6750,6750,25,25,0,1,9500,1.000,0,15.359,0.000,0,0,0.000,0.000,0,0,0,0,1.000,0.000,0.000,1,0,0,disabled,24,0,0,165,390,165,188,37,312,312,0,5,large-au-observed,0,,0,0,0.036,23.729,0,,0.000,0.000,0.000,0.000,0,0,0,,44,0,0,5.049,0,1215,0.144,0.000,0.000,0.144,0.000,0.114,0.010,1,1,1,1,0,1,1,0,0,0,0,0,1.000,0.000,0.000,30,0,0.000,0,0,0,0.000,0.000,0.000,0.000,0.000,0.000,0.000,2.027,10.444,0,0,0,0,0,0,0,0,0.000,0.000,0.000,0.000,0.000,0.000,0,0.397,23.636,855,862,4069,43.236,262.979,40.778,262.979,10771.685,283,1,H.264,104.430,0,0,261.920,263.091,1.000,223.859,103.357,arrival-gap-jitter-spike,33537.738,0,1,1,1,1,44309.423,501.666,502.691,510.560,510.560,0,0,12,0,0,9,0,,,145.580,169.397,1117,1,H.264,0,0,0,0,0,0,0,0,0,0,,103.494,0.000,106.340,0.000,0.000,0.000,132.980,stale-before-decode,0.001,1211,0.000,111.990,5.228,0.078,0.706,0.420,0.000,0.286,1,0,0,1,3,0.062,23.650,23.635,1.215,22.926,1.000,RecoveryDeadline,0,1,0,1.000,1,1,1,1,0.060,0.000,0.060,0,100,0,35037,32881,2115,0,1984
45.309,Custom_loss6_delay0-100_dup0_reorder6_burst0,Loopback,1,1,0,,,0.000,0,21,1240,18.854,15.440,19.794,81.551,102.595,46.478,60.239,16.896,0.063,0.262,33541,2242,31459,29217,4602,2703,354,1349,1117,232,196,0,29224,902,321,0,0,0,0,5.000,0,0,0,0,0,0,0,0,0,0,0,0,0,0,0,0.000,0.000,0.000,,879,879,4158,0,1,68.957,261.920,69.936,263.091,0.000,0.000,872,865,17389,1134,299,0,2954,4874,1242,1,fec-recovered,pending,H.264,1,1,22,6,16,3,1,1,2,19,0,0,35758,15,0,0,0,0,0,34.701,254,354,232,225,232,0,67.158,22.687,129.444,1,0,841,58,899,0,261,38,0.418,0.582,0.935,1.000,0.127,44.000,0.000,0.000,0.000,insufficient-sample,1499,12104,0,0,874,11093,2954,28560,618,975,7,36,28556,predicted-useful,likely-arrival,4925,0.864,335,899,0,2,0,0,0,24,24,24,24,332,5298,332,5298,0,0,0,pacing,1,0.792,12.778,120.778,0,0,24,24,0,0,0,0,2,4,4,0,896,2,2,sent,5324,3596,178,0,1,9500000,1200000,1,0,1,35757,35756,43880320,2199,2712259,1143,1414812,0,0,0,0,0,8.260,42.837,390.312,1090.800,1833,64977,33530,14852,31447,16595,0.307,17.184,0.098,1833,3489316,5826783,0.947,7.739,0.490,9.608,64977,2954,885,28560,945,2001,8,298,297,574,54,93,1,22,32,0,0,0,0,0,0,0,0,0,0,242,2,1,0,4,6028,4874,4874,0,0,0,0,0,,disabled,,0,0,0,0,,1,Fixed Quality,Hybrid,85,30,9500,12000,640,360,H.264,480,270,518400,26096,518400,26096,0.050,0.000,,0,0,0.000,2.208,0.000,0.000,0.083,6250,6250,6250,26,26,0,1,9500,0.880,1,11.626,0.000,0,0,0.000,0.000,0,0,0,0,0.283,0.653,0.065,1,0,0,latency-pressure-freshness-hold,22,0,0,169,399,169,193,37,319,319,0,5,large-au-observed,0,,0,0,17.190,21.976,0,,0.000,0.000,0.000,0.000,0,0,0,,45,0,0,6.047,0,1243,0.083,0.000,0.000,0.083,0.000,0.058,0.007,1,1,1,1,0,1,1,0,0,0,0,0,1.000,0.000,0.000,27,0,0.000,0,0,0,0.000,0.000,0.000,0.000,0.000,0.000,0.000,2.116,10.110,0,0,0,0,0,0,0,0,0.000,0.000,0.000,0.000,0.000,0.000,0,0.423,15.440,872,879,4158,70.051,262.979,40.778,262.979,10771.685,283,1,H.264,104.430,0,0,261.920,263.091,1.000,223.859,103.357,arrival-gap-jitter-spike,34537.888,0,1,1,1,1,45309.573,501.666,502.691,510.560,510.560,0,0,13,0,0,10,1,latency-pressure freshness,latency-over-80ms,140.959,169.397,1227,1,decoded,0,0,0,0,0,0,0,0,0,0,,87.091,0.000,89.363,0.000,0.000,0.000,120.775,stale-before-upload,0.001,1240,0.000,94.076,5.471,0.075,0.710,0.398,0.000,0.313,1,0,0,1,3,0.063,18.854,15.440,16.896,19.794,0.750,Loss,0,1,0,0.000,1,1,1,1,0.060,0.000,0.060,0,100,0,35801,33592,2156,0,2029
46.310,Custom_loss6_delay0-100_dup0_reorder6_burst0,Loopback,1,1,0,,,0.000,0,21,1266,21.560,21.545,18.632,87.823,102.484,97.448,61.104,5.665,0.062,0.261,34232,2270,32100,29830,4698,2751,360,1387,1149,238,200,0,29837,922,326,0,0,0,0,5.000,0,0,0,0,0,0,0,0,0,0,0,0,0,0,0,0.000,0.000,0.000,,899,899,4252,0,1,39.610,261.920,40.717,263.091,0.000,0.000,892,885,17748,1160,304,0,3014,4977,1267,1,fec-recovered,pending,H.264,1,1,23,21,2,3,3,3,12,36,0,0,36449,8,0,0,0,0,0,67.839,261,360,238,231,238,0,67.287,22.694,129.444,1,0,860,57,917,0,266,38,0.420,0.580,0.938,1.000,0.125,44.000,0.000,1.000,0.000,insufficient-sample,1529,12343,0,0,892,11309,3014,29141,630,998,7,36,29136,predicted-useful,fec-grace,5029,0.261,341,917,0,2,0,0,0,25,25,25,25,338,5387,338,5387,0,0,0,pacing,1,0.787,11.143,119.143,0,0,25,25,0,0,0,0,2,4,4,0,896,2,2,sent,5414,3672,182,0,1,9500000,1200000,4,0,4,36487,36483,44776618,2246,2770311,1169,1447196,0,0,0,0,0,7.733,42.837,1152.438,4800.000,1870,66319,34219,15198,32100,16902,0.308,28.800,0.034,1870,4799873,7560550,1.245,16.385,0.498,15.302,66319,3014,905,29141,966,2040,8,303,302,583,55,94,1,23,32,0,0,0,0,0,0,0,0,0,0,246,2,1,0,4,6150,4977,4977,0,0,0,0,0,,disabled,,0,0,0,0,,1,Fixed Quality,Hybrid,85,30,9500,12000,640,360,H.264,480,270,518400,27138,518400,27138,0.052,0.000,,0,0,0.000,2.112,0.000,0.000,0.087,7250,6500,6500,27,27,0,1,9500,1.000,0,13.998,0.000,0,0,0.000,0.000,0,0,0,0,0.285,0.653,0.062,1,0,0,disabled,23,0,0,173,410,173,197,40,326,326,0,5,large-au-observed,0,,0,0,17.724,22.853,0,,0.000,0.000,0.000,0.000,0,0,0,,46,0,0,5.303,0,1269,0.087,0.000,0.000,0.086,0.000,0.059,0.009,1,1,1,1,0,1,1,0,0,0,0,0,1.000,0.000,0.000,30,0,0.000,0,0,0,0.000,0.000,0.000,0.000,0.000,0.000,0.000,2.013,10.155,0,0,0,0,0,0,0,0,0.000,0.000,0.000,0.000,0.000,0.000,0,0.478,21.545,892,899,4252,40.571,262.979,40.778,262.979,10771.685,283,1,H.264,104.430,0,0,261.920,263.091,1.000,223.859,103.357,arrival-gap-jitter-spike,35538.573,0,1,1,1,1,46310.258,501.666,502.691,510.560,510.560,0,0,13,0,0,10,0,,,140.959,169.397,1227,1,decoded,0,0,0,0,0,0,0,0,0,0,,94.888,0.000,97.623,0.000,0.000,0.000,123.911,stale-before-upload,0.001,1266,0.000,103.871,5.765,0.077,0.583,0.342,0.000,0.241,1,0,0,1,3,0.062,21.560,21.545,5.665,18.632,1.000,RecoveryDeadline,0,1,0,1.000,0,1,1,1,0.060,0.000,0.060,0,100,0,36529,34281,2199,0,2074
47.311,Custom_loss6_delay0-100_dup0_reorder6_burst0,Loopback,1,1,0,,,0.000,0,21,1294,22.771,22.776,27.257,98.019,102.451,73.747,61.391,42.860,0.063,0.259,35019,2345,32872,30527,4797,2809,365,1422,1178,244,201,0,30534,946,331,0,0,0,0,5.000,0,0,0,0,0,0,0,0,0,0,0,0,0,0,0,0.000,0.000,0.000,,922,922,4336,0,1,85.849,261.920,86.776,263.091,0.000,0.000,915,908,18150,1190,308,0,3077,5095,1294,1,retransmit-late-after-completed,completed,H.264,1,1,24,24,0,0,0,3,0,0,0,1,37308,0,37308,0,37308,0,1,106.497,266,365,244,237,244,0,67.246,22.820,129.444,1,0,876,58,934,0,271,39,0.422,0.578,0.938,1.000,0.126,45.000,0.000,1.000,0.000,stable,1570,12621,0,0,914,11560,3077,29743,649,1025,7,36,29738,predicted-useful,likely-arrival,5140,0.667,348,934,0,2,0,0,0,26,26,26,26,345,5505,345,5505,0,0,0,pacing,1,0.826,6.462,114.462,0,0,26,26,0,0,0,0,2,4,4,0,896,2,2,sent,5533,3750,186,0,1,9500000,1200000,0,0,0,37327,37327,45813458,2293,2828205,1194,1478344,0,0,0,0,0,18.634,42.837,9570.062,4800.000,1914,67869,35008,15561,32861,17300,0.308,46.596,3.514,1914,6547555,9754151,1.959,8.368,0.509,14.211,67869,3077,929,29743,985,2084,8,307,306,587,55,94,1,23,32,0,0,0,0,0,0,0,0,0,0,250,2,1,0,4,6286,5095,5095,0,0,0,0,0,,disabled,,0,0,0,0,,1,Fixed Quality,Hybrid,85,30,9500,12000,640,360,H.264,480,270,518400,0,518400,28178,0.054,0.000,,0,0,0.000,4.992,0.000,4.269,0.697,7250,6750,6750,28,28,0,1,9500,1.000,0,18.634,0.000,0,0,0.000,0.000,0,0,0,0,0.000,1.000,0.000,1,0,0,disabled,0,0,0,177,417,177,200,40,333,333,4,5,async-output-pending,0,,0,0,0.000,0.000,0,,18.372,11641.812,39583.333,0.000,0,0,0,,47,0,0,0.000,1,0,0.685,0.192,0.492,0.000,0.000,0.000,0.000,0,0,1,1,1,0,0,1,1,0,0,0,1.000,0.000,0.000,30,0,0.000,0,0,0,0.000,0.000,0.000,0.000,0.000,0.000,0.000,0.000,20.954,0,0,0,0,0,0,0,0,0.000,0.000,0.000,0.000,0.000,0.000,0,0.407,22.776,915,922,4336,86.912,262.979,40.778,262.979,10771.685,283,1,H.264,104.430,0,0,261.920,263.091,1.000,223.859,103.357,arrival-gap-jitter-spike,36539.473,0,1,1,1,1,47311.158,501.666,502.691,510.560,510.560,0,0,13,0,0,10,0,,,140.959,169.397,1227,1,decoded,0,0,0,0,0,0,0,0,0,0,,102.908,0.000,105.695,0.000,0.000,0.000,134.010,stale-before-upload,0.001,1294,0.000,110.997,4.878,0.080,0.411,0.089,0.000,0.322,1,0,0,1,3,0.062,22.771,22.776,42.860,27.257,1.000,RecoveryDeadline,0,1,0,0.000,1,1,1,1,0.060,0.000,0.060,0,100,0,37374,35077,2250,0,2125
48.312,Custom_loss6_delay0-100_dup0_reorder6_burst0,Loopback,1,1,0,,,0.000,0,21,1323,18.121,19.467,15.425,101.307,102.431,44.870,61.024,36.674,0.062,0.260,35824,2387,33625,31238,4901,2868,378,1450,1203,247,205,0,31245,966,339,0,0,0,0,5.000,0,0,0,0,0,0,0,0,0,0,0,0,0,0,0,0.000,0.000,0.000,,942,942,4431,0,1,85.497,261.920,86.508,263.091,0.000,0.000,935,928,18559,1213,316,0,3147,5206,1324,1,fec-recovered,pending,H.264,1,1,24,19,5,4,3,3,9,41,0,0,38159,17,0,0,0,0,0,68.052,270,378,247,240,247,0,67.447,22.901,129.444,1,0,896,61,957,0,277,40,0.417,0.583,0.936,1.000,0.126,40.000,0.000,1.000,0.500,retransmit-late,1608,12896,0,0,934,11805,3147,30414,667,1055,7,36,30409,predicted-useful,likely-arrival,5255,0.667,355,957,0,2,0,0,0,26,26,26,26,352,5620,352,5620,0,0,0,pacing,1,0.815,9.241,117.241,0,0,26,26,0,0,0,0,2,4,4,0,896,2,2,sent,5648,3837,190,0,1,9500000,1200000,6,0,6,38190,38184,46863434,2346,2893561,1224,1515088,0,0,0,0,0,9.011,42.837,71.938,3481.650,1960,69445,35820,15842,33625,17783,0.307,24.953,0.000,1960,5670740,8914448,0.699,0.919,0.481,16.853,69445,3147,949,30414,1008,2131,8,315,314,602,58,100,2,23,35,0,0,0,0,0,0,0,0,0,0,255,2,1,0,4,6428,5206,5206,0,0,0,0,0,,disabled,,0,0,0,0,,1,Fixed Quality,Hybrid,85,30,9500,12000,640,360,H.264,480,270,518400,28176,518400,28176,0.054,0.000,,0,0,0.000,1.985,0.000,0.000,0.078,7250,6750,6750,28,28,0,1,9500,1.000,0,9.011,0.000,0,0,0.000,0.000,0,0,0,0,0.282,0.654,0.064,1,0,0,disabled,24,1,1,181,428,181,205,42,341,341,4,5,decoder-sync-observed,0,,0,0,0.183,23.727,0,,0.000,0.000,0.000,0.000,0,0,0,,48,0,0,6.096,0,1326,0.078,0.000,0.000,0.077,0.000,0.054,0.007,1,1,1,1,0,1,1,0,0,0,0,0,1.000,0.000,0.000,30,0,0.000,0,0,0,0.000,0.000,0.000,0.000,0.000,0.000,0.000,1.898,10.133,0,0,0,0,0,0,0,0,0.000,0.000,0.000,0.000,0.000,0.000,0,0.449,19.467,935,942,4431,86.731,262.979,40.778,262.979,10771.685,283,1,H.264,104.430,0,0,261.920,263.091,1.000,223.859,103.357,arrival-gap-jitter-spike,37540.019,0,1,1,1,1,48311.704,501.666,502.691,510.560,510.560,0,0,13,0,0,10,0,,,140.959,169.397,1227,1,decoded,0,0,0,0,0,0,0,0,0,0,,103.840,0.000,106.760,0.000,0.000,0.000,135.654,stale-before-upload,0.000,1323,0.000,112.803,5.564,0.077,0.351,0.062,0.000,0.289,1,0,0,1,3,0.062,18.121,19.467,36.674,15.425,1.000,RecoveryDeadline,0,1,0,1.333,3,4,4,1,0.060,0.000,0.060,0,100,0,38232,35877,2303,0,2164
49.316,Custom_loss6_delay0-100_dup0_reorder6_burst0,Loopback,1,1,0,,,0.000,0,21,1350,23.912,23.128,23.127,98.933,102.277,82.681,61.495,17.269,0.062,0.258,36532,2424,34273,31849,5003,2916,386,1492,1241,251,209,0,31856,989,344,0,0,0,0,5.000,0,0,0,0,0,0,0,0,0,0,0,0,0,0,0,0.000,0.000,0.000,,964,964,4521,0,1,23.601,261.920,24.550,263.091,0.000,0.000,957,949,18904,1240,320,0,3205,5299,1352,1,nack-sent,pending,H.264,1,1,22,9,13,2,0,1,0,13,0,0,38935,19,0,0,0,0,0,27.330,279,386,251,244,251,0,67.403,22.918,129.444,1,0,917,59,976,0,286,40,0.420,0.580,0.940,1.000,0.123,45.000,0.000,1.000,0.000,duplicate-guard,1637,13109,0,0,953,12000,3205,30939,677,1073,7,36,30933,predicted-useful,likely-arrival,5358,0.500,362,976,0,2,0,0,0,27,27,27,27,359,5723,359,5723,0,0,0,pacing,1,0.814,9.279,117.279,0,0,27,27,0,0,0,0,2,4,4,0,896,2,2,sent,5752,3908,194,0,1,9500000,1200000,4,0,4,38923,38919,47768943,2393,2951773,1248,1544984,0,0,0,0,0,5.792,42.837,1224.688,4800.000,1999,70795,36526,16103,34269,18166,0.306,10.541,3.956,1999,3689281,6566497,2.583,8.297,0.506,14.648,70795,3204,970,30926,1028,2168,8,319,318,611,58,100,2,23,35,0,0,0,0,0,0,0,0,0,0,259,2,1,0,4,6545,5299,5299,0,0,0,0,0,,disabled,,0,0,0,0,,1,Fixed Quality,Hybrid,85,30,9500,12000,640,360,H.264,480,270,518400,26094,518400,26094,0.050,0.000,,0,0,0.000,2.187,0.000,0.000,0.100,7000,6250,6250,29,29,0,1,9500,0.976,1,9.633,0.000,0,0,0.000,0.000,0,0,0,0,0.286,0.654,0.060,1,0,0,fixed-pacing-queue-hold,22,1,1,185,436,185,209,42,348,348,3,5,decoder-sync-observed,0,,0,0,14.969,21.974,0,,0.000,0.000,0.000,0.000,0,0,0,,49,0,0,5.878,0,1353,0.099,0.000,0.000,0.099,0.000,0.068,0.008,1,1,1,1,0,1,1,0,0,0,0,0,1.000,0.000,0.000,24,0,0.000,0,0,0,0.000,0.000,0.000,0.000,0.000,0.000,0.000,2.074,10.368,0,0,0,0,0,0,0,0,0.000,0.000,0.000,0.000,0.000,0.000,0,0.410,23.128,957,964,4521,24.705,262.979,40.778,262.979,10771.685,283,1,H.264,104.430,0,0,261.920,263.091,1.000,223.859,103.357,arrival-gap-jitter-spike,38544.628,0,1,1,1,1,49316.313,501.666,502.691,510.560,510.560,0,0,14,0,0,11,1,latency-pressure freshness,latency-over-80ms,132.475,169.397,1324,1,decoded,0,0,0,0,0,0,0,0,0,0,,99.955,0.000,102.677,0.000,0.000,0.000,129.466,stale-before-upload,0.001,1350,0.000,108.211,5.154,0.091,0.403,0.136,0.000,0.268,1,0,0,1,3,0.062,23.912,23.128,17.269,23.127,1.000,Loss,0,1,0,0.000,1,2,2,1,0.060,0.000,0.060,0,100,0,38968,36590,2331,0,2213
50.322,Custom_loss6_delay0-100_dup0_reorder6_burst0,Loopback,1,1,0,,,0.000,0,21,1377,22.208,19.316,19.482,101.257,102.245,98.715,62.287,11.686,0.062,0.259,37290,2474,34989,32515,5107,2981,390,1523,1268,255,213,0,32522,1009,352,0,0,0,0,5.000,0,0,0,0,0,0,0,0,0,0,0,0,0,0,0,0.000,0.000,0.000,,983,983,4617,0,1,32.298,261.920,33.343,263.091,0.000,0.000,976,968,19300,1264,327,0,3274,5414,1378,1,expired-no-slack,expired,H.264,0,1,23,20,3,5,4,3,4,16,0,0,39662,11,0,0,0,0,0,115.914,285,390,255,248,255,0,67.265,22.850,129.444,1,0,931,61,992,0,294,40,0.422,0.578,0.939,1.000,0.120,45.000,0.333,0.667,0.000,stable,1667,13365,0,0,973,12243,3274,31541,687,1086,7,36,31534,predicted-useful,fec-grace,5471,0.565,368,992,0,2,0,0,0,27,27,27,27,365,5811,365,5811,0,0,0,pacing,1,0.779,9.147,117.147,0,0,27,27,0,0,0,0,2,4,4,0,896,2,2,sent,5840,3992,198,0,1,9500000,1200000,20,0,20,39749,39729,48765971,2438,3007337,1272,1574880,0,0,0,0,0,0.448,42.837,92.438,4074.750,2041,72277,37288,16464,34989,18525,0.306,4.624,1.331,2041,4945959,8427329,1.051,9.845,0.493,9.737,72277,3274,990,31541,1051,2215,8,326,325,623,58,100,2,23,35,0,0,0,0,0,0,0,0,0,0,266,2,1,0,4,6686,5414,5414,0,0,0,0,0,,disabled,,0,0,0,0,,1,Fixed Quality,Hybrid,85,30,9500,12000,640,360,H.264,480,270,518400,27138,518400,27138,0.052,0.000,,0,0,0.000,2.006,0.000,0.000,0.102,7250,6500,6500,30,30,0,1,9500,1.000,0,14.651,0.000,0,0,0.000,0.000,0,0,0,0,0.287,0.651,0.061,1,0,0,disabled,23,0,0,189,445,189,213,43,355,355,0,5,large-au-observed,0,,0,0,26.410,22.853,0,,0.000,0.000,0.000,0.000,0,0,0,,50,0,0,4.614,0,1382,0.102,0.000,0.000,0.101,0.000,0.066,0.010,1,1,1,1,0,1,1,0,0,0,0,0,1.000,0.000,0.000,30,0,0.000,0,0,0,0.000,0.000,0.000,0.000,0.000,0.000,0.000,1.891,8.680,0,0,0,0,0,0,0,0,0.000,0.000,0.000,0.000,0.000,0.000,0,0.413,19.316,976,983,4617,33.309,262.979,40.778,262.979,10771.685,283,1,H.264,104.430,0,0,261.920,263.091,1.000,223.859,103.357,arrival-gap-jitter-spike,39550.554,0,1,1,1,1,50322.239,501.666,502.691,510.560,510.560,0,0,14,0,0,11,0,,,132.475,169.397,1324,1,decoded,0,0,0,0,0,0,0,0,0,0,,99.373,0.000,102.140,0.000,0.000,0.000,130.629,stale-before-upload,0.001,1377,0.000,107.223,4.661,0.089,0.264,0.009,0.000,0.256,1,0,0,1,3,0.062,22.208,19.316,11.686,19.482,2.000,RecoveryDeadline,0,1,0,0.000,1,1,1,1,0.060,0.000,0.060,0,100,0,39779,37346,2383,0,2251
51.332,Custom_loss6_delay0-100_dup0_reorder6_burst0,Loopback,1,1,0,,,0.000,0,21,1405,15.566,17.129,16.875,104.995,102.343,80.688,62.670,32.548,0.063,0.262,38093,2551,35768,33217,5199,3038,396,1549,1289,260,216,0,33224,1027,364,0,0,0,0,5.000,0,0,0,0,0,0,0,0,0,0,0,0,0,0,0,0.000,0.000,0.000,,999,999,4703,0,1,30.163,261.920,31.696,263.091,0.000,0.000,992,984,19698,1287,337,0,3345,5520,1410,1,nack-sent,pending,H.264,1,1,24,7,17,3,0,2,2,36,0,0,40616,23,0,0,0,0,0,46.982,290,396,260,253,260,0,67.247,22.610,129.444,1,0,947,64,1011,0,298,40,0.423,0.577,0.937,1.000,0.118,45.000,0.000,1.000,0.000,duplicate-guard,1707,13706,0,0,996,12557,3345,32232,704,1113,7,36,32225,predicted-useful,likely-arrival,5584,0.708,375,1011,0,3,0,0,0,28,28,28,28,373,5945,373,5945,0,0,0,pacing,1,0.805,7.042,115.042,0,0,28,28,0,0,0,0,2,4,4,0,896,2,2,sent,5976,4079,202,0,1,9500000,1200000,0,0,0,40605,40605,49839947,2487,3067719,1299,1607886,0,0,0,0,0,15.400,42.837,5780.750,3277.500,2085,73832,38085,16798,35747,18949,0.306,26.068,0.117,2085,5371259,8829893,1.050,4.270,0.439,18.454,73832,3344,1008,32215,1068,2268,8,336,335,637,58,100,2,23,35,0,0,0,0,0,0,0,0,0,0,276,2,1,0,4,6823,5520,5520,0,0,0,0,0,,disabled,,0,0,0,0,,1,Fixed Quality,Hybrid,85,30,9500,12000,640,360,H.264,480,270,518400,28178,518400,28178,0.054,0.000,,0,0,0.000,2.905,0.000,0.000,0.082,7250,6750,6750,31,31,0,1,9500,1.000,0,15.400,0.000,0,0,0.000,0.000,0,0,0,0,1.000,0.000,0.000,1,0,0,disabled,24,1,1,193,452,193,216,43,361,361,3,5,decoder-sync-observed,0,,0,0,17.938,23.729,0,,0.000,0.000,0.000,0.000,0,0,0,,51,0,0,4.295,0,1411,0.082,0.000,0.000,0.081,0.000,0.052,0.009,1,1,1,1,0,1,1,0,0,0,0,0,1.000,0.000,0.000,30,0,0.000,0,0,0,0.000,0.000,0.000,0.000,0.000,0.000,0.000,2.811,9.982,0,0,0,0,0,0,0,0,0.000,0.000,0.000,0.000,0.000,0.000,0,0.440,17.129,992,999,4703,32.038,262.979,40.778,262.979,10771.685,283,1,H.264,104.430,0,0,261.920,263.091,1.000,223.859,103.357,arrival-gap-jitter-spike,40560.251,0,1,1,1,1,51331.936,501.666,502.691,510.560,510.560,0,0,14,0,0,11,0,,,132.475,169.397,1324,1,decoded,0,0,0,0,0,0,0,0,0,0,,102.924,0.000,106.219,0.000,0.000,0.000,132.498,stale-before-upload,0.001,1405,0.000,112.477,5.803,0.094,0.379,0.001,0.000,0.378,1,0,0,1,3,0.063,15.566,17.129,32.548,16.875,1.000,RecoveryDeadline,0,1,0,1.000,0,1,1,1,0.060,0.000,0.060,0,100,0,40656,38153,2445,0,2302
52.338,Custom_loss6_delay0-100_dup0_reorder6_burst0,Loopback,1,1,0,,,0.000,0,21,1437,21.392,19.980,16.495,96.605,102.274,54.704,62.508,10.264,0.063,0.262,38833,2589,36453,33864,5296,3095,403,1578,1313,265,220,0,33871,1048,372,0,0,0,0,5.000,0,0,0,0,0,0,0,0,0,0,0,0,0,0,0,0.000,0.000,0.000,,1020,1020,4793,0,1,35.317,261.920,36.482,263.091,0.000,0.000,1013,1004,20078,1313,345,0,3407,5628,1439,1,fec-parity,pending,H.264,1,1,22,7,15,2,0,1,2,17,0,1,41406,2,41406,2,0,0,0,34.903,292,403,265,258,265,0,67.329,22.460,129.444,1,0,961,63,1024,0,304,40,0.420,0.580,0.938,1.000,0.116,44.000,0.000,1.000,0.000,insufficient-sample,1740,13988,0,0,1018,12821,3407,32802,715,1131,7,36,32793,predicted-useful,fec-grace,5691,0.182,380,1024,0,3,0,0,0,28,28,28,28,378,6027,378,6027,0,0,0,pacing,1,0.802,7.973,115.973,0,0,28,28,0,0,0,0,2,4,4,0,896,2,2,sent,6058,4160,206,0,1,9500000,1200000,1,0,1,41384,41383,50794853,2528,3118467,1324,1638730,0,0,0,0,0,8.695,42.837,1157.438,4642.050,2125,75265,38828,17102,36437,19335,0.306,17.499,1.654,2125,5022199,8020334,1.222,-1.781,0.449,14.038,75265,3407,1027,32802,1080,2319,8,344,343,652,59,101,1,24,35,0,0,0,0,0,0,0,0,0,0,283,2,1,0,4,6957,5628,5628,0,0,0,0,0,,disabled,,0,0,0,0,,1,Fixed Quality,Hybrid,85,30,9500,12000,640,360,H.264,480,270,518400,26096,518400,26096,0.050,0.000,,0,0,0.000,1.935,0.000,0.000,0.065,6250,6250,6250,32,32,0,1,9500,0.880,1,8.695,0.000,0,0,0.000,0.000,0,0,0,0,0.285,0.653,0.062,1,0,0,latency-pressure-freshness-hold,22,1,1,197,458,197,217,44,365,365,2,5,decoder-sync-observed,0,,0,0,0.118,21.976,0,,0.000,0.000,0.000,0.000,0,0,0,,52,0,0,6.414,0,1440,0.064,0.000,0.000,0.064,0.000,0.044,0.006,1,1,1,1,0,1,1,0,0,0,0,0,1.000,0.000,0.000,27,0,0.000,0,0,0,0.000,0.000,0.000,0.000,0.000,0.000,0.000,1.839,10.433,0,0,0,0,0,0,0,0,0.000,0.000,0.000,0.000,0.000,0.000,0,0.464,19.980,1013,1020,4793,36.262,262.979,40.778,262.979,10771.685,283,1,H.264,104.430,0,0,261.920,263.091,1.000,223.859,103.357,arrival-gap-jitter-spike,41566.281,0,1,1,1,1,52337.966,501.666,502.691,510.560,510.560,0,0,15,0,0,12,1,latency-pressure freshness,latency-over-80ms,135.866,169.397,1422,1,decoded,0,0,0,0,0,0,0,0,0,0,,97.953,0.000,100.617,0.000,0.000,0.000,128.303,stale-before-upload,0.001,1437,0.000,105.129,4.293,0.089,0.292,0.000,0.000,0.292,1,0,0,1,3,0.063,21.392,19.980,10.264,16.495,1.000,RecoveryDeadline,0,1,0,0.000,2,2,2,1,0.060,0.000,0.060,0,100,0,41435,38890,2493,0,2340
53.339,Custom_loss6_delay0-100_dup0_reorder6_burst0,Loopback,1,1,0,,,0.000,0,21,1463,18.384,18.176,17.690,103.700,102.329,49.251,62.242,24.801,0.063,0.261,39570,2643,37156,34513,5393,3162,403,1603,1334,269,225,0,34520,1068,378,0,0,0,0,5.000,0,0,0,0,0,0,0,0,0,0,0,0,0,0,0,0.000,0.000,0.000,,1040,1040,4879,0,1,27.933,261.920,29.594,263.091,0.000,0.000,1033,1024,20494,1337,351,0,3480,5746,1467,1,fec-parity,pending,H.264,1,1,23,1,22,1,0,0,0,0,0,0,42205,15,0,0,0,0,0,6.251,298,403,269,262,269,0,67.236,22.379,129.444,1,0,971,65,1036,0,309,40,0.425,0.575,0.937,1.000,0.115,42.000,0.667,0.333,0.000,stable,1780,14263,0,0,1039,13066,3480,33390,734,1161,7,36,33381,predicted-useful,fec-grace,5810,0.478,384,1036,0,3,0,0,0,28,28,28,28,382,6077,382,6077,0,0,0,pacing,1,0.740,6.675,114.675,0,0,28,28,0,0,0,0,2,4,4,0,896,2,2,sent,6108,4250,210,0,1,9500000,1200000,0,0,0,42166,42166,51760015,2569,3169055,1350,1671114,0,0,0,0,0,18.142,42.837,10080.125,4800.000,2167,76721,39565,17404,37156,19752,0.305,13.165,0.686,2167,6314532,11045493,1.339,-5.453,0.524,10.815,76721,3480,1047,33390,1099,2373,8,350,349,663,59,101,1,24,35,0,0,0,0,0,0,0,0,0,0,289,2,1,0,4,7106,5746,5746,0,0,0,0,0,,disabled,,0,0,0,0,,1,Fixed Quality,Hybrid,85,30,9500,12000,640,360,H.264,480,270,518400,0,518400,27136,0.052,0.000,,0,0,0.000,4.935,0.000,4.260,0.634,7250,6500,6500,33,33,0,1,9500,1.000,0,18.142,0.000,0,0,0.000,0.000,0,0,0,0,0.288,0.650,0.063,1,0,0,disabled,0,0,0,201,467,201,221,45,371,371,2,5,async-output-pending,0,,0,0,0.000,0.000,0,,18.142,10080.125,39583.333,0.000,0,0,0,,53,0,0,0.000,1,0,0.625,0.167,0.456,0.000,0.000,0.000,0.000,0,0,1,1,1,0,0,1,1,0,0,0,1.000,0.000,0.000,30,0,0.000,0,0,0,0.000,0.000,0.000,0.000,0.000,0.000,0.000,0.000,20.539,0,0,0,0,0,0,0,0,0.000,0.000,0.000,0.000,0.000,0.000,0,0.424,18.176,1033,1040,4879,29.001,262.979,40.778,262.979,10771.685,283,1,H.264,104.430,0,0,261.920,263.091,1.000,223.859,103.357,arrival-gap-jitter-spike,42567.744,0,1,1,1,1,53339.429,501.666,502.691,510.560,510.560,0,0,15,0,0,12,0,,,135.866,169.397,1422,1,decoded,0,0,0,0,0,0,0,0,0,0,,107.440,0.000,110.201,0.000,0.000,0.000,131.850,stale-before-upload,0.001,1463,0.000,116.193,5.562,0.084,0.249,0.001,0.000,0.248,1,0,0,1,3,0.063,18.384,18.176,24.801,17.690,1.000,RecoveryDeadline,0,1,0,0.000,2,2,2,1,0.060,0.000,0.060,0,100,0,42219,39633,2541,0,2391
54.340,Custom_loss6_delay0-100_dup0_reorder6_burst0,Loopback,1,1,0,,,0.000,0,21,1493,19.323,21.475,20.591,110.451,102.275,49.251,62.242,86.883,0.062,0.261,40357,2667,37875,35208,5511,3228,408,1648,1376,272,227,0,35215,1090,385,0,0,0,0,5.000,0,0,0,0,0,0,0,0,0,0,0,0,0,0,0,0.000,0.000,0.000,,1062,1062,4971,0,1,122.830,261.920,124.294,263.091,0.000,0.000,1055,1046,20919,1362,358,0,3541,5879,1495,1,fec-recovered,pending,H.264,0,1,24,13,11,4,1,0,0,0,0,0,43018,22,0,0,0,0,0,35.391,302,408,272,265,272,0,67.273,22.314,129.444,1,0,983,64,1047,0,314,41,0.425,0.575,0.939,1.000,0.115,39.000,0.000,1.000,0.333,retransmit-late,1821,14594,0,0,1062,13367,3541,33948,752,1191,7,36,33938,predicted-useful,fec-grace,5922,0.333,389,1047,0,3,0,0,0,28,28,28,28,387,6159,387,6159,0,0,0,pacing,1,0.785,7.589,115.589,0,0,28,28,0,0,0,0,2,4,4,0,896,2,2,sent,6190,4331,214,0,1,9500000,1200000,0,0,0,42972,42972,52749811,2580,3182739,1350,1671114,0,0,0,0,0,13.570,42.837,4321.312,4800.000,2210,78205,40330,17688,37875,20187,0.305,24.796,2.305,2210,5508953,8600682,1.747,-5.453,0.517,13.426,78205,3541,1069,33948,1112,2421,8,357,356,674,60,103,2,24,36,0,0,0,0,0,0,0,0,0,0,295,2,1,0,4,7255,5879,5879,0,0,0,0,0,,disabled,,0,0,0,0,,1,Fixed Quality,Hybrid,85,30,9500,12000,640,360,H.264,480,270,518400,0,518400,28178,0.054,0.000,,0,0,0.000,3.201,0.000,0.000,0.148,7250,6750,6750,34,34,0,1,9500,1.000,0,13.570,0.000,0,0,0.000,0.000,0,0,0,0,0.288,0.650,0.061,1,0,0,disabled,0,0,0,204,471,204,222,45,374,374,0,5,async-output-pending,0,,0,0,0.000,0.000,0,,0.000,0.000,0.000,0.000,0,0,0,,53,0,0,10.252,0,1496,0.148,0.000,0.000,0.147,0.000,0.091,0.013,1,1,1,1,0,1,1,0,1,0,0,0,1.000,0.000,0.000,30,0,0.000,0,0,0,0.000,0.000,0.000,0.000,0.000,0.000,0.000,0.000,20.232,0,0,0,0,0,0,0,0,0.000,0.000,0.000,0.000,0.000,0.000,0,0.444,21.475,1055,1062,4971,124.316,262.979,40.778,262.979,10771.685,283,1,H.264,104.430,0,0,261.920,263.091,1.000,223.859,103.357,arrival-gap-jitter-spike,43568.391,0,1,1,1,1,54340.076,501.666,502.691,510.560,510.560,0,0,15,0,0,12,0,,,135.866,169.397,1422,1,decoded,0,0,0,0,0,0,0,0,0,0,,103.034,0.000,106.149,0.000,0.000,0.000,140.226,stale-before-upload,0.001,1493,0.000,113.732,7.132,0.108,0.488,0.001,0.000,0.487,1,0,0,1,3,0.062,19.323,21.475,86.883,20.591,2.000,RecoveryDeadline,0,1,0,0.000,4,2,2,1,0.060,0.000,0.060,0,100,0,43026,40420,2586,0,2428
55.347,Custom_loss6_delay0-100_dup0_reorder6_burst0,Loopback,1,1,0,,,0.000,0,21,1523,25.573,25.884,26.171,102.144,102.321,58.021,62.160,4.623,0.062,0.257,41213,2722,38673,35951,5618,3290,416,1685,1411,274,227,0,35958,1117,387,0,0,0,0,5.000,0,0,0,0,0,0,0,0,0,0,0,0,0,0,0,0.000,0.000,0.000,,1089,1089,5058,0,1,42.590,261.920,43.727,263.091,0.000,0.000,1082,1073,21329,1391,360,0,3611,5998,1525,1,nack-sent,pending,H.264,0,1,24,11,13,4,1,1,0,13,0,0,43893,13,0,0,0,0,0,53.866,305,416,274,267,274,0,67.269,22.406,129.444,1,0,996,64,1060,0,319,41,0.423,0.577,0.940,1.000,0.114,45.000,0.250,0.750,0.000,duplicate-guard,1856,14915,0,0,1085,13669,3611,34586,764,1210,7,36,34575,predicted-useful,fec-grace,6043,0.167,394,1060,0,3,0,0,0,28,28,28,28,392,6244,392,6244,0,0,0,pacing,1,0.816,6.196,114.196,0,0,28,28,0,0,0,0,2,4,4,0,896,2,2,sent,6275,4420,217,0,1,9500000,1200000,0,0,0,43885,43885,53868351,2623,3235657,1378,1705364,0,0,0,0,0,21.045,42.837,6171.438,4800.000,2258,79870,41203,18012,38667,20655,0.304,37.260,0.000,2258,5703634,9245749,0.870,8.770,0.490,22.559,79870,3610,1096,34573,1129,2473,8,359,358,677,60,103,2,24,36,0,0,0,0,0,0,0,0,0,0,297,2,1,0,4,7399,5998,5998,0,0,0,0,0,,disabled,,0,0,0,0,,1,Fixed Quality,Hybrid,85,30,9500,12000,640,360,H.264,480,270,518400,0,518400,28178,0.054,0.000,,0,0,0.000,5.432,0.000,4.463,0.709,7250,6750,6750,34,34,0,1,9500,1.000,0,21.045,0.000,0,0,0.000,0.000,0,0,0,0,0.288,0.652,0.060,1,0,0,disabled,0,0,0,208,480,208,225,47,380,380,0,5,async-output-pending,0,,0,0,0.000,0.000,0,,0.000,0.000,0.000,0.000,0,0,0,,54,0,0,0.000,1,0,0.699,0.194,0.503,0.000,0.000,0.000,0.000,0,0,1,1,1,0,0,1,1,0,1,0,0.860,169.310,0.000,26,0,0.000,0,0,0,0.000,0.000,0.000,0.000,0.000,0.000,0.000,0.000,14.778,0,0,0,0,0,0,0,0,0.000,0.000,0.000,0.000,0.000,0.000,0,0.429,25.884,1082,1089,5058,43.819,262.979,40.778,262.979,10771.685,283,1,H.264,104.430,0,0,261.920,263.091,1.000,223.859,103.357,arrival-gap-jitter-spike,44575.239,0,1,1,1,1,55346.924,501.666,502.691,510.560,510.560,0,0,15,0,0,12,0,,,135.866,169.397,1422,1,decoded,0,0,0,0,0,0,0,0,0,0,,103.675,0.000,106.626,0.000,0.000,0.000,131.072,stale-before-upload,0.001,1523,0.000,112.329,5.268,0.084,0.350,0.001,0.000,0.349,1,0,0,1,3,0.062,25.573,25.884,4.623,26.171,1.000,RecoveryDeadline,0,1,0,2.000,1,2,2,1,0.060,0.000,0.060,0,100,0,43940,41280,2626,0,2476
56.349,Custom_loss6_delay0-100_dup0_reorder6_burst0,Loopback,1,1,0,,,0.000,0,21,1551,22.688,22.602,22.209,107.309,102.363,32.367,61.587,7.161,0.062,0.256,42045,2767,39442,36675,5731,3360,426,1716,1440,276,229,0,36682,1140,392,0,0,0,0,5.000,0,0,0,0,0,0,0,0,0,0,0,0,0,0,0,0.000,0.000,0.000,,1112,1112,5151,0,1,50.047,261.920,51.237,263.091,0.000,0.000,1105,1096,21747,1416,365,0,3675,6120,1553,1,fec-recovered,pending,H.264,0,1,24,20,4,4,3,1,2,8,0,0,44738,0,0,0,0,0,0,67.991,309,426,276,269,276,0,67.383,22.339,129.444,1,0,1012,65,1077,0,323,41,0.420,0.580,0.940,1.000,0.113,45.000,0.250,0.750,0.000,duplicate-guard,1898,15231,0,0,1108,13958,3675,35200,783,1237,7,36,35188,deferred-likely-arrival,likely-arrival,6156,0.333,401,1077,0,3,0,0,0,28,28,28,28,399,6371,399,6371,0,0,0,pacing,1,0.856,8.197,116.197,0,0,28,28,0,0,0,0,2,4,4,0,896,2,2,sent,6402,4500,220,0,1,9500000,1200000,6,0,6,44772,44766,54947609,2670,3293551,1404,1737126,0,0,0,0,0,15.284,42.837,67.562,4800.000,2303,81485,42043,18428,39442,21014,0.305,8.281,0.076,2303,6122225,9658009,0.679,1.885,0.480,9.491,81485,3675,1119,35200,1144,2523,8,364,363,684,60,103,2,24,36,0,0,0,0,0,0,0,0,0,0,302,2,1,0,4,7545,6120,6120,0,0,0,0,0,,disabled,,0,0,0,0,,1,Fixed Quality,Hybrid,85,30,9500,12000,640,360,H.264,480,270,518400,28178,518400,28178,0.054,0.000,,0,0,0.000,1.907,0.000,0.000,0.080,7250,6750,6750,34,34,0,1,9500,1.000,0,15.284,0.000,0,0,0.000,0.000,0,0,0,0,0.287,0.653,0.060,1,0,0,disabled,24,0,0,211,486,211,228,47,385,385,0,5,large-au-observed,0,,0,0,18.417,23.729,0,,0.000,0.000,0.000,0.000,0,0,0,,55,0,0,6.395,0,1555,0.079,0.000,0.000,0.079,0.000,0.053,0.009,1,1,1,1,0,1,1,0,0,0,0,0,1.000,0.000,0.000,30,0,0.000,0,0,0,0.000,0.000,0.000,0.000,0.000,0.000,0.000,1.811,10.413,0,0,0,0,0,0,0,0,0.000,0.000,0.000,0.000,0.000,0.000,0,0.454,22.601,1105,1112,5151,51.011,262.979,40.778,262.979,10771.685,283,1,H.264,104.430,0,0,261.920,263.091,1.000,223.859,103.357,arrival-gap-jitter-spike,45577.184,0,1,1,1,1,56348.869,501.666,502.691,510.560,510.560,0,0,15,0,0,12,0,,,135.866,169.397,1422,1,decoded,0,0,0,0,0,0,0,0,0,0,,104.299,0.000,107.228,0.000,0.000,0.000,133.654,stale-before-upload,0.001,1551,0.000,113.139,5.452,0.082,0.261,0.001,0.000,0.260,1,0,0,1,3,0.062,22.688,22.602,7.161,22.209,1.000,Loss,0,1,0,1.000,1,1,1,1,0.060,0.000,0.060,0,100,0,44822,42108,2664,0,2523
57.360,Custom_loss6_delay0-100_dup0_reorder6_burst0,Loopback,1,1,0,,,0.000,0,21,1580,17.420,20.852,17.234,110.745,102.400,7.119,60.559,33.282,0.062,0.257,42794,2807,40130,37323,5819,3413,433,1740,1462,278,233,0,37330,1158,401,0,0,0,0,5.000,0,0,0,0,0,0,0,0,0,0,0,0,0,0,0,0.000,0.000,0.000,,1130,1130,5247,0,1,22.856,261.920,24.123,263.091,0.000,0.000,1123,1114,22131,1436,374,0,3742,6225,1582,1,nack-sent,pending,H.264,0,1,24,11,13,3,0,1,0,13,1,0,45577,14,45593,0,0,0,0,58.487,314,433,278,271,278,0,67.386,22.276,129.444,1,0,1026,66,1092,0,325,42,0.420,0.580,0.940,1.000,0.114,43.000,0.000,1.000,0.000,duplicate-guard,1934,15545,0,0,1130,14249,3742,35910,797,1260,7,36,35897,predicted-useful,fec-grace,6267,0.125,408,1092,0,3,0,0,0,28,28,28,28,406,6496,406,6496,0,0,0,pacing,1,0.845,8.498,116.498,0,0,28,28,0,0,0,0,2,4,4,0,896,2,2,sent,6527,4585,224,0,1,9500000,1200000,0,0,0,45567,45567,55929165,2715,3348957,1429,1768274,0,0,0,0,0,12.918,42.837,2942.250,4800.000,2343,82902,42780,18711,40122,21411,0.304,51.259,0.000,2343,4473787,7363754,0.731,-3.541,0.470,19.969,82902,3741,1137,35897,1159,2574,8,373,372,701,62,108,3,24,38,0,0,0,0,0,0,0,0,0,0,309,2,1,0,4,7680,6225,6225,0,0,0,0,0,,disabled,,0,0,0,0,,1,Fixed Quality,Hybrid,85,30,9500,12000,640,360,H.264,480,270,518400,0,518400,28176,0.054,0.000,,0,0,0.000,7.379,0.000,6.361,0.974,7250,6750,6750,34,34,0,1,9500,1.000,0,12.918,0.000,0,0,0.000,0.000,0,0,0,0,0.288,0.652,0.060,1,0,0,disabled,0,0,0,213,494,213,232,49,390,390,0,5,async-output-pending,0,,0,0,0.000,0.000,0,,13.002,12963.750,39583.333,0.000,0,0,0,,56,0,0,0.000,1,0,0.957,0.258,0.696,0.000,0.000,0.000,0.000,0,0,1,1,1,0,0,1,1,0,0,0,1.000,0.000,0.000,30,0,0.000,0,0,0,0.000,0.000,0.000,0.000,0.000,0.000,0.000,0.000,16.565,0,0,0,0,0,0,0,0,0.000,0.000,0.000,0.000,0.000,0.000,0,0.524,20.852,1123,1130,5247,24.511,262.979,40.778,262.979,10771.685,283,1,H.264,104.430,0,0,261.920,263.091,1.000,223.859,103.357,arrival-gap-jitter-spike,46588.973,0,1,1,1,1,57360.658,501.666,502.691,510.560,510.560,0,0,15,0,0,12,0,,,135.866,169.397,1422,1,decoded,0,0,0,0,0,0,0,0,0,0,,107.232,0.000,110.403,0.000,0.000,0.000,135.373,stale-before-upload,0.001,1580,0.000,116.617,5.679,0.100,0.384,0.001,0.000,0.383,1,0,0,1,3,0.062,17.420,20.852,33.282,17.234,1.000,RecoveryDeadline,0,1,0,0.333,3,1,1,1,0.060,0.000,0.060,0,100,0,45624,42862,2719,0,2575
58.365,Custom_loss6_delay0-100_dup0_reorder6_burst0,Loopback,1,1,0,,,0.000,0,21,1610,25.220,27.050,23.913,113.482,102.443,33.739,60.062,44.794,0.062,0.256,43610,2875,40920,38045,5910,3468,435,1772,1491,281,235,0,38052,1182,406,0,0,0,0,5.000,0,0,0,0,0,0,0,0,0,0,0,0,0,0,0,0.000,0.000,0.000,,1154,1154,5340,0,1,83.226,261.920,84.445,263.091,0.000,0.000,1147,1138,22517,1463,379,0,3813,6339,1612,1,nack-sent,pending,H.264,0,1,24,9,15,0,0,1,0,15,0,0,46461,20,0,0,0,0,0,40.551,315,435,281,274,281,0,67.196,22.468,129.444,1,0,1032,66,1098,0,327,42,0.420,0.580,0.940,1.000,0.114,39.000,0.000,1.000,0.000,insufficient-sample,1967,15894,0,0,1154,14586,3813,36595,806,1272,7,36,36582,predicted-useful,fec-grace,6386,0.250,410,1098,0,3,0,0,0,28,28,28,28,408,6525,408,6525,0,0,0,pacing,1,0.806,8.768,116.768,0,0,28,28,0,0,0,0,2,4,4,0,896,2,2,sent,6556,4676,228,0,1,9500000,1200000,1,0,1,46443,46442,57000999,2751,3393167,1454,1798784,0,0,0,0,0,9.657,42.837,226.812,4800.000,2387,84526,43606,19051,40920,21869,0.304,30.581,0.034,2387,4818250,7919673,1.198,26.620,0.506,15.428,84526,3812,1161,36580,1171,2633,8,378,377,709,62,108,3,24,38,0,0,0,0,0,0,0,0,0,0,314,2,1,0,4,7813,6339,6339,0,0,0,0,0,,disabled,,0,0,0,0,,1,Fixed Quality,Hybrid,85,30,9500,12000,640,360,H.264,480,270,518400,28176,518400,28176,0.054,0.000,,0,0,0.000,2.047,0.000,0.000,0.065,7250,6750,6750,34,34,0,1,9500,1.000,0,10.188,0.000,0,0,0.000,0.000,0,0,0,0,0.287,0.653,0.060,1,0,0,disabled,24,0,0,215,499,215,235,49,394,394,0,5,large-au-observed,0,,0,0,15.083,23.727,0,,0.000,0.000,0.000,0.000,0,0,0,,57,0,0,4.876,0,1613,0.065,0.000,0.000,0.065,0.000,0.043,0.008,1,1,1,1,0,1,1,0,0,0,0,0,1.000,0.000,0.000,30,0,0.000,0,0,0,0.000,0.000,0.000,0.000,0.000,0.000,0.000,1.974,9.813,0,0,0,0,0,0,0,0,0.000,0.000,0.000,0.000,0.000,0.000,0,0.417,27.050,1147,1154,5340,84.185,262.979,40.778,262.979,10771.685,283,1,H.264,104.430,0,0,261.920,263.091,1.000,223.859,103.357,arrival-gap-jitter-spike,47593.856,0,1,1,1,1,58365.541,501.666,502.691,510.560,510.560,0,0,15,0,0,12,0,,,135.866,169.397,1422,1,decoded,0,0,0,0,0,0,0,0,0,0,,103.823,0.000,106.996,0.000,0.000,0.000,141.741,stale-before-upload,0.001,1610,0.000,113.037,5.616,0.080,0.244,0.001,0.000,0.244,1,0,0,1,3,0.062,25.220,27.050,44.794,23.913,1.000,RecoveryDeadline,0,1,0,0.000,1,1,1,1,0.060,0.000,0.060,0,100,0,46500,43681,2764,0,2611
59.369,Custom_loss6_delay0-100_dup0_reorder6_burst0,Loopback,1,1,0,,,0.000,0,21,1639,21.247,17.909,17.080,98.447,102.476,48.093,59.845,44.678,0.062,0.258,44440,2925,41704,38779,6014,3536,437,1796,1510,286,245,0,38786,1200,417,0,0,0,0,5.000,0,0,0,0,0,0,0,0,0,0,0,0,0,0,0,0.000,0.000,0.000,,1172,1172,5431,0,1,90.421,261.920,91.742,263.091,0.000,0.000,1165,1156,22939,1486,390,0,3887,6450,1641,1,fec-recovered,pending,H.264,0,1,24,11,13,1,1,0,0,0,0,0,47329,7,0,0,0,0,0,34.683,317,437,286,279,286,0,67.201,22.856,129.444,1,0,1041,67,1108,0,331,42,0.420,0.580,0.940,1.000,0.113,42.000,0.000,1.000,0.000,stable,2014,16257,0,0,1178,14907,3887,37248,829,1314,7,36,37234,predicted-useful,fec-grace,6504,0.500,414,1108,0,3,0,0,0,28,28,28,28,412,6589,412,6589,0,0,0,pacing,1,0.798,7.749,115.749,0,0,28,28,0,0,0,0,2,4,4,0,896,2,2,sent,6620,4772,232,0,1,9500000,1200000,7,0,7,47323,47316,58072181,2791,3442353,1479,1829932,0,0,0,0,0,4.055,42.837,406.938,4800.000,2432,86106,44423,19407,41683,22276,0.304,10.433,0.073,2432,5357596,8864439,1.368,24.167,0.477,11.708,86106,3887,1179,37248,1186,2693,8,389,388,732,63,112,4,24,39,0,0,0,0,0,0,0,0,0,0,324,2,1,0,4,7965,6450,6450,0,0,0,0,0,,disabled,,0,0,0,0,,1,Fixed Quality,Hybrid,85,30,9500,12000,640,360,H.264,480,270,518400,0,518400,28178,0.054,0.000,,0,0,0.000,4.961,0.000,4.272,0.668,6000,6250,6250,35,35,0,1,9500,0.820,1,31.863,0.000,0,0,0.000,0.000,0,0,0,0,0.286,0.653,0.060,1,0,0,fixed-pacing-queue-hold,0,0,0,217,505,217,237,51,399,399,0,5,async-output-pending,0,,0,0,0.000,0.000,0,,4.048,1436.000,49479.167,0.000,0,0,0,,58,0,0,0.000,1,0,0.659,0.167,0.491,0.000,0.000,0.000,0.000,0,0,1,1,1,0,0,1,1,0,0,0,1.000,0.000,0.000,24,0,0.000,0,0,0,0.000,0.000,0.000,0.000,0.000,0.000,0.000,0.000,7.738,0,0,0,0,0,0,0,0,0.000,0.000,0.000,0.000,0.000,0.000,0,0.419,17.909,1165,1172,5431,91.470,262.979,40.778,262.979,10771.685,283,1,H.264,104.430,0,0,261.920,263.091,1.000,223.859,103.357,arrival-gap-jitter-spike,48597.376,0,1,1,1,1,59369.061,501.666,502.691,510.560,510.560,0,0,15,0,0,12,0,,,135.866,169.397,1422,1,decoded,0,0,0,0,0,0,0,0,0,0,,103.912,0.000,107.086,0.000,0.000,0.000,134.224,stale-before-upload,0.001,1639,0.000,113.685,6.166,0.098,0.312,0.001,0.000,0.311,1,0,0,1,3,0.062,21.247,17.909,44.678,17.080,1.000,Jitter,0,1,0,1.000,0,1,1,1,0.060,0.000,0.060,0,100,0,47375,44514,2818,0,2671
60.372,Custom_loss6_delay0-100_dup0_reorder6_burst0,Loopback,1,1,0,,,0.000,0,21,1664,22.528,21.951,19.672,94.408,102.416,29.674,59.306,14.071,0.061,0.256,45079,2943,42281,39338,6106,3595,440,1825,1532,293,246,0,39345,1222,421,0,0,0,0,5.000,0,0,0,0,0,0,0,0,0,0,0,0,0,0,0,0.000,0.000,0.000,,1193,1193,5521,0,1,28.923,261.920,30.319,263.091,0.000,0.000,1186,1177,23288,1515,393,0,3942,6546,1666,1,retransmit-arrived,pending,H.264,0,1,22,7,15,1,0,0,0,0,1,0,48023,0,48023,0,48023,0,1,29.593,323,440,293,285,293,0,67.289,23.031,129.444,1,0,1057,67,1124,0,343,42,0.423,0.577,0.940,1.000,0.109,45.000,0.200,0.800,0.000,duplicate-guard,2052,16515,0,0,1199,15138,3942,37653,846,1341,7,36,37639,predicted-useful,fec-grace,6603,0.773,420,1124,0,3,0,0,0,30,30,30,30,418,6665,417,6664,0,0,0,pacing,1,0.809,9.985,117.985,0,0,29,29,1,1,0,0,2,4,4,0,896,2,2,sent,6698,4842,236,0,1,9500000,1200000,0,0,0,47964,47964,58871477,2813,3469449,1483,1834916,0,0,0,0,0,16.195,42.837,9621.562,3566.500,2467,87338,45064,19659,42274,22615,0.304,3.623,1.693,2467,4198818,6872324,1.631,15.650,0.490,12.850,87338,3942,1201,37653,1197,2736,9,392,391,737,63,112,4,24,39,0,0,0,0,0,0,0,0,0,0,327,2,1,0,4,8084,6546,6546,0,0,0,0,0,,disabled,,0,0,0,0,,1,Fixed Quality,Hybrid,85,30,9500,12000,640,360,H.264,480,270,518400,0,518400,26096,0.050,0.000,,0,0,0.000,6.491,0.000,5.677,0.776,6250,6250,6250,35,35,0,1,9500,0.874,1,16.195,0.000,0,0,0.000,0.000,0,0,0,0,0.286,0.653,0.060,1,0,0,fixed-pacing-queue-hold,0,0,0,219,509,219,239,51,403,403,0,5,async-output-pending,0,,0,0,0.000,0.000,0,,16.195,9621.562,49479.167,0.000,0,0,0,,59,0,0,0.000,1,0,0.762,0.204,0.556,0.000,0.000,0.000,0.000,0,0,1,1,1,0,0,1,1,0,0,0,1.000,0.000,0.000,24,0,0.000,0,0,0,0.000,0.000,0.000,0.000,0.000,0.000,0.000,0.000,30.975,0,0,0,0,0,0,0,0,0.000,0.000,0.000,0.000,0.000,0.000,0,0.457,21.951,1186,1193,5521,30.255,262.979,40.778,262.979,10771.685,283,1,H.264,104.430,0,0,261.920,263.091,1.000,223.859,103.357,arrival-gap-jitter-spike,49600.880,0,1,1,1,1,60372.565,501.666,502.691,510.560,510.560,0,0,15,0,0,12,0,,,135.866,169.397,1422,1,decoded,0,0,0,0,0,0,0,0,0,0,,100.471,0.000,103.313,0.000,0.000,0.000,127.204,stale-before-upload,0.001,1664,0.000,108.699,4.920,0.091,0.400,0.022,0.000,0.378,1,0,0,1,3,0.061,22.528,21.951,14.071,19.672,1.000,Loss,0,1,0,0.000,1,2,2,1,0.060,0.000,0.060,0,100,0,48024,45150,2845,0,2710
