timeSec,scenarioName,networkRuntimeMode,networkModeSendingEnabled,networkModeReceivingEnabled,networkExperimentActive,networkExperimentScenarioName,networkExperimentAdaptiveMode,networkExperimentRemainingSec,networkExperimentStepIndex,networkExperimentStepCount,frameId,receiveFps,decodeFps,displayFps,currentLatencyMs,averageLatencyMs,currentRttMs,averageRttMs,currentJitterMs,packetLossRate,frameDropRate,receivedPackets,missingPackets,sequenceGapPackets,sequenceGapRecoveredPackets,duplicatePackets,duplicateOriginalPackets,duplicateRetransmitPackets,duplicateLateAfterCompletedPackets,duplicateLateAfterCompletedOriginalPackets,duplicateLateAfterCompletedRetransmitPackets,duplicateLateAfterExpiredPackets,duplicateLateAfterRejectedPackets,reorderedPackets,completedFrames,droppedFrames,deadlineDroppedFrames,outputQueueDroppedFrames,outputQueueDropEvents,outputQueueDropBurstEvents,startupWarmupSec,startupWarmupActive,outputQueueDroppedFramesDelta,outputQueueDropEventsDelta,outputQueueDropBurstEventsDelta,startupOutputQueueDroppedFrames,startupOutputQueueDropEvents,startupOutputQueueDropBurstEvents,steadyOutputQueueDroppedFrames,steadyOutputQueueDropEvents,steadyOutputQueueDropBurstEvents,evaluationOutputQueueDroppedFrames,evaluationOutputQueueDropEvents,evaluationOutputQueueDropBurstEvents,lastOutputQueueDropFrameCount,lastOutputQueueDropQueueSize,lastOutputQueueDropOldestAgeMs,lastOutputQueueDropNewestAgeMs,maxOutputQueueDropOldestAgeMs,lastOutputQueueDropReason,completedQueuePushes,completedQueuePops,completedQueueEmptyPolls,completedQueueSize,maxCompletedQueueSize,completedQueueLastPopAgeMs,completedQueueMaxPopAgeMs,completedQueueLastPushIntervalMs,completedQueueMaxPushIntervalMs,lastOutputQueueDropPopAgeMs,lastOutputQueueDropPushIntervalMs,decodedFrames,displayedFrames,frameRecoveryOutcomeEvents,frameRecoveryCompletedFrames,frameRecoveryExpiredFrames,frameRecoveryRejectedFrames,frameRecoveryNackSentFrames,frameRecoveryFecRecoveredFrames,frameRecoveryLastFrameId,frameRecoveryLastStreamId,frameRecoveryLastEvent,frameRecoveryLastOutcome,frameRecoveryLastCodec,frameRecoveryLastKeyFrame,frameRecoveryLastLargeFrame,frameRecoveryLastChunkCount,frameRecoveryLastReceivedChunks,frameRecoveryLastMissingChunks,frameRecoveryLastFecParityPackets,frameRecoveryLastFecRecoveredChunks,frameRecoveryLastNackCount,frameRecoveryLastPostNackReceivedChunks,frameRecoveryLastNackRequestedChunks,frameRecoveryLastRetransmitReceivedChunks,frameRecoveryLastRetransmitDuplicatePackets,frameRecoveryLastPacketSequence,frameRecoveryLastPacketChunkIndex,frameRecoveryLastRetransmitSequence,frameRecoveryLastRetransmitChunkIndex,frameRecoveryLastEventPacketSequence,frameRecoveryLastEventPacketChunkIndex,frameRecoveryLastEventWasRetransmit,frameRecoveryLastAgeMs,retransmitUsefulChunks,retransmitDuplicatePackets,retransmitLateAfterCompletedPackets,retransmitLateAfterCompletedLargePackets,retransmitLateAfterCompletedSentBeforeCompletePackets,retransmitLateAfterCompletedSentAfterCompletePackets,retransmitLateAfterCompletedAvgSendToCompleteMs,retransmitLateAfterCompletedAvgDelayMs,retransmitLateAfterCompletedMaxDelayMs,retransmitLateAfterExpiredPackets,retransmitLateAfterRejectedPackets,retransmitClassifiedPackets,retransmitNotArrivedPackets,retransmitAccountedPackets,retransmitUnclassifiedPackets,retransmitCompletedFrames,retransmitExpiredFrames,retransmitUsefulnessRatio,retransmitDuplicateRatio,retransmitFinalClassificationRatio,retransmitFinalAccountingRatio,retransmitExpiredAfterUsefulRatio,dynamicNackDeadlineMs,dynamicNackUsefulnessRatio,dynamicNackDuplicateRatio,dynamicNackExpiredAfterRetransmitRatio,dynamicNackDecisionReason,nackSuppressedFrames,nackSuppressedMissingChunks,nackPreflightSuppressedFrames,nackPreflightSuppressedChunks,nackFecGraceSuppressedFrames,nackFecGraceSuppressedChunks,nackPredictedUsefulFrames,nackPredictedUsefulChunks,nackDeferredForLikelyArrivalFrames,nackDeferredForLikelyArrivalChunks,nackSkippedTooLateFrames,nackSkippedTooLateChunks,nackRequestedChunkBudget,nackLastShapingReason,nackLastSuppressionReason,ackCount,lastAckMissingRate,ackRetransmittedFrames,ackRetransmittedChunks,repairCanceledByCompleteAckPackets,repairSkippedByTtlPackets,repairQueuedButCanceledPackets,repairSentAfterCompleteAckPackets,repairSentAfterCompleteAckLargePackets,repairSuppressedByFecLikelyFrames,repairSuppressedByFecLikelyPackets,repairSuppressedByFecLikelyLargeFrames,repairSuppressedByFecLikelyLargePackets,repairBudgetSuppressedFrames,repairBudgetSuppressedPackets,repairBudgetSuppressedLargeFrames,repairBudgetSuppressedLargePackets,repairRaceGuardSuppressedFrames,repairRaceGuardSuppressedPackets,repairRaceGuardSuppressedLargePackets,repairBudgetProfile,repairBudgetProfileSwitches,repairBudgetSmoothedMissingRate,repairBudgetSmoothedPacingQueueDelayMs,repairBudgetSmoothedDeliveryMs,repairFecLikelySuppressedCompletedFrames,repairFecLikelySuppressedCompletedPackets,repairFecLikelySuppressedExpiredFrames,repairFecLikelySuppressedExpiredPackets,repairFecLikelySuppressedPendingFrames,repairFecLikelySuppressedPendingPackets,repairFecLikelySuppressionRescueFrames,repairFecLikelySuppressionRescuePackets,lateRepairSavedPackets,ackStaleDroppedFrames,ackKeyFrameRequests,ackKeyFramePending,pacingEnabled,pacingTargetBitrateBps,pacingRepairTargetBitrateBps,pacingQueuedPackets,pacingHighPriorityQueuedPackets,pacingNormalQueuedPackets,pacingEnqueuedPackets,pacingSentPackets,pacingSentBytes,pacingRepairSentPackets,pacingRepairSentBytes,pacingRepairBorrowedPackets,pacingRepairBorrowedBytes,pacingDroppedPackets,pacingDeadlineDroppedPackets,pacingHighPriorityDeadlineDroppedPackets,pacingNormalDeadlineDroppedPackets,pacingOverflowDroppedPackets,pacingCurrentQueueDelayMs,pacingMaxQueueDelayMs,pacingVideoCreditBytes,pacingRepairCreditBytes,transportFeedbackPackets,transportFeedbackPacketStatuses,transportFeedbackReceivedPackets,transportFeedbackMissingPackets,transportFeedbackSequenceGapPackets,transportFeedbackSequenceGapRecoveredPackets,transportFeedbackLossRate,transportFeedbackArrivalJitterMs,transportFeedbackQueueDelayTrendMs,transportFeedbackLastSequence,estimatedBandwidthBps,deliveryRateBps,bandwidthQueueDelayMs,bandwidthRttTrendMs,bandwidthLossTrend,bandwidthJitterTrendMs,bandwidthFeedbackSamples,deadlineNackSentFrames,deadlineNackRecoveredFrames,deadlineNackMissingChunks,deadlineNackSentH264KeyFrames,deadlineNackSentH264LargeFrames,deadlineNackSentH264DeltaFrames,deadlineNackExpiredDroppedFrames,deadlineNackExpiredAfterNackFrames,deadlineNackExpiredMissingChunks,deadlineNackExpiredH264KeyFrames,deadlineNackExpiredH264KeyMissingChunks,deadlineNackLastExpiredH264KeyMissingChunks,deadlineNackExpiredH264KeyMissingChunks1,deadlineNackExpiredH264KeyMissingChunks2To4,deadlineNackExpiredH264KeyMissingChunks5To8,deadlineNackExpiredH264KeyMissingChunks9To16,deadlineNackExpiredH264KeyMissingChunks17Plus,deadlineNackExpiredH264LargeFrames,deadlineNackExpiredH264DeltaFrames,fecEnabled,adaptiveFecEnabled,fecGroupChunkCount,fecParityPackets,fecRecoveredFrames,fecRecoveredChunks,h264ReassemblerAuRejectedFrames,h264ReassemblerHeaderFailures,h264ReassemblerPayloadSizeMismatches,h264ReassemblerFrameIdMismatches,h264ReassemblerCrcMismatches,h264ReassemblerLastRejectReason,adaptiveFecDecisionReason,adaptiveFecHoldReason,adaptiveFecG8ToG4Recovery,adaptiveFecQualityHoldActive,adaptiveFecQualityHoldCanceled,adaptiveFecEmergencyG2Active,adaptiveFecEarlyOffReason,adaptiveEnabled,adaptiveControlMode,adaptiveCongestionControlMode,targetJpegQuality,targetFps,targetBitrateKbps,adaptiveBandwidthCeilingKbps,targetWidth,targetHeight,actualCodec,actualEncodeWidth,actualEncodeHeight,actualRawFrameBytes,actualEncodedFrameBytes,rawFrameBytes,encodedFrameBytes,compressionRatio,captureFps,cameraCaptureSubtype,cameraCaptureWidth,cameraCaptureHeight,cameraCaptureFormatFps,encodeMs,resizeMs,nv12PrepareMs,h264EncodeMs,h264EncoderRequestedBitrateKbps,h264EncoderTargetBitrateKbps,h264EncoderAppliedBitrateKbps,h264DynamicBitrateUpdateRequests,h264DynamicBitrateUpdateSuccesses,h264DynamicBitrateUpdateFailures,h264EncoderReinitializations,pacingBudgetTargetBitrateKbps,h264VideoBudgetScale,pacingBurstGuardActive,fixedPacingRecentMaxQueueDelayMs,fixedPacingQueueReleaseStableSec,fixedPacingQueueRecovered,fixedPacingQueueReleaseEligible,adaptiveRepairBudgetUtilization,adaptiveRepairBorrowedRatio,adaptiveRepairSentBytesDelta,adaptiveRepairBorrowedBytesDelta,adaptiveRepairBudgetGuardActive,adaptiveRepairVideoBudgetPressure,adaptiveRetransmitUsefulRatio,adaptiveLateRepairWasteRatio,adaptiveRetransmitNotArrivedRatio,adaptiveRetransmitAccountingComplete,adaptiveLateRepairWastePressure,adaptiveRetransmitNotArrivedPressure,adaptiveRepairDecisionReason,h264AuChunkCount,h264AuIsIdr,h264AuIsDecoderSync,h264RequestedKeyFrameConsumedFrames,h264EncoderKeyFrameRequests,h264RecoveryKeyFrameRequests,h264AwaitingSyncKeyFrameRequests,h264PeriodicIdrRequests,h264IdrFrames,h264DecoderSyncFrames,h264ConsecutiveIdrFrames,h264MaxConsecutiveIdrFrames,h264AuProtectionLevel,h264AuDroppedBeforeSend,h264AuDropReason,h264AuDroppedBytes,h264AuDroppedChunks,h264AuPacingQueueDelayMs,h264AuEstimatedSendMs,h264InputGatedByPacing,h264InputGateReason,h264InputGateQueueDelayMs,h264InputGateVideoCreditBytes,h264InputGateFrameBudgetBytes,h264InputGateDurationMs,h264InputGateConsecutiveFrames,h264InputGateSkippedInputFrames,h264InputGateForcedOpen,h264InputGateReleaseReason,fecProtectedH264KeyFrames,fecProtectedH264LargeFrames,h264EncoderDelayFrames,h264EncoderDelayMs,h264EncoderPendingFrames,h264EncodedInputFrameId,h264EncoderCallMs,h264EncoderSampleCreateMs,h264EncoderProcessInputMs,h264EncoderPreInputPollMs,h264EncoderPostInputWaitMs,h264EncoderProcessOutputMs,h264EncoderOutputCopyMs,h264EncoderProcessOutputAttempts,h264EncoderAsyncEventCount,h264EncoderHardware,h264EncoderAsync,h264EncoderNeedInputSignaled,h264EncoderOutputProduced,h264EncoderOutputProducedBeforeInput,h264SubmittedNewInput,h264AsyncSubmittedWithoutOutput,h264AsyncPendingNoOutput,h264AsyncCadenceHoldActive,h264AsyncPendingNoOutputStreak,h264AsyncCadenceScale,h264AsyncCadenceHoldRemainingMs,h264AsyncOutputPollBackoffMs,h264InputCadenceFps,h264NeedInputSubmitWake,h264NeedInputSubmitLeadMs,encodedCameraFrameId,encodedCameraSourceTimestamp100ns,encodedCameraCaptureCompletedTimeUs,encodedCameraFrameAgeMs,encodedCameraReadSampleMs,encodedCameraReadSampleEndToCaptureMs,encodedCameraCaptureToPublishMs,encodedCameraPublishToAcquireMs,encodedCameraAcquireToEncoderInputMs,jpegEncodeMs,packetizeMs,sendFrameIntervalMs,cameraFrameReady,cameraFrameId,cameraSourceTimestamp100ns,cameraReadSampleStartTimeUs,cameraReadSampleEndTimeUs,cameraCaptureCompletedTimeUs,cameraFramePublishedTimeUs,cameraSenderAcquireTimeUs,cameraReadSampleMs,cameraReadSampleEndToCaptureMs,cameraCaptureToPublishMs,cameraPublishToAcquireMs,cameraAcquireToSendMs,cameraFrameAgeMs,cameraFrameCacheUsed,receiveJpegDecodeMs,receiveDecodeWorkerFps,receiveDecodeWorkerFrames,receiveDecodePopSuccesses,receiveDecodePopEmptyPolls,receiveDecodeLoopLastPopGapMs,receiveDecodeLoopMaxPopGapMs,receiveStartupDecodeLoopMaxPopGapMs,receiveSteadyDecodeLoopMaxPopGapMs,receiveSteadyDecodeLoopMaxPopGapAtMs,receiveSteadyDecodeLoopMaxPopGapFrameId,receiveSteadyDecodeLoopMaxPopGapStreamId,receiveSteadyDecodeLoopMaxPopGapCodec,receiveSteadyDecodeLoopMaxPopGapInputFrameAgeMs,receiveSteadyDecodeLoopMaxPopGapDecodedQueueSize,receiveSteadyDecodeLoopMaxPopGapCompletedQueueSize,receiveSteadyDecodeLoopMaxPopGapCompletedQueuePopAgeMs,receiveSteadyDecodeLoopMaxPopGapCompletedQueuePushIntervalMs,receiveSteadyDecodeLoopMaxPopGapArrivalRatio,receiveSteadyDecodeLoopMaxPopGapReceiverJitterMs,receiveSteadyDecodeLoopMaxPopGapReceiverLatencyMs,receiveSteadyDecodeLoopMaxPopGapClass,receiveSteadyDecodeLoopMaxPopGapAgeMs,receiveH264StartupActive,receiveH264StartupDecoderSynced,receiveH264StartupFirstDecoded,receiveH264StartupFirstDisplayed,receiveH264StartupReady,receiveH264StartupElapsedMs,receiveH264StartupDecoderSyncMs,receiveH264StartupFirstDecodedMs,receiveH264StartupFirstDisplayedMs,receiveH264StartupReadyMs,receiveH264StartupQueueFlushFrames,receiveDecodeOverwrittenFrames,receiveDecodeQueueDroppedFrames,receiveDecodeRenderOverwriteFrames,receiveDecodeFailures,receiveFreshnessDroppedFrames,receiveFreshnessDroppedFramesDelta,receiveFreshnessDropClass,receiveFreshnessDropEvidence,receiveLastFreshnessDropAgeMs,receiveMaxFreshnessDropAgeMs,receiveLastFreshnessDropFrameId,receiveLastFreshnessDropStreamId,receiveLastFreshnessDropCodec,receiveH264AuInvalidFrames,receiveH264AuCrcMismatches,receiveH264AuPayloadSizeMismatches,receiveH264AuNalCountMismatches,receiveH264AuNoAnnexBNals,receiveH264AuIdrFlagMismatches,receiveH264AuSpsPpsFlagMismatches,receiveH264AuSyncWithoutIdr,receiveH264AuIdrWithoutSpsPps,receiveH264AuForbiddenZeroBit,receiveH264AuLastInvalidReason,receiveDecodeInputFrameAgeMs,receiveDecodeInputCameraFrameAgeMs,receiveDecodeInputEncoderOutputAgeMs,receiveLatestDecodedFrameAgeMs,receiveLatestDecodedCameraFrameAgeMs,receiveLatestDecodedEncoderOutputAgeMs,receiveFreshnessDropThresholdMs,receiveDecodeLastDropReason,receiveUploadBufferWaitMs,receiveDisplayFrameId,receiveDisplayCameraFrameAgeMs,receiveDisplayEncoderOutputAgeMs,receiveDisplayDecodedFrameAgeMs,textureUploadMs,presentGpuWaitMs,renderFramePacingWaitMs,waitableSwapChainWaitMs,presentMs,presentSyncInterval,lowLatencyPresentMode,waitableSwapChainPacingEnabled,waitableSwapChainAvailable,swapChainBufferCount,adaptiveInputPacketLossRate,adaptiveInputReceiveFps,adaptiveInputDecodeFps,adaptiveInputJitterMs,adaptiveInputDisplayFps,adaptiveQoeScore,adaptiveDegradationCause,adaptiveArrivalGapJitterSpikeActive,adaptiveFecRecoveryWorking,adaptiveFecGuardActive,adaptiveFecRecoveryEfficiency,adaptiveFecParityPacketDelta,adaptiveFecRecoveredFrameDelta,adaptiveFecRecoveredChunkDelta,simEnabled,simLossRate,simDuplicateRate,simReorderRate,simMinDelayMs,simMaxDelayMs,simBurstLossLength,simSubmittedPackets,simSentPackets,simDroppedPackets,simDuplicatedPackets,simReorderedPackets
0.103,Custom_loss6_delay0-100_dup0_reorder6_burst0,Loopback,1,1,0,,,0.000,0,21,0,0.000,0.000,0.000,0.000,0.000,0.000,0.000,0.000,0.000,0.000,0,0,0,0,0,0,0,0,0,0,0,0,0,0,0,0,0,0,0,5.000,1,0,0,0,0,0,0,0,0,0,0,0,0,0,0,0.000,0.000,0.000,,0,0,10,0,0,0.000,0.000,0.000,0.000,0.000,0.000,0,0,0,0,0,0,0,0,0,0,,,,0,0,0,0,0,0,0,0,0,0,0,0,0,0,0,0,0,0,0,0.000,0,0,0,0,0,0,0.000,0.000,0.000,0,0,0,0,0,0,0,0,0.000,0.000,0.000,0.000,0.000,0.000,0.000,0.000,0.000,,0,0,0,0,0,0,0,0,0,0,0,0,0,,,0,0.000,0,0,0,0,0,0,0,0,0,0,0,0,0,0,0,0,0,0,balanced,0,0.000,0.000,0.000,0,0,0,0,0,0,0,0,0,0,0,0,1,6000000,1200000,0,0,0,0,0,0,0,0,0,0,0,0,0,0,0,0.000,0.000,3750.000,4800.000,0,0,0,0,0,0,0.000,0.000,0.000,0,6000000,0,0.000,0.000,0.000,0.000,0,0,0,0,0,0,0,0,0,0,0,0,0,0,0,0,0,0,0,0,1,0,4,0,0,0,0,0,0,0,0,,disabled,,0,0,0,0,,1,Fixed Quality,Hybrid,85,30,9500,12000,640,360,,0,0,0,0,0,0,0.000,0.000,,0,0,0.000,0.000,0.000,0.000,0.000,0,0,0,0,0,0,0,0,1.000,0,0.000,0.000,1,0,0.000,0.000,0,0,0,0,0.000,0.000,0.000,0,0,0,disabled,0,0,0,0,0,0,0,0,0,0,0,0,,0,,0,0,0.000,0.000,0,,0.000,0.000,0.000,0.000,0,0,0,,0,0,0,0.000,0,0,0.000,0.000,0.000,0.000,0.000,0.000,0.000,0,0,0,0,0,0,0,0,0,0,0,0,1.000,0.000,0.000,0,0,0.000,0,0,0,0.000,0.000,0.000,0.000,0.000,0.000,0.000,0.000,0.000,0,0,0,0,0,0,0,0,0.000,0.000,0.000,0.000,0.000,0.000,0,0.000,0.000,0,0,10,0.000,0.000,0.000,0.000,0.000,0,0,,0.000,0,0,0.000,0.000,0.000,0.000,0.000,,-1.000,1,0,0,0,0,103.401,0.000,0.000,0.000,0.000,0,0,0,0,0,0,0,,,0.000,0.000,0,0,,0,0,0,0,0,0,0,0,0,0,,0.000,0.000,0.000,0.000,0.000,0.000,120.000,,0.000,0,0.000,0.000,0.000,0.000,0.000,0.000,0.000,0.000,1,0,0,1,3,0.000,0.000,0.000,0.000,0.000,0.000,None,0,0,0,0.000,0,0,0,1,0.060,0.000,0.060,0,100,0,0,0,0,0,0
1.103,Custom_loss6_delay0-100_dup0_reorder6_burst0,Loopback,1,1,0,,,0.000,0,21,19,15.440,7.692,7.608,110.066,75.364,0.000,0.000,31.292,0.171,0.350,335,69,344,275,45,20,1,20,13,7,4,0,279,13,7,0,0,0,0,5.000,1,0,0,0,0,0,0,0,0,0,0,0,0,0,0,0.000,0.000,0.000,,12,12,112,0,1,82.556,202.996,83.543,203.184,0.000,0.000,8,8,192,20,6,0,31,46,20,1,fec-parity,pending,H.264,0,1,26,18,8,4,1,2,6,26,0,0,342,21,0,0,0,0,0,77.182,3,1,7,0,7,0,21.435,36.836,74.443,0,0,11,0,11,0,4,0,0.750,0.250,1.000,1.000,0.000,28.000,0.667,0.333,0.000,insufficient-sample,20,153,0,0,12,141,31,325,8,12,0,0,325,predicted-useful,fec-grace,60,0.654,5,11,0,0,0,0,0,0,0,0,0,1,10,1,10,0,0,0,jitter-ack-loss,0,0.604,0.210,108.210,0,0,0,0,0,0,0,0,10,40,4,0,1,9500000,1200000,7,0,7,419,411,493742,16,17534,2,2496,0,0,0,0,0,12.828,28.466,4871.250,4800.000,24,639,314,177,325,148,0.360,35.573,0.041,24,6426930,9763764,0.634,0.000,0.501,17.319,639,31,6,325,8,21,2,6,6,10,0,0,0,0,0,0,0,0,5,1,1,0,4,65,46,46,0,0,0,0,0,,disabled,,0,0,0,0,,1,Fixed Quality,Hybrid,85,30,9500,12000,640,360,H.264,480,270,518400,30264,518400,30264,0.058,0.000,,0,0,0.000,2.124,0.000,0.000,0.063,7250,7250,7250,0,0,0,1,9500,1.000,0,15.122,0.000,0,0,0.000,0.000,0,0,0,0,0.273,0.727,0.000,1,0,0,disabled,26,0,0,2,7,2,5,0,6,6,0,4,large-au-observed,0,,0,0,18.821,25.485,0,,0.000,0.000,0.000,0.000,0,0,0,,1,0,0,5.852,0,22,0.063,0.000,0.000,0.062,0.000,0.043,0.006,1,1,1,1,0,1,1,0,0,0,1,0,0.860,38.324,0.000,26,0,0.000,0,0,0,0.000,0.000,0.000,0.000,0.000,0.000,0.000,2.054,9.753,0,0,0,0,0,0,0,0,0.000,0.000,0.000,0.000,0.000,0.000,0,0.312,7.692,8,12,112,83.674,203.941,15.280,203.941,986.562,16,1,H.264,111.246,0,0,202.996,203.184,0.996,88.349,110.296,arrival-gap-jitter-spike,117.073,0,1,1,1,1,1103.635,361.897,371.604,372.295,372.295,0,0,3,0,0,0,0,,,0.000,0.000,0,0,,0,0,0,0,0,0,0,0,0,0,,87.520,0.000,89.221,0.000,0.000,0.000,135.033,h264-decoder-buffering,0.001,19,0.000,88.025,3.581,0.099,0.836,0.633,0.000,0.204,1,0,0,1,3,0.177,15.440,7.692,31.292,7.608,1.000,Jitter,1,1,0,1.000,1,1,1,1,0.060,0.000,0.060,0,100,0,412,337,24,0,22
2.104,Custom_loss6_delay0-100_dup0_reorder6_burst0,Loopback,1,1,0,,,0.000,0,21,46,19.707,19.711,19.732,107.666,92.411,75.437,75.437,0.069,0.075,0.277,1199,97,1132,1035,159,92,5,55,46,9,7,0,1039,34,13,0,0,0,0,5.000,1,0,0,0,0,0,0,0,0,0,0,0,0,0,0,0.000,0.000,0.000,,33,33,202,0,1,49.839,202.996,50.812,203.184,0.000,0.000,29,29,632,43,12,0,114,180,47,1,fec-recovered,pending,H.264,0,1,26,23,3,4,4,3,12,41,0,0,1241,18,0,0,0,0,0,93.726,7,5,9,2,9,0,30.198,33.279,74.443,0,0,21,0,21,0,6,1,0.583,0.417,1.000,1.000,0.143,21.000,0.167,0.833,1.000,retransmit-late,47,569,0,0,35,549,114,1319,12,20,0,0,1319,predicted-useful,fec-grace,188,0.269,9,21,0,0,0,0,0,1,1,1,1,5,71,5,71,0,0,0,jitter-ack-loss,0,0.657,4.780,112.780,0,0,1,1,0,0,0,0,72,141,8,0,1,9500000,1200000,23,0,23,1353,1330,1612338,59,70146,30,37384,0,0,0,0,0,0.581,28.466,64.312,4800.000,71,2297,1173,611,1124,513,0.342,1.366,0.926,71,5734664,9134357,0.475,0.000,0.456,11.988,2297,114,27,1319,20,92,2,12,12,20,1,1,1,1,0,0,0,0,10,1,1,0,4,224,180,180,0,0,0,0,0,,disabled,,0,0,0,0,,1,Fixed Quality,Hybrid,85,30,9500,12000,640,360,H.264,480,270,518400,30264,518400,30264,0.058,0.000,,0,0,0.000,2.094,0.000,0.000,0.069,7250,7250,7250,0,0,0,1,9500,1.000,0,13.018,0.000,0,0,0.000,0.000,0,0,0,0,0.333,0.667,0.000,1,0,0,disabled,26,0,0,4,11,4,7,0,10,10,0,4,large-au-observed,0,,0,0,14.796,25.485,0,,0.000,0.000,0.000,0.000,0,0,0,,2,0,0,3.052,0,50,0.069,0.000,0.000,0.068,0.000,0.046,0.007,1,1,1,1,0,1,1,0,0,0,1,0,0.860,149.919,0.000,26,0,0.000,0,0,0,0.000,0.000,0.000,0.000,0.000,0.000,0.000,2.016,7.107,0,0,0,0,0,0,0,0,0.000,0.000,0.000,0.000,0.000,0.000,0,0.398,19.711,29,33,202,50.750,203.941,15.280,203.941,986.562,16,1,H.264,111.246,0,0,202.996,203.184,0.996,88.349,110.296,arrival-gap-jitter-spike,1118.046,0,1,1,1,1,2104.608,361.897,371.604,372.295,372.295,0,0,3,0,0,0,0,,,0.000,0.000,0,0,,0,0,0,0,0,0,0,0,0,0,,104.467,0.000,107.414,0.000,0.000,0.000,133.833,h264-decoder-buffering,0.001,46,0.000,112.766,4.911,0.076,0.477,0.217,0.000,0.260,1,0,0,1,3,0.076,19.707,19.711,0.069,19.732,1.000,RecoveryDeadline,1,1,0,1.000,0,1,1,1,0.060,0.000,0.060,0,100,0,1332,1205,77,0,71
3.111,Custom_loss6_delay0-100_dup0_reorder6_burst0,Loopback,1,1,0,,,0.000,0,21,74,17.865,17.861,18.014,98.674,97.938,61.978,68.707,38.590,0.076,0.270,2042,167,1944,1777,264,158,10,85,73,12,11,0,1781,54,20,0,0,0,0,5.000,1,0,0,0,0,0,0,0,0,0,0,0,0,0,0,0.000,0.000,0.000,,53,53,297,0,1,16.404,202.996,17.386,203.184,0.000,0.000,49,49,1048,66,19,0,193,300,76,1,nack-sent,pending,H.264,0,1,26,17,9,2,1,2,9,28,0,0,2168,5,0,0,0,0,0,56.008,12,10,12,5,12,0,40.591,30.758,74.443,0,0,34,2,36,0,13,1,0.545,0.455,0.944,1.000,0.071,25.000,0.667,0.333,0.000,insufficient-sample,73,937,0,0,56,911,193,2330,17,26,0,0,2330,predicted-useful,fec-grace,309,0.731,16,36,0,0,0,0,0,3,3,3,3,12,207,12,207,0,0,0,pacing,1,0.825,8.277,116.277,0,0,3,3,0,0,0,0,210,235,12,0,1,9500000,1200000,0,0,0,2226,2226,2703202,107,128978,62,77240,0,0,0,0,0,17.182,35.700,771.750,4800.000,118,3964,2020,1014,1944,930,0.334,34.286,0.000,118,4582849,7390226,0.977,-13.459,0.503,16.505,3964,193,47,2330,35,156,2,19,19,36,1,1,1,1,0,0,0,0,17,1,1,0,4,375,300,300,0,0,0,0,0,,disabled,,0,0,0,0,,1,Fixed Quality,Hybrid,85,30,9500,12000,640,360,H.264,480,270,518400,0,518400,30264,0.058,0.000,,0,0,0.000,5.033,0.000,4.242,0.658,7250,7250,7250,0,0,0,1,9500,1.000,0,17.182,0.000,0,0,0.000,0.000,0,0,0,0,0.333,0.611,0.056,1,0,0,disabled,0,0,0,8,19,8,8,3,15,15,0,4,async-output-pending,0,,0,0,0.000,0.000,0,,17.012,4210.688,39583.333,0.000,0,0,0,,3,0,0,0.000,1,0,0.645,0.169,0.475,0.000,0.000,0.000,0.000,0,0,1,1,1,0,0,1,1,0,0,0,1.000,0.000,0.000,30,0,0.000,0,0,0,0.000,0.000,0.000,0.000,0.000,0.000,0.000,0.000,20.298,0,0,0,0,0,0,0,0,0.000,0.000,0.000,0.000,0.000,0.000,0,0.397,17.861,49,53,297,17.309,203.941,15.280,203.941,986.562,16,1,H.264,111.246,0,0,202.996,203.184,0.996,88.349,110.296,arrival-gap-jitter-spike,2124.854,0,1,1,1,1,3111.416,361.897,371.604,372.295,372.295,0,0,3,0,0,0,0,,,0.000,0.000,0,0,,0,0,0,0,0,0,0,0,0,0,,111.502,0.000,114.567,0.000,0.000,0.000,134.337,h264-decoder-buffering,0.001,74,0.000,119.189,4.166,0.082,0.783,0.576,0.000,0.207,1,0,0,1,3,0.077,17.865,17.861,38.590,18.014,1.000,Jitter,0,1,0,0.000,0,3,3,1,0.060,0.000,0.060,0,100,0,2229,2049,139,0,112
4.118,Custom_loss6_delay0-100_dup0_reorder6_burst0,Loopback,1,1,0,,,0.000,0,21,101,18.758,18.791,19.762,101.240,99.353,20.453,52.623,5.014,0.073,0.260,2698,212,2551,2339,340,202,13,111,95,16,14,0,2343,74,26,0,0,0,0,5.000,1,0,0,0,0,0,0,0,0,0,0,0,0,0,0,0.000,0.000,0.000,,73,73,401,0,1,47.337,202.996,48.297,203.184,0.000,0.000,69,69,1400,90,25,0,261,397,102,1,nack-sent,pending,H.264,0,1,22,15,7,4,3,2,3,20,0,0,2867,12,0,0,0,0,0,62.949,14,13,16,8,16,0,41.389,33.791,74.443,0,0,43,2,45,0,16,1,0.519,0.481,0.956,1.000,0.059,34.000,0.250,0.750,0.000,duplicate-guard,101,1252,0,0,77,1213,261,3101,24,39,0,0,3101,predicted-useful,fec-grace,418,0.000,20,45,0,0,0,0,0,4,4,4,4,15,240,15,240,0,0,0,pacing,1,0.765,4.898,112.898,0,0,4,4,0,0,0,0,244,318,16,0,1,9500000,1200000,0,0,0,2910,2910,3537241,120,144114,62,77240,0,0,0,0,0,12.671,35.700,4577.375,4800.000,155,5238,2694,1282,2544,1262,0.322,42.150,0.825,155,4316239,6222495,2.085,-41.525,0.458,21.385,5238,260,67,3094,45,210,5,25,25,45,1,1,1,1,0,0,0,0,23,1,1,0,4,499,397,397,0,0,0,0,0,,disabled,,0,0,0,0,,1,Fixed Quality,Hybrid,85,30,9500,12000,640,360,H.264,480,270,518400,26094,518400,26094,0.050,0.000,,0,0,0.000,1.808,0.000,0.000,0.084,6000,6250,6250,2,2,0,1,9500,0.820,1,12.671,0.000,0,0,0.000,0.000,0,0,0,0,0.311,0.644,0.044,1,0,0,fixed-pacing-queue-hold,22,0,0,11,24,11,10,3,19,19,0,4,large-au-observed,0,,0,0,11.537,21.974,0,,0.000,0.000,0.000,0.000,0,0,0,,4,0,0,15.100,0,103,0.084,0.000,0.000,0.083,0.000,0.059,0.007,1,1,1,1,0,1,1,0,0,0,1,0,0.860,179.996,0.000,24,0,0.000,0,0,0,0.000,0.000,0.000,0.000,0.000,0.000,0.000,1.715,25.077,0,0,0,0,0,0,0,0,0.000,0.000,0.000,0.000,0.000,0.000,0,0.390,18.791,69,73,401,48.208,203.941,15.280,203.941,986.562,16,1,H.264,111.246,0,0,202.996,203.184,0.996,88.349,110.296,arrival-gap-jitter-spike,3131.344,0,1,1,1,1,4117.906,361.897,371.604,372.295,372.295,0,0,3,0,0,0,0,,,0.000,0.000,0,0,,0,0,0,0,0,0,0,0,0,0,,101.254,0.000,103.497,0.000,0.000,0.000,130.620,h264-decoder-buffering,0.001,101,0.000,106.493,2.555,0.084,0.785,0.584,0.000,0.201,1,0,0,1,3,0.073,18.758,18.791,5.014,19.762,1.000,Loss,0,1,0,1.000,1,1,1,1,0.060,0.000,0.060,0,100,0,2914,2702,180,0,156
5.125,Custom_loss6_delay0-100_dup0_reorder6_burst0,Loopback,1,1,0,,,0.000,0,21,124,15.798,15.788,15.785,103.898,99.281,138.493,74.090,35.173,0.077,0.279,3322,276,3138,2862,421,252,20,133,116,17,16,0,2866,88,34,0,0,0,0,5.000,0,0,0,0,0,0,0,0,0,0,0,0,0,0,0,0.000,0.000,0.000,,87,87,509,0,1,97.534,202.996,98.472,203.184,0.000,0.000,83,83,1742,105,33,0,326,491,127,1,fec-parity,pending,H.264,0,1,23,9,14,3,1,1,2,17,0,0,3555,5,0,0,0,0,0,49.584,18,20,17,9,17,0,43.040,31.859,74.443,0,0,55,3,58,0,18,2,0.474,0.526,0.948,1.000,0.100,36.000,0.250,0.750,0.000,duplicate-guard,130,1536,0,0,96,1479,326,3747,34,57,0,0,3747,predicted-useful,fec-grace,521,0.739,25,58,0,0,0,0,0,5,5,5,5,20,310,20,310,0,0,0,pacing,1,0.761,7.909,115.909,0,0,5,5,0,0,0,0,315,400,20,0,1,9500000,1200000,4,0,4,3603,3599,4387151,161,194862,85,105892,0,0,0,0,0,6.002,35.700,484.250,4800.000,188,6421,3304,1576,3117,1541,0.323,9.307,2.625,188,4849481,7274449,1.702,118.040,0.486,15.454,6421,326,81,3747,60,261,5,33,33,60,3,4,1,2,1,0,0,0,29,1,1,0,4,619,491,491,0,0,0,0,0,,disabled,,0,0,0,0,,1,Fixed Quality,Hybrid,85,30,9500,12000,640,360,H.264,480,270,518400,27136,518400,27136,0.052,0.000,,0,0,0.000,1.822,0.000,0.000,0.108,7250,6500,6500,3,3,0,1,9500,1.000,0,21.716,0.000,0,0,0.000,0.000,0,0,0,0,0.310,0.638,0.052,1,0,0,disabled,23,0,0,14,32,14,13,5,24,24,0,4,large-au-observed,0,,0,0,25.359,22.851,0,,0.000,0.000,0.000,0.000,0,0,0,,5,0,0,10.771,0,128,0.107,0.000,0.000,0.106,0.000,0.060,0.026,1,1,1,1,0,1,1,0,0,0,1,0,0.860,179.995,0.000,26,0,0.000,0,0,0,0.000,0.000,0.000,0.000,0.000,0.000,0.000,1.707,6.702,0,0,0,0,0,0,0,0,0.000,0.000,0.000,0.000,0.000,0.000,0,0.376,15.788,83,87,509,98.425,203.941,15.280,203.941,986.562,16,1,H.264,111.246,0,0,202.996,203.184,0.996,88.349,110.296,arrival-gap-jitter-spike,4138.053,0,1,1,1,1,5124.615,361.897,371.604,372.295,372.295,0,0,3,0,0,0,0,,,0.000,0.000,0,0,,0,0,0,0,0,0,0,0,0,0,,99.815,0.000,102.442,0.000,0.000,0.000,136.949,h264-decoder-buffering,0.001,124,0.000,107.737,4.873,0.080,0.874,0.646,0.000,0.227,1,0,0,1,3,0.075,15.798,15.788,35.173,15.785,1.000,RecoveryDeadline,0,1,0,3.000,1,3,3,1,0.060,0.000,0.060,0,100,0,3604,3328,230,0,190
6.125,Custom_loss6_delay0-100_dup0_reorder6_burst0,Loopback,1,1,0,,,0.000,0,21,152,15.849,15.846,16.001,95.662,99.503,83.609,75.994,37.077,0.073,0.268,4028,316,3788,3472,519,313,24,164,144,20,18,0,3476,109,40,0,0,0,0,5.000,0,0,0,0,0,0,0,0,0,0,0,0,0,0,0,0.000,0.000,0.000,,108,108,613,0,1,24.795,202.996,26.018,203.184,0.000,0.000,103,103,2115,129,39,0,391,599,153,1,nack-suppressed-fec-grace,pending,H.264,0,1,24,7,17,2,0,0,0,0,0,0,4315,19,0,0,0,0,0,40.418,24,24,20,12,20,0,48.461,32.268,83.526,0,0,68,4,72,0,24,3,0.500,0.500,0.944,1.000,0.111,39.000,0.500,0.500,1.000,insufficient-sample,166,1847,0,0,117,1770,391,4401,49,77,0,0,4401,predicted-useful,fec-grace,633,0.000,31,72,0,0,0,0,0,5,5,5,5,26,412,26,412,0,0,0,pacing,1,0.818,11.511,119.511,0,0,5,5,0,0,0,0,417,482,24,0,1,9500000,1200000,0,0,0,4350,4350,5310025,204,247938,110,137032,0,0,0,0,0,11.670,35.700,1618.562,4800.000,228,7810,4022,1919,3788,1869,0.323,20.390,2.543,228,4731564,7335263,1.867,83.455,0.517,10.710,7810,391,102,4401,72,314,5,39,39,69,4,5,1,3,1,0,0,0,34,1,1,0,4,743,599,599,0,0,0,0,0,,disabled,,0,0,0,0,,1,Fixed Quality,Hybrid,85,30,9500,12000,640,360,H.264,480,270,518400,28178,518400,28178,0.054,0.000,,0,0,0.000,2.001,0.000,0.000,0.098,7250,6750,6750,4,4,0,1,9500,1.000,0,14.990,0.000,0,0,0.000,0.000,0,0,0,0,0.000,1.000,0.000,1,0,0,disabled,24,0,0,16,37,16,16,5,28,28,0,4,large-au-observed,0,,0,0,20.223,23.729,0,,0.000,0.000,0.000,0.000,0,0,0,,6,0,0,7.346,0,154,0.098,0.000,0.000,0.097,0.000,0.069,0.010,1,1,1,1,0,1,1,0,0,0,1,0,0.860,26.198,0.000,26,0,0.000,0,0,0,0.000,0.000,0.000,0.000,0.000,0.000,0.000,1.891,12.314,0,0,0,0,0,0,0,0,0.000,0.000,0.000,0.000,0.000,0.000,0,0.385,15.846,103,108,613,25.825,203.941,15.280,203.941,986.562,16,1,H.264,111.246,0,0,202.996,203.184,0.996,88.349,110.296,arrival-gap-jitter-spike,5138.697,0,1,1,1,1,6125.259,361.897,371.604,372.295,372.295,0,0,3,0,0,0,0,,,0.000,0.000,0,0,,0,0,0,0,0,0,0,0,0,0,,106.171,0.000,111.322,0.000,0.000,0.000,132.831,h264-decoder-buffering,0.000,151,0.000,116.619,4.867,0.080,0.302,0.041,0.000,0.261,1,0,0,1,3,0.073,15.849,15.846,37.077,16.001,1.000,Jitter,0,1,0,1.000,0,1,1,1,0.060,0.000,0.060,0,100,0,4356,4034,273,0,224
7.132,Custom_loss6_delay0-100_dup0_reorder6_burst0,Loopback,1,1,0,,,0.000,0,21,176,17.655,17.654,17.744,81.661,99.535,98.482,79.742,18.850,0.071,0.277,4742,365,4455,4090,596,361,28,185,165,20,22,0,4094,125,48,0,0,0,0,5.000,0,0,0,0,0,0,0,0,0,0,0,0,0,0,0,0.000,0.000,0.000,,124,124,721,0,1,68.095,202.996,69.301,203.184,0.000,0.000,120,120,2470,145,47,0,458,699,179,1,nack-sent,pending,H.264,1,1,24,18,6,5,3,3,11,37,1,1,5082,1,5082,1,0,0,0,63.922,26,28,20,12,20,0,48.461,32.268,83.526,0,0,74,5,79,0,24,3,0.481,0.519,0.937,1.000,0.111,36.000,0.000,0.000,0.000,insufficient-sample,198,2124,0,0,138,2030,458,5012,60,94,0,0,5012,predicted-useful,fec-grace,738,0.875,34,79,0,0,0,0,0,5,5,5,5,29,467,29,467,0,0,0,pacing,1,0.839,11.395,119.395,0,0,5,5,0,0,0,0,472,568,28,0,1,9500000,1200000,13,0,13,5137,5124,6258519,241,293392,134,166928,0,0,0,0,0,4.816,35.700,1091.125,4800.000,267,9194,4739,2255,4455,2200,0.322,20.695,0.613,267,4614368,7142937,1.051,69.739,0.482,17.795,9194,458,118,5012,84,369,5,47,47,85,5,7,2,3,2,0,0,0,41,1,1,0,4,869,699,699,0,0,0,0,0,,disabled,,0,0,0,0,,1,Fixed Quality,Hybrid,85,30,9500,12000,640,360,H.264,480,270,518400,28178,518400,28178,0.054,0.000,,0,0,0.000,2.050,0.000,0.000,0.082,7250,6750,6750,4,4,0,1,9500,1.000,0,13.696,0.000,0,0,0.000,0.000,0,0,0,0,0.000,1.000,0.000,1,0,0,disabled,24,1,1,18,44,18,19,7,33,33,1,4,decoder-sync-observed,0,,0,0,15.459,23.729,0,,0.000,0.000,0.000,0.000,0,0,0,,7,0,0,2.485,0,181,0.082,0.000,0.000,0.081,0.000,0.054,0.009,1,1,1,1,0,1,1,0,0,0,1,0,0.860,28.854,0.000,26,0,0.000,0,0,0,0.000,0.000,0.000,0.000,0.000,0.000,0.000,1.926,6.556,0,0,0,0,0,0,0,0,0.000,0.000,0.000,0.000,0.000,0.000,0,0.330,17.654,120,124,721,69.210,203.941,15.280,203.941,986.562,16,1,H.264,111.246,0,0,202.996,203.184,0.996,88.349,110.296,arrival-gap-jitter-spike,6145.040,0,1,1,1,1,7131.602,361.897,371.604,372.295,372.295,0,0,3,0,0,0,0,,,0.000,0.000,0,0,,0,0,0,0,0,0,0,0,0,0,,95.616,0.000,98.383,0.000,0.000,0.000,120.831,h264-decoder-buffering,0.000,176,0.000,102.462,3.704,0.084,0.903,0.609,0.000,0.293,1,0,0,1,3,0.072,17.655,17.654,18.850,17.744,1.000,RecoveryDeadline,0,1,0,0.000,0,2,2,1,0.060,0.000,0.060,0,100,0,5131,4749,336,0,262
8.138,Custom_loss6_delay0-100_dup0_reorder6_burst0,Loopback,1,1,0,,,0.000,0,21,204,25.873,24.014,24.006,95.711,100.434,97.168,82.231,19.446,0.073,0.274,5493,431,5179,4748,689,420,28,214,191,23,27,0,4752,146,55,0,0,0,0,5.000,0,0,0,0,0,0,0,0,0,0,0,0,0,0,0,0.000,0.000,0.000,,144,144,836,0,1,18.073,202.996,19.204,203.184,0.000,0.000,140,140,2862,169,53,0,527,817,205,1,fec-recovered,pending,H.264,1,1,24,19,5,5,2,3,11,40,0,0,5858,15,0,0,0,0,0,77.228,31,28,23,15,23,0,50.029,32.203,83.526,0,0,82,5,87,0,32,4,0.525,0.475,0.943,1.000,0.111,35.000,1.000,0.000,0.000,useful-stable,231,2414,0,0,159,2306,527,5724,72,108,0,0,5724,predicted-useful,fec-grace,851,0.542,38,87,0,0,0,0,0,5,5,5,5,33,528,33,528,0,0,0,pacing,1,0.750,8.785,116.785,0,0,5,5,0,0,0,0,533,656,32,0,1,9500000,1200000,0,0,0,5925,5925,7239455,279,340090,159,197454,0,0,0,0,0,10.574,35.700,185.250,4800.000,306,10641,5484,2558,5157,2599,0.318,29.078,0.000,306,5078781,8290992,0.875,55.528,0.438,18.267,10641,527,139,5724,101,421,5,53,53,97,7,14,4,3,4,0,0,0,45,1,1,0,4,1006,817,817,0,0,0,0,0,,disabled,,0,0,0,0,,1,Fixed Quality,Hybrid,85,30,9500,12000,640,360,H.264,480,270,518400,28178,518400,28178,0.054,0.000,,0,0,0.000,2.097,0.000,0.000,0.073,7250,6750,6750,4,4,0,1,9500,1.000,0,13.154,0.000,0,0,0.000,0.000,0,0,0,0,0.356,0.586,0.057,1,0,0,disabled,24,0,0,22,50,22,21,7,38,38,0,4,large-au-observed,0,,0,0,18.480,23.729,0,,0.000,0.000,0.000,0.000,0,0,0,,8,0,0,4.655,0,207,0.073,0.000,0.000,0.073,0.000,0.049,0.008,1,1,1,1,0,1,1,0,0,0,0,0,1.000,0.000,0.000,30,0,0.000,0,0,0,0.000,0.000,0.000,0.000,0.000,0.000,0.000,2.014,8.694,0,0,0,0,0,0,0,0,0.000,0.000,0.000,0.000,0.000,0.000,0,0.377,24.014,140,144,836,19.096,203.941,15.280,203.941,986.562,16,1,H.264,111.246,0,0,202.996,203.184,0.996,88.349,110.296,arrival-gap-jitter-spike,7151.625,0,1,1,1,1,8138.187,361.897,371.604,372.295,372.295,0,0,3,0,0,0,0,,,0.000,0.000,0,0,,0,0,0,0,0,0,0,0,0,0,,103.418,0.000,106.148,0.000,0.000,0.000,127.856,h264-decoder-buffering,0.000,204,0.000,110.721,4.184,0.075,0.942,0.708,0.000,0.235,1,0,0,1,3,0.073,25.873,24.014,19.446,24.006,1.000,RecoveryDeadline,0,1,0,0.000,4,2,2,1,0.060,0.000,0.060,0,100,0,5933,5504,384,0,304
9.145,Custom_loss6_delay0-100_dup0_reorder6_burst0,Loopback,1,1,0,,,0.000,0,21,229,21.476,21.484,21.709,98.286,101.409,35.281,76.363,4.536,0.070,0.276,6252,470,5884,5414,779,483,32,232,208,24,32,0,5418,165,63,0,0,0,0,5.000,0,0,0,0,0,0,0,0,0,0,0,0,0,0,0,0.000,0.000,0.000,,162,162,950,0,1,40.900,202.996,42.027,203.184,0.000,0.000,158,158,3260,189,60,0,604,930,232,1,fec-recovered,pending,H.264,1,1,24,22,2,5,3,3,14,41,0,0,6677,15,0,0,0,0,0,78.622,33,32,24,16,24,0,51.410,31.354,83.526,0,0,89,9,98,0,33,4,0.508,0.492,0.908,1.000,0.108,31.000,0.000,1.000,0.000,insufficient-sample,261,2755,0,0,180,2630,604,6540,81,125,0,0,6540,predicted-useful,likely-arrival,971,0.208,43,98,0,0,0,0,0,5,5,5,5,38,613,38,613,0,0,0,pacing,1,0.786,8.748,116.748,0,0,5,5,0,0,0,0,618,751,36,0,1,9500000,1200000,6,0,6,6746,6740,8237759,320,390520,184,227972,0,0,0,0,0,5.061,35.700,541.375,4800.000,348,12129,6245,2914,5884,2970,0.318,18.901,0.379,348,7008056,15840308,0.796,32.045,0.478,8.593,12129,604,158,6540,114,485,5,60,60,110,7,14,4,3,4,0,0,0,52,1,1,0,4,1151,930,930,0,0,0,0,0,,disabled,,0,0,0,0,,1,Fixed Quality,Hybrid,85,30,9500,12000,640,360,H.264,480,270,518400,28178,518400,28178,0.054,0.000,,0,0,0.000,1.864,0.000,0.000,0.116,7250,6750,6750,4,4,0,1,9500,1.000,0,13.161,0.000,0,0,0.000,0.000,0,0,0,0,0.337,0.571,0.092,1,0,0,disabled,24,0,0,26,54,26,21,7,42,42,0,4,large-au-observed,0,,0,0,15.073,23.729,0,,0.000,0.000,0.000,0.000,0,0,0,,9,0,0,8.596,0,234,0.115,0.000,0.000,0.114,0.000,0.075,0.015,1,1,1,1,0,1,1,0,0,0,0,0,1.000,0.000,0.000,30,0,0.000,0,0,0,0.000,0.000,0.000,0.000,0.000,0.000,0.000,1.738,13.523,0,0,0,0,0,0,0,0,0.000,0.000,0.000,0.000,0.000,0.000,0,0.408,21.484,158,162,950,41.847,203.941,15.280,203.941,986.562,16,1,H.264,111.246,0,0,202.996,203.184,0.996,88.349,110.296,arrival-gap-jitter-spike,8158.265,0,1,1,1,1,9144.827,361.897,371.604,372.295,372.295,0,0,3,0,0,0,0,,,0.000,0.000,0,0,,0,0,0,0,0,0,0,0,0,0,,105.237,0.000,108.091,0.000,0.000,0.000,129.143,h264-decoder-buffering,0.001,229,0.000,114.317,5.813,0.083,0.314,0.001,0.000,0.313,1,0,0,1,3,0.070,21.476,21.484,4.536,21.709,1.000,RecoveryDeadline,0,1,0,0.250,4,1,1,1,0.060,0.000,0.060,0,100,0,6749,6263,441,0,363
10.145,Custom_loss6_delay0-100_dup0_reorder6_burst0,Loopback,1,1,0,,,0.000,0,21,258,19.933,19.932,19.712,115.267,101.770,22.166,70.341,0.171,0.070,0.273,7030,533,6623,6090,876,538,39,257,229,28,42,0,6094,186,70,0,0,0,0,5.000,0,0,0,0,0,0,0,0,0,0,0,0,0,0,0,0.000,0.000,0.000,,183,183,1045,0,1,49.370,202.996,50.338,203.184,0.000,0.000,179,179,3644,214,67,0,681,1036,260,1,fec-parity,pending,H.264,1,1,24,13,11,3,0,3,7,45,0,1,7496,8,7519,2,0,0,0,76.516,37,39,28,20,28,0,54.549,30.146,83.526,0,0,104,12,116,0,38,4,0.487,0.513,0.897,1.000,0.095,39.000,0.400,0.600,0.000,duplicate-guard,289,3115,0,0,202,2979,681,7376,87,136,0,0,7376,predicted-useful,fec-grace,1093,0.583,49,116,0,0,0,0,0,5,5,5,5,44,708,44,708,0,0,0,pacing,1,0.792,14.680,122.680,0,0,5,5,0,0,0,0,713,846,40,0,1,9500000,1200000,5,0,5,7574,7569,9253533,368,449656,210,259732,0,0,0,0,0,5.539,35.700,601.562,3960.300,390,13630,7019,3232,6611,3379,0.315,4.515,2.765,390,4454199,7683548,2.017,23.013,0.466,17.361,13630,681,179,7376,131,545,5,67,67,122,7,14,4,3,4,0,0,0,59,1,1,0,4,1281,1036,1036,0,0,0,0,0,,disabled,,0,0,0,0,,1,Fixed Quality,Hybrid,85,30,9500,12000,640,360,H.264,480,270,518400,28178,518400,28178,0.054,0.000,,0,0,0.000,2.252,0.000,0.000,0.087,7250,6750,6750,4,4,0,1,9500,1.000,0,15.407,0.000,0,0,0.000,0.000,0,0,0,0,0.319,0.578,0.103,1,0,0,disabled,24,0,0,30,63,30,24,9,48,48,0,4,large-au-observed,0,,0,0,0.151,23.729,0,,0.000,0.000,0.000,0.000,0,0,0,,10,0,0,11.781,0,262,0.087,0.000,0.000,0.086,0.000,0.058,0.008,1,1,1,1,0,1,1,0,0,0,0,0,1.000,0.000,0.000,30,0,0.000,0,0,0,0.000,0.000,0.000,0.000,0.000,0.000,0.000,2.154,16.621,0,0,0,0,0,0,0,0,0.000,0.000,0.000,0.000,0.000,0.000,0,0.357,19.932,179,183,1045,50.297,203.941,15.280,203.941,986.562,16,1,H.264,111.246,0,0,202.996,203.184,0.996,88.349,110.296,arrival-gap-jitter-spike,9158.699,0,1,1,1,1,10145.261,361.897,371.604,372.295,372.295,0,0,3,0,0,0,0,,,0.000,0.000,0,0,,0,0,0,0,0,0,0,0,0,0,,106.508,0.000,109.278,0.000,0.000,0.000,137.633,h264-decoder-buffering,0.000,258,0.000,114.096,4.455,0.078,0.768,0.502,0.000,0.266,1,0,0,1,3,0.071,19.933,19.932,0.171,19.712,1.000,RecoveryDeadline,0,1,0,0.000,2,2,2,1,0.060,0.000,0.060,0,100,0,7579,7041,486,0,424
11.146,Custom_loss6_delay0-100_dup0_reorder6_burst0,Loopback,1,1,0,,,0.000,0,21,287,20.569,18.982,18.955,84.618,101.910,23.350,65.642,34.856,0.069,0.261,7705,570,7251,6681,962,584,47,288,258,30,43,0,6685,210,74,0,0,0,0,5.000,0,0,0,0,0,0,0,0,0,0,0,0,0,0,0,0.000,0.000,0.000,,206,206,1135,0,1,12.735,202.996,13.761,203.184,0.000,0.000,201,200,4008,240,70,0,735,1142,288,1,nack-sent,pending,H.264,1,1,22,15,7,3,1,2,3,17,0,1,8237,12,8254,1,0,0,0,45.836,39,47,30,22,30,0,54.953,28.913,83.526,0,0,116,12,128,0,41,4,0.453,0.547,0.906,1.000,0.089,45.000,0.000,1.000,0.000,duplicate-guard,327,3367,0,0,222,3206,735,7863,105,161,0,0,7863,predicted-useful,likely-arrival,1194,0.318,53,128,0,0,0,0,0,5,5,5,5,48,769,48,769,0,0,0,pacing,1,0.805,12.453,120.453,0,0,5,5,0,0,0,0,774,917,44,0,1,9500000,1200000,0,0,0,8273,8273,10120766,408,499160,234,289628,0,0,0,0,0,17.576,35.700,10765.125,4800.000,428,14949,7698,3540,7251,3711,0.315,4.090,0.211,428,5618526,8622930,0.653,18.647,0.468,13.097,14949,735,201,7863,143,587,5,70,70,127,7,14,4,3,4,0,0,0,62,1,1,0,4,1408,1142,1142,0,0,0,0,0,,disabled,,0,0,0,0,,1,Fixed Quality,Hybrid,85,30,9500,12000,640,360,H.264,480,270,518400,26096,518400,26096,0.050,0.000,,0,0,0.000,1.890,0.000,0.000,0.135,6000,6250,6250,5,5,0,1,9500,0.839,1,17.576,0.000,0,0,0.000,0.000,0,0,0,0,0.305,0.602,0.094,1,0,0,latency-pressure-freshness-hold,22,1,1,34,70,34,27,9,53,53,3,4,decoder-sync-observed,0,,0,0,12.926,21.976,0,,0.000,0.000,0.000,0.000,0,0,0,,11,0,0,3.068,0,289,0.135,0.000,0.000,0.135,0.000,0.071,0.046,1,1,1,1,0,1,1,0,0,0,0,0,1.000,0.000,0.000,27,0,0.000,0,0,0,0.000,0.000,0.000,0.000,0.000,0.000,0.000,1.746,6.895,0,0,0,0,0,0,0,0,0.000,0.000,0.000,0.000,0.000,0.000,0,0.403,18.982,201,206,1135,13.628,203.941,15.280,203.941,986.562,16,1,H.264,111.246,0,0,202.996,203.184,0.996,88.349,110.296,arrival-gap-jitter-spike,10159.818,0,1,1,1,1,11146.380,361.897,371.604,372.295,372.295,0,0,4,0,0,1,1,latency-pressure freshness,latency-over-80ms,148.641,148.641,260,1,H.264,0,0,0,0,0,0,0,0,0,0,,97.031,0.000,99.553,4.752,0.000,93.779,122.309,stale-before-decode,0.001,286,0.000,108.640,5.938,0.078,0.661,0.349,0.000,0.312,1,0,0,1,3,0.069,20.569,18.982,34.856,18.955,1.000,RecoveryDeadline,0,1,0,2.000,1,2,2,1,0.060,0.000,0.060,0,100,0,8284,7717,526,0,459
12.151,Custom_loss6_delay0-100_dup0_reorder6_burst0,Loopback,1,1,0,,,0.000,0,21,312,19.062,17.334,17.330,79.494,102.133,103.539,69.087,33.423,0.068,0.255,8393,612,7882,7270,1055,647,48,314,279,35,46,0,7274,231,79,0,0,0,0,5.000,0,0,0,0,0,0,0,0,0,0,0,0,0,0,0,0.000,0.000,0.000,,226,226,1232,0,1,18.068,202.996,19.039,203.184,0.000,0.000,221,221,4374,266,74,0,791,1249,314,1,fec-parity,pending,H.264,1,1,23,3,20,1,0,0,0,0,0,0,8977,0,0,0,0,0,0,8.575,43,48,35,27,35,0,57.795,28.445,83.526,0,0,126,10,136,0,46,4,0.473,0.527,0.926,1.000,0.080,43.000,0.333,0.667,0.000,stable,365,3618,0,0,243,3429,791,8295,122,189,0,0,8294,predicted-useful,fec-grace,1295,0.261,57,136,0,0,0,0,0,6,6,6,6,52,827,52,827,0,0,0,pacing,1,0.779,12.119,120.119,0,0,6,6,0,0,0,0,833,992,48,0,1,9500000,1200000,0,0,0,8994,8994,11009466,444,543688,257,318280,0,0,0,0,0,14.079,35.700,5115.188,4800.000,466,16273,8391,3790,7882,4092,0.311,36.303,2.844,466,5436382,8346616,1.336,30.956,0.489,15.048,16273,791,222,8295,155,631,5,74,74,134,7,14,4,3,4,0,0,0,66,1,1,0,4,1538,1249,1249,0,0,0,0,0,,disabled,,0,0,0,0,,1,Fixed Quality,Hybrid,85,30,9500,12000,640,360,H.264,480,270,518400,0,518400,27136,0.052,0.000,,0,0,0.000,4.777,0.000,3.986,0.765,7250,6500,6500,6,6,0,1,9500,1.000,0,14.079,0.000,0,0,0.000,0.000,0,0,0,0,0.316,0.610,0.074,1,0,0,disabled,0,0,0,38,75,38,27,10,57,57,2,4,async-output-pending,0,,0,0,0.000,0.000,0,,14.079,5115.188,45673.077,0.000,0,0,0,,12,0,0,0.000,1,0,0.753,0.186,0.566,0.000,0.000,0.000,0.000,0,0,1,1,1,0,0,1,1,0,1,0,0.860,18.787,0.000,26,0,0.000,0,0,0,0.000,0.000,0.000,0.000,0.000,0.000,0.000,0.000,23.938,0,0,0,0,0,0,0,0,0.000,0.000,0.000,0.000,0.000,0.000,0,0.468,17.334,221,226,1232,19.122,203.941,15.280,203.941,986.562,16,1,H.264,111.246,0,0,202.996,203.184,0.996,88.349,110.296,arrival-gap-jitter-spike,11164.895,0,1,1,1,1,12151.457,361.897,371.604,372.295,372.295,0,0,4,0,0,1,0,,,148.641,148.641,260,1,H.264,0,0,0,0,0,0,0,0,0,0,,98.678,0.000,101.391,0.000,0.000,0.000,120.000,stale-before-decode,0.001,312,0.000,106.473,4.609,0.086,0.349,0.001,0.000,0.348,1,0,0,1,3,0.068,19.062,17.334,33.423,17.330,1.000,Loss,0,1,0,0.000,1,1,1,1,0.060,0.000,0.060,0,100,0,9006,8407,563,0,498
13.154,Custom_loss6_delay0-100_dup0_reorder6_burst0,Loopback,1,1,0,,,0.000,0,21,338,23.823,21.838,21.803,102.535,102.416,82.248,70.184,28.213,0.065,0.244,9084,631,8511,7880,1146,702,53,344,306,38,47,0,7884,254,82,0,0,0,0,5.000,0,0,0,0,0,0,0,0,0,0,0,0,0,0,0,0.000,0.000,0.000,,248,248,1326,0,1,12.731,202.996,13.764,203.184,0.000,0.000,243,242,4732,292,76,0,848,1353,340,1,fec-recovered,pending,H.264,1,1,23,10,13,3,1,1,1,15,0,0,9692,5,0,0,0,0,0,30.680,49,53,38,30,38,0,59.197,27.998,83.526,0,0,140,12,152,0,54,4,0.480,0.520,0.921,1.000,0.069,45.000,0.400,0.600,0.000,duplicate-guard,399,3895,0,0,264,3686,848,8783,135,209,0,0,8781,predicted-useful,likely-arrival,1400,0.522,63,152,0,0,0,0,0,6,6,6,6,58,919,58,919,0,0,0,pacing,1,0.752,7.036,115.036,0,0,6,6,0,0,0,0,925,1068,52,0,1,9500000,1200000,9,0,9,9735,9726,11910102,489,599252,284,351900,0,0,0,0,0,1.128,35.700,184.562,1169.250,503,17571,9068,4120,8503,4383,0.312,21.664,3.170,503,3715373,6546135,2.011,20.506,0.445,7.009,17571,848,245,8783,166,677,5,76,76,138,7,14,4,3,4,0,0,0,68,1,1,0,4,1662,1353,1353,0,0,0,0,0,,disabled,,0,0,0,0,,1,Fixed Quality,Hybrid,85,30,9500,12000,640,360,H.264,480,270,518400,27136,518400,27136,0.052,0.000,,0,0,0.000,1.801,0.000,0.000,0.069,7000,6500,6500,6,6,0,1,9500,0.974,1,15.479,0.000,0,0,3.028,0.000,3732,0,0,0,0.000,0.000,1.000,1,0,0,fixed-pacing-queue-hold,23,1,1,42,83,42,31,10,61,61,2,4,decoder-sync-observed,0,,0,0,17.615,22.851,0,,0.000,0.000,0.000,0.000,0,0,0,,13,0,0,3.843,0,341,0.069,0.000,0.000,0.068,0.000,0.046,0.007,1,1,1,1,0,1,1,0,0,0,1,0,0.860,95.398,0.000,24,0,0.000,0,0,0,0.000,0.000,0.000,0.000,0.000,0.000,0.000,1.725,8.270,0,0,0,0,0,0,0,0,0.000,0.000,0.000,0.000,0.000,0.000,0,0.444,21.839,243,248,1326,13.729,203.941,15.280,203.941,986.562,16,1,H.264,111.246,0,0,202.996,203.184,0.996,88.349,110.296,arrival-gap-jitter-spike,12167.182,0,1,1,1,1,13153.744,361.897,371.604,372.295,372.295,0,0,5,0,0,2,1,latency-pressure freshness,latency-over-80ms,138.361,148.641,313,1,decoded,0,0,0,0,0,0,0,0,0,0,,104.839,0.000,107.573,0.000,0.000,0.000,131.267,stale-before-upload,0.000,338,0.000,112.188,4.228,0.075,0.540,0.283,0.000,0.257,1,0,0,1,3,0.065,23.823,21.838,28.213,21.803,1.000,RecoveryDeadline,0,1,0,1.000,1,1,1,1,0.060,0.000,0.060,0,100,0,9739,9100,603,0,544
14.160,Custom_loss6_delay0-100_dup0_reorder6_burst0,Loopback,1,1,0,,,0.000,0,21,365,20.840,18.947,18.928,98.348,102.793,34.464,67.436,13.678,0.067,0.251,9855,707,9255,8548,1260,777,59,372,326,46,52,0,8552,272,91,0,0,0,0,5.000,0,0,0,0,0,0,0,0,0,0,0,0,0,0,0,0.000,0.000,0.000,,265,265,1424,0,1,33.326,202.996,34.307,203.184,0.000,0.000,260,259,5139,318,84,0,919,1466,367,1,nack-sent,pending,H.264,1,1,24,12,12,0,0,2,4,28,2,0,10522,6,10546,1,0,0,0,47.498,58,59,46,38,46,0,60.226,26.317,83.526,0,0,163,10,173,0,62,4,0.496,0.504,0.942,1.000,0.061,45.000,0.000,1.000,0.000,duplicate-guard,439,4186,0,0,285,3948,919,9400,154,238,0,0,9397,predicted-useful,fec-grace,1515,0.500,72,173,0,0,0,0,0,6,6,6,6,67,1078,67,1078,0,0,0,pacing,1,0.817,7.717,115.717,0,0,6,6,0,0,0,0,1084,1154,56,0,1,9500000,1200000,2,0,2,10565,10563,12935802,540,662120,311,385536,0,0,0,0,0,9.125,35.700,784.125,4800.000,545,19080,9839,4494,9241,4747,0.314,2.754,1.888,545,4669814,7798777,0.912,6.848,0.513,16.815,19080,919,263,9400,185,729,5,84,84,152,7,14,4,3,4,0,0,0,76,1,1,0,4,1796,1466,1466,0,0,0,0,0,,disabled,,0,0,0,0,,1,Fixed Quality,Hybrid,85,30,9500,12000,640,360,H.264,480,270,518400,28176,518400,28176,0.054,0.000,,0,0,0.000,1.950,0.000,0.000,0.068,7250,6750,6750,7,7,0,1,9500,1.000,0,9.601,0.000,0,0,0.000,0.000,0,0,0,0,0.335,0.607,0.058,1,0,0,disabled,24,1,1,46,94,46,35,13,67,67,2,4,decoder-sync-observed,0,,0,0,13.336,23.727,0,,0.000,0.000,0.000,0.000,0,0,0,,14,0,0,9.509,0,368,0.067,0.000,0.000,0.067,0.000,0.045,0.006,1,1,1,1,0,1,1,0,0,0,0,0,1.000,0.000,0.000,30,0,0.000,0,0,0,0.000,0.000,0.000,0.000,0.000,0.000,0.000,1.852,10.928,0,0,0,0,0,0,0,0,0.000,0.000,0.000,0.000,0.000,0.000,0,0.352,18.947,260,265,1424,34.209,203.941,15.280,203.941,986.562,16,1,H.264,111.246,0,0,202.996,203.184,0.996,88.349,110.296,arrival-gap-jitter-spike,13173.231,0,1,1,1,1,14159.793,361.897,371.604,372.295,372.295,0,0,5,0,0,2,0,,,138.361,148.641,313,1,decoded,0,0,0,0,0,0,0,0,0,0,,103.438,0.000,106.207,0.000,0.000,0.000,129.174,stale-before-upload,0.001,365,0.000,112.615,6.047,0.076,0.843,0.571,0.000,0.272,1,0,0,1,3,0.067,20.840,18.947,13.678,18.928,1.000,RecoveryDeadline,0,1,0,0.000,1,1,1,1,0.060,0.000,0.060,0,100,0,10577,9873,644,0,590
15.160,Custom_loss6_delay0-100_dup0_reorder6_burst0,Loopback,1,1,0,,,0.000,0,21,392,24.104,24.088,24.110,102.513,102.669,9.265,63.281,8.826,0.065,0.238,10634,737,9972,9235,1364,836,62,414,363,51,52,0,9239,297,93,0,0,0,0,5.000,0,0,0,0,0,0,0,0,0,0,0,0,0,0,0,0.000,0.000,0.000,,290,290,1514,0,1,49.254,202.996,50.313,203.184,0.000,0.000,285,284,5522,348,86,0,977,1583,395,1,fec-parity,pending,H.264,1,1,24,4,20,1,0,0,0,0,0,0,11347,0,0,0,0,0,0,20.171,68,62,51,43,51,0,61.329,25.937,83.526,0,0,181,9,190,0,75,4,0.523,0.477,0.953,1.000,0.051,45.000,0.333,0.667,0.000,stable,471,4464,0,0,306,4210,977,9975,165,254,0,0,9972,predicted-useful,fec-grace,1624,0.250,79,190,0,0,0,0,0,6,6,6,6,74,1198,74,1198,0,0,0,pacing,1,0.840,8.417,116.417,0,0,6,6,0,0,0,0,1204,1229,60,0,1,9500000,1200000,0,0,0,11362,11362,13914840,587,720014,336,416684,0,0,0,0,0,18.029,35.700,8984.625,4800.000,587,20567,10619,4801,9948,5147,0.311,2.614,2.508,587,5015384,14856738,1.105,0.439,0.397,3.373,20567,977,288,9975,201,771,5,86,86,157,7,14,4,3,4,0,0,0,78,1,1,0,4,1927,1583,1583,0,0,0,0,0,,disabled,,0,0,0,0,,1,Fixed Quality,Hybrid,85,30,9500,12000,640,360,H.264,480,270,518400,0,518400,28178,0.054,0.000,,0,0,0.000,4.566,0.000,3.915,0.626,7250,6750,6750,7,7,0,1,9500,1.000,0,18.029,0.000,0,0,0.000,0.000,0,0,0,0,0.358,0.595,0.047,1,0,0,disabled,0,0,0,50,101,50,38,13,72,72,1,4,async-output-pending,0,,0,0,0.000,0.000,0,,17.462,9515.812,45673.077,0.000,0,0,0,,15,0,0,0.000,1,0,0.616,0.160,0.455,0.000,0.000,0.000,0.000,0,0,1,1,1,0,0,1,1,0,1,0,0.860,127.972,0.000,26,0,0.000,0,0,0,0.000,0.000,0.000,0.000,0.000,0.000,0.000,0.000,21.000,0,0,0,0,0,0,0,0,0.000,0.000,0.000,0.000,0.000,0.000,0,0.472,24.088,285,290,1514,50.354,203.941,15.280,203.941,986.562,16,1,H.264,111.246,0,0,202.996,203.184,0.996,88.349,110.296,arrival-gap-jitter-spike,14173.987,0,1,1,1,1,15160.549,361.897,371.604,372.295,372.295,0,0,5,0,0,2,0,,,138.361,148.641,313,1,decoded,0,0,0,0,0,0,0,0,0,0,,104.716,0.000,107.673,0.000,0.000,0.000,131.257,stale-before-upload,0.001,392,0.000,113.083,4.927,0.086,0.281,0.000,0.000,0.280,1,0,0,1,3,0.065,24.104,24.088,8.826,24.110,1.000,Loss,0,1,0,0.000,0,1,1,1,0.060,0.000,0.060,0,100,0,11377,10660,693,0,636
16.168,Custom_loss6_delay0-100_dup0_reorder6_burst0,Loopback,1,1,0,,,0.000,0,21,420,19.173,19.164,18.998,99.553,102.707,14.698,60.042,25.817,0.064,0.242,11411,778,10692,9914,1457,892,70,437,384,53,58,0,9918,316,101,0,0,0,0,5.000,0,0,0,0,0,0,0,0,0,0,0,0,0,0,0,0.000,0.000,0.000,,309,309,1603,0,1,25.093,202.996,26.341,203.184,0.000,0.000,304,303,5901,369,94,0,1041,1682,421,1,fec-parity,pending,H.264,1,1,24,22,2,5,4,3,14,44,1,1,12160,19,12171,0,0,0,0,96.982,73,70,53,45,53,0,61.379,27.178,85.177,0,0,196,10,206,0,78,4,0.510,0.490,0.951,1.000,0.049,44.000,0.000,0.000,0.000,insufficient-sample,511,4735,0,0,328,4452,1041,10572,183,283,0,0,10569,predicted-useful,likely-arrival,1734,0.042,85,206,0,0,0,0,0,6,6,6,6,80,1299,80,1299,0,0,0,pacing,1,0.842,7.144,115.144,0,0,6,6,0,0,0,0,1305,1313,64,0,1,9500000,1200000,0,0,0,12188,12188,14926874,633,776662,362,449076,0,0,0,0,0,15.274,35.700,5589.188,4800.000,629,22101,11409,5156,10692,5536,0.311,32.123,0.000,629,4658849,8098069,0.756,1.438,0.399,15.967,22101,1041,307,10572,216,820,5,94,94,173,7,14,4,3,4,0,0,0,86,1,1,0,4,2061,1682,1682,0,0,0,0,0,,disabled,,0,0,0,0,,1,Fixed Quality,Hybrid,85,30,9500,12000,640,360,H.264,480,270,518400,28176,518400,28176,0.054,0.000,,0,0,0.000,2.251,0.000,0.000,0.103,7250,6750,6750,7,7,0,1,9500,1.000,0,15.274,0.000,0,0,0.000,0.000,0,0,0,0,0.354,0.597,0.049,1,0,0,disabled,24,1,1,54,109,54,39,16,77,77,2,4,decoder-sync-observed,0,,0,0,1.494,23.727,0,,0.000,0.000,0.000,0.000,0,0,0,,16,0,0,9.966,0,423,0.102,0.000,0.000,0.102,0.000,0.072,0.010,1,1,1,1,0,1,1,0,0,0,1,0,0.860,140.327,0.000,26,0,0.000,0,0,0,0.000,0.000,0.000,0.000,0.000,0.000,0.000,2.103,17.801,0,0,0,0,0,0,0,0,0.000,0.000,0.000,0.000,0.000,0.000,0,0.450,19.164,304,309,1603,26.122,203.941,15.280,203.941,986.562,16,1,H.264,111.246,0,0,202.996,203.184,0.996,88.349,110.296,arrival-gap-jitter-spike,15181.141,0,1,1,1,1,16167.703,361.897,371.604,372.295,372.295,0,0,5,0,0,2,0,,,138.361,148.641,313,1,decoded,0,0,0,0,0,0,0,0,0,0,,105.359,0.000,108.226,0.000,0.000,0.000,129.776,stale-before-upload,0.000,420,0.000,114.623,5.914,0.077,0.623,0.382,0.000,0.241,1,0,0,1,3,0.064,19.173,19.164,25.817,18.998,1.000,Loss,0,1,0,1.000,1,1,1,1,0.060,0.000,0.060,0,100,0,12204,11434,742,0,692
17.174,Custom_loss6_delay0-100_dup0_reorder6_burst0,Loopback,1,1,0,,,0.000,0,21,448,21.392,21.399,21.398,99.004,102.705,82.897,61.471,8.335,0.064,0.239,12216,841,11460,10619,1560,958,77,466,410,56,59,0,10623,338,106,0,0,0,0,5.000,0,0,0,0,0,0,0,0,0,0,0,0,0,0,0,0.000,0.000,0.000,,331,331,1694,0,1,37.263,202.996,38.412,203.184,0.000,0.000,326,325,6306,394,99,0,1108,1801,450,1,nack-sent,pending,H.264,0,1,24,18,6,1,1,2,6,19,0,0,13017,18,0,0,0,0,0,70.867,77,77,56,48,56,0,62.162,27.389,85.177,0,0,210,13,223,0,81,6,0.500,0.500,0.942,1.000,0.069,38.000,0.250,0.750,0.500,retransmit-late,547,5052,0,0,352,4745,1108,11187,195,307,0,0,11184,predicted-useful,fec-grace,1847,0.708,92,223,0,0,0,0,0,7,7,7,7,87,1415,87,1415,0,0,0,pacing,1,0.823,9.917,117.917,0,0,7,7,0,0,0,0,1422,1397,68,0,1,9500000,1200000,11,0,11,13075,13064,16000536,680,834556,388,481468,0,0,0,0,0,0.502,35.700,887.062,2034.000,673,23644,12196,5577,11448,5871,0.314,28.075,0.044,673,5309502,8600435,0.932,14.790,0.471,12.102,23644,1107,329,11181,229,873,5,99,99,181,9,18,2,3,6,0,0,0,89,1,1,0,4,2203,1801,1801,0,0,0,0,0,,disabled,,0,0,0,0,,1,Fixed Quality,Hybrid,85,30,9500,12000,640,360,H.264,480,270,518400,28178,518400,28178,0.054,0.000,,0,0,0.000,1.943,0.000,0.000,0.089,7250,6750,6750,7,7,0,1,9500,1.000,0,14.565,0.000,0,0,0.000,0.000,0,0,0,0,0.345,0.596,0.058,1,0,0,disabled,24,1,1,58,115,58,41,16,82,82,2,4,decoder-sync-observed,0,,0,0,0.080,23.729,0,,0.000,0.000,0.000,0.000,0,0,0,,17,0,0,3.099,0,452,0.089,0.000,0.000,0.089,0.000,0.063,0.008,1,1,1,1,0,1,1,0,0,0,1,0,0.860,73.347,0.000,26,0,0.000,0,0,0,0.000,0.000,0.000,0.000,0.000,0.000,0.000,1.824,7.482,0,0,0,0,0,0,0,0,0.000,0.000,0.000,0.000,0.000,0.000,0,0.328,21.399,326,331,1694,38.622,203.941,15.280,203.941,986.562,16,1,H.264,111.246,0,0,202.996,203.184,0.996,88.349,110.296,arrival-gap-jitter-spike,16187.313,0,1,1,1,1,17173.875,361.897,371.604,372.295,372.295,0,0,5,0,0,2,0,,,138.361,148.641,313,1,decoded,0,0,0,0,0,0,0,0,0,0,,99.440,0.000,102.265,0.000,0.000,0.000,129.502,stale-before-upload,0.001,448,0.000,107.419,4.822,0.076,0.761,0.479,0.000,0.282,1,0,0,1,3,0.064,21.392,21.399,8.335,21.398,1.000,RecoveryDeadline,0,1,0,1.000,0,1,1,1,0.060,0.000,0.060,0,100,0,13081,12244,789,0,731
18.174,Custom_loss6_delay0-100_dup0_reorder6_burst0,Loopback,1,1,0,,,0.000,0,21,475,21.906,21.908,21.928,94.794,102.664,38.794,60.137,19.014,0.066,0.240,12979,923,12214,11291,1661,1020,80,497,437,60,64,0,11295,358,113,0,0,0,0,5.000,0,0,0,0,0,0,0,0,0,0,0,0,0,0,0,0.000,0.000,0.000,,351,351,1794,0,1,70.519,202.996,71.599,203.184,0.000,0.000,346,345,6716,418,106,0,1175,1921,477,1,nack-sent,pending,H.264,0,1,24,11,13,3,0,2,4,30,0,0,13835,12,0,0,0,0,0,68.795,81,80,60,52,60,0,62.251,27.478,85.177,0,0,221,12,233,0,87,6,0.503,0.497,0.948,1.000,0.065,41.000,0.200,0.800,0.000,duplicate-guard,588,5357,0,0,373,5020,1175,11849,215,337,0,0,11845,predicted-useful,likely-arrival,1958,0.708,96,233,0,0,0,0,0,7,7,7,7,91,1485,91,1485,0,0,0,pacing,1,0.838,12.396,120.396,0,0,7,7,0,0,0,0,1492,1480,72,0,1,9500000,1200000,6,0,6,13895,13889,17010704,720,883742,413,512616,0,0,0,0,0,5.033,35.700,750.375,4800.000,717,25190,12976,6004,12214,6210,0.316,50.109,0.000,717,6371135,9217812,0.963,3.011,0.562,16.456,25190,1174,349,11836,246,923,5,106,106,194,9,18,2,3,6,0,0,0,96,1,1,0,4,2347,1921,1921,0,0,0,0,0,,disabled,,0,0,0,0,,1,Fixed Quality,Hybrid,85,30,9500,12000,640,360,H.264,480,270,518400,28178,518400,28178,0.054,0.000,,0,0,0.000,2.148,0.000,0.000,0.139,7250,6750,6750,7,7,0,1,9500,1.000,0,24.660,0.000,0,0,0.000,0.000,0,0,0,0,0.348,0.601,0.052,1,0,0,disabled,24,1,1,62,122,62,44,16,88,88,2,4,decoder-sync-observed,0,,0,0,28.247,23.729,0,,0.000,0.000,0.000,0.000,0,0,0,,18,0,0,7.717,0,479,0.138,0.000,0.000,0.138,0.000,0.063,0.055,1,1,1,1,0,1,1,0,0,0,0,0,1.000,0.000,0.000,30,0,0.000,0,0,0,0.000,0.000,0.000,0.000,0.000,0.000,0.000,1.967,11.527,0,0,0,0,0,0,0,0,0.000,0.000,0.000,0.000,0.000,0.000,0,0.396,21.908,346,351,1794,71.507,203.941,15.280,203.941,986.562,16,1,H.264,111.246,0,0,202.996,203.184,0.996,88.349,110.296,arrival-gap-jitter-spike,17187.295,0,1,1,1,1,18173.857,361.897,371.604,372.295,372.295,0,0,5,0,0,2,0,,,138.361,148.641,313,1,decoded,0,0,0,0,0,0,0,0,0,0,,100.237,0.000,103.033,0.000,0.000,0.000,127.397,stale-before-upload,0.001,475,0.000,108.642,5.204,0.081,0.817,0.586,0.000,0.231,1,0,0,1,3,0.066,21.906,21.908,19.014,21.928,1.000,Loss,0,1,0,0.200,0,1,1,1,0.060,0.000,0.060,0,100,0,13907,13005,848,0,769
19.181,Custom_loss6_delay0-100_dup0_reorder6_burst0,Loopback,1,1,0,,,0.000,0,21,504,19.622,19.607,19.708,98.094,102.663,99.571,62.327,24.131,0.065,0.246,13816,955,12985,12030,1770,1093,92,518,458,60,67,0,12034,378,123,0,0,0,0,5.000,0,0,0,0,0,0,0,0,0,0,0,0,0,0,0,0.000,0.000,0.000,,371,371,1885,0,1,25.774,202.996,26.832,203.184,0.000,0.000,366,365,7149,438,116,0,1255,2049,505,1,expired-no-slack,expired,H.264,0,1,24,22,2,6,3,3,12,38,1,0,14684,0,14714,0,0,0,0,130.500,89,92,60,52,60,0,62.251,27.478,85.177,0,0,241,13,254,0,89,10,0.492,0.508,0.949,1.000,0.101,36.000,0.000,1.000,0.500,retransmit-late,620,5677,0,0,395,5326,1255,12642,225,351,0,0,12637,predicted-useful,fec-grace,2086,0.625,105,254,0,0,0,0,0,8,8,8,8,100,1630,100,1630,0,0,0,pacing,1,0.770,6.744,114.744,0,0,8,8,0,0,0,0,1638,1575,75,0,1,9500000,1200000,0,0,0,14756,14756,18073218,771,946610,437,542512,0,0,0,0,0,19.416,35.700,8147.438,4800.000,760,26784,13801,6326,12983,6657,0.314,23.348,0.418,760,6919495,10865243,1.012,14.564,0.455,15.445,26784,1255,369,12642,267,983,5,116,116,209,13,23,2,6,7,0,0,0,102,1,1,0,4,2490,2049,2049,0,0,0,0,0,,disabled,,0,0,0,0,,1,Fixed Quality,Hybrid,85,30,9500,12000,640,360,H.264,480,270,518400,0,518400,28178,0.054,0.000,,0,0,0.000,4.703,0.000,4.074,0.591,7250,6750,6750,7,7,0,1,9500,1.000,0,19.416,0.000,0,0,0.000,0.000,0,0,0,0,0.350,0.598,0.051,1,0,0,disabled,0,0,0,65,130,65,46,19,93,93,0,4,async-output-pending,0,,0,0,0.000,0.000,0,,0.000,0.000,0.000,0.000,0,0,0,,19,0,0,0.000,1,0,0.584,0.167,0.415,0.000,0.000,0.000,0.000,0,0,1,1,1,0,0,1,1,0,0,0,1.000,0.000,0.000,30,0,0.000,0,0,0,0.000,0.000,0.000,0.000,0.000,0.000,0.000,0.000,20.499,0,0,0,0,0,0,0,0,0.000,0.000,0.000,0.000,0.000,0.000,0,0.371,19.607,366,371,1885,27.126,203.941,15.280,203.941,986.562,16,1,H.264,111.246,0,0,202.996,203.184,0.996,88.349,110.296,arrival-gap-jitter-spike,18195.042,0,1,1,1,1,19181.604,361.897,371.604,372.295,372.295,0,0,5,0,0,2,0,,,138.361,148.641,313,1,decoded,0,0,0,0,0,0,0,0,0,0,,102.315,0.000,105.388,0.000,0.000,0.000,129.047,stale-before-upload,0.000,504,0.000,110.532,4.768,0.074,0.930,0.688,0.000,0.242,1,0,0,1,3,0.065,19.622,19.607,24.131,19.708,2.000,RecoveryDeadline,0,1,0,1.000,0,1,1,1,0.060,0.000,0.060,0,100,0,14775,13846,909,0,815
20.182,Custom_loss6_delay0-100_dup0_reorder6_burst0,Loopback,1,1,0,,,0.000,0,21,534,18.658,18.656,18.694,95.121,102.626,97.280,64.167,44.203,0.064,0.250,14654,1000,13770,12770,1888,1159,99,554,491,63,76,0,12774,397,132,0,0,0,0,5.000,0,0,0,0,0,0,0,0,0,0,0,0,0,0,0,0.000,0.000,0.000,,390,390,1982,0,1,8.222,202.996,9.394,203.184,0.000,0.000,385,384,7569,460,125,0,1329,2169,535,1,fec-recovered,pending,H.264,0,1,24,24,0,5,4,2,5,14,0,1,15576,5,15601,0,0,0,0,97.589,95,99,63,55,63,0,62.368,26.729,85.177,0,0,257,13,270,0,96,11,0.490,0.510,0.952,1.000,0.103,44.000,0.500,0.500,0.000,insufficient-sample,659,6006,0,0,417,5626,1329,13314,242,380,0,0,13309,predicted-useful,fec-grace,2206,0.542,111,270,0,0,0,0,0,8,8,8,8,106,1727,106,1727,0,0,0,pacing,1,0.801,7.528,115.528,0,0,8,8,0,0,0,0,1735,1664,79,0,1,9500000,1200000,11,0,11,15672,15661,19182382,817,1003258,464,575524,0,0,0,0,0,0.569,35.700,966.625,4800.000,806,28392,14626,6722,13766,7044,0.315,42.399,0.000,806,7704133,11534714,0.444,11.193,0.513,24.360,28392,1329,388,13314,285,1039,5,125,125,221,14,24,1,7,7,0,0,0,110,1,1,0,4,2633,2169,2169,0,0,0,0,0,,disabled,,0,0,0,0,,1,Fixed Quality,Hybrid,85,30,9500,12000,640,360,H.264,480,270,518400,28176,518400,28176,0.054,0.000,,0,0,0.000,2.177,0.000,0.000,0.080,7250,6750,6750,7,7,0,1,9500,1.000,0,16.389,0.000,0,0,0.000,0.000,0,0,0,0,0.352,0.600,0.048,1,0,0,disabled,24,1,1,69,139,69,51,19,100,100,1,4,decoder-sync-observed,0,,0,0,18.091,23.727,0,,0.000,0.000,0.000,0.000,0,0,0,,20,0,0,6.772,0,538,0.080,0.000,0.000,0.079,0.000,0.052,0.010,1,1,1,1,0,1,1,0,0,0,0,0,1.000,0.000,0.000,30,0,0.000,0,0,0,0.000,0.000,0.000,0.000,0.000,0.000,0.000,2.062,10.941,0,0,0,0,0,0,0,0,0.000,0.000,0.000,0.000,0.000,0.000,0,0.449,18.656,385,390,1982,9.210,203.941,15.280,203.941,986.562,16,1,H.264,111.246,0,0,202.996,203.184,0.996,88.349,110.296,arrival-gap-jitter-spike,19195.282,0,1,1,1,1,20181.844,361.897,371.604,372.295,372.295,0,0,5,0,0,2,0,,,138.361,148.641,313,1,decoded,0,0,0,0,0,0,0,0,0,0,,104.047,0.000,106.846,0.000,0.000,0.000,132.560,stale-before-upload,0.000,534,0.000,113.238,5.934,0.074,0.306,0.001,0.000,0.305,1,0,0,1,3,0.064,18.658,18.656,44.203,18.694,1.000,Jitter,0,1,0,1.000,2,2,2,1,0.060,0.000,0.060,0,100,0,15681,14687,949,0,871
21.183,Custom_loss6_delay0-100_dup0_reorder6_burst0,Loopback,1,1,0,,,0.000,0,21,563,22.872,22.875,21.369,105.574,102.496,96.561,65.787,19.742,0.064,0.249,15410,1050,14473,13423,1999,1226,108,585,520,65,80,0,13427,419,139,0,0,0,0,5.000,0,0,0,0,0,0,0,0,0,0,0,0,0,0,0,0.000,0.000,0.000,,412,412,2075,0,1,22.937,202.996,23.979,203.184,0.000,0.000,407,404,7978,484,132,0,1396,2283,564,1,fec-recovered,pending,H.264,0,1,22,12,10,5,1,1,6,17,0,0,16429,20,0,0,0,0,0,71.304,101,108,65,57,65,0,62.489,26.883,85.177,0,0,274,15,289,0,101,12,0.483,0.517,0.948,1.000,0.106,43.000,0.200,0.800,0.000,duplicate-guard,696,6285,0,0,437,5879,1396,14022,259,406,0,0,14017,predicted-useful,fec-grace,2321,0.545,118,289,0,0,0,0,0,9,9,9,9,113,1846,113,1846,0,0,0,pacing,1,0.821,5.309,113.309,0,0,9,9,0,0,0,0,1855,1748,83,0,1,9500000,1200000,0,0,0,16444,16444,20140980,866,1063640,491,609160,0,0,0,0,0,17.946,35.700,10882.688,4800.000,849,29866,15393,7077,14473,7396,0.315,28.087,1.175,849,3836932,6477837,1.468,8.811,0.516,14.277,29866,1396,408,14022,306,1085,5,132,132,239,16,30,4,7,9,0,0,0,115,1,1,0,4,2778,2283,2283,0,0,0,0,0,,disabled,,0,0,0,0,,1,Fixed Quality,Hybrid,85,30,9500,12000,640,360,H.264,480,270,518400,0,518400,26096,0.050,0.000,,0,0,0.000,5.861,0.000,4.962,0.858,6000,6250,6250,8,8,0,1,9500,0.820,1,17.946,0.000,0,0,0.000,0.000,0,0,0,0,0.349,0.599,0.052,1,0,0,latency-pressure-freshness-hold,0,0,0,73,147,73,53,21,106,106,0,4,async-output-pending,0,,0,0,0.000,0.000,0,,0.000,0.000,0.000,0.000,0,0,0,,21,0,0,0.000,1,0,0.849,0.256,0.591,0.000,0.000,0.000,0.000,0,0,1,1,1,0,0,1,1,0,0,0,1.000,0.000,0.000,27,0,0.000,0,0,0,0.000,0.000,0.000,0.000,0.000,0.000,0.000,0.000,10.085,0,0,0,0,0,0,0,0,0.000,0.000,0.000,0.000,0.000,0.000,0,0.466,22.874,407,412,2075,24.447,203.941,15.280,203.941,986.562,16,1,H.264,111.246,0,0,202.996,203.184,0.996,88.349,110.296,arrival-gap-jitter-spike,20196.218,0,1,1,1,1,21182.780,361.897,371.604,372.295,372.295,0,0,6,0,0,3,1,latency-pressure freshness,latency-over-80ms,149.047,149.047,554,1,decoded,0,0,0,0,0,0,0,0,0,0,,97.048,0.000,99.344,4.757,0.000,115.464,132.787,stale-before-upload,0.001,562,0.000,98.203,4.177,0.076,0.867,0.581,0.000,0.286,1,0,0,1,3,0.064,22.872,22.875,19.742,21.369,1.000,RecoveryDeadline,0,1,0,1.000,1,1,1,1,0.060,0.000,0.060,0,100,0,16465,15443,991,0,922
22.189,Custom_loss6_delay0-100_dup0_reorder6_burst0,Loopback,1,1,0,,,0.000,0,21,590,19.597,19.590,20.022,97.294,102.400,104.199,67.616,22.927,0.063,0.250,16148,1091,15164,14073,2111,1291,112,624,554,70,84,0,14077,439,146,0,0,0,0,5.000,0,0,0,0,0,0,0,0,0,0,0,0,0,0,0,0.000,0.000,0.000,,432,432,2167,0,1,27.149,202.996,28.101,203.184,0.000,0.000,427,425,8369,509,139,0,1462,2393,592,1,fec-recovered,pending,H.264,0,1,22,6,16,3,1,0,0,0,0,0,17233,21,0,0,0,0,0,21.162,109,112,70,62,70,0,62.335,26.291,85.177,0,0,291,16,307,0,106,13,0.493,0.507,0.948,1.000,0.109,41.000,0.000,1.000,0.000,duplicate-guard,730,6561,0,0,457,6131,1462,14654,273,430,0,0,14649,predicted-useful,fec-grace,2433,0.727,124,307,0,0,0,0,0,9,9,9,9,119,1930,119,1930,0,0,0,pacing,1,0.794,9.293,117.293,0,0,9,9,0,0,0,0,1939,1830,87,0,1,9500000,1200000,0,0,0,17218,17218,21096910,912,1120608,515,638760,0,0,0,0,0,16.761,35.700,9476.688,4800.000,888,31279,16128,7433,15151,7718,0.315,52.480,5.017,888,4953753,7928701,2.746,8.576,0.483,24.626,31279,1462,428,14654,327,1130,5,139,139,253,17,32,2,7,10,0,0,0,121,1,1,0,4,2915,2393,2393,0,0,0,0,0,,disabled,,0,0,0,0,,1,Fixed Quality,Hybrid,85,30,9500,12000,640,360,H.264,480,270,518400,0,518400,26096,0.050,0.000,,0,0,0.000,5.571,0.000,4.882,0.643,6750,6250,6250,8,8,0,1,9500,0.924,1,16.761,0.000,0,0,0.000,0.000,0,0,0,0,0.355,0.593,0.052,1,0,0,fixed-pacing-queue-hold,0,0,0,77,155,77,57,21,113,113,0,4,async-output-pending,0,,0,0,0.000,0.000,0,,0.000,0.000,0.000,0.000,0,0,0,,22,0,0,0.000,1,0,0.635,0.184,0.449,0.000,0.000,0.000,0.000,0,0,1,1,1,0,0,1,1,0,1,0,0.860,136.965,0.000,24,0,0.000,0,0,0,0.000,0.000,0.000,0.000,0.000,0.000,0.000,0.000,29.276,0,0,0,0,0,0,0,0,0.000,0.000,0.000,0.000,0.000,0.000,0,0.466,19.590,427,432,2167,28.147,203.941,15.280,203.941,986.562,16,1,H.264,111.246,0,0,202.996,203.184,0.996,88.349,110.296,arrival-gap-jitter-spike,21202.176,0,1,1,1,1,22188.738,361.897,371.604,372.295,372.295,0,0,6,0,0,3,0,,,149.047,149.047,554,1,decoded,0,0,0,0,0,0,0,0,0,0,,101.758,0.000,104.436,0.000,0.000,0.000,128.647,stale-before-upload,0.001,590,0.000,110.779,5.894,0.081,0.506,0.272,0.000,0.234,1,0,0,1,3,0.063,19.597,19.590,22.927,20.022,1.000,RecoveryDeadline,0,1,0,2.000,1,2,2,1,0.060,0.000,0.060,0,100,0,17240,16179,1033,0,966
23.192,Custom_loss6_delay0-100_dup0_reorder6_burst0,Loopback,1,1,0,,,0.000,0,21,617,21.985,21.995,19.148,97.809,102.436,14.851,65.217,15.115,0.063,0.248,16895,1145,15869,14724,2216,1360,123,649,575,74,84,0,14728,460,152,0,0,0,0,5.000,0,0,0,0,0,0,0,0,0,0,0,0,0,0,0,0.000,0.000,0.000,,453,453,2259,0,1,29.247,202.996,30.370,203.184,0.000,0.000,447,445,8774,534,145,0,1537,2505,619,1,fec-parity,pending,H.264,0,1,23,6,17,1,0,0,0,0,0,0,18023,8,0,0,0,0,0,27.561,116,123,74,66,74,0,63.006,26.204,85.177,0,0,313,17,330,0,109,16,0.485,0.515,0.948,1.000,0.128,35.000,0.250,0.750,0.333,retransmit-late,761,6847,0,0,477,6398,1537,15391,284,449,0,0,15386,predicted-useful,fec-grace,2550,0.000,133,330,0,0,0,0,0,9,9,9,9,128,2073,128,2073,0,0,0,pacing,1,0.827,8.453,116.453,0,0,9,9,0,0,0,0,2082,1915,90,0,1,9500000,1200000,9,0,9,18050,18041,22110236,964,1184880,540,669900,0,0,0,0,0,0.743,35.700,86.000,4800.000,929,32738,16881,7758,15857,8099,0.315,11.204,0.992,929,5818079,9412903,1.694,-11.009,0.446,17.957,32738,1537,449,15391,348,1184,5,145,145,264,19,36,2,7,12,0,0,0,125,1,1,0,4,3053,2505,2505,0,0,0,0,0,,disabled,,0,0,0,0,,1,Fixed Quality,Hybrid,85,30,9500,12000,640,360,H.264,480,270,518400,27136,518400,27136,0.052,0.000,,0,0,0.000,1.847,0.000,0.000,0.110,7250,6500,6500,9,9,0,1,9500,1.000,0,12.886,0.000,0,0,0.000,0.000,0,0,0,0,0.352,0.597,0.052,1,0,0,disabled,23,0,0,80,164,80,60,24,120,120,0,4,large-au-observed,0,,0,0,14.815,22.851,0,,0.000,0.000,0.000,0.000,0,0,0,,23,0,0,9.477,0,620,0.110,0.000,0.000,0.109,0.000,0.076,0.013,1,1,1,1,0,1,1,0,0,0,0,0,1.000,0.000,0.000,30,0,0.000,0,0,0,0.000,0.000,0.000,0.000,0.000,0.000,0.000,1.729,13.590,0,0,0,0,0,0,0,0,0.000,0.000,0.000,0.000,0.000,0.000,0,0.352,21.995,447,453,2259,30.199,203.941,15.280,203.941,986.562,16,1,H.264,111.246,0,0,202.996,203.184,0.996,88.349,110.296,arrival-gap-jitter-spike,22205.921,0,1,1,1,1,23192.483,361.897,371.604,372.295,372.295,0,0,6,0,0,3,0,,,149.047,149.047,554,1,decoded,0,0,0,0,0,0,0,0,0,0,,103.263,0.000,107.116,0.000,0.000,0.000,128.904,stale-before-upload,0.001,616,0.000,110.298,2.819,0.080,0.352,0.052,0.000,0.300,1,0,0,1,3,0.063,21.985,21.995,15.115,19.148,1.000,RecoveryDeadline,0,1,0,2.000,1,2,2,1,0.060,0.000,0.060,0,100,0,18064,16927,1082,0,1014
24.195,Custom_loss6_delay0-100_dup0_reorder6_burst0,Loopback,1,1,0,,,0.000,0,21,646,23.156,23.177,20.441,97.446,102.370,16.417,63.096,27.355,0.064,0.248,17686,1212,16617,15405,2328,1420,131,687,609,78,90,0,15409,481,159,0,0,0,0,5.000,0,0,0,0,0,0,0,0,0,0,0,0,0,0,0,0.000,0.000,0.000,,474,474,2350,0,1,69.551,202.996,70.540,203.184,0.000,0.000,469,466,9191,559,152,0,1610,2629,646,1,completed,completed,H.264,0,1,24,24,0,4,4,2,10,20,0,0,18827,19,0,0,0,0,0,89.600,120,131,78,70,78,0,63.268,25.624,85.177,0,0,329,17,346,0,112,17,0.478,0.522,0.951,1.000,0.132,33.000,0.286,0.714,0.000,duplicate-guard,797,7196,0,0,500,6724,1610,16166,297,472,0,0,16161,predicted-useful,fec-grace,2668,0.000,139,346,0,0,0,0,0,9,9,9,9,134,2163,134,2163,0,0,0,pacing,1,0.773,10.181,118.181,0,0,9,9,0,0,0,0,2172,2006,94,0,1,9500000,1200000,14,0,14,18904,18890,23151040,1010,1241530,566,702292,0,0,0,0,0,0.609,35.700,481.438,4800.000,972,34275,17673,8145,16602,8457,0.315,17.485,1.202,972,4100719,7435625,1.116,1.566,0.490,8.838,34275,1610,470,16166,363,1242,5,152,152,276,19,36,2,7,12,0,0,0,132,1,1,0,4,3193,2629,2629,0,0,0,0,0,,disabled,,0,0,0,0,,1,Fixed Quality,Hybrid,85,30,9500,12000,640,360,H.264,480,270,518400,28178,518400,28178,0.054,0.000,,0,0,0.000,1.961,0.000,0.000,0.082,7250,6750,6750,10,10,0,1,9500,1.000,0,11.489,0.000,0,0,0.000,0.000,0,0,0,0,0.347,0.604,0.049,1,0,0,disabled,24,0,0,84,171,84,63,24,125,125,0,4,large-au-observed,0,,0,0,14.904,23.729,0,,0.000,0.000,0.000,0.000,0,0,0,,24,0,0,5.850,0,649,0.082,0.000,0.000,0.081,0.000,0.055,0.010,1,1,1,1,0,1,1,0,0,0,1,0,0.860,144.602,0.000,26,0,0.000,0,0,0,0.000,0.000,0.000,0.000,0.000,0.000,0.000,1.871,10.382,0,0,0,0,0,0,0,0,0.000,0.000,0.000,0.000,0.000,0.000,0,0.436,23.176,469,474,2350,70.542,203.941,15.280,203.941,986.562,16,1,H.264,111.246,0,0,202.996,203.184,0.996,88.349,110.296,arrival-gap-jitter-spike,23208.435,0,1,1,1,1,24194.997,361.897,371.604,372.295,372.295,0,0,6,0,0,3,0,,,149.047,149.047,554,1,decoded,0,0,0,0,0,0,0,0,0,0,,103.986,0.000,107.028,4.851,0.000,106.445,128.723,stale-before-upload,0.001,644,0.000,114.217,5.267,0.080,0.365,0.093,0.000,0.272,1,0,0,1,3,0.063,23.156,23.177,27.355,20.441,1.000,Loss,0,1,0,2.000,1,2,2,1,0.060,0.000,0.060,0,100,0,18914,17725,1137,0,1052
25.199,Custom_loss6_delay0-100_dup0_reorder6_burst0,Loopback,1,1,0,,,0.000,0,21,674,21.614,19.816,21.504,111.704,102.506,74.961,63.590,21.180,0.064,0.253,18515,1265,17404,16139,2430,1478,139,718,635,83,95,0,16143,500,169,0,0,0,0,5.000,0,0,0,0,0,0,0,0,0,0,0,0,0,0,0,0.000,0.000,0.000,,492,492,2442,0,1,84.600,202.996,85.635,203.184,0.000,0.000,487,485,9597,583,161,0,1685,2739,675,1,nack-sent,pending,H.264,0,1,24,18,6,4,1,2,6,19,0,0,19714,17,0,0,0,0,0,81.804,125,139,83,75,83,0,64.309,25.587,88.178,0,0,347,18,365,0,118,17,0.473,0.527,0.951,1.000,0.126,45.000,0.333,0.667,0.000,duplicate-guard,828,7503,0,0,522,7018,1685,16915,306,485,0,0,16910,predicted-useful,likely-arrival,2790,0.833,148,365,0,0,0,0,0,10,10,10,10,143,2328,143,2328,0,0,0,pacing,1,0.853,9.529,117.529,0,0,9,9,1,1,0,0,2338,2098,98,0,1,9500000,1200000,0,0,0,19763,19763,24220396,1059,1301912,592,734684,0,0,0,0,0,11.506,35.700,1053.312,3571.150,1016,35892,18504,8472,17388,8916,0.314,22.456,5.964,1016,5236441,8403209,2.966,12.962,0.436,17.259,35892,1684,489,16909,378,1301,5,161,161,293,20,38,2,7,13,0,0,0,140,1,1,0,4,3337,2739,2739,0,0,0,0,0,,disabled,,0,0,0,0,,1,Fixed Quality,Hybrid,85,30,9500,12000,640,360,H.264,480,270,518400,28178,518400,28178,0.054,0.000,,0,0,0.000,2.248,0.000,0.000,0.116,7250,6750,6750,10,10,0,1,9500,1.000,0,12.749,0.000,0,0,1.304,0.000,1244,0,0,0,0.000,0.000,1.000,1,0,0,disabled,24,0,0,88,177,88,63,26,130,130,0,4,large-au-observed,0,,0,0,17.704,23.729,0,,0.000,0.000,0.000,0.000,0,0,0,,25,0,0,5.995,0,677,0.116,0.000,0.000,0.115,0.000,0.079,0.012,1,1,1,1,0,1,1,0,0,0,0,0,1.000,0.000,0.000,30,0,0.000,0,0,0,0.000,0.000,0.000,0.000,0.000,0.000,0.000,2.116,19.732,0,0,0,0,0,0,0,0,0.000,0.000,0.000,0.000,0.000,0.000,0,0.408,19.816,487,492,2442,85.739,203.941,15.280,203.941,986.562,16,1,H.264,111.246,0,0,202.996,203.184,0.996,88.349,110.296,arrival-gap-jitter-spike,24212.034,0,1,1,1,1,25198.596,361.897,371.604,372.295,372.295,0,0,6,0,0,3,0,,,149.047,149.047,554,1,decoded,0,0,0,0,0,0,0,0,0,0,,108.526,0.000,111.653,0.000,0.000,0.000,135.852,stale-before-upload,0.001,674,0.000,117.372,5.302,0.086,0.279,0.000,0.000,0.279,1,0,0,1,3,0.064,21.614,19.816,21.180,21.504,1.000,Loss,0,1,0,1.000,1,1,1,1,0.060,0.000,0.060,0,100,0,19788,18549,1190,0,1098
26.202,Custom_loss6_delay0-100_dup0_reorder6_burst0,Loopback,1,1,0,,,0.000,0,21,704,22.615,22.620,22.996,91.178,102.580,154.740,67.236,28.664,0.063,0.250,19382,1294,18181,16887,2528,1536,147,748,661,87,97,0,16891,524,175,0,0,0,0,5.000,0,0,0,0,0,0,0,0,0,0,0,0,0,0,0,0.000,0.000,0.000,,516,516,2536,0,1,14.516,202.996,15.554,203.184,0.000,0.000,511,509,10032,611,167,0,1756,2854,706,1,fec-recovered,pending,H.264,0,1,24,17,7,4,3,0,0,0,0,0,20670,23,0,0,0,0,0,43.624,130,147,87,79,87,0,64.443,25.117,88.178,0,0,364,19,383,0,124,17,0.469,0.531,0.950,1.000,0.121,45.000,0.167,0.833,0.000,duplicate-guard,878,7843,0,0,546,7323,1756,17545,332,520,0,0,17540,predicted-useful,fec-grace,2915,0.333,156,383,0,0,0,0,0,10,10,10,10,151,2462,151,2462,0,0,0,pacing,1,0.816,9.380,117.380,0,0,10,10,0,0,0,0,2472,2190,102,0,1,9500000,1200000,11,0,11,20681,20670,25332046,1107,1361050,617,765202,0,0,0,0,0,0.593,35.700,1107.938,4800.000,1063,37535,19357,8853,18178,9325,0.314,0.326,0.073,1063,6901743,10616811,0.678,26.325,0.497,10.831,37535,1756,513,17545,396,1355,5,167,167,301,21,40,2,7,14,0,0,0,145,1,1,0,4,3489,2854,2854,0,0,0,0,0,,disabled,,0,0,0,0,,1,Fixed Quality,Hybrid,85,30,9500,12000,640,360,H.264,480,270,518400,28178,518400,28178,0.054,0.000,,0,0,0.000,2.002,0.000,0.000,0.091,7250,6750,6750,10,10,0,1,9500,1.000,0,14.890,0.000,0,0,0.000,0.000,0,0,0,0,0.339,0.611,0.050,1,0,0,disabled,24,0,0,92,184,92,66,26,136,136,0,4,large-au-observed,0,,0,0,16.894,23.729,0,,0.000,0.000,0.000,0.000,0,0,0,,26,0,0,11.675,0,707,0.091,0.000,0.000,0.090,0.000,0.063,0.010,1,1,1,1,0,1,1,0,0,0,1,0,0.860,102.194,0.000,26,0,0.000,0,0,0,0.000,0.000,0.000,0.000,0.000,0.000,0.000,1.901,15.812,0,0,0,0,0,0,0,0,0.000,0.000,0.000,0.000,0.000,0.000,0,0.479,22.620,511,516,2536,15.557,203.941,15.280,203.941,986.562,16,1,H.264,111.246,0,0,202.996,203.184,0.996,88.349,110.296,arrival-gap-jitter-spike,25215.680,0,1,1,1,1,26202.242,361.897,371.604,372.295,372.295,0,0,6,0,0,3,0,,,149.047,149.047,554,1,decoded,0,0,0,0,0,0,0,0,0,0,,104.041,0.000,106.952,0.000,0.000,0.000,125.589,stale-before-upload,0.001,704,0.000,112.066,4.627,0.096,0.290,0.001,0.000,0.289,1,0,0,1,3,0.063,22.615,22.620,28.664,22.996,1.000,RecoveryDeadline,0,1,0,0.667,3,2,2,1,0.060,0.000,0.060,0,100,0,20696,19418,1245,0,1143
27.207,Custom_loss6_delay0-100_dup0_reorder6_burst0,Loopback,1,1,0,,,0.000,0,21,732,23.775,21.971,24.496,102.135,102.798,47.723,66.486,3.806,0.064,0.246,20182,1372,18953,17581,2634,1611,151,772,678,94,100,0,17585,548,179,0,0,0,0,5.000,0,0,0,0,0,0,0,0,0,0,0,0,0,0,0,0.000,0.000,0.000,,539,539,2629,0,1,36.776,202.996,38.255,203.184,0.000,0.000,534,532,10414,642,170,0,1820,2959,733,1,fec-recovered,pending,H.264,0,1,24,23,1,4,3,2,9,21,0,0,21456,7,0,0,0,0,0,90.542,141,151,94,86,94,0,65.455,24.557,88.178,0,0,386,18,404,0,137,17,0.483,0.517,0.955,1.000,0.110,45.000,0.333,0.667,0.000,duplicate-guard,912,8110,0,0,567,7566,1820,18216,345,544,0,0,18211,predicted-useful,fec-grace,3029,0.042,163,404,0,0,0,0,0,10,10,10,10,158,2582,158,2582,0,0,0,pacing,1,0.827,10.271,118.271,0,0,10,10,0,0,0,0,2592,2272,106,0,1,9500000,1200000,14,0,14,21542,21528,26383314,1158,1423920,646,801326,0,0,0,0,0,0.531,35.700,989.688,4800.000,1105,39109,20176,9220,18933,9713,0.314,11.034,1.020,1105,6265476,9667938,0.691,-0.343,0.469,16.574,39109,1820,537,18216,417,1398,5,170,170,308,21,40,2,7,14,0,0,0,148,1,1,0,4,3619,2959,2959,0,0,0,0,0,,disabled,,0,0,0,0,,1,Fixed Quality,Hybrid,85,30,9500,12000,640,360,H.264,480,270,518400,28178,518400,28178,0.054,0.000,,0,0,0.000,2.239,0.000,0.000,0.085,7250,6750,6750,10,10,0,1,9500,1.000,0,13.931,0.000,0,0,0.000,0.000,0,0,0,0,0.349,0.606,0.045,1,0,0,disabled,24,0,0,96,195,96,70,29,143,143,0,4,large-au-observed,0,,0,0,17.344,23.729,0,,0.000,0.000,0.000,0.000,0,0,0,,27,0,0,5.781,0,736,0.085,0.000,0.000,0.084,0.000,0.057,0.008,1,1,1,1,0,1,1,0,0,0,0,0,1.000,0.000,0.000,30,0,0.000,0,0,0,0.000,0.000,0.000,0.000,0.000,0.000,0.000,2.143,10.122,0,0,0,0,0,0,0,0,0.000,0.000,0.000,0.000,0.000,0.000,0,0.438,21.971,534,539,2629,37.998,203.941,15.280,203.941,986.562,16,1,H.264,111.246,0,0,202.996,203.184,0.996,88.349,110.296,arrival-gap-jitter-spike,26220.611,0,1,1,1,1,27207.173,361.897,371.604,372.295,372.295,0,0,6,0,0,3,0,,,149.047,149.047,554,1,decoded,0,0,0,0,0,0,0,0,0,0,,105.667,0.000,108.623,0.000,0.000,0.000,131.067,stale-before-upload,0.001,732,0.000,114.070,4.994,0.094,0.271,0.001,0.000,0.270,1,0,0,1,3,0.063,23.775,21.971,3.806,24.496,1.000,RecoveryDeadline,0,1,0,1.000,0,1,1,1,0.060,0.000,0.060,0,100,0,21555,20225,1283,0,1197
28.216,Custom_loss6_delay0-100_dup0_reorder6_burst0,Loopback,1,1,0,,,0.000,0,21,763,22.334,23.092,17.621,102.035,102.902,59.555,66.229,3.156,0.063,0.247,21028,1407,19731,18324,2749,1681,157,807,710,97,104,0,18328,571,187,0,0,0,0,5.000,0,0,0,0,0,0,0,0,0,0,0,0,0,0,0,0.000,0.000,0.000,,561,561,2721,0,1,39.970,202.996,41.618,203.184,0.000,0.000,556,553,10846,668,177,0,1893,3083,763,1,completed,completed,H.264,0,1,24,24,0,6,4,2,12,25,0,0,22360,17,0,0,0,0,0,101.238,154,157,97,89,97,0,65.746,24.299,88.178,0,0,408,20,428,0,144,20,0.495,0.505,0.953,1.000,0.122,39.000,0.615,0.385,0.333,retransmit-late,945,8386,0,0,588,7823,1893,18934,357,563,0,0,18928,predicted-useful,likely-arrival,3153,0.000,173,428,0,0,0,0,0,11,11,11,11,168,2754,168,2754,0,0,0,pacing,1,0.830,6.111,114.111,0,0,11,11,0,0,0,0,2765,2360,110,0,1,9500000,1200000,13,0,13,22436,22423,27480038,1212,1490522,673,834340,0,0,0,0,0,8.551,35.700,411.062,4800.000,1149,40727,21011,9745,19716,9971,0.317,3.694,0.941,1149,5583520,9079529,0.623,11.832,0.466,10.439,40727,1893,560,18934,441,1447,5,177,177,320,23,44,2,7,16,0,0,0,153,1,1,0,4,3769,3083,3083,0,0,0,0,0,,disabled,,0,0,0,0,,1,Fixed Quality,Hybrid,85,30,9500,12000,640,360,H.264,480,270,518400,28178,518400,28178,0.054,0.000,,0,0,0.000,2.008,0.000,0.000,0.156,7250,6750,6750,10,10,0,1,9500,1.000,0,8.597,0.000,0,0,0.000,0.000,0,0,0,0,0.360,0.593,0.047,1,0,0,disabled,24,0,0,100,204,100,75,29,151,151,0,4,large-au-observed,0,,0,0,18.173,23.729,0,,0.000,0.000,0.000,0.000,0,0,0,,28,0,0,6.067,0,766,0.156,0.000,0.000,0.155,0.000,0.123,0.011,1,1,1,1,0,1,1,0,0,0,0,0,1.000,0.000,0.000,30,0,0.000,0,0,0,0.000,0.000,0.000,0.000,0.000,0.000,0.000,1.843,10.199,0,0,0,0,0,0,0,0,0.000,0.000,0.000,0.000,0.000,0.000,0,0.419,23.092,556,561,2721,41.165,203.941,15.280,203.941,986.562,16,1,H.264,111.246,0,0,202.996,203.184,0.996,88.349,110.296,arrival-gap-jitter-spike,27229.429,0,1,1,1,1,28215.991,361.897,371.604,372.295,372.295,0,0,6,0,0,3,0,,,149.047,149.047,554,1,decoded,0,0,0,0,0,0,0,0,0,0,,103.314,0.000,106.248,1.066,0.000,107.449,131.017,stale-before-upload,0.001,762,0.000,112.133,5.380,0.083,0.362,0.001,0.000,0.361,1,0,0,1,3,0.063,22.334,23.092,3.156,17.621,1.000,RecoveryDeadline,0,1,0,1.000,0,1,1,1,0.060,0.000,0.060,0,100,0,22451,21067,1338,0,1245
29.217,Custom_loss6_delay0-100_dup0_reorder6_burst0,Loopback,1,1,0,,,0.000,0,21,789,19.818,19.838,21.822,131.591,103.047,81.671,66.780,7.222,0.063,0.250,21822,1475,20497,19022,2843,1736,170,830,729,101,107,0,19026,589,196,0,0,0,0,5.000,0,0,0,0,0,0,0,0,0,0,0,0,0,0,0,0.000,0.000,0.000,,579,579,2814,0,1,42.202,202.996,43.236,203.184,0.000,0.000,574,572,11254,690,186,0,1971,3191,793,1,fec-parity,pending,H.264,0,1,24,15,9,4,2,2,6,30,0,0,23260,21,0,0,0,0,0,65.952,160,170,101,93,101,0,66.058,24.327,88.178,0,0,431,21,452,0,147,23,0.485,0.515,0.954,1.000,0.135,27.000,0.444,0.556,0.500,retransmit-late,981,8706,0,0,609,8117,1971,19759,372,589,0,0,19753,predicted-useful,fec-grace,3275,0.417,181,452,0,0,0,0,0,11,11,11,11,176,2887,176,2887,0,0,0,pacing,1,0.828,5.249,113.249,0,0,11,11,0,0,0,0,2898,2456,114,0,1,9500000,1200000,0,0,0,23270,23270,28517624,1266,1557124,699,866094,0,0,0,0,0,14.785,35.700,4541.000,4800.000,1194,42298,21807,10106,20491,10385,0.317,30.345,2.510,1194,5449957,8872955,0.880,13.889,0.498,21.547,42298,1971,578,19759,465,1501,5,186,186,335,27,51,2,9,18,0,0,0,158,1,1,0,4,3905,3191,3191,0,0,0,0,0,,disabled,,0,0,0,0,,1,Fixed Quality,Hybrid,85,30,9500,12000,640,360,H.264,480,270,518400,0,518400,28178,0.054,0.000,,0,0,0.000,5.043,0.000,4.358,0.658,7250,6750,6750,10,10,0,1,9500,1.000,0,14.785,0.000,0,0,0.000,0.000,0,0,0,0,0.354,0.600,0.046,1,0,0,disabled,0,0,0,104,215,104,80,31,159,159,0,4,async-output-pending,0,,0,0,0.000,0.000,0,,14.785,4541.000,45673.077,0.000,0,0,0,,29,0,0,0.000,1,0,0.646,0.148,0.497,0.000,0.000,0.000,0.000,0,0,1,1,1,0,0,1,1,0,1,0,0.860,24.373,0.000,26,0,0.000,0,0,0,0.000,0.000,0.000,0.000,0.000,0.000,0.000,0.000,10.361,0,0,0,0,0,0,0,0,0.000,0.000,0.000,0.000,0.000,0.000,0,0.498,19.838,574,579,2814,43.472,203.941,15.280,203.941,986.562,16,1,H.264,111.246,0,0,202.996,203.184,0.996,88.349,110.296,arrival-gap-jitter-spike,28230.630,0,1,1,1,1,29217.192,361.897,371.604,372.295,372.295,0,0,6,0,0,3,0,,,149.047,149.047,554,1,decoded,0,0,0,0,0,0,0,0,0,0,,112.299,0.000,115.367,0.000,0.000,0.000,145.000,stale-before-upload,0.001,789,0.000,121.543,5.658,0.090,0.331,0.001,0.000,0.331,1,0,0,1,3,0.063,19.818,19.838,7.222,21.822,2.000,RecoveryDeadline,0,1,0,1.000,1,1,1,1,0.060,0.000,0.060,0,100,0,23299,21865,1403,0,1301
30.217,Custom_loss6_delay0-100_dup0_reorder6_burst0,Loopback,1,1,0,,,0.000,0,21,816,17.055,17.056,17.063,102.053,102.972,100.998,67.960,17.401,0.064,0.255,22596,1534,21224,19690,2950,1798,184,857,753,104,111,0,19694,605,207,0,0,0,0,5.000,0,0,0,0,0,0,0,0,0,0,0,0,0,0,0,0.000,0.000,0.000,,595,595,2906,0,1,74.564,204.098,76.033,205.383,0.000,0.000,590,588,11655,709,197,0,2050,3303,820,1,fec-parity,pending,H.264,0,1,24,17,7,4,3,3,10,41,0,0,24076,0,0,0,0,0,0,75.741,166,184,104,96,104,0,66.051,23.905,88.178,0,0,454,24,478,0,152,26,0.474,0.526,0.950,1.000,0.146,17.000,0.250,0.750,0.333,retransmit-late,1004,9002,0,0,627,8406,2050,20752,377,596,0,0,20746,predicted-useful,fec-grace,3392,0.292,191,478,0,0,0,0,0,11,11,11,11,186,3042,186,3042,0,0,0,pacing,1,0.772,8.082,116.082,0,0,11,11,0,0,0,0,3053,2545,118,0,1,9500000,1200000,11,0,11,24136,24125,29565736,1322,1626214,725,897856,0,0,0,0,0,0.567,35.700,706.562,4800.000,1236,43785,22566,10465,21219,10754,0.317,4.384,1.613,1236,3872328,6826163,2.437,14.976,0.534,12.345,43785,2050,594,20752,489,1556,5,197,197,357,30,58,2,9,21,0,0,0,166,1,1,0,4,4042,3303,3303,0,0,0,0,0,,disabled,,0,0,0,0,,1,Fixed Quality,Hybrid,85,30,9500,12000,640,360,H.264,480,270,518400,28178,518400,28178,0.054,0.000,,0,0,0.000,2.418,0.000,0.000,0.115,7250,6750,6750,10,10,0,1,9500,1.000,0,16.377,0.000,0,0,0.000,0.000,0,0,0,0,0.347,0.603,0.050,1,0,0,disabled,24,0,0,108,224,108,85,31,167,167,0,4,large-au-observed,0,,0,0,18.018,23.729,0,,0.000,0.000,0.000,0.000,0,0,0,,30,0,0,10.505,0,822,0.114,0.000,0.000,0.114,0.000,0.079,0.011,1,1,1,1,0,1,1,0,0,0,0,0,1.000,0.000,0.000,30,0,0.000,0,0,0,0.000,0.000,0.000,0.000,0.000,0.000,0.000,2.291,14.355,0,0,0,0,0,0,0,0,0.000,0.000,0.000,0.000,0.000,0.000,0,0.585,17.056,590,595,2906,75.669,205.284,15.280,205.284,29332.690,795,1,H.264,114.483,0,0,204.098,205.383,1.000,154.925,113.289,arrival-gap-jitter-spike,884.665,0,1,1,1,1,30217.355,361.897,371.604,372.295,372.295,0,0,6,0,0,3,0,,,149.047,149.047,554,1,decoded,0,0,0,0,0,0,0,0,0,0,,102.814,0.000,105.971,0.000,0.000,0.000,131.026,stale-before-upload,0.001,816,0.000,111.488,4.904,0.094,0.285,0.001,0.000,0.284,1,0,0,1,3,0.064,17.055,17.056,17.401,17.063,1.000,RecoveryDeadline,1,1,0,1.000,1,1,1,1,0.060,0.000,0.060,0,100,0,24155,22640,1473,0,1346
31.219,Custom_loss6_delay0-100_dup0_reorder6_burst0,Loopback,1,1,0,,,0.000,0,21,848,25.812,25.820,25.717,105.222,102.884,88.203,68.635,36.372,0.064,0.251,23450,1599,22047,20448,3064,1859,191,900,787,113,114,0,20452,631,211,0,0,0,0,5.000,0,0,0,0,0,0,0,0,0,0,0,0,0,0,0,0.000,0.000,0.000,,621,621,2995,0,1,74.053,204.098,75.114,205.383,0.000,0.000,616,613,12080,744,201,0,2132,3424,848,1,completed,completed,H.264,0,1,24,24,0,5,4,3,11,26,0,0,24957,19,0,0,0,0,0,92.664,170,191,113,105,113,0,66.162,23.053,88.178,0,0,474,25,499,0,162,26,0.471,0.529,0.950,1.000,0.138,29.000,0.273,0.727,0.000,duplicate-guard,1031,9360,0,0,649,8756,2132,21791,382,604,0,0,21785,predicted-useful,fec-grace,3528,0.292,198,499,0,0,0,0,0,11,11,11,11,193,3155,193,3155,0,0,0,pacing,1,0.806,6.681,114.681,0,0,11,11,0,0,0,0,3166,2645,122,0,1,9500000,1200000,3,0,3,25027,25024,30666836,1373,1689084,750,929004,0,0,0,0,0,7.775,35.700,382.312,4800.000,1285,45480,23443,10845,22037,11192,0.316,4.147,0.764,1285,6308049,10570971,1.598,9.422,0.480,7.970,45480,2132,620,21791,513,1614,5,201,201,364,30,58,2,9,21,0,0,0,170,1,1,0,4,4187,3424,3424,0,0,0,0,0,,disabled,,0,0,0,0,,1,Fixed Quality,Hybrid,85,30,9500,12000,640,360,H.264,480,270,518400,28178,518400,28178,0.054,0.000,,0,0,0.000,2.342,0.000,0.000,0.136,7250,6750,6750,10,10,0,1,9500,1.000,0,15.651,0.000,0,0,0.000,0.000,0,0,0,0,0.341,0.609,0.050,1,0,0,disabled,24,0,0,112,233,112,89,32,175,175,0,4,large-au-observed,0,,0,0,19.084,23.729,0,,0.000,0.000,0.000,0.000,0,0,0,,31,0,0,4.219,0,851,0.136,0.000,0.000,0.135,0.000,0.102,0.012,1,1,1,1,0,1,1,0,0,0,0,0,1.000,0.000,0.000,30,0,0.000,0,0,0,0.000,0.000,0.000,0.000,0.000,0.000,0.000,2.195,10.048,0,0,0,0,0,0,0,0,0.000,0.000,0.000,0.000,0.000,0.000,0,0.474,25.820,616,621,2995,75.084,205.284,15.280,205.284,29332.690,795,1,H.264,114.483,0,0,204.098,205.383,1.000,154.925,113.289,arrival-gap-jitter-spike,1886.602,0,1,1,1,1,31219.292,361.897,371.604,372.295,372.295,0,0,6,0,0,3,0,,,149.047,149.047,554,1,decoded,0,0,0,0,0,0,0,0,0,0,,104.284,0.000,107.128,1.253,0.000,110.581,137.611,stale-before-upload,0.001,846,0.000,111.925,4.732,0.079,0.259,0.001,0.000,0.258,1,0,0,1,3,0.064,25.812,25.820,36.372,25.717,1.000,RecoveryDeadline,0,1,0,0.500,2,1,1,1,0.060,0.000,0.060,0,100,0,25055,23492,1517,0,1395
32.219,Custom_loss6_delay0-100_dup0_reorder6_burst0,Loopback,1,1,0,,,0.000,0,21,875,25.864,23.800,23.549,97.317,102.917,78.613,68.957,3.840,0.063,0.249,24093,1616,22619,21003,3166,1919,199,931,813,118,117,0,21007,653,216,0,0,0,0,5.000,0,0,0,0,0,0,0,0,0,0,0,0,0,0,0,0.000,0.000,0.000,,641,641,3088,0,1,33.942,204.098,34.823,205.383,0.000,0.000,636,633,12433,771,204,0,2199,3526,876,1,fec-recovered,pending,H.264,0,1,22,17,5,4,3,2,7,26,0,0,25678,18,0,0,0,0,0,72.874,178,199,118,109,118,0,66.779,22.677,88.178,0,0,495,26,521,0,172,26,0.472,0.528,0.950,1.000,0.131,37.000,0.375,0.625,0.000,duplicate-guard,1055,9594,0,0,666,8979,2199,22387,389,615,0,0,22381,predicted-useful,fec-grace,3637,0.318,206,521,0,0,0,0,0,12,12,12,12,199,3240,199,3240,0,0,0,pacing,1,0.774,10.414,118.414,0,0,12,12,0,0,0,0,3252,2722,126,0,1,9500000,1200000,14,0,14,25712,25698,31497484,1423,1751028,777,962632,0,0,0,0,0,4.425,35.700,413.562,4800.000,1321,46697,24086,11088,22611,11523,0.315,21.319,0.067,1321,4350530,7046746,0.871,5.620,0.441,11.832,46697,2199,642,22387,532,1662,5,204,204,371,31,60,2,9,22,0,0,0,172,1,1,0,4,4301,3526,3526,0,0,0,0,0,,disabled,,0,0,0,0,,1,Fixed Quality,Hybrid,85,30,9500,12000,640,360,H.264,480,270,518400,26094,518400,26094,0.050,0.000,,0,0,0.000,1.818,0.000,0.000,0.083,6750,6250,6250,11,11,0,1,9500,0.943,1,5.220,0.000,0,0,0.000,0.000,0,0,0,0,0.342,0.608,0.050,1,0,0,fixed-pacing-queue-hold,22,0,0,116,243,116,95,32,182,182,0,4,large-au-observed,0,,0,0,8.914,21.974,0,,0.000,0.000,0.000,0.000,0,0,0,,32,0,0,4.168,0,878,0.083,0.000,0.000,0.082,0.000,0.056,0.008,1,1,1,1,0,1,1,0,0,0,1,0,0.860,29.987,0.000,24,0,0.000,0,0,0,0.000,0.000,0.000,0.000,0.000,0.000,0.000,1.725,8.353,0,0,0,0,0,0,0,0,0.000,0.000,0.000,0.000,0.000,0.000,0,0.439,23.802,636,641,3088,34.914,205.284,15.280,205.284,29332.690,795,1,H.264,114.483,0,0,204.098,205.383,1.000,154.925,113.289,arrival-gap-jitter-spike,2886.870,0,1,1,1,1,32219.560,361.897,371.604,372.295,372.295,0,0,7,0,0,4,1,latency-pressure freshness,latency-over-80ms,131.730,149.047,853,1,decoded,0,0,0,0,0,0,0,0,0,0,,98.987,0.000,101.779,0.000,0.000,0.000,128.659,stale-before-upload,0.003,875,0.000,107.652,5.500,0.097,0.300,0.001,0.000,0.299,1,0,0,1,3,0.063,25.864,23.800,3.840,23.549,1.000,Loss,0,1,0,0.000,3,2,2,1,0.060,0.000,0.060,0,100,0,25730,24136,1553,0,1438
33.222,Custom_loss6_delay0-100_dup0_reorder6_burst0,Loopback,1,1,0,,,0.000,0,21,901,21.912,21.948,21.898,93.622,102.854,7.668,67.042,18.313,0.063,0.246,24746,1657,23235,21578,3260,1977,208,956,832,124,119,0,21582,674,220,0,0,0,0,5.000,0,0,0,0,0,0,0,0,0,0,0,0,0,0,0,0.000,0.000,0.000,,662,662,3183,0,1,26.449,204.098,27.323,205.383,0.000,0.000,656,653,12775,798,208,0,2260,3621,903,1,fec-recovered,pending,H.264,0,1,21,13,8,2,1,1,3,12,0,0,26355,2,0,0,0,0,0,61.280,181,208,124,115,124,0,66.949,22.385,88.178,0,0,513,26,539,0,177,26,0.465,0.535,0.952,1.000,0.128,45.000,0.222,0.778,0.000,duplicate-guard,1080,9810,0,0,684,9185,2260,22952,396,625,0,0,22946,predicted-useful,fec-grace,3743,0.571,214,539,0,0,0,0,0,13,13,13,13,207,3363,207,3363,0,0,0,pacing,1,0.796,7.453,115.453,0,0,13,13,0,0,0,0,3376,2798,130,0,1,9500000,1200000,0,0,0,26372,26372,32327979,1467,1805658,799,990040,0,0,0,0,0,9.541,35.700,3356.500,4800.000,1356,47949,24726,11326,23223,11897,0.314,4.557,2.004,1356,4920554,7957574,1.921,-9.693,0.506,10.732,47949,2260,661,22952,553,1702,5,208,208,376,32,61,1,10,22,0,0,0,175,1,1,0,4,4419,3621,3621,0,0,0,0,0,,disabled,,0,0,0,0,,1,Fixed Quality,Hybrid,85,30,9500,12000,640,360,H.264,480,270,518400,25056,518400,25056,0.048,0.000,,0,0,0.000,1.615,0.000,0.000,0.072,6000,6000,6000,13,13,0,1,9500,0.820,1,9.541,0.000,0,0,0.000,0.000,0,0,0,0,0.000,1.000,0.000,1,0,0,latency-pressure-freshness-hold,21,0,0,120,252,120,98,34,189,189,0,4,large-au-observed,0,,0,0,7.614,21.100,0,,0.000,0.000,0.000,0.000,0,0,0,,33,0,0,4.802,0,904,0.072,0.000,0.000,0.071,0.000,0.049,0.007,1,1,1,1,0,1,1,0,0,0,0,0,1.000,0.000,0.000,27,0,0.000,0,0,0,0.000,0.000,0.000,0.000,0.000,0.000,0.000,1.535,34.059,0,0,0,0,0,0,0,0,0.000,0.000,0.000,0.000,0.000,0.000,0,0.396,21.948,656,662,3183,27.369,205.284,15.280,205.284,29332.690,795,1,H.264,114.483,0,0,204.098,205.383,1.000,154.925,113.289,arrival-gap-jitter-spike,3889.678,0,1,1,1,1,33222.368,361.897,371.604,372.295,372.295,0,0,8,0,0,5,1,latency-pressure freshness,latency-over-80ms,163.746,163.746,882,1,H.264,0,0,0,0,0,0,0,0,0,0,,97.007,0.000,98.887,0.000,0.000,0.000,126.811,stale-before-decode,0.001,901,0.000,104.146,4.832,0.078,0.780,0.541,0.000,0.239,1,0,0,1,3,0.063,21.912,21.948,18.313,21.898,1.000,RecoveryDeadline,0,1,0,1.000,2,2,2,1,0.060,0.000,0.060,0,100,0,26405,24791,1584,0,1475
34.230,Custom_loss6_delay0-100_dup0_reorder6_burst0,Loopback,1,1,0,,,0.000,0,21,927,16.870,16.874,16.834,103.606,102.819,64.184,66.955,17.903,0.063,0.246,25412,1706,23866,22160,3355,2037,219,977,849,128,122,0,22164,694,226,0,0,0,0,5.000,0,0,0,0,0,0,0,0,0,0,0,0,0,0,0,0.000,0.000,0.000,,682,682,3276,0,1,40.502,204.098,41.375,205.383,0.000,0.000,676,673,13120,822,214,0,2319,3714,928,1,fec-recovered,pending,H.264,0,1,22,15,7,3,3,2,6,26,0,0,27051,8,0,0,0,0,0,76.217,187,219,128,119,128,0,67.214,22.239,88.178,0,0,534,28,562,0,183,27,0.461,0.539,0.950,1.000,0.129,45.000,0.250,0.750,0.000,duplicate-guard,1118,10064,0,0,704,9417,2319,23435,414,647,0,0,23428,predicted-useful,fec-grace,3841,0.455,225,562,0,0,0,0,0,14,14,14,14,218,3530,218,3530,0,0,0,pacing,1,0.804,9.665,117.665,0,0,14,14,0,0,0,0,3544,2864,134,0,1,9500000,1200000,0,0,0,27093,27093,33220753,1518,1868846,823,1019640,0,0,0,0,0,17.614,35.700,10489.625,4800.000,1394,49256,25399,11590,23857,12267,0.313,26.124,1.253,1394,4315014,6801098,0.931,56.516,0.496,18.818,49256,2319,681,23435,571,1743,5,214,214,387,33,62,1,11,22,0,0,0,180,1,1,0,4,4527,3714,3714,0,0,0,0,0,,disabled,,0,0,0,0,,1,Fixed Quality,Hybrid,85,30,9500,12000,640,360,H.264,480,270,518400,26096,518400,26096,0.050,0.000,,0,0,0.000,2.067,0.000,0.000,0.101,7250,6250,6250,14,14,0,1,9500,1.000,0,17.614,0.000,0,0,0.000,0.000,0,0,0,0,0.333,0.617,0.050,1,0,0,disabled,22,0,0,124,260,124,102,34,195,195,0,4,large-au-observed,0,,0,0,15.297,21.976,0,,0.000,0.000,0.000,0.000,0,0,0,,34,0,0,6.134,0,930,0.100,0.000,0.000,0.100,0.000,0.067,0.008,1,1,1,1,0,1,1,0,0,0,0,0,1.000,0.000,0.000,30,0,0.000,0,0,0,0.000,0.000,0.000,0.000,0.000,0.000,0.000,1.957,20.273,0,0,0,0,0,0,0,0,0.000,0.000,0.000,0.000,0.000,0.000,0,0.418,16.874,676,682,3276,41.515,205.284,15.280,205.284,29332.690,795,1,H.264,114.483,0,0,204.098,205.383,1.000,154.925,113.289,arrival-gap-jitter-spike,4897.120,0,1,1,1,1,34229.810,361.897,371.604,372.295,372.295,0,0,8,0,0,5,0,,,163.746,163.746,882,1,H.264,0,0,0,0,0,0,0,0,0,0,,104.637,0.000,107.274,0.000,0.000,0.000,131.803,stale-before-decode,0.001,927,0.000,111.471,3.758,0.076,0.908,0.671,0.000,0.237,1,0,0,1,3,0.063,16.870,16.874,17.903,16.834,1.000,RecoveryDeadline,0,1,0,1.000,0,1,1,1,0.060,0.000,0.060,0,100,0,27127,25457,1625,0,1517
35.236,Custom_loss6_delay0-100_dup0_reorder6_burst0,Loopback,1,1,0,,,0.000,0,21,954,21.377,21.304,21.874,131.786,102.842,97.456,67.852,74.879,0.063,0.242,26120,1747,24510,22763,3462,2105,225,1008,874,134,124,0,22767,717,229,0,0,0,0,5.000,0,0,0,0,0,0,0,0,0,0,0,0,0,0,0,0.000,0.000,0.000,,705,705,3372,0,1,116.189,204.098,117.088,205.383,0.000,0.000,699,694,13510,851,217,0,2380,3825,953,1,expired-no-slack,expired,H.264,1,1,22,20,2,6,3,3,9,31,2,1,27743,12,27761,5,0,0,0,168.553,196,225,134,125,134,0,67.370,21.811,88.178,0,0,555,28,583,0,193,28,0.466,0.534,0.952,1.000,0.127,45.000,0.400,0.600,0.000,duplicate-guard,1151,10285,0,0,720,9610,2380,23957,431,675,0,0,23950,predicted-useful,fec-grace,3947,0.000,232,583,0,0,0,0,0,14,14,14,14,225,3618,225,3618,0,0,0,pacing,1,0.706,11.280,119.280,0,0,14,14,0,0,0,0,3632,2940,138,0,1,9500000,1200000,4,0,4,27844,27840,34143255,1567,1929546,846,1048292,0,0,0,0,0,5.487,35.700,48.438,4800.000,1433,50601,26109,11976,24492,12516,0.314,50.684,7.093,1433,4133615,6859615,2.973,51.867,0.458,13.599,50601,2380,704,23957,594,1781,5,217,217,394,34,64,2,11,23,0,0,0,182,1,1,0,4,4665,3825,3825,0,0,0,0,0,,disabled,,0,0,0,0,,1,Fixed Quality,Hybrid,85,30,9500,12000,640,360,H.264,480,270,518400,27136,518400,27136,0.052,0.000,,0,0,0.000,2.067,0.000,0.000,0.083,7000,6500,6500,15,15,0,1,9500,0.979,1,8.272,0.000,0,0,0.000,0.000,0,0,0,0,0.000,1.000,0.000,1,0,0,fixed-pacing-queue-hold,23,0,0,128,269,128,107,34,203,203,0,4,large-au-observed,0,,0,0,11.853,22.851,0,,0.000,0.000,0.000,0.000,0,0,0,,35,0,0,5.312,0,957,0.083,0.000,0.000,0.083,0.000,0.057,0.008,1,1,1,1,0,1,1,0,0,0,0,0,1.000,0.000,0.000,24,0,0.000,0,0,0,0.000,0.000,0.000,0.000,0.000,0.000,0.000,1.973,10.050,0,0,0,0,0,0,0,0,0.000,0.000,0.000,0.000,0.000,0.000,0,0.469,21.304,699,705,3372,117.158,205.284,15.280,205.284,29332.690,795,1,H.264,114.483,0,0,204.098,205.383,1.000,154.925,113.289,arrival-gap-jitter-spike,5902.918,0,1,1,1,1,35235.608,361.897,371.604,372.295,372.295,0,0,9,0,0,6,1,latency-pressure freshness,latency-over-80ms,138.122,163.746,928,1,decoded,0,0,0,0,0,0,0,0,0,0,,110.508,0.000,113.268,4.982,0.000,141.337,145.000,stale-before-upload,0.001,952,0.000,112.940,4.862,0.094,0.343,0.001,0.000,0.342,1,0,0,1,3,0.063,21.377,21.304,74.879,21.874,2.000,RecoveryDeadline,0,1,0,1.000,1,1,1,1,0.060,0.000,0.060,0,100,0,27875,26166,1666,0,1558
36.236,Custom_loss6_delay0-100_dup0_reorder6_burst0,Loopback,1,1,0,,,0.000,0,21,982,25.371,25.379,25.604,103.298,102.818,15.437,66.355,4.486,0.063,0.239,26911,1795,25258,23463,3572,2169,232,1044,904,140,127,0,23467,741,233,0,0,0,0,5.000,0,0,0,0,0,0,0,0,0,0,0,0,0,0,0,0.000,0.000,0.000,,729,729,3467,0,1,33.987,204.098,34.930,205.383,0.000,0.000,723,719,13929,881,221,0,2455,3945,983,1,nack-sent,pending,H.264,0,1,23,20,3,4,3,3,8,22,0,0,28633,8,0,0,0,0,0,83.675,202,232,140,131,140,0,67.508,21.432,88.178,0,0,574,29,603,0,199,30,0.465,0.535,0.952,1.000,0.131,39.000,0.250,0.750,0.167,duplicate-guard,1184,10610,0,0,742,9919,2455,24730,442,691,0,0,24723,predicted-useful,fec-grace,4074,0.217,240,603,0,0,0,0,0,15,15,15,15,233,3738,233,3738,0,0,0,pacing,1,0.771,12.151,120.151,0,0,15,15,0,0,0,0,3753,3034,142,0,1,9500000,1200000,0,0,0,28678,28678,35174063,1616,1990086,871,1079432,0,0,0,0,0,11.803,35.700,1155.562,4800.000,1476,52151,26893,12361,25258,12897,0.315,14.028,1.042,1476,6495335,10139441,1.041,25.090,0.496,13.112,52151,2454,728,24727,615,1834,5,221,221,400,35,66,2,11,24,0,0,0,185,1,1,0,4,4809,3945,3945,0,0,0,0,0,,disabled,,0,0,0,0,,1,Fixed Quality,Hybrid,85,30,9500,12000,640,360,H.264,480,270,518400,0,518400,28178,0.054,0.000,,0,0,0.000,4.680,0.000,4.046,0.612,7250,6750,6750,16,16,0,1,9500,1.000,0,11.803,0.000,0,0,0.000,0.000,0,0,0,0,0.335,0.617,0.048,1,0,0,disabled,0,0,0,132,277,132,109,36,210,210,0,4,async-output-pending,0,,0,0,0.000,0.000,0,,11.803,1155.562,39583.333,0.000,0,0,0,,36,0,0,0.000,1,0,0.602,0.141,0.459,0.000,0.000,0.000,0.000,0,0,1,1,1,0,0,1,1,0,0,0,1.000,0.000,0.000,30,0,0.000,0,0,0,0.000,0.000,0.000,0.000,0.000,0.000,0.000,0.000,21.572,0,0,0,0,0,0,0,0,0.000,0.000,0.000,0.000,0.000,0.000,0,0.489,25.379,723,729,3467,34.966,205.284,15.280,205.284,29332.690,795,1,H.264,114.483,0,0,204.098,205.383,1.000,154.925,113.289,arrival-gap-jitter-spike,6903.583,0,1,1,1,1,36236.273,361.897,371.604,372.295,372.295,0,0,9,0,0,6,0,,,138.122,163.746,928,1,decoded,0,0,0,0,0,0,0,0,0,0,,102.010,0.000,104.815,0.000,0.000,0.000,131.649,stale-before-upload,0.000,982,0.000,110.387,5.061,0.075,1.072,0.728,0.000,0.344,1,0,0,1,3,0.063,25.371,25.379,4.486,25.604,1.000,Loss,0,1,0,0.000,1,1,1,1,0.060,0.000,0.060,0,100,0,28714,26960,1717,0,1603
37.243,Custom_loss6_delay0-100_dup0_reorder6_burst0,Loopback,1,1,0,,,0.000,0,21,1012,14.644,14.644,14.569,98.290,102.825,48.508,65.859,9.489,0.062,0.242,27754,1848,26052,24204,3681,2241,243,1064,923,141,133,0,24208,761,243,0,0,0,0,5.000,0,0,0,0,0,0,0,0,0,0,0,0,0,0,0,0.000,0.000,0.000,,748,748,3560,0,1,57.709,204.098,58.800,205.383,0.000,0.000,742,738,14354,902,230,0,2537,4062,1014,1,nack-sent,pending,H.264,0,1,24,10,14,3,0,1,0,14,0,0,29580,7,0,0,0,0,0,35.071,205,243,141,132,141,0,67.542,21.337,88.178,0,0,589,32,621,0,199,32,0.458,0.542,0.948,1.000,0.139,27.000,0.143,0.857,1.000,retransmit-late,1216,10941,0,0,766,10237,2537,25572,450,704,0,0,25565,predicted-useful,fec-grace,4202,0.292,248,621,0,0,0,0,0,15,15,15,15,241,3869,241,3869,0,0,0,pacing,1,0.761,13.147,121.147,0,0,15,15,0,0,0,0,3884,3133,146,0,1,9500000,1200000,10,0,10,29596,29586,36286957,1664,2049224,896,1110572,0,0,0,0,0,1.669,35.700,1091.812,4800.000,1522,53794,27746,12703,26048,13345,0.314,36.068,1.616,1522,5732016,9053473,1.067,26.686,0.421,26.072,53794,2537,748,25572,633,1899,5,230,230,417,38,70,1,13,25,0,0,0,191,1,1,0,4,4959,4062,4062,0,0,0,0,0,,disabled,,0,0,0,0,,1,Fixed Quality,Hybrid,85,30,9500,12000,640,360,H.264,480,270,518400,28178,518400,28178,0.054,0.000,,0,0,0.000,2.105,0.000,0.000,0.068,7250,6750,6750,16,16,0,1,9500,1.000,0,8.345,0.000,0,0,0.000,0.000,0,0,0,0,0.330,0.618,0.052,1,0,0,disabled,24,0,0,136,284,136,112,36,216,216,0,4,large-au-observed,0,,0,0,12.084,23.729,0,,0.000,0.000,0.000,0.000,0,0,0,,37,0,0,6.091,0,1015,0.068,0.000,0.000,0.068,0.000,0.048,0.006,1,1,1,1,0,1,1,0,0,0,0,0,1.000,0.000,0.000,30,0,0.000,0,0,0,0.000,0.000,0.000,0.000,0.000,0.000,0.000,2.029,10.053,0,0,0,0,0,0,0,0,0.000,0.000,0.000,0.000,0.000,0.000,0,0.399,14.644,742,748,3560,58.720,205.284,15.280,205.284,29332.690,795,1,H.264,114.483,0,0,204.098,205.383,1.000,154.925,113.289,arrival-gap-jitter-spike,7910.476,0,1,1,1,1,37243.166,361.897,371.604,372.295,372.295,0,0,9,0,0,6,0,,,138.122,163.746,928,1,decoded,0,0,0,0,0,0,0,0,0,0,,99.666,0.000,102.530,0.000,0.000,0.000,129.145,stale-before-upload,0.000,1012,0.000,107.522,4.582,0.074,0.924,0.693,0.000,0.231,1,0,0,1,3,0.062,14.644,14.644,9.489,14.569,1.000,RecoveryDeadline,0,1,0,0.000,3,2,2,1,0.060,0.000,0.060,0,100,0,29623,27810,1770,0,1659
38.246,Custom_loss6_delay0-100_dup0_reorder6_burst0,Loopback,1,1,0,,,0.000,0,21,1038,24.412,24.442,24.493,170.223,102.831,28.894,64.860,1.878,0.063,0.242,28562,1917,26836,24919,3790,2299,251,1102,954,148,138,0,24923,782,250,0,0,0,0,5.000,0,0,0,0,0,0,0,0,0,0,0,0,0,0,0,0.000,0.000,0.000,,768,768,3656,0,1,79.528,204.098,80.609,205.383,0.000,0.000,762,758,14763,930,236,0,2616,4176,1043,1,fec-parity,pending,H.264,0,1,24,5,19,2,0,0,0,0,0,0,30445,12,0,0,0,0,0,26.674,209,251,148,139,148,0,67.132,21.864,88.178,0,0,608,32,640,0,203,32,0.454,0.546,0.950,1.000,0.136,35.000,0.250,0.750,0.000,duplicate-guard,1244,11254,0,0,786,10538,2616,26441,458,716,0,0,26434,predicted-useful,fec-grace,4325,0.583,255,640,0,0,0,0,0,15,15,15,15,248,3984,248,3984,0,0,0,pacing,1,0.819,10.022,118.022,0,0,15,15,0,0,0,0,3999,3226,150,0,1,9500000,1200000,4,0,4,30455,30451,37346329,1713,2109604,921,1141720,0,0,0,0,0,7.594,35.700,1168.812,4800.000,1564,55351,28536,13031,26815,13784,0.313,41.490,0.000,1564,6822781,10340825,1.564,17.426,0.521,22.763,55351,2616,769,26441,654,1957,5,236,236,428,39,72,2,13,26,0,0,0,196,1,1,0,4,5101,4176,4176,0,0,0,0,0,,disabled,,0,0,0,0,,1,Fixed Quality,Hybrid,85,30,9500,12000,640,360,H.264,480,270,518400,28178,518400,28178,0.054,0.000,,0,0,0.000,2.041,0.000,0.000,0.078,7250,6750,6750,16,16,0,1,9500,1.000,0,14.745,0.000,0,0,0.000,0.000,0,0,0,0,0.327,0.623,0.050,1,0,0,disabled,24,0,0,140,294,140,116,38,223,223,0,4,large-au-observed,0,,0,0,18.142,23.729,0,,0.000,0.000,0.000,0.000,0,0,0,,38,0,0,6.110,0,1044,0.078,0.000,0.000,0.077,0.000,0.052,0.010,1,1,1,1,0,1,1,0,0,0,1,0,0.860,147.512,0.000,26,0,0.000,0,0,0,0.000,0.000,0.000,0.000,0.000,0.000,0.000,1.951,10.518,0,0,0,0,0,0,0,0,0.000,0.000,0.000,0.000,0.000,0.000,0,0.427,24.442,762,768,3656,80.657,205.284,15.280,205.284,29332.690,795,1,H.264,114.483,0,0,204.098,205.383,1.000,154.925,113.289,arrival-gap-jitter-spike,8913.856,0,1,1,1,1,38246.546,361.897,371.604,372.295,372.295,0,0,9,0,0,6,0,,,138.122,163.746,928,1,decoded,0,0,0,0,0,0,0,0,0,0,,98.278,0.000,101.146,0.000,0.000,0.000,132.082,stale-before-upload,0.001,1039,0.000,107.181,5.592,0.094,0.298,0.001,0.000,0.297,1,0,0,1,3,0.063,24.412,24.442,1.878,24.493,3.000,Loss,0,1,0,0.000,4,1,1,1,0.060,0.000,0.060,0,100,0,30489,28614,1817,0,1701
39.249,Custom_loss6_delay0-100_dup0_reorder6_burst0,Loopback,1,1,0,,,0.000,0,21,1069,23.565,23.550,23.527,92.422,102.712,39.605,64.195,9.966,0.063,0.243,29383,1963,27598,25635,3904,2361,256,1143,988,155,144,0,25639,804,258,0,0,0,0,5.000,0,0,0,0,0,0,0,0,0,0,0,0,0,0,0,0.000,0.000,0.000,,790,790,3750,0,1,31.406,204.098,32.470,205.383,0.000,0.000,784,779,15165,959,244,0,2691,4288,1070,1,nack-suppressed-fec-grace,pending,H.264,0,1,24,13,11,2,0,2,6,31,0,0,31277,11,0,0,0,0,0,68.348,218,256,155,146,155,0,66.901,21.902,88.178,0,0,629,36,665,0,213,35,0.460,0.540,0.946,1.000,0.141,24.000,0.400,0.600,0.250,retransmit-late,1270,11551,0,0,806,10826,2691,27278,464,725,0,0,27271,predicted-useful,fec-grace,4449,0.000,266,665,0,0,0,0,0,15,15,15,15,259,4166,259,4166,0,0,0,pacing,1,0.724,4.173,112.173,0,0,15,15,0,0,0,0,4181,3316,154,0,1,9500000,1200000,12,0,12,31320,31308,38396961,1768,2177450,948,1175356,0,0,0,0,0,0.642,35.700,1130.000,4800.000,1611,56976,29379,13436,27597,14161,0.314,2.699,1.003,1611,6029487,9430279,0.861,16.083,0.530,16.057,56976,2691,791,27278,678,2008,5,244,244,444,41,77,3,13,28,0,0,0,202,1,1,0,4,5239,4288,4288,0,0,0,0,0,,disabled,,0,0,0,0,,1,Fixed Quality,Hybrid,85,30,9500,12000,640,360,H.264,480,270,518400,28178,518400,28178,0.054,0.000,,0,0,0.000,2.038,0.000,0.000,0.092,7250,6750,6750,16,16,0,1,9500,1.000,0,16.154,0.000,0,0,0.000,0.000,0,0,0,0,0.328,0.618,0.054,1,0,0,disabled,24,0,0,144,302,144,120,38,231,231,0,4,large-au-observed,0,,0,0,19.665,23.729,0,,0.000,0.000,0.000,0.000,0,0,0,,39,0,0,6.091,0,1072,0.092,0.000,0.000,0.092,0.000,0.052,0.009,1,1,1,1,0,1,1,0,0,0,0,0,1.000,0.000,0.000,30,0,0.000,0,0,0,0.000,0.000,0.000,0.000,0.000,0.000,0.000,1.936,10.154,0,0,0,0,0,0,0,0,0.000,0.000,0.000,0.000,0.000,0.000,0,0.473,23.549,784,790,3750,32.461,205.284,15.280,205.284,29332.690,795,1,H.264,114.483,0,0,204.098,205.383,1.000,154.925,113.289,arrival-gap-jitter-spike,9916.861,0,1,1,1,1,39249.551,361.897,371.604,372.295,372.295,0,0,9,0,0,6,0,,,138.122,163.746,928,1,decoded,0,0,0,0,0,0,0,0,0,0,,96.605,0.000,99.425,4.359,0.000,101.143,126.211,stale-before-upload,0.000,1068,0.000,104.174,3.457,0.078,0.669,0.436,0.000,0.233,1,0,0,1,3,0.063,23.565,23.550,9.966,23.527,1.000,Loss,0,1,0,0.000,2,1,1,1,0.060,0.000,0.060,0,100,0,31347,29443,1862,0,1745
40.250,Custom_loss6_delay0-100_dup0_reorder6_burst0,Loopback,1,1,0,,,0.000,0,21,1097,11.709,9.760,9.734,98.431,102.788,39.605,64.195,50.421,0.063,0.247,30148,2024,28316,26292,4005,2428,263,1163,1003,160,151,0,26296,821,269,0,0,0,0,5.000,0,0,0,0,0,0,0,0,0,0,0,0,0,0,0,0.000,0.000,0.000,,806,806,3846,0,1,34.051,204.098,34.985,205.383,0.000,0.000,800,796,15573,981,255,0,2767,4403,1098,1,fec-recovered,pending,H.264,1,1,24,19,5,3,2,2,16,37,0,0,32098,1,0,0,0,0,0,64.817,223,263,160,151,160,0,66.892,22.171,88.178,1,0,647,38,685,0,219,37,0.459,0.541,0.945,1.000,0.145,28.000,0.000,0.667,0.750,retransmit-late,1300,11870,0,0,827,11129,2767,28108,473,741,0,0,28101,predicted-useful,fec-grace,4565,0.000,274,685,0,0,0,0,0,15,15,15,15,267,4302,267,4302,0,0,0,pacing,1,0.811,11.920,119.920,0,0,15,15,0,0,0,0,4317,3405,158,0,1,9500000,1200000,11,0,11,32150,32139,39415215,1818,2239076,974,1207126,0,0,0,0,0,0.627,35.700,902.500,4800.000,1653,58463,30147,13786,28316,14530,0.314,19.357,0.000,1653,4349592,6988605,1.621,16.083,0.533,7.885,58463,2767,808,28108,695,2067,5,254,254,462,42,79,2,13,29,0,0,0,211,1,1,0,4,5381,4403,4403,0,0,0,0,0,,disabled,,0,0,0,0,,1,Fixed Quality,Hybrid,85,30,9500,12000,640,360,H.264,480,270,518400,28178,518400,28178,0.054,0.000,,0,0,0.000,2.126,0.000,0.000,0.068,7250,6750,6750,16,16,0,1,9500,1.000,0,16.070,0.000,0,0,0.000,0.000,0,0,0,0,0.326,0.619,0.055,1,0,0,disabled,24,0,0,148,312,148,125,39,237,237,0,4,large-au-observed,0,,0,0,17.889,23.729,0,,0.000,0.000,0.000,0.000,0,0,0,,40,0,0,6.381,0,1100,0.068,0.000,0.000,0.067,0.000,0.044,0.008,1,1,1,1,0,1,1,0,0,0,0,0,1.000,0.000,0.000,30,0,0.000,0,0,0,0.000,0.000,0.000,0.000,0.000,0.000,0.000,2.049,10.314,0,0,0,0,0,0,0,0,0.000,0.000,0.000,0.000,0.000,0.000,0,0.387,9.760,800,806,3846,34.981,205.284,15.280,205.284,29332.690,795,1,H.264,114.483,0,0,204.098,205.383,1.000,154.925,113.289,arrival-gap-jitter-spike,10917.359,0,1,1,1,1,40250.049,361.897,371.604,372.295,372.295,0,0,9,0,0,6,0,,,138.122,163.746,928,1,decoded,0,0,0,0,0,0,0,0,0,0,,103.037,0.000,105.964,0.000,0.000,0.000,134.215,stale-before-upload,0.000,1097,0.000,112.123,5.748,0.076,0.776,0.497,0.000,0.279,1,0,0,1,3,0.063,11.709,9.760,50.421,9.734,2.000,Jitter,0,1,0,1.000,0,1,1,1,0.060,0.000,0.060,0,100,0,32179,30202,1918,0,1797
41.256,Custom_loss6_delay0-100_dup0_reorder6_burst0,Loopback,1,1,0,,,0.000,0,21,1124,23.270,23.257,23.264,97.085,102.776,30.967,63.343,11.206,0.062,0.245,30952,2049,29050,27001,4115,2491,269,1200,1034,166,155,0,27005,843,274,0,0,0,0,5.000,0,0,0,0,0,0,0,0,0,0,0,0,0,0,0,0.000,0.000,0.000,,828,828,3944,0,1,30.710,204.098,31.768,205.383,0.000,0.000,822,818,15981,1009,260,0,2841,4520,1125,1,fec-recovered,pending,H.264,1,1,24,18,6,3,2,3,11,46,1,0,32934,11,32983,0,0,0,0,70.799,226,269,166,157,166,0,67.162,21.931,88.178,1,0,662,38,700,0,223,37,0.457,0.543,0.946,1.000,0.142,36.000,0.000,0.000,0.000,insufficient-sample,1331,12201,0,0,849,11443,2841,28865,482,758,0,0,28858,predicted-useful,fec-grace,4683,0.417,279,700,0,0,0,0,0,15,15,15,15,272,4378,272,4378,0,0,0,pacing,1,0.766,10.679,118.679,0,0,15,15,0,0,0,0,4393,3496,162,0,1,9500000,1200000,3,0,3,32975,32972,40435361,1863,2294480,1000,1238886,0,0,0,0,0,7.359,35.700,568.750,4800.000,1695,59978,30943,14053,29035,14982,0.312,1.843,0.139,1695,5280454,8381394,1.200,11.139,0.412,16.030,59978,2841,830,28865,714,2122,5,259,259,472,42,79,2,13,29,0,0,0,216,1,1,0,4,5525,4520,4520,0,0,0,0,0,,disabled,,0,0,0,0,,1,Fixed Quality,Hybrid,85,30,9500,12000,640,360,H.264,480,270,518400,28178,518400,28178,0.054,0.000,,0,0,0.000,2.145,0.000,0.000,0.070,7250,6750,6750,16,16,0,1,9500,1.000,0,12.774,0.000,0,0,0.000,0.000,0,0,0,0,0.323,0.623,0.054,1,0,0,disabled,24,0,0,152,319,152,128,39,243,243,0,4,large-au-observed,0,,0,0,17.599,23.729,0,,0.000,0.000,0.000,0.000,0,0,0,,41,0,0,2.966,0,1127,0.069,0.000,0.000,0.069,0.000,0.046,0.008,1,1,1,1,0,1,1,0,0,0,1,0,0.860,133.236,0.000,26,0,0.000,0,0,0,0.000,0.000,0.000,0.000,0.000,0.000,0.000,2.066,7.017,0,0,0,0,0,0,0,0,0.000,0.000,0.000,0.000,0.000,0.000,0,0.495,23.258,822,828,3944,31.662,205.284,15.280,205.284,29332.690,795,1,H.264,114.483,0,0,204.098,205.383,1.000,154.925,113.289,arrival-gap-jitter-spike,11923.960,0,1,1,1,1,41256.650,361.897,371.604,372.295,372.295,0,0,9,0,0,6,0,,,138.122,163.746,928,1,decoded,0,0,0,0,0,0,0,0,0,0,,102.407,0.000,105.204,0.000,0.000,0.000,128.542,stale-before-upload,0.001,1124,0.000,111.587,5.865,0.082,0.285,0.001,0.000,0.285,1,0,0,1,3,0.062,23.270,23.257,11.206,23.264,1.000,RecoveryDeadline,0,1,0,1.000,0,1,1,1,0.060,0.000,0.060,0,100,0,33013,31007,1960,0,1849
42.257,Custom_loss6_delay0-100_dup0_reorder6_burst0,Loopback,1,1,0,,,0.000,0,21,1150,18.639,18.645,16.817,101.222,102.684,14.677,62.127,24.114,0.062,0.246,31609,2096,29671,27575,4216,2551,278,1229,1058,171,158,0,27579,862,281,0,0,0,0,5.000,0,0,0,0,0,0,0,0,0,0,0,0,0,0,0,0.000,0.000,0.000,,846,846,4040,0,1,68.287,204.098,69.452,205.383,0.000,0.000,840,834,16336,1033,266,0,2906,4614,1152,1,fec-recovered,pending,H.264,1,1,22,12,10,2,1,2,6,31,0,0,33667,16,0,0,0,0,0,55.110,235,278,171,162,171,0,67.204,21.538,88.178,1,0,685,42,727,0,230,39,0.458,0.542,0.942,1.000,0.145,40.000,0.333,0.667,0.333,retransmit-late,1357,12407,0,0,864,11632,2906,29453,493,775,0,0,29446,predicted-useful,fec-grace,4788,0.636,288,727,0,0,0,0,0,16,16,16,16,281,4494,281,4494,0,0,0,pacing,1,0.709,15.444,123.444,0,0,16,16,0,0,0,0,4510,3572,166,0,1,9500000,1200000,0,0,0,33668,33668,41291602,1918,2362644,1025,1270026,0,0,0,0,0,12.752,35.700,4656.625,4687.800,1732,61253,31599,14335,29654,15319,0.312,3.011,1.723,1732,4722957,7629294,2.428,5.653,0.499,12.731,61253,2906,848,29453,737,2163,6,265,265,483,43,80,1,14,29,0,0,0,221,1,1,0,4,5647,4614,4614,0,0,0,0,0,,disabled,,0,0,0,0,,1,Fixed Quality,Hybrid,85,30,9500,12000,640,360,H.264,480,270,518400,26096,518400,26096,0.050,0.000,,0,0,0.000,1.768,0.000,0.000,0.066,6250,6250,6250,17,17,0,1,9500,0.880,1,12.752,0.000,0,0,0.000,0.000,0,0,0,0,0.323,0.619,0.058,1,0,0,latency-pressure-freshness-hold,22,0,0,156,329,156,132,41,251,251,0,4,large-au-observed,0,,0,0,0.118,21.976,0,,0.000,0.000,0.000,0.000,0,0,0,,42,0,0,5.387,0,1153,0.066,0.000,0.000,0.065,0.000,0.044,0.007,1,1,1,1,0,1,1,0,0,0,0,0,1.000,0.000,0.000,27,0,0.000,0,0,0,0.000,0.000,0.000,0.000,0.000,0.000,0.000,1.695,28.565,0,0,0,0,0,0,0,0,0.000,0.000,0.000,0.000,0.000,0.000,0,0.391,18.645,840,846,4040,69.253,205.284,15.280,205.284,29332.690,795,1,H.264,114.483,0,0,204.098,205.383,1.000,154.925,113.289,arrival-gap-jitter-spike,12924.218,0,1,1,1,1,42256.908,361.897,371.604,372.295,372.295,0,0,11,0,0,8,2,latency-pressure freshness,latency-over-80ms,126.824,163.746,1141,1,decoded,0,0,0,0,0,0,0,0,0,0,,105.546,0.000,108.109,0.000,0.000,0.000,130.611,stale-before-upload,0.001,1150,0.000,110.402,3.543,0.080,0.992,0.707,0.000,0.285,1,0,0,1,3,0.062,18.639,18.645,24.114,16.817,1.000,Loss,0,1,0,1.000,0,1,1,1,0.060,0.000,0.060,0,100,0,33710,31670,2000,0,1883
43.257,Custom_loss6_delay0-100_dup0_reorder6_burst0,Loopback,1,1,0,,,0.000,0,21,1176,23.061,23.062,23.068,107.709,102.610,98.263,63.008,8.689,0.061,0.245,32295,2111,30291,28180,4321,2605,291,1266,1087,179,159,0,28184,882,286,0,0,0,0,5.000,0,0,0,0,0,0,0,0,0,0,0,0,0,0,0,0.000,0.000,0.000,,866,866,4137,0,1,33.741,204.098,34.673,205.383,0.000,0.000,860,854,16694,1061,271,0,2964,4714,1177,1,fec-parity,pending,H.264,1,1,23,21,2,5,4,3,10,37,1,2,34373,17,34385,1,0,0,0,96.026,241,291,179,170,179,0,67.617,21.178,88.178,1,0,712,38,750,0,235,40,0.453,0.547,0.949,1.000,0.145,40.000,0.333,0.667,0.333,retransmit-late,1388,12637,0,0,882,11842,2964,30012,506,795,0,0,30005,predicted-useful,likely-arrival,4888,0.000,297,750,0,0,0,0,0,19,19,19,19,290,4639,290,4639,0,0,0,pacing,1,0.821,10.202,118.202,0,0,19,19,0,0,0,0,4658,3641,170,0,1,9500000,1200000,0,0,0,34374,34374,42162216,1970,2426916,1053,1304898,0,0,0,0,0,15.978,35.700,7304.125,4800.000,1769,62584,32293,14622,30291,15669,0.312,9.573,3.470,1769,4112920,7211133,2.121,21.240,0.424,14.440,62584,2964,868,30012,756,2202,6,270,270,489,44,81,1,15,29,0,0,0,225,1,1,0,4,5764,4714,4714,0,0,0,0,0,,disabled,,0,0,0,0,,1,Fixed Quality,Hybrid,85,30,9500,12000,640,360,H.264,480,270,518400,27138,518400,27138,0.052,0.000,,0,0,0.000,1.870,0.000,0.000,0.068,7250,6500,6500,18,18,0,1,9500,1.000,0,15.978,0.000,0,0,0.000,0.000,0,0,0,0,0.321,0.628,0.051,1,0,0,disabled,23,1,1,160,340,160,139,41,258,258,3,4,decoder-sync-observed,0,,0,0,0.147,22.853,0,,0.000,0.000,0.000,0.000,0,0,0,,43,0,0,5.550,0,1179,0.067,0.000,0.000,0.067,0.000,0.045,0.008,1,1,1,1,0,1,1,0,0,0,1,0,0.860,133.481,0.000,26,0,0.000,0,0,0,0.000,0.000,0.000,0.000,0.000,0.000,0.000,1.772,10.166,0,0,0,0,0,0,0,0,0.000,0.000,0.000,0.000,0.000,0.000,0,0.370,23.062,860,866,4137,34.787,205.284,15.280,205.284,29332.690,795,1,H.264,114.483,0,0,204.098,205.383,1.000,154.925,113.289,arrival-gap-jitter-spike,13924.398,0,1,1,1,1,43257.088,361.897,371.604,372.295,372.295,0,0,11,0,0,8,0,,,126.824,163.746,1141,1,decoded,0,0,0,0,0,0,0,0,0,0,,105.582,0.000,108.305,0.000,0.000,0.000,133.855,stale-before-upload,0.000,1176,0.000,114.613,5.938,0.076,0.848,0.586,0.000,0.262,1,0,0,1,3,0.061,23.061,23.062,8.689,23.068,1.000,Loss,0,1,0,0.000,0,2,2,1,0.060,0.000,0.060,0,100,0,34417,32352,2038,0,1927
44.257,Custom_loss6_delay0-100_dup0_reorder6_burst0,Loopback,1,1,0,,,0.000,0,21,1205,20.952,20.950,21.129,94.462,102.557,66.220,63.084,34.524,0.062,0.244,33112,2178,31069,28891,4431,2671,297,1299,1114,185,164,0,28895,904,292,0,0,0,0,5.000,0,0,0,0,0,0,0,0,0,0,0,0,0,0,0,0.000,0.000,0.000,,888,888,4235,0,1,12.156,204.098,13.205,205.383,0.000,0.000,882,876,17113,1089,277,0,3037,4830,1207,1,fec-parity,pending,H.264,0,1,24,13,11,3,0,1,3,14,0,0,35241,3,0,0,0,0,0,57.789,253,297,185,176,185,0,67.655,20.834,88.178,1,0,736,43,779,0,248,41,0.460,0.540,0.945,1.000,0.142,40.000,0.571,0.429,0.250,retransmit-late,1424,12920,0,0,901,12096,3037,30760,523,824,0,0,30752,predicted-useful,fec-grace,5008,0.833,308,779,0,0,0,0,0,19,19,19,19,301,4820,301,4820,0,0,0,pacing,1,0.809,7.559,115.559,0,0,19,19,0,0,0,0,4839,3727,174,0,1,9500000,1200000,23,0,23,35287,35263,43254272,2029,2499736,1078,1336046,0,0,0,0,0,0.136,35.700,10102.000,1085.250,1812,64159,33093,15027,31066,16039,0.312,19.545,0.242,1812,6186707,9535459,1.540,10.583,0.512,8.352,64159,3037,890,30760,784,2247,6,276,276,499,45,82,1,16,29,0,0,0,230,1,1,0,4,5906,4830,4830,0,0,0,0,0,,disabled,,0,0,0,0,,1,Fixed Quality,Hybrid,85,30,9500,12000,640,360,H.264,480,270,518400,28178,518400,28178,0.054,0.000,,0,0,0.000,2.113,0.000,0.000,0.102,7250,6750,6750,19,19,0,1,9500,1.000,0,10.875,0.000,0,0,1.081,0.000,1244,0,0,0,0.000,0.000,1.000,1,0,0,disabled,24,1,1,164,350,164,143,43,268,268,2,4,decoder-sync-observed,0,,0,0,11.867,23.729,0,,0.000,0.000,0.000,0.000,0,0,0,,44,0,0,8.064,0,1209,0.102,0.000,0.000,0.102,0.000,0.048,0.007,1,1,1,1,0,1,1,0,0,0,0,0,1.000,0.000,0.000,30,0,0.000,0,0,0,0.000,0.000,0.000,0.000,0.000,0.000,0.000,2.003,11.961,0,0,0,0,0,0,0,0,0.000,0.000,0.000,0.000,0.000,0.000,0,0.403,20.951,882,888,4235,13.140,205.284,15.280,205.284,29332.690,795,1,H.264,114.483,0,0,204.098,205.383,1.000,154.925,113.289,arrival-gap-jitter-spike,14924.561,0,1,1,1,1,44257.251,361.897,371.604,372.295,372.295,0,0,11,0,0,8,0,,,126.824,163.746,1141,1,decoded,0,0,0,0,0,0,0,0,0,0,,101.908,0.000,104.754,0.000,0.000,0.000,127.231,stale-before-upload,0.000,1205,0.000,111.250,6.072,0.077,0.930,0.704,0.000,0.226,1,0,0,1,3,0.062,20.952,20.950,34.524,21.129,1.000,RecoveryDeadline,0,1,0,0.000,2,2,2,1,0.060,0.000,0.060,0,100,0,35308,33172,2096,0,1974
45.263,Custom_loss6_delay0-100_dup0_reorder6_burst0,Loopback,1,1,0,,,0.000,0,21,1229,25.250,23.368,23.350,104.743,102.515,104.301,64.043,58.472,0.062,0.246,33763,2226,31681,29455,4522,2724,304,1328,1142,186,166,0,29459,923,301,0,0,0,0,5.000,0,0,0,0,0,0,0,0,0,0,0,0,0,0,0,0.000,0.000,0.000,,905,905,4329,0,1,97.119,204.098,98.075,205.383,0.000,0.000,898,892,17474,1109,284,0,3100,4926,1234,1,nack-sent,pending,H.264,1,1,22,13,9,4,1,3,7,38,0,0,35955,5,0,0,0,0,0,62.279,264,304,186,177,186,0,67.649,20.777,88.178,1,0,755,46,801,0,253,41,0.465,0.535,0.943,1.000,0.139,45.000,0.667,0.333,0.000,stable,1458,13152,0,0,919,12301,3100,31288,539,851,0,0,31279,predicted-useful,likely-arrival,5112,0.545,316,801,0,0,0,0,0,21,21,21,21,309,4936,309,4936,0,0,0,pacing,1,0.800,7.836,115.836,0,0,21,21,0,0,0,0,4957,3799,178,0,1,9500000,1200000,1,0,1,35964,35963,44117672,2079,2561680,1105,1369666,0,0,0,0,0,8.250,35.700,710.938,4800.000,1847,65442,33761,15312,31681,16369,0.312,34.173,0.017,1847,4004004,6321662,1.017,16.083,0.465,18.213,65442,3100,908,31288,807,2286,7,283,283,516,46,86,4,16,30,0,0,0,236,1,1,0,4,6029,4926,4926,0,0,0,0,0,,disabled,,0,0,0,0,,1,Fixed Quality,Hybrid,85,30,9500,12000,640,360,H.264,480,270,518400,26096,518400,26096,0.050,0.000,,0,0,0.000,1.785,0.000,0.000,0.072,6000,6250,6250,20,20,0,1,9500,0.844,1,8.250,0.000,0,0,0.000,0.000,0,0,0,0,0.330,0.613,0.057,1,0,0,latency-pressure-freshness-hold,22,1,1,168,360,168,149,43,275,275,3,4,decoder-sync-observed,0,,0,0,0.026,21.976,0,,0.000,0.000,0.000,0.000,0,0,0,,45,0,0,11.817,0,1235,0.072,0.000,0.000,0.071,0.000,0.049,0.007,1,1,1,1,0,1,1,0,0,0,1,0,0.860,179.994,0.000,26,0,0.000,0,0,0,0.000,0.000,0.000,0.000,0.000,0.000,0.000,1.687,9.734,0,0,0,0,0,0,0,0,0.000,0.000,0.000,0.000,0.000,0.000,0,0.401,23.368,898,905,4329,98.048,205.284,15.280,205.284,29332.690,795,1,H.264,114.483,0,0,204.098,205.383,1.000,154.925,113.289,arrival-gap-jitter-spike,15930.714,0,1,1,1,1,45263.404,361.897,371.604,372.295,372.295,0,0,12,0,0,9,1,latency-pressure freshness,latency-over-80ms,147.375,163.746,1206,1,H.264,0,0,0,0,0,0,0,0,0,0,,94.650,0.000,96.907,0.000,0.000,0.000,137.371,stale-before-decode,0.001,1229,0.000,103.151,5.832,0.073,0.955,0.636,0.000,0.319,1,0,0,1,3,0.062,25.250,23.368,58.472,23.350,2.000,Jitter,0,1,0,0.333,3,1,1,1,0.060,0.000,0.060,0,100,0,36008,33825,2147,0,2013
46.264,Custom_loss6_delay0-100_dup0_reorder6_burst0,Loopback,1,1,0,,,0.000,0,21,1259,11.847,10.152,10.167,82.886,102.508,90.597,64.646,29.423,0.063,0.250,34349,2301,32264,29963,4604,2772,314,1349,1157,192,169,0,29967,937,312,0,0,0,0,5.000,0,0,0,0,0,0,0,0,0,0,0,0,0,0,0,0.000,0.000,0.000,,919,919,4425,0,1,54.739,204.098,54.990,205.383,0.000,0.000,911,905,17807,1129,295,0,3159,5014,1260,1,retransmit-arrived,pending,H.264,1,1,21,4,17,0,0,1,3,19,2,0,36631,2,36631,2,36631,2,1,42.083,270,314,192,183,192,0,67.588,20.394,88.178,1,0,777,45,822,0,256,43,0.462,0.538,0.945,1.000,0.144,39.000,0.286,0.714,0.667,retransmit-late,1487,13325,0,0,934,12450,3159,31819,553,875,0,0,31810,predicted-useful,fec-grace,5207,0.000,323,822,0,0,0,0,0,21,21,21,21,316,5043,316,5043,0,0,0,pacing,1,0.831,9.548,117.548,0,0,21,21,0,0,0,0,5064,3871,182,0,1,9500000,1200000,7,0,7,36612,36605,44908509,2126,2620042,1128,1398318,0,0,0,0,0,0.409,35.700,621.062,2135.700,1881,66608,34344,15549,32264,16715,0.312,34.057,0.071,1881,4475153,6611561,2.616,10.125,0.545,14.844,66608,3159,921,31819,829,2321,9,294,294,535,48,89,2,17,31,0,0,0,245,1,1,0,4,6139,5014,5014,0,0,0,0,0,,disabled,,0,0,0,0,,1,Fixed Quality,Hybrid,85,30,9500,12000,640,360,H.264,480,270,518400,25054,518400,25054,0.048,0.000,,0,0,0.000,1.711,0.000,0.000,0.071,6000,6000,6000,22,22,0,1,9500,0.820,1,4.477,0.000,0,0,0.000,0.000,0,0,0,0,1.000,0.000,0.000,1,0,0,latency-pressure-freshness-hold,21,1,1,172,371,172,154,45,283,283,3,4,decoder-sync-observed,0,,0,0,0.036,21.098,0,,0.000,0.000,0.000,0.000,0,0,0,,46,0,0,10.251,0,1261,0.071,0.000,0.000,0.071,0.000,0.049,0.007,1,1,1,1,0,1,1,0,0,0,0,0,1.000,0.000,0.000,27,0,0.000,0,0,0,0.000,0.000,0.000,0.000,0.000,0.000,0.000,1.601,14.298,0,0,0,0,0,0,0,0,0.000,0.000,0.000,0.000,0.000,0.000,0,0.432,10.152,911,919,4425,55.704,205.284,15.280,205.284,29332.690,795,1,H.264,114.483,0,0,204.098,205.383,1.000,154.925,113.289,arrival-gap-jitter-spike,16931.339,0,1,1,1,1,46264.029,361.897,371.604,372.295,372.295,0,0,13,0,0,10,1,latency-pressure freshness,latency-over-80ms,158.974,163.746,1246,1,H.264,0,0,0,0,0,0,0,0,0,0,,99.073,0.000,97.110,0.000,0.000,0.000,121.443,stale-before-decode,0.000,1259,0.000,100.382,2.823,0.080,1.111,0.812,0.000,0.299,1,0,0,1,3,0.063,11.847,10.152,29.423,10.167,1.000,Loss,0,1,0,1.000,1,1,1,1,0.060,0.000,0.060,0,100,0,36651,34415,2199,0,2050
47.271,Custom_loss6_delay0-100_dup0_reorder6_burst0,Loopback,1,1,0,,,0.000,0,21,1284,22.640,22.641,22.675,109.437,102.515,42.487,64.154,59.548,0.062,0.249,34986,2318,32836,30518,4690,2823,321,1375,1174,201,171,0,30522,956,317,0,0,0,0,5.000,0,0,0,0,0,0,0,0,0,0,0,0,0,0,0,0.000,0.000,0.000,,938,938,4521,0,1,102.785,204.098,103.717,205.383,0.000,0.000,930,924,18145,1157,300,0,3225,5104,1286,1,nack-sent,pending,H.264,1,1,22,9,13,1,0,2,6,32,0,0,37296,14,0,0,0,0,0,48.323,275,321,201,192,201,0,67.668,20.349,88.178,1,0,798,48,846,0,262,45,0.461,0.539,0.943,1.000,0.147,34.000,0.000,1.000,0.500,retransmit-late,1514,13541,0,0,951,12652,3225,32416,563,889,0,0,32407,predicted-useful,likely-arrival,5312,0.591,333,846,0,0,0,0,0,22,22,22,22,326,5186,326,5186,0,0,0,pacing,1,0.800,8.835,116.835,0,0,22,22,0,0,0,0,5208,3947,185,0,1,9500000,1200000,9,0,9,37294,37285,45751593,2178,2684474,1152,1428214,0,0,0,0,0,0.542,35.700,744.562,4668.300,1915,67805,34969,15798,32836,17038,0.311,39.513,0.000,1915,4701099,7049966,2.371,-1.522,0.484,26.927,67805,3225,940,32416,854,2362,9,299,299,545,50,92,1,18,32,0,0,0,248,1,1,0,4,6249,5104,5104,0,0,0,0,0,,disabled,,0,0,0,0,,1,Fixed Quality,Hybrid,85,30,9500,12000,640,360,H.264,480,270,518400,26094,518400,26094,0.050,0.000,,0,0,0.000,1.765,0.000,0.000,0.082,7000,6250,6250,23,23,0,1,9500,0.966,1,6.506,0.000,0,0,0.000,0.000,0,0,0,0,0.325,0.618,0.057,1,0,0,fixed-pacing-queue-hold,22,0,0,175,378,175,158,45,290,290,0,4,large-au-observed,0,,0,0,0.096,21.974,0,,0.000,0.000,0.000,0.000,0,0,0,,47,0,0,13.260,0,1287,0.081,0.000,0.000,0.081,0.000,0.057,0.008,1,1,1,1,0,1,1,0,0,0,1,0,0.860,179.995,0.000,24,0,0.000,0,0,0,0.000,0.000,0.000,0.000,0.000,0.000,0.000,1.676,10.535,0,0,0,0,0,0,0,0,0.000,0.000,0.000,0.000,0.000,0.000,0,0.399,22.641,930,938,4521,103.709,205.284,15.280,205.284,29332.690,795,1,H.264,114.483,0,0,204.098,205.383,1.000,154.925,113.289,arrival-gap-jitter-spike,17938.205,0,1,1,1,1,47270.895,361.897,371.604,372.295,372.295,0,0,13,0,0,10,0,,,158.974,163.746,1246,1,H.264,0,0,0,0,0,0,0,0,0,0,,106.041,0.000,108.446,0.000,0.000,0.000,139.719,stale-before-decode,0.001,1284,0.000,114.983,6.125,0.077,1.056,0.768,0.000,0.288,1,0,0,1,3,0.062,22.640,22.641,59.548,22.675,2.000,RecoveryDeadline,0,1,0,0.000,0,1,1,1,0.060,0.000,0.060,0,100,0,37332,35054,2240,0,2082
48.277,Custom_loss6_delay0-100_dup0_reorder6_burst0,Loopback,1,1,0,,,0.000,0,21,1311,23.038,23.023,21.992,104.539,102.519,14.340,63.071,11.867,0.063,0.247,35654,2380,33484,31104,4789,2876,333,1409,1203,206,171,0,31108,978,320,0,0,0,0,5.000,0,0,0,0,0,0,0,0,0,0,0,0,0,0,0,0.000,0.000,0.000,,960,960,4612,0,1,54.315,204.098,55.273,205.383,0.000,0.000,952,946,18495,1184,303,0,3281,5200,1314,1,nack-sent,pending,H.264,1,1,23,4,19,0,0,1,0,19,0,0,38027,15,0,0,0,0,0,27.326,283,333,206,197,206,0,67.946,20.417,88.178,1,0,823,50,873,0,267,45,0.459,0.541,0.943,1.000,0.144,45.000,0.000,1.000,0.000,duplicate-guard,1544,13755,0,0,968,12846,3281,32953,576,909,0,0,32944,predicted-useful,likely-arrival,5411,0.870,342,873,0,0,0,0,0,23,23,23,23,335,5322,335,5322,0,0,0,pacing,1,0.829,7.141,115.141,0,0,23,23,0,0,0,0,5345,4012,189,0,1,9500000,1200000,0,0,0,37996,37996,46629445,2234,2753722,1181,1464330,0,0,0,0,0,0.114,35.700,9802.625,1079.100,1951,69122,35641,16118,33481,17363,0.311,3.891,1.387,1951,3854296,6441485,1.571,-28.147,0.495,15.195,69122,3280,962,32934,875,2396,9,302,302,548,51,93,1,19,32,0,0,0,250,1,1,0,4,6367,5200,5200,0,0,0,0,0,,disabled,,0,0,0,0,,1,Fixed Quality,Hybrid,85,30,9500,12000,640,360,H.264,480,270,518400,0,518400,27138,0.052,0.000,,0,0,0.000,4.784,0.000,4.179,0.582,7250,6500,6500,24,24,0,1,9500,1.000,0,7.806,0.000,0,0,0.000,0.000,0,0,0,0,1.000,0.000,0.000,1,0,0,disabled,0,0,0,179,389,179,165,45,298,298,2,4,async-output-pending,0,,0,0,0.000,0.000,0,,0.114,9802.625,39583.333,0.000,0,0,0,,48,0,0,0.000,1,0,0.572,0.138,0.433,0.000,0.000,0.000,0.000,0,0,1,1,1,0,0,1,1,0,0,0,1.000,0.000,0.000,30,0,0.000,0,0,0,0.000,0.000,0.000,0.000,0.000,0.000,0.000,0.000,24.141,0,0,0,0,0,0,0,0,0.000,0.000,0.000,0.000,0.000,0.000,0,0.359,23.023,952,960,4612,55.220,205.284,15.280,205.284,29332.690,795,1,H.264,114.483,0,0,204.098,205.383,1.000,154.925,113.289,arrival-gap-jitter-spike,18944.606,0,1,1,1,1,48277.296,361.897,371.604,372.295,372.295,0,0,13,0,0,10,0,,,158.974,163.746,1246,1,H.264,0,0,0,0,0,0,0,0,0,0,,105.387,0.000,108.085,0.000,0.000,0.000,132.269,stale-before-decode,0.000,1311,0.000,113.328,4.874,0.073,0.926,0.608,0.000,0.319,1,0,0,1,3,0.063,23.038,23.023,11.867,21.992,1.000,Loss,0,1,0,0.000,0,1,1,1,0.060,0.000,0.060,0,100,0,38044,35726,2280,0,2128
49.278,Custom_loss6_delay0-100_dup0_reorder6_burst0,Loopback,1,1,0,,,0.000,0,21,1341,23.034,22.144,22.142,101.096,102.512,62.954,63.069,60.529,0.062,0.247,36477,2429,34247,31818,4909,2949,340,1442,1230,212,178,0,31822,999,328,0,0,0,0,5.000,0,0,0,0,0,0,0,0,0,0,0,0,0,0,0,0.000,0.000,0.000,,981,981,4710,0,1,102.781,204.098,103.943,205.383,0.000,0.000,973,967,18913,1211,311,0,3353,5316,1342,1,fec-recovered,pending,H.264,0,1,24,21,3,5,3,2,8,18,0,0,38868,22,0,0,0,0,0,76.290,291,340,212,203,212,0,67.834,20.493,88.178,1,0,844,48,892,0,276,46,0.461,0.539,0.946,1.000,0.143,44.000,0.500,0.500,0.000,stable,1577,14047,0,0,989,13112,3353,33647,587,928,1,7,33638,predicted-useful,likely-arrival,5531,0.208,349,892,0,0,0,0,0,24,24,24,24,342,5431,342,5431,0,0,0,pacing,1,0.795,8.890,116.890,0,0,24,24,0,0,0,0,5455,4101,193,0,1,9500000,1200000,11,0,11,38890,38879,47715467,2283,2814104,1206,1495478,0,0,0,0,0,0.528,35.700,957.125,994.350,1996,70718,36471,16444,34247,17803,0.311,2.413,1.171,1996,6452131,9924916,1.440,48.614,0.440,13.522,70718,3353,982,33647,901,2443,9,310,310,575,53,97,2,19,34,0,0,0,256,1,1,0,4,6515,5316,5316,0,0,0,0,0,,disabled,,0,0,0,0,,1,Fixed Quality,Hybrid,85,30,9500,12000,640,360,H.264,480,270,518400,28176,518400,28176,0.054,0.000,,0,0,0.000,1.966,0.000,0.000,0.067,7250,6750,6750,25,25,0,1,9500,1.000,0,6.887,0.000,0,0,3.520,0.000,3732,0,0,0,0.000,0.333,0.667,1,0,0,disabled,24,1,1,183,399,183,169,47,307,307,2,4,decoder-sync-observed,0,,0,0,0.158,23.727,0,,0.000,0.000,0.000,0.000,0,0,0,,49,0,0,6.262,0,1344,0.067,0.000,0.000,0.067,0.000,0.047,0.006,1,1,1,1,0,1,1,0,0,0,0,0,1.000,0.000,0.000,30,0,0.000,0,0,0,0.000,0.000,0.000,0.000,0.000,0.000,0.000,1.891,10.509,0,0,0,0,0,0,0,0,0.000,0.000,0.000,0.000,0.000,0.000,0,0.396,22.144,973,981,4710,103.739,205.284,15.280,205.284,29332.690,795,1,H.264,114.483,0,0,204.098,205.383,1.000,154.925,113.289,arrival-gap-jitter-spike,19944.869,0,1,1,1,1,49277.559,361.897,371.604,372.295,372.295,0,0,13,0,0,10,0,,,158.974,163.746,1246,1,H.264,0,0,0,0,0,0,0,0,0,0,,101.883,0.000,104.576,0.000,0.000,0.000,135.548,stale-before-decode,0.000,1341,0.000,110.844,5.864,0.075,0.858,0.560,0.000,0.298,1,0,0,1,3,0.062,23.034,22.144,60.529,22.142,2.000,RecoveryDeadline,0,1,0,1.000,1,1,1,1,0.060,0.000,0.060,0,100,0,38928,36546,2341,0,2177
50.281,Custom_loss6_delay0-100_dup0_reorder6_burst0,Loopback,1,1,0,,,0.000,0,21,1369,17.866,17.869,17.831,101.460,102.512,27.906,62.336,18.739,0.063,0.249,37283,2503,35037,32534,5003,3005,353,1464,1249,215,181,0,32538,1018,337,0,0,0,0,5.000,0,0,0,0,0,0,0,0,0,0,0,0,0,0,0,0.000,0.000,0.000,,1000,1000,4803,0,1,36.203,209.527,37.233,210.485,0.000,0.000,992,986,19323,1233,320,0,3425,5425,1371,1,fec-parity,pending,H.264,0,1,24,19,5,5,2,1,0,5,0,0,39750,10,0,0,0,0,0,64.058,297,353,215,206,215,0,67.621,20.709,88.178,1,0,866,46,912,0,278,47,0.457,0.543,0.950,1.000,0.145,39.000,0.200,0.800,1.000,retransmit-late,1612,14312,0,0,1010,13352,3425,34349,601,953,1,7,34339,predicted-useful,fec-grace,5648,0.375,357,912,0,1,0,0,0,24,24,24,24,351,5578,351,5578,0,0,0,pacing,1,0.779,10.744,118.744,0,0,24,24,0,0,0,0,5603,4188,197,0,1,9500000,1200000,0,0,0,39750,39750,48782333,2333,2875730,1231,1526626,0,0,0,0,0,7.267,35.700,1439.375,387.150,2041,72308,37278,16853,35030,18177,0.311,18.761,0.061,2041,5221466,8622680,0.607,31.882,0.425,22.660,72308,3425,1001,34349,924,2492,9,319,319,589,57,103,2,21,36,0,0,0,261,1,1,0,4,6659,5425,5425,0,0,0,0,0,,disabled,,0,0,0,0,,1,Fixed Quality,Hybrid,85,30,9500,12000,640,360,H.264,480,270,518400,28178,518400,28178,0.054,0.000,,0,0,0.000,2.436,0.000,0.000,0.096,7250,6750,6750,25,25,0,1,9500,1.000,0,11.373,0.000,0,0,0.000,0.000,0,0,0,0,0.326,0.624,0.050,1,0,0,disabled,24,1,1,187,407,187,173,47,314,314,1,4,keyframe-g4-priority,0,,0,0,18.605,23.729,0,,0.000,0.000,0.000,0.000,0,0,0,,50,0,0,5.333,0,1372,0.096,0.000,0.000,0.095,0.000,0.075,0.005,1,1,1,1,0,1,1,0,0,0,1,0,0.860,104.525,0.000,26,0,0.000,0,0,0,0.000,0.000,0.000,0.000,0.000,0.000,0.000,2.308,10.019,0,0,0,0,0,0,0,0,0.000,0.000,0.000,0.000,0.000,0.000,0,0.392,17.869,992,1000,4803,38.264,210.640,15.280,210.640,50077.331,1363,1,H.264,126.937,0,0,209.527,210.485,0.999,152.287,125.820,arrival-gap-jitter-spike,203.921,0,1,1,1,1,50281.252,361.897,371.604,372.295,372.295,0,0,13,0,0,10,0,,,158.974,163.746,1246,1,H.264,0,0,0,0,0,0,0,0,0,0,,103.750,0.000,106.560,0.000,0.000,0.000,130.730,stale-before-decode,0.000,1369,0.000,112.755,5.795,0.085,0.387,0.108,0.000,0.279,1,0,0,1,3,0.063,17.866,17.869,18.739,17.831,1.000,RecoveryDeadline,1,1,0,0.000,1,2,2,1,0.060,0.000,0.060,0,100,0,39800,37355,2407,0,2234
51.285,Custom_loss6_delay0-100_dup0_reorder6_burst0,Loopback,1,1,0,,,0.000,0,21,1397,18.702,17.008,17.119,111.863,102.606,42.469,61.931,164.142,0.063,0.251,38080,2578,35815,33237,5115,3078,362,1486,1268,218,189,0,33241,1036,348,0,0,0,0,5.000,0,0,0,0,0,0,0,0,0,0,0,0,0,0,0,0.000,0.000,0.000,,1017,1017,4899,0,1,216.341,216.341,217.613,217.613,0.000,0.000,1009,1003,19740,1254,330,0,3501,5538,1399,1,nack-sent,pending,H.264,0,1,24,10,14,3,1,1,0,14,0,0,40623,18,0,0,0,0,0,49.322,306,362,218,209,218,0,67.730,20.648,88.178,1,0,887,49,936,0,284,48,0.458,0.542,0.948,1.000,0.145,39.000,0.500,0.500,0.000,stable,1648,14598,0,0,1029,13607,3501,35150,618,984,1,7,35140,predicted-useful,fec-grace,5767,0.583,365,936,0,1,0,0,0,24,24,24,24,359,5710,359,5710,0,0,0,pacing,1,0.820,4.985,112.985,0,0,24,24,0,0,0,0,5735,4279,201,0,1,9500000,1200000,0,0,0,40614,40614,49841065,2387,2942332,1256,1557774,0,0,0,0,0,7.055,35.700,1551.000,356.850,2084,73859,38068,17259,35791,18532,0.312,27.985,0.000,2084,5111191,8200963,2.411,28.418,0.466,19.699,73859,3501,1019,35150,951,2541,9,329,329,609,59,105,1,23,36,0,0,0,269,1,1,0,4,6802,5538,5538,0,0,0,0,0,,disabled,,0,0,0,0,,1,Fixed Quality,Hybrid,85,30,9500,12000,640,360,H.264,480,270,518400,28178,518400,28178,0.054,0.000,,0,0,0.000,2.319,0.000,0.000,0.075,7250,6750,6750,25,25,0,1,9500,1.000,0,12.536,0.000,0,0,4.000,0.801,9378,7512,0,0,0.327,0.621,0.052,1,0,0,disabled,24,1,1,191,417,191,177,49,323,323,1,4,keyframe-g4-priority,0,,0,0,17.937,23.729,0,,0.000,0.000,0.000,0.000,0,0,0,,51,0,0,5.808,0,1400,0.075,0.000,0.000,0.074,0.000,0.049,0.009,1,1,1,1,0,1,1,0,0,0,1,0,0.860,100.663,0.000,26,0,0.000,0,0,0,0.000,0.000,0.000,0.000,0.000,0.000,0.000,2.204,10.547,0,0,0,0,0,0,0,0,0.000,0.000,0.000,0.000,0.000,0.000,0,0.372,17.008,1009,1017,4899,217.490,217.490,15.280,217.490,51272.208,1397,1,H.264,113.038,0,0,216.341,217.613,1.001,164.142,111.863,arrival-gap-jitter-spike,12.621,0,1,1,1,1,51284.829,361.897,371.604,372.295,372.295,0,0,13,0,0,10,0,,,158.974,163.746,1246,1,H.264,0,0,0,0,0,0,0,0,0,0,,110.530,0.000,113.267,0.000,0.000,0.000,140.931,stale-before-decode,0.001,1397,0.000,118.205,4.550,0.077,0.642,0.408,0.000,0.234,1,0,0,1,3,0.063,18.702,17.008,164.142,17.119,2.000,RecoveryDeadline,1,1,0,0.000,2,1,1,1,0.060,0.000,0.060,0,100,0,40665,38153,2461,0,2300
52.290,Custom_loss6_delay0-100_dup0_reorder6_burst0,Loopback,1,1,0,,,0.000,0,21,1425,18.400,18.402,18.420,93.763,102.532,83.292,62.358,37.506,0.063,0.252,38909,2601,36563,33962,5232,3146,374,1519,1299,220,193,0,33966,1056,356,0,0,0,0,5.000,0,0,0,0,0,0,0,0,0,0,0,0,0,0,0,0.000,0.000,0.000,,1037,1037,4993,0,1,15.843,216.341,16.841,217.613,0.000,0.000,1029,1023,20160,1276,338,0,3571,5655,1426,1,fec-recovered,pending,H.264,0,1,24,21,3,5,4,2,6,17,0,0,41446,7,0,0,0,0,0,85.563,313,374,220,211,220,0,67.891,20.556,88.178,1,0,908,52,960,0,291,48,0.456,0.544,0.946,1.000,0.142,45.000,0.333,0.667,0.000,duplicate-guard,1686,14869,0,0,1049,13846,3571,35816,636,1016,1,7,35805,predicted-useful,fec-grace,5882,0.208,375,960,0,1,0,0,0,24,24,24,24,369,5879,369,5879,0,0,0,pacing,1,0.812,10.752,118.752,0,0,24,24,0,0,0,0,5904,4360,205,0,1,9500000,1200000,0,0,0,41478,41478,50899799,2441,3008934,1283,1591410,0,0,0,0,0,8.391,35.700,2731.375,519.300,2130,75460,38905,17664,36555,18891,0.312,34.116,0.010,2130,5122066,8680515,0.598,30.899,0.430,17.774,75460,3571,1039,35816,975,2587,9,337,337,623,60,107,2,23,37,0,0,0,276,1,1,0,4,6948,5655,5655,0,0,0,0,0,,disabled,,0,0,0,0,,1,Fixed Quality,Hybrid,85,30,9500,12000,640,360,H.264,480,270,518400,28178,518400,28178,0.054,0.000,,0,0,0.000,2.264,0.000,0.000,0.081,7250,6750,6750,25,25,0,1,9500,1.000,0,13.599,0.000,0,0,4.000,0.801,9378,7512,0,0,0.326,0.620,0.054,1,0,0,disabled,24,1,1,195,425,195,181,49,331,331,1,4,keyframe-g4-priority,0,,0,0,17.303,23.729,0,,0.000,0.000,0.000,0.000,0,0,0,,52,0,0,11.344,0,1428,0.081,0.000,0.000,0.080,0.000,0.055,0.010,1,1,1,1,0,1,1,0,0,0,1,0,0.860,68.328,0.000,26,0,0.000,0,0,0,0.000,0.000,0.000,0.000,0.000,0.000,0.000,2.147,16.079,0,0,0,0,0,0,0,0,0.000,0.000,0.000,0.000,0.000,0.000,0,0.390,18.402,1029,1037,4993,16.763,217.490,15.280,217.490,51272.208,1397,1,H.264,113.038,0,0,216.341,217.613,1.001,164.142,111.863,arrival-gap-jitter-spike,1017.532,0,1,1,1,1,52289.740,361.897,371.604,372.295,372.295,0,0,13,0,0,10,0,,,158.974,163.746,1246,1,H.264,0,0,0,0,0,0,0,0,0,0,,101.442,0.000,104.398,0.000,0.000,0.000,131.882,stale-before-decode,0.000,1425,0.000,108.800,4.000,0.082,0.361,0.011,0.000,0.350,1,0,0,1,3,0.063,18.400,18.402,37.506,18.420,1.000,RecoveryDeadline,1,1,0,0.000,3,3,3,1,0.060,0.000,0.060,0,100,0,41530,38982,2503,0,2346
53.291,Custom_loss6_delay0-100_dup0_reorder6_burst0,Loopback,1,1,0,,,0.000,0,21,1452,25.952,21.962,21.966,97.887,102.631,37.478,61.870,4.282,0.062,0.251,39714,2643,37307,34664,5338,3204,386,1550,1323,227,198,0,34668,1079,362,0,0,0,0,5.000,0,0,0,0,0,0,0,0,0,0,0,0,0,0,0,0.000,0.000,0.000,,1058,1058,5086,0,1,33.257,216.341,34.250,217.613,0.000,0.000,1050,1044,20563,1306,342,0,3638,5763,1453,1,nack-deferred-likely-arrival,pending,H.264,0,1,24,23,1,5,4,2,8,17,0,0,42300,23,0,0,0,0,0,104.080,321,386,227,218,227,0,68.390,20.256,88.178,1,0,935,51,986,0,301,48,0.454,0.546,0.948,1.000,0.138,45.000,0.400,0.600,0.000,duplicate-guard,1721,15112,0,0,1067,14064,3638,36485,653,1041,1,7,36474,deferred-likely-arrival,likely-arrival,5997,0.042,385,986,0,1,0,0,0,24,24,24,24,379,6046,379,6046,0,0,0,pacing,1,0.812,10.658,118.658,0,0,24,24,0,0,0,0,6071,4440,209,0,1,9500000,1200000,22,22,0,42344,42321,51932981,2475,3051230,1289,1598874,0,0,0,0,0,0.459,35.700,17740.188,1128.750,2174,76996,39690,18006,37306,19300,0.312,21.250,0.000,2174,5828988,9400404,0.736,15.556,0.504,13.002,76996,3638,1062,36485,1002,2627,9,341,341,629,60,107,2,23,37,0,0,0,280,1,1,0,4,7087,5763,5763,0,0,0,0,0,,disabled,,0,0,0,0,,1,Fixed Quality,Hybrid,85,30,9500,12000,640,360,H.264,480,270,518400,28178,518400,28178,0.054,0.000,,0,0,0.000,2.170,0.000,0.000,0.290,7250,6750,6750,25,25,0,1,9500,1.000,0,16.337,0.000,0,0,4.000,0.500,7464,3732,0,0,0.326,0.623,0.052,1,0,0,disabled,24,1,1,199,435,199,185,51,340,340,1,5,keyframe-g4-priority,0,,0,0,18.080,23.729,0,,0.000,0.000,0.000,0.000,0,0,0,,53,0,0,7.118,0,1456,0.290,0.000,0.000,0.289,0.000,0.136,0.029,1,1,1,1,0,1,1,0,0,0,1,0,0.860,102.980,0.000,26,0,0.000,0,0,0,0.000,0.000,0.000,0.000,0.000,0.000,0.000,1.846,10.905,0,0,0,0,0,0,0,0,0.000,0.000,0.000,0.000,0.000,0.000,0,0.377,21.962,1050,1058,5086,34.333,217.490,15.280,217.490,51272.208,1397,1,H.264,113.038,0,0,216.341,217.613,1.001,164.142,111.863,arrival-gap-jitter-spike,2019.140,0,1,1,1,1,53291.348,361.897,371.604,372.295,372.295,0,0,13,0,0,10,0,,,158.974,163.746,1246,1,H.264,0,0,0,0,0,0,0,0,0,0,,102.118,0.000,104.966,0.000,0.000,0.000,128.944,stale-before-decode,0.001,1452,0.000,110.055,4.694,0.075,0.823,0.591,0.000,0.232,1,0,0,1,3,0.062,25.952,21.962,4.282,21.966,1.000,Loss,0,1,0,0.000,1,2,2,1,0.060,0.000,0.060,0,100,0,42375,39788,2555,0,2394
54.291,Custom_loss6_delay0-100_dup0_reorder6_burst0,Loopback,1,1,0,,,0.000,0,21,1480,23.019,21.100,19.747,102.198,102.551,34.893,61.351,1.221,0.063,0.250,40397,2700,37959,35259,5428,3249,397,1583,1352,231,199,0,35263,1102,368,0,0,0,0,5.000,0,0,0,0,0,0,0,0,0,0,0,0,0,0,0,0.000,0.000,0.000,,1080,1080,5182,0,1,41.285,216.341,42.221,217.613,0.000,0.000,1072,1064,20935,1333,347,0,3700,5871,1481,1,nack-sent,pending,H.264,0,1,22,16,6,1,1,1,0,6,0,0,43056,2,0,0,0,0,0,53.051,325,397,231,222,231,0,68.297,20.224,88.178,1,0,954,54,1008,0,306,48,0.450,0.550,0.946,1.000,0.136,45.000,0.286,0.714,0.000,duplicate-guard,1748,15342,0,0,1086,14281,3700,37052,661,1054,1,7,37041,predicted-useful,fec-grace,6105,0.000,393,1008,0,1,0,0,0,25,25,25,25,387,6166,387,6166,0,0,0,pacing,1,0.806,9.988,117.988,0,0,25,25,0,0,0,0,6192,4514,213,1,1,9500000,1200000,0,0,0,43056,43056,52837520,2519,3105392,1309,1623802,0,0,0,0,0,13.093,35.700,5455.438,4800.000,2213,78351,40392,18328,37959,19631,0.312,29.688,0.086,2213,4213175,6892512,1.106,11.928,0.463,11.540,78351,3700,1084,37052,1023,2667,10,346,346,638,62,111,2,23,39,0,0,0,283,1,1,0,4,7215,5871,5871,0,0,0,0,0,,disabled,,0,0,0,0,,1,Fixed Quality,Hybrid,85,30,9500,12000,640,360,H.264,480,270,518400,0,518400,26094,0.050,0.000,,0,0,0.000,5.011,0.000,4.292,0.630,6000,6250,6250,26,26,0,1,9500,0.820,1,13.093,0.000,0,0,0.000,0.000,0,0,0,0,0.322,0.624,0.054,1,0,0,latency-pressure-freshness-hold,0,0,0,202,440,202,187,51,346,346,0,5,async-output-pending,0,,0,0,0.000,0.000,0,,7.066,6450.312,45673.077,0.000,0,0,0,,53,0,0,0.000,1,0,0.620,0.171,0.448,0.000,0.000,0.000,0.000,0,0,1,1,1,0,0,1,1,0,1,0,0.860,158.456,0.000,26,0,0.000,0,0,0,0.000,0.000,0.000,0.000,0.000,0.000,0.000,0.000,9.505,0,0,0,0,0,0,0,0,0.000,0.000,0.000,0.000,0.000,0.000,0,0.336,21.100,1072,1080,5182,42.155,217.490,15.280,217.490,51272.208,1397,1,H.264,113.038,0,0,216.341,217.613,1.001,164.142,111.863,arrival-gap-jitter-spike,3019.191,0,1,1,1,1,54291.399,361.897,371.604,372.295,372.295,0,0,14,0,0,11,1,latency-pressure freshness,latency-over-80ms,147.915,163.746,1456,1,decoded,0,0,0,0,0,0,0,0,0,0,,97.820,0.000,100.390,4.541,0.000,110.512,131.099,stale-before-upload,0.000,1479,0.000,104.001,4.714,0.077,0.734,0.471,0.000,0.263,1,0,0,1,3,0.063,23.019,21.100,1.221,19.747,1.000,RecoveryDeadline,0,1,0,1.000,1,1,1,1,0.060,0.000,0.060,0,100,0,43110,40472,2600,0,2427
55.295,Custom_loss6_delay0-100_dup0_reorder6_burst0,Loopback,1,1,0,,,0.000,0,21,1504,19.809,19.823,19.624,101.445,102.528,59.322,61.313,31.145,0.063,0.248,41039,2764,38582,35818,5513,3301,402,1609,1373,236,201,0,35822,1122,371,0,0,0,0,5.000,0,0,0,0,0,0,0,0,0,0,0,0,0,0,0,0.000,0.000,0.000,,1100,1100,5278,0,1,18.276,216.341,19.338,217.613,0.000,0.000,1092,1085,21276,1358,350,0,3752,5967,1506,1,nack-sent,pending,H.264,0,1,23,16,7,2,1,2,7,21,0,0,43744,16,0,0,0,0,0,77.999,331,402,236,227,236,0,68.467,20.034,88.178,1,0,970,58,1028,0,317,48,0.452,0.548,0.944,1.000,0.132,45.000,0.444,0.556,0.000,duplicate-guard,1781,15574,0,0,1104,14491,3752,37519,676,1076,1,7,37507,predicted-useful,fec-grace,6197,0.087,401,1028,0,1,0,0,0,26,26,26,26,395,6289,395,6289,0,0,0,pacing,1,0.806,12.239,120.239,0,0,26,26,0,0,0,0,6316,4578,216,0,1,9500000,1200000,0,0,0,43760,43760,53705488,2567,3164848,1333,1653698,0,0,0,0,0,16.930,39.094,6514.375,4800.000,2249,79599,41023,18633,38576,19943,0.312,24.852,2.221,2249,5255803,8209700,1.994,14.428,0.518,15.158,79599,3752,1104,37519,1041,2701,10,349,349,643,62,111,2,23,39,0,0,0,286,1,1,0,4,7336,5967,5967,0,0,0,0,0,,disabled,,0,0,0,0,,1,Fixed Quality,Hybrid,85,30,9500,12000,640,360,H.264,480,270,518400,27138,518400,27138,0.052,0.000,,0,0,0.000,1.954,0.000,0.000,0.096,7250,6500,6500,27,27,0,1,9500,1.000,0,26.512,0.000,0,0,0.000,0.000,0,0,0,0,0.322,0.622,0.056,1,0,0,disabled,23,0,0,206,450,206,191,53,352,352,0,5,large-au-observed,0,,0,0,31.907,22.853,0,,0.000,0.000,0.000,0.000,0,0,0,,54,0,0,10.203,0,1508,0.096,0.000,0.000,0.095,0.000,0.065,0.011,1,1,1,1,0,1,1,0,0,0,1,0,0.860,179.995,0.000,26,0,0.000,0,0,0,0.000,0.000,0.000,0.000,0.000,0.000,0.000,1.848,19.305,0,0,0,0,0,0,0,0,0.000,0.000,0.000,0.000,0.000,0.000,0,0.452,19.823,1092,1100,5278,19.343,217.490,15.280,217.490,51272.208,1397,1,H.264,113.038,0,0,216.341,217.613,1.001,164.142,111.863,arrival-gap-jitter-spike,4022.815,0,1,1,1,1,55295.023,361.897,371.604,372.295,372.295,0,0,14,0,0,11,0,,,147.915,163.746,1456,1,decoded,0,0,0,0,0,0,0,0,0,0,,97.882,0.000,100.614,0.000,0.000,0.000,130.722,stale-before-upload,0.001,1504,0.000,105.791,4.700,0.087,0.296,0.001,0.000,0.295,1,0,0,1,3,0.063,19.809,19.823,31.145,19.624,2.000,RecoveryDeadline,0,1,0,0.000,2,2,2,1,0.060,0.000,0.060,0,100,0,43815,41115,2646,0,2465
56.298,Custom_loss6_delay0-100_dup0_reorder6_burst0,Loopback,1,1,0,,,0.000,0,21,1531,19.725,19.729,19.458,90.943,102.482,87.473,61.797,24.853,0.063,0.249,41825,2791,39296,36505,5629,3370,412,1641,1403,238,206,0,36509,1142,378,0,0,0,0,5.000,0,0,0,0,0,0,0,0,0,0,0,0,0,0,0,0.000,0.000,0.000,,1120,1120,5376,0,1,24.801,216.341,25.844,217.613,0.000,0.000,1112,1105,21677,1380,357,0,3817,6087,1532,1,expired-no-slack,expired,H.264,0,1,24,22,2,6,3,3,12,27,0,0,44528,20,0,0,0,0,0,131.702,335,412,238,229,238,0,68.518,20.040,88.178,1,0,986,59,1045,0,321,48,0.448,0.552,0.944,1.000,0.130,45.000,0.000,1.000,0.000,duplicate-guard,1815,15876,0,0,1125,14772,3817,38144,689,1097,1,7,38132,predicted-useful,fec-grace,6306,0.542,408,1045,0,1,0,0,0,27,27,27,27,402,6400,402,6400,0,0,0,pacing,1,0.788,13.361,121.361,0,0,27,27,0,0,0,0,6428,4659,220,0,1,9500000,1200000,0,0,0,44572,44572,54702746,2613,3221656,1358,1684830,0,0,0,0,0,19.068,39.094,1913.062,4800.000,2293,81118,41823,19010,39295,20285,0.312,23.937,0.723,2293,5649463,9678037,0.702,17.173,0.451,15.583,81118,3817,1124,38144,1059,2748,10,356,356,653,63,112,1,24,39,0,0,0,292,1,1,0,4,7475,6087,6087,0,0,0,0,0,,disabled,,0,0,0,0,,1,Fixed Quality,Hybrid,85,30,9500,12000,640,360,H.264,480,270,518400,0,518400,28178,0.054,0.000,,0,0,0.000,4.946,0.000,4.202,0.676,7250,6750,6750,28,28,0,1,9500,1.000,0,19.068,0.000,0,0,0.000,0.000,0,0,0,0,0.321,0.623,0.056,1,0,0,disabled,0,0,0,210,458,210,195,53,358,358,0,5,async-output-pending,0,,0,0,0.000,0.000,0,,19.068,1913.062,39583.333,0.000,0,0,0,,55,0,0,0.000,1,0,0.649,0.171,0.477,0.000,0.000,0.000,0.000,0,0,1,1,1,0,0,1,1,0,0,0,1.000,0.000,0.000,30,0,0.000,0,0,0,0.000,0.000,0.000,0.000,0.000,0.000,0.000,0.000,31.512,0,0,0,0,0,0,0,0,0.000,0.000,0.000,0.000,0.000,0.000,0,0.357,19.729,1112,1120,5377,25.903,217.490,15.280,217.490,51272.208,1397,1,H.264,113.038,0,0,216.341,217.613,1.001,164.142,111.863,arrival-gap-jitter-spike,5025.807,0,1,1,1,1,56298.015,361.897,371.604,372.295,372.295,0,0,14,0,0,11,0,,,147.915,163.746,1456,1,decoded,0,0,0,0,0,0,0,0,0,0,,100.374,0.000,103.059,0.000,0.000,0.000,125.471,stale-before-upload,0.000,1531,0.000,107.623,4.198,0.072,0.818,0.585,0.000,0.233,1,0,0,1,3,0.063,19.725,19.729,24.853,19.458,2.000,RecoveryDeadline,0,1,0,0.500,2,1,1,1,0.060,0.000,0.060,0,100,0,44628,41907,2683,0,2520
57.298,Custom_loss6_delay0-100_dup0_reorder6_burst0,Loopback,1,1,0,,,0.000,0,21,1562,26.868,26.866,24.964,85.040,102.394,168.371,63.735,10.000,0.062,0.246,42607,2829,40021,37192,5729,3426,414,1679,1438,241,210,0,37196,1170,381,0,0,0,0,5.000,0,0,0,0,0,0,0,0,0,0,0,0,0,0,0,0.000,0.000,0.000,,1147,1147,5468,0,1,26.840,216.341,27.219,217.613,0.000,0.000,1139,1130,22063,1411,359,0,3881,6203,1563,1,nack-suppressed-fec-grace,pending,H.264,0,1,22,10,12,3,2,0,0,0,0,0,45398,2,0,0,0,0,0,48.315,339,414,241,232,241,0,68.348,20.027,88.178,1,0,995,60,1055,0,327,48,0.450,0.550,0.943,1.000,0.128,45.000,0.400,0.600,0.000,duplicate-guard,1849,16159,0,0,1146,15033,3881,38714,702,1119,1,7,38702,predicted-useful,fec-grace,6425,0.000,412,1055,0,1,0,0,0,27,27,27,27,406,6471,406,6471,0,0,0,pacing,1,0.847,11.711,119.711,0,0,27,27,0,0,0,0,6499,4738,224,0,1,9500000,1200000,2,0,2,45395,45393,55708900,2653,3270840,1382,1714726,0,0,0,0,0,7.377,39.094,708.562,4800.000,2335,82597,42589,19318,40008,20690,0.312,16.559,4.574,2335,4353808,8023195,2.230,29.918,0.506,12.425,82597,3881,1151,38714,1080,2791,10,358,358,658,63,112,1,24,39,0,0,0,294,1,1,0,4,7608,6203,6203,0,0,0,0,0,,disabled,,0,0,0,0,,1,Fixed Quality,Hybrid,85,30,9500,12000,640,360,H.264,480,270,518400,26094,518400,26094,0.050,0.000,,0,0,0.000,1.777,0.000,0.000,0.069,6250,6250,6250,29,29,0,1,9500,0.880,1,7.377,0.000,0,0,0.000,0.000,0,0,0,0,0.321,0.622,0.057,1,0,0,latency-pressure-freshness-hold,22,0,0,214,470,214,201,55,365,365,0,5,large-au-observed,0,,0,0,9.283,21.974,0,,0.000,0.000,0.000,0.000,0,0,0,,56,0,0,3.521,0,1564,0.069,0.000,0.000,0.069,0.000,0.046,0.008,1,1,1,1,0,1,1,0,0,0,0,0,1.000,0.000,0.000,27,0,0.000,0,0,0,0.000,0.000,0.000,0.000,0.000,0.000,0.000,1.701,7.777,0,0,0,0,0,0,0,0,0.000,0.000,0.000,0.000,0.000,0.000,0,0.389,26.866,1139,1147,5468,28.022,217.490,15.280,217.490,51272.208,1397,1,H.264,113.038,0,0,216.341,217.613,1.001,164.142,111.863,arrival-gap-jitter-spike,6025.943,0,1,1,1,1,57298.151,361.897,371.604,372.295,372.295,0,0,15,0,0,12,1,latency-pressure freshness,latency-over-80ms,128.407,163.746,1555,1,decoded,0,0,0,0,0,0,0,0,0,0,,91.575,0.000,93.685,4.145,0.000,93.519,122.520,stale-before-upload,0.000,1561,0.000,99.216,5.027,0.081,0.903,0.583,0.000,0.320,1,0,0,1,3,0.062,26.868,26.866,10.000,24.964,1.000,RTT,0,1,0,2.000,1,2,2,1,0.060,0.000,0.060,0,100,0,45450,42688,2720,0,2564
58.298,Custom_loss6_delay0-100_dup0_reorder6_burst0,Loopback,1,1,0,,,0.000,0,21,1587,19.457,17.503,17.696,109.851,102.326,14.565,62.857,49.506,0.063,0.247,43295,2898,40677,37779,5823,3480,415,1715,1471,244,213,0,37783,1188,389,0,0,0,0,5.000,0,0,0,0,0,0,0,0,0,0,0,0,0,0,0,0.000,0.000,0.000,,1164,1164,5564,0,1,99.901,216.341,100.902,217.613,0.000,0.000,1156,1148,22440,1432,366,0,3939,6315,1590,1,fec-parity,pending,H.264,0,1,23,4,19,1,0,0,0,0,0,0,46171,6,0,0,0,0,0,9.891,342,415,244,235,244,0,68.276,20.091,88.178,1,0,1002,61,1063,0,332,49,0.452,0.548,0.943,1.000,0.129,43.000,0.000,1.000,0.000,stable,1887,16399,0,0,1166,15245,3939,39164,720,1147,1,7,39151,predicted-useful,likely-arrival,6525,0.304,416,1063,0,1,0,0,0,28,28,28,28,410,6539,410,6539,0,0,0,pacing,1,0.874,11.325,119.325,0,0,28,28,0,0,0,0,6568,4812,228,0,1,9500000,1200000,0,0,0,46136,46136,56626000,2689,3315366,1406,1744630,0,0,0,0,0,14.631,39.094,5868.062,4800.000,2373,83944,43285,19605,40659,21054,0.312,13.028,1.144,2373,4248351,6990940,1.835,-6.827,0.495,18.997,83944,3939,1168,39164,1095,2834,10,365,365,668,64,115,3,24,40,0,0,0,300,1,1,0,4,7745,6315,6315,0,0,0,0,0,,disabled,,0,0,0,0,,1,Fixed Quality,Hybrid,85,30,9500,12000,640,360,H.264,480,270,518400,27136,518400,27136,0.052,0.000,,0,0,0.000,2.126,0.000,0.000,0.096,7250,6500,6500,30,30,0,1,9500,1.000,0,14.631,0.000,0,0,0.000,0.000,0,0,0,0,0.322,0.621,0.057,1,0,0,disabled,23,0,0,218,476,218,203,55,370,370,0,5,large-au-observed,0,,0,0,13.555,22.851,0,,0.000,0.000,0.000,0.000,0,0,0,,57,0,0,6.354,0,1590,0.095,0.000,0.000,0.095,0.000,0.066,0.009,1,1,1,1,0,1,1,0,0,0,0,0,1.000,0.000,0.000,30,0,0.000,0,0,0,0.000,0.000,0.000,0.000,0.000,0.000,0.000,2.019,10.257,0,0,0,0,0,0,0,0,0.000,0.000,0.000,0.000,0.000,0.000,0,0.408,17.503,1156,1164,5564,100.915,217.490,15.280,217.490,51272.208,1397,1,H.264,113.038,0,0,216.341,217.613,1.001,164.142,111.863,arrival-gap-jitter-spike,7026.189,0,1,1,1,1,58298.397,361.897,371.604,372.295,372.295,0,0,15,0,0,12,0,,,128.407,163.746,1555,1,decoded,0,0,0,0,0,0,0,0,0,0,,100.094,0.000,102.775,0.000,0.000,0.000,139.925,stale-before-upload,0.001,1587,0.000,106.502,3.324,0.084,0.718,0.487,0.000,0.231,1,0,0,1,3,0.063,19.457,17.503,49.506,17.696,1.000,RecoveryDeadline,0,1,0,1.000,1,1,1,1,0.060,0.000,0.060,0,100,0,46194,43374,2770,0,2606
59.299,Custom_loss6_delay0-100_dup0_reorder6_burst0,Loopback,1,1,0,,,0.000,0,21,1616,25.846,23.983,24.007,108.498,102.373,27.833,62.243,11.496,0.062,0.245,44070,2925,41384,38459,5925,3538,420,1753,1507,246,214,0,38463,1213,394,0,0,0,0,5.000,0,0,0,0,0,0,0,0,0,0,0,0,0,0,0,0.000,0.000,0.000,,1187,1187,5653,0,1,25.962,216.341,27.194,217.613,0.000,0.000,1179,1170,22849,1459,369,0,4008,6437,1617,1,fec-recovered,pending,H.264,0,1,24,18,6,4,2,1,5,12,0,0,46940,0,0,0,0,0,0,70.384,351,420,246,237,246,0,68.326,20.035,88.178,1,0,1018,63,1081,0,338,49,0.455,0.545,0.942,1.000,0.127,45.000,0.375,0.625,0.000,duplicate-guard,1921,16703,0,0,1188,15526,4008,39806,732,1170,1,7,39792,predicted-useful,fec-grace,6642,0.000,424,1081,0,1,0,0,0,29,29,29,29,418,6659,418,6659,0,0,0,pacing,1,0.789,10.784,118.784,0,0,29,29,0,0,0,0,6689,4895,232,0,1,9500000,1200000,0,0,0,46941,46941,57615820,2736,3373418,1429,1773274,0,0,0,0,0,12.965,39.094,2980.625,4800.000,2416,85425,44057,19988,41368,21380,0.312,26.508,0.065,2416,4987978,8065042,0.785,13.268,0.418,15.074,85425,4008,1193,39806,1113,2885,10,368,368,674,64,115,3,24,40,0,0,0,303,1,1,0,4,7885,6437,6437,0,0,0,0,0,,disabled,,0,0,0,0,,1,Fixed Quality,Hybrid,85,30,9500,12000,640,360,H.264,480,270,518400,0,518400,28178,0.054,0.000,,0,0,0.000,5.085,0.000,4.330,0.731,7250,6750,6750,31,31,0,1,9500,1.000,0,12.965,0.000,0,0,0.000,0.000,0,0,0,0,0.325,0.617,0.058,1,0,0,disabled,0,0,0,222,484,222,207,55,376,376,0,5,async-output-pending,0,,0,0,0.000,0.000,0,,12.965,2980.625,45673.077,0.000,0,0,0,,58,0,0,0.000,1,0,0.720,0.148,0.571,0.000,0.000,0.000,0.000,0,0,1,1,1,0,0,1,1,0,1,0,0.860,60.814,0.000,26,0,0.000,0,0,0,0.000,0.000,0.000,0.000,0.000,0.000,0.000,0.000,9.573,0,0,0,0,0,0,0,0,0.000,0.000,0.000,0.000,0.000,0.000,0,0.427,23.983,1179,1187,5653,27.026,217.490,15.280,217.490,51272.208,1397,1,H.264,113.038,0,0,216.341,217.613,1.001,164.142,111.863,arrival-gap-jitter-spike,8026.460,0,1,1,1,1,59298.668,361.897,371.604,372.295,372.295,0,0,15,0,0,12,0,,,128.407,163.746,1555,1,decoded,0,0,0,0,0,0,0,0,0,0,,103.816,0.000,106.536,5.351,0.000,117.916,134.249,stale-before-upload,0.000,1615,0.000,111.069,5.496,0.074,0.964,0.666,0.000,0.298,1,0,0,1,3,0.062,25.846,23.983,11.496,24.007,1.000,Loss,0,1,0,0.500,2,1,1,1,0.060,0.000,0.060,0,100,0,47000,44150,2817,0,2646
60.304,Custom_loss6_delay0-100_dup0_reorder6_burst0,Loopback,1,1,0,,,0.000,0,21,1643,24.660,24.677,24.627,106.671,102.394,2.124,61.206,12.969,0.062,0.242,44850,2976,42111,39135,6033,3594,424,1801,1546,255,214,0,39139,1237,396,0,0,0,0,5.000,0,0,0,0,0,0,0,0,0,0,0,0,0,0,0,0.000,0.000,0.000,,1211,1211,5742,0,1,26.450,216.341,27.583,217.613,0.000,0.000,1203,1195,23238,1492,371,0,4073,6548,1644,1,fec-recovered,pending,H.264,0,1,24,19,5,5,3,3,11,37,0,0,47746,6,0,0,0,0,0,95.258,358,424,255,246,255,0,68.171,20.144,88.178,1,0,1038,62,1100,0,345,50,0.458,0.542,0.944,1.000,0.127,39.000,0.333,0.667,0.500,retransmit-late,1957,16977,0,0,1208,15777,4073,40497,748,1193,1,7,40482,predicted-useful,fec-grace,6755,0.583,431,1100,0,1,0,0,0,29,29,29,29,425,6775,425,6775,0,0,0,pacing,1,0.806,10.330,118.330,0,0,29,29,0,0,0,0,6805,4975,236,0,1,9500000,1200000,2,0,2,47772,47770,58631586,2785,3433800,1454,1804422,0,0,0,0,0,19.776,39.094,7402.875,4800.000,2457,86939,44829,20400,42110,21710,0.313,5.182,2.049,2457,5575827,8817210,1.479,5.473,0.503,9.139,86939,4073,1217,40497,1134,2929,10,370,370,677,64,115,3,24,40,0,0,0,305,1,1,0,4,8016,6548,6548,0,0,0,0,0,,disabled,,0,0,0,0,,1,Fixed Quality,Hybrid,85,30,9500,12000,640,360,H.264,480,270,518400,28178,518400,28178,0.054,0.000,,0,0,0.000,2.018,0.000,0.000,0.113,7250,6750,6750,31,31,0,1,9500,1.000,0,19.776,0.000,0,0,0.000,0.000,0,0,0,0,0.325,0.618,0.056,1,0,0,disabled,24,0,0,226,496,226,212,58,383,383,0,5,large-au-observed,0,,0,0,19.776,23.729,0,,0.000,0.000,0.000,0.000,0,0,0,,59,0,0,12.494,0,1647,0.113,0.000,0.000,0.112,0.000,0.079,0.012,1,1,1,1,0,1,1,0,0,0,0,0,1.000,0.000,0.000,30,0,0.000,0,0,0,0.000,0.000,0.000,0.000,0.000,0.000,0.000,1.895,16.410,0,0,0,0,0,0,0,0,0.000,0.000,0.000,0.000,0.000,0.000,0,0.391,24.677,1203,1211,5742,27.458,217.490,15.280,217.490,51272.208,1397,1,H.264,113.038,0,0,216.341,217.613,1.001,164.142,111.863,arrival-gap-jitter-spike,9032.350,0,1,1,1,1,60304.558,361.897,371.604,372.295,372.295,0,0,15,0,0,12,0,,,128.407,163.746,1555,1,decoded,0,0,0,0,0,0,0,0,0,0,,109.545,0.000,112.349,0.000,0.000,0.000,133.335,stale-before-upload,0.001,1643,0.000,118.353,5.600,0.074,0.874,0.626,0.000,0.248,1,0,0,1,3,0.062,24.660,24.677,12.969,24.627,1.000,RecoveryDeadline,0,1,0,1.000,2,2,2,1,0.060,0.000,0.060,0,100,0,47830,44931,2865,0,2691
